"bundle_row_id","package","package_order","signoff_row_id","target_path","pk_column","pk_value","source_path","source_sha256","source_bytes","source_review_status","authorized_review_status","semantic_status_column","semantic_status_before","semantic_status_after","signed_source_line_sha256","canonical_source_row_sha256","canonical_authorized_row_sha256","formal_premerge_sha256","formal_premerge_bytes"
"BUNDLE-MI455X-MI455X-SIGN-0001","MI455X","1","MI455X-SIGN-0001","数据/card-completeness.csv","card_completeness_id","COMPLETE-M2W3-AMD-MI455X-IDENTITY","审计/子代理交接/m2_staging/M2-W3-AMD-MI455X-MODULE/structured/card-completeness.csv","cc683484036e9aa42321b5ce09166da03c36cb9c8b52495c075ad2b7fa376523","2876","draft","reviewed","","","","ed1bc902263e368fe27c8eab851e1c3d119bb380ab6ef5d721cdfdf1e98e3d3d","bc0094dc5aca9658652be249cba51d65323406bb213a75d72acbc34cf69d6ee4","369651b00e0784f13433ba6bd12c2ceda94231790e43804a695c5ea66f2f6125","a046bf3d9c7c88d1204a2f12e24c1ea654aa9ddd85115b2089c50f2de21c738b","74967"
"BUNDLE-MI455X-MI455X-SIGN-0002","MI455X","1","MI455X-SIGN-0002","数据/card-completeness.csv","card_completeness_id","COMPLETE-M2W3-AMD-MI455X-PHYSICAL","审计/子代理交接/m2_staging/M2-W3-AMD-MI455X-MODULE/structured/card-completeness.csv","cc683484036e9aa42321b5ce09166da03c36cb9c8b52495c075ad2b7fa376523","2876","draft","reviewed","","","","81f75e8c83ad263319bb46e3e6c985bb3f9fb767aabbd4416252e12607d69b1e","16d9a3424d14677cfe0f1a88735c21b704bcb7400751a969b47747b05bdbe81f","ad992c41f0a535e043d9a4ce235ffcf8b2915175213bc16b6e7bf4928c17443f","a046bf3d9c7c88d1204a2f12e24c1ea654aa9ddd85115b2089c50f2de21c738b","74967"
"BUNDLE-MI455X-MI455X-SIGN-0003","MI455X","1","MI455X-SIGN-0003","数据/card-completeness.csv","card_completeness_id","COMPLETE-M2W3-AMD-MI455X-COMPUTE","审计/子代理交接/m2_staging/M2-W3-AMD-MI455X-MODULE/structured/card-completeness.csv","cc683484036e9aa42321b5ce09166da03c36cb9c8b52495c075ad2b7fa376523","2876","draft","reviewed","","","","2f5e8fa6a6ebb91c4e676cf1de801709723b0c9fbeaab2f0b4d9633e5ff37610","2fd477ddc5f0072e02a8a10eef2d61ae5482ea6cd19607d76cd106175ccf899c","86326314aea2a4dc0b8b3ede2f54a1b90f6cd4ea9729f89e1a0a217be3800af2","a046bf3d9c7c88d1204a2f12e24c1ea654aa9ddd85115b2089c50f2de21c738b","74967"
"BUNDLE-MI455X-MI455X-SIGN-0004","MI455X","1","MI455X-SIGN-0004","数据/card-completeness.csv","card_completeness_id","COMPLETE-M2W3-AMD-MI455X-NUMERICS","审计/子代理交接/m2_staging/M2-W3-AMD-MI455X-MODULE/structured/card-completeness.csv","cc683484036e9aa42321b5ce09166da03c36cb9c8b52495c075ad2b7fa376523","2876","draft","reviewed","","","","db5cf312a60fca5f2f0c7429ac9cbd88a836b2f41046782fa5a524b874e13c23","c86a03bc3396b53399a95a8c907092b50cb802e2235fe960791ed14dfa1ebfbd","721a36fd4891625f6ceaf7cb175cf2a95bf60c20368c0b2dd5e37d96f5e057c2","a046bf3d9c7c88d1204a2f12e24c1ea654aa9ddd85115b2089c50f2de21c738b","74967"
"BUNDLE-MI455X-MI455X-SIGN-0005","MI455X","1","MI455X-SIGN-0005","数据/card-completeness.csv","card_completeness_id","COMPLETE-M2W3-AMD-MI455X-MEMORY","审计/子代理交接/m2_staging/M2-W3-AMD-MI455X-MODULE/structured/card-completeness.csv","cc683484036e9aa42321b5ce09166da03c36cb9c8b52495c075ad2b7fa376523","2876","draft","reviewed","","","","d2310cfcdad95a3bc79c32b41f07897956a1f619f73309d95bc7cefe6810498b","b4e11ea85de20ea1f1f037d911b4ec7b0eadce782bb0b2e68f28e868c9d277de","dfc6ae41e6053111b2bdb940b9ec2fc865a919ce0f1fc46929087f6ea7ffa9c0","a046bf3d9c7c88d1204a2f12e24c1ea654aa9ddd85115b2089c50f2de21c738b","74967"
"BUNDLE-MI455X-MI455X-SIGN-0006","MI455X","1","MI455X-SIGN-0006","数据/card-completeness.csv","card_completeness_id","COMPLETE-M2W3-AMD-MI455X-INTERCONNECT","审计/子代理交接/m2_staging/M2-W3-AMD-MI455X-MODULE/structured/card-completeness.csv","cc683484036e9aa42321b5ce09166da03c36cb9c8b52495c075ad2b7fa376523","2876","draft","reviewed","","","","e5722c3ec9f5b744b438ca1db2cff9c3c4c7580a85fd81a20174b292837f5655","1e351020708e1ab7b1d15fe6b49af0c8616c63baaabc51e4a7967b5fe561fcb9","78e3795120b296a5fdf995d62e1c5adf8c8b46a847fde9294d85709895251356","a046bf3d9c7c88d1204a2f12e24c1ea654aa9ddd85115b2089c50f2de21c738b","74967"
"BUNDLE-MI455X-MI455X-SIGN-0007","MI455X","1","MI455X-SIGN-0007","数据/card-completeness.csv","card_completeness_id","COMPLETE-M2W3-AMD-MI455X-SPECIAL_ENGINES","审计/子代理交接/m2_staging/M2-W3-AMD-MI455X-MODULE/structured/card-completeness.csv","cc683484036e9aa42321b5ce09166da03c36cb9c8b52495c075ad2b7fa376523","2876","draft","reviewed","","","","fcd8de6da2e100a78aa444ca56e747e632151786365e18f474cc37f28438338b","2ecef18a7b666fb0cd3bbc4de4cdd0144a682e1da14e6d74586688121ca068b4","ab66eb633088c0d977e970f0fc57da19e7f8345ce0897abdb0836e24b00a1e62","a046bf3d9c7c88d1204a2f12e24c1ea654aa9ddd85115b2089c50f2de21c738b","74967"
"BUNDLE-MI455X-MI455X-SIGN-0008","MI455X","1","MI455X-SIGN-0008","数据/card-completeness.csv","card_completeness_id","COMPLETE-M2W3-AMD-MI455X-SOFTWARE","审计/子代理交接/m2_staging/M2-W3-AMD-MI455X-MODULE/structured/card-completeness.csv","cc683484036e9aa42321b5ce09166da03c36cb9c8b52495c075ad2b7fa376523","2876","draft","reviewed","","","","ed849df56275a31a6e894208a1646717dcf6bba418e9b41b1f5291b88b811cac","bf2be1d1f507afa3693e95c3a99fdd8043f8416cad1418d1d662ca2f1f047d91","0a86c8b1cdbb0080a15d683d2abeee7fe52a9990ddc60cb51930c2d5224ff459","a046bf3d9c7c88d1204a2f12e24c1ea654aa9ddd85115b2089c50f2de21c738b","74967"
"BUNDLE-MI455X-MI455X-SIGN-0009","MI455X","1","MI455X-SIGN-0009","数据/card-completeness.csv","card_completeness_id","COMPLETE-M2W3-AMD-MI455X-EVIDENCE","审计/子代理交接/m2_staging/M2-W3-AMD-MI455X-MODULE/structured/card-completeness.csv","cc683484036e9aa42321b5ce09166da03c36cb9c8b52495c075ad2b7fa376523","2876","draft","reviewed","","","","b34a5672898da343f8b4640a83394991db8816af7391e56153ca2396643b0863","b8d8ab1546c61c070ee66a4cf99f6f8ca5af06559059766376284c591dcefe2b","3eefac9218abdfc716988c127bf75507c2f61bf878628a8c46eff8892c21e8c8","a046bf3d9c7c88d1204a2f12e24c1ea654aa9ddd85115b2089c50f2de21c738b","74967"
"BUNDLE-MI455X-MI455X-SIGN-0010","MI455X","1","MI455X-SIGN-0010","数据/components.csv","component_id","COMP-M2W3-AMD-MI455X-WGP","审计/子代理交接/m2_staging/M2-W3-AMD-MI455X-MODULE/structured/components.csv","a95b02d9181f9fed3e6f3613eaa545ff5408093b279ea7340c4c0020c4f373af","1119","draft","reviewed","","","","d3544642da6da3ca7bf2efa0b23bf72a3eab4108689442d0474cc9310b059730","c26c9379f7461e026a4dedf508e442dc65973287385d89bc8e322d28063a689b","d48f77d4b6ce9fa7c18824d70e420631667f7c17825b454561ea575a5686d233","506243dd2d4f48b281197d5113133e6591f19d14c4c818e0ef140c5039088cd6","43819"
"BUNDLE-MI455X-MI455X-SIGN-0011","MI455X","1","MI455X-SIGN-0011","数据/components.csv","component_id","COMP-M2W3-AMD-MI455X-MATRIX","审计/子代理交接/m2_staging/M2-W3-AMD-MI455X-MODULE/structured/components.csv","a95b02d9181f9fed3e6f3613eaa545ff5408093b279ea7340c4c0020c4f373af","1119","draft","reviewed","","","","5edf4147f49416666a8e0efdd721a445f9a3b85a768baaad674eb673ba938ed7","5f33d238ad50f0dde06847b8173726a915dacdef8d2e2026fba954023cb90ad5","fc0ad69008e69973dd75617663cfaf9fe4199adb9961851734fedfcfa4333e84","506243dd2d4f48b281197d5113133e6591f19d14c4c818e0ef140c5039088cd6","43819"
"BUNDLE-MI455X-MI455X-SIGN-0012","MI455X","1","MI455X-SIGN-0012","数据/components.csv","component_id","COMP-M2W3-AMD-MI455X-VECTOR","审计/子代理交接/m2_staging/M2-W3-AMD-MI455X-MODULE/structured/components.csv","a95b02d9181f9fed3e6f3613eaa545ff5408093b279ea7340c4c0020c4f373af","1119","draft","reviewed","","","","9a1b20f83b7fa110c829100d19251546c71b3f4cc42470ce40e0a929af584498","86e62d98fe4559cb22891571c04ec985576b8109abc9dc122f710eeefea7697c","d7588fc43d9be3bb25e13e9ac82ae6b84c1fc293391eb6f5fadc26d88d43b5c7","506243dd2d4f48b281197d5113133e6591f19d14c4c818e0ef140c5039088cd6","43819"
"BUNDLE-MI455X-MI455X-SIGN-0013","MI455X","1","MI455X-SIGN-0013","数据/components.csv","component_id","COMP-M2W3-AMD-MI455X-HBM4","审计/子代理交接/m2_staging/M2-W3-AMD-MI455X-MODULE/structured/components.csv","a95b02d9181f9fed3e6f3613eaa545ff5408093b279ea7340c4c0020c4f373af","1119","draft","reviewed","","","","cadde067f48bca2e40887d674d7cd58aa9ee5374376e501bb8b469573da122b5","e9421fe8e367eed4df52fc1f2833657192a70c840f9ac05efb947f466acde930","5aae8647da8343b3dc4d277f312b0395549c7a7c17a281b4d4cfd3956e06ad26","506243dd2d4f48b281197d5113133e6591f19d14c4c818e0ef140c5039088cd6","43819"
"BUNDLE-MI455X-MI455X-SIGN-0014","MI455X","1","MI455X-SIGN-0014","数据/components.csv","component_id","COMP-M2W3-AMD-MI455X-L2","审计/子代理交接/m2_staging/M2-W3-AMD-MI455X-MODULE/structured/components.csv","a95b02d9181f9fed3e6f3613eaa545ff5408093b279ea7340c4c0020c4f373af","1119","draft","reviewed","","","","281bb6a8be9037551c27b4c1f5e96b10e69996e69923efd5a0e6852ac5eaa13e","b412db8cf8ee161c2f4524be2f862d2433cf416fb01630a1cbe2a60e0c9f17eb","73e767ffdcb973c0656863bede5f9d3a6936e159e19b6c9c9e604ddfb77622f0","506243dd2d4f48b281197d5113133e6591f19d14c4c818e0ef140c5039088cd6","43819"
"BUNDLE-MI455X-MI455X-SIGN-0015","MI455X","1","MI455X-SIGN-0015","数据/condition-sets.csv","condition_set_id","COND-M2W3-AMD-MI455X-XCD-COUNT","审计/子代理交接/m2_staging/M2-W3-AMD-MI455X-MODULE/structured/condition-sets.csv","144ce4b39ac757962cc917c1d5d071853d0a0a22be2fda626548806393b8ec5b","4103","draft","reviewed","","","","901f3be4bef27b6362b55f7d6dcc2dac52f1e8c7e6b3c7434ecca91631d30927","66abb023de37678b7b250bc7994d78c93e1c157df6c28c5d1a2eed920edded34","4d4d24fa9677ff548d9151746ca2106b7c1721ca22e161b94e9bc15f610f5bcf","c80a2e5e5cf98e90a2902c871ca64093d3e9f572a871eedfa1f806d304bd94c3","59126"
"BUNDLE-MI455X-MI455X-SIGN-0016","MI455X","1","MI455X-SIGN-0016","数据/condition-sets.csv","condition_set_id","COND-M2W3-AMD-MI455X-IOD-COUNT","审计/子代理交接/m2_staging/M2-W3-AMD-MI455X-MODULE/structured/condition-sets.csv","144ce4b39ac757962cc917c1d5d071853d0a0a22be2fda626548806393b8ec5b","4103","draft","reviewed","","","","1b177b12f3cf5ceb8d45783b4090fef50aaf42fc572842ec04bac060449621d0","7ec42f901f75e28880f6b6ac2b14b7dbdcadd453098acb8ba4a08dd460fe7abe","c552bc3e200b7a1e2558b33608389b16caf806bec7f1f0afadd9adb1965d5c4f","c80a2e5e5cf98e90a2902c871ca64093d3e9f572a871eedfa1f806d304bd94c3","59126"
"BUNDLE-MI455X-MI455X-SIGN-0017","MI455X","1","MI455X-SIGN-0017","数据/condition-sets.csv","condition_set_id","COND-M2W3-AMD-MI455X-PEAK-MATRIX-SPARSITY-UNSPEC","审计/子代理交接/m2_staging/M2-W3-AMD-MI455X-MODULE/structured/condition-sets.csv","144ce4b39ac757962cc917c1d5d071853d0a0a22be2fda626548806393b8ec5b","4103","draft","reviewed","","","","eb552128c28d183cfb1d900e57acdede17e129838a3d7eb99b2a26bf9fce181b","27a187ba60ad6ec7ac736968fa3cb5d200727866bc9d12d732fb3a294893c6ca","941ed63679ca01f579516f839f9a86e4faac2f146ffb76c3204e697341159e4b","c80a2e5e5cf98e90a2902c871ca64093d3e9f572a871eedfa1f806d304bd94c3","59126"
"BUNDLE-MI455X-MI455X-SIGN-0018","MI455X","1","MI455X-SIGN-0018","数据/condition-sets.csv","condition_set_id","COND-M2W3-AMD-MI455X-PEAK-MATRIX-BASE","审计/子代理交接/m2_staging/M2-W3-AMD-MI455X-MODULE/structured/condition-sets.csv","144ce4b39ac757962cc917c1d5d071853d0a0a22be2fda626548806393b8ec5b","4103","draft","reviewed","","","","919cee00451d0be345767ae561c963500b178b24737e7211494aac3b5a5a9c7c","691dc5cd57daae3188aee37c7d7b956c37f2cf3cbb084df710f4a285e2cf15da","2b923f053ef5bf2f6d13e1890cb1b89718ef1f0c8ebd26f827bb9e2a43c326f4","c80a2e5e5cf98e90a2902c871ca64093d3e9f572a871eedfa1f806d304bd94c3","59126"
"BUNDLE-MI455X-MI455X-SIGN-0019","MI455X","1","MI455X-SIGN-0019","数据/condition-sets.csv","condition_set_id","COND-M2W3-AMD-MI455X-PEAK-MATRIX-STRUCTURED","审计/子代理交接/m2_staging/M2-W3-AMD-MI455X-MODULE/structured/condition-sets.csv","144ce4b39ac757962cc917c1d5d071853d0a0a22be2fda626548806393b8ec5b","4103","draft","reviewed","","","","6e0fe3c3ef3b66fa53afd1def082b9717a0baab943aa6902cb5e1f834a49cabc","bb535810810f8685428391bd2d8b5010e1a8d15a67f8afd087ef5a90bbb50ab5","8c2e3986c3e37b4d84042ece72a56a02b838fca8a42888b1a628b42302b452f0","c80a2e5e5cf98e90a2902c871ca64093d3e9f572a871eedfa1f806d304bd94c3","59126"
"BUNDLE-MI455X-MI455X-SIGN-0020","MI455X","1","MI455X-SIGN-0020","数据/condition-sets.csv","condition_set_id","COND-M2W3-AMD-MI455X-PEAK-VECTOR","审计/子代理交接/m2_staging/M2-W3-AMD-MI455X-MODULE/structured/condition-sets.csv","144ce4b39ac757962cc917c1d5d071853d0a0a22be2fda626548806393b8ec5b","4103","draft","reviewed","","","","6cfab68473fc922fa7718d8db3f1f74d2cd6c247728afc3709207d65a8b305bf","1758837a15a350f0a8d57374d27d67233f9dff6845331576926eb49f8f4165eb","4379d5aaaa145a2af7fe0cc0ee3d089f5205479d6dc68e5beea0d57a4ce1a74d","c80a2e5e5cf98e90a2902c871ca64093d3e9f572a871eedfa1f806d304bd94c3","59126"
"BUNDLE-MI455X-MI455X-SIGN-0021","MI455X","1","MI455X-SIGN-0021","数据/condition-sets.csv","condition_set_id","COND-M2W3-AMD-MI455X-HBM4-PEAK-BW","审计/子代理交接/m2_staging/M2-W3-AMD-MI455X-MODULE/structured/condition-sets.csv","144ce4b39ac757962cc917c1d5d071853d0a0a22be2fda626548806393b8ec5b","4103","draft","reviewed","","","","4e05bd572a8cd9d4927eec87453d4d2db7c831a5a878c38c5a9ee0a15d0a904c","5431306ba8950914c3163053de4bab9d31c251def4b9fa3430f12aa7bb4bc15f","e45773a2534f31ac7f63d597feb541677437497f0790d8213378545e72e4020e","c80a2e5e5cf98e90a2902c871ca64093d3e9f572a871eedfa1f806d304bd94c3","59126"
"BUNDLE-MI455X-MI455X-SIGN-0022","MI455X","1","MI455X-SIGN-0022","数据/condition-sets.csv","condition_set_id","COND-M2W3-AMD-MI455X-CPU-GPU-BW","审计/子代理交接/m2_staging/M2-W3-AMD-MI455X-MODULE/structured/condition-sets.csv","144ce4b39ac757962cc917c1d5d071853d0a0a22be2fda626548806393b8ec5b","4103","draft","reviewed","","","","b7d754d8608ced997b1aed604acdb64501ccbecf460512defda965f8a26ec7c8","ac0d13b3b3919746060eaca3018f738b0ca03d6f4761327c641e0cb87723a5e5","2df71213156a71f84b4b97246b8997cb5402ac9fc36d7157e5617e16617830b3","c80a2e5e5cf98e90a2902c871ca64093d3e9f572a871eedfa1f806d304bd94c3","59126"
"BUNDLE-MI455X-MI455X-SIGN-0023","MI455X","1","MI455X-SIGN-0023","数据/condition-sets.csv","condition_set_id","COND-M2W3-AMD-MI455X-LINK-BIDIR-PEAK","审计/子代理交接/m2_staging/M2-W3-AMD-MI455X-MODULE/structured/condition-sets.csv","144ce4b39ac757962cc917c1d5d071853d0a0a22be2fda626548806393b8ec5b","4103","draft","reviewed","","","","302bc2069fac682bc32c59a2a1397f5c3c300faa9c2180649d7a8319ff3ff531","687ab4d1e5c2d8d47973858f3d60f28d51dd468d6eff6d87ec8a6edb424f7847","50e0daecabdb374355b9ae44064c9b19bdefe1b4bc926b50848a499718e1d7aa","c80a2e5e5cf98e90a2902c871ca64093d3e9f572a871eedfa1f806d304bd94c3","59126"
"BUNDLE-MI455X-MI455X-SIGN-0024","MI455X","1","MI455X-SIGN-0024","最小参考资料库/fact-assertions.csv","assertion_id","ASSERT-M2W3-AMD-MI455X-VENDOR-PRODUCT","审计/子代理交接/m2_staging/M2-W3-AMD-MI455X-MODULE/structured/fact-assertions.csv","657ddf52f1423b5b4a4c2eab7a0e4543470de61f99f0e800e7eb9085522c6273","24952","draft","reviewed","","","","91e8f05d3909423ecc24c67ad5675864640114511de05cfb1820736647c5c907","1deca0d42f121fb1a81aebefbfaf2f39052952f70a921c466629389dfd460552","5f673701695a1bf54103b31c7e53173c1f0bd9593cfad8ae62131303a408ae96","7066ed9c845dadb801047b9e4cbd2ea50f7af1c9f6d0836a9d5a5115d40fc92b","344531"
"BUNDLE-MI455X-MI455X-SIGN-0025","MI455X","1","MI455X-SIGN-0025","最小参考资料库/fact-assertions.csv","assertion_id","ASSERT-M2W3-AMD-MI455X-FAMILY-PRODUCT","审计/子代理交接/m2_staging/M2-W3-AMD-MI455X-MODULE/structured/fact-assertions.csv","657ddf52f1423b5b4a4c2eab7a0e4543470de61f99f0e800e7eb9085522c6273","24952","draft","reviewed","","","","4024ccda8a3f4ee63cd1e4ef6c5222b300c78d25f6174b57f05380ddae210475","3a9e03f436973e04d6b204942319fb1b0f7bc04b80afcf6791b357649fa8a988","ef5256bed5e909bd12ce54291e8bb70d07dcfdf5f3251f1f45607f4ae14d1ca5","7066ed9c845dadb801047b9e4cbd2ea50f7af1c9f6d0836a9d5a5115d40fc92b","344531"
"BUNDLE-MI455X-MI455X-SIGN-0026","MI455X","1","MI455X-SIGN-0026","最小参考资料库/fact-assertions.csv","assertion_id","ASSERT-M2W3-AMD-MI455X-NAME-PRODUCT","审计/子代理交接/m2_staging/M2-W3-AMD-MI455X-MODULE/structured/fact-assertions.csv","657ddf52f1423b5b4a4c2eab7a0e4543470de61f99f0e800e7eb9085522c6273","24952","draft","reviewed","","","","a09a52aaeafed0446f877ef5758df2fbf8753495743d436f6c8958857d6ee301","552f7af2e4959adc1d875840e7e301abe50cf5db9085c82614ce6b055eb72f59","c4f5545b73f2401a727d412d7f374a6e86259566c41a5fa397023f7efb90bcdc","7066ed9c845dadb801047b9e4cbd2ea50f7af1c9f6d0836a9d5a5115d40fc92b","344531"
"BUNDLE-MI455X-MI455X-SIGN-0027","MI455X","1","MI455X-SIGN-0027","最小参考资料库/fact-assertions.csv","assertion_id","ASSERT-M2W3-AMD-MI455X-SKU-PRODUCT","审计/子代理交接/m2_staging/M2-W3-AMD-MI455X-MODULE/structured/fact-assertions.csv","657ddf52f1423b5b4a4c2eab7a0e4543470de61f99f0e800e7eb9085522c6273","24952","draft","reviewed","","","","4fa64ff84b900281166d8baabf753a53c1899134730fbadb299da95268b8f19f","4c12f09c3c4af2ecaa3969abaf36dca19995fd13a00638a76ad4bbfe640733b3","8a31437cb3e9e5ac325a369f36f5b6f9fb5e2ebfc720d264817000bc33374f20","7066ed9c845dadb801047b9e4cbd2ea50f7af1c9f6d0836a9d5a5115d40fc92b","344531"
"BUNDLE-MI455X-MI455X-SIGN-0028","MI455X","1","MI455X-SIGN-0028","最小参考资料库/fact-assertions.csv","assertion_id","ASSERT-M2W3-AMD-MI455X-OBJECT-TYPE-BROCHURE","审计/子代理交接/m2_staging/M2-W3-AMD-MI455X-MODULE/structured/fact-assertions.csv","657ddf52f1423b5b4a4c2eab7a0e4543470de61f99f0e800e7eb9085522c6273","24952","draft","reviewed","","","","36164f696a87c2cc84d0ac895898faeb8e4ee95cd2c07ea5df219825ee4f7a51","815b024a40f9d05490d6057a028322771c83b2d0bc792756fb42b4bfcbee2ec3","9b3403da5e4529a9e6b464c57ee0aa8cd83b089b51c16c532ace6cfac62631e4","7066ed9c845dadb801047b9e4cbd2ea50f7af1c9f6d0836a9d5a5115d40fc92b","344531"
"BUNDLE-MI455X-MI455X-SIGN-0029","MI455X","1","MI455X-SIGN-0029","最小参考资料库/fact-assertions.csv","assertion_id","ASSERT-M2W3-AMD-MI455X-RELEASE-DATE-PRODUCT","审计/子代理交接/m2_staging/M2-W3-AMD-MI455X-MODULE/structured/fact-assertions.csv","657ddf52f1423b5b4a4c2eab7a0e4543470de61f99f0e800e7eb9085522c6273","24952","draft","reviewed","","","","c7ff09ff8df6a5b1b32bfc4da41030dd8bbe8f345cf5764397c8f20c946280af","6a22363658aa07f35d44b6327ab83a16dac83ad831abfe2a045bfee3e47a97aa","0fa7d6168e41bc6d107bfcec472010f81cf766e56f9d7829438a785272544725","7066ed9c845dadb801047b9e4cbd2ea50f7af1c9f6d0836a9d5a5115d40fc92b","344531"
"BUNDLE-MI455X-MI455X-SIGN-0030","MI455X","1","MI455X-SIGN-0030","最小参考资料库/fact-assertions.csv","assertion_id","ASSERT-M2W3-AMD-MI455X-STATUS-PRODUCT","审计/子代理交接/m2_staging/M2-W3-AMD-MI455X-MODULE/structured/fact-assertions.csv","657ddf52f1423b5b4a4c2eab7a0e4543470de61f99f0e800e7eb9085522c6273","24952","draft","reviewed","","","","8d89747073853b359dd9baa26e15d7b735f2742f7229fcd798f3450ea1aba8b7","6f98719dc5351773f8567026749a30ad40110e9f095a2a7f5e01708ee3396cea","0892a231a19d4278682c9271b657ceb6f1f61a53514c5491509bfe6cb26b080a","7066ed9c845dadb801047b9e4cbd2ea50f7af1c9f6d0836a9d5a5115d40fc92b","344531"
"BUNDLE-MI455X-MI455X-SIGN-0031","MI455X","1","MI455X-SIGN-0031","最小参考资料库/fact-assertions.csv","assertion_id","ASSERT-M2W3-AMD-MI455X-PROCESS-PRODUCT","审计/子代理交接/m2_staging/M2-W3-AMD-MI455X-MODULE/structured/fact-assertions.csv","657ddf52f1423b5b4a4c2eab7a0e4543470de61f99f0e800e7eb9085522c6273","24952","draft","reviewed","","","","d6eba376c976a1dfd78dba1073532549283b2dfc3905e3e2327e24392d13effe","6470a20ed2571b03e2048075994a5e85994d083bd666b6ea4bf8d99b0dc64bb6","7ac0f5dcbd50778ddfc6016373d1946d256f320274cc0023f61775005b323b4b","7066ed9c845dadb801047b9e4cbd2ea50f7af1c9f6d0836a9d5a5115d40fc92b","344531"
"BUNDLE-MI455X-MI455X-SIGN-0032","MI455X","1","MI455X-SIGN-0032","最小参考资料库/fact-assertions.csv","assertion_id","ASSERT-M2W3-AMD-MI455X-PACKAGE-MI400","审计/子代理交接/m2_staging/M2-W3-AMD-MI455X-MODULE/structured/fact-assertions.csv","657ddf52f1423b5b4a4c2eab7a0e4543470de61f99f0e800e7eb9085522c6273","24952","draft","reviewed","","","","ca6b6d9b37566d1a0fb002e8aea7284b4428ec940fac4fce3623e93693b02a98","5d7c1022f3483171d5cd40d8efb7a26c809b75dfbbfd16c8cd4662c649ecff91","58574c27c525b7aab849f60e38f58c0f890118313a60987138d23a44384147c3","7066ed9c845dadb801047b9e4cbd2ea50f7af1c9f6d0836a9d5a5115d40fc92b","344531"
"BUNDLE-MI455X-MI455X-SIGN-0033","MI455X","1","MI455X-SIGN-0033","最小参考资料库/fact-assertions.csv","assertion_id","ASSERT-M2W3-AMD-MI455X-XCD-COUNT-BROCHURE","审计/子代理交接/m2_staging/M2-W3-AMD-MI455X-MODULE/structured/fact-assertions.csv","657ddf52f1423b5b4a4c2eab7a0e4543470de61f99f0e800e7eb9085522c6273","24952","draft","reviewed","","","","adf21c5a9b4fc375f86133979005ca5120d61f09e4fa765eedffaa516c74e647","2849d22a1f3335e8910897bca5d5125ba6a1b091634d71dbdc1ef7de131eba30","8cc7f9ae5e1805830df48db04a0df33aecbb34dbf7a795a5fa38b6f04d6b066d","7066ed9c845dadb801047b9e4cbd2ea50f7af1c9f6d0836a9d5a5115d40fc92b","344531"
"BUNDLE-MI455X-MI455X-SIGN-0034","MI455X","1","MI455X-SIGN-0034","最小参考资料库/fact-assertions.csv","assertion_id","ASSERT-M2W3-AMD-MI455X-IOD-COUNT-BROCHURE","审计/子代理交接/m2_staging/M2-W3-AMD-MI455X-MODULE/structured/fact-assertions.csv","657ddf52f1423b5b4a4c2eab7a0e4543470de61f99f0e800e7eb9085522c6273","24952","draft","reviewed","","","","b0685c4d2dee0941202aac3205745a45a6423b0fa644521c22811497302f4183","4d6786fad923c19648e298282aedd145f40486f225c90f68b186e6c1cc90783f","0ae2e8a95e080125337d665ad43becb7f8161690563c133f83cfcc2adc594a71","7066ed9c845dadb801047b9e4cbd2ea50f7af1c9f6d0836a9d5a5115d40fc92b","344531"
"BUNDLE-MI455X-MI455X-SIGN-0035","MI455X","1","MI455X-SIGN-0035","最小参考资料库/fact-assertions.csv","assertion_id","ASSERT-M2W3-AMD-MI455X-TRANSISTORS-PRODUCT","审计/子代理交接/m2_staging/M2-W3-AMD-MI455X-MODULE/structured/fact-assertions.csv","657ddf52f1423b5b4a4c2eab7a0e4543470de61f99f0e800e7eb9085522c6273","24952","draft","reviewed","","","","3fe8661828d6aa5f0ada52fab18c7c8d7643847248a1d1c3ed63bb5b3188b91e","20c6e1f5efc9982a95151a56616160d4c5157f0cfffba5209ff5adbc87de56aa","daf21107027955850be4103cc7373a1ad3bb4e58f636da0e17e3d73cdfc809be","7066ed9c845dadb801047b9e4cbd2ea50f7af1c9f6d0836a9d5a5115d40fc92b","344531"
"BUNDLE-MI455X-MI455X-SIGN-0036","MI455X","1","MI455X-SIGN-0036","最小参考资料库/fact-assertions.csv","assertion_id","ASSERT-M2W3-AMD-MI455X-CLOCK-BROCHURE","审计/子代理交接/m2_staging/M2-W3-AMD-MI455X-MODULE/structured/fact-assertions.csv","657ddf52f1423b5b4a4c2eab7a0e4543470de61f99f0e800e7eb9085522c6273","24952","draft","reviewed","","","","93197368ec4d5f1ad923d6560754dbd2eda05af7fdcc765aabbf9fe7ece20e73","69bbfb6802fa0b85f483b5da39849b95d661a7008c8d3a438440547407c6fe2b","ee3b5cef1dfe06ef7986a0bdf1e058de505b9bf2b16c204e65ef8070d73ac164","7066ed9c845dadb801047b9e4cbd2ea50f7af1c9f6d0836a9d5a5115d40fc92b","344531"
"BUNDLE-MI455X-MI455X-SIGN-0037","MI455X","1","MI455X-SIGN-0037","最小参考资料库/fact-assertions.csv","assertion_id","ASSERT-M2W3-AMD-MI455X-FORM-FACTOR-BROCHURE","审计/子代理交接/m2_staging/M2-W3-AMD-MI455X-MODULE/structured/fact-assertions.csv","657ddf52f1423b5b4a4c2eab7a0e4543470de61f99f0e800e7eb9085522c6273","24952","draft","reviewed","","","","5f7d7c89b6b3fc762e8d9284de54bb041d48e35f62d8846630dbcdf0b084180e","a936eddd0c5b957fe605ad915687694b354a77d762cf3775470583e269e373b5","4958805f3edb7d2e8d1b98076b1ae813ee5613f9ed3c477881ecd36b8321959a","7066ed9c845dadb801047b9e4cbd2ea50f7af1c9f6d0836a9d5a5115d40fc92b","344531"
"BUNDLE-MI455X-MI455X-SIGN-0038","MI455X","1","MI455X-SIGN-0038","最小参考资料库/fact-assertions.csv","assertion_id","ASSERT-M2W3-AMD-MI455X-COOLING-BROCHURE","审计/子代理交接/m2_staging/M2-W3-AMD-MI455X-MODULE/structured/fact-assertions.csv","657ddf52f1423b5b4a4c2eab7a0e4543470de61f99f0e800e7eb9085522c6273","24952","draft","reviewed","","","","797d56a89c3eb686c68192ee6b51c5dcd528eeb15be462bdea23ab1c3b555dcb","556563f70ac72f40b8591bf0c5ee1ea639fe42faebf155910f5121b465046213","4e688e42b2a6fea2bfb7a78351261a199fe6302bd9affa7f9c5265d062f63c84","7066ed9c845dadb801047b9e4cbd2ea50f7af1c9f6d0836a9d5a5115d40fc92b","344531"
"BUNDLE-MI455X-MI455X-SIGN-0039","MI455X","1","MI455X-SIGN-0039","最小参考资料库/fact-assertions.csv","assertion_id","ASSERT-M2W3-AMD-MI455X-HBM-STACKS-PRODUCT","审计/子代理交接/m2_staging/M2-W3-AMD-MI455X-MODULE/structured/fact-assertions.csv","657ddf52f1423b5b4a4c2eab7a0e4543470de61f99f0e800e7eb9085522c6273","24952","draft","reviewed","","","","894d39cee7f7384348a68e4496f9e89b4da016f29d48ea7d39af648370d8b1fc","350d51395524ebe64fe8525ec39b459dc9d6694ab8d8924a00f7d37f03ee46a9","2e0d9b764419e5ca1b72a920620c4af0a683efe3d1c332d98ee29a4a43cbb16c","7066ed9c845dadb801047b9e4cbd2ea50f7af1c9f6d0836a9d5a5115d40fc92b","344531"
"BUNDLE-MI455X-MI455X-SIGN-0040","MI455X","1","MI455X-SIGN-0040","最小参考资料库/fact-assertions.csv","assertion_id","ASSERT-M2W3-AMD-MI455X-RAS-BROCHURE","审计/子代理交接/m2_staging/M2-W3-AMD-MI455X-MODULE/structured/fact-assertions.csv","657ddf52f1423b5b4a4c2eab7a0e4543470de61f99f0e800e7eb9085522c6273","24952","draft","reviewed","","","","36d14f137389b4487b51cd5ba52da5501b881361e9421acf8d31b1d01f3f67d4","896fc19329c774e2d20da646c4bdba5b4ff6058429a91656a043dfd71c80ad96","c20c219cedf3e9305f5122b7ea60a4b307fc5f4cbcd97362291a66aa77fb55aa","7066ed9c845dadb801047b9e4cbd2ea50f7af1c9f6d0836a9d5a5115d40fc92b","344531"
"BUNDLE-MI455X-MI455X-SIGN-0041","MI455X","1","MI455X-SIGN-0041","最小参考资料库/fact-assertions.csv","assertion_id","ASSERT-M2W3-AMD-MI455X-WGP-COUNT-PRODUCT","审计/子代理交接/m2_staging/M2-W3-AMD-MI455X-MODULE/structured/fact-assertions.csv","657ddf52f1423b5b4a4c2eab7a0e4543470de61f99f0e800e7eb9085522c6273","24952","draft","reviewed","","","","2a7e39d889b5726f76a264175c718ff07dfc262a03b23801fdf3be1c138f9e15","c7f12f81d1b6f44c6a3836adaf155a8efaa15fcf994d7dfc39278af6e25a4c09","4f5941b0e413d1413b1c50dc0e2a61ae3896f43d77e0809d4e6d6244d12b1bed","7066ed9c845dadb801047b9e4cbd2ea50f7af1c9f6d0836a9d5a5115d40fc92b","344531"
"BUNDLE-MI455X-MI455X-SIGN-0042","MI455X","1","MI455X-SIGN-0042","最小参考资料库/fact-assertions.csv","assertion_id","ASSERT-M2W3-AMD-MI455X-HBM4-CAPACITY-BROCHURE","审计/子代理交接/m2_staging/M2-W3-AMD-MI455X-MODULE/structured/fact-assertions.csv","657ddf52f1423b5b4a4c2eab7a0e4543470de61f99f0e800e7eb9085522c6273","24952","draft","reviewed","","","","33bbd3b3a40750a4109a0b93b68d52601cba3a624d47c0b0371bc562539d5bf8","0911a06201845531d6d525a6da05dd6e052c12ee98c284e1450c6caa715039a9","87b8555ac7404a7c474d02a72669b3b3799f2498735313eba221eff4930e9de9","7066ed9c845dadb801047b9e4cbd2ea50f7af1c9f6d0836a9d5a5115d40fc92b","344531"
"BUNDLE-MI455X-MI455X-SIGN-0043","MI455X","1","MI455X-SIGN-0043","最小参考资料库/fact-assertions.csv","assertion_id","ASSERT-M2W3-AMD-MI455X-L2-CAPACITY-PRODUCT","审计/子代理交接/m2_staging/M2-W3-AMD-MI455X-MODULE/structured/fact-assertions.csv","657ddf52f1423b5b4a4c2eab7a0e4543470de61f99f0e800e7eb9085522c6273","24952","draft","reviewed","","","","dc43a2d2d20c2a72cc065dd9fbbf4859f6fc9c13c2400f595ad06424315b5db5","791887f77000d9d79a3af081beaf6e1c5e99509c4794edd66c93460e19a07291","1e21e89a51175a572039d8fa3875ffb7ed6b1892c1aa68b3e224a6529b67261a","7066ed9c845dadb801047b9e4cbd2ea50f7af1c9f6d0836a9d5a5115d40fc92b","344531"
"BUNDLE-MI455X-MI455X-SIGN-0044","MI455X","1","MI455X-SIGN-0044","最小参考资料库/fact-assertions.csv","assertion_id","ASSERT-M2W3-AMD-MI455X-HBM4-BW-BROCHURE","审计/子代理交接/m2_staging/M2-W3-AMD-MI455X-MODULE/structured/fact-assertions.csv","657ddf52f1423b5b4a4c2eab7a0e4543470de61f99f0e800e7eb9085522c6273","24952","draft","reviewed","","","","a7db35dca841c9c92e6a28ab4d07aba42945ef56ab81d4938dedff527a89d096","6c5840b975d6bbfef3bd1fe3e65d207b1b58e387044867dd4cd1267205f58974","185f385db9a663ca8e56557f2b8babc3e9efe52b9041ebcbd0df9ea9e72cb6e6","7066ed9c845dadb801047b9e4cbd2ea50f7af1c9f6d0836a9d5a5115d40fc92b","344531"
"BUNDLE-MI455X-MI455X-SIGN-0045","MI455X","1","MI455X-SIGN-0045","最小参考资料库/fact-assertions.csv","assertion_id","ASSERT-M2W3-AMD-MI455X-MXFP4-PEAK-BROCHURE","审计/子代理交接/m2_staging/M2-W3-AMD-MI455X-MODULE/structured/fact-assertions.csv","657ddf52f1423b5b4a4c2eab7a0e4543470de61f99f0e800e7eb9085522c6273","24952","draft","reviewed","","","","fbaf47b83f26f51775d20cab8e9cf698fe907f12a937c2f4e911e3aaa617a172","ed0187782e7f2c92ca4b06eb5db71145df732f3a93e783e277850da1fae4fc34","0d862c00d6613ed744beb2166ab8e62d406993acae5939ac44e65ffc6e1e4d59","7066ed9c845dadb801047b9e4cbd2ea50f7af1c9f6d0836a9d5a5115d40fc92b","344531"
"BUNDLE-MI455X-MI455X-SIGN-0046","MI455X","1","MI455X-SIGN-0046","最小参考资料库/fact-assertions.csv","assertion_id","ASSERT-M2W3-AMD-MI455X-MXFP6-PEAK-BROCHURE","审计/子代理交接/m2_staging/M2-W3-AMD-MI455X-MODULE/structured/fact-assertions.csv","657ddf52f1423b5b4a4c2eab7a0e4543470de61f99f0e800e7eb9085522c6273","24952","draft","reviewed","","","","ba6cf6cd3721687b964b71d31c02e439e66833e7c2d6a53503abba075ec43633","5df53cb580f573193fa38d978a8529e85f9197be78303cd42e492533a83d5d84","e1d08f3310f47b09e21be48d1535ef1815548c3525ee4c4199586575141d1813","7066ed9c845dadb801047b9e4cbd2ea50f7af1c9f6d0836a9d5a5115d40fc92b","344531"
"BUNDLE-MI455X-MI455X-SIGN-0047","MI455X","1","MI455X-SIGN-0047","最小参考资料库/fact-assertions.csv","assertion_id","ASSERT-M2W3-AMD-MI455X-MXFP8-PEAK-BROCHURE","审计/子代理交接/m2_staging/M2-W3-AMD-MI455X-MODULE/structured/fact-assertions.csv","657ddf52f1423b5b4a4c2eab7a0e4543470de61f99f0e800e7eb9085522c6273","24952","draft","reviewed","","","","31f5f9fea082522d674f7eadd0b3f2aa5455ce7c303c9e2504dbee43f4e4c248","354823b016d061831d338e19a7ec47d02ae4aa17b74754b50bd0a0da920264f6","58bdc3780bb35574e568344f939cc6ebd96b80cff94837cfe2e5c71da047d6ff","7066ed9c845dadb801047b9e4cbd2ea50f7af1c9f6d0836a9d5a5115d40fc92b","344531"
"BUNDLE-MI455X-MI455X-SIGN-0048","MI455X","1","MI455X-SIGN-0048","最小参考资料库/fact-assertions.csv","assertion_id","ASSERT-M2W3-AMD-MI455X-FP8-PEAK-BROCHURE","审计/子代理交接/m2_staging/M2-W3-AMD-MI455X-MODULE/structured/fact-assertions.csv","657ddf52f1423b5b4a4c2eab7a0e4543470de61f99f0e800e7eb9085522c6273","24952","draft","reviewed","","","","774ab4aff508be7b0b545ddc325067c9a8ba06160fdd5081953416deda769a1a","68db61e6926e93743effb5650a9f22fb16ab3333d328a525480c42b379eb04da","8d27522fe7e6529e68f9d39321c2ca649608859fcccd0e04d6a766e2cbc706c5","7066ed9c845dadb801047b9e4cbd2ea50f7af1c9f6d0836a9d5a5115d40fc92b","344531"
"BUNDLE-MI455X-MI455X-SIGN-0049","MI455X","1","MI455X-SIGN-0049","最小参考资料库/fact-assertions.csv","assertion_id","ASSERT-M2W3-AMD-MI455X-FP16-VECTOR-PEAK-BROCHURE","审计/子代理交接/m2_staging/M2-W3-AMD-MI455X-MODULE/structured/fact-assertions.csv","657ddf52f1423b5b4a4c2eab7a0e4543470de61f99f0e800e7eb9085522c6273","24952","draft","reviewed","","","","845373e89b265fae195539bae7bd2ebd31cd4c69a885499e99b5efed826bd414","8402b153b02e7c19b42ed349ad65a1833406827f86f227ea83bf77530a0ff54a","0b4a7efdc6961eba8a2ceb9aaa78f768136e176946b3efb57b62753cd15c069d","7066ed9c845dadb801047b9e4cbd2ea50f7af1c9f6d0836a9d5a5115d40fc92b","344531"
"BUNDLE-MI455X-MI455X-SIGN-0050","MI455X","1","MI455X-SIGN-0050","最小参考资料库/fact-assertions.csv","assertion_id","ASSERT-M2W3-AMD-MI455X-FP16-MATRIX-BASE-PEAK-BROCHURE","审计/子代理交接/m2_staging/M2-W3-AMD-MI455X-MODULE/structured/fact-assertions.csv","657ddf52f1423b5b4a4c2eab7a0e4543470de61f99f0e800e7eb9085522c6273","24952","draft","reviewed","","","","60eeb6dc116d7ae162465311e07a96d3c840cca316a0e045bac82d734391f615","d35fc597ae853dd43807270f04a4c4f75048d300b715a686843d35ad46519066","633ff9440eb12a4acc1e1b130732796ad630f93601c1a40ae7d40b4ab333e614","7066ed9c845dadb801047b9e4cbd2ea50f7af1c9f6d0836a9d5a5115d40fc92b","344531"
"BUNDLE-MI455X-MI455X-SIGN-0051","MI455X","1","MI455X-SIGN-0051","最小参考资料库/fact-assertions.csv","assertion_id","ASSERT-M2W3-AMD-MI455X-FP16-MATRIX-SPARSE-PEAK-BROCHURE","审计/子代理交接/m2_staging/M2-W3-AMD-MI455X-MODULE/structured/fact-assertions.csv","657ddf52f1423b5b4a4c2eab7a0e4543470de61f99f0e800e7eb9085522c6273","24952","draft","reviewed","","","","55dac46c04c5c6269f052bf1f8bd264c12621ff2d8285f3a25165510875dac2c","c717b6889aa0f4cc65b8c8b69bd1cca074e77480be3dba79dbac4c1b3f9fc176","4372b7b89644fa4582d7fc8b9ba99e338322e8839225d76592e0acee750b8ea8","7066ed9c845dadb801047b9e4cbd2ea50f7af1c9f6d0836a9d5a5115d40fc92b","344531"
"BUNDLE-MI455X-MI455X-SIGN-0052","MI455X","1","MI455X-SIGN-0052","最小参考资料库/fact-assertions.csv","assertion_id","ASSERT-M2W3-AMD-MI455X-FP32-MATRIX-PEAK-BROCHURE","审计/子代理交接/m2_staging/M2-W3-AMD-MI455X-MODULE/structured/fact-assertions.csv","657ddf52f1423b5b4a4c2eab7a0e4543470de61f99f0e800e7eb9085522c6273","24952","draft","reviewed","","","","c81c80d134b901a609a0ab228b81b54a1946cfba59ee78278164e1f7d95f789b","429e8dde4c6fc6c5dad48f110a865602104ee1b28a03c5ffbedd58ba0b8e22e3","a84d5504860d5196219a3f12305e3a93a882931770075d1ca73d9614e4f168f1","7066ed9c845dadb801047b9e4cbd2ea50f7af1c9f6d0836a9d5a5115d40fc92b","344531"
"BUNDLE-MI455X-MI455X-SIGN-0053","MI455X","1","MI455X-SIGN-0053","最小参考资料库/fact-assertions.csv","assertion_id","ASSERT-M2W3-AMD-MI455X-FP32-VECTOR-PEAK-BROCHURE","审计/子代理交接/m2_staging/M2-W3-AMD-MI455X-MODULE/structured/fact-assertions.csv","657ddf52f1423b5b4a4c2eab7a0e4543470de61f99f0e800e7eb9085522c6273","24952","draft","reviewed","","","","9a86f724bf3247c0322c1adda0660bcca3966acda09cee80de9fb7fe66b69466","dd2e1ba95831ed2ed13ff53bb6d3d2b7315d4b496977589bcd9b68964d72f037","54a59cc419f1affecd492b2d4c9b28f5c73ba377cba77b704f231a1c747f05c6","7066ed9c845dadb801047b9e4cbd2ea50f7af1c9f6d0836a9d5a5115d40fc92b","344531"
"BUNDLE-MI455X-MI455X-SIGN-0054","MI455X","1","MI455X-SIGN-0054","最小参考资料库/fact-assertions.csv","assertion_id","ASSERT-M2W3-AMD-MI455X-FP64-MATRIX-PEAK-BROCHURE","审计/子代理交接/m2_staging/M2-W3-AMD-MI455X-MODULE/structured/fact-assertions.csv","657ddf52f1423b5b4a4c2eab7a0e4543470de61f99f0e800e7eb9085522c6273","24952","draft","reviewed","","","","e095bbdb41e49d65e5496c126aa01ae2311617ad9e376fa69b6766589135f801","4602bd83f8142bde6b1b7d217f7216e259139fa850f4f85ed1d279f7ce7205a6","8b93bb403a354473713765d6346aa8cd863c02264ce64f55ccca0f6a100f0310","7066ed9c845dadb801047b9e4cbd2ea50f7af1c9f6d0836a9d5a5115d40fc92b","344531"
"BUNDLE-MI455X-MI455X-SIGN-0055","MI455X","1","MI455X-SIGN-0055","最小参考资料库/fact-assertions.csv","assertion_id","ASSERT-M2W3-AMD-MI455X-FP64-VECTOR-PEAK-BROCHURE","审计/子代理交接/m2_staging/M2-W3-AMD-MI455X-MODULE/structured/fact-assertions.csv","657ddf52f1423b5b4a4c2eab7a0e4543470de61f99f0e800e7eb9085522c6273","24952","draft","reviewed","","","","b04db78fb511e3f3f7c1a6c5f87948b901433ce6fdab736375327198a08e4d92","10bae893f159c53144e3195ae9c82f7fdfab21f0f8e31b9173727555d034be00","67266d5700f0ff639d6aef31b3d7e6d9d1416ab2247b117eec13549a759d06d2","7066ed9c845dadb801047b9e4cbd2ea50f7af1c9f6d0836a9d5a5115d40fc92b","344531"
"BUNDLE-MI455X-MI455X-SIGN-0056","MI455X","1","MI455X-SIGN-0056","最小参考资料库/fact-assertions.csv","assertion_id","ASSERT-M2W3-AMD-MI455X-INT8-MATRIX-BASE-PEAK-BROCHURE","审计/子代理交接/m2_staging/M2-W3-AMD-MI455X-MODULE/structured/fact-assertions.csv","657ddf52f1423b5b4a4c2eab7a0e4543470de61f99f0e800e7eb9085522c6273","24952","draft","reviewed","","","","c4b98c4f874bb7619613b0d9b0e06600eeb0fefd2c312e36353cd02f897de501","b57f43eddc7e258fa23fad15bc4eb2da34f9300bfe032363196b4dc046222846","09a32fb3f0abc767f5c57423cef2cb106204f928737b8ef6c46ab9c06a42b48e","7066ed9c845dadb801047b9e4cbd2ea50f7af1c9f6d0836a9d5a5115d40fc92b","344531"
"BUNDLE-MI455X-MI455X-SIGN-0057","MI455X","1","MI455X-SIGN-0057","最小参考资料库/fact-assertions.csv","assertion_id","ASSERT-M2W3-AMD-MI455X-INT8-MATRIX-SPARSE-PEAK-BROCHURE","审计/子代理交接/m2_staging/M2-W3-AMD-MI455X-MODULE/structured/fact-assertions.csv","657ddf52f1423b5b4a4c2eab7a0e4543470de61f99f0e800e7eb9085522c6273","24952","draft","reviewed","","","","97a2b1912f3e4c77964fca101dc1ae13511ec77af6e24bd06ae25758f3c8fd59","d5c2ee8fa873d20eab7b2f05ae6dd5b5144af4a1b1b9d50cd852e7f1264835ad","3921cbbad5547e68b40506383feecdbbe33d4048cbb88e0d30be8aa7cf679205","7066ed9c845dadb801047b9e4cbd2ea50f7af1c9f6d0836a9d5a5115d40fc92b","344531"
"BUNDLE-MI455X-MI455X-SIGN-0058","MI455X","1","MI455X-SIGN-0058","最小参考资料库/fact-assertions.csv","assertion_id","ASSERT-M2W3-AMD-MI455X-BF16-MATRIX-BASE-PEAK-BROCHURE","审计/子代理交接/m2_staging/M2-W3-AMD-MI455X-MODULE/structured/fact-assertions.csv","657ddf52f1423b5b4a4c2eab7a0e4543470de61f99f0e800e7eb9085522c6273","24952","draft","reviewed","","","","4192e7f4f8a7c965d868f07de8ba850aef6c632e188d2b4a53240eec81a5741c","1c8bc60cfd7ec469ea7e46db1096a90b1a744d4d9617f82940adf7e1ed2c46b7","37d256319849fbbbcdd06a1c92feb64251a5ebbdf45a731e0636fe147fe31697","7066ed9c845dadb801047b9e4cbd2ea50f7af1c9f6d0836a9d5a5115d40fc92b","344531"
"BUNDLE-MI455X-MI455X-SIGN-0059","MI455X","1","MI455X-SIGN-0059","最小参考资料库/fact-assertions.csv","assertion_id","ASSERT-M2W3-AMD-MI455X-BF16-MATRIX-SPARSE-PEAK-BROCHURE","审计/子代理交接/m2_staging/M2-W3-AMD-MI455X-MODULE/structured/fact-assertions.csv","657ddf52f1423b5b4a4c2eab7a0e4543470de61f99f0e800e7eb9085522c6273","24952","draft","reviewed","","","","0632d52f9f7e54fab2bb67120e6a418323e94a60150ade2e703d228b1c44a4b3","be30a7b4e00f4e921da791e6fdb34f126dd6b1768388bf5e61d4f70c9e195d9f","383ace3d6b507c9984043df495a0feb32af3330f8204aba32c8ef997cd079ce1","7066ed9c845dadb801047b9e4cbd2ea50f7af1c9f6d0836a9d5a5115d40fc92b","344531"
"BUNDLE-MI455X-MI455X-SIGN-0060","MI455X","1","MI455X-SIGN-0060","最小参考资料库/fact-assertions.csv","assertion_id","ASSERT-M2W3-AMD-MI455X-CPU-GPU-BW-BROCHURE","审计/子代理交接/m2_staging/M2-W3-AMD-MI455X-MODULE/structured/fact-assertions.csv","657ddf52f1423b5b4a4c2eab7a0e4543470de61f99f0e800e7eb9085522c6273","24952","draft","reviewed","","","","c26203e976f5a885bfd35d0215a309ff84558b692313e8d590b6a9eedce65967","04f9fa0cf31956f7cf43933e2c5128c409da6e5473892689eb1c01e5b1c13604","3209657391504351fdf461de26cd057d261b7a08294bff375225f496572aa0b6","7066ed9c845dadb801047b9e4cbd2ea50f7af1c9f6d0836a9d5a5115d40fc92b","344531"
"BUNDLE-MI455X-MI455X-SIGN-0061","MI455X","1","MI455X-SIGN-0061","最小参考资料库/fact-assertions.csv","assertion_id","ASSERT-M2W3-AMD-MI455X-SCALEUP-BW-PRODUCT","审计/子代理交接/m2_staging/M2-W3-AMD-MI455X-MODULE/structured/fact-assertions.csv","657ddf52f1423b5b4a4c2eab7a0e4543470de61f99f0e800e7eb9085522c6273","24952","draft","reviewed","","","","063360ea9e2a0a041c36223e6e051f68343ab5ae5fd3f6067330d6d2439c93e2","c038ab276042ad146433881595a3a9a519ae73866e4b60d5f5940aaf36583bf5","f86a4b0a7510377ad83ca68f896691000586e3738266bcc9e96a835f478040e5","7066ed9c845dadb801047b9e4cbd2ea50f7af1c9f6d0836a9d5a5115d40fc92b","344531"
"BUNDLE-MI455X-MI455X-SIGN-0062","MI455X","1","MI455X-SIGN-0062","最小参考资料库/fact-assertions.csv","assertion_id","ASSERT-M2W3-AMD-MI455X-SCALEOUT-BW-PRODUCT","审计/子代理交接/m2_staging/M2-W3-AMD-MI455X-MODULE/structured/fact-assertions.csv","657ddf52f1423b5b4a4c2eab7a0e4543470de61f99f0e800e7eb9085522c6273","24952","draft","reviewed","","","","5a0af36e80b9d01d04e11a3261615869791261dabe9c888e56d7246cc968a9a4","5284669b341f615866e7091b1b5223f2e02dc1756fc634bf87ea9c5cc4711b5c","a09aee52cae0b7b9db4f7aff8456436a0c41f6939af6af8fb245208e705f19ab","7066ed9c845dadb801047b9e4cbd2ea50f7af1c9f6d0836a9d5a5115d40fc92b","344531"
"BUNDLE-MI455X-MI455X-SIGN-0063","MI455X","1","MI455X-SIGN-0063","最小参考资料库/fact-assertions.csv","assertion_id","ASSERT-M2W3-AMD-MI455X-FAMILY-BROCHURE","审计/子代理交接/m2_staging/M2-W3-AMD-MI455X-MODULE/structured/fact-assertions.csv","657ddf52f1423b5b4a4c2eab7a0e4543470de61f99f0e800e7eb9085522c6273","24952","draft","reviewed","","","","45d0ed7838958475254e2b718676d36d3dc7fb480c36439f76a2e47a647ccb4a","6241f1afa6ffad9e8c0bf51429e17feeb238233af49510a759cba3e6053f8b6c","a0ef37d826748020481162844f15eab8c92cc6abe90a3c5008828763782a7ceb","7066ed9c845dadb801047b9e4cbd2ea50f7af1c9f6d0836a9d5a5115d40fc92b","344531"
"BUNDLE-MI455X-MI455X-SIGN-0064","MI455X","1","MI455X-SIGN-0064","最小参考资料库/fact-assertions.csv","assertion_id","ASSERT-M2W3-AMD-MI455X-NAME-BROCHURE","审计/子代理交接/m2_staging/M2-W3-AMD-MI455X-MODULE/structured/fact-assertions.csv","657ddf52f1423b5b4a4c2eab7a0e4543470de61f99f0e800e7eb9085522c6273","24952","draft","reviewed","","","","74ca7f6bb1aaebeecdc0199af992bbe24150add40cd3551e24da6beab74f060f","d8870c7a4df33bfff0065f55c68a27aae0990f885f57f0686f1749037ac464ac","8f637cb01defa5f5238329b31e9eb06945fe21ecc6c0c77b34ea793a67c0eff1","7066ed9c845dadb801047b9e4cbd2ea50f7af1c9f6d0836a9d5a5115d40fc92b","344531"
"BUNDLE-MI455X-MI455X-SIGN-0065","MI455X","1","MI455X-SIGN-0065","最小参考资料库/fact-assertions.csv","assertion_id","ASSERT-M2W3-AMD-MI455X-SKU-BROCHURE","审计/子代理交接/m2_staging/M2-W3-AMD-MI455X-MODULE/structured/fact-assertions.csv","657ddf52f1423b5b4a4c2eab7a0e4543470de61f99f0e800e7eb9085522c6273","24952","draft","reviewed","","","","3f49f3401960d1a211528cce25fc602ac221b159be5af180358f686625b82396","3f86f4f24eac1a4150e82b04c1208cdb3621b4581c89956c6e4586b0a18db95a","571425d77189ed4d186feb736aa1633212abf9f88cd87ba613dc7911362fc5e9","7066ed9c845dadb801047b9e4cbd2ea50f7af1c9f6d0836a9d5a5115d40fc92b","344531"
"BUNDLE-MI455X-MI455X-SIGN-0066","MI455X","1","MI455X-SIGN-0066","最小参考资料库/fact-assertions.csv","assertion_id","ASSERT-M2W3-AMD-MI455X-PROCESS-BROCHURE","审计/子代理交接/m2_staging/M2-W3-AMD-MI455X-MODULE/structured/fact-assertions.csv","657ddf52f1423b5b4a4c2eab7a0e4543470de61f99f0e800e7eb9085522c6273","24952","draft","reviewed","","","","5a4710541235fc46dc1368e24d3459cf63dcf1189f55f59032d3294cd23d367a","2edfbe6f16a96d65269c1b2c8c6ba7082e06d406f512e3b06582e9827a7a5045","0e3de671b8b261687f39af87f155aef3869f0a285b11915a7d3767f3b991f967","7066ed9c845dadb801047b9e4cbd2ea50f7af1c9f6d0836a9d5a5115d40fc92b","344531"
"BUNDLE-MI455X-MI455X-SIGN-0067","MI455X","1","MI455X-SIGN-0067","最小参考资料库/fact-assertions.csv","assertion_id","ASSERT-M2W3-AMD-MI455X-CLOCK-PRODUCT","审计/子代理交接/m2_staging/M2-W3-AMD-MI455X-MODULE/structured/fact-assertions.csv","657ddf52f1423b5b4a4c2eab7a0e4543470de61f99f0e800e7eb9085522c6273","24952","draft","reviewed","","","","a848a19339f03d2ed45f543242bc77caee7fe62203dac698059810378b5fcef7","f47f0a05640358deb4f630339944ffc20564d0589d67751bdc36731971da3cd7","bd36d99a7b73fe429478f591e789763574a514b5a66130b473958d9855e6c35b","7066ed9c845dadb801047b9e4cbd2ea50f7af1c9f6d0836a9d5a5115d40fc92b","344531"
"BUNDLE-MI455X-MI455X-SIGN-0068","MI455X","1","MI455X-SIGN-0068","最小参考资料库/fact-assertions.csv","assertion_id","ASSERT-M2W3-AMD-MI455X-FORM-FACTOR-PRODUCT","审计/子代理交接/m2_staging/M2-W3-AMD-MI455X-MODULE/structured/fact-assertions.csv","657ddf52f1423b5b4a4c2eab7a0e4543470de61f99f0e800e7eb9085522c6273","24952","draft","reviewed","","","","24d0cd0535e47f76306e93afef8caa3222959b277c41893df5477f229c7dc9c0","527cb8d32e0a4e749d10fc2f6badec519a5c3fa820ea1628ead22414a52fb83e","e63122268f2e7ecbedd8aecaefddbbb32c7a37583034c1863b7ceaaa623041e4","7066ed9c845dadb801047b9e4cbd2ea50f7af1c9f6d0836a9d5a5115d40fc92b","344531"
"BUNDLE-MI455X-MI455X-SIGN-0069","MI455X","1","MI455X-SIGN-0069","最小参考资料库/fact-assertions.csv","assertion_id","ASSERT-M2W3-AMD-MI455X-COOLING-PRODUCT","审计/子代理交接/m2_staging/M2-W3-AMD-MI455X-MODULE/structured/fact-assertions.csv","657ddf52f1423b5b4a4c2eab7a0e4543470de61f99f0e800e7eb9085522c6273","24952","draft","reviewed","","","","3b9f0f0fb5231689778976771d1f64a76246847cd4a3fcf3fd27ab3e03558369","b3ea1413beac0e302bca096b9261342d90cfec08d248c2b0ddb585071ff1686b","2df0a42295b34ab8202b258dca6ac3dc49678529a5149aaec9eb85821531007a","7066ed9c845dadb801047b9e4cbd2ea50f7af1c9f6d0836a9d5a5115d40fc92b","344531"
"BUNDLE-MI455X-MI455X-SIGN-0070","MI455X","1","MI455X-SIGN-0070","最小参考资料库/fact-assertions.csv","assertion_id","ASSERT-M2W3-AMD-MI455X-HBM-STACKS-MI400","审计/子代理交接/m2_staging/M2-W3-AMD-MI455X-MODULE/structured/fact-assertions.csv","657ddf52f1423b5b4a4c2eab7a0e4543470de61f99f0e800e7eb9085522c6273","24952","draft","reviewed","","","","fca1ef2f6d55fb034bf4d63e184196fff1e5a07aa2f184d18b0b31a468bee099","fa8b94cec80b5c4eda0cec904faf8c2d9ffd203e4730afdb728ec0033b86d322","91001cebf4c4c1361e78c27ec425ad46b21c4871c0ebcc35a0ef90ace079f261","7066ed9c845dadb801047b9e4cbd2ea50f7af1c9f6d0836a9d5a5115d40fc92b","344531"
"BUNDLE-MI455X-MI455X-SIGN-0071","MI455X","1","MI455X-SIGN-0071","最小参考资料库/fact-assertions.csv","assertion_id","ASSERT-M2W3-AMD-MI455X-HBM4-CAPACITY-PRODUCT","审计/子代理交接/m2_staging/M2-W3-AMD-MI455X-MODULE/structured/fact-assertions.csv","657ddf52f1423b5b4a4c2eab7a0e4543470de61f99f0e800e7eb9085522c6273","24952","draft","reviewed","","","","e398eb8b80765e0ba672cb533a4aa17c5e275da07dc5af66a50991b07caffe3a","1bda034bd8d9546f2a524776ad228093167aeba2f14d4b41be223789f013eaba","52af0dabc9d71c943c16ec649d23e03f73e3f1a8563f0aa56c19fa3883ba89ff","7066ed9c845dadb801047b9e4cbd2ea50f7af1c9f6d0836a9d5a5115d40fc92b","344531"
"BUNDLE-MI455X-MI455X-SIGN-0072","MI455X","1","MI455X-SIGN-0072","最小参考资料库/fact-assertions.csv","assertion_id","ASSERT-M2W3-AMD-MI455X-HBM4-BW-PRODUCT","审计/子代理交接/m2_staging/M2-W3-AMD-MI455X-MODULE/structured/fact-assertions.csv","657ddf52f1423b5b4a4c2eab7a0e4543470de61f99f0e800e7eb9085522c6273","24952","draft","reviewed","","","","cfbe35ab5096e868e3bc8fce4e7bdb83241ccca1cd39b13c82e88506dfce2d6c","3210fd4a4057ba40aa1b3da48d99e8cc3bc57aacd1d9c314059a1bfd6c8e6ce2","0da6942a4c291802335ead37dfd058bec39c52c423e3fd2027c4c8d3de19a30e","7066ed9c845dadb801047b9e4cbd2ea50f7af1c9f6d0836a9d5a5115d40fc92b","344531"
"BUNDLE-MI455X-MI455X-SIGN-0073","MI455X","1","MI455X-SIGN-0073","最小参考资料库/fact-assertions.csv","assertion_id","ASSERT-M2W3-AMD-MI455X-MXFP4-PEAK-PRODUCT","审计/子代理交接/m2_staging/M2-W3-AMD-MI455X-MODULE/structured/fact-assertions.csv","657ddf52f1423b5b4a4c2eab7a0e4543470de61f99f0e800e7eb9085522c6273","24952","draft","reviewed","","","","e8a9ef37bd4504a4f3c261e67626cf79470a1bb292c128361b4df6db76b14528","cb9b3423110606cd177eb0d782cb7c83d5f4953f42c8f08628ea1964eadc89c8","e3ed9a35cf85dd62c0a42a238a8f78f68ce146d3507a9c60fb5b6d6a2828f064","7066ed9c845dadb801047b9e4cbd2ea50f7af1c9f6d0836a9d5a5115d40fc92b","344531"
"BUNDLE-MI455X-MI455X-SIGN-0074","MI455X","1","MI455X-SIGN-0074","最小参考资料库/fact-assertions.csv","assertion_id","ASSERT-M2W3-AMD-MI455X-MXFP8-PEAK-PRODUCT","审计/子代理交接/m2_staging/M2-W3-AMD-MI455X-MODULE/structured/fact-assertions.csv","657ddf52f1423b5b4a4c2eab7a0e4543470de61f99f0e800e7eb9085522c6273","24952","draft","reviewed","","","","2bea8b8a4854bc594afd66e9be3cf3d7d8f51737ccad013f4cf6b22b75c657a3","3cec68bc86f3a384cac61bb286b98cd4c27b86a152c62bb94b0512e641b24445","ebcb8511ffe75e454d495cd18e57d6f9602f83c53d148beee5122a43c89bf2fc","7066ed9c845dadb801047b9e4cbd2ea50f7af1c9f6d0836a9d5a5115d40fc92b","344531"
"BUNDLE-MI455X-MI455X-SIGN-0075","MI455X","1","MI455X-SIGN-0075","最小参考资料库/fact-assertions.csv","assertion_id","ASSERT-M2W3-AMD-MI455X-FP16-MATRIX-BASE-PEAK-PRODUCT","审计/子代理交接/m2_staging/M2-W3-AMD-MI455X-MODULE/structured/fact-assertions.csv","657ddf52f1423b5b4a4c2eab7a0e4543470de61f99f0e800e7eb9085522c6273","24952","draft","reviewed","","","","65b38e734a4bb93f14c4b01b1144cc1b5acc756bb6ec6fc6212bc3ca4d0c173a","5e68d5b7e90ccb983e5cf402451f3440a41ac8c11b47336a2284f48fea409858","09f8576e02e741f2940f77f0d9e6e70292b31ac111b8fb468535cd4c5cdff701","7066ed9c845dadb801047b9e4cbd2ea50f7af1c9f6d0836a9d5a5115d40fc92b","344531"
"BUNDLE-MI455X-MI455X-SIGN-0076","MI455X","1","MI455X-SIGN-0076","最小参考资料库/fact-assertions.csv","assertion_id","ASSERT-M2W3-AMD-MI455X-FP32-MATRIX-PEAK-PRODUCT","审计/子代理交接/m2_staging/M2-W3-AMD-MI455X-MODULE/structured/fact-assertions.csv","657ddf52f1423b5b4a4c2eab7a0e4543470de61f99f0e800e7eb9085522c6273","24952","draft","reviewed","","","","09e6b7250317d006f5d54c6a6529c4ea64630cbdfb54f2459f807e1deccad076","e776e13b9e247c4e09cbddbc33fedd82957897c96d1d8a0f8230f569adf108c4","812859dd9a04534ba47bf362506e32f1b59a085fde1cf049cea8eda1c5e386a2","7066ed9c845dadb801047b9e4cbd2ea50f7af1c9f6d0836a9d5a5115d40fc92b","344531"
"BUNDLE-MI455X-MI455X-SIGN-0077","MI455X","1","MI455X-SIGN-0077","数据/facts.csv","fact_id","FACT-M2W3-AMD-MI455X-VENDOR","审计/子代理交接/m2_staging/M2-W3-AMD-MI455X-MODULE/structured/facts.csv","f4b00f996a666f38e671c16d979512b9216ec809d513bb48fcbc0d06683d7579","18486","draft","reviewed","","","","ab42b4d43329bad052a41efce8c235e4ace3f4b4e3692c4e4d0ad3387cda429b","cb0532b38b081b9e84fc15a9d32b042aa0a3358a4d7662b3a8b942504d47dcc7","3908e72e7b27a1d59cd508416d881965c7d39629e52e07c0abac25c779ed41ff","7886e76bac608e8cfd0131a15d93922596bb5a0d8b16508a696c7d91877c50ea","277845"
"BUNDLE-MI455X-MI455X-SIGN-0078","MI455X","1","MI455X-SIGN-0078","数据/facts.csv","fact_id","FACT-M2W3-AMD-MI455X-FAMILY","审计/子代理交接/m2_staging/M2-W3-AMD-MI455X-MODULE/structured/facts.csv","f4b00f996a666f38e671c16d979512b9216ec809d513bb48fcbc0d06683d7579","18486","draft","reviewed","","","","28fd1c0d4e89797c4b56ab99b06199b7269496c55a1dacdbbdf43877a819ea7a","002fdb43b555688a6f35d8d697f5f5edbdcf833d62627671cec483d2a73cb963","4d618bcadeb71bc3a4cb87c45b745519d8f412b22570dd08aca09f37d1b9e8ab","7886e76bac608e8cfd0131a15d93922596bb5a0d8b16508a696c7d91877c50ea","277845"
"BUNDLE-MI455X-MI455X-SIGN-0079","MI455X","1","MI455X-SIGN-0079","数据/facts.csv","fact_id","FACT-M2W3-AMD-MI455X-NAME","审计/子代理交接/m2_staging/M2-W3-AMD-MI455X-MODULE/structured/facts.csv","f4b00f996a666f38e671c16d979512b9216ec809d513bb48fcbc0d06683d7579","18486","draft","reviewed","","","","dd73bff2dc9fa46aeab65e92bca9271292d866a127293f7250bce2650bce2397","eff24b4e68e1f302b3b6715081da3f28a76a6065cc3e8f3eadbb821b9c6dd312","d15b08335f1646b52754aa4ffa21d573b74878e4e91790fbecb6559ec04cdf9e","7886e76bac608e8cfd0131a15d93922596bb5a0d8b16508a696c7d91877c50ea","277845"
"BUNDLE-MI455X-MI455X-SIGN-0080","MI455X","1","MI455X-SIGN-0080","数据/facts.csv","fact_id","FACT-M2W3-AMD-MI455X-SKU","审计/子代理交接/m2_staging/M2-W3-AMD-MI455X-MODULE/structured/facts.csv","f4b00f996a666f38e671c16d979512b9216ec809d513bb48fcbc0d06683d7579","18486","draft","reviewed","","","","df7e86b9e498d115c3ec4624e54135c65f179349fc4b15f4362c8d2c78886013","fd98f15546263c3599ebb949af3e0a0d7383be45d6d00df6a74fb6328eff5970","b942adda98811d2f6bda16977480645f4f938906379bbae19a1a422747614d34","7886e76bac608e8cfd0131a15d93922596bb5a0d8b16508a696c7d91877c50ea","277845"
"BUNDLE-MI455X-MI455X-SIGN-0081","MI455X","1","MI455X-SIGN-0081","数据/facts.csv","fact_id","FACT-M2W3-AMD-MI455X-OBJECT-TYPE","审计/子代理交接/m2_staging/M2-W3-AMD-MI455X-MODULE/structured/facts.csv","f4b00f996a666f38e671c16d979512b9216ec809d513bb48fcbc0d06683d7579","18486","draft","reviewed","","","","3200fabc46190ab0056b279f9cd3c26ff09fbe77f1f145310dd653c2c2726043","b4ef3112206e728141258591234d75327fa89db794cf4135ff93af00dbb02e6c","7d8c263a799e870098d11a39f9847cd14737fab9b03fcfeae15ac28d1b56bb1d","7886e76bac608e8cfd0131a15d93922596bb5a0d8b16508a696c7d91877c50ea","277845"
"BUNDLE-MI455X-MI455X-SIGN-0082","MI455X","1","MI455X-SIGN-0082","数据/facts.csv","fact_id","FACT-M2W3-AMD-MI455X-RELEASE-DATE","审计/子代理交接/m2_staging/M2-W3-AMD-MI455X-MODULE/structured/facts.csv","f4b00f996a666f38e671c16d979512b9216ec809d513bb48fcbc0d06683d7579","18486","draft","reviewed","","","","26ddb60073a0478a7f2528245ef4e536ed638951dc0bb1fb38cdab91d7bbb79f","04196b7b6e1f762c8829c85c8b09af5d7772bde347f39f5a6910f55e5e301f48","8731a662fb95e1edf469731727ce4630ac6377377f33772263278aa57e712473","7886e76bac608e8cfd0131a15d93922596bb5a0d8b16508a696c7d91877c50ea","277845"
"BUNDLE-MI455X-MI455X-SIGN-0083","MI455X","1","MI455X-SIGN-0083","数据/facts.csv","fact_id","FACT-M2W3-AMD-MI455X-STATUS","审计/子代理交接/m2_staging/M2-W3-AMD-MI455X-MODULE/structured/facts.csv","f4b00f996a666f38e671c16d979512b9216ec809d513bb48fcbc0d06683d7579","18486","draft","reviewed","","","","1f1f4f4dd232ace79dada2d51dfed71d1754fb799c8fed0144c6755f32c09409","b1d4bdd46bf5de1e31fa67968deafca375d93884fdf496632a51a84b3f53f9e7","1d3e176acd94ebd8024693be40e11e14129a79b736b02d458bc54bdd3cd7ebf7","7886e76bac608e8cfd0131a15d93922596bb5a0d8b16508a696c7d91877c50ea","277845"
"BUNDLE-MI455X-MI455X-SIGN-0084","MI455X","1","MI455X-SIGN-0084","数据/facts.csv","fact_id","FACT-M2W3-AMD-MI455X-PROCESS","审计/子代理交接/m2_staging/M2-W3-AMD-MI455X-MODULE/structured/facts.csv","f4b00f996a666f38e671c16d979512b9216ec809d513bb48fcbc0d06683d7579","18486","draft","reviewed","","","","f2cb37daa98232244e971fa188587e678c56026d432e7f8575024e2c48cf4e13","fd426dfb7800242a7326b79d26f6aa79a912e0e1e372cdbe0046792716a745d0","03c6dd165c0e20f95f76a0fe2b11e6082ec80e18424a450d585b21cfee9abfef","7886e76bac608e8cfd0131a15d93922596bb5a0d8b16508a696c7d91877c50ea","277845"
"BUNDLE-MI455X-MI455X-SIGN-0085","MI455X","1","MI455X-SIGN-0085","数据/facts.csv","fact_id","FACT-M2W3-AMD-MI455X-PACKAGE","审计/子代理交接/m2_staging/M2-W3-AMD-MI455X-MODULE/structured/facts.csv","f4b00f996a666f38e671c16d979512b9216ec809d513bb48fcbc0d06683d7579","18486","draft","reviewed","","","","cbb31d3754fbee0589e3bcaad82195abb1beb8d2c3f294096fefd35fbe66d8b5","8b9580015287c029df19c94f60ea320c7b6436e4925b2dc233cdf36c4a505a38","ed8375867147d01311709e88208068361ba680565ad012a4bd2e3fe68828a1da","7886e76bac608e8cfd0131a15d93922596bb5a0d8b16508a696c7d91877c50ea","277845"
"BUNDLE-MI455X-MI455X-SIGN-0086","MI455X","1","MI455X-SIGN-0086","数据/facts.csv","fact_id","FACT-M2W3-AMD-MI455X-XCD-COUNT","审计/子代理交接/m2_staging/M2-W3-AMD-MI455X-MODULE/structured/facts.csv","f4b00f996a666f38e671c16d979512b9216ec809d513bb48fcbc0d06683d7579","18486","draft","reviewed","","","","4d249231f55e47c7e5bdf0ca35a094fec68b045a0bee1dfab2a8fadaf1462b12","4e6e4de6813a5d41e41bcc200184e9ecb071861ec9c5760a34c12426e034ba9e","a233fb44b2b3a5687f77ccef2ab97ad4895602afc09be32ece01a542a35d0ebc","7886e76bac608e8cfd0131a15d93922596bb5a0d8b16508a696c7d91877c50ea","277845"
"BUNDLE-MI455X-MI455X-SIGN-0087","MI455X","1","MI455X-SIGN-0087","数据/facts.csv","fact_id","FACT-M2W3-AMD-MI455X-IOD-COUNT","审计/子代理交接/m2_staging/M2-W3-AMD-MI455X-MODULE/structured/facts.csv","f4b00f996a666f38e671c16d979512b9216ec809d513bb48fcbc0d06683d7579","18486","draft","reviewed","","","","4a0b2a9a3c8b89d2b9d312c8273235888d71b0a8da132cde98ea2c0c04860366","4049b84ffebfad8f18484397245d2bc86c91ae8cb287ff7e31ea1a0728d4e3a9","99456be9188eb9f3762b83622f1b70d0a884d117f2a0c8276bae055e8662bdc2","7886e76bac608e8cfd0131a15d93922596bb5a0d8b16508a696c7d91877c50ea","277845"
"BUNDLE-MI455X-MI455X-SIGN-0088","MI455X","1","MI455X-SIGN-0088","数据/facts.csv","fact_id","FACT-M2W3-AMD-MI455X-TRANSISTORS","审计/子代理交接/m2_staging/M2-W3-AMD-MI455X-MODULE/structured/facts.csv","f4b00f996a666f38e671c16d979512b9216ec809d513bb48fcbc0d06683d7579","18486","draft","reviewed","","","","d2a1e90a8b814c94d9fb8e66e98a7b9ecc0416f173e441f0ab3b482e77860215","57d0c04b8cc41a152b128a2b89a0b7ae676d4c72b2ec61d89e829be3483019f7","693b83485335cac2928b4c21ef9cce5f06f81eeece4776497dd53c9fa7a31199","7886e76bac608e8cfd0131a15d93922596bb5a0d8b16508a696c7d91877c50ea","277845"
"BUNDLE-MI455X-MI455X-SIGN-0089","MI455X","1","MI455X-SIGN-0089","数据/facts.csv","fact_id","FACT-M2W3-AMD-MI455X-CLOCK","审计/子代理交接/m2_staging/M2-W3-AMD-MI455X-MODULE/structured/facts.csv","f4b00f996a666f38e671c16d979512b9216ec809d513bb48fcbc0d06683d7579","18486","draft","reviewed","","","","d751080b9ca8eac8246b10afc8823db2f13f2c1a7321809b2a36de541d70cb11","c07dcf809c742b045b1c568e9ad9c071ad17503c4f1d679788f159d10b5fbdf1","ca379bc8a2512ae9d697df9269962c4b701a8f24f18c9fd762a7e4b9d8db8459","7886e76bac608e8cfd0131a15d93922596bb5a0d8b16508a696c7d91877c50ea","277845"
"BUNDLE-MI455X-MI455X-SIGN-0090","MI455X","1","MI455X-SIGN-0090","数据/facts.csv","fact_id","FACT-M2W3-AMD-MI455X-FORM-FACTOR","审计/子代理交接/m2_staging/M2-W3-AMD-MI455X-MODULE/structured/facts.csv","f4b00f996a666f38e671c16d979512b9216ec809d513bb48fcbc0d06683d7579","18486","draft","reviewed","","","","2c59e2aacb20bda737de9d0ee4521d422d4af1063ad29189ab35e44f703e0e4c","20e02b9a53aa7e63c40ec224e679fb039493acb14510089d1f07a82a1a0b551a","9046a22de1380f093d37cb20f9798ce8943b8ba0bc51de280ca8ce646bd2de1f","7886e76bac608e8cfd0131a15d93922596bb5a0d8b16508a696c7d91877c50ea","277845"
"BUNDLE-MI455X-MI455X-SIGN-0091","MI455X","1","MI455X-SIGN-0091","数据/facts.csv","fact_id","FACT-M2W3-AMD-MI455X-COOLING","审计/子代理交接/m2_staging/M2-W3-AMD-MI455X-MODULE/structured/facts.csv","f4b00f996a666f38e671c16d979512b9216ec809d513bb48fcbc0d06683d7579","18486","draft","reviewed","","","","a7e8ababab4bc9baebd59a304056c969a1da833fd0e5ffbca1502780ffa4608a","421d7f4871d4b2ae5cb976ead01eb72b81d1198ac95819714ce307d17fdcee31","39844a3073d97d7be05e84bfff840c48ac960ce5fc7033b389bf1f90421b7c96","7886e76bac608e8cfd0131a15d93922596bb5a0d8b16508a696c7d91877c50ea","277845"
"BUNDLE-MI455X-MI455X-SIGN-0092","MI455X","1","MI455X-SIGN-0092","数据/facts.csv","fact_id","FACT-M2W3-AMD-MI455X-HBM-STACKS","审计/子代理交接/m2_staging/M2-W3-AMD-MI455X-MODULE/structured/facts.csv","f4b00f996a666f38e671c16d979512b9216ec809d513bb48fcbc0d06683d7579","18486","draft","reviewed","","","","f5926899a34cb317b05f4c4a063b109a3ae53db5a80c322e6baa29aced16b295","7ce5e2cc6affc2e1d417bc1386ce8fdc7658079bddece176f2dc8a51e3754fe9","ed0d670f92ef6d163a57c75bd53e30a4b0b861aed626671ca13395a82259a907","7886e76bac608e8cfd0131a15d93922596bb5a0d8b16508a696c7d91877c50ea","277845"
"BUNDLE-MI455X-MI455X-SIGN-0093","MI455X","1","MI455X-SIGN-0093","数据/facts.csv","fact_id","FACT-M2W3-AMD-MI455X-RAS","审计/子代理交接/m2_staging/M2-W3-AMD-MI455X-MODULE/structured/facts.csv","f4b00f996a666f38e671c16d979512b9216ec809d513bb48fcbc0d06683d7579","18486","draft","reviewed","","","","929d65779ab207ae8f2c528c08a775149c1575e4f9feecdfd66c0d4f23c469a0","f2b1489b2fcbba94d21537d93804a72df6dae0c98d7a3fdc5ec714701e872072","b11a526a37473423729e08cc000bf6612a45db8d591d3ba20681b1e1d251db4c","7886e76bac608e8cfd0131a15d93922596bb5a0d8b16508a696c7d91877c50ea","277845"
"BUNDLE-MI455X-MI455X-SIGN-0094","MI455X","1","MI455X-SIGN-0094","数据/facts.csv","fact_id","FACT-M2W3-AMD-MI455X-WGP-COUNT","审计/子代理交接/m2_staging/M2-W3-AMD-MI455X-MODULE/structured/facts.csv","f4b00f996a666f38e671c16d979512b9216ec809d513bb48fcbc0d06683d7579","18486","draft","reviewed","","","","de8bfb447efcb94d2d5de93a09114ff854611f1873d80e1e9456db9e3e30d099","df3f761e658a44fe95e18307ddfd0764c3f2228555873119c1aeee9931460ac9","5c207457cbf6ab122121be2d499e907ef75996a843db85cd116fd6428eab25b0","7886e76bac608e8cfd0131a15d93922596bb5a0d8b16508a696c7d91877c50ea","277845"
"BUNDLE-MI455X-MI455X-SIGN-0095","MI455X","1","MI455X-SIGN-0095","数据/facts.csv","fact_id","FACT-M2W3-AMD-MI455X-HBM4-CAPACITY","审计/子代理交接/m2_staging/M2-W3-AMD-MI455X-MODULE/structured/facts.csv","f4b00f996a666f38e671c16d979512b9216ec809d513bb48fcbc0d06683d7579","18486","draft","reviewed","","","","efcbec4d1c1da91215b22d183e31cae13202349786332113cb7ef490ec02db90","d323b4b5c3ed58bf2921c89c9c27cf90b9f46934042a64b26c1ef5be3cb92137","42e519ed730742dc61ffb0d99e67810ddfd4163809bbe27ff3d35446fb4c6fcb","7886e76bac608e8cfd0131a15d93922596bb5a0d8b16508a696c7d91877c50ea","277845"
"BUNDLE-MI455X-MI455X-SIGN-0096","MI455X","1","MI455X-SIGN-0096","数据/facts.csv","fact_id","FACT-M2W3-AMD-MI455X-L2-CAPACITY","审计/子代理交接/m2_staging/M2-W3-AMD-MI455X-MODULE/structured/facts.csv","f4b00f996a666f38e671c16d979512b9216ec809d513bb48fcbc0d06683d7579","18486","draft","reviewed","","","","083af55874e6cbf2779798b3f0d41db3b57f0a15f9213852bfceaefe41f8fe38","9f6783a28442dd76d5b360453728d2cc1f29171b17a90f9d7d0d836cb4ea3010","73552315e638902ef0244e019c5e506ac5123455962b0b04529e11a893cc4230","7886e76bac608e8cfd0131a15d93922596bb5a0d8b16508a696c7d91877c50ea","277845"
"BUNDLE-MI455X-MI455X-SIGN-0097","MI455X","1","MI455X-SIGN-0097","数据/facts.csv","fact_id","FACT-M2W3-AMD-MI455X-HBM4-BW","审计/子代理交接/m2_staging/M2-W3-AMD-MI455X-MODULE/structured/facts.csv","f4b00f996a666f38e671c16d979512b9216ec809d513bb48fcbc0d06683d7579","18486","draft","reviewed","","","","ac026322ea768404fd4ebcfd15009a766b9ca835edbd5b8432831c55239882b9","3d6e82b2185413b823362e7c31e3585cb3071e9ff8961e9b7f1117e9e2881ea7","c93bc1762830baa2ff1e0305d1a7f7bab79b83a38183ef2d8b4253d36681582a","7886e76bac608e8cfd0131a15d93922596bb5a0d8b16508a696c7d91877c50ea","277845"
"BUNDLE-MI455X-MI455X-SIGN-0098","MI455X","1","MI455X-SIGN-0098","数据/facts.csv","fact_id","FACT-M2W3-AMD-MI455X-MXFP4-PEAK","审计/子代理交接/m2_staging/M2-W3-AMD-MI455X-MODULE/structured/facts.csv","f4b00f996a666f38e671c16d979512b9216ec809d513bb48fcbc0d06683d7579","18486","draft","reviewed","","","","b8df3953002f4d88c0cc5bc5220584584acc3ca6a0794ccdf4e8093c0fd4fb1e","89378adc28fded2776931269ea400784ea25241e0da9c3021fd195976081e60e","53078379ca919350755b489168e1ebac61c14136bf999bbb3256ddbd28431963","7886e76bac608e8cfd0131a15d93922596bb5a0d8b16508a696c7d91877c50ea","277845"
"BUNDLE-MI455X-MI455X-SIGN-0099","MI455X","1","MI455X-SIGN-0099","数据/facts.csv","fact_id","FACT-M2W3-AMD-MI455X-MXFP6-PEAK","审计/子代理交接/m2_staging/M2-W3-AMD-MI455X-MODULE/structured/facts.csv","f4b00f996a666f38e671c16d979512b9216ec809d513bb48fcbc0d06683d7579","18486","draft","reviewed","","","","8569c0f545323f8761e895947233b2ac89ed76e416777c8c4aac07ed923a4d69","9a41e846788909b513a4755c3a20f63d749faac1fcdd2c578ee8175c9eb66067","d001aa3dc807d9af0180ca61fa6e009cef87f46f4e9ebb25238db0a29dd5a831","7886e76bac608e8cfd0131a15d93922596bb5a0d8b16508a696c7d91877c50ea","277845"
"BUNDLE-MI455X-MI455X-SIGN-0100","MI455X","1","MI455X-SIGN-0100","数据/facts.csv","fact_id","FACT-M2W3-AMD-MI455X-MXFP8-PEAK","审计/子代理交接/m2_staging/M2-W3-AMD-MI455X-MODULE/structured/facts.csv","f4b00f996a666f38e671c16d979512b9216ec809d513bb48fcbc0d06683d7579","18486","draft","reviewed","","","","a887b999c967ba76808aa522201e2db3cad3a5151eb5adb856a265a59930526e","3a09542ed78f9bf4c243279de2ca72422f4532704391aa141cd03b65283d7c3e","965b84f0dd36c363b387ffa2f8d89d2575f1105be7a8e7d073ce21e188768d88","7886e76bac608e8cfd0131a15d93922596bb5a0d8b16508a696c7d91877c50ea","277845"
"BUNDLE-MI455X-MI455X-SIGN-0101","MI455X","1","MI455X-SIGN-0101","数据/facts.csv","fact_id","FACT-M2W3-AMD-MI455X-FP8-PEAK","审计/子代理交接/m2_staging/M2-W3-AMD-MI455X-MODULE/structured/facts.csv","f4b00f996a666f38e671c16d979512b9216ec809d513bb48fcbc0d06683d7579","18486","draft","reviewed","","","","c9ec42edf478017386b02e1646d14fa04409d73a0d8750a2fcc2751a1c04d1a7","f34779dd311dde0d79f9dfb7a10bf6c5ae6fc33c04679affd4ae4996bdf9c3f5","540cd05f709aa047134ad430a500f6ef7781addab6c88e3d780c4bfe82bcb0f3","7886e76bac608e8cfd0131a15d93922596bb5a0d8b16508a696c7d91877c50ea","277845"
"BUNDLE-MI455X-MI455X-SIGN-0102","MI455X","1","MI455X-SIGN-0102","数据/facts.csv","fact_id","FACT-M2W3-AMD-MI455X-FP16-VECTOR-PEAK","审计/子代理交接/m2_staging/M2-W3-AMD-MI455X-MODULE/structured/facts.csv","f4b00f996a666f38e671c16d979512b9216ec809d513bb48fcbc0d06683d7579","18486","draft","reviewed","","","","62965f046f04166681274442489ddc50b4f19d174a5ae5e4708499c8a87338c1","a0beb5eb9f9cc7f28f170cd26f595982518e3c7abe44efbd94ebe88399c39131","691097e119c1d680e1b0091e85c5835628e5b3683fc77557734bca0d985066aa","7886e76bac608e8cfd0131a15d93922596bb5a0d8b16508a696c7d91877c50ea","277845"
"BUNDLE-MI455X-MI455X-SIGN-0103","MI455X","1","MI455X-SIGN-0103","数据/facts.csv","fact_id","FACT-M2W3-AMD-MI455X-FP16-MATRIX-BASE-PEAK","审计/子代理交接/m2_staging/M2-W3-AMD-MI455X-MODULE/structured/facts.csv","f4b00f996a666f38e671c16d979512b9216ec809d513bb48fcbc0d06683d7579","18486","draft","reviewed","","","","3204ee2ba980c3118ad2a444e0039170625420ed073933567a8442516a9743db","f99efa17563dd3df6f68134041c50ae965723371bbea5519a44295f5dcc968c6","5f6d90f9c9047b4499f57ea1e67a7a030ad0dad4dd7c5ebd467b7a74d596ea13","7886e76bac608e8cfd0131a15d93922596bb5a0d8b16508a696c7d91877c50ea","277845"
"BUNDLE-MI455X-MI455X-SIGN-0104","MI455X","1","MI455X-SIGN-0104","数据/facts.csv","fact_id","FACT-M2W3-AMD-MI455X-FP16-MATRIX-SPARSE-PEAK","审计/子代理交接/m2_staging/M2-W3-AMD-MI455X-MODULE/structured/facts.csv","f4b00f996a666f38e671c16d979512b9216ec809d513bb48fcbc0d06683d7579","18486","draft","reviewed","","","","7ffa7471b3951b50f990d6a891d874f3c8b05643dc7c92146f56b3c4437f0ff4","a4c5ec9d64850349107320e0a8d652be37ce81c5c691cf9a2f9f716fd870dd43","2cc28dfb7fa5def50571dbb913bbd97f6a04ae0ebd688fc7f76298e3f164082d","7886e76bac608e8cfd0131a15d93922596bb5a0d8b16508a696c7d91877c50ea","277845"
"BUNDLE-MI455X-MI455X-SIGN-0105","MI455X","1","MI455X-SIGN-0105","数据/facts.csv","fact_id","FACT-M2W3-AMD-MI455X-FP32-MATRIX-PEAK","审计/子代理交接/m2_staging/M2-W3-AMD-MI455X-MODULE/structured/facts.csv","f4b00f996a666f38e671c16d979512b9216ec809d513bb48fcbc0d06683d7579","18486","draft","reviewed","","","","94e0d7eb0de225f0fc541709e5ded8082e4f41bcd0ad226bc8862d70ef2b13db","401a38f37d2b8e6464fba0b301390edd8ef5657290310cebe2716d9bc7ba15f0","9250f31e4ee6152dd5a04da28c13e74a7cba7a42e8faecc012578fb4bc2e66ca","7886e76bac608e8cfd0131a15d93922596bb5a0d8b16508a696c7d91877c50ea","277845"
"BUNDLE-MI455X-MI455X-SIGN-0106","MI455X","1","MI455X-SIGN-0106","数据/facts.csv","fact_id","FACT-M2W3-AMD-MI455X-FP32-VECTOR-PEAK","审计/子代理交接/m2_staging/M2-W3-AMD-MI455X-MODULE/structured/facts.csv","f4b00f996a666f38e671c16d979512b9216ec809d513bb48fcbc0d06683d7579","18486","draft","reviewed","","","","f84c496df64cd5544ff7794b6564c289bdb1701447efbc2aae0e379d51d62f20","b9503310fde2dfdaed3b819018b83149d3c1142a7cbd55639939275996cbdb8e","961c5721c304fa982952ef47927c2577372067f085c548e59646dc0f13d9f7e7","7886e76bac608e8cfd0131a15d93922596bb5a0d8b16508a696c7d91877c50ea","277845"
"BUNDLE-MI455X-MI455X-SIGN-0107","MI455X","1","MI455X-SIGN-0107","数据/facts.csv","fact_id","FACT-M2W3-AMD-MI455X-FP64-MATRIX-PEAK","审计/子代理交接/m2_staging/M2-W3-AMD-MI455X-MODULE/structured/facts.csv","f4b00f996a666f38e671c16d979512b9216ec809d513bb48fcbc0d06683d7579","18486","draft","reviewed","","","","a5caee443f3653207e6cb51e02d540469609eb94212e84119c500c78586cf9bb","19b5434992e10309b62f18e93e25781bf6b0e8587cbba771cf6e64f0020713b6","42dd47df69a6f98145183f8770463f572f060567aef126abaf1a3c676f70920b","7886e76bac608e8cfd0131a15d93922596bb5a0d8b16508a696c7d91877c50ea","277845"
"BUNDLE-MI455X-MI455X-SIGN-0108","MI455X","1","MI455X-SIGN-0108","数据/facts.csv","fact_id","FACT-M2W3-AMD-MI455X-FP64-VECTOR-PEAK","审计/子代理交接/m2_staging/M2-W3-AMD-MI455X-MODULE/structured/facts.csv","f4b00f996a666f38e671c16d979512b9216ec809d513bb48fcbc0d06683d7579","18486","draft","reviewed","","","","4a25525156ba9060e9cfdbdfe285763537afba022cef39eb07d85f59451ce38d","2edf770a7f2a4bd95b1323c10815734a171fcdc02719053800763a7aa87c6232","f9628e56d3fd7a56a6f72fbda0974cd665fa988e1f61cfd0c475b3d4a85b093b","7886e76bac608e8cfd0131a15d93922596bb5a0d8b16508a696c7d91877c50ea","277845"
"BUNDLE-MI455X-MI455X-SIGN-0109","MI455X","1","MI455X-SIGN-0109","数据/facts.csv","fact_id","FACT-M2W3-AMD-MI455X-INT8-MATRIX-BASE-PEAK","审计/子代理交接/m2_staging/M2-W3-AMD-MI455X-MODULE/structured/facts.csv","f4b00f996a666f38e671c16d979512b9216ec809d513bb48fcbc0d06683d7579","18486","draft","reviewed","","","","559985b96b52e23833cf47f0e49139019bce2a740bf0f8c3cfbfea969e4a9345","06eea637fbfd342e8580b506cec0a73862d51a305c6b7e08054581962d252499","c2242fc5b4487b410af4243e6402624a9d1766f2d1280314d9785c151ec87817","7886e76bac608e8cfd0131a15d93922596bb5a0d8b16508a696c7d91877c50ea","277845"
"BUNDLE-MI455X-MI455X-SIGN-0110","MI455X","1","MI455X-SIGN-0110","数据/facts.csv","fact_id","FACT-M2W3-AMD-MI455X-INT8-MATRIX-SPARSE-PEAK","审计/子代理交接/m2_staging/M2-W3-AMD-MI455X-MODULE/structured/facts.csv","f4b00f996a666f38e671c16d979512b9216ec809d513bb48fcbc0d06683d7579","18486","draft","reviewed","","","","e60edd2a950f9ace650ac36380711d07368ba5a1be05c5d6c74bb4272993d748","ecfe798c785eed840d10d4a51b6d7f63f8da4632fa09da8d2c2699234813651b","13f6d1c744b1641911cb5f39e94646cc5a96afa25f0618cb44edde150cd333de","7886e76bac608e8cfd0131a15d93922596bb5a0d8b16508a696c7d91877c50ea","277845"
"BUNDLE-MI455X-MI455X-SIGN-0111","MI455X","1","MI455X-SIGN-0111","数据/facts.csv","fact_id","FACT-M2W3-AMD-MI455X-BF16-MATRIX-BASE-PEAK","审计/子代理交接/m2_staging/M2-W3-AMD-MI455X-MODULE/structured/facts.csv","f4b00f996a666f38e671c16d979512b9216ec809d513bb48fcbc0d06683d7579","18486","draft","reviewed","","","","4d6e288b0a0cecde0e2d4cd9c4715c5f2c91434d90d4973712d1a20460d5a1bd","a6361c7930d56d6a50a19188359d9749fef826da4b4191c1f0aab11efbdaeeb1","ed5a2bc85fd9199144fea575a8e725eed9cd0ee8bb38ab6df201999671713daa","7886e76bac608e8cfd0131a15d93922596bb5a0d8b16508a696c7d91877c50ea","277845"
"BUNDLE-MI455X-MI455X-SIGN-0112","MI455X","1","MI455X-SIGN-0112","数据/facts.csv","fact_id","FACT-M2W3-AMD-MI455X-BF16-MATRIX-SPARSE-PEAK","审计/子代理交接/m2_staging/M2-W3-AMD-MI455X-MODULE/structured/facts.csv","f4b00f996a666f38e671c16d979512b9216ec809d513bb48fcbc0d06683d7579","18486","draft","reviewed","","","","e082009769aa55312efc297fde005a5c5a2f7cc84363ea17191265b27e4bbc1f","5baedbd16243203388dc2d6f38bd99e6a1de62b7e56ed1a6e94b02774bf5b9cd","ba42d55a3eb3547207a1cd317426b21f1eb7904801e27794a5fe764d25d88760","7886e76bac608e8cfd0131a15d93922596bb5a0d8b16508a696c7d91877c50ea","277845"
"BUNDLE-MI455X-MI455X-SIGN-0113","MI455X","1","MI455X-SIGN-0113","数据/facts.csv","fact_id","FACT-M2W3-AMD-MI455X-CPU-GPU-BW","审计/子代理交接/m2_staging/M2-W3-AMD-MI455X-MODULE/structured/facts.csv","f4b00f996a666f38e671c16d979512b9216ec809d513bb48fcbc0d06683d7579","18486","draft","reviewed","","","","cbdff9aa01ee18c11d9577c15fe330509922b4ec78bfb7ff6bcc1dfa136987cf","f4ac34083c39f84cca046addae1af129694b3e53fdf549d8f93afd28b3f83f24","be4a43ed169872ec9aa4db02b925fa3b69908c652e0fd6c7d19ec7d9fcbb9047","7886e76bac608e8cfd0131a15d93922596bb5a0d8b16508a696c7d91877c50ea","277845"
"BUNDLE-MI455X-MI455X-SIGN-0114","MI455X","1","MI455X-SIGN-0114","数据/facts.csv","fact_id","FACT-M2W3-AMD-MI455X-SCALEUP-BW","审计/子代理交接/m2_staging/M2-W3-AMD-MI455X-MODULE/structured/facts.csv","f4b00f996a666f38e671c16d979512b9216ec809d513bb48fcbc0d06683d7579","18486","draft","reviewed","","","","2e478b33b19d7a8c2da51d7ef2737f249770ee2f2220d241ea85a8884dadea01","f1ee3d73283fb7a48c0425da2d62e01a56edbbe5094b7348aa6064333ff88c7f","62358a35336aa80fb7c74e2a6c483b825dd31f14f1db3bc7fc38292aa0d393fb","7886e76bac608e8cfd0131a15d93922596bb5a0d8b16508a696c7d91877c50ea","277845"
"BUNDLE-MI455X-MI455X-SIGN-0115","MI455X","1","MI455X-SIGN-0115","数据/facts.csv","fact_id","FACT-M2W3-AMD-MI455X-SCALEOUT-BW","审计/子代理交接/m2_staging/M2-W3-AMD-MI455X-MODULE/structured/facts.csv","f4b00f996a666f38e671c16d979512b9216ec809d513bb48fcbc0d06683d7579","18486","draft","reviewed","","","","efbace13e6fa91ff14009f404779afbc2b46b725ccdd21b3a893c6daceeefa6c","4c5f455f0f4bc6728767d0b120211bc5341426dba1343e1d937fbeb89976ba34","29f8ec10139bc280762950eb0e6b2531a964435349f02b9a217cb1adaa0b876b","7886e76bac608e8cfd0131a15d93922596bb5a0d8b16508a696c7d91877c50ea","277845"
"BUNDLE-MI455X-MI455X-SIGN-0116","MI455X","1","MI455X-SIGN-0116","数据/field-requirements.csv","requirement_id","REQ-M2W3-AMD-MI455X-VENDOR","审计/子代理交接/m2_staging/M2-W3-AMD-MI455X-MODULE/structured/field-requirements.csv","535c4fecfccd84a322f52466737a11ea2073596f1b5fbd86825ad3e8af525c5d","18572","draft","reviewed","","","","cc2114d15ead5a0195c6518504efd50ef28e58fc3102b17a96e958efa3eb76e5","436e07e0e48effd4a4108098d6f65698d5dfe90ef36e571b792696f683450965","a992efbe7f41cf70f4f96a9a7f0712640b128a946a8b0855f6837553e4ce832c","de19ee1e1a3beecdf3658d4c8b302e60d43eaaf9e58acfbd369388992eb9afb2","302574"
"BUNDLE-MI455X-MI455X-SIGN-0117","MI455X","1","MI455X-SIGN-0117","数据/field-requirements.csv","requirement_id","REQ-M2W3-AMD-MI455X-FAMILY","审计/子代理交接/m2_staging/M2-W3-AMD-MI455X-MODULE/structured/field-requirements.csv","535c4fecfccd84a322f52466737a11ea2073596f1b5fbd86825ad3e8af525c5d","18572","draft","reviewed","","","","b3fdcc002bb94977801dc38dca30aab254e3d83d0f9d05c423e837dd321681a7","be89205cacbc02032b8827db9a51d75c3aadee4e3796ed0f6685caa3ae6fc298","de7067881fcee0f7a7e40f5241a9937a7823a6fc95d687bfd1b7424742a7709d","de19ee1e1a3beecdf3658d4c8b302e60d43eaaf9e58acfbd369388992eb9afb2","302574"
"BUNDLE-MI455X-MI455X-SIGN-0118","MI455X","1","MI455X-SIGN-0118","数据/field-requirements.csv","requirement_id","REQ-M2W3-AMD-MI455X-NAME","审计/子代理交接/m2_staging/M2-W3-AMD-MI455X-MODULE/structured/field-requirements.csv","535c4fecfccd84a322f52466737a11ea2073596f1b5fbd86825ad3e8af525c5d","18572","draft","reviewed","","","","ba04d49db8f9de81ad182e95c4d70dc5dabf3d29974966040eb2026cccc0dd1c","5a12e732f054d13b7e6306b0a1423d8a43f43a7479055056582f6a3d010f7351","ac425ec38bb67cc97397a0ff5476c54160f63a21c9ca91afc775bf20a22390a5","de19ee1e1a3beecdf3658d4c8b302e60d43eaaf9e58acfbd369388992eb9afb2","302574"
"BUNDLE-MI455X-MI455X-SIGN-0119","MI455X","1","MI455X-SIGN-0119","数据/field-requirements.csv","requirement_id","REQ-M2W3-AMD-MI455X-SKU","审计/子代理交接/m2_staging/M2-W3-AMD-MI455X-MODULE/structured/field-requirements.csv","535c4fecfccd84a322f52466737a11ea2073596f1b5fbd86825ad3e8af525c5d","18572","draft","reviewed","","","","38ffda554a4442ff255df5bae4a0365030bb92f385acdc586047983c8cfef7bb","c17b45e4b68e2bf96479e9e02a6be2109465a82826f9a00d005fca295c25ae94","2bb3b5dff4b5e54f86216a3e6f109a297245e7df250f6d34288524b35e70bb64","de19ee1e1a3beecdf3658d4c8b302e60d43eaaf9e58acfbd369388992eb9afb2","302574"
"BUNDLE-MI455X-MI455X-SIGN-0120","MI455X","1","MI455X-SIGN-0120","数据/field-requirements.csv","requirement_id","REQ-M2W3-AMD-MI455X-OBJECT-TYPE","审计/子代理交接/m2_staging/M2-W3-AMD-MI455X-MODULE/structured/field-requirements.csv","535c4fecfccd84a322f52466737a11ea2073596f1b5fbd86825ad3e8af525c5d","18572","draft","reviewed","","","","8940e79208dfe630c5bade993ef24b774db52afd6c3beeb48fac0afefb04731c","15f33c6a62725d09b54268fbb5d4a4e91ac0b335585f0e72dbf7e800765a7999","d0be915a48c49a370fed6a377b619b783da1ddd24fae0b589ce819573c4a89c1","de19ee1e1a3beecdf3658d4c8b302e60d43eaaf9e58acfbd369388992eb9afb2","302574"
"BUNDLE-MI455X-MI455X-SIGN-0121","MI455X","1","MI455X-SIGN-0121","数据/field-requirements.csv","requirement_id","REQ-M2W3-AMD-MI455X-RELEASE-DATE","审计/子代理交接/m2_staging/M2-W3-AMD-MI455X-MODULE/structured/field-requirements.csv","535c4fecfccd84a322f52466737a11ea2073596f1b5fbd86825ad3e8af525c5d","18572","draft","reviewed","","","","ddff84be7e6a29ebce7eb96e9fb3b0c3237455baad6bd5cbf75b038130b37521","a7479eb2e3abe780e5eca4d5b1d975ae7cb3e965de5e21a79592fa540a622558","3fa7e4b159c91c681c63f229e97f6e9ae42eaf639eddaaf23879c6798f750ce8","de19ee1e1a3beecdf3658d4c8b302e60d43eaaf9e58acfbd369388992eb9afb2","302574"
"BUNDLE-MI455X-MI455X-SIGN-0122","MI455X","1","MI455X-SIGN-0122","数据/field-requirements.csv","requirement_id","REQ-M2W3-AMD-MI455X-PROCESS","审计/子代理交接/m2_staging/M2-W3-AMD-MI455X-MODULE/structured/field-requirements.csv","535c4fecfccd84a322f52466737a11ea2073596f1b5fbd86825ad3e8af525c5d","18572","draft","reviewed","","","","d875a1ee81e839a469f878852b62731818dc37141f8ed2637ac861f09bc46a1b","aeb8a0a89e1285ced37bb177f01c3f68431fe8253eb3dea754416daa174caba3","c92941ddb0495e7f8e44f3ad6cc7e95a0a06e9cf615bc93af3ba1267c70e392d","de19ee1e1a3beecdf3658d4c8b302e60d43eaaf9e58acfbd369388992eb9afb2","302574"
"BUNDLE-MI455X-MI455X-SIGN-0123","MI455X","1","MI455X-SIGN-0123","数据/field-requirements.csv","requirement_id","REQ-M2W3-AMD-MI455X-PACKAGE","审计/子代理交接/m2_staging/M2-W3-AMD-MI455X-MODULE/structured/field-requirements.csv","535c4fecfccd84a322f52466737a11ea2073596f1b5fbd86825ad3e8af525c5d","18572","draft","reviewed","","","","32dd8ed28800bfee2093c8d799b5d94c2680174c762769b26cdd40c57fb7afe5","62ecc639ce53a9d4a10e9e2ed65579401715e64ee2ad120c3af4ab686a45fe39","3405008436a54e65be8540a95ab03e3c84a2e72282ad93b38718c9f18bab0fe5","de19ee1e1a3beecdf3658d4c8b302e60d43eaaf9e58acfbd369388992eb9afb2","302574"
"BUNDLE-MI455X-MI455X-SIGN-0124","MI455X","1","MI455X-SIGN-0124","数据/field-requirements.csv","requirement_id","REQ-M2W3-AMD-MI455X-XCD-COUNT","审计/子代理交接/m2_staging/M2-W3-AMD-MI455X-MODULE/structured/field-requirements.csv","535c4fecfccd84a322f52466737a11ea2073596f1b5fbd86825ad3e8af525c5d","18572","draft","reviewed","","","","16da88f91f35c77b1c10811d3395a51fdc7d7afd18edd27ad1fb93d118aefb4c","e33bd2e1268ba9dcf87bbc53d6cd082439b60ab7b4e3469952227da0d9c8e57b","b8e2e10d3fa608d74c502697d93e290b4676ca90016d5e7ab86fd52a1fa36f6a","de19ee1e1a3beecdf3658d4c8b302e60d43eaaf9e58acfbd369388992eb9afb2","302574"
"BUNDLE-MI455X-MI455X-SIGN-0125","MI455X","1","MI455X-SIGN-0125","数据/field-requirements.csv","requirement_id","REQ-M2W3-AMD-MI455X-TRANSISTORS","审计/子代理交接/m2_staging/M2-W3-AMD-MI455X-MODULE/structured/field-requirements.csv","535c4fecfccd84a322f52466737a11ea2073596f1b5fbd86825ad3e8af525c5d","18572","draft","reviewed","","","","a2cbbc6fbe7a2deabbbd0dca7fdd8fb0d837b105d03f703f04f21cb7f9b49159","c297aa74563a179dce4c0c7f720493b45962b613b1d9a3a198631d425e853ddf","532cdd086c3ac7297cf1f7bbb977d26729b9691ef56fbe15a56631dda0d4cdb3","de19ee1e1a3beecdf3658d4c8b302e60d43eaaf9e58acfbd369388992eb9afb2","302574"
"BUNDLE-MI455X-MI455X-SIGN-0126","MI455X","1","MI455X-SIGN-0126","数据/field-requirements.csv","requirement_id","REQ-M2W3-AMD-MI455X-CLOCK","审计/子代理交接/m2_staging/M2-W3-AMD-MI455X-MODULE/structured/field-requirements.csv","535c4fecfccd84a322f52466737a11ea2073596f1b5fbd86825ad3e8af525c5d","18572","draft","reviewed","","","","45197ae9028f7eba69081483e59ba2ff859c1306be367478f589d1af3eb8b925","a95b01ca06a0a46cb8eb14a9e0c3e0c5fd4662e30eebb160c8b6d5a6d95898f0","6b12246c3ab58f2caaa8e385f9117762243ee7ad68730df0aa5fa187f0fe8e74","de19ee1e1a3beecdf3658d4c8b302e60d43eaaf9e58acfbd369388992eb9afb2","302574"
"BUNDLE-MI455X-MI455X-SIGN-0127","MI455X","1","MI455X-SIGN-0127","数据/field-requirements.csv","requirement_id","REQ-M2W3-AMD-MI455X-FORM-FACTOR","审计/子代理交接/m2_staging/M2-W3-AMD-MI455X-MODULE/structured/field-requirements.csv","535c4fecfccd84a322f52466737a11ea2073596f1b5fbd86825ad3e8af525c5d","18572","draft","reviewed","","","","e41515aa06f1af94af203bfbcaef057a87d46161e3c05d4dbebb0c31966c5556","ab44c9200f63c9f926e8a0f4e5071ebe4c9a1383dba0abcae9fe61731212d30c","d197e39f680c387db491ca19f333ee93ce4abd8cebdaf1f91bc016646a0f7012","de19ee1e1a3beecdf3658d4c8b302e60d43eaaf9e58acfbd369388992eb9afb2","302574"
"BUNDLE-MI455X-MI455X-SIGN-0128","MI455X","1","MI455X-SIGN-0128","数据/field-requirements.csv","requirement_id","REQ-M2W3-AMD-MI455X-COOLING","审计/子代理交接/m2_staging/M2-W3-AMD-MI455X-MODULE/structured/field-requirements.csv","535c4fecfccd84a322f52466737a11ea2073596f1b5fbd86825ad3e8af525c5d","18572","draft","reviewed","","","","b64a02d5ad96c02fdd83081caef7e467a3e30c1cc070378723ba424817bc81f9","536e47fe31ec360e9067ad6a2b51be194627d16ebc17e16211ade16d1483334d","8a85d04c819a8393de8c4dda02f75e74b6721cd98b97b71fd9a9865df8485b1b","de19ee1e1a3beecdf3658d4c8b302e60d43eaaf9e58acfbd369388992eb9afb2","302574"
"BUNDLE-MI455X-MI455X-SIGN-0129","MI455X","1","MI455X-SIGN-0129","数据/field-requirements.csv","requirement_id","REQ-M2W3-AMD-MI455X-HBM-STACKS","审计/子代理交接/m2_staging/M2-W3-AMD-MI455X-MODULE/structured/field-requirements.csv","535c4fecfccd84a322f52466737a11ea2073596f1b5fbd86825ad3e8af525c5d","18572","draft","reviewed","","","","bfdd56bb4b893bded04e76005ef16b49db735ef85a6ce15ef123642d293bbaeb","4b02f8d25f1722067113021ed50e0814f0b17cd8cb3496745432d131edc73b7f","b9ec4763ba7435d5800f0a4491f95d75a02a91e0b766b6702f85c54fec098707","de19ee1e1a3beecdf3658d4c8b302e60d43eaaf9e58acfbd369388992eb9afb2","302574"
"BUNDLE-MI455X-MI455X-SIGN-0130","MI455X","1","MI455X-SIGN-0130","数据/field-requirements.csv","requirement_id","REQ-M2W3-AMD-MI455X-RAS","审计/子代理交接/m2_staging/M2-W3-AMD-MI455X-MODULE/structured/field-requirements.csv","535c4fecfccd84a322f52466737a11ea2073596f1b5fbd86825ad3e8af525c5d","18572","draft","reviewed","","","","aaeaef8f1f0942b726699cbd6287ace06456a629fb599e7475484ad760359147","8caa4afbeeb4813d27899682f3f19ae3fded83f3bd5820de90d3f4b1d313c2ac","18f2b32a2e68c4ef03005ca00baa97ff8746405773ae3b902adb7b34b2ef6be6","de19ee1e1a3beecdf3658d4c8b302e60d43eaaf9e58acfbd369388992eb9afb2","302574"
"BUNDLE-MI455X-MI455X-SIGN-0131","MI455X","1","MI455X-SIGN-0131","数据/field-requirements.csv","requirement_id","REQ-M2W3-AMD-MI455X-WGP-COUNT","审计/子代理交接/m2_staging/M2-W3-AMD-MI455X-MODULE/structured/field-requirements.csv","535c4fecfccd84a322f52466737a11ea2073596f1b5fbd86825ad3e8af525c5d","18572","draft","reviewed","","","","6eaf6695bd4baaea679bfcd0c25fa2b0c3a3f9db9a91396e00f0b4a83f597306","942ae13bd640a3e8c431a025c9d5d382e79d7940d3b1160aab79bfa3a5618176","272686f8c517add9933119988fa18b65694584ee78a2c828e0d69ccc4ae488e6","de19ee1e1a3beecdf3658d4c8b302e60d43eaaf9e58acfbd369388992eb9afb2","302574"
"BUNDLE-MI455X-MI455X-SIGN-0132","MI455X","1","MI455X-SIGN-0132","数据/field-requirements.csv","requirement_id","REQ-M2W3-AMD-MI455X-HBM4-CAPACITY","审计/子代理交接/m2_staging/M2-W3-AMD-MI455X-MODULE/structured/field-requirements.csv","535c4fecfccd84a322f52466737a11ea2073596f1b5fbd86825ad3e8af525c5d","18572","draft","reviewed","","","","39221d62f17b5fcedd34cd1266e3071939161a77226f7e26f77d5e1ff6927a82","63ed0547698b4c90295c9cf63e25a3b089bd8afb41e225b9a685465e565183be","bf6bd6681aa00f0a235abf5b072c4479e250fb76b2be4b9e787b03b08a9f5d98","de19ee1e1a3beecdf3658d4c8b302e60d43eaaf9e58acfbd369388992eb9afb2","302574"
"BUNDLE-MI455X-MI455X-SIGN-0133","MI455X","1","MI455X-SIGN-0133","数据/field-requirements.csv","requirement_id","REQ-M2W3-AMD-MI455X-L2-CAPACITY","审计/子代理交接/m2_staging/M2-W3-AMD-MI455X-MODULE/structured/field-requirements.csv","535c4fecfccd84a322f52466737a11ea2073596f1b5fbd86825ad3e8af525c5d","18572","draft","reviewed","","","","48ca51c0ead39991935f9f738ea6e9794db8676fe8425d7db0428395812b8db3","a7a2ac358b595b95651f909cf27d63195ae94b00c25583ceacaa739f05f9d9da","df5c68fba257e44c2b0d4b61142d1d9f64c69025c88aed1ab9ef72919dac3e17","de19ee1e1a3beecdf3658d4c8b302e60d43eaaf9e58acfbd369388992eb9afb2","302574"
"BUNDLE-MI455X-MI455X-SIGN-0134","MI455X","1","MI455X-SIGN-0134","数据/field-requirements.csv","requirement_id","REQ-M2W3-AMD-MI455X-HBM4-BW","审计/子代理交接/m2_staging/M2-W3-AMD-MI455X-MODULE/structured/field-requirements.csv","535c4fecfccd84a322f52466737a11ea2073596f1b5fbd86825ad3e8af525c5d","18572","draft","reviewed","","","","28463d1061295230b6db2576744edeb2a006ebeac6a21d2f03347d72f084867b","4eb6a16b9cddeeb56bc3cc0952fd6cd4f984584efa159bd8ed8353abe2c9d291","f0224bcb6f145908a3b2c37a61343057600e5e6653df90f00ad409aada5ec6d3","de19ee1e1a3beecdf3658d4c8b302e60d43eaaf9e58acfbd369388992eb9afb2","302574"
"BUNDLE-MI455X-MI455X-SIGN-0135","MI455X","1","MI455X-SIGN-0135","数据/field-requirements.csv","requirement_id","REQ-M2W3-AMD-MI455X-MXFP4-PEAK","审计/子代理交接/m2_staging/M2-W3-AMD-MI455X-MODULE/structured/field-requirements.csv","535c4fecfccd84a322f52466737a11ea2073596f1b5fbd86825ad3e8af525c5d","18572","draft","reviewed","","","","f1f81619ed97c80e645f858041ce47ee97c47d4d8e115c9313d4c7aab7070510","fb3a3cf4ef315e0a8a5e8b0774d4b623055ab364ab76b5838bba37668ea7af63","cdeb89fe00ec18db3043e6e9bd4ef29774336be29c510fb110b26d8916cb98ca","de19ee1e1a3beecdf3658d4c8b302e60d43eaaf9e58acfbd369388992eb9afb2","302574"
"BUNDLE-MI455X-MI455X-SIGN-0136","MI455X","1","MI455X-SIGN-0136","数据/field-requirements.csv","requirement_id","REQ-M2W3-AMD-MI455X-MXFP6-PEAK","审计/子代理交接/m2_staging/M2-W3-AMD-MI455X-MODULE/structured/field-requirements.csv","535c4fecfccd84a322f52466737a11ea2073596f1b5fbd86825ad3e8af525c5d","18572","draft","reviewed","","","","2afcb410b90a8c8c5b59eedb9b6f15e2e0a19a26da4fd8b551d8c6ed284a66df","30eb0fa8e473fe127d6eb442764538f3caf59ab347b5fec2ba9da77f93bf0e6c","b256bfd020e97a75b67c9cb8ddc8f85273770d48fbb78262ec8a2a5b32a1885a","de19ee1e1a3beecdf3658d4c8b302e60d43eaaf9e58acfbd369388992eb9afb2","302574"
"BUNDLE-MI455X-MI455X-SIGN-0137","MI455X","1","MI455X-SIGN-0137","数据/field-requirements.csv","requirement_id","REQ-M2W3-AMD-MI455X-MXFP8-PEAK","审计/子代理交接/m2_staging/M2-W3-AMD-MI455X-MODULE/structured/field-requirements.csv","535c4fecfccd84a322f52466737a11ea2073596f1b5fbd86825ad3e8af525c5d","18572","draft","reviewed","","","","34cc4d06b33b0b1d5c7fa6f9c07f7586c9f4c320cddfe3a386b42bc3012601ea","ee82d681e4ce6cb87b05c161e06ebda3537850aa026d30c48c8874cc57e4b493","e80e421112efc2cda443805d1372c6b2998e448a9b433d89132a236b83ef6f3d","de19ee1e1a3beecdf3658d4c8b302e60d43eaaf9e58acfbd369388992eb9afb2","302574"
"BUNDLE-MI455X-MI455X-SIGN-0138","MI455X","1","MI455X-SIGN-0138","数据/field-requirements.csv","requirement_id","REQ-M2W3-AMD-MI455X-FP8-PEAK","审计/子代理交接/m2_staging/M2-W3-AMD-MI455X-MODULE/structured/field-requirements.csv","535c4fecfccd84a322f52466737a11ea2073596f1b5fbd86825ad3e8af525c5d","18572","draft","reviewed","","","","91cfb9988d1d3ae4d0fe1c4b4f54aea0bc3b4a47f2ad71e84d122722df5654a9","c970f11ae9947f5f64f00f6644ff80f5c73bed7b160b827fe6f27d8904bd3bfc","b2b8d737ec2c3e58d94b809af1b53002e7508094125321677cc551c7cef1bc58","de19ee1e1a3beecdf3658d4c8b302e60d43eaaf9e58acfbd369388992eb9afb2","302574"
"BUNDLE-MI455X-MI455X-SIGN-0139","MI455X","1","MI455X-SIGN-0139","数据/field-requirements.csv","requirement_id","REQ-M2W3-AMD-MI455X-FP16-VECTOR-PEAK","审计/子代理交接/m2_staging/M2-W3-AMD-MI455X-MODULE/structured/field-requirements.csv","535c4fecfccd84a322f52466737a11ea2073596f1b5fbd86825ad3e8af525c5d","18572","draft","reviewed","","","","37701dd8fdcb66b10117ad3a7cefb9275cd64834fe16b04a2adc4b4ad32d253c","744a2dfa36b5cf1be6630d132a9ccfec53c59d18608982e52f7ff6e03e687682","804d2b359411f5d436052235181bce63cb493fe70d38477240e58688b6174d9e","de19ee1e1a3beecdf3658d4c8b302e60d43eaaf9e58acfbd369388992eb9afb2","302574"
"BUNDLE-MI455X-MI455X-SIGN-0140","MI455X","1","MI455X-SIGN-0140","数据/field-requirements.csv","requirement_id","REQ-M2W3-AMD-MI455X-FP16-MATRIX-BASE-PEAK","审计/子代理交接/m2_staging/M2-W3-AMD-MI455X-MODULE/structured/field-requirements.csv","535c4fecfccd84a322f52466737a11ea2073596f1b5fbd86825ad3e8af525c5d","18572","draft","reviewed","","","","a51e827a419102a91c3144e8003f152383c98f2ae1f6781fb4a57ebb07bf1837","af56c437b8f42b54e569a4a0732a11deb0b40c7e73b5998fdb862933d8bae700","203fca7fb38d20c7724ba7e7ceb04ba9da813daa19e7e4b4751b4749cf704b90","de19ee1e1a3beecdf3658d4c8b302e60d43eaaf9e58acfbd369388992eb9afb2","302574"
"BUNDLE-MI455X-MI455X-SIGN-0141","MI455X","1","MI455X-SIGN-0141","数据/field-requirements.csv","requirement_id","REQ-M2W3-AMD-MI455X-FP32-MATRIX-PEAK","审计/子代理交接/m2_staging/M2-W3-AMD-MI455X-MODULE/structured/field-requirements.csv","535c4fecfccd84a322f52466737a11ea2073596f1b5fbd86825ad3e8af525c5d","18572","draft","reviewed","","","","9e0c64088206e47fcc77de9ca664bc701ac4163caa786e8859abd62d92c5a6ba","47066b5237929b6921d8113fa34da75c2f430b1c98a9ce00e3ab81abdbd2636f","02c59ace9b1b2b6bcb2fd10c886c92964b7a7ea51739733f1cee528ae154ce8f","de19ee1e1a3beecdf3658d4c8b302e60d43eaaf9e58acfbd369388992eb9afb2","302574"
"BUNDLE-MI455X-MI455X-SIGN-0142","MI455X","1","MI455X-SIGN-0142","数据/field-requirements.csv","requirement_id","REQ-M2W3-AMD-MI455X-FP32-VECTOR-PEAK","审计/子代理交接/m2_staging/M2-W3-AMD-MI455X-MODULE/structured/field-requirements.csv","535c4fecfccd84a322f52466737a11ea2073596f1b5fbd86825ad3e8af525c5d","18572","draft","reviewed","","","","89d60276b8b032ea548c5b20cf05c2fcbcd091ddf7989e5cb43f899365f617c0","84afac80825762a7a50b9a4bf7a896b3d7800d791e903f7114b89238c5465818","83d12a63423609c6b82f919943a343c60c0aeca8508c88c68f88ee43c52c8361","de19ee1e1a3beecdf3658d4c8b302e60d43eaaf9e58acfbd369388992eb9afb2","302574"
"BUNDLE-MI455X-MI455X-SIGN-0143","MI455X","1","MI455X-SIGN-0143","数据/field-requirements.csv","requirement_id","REQ-M2W3-AMD-MI455X-FP64-MATRIX-PEAK","审计/子代理交接/m2_staging/M2-W3-AMD-MI455X-MODULE/structured/field-requirements.csv","535c4fecfccd84a322f52466737a11ea2073596f1b5fbd86825ad3e8af525c5d","18572","draft","reviewed","","","","2457a30565aa7083606e25d13a3acb4b2b0302780d60657afc3f24986421687f","59c863a04bca3f896389d61f864a9ae0943c353c562f5a2217ec548848253670","fc79fa0ba11a99834d94d68c1a18c589509a10b89eecba7f1de90b0a5005c08a","de19ee1e1a3beecdf3658d4c8b302e60d43eaaf9e58acfbd369388992eb9afb2","302574"
"BUNDLE-MI455X-MI455X-SIGN-0144","MI455X","1","MI455X-SIGN-0144","数据/field-requirements.csv","requirement_id","REQ-M2W3-AMD-MI455X-FP64-VECTOR-PEAK","审计/子代理交接/m2_staging/M2-W3-AMD-MI455X-MODULE/structured/field-requirements.csv","535c4fecfccd84a322f52466737a11ea2073596f1b5fbd86825ad3e8af525c5d","18572","draft","reviewed","","","","1fa05208fc42049fe55b0a562a64e9c4f43da262b359f3c8562b34bab0b4cea9","f44045beb0657baadbdeb9f0b15fa127ba959cc44f336755c3b59663dfa3178f","2bfcea7df047f1a1729181f6424aba285916a47ac279569da8ba05bddd5bc599","de19ee1e1a3beecdf3658d4c8b302e60d43eaaf9e58acfbd369388992eb9afb2","302574"
"BUNDLE-MI455X-MI455X-SIGN-0145","MI455X","1","MI455X-SIGN-0145","数据/field-requirements.csv","requirement_id","REQ-M2W3-AMD-MI455X-INT8-MATRIX-BASE-PEAK","审计/子代理交接/m2_staging/M2-W3-AMD-MI455X-MODULE/structured/field-requirements.csv","535c4fecfccd84a322f52466737a11ea2073596f1b5fbd86825ad3e8af525c5d","18572","draft","reviewed","","","","e7dad25e959e4162aa84549d6b308daa611326db2458ac36aad37420697ab43c","36405817ff776b891cd96385bbd8bd62f168d9bd3c10ee7885967923e8a535b0","3a110c958ad20dd70b66e2571daddcdd5d9d647aa1713d19a493258e9822d78d","de19ee1e1a3beecdf3658d4c8b302e60d43eaaf9e58acfbd369388992eb9afb2","302574"
"BUNDLE-MI455X-MI455X-SIGN-0146","MI455X","1","MI455X-SIGN-0146","数据/field-requirements.csv","requirement_id","REQ-M2W3-AMD-MI455X-BF16-MATRIX-BASE-PEAK","审计/子代理交接/m2_staging/M2-W3-AMD-MI455X-MODULE/structured/field-requirements.csv","535c4fecfccd84a322f52466737a11ea2073596f1b5fbd86825ad3e8af525c5d","18572","draft","reviewed","","","","53b9ebd35f909faa350b3206768af39bff1873deb74c5b0defa0140beb21692c","ed7bebdd187c8958709b0dfe1af076f315daffd35f874c89748f5a7271d2b5bc","0846f872cdba5645e85cf18376029e0c09793e3ba37f3dec4720b6feba0e0bcb","de19ee1e1a3beecdf3658d4c8b302e60d43eaaf9e58acfbd369388992eb9afb2","302574"
"BUNDLE-MI455X-MI455X-SIGN-0147","MI455X","1","MI455X-SIGN-0147","数据/field-requirements.csv","requirement_id","REQ-M2W3-AMD-MI455X-CPU-GPU-BW","审计/子代理交接/m2_staging/M2-W3-AMD-MI455X-MODULE/structured/field-requirements.csv","535c4fecfccd84a322f52466737a11ea2073596f1b5fbd86825ad3e8af525c5d","18572","draft","reviewed","","","","2498f9e11c2c42b16f55e6b6617975689ae48ce7e7b9b9a08f6ed295d734d38c","125e3dc25571bb4085a26a54fcd1c79c94d343a0eb23e5613852334c020d01c3","b64fc4a89ac14a599b2d4bee44e11ce397fe32917db39245f524ac426e4b6746","de19ee1e1a3beecdf3658d4c8b302e60d43eaaf9e58acfbd369388992eb9afb2","302574"
"BUNDLE-MI455X-MI455X-SIGN-0148","MI455X","1","MI455X-SIGN-0148","数据/field-requirements.csv","requirement_id","REQ-M2W3-AMD-MI455X-SCALEUP-BW","审计/子代理交接/m2_staging/M2-W3-AMD-MI455X-MODULE/structured/field-requirements.csv","535c4fecfccd84a322f52466737a11ea2073596f1b5fbd86825ad3e8af525c5d","18572","draft","reviewed","","","","e9f7a3c0ec32131c4507fdcbaae44295355589fec52112c63be313c447747272","bf3d8ee065becee5f04d07dd1d8539970369966eaddfe8030d626f5315ca8b1a","42ebc309b669375c6bb62c284f086f8c023c715f9336f3a47d1608457c7cfc15","de19ee1e1a3beecdf3658d4c8b302e60d43eaaf9e58acfbd369388992eb9afb2","302574"
"BUNDLE-MI455X-MI455X-SIGN-0149","MI455X","1","MI455X-SIGN-0149","数据/field-requirements.csv","requirement_id","REQ-M2W3-AMD-MI455X-SCALEOUT-BW","审计/子代理交接/m2_staging/M2-W3-AMD-MI455X-MODULE/structured/field-requirements.csv","535c4fecfccd84a322f52466737a11ea2073596f1b5fbd86825ad3e8af525c5d","18572","draft","reviewed","","","","180ed6b997552a8e5255b9f45bbc171ef762cb4600fc78710a0b5ae8b79db84b","ce209bb862f0a15495ab6d6d54005427a4fb36e0f69056904adca2818b4b6728","f8c553d28d8b0ae3cb1af2d2fc55a8054c35600695f4a30ad90bf5cbf44eea80","de19ee1e1a3beecdf3658d4c8b302e60d43eaaf9e58acfbd369388992eb9afb2","302574"
"BUNDLE-MI455X-MI455X-SIGN-0150","MI455X","1","MI455X-SIGN-0150","数据/field-requirements.csv","requirement_id","REQ-M2W3-AMD-MI455X-ARCH-RELATION","审计/子代理交接/m2_staging/M2-W3-AMD-MI455X-MODULE/structured/field-requirements.csv","535c4fecfccd84a322f52466737a11ea2073596f1b5fbd86825ad3e8af525c5d","18572","draft","reviewed","","","","74de51d95dd8e23f97decac29e786fdf493a456b62395d25c69754b2d52f3c87","5c1c6e78cd1d3d1e631b997da9bc5d1522f05732201db1c8a9688185f31a577c","9359991306078119b16a8f4a6b49ef25e133ea5554f5c159429ebec2178acce5","de19ee1e1a3beecdf3658d4c8b302e60d43eaaf9e58acfbd369388992eb9afb2","302574"
"BUNDLE-MI455X-MI455X-SIGN-0151","MI455X","1","MI455X-SIGN-0151","数据/field-requirements.csv","requirement_id","REQ-M2W3-AMD-MI455X-STATUS","审计/子代理交接/m2_staging/M2-W3-AMD-MI455X-MODULE/structured/field-requirements.csv","535c4fecfccd84a322f52466737a11ea2073596f1b5fbd86825ad3e8af525c5d","18572","draft","reviewed","","","","7abbef1c6a7b0886ea6e323aa521d386b483f5dd2ccfd4eebd4b65d36cc0a470","900cf5fb38aedf38eb6612f36dd8dc1412d8e4279dd4b00a0762c366e1ded070","95df916d35cafe79ce1b43b6dcd5ffc49c1adbdc7982a967000aad19a067a1cf","de19ee1e1a3beecdf3658d4c8b302e60d43eaaf9e58acfbd369388992eb9afb2","302574"
"BUNDLE-MI455X-MI455X-SIGN-0152","MI455X","1","MI455X-SIGN-0152","数据/field-requirements.csv","requirement_id","REQ-M2W3-AMD-MI455X-AVAILABILITY","审计/子代理交接/m2_staging/M2-W3-AMD-MI455X-MODULE/structured/field-requirements.csv","535c4fecfccd84a322f52466737a11ea2073596f1b5fbd86825ad3e8af525c5d","18572","draft","reviewed","","","","2578ca3d2784e0bc0ad588babb93f5b91d75dc82c01841736b43f45e7cd61b3e","e62e0b5965ee61d8c9b9af109d91986d7ab764cd5112aed1ccbea926674b44f9","c2910f27edd93ba2e7035f40c33d99afb7039059ff70cf1e80ee912c9c0eb990","de19ee1e1a3beecdf3658d4c8b302e60d43eaaf9e58acfbd369388992eb9afb2","302574"
"BUNDLE-MI455X-MI455X-SIGN-0153","MI455X","1","MI455X-SIGN-0153","数据/field-requirements.csv","requirement_id","REQ-M2W3-AMD-MI455X-POWER","审计/子代理交接/m2_staging/M2-W3-AMD-MI455X-MODULE/structured/field-requirements.csv","535c4fecfccd84a322f52466737a11ea2073596f1b5fbd86825ad3e8af525c5d","18572","draft","reviewed","","","","b55421cb229c9d3b80b46d5005f199e146c527446188df6ecc568f1315aad0f3","3e65d833e1aaceec4c5951c2b5052adbd3b0bd860c2baba62088ee788e3b0f2f","d60df971b9309138c2006c4696c3b7b1d035c1dbc52a562c942362b7df0e6aa7","de19ee1e1a3beecdf3658d4c8b302e60d43eaaf9e58acfbd369388992eb9afb2","302574"
"BUNDLE-MI455X-MI455X-SIGN-0154","MI455X","1","MI455X-SIGN-0154","数据/field-requirements.csv","requirement_id","REQ-M2W3-AMD-MI455X-ACCUMULATION","审计/子代理交接/m2_staging/M2-W3-AMD-MI455X-MODULE/structured/field-requirements.csv","535c4fecfccd84a322f52466737a11ea2073596f1b5fbd86825ad3e8af525c5d","18572","draft","reviewed","","","","c1a24059f519ba6d7c63668e8e27d4d407fc90c6b700b87e4e5923f3afc3b6c8","234b4505b16ea75bc18430af77a2c7a5a9c18b83d7acb30c949641a059c7835c","ed6dcee6438100485d821915236ed725207012662b9e2d9bf660cae990b43698","de19ee1e1a3beecdf3658d4c8b302e60d43eaaf9e58acfbd369388992eb9afb2","302574"
"BUNDLE-MI455X-MI455X-SIGN-0155","MI455X","1","MI455X-SIGN-0155","数据/field-requirements.csv","requirement_id","REQ-M2W3-AMD-MI455X-PHYSICAL-ACCUM","审计/子代理交接/m2_staging/M2-W3-AMD-MI455X-MODULE/structured/field-requirements.csv","535c4fecfccd84a322f52466737a11ea2073596f1b5fbd86825ad3e8af525c5d","18572","draft","reviewed","","","","9619949c077a43d87f54044f077875b1cefd793c82ec181bf495a6f5026446bd","81e61ec8f3188844a3afc0ca9a86ee0112162367804d79ca3d1e61f58917dffb","52427fcbae686d6b3b8c5a8100ff6f1943a49e4f8cdcb62dae85b76b2d98f7a9","de19ee1e1a3beecdf3658d4c8b302e60d43eaaf9e58acfbd369388992eb9afb2","302574"
"BUNDLE-MI455X-MI455X-SIGN-0156","MI455X","1","MI455X-SIGN-0156","数据/field-requirements.csv","requirement_id","REQ-M2W3-AMD-MI455X-SPECIAL-IMPLEMENTATION","审计/子代理交接/m2_staging/M2-W3-AMD-MI455X-MODULE/structured/field-requirements.csv","535c4fecfccd84a322f52466737a11ea2073596f1b5fbd86825ad3e8af525c5d","18572","draft","reviewed","","","","b0a1a8a91b9499527606ce8b05f8eb259dc9ba20998167036fa2c1f8983d4a3b","feab9ffe15936085020ccef07445669f06c9e470ce8a62f517dc5878c4b63ec0","5848fb5afed367ef363ce5af64f81cf1686deea6811e98ea06293d40a2da39e6","de19ee1e1a3beecdf3658d4c8b302e60d43eaaf9e58acfbd369388992eb9afb2","302574"
"BUNDLE-MI455X-MI455X-SIGN-0157","MI455X","1","MI455X-SIGN-0157","数据/field-requirements.csv","requirement_id","REQ-M2W3-AMD-MI455X-HBM-INTERFACE","审计/子代理交接/m2_staging/M2-W3-AMD-MI455X-MODULE/structured/field-requirements.csv","535c4fecfccd84a322f52466737a11ea2073596f1b5fbd86825ad3e8af525c5d","18572","draft","reviewed","","","","5e7d74995dc1580fea9f023c4bea98e74348dd38a9c5d2738769824186980d1a","1d120d684f4673ea0f40cddac9c08fb2e073360457a405b374b913330ae3271b","e07394ddb5ee05b5a20d4706e3a87854841df9e6e09844f353909b1b126e5ff0","de19ee1e1a3beecdf3658d4c8b302e60d43eaaf9e58acfbd369388992eb9afb2","302574"
"BUNDLE-MI455X-MI455X-SIGN-0158","MI455X","1","MI455X-SIGN-0158","数据/field-requirements.csv","requirement_id","REQ-M2W3-AMD-MI455X-DIE-AREA","审计/子代理交接/m2_staging/M2-W3-AMD-MI455X-MODULE/structured/field-requirements.csv","535c4fecfccd84a322f52466737a11ea2073596f1b5fbd86825ad3e8af525c5d","18572","draft","reviewed","","","","ea19996d9a7954da0f3f9ca40d3d862f229671dc1875f4563c3420eaeb5ea6b5","ba8c2eb9555bd37fa52007b0714e90c77b1b376a9a70b4271e986cce44eabbd0","16b6beaeb609615945e68351a2f0d3bd4ab381064f1973a2f9252cbc8e5ae9e9","de19ee1e1a3beecdf3658d4c8b302e60d43eaaf9e58acfbd369388992eb9afb2","302574"
"BUNDLE-MI455X-MI455X-SIGN-0159","MI455X","1","MI455X-SIGN-0159","数据/field-requirements.csv","requirement_id","REQ-M2W3-AMD-MI455X-RUNTIME-VERSION","审计/子代理交接/m2_staging/M2-W3-AMD-MI455X-MODULE/structured/field-requirements.csv","535c4fecfccd84a322f52466737a11ea2073596f1b5fbd86825ad3e8af525c5d","18572","draft","reviewed","","","","66c1de5b8869e0fd34f8d803c26b2129d0b11acd260ec6efce2a4064ab7978fa","3df520ac73e50118aa3c6e590f47af485ff58663340e4e037b1ba29e4e381c29","6f181e0435a3dca51a61239a574b5010d3363a6efc1cfd50d170a8b7c4e52c25","de19ee1e1a3beecdf3658d4c8b302e60d43eaaf9e58acfbd369388992eb9afb2","302574"
"BUNDLE-MI455X-MI455X-SIGN-0160","MI455X","1","MI455X-SIGN-0160","数据/links.csv","link_id","LINK-M2W3-AMD-MI455X-CPU-GPU","审计/子代理交接/m2_staging/M2-W3-AMD-MI455X-MODULE/structured/links.csv","cf7ff2f8217b028c0a9462f17d1a0cdf1f548fd5a3d3043d479dac062329e325","822","draft","reviewed","","","","dcdd10e45fb682dd88420be8d340c8f13146c3dfbfda7d12c53030a86b71d700","518967eaa9fd254fbe1139cd4f17989802a381bba77c26873873fd296a7122b2","54a6d5d80d0517a200d21737e2cea12d8df6aa8e9012915323ee3f476c6c5640","71dc144abeae14c1607c75ef060f0305aa910e05823159ce4dca1b5105e9b51e","8129"
"BUNDLE-MI455X-MI455X-SIGN-0161","MI455X","1","MI455X-SIGN-0161","数据/links.csv","link_id","LINK-M2W3-AMD-MI455X-SCALEUP-UALOE","审计/子代理交接/m2_staging/M2-W3-AMD-MI455X-MODULE/structured/links.csv","cf7ff2f8217b028c0a9462f17d1a0cdf1f548fd5a3d3043d479dac062329e325","822","draft","reviewed","","","","d533921fdd224557810405be3b5f642b8c8fc0ce7aa4fb83c1be932852a64284","5c62864d0c3055a88f1ddffad88845bbd1d2407c7ab74c28f173301ea822dcd0","bd31774b8bd1950b606904179498f0d8a9165330608c67277acec92e337b739f","71dc144abeae14c1607c75ef060f0305aa910e05823159ce4dca1b5105e9b51e","8129"
"BUNDLE-MI455X-MI455X-SIGN-0162","MI455X","1","MI455X-SIGN-0162","数据/links.csv","link_id","LINK-M2W3-AMD-MI455X-SCALEOUT-UALINK","审计/子代理交接/m2_staging/M2-W3-AMD-MI455X-MODULE/structured/links.csv","cf7ff2f8217b028c0a9462f17d1a0cdf1f548fd5a3d3043d479dac062329e325","822","draft","reviewed","","","","2627762ee2c45da7d0820c7ffa5d2d40a518057330c3cf93410cc773420ceef3","ccadd2361cf050857573f74b881c4ef00d574ae27c9e6284b6bfc7fdb3931362","e2ba2e22f7683b1ba05709e21f53c398fbf21312a0af3bb326beb4810ce52162","71dc144abeae14c1607c75ef060f0305aa910e05823159ce4dca1b5105e9b51e","8129"
"BUNDLE-MI455X-MI455X-SIGN-0163","MI455X","1","MI455X-SIGN-0163","数据/memory-levels.csv","memory_level_id","COMP-M2W3-AMD-MI455X-HBM4","审计/子代理交接/m2_staging/M2-W3-AMD-MI455X-MODULE/structured/memory-levels.csv","fcdd36957d307865a0f68788bb624e81dff7504c3941068a49aec247a31fd6cd","368","draft","reviewed","","","","299db41b2d30d52e7ea5761bdce5e16d3944bfeec702f89d1a2196fb3891d216","783b8ad4d421ef5e549cbc521e50c93beec50c230c7564b905f99ddb4357791c","30828bbce361b697925e33ae0ec1ba9432e11e82cb7479bf1bba3c6d9e27e66e","e1e6f95da738de7ae3c673ebd66707e2ddf13c411afd72c6383fd375697398fa","11348"
"BUNDLE-MI455X-MI455X-SIGN-0164","MI455X","1","MI455X-SIGN-0164","数据/memory-levels.csv","memory_level_id","COMP-M2W3-AMD-MI455X-L2","审计/子代理交接/m2_staging/M2-W3-AMD-MI455X-MODULE/structured/memory-levels.csv","fcdd36957d307865a0f68788bb624e81dff7504c3941068a49aec247a31fd6cd","368","draft","reviewed","","","","5aced80297b72251a25ddbcb8dbe280cabfafd91ef5ecd9b317a194d03909371","4e122b45698bc09ebe6b9665eada085fbd8584120a92989a667266d00fb6e04f","95fedf28c4361435812d01abf41f0b322556a66141940969ecf7a72b2e8a0b51","e1e6f95da738de7ae3c673ebd66707e2ddf13c411afd72c6383fd375697398fa","11348"
"BUNDLE-MI455X-MI455X-SIGN-0165","MI455X","1","MI455X-SIGN-0165","数据/precision-paths.csv","precision_path_id","PPATH-M2W3-AMD-MI455X-OCP-MXFP4-MATRIX","审计/子代理交接/m2_staging/M2-W3-AMD-MI455X-MODULE/structured/precision-paths.csv","7148521511a56620086bce59f38d5e1313b07008a1f80b25d6eacf9b55ced6d1","2436","draft","reviewed","","","","f1fd20b6fb56aa3d20e14be23b44bb437e436b8de5cda91b4da1f9d1d52b000f","b943f6725a9ed957310a24db49eb584e9562d265d76fb657cbf41a08e4329abd","a9c1432c4231f7a5436ac0d6620c9abc9dd50b05482f58c4aaa84ae017dca93a","477cc547e061fd7fd2d418c38ee4c74eb56c17ec70df956666040fde04292431","23468"
"BUNDLE-MI455X-MI455X-SIGN-0166","MI455X","1","MI455X-SIGN-0166","数据/precision-paths.csv","precision_path_id","PPATH-M2W3-AMD-MI455X-OCP-MXFP6-MATRIX","审计/子代理交接/m2_staging/M2-W3-AMD-MI455X-MODULE/structured/precision-paths.csv","7148521511a56620086bce59f38d5e1313b07008a1f80b25d6eacf9b55ced6d1","2436","draft","reviewed","","","","d451174b0ae3c3a32bb539ff5987db888affa4a53d1c09d2884c55862897f9c1","d05bf8c5c415b571cec0ea9a8a3c3c7e157a93924bb619137e863cca776f4b84","3d264817bd9a0bf26c0711a536e4d49ab6681574fd3c378328f4f681edc4ded2","477cc547e061fd7fd2d418c38ee4c74eb56c17ec70df956666040fde04292431","23468"
"BUNDLE-MI455X-MI455X-SIGN-0167","MI455X","1","MI455X-SIGN-0167","数据/precision-paths.csv","precision_path_id","PPATH-M2W3-AMD-MI455X-OCP-MXFP8-MATRIX","审计/子代理交接/m2_staging/M2-W3-AMD-MI455X-MODULE/structured/precision-paths.csv","7148521511a56620086bce59f38d5e1313b07008a1f80b25d6eacf9b55ced6d1","2436","draft","reviewed","","","","b6f721dedf30b1fcfd5813b626e0530cf455a0b68f3cef015d59c52025e3f291","fd03f46b2de571d2d8a23ba0fa4177f589de1492e48d5b7ed25adc4a73d75cf7","8df8f0082688949956601c004452136d095bc37807770983871a6a3fccb0583c","477cc547e061fd7fd2d418c38ee4c74eb56c17ec70df956666040fde04292431","23468"
"BUNDLE-MI455X-MI455X-SIGN-0168","MI455X","1","MI455X-SIGN-0168","数据/precision-paths.csv","precision_path_id","PPATH-M2W3-AMD-MI455X-OCP-FP8-MATRIX","审计/子代理交接/m2_staging/M2-W3-AMD-MI455X-MODULE/structured/precision-paths.csv","7148521511a56620086bce59f38d5e1313b07008a1f80b25d6eacf9b55ced6d1","2436","draft","reviewed","","","","c09f6ff2294460854cb6a56686686913e0f1454bd581d83c6b7b829bbc736066","1f21a78e5acea71fd39fe0466e630851d9fa4879db91fc18e0ef438131a23362","2a8e6c78757e7c58f4de3db26edd50623d2268446236240239d383222db29561","477cc547e061fd7fd2d418c38ee4c74eb56c17ec70df956666040fde04292431","23468"
"BUNDLE-MI455X-MI455X-SIGN-0169","MI455X","1","MI455X-SIGN-0169","数据/precision-paths.csv","precision_path_id","PPATH-M2W3-AMD-MI455X-FP16-MATRIX","审计/子代理交接/m2_staging/M2-W3-AMD-MI455X-MODULE/structured/precision-paths.csv","7148521511a56620086bce59f38d5e1313b07008a1f80b25d6eacf9b55ced6d1","2436","draft","reviewed","","","","e04cb12b83a6485f562e87d6bdb92771a161371097841bb440070b3904e75182","3409afaf6fac57bfd0f6e3456c0dedca7bfe18604d72e5d572c9b2b7ae0a20a5","9410dc61d027418a6db90946ed55a1157a9467006b6cc615cd2815dc967d00c2","477cc547e061fd7fd2d418c38ee4c74eb56c17ec70df956666040fde04292431","23468"
"BUNDLE-MI455X-MI455X-SIGN-0170","MI455X","1","MI455X-SIGN-0170","数据/precision-paths.csv","precision_path_id","PPATH-M2W3-AMD-MI455X-FP16-VECTOR","审计/子代理交接/m2_staging/M2-W3-AMD-MI455X-MODULE/structured/precision-paths.csv","7148521511a56620086bce59f38d5e1313b07008a1f80b25d6eacf9b55ced6d1","2436","draft","reviewed","","","","652bd2212e2595d246393055fe4cb813cd16bee6f0201925b71aef7eb0ce0347","0498f99f84581f175d69e985e9840bedccf49f006a4998033ea520149846ed19","aab7511d9d2fd9914677dca77359e6038096e3779fc72ef8ec99c2123045858c","477cc547e061fd7fd2d418c38ee4c74eb56c17ec70df956666040fde04292431","23468"
"BUNDLE-MI455X-MI455X-SIGN-0171","MI455X","1","MI455X-SIGN-0171","数据/precision-paths.csv","precision_path_id","PPATH-M2W3-AMD-MI455X-FP32-MATRIX","审计/子代理交接/m2_staging/M2-W3-AMD-MI455X-MODULE/structured/precision-paths.csv","7148521511a56620086bce59f38d5e1313b07008a1f80b25d6eacf9b55ced6d1","2436","draft","reviewed","","","","6fef9daa5042ee13807c69dec92d7d9f3344e3eccee74f9ff9933a8e19345b69","d1df9035a87db26c0b076f3604a799041a4e4646d83742353d724cb343ff712d","6551347efda0e239a960e954187969eda504e91a94688c1113a2001870b3e31e","477cc547e061fd7fd2d418c38ee4c74eb56c17ec70df956666040fde04292431","23468"
"BUNDLE-MI455X-MI455X-SIGN-0172","MI455X","1","MI455X-SIGN-0172","数据/precision-paths.csv","precision_path_id","PPATH-M2W3-AMD-MI455X-FP32-VECTOR","审计/子代理交接/m2_staging/M2-W3-AMD-MI455X-MODULE/structured/precision-paths.csv","7148521511a56620086bce59f38d5e1313b07008a1f80b25d6eacf9b55ced6d1","2436","draft","reviewed","","","","fdd2cd9fd29f9cb8188fc56cea3b22060016bb21aa1e58204e918e2b33c20a1e","78b9b9d0aa2e38a37b6b0dddd2e6a43df9213d5f4b2942c56bf5377c3238fc2a","367cf6a2df0cfe643c8489b68ab281a08a98a07d3402f39093dbcb24422d84cc","477cc547e061fd7fd2d418c38ee4c74eb56c17ec70df956666040fde04292431","23468"
"BUNDLE-MI455X-MI455X-SIGN-0173","MI455X","1","MI455X-SIGN-0173","数据/precision-paths.csv","precision_path_id","PPATH-M2W3-AMD-MI455X-FP64-MATRIX","审计/子代理交接/m2_staging/M2-W3-AMD-MI455X-MODULE/structured/precision-paths.csv","7148521511a56620086bce59f38d5e1313b07008a1f80b25d6eacf9b55ced6d1","2436","draft","reviewed","","","","288986ac66cc207fa712afd69e2e927974c8874fafd5a4b6305844d10dedc532","4c6dc8540b9a64c47d4c299a575b5a5f48e4bd5f3f0c3faa08799abfd8bfb090","95d9baac16e643395b6c7a8f6e9390d12e499183b4c77cb33c158505acccecf0","477cc547e061fd7fd2d418c38ee4c74eb56c17ec70df956666040fde04292431","23468"
"BUNDLE-MI455X-MI455X-SIGN-0174","MI455X","1","MI455X-SIGN-0174","数据/precision-paths.csv","precision_path_id","PPATH-M2W3-AMD-MI455X-FP64-VECTOR","审计/子代理交接/m2_staging/M2-W3-AMD-MI455X-MODULE/structured/precision-paths.csv","7148521511a56620086bce59f38d5e1313b07008a1f80b25d6eacf9b55ced6d1","2436","draft","reviewed","","","","7a1e0b2fae9427cfc03a353c6ccd17fd5fac9725aeda232e613813ca71472525","1b2d87c539a005a74bff6c248bcb9eee7b9bddc156e3df34291632d396393b76","5cbf36e283fc45463ba105243ef91610c906c2deb5c4e7921e9887ee17b99749","477cc547e061fd7fd2d418c38ee4c74eb56c17ec70df956666040fde04292431","23468"
"BUNDLE-MI455X-MI455X-SIGN-0175","MI455X","1","MI455X-SIGN-0175","数据/precision-paths.csv","precision_path_id","PPATH-M2W3-AMD-MI455X-INT8-MATRIX","审计/子代理交接/m2_staging/M2-W3-AMD-MI455X-MODULE/structured/precision-paths.csv","7148521511a56620086bce59f38d5e1313b07008a1f80b25d6eacf9b55ced6d1","2436","draft","reviewed","","","","0fb7dbe6c1260f7a8b0c2f5693804f81e76b84e383a36de9f2c7ec7afcfe5aa9","fffe32bf8034a728f16f592d37b103bc3fdadab1fcd25f36e51a8acecab851f5","b10428ad79aca1bb1a87a61bed32a459afcdcce5ec909758b2307886dfc9d1f7","477cc547e061fd7fd2d418c38ee4c74eb56c17ec70df956666040fde04292431","23468"
"BUNDLE-MI455X-MI455X-SIGN-0176","MI455X","1","MI455X-SIGN-0176","数据/precision-paths.csv","precision_path_id","PPATH-M2W3-AMD-MI455X-BF16-MATRIX","审计/子代理交接/m2_staging/M2-W3-AMD-MI455X-MODULE/structured/precision-paths.csv","7148521511a56620086bce59f38d5e1313b07008a1f80b25d6eacf9b55ced6d1","2436","draft","reviewed","","","","e5a6907ab6cf66c843215b0e43fdcb3e39ad87009ece5499dade421b6181cf5b","3e883d3e212590e9dfd9c7fbb593efe31fbb218f7439a7b6f2945c2bc338eec0","6d20f3bbd6b5c6fd941e347f713919bc21bf2948aa4ba5dae200cdadae3be3f9","477cc547e061fd7fd2d418c38ee4c74eb56c17ec70df956666040fde04292431","23468"
"BUNDLE-MI455X-MI455X-SIGN-0177","MI455X","1","MI455X-SIGN-0177","最小参考资料库/search-log.csv","search_id","SEARCH-M2W3-AMD-MI455X-AVAILABILITY","审计/子代理交接/m2_staging/M2-W3-AMD-MI455X-MODULE/structured/search-log.csv","40428889c2fbe13d62473ec4b287ccee44ff0521a64636f445a3fae5083c955c","3997","draft","reviewed","","","","cb8a13043897c27855eadbfcb5af6040860893e3e1b0f5983b3dd32aa4e53f99","b5da71dbc524959b1e746ea4dc6cc5b50675fb1f706e7a216be4fc5467dc5551","d213e7be2b4ae69b2bf8d2ddfe1afc84d4eb7b0141aa3aa9e6bbe2969f49f761","f7c501584f0b685b26aaaa913a9fd975e4d94474a9fac38b95d74fe0513bc23d","114039"
"BUNDLE-MI455X-MI455X-SIGN-0178","MI455X","1","MI455X-SIGN-0178","最小参考资料库/search-log.csv","search_id","SEARCH-M2W3-AMD-MI455X-POWER","审计/子代理交接/m2_staging/M2-W3-AMD-MI455X-MODULE/structured/search-log.csv","40428889c2fbe13d62473ec4b287ccee44ff0521a64636f445a3fae5083c955c","3997","draft","reviewed","","","","0efce0a131cb4ca18c778f055aad118f2b7ce6b15e359e3fd97748afdd5417ff","fad8dd79ca3b9215f3578642b42aaf7ac97a6f077a98eaedecbab065b45ba1bf","6459246518c11888829e299ffb6cd8f47d4b77df6b91c697d09ce0232e716449","f7c501584f0b685b26aaaa913a9fd975e4d94474a9fac38b95d74fe0513bc23d","114039"
"BUNDLE-MI455X-MI455X-SIGN-0179","MI455X","1","MI455X-SIGN-0179","最小参考资料库/search-log.csv","search_id","SEARCH-M2W3-AMD-MI455X-ACCUMULATION","审计/子代理交接/m2_staging/M2-W3-AMD-MI455X-MODULE/structured/search-log.csv","40428889c2fbe13d62473ec4b287ccee44ff0521a64636f445a3fae5083c955c","3997","draft","reviewed","","","","7d0cd3ffb9a0ab7f8f8e746d0eb54bb0caf430210334324f13a7a0426106d9d8","41ad6c26820d14ba905b0bbce27b6d2644e5a45ed74f590c5e01f30742c53495","f32b26303d238590122f9fa9f1ff4cb4c07a31fee17f8616cb20322d2471a620","f7c501584f0b685b26aaaa913a9fd975e4d94474a9fac38b95d74fe0513bc23d","114039"
"BUNDLE-MI455X-MI455X-SIGN-0180","MI455X","1","MI455X-SIGN-0180","最小参考资料库/search-log.csv","search_id","SEARCH-M2W3-AMD-MI455X-PHYSICAL-ACCUM","审计/子代理交接/m2_staging/M2-W3-AMD-MI455X-MODULE/structured/search-log.csv","40428889c2fbe13d62473ec4b287ccee44ff0521a64636f445a3fae5083c955c","3997","draft","reviewed","","","","1a13875b5c9c63e7da2cbf6f841d8497ee4a557ddb53b97bf0b9f842c98366ee","525eed17471a5328c9b2d75c0b28edae0a9f82c9848c06cbaab6dbf448fe78f9","d27397ea60df1334c5091e828d12558a6a2a627c04e3741788cffeb0a89d1e51","f7c501584f0b685b26aaaa913a9fd975e4d94474a9fac38b95d74fe0513bc23d","114039"
"BUNDLE-MI455X-MI455X-SIGN-0181","MI455X","1","MI455X-SIGN-0181","最小参考资料库/search-log.csv","search_id","SEARCH-M2W3-AMD-MI455X-SPECIAL-IMPLEMENTATION","审计/子代理交接/m2_staging/M2-W3-AMD-MI455X-MODULE/structured/search-log.csv","40428889c2fbe13d62473ec4b287ccee44ff0521a64636f445a3fae5083c955c","3997","draft","reviewed","","","","e8d113784d819fc8e584df4254ebe22704f92c45b5530e43ffdd8ef48984fff1","faeef94e94d04cc0606d205a5af13354f1e42498bc0bd17c22f2ac113d044d46","4e892d7f8e83f0edd695f2981f76d114c1f1f1eee1f1380dee477f8742242337","f7c501584f0b685b26aaaa913a9fd975e4d94474a9fac38b95d74fe0513bc23d","114039"
"BUNDLE-MI455X-MI455X-SIGN-0182","MI455X","1","MI455X-SIGN-0182","最小参考资料库/search-log.csv","search_id","SEARCH-M2W3-AMD-MI455X-HBM-INTERFACE","审计/子代理交接/m2_staging/M2-W3-AMD-MI455X-MODULE/structured/search-log.csv","40428889c2fbe13d62473ec4b287ccee44ff0521a64636f445a3fae5083c955c","3997","draft","reviewed","","","","7b549b0d9f097f0879c7ffeba0342aee4fdcf85b6b3a13e47a7a0a67e0439080","541e051d9b758273cc99331af225ce72d25d705f4d648b87bb1341eb25989456","7cb7ce5959810b6f2033e6e57866032f7884d71b7020fe0d14c52992dad23819","f7c501584f0b685b26aaaa913a9fd975e4d94474a9fac38b95d74fe0513bc23d","114039"
"BUNDLE-MI455X-MI455X-SIGN-0183","MI455X","1","MI455X-SIGN-0183","最小参考资料库/search-log.csv","search_id","SEARCH-M2W3-AMD-MI455X-DIE-AREA","审计/子代理交接/m2_staging/M2-W3-AMD-MI455X-MODULE/structured/search-log.csv","40428889c2fbe13d62473ec4b287ccee44ff0521a64636f445a3fae5083c955c","3997","draft","reviewed","","","","43a1239cda0fe11d3cd365424605df03a75cec97819eeba3b4d8e23e793eeda6","330ec9d72572700a66ecec4ee04b4d773dbd13fb9f791a26696696f0cd7d4a79","1f3d4147eec5b0d57cf32bf5e031eb57a22fbe4dee88b66723035a402a27aebf","f7c501584f0b685b26aaaa913a9fd975e4d94474a9fac38b95d74fe0513bc23d","114039"
"BUNDLE-MI455X-MI455X-SIGN-0184","MI455X","1","MI455X-SIGN-0184","最小参考资料库/search-log.csv","search_id","SEARCH-M2W3-AMD-MI455X-RUNTIME-VERSION","审计/子代理交接/m2_staging/M2-W3-AMD-MI455X-MODULE/structured/search-log.csv","40428889c2fbe13d62473ec4b287ccee44ff0521a64636f445a3fae5083c955c","3997","draft","reviewed","","","","74c5fbdb8a851b75e97a324d6c2de482c584bd874de14be97a19ff467034bd58","d092ddf51d18226d35535c4d7fbe5dad0d06bf5992b1d3e6c7770aa096e4a9e9","50da44a4d693f14d0d08f33afb57e6a948fcf9f80611c0b294e5718e1e656278","f7c501584f0b685b26aaaa913a9fd975e4d94474a9fac38b95d74fe0513bc23d","114039"
"BUNDLE-MI455X-MI455X-SIGN-0185","MI455X","1","MI455X-SIGN-0185","最小参考资料库/search-results.csv","search_result_id","SRESULT-M2W3-AMD-MI455X-AVAILABILITY-PRODUCT","审计/子代理交接/m2_staging/M2-W3-AMD-MI455X-MODULE/structured/search-results.csv","5b18d025e6f10c36228b25219e4c91bd9ca6a3de7706ed1b8af49e3bbfd59c23","7203","draft","reviewed","","","","8ee0a03eacde22e5bb9f6c9e2b79a1eb513f47ae089433f72f7446f245cef279","e67e536d3b63cad4799ba22740c018da37c10805e58b8214296e171999fb086f","5f793582e295f06e93c07e43a8d0937e9fd4925612a1d49d9d1ee2ae35e1e8cd","92aec74a85406ffa96c826348ffe298dba702639ecdf956160bf655db48cc40f","77301"
"BUNDLE-MI455X-MI455X-SIGN-0186","MI455X","1","MI455X-SIGN-0186","最小参考资料库/search-results.csv","search_result_id","SRESULT-M2W3-AMD-MI455X-AVAILABILITY-BROCHURE","审计/子代理交接/m2_staging/M2-W3-AMD-MI455X-MODULE/structured/search-results.csv","5b18d025e6f10c36228b25219e4c91bd9ca6a3de7706ed1b8af49e3bbfd59c23","7203","draft","reviewed","","","","c991a3f2c1b6a6892e13f2a9fbcfc69e78b3bce10c0022eb91de3c5881b51dd0","d7a8ab0701ad335c1f7617e97ad43db40cb75d442c923c2d590819318c8af1b9","3ed75bfdb523e2c4448adbf3143e42f4109f38c7a7cac05e80e6dd44b817748c","92aec74a85406ffa96c826348ffe298dba702639ecdf956160bf655db48cc40f","77301"
"BUNDLE-MI455X-MI455X-SIGN-0187","MI455X","1","MI455X-SIGN-0187","最小参考资料库/search-results.csv","search_result_id","SRESULT-M2W3-AMD-MI455X-AVAILABILITY-MI400","审计/子代理交接/m2_staging/M2-W3-AMD-MI455X-MODULE/structured/search-results.csv","5b18d025e6f10c36228b25219e4c91bd9ca6a3de7706ed1b8af49e3bbfd59c23","7203","draft","reviewed","","","","677461164d321559b6eb9ed20e02a068024d3309048698fb20ca410ea8dcd15a","d734452865cf5ecd137a8bb5ae95dab1ee5df98993127de04d31a8540d5aac09","7fd038557b388b872de45d5edf12c4ec05f79182667d8a66e9d30519db8a095e","92aec74a85406ffa96c826348ffe298dba702639ecdf956160bf655db48cc40f","77301"
"BUNDLE-MI455X-MI455X-SIGN-0188","MI455X","1","MI455X-SIGN-0188","最小参考资料库/search-results.csv","search_result_id","SRESULT-M2W3-AMD-MI455X-AVAILABILITY-CDNA5","审计/子代理交接/m2_staging/M2-W3-AMD-MI455X-MODULE/structured/search-results.csv","5b18d025e6f10c36228b25219e4c91bd9ca6a3de7706ed1b8af49e3bbfd59c23","7203","draft","reviewed","","","","331af5816e7e0b25013c6fbc260ec7a36735c96ac7535ffd827d9f529e792517","c31d399472cb82ff49ca6573971176d60c4ed8ad8dab5b268bfc6d2d28ca0712","ef5b87f94f194bb0c416366bef0ce733f79ab120a7fe8625ba487ac177ced262","92aec74a85406ffa96c826348ffe298dba702639ecdf956160bf655db48cc40f","77301"
"BUNDLE-MI455X-MI455X-SIGN-0189","MI455X","1","MI455X-SIGN-0189","最小参考资料库/search-results.csv","search_result_id","SRESULT-M2W3-AMD-MI455X-POWER-PRODUCT","审计/子代理交接/m2_staging/M2-W3-AMD-MI455X-MODULE/structured/search-results.csv","5b18d025e6f10c36228b25219e4c91bd9ca6a3de7706ed1b8af49e3bbfd59c23","7203","draft","reviewed","","","","22ce7aed08b2a5f27e1da4a256eae07feeed7028a1510bca79bd63f97774293f","36f4ca9edd74223c1888a66664a0e32ba87460c91ce651ee56d7a2e44e7c8fa4","69a1cd5bc61f232c0f691a417cc949b54946db1c8bf4890a08196d6a1651c1e4","92aec74a85406ffa96c826348ffe298dba702639ecdf956160bf655db48cc40f","77301"
"BUNDLE-MI455X-MI455X-SIGN-0190","MI455X","1","MI455X-SIGN-0190","最小参考资料库/search-results.csv","search_result_id","SRESULT-M2W3-AMD-MI455X-POWER-BROCHURE","审计/子代理交接/m2_staging/M2-W3-AMD-MI455X-MODULE/structured/search-results.csv","5b18d025e6f10c36228b25219e4c91bd9ca6a3de7706ed1b8af49e3bbfd59c23","7203","draft","reviewed","","","","62dfe5cf645e64d0d3f76841ac8f8d7f481316cb72146391550fc4639d54ebdd","0997b8959b77237ab47f7fdd5ae40b5cf0fc93eeaf5859144fbeda23817230bb","708e60efddc2733eab0862c9a5f90f7b63e4e4cb19380a238f2a4d9503b453a6","92aec74a85406ffa96c826348ffe298dba702639ecdf956160bf655db48cc40f","77301"
"BUNDLE-MI455X-MI455X-SIGN-0191","MI455X","1","MI455X-SIGN-0191","最小参考资料库/search-results.csv","search_result_id","SRESULT-M2W3-AMD-MI455X-POWER-MI400","审计/子代理交接/m2_staging/M2-W3-AMD-MI455X-MODULE/structured/search-results.csv","5b18d025e6f10c36228b25219e4c91bd9ca6a3de7706ed1b8af49e3bbfd59c23","7203","draft","reviewed","","","","59185e373690546f0c07a1bfe9bbe0f08aad9f8b5a220cd616b4570f106dcfb8","30a5e45ce69a7e6639d74afa1b1c55688cef6545fececfdd3a72f19348d9621f","d816372460914cec4f94dadd15d6abfc42e546a591f01ac28bb56c004e3227b5","92aec74a85406ffa96c826348ffe298dba702639ecdf956160bf655db48cc40f","77301"
"BUNDLE-MI455X-MI455X-SIGN-0192","MI455X","1","MI455X-SIGN-0192","最小参考资料库/search-results.csv","search_result_id","SRESULT-M2W3-AMD-MI455X-POWER-CDNA5","审计/子代理交接/m2_staging/M2-W3-AMD-MI455X-MODULE/structured/search-results.csv","5b18d025e6f10c36228b25219e4c91bd9ca6a3de7706ed1b8af49e3bbfd59c23","7203","draft","reviewed","","","","7fa5299de3258f1cffe17de1c61d58622a94e61b740655d0a3e607f00e6bb8f1","aa96d1c771cc49379a685ed08e51309bc31a40ac7fd327e49e1641afe4600cdb","0f31d4458d6149a7330e5388eb4cece4ee7770c895989e24e69e13c5f2a17708","92aec74a85406ffa96c826348ffe298dba702639ecdf956160bf655db48cc40f","77301"
"BUNDLE-MI455X-MI455X-SIGN-0193","MI455X","1","MI455X-SIGN-0193","最小参考资料库/search-results.csv","search_result_id","SRESULT-M2W3-AMD-MI455X-ACCUMULATION-PRODUCT","审计/子代理交接/m2_staging/M2-W3-AMD-MI455X-MODULE/structured/search-results.csv","5b18d025e6f10c36228b25219e4c91bd9ca6a3de7706ed1b8af49e3bbfd59c23","7203","draft","reviewed","","","","dcca9e9b12d881cf7bedd306f3d27b5257ac981f3ac4f5d850e045626a50167a","c8aecc298c7f94619d204aa12c5cc93c08ca8f88c5ed5539e98f9f78386a75b5","eab387ff700135ecc3e171cd95bda73de9241e5d9d452a2b821963a737d4683d","92aec74a85406ffa96c826348ffe298dba702639ecdf956160bf655db48cc40f","77301"
"BUNDLE-MI455X-MI455X-SIGN-0194","MI455X","1","MI455X-SIGN-0194","最小参考资料库/search-results.csv","search_result_id","SRESULT-M2W3-AMD-MI455X-ACCUMULATION-BROCHURE","审计/子代理交接/m2_staging/M2-W3-AMD-MI455X-MODULE/structured/search-results.csv","5b18d025e6f10c36228b25219e4c91bd9ca6a3de7706ed1b8af49e3bbfd59c23","7203","draft","reviewed","","","","74fe3cff75b4b3cf0d6fa56c6244a57cd18ae96e50d18882bba1f568e7bb89cf","cc9c11e305ddc68d5eacd4a2c16d3f1bbd73fda27f2a3002edc020dfcf4ef901","3baf05018f34d491ebee31800bbbf8d71a797140a36a649b133fad4fbca0dcda","92aec74a85406ffa96c826348ffe298dba702639ecdf956160bf655db48cc40f","77301"
"BUNDLE-MI455X-MI455X-SIGN-0195","MI455X","1","MI455X-SIGN-0195","最小参考资料库/search-results.csv","search_result_id","SRESULT-M2W3-AMD-MI455X-ACCUMULATION-MI400","审计/子代理交接/m2_staging/M2-W3-AMD-MI455X-MODULE/structured/search-results.csv","5b18d025e6f10c36228b25219e4c91bd9ca6a3de7706ed1b8af49e3bbfd59c23","7203","draft","reviewed","","","","dc544410ef019ddc510954a3edcf9ff8d0a8ad776e263eec30ff1e83580c7264","121e839aeff787b2e432117003c87f2af89f7d4ad7b7b02111a77b27cbc7e632","580cc412b3d35ae39c04bb467952a69675b20a3305ff6a74f9d0dd01c7a97358","92aec74a85406ffa96c826348ffe298dba702639ecdf956160bf655db48cc40f","77301"
"BUNDLE-MI455X-MI455X-SIGN-0196","MI455X","1","MI455X-SIGN-0196","最小参考资料库/search-results.csv","search_result_id","SRESULT-M2W3-AMD-MI455X-ACCUMULATION-CDNA5","审计/子代理交接/m2_staging/M2-W3-AMD-MI455X-MODULE/structured/search-results.csv","5b18d025e6f10c36228b25219e4c91bd9ca6a3de7706ed1b8af49e3bbfd59c23","7203","draft","reviewed","","","","7a9b9cdcd2219872dc7b3bd85075929a961d54a424a269c45eb1d27a4b6169e5","444fec4c8540034381cd4285b1d38f5fa6532156ccdde1915fd1e63f9de02af5","1592350912e8af467fc359754703a0d4ed542872fffd5bb1ee8d4d30d5cd49c7","92aec74a85406ffa96c826348ffe298dba702639ecdf956160bf655db48cc40f","77301"
"BUNDLE-MI455X-MI455X-SIGN-0197","MI455X","1","MI455X-SIGN-0197","最小参考资料库/search-results.csv","search_result_id","SRESULT-M2W3-AMD-MI455X-PHYSICAL-ACCUM-PRODUCT","审计/子代理交接/m2_staging/M2-W3-AMD-MI455X-MODULE/structured/search-results.csv","5b18d025e6f10c36228b25219e4c91bd9ca6a3de7706ed1b8af49e3bbfd59c23","7203","draft","reviewed","","","","292c8df19c1330537db0ddd1ab38ac1af144fd9bed92b424c6f631caf4a6468d","0bf101b69351f8e1951c4eaee6ac9384ce6bc30c6f74e72517718b92cda79d7e","ba130e4cc7ed2c2d73248f99872bbb5cd3fcc198fdf73c4ea2973c0b06009587","92aec74a85406ffa96c826348ffe298dba702639ecdf956160bf655db48cc40f","77301"
"BUNDLE-MI455X-MI455X-SIGN-0198","MI455X","1","MI455X-SIGN-0198","最小参考资料库/search-results.csv","search_result_id","SRESULT-M2W3-AMD-MI455X-PHYSICAL-ACCUM-BROCHURE","审计/子代理交接/m2_staging/M2-W3-AMD-MI455X-MODULE/structured/search-results.csv","5b18d025e6f10c36228b25219e4c91bd9ca6a3de7706ed1b8af49e3bbfd59c23","7203","draft","reviewed","","","","c9ff78d2d4883f0c80580a6177095d535e3ae9929a48fc277854f6c66fe7a976","edf1dc835c4425c90cfba1c994f83d95e855485dfc2d858391ac5d032c6ed168","63b161a389e9b2c7b7a07f69dec75d88ebd133fa812d1d15092c8d96ceb1dd9f","92aec74a85406ffa96c826348ffe298dba702639ecdf956160bf655db48cc40f","77301"
"BUNDLE-MI455X-MI455X-SIGN-0199","MI455X","1","MI455X-SIGN-0199","最小参考资料库/search-results.csv","search_result_id","SRESULT-M2W3-AMD-MI455X-PHYSICAL-ACCUM-MI400","审计/子代理交接/m2_staging/M2-W3-AMD-MI455X-MODULE/structured/search-results.csv","5b18d025e6f10c36228b25219e4c91bd9ca6a3de7706ed1b8af49e3bbfd59c23","7203","draft","reviewed","","","","731ae891d205c2dd801166dca931ba8ecea109483525c846a5fc8e9ae2118632","13863e8294f903703af3612dff025ff7c67d25066bc3bb9e87e7dc6da6607489","f6fa9a7008da7ee05da4819524436835d00d24f9bf0194d79ecd2e84bbd33695","92aec74a85406ffa96c826348ffe298dba702639ecdf956160bf655db48cc40f","77301"
"BUNDLE-MI455X-MI455X-SIGN-0200","MI455X","1","MI455X-SIGN-0200","最小参考资料库/search-results.csv","search_result_id","SRESULT-M2W3-AMD-MI455X-PHYSICAL-ACCUM-CDNA5","审计/子代理交接/m2_staging/M2-W3-AMD-MI455X-MODULE/structured/search-results.csv","5b18d025e6f10c36228b25219e4c91bd9ca6a3de7706ed1b8af49e3bbfd59c23","7203","draft","reviewed","","","","33621984a8f44229d6d159721031f139ca212390ac15f6e48b13ceefce4498e9","a193c8b167ff727ad2e9cd6cbab57a81c23dbf33cae01617bff63dc522b7a052","91c94dabfe1207e959f9938ff7e6fd4e88aa3d21e97f203c69029459903ae291","92aec74a85406ffa96c826348ffe298dba702639ecdf956160bf655db48cc40f","77301"
"BUNDLE-MI455X-MI455X-SIGN-0201","MI455X","1","MI455X-SIGN-0201","最小参考资料库/search-results.csv","search_result_id","SRESULT-M2W3-AMD-MI455X-SPECIAL-IMPLEMENTATION-PRODUCT","审计/子代理交接/m2_staging/M2-W3-AMD-MI455X-MODULE/structured/search-results.csv","5b18d025e6f10c36228b25219e4c91bd9ca6a3de7706ed1b8af49e3bbfd59c23","7203","draft","reviewed","","","","179a10c8381069d2d8f33513682a3c073409c7500b004d09839c3127c85bfdc7","55ac857c46d3f0dcbc7f5bc798a56d576355bbb994502831efa5b18efe8f6ac3","dd0d0ff38e42db8cc3d2181627371a1ddf99ead714e3d523ffe391ab0663d4bd","92aec74a85406ffa96c826348ffe298dba702639ecdf956160bf655db48cc40f","77301"
"BUNDLE-MI455X-MI455X-SIGN-0202","MI455X","1","MI455X-SIGN-0202","最小参考资料库/search-results.csv","search_result_id","SRESULT-M2W3-AMD-MI455X-SPECIAL-IMPLEMENTATION-BROCHURE","审计/子代理交接/m2_staging/M2-W3-AMD-MI455X-MODULE/structured/search-results.csv","5b18d025e6f10c36228b25219e4c91bd9ca6a3de7706ed1b8af49e3bbfd59c23","7203","draft","reviewed","","","","b2e56aab582e99a61d40c97e47984e727d5fadc74cbedb2e736dc173caa9f107","efe03522f3d490e00608670fa79d979a7b73aa54f835ab2e0670c9b7e9129b6f","60c5cb27066d359380bfabd75806da45e0df63eb07d139a5060ea407febc85f9","92aec74a85406ffa96c826348ffe298dba702639ecdf956160bf655db48cc40f","77301"
"BUNDLE-MI455X-MI455X-SIGN-0203","MI455X","1","MI455X-SIGN-0203","最小参考资料库/search-results.csv","search_result_id","SRESULT-M2W3-AMD-MI455X-SPECIAL-IMPLEMENTATION-MI400","审计/子代理交接/m2_staging/M2-W3-AMD-MI455X-MODULE/structured/search-results.csv","5b18d025e6f10c36228b25219e4c91bd9ca6a3de7706ed1b8af49e3bbfd59c23","7203","draft","reviewed","","","","12b110e51ce4dfca9068445bc9eee67d6c2fad25b33389493dfd6583200d8370","fa9e7d3728410fc8e19aa308963db2bf00dc2a95402795ec5b220d78dd69e6a2","b7e163caa7a151c65aabae02e2a305690c605ebe0361ac9aa396ef7dcc2b6403","92aec74a85406ffa96c826348ffe298dba702639ecdf956160bf655db48cc40f","77301"
"BUNDLE-MI455X-MI455X-SIGN-0204","MI455X","1","MI455X-SIGN-0204","最小参考资料库/search-results.csv","search_result_id","SRESULT-M2W3-AMD-MI455X-SPECIAL-IMPLEMENTATION-CDNA5","审计/子代理交接/m2_staging/M2-W3-AMD-MI455X-MODULE/structured/search-results.csv","5b18d025e6f10c36228b25219e4c91bd9ca6a3de7706ed1b8af49e3bbfd59c23","7203","draft","reviewed","","","","2e2f1f156a1ef15718b1e66d5b548f11f53ffdd2d26a05a7f024ce7348640c6e","17cb522e1a1a9d75bbe8abbf7f952d6b3dd1c2c12878725e28f7cba19f953dcd","e1eef625443752b7e879a807d19c87bb72e6f32e9babce81eed5ce4f1b920836","92aec74a85406ffa96c826348ffe298dba702639ecdf956160bf655db48cc40f","77301"
"BUNDLE-MI455X-MI455X-SIGN-0205","MI455X","1","MI455X-SIGN-0205","最小参考资料库/search-results.csv","search_result_id","SRESULT-M2W3-AMD-MI455X-HBM-INTERFACE-PRODUCT","审计/子代理交接/m2_staging/M2-W3-AMD-MI455X-MODULE/structured/search-results.csv","5b18d025e6f10c36228b25219e4c91bd9ca6a3de7706ed1b8af49e3bbfd59c23","7203","draft","reviewed","","","","6720ea64c03c8b691a7e008227a8bfb6d273cdced1ec3e823f1c8fc3180e26cc","c7684902539282b52200e3745e79fda9b87058fa3190989a0e822fb9dd4f1b89","1554fe540a2517b9a7999ff8e7644907a33ae96fd3fb972fcd7581f99d33e17e","92aec74a85406ffa96c826348ffe298dba702639ecdf956160bf655db48cc40f","77301"
"BUNDLE-MI455X-MI455X-SIGN-0206","MI455X","1","MI455X-SIGN-0206","最小参考资料库/search-results.csv","search_result_id","SRESULT-M2W3-AMD-MI455X-HBM-INTERFACE-BROCHURE","审计/子代理交接/m2_staging/M2-W3-AMD-MI455X-MODULE/structured/search-results.csv","5b18d025e6f10c36228b25219e4c91bd9ca6a3de7706ed1b8af49e3bbfd59c23","7203","draft","reviewed","","","","840bb95b6aa501d3de2247194ed376f16c68bf37bf49be57893c4461c06b1ddd","6ab3675d4aa33b28ada940cae68c96504bf7e22e5e5d1061b59cdd2d47c35a07","4218512cbd58d2e538c10ad6ffb55b245132c49fc116bae573ac698718475aea","92aec74a85406ffa96c826348ffe298dba702639ecdf956160bf655db48cc40f","77301"
"BUNDLE-MI455X-MI455X-SIGN-0207","MI455X","1","MI455X-SIGN-0207","最小参考资料库/search-results.csv","search_result_id","SRESULT-M2W3-AMD-MI455X-HBM-INTERFACE-MI400","审计/子代理交接/m2_staging/M2-W3-AMD-MI455X-MODULE/structured/search-results.csv","5b18d025e6f10c36228b25219e4c91bd9ca6a3de7706ed1b8af49e3bbfd59c23","7203","draft","reviewed","","","","fb484eb8aca730808cf4ee6df668cd45f0bee6ff587da925c5a9c7791d19e709","6ad7e740de271fee09432f6e1e275f0b6b6ef879f8af748184efffd0972a3529","81393fb1dfadaac7182fb860c4a97651e48c93efdd867df648ea9d683ebf938e","92aec74a85406ffa96c826348ffe298dba702639ecdf956160bf655db48cc40f","77301"
"BUNDLE-MI455X-MI455X-SIGN-0208","MI455X","1","MI455X-SIGN-0208","最小参考资料库/search-results.csv","search_result_id","SRESULT-M2W3-AMD-MI455X-HBM-INTERFACE-CDNA5","审计/子代理交接/m2_staging/M2-W3-AMD-MI455X-MODULE/structured/search-results.csv","5b18d025e6f10c36228b25219e4c91bd9ca6a3de7706ed1b8af49e3bbfd59c23","7203","draft","reviewed","","","","d4e7426e3cfd4d0ccc6738c34c7f6f53c6605e47147702b1c469d39a46727ec7","0b5344a1175e3deef3f93d02d34c4ea0d2ebee07e22c3b8a84a2d35981d556ae","4ba4ddc3a7feea4d7d9cf847befdbdbb20a467b18d8488195891dd2a69d86587","92aec74a85406ffa96c826348ffe298dba702639ecdf956160bf655db48cc40f","77301"
"BUNDLE-MI455X-MI455X-SIGN-0209","MI455X","1","MI455X-SIGN-0209","最小参考资料库/search-results.csv","search_result_id","SRESULT-M2W3-AMD-MI455X-DIE-AREA-PRODUCT","审计/子代理交接/m2_staging/M2-W3-AMD-MI455X-MODULE/structured/search-results.csv","5b18d025e6f10c36228b25219e4c91bd9ca6a3de7706ed1b8af49e3bbfd59c23","7203","draft","reviewed","","","","5391eb12db031d0fdc1a4a739f1f21c228fd4a7f2aef57064f7724596bc5cb80","471c0e978860df2a8dd10a07ef90cacc3023fb7171d3b1261b93db06506beceb","73a317181c99656c13d0a34b62884b67fa40c313009ade1eb01e418a74cf1394","92aec74a85406ffa96c826348ffe298dba702639ecdf956160bf655db48cc40f","77301"
"BUNDLE-MI455X-MI455X-SIGN-0210","MI455X","1","MI455X-SIGN-0210","最小参考资料库/search-results.csv","search_result_id","SRESULT-M2W3-AMD-MI455X-DIE-AREA-BROCHURE","审计/子代理交接/m2_staging/M2-W3-AMD-MI455X-MODULE/structured/search-results.csv","5b18d025e6f10c36228b25219e4c91bd9ca6a3de7706ed1b8af49e3bbfd59c23","7203","draft","reviewed","","","","3a1f832f418abe1413e1cf1064d7332cdbe3d07b6bdf92527420c05b520a294f","548afd1264ccd0680c829efe3c6e923c4ed106445c041e8630017554972e6687","d5e7fae461e919ab4dfa3be16a477af01c16b14ba0f8e41ef275fb9080122178","92aec74a85406ffa96c826348ffe298dba702639ecdf956160bf655db48cc40f","77301"
"BUNDLE-MI455X-MI455X-SIGN-0211","MI455X","1","MI455X-SIGN-0211","最小参考资料库/search-results.csv","search_result_id","SRESULT-M2W3-AMD-MI455X-DIE-AREA-MI400","审计/子代理交接/m2_staging/M2-W3-AMD-MI455X-MODULE/structured/search-results.csv","5b18d025e6f10c36228b25219e4c91bd9ca6a3de7706ed1b8af49e3bbfd59c23","7203","draft","reviewed","","","","e154d0ea39e52560c2f6d02018281d421fc378a3554559af081df362196c09cb","8c0037564f3dde6d0a3da56e2a6f8b1d9d4472171a19b985a532487c199606f7","b6458eb741d4efdeccb508b4cbaf08d6a3648d55e2dd50602d00687542dd77f6","92aec74a85406ffa96c826348ffe298dba702639ecdf956160bf655db48cc40f","77301"
"BUNDLE-MI455X-MI455X-SIGN-0212","MI455X","1","MI455X-SIGN-0212","最小参考资料库/search-results.csv","search_result_id","SRESULT-M2W3-AMD-MI455X-DIE-AREA-CDNA5","审计/子代理交接/m2_staging/M2-W3-AMD-MI455X-MODULE/structured/search-results.csv","5b18d025e6f10c36228b25219e4c91bd9ca6a3de7706ed1b8af49e3bbfd59c23","7203","draft","reviewed","","","","4a9977d13d90c00000a15c5763cbaf85ef009942bf203be5dcbb4a06dc0fba23","e28bc1158ae8f44ed03125d3e61672f74a68da743f5f62b9758c3f51b2b9bf39","c813653cae16de9ef34cb219bbc09b646bef50c11ec31697a6693ee76d1efb53","92aec74a85406ffa96c826348ffe298dba702639ecdf956160bf655db48cc40f","77301"
"BUNDLE-MI455X-MI455X-SIGN-0213","MI455X","1","MI455X-SIGN-0213","最小参考资料库/search-results.csv","search_result_id","SRESULT-M2W3-AMD-MI455X-RUNTIME-VERSION-PRODUCT","审计/子代理交接/m2_staging/M2-W3-AMD-MI455X-MODULE/structured/search-results.csv","5b18d025e6f10c36228b25219e4c91bd9ca6a3de7706ed1b8af49e3bbfd59c23","7203","draft","reviewed","","","","959c6426c78abf4ce6e07882b51c10b84f3964c8592f5581251e65019e6197ef","9b448d900f47be6a8e6209e8579931f818caa8d310074c5e0958a16879046026","68b06c8237890614a0538062055c6306e0617f3f9eb46fc3536a9c7e102e1716","92aec74a85406ffa96c826348ffe298dba702639ecdf956160bf655db48cc40f","77301"
"BUNDLE-MI455X-MI455X-SIGN-0214","MI455X","1","MI455X-SIGN-0214","最小参考资料库/search-results.csv","search_result_id","SRESULT-M2W3-AMD-MI455X-RUNTIME-VERSION-BROCHURE","审计/子代理交接/m2_staging/M2-W3-AMD-MI455X-MODULE/structured/search-results.csv","5b18d025e6f10c36228b25219e4c91bd9ca6a3de7706ed1b8af49e3bbfd59c23","7203","draft","reviewed","","","","df4da7891196f00d30618bfc934bf474a637c78601eb40d388b3609cac8d8a2c","78ab23d02926a2660ba5468d5c4ac306ac26553fa17f712998913d8ae4a8b7fd","4c74a3d5e00383c639678eee03d220eeba6ffadd1f7ff26000a517641cbbb81c","92aec74a85406ffa96c826348ffe298dba702639ecdf956160bf655db48cc40f","77301"
"BUNDLE-MI455X-MI455X-SIGN-0215","MI455X","1","MI455X-SIGN-0215","最小参考资料库/search-results.csv","search_result_id","SRESULT-M2W3-AMD-MI455X-RUNTIME-VERSION-MI400","审计/子代理交接/m2_staging/M2-W3-AMD-MI455X-MODULE/structured/search-results.csv","5b18d025e6f10c36228b25219e4c91bd9ca6a3de7706ed1b8af49e3bbfd59c23","7203","draft","reviewed","","","","8333c6023f42a5c858a179f7dae2148de8eadc12a4ad8be4b59505c69a7fb3c9","e22b8d68a7cee439263094425cda2b35a7d3ad5185a0fc5ed05302d4d1c083ea","ce47c04f34db188fda5acc6dde60c6f006f2f3fd71ce4f95c0b9840677ab2576","92aec74a85406ffa96c826348ffe298dba702639ecdf956160bf655db48cc40f","77301"
"BUNDLE-MI455X-MI455X-SIGN-0216","MI455X","1","MI455X-SIGN-0216","最小参考资料库/search-results.csv","search_result_id","SRESULT-M2W3-AMD-MI455X-RUNTIME-VERSION-CDNA5","审计/子代理交接/m2_staging/M2-W3-AMD-MI455X-MODULE/structured/search-results.csv","5b18d025e6f10c36228b25219e4c91bd9ca6a3de7706ed1b8af49e3bbfd59c23","7203","draft","reviewed","","","","479080d12512f204b7eb708476ab722e2143493f38922b928ef6f635b2c4ee48","88acc5840cf5d8a3f69e24471ee81f7ff264e28a2f18397b4d555e1f881c0523","8030e977072e69c7b42a93d5a14eb901e50900f974ac5507bc484af0e55f9e62","92aec74a85406ffa96c826348ffe298dba702639ecdf956160bf655db48cc40f","77301"
"BUNDLE-MI455X-MI455X-SIGN-0217","MI455X","1","MI455X-SIGN-0217","最小参考资料库/selection-members.csv","selection_member_id","SELMEM-M2W3-AMD-MI455X-PRODUCT","审计/子代理交接/m2_staging/M2-W3-AMD-MI455X-MODULE/structured/selection-members.csv","e8743cebd99b893c5ea69710931caa27f9895bcffff408f4feea1c8dd5e555c7","1537","draft","reviewed","","","","a8ad5b653712bbea426f5ec93cff2be778a65f783eb2a27f268acdeb9a0ee48c","5096e8ed8bf47029bf02e48d80c5c853cdd934a1f1a3de24691b4cb2a65d001f","79b6c09f532e1dd70fa698d70c52523607dc86fe58ca78c83a07778b8d81602a","073cba4b5671f2273f75e99a355259444c7c28c2a2da4006b19535b3f030ce0b","39854"
"BUNDLE-MI455X-MI455X-SIGN-0218","MI455X","1","MI455X-SIGN-0218","最小参考资料库/selection-members.csv","selection_member_id","SELMEM-M2W3-AMD-MI455X-BROCHURE","审计/子代理交接/m2_staging/M2-W3-AMD-MI455X-MODULE/structured/selection-members.csv","e8743cebd99b893c5ea69710931caa27f9895bcffff408f4feea1c8dd5e555c7","1537","draft","reviewed","","","","834e815f82fe802ed08a595de364e590393ca7e9c45be34d116f63321318da55","2f4c1c80f7a885f328310c5ea71bbc5722430a0aa2d79376fd37af2813b669a2","b867f7a941ad46d1f7559ed83487b5a1f9cac5827322a143c38611dc135083dc","073cba4b5671f2273f75e99a355259444c7c28c2a2da4006b19535b3f030ce0b","39854"
"BUNDLE-MI455X-MI455X-SIGN-0219","MI455X","1","MI455X-SIGN-0219","最小参考资料库/selection-members.csv","selection_member_id","SELMEM-M2W3-AMD-MI400-MODULE-PHYSICAL","审计/子代理交接/m2_staging/M2-W3-AMD-MI455X-MODULE/structured/selection-members.csv","e8743cebd99b893c5ea69710931caa27f9895bcffff408f4feea1c8dd5e555c7","1537","draft","reviewed","","","","ed143837dcac3ecab28c1d431cd1a24d4af8e5c165b7ba7e6a0230f1bd62c7e5","25cc9e449ebcac3181383086d01dc0642db124a5eaed48a5e34fb0c5ba030c4f","5c3d491af02c34e7d06105993b40e44f5005ffc9be6422c6356d2438a651877c","073cba4b5671f2273f75e99a355259444c7c28c2a2da4006b19535b3f030ce0b","39854"
"BUNDLE-MI455X-MI455X-SIGN-0220","MI455X","1","MI455X-SIGN-0220","最小参考资料库/selection-members.csv","selection_member_id","SELMEM-M2W3-AMD-CDNA5-RELATION","审计/子代理交接/m2_staging/M2-W3-AMD-MI455X-MODULE/structured/selection-members.csv","e8743cebd99b893c5ea69710931caa27f9895bcffff408f4feea1c8dd5e555c7","1537","draft","reviewed","","","","81136d54ac9146eedeec4bb088d60c10a56469ef287ca34e61e9267d4aab37ef","5c3c2c86adeca1c8963210de55cf0761a7c4b175f1abde6b87537eb6650c4437","1a9a332ad13b7415830fbde3c9e7d22f5bab1728c9402686418c36c51135f9a3","073cba4b5671f2273f75e99a355259444c7c28c2a2da4006b19535b3f030ce0b","39854"
"BUNDLE-MI455X-MI455X-SIGN-0221","MI455X","1","MI455X-SIGN-0221","最小参考资料库/selection-runs.csv","selection_run_id","SELRUN-M2W3-AMD-MI455X-20260813","审计/子代理交接/m2_staging/M2-W3-AMD-MI455X-MODULE/structured/selection-runs.csv","842e60b2aa5554cd3c901616c591f318c34bcdcf11cd7e2c55f6d28f83e0cfa7","495","draft","reviewed","status","draft","reviewed","7764f693cd4d1f5666610b573bd91b881d4ecc6e5eb7f6b4f5c82a7481a0b1de","5536c7b53d9b49af79d9dc429b0f52c2538471ac348dc8e903ce584258453df8","0f5c99e812e6efc3944301397eb168c8ca69f0d2a144ff952828f306f79749c4","4397260840ab286e7d4274f963eb037eb70a2dfd951ac55d43fdd35aa85e7ee0","3281"
"BUNDLE-MI455X-MI455X-SIGN-0222","MI455X","1","MI455X-SIGN-0222","最小参考资料库/source-coverage.csv","coverage_id","COV-M2W3-AMD-MI455X-PRODUCT-BY-BROCHURE","审计/子代理交接/m2_staging/M2-W3-AMD-MI455X-MODULE/structured/source-coverage.csv","4433b0a721ce4deb1275e566a69ffd100db3db64af15102cc39f34fc9859d96d","1939","draft","reviewed","","","","179cfe0f3438f956e8c2b374836243cc7ddca49de0288c75b07c605c7c9b7171","a146cc4698ca950a10beba601f5441cee38b798b6a0195c4abe1f4c7ac2f437f","aa35a706326608223529d8aeff6452efe2c40960110b2bceec681bbab03a1149","88bf789e45a70271bab97a4f1d69034e675418bf340c82d01751d50f07e8ba21","7348"
"BUNDLE-MI455X-MI455X-SIGN-0223","MI455X","1","MI455X-SIGN-0223","最小参考资料库/source-coverage.csv","coverage_id","COV-M2W3-AMD-MI455X-BROCHURE-BY-PRODUCT","审计/子代理交接/m2_staging/M2-W3-AMD-MI455X-MODULE/structured/source-coverage.csv","4433b0a721ce4deb1275e566a69ffd100db3db64af15102cc39f34fc9859d96d","1939","draft","reviewed","","","","0e5eb99964b1d2cac83d9fd65b2aa4c56a210dc182cea2b8907f56b9a2942822","30a66475689b7ba08cc10628ae7fd3fdfcdf22c89d777ce209dd9fa5d6856137","21c1953155ce19124b2bb2f3d59fe637377df309eadd29040d9888caf85adaf0","88bf789e45a70271bab97a4f1d69034e675418bf340c82d01751d50f07e8ba21","7348"
"BUNDLE-MI455X-MI455X-SIGN-0224","MI455X","1","MI455X-SIGN-0224","最小参考资料库/source-coverage.csv","coverage_id","COV-M2W3-AMD-MI400-NOT-EQUIV-PRODUCT","审计/子代理交接/m2_staging/M2-W3-AMD-MI455X-MODULE/structured/source-coverage.csv","4433b0a721ce4deb1275e566a69ffd100db3db64af15102cc39f34fc9859d96d","1939","draft","reviewed","","","","e60aad7fa30c33d72d724897223c3cf85a40042e358acee4006ebc15852d8e03","342ead5356efe8c12acfbf1baf1b0482b05e80665f65bec2ea2508037254c25c","0993d8e7a8a645979b7d2849f94f67d1bb29de3ee7367ab2b670217251763ab8","88bf789e45a70271bab97a4f1d69034e675418bf340c82d01751d50f07e8ba21","7348"
"BUNDLE-MI455X-MI455X-SIGN-0225","MI455X","1","MI455X-SIGN-0225","最小参考资料库/source-coverage.csv","coverage_id","COV-M2W3-AMD-CDNA5-NOT-EQUIV-PRODUCT","审计/子代理交接/m2_staging/M2-W3-AMD-MI455X-MODULE/structured/source-coverage.csv","4433b0a721ce4deb1275e566a69ffd100db3db64af15102cc39f34fc9859d96d","1939","draft","reviewed","","","","b46875412ddcc89173066f33defe1d51602e2766358f89b3d7de7e7a76b1f4d8","5bb5781be919a7ea93100bb0d4af7ae29c25736cadc5162e7771c0d9bfcb5fc9","6bfb264c79479f62c5d9bda8d09101d168c489716cfc38d16673b16522f667dc","88bf789e45a70271bab97a4f1d69034e675418bf340c82d01751d50f07e8ba21","7348"
"BUNDLE-MI455X-MI455X-SIGN-0226","MI455X","1","MI455X-SIGN-0226","最小参考资料库/source-endpoints.csv","endpoint_id","END-M2W3-AMD-MI455X-PRODUCT-REMOTE","审计/子代理交接/m2_staging/M2-W3-AMD-MI455X-MODULE/structured/source-endpoints.csv","7dbc0104c20e50999d65e54a9b4c7124275519268496a596144f4aea8c7be426","1706","draft","reviewed","","","","fd695e6380ce909316278361164ba22d2a998f8e6eaf4afa0d73fa447eebc19c","210668791202dfe04feb30573764ac392138fec5d6bf5249d8e519a2fe5348c8","3a5ce1d61111bdea925f85be0026f8ae56862347d8221e21d7fd626386d09574","644a9dc2249c717c7e16121d5164184bd5dd9804b9be4983019bb1ad48bc9f6f","51203"
"BUNDLE-MI455X-MI455X-SIGN-0227","MI455X","1","MI455X-SIGN-0227","最小参考资料库/source-endpoints.csv","endpoint_id","END-M2W3-AMD-MI455X-PRODUCT-SNAPSHOT","审计/子代理交接/m2_staging/M2-W3-AMD-MI455X-MODULE/structured/source-endpoints.csv","7dbc0104c20e50999d65e54a9b4c7124275519268496a596144f4aea8c7be426","1706","draft","reviewed","local_path","审计/子代理交接/m2_staging/M2-W3-AMD-MI455X-MODULE/fixed-candidates/amd-instinct-mi455x-2026-08-13.html","最小参考资料库/快照/AMD/MI455X/2026-08-13/amd-instinct-mi455x-2026-08-13.html","62db75f9b18b9545fd90496b87810d62fd150c4098c695422ee6ccc7f0ad2713","c94a9425b0abf810ad24fdc0f5a8519592d77449ba56ac9612b0d8f98cef8777","faa5577ecb5506f00a3a1590b807277988e42f765e784ed75afb4f536ee84440","644a9dc2249c717c7e16121d5164184bd5dd9804b9be4983019bb1ad48bc9f6f","51203"
"BUNDLE-MI455X-MI455X-SIGN-0228","MI455X","1","MI455X-SIGN-0228","最小参考资料库/source-endpoints.csv","endpoint_id","END-M2W3-AMD-MI455X-BROCHURE-REMOTE","审计/子代理交接/m2_staging/M2-W3-AMD-MI455X-MODULE/structured/source-endpoints.csv","7dbc0104c20e50999d65e54a9b4c7124275519268496a596144f4aea8c7be426","1706","draft","reviewed","","","","bf84df0b2916d2c489e5d9a7b5cc88587d40fd9f07409ab2beae944bb1b272f1","5cbfffa335f83a3dea4fc718bd4a8e1938b4b1c3098c348014fdd3894e6cfc2f","6faacd5d70274d80658c762886b76753a4dded9df9b0b8e439c7b6675872920f","644a9dc2249c717c7e16121d5164184bd5dd9804b9be4983019bb1ad48bc9f6f","51203"
"BUNDLE-MI455X-MI455X-SIGN-0229","MI455X","1","MI455X-SIGN-0229","最小参考资料库/source-endpoints.csv","endpoint_id","END-M2W3-AMD-MI455X-BROCHURE-LOCAL","审计/子代理交接/m2_staging/M2-W3-AMD-MI455X-MODULE/structured/source-endpoints.csv","7dbc0104c20e50999d65e54a9b4c7124275519268496a596144f4aea8c7be426","1706","draft","reviewed","local_path","审计/子代理交接/m2_staging/M2-W3-AMD-MI455X-MODULE/fixed-candidates/amd-instinct-mi455x-brochure-2026-08-13.pdf","论文/AMD_Instinct/02_厂商产品资料/2026_AMD_Instinct_MI455X_GPU_Brochure.pdf","4ddacbadf3f3837fdb226413356157f340840bbcb350d84b32b824c7d369f9d7","c2e6ba37a497ac65903bbc56e8d67f4d5fab0dda349a9fdaaf5c658db1ee0cb6","c1a1ecc624b670884f28012b46bd6f379f0585bd919d2d0b5baf3b786c181a92","644a9dc2249c717c7e16121d5164184bd5dd9804b9be4983019bb1ad48bc9f6f","51203"
"BUNDLE-MI455X-MI455X-SIGN-0230","MI455X","1","MI455X-SIGN-0230","最小参考资料库/source-families.csv","source_family_id","SFAM-M2W3-AMD-MI455X-PRODUCT","审计/子代理交接/m2_staging/M2-W3-AMD-MI455X-MODULE/structured/source-families.csv","457220a96ce6b35d6da2eba3c5e54d70650f936cd43a3c4127e27f854472b2a6","595","draft","reviewed","","","","840c6d50cf57e359f2826f30a483e9250dd32a91252362d12bb74d5a2cff4e97","479455105ccd4bd93d55cbf0eb431db2edc97c49fa21859365b320c495ed95e7","ca31712447d04cdfdb4a853d75d06423ab12292140cf33c21a3a8b8599875252","358869eac543ca7769129a0525834a366fb3abb5c3fba858b556bb414ed0b061","14595"
"BUNDLE-MI455X-MI455X-SIGN-0231","MI455X","1","MI455X-SIGN-0231","最小参考资料库/source-families.csv","source_family_id","SFAM-M2W3-AMD-MI455X-BROCHURE","审计/子代理交接/m2_staging/M2-W3-AMD-MI455X-MODULE/structured/source-families.csv","457220a96ce6b35d6da2eba3c5e54d70650f936cd43a3c4127e27f854472b2a6","595","draft","reviewed","","","","436088ccf41b5d635ed7247e10aed46ff04936e0a8dd7f19e838777eecfc858f","b988316694b89b12554b7942715655c1d562a057915354c80735b76b26735f91","7f889bbf0c16fa6791d3d219aef2295a058e9d72d9e4a4aaf7d70f53a225157e","358869eac543ca7769129a0525834a366fb3abb5c3fba858b556bb414ed0b061","14595"
"BUNDLE-MI455X-MI455X-SIGN-0232","MI455X","1","MI455X-SIGN-0232","最小参考资料库/source-screening.csv","screening_id","SCREEN-M2W3-AMD-MI455X-PRODUCT","审计/子代理交接/m2_staging/M2-W3-AMD-MI455X-MODULE/structured/source-screening.csv","47f51d2d674ebde5db02d77595097a9fb2133b7d8a3ce767a1fb6834b8993db1","2142","draft","reviewed","","","","40b91d0a95b59f0ec18fa3bcb3f686404a4c5a42a7e8c51a1cb997b8c599267f","de1be86c3a712efb564e3ab190f15b8e373da4310a61d42fb8bd46f3f38aec5b","98e5204f624f32d4dae9104c54c17b7c85e9c8594b0807957c73086089f5b51f","b4d12751bc347739b415feb2349d56297920a0cd2deab9887cb0c7b5a9377823","30961"
"BUNDLE-MI455X-MI455X-SIGN-0233","MI455X","1","MI455X-SIGN-0233","最小参考资料库/source-screening.csv","screening_id","SCREEN-M2W3-AMD-MI455X-BROCHURE","审计/子代理交接/m2_staging/M2-W3-AMD-MI455X-MODULE/structured/source-screening.csv","47f51d2d674ebde5db02d77595097a9fb2133b7d8a3ce767a1fb6834b8993db1","2142","draft","reviewed","","","","b2c7a38302cf8c8b78bce339dd6e315c2195b23a425b87ef6ddd6664bc5d7eaa","220e341381f5be5741f0596b96eb108f27879645a03bb83071f87a36415305c5","b35b81fc576f8eb1ab19296d76f7b570d3e6fafb8949dec7b8eedde197c0ce4c","b4d12751bc347739b415feb2349d56297920a0cd2deab9887cb0c7b5a9377823","30961"
"BUNDLE-MI455X-MI455X-SIGN-0234","MI455X","1","MI455X-SIGN-0234","最小参考资料库/source-screening.csv","screening_id","SCREEN-M2W3-AMD-MI400-FOR-MI455X","审计/子代理交接/m2_staging/M2-W3-AMD-MI455X-MODULE/structured/source-screening.csv","47f51d2d674ebde5db02d77595097a9fb2133b7d8a3ce767a1fb6834b8993db1","2142","draft","reviewed","","","","f44d94ecaece8dd82d730e45a01d5164814170bc96917e3678d420349a9d1570","529e78d3f0ec3984004859d5db216803c7b3a5dd1a510b963da03bbd7916fe91","4140877e252d2fbb510536de2ce3540341ae7723d231b9b84688126d7c61b7a8","b4d12751bc347739b415feb2349d56297920a0cd2deab9887cb0c7b5a9377823","30961"
"BUNDLE-MI455X-MI455X-SIGN-0235","MI455X","1","MI455X-SIGN-0235","最小参考资料库/source-screening.csv","screening_id","SCREEN-M2W3-AMD-CDNA5-FOR-MI455X","审计/子代理交接/m2_staging/M2-W3-AMD-MI455X-MODULE/structured/source-screening.csv","47f51d2d674ebde5db02d77595097a9fb2133b7d8a3ce767a1fb6834b8993db1","2142","draft","reviewed","","","","b7f8aec9653bd9a16c96ff855404ddb804a703c8099bb64d4e4dc3d6cbb9f743","6446d84ac961a729362682feff3132a44da2f0a51ad76b89294bd16831beca75","e4a40c8145c0c5ab468e8c9a9820f8e86246881307e6cee2422c86056690ce88","b4d12751bc347739b415feb2349d56297920a0cd2deab9887cb0c7b5a9377823","30961"
"BUNDLE-MI455X-MI455X-SIGN-0236","MI455X","1","MI455X-SIGN-0236","最小参考资料库/source-selected-roles.csv","source_selected_role_id","SROLE-M2W3-AMD-MI455X-PRODUCT-IDENTITY","审计/子代理交接/m2_staging/M2-W3-AMD-MI455X-MODULE/structured/source-selected-roles.csv","f1408b1ffd25095f8841ac57d4038691cd78a28fee2def8abfe69bfb1753f00c","1356","draft","reviewed","","","","07a2a7d40a6ab712bf85f50168118d3dd37f00668facc8c13a4e794fc7c3017b","e50591f298bf89b03872d020e4ab9fa7a5006a03383543fe7b59e659cf2ea0fe","e4653208296509b684ab0b6f560146227a9ee8f8e0be127ebb4a146c73337a29","5974d3615274baf78482815586f0fed10da3639532b7e8ba681a16ac59af2c57","21670"
"BUNDLE-MI455X-MI455X-SIGN-0237","MI455X","1","MI455X-SIGN-0237","最小参考资料库/source-selected-roles.csv","source_selected_role_id","SROLE-M2W3-AMD-MI455X-PRODUCT-CORE","审计/子代理交接/m2_staging/M2-W3-AMD-MI455X-MODULE/structured/source-selected-roles.csv","f1408b1ffd25095f8841ac57d4038691cd78a28fee2def8abfe69bfb1753f00c","1356","draft","reviewed","","","","9e6a3965b63d36d5942cbfb0bbf3a481484f24661c03a50c137d8d173742a81f","61bb6c19e89ffa3da4737b9a437a703bac1ad447a664e5bb70ff784b0a3d7af1","a24f1179bf1ec1c203bac0cd4e01dceb130053a6efdc2392a4b5d5158d47e899","5974d3615274baf78482815586f0fed10da3639532b7e8ba681a16ac59af2c57","21670"
"BUNDLE-MI455X-MI455X-SIGN-0238","MI455X","1","MI455X-SIGN-0238","最小参考资料库/source-selected-roles.csv","source_selected_role_id","SROLE-M2W3-AMD-MI455X-BROCHURE-CORE","审计/子代理交接/m2_staging/M2-W3-AMD-MI455X-MODULE/structured/source-selected-roles.csv","f1408b1ffd25095f8841ac57d4038691cd78a28fee2def8abfe69bfb1753f00c","1356","draft","reviewed","","","","637aa072d613713fcb335868dbe237cf710e7caa8c738b199315e16fd6e03cb7","c92db0c678f3bdd34ed5a475a17e9d760ae8ee2bc9ac8185edd0acca74049233","acf9e9c896853535741d4694adb568becbc35c775e19e451725ecf78f309e0ac","5974d3615274baf78482815586f0fed10da3639532b7e8ba681a16ac59af2c57","21670"
"BUNDLE-MI455X-MI455X-SIGN-0239","MI455X","1","MI455X-SIGN-0239","最小参考资料库/source-selected-roles.csv","source_selected_role_id","SROLE-M2W3-AMD-MI400-MODULE-PHYSICAL","审计/子代理交接/m2_staging/M2-W3-AMD-MI455X-MODULE/structured/source-selected-roles.csv","f1408b1ffd25095f8841ac57d4038691cd78a28fee2def8abfe69bfb1753f00c","1356","draft","reviewed","","","","077d33c6993d21b06b2815df9b4fede98e4b192c332d8b424c81b940ac90586f","74af361859266233a3a2d5f62140536129d17ab7bba213fc139f163e0dc5bcc1","68bfc21e347f92c8081ccc257888e511c9b1d2cd958f5ac98cd1396b34fd36b2","5974d3615274baf78482815586f0fed10da3639532b7e8ba681a16ac59af2c57","21670"
"BUNDLE-MI455X-MI455X-SIGN-0240","MI455X","1","MI455X-SIGN-0240","最小参考资料库/source-selected-roles.csv","source_selected_role_id","SROLE-M2W3-AMD-CDNA5-RELATION","审计/子代理交接/m2_staging/M2-W3-AMD-MI455X-MODULE/structured/source-selected-roles.csv","f1408b1ffd25095f8841ac57d4038691cd78a28fee2def8abfe69bfb1753f00c","1356","draft","reviewed","","","","01069d246f55eb84dfa6bc0dc4b9b666ce15fb831886e39d888a1474a2fdd6d2","31d9f95f19f69c681d31d914910bbf92875872660476d463c8093ced69ca4df3","df22363643c913900110cc6beb1a7ed3e20aebaf0104f212cabf1fd364bca0e0","5974d3615274baf78482815586f0fed10da3639532b7e8ba681a16ac59af2c57","21670"
"BUNDLE-MI455X-MI455X-SIGN-0241","MI455X","1","MI455X-SIGN-0241","最小参考资料库/sources.csv","source_id","SRC-M2W3-AMD-MI455X-PRODUCT-20260813","审计/子代理交接/m2_staging/M2-W3-AMD-MI455X-MODULE/structured/sources.csv","9f6076064a6078ac08da4624857737e987de464fbcca84bbce9b80caee1175bf","1079","draft","reviewed","","","","bdc9292e915f581c3e4c9b9b3cda69fc804cd24914eb6094972334826d3f0b8a","fe8003543c69516f0cb0f17cdd50c038cf40367b7415869fa24108e8f49a6d2c","d241a2379e81f66ba1e2f7123f289309c3e3e33951c0a26a8867401a8ef589a4","43c72603ecf52b78aa0e737840190320accf567b0d3d769c1c8b64ce223a84fc","31741"
"BUNDLE-MI455X-MI455X-SIGN-0242","MI455X","1","MI455X-SIGN-0242","最小参考资料库/sources.csv","source_id","SRC-M2W3-AMD-MI455X-BROCHURE-202607","审计/子代理交接/m2_staging/M2-W3-AMD-MI455X-MODULE/structured/sources.csv","9f6076064a6078ac08da4624857737e987de464fbcca84bbce9b80caee1175bf","1079","draft","reviewed","","","","581deb452cb3cf24e23cae2ed9c6e4a69df49e0c368e63aefc427e22f0d05a20","5d0fd1e603a10e2606eb27c119e03c55e7a2b183459ca0083574e13a0c880275","9a30867f751127be4704e0f634895d63fdc1479512662a143598b99f1d8c5cb0","43c72603ecf52b78aa0e737840190320accf567b0d3d769c1c8b64ce223a84fc","31741"
"BUNDLE-MI350P-MI350P-SIGN-0001","MI350P","2","MI350P-SIGN-0001","数据/card-completeness.csv","card_completeness_id","COMPLETE-M2W3-AMD-MI350P-COMPUTE","审计/子代理交接/m2_staging/M2-W3-AMD-MI350P-CARD/structured/card-completeness.csv","a7823154fb69a3ecf85ece7e40732cf3dfee29331f278b742aeabecd3bd7a275","2955","draft","reviewed","","","","1132e39af9bf218ca4030a1120f0b5b3ebe8bf35ce7016a9107053cde616dfa6","1132e39af9bf218ca4030a1120f0b5b3ebe8bf35ce7016a9107053cde616dfa6","e2464b03db5d5abb3605309e3689d18e14a75c3830ace842197acd9dbe05328d","a046bf3d9c7c88d1204a2f12e24c1ea654aa9ddd85115b2089c50f2de21c738b","74967"
"BUNDLE-MI350P-MI350P-SIGN-0002","MI350P","2","MI350P-SIGN-0002","数据/card-completeness.csv","card_completeness_id","COMPLETE-M2W3-AMD-MI350P-EVIDENCE","审计/子代理交接/m2_staging/M2-W3-AMD-MI350P-CARD/structured/card-completeness.csv","a7823154fb69a3ecf85ece7e40732cf3dfee29331f278b742aeabecd3bd7a275","2955","draft","reviewed","","","","67588b55f873d53dc50336d00abf5471c165ef563d3e72dd73123ce42511918a","67588b55f873d53dc50336d00abf5471c165ef563d3e72dd73123ce42511918a","f0b72f5787b89e85b4edfc25d3b58825832ff9fa8448a42e144d35ea407fa3c7","a046bf3d9c7c88d1204a2f12e24c1ea654aa9ddd85115b2089c50f2de21c738b","74967"
"BUNDLE-MI350P-MI350P-SIGN-0003","MI350P","2","MI350P-SIGN-0003","数据/card-completeness.csv","card_completeness_id","COMPLETE-M2W3-AMD-MI350P-IDENTITY","审计/子代理交接/m2_staging/M2-W3-AMD-MI350P-CARD/structured/card-completeness.csv","a7823154fb69a3ecf85ece7e40732cf3dfee29331f278b742aeabecd3bd7a275","2955","draft","reviewed","","","","a2f25dbec3eb344ce8a11acd4d0ef496652c7cebfb9f7b9ae1405e4fbcf99e41","a2f25dbec3eb344ce8a11acd4d0ef496652c7cebfb9f7b9ae1405e4fbcf99e41","cac67c78954b0c482e9c66f671b3da4a3f6c3a1063039d2cfda01a193e87accf","a046bf3d9c7c88d1204a2f12e24c1ea654aa9ddd85115b2089c50f2de21c738b","74967"
"BUNDLE-MI350P-MI350P-SIGN-0004","MI350P","2","MI350P-SIGN-0004","数据/card-completeness.csv","card_completeness_id","COMPLETE-M2W3-AMD-MI350P-INTERCONNECT","审计/子代理交接/m2_staging/M2-W3-AMD-MI350P-CARD/structured/card-completeness.csv","a7823154fb69a3ecf85ece7e40732cf3dfee29331f278b742aeabecd3bd7a275","2955","draft","reviewed","","","","69241fb1ea73a52c875dff50ae3f86f4b959a256d6f477f8d6cb2f2d03b05edb","69241fb1ea73a52c875dff50ae3f86f4b959a256d6f477f8d6cb2f2d03b05edb","2a4bce4d33b56da2dff65f75f15cdd9d7c1020d8ce3d9a1482fa4cc81dc90923","a046bf3d9c7c88d1204a2f12e24c1ea654aa9ddd85115b2089c50f2de21c738b","74967"
"BUNDLE-MI350P-MI350P-SIGN-0005","MI350P","2","MI350P-SIGN-0005","数据/card-completeness.csv","card_completeness_id","COMPLETE-M2W3-AMD-MI350P-MEMORY","审计/子代理交接/m2_staging/M2-W3-AMD-MI350P-CARD/structured/card-completeness.csv","a7823154fb69a3ecf85ece7e40732cf3dfee29331f278b742aeabecd3bd7a275","2955","draft","reviewed","","","","908ddbede934ee19c172981abbade72b819cb9f068820a44bf545ba279684b82","908ddbede934ee19c172981abbade72b819cb9f068820a44bf545ba279684b82","e8d10bd4c93c078b069ed405c1b48cedb56d366d054c80e5e97965b5f14b1b79","a046bf3d9c7c88d1204a2f12e24c1ea654aa9ddd85115b2089c50f2de21c738b","74967"
"BUNDLE-MI350P-MI350P-SIGN-0006","MI350P","2","MI350P-SIGN-0006","数据/card-completeness.csv","card_completeness_id","COMPLETE-M2W3-AMD-MI350P-NUMERICS","审计/子代理交接/m2_staging/M2-W3-AMD-MI350P-CARD/structured/card-completeness.csv","a7823154fb69a3ecf85ece7e40732cf3dfee29331f278b742aeabecd3bd7a275","2955","draft","reviewed","","","","d6093bb26ddfeffafe99fbe1d9c3308741a2c27672c788cc01ff52665716fe8a","d6093bb26ddfeffafe99fbe1d9c3308741a2c27672c788cc01ff52665716fe8a","bbd25cb0bb5cc4a8a15bc13d48b0377bcad6422d6655f0bb495e170460ba9b33","a046bf3d9c7c88d1204a2f12e24c1ea654aa9ddd85115b2089c50f2de21c738b","74967"
"BUNDLE-MI350P-MI350P-SIGN-0007","MI350P","2","MI350P-SIGN-0007","数据/card-completeness.csv","card_completeness_id","COMPLETE-M2W3-AMD-MI350P-PHYSICAL","审计/子代理交接/m2_staging/M2-W3-AMD-MI350P-CARD/structured/card-completeness.csv","a7823154fb69a3ecf85ece7e40732cf3dfee29331f278b742aeabecd3bd7a275","2955","draft","reviewed","","","","cd9f2d77f43ec09e8c45180c6600f0eee7002a1032c5bb5262b4c12c23099cad","cd9f2d77f43ec09e8c45180c6600f0eee7002a1032c5bb5262b4c12c23099cad","deff68ec34e768366908f0b012516bf5f252b122d66e865097c6d814eb2c49fe","a046bf3d9c7c88d1204a2f12e24c1ea654aa9ddd85115b2089c50f2de21c738b","74967"
"BUNDLE-MI350P-MI350P-SIGN-0008","MI350P","2","MI350P-SIGN-0008","数据/card-completeness.csv","card_completeness_id","COMPLETE-M2W3-AMD-MI350P-SOFTWARE","审计/子代理交接/m2_staging/M2-W3-AMD-MI350P-CARD/structured/card-completeness.csv","a7823154fb69a3ecf85ece7e40732cf3dfee29331f278b742aeabecd3bd7a275","2955","draft","reviewed","","","","7e5f56d0a2559af8daf5a38a0ab664a4ad0f3a68f1690a98ac70dd9ee5b1ce1f","7e5f56d0a2559af8daf5a38a0ab664a4ad0f3a68f1690a98ac70dd9ee5b1ce1f","0768ee78713188ea27936860a5890cf60d7957276b3cc9b08f70000a6b84d7d8","a046bf3d9c7c88d1204a2f12e24c1ea654aa9ddd85115b2089c50f2de21c738b","74967"
"BUNDLE-MI350P-MI350P-SIGN-0009","MI350P","2","MI350P-SIGN-0009","数据/card-completeness.csv","card_completeness_id","COMPLETE-M2W3-AMD-MI350P-SPECIAL_ENGINES","审计/子代理交接/m2_staging/M2-W3-AMD-MI350P-CARD/structured/card-completeness.csv","a7823154fb69a3ecf85ece7e40732cf3dfee29331f278b742aeabecd3bd7a275","2955","draft","reviewed","","","","14a3e24027dda50f30d54d09eedd2decbde950554c69c3592952a0c29496fa55","14a3e24027dda50f30d54d09eedd2decbde950554c69c3592952a0c29496fa55","2bf3f4e60b75ddb8b778ebe46566a7a37efff9523ab36f0451757a733933a8d5","a046bf3d9c7c88d1204a2f12e24c1ea654aa9ddd85115b2089c50f2de21c738b","74967"
"BUNDLE-MI350P-MI350P-SIGN-0010","MI350P","2","MI350P-SIGN-0010","数据/components.csv","component_id","COMP-M2W3-AMD-MI350P-CU","审计/子代理交接/m2_staging/M2-W3-AMD-MI350P-CARD/structured/components.csv","083aff17ad5f9bc4c1c586526d5c0541352bd3a186f81284f0a0b426a2164f25","1131","draft","reviewed","","","","af0aefccc32540c5eb8aee254b201adaf8bed08d136e5c92f6e779d044bc21df","af0aefccc32540c5eb8aee254b201adaf8bed08d136e5c92f6e779d044bc21df","f104c63cb4b339d3adddac56427d640dfd0d7a10f10aae89bd01bd222bbbecee","506243dd2d4f48b281197d5113133e6591f19d14c4c818e0ef140c5039088cd6","43819"
"BUNDLE-MI350P-MI350P-SIGN-0011","MI350P","2","MI350P-SIGN-0011","数据/components.csv","component_id","COMP-M2W3-AMD-MI350P-HBM3E","审计/子代理交接/m2_staging/M2-W3-AMD-MI350P-CARD/structured/components.csv","083aff17ad5f9bc4c1c586526d5c0541352bd3a186f81284f0a0b426a2164f25","1131","draft","reviewed","","","","c83939da2e3d3a6ec5972d2ac6279a625d97e2f7cf01a8e308d9ec0c95f3ecfb","c83939da2e3d3a6ec5972d2ac6279a625d97e2f7cf01a8e308d9ec0c95f3ecfb","e1f5286ce2d4f48119fbf79859356ab4a653838c61d9aafeec9ad8fd2e2dc093","506243dd2d4f48b281197d5113133e6591f19d14c4c818e0ef140c5039088cd6","43819"
"BUNDLE-MI350P-MI350P-SIGN-0012","MI350P","2","MI350P-SIGN-0012","数据/components.csv","component_id","COMP-M2W3-AMD-MI350P-LLC","审计/子代理交接/m2_staging/M2-W3-AMD-MI350P-CARD/structured/components.csv","083aff17ad5f9bc4c1c586526d5c0541352bd3a186f81284f0a0b426a2164f25","1131","draft","reviewed","","","","c7aee2a793b7968aa853dd9df888815fc4e68c2e047f78ff2b6af997879e4967","c7aee2a793b7968aa853dd9df888815fc4e68c2e047f78ff2b6af997879e4967","fe8a09a1c75ae4c1a87b4e72d559247866fe279d546ae58d228d693735b19740","506243dd2d4f48b281197d5113133e6591f19d14c4c818e0ef140c5039088cd6","43819"
"BUNDLE-MI350P-MI350P-SIGN-0013","MI350P","2","MI350P-SIGN-0013","数据/components.csv","component_id","COMP-M2W3-AMD-MI350P-MATRIX","审计/子代理交接/m2_staging/M2-W3-AMD-MI350P-CARD/structured/components.csv","083aff17ad5f9bc4c1c586526d5c0541352bd3a186f81284f0a0b426a2164f25","1131","draft","reviewed","","","","4457a1dc201dac0d71efffc4499a21ff4784840b9741317d9fdb74607fb817c8","4457a1dc201dac0d71efffc4499a21ff4784840b9741317d9fdb74607fb817c8","aee6af71e254c3898c2c9e365eeb59ba9dfad447f908bbfddd656741b84004d9","506243dd2d4f48b281197d5113133e6591f19d14c4c818e0ef140c5039088cd6","43819"
"BUNDLE-MI350P-MI350P-SIGN-0014","MI350P","2","MI350P-SIGN-0014","数据/components.csv","component_id","COMP-M2W3-AMD-MI350P-VECTOR","审计/子代理交接/m2_staging/M2-W3-AMD-MI350P-CARD/structured/components.csv","083aff17ad5f9bc4c1c586526d5c0541352bd3a186f81284f0a0b426a2164f25","1131","draft","reviewed","","","","11dd803045ac42e81b22fa2d01e88503aba4738dd91dc20e0fcfdc0de323bfcc","11dd803045ac42e81b22fa2d01e88503aba4738dd91dc20e0fcfdc0de323bfcc","2071000db8217288aafef711b4c32b1e3206d3bbac9bd687361e35d6a512ec0a","506243dd2d4f48b281197d5113133e6591f19d14c4c818e0ef140c5039088cd6","43819"
"BUNDLE-MI350P-MI350P-SIGN-0015","MI350P","2","MI350P-SIGN-0015","数据/condition-sets.csv","condition_set_id","COND-M2W3-AMD-MI350P-HBM3E-PEAK-BW","审计/子代理交接/m2_staging/M2-W3-AMD-MI350P-CARD/structured/condition-sets.csv","a93c649c5c4d15b57cd0c6c97537385e639c697a9a6c1173b8f47e0bd887c818","4332","draft","reviewed","","","","dc7bf58fd0bd3c2bed862d9adbeed99dc414699a7343d60ff9d2e211cc22267d","dc7bf58fd0bd3c2bed862d9adbeed99dc414699a7343d60ff9d2e211cc22267d","f25e7a7d5ff7fe39f519f9eb947de05e5314ca8ff6249024b2f560b351d94ccd","c80a2e5e5cf98e90a2902c871ca64093d3e9f572a871eedfa1f806d304bd94c3","59126"
"BUNDLE-MI350P-MI350P-SIGN-0016","MI350P","2","MI350P-SIGN-0016","数据/condition-sets.csv","condition_set_id","COND-M2W3-AMD-MI350P-IOD-COUNT","审计/子代理交接/m2_staging/M2-W3-AMD-MI350P-CARD/structured/condition-sets.csv","a93c649c5c4d15b57cd0c6c97537385e639c697a9a6c1173b8f47e0bd887c818","4332","draft","reviewed","","","","bcef21a23601f327388bb04a87c414a8cd18e3def56a5732b497b904e41f7df2","bcef21a23601f327388bb04a87c414a8cd18e3def56a5732b497b904e41f7df2","33a84ff283715c5b0474a46c8cd1e3f8b66292e9bcecba73e930cc9306c43e4b","c80a2e5e5cf98e90a2902c871ca64093d3e9f572a871eedfa1f806d304bd94c3","59126"
"BUNDLE-MI350P-MI350P-SIGN-0017","MI350P","2","MI350P-SIGN-0017","数据/condition-sets.csv","condition_set_id","COND-M2W3-AMD-MI350P-PCIE-BW","审计/子代理交接/m2_staging/M2-W3-AMD-MI350P-CARD/structured/condition-sets.csv","a93c649c5c4d15b57cd0c6c97537385e639c697a9a6c1173b8f47e0bd887c818","4332","draft","reviewed","","","","d7e98eff1f08966ce309cd570038c81016452444d1a8292202afcc3dd79e7971","d7e98eff1f08966ce309cd570038c81016452444d1a8292202afcc3dd79e7971","fbd50fdcc526824875ce12a9811d3d54be96163b5599e95d9cd3df0ca5c8bed7","c80a2e5e5cf98e90a2902c871ca64093d3e9f572a871eedfa1f806d304bd94c3","59126"
"BUNDLE-MI350P-MI350P-SIGN-0018","MI350P","2","MI350P-SIGN-0018","数据/condition-sets.csv","condition_set_id","COND-M2W3-AMD-MI350P-PEAK-MATRIX-BASE","审计/子代理交接/m2_staging/M2-W3-AMD-MI350P-CARD/structured/condition-sets.csv","a93c649c5c4d15b57cd0c6c97537385e639c697a9a6c1173b8f47e0bd887c818","4332","draft","reviewed","","","","d531396d61e72149f0fe8c0299ebb3012be5d2469796089317fa6e3d55fd6d58","d531396d61e72149f0fe8c0299ebb3012be5d2469796089317fa6e3d55fd6d58","f12375411f5bd82fa4bbf49c6950c6ed357d37e41480d329ef1b5c7695d0b74d","c80a2e5e5cf98e90a2902c871ca64093d3e9f572a871eedfa1f806d304bd94c3","59126"
"BUNDLE-MI350P-MI350P-SIGN-0019","MI350P","2","MI350P-SIGN-0019","数据/condition-sets.csv","condition_set_id","COND-M2W3-AMD-MI350P-PEAK-MATRIX-STRUCTURED","审计/子代理交接/m2_staging/M2-W3-AMD-MI350P-CARD/structured/condition-sets.csv","a93c649c5c4d15b57cd0c6c97537385e639c697a9a6c1173b8f47e0bd887c818","4332","draft","reviewed","","","","b69ff42be9c08697d610bf19f9737cb40725e17f2bc17eabb8bd763e506267cd","b69ff42be9c08697d610bf19f9737cb40725e17f2bc17eabb8bd763e506267cd","079f3020b1780e734a09d73459721bb2f249d687754e4435051cb30a11deb4d0","c80a2e5e5cf98e90a2902c871ca64093d3e9f572a871eedfa1f806d304bd94c3","59126"
"BUNDLE-MI350P-MI350P-SIGN-0020","MI350P","2","MI350P-SIGN-0020","数据/condition-sets.csv","condition_set_id","COND-M2W3-AMD-MI350P-PEAK-MATRIX-UNSPEC","审计/子代理交接/m2_staging/M2-W3-AMD-MI350P-CARD/structured/condition-sets.csv","a93c649c5c4d15b57cd0c6c97537385e639c697a9a6c1173b8f47e0bd887c818","4332","draft","reviewed","","","","f8ed84fd1d7300bfd8d2e816870af9213865868cc6d1824bc49550a3baf23f78","f8ed84fd1d7300bfd8d2e816870af9213865868cc6d1824bc49550a3baf23f78","727a7c501046e2e15ff35c78c63a4a2d51fb51ba269be466e2f51083de0e89a9","c80a2e5e5cf98e90a2902c871ca64093d3e9f572a871eedfa1f806d304bd94c3","59126"
"BUNDLE-MI350P-MI350P-SIGN-0021","MI350P","2","MI350P-SIGN-0021","数据/condition-sets.csv","condition_set_id","COND-M2W3-AMD-MI350P-PEAK-VECTOR","审计/子代理交接/m2_staging/M2-W3-AMD-MI350P-CARD/structured/condition-sets.csv","a93c649c5c4d15b57cd0c6c97537385e639c697a9a6c1173b8f47e0bd887c818","4332","draft","reviewed","","","","295e728927f8a49ef497142a7a47765967e4f05e35bff33bc0f258bff195cdef","295e728927f8a49ef497142a7a47765967e4f05e35bff33bc0f258bff195cdef","3eb0569cbcf98bfdd1f2aaffadde9e20a6aad34fe6362ea2ea2ab2c712ada387","c80a2e5e5cf98e90a2902c871ca64093d3e9f572a871eedfa1f806d304bd94c3","59126"
"BUNDLE-MI350P-MI350P-SIGN-0022","MI350P","2","MI350P-SIGN-0022","数据/condition-sets.csv","condition_set_id","COND-M2W3-AMD-MI350P-POWER-CONFIG","审计/子代理交接/m2_staging/M2-W3-AMD-MI350P-CARD/structured/condition-sets.csv","a93c649c5c4d15b57cd0c6c97537385e639c697a9a6c1173b8f47e0bd887c818","4332","draft","reviewed","","","","9a56c1aa93b8ac9b18f3bd2af2e0b8a91143925a6d183eed8bdd544488098d3d","9a56c1aa93b8ac9b18f3bd2af2e0b8a91143925a6d183eed8bdd544488098d3d","29d2bd87f39a5da5cda0425329a6d90d1cd15f6ccecf71c6c8290342511fa307","c80a2e5e5cf98e90a2902c871ca64093d3e9f572a871eedfa1f806d304bd94c3","59126"
"BUNDLE-MI350P-MI350P-SIGN-0023","MI350P","2","MI350P-SIGN-0023","数据/condition-sets.csv","condition_set_id","COND-M2W3-AMD-MI350P-POWER-MAX","审计/子代理交接/m2_staging/M2-W3-AMD-MI350P-CARD/structured/condition-sets.csv","a93c649c5c4d15b57cd0c6c97537385e639c697a9a6c1173b8f47e0bd887c818","4332","draft","reviewed","","","","9f668de7ec7990ca617f06594215425db9f14222dfc75dea2067cb5f8d9b49c5","9f668de7ec7990ca617f06594215425db9f14222dfc75dea2067cb5f8d9b49c5","3997f49abd2da267d891a8100598775378b2e74cbefe1574ccfba6de3857f7f5","c80a2e5e5cf98e90a2902c871ca64093d3e9f572a871eedfa1f806d304bd94c3","59126"
"BUNDLE-MI350P-MI350P-SIGN-0024","MI350P","2","MI350P-SIGN-0024","数据/condition-sets.csv","condition_set_id","COND-M2W3-AMD-MI350P-XCD-COUNT","审计/子代理交接/m2_staging/M2-W3-AMD-MI350P-CARD/structured/condition-sets.csv","a93c649c5c4d15b57cd0c6c97537385e639c697a9a6c1173b8f47e0bd887c818","4332","draft","reviewed","","","","59c98b6a0ff213843fd0a1b7019441f7d415dbf5ea9ae0be7fab70d8b5b042f6","59c98b6a0ff213843fd0a1b7019441f7d415dbf5ea9ae0be7fab70d8b5b042f6","94c85e0c46ba8ac6f43955377340ad9eed5a3c009840dfabf596e1db789c5ae9","c80a2e5e5cf98e90a2902c871ca64093d3e9f572a871eedfa1f806d304bd94c3","59126"
"BUNDLE-MI350P-MI350P-SIGN-0025","MI350P","2","MI350P-SIGN-0025","最小参考资料库/fact-assertions.csv","assertion_id","ASSERT-M2W3-AMD-MI350P-BF16-MATRIX-BASE-PEAK-PRODUCT","审计/子代理交接/m2_staging/M2-W3-AMD-MI350P-CARD/structured/fact-assertions.csv","50b3efec4c4f6eca0c646c70cf5f8fd326d5efa495a87cb0e94246e0f838d3f1","23331","draft","reviewed","","","","08f33ebc4e974580f31552baefffecbfe5199987a72a679c3c1b6028e72c8a08","08f33ebc4e974580f31552baefffecbfe5199987a72a679c3c1b6028e72c8a08","641c2cf18631bd66ad694681680018e82a595c2d8893f76ebb0e1ffb952ca441","7066ed9c845dadb801047b9e4cbd2ea50f7af1c9f6d0836a9d5a5115d40fc92b","344531"
"BUNDLE-MI350P-MI350P-SIGN-0026","MI350P","2","MI350P-SIGN-0026","最小参考资料库/fact-assertions.csv","assertion_id","ASSERT-M2W3-AMD-MI350P-BF16-MATRIX-SPARSE-PEAK-PRODUCT","审计/子代理交接/m2_staging/M2-W3-AMD-MI350P-CARD/structured/fact-assertions.csv","50b3efec4c4f6eca0c646c70cf5f8fd326d5efa495a87cb0e94246e0f838d3f1","23331","draft","reviewed","","","","d9dc32e667736b6b0af3d85b49eed7052607101807624926322a1c3b3da6e748","d9dc32e667736b6b0af3d85b49eed7052607101807624926322a1c3b3da6e748","e7a78d166c4a09edd5529c465a01aea1deaeaf844373841a476a5f47d2eb0854","7066ed9c845dadb801047b9e4cbd2ea50f7af1c9f6d0836a9d5a5115d40fc92b","344531"
"BUNDLE-MI350P-MI350P-SIGN-0027","MI350P","2","MI350P-SIGN-0027","最小参考资料库/fact-assertions.csv","assertion_id","ASSERT-M2W3-AMD-MI350P-CLOCK-BROCHURE","审计/子代理交接/m2_staging/M2-W3-AMD-MI350P-CARD/structured/fact-assertions.csv","50b3efec4c4f6eca0c646c70cf5f8fd326d5efa495a87cb0e94246e0f838d3f1","23331","draft","reviewed","","","","3aa14d9588256e21597f69a08d1145048ac8767966a282cb5df0921cb435731b","3aa14d9588256e21597f69a08d1145048ac8767966a282cb5df0921cb435731b","927ffbbc8fdf02b4cd986408713334c8d0ca1123742372b43cf25aea3aeeaf04","7066ed9c845dadb801047b9e4cbd2ea50f7af1c9f6d0836a9d5a5115d40fc92b","344531"
"BUNDLE-MI350P-MI350P-SIGN-0028","MI350P","2","MI350P-SIGN-0028","最小参考资料库/fact-assertions.csv","assertion_id","ASSERT-M2W3-AMD-MI350P-CLOCK-PRODUCT","审计/子代理交接/m2_staging/M2-W3-AMD-MI350P-CARD/structured/fact-assertions.csv","50b3efec4c4f6eca0c646c70cf5f8fd326d5efa495a87cb0e94246e0f838d3f1","23331","draft","reviewed","","","","2c201d6775761acde19b8b403019785436400f470afedf5ca25333f3115ae9da","2c201d6775761acde19b8b403019785436400f470afedf5ca25333f3115ae9da","a8ba669e841bd4c5aa960ee5127ca31d1a64503c96c5ac7ddfb7d1b107ada4c1","7066ed9c845dadb801047b9e4cbd2ea50f7af1c9f6d0836a9d5a5115d40fc92b","344531"
"BUNDLE-MI350P-MI350P-SIGN-0029","MI350P","2","MI350P-SIGN-0029","最小参考资料库/fact-assertions.csv","assertion_id","ASSERT-M2W3-AMD-MI350P-COOLING-PRODUCT","审计/子代理交接/m2_staging/M2-W3-AMD-MI350P-CARD/structured/fact-assertions.csv","50b3efec4c4f6eca0c646c70cf5f8fd326d5efa495a87cb0e94246e0f838d3f1","23331","draft","reviewed","","","","aaa38ab5fb7a60daa232e02b127b0d32ecc31eb8f0acd548da6f382829ebd699","aaa38ab5fb7a60daa232e02b127b0d32ecc31eb8f0acd548da6f382829ebd699","09ebb02298fb508f25d056a5fa1f203b51ff6c18ca1209a18a9bb4940b981f23","7066ed9c845dadb801047b9e4cbd2ea50f7af1c9f6d0836a9d5a5115d40fc92b","344531"
"BUNDLE-MI350P-MI350P-SIGN-0030","MI350P","2","MI350P-SIGN-0030","最小参考资料库/fact-assertions.csv","assertion_id","ASSERT-M2W3-AMD-MI350P-CU-COUNT-PRODUCT","审计/子代理交接/m2_staging/M2-W3-AMD-MI350P-CARD/structured/fact-assertions.csv","50b3efec4c4f6eca0c646c70cf5f8fd326d5efa495a87cb0e94246e0f838d3f1","23331","draft","reviewed","","","","f450872a985756e1d5b58883957352294b0ac770a3ee7e38624519b81d6245a2","f450872a985756e1d5b58883957352294b0ac770a3ee7e38624519b81d6245a2","e5f67c5649f30410cc27ec7ec4edf7c1822925467b4fe2746b611f640b6f22b4","7066ed9c845dadb801047b9e4cbd2ea50f7af1c9f6d0836a9d5a5115d40fc92b","344531"
"BUNDLE-MI350P-MI350P-SIGN-0031","MI350P","2","MI350P-SIGN-0031","最小参考资料库/fact-assertions.csv","assertion_id","ASSERT-M2W3-AMD-MI350P-FAMILY-PRODUCT","审计/子代理交接/m2_staging/M2-W3-AMD-MI350P-CARD/structured/fact-assertions.csv","50b3efec4c4f6eca0c646c70cf5f8fd326d5efa495a87cb0e94246e0f838d3f1","23331","draft","reviewed","","","","521c5f77210e9e23f9b1c8ebdfa381b1c7609c83adef391f60ddb599df1969d0","521c5f77210e9e23f9b1c8ebdfa381b1c7609c83adef391f60ddb599df1969d0","684933fa8aae0c8767d3f7945968417da3b6f0bc8037950e1bbbad3ee1a65261","7066ed9c845dadb801047b9e4cbd2ea50f7af1c9f6d0836a9d5a5115d40fc92b","344531"
"BUNDLE-MI350P-MI350P-SIGN-0032","MI350P","2","MI350P-SIGN-0032","最小参考资料库/fact-assertions.csv","assertion_id","ASSERT-M2W3-AMD-MI350P-FORM-FACTOR-BROCHURE","审计/子代理交接/m2_staging/M2-W3-AMD-MI350P-CARD/structured/fact-assertions.csv","50b3efec4c4f6eca0c646c70cf5f8fd326d5efa495a87cb0e94246e0f838d3f1","23331","draft","reviewed","","","","736c3afdd4e71226c41526242448a28e010f11833adac34a35d9d0386f64dbcd","736c3afdd4e71226c41526242448a28e010f11833adac34a35d9d0386f64dbcd","8c3e1740306a8d735fe06ab863f04704129d67ab519fd48fd5fd1b5f21ec02ce","7066ed9c845dadb801047b9e4cbd2ea50f7af1c9f6d0836a9d5a5115d40fc92b","344531"
"BUNDLE-MI350P-MI350P-SIGN-0033","MI350P","2","MI350P-SIGN-0033","最小参考资料库/fact-assertions.csv","assertion_id","ASSERT-M2W3-AMD-MI350P-FORM-FACTOR-PRODUCT","审计/子代理交接/m2_staging/M2-W3-AMD-MI350P-CARD/structured/fact-assertions.csv","50b3efec4c4f6eca0c646c70cf5f8fd326d5efa495a87cb0e94246e0f838d3f1","23331","draft","reviewed","","","","8a344126e7fc8611e0a33ae6e4f26c3e838651ab12118f3eed6de8ae07efbe77","8a344126e7fc8611e0a33ae6e4f26c3e838651ab12118f3eed6de8ae07efbe77","d1e486debf25d7be3ffcb5f0423f19c4e6c2d31c5efbed3a45216cbad7c16ba7","7066ed9c845dadb801047b9e4cbd2ea50f7af1c9f6d0836a9d5a5115d40fc92b","344531"
"BUNDLE-MI350P-MI350P-SIGN-0034","MI350P","2","MI350P-SIGN-0034","最小参考资料库/fact-assertions.csv","assertion_id","ASSERT-M2W3-AMD-MI350P-FP16-MATRIX-BASE-PEAK-PRODUCT","审计/子代理交接/m2_staging/M2-W3-AMD-MI350P-CARD/structured/fact-assertions.csv","50b3efec4c4f6eca0c646c70cf5f8fd326d5efa495a87cb0e94246e0f838d3f1","23331","draft","reviewed","","","","bfd30ceee6d1f49a6374bef55b0dd9faec484785157e12a4e7bfab4a096b45cb","bfd30ceee6d1f49a6374bef55b0dd9faec484785157e12a4e7bfab4a096b45cb","6a13b6796a846f3cda5ad6a76fcf457a32315a3d76258792fc99daa4aa2c68cd","7066ed9c845dadb801047b9e4cbd2ea50f7af1c9f6d0836a9d5a5115d40fc92b","344531"
"BUNDLE-MI350P-MI350P-SIGN-0035","MI350P","2","MI350P-SIGN-0035","最小参考资料库/fact-assertions.csv","assertion_id","ASSERT-M2W3-AMD-MI350P-FP16-MATRIX-SPARSE-PEAK-PRODUCT","审计/子代理交接/m2_staging/M2-W3-AMD-MI350P-CARD/structured/fact-assertions.csv","50b3efec4c4f6eca0c646c70cf5f8fd326d5efa495a87cb0e94246e0f838d3f1","23331","draft","reviewed","","","","1a2bd50ce33fb10c1a90db77224163f8f82bd640173b42b39d5aedcbce4516be","1a2bd50ce33fb10c1a90db77224163f8f82bd640173b42b39d5aedcbce4516be","70905b785fe4444289464962c4f2bd05ef498d0d89b8bc95bd0989a8e951dd24","7066ed9c845dadb801047b9e4cbd2ea50f7af1c9f6d0836a9d5a5115d40fc92b","344531"
"BUNDLE-MI350P-MI350P-SIGN-0036","MI350P","2","MI350P-SIGN-0036","最小参考资料库/fact-assertions.csv","assertion_id","ASSERT-M2W3-AMD-MI350P-FP16-VECTOR-PEAK-BROCHURE","审计/子代理交接/m2_staging/M2-W3-AMD-MI350P-CARD/structured/fact-assertions.csv","50b3efec4c4f6eca0c646c70cf5f8fd326d5efa495a87cb0e94246e0f838d3f1","23331","draft","reviewed","","","","2f23ee0d1c973517727c97ec63fa4b4e014c0d058c14525c6e0b2e5154455ae7","2f23ee0d1c973517727c97ec63fa4b4e014c0d058c14525c6e0b2e5154455ae7","3019852e2a1c31bdcc18b3d8b01284afe66d9efa5a5a10f3e08774356966a13a","7066ed9c845dadb801047b9e4cbd2ea50f7af1c9f6d0836a9d5a5115d40fc92b","344531"
"BUNDLE-MI350P-MI350P-SIGN-0037","MI350P","2","MI350P-SIGN-0037","最小参考资料库/fact-assertions.csv","assertion_id","ASSERT-M2W3-AMD-MI350P-FP32-MATRIX-PEAK-PRODUCT","审计/子代理交接/m2_staging/M2-W3-AMD-MI350P-CARD/structured/fact-assertions.csv","50b3efec4c4f6eca0c646c70cf5f8fd326d5efa495a87cb0e94246e0f838d3f1","23331","draft","reviewed","","","","878f08205738994435b29ff36c92de82ee99183437fe7298e5119385ad4d351a","878f08205738994435b29ff36c92de82ee99183437fe7298e5119385ad4d351a","c198dd5c5c8120635107229a248d913d1a48b661f2b024c1d1d66249da289b22","7066ed9c845dadb801047b9e4cbd2ea50f7af1c9f6d0836a9d5a5115d40fc92b","344531"
"BUNDLE-MI350P-MI350P-SIGN-0038","MI350P","2","MI350P-SIGN-0038","最小参考资料库/fact-assertions.csv","assertion_id","ASSERT-M2W3-AMD-MI350P-FP32-VECTOR-PEAK-BROCHURE","审计/子代理交接/m2_staging/M2-W3-AMD-MI350P-CARD/structured/fact-assertions.csv","50b3efec4c4f6eca0c646c70cf5f8fd326d5efa495a87cb0e94246e0f838d3f1","23331","draft","reviewed","","","","2f240e09ab5a47319184681bad6c8456a2bb1f4eee3dfb8e71b1398da629cc2b","2f240e09ab5a47319184681bad6c8456a2bb1f4eee3dfb8e71b1398da629cc2b","d65362e3b4af6b7d4d3641effcbaaf63fb5fba32e67fc8a865d74a057a86d210","7066ed9c845dadb801047b9e4cbd2ea50f7af1c9f6d0836a9d5a5115d40fc92b","344531"
"BUNDLE-MI350P-MI350P-SIGN-0039","MI350P","2","MI350P-SIGN-0039","最小参考资料库/fact-assertions.csv","assertion_id","ASSERT-M2W3-AMD-MI350P-FP64-MATRIX-PEAK-PRODUCT","审计/子代理交接/m2_staging/M2-W3-AMD-MI350P-CARD/structured/fact-assertions.csv","50b3efec4c4f6eca0c646c70cf5f8fd326d5efa495a87cb0e94246e0f838d3f1","23331","draft","reviewed","","","","fa575e9952d8732095b5392548c32e98b9c874b53b47e1d571beb6d2e1a0d6d9","fa575e9952d8732095b5392548c32e98b9c874b53b47e1d571beb6d2e1a0d6d9","bf0ba49c235fa35c136d2080d0d5b0af91a1ceea54c51063bf6b13750ebba9e9","7066ed9c845dadb801047b9e4cbd2ea50f7af1c9f6d0836a9d5a5115d40fc92b","344531"
"BUNDLE-MI350P-MI350P-SIGN-0040","MI350P","2","MI350P-SIGN-0040","最小参考资料库/fact-assertions.csv","assertion_id","ASSERT-M2W3-AMD-MI350P-FP64-VECTOR-PEAK-BROCHURE","审计/子代理交接/m2_staging/M2-W3-AMD-MI350P-CARD/structured/fact-assertions.csv","50b3efec4c4f6eca0c646c70cf5f8fd326d5efa495a87cb0e94246e0f838d3f1","23331","draft","reviewed","","","","81920f722ff57e2c6e4003a3010b02084b4887423d82f8c5887b57cefbb983f4","81920f722ff57e2c6e4003a3010b02084b4887423d82f8c5887b57cefbb983f4","0cf5bc94f4afdea8d30eed39ddb4fbec689f26fcb7adb7a6e1aaa9096d459994","7066ed9c845dadb801047b9e4cbd2ea50f7af1c9f6d0836a9d5a5115d40fc92b","344531"
"BUNDLE-MI350P-MI350P-SIGN-0041","MI350P","2","MI350P-SIGN-0041","最小参考资料库/fact-assertions.csv","assertion_id","ASSERT-M2W3-AMD-MI350P-HBM3E-BW-BROCHURE","审计/子代理交接/m2_staging/M2-W3-AMD-MI350P-CARD/structured/fact-assertions.csv","50b3efec4c4f6eca0c646c70cf5f8fd326d5efa495a87cb0e94246e0f838d3f1","23331","draft","reviewed","","","","18283cad179167d31af55720a895617b92f434d51365c3be474654dd10a6d68d","18283cad179167d31af55720a895617b92f434d51365c3be474654dd10a6d68d","83e0c4795e84c276b43cf45e232a4d74205555d011680c88ab3a8847ab8556bc","7066ed9c845dadb801047b9e4cbd2ea50f7af1c9f6d0836a9d5a5115d40fc92b","344531"
"BUNDLE-MI350P-MI350P-SIGN-0042","MI350P","2","MI350P-SIGN-0042","最小参考资料库/fact-assertions.csv","assertion_id","ASSERT-M2W3-AMD-MI350P-HBM3E-BW-PRODUCT","审计/子代理交接/m2_staging/M2-W3-AMD-MI350P-CARD/structured/fact-assertions.csv","50b3efec4c4f6eca0c646c70cf5f8fd326d5efa495a87cb0e94246e0f838d3f1","23331","draft","reviewed","","","","ce4b6abc6062def6ae28de11efd3333ca2666485ec524ef23dc4ab4e84067b48","ce4b6abc6062def6ae28de11efd3333ca2666485ec524ef23dc4ab4e84067b48","7ec1caf6bc9c084e1356c7ba69ff75b5df51fa7090989c99d3376f96073dc99d","7066ed9c845dadb801047b9e4cbd2ea50f7af1c9f6d0836a9d5a5115d40fc92b","344531"
"BUNDLE-MI350P-MI350P-SIGN-0043","MI350P","2","MI350P-SIGN-0043","最小参考资料库/fact-assertions.csv","assertion_id","ASSERT-M2W3-AMD-MI350P-HBM3E-CAPACITY-BROCHURE","审计/子代理交接/m2_staging/M2-W3-AMD-MI350P-CARD/structured/fact-assertions.csv","50b3efec4c4f6eca0c646c70cf5f8fd326d5efa495a87cb0e94246e0f838d3f1","23331","draft","reviewed","","","","00c04fff00d666d5941cd06a9b734c567628a6596b1e9160310ecbdc1aac4ffd","00c04fff00d666d5941cd06a9b734c567628a6596b1e9160310ecbdc1aac4ffd","67086ac994b5f3f9d0a9aef56b8f60f90568baca367158184b2845c9d95c9398","7066ed9c845dadb801047b9e4cbd2ea50f7af1c9f6d0836a9d5a5115d40fc92b","344531"
"BUNDLE-MI350P-MI350P-SIGN-0044","MI350P","2","MI350P-SIGN-0044","最小参考资料库/fact-assertions.csv","assertion_id","ASSERT-M2W3-AMD-MI350P-HBM3E-CAPACITY-PRODUCT","审计/子代理交接/m2_staging/M2-W3-AMD-MI350P-CARD/structured/fact-assertions.csv","50b3efec4c4f6eca0c646c70cf5f8fd326d5efa495a87cb0e94246e0f838d3f1","23331","draft","reviewed","","","","55350a4926297b1dd8329d74aada84c61029e1d063024973ddcaefb8c57a3357","55350a4926297b1dd8329d74aada84c61029e1d063024973ddcaefb8c57a3357","0be6f4e13aca15316371fdd5da37124ecbcbe012662926f2bf6dc0ec0f425a38","7066ed9c845dadb801047b9e4cbd2ea50f7af1c9f6d0836a9d5a5115d40fc92b","344531"
"BUNDLE-MI350P-MI350P-SIGN-0045","MI350P","2","MI350P-SIGN-0045","最小参考资料库/fact-assertions.csv","assertion_id","ASSERT-M2W3-AMD-MI350P-HBM-INTERFACE-PRODUCT","审计/子代理交接/m2_staging/M2-W3-AMD-MI350P-CARD/structured/fact-assertions.csv","50b3efec4c4f6eca0c646c70cf5f8fd326d5efa495a87cb0e94246e0f838d3f1","23331","draft","reviewed","","","","3d19d548a36494b1e3399df7fe62addbdbf2a5802faad2d79a674738b15e7ae7","3d19d548a36494b1e3399df7fe62addbdbf2a5802faad2d79a674738b15e7ae7","a151c0f355025c4c2d3b533dc2ad34c966ded11d659f55612fabb321f3c7ceaa","7066ed9c845dadb801047b9e4cbd2ea50f7af1c9f6d0836a9d5a5115d40fc92b","344531"
"BUNDLE-MI350P-MI350P-SIGN-0046","MI350P","2","MI350P-SIGN-0046","最小参考资料库/fact-assertions.csv","assertion_id","ASSERT-M2W3-AMD-MI350P-INT8-MATRIX-BASE-PEAK-PRODUCT","审计/子代理交接/m2_staging/M2-W3-AMD-MI350P-CARD/structured/fact-assertions.csv","50b3efec4c4f6eca0c646c70cf5f8fd326d5efa495a87cb0e94246e0f838d3f1","23331","draft","reviewed","","","","474d72b108170e1c5f8e5393f7116083fdb60fe87457173b8f41ed33983f774a","474d72b108170e1c5f8e5393f7116083fdb60fe87457173b8f41ed33983f774a","1cf15da54d5118aaf6f17503709574ffb4fd9131fb434d64375dc4f2f1fe1e01","7066ed9c845dadb801047b9e4cbd2ea50f7af1c9f6d0836a9d5a5115d40fc92b","344531"
"BUNDLE-MI350P-MI350P-SIGN-0047","MI350P","2","MI350P-SIGN-0047","最小参考资料库/fact-assertions.csv","assertion_id","ASSERT-M2W3-AMD-MI350P-INT8-MATRIX-SPARSE-PEAK-PRODUCT","审计/子代理交接/m2_staging/M2-W3-AMD-MI350P-CARD/structured/fact-assertions.csv","50b3efec4c4f6eca0c646c70cf5f8fd326d5efa495a87cb0e94246e0f838d3f1","23331","draft","reviewed","","","","78f30872aacacf4e65ad992522063253848067ecceac5eb6062bab3c1e85c6d6","78f30872aacacf4e65ad992522063253848067ecceac5eb6062bab3c1e85c6d6","202756e94d3780c1341596ea94c91f9231a75d373357b0c3ea0c8cdd753edc40","7066ed9c845dadb801047b9e4cbd2ea50f7af1c9f6d0836a9d5a5115d40fc92b","344531"
"BUNDLE-MI350P-MI350P-SIGN-0048","MI350P","2","MI350P-SIGN-0048","最小参考资料库/fact-assertions.csv","assertion_id","ASSERT-M2W3-AMD-MI350P-IOD-COUNT-BROCHURE","审计/子代理交接/m2_staging/M2-W3-AMD-MI350P-CARD/structured/fact-assertions.csv","50b3efec4c4f6eca0c646c70cf5f8fd326d5efa495a87cb0e94246e0f838d3f1","23331","draft","reviewed","","","","d2e84a0c2e8e0f775d5ac5869104cbc5a476e2ba9c244f240c4300adb61b1241","d2e84a0c2e8e0f775d5ac5869104cbc5a476e2ba9c244f240c4300adb61b1241","be4837aa7663f8f1981b268a2dd09db018ec91a47a123054bad253ad6bf8395d","7066ed9c845dadb801047b9e4cbd2ea50f7af1c9f6d0836a9d5a5115d40fc92b","344531"
"BUNDLE-MI350P-MI350P-SIGN-0049","MI350P","2","MI350P-SIGN-0049","最小参考资料库/fact-assertions.csv","assertion_id","ASSERT-M2W3-AMD-MI350P-LLC-CAPACITY-PRODUCT","审计/子代理交接/m2_staging/M2-W3-AMD-MI350P-CARD/structured/fact-assertions.csv","50b3efec4c4f6eca0c646c70cf5f8fd326d5efa495a87cb0e94246e0f838d3f1","23331","draft","reviewed","","","","b994aca4366f3f5a20894d590a4cdd9814a853ca2639140ba6cc610223f773be","b994aca4366f3f5a20894d590a4cdd9814a853ca2639140ba6cc610223f773be","ee5423adfd0c1189eedc5cd4271628de8bd021aa17871f7c1866da52931d4750","7066ed9c845dadb801047b9e4cbd2ea50f7af1c9f6d0836a9d5a5115d40fc92b","344531"
"BUNDLE-MI350P-MI350P-SIGN-0050","MI350P","2","MI350P-SIGN-0050","最小参考资料库/fact-assertions.csv","assertion_id","ASSERT-M2W3-AMD-MI350P-MATRIX-CORE-COUNT-PRODUCT","审计/子代理交接/m2_staging/M2-W3-AMD-MI350P-CARD/structured/fact-assertions.csv","50b3efec4c4f6eca0c646c70cf5f8fd326d5efa495a87cb0e94246e0f838d3f1","23331","draft","reviewed","","","","35859110c83d165aa7b983fbc61c25e5a6bf615ed45e173b2b4caea31ba6f1e4","35859110c83d165aa7b983fbc61c25e5a6bf615ed45e173b2b4caea31ba6f1e4","a143f119adba3fcad87ca908336c77651e66d1bd7677eedc2975b4e03d7511b2","7066ed9c845dadb801047b9e4cbd2ea50f7af1c9f6d0836a9d5a5115d40fc92b","344531"
"BUNDLE-MI350P-MI350P-SIGN-0051","MI350P","2","MI350P-SIGN-0051","最小参考资料库/fact-assertions.csv","assertion_id","ASSERT-M2W3-AMD-MI350P-MXFP4-MATRIX-PEAK-PRODUCT","审计/子代理交接/m2_staging/M2-W3-AMD-MI350P-CARD/structured/fact-assertions.csv","50b3efec4c4f6eca0c646c70cf5f8fd326d5efa495a87cb0e94246e0f838d3f1","23331","draft","reviewed","","","","95003942d25ecf7139bd9bf252309a0e99ae1c6c47df45b03055d1ff0e5de61b","95003942d25ecf7139bd9bf252309a0e99ae1c6c47df45b03055d1ff0e5de61b","54961eba5a23b8d8e4e843ac30b013f23c418031abff5b30c7636d4eedbf94e0","7066ed9c845dadb801047b9e4cbd2ea50f7af1c9f6d0836a9d5a5115d40fc92b","344531"
"BUNDLE-MI350P-MI350P-SIGN-0052","MI350P","2","MI350P-SIGN-0052","最小参考资料库/fact-assertions.csv","assertion_id","ASSERT-M2W3-AMD-MI350P-MXFP6-MATRIX-PEAK-PRODUCT","审计/子代理交接/m2_staging/M2-W3-AMD-MI350P-CARD/structured/fact-assertions.csv","50b3efec4c4f6eca0c646c70cf5f8fd326d5efa495a87cb0e94246e0f838d3f1","23331","draft","reviewed","","","","6dd5b0f06b25ea651f680a9ed3878c2f9ad80b7e2cbf6f471dc5d1953748e96e","6dd5b0f06b25ea651f680a9ed3878c2f9ad80b7e2cbf6f471dc5d1953748e96e","96b6fa53ca4be4cb9c1f1335bd07a2d2261a7268298050cb4a50ae5868402c28","7066ed9c845dadb801047b9e4cbd2ea50f7af1c9f6d0836a9d5a5115d40fc92b","344531"
"BUNDLE-MI350P-MI350P-SIGN-0053","MI350P","2","MI350P-SIGN-0053","最小参考资料库/fact-assertions.csv","assertion_id","ASSERT-M2W3-AMD-MI350P-MXFP8-MATRIX-PEAK-PRODUCT","审计/子代理交接/m2_staging/M2-W3-AMD-MI350P-CARD/structured/fact-assertions.csv","50b3efec4c4f6eca0c646c70cf5f8fd326d5efa495a87cb0e94246e0f838d3f1","23331","draft","reviewed","","","","53d8dc0510227176f776a0cc26277db915c56202a89fc3bbc137380a4715a56b","53d8dc0510227176f776a0cc26277db915c56202a89fc3bbc137380a4715a56b","6a139335c373f1bd082f8f427d03c6a24a57fbd08703a0825ed3fa3545e762a2","7066ed9c845dadb801047b9e4cbd2ea50f7af1c9f6d0836a9d5a5115d40fc92b","344531"
"BUNDLE-MI350P-MI350P-SIGN-0054","MI350P","2","MI350P-SIGN-0054","最小参考资料库/fact-assertions.csv","assertion_id","ASSERT-M2W3-AMD-MI350P-NAME-BROCHURE","审计/子代理交接/m2_staging/M2-W3-AMD-MI350P-CARD/structured/fact-assertions.csv","50b3efec4c4f6eca0c646c70cf5f8fd326d5efa495a87cb0e94246e0f838d3f1","23331","draft","reviewed","","","","a7d6b1ef28023efb93605118edfaf21a53ee2e9692320ec3bccb7a3d07605a78","a7d6b1ef28023efb93605118edfaf21a53ee2e9692320ec3bccb7a3d07605a78","58aecf09ed0a67f2ec2c23cff865552fe44359c7d649d97fb427f28cf368c2fe","7066ed9c845dadb801047b9e4cbd2ea50f7af1c9f6d0836a9d5a5115d40fc92b","344531"
"BUNDLE-MI350P-MI350P-SIGN-0055","MI350P","2","MI350P-SIGN-0055","最小参考资料库/fact-assertions.csv","assertion_id","ASSERT-M2W3-AMD-MI350P-NAME-PRODUCT","审计/子代理交接/m2_staging/M2-W3-AMD-MI350P-CARD/structured/fact-assertions.csv","50b3efec4c4f6eca0c646c70cf5f8fd326d5efa495a87cb0e94246e0f838d3f1","23331","draft","reviewed","","","","a26b6f3e940030934a058651986bd5e953ab24eba7a20187bc00fbf08fa9964a","a26b6f3e940030934a058651986bd5e953ab24eba7a20187bc00fbf08fa9964a","7224876125a273f6c73c4259e4a5ed3ef32c73552be3a36303da0a3b28cf00d0","7066ed9c845dadb801047b9e4cbd2ea50f7af1c9f6d0836a9d5a5115d40fc92b","344531"
"BUNDLE-MI350P-MI350P-SIGN-0056","MI350P","2","MI350P-SIGN-0056","最小参考资料库/fact-assertions.csv","assertion_id","ASSERT-M2W3-AMD-MI350P-OBJECT-TYPE-PRODUCT","审计/子代理交接/m2_staging/M2-W3-AMD-MI350P-CARD/structured/fact-assertions.csv","50b3efec4c4f6eca0c646c70cf5f8fd326d5efa495a87cb0e94246e0f838d3f1","23331","draft","reviewed","","","","7fd8febcf7f6e5c821400b987a2280633e0bded3172fda30e6f64f6d3c7c0ce1","7fd8febcf7f6e5c821400b987a2280633e0bded3172fda30e6f64f6d3c7c0ce1","41e624f156ca81e36620f426af6064fb6a59063262f1f41572b0060bdebffda6","7066ed9c845dadb801047b9e4cbd2ea50f7af1c9f6d0836a9d5a5115d40fc92b","344531"
"BUNDLE-MI350P-MI350P-SIGN-0057","MI350P","2","MI350P-SIGN-0057","最小参考资料库/fact-assertions.csv","assertion_id","ASSERT-M2W3-AMD-MI350P-OCP-FP8-MATRIX-BASE-PEAK-PRODUCT","审计/子代理交接/m2_staging/M2-W3-AMD-MI350P-CARD/structured/fact-assertions.csv","50b3efec4c4f6eca0c646c70cf5f8fd326d5efa495a87cb0e94246e0f838d3f1","23331","draft","reviewed","","","","08cff8984914f250aeaa921481d09f7472ba5f3727ca086eef95fba3b3de796d","08cff8984914f250aeaa921481d09f7472ba5f3727ca086eef95fba3b3de796d","087522670463358b35a333d9474270380630e73942169ee783e2a46453fb03c9","7066ed9c845dadb801047b9e4cbd2ea50f7af1c9f6d0836a9d5a5115d40fc92b","344531"
"BUNDLE-MI350P-MI350P-SIGN-0058","MI350P","2","MI350P-SIGN-0058","最小参考资料库/fact-assertions.csv","assertion_id","ASSERT-M2W3-AMD-MI350P-OCP-FP8-MATRIX-SPARSE-PEAK-PRODUCT","审计/子代理交接/m2_staging/M2-W3-AMD-MI350P-CARD/structured/fact-assertions.csv","50b3efec4c4f6eca0c646c70cf5f8fd326d5efa495a87cb0e94246e0f838d3f1","23331","draft","reviewed","","","","e04f6f13b91cc6b5ec73ddccecb554cc42c9e49b291fb3d84b3e08c5630f1c3a","e04f6f13b91cc6b5ec73ddccecb554cc42c9e49b291fb3d84b3e08c5630f1c3a","5e280c28160b27370a5fd08a24677eeffe53dfb193431c3f787eff1ab8e6be7f","7066ed9c845dadb801047b9e4cbd2ea50f7af1c9f6d0836a9d5a5115d40fc92b","344531"
"BUNDLE-MI350P-MI350P-SIGN-0059","MI350P","2","MI350P-SIGN-0059","最小参考资料库/fact-assertions.csv","assertion_id","ASSERT-M2W3-AMD-MI350P-PCIE-BW-BROCHURE","审计/子代理交接/m2_staging/M2-W3-AMD-MI350P-CARD/structured/fact-assertions.csv","50b3efec4c4f6eca0c646c70cf5f8fd326d5efa495a87cb0e94246e0f838d3f1","23331","draft","reviewed","","","","d1943d3d382b71a332866cc314fc90a87ca89b126477074476564f21691b7057","d1943d3d382b71a332866cc314fc90a87ca89b126477074476564f21691b7057","2da7446cc6f43a791e2f0f623e1b3057e53d2951a80fd309efdf9c9701d47bc2","7066ed9c845dadb801047b9e4cbd2ea50f7af1c9f6d0836a9d5a5115d40fc92b","344531"
"BUNDLE-MI350P-MI350P-SIGN-0060","MI350P","2","MI350P-SIGN-0060","最小参考资料库/fact-assertions.csv","assertion_id","ASSERT-M2W3-AMD-MI350P-PCIE-PROTOCOL-BROCHURE","审计/子代理交接/m2_staging/M2-W3-AMD-MI350P-CARD/structured/fact-assertions.csv","50b3efec4c4f6eca0c646c70cf5f8fd326d5efa495a87cb0e94246e0f838d3f1","23331","draft","reviewed","","","","2dcea564a2bb3107e1ae641baa937f21fd7e563c9d97f50ea8987fc86062e1bb","2dcea564a2bb3107e1ae641baa937f21fd7e563c9d97f50ea8987fc86062e1bb","ee5426ccfb1f427a0402c68cb5179fc2d4f2fe2c60fca77ba964755a00531141","7066ed9c845dadb801047b9e4cbd2ea50f7af1c9f6d0836a9d5a5115d40fc92b","344531"
"BUNDLE-MI350P-MI350P-SIGN-0061","MI350P","2","MI350P-SIGN-0061","最小参考资料库/fact-assertions.csv","assertion_id","ASSERT-M2W3-AMD-MI350P-PCIE-PROTOCOL-PRODUCT","审计/子代理交接/m2_staging/M2-W3-AMD-MI350P-CARD/structured/fact-assertions.csv","50b3efec4c4f6eca0c646c70cf5f8fd326d5efa495a87cb0e94246e0f838d3f1","23331","draft","reviewed","","","","bc41bb5a5d16b75ea0d75a9fe6444b20d33cb631693c3ebb51f1aa2370feb6ae","bc41bb5a5d16b75ea0d75a9fe6444b20d33cb631693c3ebb51f1aa2370feb6ae","3037c2afae9356a8717d39a70b92aa421730e89496ac2b153890a5507ccdacee","7066ed9c845dadb801047b9e4cbd2ea50f7af1c9f6d0836a9d5a5115d40fc92b","344531"
"BUNDLE-MI350P-MI350P-SIGN-0062","MI350P","2","MI350P-SIGN-0062","最小参考资料库/fact-assertions.csv","assertion_id","ASSERT-M2W3-AMD-MI350P-POWER-CONFIG-BROCHURE","审计/子代理交接/m2_staging/M2-W3-AMD-MI350P-CARD/structured/fact-assertions.csv","50b3efec4c4f6eca0c646c70cf5f8fd326d5efa495a87cb0e94246e0f838d3f1","23331","draft","reviewed","","","","ee97088dda8db9b70bde4c813e9427cbe730f80f5b99fa10798518a7bd11cbdc","ee97088dda8db9b70bde4c813e9427cbe730f80f5b99fa10798518a7bd11cbdc","e3f40eb70440c8c036df1376edd5e9254ba8e17d6a4398cdbe8044f8f6886ac0","7066ed9c845dadb801047b9e4cbd2ea50f7af1c9f6d0836a9d5a5115d40fc92b","344531"
"BUNDLE-MI350P-MI350P-SIGN-0063","MI350P","2","MI350P-SIGN-0063","最小参考资料库/fact-assertions.csv","assertion_id","ASSERT-M2W3-AMD-MI350P-POWER-CONFIG-PRODUCT","审计/子代理交接/m2_staging/M2-W3-AMD-MI350P-CARD/structured/fact-assertions.csv","50b3efec4c4f6eca0c646c70cf5f8fd326d5efa495a87cb0e94246e0f838d3f1","23331","draft","reviewed","","","","5d6f9ec01287dfbe4c5e14002b8230c8c46612ec261eae432174c2311cebd74a","5d6f9ec01287dfbe4c5e14002b8230c8c46612ec261eae432174c2311cebd74a","38bf498e52c40d9d0302c6a23cd78f749d0162da8bb2b877f862f99d92706e95","7066ed9c845dadb801047b9e4cbd2ea50f7af1c9f6d0836a9d5a5115d40fc92b","344531"
"BUNDLE-MI350P-MI350P-SIGN-0064","MI350P","2","MI350P-SIGN-0064","最小参考资料库/fact-assertions.csv","assertion_id","ASSERT-M2W3-AMD-MI350P-POWER-MAX-BROCHURE","审计/子代理交接/m2_staging/M2-W3-AMD-MI350P-CARD/structured/fact-assertions.csv","50b3efec4c4f6eca0c646c70cf5f8fd326d5efa495a87cb0e94246e0f838d3f1","23331","draft","reviewed","","","","00f8ec447e056f09a3a28f0be2d292f0c1321943734fbecef20c1ae10d50c647","00f8ec447e056f09a3a28f0be2d292f0c1321943734fbecef20c1ae10d50c647","184951e7c70b40339e1f79f79eef4a7c54b2ea5e8c84f25c8df65d9e2d362c53","7066ed9c845dadb801047b9e4cbd2ea50f7af1c9f6d0836a9d5a5115d40fc92b","344531"
"BUNDLE-MI350P-MI350P-SIGN-0065","MI350P","2","MI350P-SIGN-0065","最小参考资料库/fact-assertions.csv","assertion_id","ASSERT-M2W3-AMD-MI350P-POWER-MAX-PRODUCT","审计/子代理交接/m2_staging/M2-W3-AMD-MI350P-CARD/structured/fact-assertions.csv","50b3efec4c4f6eca0c646c70cf5f8fd326d5efa495a87cb0e94246e0f838d3f1","23331","draft","reviewed","","","","cb797ebf85cd7572add294fee1812bc0ce0146145e029a9e45978910cea53c2c","cb797ebf85cd7572add294fee1812bc0ce0146145e029a9e45978910cea53c2c","b120217afd16483df6bff59198cc2060293fde508159f19ec32749a86a1fd190","7066ed9c845dadb801047b9e4cbd2ea50f7af1c9f6d0836a9d5a5115d40fc92b","344531"
"BUNDLE-MI350P-MI350P-SIGN-0066","MI350P","2","MI350P-SIGN-0066","最小参考资料库/fact-assertions.csv","assertion_id","ASSERT-M2W3-AMD-MI350P-PROCESS-BROCHURE","审计/子代理交接/m2_staging/M2-W3-AMD-MI350P-CARD/structured/fact-assertions.csv","50b3efec4c4f6eca0c646c70cf5f8fd326d5efa495a87cb0e94246e0f838d3f1","23331","draft","reviewed","","","","75ae092878fd138e2191c181232493b51af33e6bc77c2e2e3beaf1dea72d7dd4","75ae092878fd138e2191c181232493b51af33e6bc77c2e2e3beaf1dea72d7dd4","00edf832e3bf1450a6c58530333222a73ce5e30e5c03d7078a7d4e8ca54970c9","7066ed9c845dadb801047b9e4cbd2ea50f7af1c9f6d0836a9d5a5115d40fc92b","344531"
"BUNDLE-MI350P-MI350P-SIGN-0067","MI350P","2","MI350P-SIGN-0067","最小参考资料库/fact-assertions.csv","assertion_id","ASSERT-M2W3-AMD-MI350P-PROCESS-PRODUCT","审计/子代理交接/m2_staging/M2-W3-AMD-MI350P-CARD/structured/fact-assertions.csv","50b3efec4c4f6eca0c646c70cf5f8fd326d5efa495a87cb0e94246e0f838d3f1","23331","draft","reviewed","","","","b96b6b1a96955e6719e936f85f2be89ebc0271b0cda706c69bafb753cc9e7604","b96b6b1a96955e6719e936f85f2be89ebc0271b0cda706c69bafb753cc9e7604","95a3ec9d92ee4f463eea73a7e84ed5ac3385fe66d4523f41b92da97e52a4ec39","7066ed9c845dadb801047b9e4cbd2ea50f7af1c9f6d0836a9d5a5115d40fc92b","344531"
"BUNDLE-MI350P-MI350P-SIGN-0068","MI350P","2","MI350P-SIGN-0068","最小参考资料库/fact-assertions.csv","assertion_id","ASSERT-M2W3-AMD-MI350P-SKU-PRODUCT","审计/子代理交接/m2_staging/M2-W3-AMD-MI350P-CARD/structured/fact-assertions.csv","50b3efec4c4f6eca0c646c70cf5f8fd326d5efa495a87cb0e94246e0f838d3f1","23331","draft","reviewed","","","","a2d70b44922cb4c16d2b215660b89ace58d100167ab8485943623b1a12c531c6","a2d70b44922cb4c16d2b215660b89ace58d100167ab8485943623b1a12c531c6","19ddd252745fe5d36fa273bb5d9bf1ffa33486c0c5145f37652a2abe38cfae81","7066ed9c845dadb801047b9e4cbd2ea50f7af1c9f6d0836a9d5a5115d40fc92b","344531"
"BUNDLE-MI350P-MI350P-SIGN-0069","MI350P","2","MI350P-SIGN-0069","最小参考资料库/fact-assertions.csv","assertion_id","ASSERT-M2W3-AMD-MI350P-STATUS-BLOG","审计/子代理交接/m2_staging/M2-W3-AMD-MI350P-CARD/structured/fact-assertions.csv","50b3efec4c4f6eca0c646c70cf5f8fd326d5efa495a87cb0e94246e0f838d3f1","23331","draft","reviewed","","","","9c0b6e648f66a6ab50d60d7f4b626313c66c43cde971d386a337f876be8fd7b8","9c0b6e648f66a6ab50d60d7f4b626313c66c43cde971d386a337f876be8fd7b8","5a806d0ee376dc80a1605caf14a858c006920781e7a09e770f9102a6e8ce5df9","7066ed9c845dadb801047b9e4cbd2ea50f7af1c9f6d0836a9d5a5115d40fc92b","344531"
"BUNDLE-MI350P-MI350P-SIGN-0070","MI350P","2","MI350P-SIGN-0070","最小参考资料库/fact-assertions.csv","assertion_id","ASSERT-M2W3-AMD-MI350P-STREAM-PROCESSOR-COUNT-PRODUCT","审计/子代理交接/m2_staging/M2-W3-AMD-MI350P-CARD/structured/fact-assertions.csv","50b3efec4c4f6eca0c646c70cf5f8fd326d5efa495a87cb0e94246e0f838d3f1","23331","draft","reviewed","","","","5f796b14004cdfbf151dc231e9c64758c7803af2b932ad1cf53ad4fad3d9fc25","5f796b14004cdfbf151dc231e9c64758c7803af2b932ad1cf53ad4fad3d9fc25","3c062f942005a032a0477c1b6a2a1dd1ecf12623b70f15e675017745480aa8a8","7066ed9c845dadb801047b9e4cbd2ea50f7af1c9f6d0836a9d5a5115d40fc92b","344531"
"BUNDLE-MI350P-MI350P-SIGN-0071","MI350P","2","MI350P-SIGN-0071","最小参考资料库/fact-assertions.csv","assertion_id","ASSERT-M2W3-AMD-MI350P-TRANSISTORS-PRODUCT","审计/子代理交接/m2_staging/M2-W3-AMD-MI350P-CARD/structured/fact-assertions.csv","50b3efec4c4f6eca0c646c70cf5f8fd326d5efa495a87cb0e94246e0f838d3f1","23331","draft","reviewed","","","","da7d9c81f855c61a3d31a65466b8d16a2618f1f4f0603f637a8ec326c5f1d165","da7d9c81f855c61a3d31a65466b8d16a2618f1f4f0603f637a8ec326c5f1d165","e57c7c2e096bf1248097704591ec1a793f59626604aa7c3c5f3950e128a693d3","7066ed9c845dadb801047b9e4cbd2ea50f7af1c9f6d0836a9d5a5115d40fc92b","344531"
"BUNDLE-MI350P-MI350P-SIGN-0072","MI350P","2","MI350P-SIGN-0072","最小参考资料库/fact-assertions.csv","assertion_id","ASSERT-M2W3-AMD-MI350P-VENDOR-PRODUCT","审计/子代理交接/m2_staging/M2-W3-AMD-MI350P-CARD/structured/fact-assertions.csv","50b3efec4c4f6eca0c646c70cf5f8fd326d5efa495a87cb0e94246e0f838d3f1","23331","draft","reviewed","","","","33147e385535c6196e40470437d52f4af374fcf30be509520acf094d22635b65","33147e385535c6196e40470437d52f4af374fcf30be509520acf094d22635b65","1655ab4f3765bf15397628b7fdabee9d00e1e373103dbbdfa220cc6ceec3e4d7","7066ed9c845dadb801047b9e4cbd2ea50f7af1c9f6d0836a9d5a5115d40fc92b","344531"
"BUNDLE-MI350P-MI350P-SIGN-0073","MI350P","2","MI350P-SIGN-0073","最小参考资料库/fact-assertions.csv","assertion_id","ASSERT-M2W3-AMD-MI350P-XCD-COUNT-BROCHURE","审计/子代理交接/m2_staging/M2-W3-AMD-MI350P-CARD/structured/fact-assertions.csv","50b3efec4c4f6eca0c646c70cf5f8fd326d5efa495a87cb0e94246e0f838d3f1","23331","draft","reviewed","","","","facf6df408a0ef80d73ddf764f213924f1fd5612cb0401dc1b6f39bc0ae2c08e","facf6df408a0ef80d73ddf764f213924f1fd5612cb0401dc1b6f39bc0ae2c08e","0408179c741fde240f9d2c7ba110589e17bf6976f0ea0d29ccbab1bd8ea80bc6","7066ed9c845dadb801047b9e4cbd2ea50f7af1c9f6d0836a9d5a5115d40fc92b","344531"
"BUNDLE-MI350P-MI350P-SIGN-0074","MI350P","2","MI350P-SIGN-0074","数据/facts.csv","fact_id","FACT-M2W3-AMD-MI350P-BF16-MATRIX-BASE-PEAK","审计/子代理交接/m2_staging/M2-W3-AMD-MI350P-CARD/structured/facts.csv","9673483ecf9daa6a373f07b1777840adee816f3b5b54ac45e907ea33d53cc872","19193","draft","reviewed","","","","b3eba0ce159d5978fd146ff3ec323bda5180ab8986297dc3cb7bd669efc4cf2b","b3eba0ce159d5978fd146ff3ec323bda5180ab8986297dc3cb7bd669efc4cf2b","3f8464cc0bb017eb2e1e8137514ebb158aee4997c6af1ddf2080f8cf7a147193","7886e76bac608e8cfd0131a15d93922596bb5a0d8b16508a696c7d91877c50ea","277845"
"BUNDLE-MI350P-MI350P-SIGN-0075","MI350P","2","MI350P-SIGN-0075","数据/facts.csv","fact_id","FACT-M2W3-AMD-MI350P-BF16-MATRIX-SPARSE-PEAK","审计/子代理交接/m2_staging/M2-W3-AMD-MI350P-CARD/structured/facts.csv","9673483ecf9daa6a373f07b1777840adee816f3b5b54ac45e907ea33d53cc872","19193","draft","reviewed","","","","edae4b24134827debc90896e426d995dc15afe253e1bc90deb81e7a2079e0a2d","edae4b24134827debc90896e426d995dc15afe253e1bc90deb81e7a2079e0a2d","53ad8f27f41f8c9e9837c76db11fc8fe20ddb680b7d34ebfde886e2dbe079f03","7886e76bac608e8cfd0131a15d93922596bb5a0d8b16508a696c7d91877c50ea","277845"
"BUNDLE-MI350P-MI350P-SIGN-0076","MI350P","2","MI350P-SIGN-0076","数据/facts.csv","fact_id","FACT-M2W3-AMD-MI350P-CLOCK","审计/子代理交接/m2_staging/M2-W3-AMD-MI350P-CARD/structured/facts.csv","9673483ecf9daa6a373f07b1777840adee816f3b5b54ac45e907ea33d53cc872","19193","draft","reviewed","","","","ceeeb384a97e865c04d4eae3b7652bdde0214ed616ef58a862c6866657a9dc2c","ceeeb384a97e865c04d4eae3b7652bdde0214ed616ef58a862c6866657a9dc2c","4a3eca78c372ed3837659ae8154a6ded2bdb4bc939ebe1cbd5d24e32b7bb1dee","7886e76bac608e8cfd0131a15d93922596bb5a0d8b16508a696c7d91877c50ea","277845"
"BUNDLE-MI350P-MI350P-SIGN-0077","MI350P","2","MI350P-SIGN-0077","数据/facts.csv","fact_id","FACT-M2W3-AMD-MI350P-COOLING","审计/子代理交接/m2_staging/M2-W3-AMD-MI350P-CARD/structured/facts.csv","9673483ecf9daa6a373f07b1777840adee816f3b5b54ac45e907ea33d53cc872","19193","draft","reviewed","","","","b2f7d3168e02d39f0c003f079ebf240e38b1ef6643290683a5bdd2e39dc925c1","b2f7d3168e02d39f0c003f079ebf240e38b1ef6643290683a5bdd2e39dc925c1","2379f2e0ed8bc9a1381e5121af5b738804fecb0d251b51e12d50eeb052c849d3","7886e76bac608e8cfd0131a15d93922596bb5a0d8b16508a696c7d91877c50ea","277845"
"BUNDLE-MI350P-MI350P-SIGN-0078","MI350P","2","MI350P-SIGN-0078","数据/facts.csv","fact_id","FACT-M2W3-AMD-MI350P-CU-COUNT","审计/子代理交接/m2_staging/M2-W3-AMD-MI350P-CARD/structured/facts.csv","9673483ecf9daa6a373f07b1777840adee816f3b5b54ac45e907ea33d53cc872","19193","draft","reviewed","","","","003afd42ec1b607eca17f145ef6da0c74ccfc9987937b5acccbd809a9a57d0a0","003afd42ec1b607eca17f145ef6da0c74ccfc9987937b5acccbd809a9a57d0a0","726a41614f271dfee1f58727087d35d83381988fcd163195af3742cc05e7ad90","7886e76bac608e8cfd0131a15d93922596bb5a0d8b16508a696c7d91877c50ea","277845"
"BUNDLE-MI350P-MI350P-SIGN-0079","MI350P","2","MI350P-SIGN-0079","数据/facts.csv","fact_id","FACT-M2W3-AMD-MI350P-FAMILY","审计/子代理交接/m2_staging/M2-W3-AMD-MI350P-CARD/structured/facts.csv","9673483ecf9daa6a373f07b1777840adee816f3b5b54ac45e907ea33d53cc872","19193","draft","reviewed","","","","e2ade68e30987215ae5409df2853d77091e79981b03e0bbee6d9dab5fa3ca4d8","e2ade68e30987215ae5409df2853d77091e79981b03e0bbee6d9dab5fa3ca4d8","9fca48b243438410970daca2d6362e28a9fa2d85f68e2a2e1c07f0c185d4dfe0","7886e76bac608e8cfd0131a15d93922596bb5a0d8b16508a696c7d91877c50ea","277845"
"BUNDLE-MI350P-MI350P-SIGN-0080","MI350P","2","MI350P-SIGN-0080","数据/facts.csv","fact_id","FACT-M2W3-AMD-MI350P-FORM-FACTOR","审计/子代理交接/m2_staging/M2-W3-AMD-MI350P-CARD/structured/facts.csv","9673483ecf9daa6a373f07b1777840adee816f3b5b54ac45e907ea33d53cc872","19193","draft","reviewed","","","","3896c8438ba6767554a62c8697404636297f103ec172159ad18a2a61654fd28c","3896c8438ba6767554a62c8697404636297f103ec172159ad18a2a61654fd28c","5082c48ed5e8e1f02911931f6cc038bfe92617a7d20bbaa2332d9ff0e97f6833","7886e76bac608e8cfd0131a15d93922596bb5a0d8b16508a696c7d91877c50ea","277845"
"BUNDLE-MI350P-MI350P-SIGN-0081","MI350P","2","MI350P-SIGN-0081","数据/facts.csv","fact_id","FACT-M2W3-AMD-MI350P-FP16-MATRIX-BASE-PEAK","审计/子代理交接/m2_staging/M2-W3-AMD-MI350P-CARD/structured/facts.csv","9673483ecf9daa6a373f07b1777840adee816f3b5b54ac45e907ea33d53cc872","19193","draft","reviewed","","","","feaab184816d17dc8c7cba2cfdb9a62a6f7809e9097c418ded4358f5b79fd685","feaab184816d17dc8c7cba2cfdb9a62a6f7809e9097c418ded4358f5b79fd685","943f528d0b5b104673f70e5c5a7f0d33029c45550b84c46380c6d8404b55bc72","7886e76bac608e8cfd0131a15d93922596bb5a0d8b16508a696c7d91877c50ea","277845"
"BUNDLE-MI350P-MI350P-SIGN-0082","MI350P","2","MI350P-SIGN-0082","数据/facts.csv","fact_id","FACT-M2W3-AMD-MI350P-FP16-MATRIX-SPARSE-PEAK","审计/子代理交接/m2_staging/M2-W3-AMD-MI350P-CARD/structured/facts.csv","9673483ecf9daa6a373f07b1777840adee816f3b5b54ac45e907ea33d53cc872","19193","draft","reviewed","","","","3c448e208c08eff5f7b791dda56b3251e580ebe4bff399b5837352fa115467f1","3c448e208c08eff5f7b791dda56b3251e580ebe4bff399b5837352fa115467f1","fdb115316ef74a11be821af2f9c2c1d3de41535ddc134243dea169531de10f1a","7886e76bac608e8cfd0131a15d93922596bb5a0d8b16508a696c7d91877c50ea","277845"
"BUNDLE-MI350P-MI350P-SIGN-0083","MI350P","2","MI350P-SIGN-0083","数据/facts.csv","fact_id","FACT-M2W3-AMD-MI350P-FP16-VECTOR-PEAK","审计/子代理交接/m2_staging/M2-W3-AMD-MI350P-CARD/structured/facts.csv","9673483ecf9daa6a373f07b1777840adee816f3b5b54ac45e907ea33d53cc872","19193","draft","reviewed","","","","802f763f1abc1da944cd091918bb71cf254a13cd2cdf8c2a40cee3b10f5919a6","802f763f1abc1da944cd091918bb71cf254a13cd2cdf8c2a40cee3b10f5919a6","c333d05e78dacb34d8a08436008c6d5258bc6a53d6dd21080ea8a2143c44223f","7886e76bac608e8cfd0131a15d93922596bb5a0d8b16508a696c7d91877c50ea","277845"
"BUNDLE-MI350P-MI350P-SIGN-0084","MI350P","2","MI350P-SIGN-0084","数据/facts.csv","fact_id","FACT-M2W3-AMD-MI350P-FP32-MATRIX-PEAK","审计/子代理交接/m2_staging/M2-W3-AMD-MI350P-CARD/structured/facts.csv","9673483ecf9daa6a373f07b1777840adee816f3b5b54ac45e907ea33d53cc872","19193","draft","reviewed","","","","6376bf50416d268d67c432113d60fafec2eb729c6b35cb2c82c6f4bc812163f1","6376bf50416d268d67c432113d60fafec2eb729c6b35cb2c82c6f4bc812163f1","01b328decba25513bf1a449c5ee5f65b03250aae1edf4355fff957642b78eb49","7886e76bac608e8cfd0131a15d93922596bb5a0d8b16508a696c7d91877c50ea","277845"
"BUNDLE-MI350P-MI350P-SIGN-0085","MI350P","2","MI350P-SIGN-0085","数据/facts.csv","fact_id","FACT-M2W3-AMD-MI350P-FP32-VECTOR-PEAK","审计/子代理交接/m2_staging/M2-W3-AMD-MI350P-CARD/structured/facts.csv","9673483ecf9daa6a373f07b1777840adee816f3b5b54ac45e907ea33d53cc872","19193","draft","reviewed","","","","345a298fca4e2a56004d2f4e39a1a6d8a2393aea2042f9ff6986a2b844876d9b","345a298fca4e2a56004d2f4e39a1a6d8a2393aea2042f9ff6986a2b844876d9b","10dcb471b525be1332083ac61ea4dc311e910459f9232d81c020c495e0176ce9","7886e76bac608e8cfd0131a15d93922596bb5a0d8b16508a696c7d91877c50ea","277845"
"BUNDLE-MI350P-MI350P-SIGN-0086","MI350P","2","MI350P-SIGN-0086","数据/facts.csv","fact_id","FACT-M2W3-AMD-MI350P-FP64-MATRIX-PEAK","审计/子代理交接/m2_staging/M2-W3-AMD-MI350P-CARD/structured/facts.csv","9673483ecf9daa6a373f07b1777840adee816f3b5b54ac45e907ea33d53cc872","19193","draft","reviewed","","","","ccc7d9382dfcb1515145e3200443960024ef34a0e0488d9cf46412f903c80d34","ccc7d9382dfcb1515145e3200443960024ef34a0e0488d9cf46412f903c80d34","dff3542ed6f841bb5c754d409323899b2850ae8bf1598a0e26de66d2892db756","7886e76bac608e8cfd0131a15d93922596bb5a0d8b16508a696c7d91877c50ea","277845"
"BUNDLE-MI350P-MI350P-SIGN-0087","MI350P","2","MI350P-SIGN-0087","数据/facts.csv","fact_id","FACT-M2W3-AMD-MI350P-FP64-VECTOR-PEAK","审计/子代理交接/m2_staging/M2-W3-AMD-MI350P-CARD/structured/facts.csv","9673483ecf9daa6a373f07b1777840adee816f3b5b54ac45e907ea33d53cc872","19193","draft","reviewed","","","","76707910a290ba45873b0c3a98286b47508ad55b0e297026a4162f038c5c4ac6","76707910a290ba45873b0c3a98286b47508ad55b0e297026a4162f038c5c4ac6","1d34fc204d1de58f8756645c2b28e38f1539fd823c7103c9c7efcd857eb9e863","7886e76bac608e8cfd0131a15d93922596bb5a0d8b16508a696c7d91877c50ea","277845"
"BUNDLE-MI350P-MI350P-SIGN-0088","MI350P","2","MI350P-SIGN-0088","数据/facts.csv","fact_id","FACT-M2W3-AMD-MI350P-HBM3E-BW","审计/子代理交接/m2_staging/M2-W3-AMD-MI350P-CARD/structured/facts.csv","9673483ecf9daa6a373f07b1777840adee816f3b5b54ac45e907ea33d53cc872","19193","draft","reviewed","","","","8f613a220585283530a73c0bbc0bab98f3e685b75c95f405c45c537477131662","8f613a220585283530a73c0bbc0bab98f3e685b75c95f405c45c537477131662","3178ef586f949fab6cc89bf167013550ce2c6d7acaccbb9499342eceeecf8625","7886e76bac608e8cfd0131a15d93922596bb5a0d8b16508a696c7d91877c50ea","277845"
"BUNDLE-MI350P-MI350P-SIGN-0089","MI350P","2","MI350P-SIGN-0089","数据/facts.csv","fact_id","FACT-M2W3-AMD-MI350P-HBM3E-CAPACITY","审计/子代理交接/m2_staging/M2-W3-AMD-MI350P-CARD/structured/facts.csv","9673483ecf9daa6a373f07b1777840adee816f3b5b54ac45e907ea33d53cc872","19193","draft","reviewed","","","","ab9665decc94db5300f104e0090272d46d1f02cc714cce48b89360e5650610fb","ab9665decc94db5300f104e0090272d46d1f02cc714cce48b89360e5650610fb","ffbcc9b9e8fdc2576099ca15b0393553b137a6708cfc12b10fe88595984d88b7","7886e76bac608e8cfd0131a15d93922596bb5a0d8b16508a696c7d91877c50ea","277845"
"BUNDLE-MI350P-MI350P-SIGN-0090","MI350P","2","MI350P-SIGN-0090","数据/facts.csv","fact_id","FACT-M2W3-AMD-MI350P-HBM-INTERFACE","审计/子代理交接/m2_staging/M2-W3-AMD-MI350P-CARD/structured/facts.csv","9673483ecf9daa6a373f07b1777840adee816f3b5b54ac45e907ea33d53cc872","19193","draft","reviewed","","","","868507eb4424a04ec55647391f8f9121287d0cf03c6e17935341157179cdc08a","868507eb4424a04ec55647391f8f9121287d0cf03c6e17935341157179cdc08a","da16980ed2b97083c578e4c162c06ab110c57b21477e3778fbf78a0fe4d68dcf","7886e76bac608e8cfd0131a15d93922596bb5a0d8b16508a696c7d91877c50ea","277845"
"BUNDLE-MI350P-MI350P-SIGN-0091","MI350P","2","MI350P-SIGN-0091","数据/facts.csv","fact_id","FACT-M2W3-AMD-MI350P-INT8-MATRIX-BASE-PEAK","审计/子代理交接/m2_staging/M2-W3-AMD-MI350P-CARD/structured/facts.csv","9673483ecf9daa6a373f07b1777840adee816f3b5b54ac45e907ea33d53cc872","19193","draft","reviewed","","","","014e92b149029ba2ed32ed649c84bb6e117b85aa3113a05b9a5ef20a1895bf17","014e92b149029ba2ed32ed649c84bb6e117b85aa3113a05b9a5ef20a1895bf17","5e55fd2ac9516cff4752aacb81ca642317f497e4e104f20ba27f19141179382b","7886e76bac608e8cfd0131a15d93922596bb5a0d8b16508a696c7d91877c50ea","277845"
"BUNDLE-MI350P-MI350P-SIGN-0092","MI350P","2","MI350P-SIGN-0092","数据/facts.csv","fact_id","FACT-M2W3-AMD-MI350P-INT8-MATRIX-SPARSE-PEAK","审计/子代理交接/m2_staging/M2-W3-AMD-MI350P-CARD/structured/facts.csv","9673483ecf9daa6a373f07b1777840adee816f3b5b54ac45e907ea33d53cc872","19193","draft","reviewed","","","","9fac45c7a3317907124dc275ac08ad03affa2b9631fd321e752694b4c1bbdd30","9fac45c7a3317907124dc275ac08ad03affa2b9631fd321e752694b4c1bbdd30","226f2399723c7fa6e285bd8b12bcc1eb5dfa074be79a5e37eb6be850ec7cec3c","7886e76bac608e8cfd0131a15d93922596bb5a0d8b16508a696c7d91877c50ea","277845"
"BUNDLE-MI350P-MI350P-SIGN-0093","MI350P","2","MI350P-SIGN-0093","数据/facts.csv","fact_id","FACT-M2W3-AMD-MI350P-IOD-COUNT","审计/子代理交接/m2_staging/M2-W3-AMD-MI350P-CARD/structured/facts.csv","9673483ecf9daa6a373f07b1777840adee816f3b5b54ac45e907ea33d53cc872","19193","draft","reviewed","","","","4f5d15138d8600c534a3e398bef7bcfabe06afe815db2bd76f1e79875f6a6590","4f5d15138d8600c534a3e398bef7bcfabe06afe815db2bd76f1e79875f6a6590","9e0e9f32b552f586e17d5c53491381ae5cb7b2c7e2383263f554a4f75984bef7","7886e76bac608e8cfd0131a15d93922596bb5a0d8b16508a696c7d91877c50ea","277845"
"BUNDLE-MI350P-MI350P-SIGN-0094","MI350P","2","MI350P-SIGN-0094","数据/facts.csv","fact_id","FACT-M2W3-AMD-MI350P-LLC-CAPACITY","审计/子代理交接/m2_staging/M2-W3-AMD-MI350P-CARD/structured/facts.csv","9673483ecf9daa6a373f07b1777840adee816f3b5b54ac45e907ea33d53cc872","19193","draft","reviewed","","","","627e94382f72b05e91c55965693712d29f1dfab4d0453a73ff23d42c6300471d","627e94382f72b05e91c55965693712d29f1dfab4d0453a73ff23d42c6300471d","eac682bbe9c96b362edb49df02870395f77439d09f2ad3c1f35be326c543c658","7886e76bac608e8cfd0131a15d93922596bb5a0d8b16508a696c7d91877c50ea","277845"
"BUNDLE-MI350P-MI350P-SIGN-0095","MI350P","2","MI350P-SIGN-0095","数据/facts.csv","fact_id","FACT-M2W3-AMD-MI350P-MATRIX-CORE-COUNT","审计/子代理交接/m2_staging/M2-W3-AMD-MI350P-CARD/structured/facts.csv","9673483ecf9daa6a373f07b1777840adee816f3b5b54ac45e907ea33d53cc872","19193","draft","reviewed","","","","3e6612f5c2bd2205fbe413940dff94141b71045cb8bd5981d9f5d1cfef851473","3e6612f5c2bd2205fbe413940dff94141b71045cb8bd5981d9f5d1cfef851473","b98ca78db2c149c012733d1adbce63592c850a42bbaea7992de5008e8982854a","7886e76bac608e8cfd0131a15d93922596bb5a0d8b16508a696c7d91877c50ea","277845"
"BUNDLE-MI350P-MI350P-SIGN-0096","MI350P","2","MI350P-SIGN-0096","数据/facts.csv","fact_id","FACT-M2W3-AMD-MI350P-MXFP4-MATRIX-PEAK","审计/子代理交接/m2_staging/M2-W3-AMD-MI350P-CARD/structured/facts.csv","9673483ecf9daa6a373f07b1777840adee816f3b5b54ac45e907ea33d53cc872","19193","draft","reviewed","","","","fa2f9269fbe0328a89c3911700cdf87f37ddd6ff18bd1cd3cff7cf7754b7cda0","fa2f9269fbe0328a89c3911700cdf87f37ddd6ff18bd1cd3cff7cf7754b7cda0","633f1ead3b5278d743497b4cdeccaf8290085f3e1bd9442efb488b6359ba3be5","7886e76bac608e8cfd0131a15d93922596bb5a0d8b16508a696c7d91877c50ea","277845"
"BUNDLE-MI350P-MI350P-SIGN-0097","MI350P","2","MI350P-SIGN-0097","数据/facts.csv","fact_id","FACT-M2W3-AMD-MI350P-MXFP6-MATRIX-PEAK","审计/子代理交接/m2_staging/M2-W3-AMD-MI350P-CARD/structured/facts.csv","9673483ecf9daa6a373f07b1777840adee816f3b5b54ac45e907ea33d53cc872","19193","draft","reviewed","","","","9eddfa978f339872d5bf912d3ed8fdee082b816b33c2d4bc3f12d255445c934f","9eddfa978f339872d5bf912d3ed8fdee082b816b33c2d4bc3f12d255445c934f","1b22dbf5502398d2aff34506e182ec738d1583273e167a05ea7d7f586b7c99ca","7886e76bac608e8cfd0131a15d93922596bb5a0d8b16508a696c7d91877c50ea","277845"
"BUNDLE-MI350P-MI350P-SIGN-0098","MI350P","2","MI350P-SIGN-0098","数据/facts.csv","fact_id","FACT-M2W3-AMD-MI350P-MXFP8-MATRIX-PEAK","审计/子代理交接/m2_staging/M2-W3-AMD-MI350P-CARD/structured/facts.csv","9673483ecf9daa6a373f07b1777840adee816f3b5b54ac45e907ea33d53cc872","19193","draft","reviewed","","","","e9a2c49a4516eff2e342c4d4c306221e3b01fab4f0afe712d2d4d77e1cb3075a","e9a2c49a4516eff2e342c4d4c306221e3b01fab4f0afe712d2d4d77e1cb3075a","df2269dace5783a236f1de0013b6efce468e92250788c015dea1731ed715bffa","7886e76bac608e8cfd0131a15d93922596bb5a0d8b16508a696c7d91877c50ea","277845"
"BUNDLE-MI350P-MI350P-SIGN-0099","MI350P","2","MI350P-SIGN-0099","数据/facts.csv","fact_id","FACT-M2W3-AMD-MI350P-NAME","审计/子代理交接/m2_staging/M2-W3-AMD-MI350P-CARD/structured/facts.csv","9673483ecf9daa6a373f07b1777840adee816f3b5b54ac45e907ea33d53cc872","19193","draft","reviewed","","","","30768d5c242153c71e5e3050d897d3422616493590d7b8038c24252b154c24f5","30768d5c242153c71e5e3050d897d3422616493590d7b8038c24252b154c24f5","a9bd5a03cc0bc53919cb941619e168a300c0f946f14069f282ef8463054044f6","7886e76bac608e8cfd0131a15d93922596bb5a0d8b16508a696c7d91877c50ea","277845"
"BUNDLE-MI350P-MI350P-SIGN-0100","MI350P","2","MI350P-SIGN-0100","数据/facts.csv","fact_id","FACT-M2W3-AMD-MI350P-OBJECT-TYPE","审计/子代理交接/m2_staging/M2-W3-AMD-MI350P-CARD/structured/facts.csv","9673483ecf9daa6a373f07b1777840adee816f3b5b54ac45e907ea33d53cc872","19193","draft","reviewed","","","","271e2618d3cc4916aa1c26975bc8225afb67ee8eb0236108aa46527e7dd0343d","271e2618d3cc4916aa1c26975bc8225afb67ee8eb0236108aa46527e7dd0343d","bdb3d7044ccede0a61db24fa4e57ca2af04ef56e3da3ae498b12bc7afcbf56f3","7886e76bac608e8cfd0131a15d93922596bb5a0d8b16508a696c7d91877c50ea","277845"
"BUNDLE-MI350P-MI350P-SIGN-0101","MI350P","2","MI350P-SIGN-0101","数据/facts.csv","fact_id","FACT-M2W3-AMD-MI350P-OCP-FP8-MATRIX-BASE-PEAK","审计/子代理交接/m2_staging/M2-W3-AMD-MI350P-CARD/structured/facts.csv","9673483ecf9daa6a373f07b1777840adee816f3b5b54ac45e907ea33d53cc872","19193","draft","reviewed","","","","f270393b18fe394b5e7158adb0ffcbcdf5e114c42e9f36806c6add3d48bd8c49","f270393b18fe394b5e7158adb0ffcbcdf5e114c42e9f36806c6add3d48bd8c49","04f737dfad7e8ebf7e377f8b9da5b84e297f88483b3958a3dfac9452deb94345","7886e76bac608e8cfd0131a15d93922596bb5a0d8b16508a696c7d91877c50ea","277845"
"BUNDLE-MI350P-MI350P-SIGN-0102","MI350P","2","MI350P-SIGN-0102","数据/facts.csv","fact_id","FACT-M2W3-AMD-MI350P-OCP-FP8-MATRIX-SPARSE-PEAK","审计/子代理交接/m2_staging/M2-W3-AMD-MI350P-CARD/structured/facts.csv","9673483ecf9daa6a373f07b1777840adee816f3b5b54ac45e907ea33d53cc872","19193","draft","reviewed","","","","fa2ce662ec7bdb1d49e238b0c414a4847796f5dbd5f2c89f134a444a2619c2b2","fa2ce662ec7bdb1d49e238b0c414a4847796f5dbd5f2c89f134a444a2619c2b2","d5fa5c2ad97c0ef03407e5a8d983ad8072b695c6e9e1d56b48555c52d7c94808","7886e76bac608e8cfd0131a15d93922596bb5a0d8b16508a696c7d91877c50ea","277845"
"BUNDLE-MI350P-MI350P-SIGN-0103","MI350P","2","MI350P-SIGN-0103","数据/facts.csv","fact_id","FACT-M2W3-AMD-MI350P-PCIE-BW","审计/子代理交接/m2_staging/M2-W3-AMD-MI350P-CARD/structured/facts.csv","9673483ecf9daa6a373f07b1777840adee816f3b5b54ac45e907ea33d53cc872","19193","draft","reviewed","","","","ab762db6f372208cdcc2b6a7e151d71b9fc7f237c7625b4df9cf82b9baa8ef11","ab762db6f372208cdcc2b6a7e151d71b9fc7f237c7625b4df9cf82b9baa8ef11","08ff7853e1820a901d1593bf1a667425028d63104505b82ea2d4a008b7894f34","7886e76bac608e8cfd0131a15d93922596bb5a0d8b16508a696c7d91877c50ea","277845"
"BUNDLE-MI350P-MI350P-SIGN-0104","MI350P","2","MI350P-SIGN-0104","数据/facts.csv","fact_id","FACT-M2W3-AMD-MI350P-PCIE-PROTOCOL","审计/子代理交接/m2_staging/M2-W3-AMD-MI350P-CARD/structured/facts.csv","9673483ecf9daa6a373f07b1777840adee816f3b5b54ac45e907ea33d53cc872","19193","draft","reviewed","","","","cd870d2c4d2522ffa3257a2be26bb40f4ae0c59eeadc4375bedb667ec99d0485","cd870d2c4d2522ffa3257a2be26bb40f4ae0c59eeadc4375bedb667ec99d0485","f404a1cc6d730846e47df56502fd624c88bd6c165ff4e380699089463da68b86","7886e76bac608e8cfd0131a15d93922596bb5a0d8b16508a696c7d91877c50ea","277845"
"BUNDLE-MI350P-MI350P-SIGN-0105","MI350P","2","MI350P-SIGN-0105","数据/facts.csv","fact_id","FACT-M2W3-AMD-MI350P-POWER-CONFIG","审计/子代理交接/m2_staging/M2-W3-AMD-MI350P-CARD/structured/facts.csv","9673483ecf9daa6a373f07b1777840adee816f3b5b54ac45e907ea33d53cc872","19193","draft","reviewed","","","","ea9c145eef520c574e9886ce4c05ca7ba4866c6c8875618d4e8357d898c585f9","ea9c145eef520c574e9886ce4c05ca7ba4866c6c8875618d4e8357d898c585f9","ef7ac668da82065a8f187e38e51048a9a2cb189a8fc557dd8644b72ca3381e1c","7886e76bac608e8cfd0131a15d93922596bb5a0d8b16508a696c7d91877c50ea","277845"
"BUNDLE-MI350P-MI350P-SIGN-0106","MI350P","2","MI350P-SIGN-0106","数据/facts.csv","fact_id","FACT-M2W3-AMD-MI350P-POWER-MAX","审计/子代理交接/m2_staging/M2-W3-AMD-MI350P-CARD/structured/facts.csv","9673483ecf9daa6a373f07b1777840adee816f3b5b54ac45e907ea33d53cc872","19193","draft","reviewed","","","","5cfe5d5cbf43ffcfb9acf5106ab6990c7124cca9483757ef07f91b96446964e8","5cfe5d5cbf43ffcfb9acf5106ab6990c7124cca9483757ef07f91b96446964e8","d0f63c52d2b9481f0acf7264b2a6094c5bc93bab04c3525cf60902593954501b","7886e76bac608e8cfd0131a15d93922596bb5a0d8b16508a696c7d91877c50ea","277845"
"BUNDLE-MI350P-MI350P-SIGN-0107","MI350P","2","MI350P-SIGN-0107","数据/facts.csv","fact_id","FACT-M2W3-AMD-MI350P-PROCESS","审计/子代理交接/m2_staging/M2-W3-AMD-MI350P-CARD/structured/facts.csv","9673483ecf9daa6a373f07b1777840adee816f3b5b54ac45e907ea33d53cc872","19193","draft","reviewed","","","","042f48af21df3762a4d27df53550811efd55f4c1c7c3c7e43022acddc1004d19","042f48af21df3762a4d27df53550811efd55f4c1c7c3c7e43022acddc1004d19","006d1f0ff5681e48b51b754aff077524d765be1d2603e7b0129004f17064921b","7886e76bac608e8cfd0131a15d93922596bb5a0d8b16508a696c7d91877c50ea","277845"
"BUNDLE-MI350P-MI350P-SIGN-0108","MI350P","2","MI350P-SIGN-0108","数据/facts.csv","fact_id","FACT-M2W3-AMD-MI350P-SKU","审计/子代理交接/m2_staging/M2-W3-AMD-MI350P-CARD/structured/facts.csv","9673483ecf9daa6a373f07b1777840adee816f3b5b54ac45e907ea33d53cc872","19193","draft","reviewed","","","","a3a5a9f0ac556f72b33bdf61d2a2667b87d717776235b8d563d7644903acfa25","a3a5a9f0ac556f72b33bdf61d2a2667b87d717776235b8d563d7644903acfa25","74fba4cad557ef2ba7f34947220cdfc44a046b197794051387c4c9607d65b6c5","7886e76bac608e8cfd0131a15d93922596bb5a0d8b16508a696c7d91877c50ea","277845"
"BUNDLE-MI350P-MI350P-SIGN-0109","MI350P","2","MI350P-SIGN-0109","数据/facts.csv","fact_id","FACT-M2W3-AMD-MI350P-STATUS","审计/子代理交接/m2_staging/M2-W3-AMD-MI350P-CARD/structured/facts.csv","9673483ecf9daa6a373f07b1777840adee816f3b5b54ac45e907ea33d53cc872","19193","draft","reviewed","","","","5dd077a9e965e0b20c079558ddf44fa8f0aa2ef7c897df6bd4b450b7c9418213","5dd077a9e965e0b20c079558ddf44fa8f0aa2ef7c897df6bd4b450b7c9418213","6b36dab2fb2f5cfa50108e42c08cd85e5fd1353f351d730f7d5a9e8890038c64","7886e76bac608e8cfd0131a15d93922596bb5a0d8b16508a696c7d91877c50ea","277845"
"BUNDLE-MI350P-MI350P-SIGN-0110","MI350P","2","MI350P-SIGN-0110","数据/facts.csv","fact_id","FACT-M2W3-AMD-MI350P-STREAM-PROCESSOR-COUNT","审计/子代理交接/m2_staging/M2-W3-AMD-MI350P-CARD/structured/facts.csv","9673483ecf9daa6a373f07b1777840adee816f3b5b54ac45e907ea33d53cc872","19193","draft","reviewed","","","","6ca69d335bdb65f51e2bf195c4119de16c2e0b429d00d652882d25af3e49739d","6ca69d335bdb65f51e2bf195c4119de16c2e0b429d00d652882d25af3e49739d","5df01271d968cf02f5f2623e26e0a33753ddff840754199a514b7d679b952944","7886e76bac608e8cfd0131a15d93922596bb5a0d8b16508a696c7d91877c50ea","277845"
"BUNDLE-MI350P-MI350P-SIGN-0111","MI350P","2","MI350P-SIGN-0111","数据/facts.csv","fact_id","FACT-M2W3-AMD-MI350P-TRANSISTORS","审计/子代理交接/m2_staging/M2-W3-AMD-MI350P-CARD/structured/facts.csv","9673483ecf9daa6a373f07b1777840adee816f3b5b54ac45e907ea33d53cc872","19193","draft","reviewed","","","","784313a3766bb6a9851f354bd6487d1afdaa9e5403cd8cd206ce4f065a2a6c16","784313a3766bb6a9851f354bd6487d1afdaa9e5403cd8cd206ce4f065a2a6c16","aa19915a6b861729a13e54f27876c244e4b8138e5a50566f052c835619ee8e0e","7886e76bac608e8cfd0131a15d93922596bb5a0d8b16508a696c7d91877c50ea","277845"
"BUNDLE-MI350P-MI350P-SIGN-0112","MI350P","2","MI350P-SIGN-0112","数据/facts.csv","fact_id","FACT-M2W3-AMD-MI350P-VENDOR","审计/子代理交接/m2_staging/M2-W3-AMD-MI350P-CARD/structured/facts.csv","9673483ecf9daa6a373f07b1777840adee816f3b5b54ac45e907ea33d53cc872","19193","draft","reviewed","","","","24daf3ee917916f21a6dbfdb5713f51cc7f68177b72663772096c6275a509826","24daf3ee917916f21a6dbfdb5713f51cc7f68177b72663772096c6275a509826","1a1a2c5790227e2cec04740d47bbb6df8c51aef074150fbaaa7e7767f6e8126d","7886e76bac608e8cfd0131a15d93922596bb5a0d8b16508a696c7d91877c50ea","277845"
"BUNDLE-MI350P-MI350P-SIGN-0113","MI350P","2","MI350P-SIGN-0113","数据/facts.csv","fact_id","FACT-M2W3-AMD-MI350P-XCD-COUNT","审计/子代理交接/m2_staging/M2-W3-AMD-MI350P-CARD/structured/facts.csv","9673483ecf9daa6a373f07b1777840adee816f3b5b54ac45e907ea33d53cc872","19193","draft","reviewed","","","","3db6d912dc61b11bf0af92dcf66db62b7003b9b92d60aa767153fed922cef4e2","3db6d912dc61b11bf0af92dcf66db62b7003b9b92d60aa767153fed922cef4e2","9e494c4cc9a6e6520c2ff8dff8e8c73a820fd85a1b6a82bae6ceeda418869527","7886e76bac608e8cfd0131a15d93922596bb5a0d8b16508a696c7d91877c50ea","277845"
"BUNDLE-MI350P-MI350P-SIGN-0114","MI350P","2","MI350P-SIGN-0114","数据/field-requirements.csv","requirement_id","REQ-M2W3-AMD-MI350P-ACCUMULATION","审计/子代理交接/m2_staging/M2-W3-AMD-MI350P-CARD/structured/field-requirements.csv","9e156c482c3c1b0c4e6ddd7342f29520909fbc19ba437c4284cb4a6d573e2f3d","19383","draft","reviewed","","","","4478bb9e6e1d82164e5bbdb4c057cce9036a362d824e6c3632ed8c586926dc5f","4478bb9e6e1d82164e5bbdb4c057cce9036a362d824e6c3632ed8c586926dc5f","448619bb875285cf18fdc43b256387236d6ad2b50235a37dfba41ebf54e76485","de19ee1e1a3beecdf3658d4c8b302e60d43eaaf9e58acfbd369388992eb9afb2","302574"
"BUNDLE-MI350P-MI350P-SIGN-0115","MI350P","2","MI350P-SIGN-0115","数据/field-requirements.csv","requirement_id","REQ-M2W3-AMD-MI350P-AVAILABILITY-DATE","审计/子代理交接/m2_staging/M2-W3-AMD-MI350P-CARD/structured/field-requirements.csv","9e156c482c3c1b0c4e6ddd7342f29520909fbc19ba437c4284cb4a6d573e2f3d","19383","draft","reviewed","","","","7eaa2e52a831d34223e0d74341d72200767742b0190057b205b3fb1976297639","7eaa2e52a831d34223e0d74341d72200767742b0190057b205b3fb1976297639","df8d63d8a0556d2c92c7d7ec7a671ccc7588347313c9ad5320d4151763636d23","de19ee1e1a3beecdf3658d4c8b302e60d43eaaf9e58acfbd369388992eb9afb2","302574"
"BUNDLE-MI350P-MI350P-SIGN-0116","MI350P","2","MI350P-SIGN-0116","数据/field-requirements.csv","requirement_id","REQ-M2W3-AMD-MI350P-BF16-MATRIX-PEAK","审计/子代理交接/m2_staging/M2-W3-AMD-MI350P-CARD/structured/field-requirements.csv","9e156c482c3c1b0c4e6ddd7342f29520909fbc19ba437c4284cb4a6d573e2f3d","19383","draft","reviewed","","","","12f37f74e712f221c8dfb292e1a25d9678dc9beb1558ed0983da960d968c6fb3","12f37f74e712f221c8dfb292e1a25d9678dc9beb1558ed0983da960d968c6fb3","491bfcb6e1b34f4040363a9a6007621b5c929f7897f38b43e0471284c578f4e3","de19ee1e1a3beecdf3658d4c8b302e60d43eaaf9e58acfbd369388992eb9afb2","302574"
"BUNDLE-MI350P-MI350P-SIGN-0117","MI350P","2","MI350P-SIGN-0117","数据/field-requirements.csv","requirement_id","REQ-M2W3-AMD-MI350P-CLOCK","审计/子代理交接/m2_staging/M2-W3-AMD-MI350P-CARD/structured/field-requirements.csv","9e156c482c3c1b0c4e6ddd7342f29520909fbc19ba437c4284cb4a6d573e2f3d","19383","draft","reviewed","","","","db526b3228b674fa0165f66377832617ea83c73abd0a2be2b52555686e37c05b","db526b3228b674fa0165f66377832617ea83c73abd0a2be2b52555686e37c05b","4d7246d9338ff7c565c427cae010187c28f09e870989ce691df41d678f400a41","de19ee1e1a3beecdf3658d4c8b302e60d43eaaf9e58acfbd369388992eb9afb2","302574"
"BUNDLE-MI350P-MI350P-SIGN-0118","MI350P","2","MI350P-SIGN-0118","数据/field-requirements.csv","requirement_id","REQ-M2W3-AMD-MI350P-COOLING","审计/子代理交接/m2_staging/M2-W3-AMD-MI350P-CARD/structured/field-requirements.csv","9e156c482c3c1b0c4e6ddd7342f29520909fbc19ba437c4284cb4a6d573e2f3d","19383","draft","reviewed","","","","519ad3cbaaadd7daebb56402016d45b3d9fb584313e8b52625ea57acf65eaa6b","519ad3cbaaadd7daebb56402016d45b3d9fb584313e8b52625ea57acf65eaa6b","0a0481c4dc2e42dc485f695a0b311272dc518bb63c596568da824516e38c7e99","de19ee1e1a3beecdf3658d4c8b302e60d43eaaf9e58acfbd369388992eb9afb2","302574"
"BUNDLE-MI350P-MI350P-SIGN-0119","MI350P","2","MI350P-SIGN-0119","数据/field-requirements.csv","requirement_id","REQ-M2W3-AMD-MI350P-CU-COUNT","审计/子代理交接/m2_staging/M2-W3-AMD-MI350P-CARD/structured/field-requirements.csv","9e156c482c3c1b0c4e6ddd7342f29520909fbc19ba437c4284cb4a6d573e2f3d","19383","draft","reviewed","","","","2508fc42444653090ed060e202ec64a36a08f413616b4fdfc3bca1dfd16fdfd9","2508fc42444653090ed060e202ec64a36a08f413616b4fdfc3bca1dfd16fdfd9","26e8dc38c9b159dc6b05a9e1a2948dddf229996edd62092e1f8dfe311c1cfc89","de19ee1e1a3beecdf3658d4c8b302e60d43eaaf9e58acfbd369388992eb9afb2","302574"
"BUNDLE-MI350P-MI350P-SIGN-0120","MI350P","2","MI350P-SIGN-0120","数据/field-requirements.csv","requirement_id","REQ-M2W3-AMD-MI350P-DIE-AREA","审计/子代理交接/m2_staging/M2-W3-AMD-MI350P-CARD/structured/field-requirements.csv","9e156c482c3c1b0c4e6ddd7342f29520909fbc19ba437c4284cb4a6d573e2f3d","19383","draft","reviewed","","","","4f083b9970635fc28ba5d2d2fa786ffb2d5cd971fd2004e661a339848de9f743","4f083b9970635fc28ba5d2d2fa786ffb2d5cd971fd2004e661a339848de9f743","5070743f0ae93914f111c624cd317265f1ad6d083e88293bab68cea80d503eaa","de19ee1e1a3beecdf3658d4c8b302e60d43eaaf9e58acfbd369388992eb9afb2","302574"
"BUNDLE-MI350P-MI350P-SIGN-0121","MI350P","2","MI350P-SIGN-0121","数据/field-requirements.csv","requirement_id","REQ-M2W3-AMD-MI350P-DIE-COUNT","审计/子代理交接/m2_staging/M2-W3-AMD-MI350P-CARD/structured/field-requirements.csv","9e156c482c3c1b0c4e6ddd7342f29520909fbc19ba437c4284cb4a6d573e2f3d","19383","draft","reviewed","","","","cdc3d256b321a82adcb1f46a6493ca7d944e5498eb0f6f13d6d57dec081f492f","cdc3d256b321a82adcb1f46a6493ca7d944e5498eb0f6f13d6d57dec081f492f","bba450adb4f375fc70241198f980a84beb05c7eea2f46f30fe48349fd96a6f30","de19ee1e1a3beecdf3658d4c8b302e60d43eaaf9e58acfbd369388992eb9afb2","302574"
"BUNDLE-MI350P-MI350P-SIGN-0122","MI350P","2","MI350P-SIGN-0122","数据/field-requirements.csv","requirement_id","REQ-M2W3-AMD-MI350P-FAMILY","审计/子代理交接/m2_staging/M2-W3-AMD-MI350P-CARD/structured/field-requirements.csv","9e156c482c3c1b0c4e6ddd7342f29520909fbc19ba437c4284cb4a6d573e2f3d","19383","draft","reviewed","","","","3877fae7e0ca21e4beb9ababca41861f4424aba153e91d80ed4bc4e8310569dc","3877fae7e0ca21e4beb9ababca41861f4424aba153e91d80ed4bc4e8310569dc","0087c4347db5e23ddea36e107dc272fe21942ef73c4abd8bb9cf5f0380b769d0","de19ee1e1a3beecdf3658d4c8b302e60d43eaaf9e58acfbd369388992eb9afb2","302574"
"BUNDLE-MI350P-MI350P-SIGN-0123","MI350P","2","MI350P-SIGN-0123","数据/field-requirements.csv","requirement_id","REQ-M2W3-AMD-MI350P-FORM-FACTOR","审计/子代理交接/m2_staging/M2-W3-AMD-MI350P-CARD/structured/field-requirements.csv","9e156c482c3c1b0c4e6ddd7342f29520909fbc19ba437c4284cb4a6d573e2f3d","19383","draft","reviewed","","","","87cf7170e3645fbff8834b86600348ffc3fef27ab250efd320a8fb2d20f23356","87cf7170e3645fbff8834b86600348ffc3fef27ab250efd320a8fb2d20f23356","8fa270e32a54f38c6ec3a71ddf4469ae5991f69e1a1ee8030402d53e73776078","de19ee1e1a3beecdf3658d4c8b302e60d43eaaf9e58acfbd369388992eb9afb2","302574"
"BUNDLE-MI350P-MI350P-SIGN-0124","MI350P","2","MI350P-SIGN-0124","数据/field-requirements.csv","requirement_id","REQ-M2W3-AMD-MI350P-FP16-MATRIX-PEAK","审计/子代理交接/m2_staging/M2-W3-AMD-MI350P-CARD/structured/field-requirements.csv","9e156c482c3c1b0c4e6ddd7342f29520909fbc19ba437c4284cb4a6d573e2f3d","19383","draft","reviewed","","","","f7141d59fa8e5ba3ce9267f4d5f953badfa78c3cea384909fab8763d1d9d0d1d","f7141d59fa8e5ba3ce9267f4d5f953badfa78c3cea384909fab8763d1d9d0d1d","80f3c0ed5b394f45e8a9b6ebdf7a1eee9bd077767454a0b7e7ff92989375f286","de19ee1e1a3beecdf3658d4c8b302e60d43eaaf9e58acfbd369388992eb9afb2","302574"
"BUNDLE-MI350P-MI350P-SIGN-0125","MI350P","2","MI350P-SIGN-0125","数据/field-requirements.csv","requirement_id","REQ-M2W3-AMD-MI350P-FP16-VECTOR-PEAK","审计/子代理交接/m2_staging/M2-W3-AMD-MI350P-CARD/structured/field-requirements.csv","9e156c482c3c1b0c4e6ddd7342f29520909fbc19ba437c4284cb4a6d573e2f3d","19383","draft","reviewed","","","","13aa95be5ec6564b15cf8d87f895303081d13ecadf416c31b5905af0b1bd307f","13aa95be5ec6564b15cf8d87f895303081d13ecadf416c31b5905af0b1bd307f","c03be392cfc5b10d35d5ff493239d63ff980dfb5be1cd3026e54ab35367b8e8d","de19ee1e1a3beecdf3658d4c8b302e60d43eaaf9e58acfbd369388992eb9afb2","302574"
"BUNDLE-MI350P-MI350P-SIGN-0126","MI350P","2","MI350P-SIGN-0126","数据/field-requirements.csv","requirement_id","REQ-M2W3-AMD-MI350P-FP32-MATRIX-PEAK","审计/子代理交接/m2_staging/M2-W3-AMD-MI350P-CARD/structured/field-requirements.csv","9e156c482c3c1b0c4e6ddd7342f29520909fbc19ba437c4284cb4a6d573e2f3d","19383","draft","reviewed","","","","ebfbc44177afdf85ccc81147b78fcc989752034532861d9af10ffc168e2aee28","ebfbc44177afdf85ccc81147b78fcc989752034532861d9af10ffc168e2aee28","6a04d309d4a0051ee09c00b8155cc9a03d9d0298d9803b2ebcb446639bec1025","de19ee1e1a3beecdf3658d4c8b302e60d43eaaf9e58acfbd369388992eb9afb2","302574"
"BUNDLE-MI350P-MI350P-SIGN-0127","MI350P","2","MI350P-SIGN-0127","数据/field-requirements.csv","requirement_id","REQ-M2W3-AMD-MI350P-FP32-VECTOR-PEAK","审计/子代理交接/m2_staging/M2-W3-AMD-MI350P-CARD/structured/field-requirements.csv","9e156c482c3c1b0c4e6ddd7342f29520909fbc19ba437c4284cb4a6d573e2f3d","19383","draft","reviewed","","","","958036f62a7a2a9e0817e74d9bd0ffba9243f64713352c15b281856c091567df","958036f62a7a2a9e0817e74d9bd0ffba9243f64713352c15b281856c091567df","5132b0e6cf50d8dc532b30db30fae431beebec5ca9afe3605ce51a94b4479c1d","de19ee1e1a3beecdf3658d4c8b302e60d43eaaf9e58acfbd369388992eb9afb2","302574"
"BUNDLE-MI350P-MI350P-SIGN-0128","MI350P","2","MI350P-SIGN-0128","数据/field-requirements.csv","requirement_id","REQ-M2W3-AMD-MI350P-FP64-MATRIX-PEAK","审计/子代理交接/m2_staging/M2-W3-AMD-MI350P-CARD/structured/field-requirements.csv","9e156c482c3c1b0c4e6ddd7342f29520909fbc19ba437c4284cb4a6d573e2f3d","19383","draft","reviewed","","","","261d00422ac1d02e88dcbb243b10a4620d60e6287086ffc60dd4eaa5a261af96","261d00422ac1d02e88dcbb243b10a4620d60e6287086ffc60dd4eaa5a261af96","a5581ed6c2e72ee5d97d49597c5142a85386ed39e472c77c1d89a7e75f34c80a","de19ee1e1a3beecdf3658d4c8b302e60d43eaaf9e58acfbd369388992eb9afb2","302574"
"BUNDLE-MI350P-MI350P-SIGN-0129","MI350P","2","MI350P-SIGN-0129","数据/field-requirements.csv","requirement_id","REQ-M2W3-AMD-MI350P-FP64-VECTOR-PEAK","审计/子代理交接/m2_staging/M2-W3-AMD-MI350P-CARD/structured/field-requirements.csv","9e156c482c3c1b0c4e6ddd7342f29520909fbc19ba437c4284cb4a6d573e2f3d","19383","draft","reviewed","","","","6a303b9afc809c16d822519d7be2a110f186490d7cb87e2f606c7ed24b2c79d8","6a303b9afc809c16d822519d7be2a110f186490d7cb87e2f606c7ed24b2c79d8","fc1ee36daa63f595811fb42111be2325b35fedd9dc3efdf2bdd947ac693b60f2","de19ee1e1a3beecdf3658d4c8b302e60d43eaaf9e58acfbd369388992eb9afb2","302574"
"BUNDLE-MI350P-MI350P-SIGN-0130","MI350P","2","MI350P-SIGN-0130","数据/field-requirements.csv","requirement_id","REQ-M2W3-AMD-MI350P-HBM3E-BW","审计/子代理交接/m2_staging/M2-W3-AMD-MI350P-CARD/structured/field-requirements.csv","9e156c482c3c1b0c4e6ddd7342f29520909fbc19ba437c4284cb4a6d573e2f3d","19383","draft","reviewed","","","","16cb77553ad9ab6ce77fd90b614988e7a1171854320669418d14352d855614fc","16cb77553ad9ab6ce77fd90b614988e7a1171854320669418d14352d855614fc","6b08b75d7fe2f7e44a89f582645a565a1e37ef830f498cf7ea375bb90b2cb29a","de19ee1e1a3beecdf3658d4c8b302e60d43eaaf9e58acfbd369388992eb9afb2","302574"
"BUNDLE-MI350P-MI350P-SIGN-0131","MI350P","2","MI350P-SIGN-0131","数据/field-requirements.csv","requirement_id","REQ-M2W3-AMD-MI350P-HBM3E-CAPACITY","审计/子代理交接/m2_staging/M2-W3-AMD-MI350P-CARD/structured/field-requirements.csv","9e156c482c3c1b0c4e6ddd7342f29520909fbc19ba437c4284cb4a6d573e2f3d","19383","draft","reviewed","","","","9099e483c5867f548e8ce8fa7d484d0876384621d24ed99819f352169937feb2","9099e483c5867f548e8ce8fa7d484d0876384621d24ed99819f352169937feb2","1f7b1a8dd9a59bbb197ff25949ec31673ec942341f28fdf0f0e85680917a0094","de19ee1e1a3beecdf3658d4c8b302e60d43eaaf9e58acfbd369388992eb9afb2","302574"
"BUNDLE-MI350P-MI350P-SIGN-0132","MI350P","2","MI350P-SIGN-0132","数据/field-requirements.csv","requirement_id","REQ-M2W3-AMD-MI350P-HBM-INTERFACE","审计/子代理交接/m2_staging/M2-W3-AMD-MI350P-CARD/structured/field-requirements.csv","9e156c482c3c1b0c4e6ddd7342f29520909fbc19ba437c4284cb4a6d573e2f3d","19383","draft","reviewed","","","","967f09c4987225538fb6cecb651d6620518016d10e3d9f63e3e3a5ce69ee6526","967f09c4987225538fb6cecb651d6620518016d10e3d9f63e3e3a5ce69ee6526","7ec169b8d255322213dbdf9978c51722f5d435333795216cf96a334b9000d9ff","de19ee1e1a3beecdf3658d4c8b302e60d43eaaf9e58acfbd369388992eb9afb2","302574"
"BUNDLE-MI350P-MI350P-SIGN-0133","MI350P","2","MI350P-SIGN-0133","数据/field-requirements.csv","requirement_id","REQ-M2W3-AMD-MI350P-HBM-STACKS","审计/子代理交接/m2_staging/M2-W3-AMD-MI350P-CARD/structured/field-requirements.csv","9e156c482c3c1b0c4e6ddd7342f29520909fbc19ba437c4284cb4a6d573e2f3d","19383","draft","reviewed","","","","196e1e24d1926e503d78dc04363af6e91ff4f5f8e21ded8312b4d2796e0e5f26","196e1e24d1926e503d78dc04363af6e91ff4f5f8e21ded8312b4d2796e0e5f26","671d671e76ebb32cb27bdaf95bf417ff3dd75db9bf30c8b113698c163da52b14","de19ee1e1a3beecdf3658d4c8b302e60d43eaaf9e58acfbd369388992eb9afb2","302574"
"BUNDLE-MI350P-MI350P-SIGN-0134","MI350P","2","MI350P-SIGN-0134","数据/field-requirements.csv","requirement_id","REQ-M2W3-AMD-MI350P-INT8-MATRIX-PEAK","审计/子代理交接/m2_staging/M2-W3-AMD-MI350P-CARD/structured/field-requirements.csv","9e156c482c3c1b0c4e6ddd7342f29520909fbc19ba437c4284cb4a6d573e2f3d","19383","draft","reviewed","","","","258b7b4172f63d2c035074f16e79645c1a07d153c8f46d6a326768c13eef0776","258b7b4172f63d2c035074f16e79645c1a07d153c8f46d6a326768c13eef0776","36ac28475146081ef7dc2016eebcce95c32acd245d7028b279337225129b60dc","de19ee1e1a3beecdf3658d4c8b302e60d43eaaf9e58acfbd369388992eb9afb2","302574"
"BUNDLE-MI350P-MI350P-SIGN-0135","MI350P","2","MI350P-SIGN-0135","数据/field-requirements.csv","requirement_id","REQ-M2W3-AMD-MI350P-LLC-CAPACITY","审计/子代理交接/m2_staging/M2-W3-AMD-MI350P-CARD/structured/field-requirements.csv","9e156c482c3c1b0c4e6ddd7342f29520909fbc19ba437c4284cb4a6d573e2f3d","19383","draft","reviewed","","","","bcfebc7f68338e64b85be64c89316e6b6426f1e8c0a27c4987ee2414f2824a9b","bcfebc7f68338e64b85be64c89316e6b6426f1e8c0a27c4987ee2414f2824a9b","c070e1618776b9205c62f9a80c641ada40dbb9749292ae67889f45179a32d830","de19ee1e1a3beecdf3658d4c8b302e60d43eaaf9e58acfbd369388992eb9afb2","302574"
"BUNDLE-MI350P-MI350P-SIGN-0136","MI350P","2","MI350P-SIGN-0136","数据/field-requirements.csv","requirement_id","REQ-M2W3-AMD-MI350P-MATRIX-CORE-COUNT","审计/子代理交接/m2_staging/M2-W3-AMD-MI350P-CARD/structured/field-requirements.csv","9e156c482c3c1b0c4e6ddd7342f29520909fbc19ba437c4284cb4a6d573e2f3d","19383","draft","reviewed","","","","cd2da7468483ed41f87c001a027a236cd21659a4acf01d0672ff2d208563284f","cd2da7468483ed41f87c001a027a236cd21659a4acf01d0672ff2d208563284f","46fcc1cbc43d08e3764a7fda27cc9489db8c02afabe7f67431ac73beff651473","de19ee1e1a3beecdf3658d4c8b302e60d43eaaf9e58acfbd369388992eb9afb2","302574"
"BUNDLE-MI350P-MI350P-SIGN-0137","MI350P","2","MI350P-SIGN-0137","数据/field-requirements.csv","requirement_id","REQ-M2W3-AMD-MI350P-MXFP4-MATRIX-PEAK","审计/子代理交接/m2_staging/M2-W3-AMD-MI350P-CARD/structured/field-requirements.csv","9e156c482c3c1b0c4e6ddd7342f29520909fbc19ba437c4284cb4a6d573e2f3d","19383","draft","reviewed","","","","7e96d9adda9b3301fa3e076c442885d9022383fd6c651174ea2dbee1488afd40","7e96d9adda9b3301fa3e076c442885d9022383fd6c651174ea2dbee1488afd40","7bd23d1137594149a005f8de350178777ec0cb1b8d77b86888455b455c4982b2","de19ee1e1a3beecdf3658d4c8b302e60d43eaaf9e58acfbd369388992eb9afb2","302574"
"BUNDLE-MI350P-MI350P-SIGN-0138","MI350P","2","MI350P-SIGN-0138","数据/field-requirements.csv","requirement_id","REQ-M2W3-AMD-MI350P-MXFP6-MATRIX-PEAK","审计/子代理交接/m2_staging/M2-W3-AMD-MI350P-CARD/structured/field-requirements.csv","9e156c482c3c1b0c4e6ddd7342f29520909fbc19ba437c4284cb4a6d573e2f3d","19383","draft","reviewed","","","","5fa1125f0eea3a035c2806babd1aa2a23fed15d0d3b0e2006a830868703e95e5","5fa1125f0eea3a035c2806babd1aa2a23fed15d0d3b0e2006a830868703e95e5","86f18c0caefc846d88f310d6310dc11ab8d8b3feac8960f2951beee1cbc0f033","de19ee1e1a3beecdf3658d4c8b302e60d43eaaf9e58acfbd369388992eb9afb2","302574"
"BUNDLE-MI350P-MI350P-SIGN-0139","MI350P","2","MI350P-SIGN-0139","数据/field-requirements.csv","requirement_id","REQ-M2W3-AMD-MI350P-MXFP8-MATRIX-PEAK","审计/子代理交接/m2_staging/M2-W3-AMD-MI350P-CARD/structured/field-requirements.csv","9e156c482c3c1b0c4e6ddd7342f29520909fbc19ba437c4284cb4a6d573e2f3d","19383","draft","reviewed","","","","4bbaf9b2fa045fb90735335efb86dba19b5b9a00a5706347e026ae3eb00417f5","4bbaf9b2fa045fb90735335efb86dba19b5b9a00a5706347e026ae3eb00417f5","33966c4092ec64b1a8d4e88613c03c1d6602d2e6f4d3ca5efe1621783e79027e","de19ee1e1a3beecdf3658d4c8b302e60d43eaaf9e58acfbd369388992eb9afb2","302574"
"BUNDLE-MI350P-MI350P-SIGN-0140","MI350P","2","MI350P-SIGN-0140","数据/field-requirements.csv","requirement_id","REQ-M2W3-AMD-MI350P-NAME","审计/子代理交接/m2_staging/M2-W3-AMD-MI350P-CARD/structured/field-requirements.csv","9e156c482c3c1b0c4e6ddd7342f29520909fbc19ba437c4284cb4a6d573e2f3d","19383","draft","reviewed","","","","5b4788ef942d9ee31b9a52092dde4177a619394a9b4611e94e5d049ce3332113","5b4788ef942d9ee31b9a52092dde4177a619394a9b4611e94e5d049ce3332113","ced53ea3ad7d77d8e29c8124c0b670ce2e553ebded47ebebe0402e909e46706d","de19ee1e1a3beecdf3658d4c8b302e60d43eaaf9e58acfbd369388992eb9afb2","302574"
"BUNDLE-MI350P-MI350P-SIGN-0141","MI350P","2","MI350P-SIGN-0141","数据/field-requirements.csv","requirement_id","REQ-M2W3-AMD-MI350P-OBJECT-TYPE","审计/子代理交接/m2_staging/M2-W3-AMD-MI350P-CARD/structured/field-requirements.csv","9e156c482c3c1b0c4e6ddd7342f29520909fbc19ba437c4284cb4a6d573e2f3d","19383","draft","reviewed","","","","632bc3411c1ea53144d8566d2cc7473623c6c326f399d072612d405561f386e6","632bc3411c1ea53144d8566d2cc7473623c6c326f399d072612d405561f386e6","c6332fee58beaffaef3cd17d2b861cd18eb79c886c7489161f8366cf2c61bfbc","de19ee1e1a3beecdf3658d4c8b302e60d43eaaf9e58acfbd369388992eb9afb2","302574"
"BUNDLE-MI350P-MI350P-SIGN-0142","MI350P","2","MI350P-SIGN-0142","数据/field-requirements.csv","requirement_id","REQ-M2W3-AMD-MI350P-OCP-FP8-MATRIX-PEAK","审计/子代理交接/m2_staging/M2-W3-AMD-MI350P-CARD/structured/field-requirements.csv","9e156c482c3c1b0c4e6ddd7342f29520909fbc19ba437c4284cb4a6d573e2f3d","19383","draft","reviewed","","","","155ef11f54dc910c540d82cc96c125e2221ec825124f93485d7671dc920a7ac1","155ef11f54dc910c540d82cc96c125e2221ec825124f93485d7671dc920a7ac1","303ca0133633b13081fe5af38e586e6750c2aa7458c01803d1bc3d6072ee3640","de19ee1e1a3beecdf3658d4c8b302e60d43eaaf9e58acfbd369388992eb9afb2","302574"
"BUNDLE-MI350P-MI350P-SIGN-0143","MI350P","2","MI350P-SIGN-0143","数据/field-requirements.csv","requirement_id","REQ-M2W3-AMD-MI350P-OPERAND-A","审计/子代理交接/m2_staging/M2-W3-AMD-MI350P-CARD/structured/field-requirements.csv","9e156c482c3c1b0c4e6ddd7342f29520909fbc19ba437c4284cb4a6d573e2f3d","19383","draft","reviewed","","","","f0e69104afa5bb40b9d75a5b04dd55b955c7ad7f90e523dd5b15578364952a80","f0e69104afa5bb40b9d75a5b04dd55b955c7ad7f90e523dd5b15578364952a80","9c5a055c68f4970176106100e411a0b2b062b7155a621827b41174c4c13da740","de19ee1e1a3beecdf3658d4c8b302e60d43eaaf9e58acfbd369388992eb9afb2","302574"
"BUNDLE-MI350P-MI350P-SIGN-0144","MI350P","2","MI350P-SIGN-0144","数据/field-requirements.csv","requirement_id","REQ-M2W3-AMD-MI350P-OPERAND-B","审计/子代理交接/m2_staging/M2-W3-AMD-MI350P-CARD/structured/field-requirements.csv","9e156c482c3c1b0c4e6ddd7342f29520909fbc19ba437c4284cb4a6d573e2f3d","19383","draft","reviewed","","","","d2d52a87bc7992d151dd6c9df6a3d5348c11b5a35b354638e2c87249269596a7","d2d52a87bc7992d151dd6c9df6a3d5348c11b5a35b354638e2c87249269596a7","302d309122a7d3f131c7e115bdf235adda28430c1dda9fd79b0ec0a8a3aa83b9","de19ee1e1a3beecdf3658d4c8b302e60d43eaaf9e58acfbd369388992eb9afb2","302574"
"BUNDLE-MI350P-MI350P-SIGN-0145","MI350P","2","MI350P-SIGN-0145","数据/field-requirements.csv","requirement_id","REQ-M2W3-AMD-MI350P-OUTPUT-FORMAT","审计/子代理交接/m2_staging/M2-W3-AMD-MI350P-CARD/structured/field-requirements.csv","9e156c482c3c1b0c4e6ddd7342f29520909fbc19ba437c4284cb4a6d573e2f3d","19383","draft","reviewed","","","","c50020814d35cb43531c7e802313d946b6403a9b56a51ec3a8dc362e9c1a59be","c50020814d35cb43531c7e802313d946b6403a9b56a51ec3a8dc362e9c1a59be","8e68da71be94ca66aadd1aa71faa9351aec046e3da4da2da24acbc2274a25021","de19ee1e1a3beecdf3658d4c8b302e60d43eaaf9e58acfbd369388992eb9afb2","302574"
"BUNDLE-MI350P-MI350P-SIGN-0146","MI350P","2","MI350P-SIGN-0146","数据/field-requirements.csv","requirement_id","REQ-M2W3-AMD-MI350P-PCIE-BW","审计/子代理交接/m2_staging/M2-W3-AMD-MI350P-CARD/structured/field-requirements.csv","9e156c482c3c1b0c4e6ddd7342f29520909fbc19ba437c4284cb4a6d573e2f3d","19383","draft","reviewed","","","","11ffe06c6dc9880f69580e26a01177f66cffe38d4b7a248840c8022983ba3430","11ffe06c6dc9880f69580e26a01177f66cffe38d4b7a248840c8022983ba3430","90dabfef0e320b4145e9919df69b5e98585b745bd19f51246c7c860e4a6a2adc","de19ee1e1a3beecdf3658d4c8b302e60d43eaaf9e58acfbd369388992eb9afb2","302574"
"BUNDLE-MI350P-MI350P-SIGN-0147","MI350P","2","MI350P-SIGN-0147","数据/field-requirements.csv","requirement_id","REQ-M2W3-AMD-MI350P-PCIE-PROTOCOL","审计/子代理交接/m2_staging/M2-W3-AMD-MI350P-CARD/structured/field-requirements.csv","9e156c482c3c1b0c4e6ddd7342f29520909fbc19ba437c4284cb4a6d573e2f3d","19383","draft","reviewed","","","","dca8b3478977fcb2726ef9ce227324dbcc7c9e2e1295e849aed4c1d4d122dd1f","dca8b3478977fcb2726ef9ce227324dbcc7c9e2e1295e849aed4c1d4d122dd1f","081d79532775bcc2146ee1ae8fa9ff0f8694134ca1e79fa76181528a5069e989","de19ee1e1a3beecdf3658d4c8b302e60d43eaaf9e58acfbd369388992eb9afb2","302574"
"BUNDLE-MI350P-MI350P-SIGN-0148","MI350P","2","MI350P-SIGN-0148","数据/field-requirements.csv","requirement_id","REQ-M2W3-AMD-MI350P-PHYSICAL-ACCUM","审计/子代理交接/m2_staging/M2-W3-AMD-MI350P-CARD/structured/field-requirements.csv","9e156c482c3c1b0c4e6ddd7342f29520909fbc19ba437c4284cb4a6d573e2f3d","19383","draft","reviewed","","","","5e874d921fa59d7958ffcbb14b352e1ab0f3ed06808807bcd879f88a6d96f686","5e874d921fa59d7958ffcbb14b352e1ab0f3ed06808807bcd879f88a6d96f686","2d4385d283526db3e0ba1b92f09f0bd47ef2750ccf96476485be4b8b1a96a4de","de19ee1e1a3beecdf3658d4c8b302e60d43eaaf9e58acfbd369388992eb9afb2","302574"
"BUNDLE-MI350P-MI350P-SIGN-0149","MI350P","2","MI350P-SIGN-0149","数据/field-requirements.csv","requirement_id","REQ-M2W3-AMD-MI350P-POWER","审计/子代理交接/m2_staging/M2-W3-AMD-MI350P-CARD/structured/field-requirements.csv","9e156c482c3c1b0c4e6ddd7342f29520909fbc19ba437c4284cb4a6d573e2f3d","19383","draft","reviewed","","","","9c01b9c1a62ef92b5c698f888318063a7ecaf06507f3a4a9672e370dbe5b1f3a","9c01b9c1a62ef92b5c698f888318063a7ecaf06507f3a4a9672e370dbe5b1f3a","011e4caaea8172d4b6a3d46c08d51e9a42ebf28048b7cd4e4f8f1263fd32d582","de19ee1e1a3beecdf3658d4c8b302e60d43eaaf9e58acfbd369388992eb9afb2","302574"
"BUNDLE-MI350P-MI350P-SIGN-0150","MI350P","2","MI350P-SIGN-0150","数据/field-requirements.csv","requirement_id","REQ-M2W3-AMD-MI350P-PROCESS","审计/子代理交接/m2_staging/M2-W3-AMD-MI350P-CARD/structured/field-requirements.csv","9e156c482c3c1b0c4e6ddd7342f29520909fbc19ba437c4284cb4a6d573e2f3d","19383","draft","reviewed","","","","69fc8e8afb59caa597c293c7796b6a83b4d4ac479bb3310aa75956665baf8291","69fc8e8afb59caa597c293c7796b6a83b4d4ac479bb3310aa75956665baf8291","c2faebd20d6eba3aeb979db6ce767735b25130d86947db2093ccf2d2a6c48851","de19ee1e1a3beecdf3658d4c8b302e60d43eaaf9e58acfbd369388992eb9afb2","302574"
"BUNDLE-MI350P-MI350P-SIGN-0151","MI350P","2","MI350P-SIGN-0151","数据/field-requirements.csv","requirement_id","REQ-M2W3-AMD-MI350P-PRODUCT-FORMAT","审计/子代理交接/m2_staging/M2-W3-AMD-MI350P-CARD/structured/field-requirements.csv","9e156c482c3c1b0c4e6ddd7342f29520909fbc19ba437c4284cb4a6d573e2f3d","19383","draft","reviewed","","","","ea2be5a0b1c380145c98eb52501c8f36a6a372ce9131dc5f64ad2849f75c0e72","ea2be5a0b1c380145c98eb52501c8f36a6a372ce9131dc5f64ad2849f75c0e72","56f0f10b2d3f3f6343d43381a726b7e3dae3c90869185adfea8d733c56cd28a5","de19ee1e1a3beecdf3658d4c8b302e60d43eaaf9e58acfbd369388992eb9afb2","302574"
"BUNDLE-MI350P-MI350P-SIGN-0152","MI350P","2","MI350P-SIGN-0152","数据/field-requirements.csv","requirement_id","REQ-M2W3-AMD-MI350P-RELEASE-DATE","审计/子代理交接/m2_staging/M2-W3-AMD-MI350P-CARD/structured/field-requirements.csv","9e156c482c3c1b0c4e6ddd7342f29520909fbc19ba437c4284cb4a6d573e2f3d","19383","draft","reviewed","","","","1a4d9c967158da58e98a17c8873ae5275153e0d6fc5b6d7cc2d37416488a57e4","1a4d9c967158da58e98a17c8873ae5275153e0d6fc5b6d7cc2d37416488a57e4","12063b9300768998e8e8a817ff2c3631dbcf5cc319acf6c79b3b9c436c7a0988","de19ee1e1a3beecdf3658d4c8b302e60d43eaaf9e58acfbd369388992eb9afb2","302574"
"BUNDLE-MI350P-MI350P-SIGN-0153","MI350P","2","MI350P-SIGN-0153","数据/field-requirements.csv","requirement_id","REQ-M2W3-AMD-MI350P-RUNTIME-VERSION","审计/子代理交接/m2_staging/M2-W3-AMD-MI350P-CARD/structured/field-requirements.csv","9e156c482c3c1b0c4e6ddd7342f29520909fbc19ba437c4284cb4a6d573e2f3d","19383","draft","reviewed","","","","72f9f0e27121a864b28c051e67b223f15a559693f4aeb33ab58db47639af3207","72f9f0e27121a864b28c051e67b223f15a559693f4aeb33ab58db47639af3207","5b717aa480f1f8882a0d561658906ad83391108e8cb67cad3ae44345b5ae5060","de19ee1e1a3beecdf3658d4c8b302e60d43eaaf9e58acfbd369388992eb9afb2","302574"
"BUNDLE-MI350P-MI350P-SIGN-0154","MI350P","2","MI350P-SIGN-0154","数据/field-requirements.csv","requirement_id","REQ-M2W3-AMD-MI350P-SKU","审计/子代理交接/m2_staging/M2-W3-AMD-MI350P-CARD/structured/field-requirements.csv","9e156c482c3c1b0c4e6ddd7342f29520909fbc19ba437c4284cb4a6d573e2f3d","19383","draft","reviewed","","","","bf0cba24f3aecd5918d3b51630524e95d05aca7b08538712ab78f990269c8258","bf0cba24f3aecd5918d3b51630524e95d05aca7b08538712ab78f990269c8258","c90d3da6cc5e69f5404221be75e8da973a35106116d1c7f800ddc2eb8dc4a86f","de19ee1e1a3beecdf3658d4c8b302e60d43eaaf9e58acfbd369388992eb9afb2","302574"
"BUNDLE-MI350P-MI350P-SIGN-0155","MI350P","2","MI350P-SIGN-0155","数据/field-requirements.csv","requirement_id","REQ-M2W3-AMD-MI350P-SPECIAL-IMPLEMENTATION","审计/子代理交接/m2_staging/M2-W3-AMD-MI350P-CARD/structured/field-requirements.csv","9e156c482c3c1b0c4e6ddd7342f29520909fbc19ba437c4284cb4a6d573e2f3d","19383","draft","reviewed","","","","8b1f950386c87520f06609c1308622e2ae738bd2a83c81da36b3f134a08ef299","8b1f950386c87520f06609c1308622e2ae738bd2a83c81da36b3f134a08ef299","c08e643eeb2266475c5263e886557fa856237e4c51dd9683c07af2d7c4c66204","de19ee1e1a3beecdf3658d4c8b302e60d43eaaf9e58acfbd369388992eb9afb2","302574"
"BUNDLE-MI350P-MI350P-SIGN-0156","MI350P","2","MI350P-SIGN-0156","数据/field-requirements.csv","requirement_id","REQ-M2W3-AMD-MI350P-STATUS","审计/子代理交接/m2_staging/M2-W3-AMD-MI350P-CARD/structured/field-requirements.csv","9e156c482c3c1b0c4e6ddd7342f29520909fbc19ba437c4284cb4a6d573e2f3d","19383","draft","reviewed","","","","02be386fed80d8f846da1bdd65d15b6054281b5fd5afa7d33398f0647473294f","02be386fed80d8f846da1bdd65d15b6054281b5fd5afa7d33398f0647473294f","483fd1e50961ab4bd35c369623fbb86eb48ff8b5195a4c5d366ccd5cc80e2b67","de19ee1e1a3beecdf3658d4c8b302e60d43eaaf9e58acfbd369388992eb9afb2","302574"
"BUNDLE-MI350P-MI350P-SIGN-0157","MI350P","2","MI350P-SIGN-0157","数据/field-requirements.csv","requirement_id","REQ-M2W3-AMD-MI350P-STREAM-PROCESSOR-COUNT","审计/子代理交接/m2_staging/M2-W3-AMD-MI350P-CARD/structured/field-requirements.csv","9e156c482c3c1b0c4e6ddd7342f29520909fbc19ba437c4284cb4a6d573e2f3d","19383","draft","reviewed","","","","b9be89ef8c09e7e6935300fe7a8327f2b16b9eb7455ad3103a20ee5e738c9267","b9be89ef8c09e7e6935300fe7a8327f2b16b9eb7455ad3103a20ee5e738c9267","d5e3fc5a84407f70f4d905043079441a0108c75044f4bf92b2dfe1bfd4b55fed","de19ee1e1a3beecdf3658d4c8b302e60d43eaaf9e58acfbd369388992eb9afb2","302574"
"BUNDLE-MI350P-MI350P-SIGN-0158","MI350P","2","MI350P-SIGN-0158","数据/field-requirements.csv","requirement_id","REQ-M2W3-AMD-MI350P-TRANSISTORS","审计/子代理交接/m2_staging/M2-W3-AMD-MI350P-CARD/structured/field-requirements.csv","9e156c482c3c1b0c4e6ddd7342f29520909fbc19ba437c4284cb4a6d573e2f3d","19383","draft","reviewed","","","","4f599de17429276289686f1c3fce5cc6edd663d0e1c711b27c9119d033a679f3","4f599de17429276289686f1c3fce5cc6edd663d0e1c711b27c9119d033a679f3","abc342fece93440d458b334a03b2a1cefdaf496721bc9f3500a4ca4814a01d8f","de19ee1e1a3beecdf3658d4c8b302e60d43eaaf9e58acfbd369388992eb9afb2","302574"
"BUNDLE-MI350P-MI350P-SIGN-0159","MI350P","2","MI350P-SIGN-0159","数据/field-requirements.csv","requirement_id","REQ-M2W3-AMD-MI350P-VENDOR","审计/子代理交接/m2_staging/M2-W3-AMD-MI350P-CARD/structured/field-requirements.csv","9e156c482c3c1b0c4e6ddd7342f29520909fbc19ba437c4284cb4a6d573e2f3d","19383","draft","reviewed","","","","19a3a3d5afa250359e67cc9a146b42103d3030ed4f20f0a465d18973a578531b","19a3a3d5afa250359e67cc9a146b42103d3030ed4f20f0a465d18973a578531b","44fc27a676aa6efd0a653025309f9292ebca28649655a4a3dffe126e4fdc12ff","de19ee1e1a3beecdf3658d4c8b302e60d43eaaf9e58acfbd369388992eb9afb2","302574"
"BUNDLE-MI350P-MI350P-SIGN-0160","MI350P","2","MI350P-SIGN-0160","数据/links.csv","link_id","LINK-M2W3-AMD-MI350P-PCIE","审计/子代理交接/m2_staging/M2-W3-AMD-MI350P-CARD/structured/links.csv","00a56e6d5194c2e19c396c8df5b8000424738e274a030fb063aab89931d5c088","355","draft","reviewed","","","","09ed7be2a036d25ebd8ef014c04fd2c480814a1d30827bc8ecbf79a4970fab73","09ed7be2a036d25ebd8ef014c04fd2c480814a1d30827bc8ecbf79a4970fab73","294010844db0098245060082ba88e238aefa329af83b34c94bd0e64ac62f5235","71dc144abeae14c1607c75ef060f0305aa910e05823159ce4dca1b5105e9b51e","8129"
"BUNDLE-MI350P-MI350P-SIGN-0161","MI350P","2","MI350P-SIGN-0161","数据/memory-levels.csv","memory_level_id","COMP-M2W3-AMD-MI350P-HBM3E","审计/子代理交接/m2_staging/M2-W3-AMD-MI350P-CARD/structured/memory-levels.csv","503a79ba1487921b9b4a982eff14a9a843ba7ac11ed79782fb381cc30586cc31","367","draft","reviewed","","","","e5b754919cb1ec9ce1ccda030d81f4f58aa642ee738964c8370f2e76416e33b8","e5b754919cb1ec9ce1ccda030d81f4f58aa642ee738964c8370f2e76416e33b8","c127a972f198faa94d7131a3e78bad6888e92c098ace1503618352b0a41afe80","e1e6f95da738de7ae3c673ebd66707e2ddf13c411afd72c6383fd375697398fa","11348"
"BUNDLE-MI350P-MI350P-SIGN-0162","MI350P","2","MI350P-SIGN-0162","数据/memory-levels.csv","memory_level_id","COMP-M2W3-AMD-MI350P-LLC","审计/子代理交接/m2_staging/M2-W3-AMD-MI350P-CARD/structured/memory-levels.csv","503a79ba1487921b9b4a982eff14a9a843ba7ac11ed79782fb381cc30586cc31","367","draft","reviewed","","","","9e3cfb26befd3ef137c0edc91090773d750fea1cb97ac994ae4601361ee4d0e7","9e3cfb26befd3ef137c0edc91090773d750fea1cb97ac994ae4601361ee4d0e7","6775919e5f98582e907caa711815f4de4f50fb550e7487d13e245f17fe10df0d","e1e6f95da738de7ae3c673ebd66707e2ddf13c411afd72c6383fd375697398fa","11348"
"BUNDLE-MI350P-MI350P-SIGN-0163","MI350P","2","MI350P-SIGN-0163","数据/precision-paths.csv","precision_path_id","PPATH-M2W3-AMD-MI350P-BF16-MATRIX","审计/子代理交接/m2_staging/M2-W3-AMD-MI350P-CARD/structured/precision-paths.csv","0d5503c08689c455a1c7f43215889c7cc2e3c7a437a6afdcb1667b406d58681f","2633","draft","reviewed","","","","dfd5a582767e3570e962702910685870f4f3cff6c631849a718dce5e72fe491b","dfd5a582767e3570e962702910685870f4f3cff6c631849a718dce5e72fe491b","b71045ea80ec71e804907f023538ac4c9e137cc41df90d025080ff47e6413d7b","477cc547e061fd7fd2d418c38ee4c74eb56c17ec70df956666040fde04292431","23468"
"BUNDLE-MI350P-MI350P-SIGN-0164","MI350P","2","MI350P-SIGN-0164","数据/precision-paths.csv","precision_path_id","PPATH-M2W3-AMD-MI350P-FP16-MATRIX","审计/子代理交接/m2_staging/M2-W3-AMD-MI350P-CARD/structured/precision-paths.csv","0d5503c08689c455a1c7f43215889c7cc2e3c7a437a6afdcb1667b406d58681f","2633","draft","reviewed","","","","fb5719b85a95804ded818e2e3759a21ce4684f56bb2615a202c18e57a450717b","fb5719b85a95804ded818e2e3759a21ce4684f56bb2615a202c18e57a450717b","ce64e5a6795085cd515c779c5bcd4af89ecc05d4302596f0307bf97290b578e8","477cc547e061fd7fd2d418c38ee4c74eb56c17ec70df956666040fde04292431","23468"
"BUNDLE-MI350P-MI350P-SIGN-0165","MI350P","2","MI350P-SIGN-0165","数据/precision-paths.csv","precision_path_id","PPATH-M2W3-AMD-MI350P-FP16-VECTOR","审计/子代理交接/m2_staging/M2-W3-AMD-MI350P-CARD/structured/precision-paths.csv","0d5503c08689c455a1c7f43215889c7cc2e3c7a437a6afdcb1667b406d58681f","2633","draft","reviewed","","","","71ffd9a9e909a66099ea78559949516012d6f7e70d57e09d9b0c0745992377fe","71ffd9a9e909a66099ea78559949516012d6f7e70d57e09d9b0c0745992377fe","0b1ead7555159fadacdd35ff87f76c802ca08643c0fd01416a41d839de3efcf9","477cc547e061fd7fd2d418c38ee4c74eb56c17ec70df956666040fde04292431","23468"
"BUNDLE-MI350P-MI350P-SIGN-0166","MI350P","2","MI350P-SIGN-0166","数据/precision-paths.csv","precision_path_id","PPATH-M2W3-AMD-MI350P-FP32-MATRIX","审计/子代理交接/m2_staging/M2-W3-AMD-MI350P-CARD/structured/precision-paths.csv","0d5503c08689c455a1c7f43215889c7cc2e3c7a437a6afdcb1667b406d58681f","2633","draft","reviewed","","","","fc20ba3be4f345639cb3531a48f6a81b3117ff34ec6580b71b5a5e9b86fbcdda","fc20ba3be4f345639cb3531a48f6a81b3117ff34ec6580b71b5a5e9b86fbcdda","c6d6b6b72c2b9068ea04a24b3c68c87d8f7dec47a3bd8e45e715b5f69d2cf2bd","477cc547e061fd7fd2d418c38ee4c74eb56c17ec70df956666040fde04292431","23468"
"BUNDLE-MI350P-MI350P-SIGN-0167","MI350P","2","MI350P-SIGN-0167","数据/precision-paths.csv","precision_path_id","PPATH-M2W3-AMD-MI350P-FP32-VECTOR","审计/子代理交接/m2_staging/M2-W3-AMD-MI350P-CARD/structured/precision-paths.csv","0d5503c08689c455a1c7f43215889c7cc2e3c7a437a6afdcb1667b406d58681f","2633","draft","reviewed","","","","75de0282dd9132272ca0952119d0275ffab9658f4020ecf8c212970e6977be0d","75de0282dd9132272ca0952119d0275ffab9658f4020ecf8c212970e6977be0d","188b6e19cb7eb0c689d3bd9c9f7aa90449d1e440666cb8c4c44045b1af580936","477cc547e061fd7fd2d418c38ee4c74eb56c17ec70df956666040fde04292431","23468"
"BUNDLE-MI350P-MI350P-SIGN-0168","MI350P","2","MI350P-SIGN-0168","数据/precision-paths.csv","precision_path_id","PPATH-M2W3-AMD-MI350P-FP64-MATRIX","审计/子代理交接/m2_staging/M2-W3-AMD-MI350P-CARD/structured/precision-paths.csv","0d5503c08689c455a1c7f43215889c7cc2e3c7a437a6afdcb1667b406d58681f","2633","draft","reviewed","","","","e0e6e8ba827d6f95a40ed66a3e8474b96e22a985874e5836d91c6053261ca4ca","e0e6e8ba827d6f95a40ed66a3e8474b96e22a985874e5836d91c6053261ca4ca","87fec8f5b2abe36d88d8698664df4d3ec4fb5b4647eb18f4b985724e823c31d2","477cc547e061fd7fd2d418c38ee4c74eb56c17ec70df956666040fde04292431","23468"
"BUNDLE-MI350P-MI350P-SIGN-0169","MI350P","2","MI350P-SIGN-0169","数据/precision-paths.csv","precision_path_id","PPATH-M2W3-AMD-MI350P-FP64-VECTOR","审计/子代理交接/m2_staging/M2-W3-AMD-MI350P-CARD/structured/precision-paths.csv","0d5503c08689c455a1c7f43215889c7cc2e3c7a437a6afdcb1667b406d58681f","2633","draft","reviewed","","","","7095da76ed9850a112d1e14a8b853c9334269a04aea87ba4d1875918ba343adb","7095da76ed9850a112d1e14a8b853c9334269a04aea87ba4d1875918ba343adb","26ced9d6b5cbf6a170a78d2559ce4ee3a89c17b83b52e9a5b4794857beaf4d70","477cc547e061fd7fd2d418c38ee4c74eb56c17ec70df956666040fde04292431","23468"
"BUNDLE-MI350P-MI350P-SIGN-0170","MI350P","2","MI350P-SIGN-0170","数据/precision-paths.csv","precision_path_id","PPATH-M2W3-AMD-MI350P-INT8-MATRIX","审计/子代理交接/m2_staging/M2-W3-AMD-MI350P-CARD/structured/precision-paths.csv","0d5503c08689c455a1c7f43215889c7cc2e3c7a437a6afdcb1667b406d58681f","2633","draft","reviewed","","","","47ae7e99ca1d17312e6731a34487aac7913e5d793a7b756d307b2efad9ca3d8e","47ae7e99ca1d17312e6731a34487aac7913e5d793a7b756d307b2efad9ca3d8e","1b93a899223d17bb09223bb1b15b93829f865504f8e667de0b65d945dcb301b2","477cc547e061fd7fd2d418c38ee4c74eb56c17ec70df956666040fde04292431","23468"
"BUNDLE-MI350P-MI350P-SIGN-0171","MI350P","2","MI350P-SIGN-0171","数据/precision-paths.csv","precision_path_id","PPATH-M2W3-AMD-MI350P-MXFP4-MATRIX","审计/子代理交接/m2_staging/M2-W3-AMD-MI350P-CARD/structured/precision-paths.csv","0d5503c08689c455a1c7f43215889c7cc2e3c7a437a6afdcb1667b406d58681f","2633","draft","reviewed","","","","5608a5db5566e3cefd6014532203fd288a27621c97858e29c9c65c72dbb93cb4","5608a5db5566e3cefd6014532203fd288a27621c97858e29c9c65c72dbb93cb4","5490f45fd7a22874ecc37231bcaf41390c55a7ab27d556477212686a432080d5","477cc547e061fd7fd2d418c38ee4c74eb56c17ec70df956666040fde04292431","23468"
"BUNDLE-MI350P-MI350P-SIGN-0172","MI350P","2","MI350P-SIGN-0172","数据/precision-paths.csv","precision_path_id","PPATH-M2W3-AMD-MI350P-MXFP6-MATRIX","审计/子代理交接/m2_staging/M2-W3-AMD-MI350P-CARD/structured/precision-paths.csv","0d5503c08689c455a1c7f43215889c7cc2e3c7a437a6afdcb1667b406d58681f","2633","draft","reviewed","","","","afa679b4ecccf7ce4d9b3b85f56db98e145514b94f73354098a738f6b1fb2329","afa679b4ecccf7ce4d9b3b85f56db98e145514b94f73354098a738f6b1fb2329","5f61becf654544f06f6a7b561ae03c375591cae1da155ae7d2be58f8809ba5cd","477cc547e061fd7fd2d418c38ee4c74eb56c17ec70df956666040fde04292431","23468"
"BUNDLE-MI350P-MI350P-SIGN-0173","MI350P","2","MI350P-SIGN-0173","数据/precision-paths.csv","precision_path_id","PPATH-M2W3-AMD-MI350P-MXFP8-MATRIX","审计/子代理交接/m2_staging/M2-W3-AMD-MI350P-CARD/structured/precision-paths.csv","0d5503c08689c455a1c7f43215889c7cc2e3c7a437a6afdcb1667b406d58681f","2633","draft","reviewed","","","","049151772d4d4234e512bc6cbcc15b26d504260e6d33307ea549bad0ed0edf42","049151772d4d4234e512bc6cbcc15b26d504260e6d33307ea549bad0ed0edf42","160876a29ff2156dfb59e392556081ca3954211c7c82ec9a970619bc0f45a8dd","477cc547e061fd7fd2d418c38ee4c74eb56c17ec70df956666040fde04292431","23468"
"BUNDLE-MI350P-MI350P-SIGN-0174","MI350P","2","MI350P-SIGN-0174","数据/precision-paths.csv","precision_path_id","PPATH-M2W3-AMD-MI350P-OCP-FP8-MATRIX","审计/子代理交接/m2_staging/M2-W3-AMD-MI350P-CARD/structured/precision-paths.csv","0d5503c08689c455a1c7f43215889c7cc2e3c7a437a6afdcb1667b406d58681f","2633","draft","reviewed","","","","27eaccd256e8a7388ab10c3dbcf12af2418344b46d49935c60b3f5f67097308c","27eaccd256e8a7388ab10c3dbcf12af2418344b46d49935c60b3f5f67097308c","1a701cdcf0ffd3247c1286f23cac7e732da1d5cbca154db0e677fa20f13ac90e","477cc547e061fd7fd2d418c38ee4c74eb56c17ec70df956666040fde04292431","23468"
"BUNDLE-MI350P-MI350P-SIGN-0175","MI350P","2","MI350P-SIGN-0175","最小参考资料库/search-log.csv","search_id","SEARCH-M2W3-AMD-MI350P-ACCUMULATION","审计/子代理交接/m2_staging/M2-W3-AMD-MI350P-CARD/structured/search-log.csv","eafb21999d63fb2234ee1f35431c9c7f2a07bfb61e48e2af7c488b98e61a7ae8","6653","draft","reviewed","","","","3b63b5f6e85af061d80db22019b279fce5dc533dcf10a638c29062ed40ce270b","3b63b5f6e85af061d80db22019b279fce5dc533dcf10a638c29062ed40ce270b","e20ef543165f1dc516359ea84caea895b472b73306f58f7b5ce6d5f5a1fdeb92","f7c501584f0b685b26aaaa913a9fd975e4d94474a9fac38b95d74fe0513bc23d","114039"
"BUNDLE-MI350P-MI350P-SIGN-0176","MI350P","2","MI350P-SIGN-0176","最小参考资料库/search-log.csv","search_id","SEARCH-M2W3-AMD-MI350P-AVAILABILITY-DATE","审计/子代理交接/m2_staging/M2-W3-AMD-MI350P-CARD/structured/search-log.csv","eafb21999d63fb2234ee1f35431c9c7f2a07bfb61e48e2af7c488b98e61a7ae8","6653","draft","reviewed","","","","ba358aa8b4b678790ddc514d2dfa95c7d74629aab6d0b805252f68f72f316fe5","ba358aa8b4b678790ddc514d2dfa95c7d74629aab6d0b805252f68f72f316fe5","6416fee004ff5ebe90667ffc0f704d54a4db97a7b997aa9d738323c8c31bf990","f7c501584f0b685b26aaaa913a9fd975e4d94474a9fac38b95d74fe0513bc23d","114039"
"BUNDLE-MI350P-MI350P-SIGN-0177","MI350P","2","MI350P-SIGN-0177","最小参考资料库/search-log.csv","search_id","SEARCH-M2W3-AMD-MI350P-DIE-AREA","审计/子代理交接/m2_staging/M2-W3-AMD-MI350P-CARD/structured/search-log.csv","eafb21999d63fb2234ee1f35431c9c7f2a07bfb61e48e2af7c488b98e61a7ae8","6653","draft","reviewed","","","","ac953d5e51db341d6fe2098e3f906485f291b780d6896f7f8bfa5967b8dcbe5f","ac953d5e51db341d6fe2098e3f906485f291b780d6896f7f8bfa5967b8dcbe5f","f01ed07a531d6bda04784255336cdd1bef789f8f9811aaa5da59e00129df86e3","f7c501584f0b685b26aaaa913a9fd975e4d94474a9fac38b95d74fe0513bc23d","114039"
"BUNDLE-MI350P-MI350P-SIGN-0178","MI350P","2","MI350P-SIGN-0178","最小参考资料库/search-log.csv","search_id","SEARCH-M2W3-AMD-MI350P-HBM-STACKS","审计/子代理交接/m2_staging/M2-W3-AMD-MI350P-CARD/structured/search-log.csv","eafb21999d63fb2234ee1f35431c9c7f2a07bfb61e48e2af7c488b98e61a7ae8","6653","draft","reviewed","","","","8fc960aa5ad3cb265f976aebbdfb6628a448e219564772e503d9e6fe8b6cba6e","8fc960aa5ad3cb265f976aebbdfb6628a448e219564772e503d9e6fe8b6cba6e","62a2271aff1a10e3799c0071da975d4fc771576744415ca49cc15b4c516cbdfe","f7c501584f0b685b26aaaa913a9fd975e4d94474a9fac38b95d74fe0513bc23d","114039"
"BUNDLE-MI350P-MI350P-SIGN-0179","MI350P","2","MI350P-SIGN-0179","最小参考资料库/search-log.csv","search_id","SEARCH-M2W3-AMD-MI350P-OPERAND-A","审计/子代理交接/m2_staging/M2-W3-AMD-MI350P-CARD/structured/search-log.csv","eafb21999d63fb2234ee1f35431c9c7f2a07bfb61e48e2af7c488b98e61a7ae8","6653","draft","reviewed","","","","84abc5a4a2b826c7b407c66686b28bd88620d34212e659720b375f2707b39a2f","84abc5a4a2b826c7b407c66686b28bd88620d34212e659720b375f2707b39a2f","84f9b5432d93472fc8cf4f9644473c4e65bcf322ad9478a464d38e99ee5f3644","f7c501584f0b685b26aaaa913a9fd975e4d94474a9fac38b95d74fe0513bc23d","114039"
"BUNDLE-MI350P-MI350P-SIGN-0180","MI350P","2","MI350P-SIGN-0180","最小参考资料库/search-log.csv","search_id","SEARCH-M2W3-AMD-MI350P-OPERAND-B","审计/子代理交接/m2_staging/M2-W3-AMD-MI350P-CARD/structured/search-log.csv","eafb21999d63fb2234ee1f35431c9c7f2a07bfb61e48e2af7c488b98e61a7ae8","6653","draft","reviewed","","","","2974ad45413046452dcf980bd14963bdd23f331e1e14bad544fbfed35631af6b","2974ad45413046452dcf980bd14963bdd23f331e1e14bad544fbfed35631af6b","cb352d25943a4e6782f14ee538542e047967d29ac26e22b98696afead41c742d","f7c501584f0b685b26aaaa913a9fd975e4d94474a9fac38b95d74fe0513bc23d","114039"
"BUNDLE-MI350P-MI350P-SIGN-0181","MI350P","2","MI350P-SIGN-0181","最小参考资料库/search-log.csv","search_id","SEARCH-M2W3-AMD-MI350P-OUTPUT-FORMAT","审计/子代理交接/m2_staging/M2-W3-AMD-MI350P-CARD/structured/search-log.csv","eafb21999d63fb2234ee1f35431c9c7f2a07bfb61e48e2af7c488b98e61a7ae8","6653","draft","reviewed","","","","539a5cac3802b148200b8c8a90c1c1f45defc44f7bb2140c80632bd07619bd5a","539a5cac3802b148200b8c8a90c1c1f45defc44f7bb2140c80632bd07619bd5a","2ba7cfa111026353f9cd1efb93d7506983bf47af7928e3f311e8f723cab64c5a","f7c501584f0b685b26aaaa913a9fd975e4d94474a9fac38b95d74fe0513bc23d","114039"
"BUNDLE-MI350P-MI350P-SIGN-0182","MI350P","2","MI350P-SIGN-0182","最小参考资料库/search-log.csv","search_id","SEARCH-M2W3-AMD-MI350P-PHYSICAL-ACCUM","审计/子代理交接/m2_staging/M2-W3-AMD-MI350P-CARD/structured/search-log.csv","eafb21999d63fb2234ee1f35431c9c7f2a07bfb61e48e2af7c488b98e61a7ae8","6653","draft","reviewed","","","","c816a1d45a0fc65f74e6520c8be838b5d4ee84b249e26e3fe20615fe25fd466f","c816a1d45a0fc65f74e6520c8be838b5d4ee84b249e26e3fe20615fe25fd466f","e4a839e93889329b592874267828965467d0a4da7375d21f90059b0159c42b17","f7c501584f0b685b26aaaa913a9fd975e4d94474a9fac38b95d74fe0513bc23d","114039"
"BUNDLE-MI350P-MI350P-SIGN-0183","MI350P","2","MI350P-SIGN-0183","最小参考资料库/search-log.csv","search_id","SEARCH-M2W3-AMD-MI350P-PRODUCT-FORMAT","审计/子代理交接/m2_staging/M2-W3-AMD-MI350P-CARD/structured/search-log.csv","eafb21999d63fb2234ee1f35431c9c7f2a07bfb61e48e2af7c488b98e61a7ae8","6653","draft","reviewed","","","","93cc336730b1fa2bc97c7eee6a3775c9ed137b4048bcdf5469f8c1a526c26658","93cc336730b1fa2bc97c7eee6a3775c9ed137b4048bcdf5469f8c1a526c26658","d88ebfdbb76b50a32cec3e09e482b419fce53e737cc9e1282868ec9782264f98","f7c501584f0b685b26aaaa913a9fd975e4d94474a9fac38b95d74fe0513bc23d","114039"
"BUNDLE-MI350P-MI350P-SIGN-0184","MI350P","2","MI350P-SIGN-0184","最小参考资料库/search-log.csv","search_id","SEARCH-M2W3-AMD-MI350P-RELEASE-DATE","审计/子代理交接/m2_staging/M2-W3-AMD-MI350P-CARD/structured/search-log.csv","eafb21999d63fb2234ee1f35431c9c7f2a07bfb61e48e2af7c488b98e61a7ae8","6653","draft","reviewed","","","","5258e0a021a2299bb30b8abb613d930d02b756403a7a7fa1ce3c7889fd00e4fc","5258e0a021a2299bb30b8abb613d930d02b756403a7a7fa1ce3c7889fd00e4fc","2aa50225eb943899ca239547fc0f676bab4a8c4d1faf20316e78d9c715944ad3","f7c501584f0b685b26aaaa913a9fd975e4d94474a9fac38b95d74fe0513bc23d","114039"
"BUNDLE-MI350P-MI350P-SIGN-0185","MI350P","2","MI350P-SIGN-0185","最小参考资料库/search-log.csv","search_id","SEARCH-M2W3-AMD-MI350P-RUNTIME-VERSION","审计/子代理交接/m2_staging/M2-W3-AMD-MI350P-CARD/structured/search-log.csv","eafb21999d63fb2234ee1f35431c9c7f2a07bfb61e48e2af7c488b98e61a7ae8","6653","draft","reviewed","","","","159cac4d7d6cffadc69f3bfecdca1c6e97d1ce2f5313833a9897656ed513a099","159cac4d7d6cffadc69f3bfecdca1c6e97d1ce2f5313833a9897656ed513a099","5e4398f3d65a59c2bba4b1b83300a05d43ae4310353d32bf23b6b70984897cbf","f7c501584f0b685b26aaaa913a9fd975e4d94474a9fac38b95d74fe0513bc23d","114039"
"BUNDLE-MI350P-MI350P-SIGN-0186","MI350P","2","MI350P-SIGN-0186","最小参考资料库/search-log.csv","search_id","SEARCH-M2W3-AMD-MI350P-SPECIAL-IMPLEMENTATION","审计/子代理交接/m2_staging/M2-W3-AMD-MI350P-CARD/structured/search-log.csv","eafb21999d63fb2234ee1f35431c9c7f2a07bfb61e48e2af7c488b98e61a7ae8","6653","draft","reviewed","","","","4da5c462cff5c954c30fe8baee02e5790ae4e6e67ef332c322c393695f098490","4da5c462cff5c954c30fe8baee02e5790ae4e6e67ef332c322c393695f098490","b76672846afdf142fffe19552ee6f59174ffd567d7a62b854f376fe11c8112fe","f7c501584f0b685b26aaaa913a9fd975e4d94474a9fac38b95d74fe0513bc23d","114039"
"BUNDLE-MI350P-MI350P-SIGN-0187","MI350P","2","MI350P-SIGN-0187","最小参考资料库/search-results.csv","search_result_id","SRESULT-M2W3-AMD-MI350P-ACCUMULATION-BLOG","审计/子代理交接/m2_staging/M2-W3-AMD-MI350P-CARD/structured/search-results.csv","8195b1e6f36ee4ad4f4f124fd5e17131014e1d4d5c186aa71897405095784327","16331","draft","reviewed","","","","817554b861b66d191b7d39b1d33eb4c627735412e5a2c93e43fcf3a83f2537e9","817554b861b66d191b7d39b1d33eb4c627735412e5a2c93e43fcf3a83f2537e9","bc0ffac8f54547a138802f48c25ecfb5ad66bc716d9e97093780e7ebfbf06f9f","92aec74a85406ffa96c826348ffe298dba702639ecdf956160bf655db48cc40f","77301"
"BUNDLE-MI350P-MI350P-SIGN-0188","MI350P","2","MI350P-SIGN-0188","最小参考资料库/search-results.csv","search_result_id","SRESULT-M2W3-AMD-MI350P-ACCUMULATION-BROCHURE","审计/子代理交接/m2_staging/M2-W3-AMD-MI350P-CARD/structured/search-results.csv","8195b1e6f36ee4ad4f4f124fd5e17131014e1d4d5c186aa71897405095784327","16331","draft","reviewed","","","","40668119a824d2b982fb76d1b3a9901ad7df4f65d5d4b33ebdccc0a491217fa5","40668119a824d2b982fb76d1b3a9901ad7df4f65d5d4b33ebdccc0a491217fa5","17c7ed4fa4fa313a058eff1ce41f7bf3f78a3fc300f4feb114d104dca2e9a5e6","92aec74a85406ffa96c826348ffe298dba702639ecdf956160bf655db48cc40f","77301"
"BUNDLE-MI350P-MI350P-SIGN-0189","MI350P","2","MI350P-SIGN-0189","最小参考资料库/search-results.csv","search_result_id","SRESULT-M2W3-AMD-MI350P-ACCUMULATION-CDNA4-ISA","审计/子代理交接/m2_staging/M2-W3-AMD-MI350P-CARD/structured/search-results.csv","8195b1e6f36ee4ad4f4f124fd5e17131014e1d4d5c186aa71897405095784327","16331","draft","reviewed","","","","eaa77ee60703cc29839c0d576ffe71e26d9c079d856790983be61e1f717daa4a","eaa77ee60703cc29839c0d576ffe71e26d9c079d856790983be61e1f717daa4a","0e1d83700fca8f203e8a5a1b5b21d049fd5c234a7322b1b871ac4e76a772959c","92aec74a85406ffa96c826348ffe298dba702639ecdf956160bf655db48cc40f","77301"
"BUNDLE-MI350P-MI350P-SIGN-0190","MI350P","2","MI350P-SIGN-0190","最小参考资料库/search-results.csv","search_result_id","SRESULT-M2W3-AMD-MI350P-ACCUMULATION-CDNA4-WP","审计/子代理交接/m2_staging/M2-W3-AMD-MI350P-CARD/structured/search-results.csv","8195b1e6f36ee4ad4f4f124fd5e17131014e1d4d5c186aa71897405095784327","16331","draft","reviewed","","","","e64b3c55b14bc9ee0544ad3c237c2927ff364b6edc503f2f9ced728d90083548","e64b3c55b14bc9ee0544ad3c237c2927ff364b6edc503f2f9ced728d90083548","628c8a5a944e9471b26e5d90d9aa6b6838a67b488665ec84151819c26ede1704","92aec74a85406ffa96c826348ffe298dba702639ecdf956160bf655db48cc40f","77301"
"BUNDLE-MI350P-MI350P-SIGN-0191","MI350P","2","MI350P-SIGN-0191","最小参考资料库/search-results.csv","search_result_id","SRESULT-M2W3-AMD-MI350P-ACCUMULATION-PRODUCT","审计/子代理交接/m2_staging/M2-W3-AMD-MI350P-CARD/structured/search-results.csv","8195b1e6f36ee4ad4f4f124fd5e17131014e1d4d5c186aa71897405095784327","16331","draft","reviewed","","","","8b1a1d76a1e06a732772e9e47937cc4700584c2fc158e1bbb8dc1f41014adb60","8b1a1d76a1e06a732772e9e47937cc4700584c2fc158e1bbb8dc1f41014adb60","62b048822f58224b1ff61cb3a26ed0c9eec1c71cadd3adefc075e0a8e35be298","92aec74a85406ffa96c826348ffe298dba702639ecdf956160bf655db48cc40f","77301"
"BUNDLE-MI350P-MI350P-SIGN-0192","MI350P","2","MI350P-SIGN-0192","最小参考资料库/search-results.csv","search_result_id","SRESULT-M2W3-AMD-MI350P-AVAILABILITY-DATE-BLOG","审计/子代理交接/m2_staging/M2-W3-AMD-MI350P-CARD/structured/search-results.csv","8195b1e6f36ee4ad4f4f124fd5e17131014e1d4d5c186aa71897405095784327","16331","draft","reviewed","","","","0bf70b5393434aee7c38f58df4414e43c2d7341ba7c6b33ea176aff84ff47c4e","0bf70b5393434aee7c38f58df4414e43c2d7341ba7c6b33ea176aff84ff47c4e","93ba11fab54c624f92486208f50cc1d83fad9e2e3ce108d11b906a117a51f2c2","92aec74a85406ffa96c826348ffe298dba702639ecdf956160bf655db48cc40f","77301"
"BUNDLE-MI350P-MI350P-SIGN-0193","MI350P","2","MI350P-SIGN-0193","最小参考资料库/search-results.csv","search_result_id","SRESULT-M2W3-AMD-MI350P-AVAILABILITY-DATE-BROCHURE","审计/子代理交接/m2_staging/M2-W3-AMD-MI350P-CARD/structured/search-results.csv","8195b1e6f36ee4ad4f4f124fd5e17131014e1d4d5c186aa71897405095784327","16331","draft","reviewed","","","","5f78e8def8f10abfb68826bd29de2393c41849d003ff94e56fef844705cd34c9","5f78e8def8f10abfb68826bd29de2393c41849d003ff94e56fef844705cd34c9","c88bcb27953cda73598fa4cadc10c19e670a733c646d7f559750f347a8927f07","92aec74a85406ffa96c826348ffe298dba702639ecdf956160bf655db48cc40f","77301"
"BUNDLE-MI350P-MI350P-SIGN-0194","MI350P","2","MI350P-SIGN-0194","最小参考资料库/search-results.csv","search_result_id","SRESULT-M2W3-AMD-MI350P-AVAILABILITY-DATE-PRODUCT","审计/子代理交接/m2_staging/M2-W3-AMD-MI350P-CARD/structured/search-results.csv","8195b1e6f36ee4ad4f4f124fd5e17131014e1d4d5c186aa71897405095784327","16331","draft","reviewed","","","","40282affba5219f0604da279bf0826ee08cdd61671687cd9ec7730f8f30bec5e","40282affba5219f0604da279bf0826ee08cdd61671687cd9ec7730f8f30bec5e","b3539b1d7c8f1f0da926ed9c9ea46c6f3082000a7160a805fa6e5396738089ce","92aec74a85406ffa96c826348ffe298dba702639ecdf956160bf655db48cc40f","77301"
"BUNDLE-MI350P-MI350P-SIGN-0195","MI350P","2","MI350P-SIGN-0195","最小参考资料库/search-results.csv","search_result_id","SRESULT-M2W3-AMD-MI350P-DIE-AREA-BLOG","审计/子代理交接/m2_staging/M2-W3-AMD-MI350P-CARD/structured/search-results.csv","8195b1e6f36ee4ad4f4f124fd5e17131014e1d4d5c186aa71897405095784327","16331","draft","reviewed","","","","b5549840d1be6d2b996ccceba09395b5cb85e8c9dc14fafb90a0bf1eb313dff8","b5549840d1be6d2b996ccceba09395b5cb85e8c9dc14fafb90a0bf1eb313dff8","abeb68ff39247a121a1257cd4e2f3e32aedd1754e528b09359cf3b43d3f9d8b0","92aec74a85406ffa96c826348ffe298dba702639ecdf956160bf655db48cc40f","77301"
"BUNDLE-MI350P-MI350P-SIGN-0196","MI350P","2","MI350P-SIGN-0196","最小参考资料库/search-results.csv","search_result_id","SRESULT-M2W3-AMD-MI350P-DIE-AREA-BROCHURE","审计/子代理交接/m2_staging/M2-W3-AMD-MI350P-CARD/structured/search-results.csv","8195b1e6f36ee4ad4f4f124fd5e17131014e1d4d5c186aa71897405095784327","16331","draft","reviewed","","","","5fc36620f30ace6c190da2305c91fdb8f9cd2657cbacebc2d73b37aaf46c12d0","5fc36620f30ace6c190da2305c91fdb8f9cd2657cbacebc2d73b37aaf46c12d0","4a70dc99edd8e8155016ae137377a9c8ec80199fe53d1901e7c797a3b023ead2","92aec74a85406ffa96c826348ffe298dba702639ecdf956160bf655db48cc40f","77301"
"BUNDLE-MI350P-MI350P-SIGN-0197","MI350P","2","MI350P-SIGN-0197","最小参考资料库/search-results.csv","search_result_id","SRESULT-M2W3-AMD-MI350P-DIE-AREA-CDNA4-ISA","审计/子代理交接/m2_staging/M2-W3-AMD-MI350P-CARD/structured/search-results.csv","8195b1e6f36ee4ad4f4f124fd5e17131014e1d4d5c186aa71897405095784327","16331","draft","reviewed","","","","061fffbd1af9fec873300910cc78324b438761ee8760c66e1126ed17c532ff95","061fffbd1af9fec873300910cc78324b438761ee8760c66e1126ed17c532ff95","e774b46220e77a3bebf06d33db621da8ab723829107aa6094c0f4009e5399ee7","92aec74a85406ffa96c826348ffe298dba702639ecdf956160bf655db48cc40f","77301"
"BUNDLE-MI350P-MI350P-SIGN-0198","MI350P","2","MI350P-SIGN-0198","最小参考资料库/search-results.csv","search_result_id","SRESULT-M2W3-AMD-MI350P-DIE-AREA-CDNA4-WP","审计/子代理交接/m2_staging/M2-W3-AMD-MI350P-CARD/structured/search-results.csv","8195b1e6f36ee4ad4f4f124fd5e17131014e1d4d5c186aa71897405095784327","16331","draft","reviewed","","","","c093765ad07c4c4b71d4e070679d6444f0e32561ecc68000a2abcbbc98d57465","c093765ad07c4c4b71d4e070679d6444f0e32561ecc68000a2abcbbc98d57465","a4808a45c5679ba20bff8f4a0269849dfe07259878a4939dc18a8adacd0477a3","92aec74a85406ffa96c826348ffe298dba702639ecdf956160bf655db48cc40f","77301"
"BUNDLE-MI350P-MI350P-SIGN-0199","MI350P","2","MI350P-SIGN-0199","最小参考资料库/search-results.csv","search_result_id","SRESULT-M2W3-AMD-MI350P-DIE-AREA-PRODUCT","审计/子代理交接/m2_staging/M2-W3-AMD-MI350P-CARD/structured/search-results.csv","8195b1e6f36ee4ad4f4f124fd5e17131014e1d4d5c186aa71897405095784327","16331","draft","reviewed","","","","fccce6d6af571a772e3cd51da982b2febebba05bc873d0cb1104d13411a4e0d7","fccce6d6af571a772e3cd51da982b2febebba05bc873d0cb1104d13411a4e0d7","c4b2f17f54605a3c11872ab448caa2f3a2d829d8747db8553dce3a67f333feb3","92aec74a85406ffa96c826348ffe298dba702639ecdf956160bf655db48cc40f","77301"
"BUNDLE-MI350P-MI350P-SIGN-0200","MI350P","2","MI350P-SIGN-0200","最小参考资料库/search-results.csv","search_result_id","SRESULT-M2W3-AMD-MI350P-HBM-STACKS-BLOG","审计/子代理交接/m2_staging/M2-W3-AMD-MI350P-CARD/structured/search-results.csv","8195b1e6f36ee4ad4f4f124fd5e17131014e1d4d5c186aa71897405095784327","16331","draft","reviewed","","","","a719e17da42d46c175b5b91bd853e99afe5d6da18bfb3e732b08025a356869df","a719e17da42d46c175b5b91bd853e99afe5d6da18bfb3e732b08025a356869df","370953d1a85196892bf3409c6e0035a0f7e0d1476333b9980dcd2477aaba7065","92aec74a85406ffa96c826348ffe298dba702639ecdf956160bf655db48cc40f","77301"
"BUNDLE-MI350P-MI350P-SIGN-0201","MI350P","2","MI350P-SIGN-0201","最小参考资料库/search-results.csv","search_result_id","SRESULT-M2W3-AMD-MI350P-HBM-STACKS-BROCHURE","审计/子代理交接/m2_staging/M2-W3-AMD-MI350P-CARD/structured/search-results.csv","8195b1e6f36ee4ad4f4f124fd5e17131014e1d4d5c186aa71897405095784327","16331","draft","reviewed","","","","fde5d4ca9031318e99f16fced91dba66517b61820b1e988d05e687a875233311","fde5d4ca9031318e99f16fced91dba66517b61820b1e988d05e687a875233311","122805b3b9457c770e0a1fefefe6e142de3376fc86a177ae066ae41635212104","92aec74a85406ffa96c826348ffe298dba702639ecdf956160bf655db48cc40f","77301"
"BUNDLE-MI350P-MI350P-SIGN-0202","MI350P","2","MI350P-SIGN-0202","最小参考资料库/search-results.csv","search_result_id","SRESULT-M2W3-AMD-MI350P-HBM-STACKS-CDNA4-ISA","审计/子代理交接/m2_staging/M2-W3-AMD-MI350P-CARD/structured/search-results.csv","8195b1e6f36ee4ad4f4f124fd5e17131014e1d4d5c186aa71897405095784327","16331","draft","reviewed","","","","200bf79f432c350594437385821ab52aeb90e19ab086e883efe6b6ecc8329cb9","200bf79f432c350594437385821ab52aeb90e19ab086e883efe6b6ecc8329cb9","37a47d7ce534c29bd03ea54fc1d1b9a21e3cb938c0e474d16eceecdba5baddc3","92aec74a85406ffa96c826348ffe298dba702639ecdf956160bf655db48cc40f","77301"
"BUNDLE-MI350P-MI350P-SIGN-0203","MI350P","2","MI350P-SIGN-0203","最小参考资料库/search-results.csv","search_result_id","SRESULT-M2W3-AMD-MI350P-HBM-STACKS-CDNA4-WP","审计/子代理交接/m2_staging/M2-W3-AMD-MI350P-CARD/structured/search-results.csv","8195b1e6f36ee4ad4f4f124fd5e17131014e1d4d5c186aa71897405095784327","16331","draft","reviewed","","","","f0a5db32806878360d9278663c7943be3d5bc465639d9e86d7d5bde98af06ffb","f0a5db32806878360d9278663c7943be3d5bc465639d9e86d7d5bde98af06ffb","e469db594286925624465ceb1738595a4a5b87b15784de4cc2cc325431c4a1f2","92aec74a85406ffa96c826348ffe298dba702639ecdf956160bf655db48cc40f","77301"
"BUNDLE-MI350P-MI350P-SIGN-0204","MI350P","2","MI350P-SIGN-0204","最小参考资料库/search-results.csv","search_result_id","SRESULT-M2W3-AMD-MI350P-HBM-STACKS-PRODUCT","审计/子代理交接/m2_staging/M2-W3-AMD-MI350P-CARD/structured/search-results.csv","8195b1e6f36ee4ad4f4f124fd5e17131014e1d4d5c186aa71897405095784327","16331","draft","reviewed","","","","4ad309081a487fc6ed40221ede8e922d535508d043399627e1262072d2ab5b45","4ad309081a487fc6ed40221ede8e922d535508d043399627e1262072d2ab5b45","161779b609ceaddda5a4002c55605a66ad20d00d171835ba24cd0ce18df0e60c","92aec74a85406ffa96c826348ffe298dba702639ecdf956160bf655db48cc40f","77301"
"BUNDLE-MI350P-MI350P-SIGN-0205","MI350P","2","MI350P-SIGN-0205","最小参考资料库/search-results.csv","search_result_id","SRESULT-M2W3-AMD-MI350P-OPERAND-A-BLOG","审计/子代理交接/m2_staging/M2-W3-AMD-MI350P-CARD/structured/search-results.csv","8195b1e6f36ee4ad4f4f124fd5e17131014e1d4d5c186aa71897405095784327","16331","draft","reviewed","","","","1f75a9771c206feb50824fec5f0d468f7c82ea0fbbc9db2a55f8b67b206c3abb","1f75a9771c206feb50824fec5f0d468f7c82ea0fbbc9db2a55f8b67b206c3abb","ebaf4bb53f3d7e4cfd7392908bc7bba4900ea00102c509f4da250179c581b011","92aec74a85406ffa96c826348ffe298dba702639ecdf956160bf655db48cc40f","77301"
"BUNDLE-MI350P-MI350P-SIGN-0206","MI350P","2","MI350P-SIGN-0206","最小参考资料库/search-results.csv","search_result_id","SRESULT-M2W3-AMD-MI350P-OPERAND-A-BROCHURE","审计/子代理交接/m2_staging/M2-W3-AMD-MI350P-CARD/structured/search-results.csv","8195b1e6f36ee4ad4f4f124fd5e17131014e1d4d5c186aa71897405095784327","16331","draft","reviewed","","","","b960ee68220b81a459008d31f6f253dc839e49e2ad06cc5404ad52c5333fd7fc","b960ee68220b81a459008d31f6f253dc839e49e2ad06cc5404ad52c5333fd7fc","e2cd0550de167359f7f7bb72c5aee39cd646bc2d78c3eea5b7fecd9d67380885","92aec74a85406ffa96c826348ffe298dba702639ecdf956160bf655db48cc40f","77301"
"BUNDLE-MI350P-MI350P-SIGN-0207","MI350P","2","MI350P-SIGN-0207","最小参考资料库/search-results.csv","search_result_id","SRESULT-M2W3-AMD-MI350P-OPERAND-A-CDNA4-ISA","审计/子代理交接/m2_staging/M2-W3-AMD-MI350P-CARD/structured/search-results.csv","8195b1e6f36ee4ad4f4f124fd5e17131014e1d4d5c186aa71897405095784327","16331","draft","reviewed","","","","5a4e88e1ebaabfb75404742316e3f86132f4165053d281d105bb23a7d3f641b6","5a4e88e1ebaabfb75404742316e3f86132f4165053d281d105bb23a7d3f641b6","e9d82c36eda5fea1fc1cc46f8711c0e8b7590bdff2a878f9dd15cc9e6294394b","92aec74a85406ffa96c826348ffe298dba702639ecdf956160bf655db48cc40f","77301"
"BUNDLE-MI350P-MI350P-SIGN-0208","MI350P","2","MI350P-SIGN-0208","最小参考资料库/search-results.csv","search_result_id","SRESULT-M2W3-AMD-MI350P-OPERAND-A-CDNA4-WP","审计/子代理交接/m2_staging/M2-W3-AMD-MI350P-CARD/structured/search-results.csv","8195b1e6f36ee4ad4f4f124fd5e17131014e1d4d5c186aa71897405095784327","16331","draft","reviewed","","","","cf4cf5f8e8b4766d0ec05ec6acbb4d8d8707bb9e7b78395c8487dc080385d4c2","cf4cf5f8e8b4766d0ec05ec6acbb4d8d8707bb9e7b78395c8487dc080385d4c2","2d796d99d3ce74df3248444c7f2d81d4ade48f5d7b5e9359083f4cf18e3ac93a","92aec74a85406ffa96c826348ffe298dba702639ecdf956160bf655db48cc40f","77301"
"BUNDLE-MI350P-MI350P-SIGN-0209","MI350P","2","MI350P-SIGN-0209","最小参考资料库/search-results.csv","search_result_id","SRESULT-M2W3-AMD-MI350P-OPERAND-A-PRODUCT","审计/子代理交接/m2_staging/M2-W3-AMD-MI350P-CARD/structured/search-results.csv","8195b1e6f36ee4ad4f4f124fd5e17131014e1d4d5c186aa71897405095784327","16331","draft","reviewed","","","","6904b425897a8f36716ef91f7b189e068ccbaf8acbde822073759fa549fa9135","6904b425897a8f36716ef91f7b189e068ccbaf8acbde822073759fa549fa9135","7af862451018b52133f053cb1eb48f4644d6699d4d2516ecc868a374c8a37d50","92aec74a85406ffa96c826348ffe298dba702639ecdf956160bf655db48cc40f","77301"
"BUNDLE-MI350P-MI350P-SIGN-0210","MI350P","2","MI350P-SIGN-0210","最小参考资料库/search-results.csv","search_result_id","SRESULT-M2W3-AMD-MI350P-OPERAND-B-BLOG","审计/子代理交接/m2_staging/M2-W3-AMD-MI350P-CARD/structured/search-results.csv","8195b1e6f36ee4ad4f4f124fd5e17131014e1d4d5c186aa71897405095784327","16331","draft","reviewed","","","","f03a2309265ae875b6dafbc4aed2819d500fbfe05a7b3eeda055c61207ea2e81","f03a2309265ae875b6dafbc4aed2819d500fbfe05a7b3eeda055c61207ea2e81","70583f0cd7da33e6f237e147c5a35ef639b1ccb7b2dec5d9d0a0eff7e3d09982","92aec74a85406ffa96c826348ffe298dba702639ecdf956160bf655db48cc40f","77301"
"BUNDLE-MI350P-MI350P-SIGN-0211","MI350P","2","MI350P-SIGN-0211","最小参考资料库/search-results.csv","search_result_id","SRESULT-M2W3-AMD-MI350P-OPERAND-B-BROCHURE","审计/子代理交接/m2_staging/M2-W3-AMD-MI350P-CARD/structured/search-results.csv","8195b1e6f36ee4ad4f4f124fd5e17131014e1d4d5c186aa71897405095784327","16331","draft","reviewed","","","","ef721aacad35c1319435273af28816095b046a7a81dc476a3126e43d55be2ace","ef721aacad35c1319435273af28816095b046a7a81dc476a3126e43d55be2ace","67691150f518e37ed99ebfdbf2f098211194c80eb6f845b8866582949f4c0f4e","92aec74a85406ffa96c826348ffe298dba702639ecdf956160bf655db48cc40f","77301"
"BUNDLE-MI350P-MI350P-SIGN-0212","MI350P","2","MI350P-SIGN-0212","最小参考资料库/search-results.csv","search_result_id","SRESULT-M2W3-AMD-MI350P-OPERAND-B-CDNA4-ISA","审计/子代理交接/m2_staging/M2-W3-AMD-MI350P-CARD/structured/search-results.csv","8195b1e6f36ee4ad4f4f124fd5e17131014e1d4d5c186aa71897405095784327","16331","draft","reviewed","","","","af743b49adff23b47ef9a02fddb3f18bbbabd6b9e9a652e55ac1f407b6a139b7","af743b49adff23b47ef9a02fddb3f18bbbabd6b9e9a652e55ac1f407b6a139b7","caca18312701012efde4263c56c60eaec58c5eb57726a6889efb4140183bb9d6","92aec74a85406ffa96c826348ffe298dba702639ecdf956160bf655db48cc40f","77301"
"BUNDLE-MI350P-MI350P-SIGN-0213","MI350P","2","MI350P-SIGN-0213","最小参考资料库/search-results.csv","search_result_id","SRESULT-M2W3-AMD-MI350P-OPERAND-B-CDNA4-WP","审计/子代理交接/m2_staging/M2-W3-AMD-MI350P-CARD/structured/search-results.csv","8195b1e6f36ee4ad4f4f124fd5e17131014e1d4d5c186aa71897405095784327","16331","draft","reviewed","","","","22ee411b8d5ee62f33f35320e8c41d426d37feb02a59c2d78772e985cfeb1dc1","22ee411b8d5ee62f33f35320e8c41d426d37feb02a59c2d78772e985cfeb1dc1","f337c24a8d4dfef81dcbccf9452dac677e8a72ff9731cc7ad272e789bf914273","92aec74a85406ffa96c826348ffe298dba702639ecdf956160bf655db48cc40f","77301"
"BUNDLE-MI350P-MI350P-SIGN-0214","MI350P","2","MI350P-SIGN-0214","最小参考资料库/search-results.csv","search_result_id","SRESULT-M2W3-AMD-MI350P-OPERAND-B-PRODUCT","审计/子代理交接/m2_staging/M2-W3-AMD-MI350P-CARD/structured/search-results.csv","8195b1e6f36ee4ad4f4f124fd5e17131014e1d4d5c186aa71897405095784327","16331","draft","reviewed","","","","d9371962cbeb67b5ef5e9b09f5141838c85ed892e8ba9ea6b333002f93a1e6fe","d9371962cbeb67b5ef5e9b09f5141838c85ed892e8ba9ea6b333002f93a1e6fe","3ca49cb035ba482578e93d7195415b5ce7c22f262c4f04913b59e2bba88524c1","92aec74a85406ffa96c826348ffe298dba702639ecdf956160bf655db48cc40f","77301"
"BUNDLE-MI350P-MI350P-SIGN-0215","MI350P","2","MI350P-SIGN-0215","最小参考资料库/search-results.csv","search_result_id","SRESULT-M2W3-AMD-MI350P-OUTPUT-FORMAT-BLOG","审计/子代理交接/m2_staging/M2-W3-AMD-MI350P-CARD/structured/search-results.csv","8195b1e6f36ee4ad4f4f124fd5e17131014e1d4d5c186aa71897405095784327","16331","draft","reviewed","","","","e917c2b3586efb028cec75315bd595c00f42fefbffd52b2fd0873f26947dcb45","e917c2b3586efb028cec75315bd595c00f42fefbffd52b2fd0873f26947dcb45","e7371bbc6fc43db0c6854b8ec0337eacaecb602c797b5f2a2fc532a9889e5c1f","92aec74a85406ffa96c826348ffe298dba702639ecdf956160bf655db48cc40f","77301"
"BUNDLE-MI350P-MI350P-SIGN-0216","MI350P","2","MI350P-SIGN-0216","最小参考资料库/search-results.csv","search_result_id","SRESULT-M2W3-AMD-MI350P-OUTPUT-FORMAT-BROCHURE","审计/子代理交接/m2_staging/M2-W3-AMD-MI350P-CARD/structured/search-results.csv","8195b1e6f36ee4ad4f4f124fd5e17131014e1d4d5c186aa71897405095784327","16331","draft","reviewed","","","","5f7823d47fc3722de846e472338e74c73c92203912ec575a80dcc83ce5d3a7bb","5f7823d47fc3722de846e472338e74c73c92203912ec575a80dcc83ce5d3a7bb","8fad6ab879e5f27ef4c6e7bf8d20d70d80cb3d0f27429d7d59ff8b1c04caf69a","92aec74a85406ffa96c826348ffe298dba702639ecdf956160bf655db48cc40f","77301"
"BUNDLE-MI350P-MI350P-SIGN-0217","MI350P","2","MI350P-SIGN-0217","最小参考资料库/search-results.csv","search_result_id","SRESULT-M2W3-AMD-MI350P-OUTPUT-FORMAT-CDNA4-ISA","审计/子代理交接/m2_staging/M2-W3-AMD-MI350P-CARD/structured/search-results.csv","8195b1e6f36ee4ad4f4f124fd5e17131014e1d4d5c186aa71897405095784327","16331","draft","reviewed","","","","94b6d36872235099b43b7ab7d0d67dd0c14fbc8cbee81827afcb19417c087ba8","94b6d36872235099b43b7ab7d0d67dd0c14fbc8cbee81827afcb19417c087ba8","b11ebcfc67c2cc2b2b8b7b001bc5a3552f10a74c56e824d50ce30207d5614e50","92aec74a85406ffa96c826348ffe298dba702639ecdf956160bf655db48cc40f","77301"
"BUNDLE-MI350P-MI350P-SIGN-0218","MI350P","2","MI350P-SIGN-0218","最小参考资料库/search-results.csv","search_result_id","SRESULT-M2W3-AMD-MI350P-OUTPUT-FORMAT-CDNA4-WP","审计/子代理交接/m2_staging/M2-W3-AMD-MI350P-CARD/structured/search-results.csv","8195b1e6f36ee4ad4f4f124fd5e17131014e1d4d5c186aa71897405095784327","16331","draft","reviewed","","","","5deb0f2d3f95e34a5e7adcc7aa3697969b4914a20d03c6b105bae70206d9e311","5deb0f2d3f95e34a5e7adcc7aa3697969b4914a20d03c6b105bae70206d9e311","51a2b2131af45510937d9a091b5e14fe941e13fb1f80584097c06783245595e2","92aec74a85406ffa96c826348ffe298dba702639ecdf956160bf655db48cc40f","77301"
"BUNDLE-MI350P-MI350P-SIGN-0219","MI350P","2","MI350P-SIGN-0219","最小参考资料库/search-results.csv","search_result_id","SRESULT-M2W3-AMD-MI350P-OUTPUT-FORMAT-PRODUCT","审计/子代理交接/m2_staging/M2-W3-AMD-MI350P-CARD/structured/search-results.csv","8195b1e6f36ee4ad4f4f124fd5e17131014e1d4d5c186aa71897405095784327","16331","draft","reviewed","","","","5073da8a579d66fe5b65f157ce7188751701e2fbb464676903d3b22bb8c5eada","5073da8a579d66fe5b65f157ce7188751701e2fbb464676903d3b22bb8c5eada","098502749ec3fcd0fc4de601b45b003307ba37e38ccf68055178936d2a76d587","92aec74a85406ffa96c826348ffe298dba702639ecdf956160bf655db48cc40f","77301"
"BUNDLE-MI350P-MI350P-SIGN-0220","MI350P","2","MI350P-SIGN-0220","最小参考资料库/search-results.csv","search_result_id","SRESULT-M2W3-AMD-MI350P-PHYSICAL-ACCUM-BLOG","审计/子代理交接/m2_staging/M2-W3-AMD-MI350P-CARD/structured/search-results.csv","8195b1e6f36ee4ad4f4f124fd5e17131014e1d4d5c186aa71897405095784327","16331","draft","reviewed","","","","517a02b69021fd7e54faacfb3a18f99dfc7c37ffcd7c3e4f9c5bff46394bfb69","517a02b69021fd7e54faacfb3a18f99dfc7c37ffcd7c3e4f9c5bff46394bfb69","22066b3aeab4e859317eac454dbc9d6436ae3a892144ddca77c35d97762febf7","92aec74a85406ffa96c826348ffe298dba702639ecdf956160bf655db48cc40f","77301"
"BUNDLE-MI350P-MI350P-SIGN-0221","MI350P","2","MI350P-SIGN-0221","最小参考资料库/search-results.csv","search_result_id","SRESULT-M2W3-AMD-MI350P-PHYSICAL-ACCUM-BROCHURE","审计/子代理交接/m2_staging/M2-W3-AMD-MI350P-CARD/structured/search-results.csv","8195b1e6f36ee4ad4f4f124fd5e17131014e1d4d5c186aa71897405095784327","16331","draft","reviewed","","","","2d1a7f73032b9daa9fed2c1129cac2c93495171da0f00f2b82f3b7fe4db7025e","2d1a7f73032b9daa9fed2c1129cac2c93495171da0f00f2b82f3b7fe4db7025e","8c1565bde36f79851f0e0255ecc6c95aa538a5a9f85d2a36cb8e22eb7a84bfd4","92aec74a85406ffa96c826348ffe298dba702639ecdf956160bf655db48cc40f","77301"
"BUNDLE-MI350P-MI350P-SIGN-0222","MI350P","2","MI350P-SIGN-0222","最小参考资料库/search-results.csv","search_result_id","SRESULT-M2W3-AMD-MI350P-PHYSICAL-ACCUM-CDNA4-ISA","审计/子代理交接/m2_staging/M2-W3-AMD-MI350P-CARD/structured/search-results.csv","8195b1e6f36ee4ad4f4f124fd5e17131014e1d4d5c186aa71897405095784327","16331","draft","reviewed","","","","44e89455f58a67c2b18227deca1f4433d64c20b8a0997dc481dd1ef62e6c005a","44e89455f58a67c2b18227deca1f4433d64c20b8a0997dc481dd1ef62e6c005a","c2999c32579322e82bad02c87426d8b34164f092758babb642e68cded82b3237","92aec74a85406ffa96c826348ffe298dba702639ecdf956160bf655db48cc40f","77301"
"BUNDLE-MI350P-MI350P-SIGN-0223","MI350P","2","MI350P-SIGN-0223","最小参考资料库/search-results.csv","search_result_id","SRESULT-M2W3-AMD-MI350P-PHYSICAL-ACCUM-CDNA4-WP","审计/子代理交接/m2_staging/M2-W3-AMD-MI350P-CARD/structured/search-results.csv","8195b1e6f36ee4ad4f4f124fd5e17131014e1d4d5c186aa71897405095784327","16331","draft","reviewed","","","","02a4becaa69f7273fb3e4fe47d8c74cd72fdaef6dfa6645d74ec692f7f04f5db","02a4becaa69f7273fb3e4fe47d8c74cd72fdaef6dfa6645d74ec692f7f04f5db","c26cc2c9a3f3a24d3ea101e9e22ae7522cf9ffcabb2966bd0b83cc77407eb5f8","92aec74a85406ffa96c826348ffe298dba702639ecdf956160bf655db48cc40f","77301"
"BUNDLE-MI350P-MI350P-SIGN-0224","MI350P","2","MI350P-SIGN-0224","最小参考资料库/search-results.csv","search_result_id","SRESULT-M2W3-AMD-MI350P-PHYSICAL-ACCUM-PRODUCT","审计/子代理交接/m2_staging/M2-W3-AMD-MI350P-CARD/structured/search-results.csv","8195b1e6f36ee4ad4f4f124fd5e17131014e1d4d5c186aa71897405095784327","16331","draft","reviewed","","","","836175002bcf754aa460d706bd89064a82be345b715bc717af2215a6ebac8e06","836175002bcf754aa460d706bd89064a82be345b715bc717af2215a6ebac8e06","c025b26276933cb8d52e72f8ad1de8cb5c0b6d56990b55775f763712dc405444","92aec74a85406ffa96c826348ffe298dba702639ecdf956160bf655db48cc40f","77301"
"BUNDLE-MI350P-MI350P-SIGN-0225","MI350P","2","MI350P-SIGN-0225","最小参考资料库/search-results.csv","search_result_id","SRESULT-M2W3-AMD-MI350P-PRODUCT-FORMAT-BLOG","审计/子代理交接/m2_staging/M2-W3-AMD-MI350P-CARD/structured/search-results.csv","8195b1e6f36ee4ad4f4f124fd5e17131014e1d4d5c186aa71897405095784327","16331","draft","reviewed","","","","d88aaaf8d6ee335445eefcf168e630ad126c56f6d65f01fe83dbb6c6bdef4824","d88aaaf8d6ee335445eefcf168e630ad126c56f6d65f01fe83dbb6c6bdef4824","bc841d8c8084959d65109d820d195d5cefa44e9207ea804d38eb81d67d919b77","92aec74a85406ffa96c826348ffe298dba702639ecdf956160bf655db48cc40f","77301"
"BUNDLE-MI350P-MI350P-SIGN-0226","MI350P","2","MI350P-SIGN-0226","最小参考资料库/search-results.csv","search_result_id","SRESULT-M2W3-AMD-MI350P-PRODUCT-FORMAT-BROCHURE","审计/子代理交接/m2_staging/M2-W3-AMD-MI350P-CARD/structured/search-results.csv","8195b1e6f36ee4ad4f4f124fd5e17131014e1d4d5c186aa71897405095784327","16331","draft","reviewed","","","","dbbfa532a8208196f1726639ad5832faa7569d1e826124efe0ecb075b6b19056","dbbfa532a8208196f1726639ad5832faa7569d1e826124efe0ecb075b6b19056","b0be600d90eb7ff5ddbdec420452c44c73d6f835e7d3aebad926cac22ce706e8","92aec74a85406ffa96c826348ffe298dba702639ecdf956160bf655db48cc40f","77301"
"BUNDLE-MI350P-MI350P-SIGN-0227","MI350P","2","MI350P-SIGN-0227","最小参考资料库/search-results.csv","search_result_id","SRESULT-M2W3-AMD-MI350P-PRODUCT-FORMAT-CDNA4-ISA","审计/子代理交接/m2_staging/M2-W3-AMD-MI350P-CARD/structured/search-results.csv","8195b1e6f36ee4ad4f4f124fd5e17131014e1d4d5c186aa71897405095784327","16331","draft","reviewed","","","","56867f4727d58885a79eb7781912a7f6c6e5241a6b1bb64a8e3f88ab8a5044c6","56867f4727d58885a79eb7781912a7f6c6e5241a6b1bb64a8e3f88ab8a5044c6","ed8c5aa6c75fda3ddb044543aac8bd5ca2edc9e4672b335204b2364c8477b05b","92aec74a85406ffa96c826348ffe298dba702639ecdf956160bf655db48cc40f","77301"
"BUNDLE-MI350P-MI350P-SIGN-0228","MI350P","2","MI350P-SIGN-0228","最小参考资料库/search-results.csv","search_result_id","SRESULT-M2W3-AMD-MI350P-PRODUCT-FORMAT-CDNA4-WP","审计/子代理交接/m2_staging/M2-W3-AMD-MI350P-CARD/structured/search-results.csv","8195b1e6f36ee4ad4f4f124fd5e17131014e1d4d5c186aa71897405095784327","16331","draft","reviewed","","","","a5404f587a09c9a53d21febc25ecedd66a142bbfa03b51d0cd9334e528d421eb","a5404f587a09c9a53d21febc25ecedd66a142bbfa03b51d0cd9334e528d421eb","2bf33eacd00d26e0a35d5abcf5778697cbdbdf3a1a258a0e2d250b37bc417798","92aec74a85406ffa96c826348ffe298dba702639ecdf956160bf655db48cc40f","77301"
"BUNDLE-MI350P-MI350P-SIGN-0229","MI350P","2","MI350P-SIGN-0229","最小参考资料库/search-results.csv","search_result_id","SRESULT-M2W3-AMD-MI350P-PRODUCT-FORMAT-PRODUCT","审计/子代理交接/m2_staging/M2-W3-AMD-MI350P-CARD/structured/search-results.csv","8195b1e6f36ee4ad4f4f124fd5e17131014e1d4d5c186aa71897405095784327","16331","draft","reviewed","","","","6c95583d9ce89d4b62d5b9f8c9138dfae86241511026f2a50af75fe0adbaa1ff","6c95583d9ce89d4b62d5b9f8c9138dfae86241511026f2a50af75fe0adbaa1ff","9a866d2829a8ccbe22b90656d6b65c6b08e43fd51a3c13e85390c7c03cd2c381","92aec74a85406ffa96c826348ffe298dba702639ecdf956160bf655db48cc40f","77301"
"BUNDLE-MI350P-MI350P-SIGN-0230","MI350P","2","MI350P-SIGN-0230","最小参考资料库/search-results.csv","search_result_id","SRESULT-M2W3-AMD-MI350P-RELEASE-DATE-BLOG","审计/子代理交接/m2_staging/M2-W3-AMD-MI350P-CARD/structured/search-results.csv","8195b1e6f36ee4ad4f4f124fd5e17131014e1d4d5c186aa71897405095784327","16331","draft","reviewed","","","","07e996ec46e9aa0e77e849893bf8e07435b868bf6f9e969a6ca9f143b972353e","07e996ec46e9aa0e77e849893bf8e07435b868bf6f9e969a6ca9f143b972353e","a973b9abbac18746cef923a04b7b50688bc47549cd3d84c013a269b3020954d6","92aec74a85406ffa96c826348ffe298dba702639ecdf956160bf655db48cc40f","77301"
"BUNDLE-MI350P-MI350P-SIGN-0231","MI350P","2","MI350P-SIGN-0231","最小参考资料库/search-results.csv","search_result_id","SRESULT-M2W3-AMD-MI350P-RELEASE-DATE-BROCHURE","审计/子代理交接/m2_staging/M2-W3-AMD-MI350P-CARD/structured/search-results.csv","8195b1e6f36ee4ad4f4f124fd5e17131014e1d4d5c186aa71897405095784327","16331","draft","reviewed","","","","ff4ed8dbdc5332ed37254ffa88aafb17f55658bc25a1e1040f118042513fcb81","ff4ed8dbdc5332ed37254ffa88aafb17f55658bc25a1e1040f118042513fcb81","5aa98466abb8adac23b36ff75922422aeedb992126d404b9aee2839604400c59","92aec74a85406ffa96c826348ffe298dba702639ecdf956160bf655db48cc40f","77301"
"BUNDLE-MI350P-MI350P-SIGN-0232","MI350P","2","MI350P-SIGN-0232","最小参考资料库/search-results.csv","search_result_id","SRESULT-M2W3-AMD-MI350P-RELEASE-DATE-PRODUCT","审计/子代理交接/m2_staging/M2-W3-AMD-MI350P-CARD/structured/search-results.csv","8195b1e6f36ee4ad4f4f124fd5e17131014e1d4d5c186aa71897405095784327","16331","draft","reviewed","","","","0b5258fa9e4fb7264c4cb36806aceda421d19b215e19d00e77ac72d6364e071d","0b5258fa9e4fb7264c4cb36806aceda421d19b215e19d00e77ac72d6364e071d","e2a23d162c4cf9bca0fca12bfce652c3a575f3649c4a46e71aa4780cce8d44b0","92aec74a85406ffa96c826348ffe298dba702639ecdf956160bf655db48cc40f","77301"
"BUNDLE-MI350P-MI350P-SIGN-0233","MI350P","2","MI350P-SIGN-0233","最小参考资料库/search-results.csv","search_result_id","SRESULT-M2W3-AMD-MI350P-RUNTIME-VERSION-BLOG","审计/子代理交接/m2_staging/M2-W3-AMD-MI350P-CARD/structured/search-results.csv","8195b1e6f36ee4ad4f4f124fd5e17131014e1d4d5c186aa71897405095784327","16331","draft","reviewed","","","","0c751907d2611458737e623600490bee0eb616ada77436ef393b28704b252e1c","0c751907d2611458737e623600490bee0eb616ada77436ef393b28704b252e1c","d4735abe71eca6502e0de10058fc7e5e7524da01797d6402b13431f4a0e20746","92aec74a85406ffa96c826348ffe298dba702639ecdf956160bf655db48cc40f","77301"
"BUNDLE-MI350P-MI350P-SIGN-0234","MI350P","2","MI350P-SIGN-0234","最小参考资料库/search-results.csv","search_result_id","SRESULT-M2W3-AMD-MI350P-RUNTIME-VERSION-BROCHURE","审计/子代理交接/m2_staging/M2-W3-AMD-MI350P-CARD/structured/search-results.csv","8195b1e6f36ee4ad4f4f124fd5e17131014e1d4d5c186aa71897405095784327","16331","draft","reviewed","","","","e506da2fb2d25470fff38a6b805c451207df57b90ae5080c1f770c073c7c7cd6","e506da2fb2d25470fff38a6b805c451207df57b90ae5080c1f770c073c7c7cd6","13792e6344d121ae63404bb56ae9c80fe80ea34d6d819357946692504a17cccb","92aec74a85406ffa96c826348ffe298dba702639ecdf956160bf655db48cc40f","77301"
"BUNDLE-MI350P-MI350P-SIGN-0235","MI350P","2","MI350P-SIGN-0235","最小参考资料库/search-results.csv","search_result_id","SRESULT-M2W3-AMD-MI350P-RUNTIME-VERSION-CDNA4-ISA","审计/子代理交接/m2_staging/M2-W3-AMD-MI350P-CARD/structured/search-results.csv","8195b1e6f36ee4ad4f4f124fd5e17131014e1d4d5c186aa71897405095784327","16331","draft","reviewed","","","","255c3bf8890b9da5767d4a5d8709d52e7d8d6860a5838cc72cf518ec94d1f147","255c3bf8890b9da5767d4a5d8709d52e7d8d6860a5838cc72cf518ec94d1f147","ef472bce630e826c76e0ea01a2827f36a4dc97f2bb256beaa305820b1e003ba2","92aec74a85406ffa96c826348ffe298dba702639ecdf956160bf655db48cc40f","77301"
"BUNDLE-MI350P-MI350P-SIGN-0236","MI350P","2","MI350P-SIGN-0236","最小参考资料库/search-results.csv","search_result_id","SRESULT-M2W3-AMD-MI350P-RUNTIME-VERSION-CDNA4-WP","审计/子代理交接/m2_staging/M2-W3-AMD-MI350P-CARD/structured/search-results.csv","8195b1e6f36ee4ad4f4f124fd5e17131014e1d4d5c186aa71897405095784327","16331","draft","reviewed","","","","fe2e59f28ba510467718fdf8cb8d0eae9bdbc4347a019688f9cc15418bb946f5","fe2e59f28ba510467718fdf8cb8d0eae9bdbc4347a019688f9cc15418bb946f5","c653b7f1491bdd29150b5d66113aebe01dfead5070c20249f9c7012a1450595f","92aec74a85406ffa96c826348ffe298dba702639ecdf956160bf655db48cc40f","77301"
"BUNDLE-MI350P-MI350P-SIGN-0237","MI350P","2","MI350P-SIGN-0237","最小参考资料库/search-results.csv","search_result_id","SRESULT-M2W3-AMD-MI350P-RUNTIME-VERSION-PRODUCT","审计/子代理交接/m2_staging/M2-W3-AMD-MI350P-CARD/structured/search-results.csv","8195b1e6f36ee4ad4f4f124fd5e17131014e1d4d5c186aa71897405095784327","16331","draft","reviewed","","","","c13de3774f964223bd980b022a36659a6daf57fc2775d913a754b5a913d5e70d","c13de3774f964223bd980b022a36659a6daf57fc2775d913a754b5a913d5e70d","5236f07d2c34e60b752b3f08982f501b7d70c833daa8fda4316b3be67fb0344e","92aec74a85406ffa96c826348ffe298dba702639ecdf956160bf655db48cc40f","77301"
"BUNDLE-MI350P-MI350P-SIGN-0238","MI350P","2","MI350P-SIGN-0238","最小参考资料库/search-results.csv","search_result_id","SRESULT-M2W3-AMD-MI350P-SPECIAL-IMPLEMENTATION-BLOG","审计/子代理交接/m2_staging/M2-W3-AMD-MI350P-CARD/structured/search-results.csv","8195b1e6f36ee4ad4f4f124fd5e17131014e1d4d5c186aa71897405095784327","16331","draft","reviewed","","","","eb94c89e70ee88633a77b17cbd7d32ecebeb447e63f15f2e5679185f289e932b","eb94c89e70ee88633a77b17cbd7d32ecebeb447e63f15f2e5679185f289e932b","7a8e8d9d2fb70aa5cc52c38235c5b76c143e6ec6457d1421974d26e8ea333ba4","92aec74a85406ffa96c826348ffe298dba702639ecdf956160bf655db48cc40f","77301"
"BUNDLE-MI350P-MI350P-SIGN-0239","MI350P","2","MI350P-SIGN-0239","最小参考资料库/search-results.csv","search_result_id","SRESULT-M2W3-AMD-MI350P-SPECIAL-IMPLEMENTATION-BROCHURE","审计/子代理交接/m2_staging/M2-W3-AMD-MI350P-CARD/structured/search-results.csv","8195b1e6f36ee4ad4f4f124fd5e17131014e1d4d5c186aa71897405095784327","16331","draft","reviewed","","","","91fd27cdd5dc4da59cb6852f7e117e3c7a05712eda5d841122d817ba85f6d8ee","91fd27cdd5dc4da59cb6852f7e117e3c7a05712eda5d841122d817ba85f6d8ee","c1ea1dd4b65ba6bad1e21619ac0e34156e3bdd95f05cbf53fce31122edf23ea4","92aec74a85406ffa96c826348ffe298dba702639ecdf956160bf655db48cc40f","77301"
"BUNDLE-MI350P-MI350P-SIGN-0240","MI350P","2","MI350P-SIGN-0240","最小参考资料库/search-results.csv","search_result_id","SRESULT-M2W3-AMD-MI350P-SPECIAL-IMPLEMENTATION-CDNA4-ISA","审计/子代理交接/m2_staging/M2-W3-AMD-MI350P-CARD/structured/search-results.csv","8195b1e6f36ee4ad4f4f124fd5e17131014e1d4d5c186aa71897405095784327","16331","draft","reviewed","","","","8419d4e68be2d4246e5953d35b7246883863b0dbe2543cac5deff09a15a46d59","8419d4e68be2d4246e5953d35b7246883863b0dbe2543cac5deff09a15a46d59","7762d196291f98f46f2f97c5c2e56045f15d552cc4cdc41e42f4ab4c666c3b66","92aec74a85406ffa96c826348ffe298dba702639ecdf956160bf655db48cc40f","77301"
"BUNDLE-MI350P-MI350P-SIGN-0241","MI350P","2","MI350P-SIGN-0241","最小参考资料库/search-results.csv","search_result_id","SRESULT-M2W3-AMD-MI350P-SPECIAL-IMPLEMENTATION-CDNA4-WP","审计/子代理交接/m2_staging/M2-W3-AMD-MI350P-CARD/structured/search-results.csv","8195b1e6f36ee4ad4f4f124fd5e17131014e1d4d5c186aa71897405095784327","16331","draft","reviewed","","","","ab4e5744721005f80fb23b7fc9b7f69dac6ad1831a7da83809cd2f43a3b66bca","ab4e5744721005f80fb23b7fc9b7f69dac6ad1831a7da83809cd2f43a3b66bca","594d927f47505c4f57fea6f2a71cc2cf4d9f19f06e4944f702d38365372ddb18","92aec74a85406ffa96c826348ffe298dba702639ecdf956160bf655db48cc40f","77301"
"BUNDLE-MI350P-MI350P-SIGN-0242","MI350P","2","MI350P-SIGN-0242","最小参考资料库/search-results.csv","search_result_id","SRESULT-M2W3-AMD-MI350P-SPECIAL-IMPLEMENTATION-PRODUCT","审计/子代理交接/m2_staging/M2-W3-AMD-MI350P-CARD/structured/search-results.csv","8195b1e6f36ee4ad4f4f124fd5e17131014e1d4d5c186aa71897405095784327","16331","draft","reviewed","","","","0548258f36a08d9db764d5509073a7150a57c463102f79394a6148872da8f5f2","0548258f36a08d9db764d5509073a7150a57c463102f79394a6148872da8f5f2","44a5d84edd8f73aea22dfad99d48d0b316e80910446ffc5676ec7432eff9d74f","92aec74a85406ffa96c826348ffe298dba702639ecdf956160bf655db48cc40f","77301"
"BUNDLE-MI350P-MI350P-SIGN-0243","MI350P","2","MI350P-SIGN-0243","最小参考资料库/selection-members.csv","selection_member_id","SELMEM-M2W3-AMD-MI350P-BLOG","审计/子代理交接/m2_staging/M2-W3-AMD-MI350P-CARD/structured/selection-members.csv","e06b2231c037453091f6b04f750a4cee44dbc646d838f48a75dde373bb216e9e","1258","draft","reviewed","","","","32ee0f3709e4467ab971ac32249d07e5bbcc756c6a8de14edbbf8502112a23ab","32ee0f3709e4467ab971ac32249d07e5bbcc756c6a8de14edbbf8502112a23ab","1b9dfeac5224b877e3af4c02ec5580e4a9f54d84079fe9409ae5cd1d05e961cf","073cba4b5671f2273f75e99a355259444c7c28c2a2da4006b19535b3f030ce0b","39854"
"BUNDLE-MI350P-MI350P-SIGN-0244","MI350P","2","MI350P-SIGN-0244","最小参考资料库/selection-members.csv","selection_member_id","SELMEM-M2W3-AMD-MI350P-BROCHURE","审计/子代理交接/m2_staging/M2-W3-AMD-MI350P-CARD/structured/selection-members.csv","e06b2231c037453091f6b04f750a4cee44dbc646d838f48a75dde373bb216e9e","1258","draft","reviewed","","","","1a9077a6a543ee957d95137d21b573185350832c7fd2c3b5267231e9ccd94636","1a9077a6a543ee957d95137d21b573185350832c7fd2c3b5267231e9ccd94636","55a8cae7206def02fc929aed151b01af0ff659388169f6289b55984204d34298","073cba4b5671f2273f75e99a355259444c7c28c2a2da4006b19535b3f030ce0b","39854"
"BUNDLE-MI350P-MI350P-SIGN-0245","MI350P","2","MI350P-SIGN-0245","最小参考资料库/selection-members.csv","selection_member_id","SELMEM-M2W3-AMD-MI350P-PRODUCT","审计/子代理交接/m2_staging/M2-W3-AMD-MI350P-CARD/structured/selection-members.csv","e06b2231c037453091f6b04f750a4cee44dbc646d838f48a75dde373bb216e9e","1258","draft","reviewed","","","","1c4f98d3b88214820218e3b1bdfc647ede391c5bd0b2e67fe6e730224c431f2f","1c4f98d3b88214820218e3b1bdfc647ede391c5bd0b2e67fe6e730224c431f2f","c0e6a2efd1b922be2936a0acac5baf13c4a98f46996c4dd0d96d4322bed6c759","073cba4b5671f2273f75e99a355259444c7c28c2a2da4006b19535b3f030ce0b","39854"
"BUNDLE-MI350P-MI350P-SIGN-0246","MI350P","2","MI350P-SIGN-0246","最小参考资料库/selection-runs.csv","selection_run_id","SELRUN-M2W3-AMD-MI350P-20260813","审计/子代理交接/m2_staging/M2-W3-AMD-MI350P-CARD/structured/selection-runs.csv","cd7d03627546ddebdd2e0e05570163ec6bbb111fa17fcf163fcf010f8417ee38","607","draft","reviewed","status","draft","reviewed","00d92f1319d858c0372ee56b1155e1d3f94be2202a8b261e0e953c65494227a8","00d92f1319d858c0372ee56b1155e1d3f94be2202a8b261e0e953c65494227a8","e8963c7578b2d58f0d4a151a4234ddd0fa8f69ecd8201d1e603599a815598b3d","4397260840ab286e7d4274f963eb037eb70a2dfd951ac55d43fdd35aa85e7ee0","3281"
"BUNDLE-MI350P-MI350P-SIGN-0247","MI350P","2","MI350P-SIGN-0247","最小参考资料库/source-coverage.csv","coverage_id","COV-M2W3-AMD-MI350P-BLOG-NOT-EQUIV-PRODUCT","审计/子代理交接/m2_staging/M2-W3-AMD-MI350P-CARD/structured/source-coverage.csv","0d896cc5387535f09cfcc96cfd7144abe0f562180fd7e0275841a0d36999d460","1618","draft","reviewed","","","","cfb52b2cb30a2cf75979b6b3b5f1b3d49620eb3ed9220b4dff62c1e91bbebc82","cfb52b2cb30a2cf75979b6b3b5f1b3d49620eb3ed9220b4dff62c1e91bbebc82","329ff5ce1bd129d0b5bdec095b298c140f2a9ac0c565d3def02d70173edd1e06","88bf789e45a70271bab97a4f1d69034e675418bf340c82d01751d50f07e8ba21","7348"
"BUNDLE-MI350P-MI350P-SIGN-0248","MI350P","2","MI350P-SIGN-0248","最小参考资料库/source-coverage.csv","coverage_id","COV-M2W3-AMD-MI350P-BROCHURE-BY-PRODUCT","审计/子代理交接/m2_staging/M2-W3-AMD-MI350P-CARD/structured/source-coverage.csv","0d896cc5387535f09cfcc96cfd7144abe0f562180fd7e0275841a0d36999d460","1618","draft","reviewed","","","","691bd8a92734ebf8e0b380be8e0f4ef63b41f6f50dd2a2ed951bcdd422c7dd15","691bd8a92734ebf8e0b380be8e0f4ef63b41f6f50dd2a2ed951bcdd422c7dd15","1319dbd851625ac3a7de8ccc79725676fcbc6e206f77d1ea0afcb5ebab785aa4","88bf789e45a70271bab97a4f1d69034e675418bf340c82d01751d50f07e8ba21","7348"
"BUNDLE-MI350P-MI350P-SIGN-0249","MI350P","2","MI350P-SIGN-0249","最小参考资料库/source-coverage.csv","coverage_id","COV-M2W3-AMD-MI350P-PRODUCT-BY-BROCHURE","审计/子代理交接/m2_staging/M2-W3-AMD-MI350P-CARD/structured/source-coverage.csv","0d896cc5387535f09cfcc96cfd7144abe0f562180fd7e0275841a0d36999d460","1618","draft","reviewed","","","","a731535f9e50c7df8d9c4cfcac637d9bfabb770affcbf1726ac0422de8498748","a731535f9e50c7df8d9c4cfcac637d9bfabb770affcbf1726ac0422de8498748","00eb3710342ce5f17167cd28db45dd6256fad7788841b13e9945e25f8eb67371","88bf789e45a70271bab97a4f1d69034e675418bf340c82d01751d50f07e8ba21","7348"
"BUNDLE-MI350P-MI350P-SIGN-0250","MI350P","2","MI350P-SIGN-0250","最小参考资料库/source-endpoints.csv","endpoint_id","END-M2W3-AMD-MI350P-BLOG-REMOTE","审计/子代理交接/m2_staging/M2-W3-AMD-MI350P-CARD/structured/source-endpoints.csv","5d7b0acccbc20d4e7a3ef68a97a59f9dc5aa05c9fa5ceb0de969b5cf572264ab","2427","draft","reviewed","","","","5ef3012caad9dabe7ef3abfe616d6bde65ab11171b624be5a395658a8ffde7ab","5ef3012caad9dabe7ef3abfe616d6bde65ab11171b624be5a395658a8ffde7ab","2c3474d469a6f8e25b534dfc2a552ab1eb8bb05f28f3374566e2d8602707866d","644a9dc2249c717c7e16121d5164184bd5dd9804b9be4983019bb1ad48bc9f6f","51203"
"BUNDLE-MI350P-MI350P-SIGN-0251","MI350P","2","MI350P-SIGN-0251","最小参考资料库/source-endpoints.csv","endpoint_id","END-M2W3-AMD-MI350P-BLOG-SNAPSHOT","审计/子代理交接/m2_staging/M2-W3-AMD-MI350P-CARD/structured/source-endpoints.csv","5d7b0acccbc20d4e7a3ef68a97a59f9dc5aa05c9fa5ceb0de969b5cf572264ab","2427","draft","reviewed","local_path","审计/子代理交接/m2_staging/M2-W3-AMD-MI350P-CARD/fixed-candidates/amd-mi350p-pcie-blog-2026-08-13.html","最小参考资料库/快照/AMD/MI350P/2026-08-13/amd-mi350p-pcie-blog-2026-08-13.html","b61a88e525238036b4d5862e62aa1985803db9877cabcd4f1defac8b6d623fa9","b61a88e525238036b4d5862e62aa1985803db9877cabcd4f1defac8b6d623fa9","9bfc83db22d4421ef23ecdb84a4d57966eb7ae08372cefaa6f477e349ad7d112","644a9dc2249c717c7e16121d5164184bd5dd9804b9be4983019bb1ad48bc9f6f","51203"
"BUNDLE-MI350P-MI350P-SIGN-0252","MI350P","2","MI350P-SIGN-0252","最小参考资料库/source-endpoints.csv","endpoint_id","END-M2W3-AMD-MI350P-BROCHURE-LOCAL","审计/子代理交接/m2_staging/M2-W3-AMD-MI350P-CARD/structured/source-endpoints.csv","5d7b0acccbc20d4e7a3ef68a97a59f9dc5aa05c9fa5ceb0de969b5cf572264ab","2427","draft","reviewed","local_path","审计/子代理交接/m2_staging/M2-W3-AMD-MI350P-CARD/fixed-candidates/amd-instinct-mi350p-product-brochure-2026-08-13.pdf","论文/AMD_Instinct/02_厂商产品资料/2026_AMD_Instinct_MI350P_PCIe_Card_Brochure.pdf","f4656f680017a4a1e3a616214efce6c3512380c8dfc2c7c47337302fcadc3c77","f4656f680017a4a1e3a616214efce6c3512380c8dfc2c7c47337302fcadc3c77","bc0a43b6022b3c5356724d005d2a78a7abc64927e7ddf86c477f2af1674e9f4c","644a9dc2249c717c7e16121d5164184bd5dd9804b9be4983019bb1ad48bc9f6f","51203"
"BUNDLE-MI350P-MI350P-SIGN-0253","MI350P","2","MI350P-SIGN-0253","最小参考资料库/source-endpoints.csv","endpoint_id","END-M2W3-AMD-MI350P-BROCHURE-REMOTE","审计/子代理交接/m2_staging/M2-W3-AMD-MI350P-CARD/structured/source-endpoints.csv","5d7b0acccbc20d4e7a3ef68a97a59f9dc5aa05c9fa5ceb0de969b5cf572264ab","2427","draft","reviewed","","","","711ad5a163e19d47edd935f4e594bfd8dc218274a6955fa8448ea6dc585a722d","711ad5a163e19d47edd935f4e594bfd8dc218274a6955fa8448ea6dc585a722d","f04b484c0d40fd55678a89a8c0dfec67b553ae30d48825e68397e968cb560182","644a9dc2249c717c7e16121d5164184bd5dd9804b9be4983019bb1ad48bc9f6f","51203"
"BUNDLE-MI350P-MI350P-SIGN-0254","MI350P","2","MI350P-SIGN-0254","最小参考资料库/source-endpoints.csv","endpoint_id","END-M2W3-AMD-MI350P-PRODUCT-REMOTE","审计/子代理交接/m2_staging/M2-W3-AMD-MI350P-CARD/structured/source-endpoints.csv","5d7b0acccbc20d4e7a3ef68a97a59f9dc5aa05c9fa5ceb0de969b5cf572264ab","2427","draft","reviewed","","","","831b561cd2fea5f58e33913d5039aac38fd7cf93bf1bda0bda3251d3e1890423","831b561cd2fea5f58e33913d5039aac38fd7cf93bf1bda0bda3251d3e1890423","d9909852289809a61d1783059d3455dd04a563c6976b9eb06a63a1d0799ba7e1","644a9dc2249c717c7e16121d5164184bd5dd9804b9be4983019bb1ad48bc9f6f","51203"
"BUNDLE-MI350P-MI350P-SIGN-0255","MI350P","2","MI350P-SIGN-0255","最小参考资料库/source-endpoints.csv","endpoint_id","END-M2W3-AMD-MI350P-PRODUCT-SNAPSHOT","审计/子代理交接/m2_staging/M2-W3-AMD-MI350P-CARD/structured/source-endpoints.csv","5d7b0acccbc20d4e7a3ef68a97a59f9dc5aa05c9fa5ceb0de969b5cf572264ab","2427","draft","reviewed","local_path","审计/子代理交接/m2_staging/M2-W3-AMD-MI350P-CARD/fixed-candidates/amd-instinct-mi350p-pcie-2026-08-13.html","最小参考资料库/快照/AMD/MI350P/2026-08-13/amd-instinct-mi350p-pcie-2026-08-13.html","4fd9cfbf9aa5cc08d197bcdd9134e64fc2932c6508a6c0d7b893ad83815ff3fa","4fd9cfbf9aa5cc08d197bcdd9134e64fc2932c6508a6c0d7b893ad83815ff3fa","f2cac4d7d7bb05936dcb23a4be58ec39f77b8f0f0209dc9fc7128a13730930a2","644a9dc2249c717c7e16121d5164184bd5dd9804b9be4983019bb1ad48bc9f6f","51203"
"BUNDLE-MI350P-MI350P-SIGN-0256","MI350P","2","MI350P-SIGN-0256","最小参考资料库/source-families.csv","source_family_id","SFAM-M2W3-AMD-MI350P-BLOG","审计/子代理交接/m2_staging/M2-W3-AMD-MI350P-CARD/structured/source-families.csv","535e3eebb2b43c840d0f03b4efe6239970941bc4bf07f2d2bb1bf6f739a14f61","591","draft","reviewed","","","","c6ee1ce5184209a114328a281400e2eeb19c7297c8fd3f2c2832cb29c0a4b531","c6ee1ce5184209a114328a281400e2eeb19c7297c8fd3f2c2832cb29c0a4b531","11088a52f97971c477122e779ae6ceeef5116321f91a15bd6e5ebcb2ad2dc73c","358869eac543ca7769129a0525834a366fb3abb5c3fba858b556bb414ed0b061","14595"
"BUNDLE-MI350P-MI350P-SIGN-0257","MI350P","2","MI350P-SIGN-0257","最小参考资料库/source-families.csv","source_family_id","SFAM-M2W3-AMD-MI350P-BROCHURE","审计/子代理交接/m2_staging/M2-W3-AMD-MI350P-CARD/structured/source-families.csv","535e3eebb2b43c840d0f03b4efe6239970941bc4bf07f2d2bb1bf6f739a14f61","591","draft","reviewed","","","","e7456394b21cfa7a3cb3e555a5b8b2d2f64524ada08a06403943d5d2f506b9ad","e7456394b21cfa7a3cb3e555a5b8b2d2f64524ada08a06403943d5d2f506b9ad","7ff52a7867bb101b026d998812f2e74521b8788a384da3cc841cd0566aad4594","358869eac543ca7769129a0525834a366fb3abb5c3fba858b556bb414ed0b061","14595"
"BUNDLE-MI350P-MI350P-SIGN-0258","MI350P","2","MI350P-SIGN-0258","最小参考资料库/source-families.csv","source_family_id","SFAM-M2W3-AMD-MI350P-PRODUCT","审计/子代理交接/m2_staging/M2-W3-AMD-MI350P-CARD/structured/source-families.csv","535e3eebb2b43c840d0f03b4efe6239970941bc4bf07f2d2bb1bf6f739a14f61","591","draft","reviewed","","","","10a74e8a76811853663cbe868f6cf025258c475a2baf52395b4e439ddb391ac2","10a74e8a76811853663cbe868f6cf025258c475a2baf52395b4e439ddb391ac2","e3130259f437a500bb70322200b2ce865e7eed2372bf37f506f241c4eaa5f5b6","358869eac543ca7769129a0525834a366fb3abb5c3fba858b556bb414ed0b061","14595"
"BUNDLE-MI350P-MI350P-SIGN-0259","MI350P","2","MI350P-SIGN-0259","最小参考资料库/sources.csv","source_id","SRC-M2W3-AMD-MI350P-BLOG-20260507","审计/子代理交接/m2_staging/M2-W3-AMD-MI350P-CARD/structured/sources.csv","e27a28715fd46b4d2b1cff230f34946cf7af41876b351044bddde696254de5d7","1536","draft","reviewed","","","","8873ed86c6a144e0bbcf64922f9acdef9b0ebb251362587531a3ead55ac55aa1","8873ed86c6a144e0bbcf64922f9acdef9b0ebb251362587531a3ead55ac55aa1","b4934c61d7da1c81eaba14820256d5b32a46a821438f21110cd029b48de4db83","43c72603ecf52b78aa0e737840190320accf567b0d3d769c1c8b64ce223a84fc","31741"
"BUNDLE-MI350P-MI350P-SIGN-0260","MI350P","2","MI350P-SIGN-0260","最小参考资料库/sources.csv","source_id","SRC-M2W3-AMD-MI350P-BROCHURE-202605","审计/子代理交接/m2_staging/M2-W3-AMD-MI350P-CARD/structured/sources.csv","e27a28715fd46b4d2b1cff230f34946cf7af41876b351044bddde696254de5d7","1536","draft","reviewed","","","","cba73005ec6b0b58b807c8e54010cdd5f739c925f5181a01a102d37da8b1ed8e","cba73005ec6b0b58b807c8e54010cdd5f739c925f5181a01a102d37da8b1ed8e","6c2439811d43aee9e5388da3eb9fd213a3aaf3df1ec87b08e3cdce205b2fc652","43c72603ecf52b78aa0e737840190320accf567b0d3d769c1c8b64ce223a84fc","31741"
"BUNDLE-MI350P-MI350P-SIGN-0261","MI350P","2","MI350P-SIGN-0261","最小参考资料库/sources.csv","source_id","SRC-M2W3-AMD-MI350P-PRODUCT-20260813","审计/子代理交接/m2_staging/M2-W3-AMD-MI350P-CARD/structured/sources.csv","e27a28715fd46b4d2b1cff230f34946cf7af41876b351044bddde696254de5d7","1536","draft","reviewed","","","","a70120cf79976b0a4f78a41773705a988388a7181919a508245658a40fdd10ac","a70120cf79976b0a4f78a41773705a988388a7181919a508245658a40fdd10ac","8fd8b7a8b41d2767172111bd5943309952dc1c2567848ddeea55d8354a52cbb2","43c72603ecf52b78aa0e737840190320accf567b0d3d769c1c8b64ce223a84fc","31741"
"BUNDLE-MI350P-MI350P-SIGN-0262","MI350P","2","MI350P-SIGN-0262","最小参考资料库/source-screening.csv","screening_id","SCREEN-M2W3-AMD-CDNA4-ISA-FOR-MI350P","审计/子代理交接/m2_staging/M2-W3-AMD-MI350P-CARD/structured/source-screening.csv","a0d6feb7e9f74d7bce2239abd5cc17f1cb89e21e3664dd14af8165c1f4cdc93a","2811","draft","reviewed","","","","ee9442ba1ba62ed94a2b7ecfe50459e3f149091e5b055edb87dfcf064520cae9","ee9442ba1ba62ed94a2b7ecfe50459e3f149091e5b055edb87dfcf064520cae9","d0059006d07fdc1d00ce1f5dfed503f70775df7bd923934cc9db92789f855ac6","b4d12751bc347739b415feb2349d56297920a0cd2deab9887cb0c7b5a9377823","30961"
"BUNDLE-MI350P-MI350P-SIGN-0263","MI350P","2","MI350P-SIGN-0263","最小参考资料库/source-screening.csv","screening_id","SCREEN-M2W3-AMD-CDNA4-WP-FOR-MI350P","审计/子代理交接/m2_staging/M2-W3-AMD-MI350P-CARD/structured/source-screening.csv","a0d6feb7e9f74d7bce2239abd5cc17f1cb89e21e3664dd14af8165c1f4cdc93a","2811","draft","reviewed","","","","675f095d5c023b917451106a45bca2f2c1d36db9f319434b1a63869f8e0cc1b8","675f095d5c023b917451106a45bca2f2c1d36db9f319434b1a63869f8e0cc1b8","9cb51bef69f1beccd993bef8871aefade696b74d41e20fedf65c41c54a39f7fe","b4d12751bc347739b415feb2349d56297920a0cd2deab9887cb0c7b5a9377823","30961"
"BUNDLE-MI350P-MI350P-SIGN-0264","MI350P","2","MI350P-SIGN-0264","最小参考资料库/source-screening.csv","screening_id","SCREEN-M2W3-AMD-MI350P-BLOG","审计/子代理交接/m2_staging/M2-W3-AMD-MI350P-CARD/structured/source-screening.csv","a0d6feb7e9f74d7bce2239abd5cc17f1cb89e21e3664dd14af8165c1f4cdc93a","2811","draft","reviewed","","","","4e161c916df92e18988aac27b6695de66916c29cc95df83f378edd3d7a8ff94d","4e161c916df92e18988aac27b6695de66916c29cc95df83f378edd3d7a8ff94d","82a8b4760b8cce706b6ee7e8de90149f383fbc233afb5e77261463d08ed443e3","b4d12751bc347739b415feb2349d56297920a0cd2deab9887cb0c7b5a9377823","30961"
"BUNDLE-MI350P-MI350P-SIGN-0265","MI350P","2","MI350P-SIGN-0265","最小参考资料库/source-screening.csv","screening_id","SCREEN-M2W3-AMD-MI350P-BROCHURE","审计/子代理交接/m2_staging/M2-W3-AMD-MI350P-CARD/structured/source-screening.csv","a0d6feb7e9f74d7bce2239abd5cc17f1cb89e21e3664dd14af8165c1f4cdc93a","2811","draft","reviewed","","","","8a0d15477655c9a56c3a03a1d7ab42a6d353999074d6d025ef6bc7d5683dabd9","8a0d15477655c9a56c3a03a1d7ab42a6d353999074d6d025ef6bc7d5683dabd9","ddb071c622024338e9aae08c06cb2e744fdbd0f76d394e641bf1824ce7a76bcd","b4d12751bc347739b415feb2349d56297920a0cd2deab9887cb0c7b5a9377823","30961"
"BUNDLE-MI350P-MI350P-SIGN-0266","MI350P","2","MI350P-SIGN-0266","最小参考资料库/source-screening.csv","screening_id","SCREEN-M2W3-AMD-MI350P-PRODUCT","审计/子代理交接/m2_staging/M2-W3-AMD-MI350P-CARD/structured/source-screening.csv","a0d6feb7e9f74d7bce2239abd5cc17f1cb89e21e3664dd14af8165c1f4cdc93a","2811","draft","reviewed","","","","c2fde8b6af6f7473b234e8a06de8a4923d6e0b17a0024cbdf9c8416e9474d9f2","c2fde8b6af6f7473b234e8a06de8a4923d6e0b17a0024cbdf9c8416e9474d9f2","04ed22faa2c773ebac98d322c3d8b731a0b46c26a7aa563e1cdd5eaa0e527097","b4d12751bc347739b415feb2349d56297920a0cd2deab9887cb0c7b5a9377823","30961"
"BUNDLE-MI350P-MI350P-SIGN-0267","MI350P","2","MI350P-SIGN-0267","最小参考资料库/source-selected-roles.csv","source_selected_role_id","SROLE-M2W3-AMD-MI350P-BLOG-STATUS","审计/子代理交接/m2_staging/M2-W3-AMD-MI350P-CARD/structured/source-selected-roles.csv","921dbf6ebd6926953c80f73ebd83fe01d4ef7a832ffd415ac26de6ce67a88be0","1258","draft","reviewed","","","","bcf4f0c44055880b409b8fb5a04f077b58f00d71ecd930865b682a30b9334b79","bcf4f0c44055880b409b8fb5a04f077b58f00d71ecd930865b682a30b9334b79","f9a47d163ff51d47d306cb4054456d04b3701080c0edbc6be87b51b9608256e2","5974d3615274baf78482815586f0fed10da3639532b7e8ba681a16ac59af2c57","21670"
"BUNDLE-MI350P-MI350P-SIGN-0268","MI350P","2","MI350P-SIGN-0268","最小参考资料库/source-selected-roles.csv","source_selected_role_id","SROLE-M2W3-AMD-MI350P-BROCHURE-CORE","审计/子代理交接/m2_staging/M2-W3-AMD-MI350P-CARD/structured/source-selected-roles.csv","921dbf6ebd6926953c80f73ebd83fe01d4ef7a832ffd415ac26de6ce67a88be0","1258","draft","reviewed","","","","c6b704d26a3d96822362302c4a5fedbbe62b0304a3c65b608ccf92509e9df1f6","c6b704d26a3d96822362302c4a5fedbbe62b0304a3c65b608ccf92509e9df1f6","b1bb7ac294fb5f8c2ab4d184c31a69a843abff2594079fcf780476e2dc8d8d8d","5974d3615274baf78482815586f0fed10da3639532b7e8ba681a16ac59af2c57","21670"
"BUNDLE-MI350P-MI350P-SIGN-0269","MI350P","2","MI350P-SIGN-0269","最小参考资料库/source-selected-roles.csv","source_selected_role_id","SROLE-M2W3-AMD-MI350P-PRODUCT-CORE","审计/子代理交接/m2_staging/M2-W3-AMD-MI350P-CARD/structured/source-selected-roles.csv","921dbf6ebd6926953c80f73ebd83fe01d4ef7a832ffd415ac26de6ce67a88be0","1258","draft","reviewed","","","","04bb54eaea95e1ece03726287a4fb699d091cbbac8fc786c072e38a427094546","04bb54eaea95e1ece03726287a4fb699d091cbbac8fc786c072e38a427094546","77997cfe6bd250c8a3444e4c5424192a5b7713613b67f64433e84c930a4c15dc","5974d3615274baf78482815586f0fed10da3639532b7e8ba681a16ac59af2c57","21670"
"BUNDLE-MI350P-MI350P-SIGN-0270","MI350P","2","MI350P-SIGN-0270","最小参考资料库/source-selected-roles.csv","source_selected_role_id","SROLE-M2W3-AMD-MI350P-PRODUCT-IDENTITY","审计/子代理交接/m2_staging/M2-W3-AMD-MI350P-CARD/structured/source-selected-roles.csv","921dbf6ebd6926953c80f73ebd83fe01d4ef7a832ffd415ac26de6ce67a88be0","1258","draft","reviewed","","","","b806eb8a879c020fb03be703a6d8efcdea723ddd77e37895656fa32d7a2891a2","b806eb8a879c020fb03be703a6d8efcdea723ddd77e37895656fa32d7a2891a2","8df0d5f7db17ae89658a4be5c1949cffe1c4338a024c1cad381c03b8677d6022","5974d3615274baf78482815586f0fed10da3639532b7e8ba681a16ac59af2c57","21670"
"BUNDLE-ASCEND950-ASC950-SIGN-0001","ASCEND950","3","ASC950-SIGN-0001","数据/card-completeness.csv","card_completeness_id","CC-M2W3-HUAWEI-ASC950-DIE-IDENTITY","审计/子代理交接/m2_staging/M2-W3-HUAWEI-ASCEND950-PHYSICAL/structured/card-completeness.csv","c58424d5e9af992122aa2421516be5c64c4570ce8ad60d9c9bf5d773cf1b5de3","6444","draft","reviewed","","","","61bab9667fec6008640a5181c9bcd52141b925cf63e9614bca3ad1bd79e91839","61bab9667fec6008640a5181c9bcd52141b925cf63e9614bca3ad1bd79e91839","e36a24e57da45a50c71decc82bb6e66dd4b0a3f61348933b19d345943868ef4c","a046bf3d9c7c88d1204a2f12e24c1ea654aa9ddd85115b2089c50f2de21c738b","74967"
"BUNDLE-ASCEND950-ASC950-SIGN-0002","ASCEND950","3","ASC950-SIGN-0002","数据/card-completeness.csv","card_completeness_id","CC-M2W3-HUAWEI-ASC950-DIE-PHYSICAL","审计/子代理交接/m2_staging/M2-W3-HUAWEI-ASCEND950-PHYSICAL/structured/card-completeness.csv","c58424d5e9af992122aa2421516be5c64c4570ce8ad60d9c9bf5d773cf1b5de3","6444","draft","reviewed","","","","eec3f97bcf12fea166b1d2f1528181b57b9c0b4b6363522283828abac3690596","eec3f97bcf12fea166b1d2f1528181b57b9c0b4b6363522283828abac3690596","f9b44b958bb9ba2f099d4f390eb41ec97bc2b1bdd1d0edc648b78a31cee740fe","a046bf3d9c7c88d1204a2f12e24c1ea654aa9ddd85115b2089c50f2de21c738b","74967"
"BUNDLE-ASCEND950-ASC950-SIGN-0003","ASCEND950","3","ASC950-SIGN-0003","数据/card-completeness.csv","card_completeness_id","CC-M2W3-HUAWEI-ASC950-DIE-COMPUTE","审计/子代理交接/m2_staging/M2-W3-HUAWEI-ASCEND950-PHYSICAL/structured/card-completeness.csv","c58424d5e9af992122aa2421516be5c64c4570ce8ad60d9c9bf5d773cf1b5de3","6444","draft","reviewed","","","","9f77994e4370bc242d6a806f30dd39fe14a24c64ece7c534dfa5457d88a728c7","9f77994e4370bc242d6a806f30dd39fe14a24c64ece7c534dfa5457d88a728c7","7b0365261d5d5ff2e5a461cec3aa5143274a5fa84210e61d1b712f6108bb22b3","a046bf3d9c7c88d1204a2f12e24c1ea654aa9ddd85115b2089c50f2de21c738b","74967"
"BUNDLE-ASCEND950-ASC950-SIGN-0004","ASCEND950","3","ASC950-SIGN-0004","数据/card-completeness.csv","card_completeness_id","CC-M2W3-HUAWEI-ASC950-DIE-NUMERICS","审计/子代理交接/m2_staging/M2-W3-HUAWEI-ASCEND950-PHYSICAL/structured/card-completeness.csv","c58424d5e9af992122aa2421516be5c64c4570ce8ad60d9c9bf5d773cf1b5de3","6444","draft","reviewed","","","","ea9d6c481eb966eaf045aa6b2a9125f7b5a4a1636c1d9439c9569d32cefa3971","ea9d6c481eb966eaf045aa6b2a9125f7b5a4a1636c1d9439c9569d32cefa3971","1f5d9c792dffa367827611f77f174660d22bfd64f6a20fd5ae3c007bac125b31","a046bf3d9c7c88d1204a2f12e24c1ea654aa9ddd85115b2089c50f2de21c738b","74967"
"BUNDLE-ASCEND950-ASC950-SIGN-0005","ASCEND950","3","ASC950-SIGN-0005","数据/card-completeness.csv","card_completeness_id","CC-M2W3-HUAWEI-ASC950-DIE-MEMORY","审计/子代理交接/m2_staging/M2-W3-HUAWEI-ASCEND950-PHYSICAL/structured/card-completeness.csv","c58424d5e9af992122aa2421516be5c64c4570ce8ad60d9c9bf5d773cf1b5de3","6444","draft","reviewed","","","","349c5e502565af46d6b1a18e97d32516fb9d2189ebc9a8a82436d34a54854423","349c5e502565af46d6b1a18e97d32516fb9d2189ebc9a8a82436d34a54854423","6f667917a793b8b38eb0ca858db1e23e68ec24e18f96a04eadde7d7478a62a14","a046bf3d9c7c88d1204a2f12e24c1ea654aa9ddd85115b2089c50f2de21c738b","74967"
"BUNDLE-ASCEND950-ASC950-SIGN-0006","ASCEND950","3","ASC950-SIGN-0006","数据/card-completeness.csv","card_completeness_id","CC-M2W3-HUAWEI-ASC950-DIE-INTERCONNECT","审计/子代理交接/m2_staging/M2-W3-HUAWEI-ASCEND950-PHYSICAL/structured/card-completeness.csv","c58424d5e9af992122aa2421516be5c64c4570ce8ad60d9c9bf5d773cf1b5de3","6444","draft","reviewed","","","","515946e5ffd0b2ee4fc93beda1d1c01be5bb4ebb5a789e8059bd86282d5255e0","515946e5ffd0b2ee4fc93beda1d1c01be5bb4ebb5a789e8059bd86282d5255e0","d4abdfea205564dd254944dc44a35fe2db52d04f487f46097948acbae02acc28","a046bf3d9c7c88d1204a2f12e24c1ea654aa9ddd85115b2089c50f2de21c738b","74967"
"BUNDLE-ASCEND950-ASC950-SIGN-0007","ASCEND950","3","ASC950-SIGN-0007","数据/card-completeness.csv","card_completeness_id","CC-M2W3-HUAWEI-ASC950-DIE-SPECIAL_ENGINES","审计/子代理交接/m2_staging/M2-W3-HUAWEI-ASCEND950-PHYSICAL/structured/card-completeness.csv","c58424d5e9af992122aa2421516be5c64c4570ce8ad60d9c9bf5d773cf1b5de3","6444","draft","reviewed","","","","9a896019ecb6323e5efd2ccc4a9d0e5d52a3445bf20121115ec5e5550a38fc73","9a896019ecb6323e5efd2ccc4a9d0e5d52a3445bf20121115ec5e5550a38fc73","89c78f0a43c5ddb83dd12632c78ea61244121bd3bad1d80501556b060771f8f8","a046bf3d9c7c88d1204a2f12e24c1ea654aa9ddd85115b2089c50f2de21c738b","74967"
"BUNDLE-ASCEND950-ASC950-SIGN-0008","ASCEND950","3","ASC950-SIGN-0008","数据/card-completeness.csv","card_completeness_id","CC-M2W3-HUAWEI-ASC950-DIE-SOFTWARE","审计/子代理交接/m2_staging/M2-W3-HUAWEI-ASCEND950-PHYSICAL/structured/card-completeness.csv","c58424d5e9af992122aa2421516be5c64c4570ce8ad60d9c9bf5d773cf1b5de3","6444","draft","reviewed","","","","af5d055e0cc5539dcc4158cfbe72559f0faeb2ab7ec94886f1b23ec53e093dc2","af5d055e0cc5539dcc4158cfbe72559f0faeb2ab7ec94886f1b23ec53e093dc2","d0d6a024780a95b6f51f352259b45b2063df163766b915bdafa10efa4a72513c","a046bf3d9c7c88d1204a2f12e24c1ea654aa9ddd85115b2089c50f2de21c738b","74967"
"BUNDLE-ASCEND950-ASC950-SIGN-0009","ASCEND950","3","ASC950-SIGN-0009","数据/card-completeness.csv","card_completeness_id","CC-M2W3-HUAWEI-ASC950-DIE-EVIDENCE","审计/子代理交接/m2_staging/M2-W3-HUAWEI-ASCEND950-PHYSICAL/structured/card-completeness.csv","c58424d5e9af992122aa2421516be5c64c4570ce8ad60d9c9bf5d773cf1b5de3","6444","draft","reviewed","","","","7c021a34a2bcf0bf0c1feda6625642f1732eedcb10a90cb8bd54c8f8568925d7","7c021a34a2bcf0bf0c1feda6625642f1732eedcb10a90cb8bd54c8f8568925d7","8aad0469cb17f9b9b4a11855b53e3ba5bc1b16ab1ecae0980c508fdf2a64ad94","a046bf3d9c7c88d1204a2f12e24c1ea654aa9ddd85115b2089c50f2de21c738b","74967"
"BUNDLE-ASCEND950-ASC950-SIGN-0010","ASCEND950","3","ASC950-SIGN-0010","数据/card-completeness.csv","card_completeness_id","CC-M2W3-HUAWEI-ASC950-PR-IDENTITY","审计/子代理交接/m2_staging/M2-W3-HUAWEI-ASCEND950-PHYSICAL/structured/card-completeness.csv","c58424d5e9af992122aa2421516be5c64c4570ce8ad60d9c9bf5d773cf1b5de3","6444","draft","reviewed","","","","4401c821206a940322dc567a7cef921ce00bc3e756a0e8fb52ae9f591961ebc4","4401c821206a940322dc567a7cef921ce00bc3e756a0e8fb52ae9f591961ebc4","1046dd0b1da1e8e42bc7709483b3c790091430dd7f3712044c4581e8cf92f3de","a046bf3d9c7c88d1204a2f12e24c1ea654aa9ddd85115b2089c50f2de21c738b","74967"
"BUNDLE-ASCEND950-ASC950-SIGN-0011","ASCEND950","3","ASC950-SIGN-0011","数据/card-completeness.csv","card_completeness_id","CC-M2W3-HUAWEI-ASC950-PR-PHYSICAL","审计/子代理交接/m2_staging/M2-W3-HUAWEI-ASCEND950-PHYSICAL/structured/card-completeness.csv","c58424d5e9af992122aa2421516be5c64c4570ce8ad60d9c9bf5d773cf1b5de3","6444","draft","reviewed","","","","147aefb2edf748d6e71afa2c6730f1eabf344b09520a0553ef90d5ec679500eb","147aefb2edf748d6e71afa2c6730f1eabf344b09520a0553ef90d5ec679500eb","9c44bbb17da2ad1889cf57e0f7bb56b959de6cd33b5783da9cc5c03a119088eb","a046bf3d9c7c88d1204a2f12e24c1ea654aa9ddd85115b2089c50f2de21c738b","74967"
"BUNDLE-ASCEND950-ASC950-SIGN-0012","ASCEND950","3","ASC950-SIGN-0012","数据/card-completeness.csv","card_completeness_id","CC-M2W3-HUAWEI-ASC950-PR-COMPUTE","审计/子代理交接/m2_staging/M2-W3-HUAWEI-ASCEND950-PHYSICAL/structured/card-completeness.csv","c58424d5e9af992122aa2421516be5c64c4570ce8ad60d9c9bf5d773cf1b5de3","6444","draft","reviewed","","","","7560b178a723eb3edef233776b86ea5259d7d5d41a38190bfa22aac7dfb2f20b","7560b178a723eb3edef233776b86ea5259d7d5d41a38190bfa22aac7dfb2f20b","9190919f4ed0fef13ee3680e5d138f399e3a83ba4d93a0726368e61e19151ac2","a046bf3d9c7c88d1204a2f12e24c1ea654aa9ddd85115b2089c50f2de21c738b","74967"
"BUNDLE-ASCEND950-ASC950-SIGN-0013","ASCEND950","3","ASC950-SIGN-0013","数据/card-completeness.csv","card_completeness_id","CC-M2W3-HUAWEI-ASC950-PR-NUMERICS","审计/子代理交接/m2_staging/M2-W3-HUAWEI-ASCEND950-PHYSICAL/structured/card-completeness.csv","c58424d5e9af992122aa2421516be5c64c4570ce8ad60d9c9bf5d773cf1b5de3","6444","draft","reviewed","","","","27c6135905720ca812c594d372e7d0aaef646b540a4b13b7caa560c3df07bfb5","27c6135905720ca812c594d372e7d0aaef646b540a4b13b7caa560c3df07bfb5","e1caeeed59b59835022be564b458046269b151afc56d23288f9b13150fb48ed7","a046bf3d9c7c88d1204a2f12e24c1ea654aa9ddd85115b2089c50f2de21c738b","74967"
"BUNDLE-ASCEND950-ASC950-SIGN-0014","ASCEND950","3","ASC950-SIGN-0014","数据/card-completeness.csv","card_completeness_id","CC-M2W3-HUAWEI-ASC950-PR-MEMORY","审计/子代理交接/m2_staging/M2-W3-HUAWEI-ASCEND950-PHYSICAL/structured/card-completeness.csv","c58424d5e9af992122aa2421516be5c64c4570ce8ad60d9c9bf5d773cf1b5de3","6444","draft","reviewed","","","","5f0bb2485385f034fe4f7caba9360935a20ef76287c67fe8d4ef7c730918bbef","5f0bb2485385f034fe4f7caba9360935a20ef76287c67fe8d4ef7c730918bbef","32afea2c4def7dce67a4166f2f1727c81b86719a0d5354ae066fd1c89f31a8a7","a046bf3d9c7c88d1204a2f12e24c1ea654aa9ddd85115b2089c50f2de21c738b","74967"
"BUNDLE-ASCEND950-ASC950-SIGN-0015","ASCEND950","3","ASC950-SIGN-0015","数据/card-completeness.csv","card_completeness_id","CC-M2W3-HUAWEI-ASC950-PR-INTERCONNECT","审计/子代理交接/m2_staging/M2-W3-HUAWEI-ASCEND950-PHYSICAL/structured/card-completeness.csv","c58424d5e9af992122aa2421516be5c64c4570ce8ad60d9c9bf5d773cf1b5de3","6444","draft","reviewed","","","","c30a44f18e84c4680804d5b2771b4883ce6521b4c55c5af05d90282e3f01a1ac","c30a44f18e84c4680804d5b2771b4883ce6521b4c55c5af05d90282e3f01a1ac","63342c4078264ef40c6ef999039fa5928f2e201d4bf90252ac039f5072b47d79","a046bf3d9c7c88d1204a2f12e24c1ea654aa9ddd85115b2089c50f2de21c738b","74967"
"BUNDLE-ASCEND950-ASC950-SIGN-0016","ASCEND950","3","ASC950-SIGN-0016","数据/card-completeness.csv","card_completeness_id","CC-M2W3-HUAWEI-ASC950-PR-SPECIAL_ENGINES","审计/子代理交接/m2_staging/M2-W3-HUAWEI-ASCEND950-PHYSICAL/structured/card-completeness.csv","c58424d5e9af992122aa2421516be5c64c4570ce8ad60d9c9bf5d773cf1b5de3","6444","draft","reviewed","","","","3b08b619f3c5ee80b9a076ee4a11f65705700cd0a2deb254b58f6de6959d7883","3b08b619f3c5ee80b9a076ee4a11f65705700cd0a2deb254b58f6de6959d7883","39b9a858b990b4e20aada6cb6d0e061c54aba92a559274c22b61cc868336ff3a","a046bf3d9c7c88d1204a2f12e24c1ea654aa9ddd85115b2089c50f2de21c738b","74967"
"BUNDLE-ASCEND950-ASC950-SIGN-0017","ASCEND950","3","ASC950-SIGN-0017","数据/card-completeness.csv","card_completeness_id","CC-M2W3-HUAWEI-ASC950-PR-SOFTWARE","审计/子代理交接/m2_staging/M2-W3-HUAWEI-ASCEND950-PHYSICAL/structured/card-completeness.csv","c58424d5e9af992122aa2421516be5c64c4570ce8ad60d9c9bf5d773cf1b5de3","6444","draft","reviewed","","","","a022354262d1a87089abc0aeb8a90379094e00a9b6a7e8b3aee59cc8f2fd7a32","a022354262d1a87089abc0aeb8a90379094e00a9b6a7e8b3aee59cc8f2fd7a32","ce6b6daf79fb987fe7463356e93c96c22846f9908c865b9a5294abc82b148b4b","a046bf3d9c7c88d1204a2f12e24c1ea654aa9ddd85115b2089c50f2de21c738b","74967"
"BUNDLE-ASCEND950-ASC950-SIGN-0018","ASCEND950","3","ASC950-SIGN-0018","数据/card-completeness.csv","card_completeness_id","CC-M2W3-HUAWEI-ASC950-PR-EVIDENCE","审计/子代理交接/m2_staging/M2-W3-HUAWEI-ASCEND950-PHYSICAL/structured/card-completeness.csv","c58424d5e9af992122aa2421516be5c64c4570ce8ad60d9c9bf5d773cf1b5de3","6444","draft","reviewed","","","","7c5add810a7ddbb981db339b631a329be1f9d3dec2d7495082784f2abb4a7b1a","7c5add810a7ddbb981db339b631a329be1f9d3dec2d7495082784f2abb4a7b1a","0601b0a5178e3d481415b5f918264cd49f025ba97eca75e243296da27e5227e7","a046bf3d9c7c88d1204a2f12e24c1ea654aa9ddd85115b2089c50f2de21c738b","74967"
"BUNDLE-ASCEND950-ASC950-SIGN-0019","ASCEND950","3","ASC950-SIGN-0019","数据/card-completeness.csv","card_completeness_id","CC-M2W3-HUAWEI-ASC950-DT-IDENTITY","审计/子代理交接/m2_staging/M2-W3-HUAWEI-ASCEND950-PHYSICAL/structured/card-completeness.csv","c58424d5e9af992122aa2421516be5c64c4570ce8ad60d9c9bf5d773cf1b5de3","6444","draft","reviewed","","","","a53ad46f3e45b1312fd1590a787b71a6a48215ae3da12516d7f41ffdeb23d5e8","a53ad46f3e45b1312fd1590a787b71a6a48215ae3da12516d7f41ffdeb23d5e8","ee928b7a2e2f9c9f488b440061df7976434a33ab82f835a9a3729a4cf2f0e1b2","a046bf3d9c7c88d1204a2f12e24c1ea654aa9ddd85115b2089c50f2de21c738b","74967"
"BUNDLE-ASCEND950-ASC950-SIGN-0020","ASCEND950","3","ASC950-SIGN-0020","数据/card-completeness.csv","card_completeness_id","CC-M2W3-HUAWEI-ASC950-DT-PHYSICAL","审计/子代理交接/m2_staging/M2-W3-HUAWEI-ASCEND950-PHYSICAL/structured/card-completeness.csv","c58424d5e9af992122aa2421516be5c64c4570ce8ad60d9c9bf5d773cf1b5de3","6444","draft","reviewed","","","","689ae51853b01139af23e2a506c3ba74f68440e8ba12ec0ab264ca5227c34857","689ae51853b01139af23e2a506c3ba74f68440e8ba12ec0ab264ca5227c34857","e6d5f3fa4ed13f6dbcb084c974d23cca4e5c11555c397e26bdf07c9a0c462761","a046bf3d9c7c88d1204a2f12e24c1ea654aa9ddd85115b2089c50f2de21c738b","74967"
"BUNDLE-ASCEND950-ASC950-SIGN-0021","ASCEND950","3","ASC950-SIGN-0021","数据/card-completeness.csv","card_completeness_id","CC-M2W3-HUAWEI-ASC950-DT-COMPUTE","审计/子代理交接/m2_staging/M2-W3-HUAWEI-ASCEND950-PHYSICAL/structured/card-completeness.csv","c58424d5e9af992122aa2421516be5c64c4570ce8ad60d9c9bf5d773cf1b5de3","6444","draft","reviewed","","","","93ee2af0a542108113014c5155594c3b4c478d84845af8bcd2c75a74aa25a3e8","93ee2af0a542108113014c5155594c3b4c478d84845af8bcd2c75a74aa25a3e8","20feb6ad06ed7e8003c34cf278003439fb2cb593284db1f6ecee6e504ad68a85","a046bf3d9c7c88d1204a2f12e24c1ea654aa9ddd85115b2089c50f2de21c738b","74967"
"BUNDLE-ASCEND950-ASC950-SIGN-0022","ASCEND950","3","ASC950-SIGN-0022","数据/card-completeness.csv","card_completeness_id","CC-M2W3-HUAWEI-ASC950-DT-NUMERICS","审计/子代理交接/m2_staging/M2-W3-HUAWEI-ASCEND950-PHYSICAL/structured/card-completeness.csv","c58424d5e9af992122aa2421516be5c64c4570ce8ad60d9c9bf5d773cf1b5de3","6444","draft","reviewed","","","","da29a4e2dca79d9995858fcb7c2153f2820b7f1157e2cadc8508810de6f2d433","da29a4e2dca79d9995858fcb7c2153f2820b7f1157e2cadc8508810de6f2d433","15284919dfd758ef84198d761e1e4590551215d60710f3c5191a03d3c496b074","a046bf3d9c7c88d1204a2f12e24c1ea654aa9ddd85115b2089c50f2de21c738b","74967"
"BUNDLE-ASCEND950-ASC950-SIGN-0023","ASCEND950","3","ASC950-SIGN-0023","数据/card-completeness.csv","card_completeness_id","CC-M2W3-HUAWEI-ASC950-DT-MEMORY","审计/子代理交接/m2_staging/M2-W3-HUAWEI-ASCEND950-PHYSICAL/structured/card-completeness.csv","c58424d5e9af992122aa2421516be5c64c4570ce8ad60d9c9bf5d773cf1b5de3","6444","draft","reviewed","","","","b5697e33c702e98d3c3670a3ef3efcab7379fd2d4e132889fe5b2f5b4956e9e3","b5697e33c702e98d3c3670a3ef3efcab7379fd2d4e132889fe5b2f5b4956e9e3","c540b0eef42530d480c545fd64c6bb532e6049d7ff7e679c56c02034fca358d3","a046bf3d9c7c88d1204a2f12e24c1ea654aa9ddd85115b2089c50f2de21c738b","74967"
"BUNDLE-ASCEND950-ASC950-SIGN-0024","ASCEND950","3","ASC950-SIGN-0024","数据/card-completeness.csv","card_completeness_id","CC-M2W3-HUAWEI-ASC950-DT-INTERCONNECT","审计/子代理交接/m2_staging/M2-W3-HUAWEI-ASCEND950-PHYSICAL/structured/card-completeness.csv","c58424d5e9af992122aa2421516be5c64c4570ce8ad60d9c9bf5d773cf1b5de3","6444","draft","reviewed","","","","e225eb20ae3966eb03a047044aafd19e3572ab9686c758ff7c03724ed0af6f32","e225eb20ae3966eb03a047044aafd19e3572ab9686c758ff7c03724ed0af6f32","18ac2cbd3cea8268e83040c22e9625f755a5241785fe3d33c07cad26ef302fc6","a046bf3d9c7c88d1204a2f12e24c1ea654aa9ddd85115b2089c50f2de21c738b","74967"
"BUNDLE-ASCEND950-ASC950-SIGN-0025","ASCEND950","3","ASC950-SIGN-0025","数据/card-completeness.csv","card_completeness_id","CC-M2W3-HUAWEI-ASC950-DT-SPECIAL_ENGINES","审计/子代理交接/m2_staging/M2-W3-HUAWEI-ASCEND950-PHYSICAL/structured/card-completeness.csv","c58424d5e9af992122aa2421516be5c64c4570ce8ad60d9c9bf5d773cf1b5de3","6444","draft","reviewed","","","","8b6e8b501084fd16d063b2af72594268347860ad4dc8345ced5f484334a557b1","8b6e8b501084fd16d063b2af72594268347860ad4dc8345ced5f484334a557b1","18b3fc78ea819a66fa0d3ba220a881bf8349b2a8016c6e204f032d378a1da977","a046bf3d9c7c88d1204a2f12e24c1ea654aa9ddd85115b2089c50f2de21c738b","74967"
"BUNDLE-ASCEND950-ASC950-SIGN-0026","ASCEND950","3","ASC950-SIGN-0026","数据/card-completeness.csv","card_completeness_id","CC-M2W3-HUAWEI-ASC950-DT-SOFTWARE","审计/子代理交接/m2_staging/M2-W3-HUAWEI-ASCEND950-PHYSICAL/structured/card-completeness.csv","c58424d5e9af992122aa2421516be5c64c4570ce8ad60d9c9bf5d773cf1b5de3","6444","draft","reviewed","","","","7b81e1c6f3e57eec3e27218522f01be4fcfebb023cbbb03753a29fe6422ac860","7b81e1c6f3e57eec3e27218522f01be4fcfebb023cbbb03753a29fe6422ac860","43e7e857a6be060bf88e76f4af635e5be88ee0fb04a55be5e924649348ea27b0","a046bf3d9c7c88d1204a2f12e24c1ea654aa9ddd85115b2089c50f2de21c738b","74967"
"BUNDLE-ASCEND950-ASC950-SIGN-0027","ASCEND950","3","ASC950-SIGN-0027","数据/card-completeness.csv","card_completeness_id","CC-M2W3-HUAWEI-ASC950-DT-EVIDENCE","审计/子代理交接/m2_staging/M2-W3-HUAWEI-ASCEND950-PHYSICAL/structured/card-completeness.csv","c58424d5e9af992122aa2421516be5c64c4570ce8ad60d9c9bf5d773cf1b5de3","6444","draft","reviewed","","","","49db66fa397ff34e5a922dab0a693a45875ad27569520573ec79448fb870621d","49db66fa397ff34e5a922dab0a693a45875ad27569520573ec79448fb870621d","9a583af2a2f662b91110dfe6574cded1b4f41abfb6aa655ec97c2cddc6813e0f","a046bf3d9c7c88d1204a2f12e24c1ea654aa9ddd85115b2089c50f2de21c738b","74967"
"BUNDLE-ASCEND950-ASC950-SIGN-0028","ASCEND950","3","ASC950-SIGN-0028","数据/components.csv","component_id","COMP-M2W3-HUAWEI-ASC950-DIE-AI-PEAK","审计/子代理交接/m2_staging/M2-W3-HUAWEI-ASCEND950-PHYSICAL/structured/components.csv","a5a7989496d1c687328925502cfe81aeaaf975fa8f7f1dce50e85d0de8b70abd","1269","draft","reviewed","","","","bfeb0d7b48d0ec4933af64f886ab94dfcadc5ae665694f8fb4f35f1c95529d4a","bfeb0d7b48d0ec4933af64f886ab94dfcadc5ae665694f8fb4f35f1c95529d4a","162a75c06805224a820d397acb4398288628e0f90ea17e8c2384feb76a6a9e5f","506243dd2d4f48b281197d5113133e6591f19d14c4c818e0ef140c5039088cd6","43819"
"BUNDLE-ASCEND950-ASC950-SIGN-0029","ASCEND950","3","ASC950-SIGN-0029","数据/components.csv","component_id","COMP-M2W3-HUAWEI-ASC950-DIE-VECTOR","审计/子代理交接/m2_staging/M2-W3-HUAWEI-ASCEND950-PHYSICAL/structured/components.csv","a5a7989496d1c687328925502cfe81aeaaf975fa8f7f1dce50e85d0de8b70abd","1269","draft","reviewed","","","","da90633bd8453700dac67d5655c0dfe1d804c197039099588b79b325a79e7e7d","da90633bd8453700dac67d5655c0dfe1d804c197039099588b79b325a79e7e7d","ad194c2dc7e7c5154ba820be741857c5f80be0cdaf708ecf7971b447f080a4d0","506243dd2d4f48b281197d5113133e6591f19d14c4c818e0ef140c5039088cd6","43819"
"BUNDLE-ASCEND950-ASC950-SIGN-0030","ASCEND950","3","ASC950-SIGN-0030","数据/components.csv","component_id","COMP-M2W3-HUAWEI-ASC950-DIE-MEMACCESS","审计/子代理交接/m2_staging/M2-W3-HUAWEI-ASCEND950-PHYSICAL/structured/components.csv","a5a7989496d1c687328925502cfe81aeaaf975fa8f7f1dce50e85d0de8b70abd","1269","draft","reviewed","","","","d4d73bc53f888144434b1e03467772fcd21883a0a73e7a8132a17f5b1a8c80be","d4d73bc53f888144434b1e03467772fcd21883a0a73e7a8132a17f5b1a8c80be","8d16bc386987a2e5549bb770d7427794b3c5b681a95a0966c631e57ceb36d460","506243dd2d4f48b281197d5113133e6591f19d14c4c818e0ef140c5039088cd6","43819"
"BUNDLE-ASCEND950-ASC950-SIGN-0031","ASCEND950","3","ASC950-SIGN-0031","数据/components.csv","component_id","COMP-M2W3-HUAWEI-ASC950PR-VENDOR-PEAK","审计/子代理交接/m2_staging/M2-W3-HUAWEI-ASCEND950-PHYSICAL/structured/components.csv","a5a7989496d1c687328925502cfe81aeaaf975fa8f7f1dce50e85d0de8b70abd","1269","draft","reviewed","","","","b35353ee1c816f37cac7f6119f6c3ef8729b80dcb35b2d7baca6021264a9b580","b35353ee1c816f37cac7f6119f6c3ef8729b80dcb35b2d7baca6021264a9b580","48c5044183708b37119d73d94652f01ea8b92fd740b22be2c8649a3a72190f45","506243dd2d4f48b281197d5113133e6591f19d14c4c818e0ef140c5039088cd6","43819"
"BUNDLE-ASCEND950-ASC950-SIGN-0032","ASCEND950","3","ASC950-SIGN-0032","数据/components.csv","component_id","COMP-M2W3-HUAWEI-ASC950PR-HIBL1","审计/子代理交接/m2_staging/M2-W3-HUAWEI-ASCEND950-PHYSICAL/structured/components.csv","a5a7989496d1c687328925502cfe81aeaaf975fa8f7f1dce50e85d0de8b70abd","1269","draft","reviewed","","","","ca37b7131fb80cedb924cc912f8756bdf26d6dd26985d50aef705724da6ecc8e","ca37b7131fb80cedb924cc912f8756bdf26d6dd26985d50aef705724da6ecc8e","7004acaae7b7d9637d430ac5348766a966ac4cbf994606bbf5f83a4dfdfe787f","506243dd2d4f48b281197d5113133e6591f19d14c4c818e0ef140c5039088cd6","43819"
"BUNDLE-ASCEND950-ASC950-SIGN-0033","ASCEND950","3","ASC950-SIGN-0033","数据/components.csv","component_id","COMP-M2W3-HUAWEI-ASC950DT-HIZQ2","审计/子代理交接/m2_staging/M2-W3-HUAWEI-ASCEND950-PHYSICAL/structured/components.csv","a5a7989496d1c687328925502cfe81aeaaf975fa8f7f1dce50e85d0de8b70abd","1269","draft","reviewed","","","","797af98417ea91312494019c015f60d807b091d840084fe151ecc5a243385331","797af98417ea91312494019c015f60d807b091d840084fe151ecc5a243385331","66bd4b4357eb76601ea2c0eab85ec8c3f59a48da4817264cdc82d47ac8a069c1","506243dd2d4f48b281197d5113133e6591f19d14c4c818e0ef140c5039088cd6","43819"
"BUNDLE-ASCEND950-ASC950-SIGN-0034","ASCEND950","3","ASC950-SIGN-0034","数据/condition-sets.csv","condition_set_id","COND-M2W3-HUAWEI-ASC950-DIE-FP8-ROADMAP","审计/子代理交接/m2_staging/M2-W3-HUAWEI-ASCEND950-PHYSICAL/structured/condition-sets.csv","fd41c740e82fe579a2c40f116b6749ea599031aaaf2b849284f2672d9b07aaac","4634","needs_resolution","needs_resolution","","","","6bc0ee22bc66422fe3e33b42ad6d9c15d6c7095746303d3d26bd55f4a9d8bea9","6bc0ee22bc66422fe3e33b42ad6d9c15d6c7095746303d3d26bd55f4a9d8bea9","6bc0ee22bc66422fe3e33b42ad6d9c15d6c7095746303d3d26bd55f4a9d8bea9","c80a2e5e5cf98e90a2902c871ca64093d3e9f572a871eedfa1f806d304bd94c3","59126"
"BUNDLE-ASCEND950-ASC950-SIGN-0035","ASCEND950","3","ASC950-SIGN-0035","数据/condition-sets.csv","condition_set_id","COND-M2W3-HUAWEI-ASC950-DIE-MXFP8-ROADMAP","审计/子代理交接/m2_staging/M2-W3-HUAWEI-ASCEND950-PHYSICAL/structured/condition-sets.csv","fd41c740e82fe579a2c40f116b6749ea599031aaaf2b849284f2672d9b07aaac","4634","needs_resolution","needs_resolution","","","","bd97b5a1e5523b0e1a76dff9c37f1674bc7dabb2a8edf3995c5b888f1bb64107","bd97b5a1e5523b0e1a76dff9c37f1674bc7dabb2a8edf3995c5b888f1bb64107","bd97b5a1e5523b0e1a76dff9c37f1674bc7dabb2a8edf3995c5b888f1bb64107","c80a2e5e5cf98e90a2902c871ca64093d3e9f572a871eedfa1f806d304bd94c3","59126"
"BUNDLE-ASCEND950-ASC950-SIGN-0036","ASCEND950","3","ASC950-SIGN-0036","数据/condition-sets.csv","condition_set_id","COND-M2W3-HUAWEI-ASC950-DIE-HIF8-ROADMAP","审计/子代理交接/m2_staging/M2-W3-HUAWEI-ASCEND950-PHYSICAL/structured/condition-sets.csv","fd41c740e82fe579a2c40f116b6749ea599031aaaf2b849284f2672d9b07aaac","4634","needs_resolution","needs_resolution","","","","b5a9edcefd249a3a1c92facd29241020d1ba27af38a5054b63c99a6965383d27","b5a9edcefd249a3a1c92facd29241020d1ba27af38a5054b63c99a6965383d27","b5a9edcefd249a3a1c92facd29241020d1ba27af38a5054b63c99a6965383d27","c80a2e5e5cf98e90a2902c871ca64093d3e9f572a871eedfa1f806d304bd94c3","59126"
"BUNDLE-ASCEND950-ASC950-SIGN-0037","ASCEND950","3","ASC950-SIGN-0037","数据/condition-sets.csv","condition_set_id","COND-M2W3-HUAWEI-ASC950-DIE-MXFP4-ROADMAP","审计/子代理交接/m2_staging/M2-W3-HUAWEI-ASCEND950-PHYSICAL/structured/condition-sets.csv","fd41c740e82fe579a2c40f116b6749ea599031aaaf2b849284f2672d9b07aaac","4634","needs_resolution","needs_resolution","","","","3f167ee7c38d25c5207f853ed79e0fc22b3afc2819090ecbc345ba640c868cbd","3f167ee7c38d25c5207f853ed79e0fc22b3afc2819090ecbc345ba640c868cbd","3f167ee7c38d25c5207f853ed79e0fc22b3afc2819090ecbc345ba640c868cbd","c80a2e5e5cf98e90a2902c871ca64093d3e9f572a871eedfa1f806d304bd94c3","59126"
"BUNDLE-ASCEND950-ASC950-SIGN-0038","ASCEND950","3","ASC950-SIGN-0038","数据/condition-sets.csv","condition_set_id","COND-M2W3-HUAWEI-ASC950-DIE-MECHANISM-ROADMAP","审计/子代理交接/m2_staging/M2-W3-HUAWEI-ASCEND950-PHYSICAL/structured/condition-sets.csv","fd41c740e82fe579a2c40f116b6749ea599031aaaf2b849284f2672d9b07aaac","4634","needs_resolution","needs_resolution","","","","0fe5ec57536ce37aab809cc0c29a7479df32228a5755e7b52ee6a159b7d83ecc","0fe5ec57536ce37aab809cc0c29a7479df32228a5755e7b52ee6a159b7d83ecc","0fe5ec57536ce37aab809cc0c29a7479df32228a5755e7b52ee6a159b7d83ecc","c80a2e5e5cf98e90a2902c871ca64093d3e9f572a871eedfa1f806d304bd94c3","59126"
"BUNDLE-ASCEND950-ASC950-SIGN-0039","ASCEND950","3","ASC950-SIGN-0039","数据/condition-sets.csv","condition_set_id","COND-M2W3-HUAWEI-ASC950-DIE-INTERCONNECT-ROADMAP","审计/子代理交接/m2_staging/M2-W3-HUAWEI-ASCEND950-PHYSICAL/structured/condition-sets.csv","fd41c740e82fe579a2c40f116b6749ea599031aaaf2b849284f2672d9b07aaac","4634","needs_resolution","needs_resolution","","","","2cdcdb63e4e2d4dbdd02e299f7ca6713312b6e90a81513335e931342cf5a07a3","2cdcdb63e4e2d4dbdd02e299f7ca6713312b6e90a81513335e931342cf5a07a3","2cdcdb63e4e2d4dbdd02e299f7ca6713312b6e90a81513335e931342cf5a07a3","c80a2e5e5cf98e90a2902c871ca64093d3e9f572a871eedfa1f806d304bd94c3","59126"
"BUNDLE-ASCEND950-ASC950-SIGN-0040","ASCEND950","3","ASC950-SIGN-0040","数据/condition-sets.csv","condition_set_id","COND-M2W3-HUAWEI-ASC950PR-EMBEDDED-STATUS-20260320","审计/子代理交接/m2_staging/M2-W3-HUAWEI-ASCEND950-PHYSICAL/structured/condition-sets.csv","fd41c740e82fe579a2c40f116b6749ea599031aaaf2b849284f2672d9b07aaac","4634","needs_resolution","needs_resolution","","","","391efb32fc2839a7a747d5d919a733d16b4c3e449b7d07a59b5f58ee73e5a1a5","391efb32fc2839a7a747d5d919a733d16b4c3e449b7d07a59b5f58ee73e5a1a5","391efb32fc2839a7a747d5d919a733d16b4c3e449b7d07a59b5f58ee73e5a1a5","c80a2e5e5cf98e90a2902c871ca64093d3e9f572a871eedfa1f806d304bd94c3","59126"
"BUNDLE-ASCEND950-ASC950-SIGN-0041","ASCEND950","3","ASC950-SIGN-0041","数据/condition-sets.csv","condition_set_id","COND-M2W3-HUAWEI-ASC950PR-MEMORY-CURRENT-20260813","审计/子代理交接/m2_staging/M2-W3-HUAWEI-ASCEND950-PHYSICAL/structured/condition-sets.csv","fd41c740e82fe579a2c40f116b6749ea599031aaaf2b849284f2672d9b07aaac","4634","draft","reviewed","","","","775a05980b43e2fb1c75f1951157816193f01274e021b357ff3fb3acef0c4d93","775a05980b43e2fb1c75f1951157816193f01274e021b357ff3fb3acef0c4d93","deb771eacdfe8abab0834e0aee7f026351186db1356b1e98d650d0b9df0faa4e","c80a2e5e5cf98e90a2902c871ca64093d3e9f572a871eedfa1f806d304bd94c3","59126"
"BUNDLE-ASCEND950-ASC950-SIGN-0042","ASCEND950","3","ASC950-SIGN-0042","数据/condition-sets.csv","condition_set_id","COND-M2W3-HUAWEI-ASC950PR-VENDOR-MAX-CURRENT-20260813","审计/子代理交接/m2_staging/M2-W3-HUAWEI-ASCEND950-PHYSICAL/structured/condition-sets.csv","fd41c740e82fe579a2c40f116b6749ea599031aaaf2b849284f2672d9b07aaac","4634","needs_resolution","needs_resolution","","","","5aabd01f668545832ffe77d69a836237c1dae233e25f208a5e43e6fc823f137f","5aabd01f668545832ffe77d69a836237c1dae233e25f208a5e43e6fc823f137f","5aabd01f668545832ffe77d69a836237c1dae233e25f208a5e43e6fc823f137f","c80a2e5e5cf98e90a2902c871ca64093d3e9f572a871eedfa1f806d304bd94c3","59126"
"BUNDLE-ASCEND950-ASC950-SIGN-0043","ASCEND950","3","ASC950-SIGN-0043","数据/condition-sets.csv","condition_set_id","COND-M2W3-HUAWEI-ASC950PR-LINGQU2-CURRENT-20260813","审计/子代理交接/m2_staging/M2-W3-HUAWEI-ASCEND950-PHYSICAL/structured/condition-sets.csv","fd41c740e82fe579a2c40f116b6749ea599031aaaf2b849284f2672d9b07aaac","4634","draft","reviewed","","","","adef313e9a4b820ddeb99e776d33cd55f7a8e7ce37fe2ea93c89421d2a67ba24","adef313e9a4b820ddeb99e776d33cd55f7a8e7ce37fe2ea93c89421d2a67ba24","362ddddcc7b109dab52ef9226fb2f81b0f844590543f61098d22d52855338a7e","c80a2e5e5cf98e90a2902c871ca64093d3e9f572a871eedfa1f806d304bd94c3","59126"
"BUNDLE-ASCEND950-ASC950-SIGN-0044","ASCEND950","3","ASC950-SIGN-0044","数据/condition-sets.csv","condition_set_id","COND-M2W3-HUAWEI-ASC950DT-ROADMAP-20250918","审计/子代理交接/m2_staging/M2-W3-HUAWEI-ASCEND950-PHYSICAL/structured/condition-sets.csv","fd41c740e82fe579a2c40f116b6749ea599031aaaf2b849284f2672d9b07aaac","4634","needs_resolution","needs_resolution","","","","3b10a6e767f3703d6af93dfeb7d1312e9b300a6dc477dfbb0b65b37823bb11ad","3b10a6e767f3703d6af93dfeb7d1312e9b300a6dc477dfbb0b65b37823bb11ad","3b10a6e767f3703d6af93dfeb7d1312e9b300a6dc477dfbb0b65b37823bb11ad","c80a2e5e5cf98e90a2902c871ca64093d3e9f572a871eedfa1f806d304bd94c3","59126"
"BUNDLE-ASCEND950-ASC950-SIGN-0045","ASCEND950","3","ASC950-SIGN-0045","最小参考资料库/fact-assertions.csv","assertion_id","ASSERT-M2W3-HUAWEI-DIE-VENDOR-H2","审计/子代理交接/m2_staging/M2-W3-HUAWEI-ASCEND950-PHYSICAL/structured/fact-assertions.csv","e170e4925fabb45fa7f8b73a9e54e3f07fe3d26af66ac3f99f19735bcca03d25","27207","draft","reviewed","","","","bc1d54670a902cbabeb7b50ffc9fbc81c87b1c3d1e584f90be05de18423e7fba","bc1d54670a902cbabeb7b50ffc9fbc81c87b1c3d1e584f90be05de18423e7fba","dc235988e1a7ff1a0e1a8e7a1c04e7d5d4c0bd686c448f09c4419631c8210893","7066ed9c845dadb801047b9e4cbd2ea50f7af1c9f6d0836a9d5a5115d40fc92b","344531"
"BUNDLE-ASCEND950-ASC950-SIGN-0046","ASCEND950","3","ASC950-SIGN-0046","最小参考资料库/fact-assertions.csv","assertion_id","ASSERT-M2W3-HUAWEI-DIE-FAMILY-H2","审计/子代理交接/m2_staging/M2-W3-HUAWEI-ASCEND950-PHYSICAL/structured/fact-assertions.csv","e170e4925fabb45fa7f8b73a9e54e3f07fe3d26af66ac3f99f19735bcca03d25","27207","draft","reviewed","","","","1dd32a48a199d51b20142719a5787722ee30c441eab1631448663efa31994461","1dd32a48a199d51b20142719a5787722ee30c441eab1631448663efa31994461","5d05da63a1b58af96b7dec84c6ec4a2704d1c33ae6807087710c6cce91db6bec","7066ed9c845dadb801047b9e4cbd2ea50f7af1c9f6d0836a9d5a5115d40fc92b","344531"
"BUNDLE-ASCEND950-ASC950-SIGN-0047","ASCEND950","3","ASC950-SIGN-0047","最小参考资料库/fact-assertions.csv","assertion_id","ASSERT-M2W3-HUAWEI-DIE-NAME-H2","审计/子代理交接/m2_staging/M2-W3-HUAWEI-ASCEND950-PHYSICAL/structured/fact-assertions.csv","e170e4925fabb45fa7f8b73a9e54e3f07fe3d26af66ac3f99f19735bcca03d25","27207","draft","reviewed","","","","0b72b85641826bc9fb84064152db7ea055570fb6909668365b67cdf91d34daa0","0b72b85641826bc9fb84064152db7ea055570fb6909668365b67cdf91d34daa0","15b3cbe39cacbc3631206f1236bcbb9e29f3f090100fe708c6a3f5e7a3c288b3","7066ed9c845dadb801047b9e4cbd2ea50f7af1c9f6d0836a9d5a5115d40fc92b","344531"
"BUNDLE-ASCEND950-ASC950-SIGN-0048","ASCEND950","3","ASC950-SIGN-0048","最小参考资料库/fact-assertions.csv","assertion_id","ASSERT-M2W3-HUAWEI-DIE-TYPE-H2","审计/子代理交接/m2_staging/M2-W3-HUAWEI-ASCEND950-PHYSICAL/structured/fact-assertions.csv","e170e4925fabb45fa7f8b73a9e54e3f07fe3d26af66ac3f99f19735bcca03d25","27207","draft","reviewed","","","","f34608d06ebf3cd3ac7035ea937cbef0eec09a7e4c38ff2e0565a14d8137457a","f34608d06ebf3cd3ac7035ea937cbef0eec09a7e4c38ff2e0565a14d8137457a","5b05526d7ce1d01feb4f043cbcbf4d6b64940f64b0b97cdd2d826583408f3697","7066ed9c845dadb801047b9e4cbd2ea50f7af1c9f6d0836a9d5a5115d40fc92b","344531"
"BUNDLE-ASCEND950-ASC950-SIGN-0049","ASCEND950","3","ASC950-SIGN-0049","最小参考资料库/fact-assertions.csv","assertion_id","ASSERT-M2W3-HUAWEI-DIE-RELEASE-H2","审计/子代理交接/m2_staging/M2-W3-HUAWEI-ASCEND950-PHYSICAL/structured/fact-assertions.csv","e170e4925fabb45fa7f8b73a9e54e3f07fe3d26af66ac3f99f19735bcca03d25","27207","draft","reviewed","","","","2cd39d6542ac5e2d1dd551341d749f4133a0d149daec82859c90bcafe3c58a41","2cd39d6542ac5e2d1dd551341d749f4133a0d149daec82859c90bcafe3c58a41","391ba2bf00ec7bbe917f0c03c17a1e7222efa24309b62959ce862d75f6a0f112","7066ed9c845dadb801047b9e4cbd2ea50f7af1c9f6d0836a9d5a5115d40fc92b","344531"
"BUNDLE-ASCEND950-ASC950-SIGN-0050","ASCEND950","3","ASC950-SIGN-0050","最小参考资料库/fact-assertions.csv","assertion_id","ASSERT-M2W3-HUAWEI-DIE-FP8-H2","审计/子代理交接/m2_staging/M2-W3-HUAWEI-ASCEND950-PHYSICAL/structured/fact-assertions.csv","e170e4925fabb45fa7f8b73a9e54e3f07fe3d26af66ac3f99f19735bcca03d25","27207","draft","reviewed","","","","260200c593cced606a2d26212979684b5bdc8bdabb5cf16cc6028e07bdbcc76a","260200c593cced606a2d26212979684b5bdc8bdabb5cf16cc6028e07bdbcc76a","473fe141cdece5f6bd2ddc7edb88869378f6dd0c2baf1cf5b714f72f55db1275","7066ed9c845dadb801047b9e4cbd2ea50f7af1c9f6d0836a9d5a5115d40fc92b","344531"
"BUNDLE-ASCEND950-ASC950-SIGN-0051","ASCEND950","3","ASC950-SIGN-0051","最小参考资料库/fact-assertions.csv","assertion_id","ASSERT-M2W3-HUAWEI-DIE-MXFP8-H2","审计/子代理交接/m2_staging/M2-W3-HUAWEI-ASCEND950-PHYSICAL/structured/fact-assertions.csv","e170e4925fabb45fa7f8b73a9e54e3f07fe3d26af66ac3f99f19735bcca03d25","27207","draft","reviewed","","","","5b8776c00f88b4d62994eb69cf29da29eb5fa3e3ab5e2365dd5f436b0059debd","5b8776c00f88b4d62994eb69cf29da29eb5fa3e3ab5e2365dd5f436b0059debd","04c926ca96093264085be0d24c1c1ebbb1d80dae5bb8fbcb455d7ecb8259f1e0","7066ed9c845dadb801047b9e4cbd2ea50f7af1c9f6d0836a9d5a5115d40fc92b","344531"
"BUNDLE-ASCEND950-ASC950-SIGN-0052","ASCEND950","3","ASC950-SIGN-0052","最小参考资料库/fact-assertions.csv","assertion_id","ASSERT-M2W3-HUAWEI-DIE-HIF8-H2","审计/子代理交接/m2_staging/M2-W3-HUAWEI-ASCEND950-PHYSICAL/structured/fact-assertions.csv","e170e4925fabb45fa7f8b73a9e54e3f07fe3d26af66ac3f99f19735bcca03d25","27207","draft","reviewed","","","","647c4be71202b62f83374823a1f5ccbce70bf6ca1aed4d50fa38b574c5059bd3","647c4be71202b62f83374823a1f5ccbce70bf6ca1aed4d50fa38b574c5059bd3","6dec5ed9dd5a2c3eb666893db7b81983cdade7b3b5ab792a3b6bf9e165c41447","7066ed9c845dadb801047b9e4cbd2ea50f7af1c9f6d0836a9d5a5115d40fc92b","344531"
"BUNDLE-ASCEND950-ASC950-SIGN-0053","ASCEND950","3","ASC950-SIGN-0053","最小参考资料库/fact-assertions.csv","assertion_id","ASSERT-M2W3-HUAWEI-DIE-MXFP4-H2","审计/子代理交接/m2_staging/M2-W3-HUAWEI-ASCEND950-PHYSICAL/structured/fact-assertions.csv","e170e4925fabb45fa7f8b73a9e54e3f07fe3d26af66ac3f99f19735bcca03d25","27207","draft","reviewed","","","","9bf8369f19520672fcc2f79a925dc47291e261205229d338bc19a8977072f31e","9bf8369f19520672fcc2f79a925dc47291e261205229d338bc19a8977072f31e","f0076546b4c4741d750c462714c19decb1babff6e060ce6b513d7916d44aa279","7066ed9c845dadb801047b9e4cbd2ea50f7af1c9f6d0836a9d5a5115d40fc92b","344531"
"BUNDLE-ASCEND950-ASC950-SIGN-0054","ASCEND950","3","ASC950-SIGN-0054","最小参考资料库/fact-assertions.csv","assertion_id","ASSERT-M2W3-HUAWEI-DIE-VECTOR-H2","审计/子代理交接/m2_staging/M2-W3-HUAWEI-ASCEND950-PHYSICAL/structured/fact-assertions.csv","e170e4925fabb45fa7f8b73a9e54e3f07fe3d26af66ac3f99f19735bcca03d25","27207","draft","reviewed","","","","e65e022485901976232a4ecd19818167dd0934b9dcea7125660fdf74aac1a91c","e65e022485901976232a4ecd19818167dd0934b9dcea7125660fdf74aac1a91c","1f12add4baa79e6398f8c2b7a16ac35ff72f9af887b5aaccce3ac2f28de32959","7066ed9c845dadb801047b9e4cbd2ea50f7af1c9f6d0836a9d5a5115d40fc92b","344531"
"BUNDLE-ASCEND950-ASC950-SIGN-0055","ASCEND950","3","ASC950-SIGN-0055","最小参考资料库/fact-assertions.csv","assertion_id","ASSERT-M2W3-HUAWEI-DIE-GRAN-H2","审计/子代理交接/m2_staging/M2-W3-HUAWEI-ASCEND950-PHYSICAL/structured/fact-assertions.csv","e170e4925fabb45fa7f8b73a9e54e3f07fe3d26af66ac3f99f19735bcca03d25","27207","draft","reviewed","","","","ef68147199e170cf688f435826814dfbf5327d57930a71581ebdbab4b370f90f","ef68147199e170cf688f435826814dfbf5327d57930a71581ebdbab4b370f90f","26ec9405994e7c38747b92e206c8a75c604e45c45f1446ac36df28807416a217","7066ed9c845dadb801047b9e4cbd2ea50f7af1c9f6d0836a9d5a5115d40fc92b","344531"
"BUNDLE-ASCEND950-ASC950-SIGN-0056","ASCEND950","3","ASC950-SIGN-0056","最小参考资料库/fact-assertions.csv","assertion_id","ASSERT-M2W3-HUAWEI-DIE-LINK-H2","审计/子代理交接/m2_staging/M2-W3-HUAWEI-ASCEND950-PHYSICAL/structured/fact-assertions.csv","e170e4925fabb45fa7f8b73a9e54e3f07fe3d26af66ac3f99f19735bcca03d25","27207","draft","reviewed","","","","559856d1ecab7474b030aa0b1de2c274a96a083bfb528343b0e744739fc2cc85","559856d1ecab7474b030aa0b1de2c274a96a083bfb528343b0e744739fc2cc85","348e46c27f96a4f194be8073f996d67b44f00e868de52e2168ce42e1e8d716fe","7066ed9c845dadb801047b9e4cbd2ea50f7af1c9f6d0836a9d5a5115d40fc92b","344531"
"BUNDLE-ASCEND950-ASC950-SIGN-0057","ASCEND950","3","ASC950-SIGN-0057","最小参考资料库/fact-assertions.csv","assertion_id","ASSERT-M2W3-HUAWEI-PR-VENDOR-H2","审计/子代理交接/m2_staging/M2-W3-HUAWEI-ASCEND950-PHYSICAL/structured/fact-assertions.csv","e170e4925fabb45fa7f8b73a9e54e3f07fe3d26af66ac3f99f19735bcca03d25","27207","draft","reviewed","","","","d13df3cd68a5705a8016003292b219bbff843ef22b95a4b9d1180adcae934e41","d13df3cd68a5705a8016003292b219bbff843ef22b95a4b9d1180adcae934e41","c9917d18906d89ea602887fc54140c7fdab45784c6b120dd9fed0d2b9bb6a228","7066ed9c845dadb801047b9e4cbd2ea50f7af1c9f6d0836a9d5a5115d40fc92b","344531"
"BUNDLE-ASCEND950-ASC950-SIGN-0058","ASCEND950","3","ASC950-SIGN-0058","最小参考资料库/fact-assertions.csv","assertion_id","ASSERT-M2W3-HUAWEI-PR-VENDOR-H6","审计/子代理交接/m2_staging/M2-W3-HUAWEI-ASCEND950-PHYSICAL/structured/fact-assertions.csv","e170e4925fabb45fa7f8b73a9e54e3f07fe3d26af66ac3f99f19735bcca03d25","27207","draft","reviewed","","","","c4018bccfef2c7c9356e2f069fee777c646f70d21b66d7d5719715a42a2037d6","c4018bccfef2c7c9356e2f069fee777c646f70d21b66d7d5719715a42a2037d6","be3c3f1da47d798f23a0f24b9635c441893efcd84cad39c9fccf572644e2d09f","7066ed9c845dadb801047b9e4cbd2ea50f7af1c9f6d0836a9d5a5115d40fc92b","344531"
"BUNDLE-ASCEND950-ASC950-SIGN-0059","ASCEND950","3","ASC950-SIGN-0059","最小参考资料库/fact-assertions.csv","assertion_id","ASSERT-M2W3-HUAWEI-PR-FAMILY-H2","审计/子代理交接/m2_staging/M2-W3-HUAWEI-ASCEND950-PHYSICAL/structured/fact-assertions.csv","e170e4925fabb45fa7f8b73a9e54e3f07fe3d26af66ac3f99f19735bcca03d25","27207","draft","reviewed","","","","4064bdc20441b159e6ba0e96e7ae4087efa8c479a1b5aea1840707b4817d04ac","4064bdc20441b159e6ba0e96e7ae4087efa8c479a1b5aea1840707b4817d04ac","68b0f43fe3c4dadd68e02969081fce10e5cc310cb8cec3ea77785f7989016b73","7066ed9c845dadb801047b9e4cbd2ea50f7af1c9f6d0836a9d5a5115d40fc92b","344531"
"BUNDLE-ASCEND950-ASC950-SIGN-0060","ASCEND950","3","ASC950-SIGN-0060","最小参考资料库/fact-assertions.csv","assertion_id","ASSERT-M2W3-HUAWEI-PR-NAME-H2","审计/子代理交接/m2_staging/M2-W3-HUAWEI-ASCEND950-PHYSICAL/structured/fact-assertions.csv","e170e4925fabb45fa7f8b73a9e54e3f07fe3d26af66ac3f99f19735bcca03d25","27207","draft","reviewed","","","","b72ae0971b61bfe3dcb0c525d42179a4f6a6090bccd39c8081fffd230a757cc7","b72ae0971b61bfe3dcb0c525d42179a4f6a6090bccd39c8081fffd230a757cc7","81048bf378e172448d5e3fb81b909d3d1fa1a314da3b4b178f232a400c4ac28e","7066ed9c845dadb801047b9e4cbd2ea50f7af1c9f6d0836a9d5a5115d40fc92b","344531"
"BUNDLE-ASCEND950-ASC950-SIGN-0061","ASCEND950","3","ASC950-SIGN-0061","最小参考资料库/fact-assertions.csv","assertion_id","ASSERT-M2W3-HUAWEI-PR-SKU-H2","审计/子代理交接/m2_staging/M2-W3-HUAWEI-ASCEND950-PHYSICAL/structured/fact-assertions.csv","e170e4925fabb45fa7f8b73a9e54e3f07fe3d26af66ac3f99f19735bcca03d25","27207","draft","reviewed","","","","54592132f91c4f3ba0491f4554f54469270bd58367e1d8aa21feb0df73624949","54592132f91c4f3ba0491f4554f54469270bd58367e1d8aa21feb0df73624949","eb8da33218365d3ff0a5d6ddfe0cacc0a76e578bab176d04c08b0b9c88eadc9f","7066ed9c845dadb801047b9e4cbd2ea50f7af1c9f6d0836a9d5a5115d40fc92b","344531"
"BUNDLE-ASCEND950-ASC950-SIGN-0062","ASCEND950","3","ASC950-SIGN-0062","最小参考资料库/fact-assertions.csv","assertion_id","ASSERT-M2W3-HUAWEI-PR-NAME-H6","审计/子代理交接/m2_staging/M2-W3-HUAWEI-ASCEND950-PHYSICAL/structured/fact-assertions.csv","e170e4925fabb45fa7f8b73a9e54e3f07fe3d26af66ac3f99f19735bcca03d25","27207","draft","reviewed","","","","9d78e479df757fe53f524cd6d797f56eb192d8858cbc070b9443157707eb2639","9d78e479df757fe53f524cd6d797f56eb192d8858cbc070b9443157707eb2639","dcbcce722f3ecc18dbd6956792b935ab0af18e11793af0e77d51370527232988","7066ed9c845dadb801047b9e4cbd2ea50f7af1c9f6d0836a9d5a5115d40fc92b","344531"
"BUNDLE-ASCEND950-ASC950-SIGN-0063","ASCEND950","3","ASC950-SIGN-0063","最小参考资料库/fact-assertions.csv","assertion_id","ASSERT-M2W3-HUAWEI-PR-SKU-H6","审计/子代理交接/m2_staging/M2-W3-HUAWEI-ASCEND950-PHYSICAL/structured/fact-assertions.csv","e170e4925fabb45fa7f8b73a9e54e3f07fe3d26af66ac3f99f19735bcca03d25","27207","draft","reviewed","","","","f43e2c1568f37a3b6d44176b3fd7277482c7aee85aca3c8cd855bd1128fba7dc","f43e2c1568f37a3b6d44176b3fd7277482c7aee85aca3c8cd855bd1128fba7dc","9c2a3751a0b187c47e93527020d1efd34f74f176b310828a377dd0dcbbbc3a2f","7066ed9c845dadb801047b9e4cbd2ea50f7af1c9f6d0836a9d5a5115d40fc92b","344531"
"BUNDLE-ASCEND950-ASC950-SIGN-0064","ASCEND950","3","ASC950-SIGN-0064","最小参考资料库/fact-assertions.csv","assertion_id","ASSERT-M2W3-HUAWEI-PR-NAME-H12","审计/子代理交接/m2_staging/M2-W3-HUAWEI-ASCEND950-PHYSICAL/structured/fact-assertions.csv","e170e4925fabb45fa7f8b73a9e54e3f07fe3d26af66ac3f99f19735bcca03d25","27207","draft","reviewed","","","","b1a89a3a9ade5bc4a4c896a1aaab1f7c8331307539b8c8c566dcb64bd33135ee","b1a89a3a9ade5bc4a4c896a1aaab1f7c8331307539b8c8c566dcb64bd33135ee","670e6077908d38f7d27d6b1d53fdcbbcaa66fbd49293e8232ae93a6b2a1cdf58","7066ed9c845dadb801047b9e4cbd2ea50f7af1c9f6d0836a9d5a5115d40fc92b","344531"
"BUNDLE-ASCEND950-ASC950-SIGN-0065","ASCEND950","3","ASC950-SIGN-0065","最小参考资料库/fact-assertions.csv","assertion_id","ASSERT-M2W3-HUAWEI-PR-SKU-H12","审计/子代理交接/m2_staging/M2-W3-HUAWEI-ASCEND950-PHYSICAL/structured/fact-assertions.csv","e170e4925fabb45fa7f8b73a9e54e3f07fe3d26af66ac3f99f19735bcca03d25","27207","draft","reviewed","","","","21296954c8d51e3e4b9e4651983ea993c62136a2f24eecc401334216f80718bb","21296954c8d51e3e4b9e4651983ea993c62136a2f24eecc401334216f80718bb","a4970a995b454f3d17eef230083f129fb671bcd899d6d1061efa322f70df4d80","7066ed9c845dadb801047b9e4cbd2ea50f7af1c9f6d0836a9d5a5115d40fc92b","344531"
"BUNDLE-ASCEND950-ASC950-SIGN-0066","ASCEND950","3","ASC950-SIGN-0066","最小参考资料库/fact-assertions.csv","assertion_id","ASSERT-M2W3-HUAWEI-PR-TYPE-H2","审计/子代理交接/m2_staging/M2-W3-HUAWEI-ASCEND950-PHYSICAL/structured/fact-assertions.csv","e170e4925fabb45fa7f8b73a9e54e3f07fe3d26af66ac3f99f19735bcca03d25","27207","draft","reviewed","","","","97f33455d1f741c69689eaa79450ffd0ed7c18420b10058cf99abb7e3612bee4","97f33455d1f741c69689eaa79450ffd0ed7c18420b10058cf99abb7e3612bee4","8991e789b91c7cd94a25c4b99104586c491547b0e8c39da2c263eaf06db76c21","7066ed9c845dadb801047b9e4cbd2ea50f7af1c9f6d0836a9d5a5115d40fc92b","344531"
"BUNDLE-ASCEND950-ASC950-SIGN-0067","ASCEND950","3","ASC950-SIGN-0067","最小参考资料库/fact-assertions.csv","assertion_id","ASSERT-M2W3-HUAWEI-PR-RELEASE-H2","审计/子代理交接/m2_staging/M2-W3-HUAWEI-ASCEND950-PHYSICAL/structured/fact-assertions.csv","e170e4925fabb45fa7f8b73a9e54e3f07fe3d26af66ac3f99f19735bcca03d25","27207","draft","reviewed","","","","3d370a5add96eee66190d34ce6a310e20a91465498762c50afdfd50a3f2c2c98","3d370a5add96eee66190d34ce6a310e20a91465498762c50afdfd50a3f2c2c98","c47dcedcfee9cac26245f8775c9b45150306e214a9744ab1fd80a63aee509bf6","7066ed9c845dadb801047b9e4cbd2ea50f7af1c9f6d0836a9d5a5115d40fc92b","344531"
"BUNDLE-ASCEND950-ASC950-SIGN-0068","ASCEND950","3","ASC950-SIGN-0068","最小参考资料库/fact-assertions.csv","assertion_id","ASSERT-M2W3-HUAWEI-PR-STATUS-H2","审计/子代理交接/m2_staging/M2-W3-HUAWEI-ASCEND950-PHYSICAL/structured/fact-assertions.csv","e170e4925fabb45fa7f8b73a9e54e3f07fe3d26af66ac3f99f19735bcca03d25","27207","draft","reviewed","","","","d5d66c37b99b4f9f50ab7ef373811cff3144701ac7359deea8365222b8e644e9","d5d66c37b99b4f9f50ab7ef373811cff3144701ac7359deea8365222b8e644e9","fff41b270217619cc80123ff2d99c7eaf10b006a0d89f91fc5c8ff250f0006ad","7066ed9c845dadb801047b9e4cbd2ea50f7af1c9f6d0836a9d5a5115d40fc92b","344531"
"BUNDLE-ASCEND950-ASC950-SIGN-0069","ASCEND950","3","ASC950-SIGN-0069","最小参考资料库/fact-assertions.csv","assertion_id","ASSERT-M2W3-HUAWEI-PR-STATUS-H12","审计/子代理交接/m2_staging/M2-W3-HUAWEI-ASCEND950-PHYSICAL/structured/fact-assertions.csv","e170e4925fabb45fa7f8b73a9e54e3f07fe3d26af66ac3f99f19735bcca03d25","27207","draft","reviewed","","","","16c729920950c38d9d24363467a8c19baef74a086132f524e9e3a3189914a4b6","16c729920950c38d9d24363467a8c19baef74a086132f524e9e3a3189914a4b6","143ef46144038e78a232a6fdd04612e576a9757e558eb9e0481c4dbfa9a47fe5","7066ed9c845dadb801047b9e4cbd2ea50f7af1c9f6d0836a9d5a5115d40fc92b","344531"
"BUNDLE-ASCEND950-ASC950-SIGN-0070","ASCEND950","3","ASC950-SIGN-0070","最小参考资料库/fact-assertions.csv","assertion_id","ASSERT-M2W3-HUAWEI-PR-POS-H2","审计/子代理交接/m2_staging/M2-W3-HUAWEI-ASCEND950-PHYSICAL/structured/fact-assertions.csv","e170e4925fabb45fa7f8b73a9e54e3f07fe3d26af66ac3f99f19735bcca03d25","27207","draft","reviewed","","","","b391380d7eaf4909395f8e570eb878198fb995f729bcc3a6513dea5ad77156f8","b391380d7eaf4909395f8e570eb878198fb995f729bcc3a6513dea5ad77156f8","b0a1afdadd3738fe4f8bc9cb07b05a14226cdc98bba3b2ffebf310d09e78ff19","7066ed9c845dadb801047b9e4cbd2ea50f7af1c9f6d0836a9d5a5115d40fc92b","344531"
"BUNDLE-ASCEND950-ASC950-SIGN-0071","ASCEND950","3","ASC950-SIGN-0071","最小参考资料库/fact-assertions.csv","assertion_id","ASSERT-M2W3-HUAWEI-PR-POS-H6","审计/子代理交接/m2_staging/M2-W3-HUAWEI-ASCEND950-PHYSICAL/structured/fact-assertions.csv","e170e4925fabb45fa7f8b73a9e54e3f07fe3d26af66ac3f99f19735bcca03d25","27207","draft","reviewed","","","","7c37e4d0918bfdba06286feab5cedc65685149de5a490b2e6787b3554e648b9d","7c37e4d0918bfdba06286feab5cedc65685149de5a490b2e6787b3554e648b9d","099db81ccf8deb3e0eab9313a9173817bccb77901a20eb0da36d42d2f7ad9633","7066ed9c845dadb801047b9e4cbd2ea50f7af1c9f6d0836a9d5a5115d40fc92b","344531"
"BUNDLE-ASCEND950-ASC950-SIGN-0072","ASCEND950","3","ASC950-SIGN-0072","最小参考资料库/fact-assertions.csv","assertion_id","ASSERT-M2W3-HUAWEI-PR-DEPLOY-H12","审计/子代理交接/m2_staging/M2-W3-HUAWEI-ASCEND950-PHYSICAL/structured/fact-assertions.csv","e170e4925fabb45fa7f8b73a9e54e3f07fe3d26af66ac3f99f19735bcca03d25","27207","draft","reviewed","","","","c0f055ef0f63c0c068da971e1af865808da2dcf8831414f78185fea158edb824","c0f055ef0f63c0c068da971e1af865808da2dcf8831414f78185fea158edb824","4a2018d408f305cbbb41b5a51843cecb1d01457bc8151f3d4b6da32bb556621b","7066ed9c845dadb801047b9e4cbd2ea50f7af1c9f6d0836a9d5a5115d40fc92b","344531"
"BUNDLE-ASCEND950-ASC950-SIGN-0073","ASCEND950","3","ASC950-SIGN-0073","最小参考资料库/fact-assertions.csv","assertion_id","ASSERT-M2W3-HUAWEI-PR-PKG-H2","审计/子代理交接/m2_staging/M2-W3-HUAWEI-ASCEND950-PHYSICAL/structured/fact-assertions.csv","e170e4925fabb45fa7f8b73a9e54e3f07fe3d26af66ac3f99f19735bcca03d25","27207","draft","reviewed","","","","2f77a4eef576885be319fd4592335e6d375fe19ba8960a695dada701fa9c89f4","2f77a4eef576885be319fd4592335e6d375fe19ba8960a695dada701fa9c89f4","d9ce5ff94d73afae07e5d802defa5ed06cc98f7cfad404af5ea44361396a9582","7066ed9c845dadb801047b9e4cbd2ea50f7af1c9f6d0836a9d5a5115d40fc92b","344531"
"BUNDLE-ASCEND950-ASC950-SIGN-0074","ASCEND950","3","ASC950-SIGN-0074","最小参考资料库/fact-assertions.csv","assertion_id","ASSERT-M2W3-HUAWEI-PR-MEMNAME-H2","审计/子代理交接/m2_staging/M2-W3-HUAWEI-ASCEND950-PHYSICAL/structured/fact-assertions.csv","e170e4925fabb45fa7f8b73a9e54e3f07fe3d26af66ac3f99f19735bcca03d25","27207","draft","reviewed","","","","a8859ce7406e95e2053705b866389b326b33bfbd8e69e15ce0a482e8378547f6","a8859ce7406e95e2053705b866389b326b33bfbd8e69e15ce0a482e8378547f6","4398407b2c7b2f1f846cdff748ead176a2030a8910e7fc37fd61f162d7729dac","7066ed9c845dadb801047b9e4cbd2ea50f7af1c9f6d0836a9d5a5115d40fc92b","344531"
"BUNDLE-ASCEND950-ASC950-SIGN-0075","ASCEND950","3","ASC950-SIGN-0075","最小参考资料库/fact-assertions.csv","assertion_id","ASSERT-M2W3-HUAWEI-PR-MEMCAP-H6","审计/子代理交接/m2_staging/M2-W3-HUAWEI-ASCEND950-PHYSICAL/structured/fact-assertions.csv","e170e4925fabb45fa7f8b73a9e54e3f07fe3d26af66ac3f99f19735bcca03d25","27207","draft","reviewed","","","","d0110936394770e614d3a618d19115546f53ba92b913c4c8cb238b3b640f3a48","d0110936394770e614d3a618d19115546f53ba92b913c4c8cb238b3b640f3a48","55f6b4bfa9020e1a08b8fc4a7b819092de5ca5c8b4747f938702c5ae0c6e1c12","7066ed9c845dadb801047b9e4cbd2ea50f7af1c9f6d0836a9d5a5115d40fc92b","344531"
"BUNDLE-ASCEND950-ASC950-SIGN-0076","ASCEND950","3","ASC950-SIGN-0076","最小参考资料库/fact-assertions.csv","assertion_id","ASSERT-M2W3-HUAWEI-PR-MEMBW-H6","审计/子代理交接/m2_staging/M2-W3-HUAWEI-ASCEND950-PHYSICAL/structured/fact-assertions.csv","e170e4925fabb45fa7f8b73a9e54e3f07fe3d26af66ac3f99f19735bcca03d25","27207","draft","reviewed","","","","04e1ddc795aaf431f5866626fa6f4f0ec62c64d7ed50a6d2e858da0524a4765a","04e1ddc795aaf431f5866626fa6f4f0ec62c64d7ed50a6d2e858da0524a4765a","0e65550ee65245938b27b728f9c273c91b3443911527682d6b2fc6152f44dda0","7066ed9c845dadb801047b9e4cbd2ea50f7af1c9f6d0836a9d5a5115d40fc92b","344531"
"BUNDLE-ASCEND950-ASC950-SIGN-0077","ASCEND950","3","ASC950-SIGN-0077","最小参考资料库/fact-assertions.csv","assertion_id","ASSERT-M2W3-HUAWEI-PR-PEAK-H6","审计/子代理交接/m2_staging/M2-W3-HUAWEI-ASCEND950-PHYSICAL/structured/fact-assertions.csv","e170e4925fabb45fa7f8b73a9e54e3f07fe3d26af66ac3f99f19735bcca03d25","27207","draft","reviewed","","","","9377acedc5b7672cc801fac215522826b1109d3b449b93c794b6ed104436451e","9377acedc5b7672cc801fac215522826b1109d3b449b93c794b6ed104436451e","58f74f403c88a97fd3cb8c85f99cf3211778600d9c62c7330b8ed7924553cde7","7066ed9c845dadb801047b9e4cbd2ea50f7af1c9f6d0836a9d5a5115d40fc92b","344531"
"BUNDLE-ASCEND950-ASC950-SIGN-0078","ASCEND950","3","ASC950-SIGN-0078","最小参考资料库/fact-assertions.csv","assertion_id","ASSERT-M2W3-HUAWEI-PR-PROTOCOL-H6","审计/子代理交接/m2_staging/M2-W3-HUAWEI-ASCEND950-PHYSICAL/structured/fact-assertions.csv","e170e4925fabb45fa7f8b73a9e54e3f07fe3d26af66ac3f99f19735bcca03d25","27207","draft","reviewed","","","","c6ba32a3a7863836c1a5da5af037d53e1d1bce6349f78460026f59ab586d81bf","c6ba32a3a7863836c1a5da5af037d53e1d1bce6349f78460026f59ab586d81bf","5923e2d4744fb48e1d7253dc69ea17690206fd77a75431feeaef895ef46b78e4","7066ed9c845dadb801047b9e4cbd2ea50f7af1c9f6d0836a9d5a5115d40fc92b","344531"
"BUNDLE-ASCEND950-ASC950-SIGN-0079","ASCEND950","3","ASC950-SIGN-0079","最小参考资料库/fact-assertions.csv","assertion_id","ASSERT-M2W3-HUAWEI-PR-LINK-H6","审计/子代理交接/m2_staging/M2-W3-HUAWEI-ASCEND950-PHYSICAL/structured/fact-assertions.csv","e170e4925fabb45fa7f8b73a9e54e3f07fe3d26af66ac3f99f19735bcca03d25","27207","draft","reviewed","","","","9f25dc8df7045916fc410748aa0e4fc60370625b2e9a8cdb33bb008f55840704","9f25dc8df7045916fc410748aa0e4fc60370625b2e9a8cdb33bb008f55840704","f9f5ec0797f3e71f32090d9772c9c76697478b920645620a63e0d555322ad2b2","7066ed9c845dadb801047b9e4cbd2ea50f7af1c9f6d0836a9d5a5115d40fc92b","344531"
"BUNDLE-ASCEND950-ASC950-SIGN-0080","ASCEND950","3","ASC950-SIGN-0080","最小参考资料库/fact-assertions.csv","assertion_id","ASSERT-M2W3-HUAWEI-DT-VENDOR-H2","审计/子代理交接/m2_staging/M2-W3-HUAWEI-ASCEND950-PHYSICAL/structured/fact-assertions.csv","e170e4925fabb45fa7f8b73a9e54e3f07fe3d26af66ac3f99f19735bcca03d25","27207","draft","reviewed","","","","c497529eeda1675ccb00d36c9c73078ea82a5d8029b87f3ec31c84d08f34ccc9","c497529eeda1675ccb00d36c9c73078ea82a5d8029b87f3ec31c84d08f34ccc9","0a43928d60dc6164e85d38b7a172ffddfca4ff7121920d5b59a095771a11a3a8","7066ed9c845dadb801047b9e4cbd2ea50f7af1c9f6d0836a9d5a5115d40fc92b","344531"
"BUNDLE-ASCEND950-ASC950-SIGN-0081","ASCEND950","3","ASC950-SIGN-0081","最小参考资料库/fact-assertions.csv","assertion_id","ASSERT-M2W3-HUAWEI-DT-FAMILY-H2","审计/子代理交接/m2_staging/M2-W3-HUAWEI-ASCEND950-PHYSICAL/structured/fact-assertions.csv","e170e4925fabb45fa7f8b73a9e54e3f07fe3d26af66ac3f99f19735bcca03d25","27207","draft","reviewed","","","","2ed74aae024066f08c4ffd5fb4731adfb890eea16281c75942a8f2a66e37128d","2ed74aae024066f08c4ffd5fb4731adfb890eea16281c75942a8f2a66e37128d","0ccde65072876d0f4b4f0f39e8b7325007792b6b5aa1f9b60df4df66fba0bf28","7066ed9c845dadb801047b9e4cbd2ea50f7af1c9f6d0836a9d5a5115d40fc92b","344531"
"BUNDLE-ASCEND950-ASC950-SIGN-0082","ASCEND950","3","ASC950-SIGN-0082","最小参考资料库/fact-assertions.csv","assertion_id","ASSERT-M2W3-HUAWEI-DT-NAME-H2","审计/子代理交接/m2_staging/M2-W3-HUAWEI-ASCEND950-PHYSICAL/structured/fact-assertions.csv","e170e4925fabb45fa7f8b73a9e54e3f07fe3d26af66ac3f99f19735bcca03d25","27207","draft","reviewed","","","","ecd542b54df4d4233754bd93a1edb4ee8b117f7543781760ed4bbcadf570b0ac","ecd542b54df4d4233754bd93a1edb4ee8b117f7543781760ed4bbcadf570b0ac","6ae6e8c0ae1364364501b1560ce8437bf9e49f9b4f56180fad8f0c60cc32d090","7066ed9c845dadb801047b9e4cbd2ea50f7af1c9f6d0836a9d5a5115d40fc92b","344531"
"BUNDLE-ASCEND950-ASC950-SIGN-0083","ASCEND950","3","ASC950-SIGN-0083","最小参考资料库/fact-assertions.csv","assertion_id","ASSERT-M2W3-HUAWEI-DT-NAME-H6","审计/子代理交接/m2_staging/M2-W3-HUAWEI-ASCEND950-PHYSICAL/structured/fact-assertions.csv","e170e4925fabb45fa7f8b73a9e54e3f07fe3d26af66ac3f99f19735bcca03d25","27207","draft","reviewed","","","","471e4d8bc0b72bec9e8816c214034a524f4f40441b18333749e213b5fbff6430","471e4d8bc0b72bec9e8816c214034a524f4f40441b18333749e213b5fbff6430","f860b463686fdbac4ba47478517166454570ee1a8af5d30e151a082c58753d79","7066ed9c845dadb801047b9e4cbd2ea50f7af1c9f6d0836a9d5a5115d40fc92b","344531"
"BUNDLE-ASCEND950-ASC950-SIGN-0084","ASCEND950","3","ASC950-SIGN-0084","最小参考资料库/fact-assertions.csv","assertion_id","ASSERT-M2W3-HUAWEI-DT-SKU-H2","审计/子代理交接/m2_staging/M2-W3-HUAWEI-ASCEND950-PHYSICAL/structured/fact-assertions.csv","e170e4925fabb45fa7f8b73a9e54e3f07fe3d26af66ac3f99f19735bcca03d25","27207","draft","reviewed","","","","ecc3d0f24a9fffc1b45c245326c7a84f78a5100f618713b2aecb96b2b97ccceb","ecc3d0f24a9fffc1b45c245326c7a84f78a5100f618713b2aecb96b2b97ccceb","cc7655d00540a619699134a1fc1eacc3af28f524a7fe74899ded3c665edb1980","7066ed9c845dadb801047b9e4cbd2ea50f7af1c9f6d0836a9d5a5115d40fc92b","344531"
"BUNDLE-ASCEND950-ASC950-SIGN-0085","ASCEND950","3","ASC950-SIGN-0085","最小参考资料库/fact-assertions.csv","assertion_id","ASSERT-M2W3-HUAWEI-DT-SKU-H6","审计/子代理交接/m2_staging/M2-W3-HUAWEI-ASCEND950-PHYSICAL/structured/fact-assertions.csv","e170e4925fabb45fa7f8b73a9e54e3f07fe3d26af66ac3f99f19735bcca03d25","27207","draft","reviewed","","","","4a1c47f2b99b26f43b0d0eba244d2966ccc5932acef0bc4f12fcd23fdfbd71e9","4a1c47f2b99b26f43b0d0eba244d2966ccc5932acef0bc4f12fcd23fdfbd71e9","4a5cf10296d41a52aa53b4d0528ec18a2eb4b25ffa5088f9d363017e4385f852","7066ed9c845dadb801047b9e4cbd2ea50f7af1c9f6d0836a9d5a5115d40fc92b","344531"
"BUNDLE-ASCEND950-ASC950-SIGN-0086","ASCEND950","3","ASC950-SIGN-0086","最小参考资料库/fact-assertions.csv","assertion_id","ASSERT-M2W3-HUAWEI-DT-TYPE-H2","审计/子代理交接/m2_staging/M2-W3-HUAWEI-ASCEND950-PHYSICAL/structured/fact-assertions.csv","e170e4925fabb45fa7f8b73a9e54e3f07fe3d26af66ac3f99f19735bcca03d25","27207","draft","reviewed","","","","c8446f9dfbfe345d868c22626cf3ea39817a5766f7e793c4caf7f6c918c5bfdd","c8446f9dfbfe345d868c22626cf3ea39817a5766f7e793c4caf7f6c918c5bfdd","f11d3e9d2916b8b42e11e5a7df2487b8f58744f81c422b97858baa9af1e0f313","7066ed9c845dadb801047b9e4cbd2ea50f7af1c9f6d0836a9d5a5115d40fc92b","344531"
"BUNDLE-ASCEND950-ASC950-SIGN-0087","ASCEND950","3","ASC950-SIGN-0087","最小参考资料库/fact-assertions.csv","assertion_id","ASSERT-M2W3-HUAWEI-DT-RELEASE-H2","审计/子代理交接/m2_staging/M2-W3-HUAWEI-ASCEND950-PHYSICAL/structured/fact-assertions.csv","e170e4925fabb45fa7f8b73a9e54e3f07fe3d26af66ac3f99f19735bcca03d25","27207","draft","reviewed","","","","bd22bf64c95b1186a36d5a4a957061f56593c8c6b1366fe3b1880461dec0fabd","bd22bf64c95b1186a36d5a4a957061f56593c8c6b1366fe3b1880461dec0fabd","996e00a27ec318fab105e8ed3695ff6d51a6d085924476a08fe45329ffb17453","7066ed9c845dadb801047b9e4cbd2ea50f7af1c9f6d0836a9d5a5115d40fc92b","344531"
"BUNDLE-ASCEND950-ASC950-SIGN-0088","ASCEND950","3","ASC950-SIGN-0088","最小参考资料库/fact-assertions.csv","assertion_id","ASSERT-M2W3-HUAWEI-DT-STATUS-H2","审计/子代理交接/m2_staging/M2-W3-HUAWEI-ASCEND950-PHYSICAL/structured/fact-assertions.csv","e170e4925fabb45fa7f8b73a9e54e3f07fe3d26af66ac3f99f19735bcca03d25","27207","draft","reviewed","","","","0842ed2d32b372e9364edfb540d65c189c5487e7c8c0d170d7d53746462dc1aa","0842ed2d32b372e9364edfb540d65c189c5487e7c8c0d170d7d53746462dc1aa","576299695f5b8fd9bd23444559f1d3d29498ad1ca73656840b55a52770676253","7066ed9c845dadb801047b9e4cbd2ea50f7af1c9f6d0836a9d5a5115d40fc92b","344531"
"BUNDLE-ASCEND950-ASC950-SIGN-0089","ASCEND950","3","ASC950-SIGN-0089","最小参考资料库/fact-assertions.csv","assertion_id","ASSERT-M2W3-HUAWEI-DT-POS-H2","审计/子代理交接/m2_staging/M2-W3-HUAWEI-ASCEND950-PHYSICAL/structured/fact-assertions.csv","e170e4925fabb45fa7f8b73a9e54e3f07fe3d26af66ac3f99f19735bcca03d25","27207","draft","reviewed","","","","1dedff29424d7a9aa5039d379dab2d09228200f3081c1a708c7efbdb9c78ea7d","1dedff29424d7a9aa5039d379dab2d09228200f3081c1a708c7efbdb9c78ea7d","bb30674fff392af8a16c5991f9c1bf718c629db7da5df3c33ac6e41f0332c936","7066ed9c845dadb801047b9e4cbd2ea50f7af1c9f6d0836a9d5a5115d40fc92b","344531"
"BUNDLE-ASCEND950-ASC950-SIGN-0090","ASCEND950","3","ASC950-SIGN-0090","最小参考资料库/fact-assertions.csv","assertion_id","ASSERT-M2W3-HUAWEI-DT-PKG-H2","审计/子代理交接/m2_staging/M2-W3-HUAWEI-ASCEND950-PHYSICAL/structured/fact-assertions.csv","e170e4925fabb45fa7f8b73a9e54e3f07fe3d26af66ac3f99f19735bcca03d25","27207","draft","reviewed","","","","68a6ea090a3518cd6b52161ea03adfd176e2434e33d315319086e3219184ca64","68a6ea090a3518cd6b52161ea03adfd176e2434e33d315319086e3219184ca64","a29bea074a2fd490ecc393d7e3c2efcea3f7dd5db8bf7600e5e27a7bbd674802","7066ed9c845dadb801047b9e4cbd2ea50f7af1c9f6d0836a9d5a5115d40fc92b","344531"
"BUNDLE-ASCEND950-ASC950-SIGN-0091","ASCEND950","3","ASC950-SIGN-0091","最小参考资料库/fact-assertions.csv","assertion_id","ASSERT-M2W3-HUAWEI-DT-MEMNAME-H2","审计/子代理交接/m2_staging/M2-W3-HUAWEI-ASCEND950-PHYSICAL/structured/fact-assertions.csv","e170e4925fabb45fa7f8b73a9e54e3f07fe3d26af66ac3f99f19735bcca03d25","27207","draft","reviewed","","","","1194250fcaacd7f427b2697a5f6603d832cb61a23f9a84bffea9ab1241da77a5","1194250fcaacd7f427b2697a5f6603d832cb61a23f9a84bffea9ab1241da77a5","c299e56b5ca98e27eabfa4f6aaf6cb581056acebf0edab9901c34decd2e2ebf1","7066ed9c845dadb801047b9e4cbd2ea50f7af1c9f6d0836a9d5a5115d40fc92b","344531"
"BUNDLE-ASCEND950-ASC950-SIGN-0092","ASCEND950","3","ASC950-SIGN-0092","最小参考资料库/fact-assertions.csv","assertion_id","ASSERT-M2W3-HUAWEI-DT-MEMCAP-H2","审计/子代理交接/m2_staging/M2-W3-HUAWEI-ASCEND950-PHYSICAL/structured/fact-assertions.csv","e170e4925fabb45fa7f8b73a9e54e3f07fe3d26af66ac3f99f19735bcca03d25","27207","draft","reviewed","","","","11170ea9a0b1b710e76eccb8f08b43c2584a2bf3f6ecefeee3687c10af999f0e","11170ea9a0b1b710e76eccb8f08b43c2584a2bf3f6ecefeee3687c10af999f0e","dd0d0a6969a4c582a429d72d79074cdd5c48e4480943bd950abc21f92b892fb7","7066ed9c845dadb801047b9e4cbd2ea50f7af1c9f6d0836a9d5a5115d40fc92b","344531"
"BUNDLE-ASCEND950-ASC950-SIGN-0093","ASCEND950","3","ASC950-SIGN-0093","最小参考资料库/fact-assertions.csv","assertion_id","ASSERT-M2W3-HUAWEI-DT-MEMBW-H2","审计/子代理交接/m2_staging/M2-W3-HUAWEI-ASCEND950-PHYSICAL/structured/fact-assertions.csv","e170e4925fabb45fa7f8b73a9e54e3f07fe3d26af66ac3f99f19735bcca03d25","27207","draft","reviewed","","","","be982ca1d5b0c468447fd1399e4a019a9e4988baf3cefcdca4e64d7bf8586aeb","be982ca1d5b0c468447fd1399e4a019a9e4988baf3cefcdca4e64d7bf8586aeb","1d8f8633d1e0c02d2c4a29c4f56962532eebb9585bab25ae137d28227ed21cb3","7066ed9c845dadb801047b9e4cbd2ea50f7af1c9f6d0836a9d5a5115d40fc92b","344531"
"BUNDLE-ASCEND950-ASC950-SIGN-0094","ASCEND950","3","ASC950-SIGN-0094","最小参考资料库/fact-assertions.csv","assertion_id","ASSERT-M2W3-HUAWEI-DT-LINK-H2","审计/子代理交接/m2_staging/M2-W3-HUAWEI-ASCEND950-PHYSICAL/structured/fact-assertions.csv","e170e4925fabb45fa7f8b73a9e54e3f07fe3d26af66ac3f99f19735bcca03d25","27207","draft","reviewed","","","","30e7889ce8f65cf42b9474b4a76eb2e07a5e98a2af2721daa4fdd5acb66776b2","30e7889ce8f65cf42b9474b4a76eb2e07a5e98a2af2721daa4fdd5acb66776b2","1ac4b9a89512b87f21afddf51f9576f88c51d3ec8ca4f91973e784d06ca6a551","7066ed9c845dadb801047b9e4cbd2ea50f7af1c9f6d0836a9d5a5115d40fc92b","344531"
"BUNDLE-ASCEND950-ASC950-SIGN-0095","ASCEND950","3","ASC950-SIGN-0095","数据/facts.csv","fact_id","FACT-M2W3-HUAWEI-ASC950-DIE-VENDOR","审计/子代理交接/m2_staging/M2-W3-HUAWEI-ASCEND950-PHYSICAL/structured/facts.csv","6dcdefbf9b27ba05cedb1bc0004e919742abca9fe7c1aaa6fdf708a561fae38f","18317","draft","reviewed","","","","fd3019da6aab0aa4a5c41997f22d39725c19903015caed9681b1aa9b81b4a1ea","fd3019da6aab0aa4a5c41997f22d39725c19903015caed9681b1aa9b81b4a1ea","ad53f2ffcf61c07055ae76fede3dcf3691231022fba90918066c0ba6c6c48976","7886e76bac608e8cfd0131a15d93922596bb5a0d8b16508a696c7d91877c50ea","277845"
"BUNDLE-ASCEND950-ASC950-SIGN-0096","ASCEND950","3","ASC950-SIGN-0096","数据/facts.csv","fact_id","FACT-M2W3-HUAWEI-ASC950-DIE-FAMILY","审计/子代理交接/m2_staging/M2-W3-HUAWEI-ASCEND950-PHYSICAL/structured/facts.csv","6dcdefbf9b27ba05cedb1bc0004e919742abca9fe7c1aaa6fdf708a561fae38f","18317","draft","reviewed","","","","b27cffce30dbb4ec57e3e6fc3fbd754f4e6eedcfee61c5b83511664d7fe2e62b","b27cffce30dbb4ec57e3e6fc3fbd754f4e6eedcfee61c5b83511664d7fe2e62b","9019663256c8c751ac74409bbf5a38738b28c2751175863dc2fb551cd32c21a2","7886e76bac608e8cfd0131a15d93922596bb5a0d8b16508a696c7d91877c50ea","277845"
"BUNDLE-ASCEND950-ASC950-SIGN-0097","ASCEND950","3","ASC950-SIGN-0097","数据/facts.csv","fact_id","FACT-M2W3-HUAWEI-ASC950-DIE-NAME","审计/子代理交接/m2_staging/M2-W3-HUAWEI-ASCEND950-PHYSICAL/structured/facts.csv","6dcdefbf9b27ba05cedb1bc0004e919742abca9fe7c1aaa6fdf708a561fae38f","18317","draft","reviewed","","","","6fda50470be9851669faa3ac4efa5f4d12a252777d7039400ebcdc5caada9fe9","6fda50470be9851669faa3ac4efa5f4d12a252777d7039400ebcdc5caada9fe9","278786926fd9a08b655c5164d9d123eb01c44781c9281f7c3772e6e48764ec54","7886e76bac608e8cfd0131a15d93922596bb5a0d8b16508a696c7d91877c50ea","277845"
"BUNDLE-ASCEND950-ASC950-SIGN-0098","ASCEND950","3","ASC950-SIGN-0098","数据/facts.csv","fact_id","FACT-M2W3-HUAWEI-ASC950-DIE-OBJECT-TYPE","审计/子代理交接/m2_staging/M2-W3-HUAWEI-ASCEND950-PHYSICAL/structured/facts.csv","6dcdefbf9b27ba05cedb1bc0004e919742abca9fe7c1aaa6fdf708a561fae38f","18317","draft","reviewed","","","","2715c699e1f33e252a926dbb1c6aeefa24a40ed15b851d51b744f1418aa631e9","2715c699e1f33e252a926dbb1c6aeefa24a40ed15b851d51b744f1418aa631e9","0622cae5c9b67efed1d55515e1aee85606656287203a0636288d10f23abf3c36","7886e76bac608e8cfd0131a15d93922596bb5a0d8b16508a696c7d91877c50ea","277845"
"BUNDLE-ASCEND950-ASC950-SIGN-0099","ASCEND950","3","ASC950-SIGN-0099","数据/facts.csv","fact_id","FACT-M2W3-HUAWEI-ASC950-DIE-RELEASE-DATE","审计/子代理交接/m2_staging/M2-W3-HUAWEI-ASCEND950-PHYSICAL/structured/facts.csv","6dcdefbf9b27ba05cedb1bc0004e919742abca9fe7c1aaa6fdf708a561fae38f","18317","draft","reviewed","","","","50238190d7b63dd87100750ee2746177c39c3fec5162f50b2305bda77eb2848b","50238190d7b63dd87100750ee2746177c39c3fec5162f50b2305bda77eb2848b","c6b00dca1e3d3fd939139556b7ee397e62d9d75bee001a43d3fe764d1c13da90","7886e76bac608e8cfd0131a15d93922596bb5a0d8b16508a696c7d91877c50ea","277845"
"BUNDLE-ASCEND950-ASC950-SIGN-0100","ASCEND950","3","ASC950-SIGN-0100","数据/facts.csv","fact_id","FACT-M2W3-HUAWEI-ASC950-DIE-FP8-THROUGHPUT","审计/子代理交接/m2_staging/M2-W3-HUAWEI-ASCEND950-PHYSICAL/structured/facts.csv","6dcdefbf9b27ba05cedb1bc0004e919742abca9fe7c1aaa6fdf708a561fae38f","18317","draft","reviewed","","","","78ed29d2fd415efcc9b9e2da5e0d85234ffc5f6c402500789dd275b2a3cc08e3","78ed29d2fd415efcc9b9e2da5e0d85234ffc5f6c402500789dd275b2a3cc08e3","ba0858879d4240c2a780a716dddd101adf141fe26bcef20d494a878e77f1a337","7886e76bac608e8cfd0131a15d93922596bb5a0d8b16508a696c7d91877c50ea","277845"
"BUNDLE-ASCEND950-ASC950-SIGN-0101","ASCEND950","3","ASC950-SIGN-0101","数据/facts.csv","fact_id","FACT-M2W3-HUAWEI-ASC950-DIE-MXFP8-THROUGHPUT","审计/子代理交接/m2_staging/M2-W3-HUAWEI-ASCEND950-PHYSICAL/structured/facts.csv","6dcdefbf9b27ba05cedb1bc0004e919742abca9fe7c1aaa6fdf708a561fae38f","18317","draft","reviewed","","","","0f1b0e8fea870116fdaa67dab7e5000dcb72022140bbddddb48121cf85bea1bb","0f1b0e8fea870116fdaa67dab7e5000dcb72022140bbddddb48121cf85bea1bb","dec8b93d3d3c976027e970e01221ada5c0a72300e4aa025b914f5263a03343fd","7886e76bac608e8cfd0131a15d93922596bb5a0d8b16508a696c7d91877c50ea","277845"
"BUNDLE-ASCEND950-ASC950-SIGN-0102","ASCEND950","3","ASC950-SIGN-0102","数据/facts.csv","fact_id","FACT-M2W3-HUAWEI-ASC950-DIE-HIF8-THROUGHPUT","审计/子代理交接/m2_staging/M2-W3-HUAWEI-ASCEND950-PHYSICAL/structured/facts.csv","6dcdefbf9b27ba05cedb1bc0004e919742abca9fe7c1aaa6fdf708a561fae38f","18317","draft","reviewed","","","","458561904d10ae0976ae6cb89e05d0627397a612077283167e146e729eddfb3d","458561904d10ae0976ae6cb89e05d0627397a612077283167e146e729eddfb3d","a15749b6ff5c77f315fe5afe342198c2e8f18521d6342d226defd1d6185d052f","7886e76bac608e8cfd0131a15d93922596bb5a0d8b16508a696c7d91877c50ea","277845"
"BUNDLE-ASCEND950-ASC950-SIGN-0103","ASCEND950","3","ASC950-SIGN-0103","数据/facts.csv","fact_id","FACT-M2W3-HUAWEI-ASC950-DIE-MXFP4-THROUGHPUT","审计/子代理交接/m2_staging/M2-W3-HUAWEI-ASCEND950-PHYSICAL/structured/facts.csv","6dcdefbf9b27ba05cedb1bc0004e919742abca9fe7c1aaa6fdf708a561fae38f","18317","draft","reviewed","","","","a2f10302223118ea63ca044ff7baf657a94fe67b28a2d46440ce84c59fdf0da0","a2f10302223118ea63ca044ff7baf657a94fe67b28a2d46440ce84c59fdf0da0","67a168f304f39135c5d73944ded10fb64b3dc14ce9b607e55778734f86f67b4e","7886e76bac608e8cfd0131a15d93922596bb5a0d8b16508a696c7d91877c50ea","277845"
"BUNDLE-ASCEND950-ASC950-SIGN-0104","ASCEND950","3","ASC950-SIGN-0104","数据/facts.csv","fact_id","FACT-M2W3-HUAWEI-ASC950-DIE-VECTOR-EXECUTION","审计/子代理交接/m2_staging/M2-W3-HUAWEI-ASCEND950-PHYSICAL/structured/facts.csv","6dcdefbf9b27ba05cedb1bc0004e919742abca9fe7c1aaa6fdf708a561fae38f","18317","draft","reviewed","","","","3fd0788db95d568a2d2f85b22eed1ab44a6821974000295f80326de57b000851","3fd0788db95d568a2d2f85b22eed1ab44a6821974000295f80326de57b000851","f2635e3fa420a95dfd762ccf545b19e7842d949252f90f6c610fdac2845c8267","7886e76bac608e8cfd0131a15d93922596bb5a0d8b16508a696c7d91877c50ea","277845"
"BUNDLE-ASCEND950-ASC950-SIGN-0105","ASCEND950","3","ASC950-SIGN-0105","数据/facts.csv","fact_id","FACT-M2W3-HUAWEI-ASC950-DIE-MEM-GRANULARITY","审计/子代理交接/m2_staging/M2-W3-HUAWEI-ASCEND950-PHYSICAL/structured/facts.csv","6dcdefbf9b27ba05cedb1bc0004e919742abca9fe7c1aaa6fdf708a561fae38f","18317","draft","reviewed","","","","ebf989a9fc0cd0bacd96c79431614d8562c00f1fdeb056bc85aada3ce9657146","ebf989a9fc0cd0bacd96c79431614d8562c00f1fdeb056bc85aada3ce9657146","29be806a721729d50954cc22cadb4fbec0fb0d673be3d2bf51a81a05e1e434b4","7886e76bac608e8cfd0131a15d93922596bb5a0d8b16508a696c7d91877c50ea","277845"
"BUNDLE-ASCEND950-ASC950-SIGN-0106","ASCEND950","3","ASC950-SIGN-0106","数据/facts.csv","fact_id","FACT-M2W3-HUAWEI-ASC950-DIE-INTERCONNECT-BW","审计/子代理交接/m2_staging/M2-W3-HUAWEI-ASCEND950-PHYSICAL/structured/facts.csv","6dcdefbf9b27ba05cedb1bc0004e919742abca9fe7c1aaa6fdf708a561fae38f","18317","draft","reviewed","","","","f9989ab28dc50f064959b9472be1e16a2f6c5cce21cfcf9a13c38148015f99d3","f9989ab28dc50f064959b9472be1e16a2f6c5cce21cfcf9a13c38148015f99d3","d5fad74e925bae1a4970d0f682dfc1c4be6e87a5557e64149f02e493f76859d6","7886e76bac608e8cfd0131a15d93922596bb5a0d8b16508a696c7d91877c50ea","277845"
"BUNDLE-ASCEND950-ASC950-SIGN-0107","ASCEND950","3","ASC950-SIGN-0107","数据/facts.csv","fact_id","FACT-M2W3-HUAWEI-ASC950PR-VENDOR","审计/子代理交接/m2_staging/M2-W3-HUAWEI-ASCEND950-PHYSICAL/structured/facts.csv","6dcdefbf9b27ba05cedb1bc0004e919742abca9fe7c1aaa6fdf708a561fae38f","18317","draft","reviewed","","","","d5a12aae8916992b54b84be36da9b92ab1a1d2b535958bc44bc1c96d301c6289","d5a12aae8916992b54b84be36da9b92ab1a1d2b535958bc44bc1c96d301c6289","425b25e85dfe47d8b1b5dc22632237166e7d20ff2a12f703cced63d065e85dc6","7886e76bac608e8cfd0131a15d93922596bb5a0d8b16508a696c7d91877c50ea","277845"
"BUNDLE-ASCEND950-ASC950-SIGN-0108","ASCEND950","3","ASC950-SIGN-0108","数据/facts.csv","fact_id","FACT-M2W3-HUAWEI-ASC950PR-FAMILY","审计/子代理交接/m2_staging/M2-W3-HUAWEI-ASCEND950-PHYSICAL/structured/facts.csv","6dcdefbf9b27ba05cedb1bc0004e919742abca9fe7c1aaa6fdf708a561fae38f","18317","draft","reviewed","","","","744076faf88326b788d45b2337fb31cbf4b86c0698ecdad7bfc5f154f4ddcbb2","744076faf88326b788d45b2337fb31cbf4b86c0698ecdad7bfc5f154f4ddcbb2","23efc8c25bee659b28980ef9efa8b108b963ce466617e70ecd944c32657b65cd","7886e76bac608e8cfd0131a15d93922596bb5a0d8b16508a696c7d91877c50ea","277845"
"BUNDLE-ASCEND950-ASC950-SIGN-0109","ASCEND950","3","ASC950-SIGN-0109","数据/facts.csv","fact_id","FACT-M2W3-HUAWEI-ASC950PR-NAME","审计/子代理交接/m2_staging/M2-W3-HUAWEI-ASCEND950-PHYSICAL/structured/facts.csv","6dcdefbf9b27ba05cedb1bc0004e919742abca9fe7c1aaa6fdf708a561fae38f","18317","draft","reviewed","","","","384b361ae24f8a01232e1d90758892d077278a6af1de7b47f72e28bb03509cdd","384b361ae24f8a01232e1d90758892d077278a6af1de7b47f72e28bb03509cdd","f542a1f5461f93c2efefcd197cdee9ef1b1d1ceb26150aa896c318b27ebecb40","7886e76bac608e8cfd0131a15d93922596bb5a0d8b16508a696c7d91877c50ea","277845"
"BUNDLE-ASCEND950-ASC950-SIGN-0110","ASCEND950","3","ASC950-SIGN-0110","数据/facts.csv","fact_id","FACT-M2W3-HUAWEI-ASC950PR-SKU","审计/子代理交接/m2_staging/M2-W3-HUAWEI-ASCEND950-PHYSICAL/structured/facts.csv","6dcdefbf9b27ba05cedb1bc0004e919742abca9fe7c1aaa6fdf708a561fae38f","18317","draft","reviewed","","","","936774e7bf04aa0a0442d7bc23a44542bc5137f85009a22728e46d67cd171f95","936774e7bf04aa0a0442d7bc23a44542bc5137f85009a22728e46d67cd171f95","e93d7db5197c39f468ce5bb4961d45c77a6dd36621c0a19e5e9100db60987897","7886e76bac608e8cfd0131a15d93922596bb5a0d8b16508a696c7d91877c50ea","277845"
"BUNDLE-ASCEND950-ASC950-SIGN-0111","ASCEND950","3","ASC950-SIGN-0111","数据/facts.csv","fact_id","FACT-M2W3-HUAWEI-ASC950PR-OBJECT-TYPE","审计/子代理交接/m2_staging/M2-W3-HUAWEI-ASCEND950-PHYSICAL/structured/facts.csv","6dcdefbf9b27ba05cedb1bc0004e919742abca9fe7c1aaa6fdf708a561fae38f","18317","draft","reviewed","","","","5f8196d96013ec72f274d8cced78faa27f5d3ad577329097fa61d731db5af92b","5f8196d96013ec72f274d8cced78faa27f5d3ad577329097fa61d731db5af92b","dabe59b436437aadee84816d8d89bb06e66b72c068bf1688995a53c2ba96db62","7886e76bac608e8cfd0131a15d93922596bb5a0d8b16508a696c7d91877c50ea","277845"
"BUNDLE-ASCEND950-ASC950-SIGN-0112","ASCEND950","3","ASC950-SIGN-0112","数据/facts.csv","fact_id","FACT-M2W3-HUAWEI-ASC950PR-RELEASE-DATE","审计/子代理交接/m2_staging/M2-W3-HUAWEI-ASCEND950-PHYSICAL/structured/facts.csv","6dcdefbf9b27ba05cedb1bc0004e919742abca9fe7c1aaa6fdf708a561fae38f","18317","draft","reviewed","","","","cce88a3f91a79a92d893dee3c4953559025983a2fce008662d04564747649376","cce88a3f91a79a92d893dee3c4953559025983a2fce008662d04564747649376","4fe94395353f87668e73e1f16f498ed61afcafe67491d4cd797c3aadfbbd0cf7","7886e76bac608e8cfd0131a15d93922596bb5a0d8b16508a696c7d91877c50ea","277845"
"BUNDLE-ASCEND950-ASC950-SIGN-0113","ASCEND950","3","ASC950-SIGN-0113","数据/facts.csv","fact_id","FACT-M2W3-HUAWEI-ASC950PR-STATUS","审计/子代理交接/m2_staging/M2-W3-HUAWEI-ASCEND950-PHYSICAL/structured/facts.csv","6dcdefbf9b27ba05cedb1bc0004e919742abca9fe7c1aaa6fdf708a561fae38f","18317","draft","reviewed","","","","2fd8272dd4075cab3ab85973af872335e737804578042d29d1d8868ab8140363","2fd8272dd4075cab3ab85973af872335e737804578042d29d1d8868ab8140363","a10d4e5cf6c35607bc5f384c671a8203a26e729415c5753fb2a18c5eb287b226","7886e76bac608e8cfd0131a15d93922596bb5a0d8b16508a696c7d91877c50ea","277845"
"BUNDLE-ASCEND950-ASC950-SIGN-0114","ASCEND950","3","ASC950-SIGN-0114","数据/facts.csv","fact_id","FACT-M2W3-HUAWEI-ASC950PR-POSITIONING","审计/子代理交接/m2_staging/M2-W3-HUAWEI-ASCEND950-PHYSICAL/structured/facts.csv","6dcdefbf9b27ba05cedb1bc0004e919742abca9fe7c1aaa6fdf708a561fae38f","18317","draft","reviewed","","","","f936fe7bfcc76267356daa6a06fb826c3bf14a15686920d4f9fe00a2ab29f505","f936fe7bfcc76267356daa6a06fb826c3bf14a15686920d4f9fe00a2ab29f505","6c3c8d7474c849319c497d3fd6a104fb13fd72bb5348883bd7e150ccce7d379f","7886e76bac608e8cfd0131a15d93922596bb5a0d8b16508a696c7d91877c50ea","277845"
"BUNDLE-ASCEND950-ASC950-SIGN-0115","ASCEND950","3","ASC950-SIGN-0115","数据/facts.csv","fact_id","FACT-M2W3-HUAWEI-ASC950PR-DEPLOYMENT","审计/子代理交接/m2_staging/M2-W3-HUAWEI-ASCEND950-PHYSICAL/structured/facts.csv","6dcdefbf9b27ba05cedb1bc0004e919742abca9fe7c1aaa6fdf708a561fae38f","18317","draft","reviewed","","","","4b00ce7f5c8f3fec0e837d0026a138e021080b2f80c6e10f0e272a9583891e98","4b00ce7f5c8f3fec0e837d0026a138e021080b2f80c6e10f0e272a9583891e98","9895175eba49a7c7005d32246e0103fc6af469ae18807ec838432c1e76ef7d1c","7886e76bac608e8cfd0131a15d93922596bb5a0d8b16508a696c7d91877c50ea","277845"
"BUNDLE-ASCEND950-ASC950-SIGN-0116","ASCEND950","3","ASC950-SIGN-0116","数据/facts.csv","fact_id","FACT-M2W3-HUAWEI-ASC950PR-PACKAGE","审计/子代理交接/m2_staging/M2-W3-HUAWEI-ASCEND950-PHYSICAL/structured/facts.csv","6dcdefbf9b27ba05cedb1bc0004e919742abca9fe7c1aaa6fdf708a561fae38f","18317","draft","reviewed","","","","25a9247caa4417dd28e15c4ed66e0047a3662c2b03bc22f56d15f35bcaa737d5","25a9247caa4417dd28e15c4ed66e0047a3662c2b03bc22f56d15f35bcaa737d5","7c6594c10fa0a85e084e492952183941375303c806c0c89f9d3dbfb1b82395c9","7886e76bac608e8cfd0131a15d93922596bb5a0d8b16508a696c7d91877c50ea","277845"
"BUNDLE-ASCEND950-ASC950-SIGN-0117","ASCEND950","3","ASC950-SIGN-0117","数据/facts.csv","fact_id","FACT-M2W3-HUAWEI-ASC950PR-MEM-NAME","审计/子代理交接/m2_staging/M2-W3-HUAWEI-ASCEND950-PHYSICAL/structured/facts.csv","6dcdefbf9b27ba05cedb1bc0004e919742abca9fe7c1aaa6fdf708a561fae38f","18317","draft","reviewed","","","","8b409feaf5b67c0e8e5f2ca04156fd4ae0d0090446d4c2541e1867599ae1341f","8b409feaf5b67c0e8e5f2ca04156fd4ae0d0090446d4c2541e1867599ae1341f","7a0699b17ab2b8d6351486384c428b312e8fa0fff47f7dbcccd8ba8b8377dcec","7886e76bac608e8cfd0131a15d93922596bb5a0d8b16508a696c7d91877c50ea","277845"
"BUNDLE-ASCEND950-ASC950-SIGN-0118","ASCEND950","3","ASC950-SIGN-0118","数据/facts.csv","fact_id","FACT-M2W3-HUAWEI-ASC950PR-MEM-CAPACITY","审计/子代理交接/m2_staging/M2-W3-HUAWEI-ASCEND950-PHYSICAL/structured/facts.csv","6dcdefbf9b27ba05cedb1bc0004e919742abca9fe7c1aaa6fdf708a561fae38f","18317","draft","reviewed","","","","07d2ed8f8511d96cfb1faf2990288b68d2c9ef371d7b3bd588e24f9a71e7e5fc","07d2ed8f8511d96cfb1faf2990288b68d2c9ef371d7b3bd588e24f9a71e7e5fc","06ebe1f223f124b671cb6816296d95d204d29f486c10ddf00ebc2f77a16801d7","7886e76bac608e8cfd0131a15d93922596bb5a0d8b16508a696c7d91877c50ea","277845"
"BUNDLE-ASCEND950-ASC950-SIGN-0119","ASCEND950","3","ASC950-SIGN-0119","数据/facts.csv","fact_id","FACT-M2W3-HUAWEI-ASC950PR-MEM-BW","审计/子代理交接/m2_staging/M2-W3-HUAWEI-ASCEND950-PHYSICAL/structured/facts.csv","6dcdefbf9b27ba05cedb1bc0004e919742abca9fe7c1aaa6fdf708a561fae38f","18317","draft","reviewed","","","","177145f5967d46e2bc926e4b7ff9f09c9135937f4a5722501ea4f6968d00bb6a","177145f5967d46e2bc926e4b7ff9f09c9135937f4a5722501ea4f6968d00bb6a","18c005fa0f6a4305a9490508f23c6f557937964b5fcf175ac97f8812114a9bee","7886e76bac608e8cfd0131a15d93922596bb5a0d8b16508a696c7d91877c50ea","277845"
"BUNDLE-ASCEND950-ASC950-SIGN-0120","ASCEND950","3","ASC950-SIGN-0120","数据/facts.csv","fact_id","FACT-M2W3-HUAWEI-ASC950PR-VENDOR-MAX-THROUGHPUT","审计/子代理交接/m2_staging/M2-W3-HUAWEI-ASCEND950-PHYSICAL/structured/facts.csv","6dcdefbf9b27ba05cedb1bc0004e919742abca9fe7c1aaa6fdf708a561fae38f","18317","draft","reviewed","","","","ab2df6b017a62b2fc1cb39f6bbffd54cc1f6aa6b9753c26aa57993c981d79adb","ab2df6b017a62b2fc1cb39f6bbffd54cc1f6aa6b9753c26aa57993c981d79adb","3996298010f5a72857e8d47391c7db967fb38fea2b4f2915b71571a79f95c6b7","7886e76bac608e8cfd0131a15d93922596bb5a0d8b16508a696c7d91877c50ea","277845"
"BUNDLE-ASCEND950-ASC950-SIGN-0121","ASCEND950","3","ASC950-SIGN-0121","数据/facts.csv","fact_id","FACT-M2W3-HUAWEI-ASC950PR-INTERCONNECT-PROTOCOL","审计/子代理交接/m2_staging/M2-W3-HUAWEI-ASCEND950-PHYSICAL/structured/facts.csv","6dcdefbf9b27ba05cedb1bc0004e919742abca9fe7c1aaa6fdf708a561fae38f","18317","draft","reviewed","","","","9d810ca421cf99dc866661edc308ad3f2bf8adaf9360715ace45abc34446985b","9d810ca421cf99dc866661edc308ad3f2bf8adaf9360715ace45abc34446985b","3dfafd07889169607643bd8a9862ff26b87cb36b50c59254b7ecf1f3c08369d2","7886e76bac608e8cfd0131a15d93922596bb5a0d8b16508a696c7d91877c50ea","277845"
"BUNDLE-ASCEND950-ASC950-SIGN-0122","ASCEND950","3","ASC950-SIGN-0122","数据/facts.csv","fact_id","FACT-M2W3-HUAWEI-ASC950PR-INTERCONNECT-BW","审计/子代理交接/m2_staging/M2-W3-HUAWEI-ASCEND950-PHYSICAL/structured/facts.csv","6dcdefbf9b27ba05cedb1bc0004e919742abca9fe7c1aaa6fdf708a561fae38f","18317","draft","reviewed","","","","dae33d59613a04974c86497b80b0a465e427f5d258802d3fe7983a06b2d900c7","dae33d59613a04974c86497b80b0a465e427f5d258802d3fe7983a06b2d900c7","4695f257d3ad82ec7f96f73014440a400f056b424901e593443f35014b11e412","7886e76bac608e8cfd0131a15d93922596bb5a0d8b16508a696c7d91877c50ea","277845"
"BUNDLE-ASCEND950-ASC950-SIGN-0123","ASCEND950","3","ASC950-SIGN-0123","数据/facts.csv","fact_id","FACT-M2W3-HUAWEI-ASC950DT-VENDOR","审计/子代理交接/m2_staging/M2-W3-HUAWEI-ASCEND950-PHYSICAL/structured/facts.csv","6dcdefbf9b27ba05cedb1bc0004e919742abca9fe7c1aaa6fdf708a561fae38f","18317","draft","reviewed","","","","a57835c1f9b10f3c6a986c612e3db7195cd80949658a65e9f83e838b159c83d1","a57835c1f9b10f3c6a986c612e3db7195cd80949658a65e9f83e838b159c83d1","3a96a1eb3079dd33d0108dedec27a2ca8e750686802ce2aa4f45477a28665120","7886e76bac608e8cfd0131a15d93922596bb5a0d8b16508a696c7d91877c50ea","277845"
"BUNDLE-ASCEND950-ASC950-SIGN-0124","ASCEND950","3","ASC950-SIGN-0124","数据/facts.csv","fact_id","FACT-M2W3-HUAWEI-ASC950DT-FAMILY","审计/子代理交接/m2_staging/M2-W3-HUAWEI-ASCEND950-PHYSICAL/structured/facts.csv","6dcdefbf9b27ba05cedb1bc0004e919742abca9fe7c1aaa6fdf708a561fae38f","18317","draft","reviewed","","","","ac45e9f484f3de1ac36791f5f0c060328a3fdb5d1d391afdd2c9bee2da4a9887","ac45e9f484f3de1ac36791f5f0c060328a3fdb5d1d391afdd2c9bee2da4a9887","65c6d6cfab9d91cb1eb72620f110a8168d097c4507dd830cf824807db874227a","7886e76bac608e8cfd0131a15d93922596bb5a0d8b16508a696c7d91877c50ea","277845"
"BUNDLE-ASCEND950-ASC950-SIGN-0125","ASCEND950","3","ASC950-SIGN-0125","数据/facts.csv","fact_id","FACT-M2W3-HUAWEI-ASC950DT-NAME","审计/子代理交接/m2_staging/M2-W3-HUAWEI-ASCEND950-PHYSICAL/structured/facts.csv","6dcdefbf9b27ba05cedb1bc0004e919742abca9fe7c1aaa6fdf708a561fae38f","18317","draft","reviewed","","","","a4ded4acf115657b52a2223daf69a425a8ceb7f8cae313da127160c3a9c13321","a4ded4acf115657b52a2223daf69a425a8ceb7f8cae313da127160c3a9c13321","098f0f77ae86dfbc9eee7616ad617bdfaa7077dad718a081cf96c7957057b8d0","7886e76bac608e8cfd0131a15d93922596bb5a0d8b16508a696c7d91877c50ea","277845"
"BUNDLE-ASCEND950-ASC950-SIGN-0126","ASCEND950","3","ASC950-SIGN-0126","数据/facts.csv","fact_id","FACT-M2W3-HUAWEI-ASC950DT-SKU","审计/子代理交接/m2_staging/M2-W3-HUAWEI-ASCEND950-PHYSICAL/structured/facts.csv","6dcdefbf9b27ba05cedb1bc0004e919742abca9fe7c1aaa6fdf708a561fae38f","18317","draft","reviewed","","","","285f6f8764f4041f829e16f191bd8c9e13df0611df2daec4000cab353c03ad78","285f6f8764f4041f829e16f191bd8c9e13df0611df2daec4000cab353c03ad78","d06f783bfce011b53c27d7957989e40388ada89525bb38d3f144f71f74832786","7886e76bac608e8cfd0131a15d93922596bb5a0d8b16508a696c7d91877c50ea","277845"
"BUNDLE-ASCEND950-ASC950-SIGN-0127","ASCEND950","3","ASC950-SIGN-0127","数据/facts.csv","fact_id","FACT-M2W3-HUAWEI-ASC950DT-OBJECT-TYPE","审计/子代理交接/m2_staging/M2-W3-HUAWEI-ASCEND950-PHYSICAL/structured/facts.csv","6dcdefbf9b27ba05cedb1bc0004e919742abca9fe7c1aaa6fdf708a561fae38f","18317","draft","reviewed","","","","0d206c517ab2699da9817ec2aa847d88795ed9c05041b4d730b913c50e4bfd51","0d206c517ab2699da9817ec2aa847d88795ed9c05041b4d730b913c50e4bfd51","5e9ae5e8215b1f69c9d054a0ef8046799af86ec64c708a7241bf29e1e310088c","7886e76bac608e8cfd0131a15d93922596bb5a0d8b16508a696c7d91877c50ea","277845"
"BUNDLE-ASCEND950-ASC950-SIGN-0128","ASCEND950","3","ASC950-SIGN-0128","数据/facts.csv","fact_id","FACT-M2W3-HUAWEI-ASC950DT-RELEASE-DATE","审计/子代理交接/m2_staging/M2-W3-HUAWEI-ASCEND950-PHYSICAL/structured/facts.csv","6dcdefbf9b27ba05cedb1bc0004e919742abca9fe7c1aaa6fdf708a561fae38f","18317","draft","reviewed","","","","abe61f93073d791cbd6e2ae09ddff724527cfcf86f89792e9fdef08041e7cba1","abe61f93073d791cbd6e2ae09ddff724527cfcf86f89792e9fdef08041e7cba1","f51fd062d7b58064a21a25c27e3f49fb7134a55bc92e987679fa3740090cceb6","7886e76bac608e8cfd0131a15d93922596bb5a0d8b16508a696c7d91877c50ea","277845"
"BUNDLE-ASCEND950-ASC950-SIGN-0129","ASCEND950","3","ASC950-SIGN-0129","数据/facts.csv","fact_id","FACT-M2W3-HUAWEI-ASC950DT-STATUS","审计/子代理交接/m2_staging/M2-W3-HUAWEI-ASCEND950-PHYSICAL/structured/facts.csv","6dcdefbf9b27ba05cedb1bc0004e919742abca9fe7c1aaa6fdf708a561fae38f","18317","draft","reviewed","","","","8e90595bef3dae087b271bc45c7b29f9ef3069e7691f34229e10ead821ba5c7d","8e90595bef3dae087b271bc45c7b29f9ef3069e7691f34229e10ead821ba5c7d","b98b1edad1b32bfe0d733e7ea74f07777acb63c76d679f90b323e7bc8ff79694","7886e76bac608e8cfd0131a15d93922596bb5a0d8b16508a696c7d91877c50ea","277845"
"BUNDLE-ASCEND950-ASC950-SIGN-0130","ASCEND950","3","ASC950-SIGN-0130","数据/facts.csv","fact_id","FACT-M2W3-HUAWEI-ASC950DT-POSITIONING","审计/子代理交接/m2_staging/M2-W3-HUAWEI-ASCEND950-PHYSICAL/structured/facts.csv","6dcdefbf9b27ba05cedb1bc0004e919742abca9fe7c1aaa6fdf708a561fae38f","18317","draft","reviewed","","","","2293f2bf3c5bd0db7c105b215e3feefc21144588c998618d13c829e05851eab4","2293f2bf3c5bd0db7c105b215e3feefc21144588c998618d13c829e05851eab4","2eb99b3a02926eb2189bce7616bf96015c212885ed48fb38759806989954d212","7886e76bac608e8cfd0131a15d93922596bb5a0d8b16508a696c7d91877c50ea","277845"
"BUNDLE-ASCEND950-ASC950-SIGN-0131","ASCEND950","3","ASC950-SIGN-0131","数据/facts.csv","fact_id","FACT-M2W3-HUAWEI-ASC950DT-PACKAGE","审计/子代理交接/m2_staging/M2-W3-HUAWEI-ASCEND950-PHYSICAL/structured/facts.csv","6dcdefbf9b27ba05cedb1bc0004e919742abca9fe7c1aaa6fdf708a561fae38f","18317","draft","reviewed","","","","92480f1d40327be083a539bdf7a3af6962004dd827e30b4bddf5f5fbaa90dbb1","92480f1d40327be083a539bdf7a3af6962004dd827e30b4bddf5f5fbaa90dbb1","f0420e6c321b006c3c58e491749d5442845d22297ee31b383912346a16dbed68","7886e76bac608e8cfd0131a15d93922596bb5a0d8b16508a696c7d91877c50ea","277845"
"BUNDLE-ASCEND950-ASC950-SIGN-0132","ASCEND950","3","ASC950-SIGN-0132","数据/facts.csv","fact_id","FACT-M2W3-HUAWEI-ASC950DT-MEM-NAME","审计/子代理交接/m2_staging/M2-W3-HUAWEI-ASCEND950-PHYSICAL/structured/facts.csv","6dcdefbf9b27ba05cedb1bc0004e919742abca9fe7c1aaa6fdf708a561fae38f","18317","draft","reviewed","","","","0758c5fd311936fbbaa5b261a1ebb2cc94b34e9995c903bd49a6bb90c4d36673","0758c5fd311936fbbaa5b261a1ebb2cc94b34e9995c903bd49a6bb90c4d36673","7c7b492a15fdd651b739325e9cd93f36896a6cd7096c05a68d39436b90d89a05","7886e76bac608e8cfd0131a15d93922596bb5a0d8b16508a696c7d91877c50ea","277845"
"BUNDLE-ASCEND950-ASC950-SIGN-0133","ASCEND950","3","ASC950-SIGN-0133","数据/facts.csv","fact_id","FACT-M2W3-HUAWEI-ASC950DT-MEM-CAPACITY","审计/子代理交接/m2_staging/M2-W3-HUAWEI-ASCEND950-PHYSICAL/structured/facts.csv","6dcdefbf9b27ba05cedb1bc0004e919742abca9fe7c1aaa6fdf708a561fae38f","18317","draft","reviewed","","","","25eff347dd3ef7b53ef10493889dfc07acf8489c0472ae6e8f9eb968586223d9","25eff347dd3ef7b53ef10493889dfc07acf8489c0472ae6e8f9eb968586223d9","ec67a340ffd7b97d8e2debc4cd4f0bb986f74451ed55fadcdf984f75ae2dbca0","7886e76bac608e8cfd0131a15d93922596bb5a0d8b16508a696c7d91877c50ea","277845"
"BUNDLE-ASCEND950-ASC950-SIGN-0134","ASCEND950","3","ASC950-SIGN-0134","数据/facts.csv","fact_id","FACT-M2W3-HUAWEI-ASC950DT-MEM-BW","审计/子代理交接/m2_staging/M2-W3-HUAWEI-ASCEND950-PHYSICAL/structured/facts.csv","6dcdefbf9b27ba05cedb1bc0004e919742abca9fe7c1aaa6fdf708a561fae38f","18317","draft","reviewed","","","","79263f1c0122fea6740ab63ec8933d98a1b469dcf1fed1b6ba76bd562830833e","79263f1c0122fea6740ab63ec8933d98a1b469dcf1fed1b6ba76bd562830833e","ab8022b12b031d22beae07fd182befc6832fe68ef6ae2b0f0957299e153cdde2","7886e76bac608e8cfd0131a15d93922596bb5a0d8b16508a696c7d91877c50ea","277845"
"BUNDLE-ASCEND950-ASC950-SIGN-0135","ASCEND950","3","ASC950-SIGN-0135","数据/facts.csv","fact_id","FACT-M2W3-HUAWEI-ASC950DT-INTERCONNECT-BW","审计/子代理交接/m2_staging/M2-W3-HUAWEI-ASCEND950-PHYSICAL/structured/facts.csv","6dcdefbf9b27ba05cedb1bc0004e919742abca9fe7c1aaa6fdf708a561fae38f","18317","draft","reviewed","","","","05d733e8b53ea2f33e18750f3fba1b12cbd8593557d9faf1b6db60506304f86e","05d733e8b53ea2f33e18750f3fba1b12cbd8593557d9faf1b6db60506304f86e","340ab6681ed71c6ad5888a2c6b7c1a5430bd06dd900f8af8e8e3fcea4835fbb3","7886e76bac608e8cfd0131a15d93922596bb5a0d8b16508a696c7d91877c50ea","277845"
"BUNDLE-ASCEND950-ASC950-SIGN-0136","ASCEND950","3","ASC950-SIGN-0136","数据/field-requirements.csv","requirement_id","REQ-M2W3-HUAWEI-ASC950-DIE-VENDOR","审计/子代理交接/m2_staging/M2-W3-HUAWEI-ASCEND950-PHYSICAL/structured/field-requirements.csv","4f1dcb01672b18cd45a8a3a803d314921e7812a39c80ca95d5baae6ca5603bd6","32593","draft","reviewed","","","","be8c862aefc01afdaeac6275677e0e85ae8cc85c0ee48cf254bb06ce1922f70e","be8c862aefc01afdaeac6275677e0e85ae8cc85c0ee48cf254bb06ce1922f70e","edca9d2d71900aab1575fae5bc382ff2894bae1e671a24c99034fa289e26590e","de19ee1e1a3beecdf3658d4c8b302e60d43eaaf9e58acfbd369388992eb9afb2","302574"
"BUNDLE-ASCEND950-ASC950-SIGN-0137","ASCEND950","3","ASC950-SIGN-0137","数据/field-requirements.csv","requirement_id","REQ-M2W3-HUAWEI-ASC950-DIE-FAMILY","审计/子代理交接/m2_staging/M2-W3-HUAWEI-ASCEND950-PHYSICAL/structured/field-requirements.csv","4f1dcb01672b18cd45a8a3a803d314921e7812a39c80ca95d5baae6ca5603bd6","32593","draft","reviewed","","","","418534ed034b9f4fe9ab42585c72df8c8c54221e761ca1e3d41ea87917079e2e","418534ed034b9f4fe9ab42585c72df8c8c54221e761ca1e3d41ea87917079e2e","6c201c610e8c028cc9d61337fa792bbee96fb11047939ba81021cd3470e640a3","de19ee1e1a3beecdf3658d4c8b302e60d43eaaf9e58acfbd369388992eb9afb2","302574"
"BUNDLE-ASCEND950-ASC950-SIGN-0138","ASCEND950","3","ASC950-SIGN-0138","数据/field-requirements.csv","requirement_id","REQ-M2W3-HUAWEI-ASC950-DIE-NAME","审计/子代理交接/m2_staging/M2-W3-HUAWEI-ASCEND950-PHYSICAL/structured/field-requirements.csv","4f1dcb01672b18cd45a8a3a803d314921e7812a39c80ca95d5baae6ca5603bd6","32593","draft","reviewed","","","","eda11bc5973c47c842aaca33415960eb2e982b78cdca37720d37d1d4f4034088","eda11bc5973c47c842aaca33415960eb2e982b78cdca37720d37d1d4f4034088","a620ec8d18f33f07ff7a6838f8bbcc64564620d8c0c96bd1d45b4c3090568c01","de19ee1e1a3beecdf3658d4c8b302e60d43eaaf9e58acfbd369388992eb9afb2","302574"
"BUNDLE-ASCEND950-ASC950-SIGN-0139","ASCEND950","3","ASC950-SIGN-0139","数据/field-requirements.csv","requirement_id","REQ-M2W3-HUAWEI-ASC950-DIE-OBJECT-TYPE","审计/子代理交接/m2_staging/M2-W3-HUAWEI-ASCEND950-PHYSICAL/structured/field-requirements.csv","4f1dcb01672b18cd45a8a3a803d314921e7812a39c80ca95d5baae6ca5603bd6","32593","draft","reviewed","","","","ae814c62a8a540a4d3f2a96fc8c358e61faf449ad928a800aefd244ef5ebcd3f","ae814c62a8a540a4d3f2a96fc8c358e61faf449ad928a800aefd244ef5ebcd3f","d5f9e69ba37606ace95ba44992c6770a989e28a2504ad1f9da628af1bbf13912","de19ee1e1a3beecdf3658d4c8b302e60d43eaaf9e58acfbd369388992eb9afb2","302574"
"BUNDLE-ASCEND950-ASC950-SIGN-0140","ASCEND950","3","ASC950-SIGN-0140","数据/field-requirements.csv","requirement_id","REQ-M2W3-HUAWEI-ASC950-DIE-RELEASE-DATE","审计/子代理交接/m2_staging/M2-W3-HUAWEI-ASCEND950-PHYSICAL/structured/field-requirements.csv","4f1dcb01672b18cd45a8a3a803d314921e7812a39c80ca95d5baae6ca5603bd6","32593","draft","reviewed","","","","da2d4c5fea377bfe764c3917aad9e71213764907f12d3ae66bb5a0cb3bd05248","da2d4c5fea377bfe764c3917aad9e71213764907f12d3ae66bb5a0cb3bd05248","dde9ea7590744f68b01818fe3d61307eb79ae9755d5e5c567783c297021c4ef8","de19ee1e1a3beecdf3658d4c8b302e60d43eaaf9e58acfbd369388992eb9afb2","302574"
"BUNDLE-ASCEND950-ASC950-SIGN-0141","ASCEND950","3","ASC950-SIGN-0141","数据/field-requirements.csv","requirement_id","REQ-M2W3-HUAWEI-ASC950-DIE-FP8-THROUGHPUT","审计/子代理交接/m2_staging/M2-W3-HUAWEI-ASCEND950-PHYSICAL/structured/field-requirements.csv","4f1dcb01672b18cd45a8a3a803d314921e7812a39c80ca95d5baae6ca5603bd6","32593","draft","reviewed","","","","ea93609d9df527f0185c234ebff44990c3cc4d74ceebd9c2d0ea4b5cdd392334","ea93609d9df527f0185c234ebff44990c3cc4d74ceebd9c2d0ea4b5cdd392334","152c9d309c584ad281e98abf44e6f520256e7929846102112eae565961840e6c","de19ee1e1a3beecdf3658d4c8b302e60d43eaaf9e58acfbd369388992eb9afb2","302574"
"BUNDLE-ASCEND950-ASC950-SIGN-0142","ASCEND950","3","ASC950-SIGN-0142","数据/field-requirements.csv","requirement_id","REQ-M2W3-HUAWEI-ASC950-DIE-MXFP8-THROUGHPUT","审计/子代理交接/m2_staging/M2-W3-HUAWEI-ASCEND950-PHYSICAL/structured/field-requirements.csv","4f1dcb01672b18cd45a8a3a803d314921e7812a39c80ca95d5baae6ca5603bd6","32593","draft","reviewed","","","","c89ad2e5e22ef117478889d854faadde11fc28c8f4d3d23975d759fa4d814598","c89ad2e5e22ef117478889d854faadde11fc28c8f4d3d23975d759fa4d814598","6a6609c5cff55b06cbf0b9a1c9fdc3843927356679d349ba3204ff33a073a40f","de19ee1e1a3beecdf3658d4c8b302e60d43eaaf9e58acfbd369388992eb9afb2","302574"
"BUNDLE-ASCEND950-ASC950-SIGN-0143","ASCEND950","3","ASC950-SIGN-0143","数据/field-requirements.csv","requirement_id","REQ-M2W3-HUAWEI-ASC950-DIE-HIF8-THROUGHPUT","审计/子代理交接/m2_staging/M2-W3-HUAWEI-ASCEND950-PHYSICAL/structured/field-requirements.csv","4f1dcb01672b18cd45a8a3a803d314921e7812a39c80ca95d5baae6ca5603bd6","32593","draft","reviewed","","","","ba5b86c7e13006f598398a4a78ef36609cd7d23ea6e80b14ec8ac8d033bbcf21","ba5b86c7e13006f598398a4a78ef36609cd7d23ea6e80b14ec8ac8d033bbcf21","067389205838225ec55b71fdbacbb4c6c2082bf05bad963e96e053d6fde723be","de19ee1e1a3beecdf3658d4c8b302e60d43eaaf9e58acfbd369388992eb9afb2","302574"
"BUNDLE-ASCEND950-ASC950-SIGN-0144","ASCEND950","3","ASC950-SIGN-0144","数据/field-requirements.csv","requirement_id","REQ-M2W3-HUAWEI-ASC950-DIE-MXFP4-THROUGHPUT","审计/子代理交接/m2_staging/M2-W3-HUAWEI-ASCEND950-PHYSICAL/structured/field-requirements.csv","4f1dcb01672b18cd45a8a3a803d314921e7812a39c80ca95d5baae6ca5603bd6","32593","draft","reviewed","","","","145480214acd3ae759f708c7d2e5173284fcb2cc2cd085ece7a1d66308b8b417","145480214acd3ae759f708c7d2e5173284fcb2cc2cd085ece7a1d66308b8b417","2187fc47c9b7de28d68ee91dad6d2f0682a7dce4bf1c17b3a254c5f3a92e0d3f","de19ee1e1a3beecdf3658d4c8b302e60d43eaaf9e58acfbd369388992eb9afb2","302574"
"BUNDLE-ASCEND950-ASC950-SIGN-0145","ASCEND950","3","ASC950-SIGN-0145","数据/field-requirements.csv","requirement_id","REQ-M2W3-HUAWEI-ASC950-DIE-VECTOR-EXECUTION","审计/子代理交接/m2_staging/M2-W3-HUAWEI-ASCEND950-PHYSICAL/structured/field-requirements.csv","4f1dcb01672b18cd45a8a3a803d314921e7812a39c80ca95d5baae6ca5603bd6","32593","draft","reviewed","","","","e38bc34f3cc59296eb5e5494802c387e4d242bc4fc688825e4d66feff3b77472","e38bc34f3cc59296eb5e5494802c387e4d242bc4fc688825e4d66feff3b77472","2bebbe289bdbea931ce5479a1665ac08090ed8730c37f8dfbafa8ff3199dceb5","de19ee1e1a3beecdf3658d4c8b302e60d43eaaf9e58acfbd369388992eb9afb2","302574"
"BUNDLE-ASCEND950-ASC950-SIGN-0146","ASCEND950","3","ASC950-SIGN-0146","数据/field-requirements.csv","requirement_id","REQ-M2W3-HUAWEI-ASC950-DIE-MEM-GRANULARITY","审计/子代理交接/m2_staging/M2-W3-HUAWEI-ASCEND950-PHYSICAL/structured/field-requirements.csv","4f1dcb01672b18cd45a8a3a803d314921e7812a39c80ca95d5baae6ca5603bd6","32593","draft","reviewed","","","","f1cbcbd77766ec7c905a1bfb3ff643ddd0e16e1f97f27f0a5eebe84e1ae19065","f1cbcbd77766ec7c905a1bfb3ff643ddd0e16e1f97f27f0a5eebe84e1ae19065","3d35cbd9cb4423179b6d663ce4b18b4f10555c55b0bce466c06fe963cb0e7dff","de19ee1e1a3beecdf3658d4c8b302e60d43eaaf9e58acfbd369388992eb9afb2","302574"
"BUNDLE-ASCEND950-ASC950-SIGN-0147","ASCEND950","3","ASC950-SIGN-0147","数据/field-requirements.csv","requirement_id","REQ-M2W3-HUAWEI-ASC950-DIE-INTERCONNECT-BW","审计/子代理交接/m2_staging/M2-W3-HUAWEI-ASCEND950-PHYSICAL/structured/field-requirements.csv","4f1dcb01672b18cd45a8a3a803d314921e7812a39c80ca95d5baae6ca5603bd6","32593","draft","reviewed","","","","464b7cc46540e61dfadaeefce7d0874611a66f7a0745cb03ce6ae3920824cde6","464b7cc46540e61dfadaeefce7d0874611a66f7a0745cb03ce6ae3920824cde6","2be3841420e8fb51f322ea8b7326a388ee01bd6b277ce7d58ec40eb0851b34fa","de19ee1e1a3beecdf3658d4c8b302e60d43eaaf9e58acfbd369388992eb9afb2","302574"
"BUNDLE-ASCEND950-ASC950-SIGN-0148","ASCEND950","3","ASC950-SIGN-0148","数据/field-requirements.csv","requirement_id","REQ-M2W3-HUAWEI-ASC950PR-VENDOR","审计/子代理交接/m2_staging/M2-W3-HUAWEI-ASCEND950-PHYSICAL/structured/field-requirements.csv","4f1dcb01672b18cd45a8a3a803d314921e7812a39c80ca95d5baae6ca5603bd6","32593","draft","reviewed","","","","bb55e03a975736d92b9de4e3a7488563d62cb3a87cf65b7cd13a7563ef607bde","bb55e03a975736d92b9de4e3a7488563d62cb3a87cf65b7cd13a7563ef607bde","6d02d606aa3fd66062f3de4d9e7626e4aa3a22b67579669b6552b32fbc25a682","de19ee1e1a3beecdf3658d4c8b302e60d43eaaf9e58acfbd369388992eb9afb2","302574"
"BUNDLE-ASCEND950-ASC950-SIGN-0149","ASCEND950","3","ASC950-SIGN-0149","数据/field-requirements.csv","requirement_id","REQ-M2W3-HUAWEI-ASC950PR-FAMILY","审计/子代理交接/m2_staging/M2-W3-HUAWEI-ASCEND950-PHYSICAL/structured/field-requirements.csv","4f1dcb01672b18cd45a8a3a803d314921e7812a39c80ca95d5baae6ca5603bd6","32593","draft","reviewed","","","","f2f3bccb16011ebd686ff6f620780f7acd633d18ebc07d35f109db358729e315","f2f3bccb16011ebd686ff6f620780f7acd633d18ebc07d35f109db358729e315","bf9ebe90d1d6362894a74e9f99473504846a1ff0c1c6812a8f08a6469da9be1a","de19ee1e1a3beecdf3658d4c8b302e60d43eaaf9e58acfbd369388992eb9afb2","302574"
"BUNDLE-ASCEND950-ASC950-SIGN-0150","ASCEND950","3","ASC950-SIGN-0150","数据/field-requirements.csv","requirement_id","REQ-M2W3-HUAWEI-ASC950PR-NAME","审计/子代理交接/m2_staging/M2-W3-HUAWEI-ASCEND950-PHYSICAL/structured/field-requirements.csv","4f1dcb01672b18cd45a8a3a803d314921e7812a39c80ca95d5baae6ca5603bd6","32593","draft","reviewed","","","","0fc92ed3e8b838aaa1488367dbec72f7f49f313fda8fbeda9ba9dc32eeee368a","0fc92ed3e8b838aaa1488367dbec72f7f49f313fda8fbeda9ba9dc32eeee368a","081a7fcdc3bf40cdcd56015fc5213f662680032ffd3dd2795361ed4f7c84b56a","de19ee1e1a3beecdf3658d4c8b302e60d43eaaf9e58acfbd369388992eb9afb2","302574"
"BUNDLE-ASCEND950-ASC950-SIGN-0151","ASCEND950","3","ASC950-SIGN-0151","数据/field-requirements.csv","requirement_id","REQ-M2W3-HUAWEI-ASC950PR-SKU","审计/子代理交接/m2_staging/M2-W3-HUAWEI-ASCEND950-PHYSICAL/structured/field-requirements.csv","4f1dcb01672b18cd45a8a3a803d314921e7812a39c80ca95d5baae6ca5603bd6","32593","draft","reviewed","","","","63a398e39a9e1134f3e9a03b398f9e06dcb22e02a45a8cb17c4e1e723a5fa0d6","63a398e39a9e1134f3e9a03b398f9e06dcb22e02a45a8cb17c4e1e723a5fa0d6","5a17add1e08f297b9b2814c2042406dd35e936cf166de2fd8c71f11b4e98985d","de19ee1e1a3beecdf3658d4c8b302e60d43eaaf9e58acfbd369388992eb9afb2","302574"
"BUNDLE-ASCEND950-ASC950-SIGN-0152","ASCEND950","3","ASC950-SIGN-0152","数据/field-requirements.csv","requirement_id","REQ-M2W3-HUAWEI-ASC950PR-OBJECT-TYPE","审计/子代理交接/m2_staging/M2-W3-HUAWEI-ASCEND950-PHYSICAL/structured/field-requirements.csv","4f1dcb01672b18cd45a8a3a803d314921e7812a39c80ca95d5baae6ca5603bd6","32593","draft","reviewed","","","","8a51284b5178bdca342e1e9c605774cc3253ff9c540e6359bc51fc813a62b295","8a51284b5178bdca342e1e9c605774cc3253ff9c540e6359bc51fc813a62b295","e6a63835685ccba551d78b1a971cb50bd69a925b904229bea60b76b60c0c17ef","de19ee1e1a3beecdf3658d4c8b302e60d43eaaf9e58acfbd369388992eb9afb2","302574"
"BUNDLE-ASCEND950-ASC950-SIGN-0153","ASCEND950","3","ASC950-SIGN-0153","数据/field-requirements.csv","requirement_id","REQ-M2W3-HUAWEI-ASC950PR-RELEASE-DATE","审计/子代理交接/m2_staging/M2-W3-HUAWEI-ASCEND950-PHYSICAL/structured/field-requirements.csv","4f1dcb01672b18cd45a8a3a803d314921e7812a39c80ca95d5baae6ca5603bd6","32593","draft","reviewed","","","","df2106c551bfef9af1bf72a69cc1d6542240deca9858ff87d8fc0e1c96ecf9fd","df2106c551bfef9af1bf72a69cc1d6542240deca9858ff87d8fc0e1c96ecf9fd","06785618a859b838a4fb5ef7ce256d19c1542a3f0f0b1428c335939d6394d57e","de19ee1e1a3beecdf3658d4c8b302e60d43eaaf9e58acfbd369388992eb9afb2","302574"
"BUNDLE-ASCEND950-ASC950-SIGN-0154","ASCEND950","3","ASC950-SIGN-0154","数据/field-requirements.csv","requirement_id","REQ-M2W3-HUAWEI-ASC950PR-STATUS","审计/子代理交接/m2_staging/M2-W3-HUAWEI-ASCEND950-PHYSICAL/structured/field-requirements.csv","4f1dcb01672b18cd45a8a3a803d314921e7812a39c80ca95d5baae6ca5603bd6","32593","draft","reviewed","","","","dd98daaece381cacd712e72221583a8126f5c302389d1cd2dfff070923a15dce","dd98daaece381cacd712e72221583a8126f5c302389d1cd2dfff070923a15dce","7dd83c386cf05df6bd907624146d1f3559eb6b96c951088ed85382bc90879324","de19ee1e1a3beecdf3658d4c8b302e60d43eaaf9e58acfbd369388992eb9afb2","302574"
"BUNDLE-ASCEND950-ASC950-SIGN-0155","ASCEND950","3","ASC950-SIGN-0155","数据/field-requirements.csv","requirement_id","REQ-M2W3-HUAWEI-ASC950PR-POSITIONING","审计/子代理交接/m2_staging/M2-W3-HUAWEI-ASCEND950-PHYSICAL/structured/field-requirements.csv","4f1dcb01672b18cd45a8a3a803d314921e7812a39c80ca95d5baae6ca5603bd6","32593","draft","reviewed","","","","d822d4ad75514920f9e05c575c4a86499c36632d3ac3cc8aae9ca20a4aac8da2","d822d4ad75514920f9e05c575c4a86499c36632d3ac3cc8aae9ca20a4aac8da2","3441512ea7516c1dc0b99ee266cbc2c41353b76ce63c6e390d092ebc8bf8cb43","de19ee1e1a3beecdf3658d4c8b302e60d43eaaf9e58acfbd369388992eb9afb2","302574"
"BUNDLE-ASCEND950-ASC950-SIGN-0156","ASCEND950","3","ASC950-SIGN-0156","数据/field-requirements.csv","requirement_id","REQ-M2W3-HUAWEI-ASC950PR-DEPLOYMENT","审计/子代理交接/m2_staging/M2-W3-HUAWEI-ASCEND950-PHYSICAL/structured/field-requirements.csv","4f1dcb01672b18cd45a8a3a803d314921e7812a39c80ca95d5baae6ca5603bd6","32593","draft","reviewed","","","","86cba18f680aa84a9c3e07cd18bdec8f6570a4f717de4097f553a462ddefd9ff","86cba18f680aa84a9c3e07cd18bdec8f6570a4f717de4097f553a462ddefd9ff","d80e6194f52f86b53b563ae1ecd4b178dfa8e1c6c6175896cf0a1ac857879c94","de19ee1e1a3beecdf3658d4c8b302e60d43eaaf9e58acfbd369388992eb9afb2","302574"
"BUNDLE-ASCEND950-ASC950-SIGN-0157","ASCEND950","3","ASC950-SIGN-0157","数据/field-requirements.csv","requirement_id","REQ-M2W3-HUAWEI-ASC950PR-PACKAGE","审计/子代理交接/m2_staging/M2-W3-HUAWEI-ASCEND950-PHYSICAL/structured/field-requirements.csv","4f1dcb01672b18cd45a8a3a803d314921e7812a39c80ca95d5baae6ca5603bd6","32593","draft","reviewed","","","","4b04de767400058b35b428a160a59dd81bbe3b85de5ff271a6755cda08f2d68e","4b04de767400058b35b428a160a59dd81bbe3b85de5ff271a6755cda08f2d68e","31faadcf3454bde4d340dff79d3023ddd33ecd13a02d60259e69e9a7094ed02a","de19ee1e1a3beecdf3658d4c8b302e60d43eaaf9e58acfbd369388992eb9afb2","302574"
"BUNDLE-ASCEND950-ASC950-SIGN-0158","ASCEND950","3","ASC950-SIGN-0158","数据/field-requirements.csv","requirement_id","REQ-M2W3-HUAWEI-ASC950PR-MEM-NAME","审计/子代理交接/m2_staging/M2-W3-HUAWEI-ASCEND950-PHYSICAL/structured/field-requirements.csv","4f1dcb01672b18cd45a8a3a803d314921e7812a39c80ca95d5baae6ca5603bd6","32593","draft","reviewed","","","","630dc7e97d9e39e6e0abc9b32114e204ffca34481209f378130a1178675cdaf1","630dc7e97d9e39e6e0abc9b32114e204ffca34481209f378130a1178675cdaf1","4800b940c7c9bb84c044f3e3a66bd0d60a50a586677a3fc117c72ebe0f9e9e00","de19ee1e1a3beecdf3658d4c8b302e60d43eaaf9e58acfbd369388992eb9afb2","302574"
"BUNDLE-ASCEND950-ASC950-SIGN-0159","ASCEND950","3","ASC950-SIGN-0159","数据/field-requirements.csv","requirement_id","REQ-M2W3-HUAWEI-ASC950PR-MEM-CAPACITY","审计/子代理交接/m2_staging/M2-W3-HUAWEI-ASCEND950-PHYSICAL/structured/field-requirements.csv","4f1dcb01672b18cd45a8a3a803d314921e7812a39c80ca95d5baae6ca5603bd6","32593","draft","reviewed","","","","0ded22a47c7631922bd8e759f3ee126d1443b551e950a9413a9c9affea9ef1a4","0ded22a47c7631922bd8e759f3ee126d1443b551e950a9413a9c9affea9ef1a4","1ef20cc7c8e45fbe5b0cd641bbedee29a3e9c34e6a1fe7cc4125432786227780","de19ee1e1a3beecdf3658d4c8b302e60d43eaaf9e58acfbd369388992eb9afb2","302574"
"BUNDLE-ASCEND950-ASC950-SIGN-0160","ASCEND950","3","ASC950-SIGN-0160","数据/field-requirements.csv","requirement_id","REQ-M2W3-HUAWEI-ASC950PR-MEM-BW","审计/子代理交接/m2_staging/M2-W3-HUAWEI-ASCEND950-PHYSICAL/structured/field-requirements.csv","4f1dcb01672b18cd45a8a3a803d314921e7812a39c80ca95d5baae6ca5603bd6","32593","draft","reviewed","","","","d5a56890f9fc672c01b4a53efe61e03c5ba51687bf701a25d94c29b99c7646bb","d5a56890f9fc672c01b4a53efe61e03c5ba51687bf701a25d94c29b99c7646bb","6bcd369294a032d983a1d47c315439ecb20f5ec0391316742165cd63fed11a1b","de19ee1e1a3beecdf3658d4c8b302e60d43eaaf9e58acfbd369388992eb9afb2","302574"
"BUNDLE-ASCEND950-ASC950-SIGN-0161","ASCEND950","3","ASC950-SIGN-0161","数据/field-requirements.csv","requirement_id","REQ-M2W3-HUAWEI-ASC950PR-VENDOR-MAX-THROUGHPUT","审计/子代理交接/m2_staging/M2-W3-HUAWEI-ASCEND950-PHYSICAL/structured/field-requirements.csv","4f1dcb01672b18cd45a8a3a803d314921e7812a39c80ca95d5baae6ca5603bd6","32593","draft","reviewed","","","","9dc8341b87bf3aa004cd363f601d617e9dab74b8ce0ae919d0464ed6886568f1","9dc8341b87bf3aa004cd363f601d617e9dab74b8ce0ae919d0464ed6886568f1","fdc8eb8860c8d8360d617609378b402059479e96b26b5bcce5e55907dc2bbc18","de19ee1e1a3beecdf3658d4c8b302e60d43eaaf9e58acfbd369388992eb9afb2","302574"
"BUNDLE-ASCEND950-ASC950-SIGN-0162","ASCEND950","3","ASC950-SIGN-0162","数据/field-requirements.csv","requirement_id","REQ-M2W3-HUAWEI-ASC950PR-INTERCONNECT-PROTOCOL","审计/子代理交接/m2_staging/M2-W3-HUAWEI-ASCEND950-PHYSICAL/structured/field-requirements.csv","4f1dcb01672b18cd45a8a3a803d314921e7812a39c80ca95d5baae6ca5603bd6","32593","draft","reviewed","","","","d19fb8fc8ff7b30e5509cc213caa15b843e7922d9056b3cb9a9a25871200c6f3","d19fb8fc8ff7b30e5509cc213caa15b843e7922d9056b3cb9a9a25871200c6f3","c548a8696aaa6264affd6a0c68a57af9a999afd55572d6b1e7dd81838af19cd0","de19ee1e1a3beecdf3658d4c8b302e60d43eaaf9e58acfbd369388992eb9afb2","302574"
"BUNDLE-ASCEND950-ASC950-SIGN-0163","ASCEND950","3","ASC950-SIGN-0163","数据/field-requirements.csv","requirement_id","REQ-M2W3-HUAWEI-ASC950PR-INTERCONNECT-BW","审计/子代理交接/m2_staging/M2-W3-HUAWEI-ASCEND950-PHYSICAL/structured/field-requirements.csv","4f1dcb01672b18cd45a8a3a803d314921e7812a39c80ca95d5baae6ca5603bd6","32593","draft","reviewed","","","","19678cbc225786d0f96be62f7c69084e9293c9037950cf3e5d1a33bfb2deef45","19678cbc225786d0f96be62f7c69084e9293c9037950cf3e5d1a33bfb2deef45","e2be5801a86a2be6e48e9f07dbc1f54429eece4e968574662ac5abfb67740205","de19ee1e1a3beecdf3658d4c8b302e60d43eaaf9e58acfbd369388992eb9afb2","302574"
"BUNDLE-ASCEND950-ASC950-SIGN-0164","ASCEND950","3","ASC950-SIGN-0164","数据/field-requirements.csv","requirement_id","REQ-M2W3-HUAWEI-ASC950DT-VENDOR","审计/子代理交接/m2_staging/M2-W3-HUAWEI-ASCEND950-PHYSICAL/structured/field-requirements.csv","4f1dcb01672b18cd45a8a3a803d314921e7812a39c80ca95d5baae6ca5603bd6","32593","draft","reviewed","","","","34dc31bac63dbda5a1ebd5fb14f68b505b5461c26da0baba89035bc268f5d5b0","34dc31bac63dbda5a1ebd5fb14f68b505b5461c26da0baba89035bc268f5d5b0","322c5fe5a2d7f3d5e7844868e9449318794c1368835cbb60513ebbf7562dd31f","de19ee1e1a3beecdf3658d4c8b302e60d43eaaf9e58acfbd369388992eb9afb2","302574"
"BUNDLE-ASCEND950-ASC950-SIGN-0165","ASCEND950","3","ASC950-SIGN-0165","数据/field-requirements.csv","requirement_id","REQ-M2W3-HUAWEI-ASC950DT-FAMILY","审计/子代理交接/m2_staging/M2-W3-HUAWEI-ASCEND950-PHYSICAL/structured/field-requirements.csv","4f1dcb01672b18cd45a8a3a803d314921e7812a39c80ca95d5baae6ca5603bd6","32593","draft","reviewed","","","","61953e26d44e68b4fca4c5635e0953f91bd4bcf179fab2110e34c8098fb4565a","61953e26d44e68b4fca4c5635e0953f91bd4bcf179fab2110e34c8098fb4565a","9c1d034824aa228949396fefc8b0d16ee501fe3f9548580b0572998a71c701b5","de19ee1e1a3beecdf3658d4c8b302e60d43eaaf9e58acfbd369388992eb9afb2","302574"
"BUNDLE-ASCEND950-ASC950-SIGN-0166","ASCEND950","3","ASC950-SIGN-0166","数据/field-requirements.csv","requirement_id","REQ-M2W3-HUAWEI-ASC950DT-NAME","审计/子代理交接/m2_staging/M2-W3-HUAWEI-ASCEND950-PHYSICAL/structured/field-requirements.csv","4f1dcb01672b18cd45a8a3a803d314921e7812a39c80ca95d5baae6ca5603bd6","32593","draft","reviewed","","","","2f63a62d3a2cd71818676a058811f7d629e0a1fb141f0d43896a2718d646b5b3","2f63a62d3a2cd71818676a058811f7d629e0a1fb141f0d43896a2718d646b5b3","e1453cb80ea1052d9f047ec41315754af090d4945bf3d90c62c7675f4eb0ebf0","de19ee1e1a3beecdf3658d4c8b302e60d43eaaf9e58acfbd369388992eb9afb2","302574"
"BUNDLE-ASCEND950-ASC950-SIGN-0167","ASCEND950","3","ASC950-SIGN-0167","数据/field-requirements.csv","requirement_id","REQ-M2W3-HUAWEI-ASC950DT-SKU","审计/子代理交接/m2_staging/M2-W3-HUAWEI-ASCEND950-PHYSICAL/structured/field-requirements.csv","4f1dcb01672b18cd45a8a3a803d314921e7812a39c80ca95d5baae6ca5603bd6","32593","draft","reviewed","","","","3612bbfce7b1351bef39d33899be2b06786f6c8244bf3a4f065a7e8d82f967d7","3612bbfce7b1351bef39d33899be2b06786f6c8244bf3a4f065a7e8d82f967d7","b9dd4a5d9290677ee2802c5bacc948ec4e6fc44dc7edf152cd99a56d36f9e7b7","de19ee1e1a3beecdf3658d4c8b302e60d43eaaf9e58acfbd369388992eb9afb2","302574"
"BUNDLE-ASCEND950-ASC950-SIGN-0168","ASCEND950","3","ASC950-SIGN-0168","数据/field-requirements.csv","requirement_id","REQ-M2W3-HUAWEI-ASC950DT-OBJECT-TYPE","审计/子代理交接/m2_staging/M2-W3-HUAWEI-ASCEND950-PHYSICAL/structured/field-requirements.csv","4f1dcb01672b18cd45a8a3a803d314921e7812a39c80ca95d5baae6ca5603bd6","32593","draft","reviewed","","","","71673bc46e5d3ea60f473aed6a43b8e173b635b40fa191592c8fe2b99877ea9f","71673bc46e5d3ea60f473aed6a43b8e173b635b40fa191592c8fe2b99877ea9f","dd023873df42a2efdb46d327d5dc2d9b5eca5d67ea366f9bfcac436cf971149e","de19ee1e1a3beecdf3658d4c8b302e60d43eaaf9e58acfbd369388992eb9afb2","302574"
"BUNDLE-ASCEND950-ASC950-SIGN-0169","ASCEND950","3","ASC950-SIGN-0169","数据/field-requirements.csv","requirement_id","REQ-M2W3-HUAWEI-ASC950DT-RELEASE-DATE","审计/子代理交接/m2_staging/M2-W3-HUAWEI-ASCEND950-PHYSICAL/structured/field-requirements.csv","4f1dcb01672b18cd45a8a3a803d314921e7812a39c80ca95d5baae6ca5603bd6","32593","draft","reviewed","","","","5b3f2e699685931368736444f220b3ac3f1242b50621114236214cfa22f9d074","5b3f2e699685931368736444f220b3ac3f1242b50621114236214cfa22f9d074","8ac245a6cb5f0110ce0d3b571dc54e3bd6c68c85984d2ff97a11159f48877fe6","de19ee1e1a3beecdf3658d4c8b302e60d43eaaf9e58acfbd369388992eb9afb2","302574"
"BUNDLE-ASCEND950-ASC950-SIGN-0170","ASCEND950","3","ASC950-SIGN-0170","数据/field-requirements.csv","requirement_id","REQ-M2W3-HUAWEI-ASC950DT-STATUS","审计/子代理交接/m2_staging/M2-W3-HUAWEI-ASCEND950-PHYSICAL/structured/field-requirements.csv","4f1dcb01672b18cd45a8a3a803d314921e7812a39c80ca95d5baae6ca5603bd6","32593","draft","reviewed","","","","88d755f5729b249ef4113c7eb8e9616cc2867cb32fd8f11c828eeade980d2f5d","88d755f5729b249ef4113c7eb8e9616cc2867cb32fd8f11c828eeade980d2f5d","a8b0ab80c13e7ee7a522762be3716163f4e4f5766272f9ac3402fd46309a9e95","de19ee1e1a3beecdf3658d4c8b302e60d43eaaf9e58acfbd369388992eb9afb2","302574"
"BUNDLE-ASCEND950-ASC950-SIGN-0171","ASCEND950","3","ASC950-SIGN-0171","数据/field-requirements.csv","requirement_id","REQ-M2W3-HUAWEI-ASC950DT-POSITIONING","审计/子代理交接/m2_staging/M2-W3-HUAWEI-ASCEND950-PHYSICAL/structured/field-requirements.csv","4f1dcb01672b18cd45a8a3a803d314921e7812a39c80ca95d5baae6ca5603bd6","32593","draft","reviewed","","","","4e10a9169a1662a66958f3c90b0cc7a89b01dfdd03cbfbbf3fd1b326daaefd77","4e10a9169a1662a66958f3c90b0cc7a89b01dfdd03cbfbbf3fd1b326daaefd77","4f0f0d997b127995839462e1a4c4e4c4402f09dc74ac090c0dc94f91f6d4eab2","de19ee1e1a3beecdf3658d4c8b302e60d43eaaf9e58acfbd369388992eb9afb2","302574"
"BUNDLE-ASCEND950-ASC950-SIGN-0172","ASCEND950","3","ASC950-SIGN-0172","数据/field-requirements.csv","requirement_id","REQ-M2W3-HUAWEI-ASC950DT-PACKAGE","审计/子代理交接/m2_staging/M2-W3-HUAWEI-ASCEND950-PHYSICAL/structured/field-requirements.csv","4f1dcb01672b18cd45a8a3a803d314921e7812a39c80ca95d5baae6ca5603bd6","32593","draft","reviewed","","","","58a488fda4be61f03810f85f29816234037ed88758bc428409fab0689dd38070","58a488fda4be61f03810f85f29816234037ed88758bc428409fab0689dd38070","216ee1331fcac06e6902bcf2d8e0a222be56be773274067e73fac8285970a27c","de19ee1e1a3beecdf3658d4c8b302e60d43eaaf9e58acfbd369388992eb9afb2","302574"
"BUNDLE-ASCEND950-ASC950-SIGN-0173","ASCEND950","3","ASC950-SIGN-0173","数据/field-requirements.csv","requirement_id","REQ-M2W3-HUAWEI-ASC950DT-MEM-NAME","审计/子代理交接/m2_staging/M2-W3-HUAWEI-ASCEND950-PHYSICAL/structured/field-requirements.csv","4f1dcb01672b18cd45a8a3a803d314921e7812a39c80ca95d5baae6ca5603bd6","32593","draft","reviewed","","","","1c3a902680108f5c23dbe4d511f97b0133667ff13d4ddb8c63c33a944c3891eb","1c3a902680108f5c23dbe4d511f97b0133667ff13d4ddb8c63c33a944c3891eb","32e72b176d714cca2634dc3b859efc93fd7cdd1b287d0f3fd3c18085b6017159","de19ee1e1a3beecdf3658d4c8b302e60d43eaaf9e58acfbd369388992eb9afb2","302574"
"BUNDLE-ASCEND950-ASC950-SIGN-0174","ASCEND950","3","ASC950-SIGN-0174","数据/field-requirements.csv","requirement_id","REQ-M2W3-HUAWEI-ASC950DT-MEM-CAPACITY","审计/子代理交接/m2_staging/M2-W3-HUAWEI-ASCEND950-PHYSICAL/structured/field-requirements.csv","4f1dcb01672b18cd45a8a3a803d314921e7812a39c80ca95d5baae6ca5603bd6","32593","draft","reviewed","","","","0a958cc113a400cf730ed9dce52f8271c8d8c563d9e5ce7d6e7821359def61cd","0a958cc113a400cf730ed9dce52f8271c8d8c563d9e5ce7d6e7821359def61cd","01c97c233917508fd5ebe97b802ea0ecab8e6e5e3b27706003d2f895c2f567c1","de19ee1e1a3beecdf3658d4c8b302e60d43eaaf9e58acfbd369388992eb9afb2","302574"
"BUNDLE-ASCEND950-ASC950-SIGN-0175","ASCEND950","3","ASC950-SIGN-0175","数据/field-requirements.csv","requirement_id","REQ-M2W3-HUAWEI-ASC950DT-MEM-BW","审计/子代理交接/m2_staging/M2-W3-HUAWEI-ASCEND950-PHYSICAL/structured/field-requirements.csv","4f1dcb01672b18cd45a8a3a803d314921e7812a39c80ca95d5baae6ca5603bd6","32593","draft","reviewed","","","","6f21e90b0d6d12d4bb337ac7015e7676bf75562e2a682870e2f5f3b95bb769de","6f21e90b0d6d12d4bb337ac7015e7676bf75562e2a682870e2f5f3b95bb769de","9151f9835de15fcd6d2cb1c4a41874660918e6a15dd43615a9b75dd44ab2d9c4","de19ee1e1a3beecdf3658d4c8b302e60d43eaaf9e58acfbd369388992eb9afb2","302574"
"BUNDLE-ASCEND950-ASC950-SIGN-0176","ASCEND950","3","ASC950-SIGN-0176","数据/field-requirements.csv","requirement_id","REQ-M2W3-HUAWEI-ASC950DT-INTERCONNECT-BW","审计/子代理交接/m2_staging/M2-W3-HUAWEI-ASCEND950-PHYSICAL/structured/field-requirements.csv","4f1dcb01672b18cd45a8a3a803d314921e7812a39c80ca95d5baae6ca5603bd6","32593","draft","reviewed","","","","140be53b852c1eef38515522e6158bc008efa7fdbc908acd10371474609f4b65","140be53b852c1eef38515522e6158bc008efa7fdbc908acd10371474609f4b65","d93c6b60448862df1be8fe64fd7c8e3a1800db54c98519939ec5d3ffd2cd31b7","de19ee1e1a3beecdf3658d4c8b302e60d43eaaf9e58acfbd369388992eb9afb2","302574"
"BUNDLE-ASCEND950-ASC950-SIGN-0177","ASCEND950","3","ASC950-SIGN-0177","数据/field-requirements.csv","requirement_id","REQ-M2W3-HUAWEI-ASC950-DIE-STATUS","审计/子代理交接/m2_staging/M2-W3-HUAWEI-ASCEND950-PHYSICAL/structured/field-requirements.csv","4f1dcb01672b18cd45a8a3a803d314921e7812a39c80ca95d5baae6ca5603bd6","32593","draft","reviewed","","","","62b621421c1e959a45e8f4ade39b51f5053bf32a8e7d62ec1efb105ebbc27399","62b621421c1e959a45e8f4ade39b51f5053bf32a8e7d62ec1efb105ebbc27399","ce8d77b5de9f01187521b043db7322e1628e032e0e5496f72686633ffe1fbe84","de19ee1e1a3beecdf3658d4c8b302e60d43eaaf9e58acfbd369388992eb9afb2","302574"
"BUNDLE-ASCEND950-ASC950-SIGN-0178","ASCEND950","3","ASC950-SIGN-0178","数据/field-requirements.csv","requirement_id","REQ-M2W3-HUAWEI-ASC950-DIE-AVAILABILITY","审计/子代理交接/m2_staging/M2-W3-HUAWEI-ASCEND950-PHYSICAL/structured/field-requirements.csv","4f1dcb01672b18cd45a8a3a803d314921e7812a39c80ca95d5baae6ca5603bd6","32593","draft","reviewed","","","","fa161dabd16ba25da303386f0f67001218855b43f9fdf6d42a0b5010904fcd19","fa161dabd16ba25da303386f0f67001218855b43f9fdf6d42a0b5010904fcd19","e7d6ab193b67bc93459c2a603f6804dcede73058223feba500ce39329b474c5d","de19ee1e1a3beecdf3658d4c8b302e60d43eaaf9e58acfbd369388992eb9afb2","302574"
"BUNDLE-ASCEND950-ASC950-SIGN-0179","ASCEND950","3","ASC950-SIGN-0179","数据/field-requirements.csv","requirement_id","REQ-M2W3-HUAWEI-ASC950-DIE-SKU","审计/子代理交接/m2_staging/M2-W3-HUAWEI-ASCEND950-PHYSICAL/structured/field-requirements.csv","4f1dcb01672b18cd45a8a3a803d314921e7812a39c80ca95d5baae6ca5603bd6","32593","draft","reviewed","","","","fdd5226357cde8ff4e2dc0c4c30539f982bf1ec3e0a4bf682ef316c2ddfd8858","fdd5226357cde8ff4e2dc0c4c30539f982bf1ec3e0a4bf682ef316c2ddfd8858","47c5875a10dc421b9887b2f83af50067e24607f3987d73a77387272d0f55eab8","de19ee1e1a3beecdf3658d4c8b302e60d43eaaf9e58acfbd369388992eb9afb2","302574"
"BUNDLE-ASCEND950-ASC950-SIGN-0180","ASCEND950","3","ASC950-SIGN-0180","数据/field-requirements.csv","requirement_id","REQ-M2W3-HUAWEI-ASC950-DIE-PROCESS","审计/子代理交接/m2_staging/M2-W3-HUAWEI-ASCEND950-PHYSICAL/structured/field-requirements.csv","4f1dcb01672b18cd45a8a3a803d314921e7812a39c80ca95d5baae6ca5603bd6","32593","draft","reviewed","","","","6b9298ff4c9f82624759186056bed756aec857ba21bdb192c8e6cdd01a527928","6b9298ff4c9f82624759186056bed756aec857ba21bdb192c8e6cdd01a527928","555dcd6eaafa80b6233fc91c76fe282813e158bb7028ae1aeea27d642ee7f7a6","de19ee1e1a3beecdf3658d4c8b302e60d43eaaf9e58acfbd369388992eb9afb2","302574"
"BUNDLE-ASCEND950-ASC950-SIGN-0181","ASCEND950","3","ASC950-SIGN-0181","数据/field-requirements.csv","requirement_id","REQ-M2W3-HUAWEI-ASC950-DIE-DIE-AREA","审计/子代理交接/m2_staging/M2-W3-HUAWEI-ASCEND950-PHYSICAL/structured/field-requirements.csv","4f1dcb01672b18cd45a8a3a803d314921e7812a39c80ca95d5baae6ca5603bd6","32593","draft","reviewed","","","","8d9353fa75f0a2feb4e1c436e21d7a4641e6467ec0a23e237f7e80d14a7ac2bc","8d9353fa75f0a2feb4e1c436e21d7a4641e6467ec0a23e237f7e80d14a7ac2bc","0de2d5e3cabf2dcd09b95a0ba78206bca8654cd966c6ad3d6b5b051523dfd22c","de19ee1e1a3beecdf3658d4c8b302e60d43eaaf9e58acfbd369388992eb9afb2","302574"
"BUNDLE-ASCEND950-ASC950-SIGN-0182","ASCEND950","3","ASC950-SIGN-0182","数据/field-requirements.csv","requirement_id","REQ-M2W3-HUAWEI-ASC950-DIE-TRANSISTORS","审计/子代理交接/m2_staging/M2-W3-HUAWEI-ASCEND950-PHYSICAL/structured/field-requirements.csv","4f1dcb01672b18cd45a8a3a803d314921e7812a39c80ca95d5baae6ca5603bd6","32593","draft","reviewed","","","","a3d88d83d26a77623f39c1410d340fd6e8a00035108f9687594686043d57eebb","a3d88d83d26a77623f39c1410d340fd6e8a00035108f9687594686043d57eebb","a03d7c1af56ecf1e4026de2a682d1402400505ac6b1c46644ef07b9ea2127ccc","de19ee1e1a3beecdf3658d4c8b302e60d43eaaf9e58acfbd369388992eb9afb2","302574"
"BUNDLE-ASCEND950-ASC950-SIGN-0183","ASCEND950","3","ASC950-SIGN-0183","数据/field-requirements.csv","requirement_id","REQ-M2W3-HUAWEI-ASC950-DIE-CLOCK","审计/子代理交接/m2_staging/M2-W3-HUAWEI-ASCEND950-PHYSICAL/structured/field-requirements.csv","4f1dcb01672b18cd45a8a3a803d314921e7812a39c80ca95d5baae6ca5603bd6","32593","draft","reviewed","","","","44810179b8e59cbb70613872ce69c954d9498ae5efa6de2e8223472ddd5b561e","44810179b8e59cbb70613872ce69c954d9498ae5efa6de2e8223472ddd5b561e","06600154f5f4e482748e3c79879cc524ec8001d3ff8d92d9c1ba32c516a93b07","de19ee1e1a3beecdf3658d4c8b302e60d43eaaf9e58acfbd369388992eb9afb2","302574"
"BUNDLE-ASCEND950-ASC950-SIGN-0184","ASCEND950","3","ASC950-SIGN-0184","数据/field-requirements.csv","requirement_id","REQ-M2W3-HUAWEI-ASC950-DIE-POWER","审计/子代理交接/m2_staging/M2-W3-HUAWEI-ASCEND950-PHYSICAL/structured/field-requirements.csv","4f1dcb01672b18cd45a8a3a803d314921e7812a39c80ca95d5baae6ca5603bd6","32593","draft","reviewed","","","","a5b494c2a805d7c2972f78ef826f16d215becdc08a11f7235e0f1c20a941fe6b","a5b494c2a805d7c2972f78ef826f16d215becdc08a11f7235e0f1c20a941fe6b","28ff3920c90d4e3b0f26612e8d3e508d2c5e04d7d1ae39441aeeb28d93a31f21","de19ee1e1a3beecdf3658d4c8b302e60d43eaaf9e58acfbd369388992eb9afb2","302574"
"BUNDLE-ASCEND950-ASC950-SIGN-0185","ASCEND950","3","ASC950-SIGN-0185","数据/field-requirements.csv","requirement_id","REQ-M2W3-HUAWEI-ASC950-DIE-VECTOR-THROUGHPUT","审计/子代理交接/m2_staging/M2-W3-HUAWEI-ASCEND950-PHYSICAL/structured/field-requirements.csv","4f1dcb01672b18cd45a8a3a803d314921e7812a39c80ca95d5baae6ca5603bd6","32593","draft","reviewed","","","","a5be924e619d5af9f445e18d9f6186bf91c4a2d9dd77c496c1752e8eb89f0697","a5be924e619d5af9f445e18d9f6186bf91c4a2d9dd77c496c1752e8eb89f0697","9e4ac051e98b1aeecb33212efba3d08b1614f80659d7825c5a181f9f5bb0eca6","de19ee1e1a3beecdf3658d4c8b302e60d43eaaf9e58acfbd369388992eb9afb2","302574"
"BUNDLE-ASCEND950-ASC950-SIGN-0186","ASCEND950","3","ASC950-SIGN-0186","数据/field-requirements.csv","requirement_id","REQ-M2W3-HUAWEI-ASC950-DIE-FP8-ACCUM","审计/子代理交接/m2_staging/M2-W3-HUAWEI-ASCEND950-PHYSICAL/structured/field-requirements.csv","4f1dcb01672b18cd45a8a3a803d314921e7812a39c80ca95d5baae6ca5603bd6","32593","draft","reviewed","","","","7a51384349ae032a06434fe69f092bab76196c714d9d3f8cbecd4373be0d5cb8","7a51384349ae032a06434fe69f092bab76196c714d9d3f8cbecd4373be0d5cb8","516ed634e58021d3ad076c0b3c219494bcb0a92cc3ac0ae60cd5f3df6292bc94","de19ee1e1a3beecdf3658d4c8b302e60d43eaaf9e58acfbd369388992eb9afb2","302574"
"BUNDLE-ASCEND950-ASC950-SIGN-0187","ASCEND950","3","ASC950-SIGN-0187","数据/field-requirements.csv","requirement_id","REQ-M2W3-HUAWEI-ASC950-DIE-FP8-PHYSICAL-ACCUM","审计/子代理交接/m2_staging/M2-W3-HUAWEI-ASCEND950-PHYSICAL/structured/field-requirements.csv","4f1dcb01672b18cd45a8a3a803d314921e7812a39c80ca95d5baae6ca5603bd6","32593","draft","reviewed","","","","9d3c66f7ce87d188aa75ebf5decc8a855e18be77a48dc7958bd6e497114e038d","9d3c66f7ce87d188aa75ebf5decc8a855e18be77a48dc7958bd6e497114e038d","c72e59eb1b1eaaf94a576be1a342177ce2c6ca0288b3f74cb65f8535064b2860","de19ee1e1a3beecdf3658d4c8b302e60d43eaaf9e58acfbd369388992eb9afb2","302574"
"BUNDLE-ASCEND950-ASC950-SIGN-0188","ASCEND950","3","ASC950-SIGN-0188","数据/field-requirements.csv","requirement_id","REQ-M2W3-HUAWEI-ASC950-DIE-MXFP8-ACCUM","审计/子代理交接/m2_staging/M2-W3-HUAWEI-ASCEND950-PHYSICAL/structured/field-requirements.csv","4f1dcb01672b18cd45a8a3a803d314921e7812a39c80ca95d5baae6ca5603bd6","32593","draft","reviewed","","","","a39ee1f19c0a4d64054c4ec6824ec2fb72ef3b71c375f842d44abcf083d270d3","a39ee1f19c0a4d64054c4ec6824ec2fb72ef3b71c375f842d44abcf083d270d3","107ed6ce2c160d47f0ef324473c6ea1a4d83e7a9f1e6c957c35b34e21780e14a","de19ee1e1a3beecdf3658d4c8b302e60d43eaaf9e58acfbd369388992eb9afb2","302574"
"BUNDLE-ASCEND950-ASC950-SIGN-0189","ASCEND950","3","ASC950-SIGN-0189","数据/field-requirements.csv","requirement_id","REQ-M2W3-HUAWEI-ASC950-DIE-MXFP8-PHYSICAL-ACCUM","审计/子代理交接/m2_staging/M2-W3-HUAWEI-ASCEND950-PHYSICAL/structured/field-requirements.csv","4f1dcb01672b18cd45a8a3a803d314921e7812a39c80ca95d5baae6ca5603bd6","32593","draft","reviewed","","","","3a2e145ef3f55d479a1a2c9b1646f5ff3a23ea90f03ac3cc001c6f5989a4d12f","3a2e145ef3f55d479a1a2c9b1646f5ff3a23ea90f03ac3cc001c6f5989a4d12f","1087aec8a78fb6c96466518a9d04b402789713fb0cd95d50b44f119c40615b99","de19ee1e1a3beecdf3658d4c8b302e60d43eaaf9e58acfbd369388992eb9afb2","302574"
"BUNDLE-ASCEND950-ASC950-SIGN-0190","ASCEND950","3","ASC950-SIGN-0190","数据/field-requirements.csv","requirement_id","REQ-M2W3-HUAWEI-ASC950-DIE-HIF8-ACCUM","审计/子代理交接/m2_staging/M2-W3-HUAWEI-ASCEND950-PHYSICAL/structured/field-requirements.csv","4f1dcb01672b18cd45a8a3a803d314921e7812a39c80ca95d5baae6ca5603bd6","32593","draft","reviewed","","","","242d591bf5a45668622e11fc558ca73ae0d2db7ed5ef65d8d50336df1754367e","242d591bf5a45668622e11fc558ca73ae0d2db7ed5ef65d8d50336df1754367e","5fb004bed8478d40dd61201e8e8f222299ee46a980fbf78f3ef976df2c60894d","de19ee1e1a3beecdf3658d4c8b302e60d43eaaf9e58acfbd369388992eb9afb2","302574"
"BUNDLE-ASCEND950-ASC950-SIGN-0191","ASCEND950","3","ASC950-SIGN-0191","数据/field-requirements.csv","requirement_id","REQ-M2W3-HUAWEI-ASC950-DIE-HIF8-PHYSICAL-ACCUM","审计/子代理交接/m2_staging/M2-W3-HUAWEI-ASCEND950-PHYSICAL/structured/field-requirements.csv","4f1dcb01672b18cd45a8a3a803d314921e7812a39c80ca95d5baae6ca5603bd6","32593","draft","reviewed","","","","2b114e4f4d9154f273ee2f96d4fdce7e59912e4961ddc8f54579de3b156e38a2","2b114e4f4d9154f273ee2f96d4fdce7e59912e4961ddc8f54579de3b156e38a2","295ff2639ca78ae0bc126a6136e60a314a1aa48ae047d8a8aed23c53e4b3514e","de19ee1e1a3beecdf3658d4c8b302e60d43eaaf9e58acfbd369388992eb9afb2","302574"
"BUNDLE-ASCEND950-ASC950-SIGN-0192","ASCEND950","3","ASC950-SIGN-0192","数据/field-requirements.csv","requirement_id","REQ-M2W3-HUAWEI-ASC950-DIE-MXFP4-ACCUM","审计/子代理交接/m2_staging/M2-W3-HUAWEI-ASCEND950-PHYSICAL/structured/field-requirements.csv","4f1dcb01672b18cd45a8a3a803d314921e7812a39c80ca95d5baae6ca5603bd6","32593","draft","reviewed","","","","6757fecd926f3db1f0a62e657122af1b0f7a94cbbd2aeec3b6249733b8f8fa6e","6757fecd926f3db1f0a62e657122af1b0f7a94cbbd2aeec3b6249733b8f8fa6e","a0db40447cb43c9954cd7c6c92be67e5e8b97e1c4d11906b4cea6497d71e80bf","de19ee1e1a3beecdf3658d4c8b302e60d43eaaf9e58acfbd369388992eb9afb2","302574"
"BUNDLE-ASCEND950-ASC950-SIGN-0193","ASCEND950","3","ASC950-SIGN-0193","数据/field-requirements.csv","requirement_id","REQ-M2W3-HUAWEI-ASC950-DIE-MXFP4-PHYSICAL-ACCUM","审计/子代理交接/m2_staging/M2-W3-HUAWEI-ASCEND950-PHYSICAL/structured/field-requirements.csv","4f1dcb01672b18cd45a8a3a803d314921e7812a39c80ca95d5baae6ca5603bd6","32593","draft","reviewed","","","","d2b5aa1b9b8c81b44074dd379961ef9b507f10d9ea344f8780bfcdfdfae946bd","d2b5aa1b9b8c81b44074dd379961ef9b507f10d9ea344f8780bfcdfdfae946bd","272a1c4ea4a7efd8260c938f09ca3fc3ca336650cf0e01223a15079795e288bb","de19ee1e1a3beecdf3658d4c8b302e60d43eaaf9e58acfbd369388992eb9afb2","302574"
"BUNDLE-ASCEND950-ASC950-SIGN-0194","ASCEND950","3","ASC950-SIGN-0194","数据/field-requirements.csv","requirement_id","REQ-M2W3-HUAWEI-ASC950-DIE-MEMORY-NAME","审计/子代理交接/m2_staging/M2-W3-HUAWEI-ASCEND950-PHYSICAL/structured/field-requirements.csv","4f1dcb01672b18cd45a8a3a803d314921e7812a39c80ca95d5baae6ca5603bd6","32593","draft","reviewed","","","","54053e1e7595f12f702cd27c0175b4413265926d8dc5efa534914aa1ba6fea20","54053e1e7595f12f702cd27c0175b4413265926d8dc5efa534914aa1ba6fea20","91851c3ed2a5c31645f736b3308b22fde86cd9648c3e2dec4eed9314cae5d3b9","de19ee1e1a3beecdf3658d4c8b302e60d43eaaf9e58acfbd369388992eb9afb2","302574"
"BUNDLE-ASCEND950-ASC950-SIGN-0195","ASCEND950","3","ASC950-SIGN-0195","数据/field-requirements.csv","requirement_id","REQ-M2W3-HUAWEI-ASC950-DIE-MEMORY-CAPACITY","审计/子代理交接/m2_staging/M2-W3-HUAWEI-ASCEND950-PHYSICAL/structured/field-requirements.csv","4f1dcb01672b18cd45a8a3a803d314921e7812a39c80ca95d5baae6ca5603bd6","32593","draft","reviewed","","","","45781f5bb9bc1b85695fc584b166add1fb8f3229ca86c9b254cf548d9b05bccc","45781f5bb9bc1b85695fc584b166add1fb8f3229ca86c9b254cf548d9b05bccc","65207a1e6a2a65849dedb34437a8b9c7b338d5a681622fafc619c57186aecbd9","de19ee1e1a3beecdf3658d4c8b302e60d43eaaf9e58acfbd369388992eb9afb2","302574"
"BUNDLE-ASCEND950-ASC950-SIGN-0196","ASCEND950","3","ASC950-SIGN-0196","数据/field-requirements.csv","requirement_id","REQ-M2W3-HUAWEI-ASC950-DIE-MEMORY-BW","审计/子代理交接/m2_staging/M2-W3-HUAWEI-ASCEND950-PHYSICAL/structured/field-requirements.csv","4f1dcb01672b18cd45a8a3a803d314921e7812a39c80ca95d5baae6ca5603bd6","32593","draft","reviewed","","","","68a80f03fb7a86011f84e8e7ca7f871eacb876ca692f9fe4aa1d131d51d5a4a7","68a80f03fb7a86011f84e8e7ca7f871eacb876ca692f9fe4aa1d131d51d5a4a7","d7db335c6410fbb1ea522d0aa6b369b4d2ed0a32e3d825331ae70b1f760ee298","de19ee1e1a3beecdf3658d4c8b302e60d43eaaf9e58acfbd369388992eb9afb2","302574"
"BUNDLE-ASCEND950-ASC950-SIGN-0197","ASCEND950","3","ASC950-SIGN-0197","数据/field-requirements.csv","requirement_id","REQ-M2W3-HUAWEI-ASC950-DIE-LINK-RATE","审计/子代理交接/m2_staging/M2-W3-HUAWEI-ASCEND950-PHYSICAL/structured/field-requirements.csv","4f1dcb01672b18cd45a8a3a803d314921e7812a39c80ca95d5baae6ca5603bd6","32593","draft","reviewed","","","","58cdf9ef5d33b2939e0c5af18f06ee0f96a09915239eeb0d4cd10e139a6cc1ea","58cdf9ef5d33b2939e0c5af18f06ee0f96a09915239eeb0d4cd10e139a6cc1ea","85618da5292b34a1da0948dfcf9a5d5ed3202bef3f3f97678f510e04c02cf5fc","de19ee1e1a3beecdf3658d4c8b302e60d43eaaf9e58acfbd369388992eb9afb2","302574"
"BUNDLE-ASCEND950-ASC950-SIGN-0198","ASCEND950","3","ASC950-SIGN-0198","数据/field-requirements.csv","requirement_id","REQ-M2W3-HUAWEI-ASC950-DIE-LINK-COUNT","审计/子代理交接/m2_staging/M2-W3-HUAWEI-ASCEND950-PHYSICAL/structured/field-requirements.csv","4f1dcb01672b18cd45a8a3a803d314921e7812a39c80ca95d5baae6ca5603bd6","32593","draft","reviewed","","","","5f6f38547a79fffa50555af8cd1b96aaf8d0345d24aed524cc34d7e5798f54e6","5f6f38547a79fffa50555af8cd1b96aaf8d0345d24aed524cc34d7e5798f54e6","0eaf34c47fb44d5290d6c8301737b73086e5ed163acce43bf097de4cb2911b1c","de19ee1e1a3beecdf3658d4c8b302e60d43eaaf9e58acfbd369388992eb9afb2","302574"
"BUNDLE-ASCEND950-ASC950-SIGN-0199","ASCEND950","3","ASC950-SIGN-0199","数据/field-requirements.csv","requirement_id","REQ-M2W3-HUAWEI-ASC950-DIE-SPECIAL-DETAIL","审计/子代理交接/m2_staging/M2-W3-HUAWEI-ASCEND950-PHYSICAL/structured/field-requirements.csv","4f1dcb01672b18cd45a8a3a803d314921e7812a39c80ca95d5baae6ca5603bd6","32593","draft","reviewed","","","","e7b3afa06801697dd559729c3295e97cb06250517d8ad3886453d9ce611a243e","e7b3afa06801697dd559729c3295e97cb06250517d8ad3886453d9ce611a243e","14a3ab1a5676bdd371e2198508f562943bfb413c5c17c60aa28bbfadc0f56f04","de19ee1e1a3beecdf3658d4c8b302e60d43eaaf9e58acfbd369388992eb9afb2","302574"
"BUNDLE-ASCEND950-ASC950-SIGN-0200","ASCEND950","3","ASC950-SIGN-0200","数据/field-requirements.csv","requirement_id","REQ-M2W3-HUAWEI-ASC950-DIE-COMPILER","审计/子代理交接/m2_staging/M2-W3-HUAWEI-ASCEND950-PHYSICAL/structured/field-requirements.csv","4f1dcb01672b18cd45a8a3a803d314921e7812a39c80ca95d5baae6ca5603bd6","32593","draft","reviewed","","","","cd31074ff55495a2fa7a745e1a5d013a71cdbb7883c8ffbc2f5b179e7221e677","cd31074ff55495a2fa7a745e1a5d013a71cdbb7883c8ffbc2f5b179e7221e677","a78b57fe1a9fb43dacb70905a02097ba617494478827ed4c5e094a5addedbd5f","de19ee1e1a3beecdf3658d4c8b302e60d43eaaf9e58acfbd369388992eb9afb2","302574"
"BUNDLE-ASCEND950-ASC950-SIGN-0201","ASCEND950","3","ASC950-SIGN-0201","数据/field-requirements.csv","requirement_id","REQ-M2W3-HUAWEI-ASC950-DIE-RUNTIME","审计/子代理交接/m2_staging/M2-W3-HUAWEI-ASCEND950-PHYSICAL/structured/field-requirements.csv","4f1dcb01672b18cd45a8a3a803d314921e7812a39c80ca95d5baae6ca5603bd6","32593","draft","reviewed","","","","96f0c4ebce5e815049b88443ba3e80cd80ceef87de13e838b1ada76681aff02f","96f0c4ebce5e815049b88443ba3e80cd80ceef87de13e838b1ada76681aff02f","664eb89a4bc939a0b4d62c5c891c517e378cf7c2a0a16ce28df78c7e7cb78068","de19ee1e1a3beecdf3658d4c8b302e60d43eaaf9e58acfbd369388992eb9afb2","302574"
"BUNDLE-ASCEND950-ASC950-SIGN-0202","ASCEND950","3","ASC950-SIGN-0202","数据/field-requirements.csv","requirement_id","REQ-M2W3-HUAWEI-ASC950PR-AVAILABILITY","审计/子代理交接/m2_staging/M2-W3-HUAWEI-ASCEND950-PHYSICAL/structured/field-requirements.csv","4f1dcb01672b18cd45a8a3a803d314921e7812a39c80ca95d5baae6ca5603bd6","32593","draft","reviewed","","","","db95e1a26f51e49bed1fe25c302a96dc612bc7ad855301df40ead62371bdfee4","db95e1a26f51e49bed1fe25c302a96dc612bc7ad855301df40ead62371bdfee4","6dd988bb403741f7b12216ecb4e7911910efb1ca12c0b905e7be00019687a3be","de19ee1e1a3beecdf3658d4c8b302e60d43eaaf9e58acfbd369388992eb9afb2","302574"
"BUNDLE-ASCEND950-ASC950-SIGN-0203","ASCEND950","3","ASC950-SIGN-0203","数据/field-requirements.csv","requirement_id","REQ-M2W3-HUAWEI-ASC950PR-PROCESS","审计/子代理交接/m2_staging/M2-W3-HUAWEI-ASCEND950-PHYSICAL/structured/field-requirements.csv","4f1dcb01672b18cd45a8a3a803d314921e7812a39c80ca95d5baae6ca5603bd6","32593","draft","reviewed","","","","02a45d118fedf3d3872154019072ab9cad86066c2be43eab9430043dc089d0e1","02a45d118fedf3d3872154019072ab9cad86066c2be43eab9430043dc089d0e1","582b00d6d439cab18127f74b90366be10de37f105455a16dd81bb7a551e563b0","de19ee1e1a3beecdf3658d4c8b302e60d43eaaf9e58acfbd369388992eb9afb2","302574"
"BUNDLE-ASCEND950-ASC950-SIGN-0204","ASCEND950","3","ASC950-SIGN-0204","数据/field-requirements.csv","requirement_id","REQ-M2W3-HUAWEI-ASC950PR-DIE-AREA","审计/子代理交接/m2_staging/M2-W3-HUAWEI-ASCEND950-PHYSICAL/structured/field-requirements.csv","4f1dcb01672b18cd45a8a3a803d314921e7812a39c80ca95d5baae6ca5603bd6","32593","draft","reviewed","","","","b44ebbc27dcdffd17bea3a97a0ff5bb0cd14ca2a3cb5ae9576391e625509492e","b44ebbc27dcdffd17bea3a97a0ff5bb0cd14ca2a3cb5ae9576391e625509492e","6f420bcb2313ca886af60ca2cc0be3d093f3104476ec17eae5ce28e716bed295","de19ee1e1a3beecdf3658d4c8b302e60d43eaaf9e58acfbd369388992eb9afb2","302574"
"BUNDLE-ASCEND950-ASC950-SIGN-0205","ASCEND950","3","ASC950-SIGN-0205","数据/field-requirements.csv","requirement_id","REQ-M2W3-HUAWEI-ASC950PR-TRANSISTORS","审计/子代理交接/m2_staging/M2-W3-HUAWEI-ASCEND950-PHYSICAL/structured/field-requirements.csv","4f1dcb01672b18cd45a8a3a803d314921e7812a39c80ca95d5baae6ca5603bd6","32593","draft","reviewed","","","","2555f0449fddc4d61f477710bd4d44975ddf47b0afa66cb1df7720a7d408fa3c","2555f0449fddc4d61f477710bd4d44975ddf47b0afa66cb1df7720a7d408fa3c","2ffc9261c3cbac64035a0d9819d4b3486b0643ff251839ddeedd64c1f45bd26c","de19ee1e1a3beecdf3658d4c8b302e60d43eaaf9e58acfbd369388992eb9afb2","302574"
"BUNDLE-ASCEND950-ASC950-SIGN-0206","ASCEND950","3","ASC950-SIGN-0206","数据/field-requirements.csv","requirement_id","REQ-M2W3-HUAWEI-ASC950PR-DIE-COUNT","审计/子代理交接/m2_staging/M2-W3-HUAWEI-ASCEND950-PHYSICAL/structured/field-requirements.csv","4f1dcb01672b18cd45a8a3a803d314921e7812a39c80ca95d5baae6ca5603bd6","32593","draft","reviewed","","","","9f51f80bc0e694956d458d141b54f0d1bb7b55442cb6063f41ce2dd8c5c03592","9f51f80bc0e694956d458d141b54f0d1bb7b55442cb6063f41ce2dd8c5c03592","0aa8f70cb839c3305e43c83857adb9cd19840cf56df30a83c342ddc539ee2c0c","de19ee1e1a3beecdf3658d4c8b302e60d43eaaf9e58acfbd369388992eb9afb2","302574"
"BUNDLE-ASCEND950-ASC950-SIGN-0207","ASCEND950","3","ASC950-SIGN-0207","数据/field-requirements.csv","requirement_id","REQ-M2W3-HUAWEI-ASC950PR-HBM-STACKS","审计/子代理交接/m2_staging/M2-W3-HUAWEI-ASCEND950-PHYSICAL/structured/field-requirements.csv","4f1dcb01672b18cd45a8a3a803d314921e7812a39c80ca95d5baae6ca5603bd6","32593","draft","reviewed","","","","ecc6dbee91f91768eee6bb436e40418de7f8270a81011b3de9bbcb4533b7aced","ecc6dbee91f91768eee6bb436e40418de7f8270a81011b3de9bbcb4533b7aced","a708cd8e2b7d852adec33d8f1413cbf821f8d9add2aef6c766996d54cf1c5c0c","de19ee1e1a3beecdf3658d4c8b302e60d43eaaf9e58acfbd369388992eb9afb2","302574"
"BUNDLE-ASCEND950-ASC950-SIGN-0208","ASCEND950","3","ASC950-SIGN-0208","数据/field-requirements.csv","requirement_id","REQ-M2W3-HUAWEI-ASC950PR-HBM-INTERFACE","审计/子代理交接/m2_staging/M2-W3-HUAWEI-ASCEND950-PHYSICAL/structured/field-requirements.csv","4f1dcb01672b18cd45a8a3a803d314921e7812a39c80ca95d5baae6ca5603bd6","32593","draft","reviewed","","","","cd91857ad64f3c81f20dacebea9be9b840dbed73310c2c4b75e33b1e15912b35","cd91857ad64f3c81f20dacebea9be9b840dbed73310c2c4b75e33b1e15912b35","0f26c6534ed39a372e1e811f7274c3fb1a909176b001a70f064d4b761ddf1c75","de19ee1e1a3beecdf3658d4c8b302e60d43eaaf9e58acfbd369388992eb9afb2","302574"
"BUNDLE-ASCEND950-ASC950-SIGN-0209","ASCEND950","3","ASC950-SIGN-0209","数据/field-requirements.csv","requirement_id","REQ-M2W3-HUAWEI-ASC950PR-INTERPOSER","审计/子代理交接/m2_staging/M2-W3-HUAWEI-ASCEND950-PHYSICAL/structured/field-requirements.csv","4f1dcb01672b18cd45a8a3a803d314921e7812a39c80ca95d5baae6ca5603bd6","32593","draft","reviewed","","","","0631eb554534daadf10b61d9ee54b1d9bbed7ec1fb1baeb2d7a358f853e44de1","0631eb554534daadf10b61d9ee54b1d9bbed7ec1fb1baeb2d7a358f853e44de1","a586df1916962cab7036cf7fe8912d9763b1c5c72418c21aa6de11847f683fc0","de19ee1e1a3beecdf3658d4c8b302e60d43eaaf9e58acfbd369388992eb9afb2","302574"
"BUNDLE-ASCEND950-ASC950-SIGN-0210","ASCEND950","3","ASC950-SIGN-0210","数据/field-requirements.csv","requirement_id","REQ-M2W3-HUAWEI-ASC950PR-POWER","审计/子代理交接/m2_staging/M2-W3-HUAWEI-ASCEND950-PHYSICAL/structured/field-requirements.csv","4f1dcb01672b18cd45a8a3a803d314921e7812a39c80ca95d5baae6ca5603bd6","32593","draft","reviewed","","","","7831ff120e8557d1fe9c76addbd1968180b31b4a0539888bd4c6122d6cc1ab1a","7831ff120e8557d1fe9c76addbd1968180b31b4a0539888bd4c6122d6cc1ab1a","9268d3f74cef30cb645b1df94f882dbd502c7ee0e89b9fa361f10f736904ef03","de19ee1e1a3beecdf3658d4c8b302e60d43eaaf9e58acfbd369388992eb9afb2","302574"
"BUNDLE-ASCEND950-ASC950-SIGN-0211","ASCEND950","3","ASC950-SIGN-0211","数据/field-requirements.csv","requirement_id","REQ-M2W3-HUAWEI-ASC950PR-COOLING","审计/子代理交接/m2_staging/M2-W3-HUAWEI-ASCEND950-PHYSICAL/structured/field-requirements.csv","4f1dcb01672b18cd45a8a3a803d314921e7812a39c80ca95d5baae6ca5603bd6","32593","draft","reviewed","","","","eddbe8405dc339cf52f0aea78f1a9732c6f840933c3f4ced07fa6b077f0bc16f","eddbe8405dc339cf52f0aea78f1a9732c6f840933c3f4ced07fa6b077f0bc16f","36eecfe81b61bb2a3e1c6aaacf739532bfb96f662b1b048a60f4ecb6818b099c","de19ee1e1a3beecdf3658d4c8b302e60d43eaaf9e58acfbd369388992eb9afb2","302574"
"BUNDLE-ASCEND950-ASC950-SIGN-0212","ASCEND950","3","ASC950-SIGN-0212","数据/field-requirements.csv","requirement_id","REQ-M2W3-HUAWEI-ASC950PR-MEM-LATENCY","审计/子代理交接/m2_staging/M2-W3-HUAWEI-ASCEND950-PHYSICAL/structured/field-requirements.csv","4f1dcb01672b18cd45a8a3a803d314921e7812a39c80ca95d5baae6ca5603bd6","32593","draft","reviewed","","","","ef1d45b02c71cd3b99d27496b14c7bb1ed4f18e7dba5e18d0e01324ecc3e7a20","ef1d45b02c71cd3b99d27496b14c7bb1ed4f18e7dba5e18d0e01324ecc3e7a20","9293b87cf4bc1425c000eb26c2cb6bf9c28c662b414ae5598efded0b03eda73a","de19ee1e1a3beecdf3658d4c8b302e60d43eaaf9e58acfbd369388992eb9afb2","302574"
"BUNDLE-ASCEND950-ASC950-SIGN-0213","ASCEND950","3","ASC950-SIGN-0213","数据/field-requirements.csv","requirement_id","REQ-M2W3-HUAWEI-ASC950PR-MEM-RW-MODEL","审计/子代理交接/m2_staging/M2-W3-HUAWEI-ASCEND950-PHYSICAL/structured/field-requirements.csv","4f1dcb01672b18cd45a8a3a803d314921e7812a39c80ca95d5baae6ca5603bd6","32593","draft","reviewed","","","","d3bd20258295e25a12ae136553bfdda6020e17030fbbc701dd70daeb4a6dba5e","d3bd20258295e25a12ae136553bfdda6020e17030fbbc701dd70daeb4a6dba5e","0e6ff9c4e457f8a72bfe26377d00f1d44a2cd086ac9b97a1819164b0ac0c1435","de19ee1e1a3beecdf3658d4c8b302e60d43eaaf9e58acfbd369388992eb9afb2","302574"
"BUNDLE-ASCEND950-ASC950-SIGN-0214","ASCEND950","3","ASC950-SIGN-0214","数据/field-requirements.csv","requirement_id","REQ-M2W3-HUAWEI-ASC950PR-LINK-RATE","审计/子代理交接/m2_staging/M2-W3-HUAWEI-ASCEND950-PHYSICAL/structured/field-requirements.csv","4f1dcb01672b18cd45a8a3a803d314921e7812a39c80ca95d5baae6ca5603bd6","32593","draft","reviewed","","","","b14441b97ff9e2a01fbf787717e2386d3dabee573027920e943a86789333d167","b14441b97ff9e2a01fbf787717e2386d3dabee573027920e943a86789333d167","275e41e340ab17bb0c5055fa87ad003690423853f225ed31c7616b8114958707","de19ee1e1a3beecdf3658d4c8b302e60d43eaaf9e58acfbd369388992eb9afb2","302574"
"BUNDLE-ASCEND950-ASC950-SIGN-0215","ASCEND950","3","ASC950-SIGN-0215","数据/field-requirements.csv","requirement_id","REQ-M2W3-HUAWEI-ASC950PR-LINK-COUNT","审计/子代理交接/m2_staging/M2-W3-HUAWEI-ASCEND950-PHYSICAL/structured/field-requirements.csv","4f1dcb01672b18cd45a8a3a803d314921e7812a39c80ca95d5baae6ca5603bd6","32593","draft","reviewed","","","","b85b41c4b83ed271b13fc77b715bb6d634ec13a1b46b1b7c7d07eda109e3a9cd","b85b41c4b83ed271b13fc77b715bb6d634ec13a1b46b1b7c7d07eda109e3a9cd","cb080b93236f5753a2caec48f316b95d6033a512fbaee8459cb3d66748e1171d","de19ee1e1a3beecdf3658d4c8b302e60d43eaaf9e58acfbd369388992eb9afb2","302574"
"BUNDLE-ASCEND950-ASC950-SIGN-0216","ASCEND950","3","ASC950-SIGN-0216","数据/field-requirements.csv","requirement_id","REQ-M2W3-HUAWEI-ASC950PR-TOPOLOGY","审计/子代理交接/m2_staging/M2-W3-HUAWEI-ASCEND950-PHYSICAL/structured/field-requirements.csv","4f1dcb01672b18cd45a8a3a803d314921e7812a39c80ca95d5baae6ca5603bd6","32593","draft","reviewed","","","","4fbae8c58b64556f7d1c761b7b1dc2e2d8e8047db1ba9172f00267d61508c7aa","4fbae8c58b64556f7d1c761b7b1dc2e2d8e8047db1ba9172f00267d61508c7aa","5543033a0ed2ce682d7494e48965e00f2380a5552afa47b0d15b38232dfc07bd","de19ee1e1a3beecdf3658d4c8b302e60d43eaaf9e58acfbd369388992eb9afb2","302574"
"BUNDLE-ASCEND950-ASC950-SIGN-0217","ASCEND950","3","ASC950-SIGN-0217","数据/field-requirements.csv","requirement_id","REQ-M2W3-HUAWEI-ASC950PR-SPECIAL-DETAIL","审计/子代理交接/m2_staging/M2-W3-HUAWEI-ASCEND950-PHYSICAL/structured/field-requirements.csv","4f1dcb01672b18cd45a8a3a803d314921e7812a39c80ca95d5baae6ca5603bd6","32593","draft","reviewed","","","","e2fd6f96280370ee0abe76fde01f171bcec3fb7449eb21708fb4900c2f9f31d7","e2fd6f96280370ee0abe76fde01f171bcec3fb7449eb21708fb4900c2f9f31d7","7d5176ad94ccf056c4265f10bf7deb3d1fe14a225504dae82deb82b9badf7032","de19ee1e1a3beecdf3658d4c8b302e60d43eaaf9e58acfbd369388992eb9afb2","302574"
"BUNDLE-ASCEND950-ASC950-SIGN-0218","ASCEND950","3","ASC950-SIGN-0218","数据/field-requirements.csv","requirement_id","REQ-M2W3-HUAWEI-ASC950PR-COMPILER","审计/子代理交接/m2_staging/M2-W3-HUAWEI-ASCEND950-PHYSICAL/structured/field-requirements.csv","4f1dcb01672b18cd45a8a3a803d314921e7812a39c80ca95d5baae6ca5603bd6","32593","draft","reviewed","","","","bb674ecf314ba3e8604de6ee4ee505b5599887a4129fc094d04a0936588723b8","bb674ecf314ba3e8604de6ee4ee505b5599887a4129fc094d04a0936588723b8","4d0ace98d0c0b88dedb23d2efb22e14e3fd6f38d1276ab569eaa1f834c192c08","de19ee1e1a3beecdf3658d4c8b302e60d43eaaf9e58acfbd369388992eb9afb2","302574"
"BUNDLE-ASCEND950-ASC950-SIGN-0219","ASCEND950","3","ASC950-SIGN-0219","数据/field-requirements.csv","requirement_id","REQ-M2W3-HUAWEI-ASC950PR-RUNTIME","审计/子代理交接/m2_staging/M2-W3-HUAWEI-ASCEND950-PHYSICAL/structured/field-requirements.csv","4f1dcb01672b18cd45a8a3a803d314921e7812a39c80ca95d5baae6ca5603bd6","32593","draft","reviewed","","","","ac36e84276e506057dad1be7510f0dedf5ab4efa1e929ec164afdc6bf97257f6","ac36e84276e506057dad1be7510f0dedf5ab4efa1e929ec164afdc6bf97257f6","7ff347462442357942eecf33bcbb7278ce0b9a9a91ec74f85b40ec278cb18dc7","de19ee1e1a3beecdf3658d4c8b302e60d43eaaf9e58acfbd369388992eb9afb2","302574"
"BUNDLE-ASCEND950-ASC950-SIGN-0220","ASCEND950","3","ASC950-SIGN-0220","数据/field-requirements.csv","requirement_id","REQ-M2W3-HUAWEI-ASC950PR-ACCUM","审计/子代理交接/m2_staging/M2-W3-HUAWEI-ASCEND950-PHYSICAL/structured/field-requirements.csv","4f1dcb01672b18cd45a8a3a803d314921e7812a39c80ca95d5baae6ca5603bd6","32593","draft","reviewed","","","","f758f78e37115b1c56957b7d2d497fac2aed8aa6bcbdb351a6ae36bbdcd75f86","f758f78e37115b1c56957b7d2d497fac2aed8aa6bcbdb351a6ae36bbdcd75f86","e556a71e52711b8e38971b66e9ec60d50a24d66606a82725cac9ebdfdb28a056","de19ee1e1a3beecdf3658d4c8b302e60d43eaaf9e58acfbd369388992eb9afb2","302574"
"BUNDLE-ASCEND950-ASC950-SIGN-0221","ASCEND950","3","ASC950-SIGN-0221","数据/field-requirements.csv","requirement_id","REQ-M2W3-HUAWEI-ASC950PR-PHYSICAL-ACCUM","审计/子代理交接/m2_staging/M2-W3-HUAWEI-ASCEND950-PHYSICAL/structured/field-requirements.csv","4f1dcb01672b18cd45a8a3a803d314921e7812a39c80ca95d5baae6ca5603bd6","32593","draft","reviewed","","","","e72cc10279392b18e85e56094dc7bdee23286e66c160d20ddb8117c5a0c7e72e","e72cc10279392b18e85e56094dc7bdee23286e66c160d20ddb8117c5a0c7e72e","f383b133eb61c555adac6dd0b71301bae08e809dbed8f902dc4da22861e3d89d","de19ee1e1a3beecdf3658d4c8b302e60d43eaaf9e58acfbd369388992eb9afb2","302574"
"BUNDLE-ASCEND950-ASC950-SIGN-0222","ASCEND950","3","ASC950-SIGN-0222","数据/field-requirements.csv","requirement_id","REQ-M2W3-HUAWEI-ASC950DT-AVAILABILITY","审计/子代理交接/m2_staging/M2-W3-HUAWEI-ASCEND950-PHYSICAL/structured/field-requirements.csv","4f1dcb01672b18cd45a8a3a803d314921e7812a39c80ca95d5baae6ca5603bd6","32593","draft","reviewed","","","","fc21a54e579ac26e30d1e3f47462d160aacc950a63adb34aaeb24ea65632898d","fc21a54e579ac26e30d1e3f47462d160aacc950a63adb34aaeb24ea65632898d","58ad4eaa478536870f204235e1398862da467bf6d0cad791299915ca4f4b6efa","de19ee1e1a3beecdf3658d4c8b302e60d43eaaf9e58acfbd369388992eb9afb2","302574"
"BUNDLE-ASCEND950-ASC950-SIGN-0223","ASCEND950","3","ASC950-SIGN-0223","数据/field-requirements.csv","requirement_id","REQ-M2W3-HUAWEI-ASC950DT-PROCESS","审计/子代理交接/m2_staging/M2-W3-HUAWEI-ASCEND950-PHYSICAL/structured/field-requirements.csv","4f1dcb01672b18cd45a8a3a803d314921e7812a39c80ca95d5baae6ca5603bd6","32593","draft","reviewed","","","","64ec1aa24e342e2480c8992b2d3a5ec166f90d49f7e03d280794acc3fdc7c1f4","64ec1aa24e342e2480c8992b2d3a5ec166f90d49f7e03d280794acc3fdc7c1f4","3024fc7142d0151ec750639d817ef821df06cc27477df4f8a3fd40c9249ec75c","de19ee1e1a3beecdf3658d4c8b302e60d43eaaf9e58acfbd369388992eb9afb2","302574"
"BUNDLE-ASCEND950-ASC950-SIGN-0224","ASCEND950","3","ASC950-SIGN-0224","数据/field-requirements.csv","requirement_id","REQ-M2W3-HUAWEI-ASC950DT-DIE-AREA","审计/子代理交接/m2_staging/M2-W3-HUAWEI-ASCEND950-PHYSICAL/structured/field-requirements.csv","4f1dcb01672b18cd45a8a3a803d314921e7812a39c80ca95d5baae6ca5603bd6","32593","draft","reviewed","","","","7d3c4048e33be1d2ab6ade8f73d2c807072fa6171337b70555ed3dedf9beded2","7d3c4048e33be1d2ab6ade8f73d2c807072fa6171337b70555ed3dedf9beded2","8e2f04f8eb6f56522e3e8443ddaa990ade22ccdc046880059380f7693cbcbfd2","de19ee1e1a3beecdf3658d4c8b302e60d43eaaf9e58acfbd369388992eb9afb2","302574"
"BUNDLE-ASCEND950-ASC950-SIGN-0225","ASCEND950","3","ASC950-SIGN-0225","数据/field-requirements.csv","requirement_id","REQ-M2W3-HUAWEI-ASC950DT-TRANSISTORS","审计/子代理交接/m2_staging/M2-W3-HUAWEI-ASCEND950-PHYSICAL/structured/field-requirements.csv","4f1dcb01672b18cd45a8a3a803d314921e7812a39c80ca95d5baae6ca5603bd6","32593","draft","reviewed","","","","bf9792c0f99804e1577b6b026991d4f0a19aff4a3b6bb9ed40d0d55825bbc0ff","bf9792c0f99804e1577b6b026991d4f0a19aff4a3b6bb9ed40d0d55825bbc0ff","f286f513dc9c818a40c72651eca768d2d1a4391195ea3b41780e2a4f21f362f2","de19ee1e1a3beecdf3658d4c8b302e60d43eaaf9e58acfbd369388992eb9afb2","302574"
"BUNDLE-ASCEND950-ASC950-SIGN-0226","ASCEND950","3","ASC950-SIGN-0226","数据/field-requirements.csv","requirement_id","REQ-M2W3-HUAWEI-ASC950DT-DIE-COUNT","审计/子代理交接/m2_staging/M2-W3-HUAWEI-ASCEND950-PHYSICAL/structured/field-requirements.csv","4f1dcb01672b18cd45a8a3a803d314921e7812a39c80ca95d5baae6ca5603bd6","32593","draft","reviewed","","","","d1136931823018249cfef8db2f3f53da538ab69c77eb2da69f40710b9656b0f4","d1136931823018249cfef8db2f3f53da538ab69c77eb2da69f40710b9656b0f4","35162650a7292f0a7196dcc49b601d9e869f78536d1c82f107ca8acfe47e2253","de19ee1e1a3beecdf3658d4c8b302e60d43eaaf9e58acfbd369388992eb9afb2","302574"
"BUNDLE-ASCEND950-ASC950-SIGN-0227","ASCEND950","3","ASC950-SIGN-0227","数据/field-requirements.csv","requirement_id","REQ-M2W3-HUAWEI-ASC950DT-HBM-STACKS","审计/子代理交接/m2_staging/M2-W3-HUAWEI-ASCEND950-PHYSICAL/structured/field-requirements.csv","4f1dcb01672b18cd45a8a3a803d314921e7812a39c80ca95d5baae6ca5603bd6","32593","draft","reviewed","","","","e8a8ba01b341fcf315c4d9bc09a1550096262e05ca2b5464fff11360a2df64e7","e8a8ba01b341fcf315c4d9bc09a1550096262e05ca2b5464fff11360a2df64e7","47781026a173290b650433afc2d30bbfcd2238d838c74a60647f7c7501b03803","de19ee1e1a3beecdf3658d4c8b302e60d43eaaf9e58acfbd369388992eb9afb2","302574"
"BUNDLE-ASCEND950-ASC950-SIGN-0228","ASCEND950","3","ASC950-SIGN-0228","数据/field-requirements.csv","requirement_id","REQ-M2W3-HUAWEI-ASC950DT-HBM-INTERFACE","审计/子代理交接/m2_staging/M2-W3-HUAWEI-ASCEND950-PHYSICAL/structured/field-requirements.csv","4f1dcb01672b18cd45a8a3a803d314921e7812a39c80ca95d5baae6ca5603bd6","32593","draft","reviewed","","","","df9ee5bc6670f9b392f98dc04ab25f17795687539ef2972359a6891d53fc3421","df9ee5bc6670f9b392f98dc04ab25f17795687539ef2972359a6891d53fc3421","7a025b290c9f7e7da172835687f0ee2fcff12d98dbcd2d3f82b4faa8d74f99a7","de19ee1e1a3beecdf3658d4c8b302e60d43eaaf9e58acfbd369388992eb9afb2","302574"
"BUNDLE-ASCEND950-ASC950-SIGN-0229","ASCEND950","3","ASC950-SIGN-0229","数据/field-requirements.csv","requirement_id","REQ-M2W3-HUAWEI-ASC950DT-INTERPOSER","审计/子代理交接/m2_staging/M2-W3-HUAWEI-ASCEND950-PHYSICAL/structured/field-requirements.csv","4f1dcb01672b18cd45a8a3a803d314921e7812a39c80ca95d5baae6ca5603bd6","32593","draft","reviewed","","","","7dffac6399defa951f23d683723965e4dc8195c3a4c85abae09e35902743405a","7dffac6399defa951f23d683723965e4dc8195c3a4c85abae09e35902743405a","be3773c393e366d299fa98cd2c7431522d022fa76f675b60800a71bae5de0862","de19ee1e1a3beecdf3658d4c8b302e60d43eaaf9e58acfbd369388992eb9afb2","302574"
"BUNDLE-ASCEND950-ASC950-SIGN-0230","ASCEND950","3","ASC950-SIGN-0230","数据/field-requirements.csv","requirement_id","REQ-M2W3-HUAWEI-ASC950DT-POWER","审计/子代理交接/m2_staging/M2-W3-HUAWEI-ASCEND950-PHYSICAL/structured/field-requirements.csv","4f1dcb01672b18cd45a8a3a803d314921e7812a39c80ca95d5baae6ca5603bd6","32593","draft","reviewed","","","","774f87d7dced6705886df4aedeb459671ea673530bd097c119e1a77be3a04cc5","774f87d7dced6705886df4aedeb459671ea673530bd097c119e1a77be3a04cc5","bab0543ea70d617513881040d9d8b0922501a87c1c26b3c58f715cf13107dc14","de19ee1e1a3beecdf3658d4c8b302e60d43eaaf9e58acfbd369388992eb9afb2","302574"
"BUNDLE-ASCEND950-ASC950-SIGN-0231","ASCEND950","3","ASC950-SIGN-0231","数据/field-requirements.csv","requirement_id","REQ-M2W3-HUAWEI-ASC950DT-COOLING","审计/子代理交接/m2_staging/M2-W3-HUAWEI-ASCEND950-PHYSICAL/structured/field-requirements.csv","4f1dcb01672b18cd45a8a3a803d314921e7812a39c80ca95d5baae6ca5603bd6","32593","draft","reviewed","","","","985abf6159b2ed1e30a4f61edab97f5bdd16a38acbacda3d451baf8b7db9dacc","985abf6159b2ed1e30a4f61edab97f5bdd16a38acbacda3d451baf8b7db9dacc","c306789322afa7908a6dbc4d7589d1d3afae0fe7354872c18b2a085ef3680818","de19ee1e1a3beecdf3658d4c8b302e60d43eaaf9e58acfbd369388992eb9afb2","302574"
"BUNDLE-ASCEND950-ASC950-SIGN-0232","ASCEND950","3","ASC950-SIGN-0232","数据/field-requirements.csv","requirement_id","REQ-M2W3-HUAWEI-ASC950DT-MEM-LATENCY","审计/子代理交接/m2_staging/M2-W3-HUAWEI-ASCEND950-PHYSICAL/structured/field-requirements.csv","4f1dcb01672b18cd45a8a3a803d314921e7812a39c80ca95d5baae6ca5603bd6","32593","draft","reviewed","","","","6948dcb050c741b1942b9c551549ef4e496def2de73848a0d675e75d26e381b2","6948dcb050c741b1942b9c551549ef4e496def2de73848a0d675e75d26e381b2","d5b34e3b623231ff9bbff81e29601398f3546b2a86000bb590069bedb872225e","de19ee1e1a3beecdf3658d4c8b302e60d43eaaf9e58acfbd369388992eb9afb2","302574"
"BUNDLE-ASCEND950-ASC950-SIGN-0233","ASCEND950","3","ASC950-SIGN-0233","数据/field-requirements.csv","requirement_id","REQ-M2W3-HUAWEI-ASC950DT-MEM-RW-MODEL","审计/子代理交接/m2_staging/M2-W3-HUAWEI-ASCEND950-PHYSICAL/structured/field-requirements.csv","4f1dcb01672b18cd45a8a3a803d314921e7812a39c80ca95d5baae6ca5603bd6","32593","draft","reviewed","","","","3bf4a8892762e1fe5682716f6bde932ee1a150653f6dae55308b196c0a6d9699","3bf4a8892762e1fe5682716f6bde932ee1a150653f6dae55308b196c0a6d9699","f80c941dc6c3ec23d64350cb375b4d66439becadc90e3818e9afe5a9bfb02c40","de19ee1e1a3beecdf3658d4c8b302e60d43eaaf9e58acfbd369388992eb9afb2","302574"
"BUNDLE-ASCEND950-ASC950-SIGN-0234","ASCEND950","3","ASC950-SIGN-0234","数据/field-requirements.csv","requirement_id","REQ-M2W3-HUAWEI-ASC950DT-LINK-RATE","审计/子代理交接/m2_staging/M2-W3-HUAWEI-ASCEND950-PHYSICAL/structured/field-requirements.csv","4f1dcb01672b18cd45a8a3a803d314921e7812a39c80ca95d5baae6ca5603bd6","32593","draft","reviewed","","","","1b00ca5d803c8829e8b5f1ae38c230e27a782063dcbd28fe3d49408dd43cde16","1b00ca5d803c8829e8b5f1ae38c230e27a782063dcbd28fe3d49408dd43cde16","58a41ad029e948b522ee9ac4ec2af6ed88d56b549044450f55f80c358eca1811","de19ee1e1a3beecdf3658d4c8b302e60d43eaaf9e58acfbd369388992eb9afb2","302574"
"BUNDLE-ASCEND950-ASC950-SIGN-0235","ASCEND950","3","ASC950-SIGN-0235","数据/field-requirements.csv","requirement_id","REQ-M2W3-HUAWEI-ASC950DT-LINK-COUNT","审计/子代理交接/m2_staging/M2-W3-HUAWEI-ASCEND950-PHYSICAL/structured/field-requirements.csv","4f1dcb01672b18cd45a8a3a803d314921e7812a39c80ca95d5baae6ca5603bd6","32593","draft","reviewed","","","","10173c093e3fe4f791d4516918bae66ec793ff523b516b50e1e675947f858c6f","10173c093e3fe4f791d4516918bae66ec793ff523b516b50e1e675947f858c6f","9f8fda031ad1d2f2461b3b7db2d9cb83aac167fbbf01157efe761a6b92aee506","de19ee1e1a3beecdf3658d4c8b302e60d43eaaf9e58acfbd369388992eb9afb2","302574"
"BUNDLE-ASCEND950-ASC950-SIGN-0236","ASCEND950","3","ASC950-SIGN-0236","数据/field-requirements.csv","requirement_id","REQ-M2W3-HUAWEI-ASC950DT-TOPOLOGY","审计/子代理交接/m2_staging/M2-W3-HUAWEI-ASCEND950-PHYSICAL/structured/field-requirements.csv","4f1dcb01672b18cd45a8a3a803d314921e7812a39c80ca95d5baae6ca5603bd6","32593","draft","reviewed","","","","e515c5b324860cb089b58639828f0faedd8980dc995bb2dd8158e085d6d00cdf","e515c5b324860cb089b58639828f0faedd8980dc995bb2dd8158e085d6d00cdf","1ce41e5dde418ad7a6d260128a4ade19bc83d43fbb4d880f2d73e65b0c1517c8","de19ee1e1a3beecdf3658d4c8b302e60d43eaaf9e58acfbd369388992eb9afb2","302574"
"BUNDLE-ASCEND950-ASC950-SIGN-0237","ASCEND950","3","ASC950-SIGN-0237","数据/field-requirements.csv","requirement_id","REQ-M2W3-HUAWEI-ASC950DT-SPECIAL-DETAIL","审计/子代理交接/m2_staging/M2-W3-HUAWEI-ASCEND950-PHYSICAL/structured/field-requirements.csv","4f1dcb01672b18cd45a8a3a803d314921e7812a39c80ca95d5baae6ca5603bd6","32593","draft","reviewed","","","","40588b23c4792713309dec3612d2e4c70d95060785b349c93cdc24b96209d31a","40588b23c4792713309dec3612d2e4c70d95060785b349c93cdc24b96209d31a","15989bd426fe3de08e4e59a042995d1a48241031e10379c0d3d2c4ec4ca48a15","de19ee1e1a3beecdf3658d4c8b302e60d43eaaf9e58acfbd369388992eb9afb2","302574"
"BUNDLE-ASCEND950-ASC950-SIGN-0238","ASCEND950","3","ASC950-SIGN-0238","数据/field-requirements.csv","requirement_id","REQ-M2W3-HUAWEI-ASC950DT-COMPILER","审计/子代理交接/m2_staging/M2-W3-HUAWEI-ASCEND950-PHYSICAL/structured/field-requirements.csv","4f1dcb01672b18cd45a8a3a803d314921e7812a39c80ca95d5baae6ca5603bd6","32593","draft","reviewed","","","","6d1482f08498d785169a83f789df618614fca3abb92adc4918be942a9b9371bc","6d1482f08498d785169a83f789df618614fca3abb92adc4918be942a9b9371bc","2e6d806836604726027f6b9f838d224cda2dd613fdcea44e96df2861896d6391","de19ee1e1a3beecdf3658d4c8b302e60d43eaaf9e58acfbd369388992eb9afb2","302574"
"BUNDLE-ASCEND950-ASC950-SIGN-0239","ASCEND950","3","ASC950-SIGN-0239","数据/field-requirements.csv","requirement_id","REQ-M2W3-HUAWEI-ASC950DT-RUNTIME","审计/子代理交接/m2_staging/M2-W3-HUAWEI-ASCEND950-PHYSICAL/structured/field-requirements.csv","4f1dcb01672b18cd45a8a3a803d314921e7812a39c80ca95d5baae6ca5603bd6","32593","draft","reviewed","","","","681bd8aa735d4ce521df2a441144b4e53a3dd8658eaad0dd7ee4e6f7f778d586","681bd8aa735d4ce521df2a441144b4e53a3dd8658eaad0dd7ee4e6f7f778d586","d6a4b68a2c1f363bd8d4e3845a91513f4522599eb2b3175783e3b52a6d843d36","de19ee1e1a3beecdf3658d4c8b302e60d43eaaf9e58acfbd369388992eb9afb2","302574"
"BUNDLE-ASCEND950-ASC950-SIGN-0240","ASCEND950","3","ASC950-SIGN-0240","数据/field-requirements.csv","requirement_id","REQ-M2W3-HUAWEI-ASC950DT-ACCUM","审计/子代理交接/m2_staging/M2-W3-HUAWEI-ASCEND950-PHYSICAL/structured/field-requirements.csv","4f1dcb01672b18cd45a8a3a803d314921e7812a39c80ca95d5baae6ca5603bd6","32593","draft","reviewed","","","","89c35f8da3d6969ae131dbc3012cffb67d19a3ddd8e1d0de748d72b98d6162eb","89c35f8da3d6969ae131dbc3012cffb67d19a3ddd8e1d0de748d72b98d6162eb","f2fae1845dea2d05e6d713cd97a64d568f046afbf799b34cf1d220444ef350b3","de19ee1e1a3beecdf3658d4c8b302e60d43eaaf9e58acfbd369388992eb9afb2","302574"
"BUNDLE-ASCEND950-ASC950-SIGN-0241","ASCEND950","3","ASC950-SIGN-0241","数据/field-requirements.csv","requirement_id","REQ-M2W3-HUAWEI-ASC950DT-PHYSICAL-ACCUM","审计/子代理交接/m2_staging/M2-W3-HUAWEI-ASCEND950-PHYSICAL/structured/field-requirements.csv","4f1dcb01672b18cd45a8a3a803d314921e7812a39c80ca95d5baae6ca5603bd6","32593","draft","reviewed","","","","ec3a97c72405da41b797005b361b254c840e44e4609f52eb9fc61d7e593ab548","ec3a97c72405da41b797005b361b254c840e44e4609f52eb9fc61d7e593ab548","7f92b2e87a00b107a131bf76b4eab75d1064792efb54a96df1a445a66bdf5a4e","de19ee1e1a3beecdf3658d4c8b302e60d43eaaf9e58acfbd369388992eb9afb2","302574"
"BUNDLE-ASCEND950-ASC950-SIGN-0242","ASCEND950","3","ASC950-SIGN-0242","数据/links.csv","link_id","LINK-M2W3-HUAWEI-ASC950-DIE-INTERCONNECT","审计/子代理交接/m2_staging/M2-W3-HUAWEI-ASCEND950-PHYSICAL/structured/links.csv","b15920476bd9255289c410880dafa710eb00f307ef789135c5d183b3f5233134","719","draft","reviewed","","","","7853da85bb7ba6c2b6b14bd4269eba9afc8f4dfdb465119ed0bd2aa306ece473","7853da85bb7ba6c2b6b14bd4269eba9afc8f4dfdb465119ed0bd2aa306ece473","021f2b0fd7c237b22f48898ee60d89ea1a41e529a419a994c54b54334d8bca46","71dc144abeae14c1607c75ef060f0305aa910e05823159ce4dca1b5105e9b51e","8129"
"BUNDLE-ASCEND950-ASC950-SIGN-0243","ASCEND950","3","ASC950-SIGN-0243","数据/links.csv","link_id","LINK-M2W3-HUAWEI-ASC950PR-LINGQU2","审计/子代理交接/m2_staging/M2-W3-HUAWEI-ASCEND950-PHYSICAL/structured/links.csv","b15920476bd9255289c410880dafa710eb00f307ef789135c5d183b3f5233134","719","draft","reviewed","","","","933f812ae5b7a41ded307ed1d4464e29cbb2b94ca97a548bf5a6d9b7675e657c","933f812ae5b7a41ded307ed1d4464e29cbb2b94ca97a548bf5a6d9b7675e657c","db1f83a5d81d238c44b26d7fc0cddc45f7b4de636c8804372d5007302e4d6dad","71dc144abeae14c1607c75ef060f0305aa910e05823159ce4dca1b5105e9b51e","8129"
"BUNDLE-ASCEND950-ASC950-SIGN-0244","ASCEND950","3","ASC950-SIGN-0244","数据/links.csv","link_id","LINK-M2W3-HUAWEI-ASC950DT-INTERCONNECT","审计/子代理交接/m2_staging/M2-W3-HUAWEI-ASCEND950-PHYSICAL/structured/links.csv","b15920476bd9255289c410880dafa710eb00f307ef789135c5d183b3f5233134","719","draft","reviewed","","","","01419bce620177e26e6ddc0f5cdf9f45f15232dbf321ffc5b0ef1402f2a89be3","01419bce620177e26e6ddc0f5cdf9f45f15232dbf321ffc5b0ef1402f2a89be3","7f9e3d8983e632f4f2cb3ffa768e957d6f5d480d4fbeea953c21671d5baef32f","71dc144abeae14c1607c75ef060f0305aa910e05823159ce4dca1b5105e9b51e","8129"
"BUNDLE-ASCEND950-ASC950-SIGN-0245","ASCEND950","3","ASC950-SIGN-0245","数据/memory-levels.csv","memory_level_id","COMP-M2W3-HUAWEI-ASC950PR-HIBL1","审计/子代理交接/m2_staging/M2-W3-HUAWEI-ASCEND950-PHYSICAL/structured/memory-levels.csv","58e2312ff9eebb1963948ac8aa134508ed3f925c8f5cfcbd2a05d0984544def4","344","draft","reviewed","","","","82d377e9e7c323ee2514a1ae17bbeeaabc73091dd6ef09f7860fc4e59bf4c7a4","82d377e9e7c323ee2514a1ae17bbeeaabc73091dd6ef09f7860fc4e59bf4c7a4","178d6bad5ff103894cbd9852fcdf9782ca5f75fafc49fbd0f44b61a637fb45af","e1e6f95da738de7ae3c673ebd66707e2ddf13c411afd72c6383fd375697398fa","11348"
"BUNDLE-ASCEND950-ASC950-SIGN-0246","ASCEND950","3","ASC950-SIGN-0246","数据/memory-levels.csv","memory_level_id","COMP-M2W3-HUAWEI-ASC950DT-HIZQ2","审计/子代理交接/m2_staging/M2-W3-HUAWEI-ASCEND950-PHYSICAL/structured/memory-levels.csv","58e2312ff9eebb1963948ac8aa134508ed3f925c8f5cfcbd2a05d0984544def4","344","draft","reviewed","","","","b12e57db07ccce91bfa1e240f444772bc635ec3ee3100750f7b4045f390f95e7","b12e57db07ccce91bfa1e240f444772bc635ec3ee3100750f7b4045f390f95e7","35223805a924423111a2ddf779cdca580d0a819e5dba1ce358f36aa5e5ea9541","e1e6f95da738de7ae3c673ebd66707e2ddf13c411afd72c6383fd375697398fa","11348"
"BUNDLE-ASCEND950-ASC950-SIGN-0247","ASCEND950","3","ASC950-SIGN-0247","数据/precision-paths.csv","precision_path_id","PPATH-M2W3-HUAWEI-ASC950-DIE-FP8","审计/子代理交接/m2_staging/M2-W3-HUAWEI-ASCEND950-PHYSICAL/structured/precision-paths.csv","40c02224b49f672eb90782fc530d3aca99bbefa0b9c55ae5b93eb5612c0567d1","1191","needs_resolution","needs_resolution","","","","c11c589de15a992f4d1a47a2ba729aee2bd4075183112e5341e8b4fa3fb3508d","c11c589de15a992f4d1a47a2ba729aee2bd4075183112e5341e8b4fa3fb3508d","c11c589de15a992f4d1a47a2ba729aee2bd4075183112e5341e8b4fa3fb3508d","477cc547e061fd7fd2d418c38ee4c74eb56c17ec70df956666040fde04292431","23468"
"BUNDLE-ASCEND950-ASC950-SIGN-0248","ASCEND950","3","ASC950-SIGN-0248","数据/precision-paths.csv","precision_path_id","PPATH-M2W3-HUAWEI-ASC950-DIE-MXFP8","审计/子代理交接/m2_staging/M2-W3-HUAWEI-ASCEND950-PHYSICAL/structured/precision-paths.csv","40c02224b49f672eb90782fc530d3aca99bbefa0b9c55ae5b93eb5612c0567d1","1191","needs_resolution","needs_resolution","","","","45e9ad88189bbc649b52a9dbb0473c5fe51bf6177c773a23fb94de82fa10cb98","45e9ad88189bbc649b52a9dbb0473c5fe51bf6177c773a23fb94de82fa10cb98","45e9ad88189bbc649b52a9dbb0473c5fe51bf6177c773a23fb94de82fa10cb98","477cc547e061fd7fd2d418c38ee4c74eb56c17ec70df956666040fde04292431","23468"
"BUNDLE-ASCEND950-ASC950-SIGN-0249","ASCEND950","3","ASC950-SIGN-0249","数据/precision-paths.csv","precision_path_id","PPATH-M2W3-HUAWEI-ASC950-DIE-HIF8","审计/子代理交接/m2_staging/M2-W3-HUAWEI-ASCEND950-PHYSICAL/structured/precision-paths.csv","40c02224b49f672eb90782fc530d3aca99bbefa0b9c55ae5b93eb5612c0567d1","1191","needs_resolution","needs_resolution","","","","a53e9f46aa34368cda79bcf525418e277d21ddae38871388246f41ccdf497f0b","a53e9f46aa34368cda79bcf525418e277d21ddae38871388246f41ccdf497f0b","a53e9f46aa34368cda79bcf525418e277d21ddae38871388246f41ccdf497f0b","477cc547e061fd7fd2d418c38ee4c74eb56c17ec70df956666040fde04292431","23468"
"BUNDLE-ASCEND950-ASC950-SIGN-0250","ASCEND950","3","ASC950-SIGN-0250","数据/precision-paths.csv","precision_path_id","PPATH-M2W3-HUAWEI-ASC950-DIE-MXFP4","审计/子代理交接/m2_staging/M2-W3-HUAWEI-ASCEND950-PHYSICAL/structured/precision-paths.csv","40c02224b49f672eb90782fc530d3aca99bbefa0b9c55ae5b93eb5612c0567d1","1191","needs_resolution","needs_resolution","","","","6141f518b55c99a65704f1e868b236bc1be9a903ccebd2e5f12bbf248dd8528b","6141f518b55c99a65704f1e868b236bc1be9a903ccebd2e5f12bbf248dd8528b","6141f518b55c99a65704f1e868b236bc1be9a903ccebd2e5f12bbf248dd8528b","477cc547e061fd7fd2d418c38ee4c74eb56c17ec70df956666040fde04292431","23468"
"BUNDLE-ASCEND950-ASC950-SIGN-0251","ASCEND950","3","ASC950-SIGN-0251","数据/precision-paths.csv","precision_path_id","PPATH-M2W3-HUAWEI-ASC950PR-VENDOR-MAX","审计/子代理交接/m2_staging/M2-W3-HUAWEI-ASCEND950-PHYSICAL/structured/precision-paths.csv","40c02224b49f672eb90782fc530d3aca99bbefa0b9c55ae5b93eb5612c0567d1","1191","needs_resolution","needs_resolution","","","","301b658abeea778a5e9b295cb3f99184dc0a84396873433967cabd84c5b2bdc7","301b658abeea778a5e9b295cb3f99184dc0a84396873433967cabd84c5b2bdc7","301b658abeea778a5e9b295cb3f99184dc0a84396873433967cabd84c5b2bdc7","477cc547e061fd7fd2d418c38ee4c74eb56c17ec70df956666040fde04292431","23468"
"BUNDLE-ASCEND950-ASC950-SIGN-0252","ASCEND950","3","ASC950-SIGN-0252","最小参考资料库/requirement-evidence.csv","requirement_evidence_id","REVID-M2W3-HUAWEI-ASC950DT-AVAILABILITY-H2","审计/子代理交接/m2_staging/M2-W3-HUAWEI-ASCEND950-PHYSICAL/structured/requirement-evidence.csv","74928ea999d8984d487b07953c9cd8b143dd3689f26f72f29fcb4c535f8f0fdf","603","draft","reviewed","","","","6c59f26231135b77c53907843f24071469147d264a7a28199b8ac0c93a7e720b","6c59f26231135b77c53907843f24071469147d264a7a28199b8ac0c93a7e720b","75ae2c29658a4223ff219e6caff3d5ffd6918dda29a1d1731a7fe35e19e6db3a","8adb26e1df3e020d1a02ab3217b894b3c489a3ecfa030d186d3615c927c95b50","23331"
"BUNDLE-ASCEND950-ASC950-SIGN-0253","ASCEND950","3","ASC950-SIGN-0253","最小参考资料库/search-log.csv","search_id","SEARCH-M2W3-HUAWEI-ASC950-DIE-PROCESS","审计/子代理交接/m2_staging/M2-W3-HUAWEI-ASCEND950-PHYSICAL/structured/search-log.csv","8aa6b59c5a6dbb920d01387042fbbbf9c3df78d68a4aeb602243ff62eed76169","20905","draft","reviewed","","","","0e6b2959491a35a7dd3ba002fff0f81a37af76335e4eab9085855fbe300297aa","0e6b2959491a35a7dd3ba002fff0f81a37af76335e4eab9085855fbe300297aa","da81168096c3da31fb0399f3ea3b1ec73bb560205e715e727b1002a0ce3de6f3","f7c501584f0b685b26aaaa913a9fd975e4d94474a9fac38b95d74fe0513bc23d","114039"
"BUNDLE-ASCEND950-ASC950-SIGN-0254","ASCEND950","3","ASC950-SIGN-0254","最小参考资料库/search-log.csv","search_id","SEARCH-M2W3-HUAWEI-ASC950-DIE-DIE-AREA","审计/子代理交接/m2_staging/M2-W3-HUAWEI-ASCEND950-PHYSICAL/structured/search-log.csv","8aa6b59c5a6dbb920d01387042fbbbf9c3df78d68a4aeb602243ff62eed76169","20905","draft","reviewed","","","","390e6fc4c47c648404fda603188aa9d327348e9621b7f9eed28c1c6661d1a090","390e6fc4c47c648404fda603188aa9d327348e9621b7f9eed28c1c6661d1a090","586638d6226779849c4efa113e336d8822360768f6809e1a5cc959322e69e77a","f7c501584f0b685b26aaaa913a9fd975e4d94474a9fac38b95d74fe0513bc23d","114039"
"BUNDLE-ASCEND950-ASC950-SIGN-0255","ASCEND950","3","ASC950-SIGN-0255","最小参考资料库/search-log.csv","search_id","SEARCH-M2W3-HUAWEI-ASC950-DIE-TRANSISTORS","审计/子代理交接/m2_staging/M2-W3-HUAWEI-ASCEND950-PHYSICAL/structured/search-log.csv","8aa6b59c5a6dbb920d01387042fbbbf9c3df78d68a4aeb602243ff62eed76169","20905","draft","reviewed","","","","7e01396129aab0a0a552f6947e318218273b5c516cbc2004a058ed433b927d67","7e01396129aab0a0a552f6947e318218273b5c516cbc2004a058ed433b927d67","f2cfac176bbb804e615c5a0bc773c00b964134e6ca60b33ef68b6f24e3686aa8","f7c501584f0b685b26aaaa913a9fd975e4d94474a9fac38b95d74fe0513bc23d","114039"
"BUNDLE-ASCEND950-ASC950-SIGN-0256","ASCEND950","3","ASC950-SIGN-0256","最小参考资料库/search-log.csv","search_id","SEARCH-M2W3-HUAWEI-ASC950-DIE-CLOCK","审计/子代理交接/m2_staging/M2-W3-HUAWEI-ASCEND950-PHYSICAL/structured/search-log.csv","8aa6b59c5a6dbb920d01387042fbbbf9c3df78d68a4aeb602243ff62eed76169","20905","draft","reviewed","","","","a5c582646c64ac80854f10672069e872740c075bdb9129ef6a7b3fc8a49e10da","a5c582646c64ac80854f10672069e872740c075bdb9129ef6a7b3fc8a49e10da","b50677635469bfc9d1515b18483c6f5fae4e9a28ecb67ac8c38093e821c564ce","f7c501584f0b685b26aaaa913a9fd975e4d94474a9fac38b95d74fe0513bc23d","114039"
"BUNDLE-ASCEND950-ASC950-SIGN-0257","ASCEND950","3","ASC950-SIGN-0257","最小参考资料库/search-log.csv","search_id","SEARCH-M2W3-HUAWEI-ASC950-DIE-POWER","审计/子代理交接/m2_staging/M2-W3-HUAWEI-ASCEND950-PHYSICAL/structured/search-log.csv","8aa6b59c5a6dbb920d01387042fbbbf9c3df78d68a4aeb602243ff62eed76169","20905","draft","reviewed","","","","3aff1ade6befd8554e361541a62e5af67932b95feff210b8ee38844a51e91ff2","3aff1ade6befd8554e361541a62e5af67932b95feff210b8ee38844a51e91ff2","c1f5c377d8f6f792b662db3b7ef7073862ea5c2f4d891fc4991c4b431f0390e7","f7c501584f0b685b26aaaa913a9fd975e4d94474a9fac38b95d74fe0513bc23d","114039"
"BUNDLE-ASCEND950-ASC950-SIGN-0258","ASCEND950","3","ASC950-SIGN-0258","最小参考资料库/search-log.csv","search_id","SEARCH-M2W3-HUAWEI-ASC950-DIE-VECTOR-THROUGHPUT","审计/子代理交接/m2_staging/M2-W3-HUAWEI-ASCEND950-PHYSICAL/structured/search-log.csv","8aa6b59c5a6dbb920d01387042fbbbf9c3df78d68a4aeb602243ff62eed76169","20905","draft","reviewed","","","","ab80035a2291a07f1ed63eb9a78e6948d8cac649ea44f1d78b0ca02ad0e36e92","ab80035a2291a07f1ed63eb9a78e6948d8cac649ea44f1d78b0ca02ad0e36e92","1e836c4a996e4a118a74b03d1d4743c8c1c5ecdac1c2bc1403501734b361ddc2","f7c501584f0b685b26aaaa913a9fd975e4d94474a9fac38b95d74fe0513bc23d","114039"
"BUNDLE-ASCEND950-ASC950-SIGN-0259","ASCEND950","3","ASC950-SIGN-0259","最小参考资料库/search-log.csv","search_id","SEARCH-M2W3-HUAWEI-ASC950-DIE-FP8-ACCUM","审计/子代理交接/m2_staging/M2-W3-HUAWEI-ASCEND950-PHYSICAL/structured/search-log.csv","8aa6b59c5a6dbb920d01387042fbbbf9c3df78d68a4aeb602243ff62eed76169","20905","draft","reviewed","","","","9537d0087d1ff134313be530b6fbaf61c2fd51ac7f41d79a9469cfd78271172a","9537d0087d1ff134313be530b6fbaf61c2fd51ac7f41d79a9469cfd78271172a","9a5294c73e90334e4623cfb0f8e88b53fd440067ddf0260bc846dd985d11837c","f7c501584f0b685b26aaaa913a9fd975e4d94474a9fac38b95d74fe0513bc23d","114039"
"BUNDLE-ASCEND950-ASC950-SIGN-0260","ASCEND950","3","ASC950-SIGN-0260","最小参考资料库/search-log.csv","search_id","SEARCH-M2W3-HUAWEI-ASC950-DIE-FP8-PHYSICAL-ACCUM","审计/子代理交接/m2_staging/M2-W3-HUAWEI-ASCEND950-PHYSICAL/structured/search-log.csv","8aa6b59c5a6dbb920d01387042fbbbf9c3df78d68a4aeb602243ff62eed76169","20905","draft","reviewed","","","","c3a03fcb96e8dbad22c98457f0976fe87c6d0a49611906848b807b187e6672c7","c3a03fcb96e8dbad22c98457f0976fe87c6d0a49611906848b807b187e6672c7","bcfcafa8f94f5b56a04166d3905f68a7b5c19b49f0365db522542a1403001adf","f7c501584f0b685b26aaaa913a9fd975e4d94474a9fac38b95d74fe0513bc23d","114039"
"BUNDLE-ASCEND950-ASC950-SIGN-0261","ASCEND950","3","ASC950-SIGN-0261","最小参考资料库/search-log.csv","search_id","SEARCH-M2W3-HUAWEI-ASC950-DIE-MXFP8-ACCUM","审计/子代理交接/m2_staging/M2-W3-HUAWEI-ASCEND950-PHYSICAL/structured/search-log.csv","8aa6b59c5a6dbb920d01387042fbbbf9c3df78d68a4aeb602243ff62eed76169","20905","draft","reviewed","","","","42f41330251c4ae912bab0b151c7ebcc7ace494bf3519417f33f0cafe3a72e95","42f41330251c4ae912bab0b151c7ebcc7ace494bf3519417f33f0cafe3a72e95","f7ead02f67ed3cce43a41212c1bb2d4737030b3cb28531dce389ab7031dc0b8b","f7c501584f0b685b26aaaa913a9fd975e4d94474a9fac38b95d74fe0513bc23d","114039"
"BUNDLE-ASCEND950-ASC950-SIGN-0262","ASCEND950","3","ASC950-SIGN-0262","最小参考资料库/search-log.csv","search_id","SEARCH-M2W3-HUAWEI-ASC950-DIE-MXFP8-PHYSICAL-ACCUM","审计/子代理交接/m2_staging/M2-W3-HUAWEI-ASCEND950-PHYSICAL/structured/search-log.csv","8aa6b59c5a6dbb920d01387042fbbbf9c3df78d68a4aeb602243ff62eed76169","20905","draft","reviewed","","","","d143761cbddd8c7df0807ded74a7e6e0fbd0e3df7d0a77b4502994dfc7377b70","d143761cbddd8c7df0807ded74a7e6e0fbd0e3df7d0a77b4502994dfc7377b70","3a115caccd32bd6e9ddad17f4e5e53ec9326b60d3a46ab0f1164add8c831d7ab","f7c501584f0b685b26aaaa913a9fd975e4d94474a9fac38b95d74fe0513bc23d","114039"
"BUNDLE-ASCEND950-ASC950-SIGN-0263","ASCEND950","3","ASC950-SIGN-0263","最小参考资料库/search-log.csv","search_id","SEARCH-M2W3-HUAWEI-ASC950-DIE-HIF8-ACCUM","审计/子代理交接/m2_staging/M2-W3-HUAWEI-ASCEND950-PHYSICAL/structured/search-log.csv","8aa6b59c5a6dbb920d01387042fbbbf9c3df78d68a4aeb602243ff62eed76169","20905","draft","reviewed","","","","45e31315769f7542f413b445c3083fb3cdfedb6e9c280bf4ed266a01ed8d3737","45e31315769f7542f413b445c3083fb3cdfedb6e9c280bf4ed266a01ed8d3737","04f4fec44949521a910482f68b8c418376cb117511c1874c2b5482a24cd84e47","f7c501584f0b685b26aaaa913a9fd975e4d94474a9fac38b95d74fe0513bc23d","114039"
"BUNDLE-ASCEND950-ASC950-SIGN-0264","ASCEND950","3","ASC950-SIGN-0264","最小参考资料库/search-log.csv","search_id","SEARCH-M2W3-HUAWEI-ASC950-DIE-HIF8-PHYSICAL-ACCUM","审计/子代理交接/m2_staging/M2-W3-HUAWEI-ASCEND950-PHYSICAL/structured/search-log.csv","8aa6b59c5a6dbb920d01387042fbbbf9c3df78d68a4aeb602243ff62eed76169","20905","draft","reviewed","","","","409c62a3da0b583cb266652d0525f591bc02b8635894c2f7a366878d26311a44","409c62a3da0b583cb266652d0525f591bc02b8635894c2f7a366878d26311a44","5fc2539179080e5d4f6b5f23cc37101cc3be7c69d741a91a77d57c0bb3b66202","f7c501584f0b685b26aaaa913a9fd975e4d94474a9fac38b95d74fe0513bc23d","114039"
"BUNDLE-ASCEND950-ASC950-SIGN-0265","ASCEND950","3","ASC950-SIGN-0265","最小参考资料库/search-log.csv","search_id","SEARCH-M2W3-HUAWEI-ASC950-DIE-MXFP4-ACCUM","审计/子代理交接/m2_staging/M2-W3-HUAWEI-ASCEND950-PHYSICAL/structured/search-log.csv","8aa6b59c5a6dbb920d01387042fbbbf9c3df78d68a4aeb602243ff62eed76169","20905","draft","reviewed","","","","543826b2d688e609c7ad926be8627b9c99a562b0946bdb4496f0ce91d6866fdb","543826b2d688e609c7ad926be8627b9c99a562b0946bdb4496f0ce91d6866fdb","8816ba559678e78ea5e0bbd7774102cdff4da61fc8db508c1a627087da4e014e","f7c501584f0b685b26aaaa913a9fd975e4d94474a9fac38b95d74fe0513bc23d","114039"
"BUNDLE-ASCEND950-ASC950-SIGN-0266","ASCEND950","3","ASC950-SIGN-0266","最小参考资料库/search-log.csv","search_id","SEARCH-M2W3-HUAWEI-ASC950-DIE-MXFP4-PHYSICAL-ACCUM","审计/子代理交接/m2_staging/M2-W3-HUAWEI-ASCEND950-PHYSICAL/structured/search-log.csv","8aa6b59c5a6dbb920d01387042fbbbf9c3df78d68a4aeb602243ff62eed76169","20905","draft","reviewed","","","","521d34924ba35aaa00f21b11cb5a474e4a485f3456de82f3bb2b498b10b35eb6","521d34924ba35aaa00f21b11cb5a474e4a485f3456de82f3bb2b498b10b35eb6","b8d9fd600290a44b493075666632469532e7c437dc0a1d1cd9bdd9fbe7fbfa78","f7c501584f0b685b26aaaa913a9fd975e4d94474a9fac38b95d74fe0513bc23d","114039"
"BUNDLE-ASCEND950-ASC950-SIGN-0267","ASCEND950","3","ASC950-SIGN-0267","最小参考资料库/search-log.csv","search_id","SEARCH-M2W3-HUAWEI-ASC950-DIE-MEMORY-NAME","审计/子代理交接/m2_staging/M2-W3-HUAWEI-ASCEND950-PHYSICAL/structured/search-log.csv","8aa6b59c5a6dbb920d01387042fbbbf9c3df78d68a4aeb602243ff62eed76169","20905","draft","reviewed","","","","f5dbe8d2bafe3828ef277f1b5bcb980441c2e280392abfff0d5b20f162c6b074","f5dbe8d2bafe3828ef277f1b5bcb980441c2e280392abfff0d5b20f162c6b074","964f56393bdc759ea90736c8000df16183a0eb3d63e2a2648ce2b9ca57adac06","f7c501584f0b685b26aaaa913a9fd975e4d94474a9fac38b95d74fe0513bc23d","114039"
"BUNDLE-ASCEND950-ASC950-SIGN-0268","ASCEND950","3","ASC950-SIGN-0268","最小参考资料库/search-log.csv","search_id","SEARCH-M2W3-HUAWEI-ASC950-DIE-MEMORY-CAPACITY","审计/子代理交接/m2_staging/M2-W3-HUAWEI-ASCEND950-PHYSICAL/structured/search-log.csv","8aa6b59c5a6dbb920d01387042fbbbf9c3df78d68a4aeb602243ff62eed76169","20905","draft","reviewed","","","","c7e6afb6b6b556ba3416b2c0de178c730b78ee7c0a2182cedf7a7bd7c015db59","c7e6afb6b6b556ba3416b2c0de178c730b78ee7c0a2182cedf7a7bd7c015db59","8a04f0c91b1cde7b5c0d4f40e7957a46fb8c39f28687e7eec6e77803e66ba84b","f7c501584f0b685b26aaaa913a9fd975e4d94474a9fac38b95d74fe0513bc23d","114039"
"BUNDLE-ASCEND950-ASC950-SIGN-0269","ASCEND950","3","ASC950-SIGN-0269","最小参考资料库/search-log.csv","search_id","SEARCH-M2W3-HUAWEI-ASC950-DIE-MEMORY-BW","审计/子代理交接/m2_staging/M2-W3-HUAWEI-ASCEND950-PHYSICAL/structured/search-log.csv","8aa6b59c5a6dbb920d01387042fbbbf9c3df78d68a4aeb602243ff62eed76169","20905","draft","reviewed","","","","c51eae61816022626600e7234617b62486f6d67cc73fd3eda11840a6a9bd259e","c51eae61816022626600e7234617b62486f6d67cc73fd3eda11840a6a9bd259e","fcc3ac2e81bbd71a32f4cfe5302495aac95cf1098a2e2db0530425691b4d8962","f7c501584f0b685b26aaaa913a9fd975e4d94474a9fac38b95d74fe0513bc23d","114039"
"BUNDLE-ASCEND950-ASC950-SIGN-0270","ASCEND950","3","ASC950-SIGN-0270","最小参考资料库/search-log.csv","search_id","SEARCH-M2W3-HUAWEI-ASC950-DIE-LINK-RATE","审计/子代理交接/m2_staging/M2-W3-HUAWEI-ASCEND950-PHYSICAL/structured/search-log.csv","8aa6b59c5a6dbb920d01387042fbbbf9c3df78d68a4aeb602243ff62eed76169","20905","draft","reviewed","","","","5e990714b4e8c18e74bc3b099ca4928b412b24170b06cb7e2725b7603633571c","5e990714b4e8c18e74bc3b099ca4928b412b24170b06cb7e2725b7603633571c","bbdb9e690e796d4c8aba6bc4065784c1e2b7ef51846433f6969197a573ecf0fd","f7c501584f0b685b26aaaa913a9fd975e4d94474a9fac38b95d74fe0513bc23d","114039"
"BUNDLE-ASCEND950-ASC950-SIGN-0271","ASCEND950","3","ASC950-SIGN-0271","最小参考资料库/search-log.csv","search_id","SEARCH-M2W3-HUAWEI-ASC950-DIE-LINK-COUNT","审计/子代理交接/m2_staging/M2-W3-HUAWEI-ASCEND950-PHYSICAL/structured/search-log.csv","8aa6b59c5a6dbb920d01387042fbbbf9c3df78d68a4aeb602243ff62eed76169","20905","draft","reviewed","","","","c28e5904696e1296b88dae1b0fbf5fd8d49e4f2c9c8507334d3ff169977eabc0","c28e5904696e1296b88dae1b0fbf5fd8d49e4f2c9c8507334d3ff169977eabc0","d96da481cd0df4865828d2535fc0908f415c6eda4cc2a723398317a77f92b31e","f7c501584f0b685b26aaaa913a9fd975e4d94474a9fac38b95d74fe0513bc23d","114039"
"BUNDLE-ASCEND950-ASC950-SIGN-0272","ASCEND950","3","ASC950-SIGN-0272","最小参考资料库/search-log.csv","search_id","SEARCH-M2W3-HUAWEI-ASC950-DIE-SPECIAL-DETAIL","审计/子代理交接/m2_staging/M2-W3-HUAWEI-ASCEND950-PHYSICAL/structured/search-log.csv","8aa6b59c5a6dbb920d01387042fbbbf9c3df78d68a4aeb602243ff62eed76169","20905","draft","reviewed","","","","03703a2dbe41fc62657f61baca6ede50508966e7f4ae20ad499f41a8ebe1ebca","03703a2dbe41fc62657f61baca6ede50508966e7f4ae20ad499f41a8ebe1ebca","211f527b17112670b78792ba97a998e511b0c1936292606523b1af1a0c0169a6","f7c501584f0b685b26aaaa913a9fd975e4d94474a9fac38b95d74fe0513bc23d","114039"
"BUNDLE-ASCEND950-ASC950-SIGN-0273","ASCEND950","3","ASC950-SIGN-0273","最小参考资料库/search-log.csv","search_id","SEARCH-M2W3-HUAWEI-ASC950-DIE-COMPILER","审计/子代理交接/m2_staging/M2-W3-HUAWEI-ASCEND950-PHYSICAL/structured/search-log.csv","8aa6b59c5a6dbb920d01387042fbbbf9c3df78d68a4aeb602243ff62eed76169","20905","draft","reviewed","","","","29fa035d03e49cebc522b0987a9d4082da1fbc348491c621024ca8110fdd7f07","29fa035d03e49cebc522b0987a9d4082da1fbc348491c621024ca8110fdd7f07","103a5c815eb640bcf7bc9c1c9455d7433dbcba625e1214e214c215ba69bdb3a5","f7c501584f0b685b26aaaa913a9fd975e4d94474a9fac38b95d74fe0513bc23d","114039"
"BUNDLE-ASCEND950-ASC950-SIGN-0274","ASCEND950","3","ASC950-SIGN-0274","最小参考资料库/search-log.csv","search_id","SEARCH-M2W3-HUAWEI-ASC950-DIE-RUNTIME","审计/子代理交接/m2_staging/M2-W3-HUAWEI-ASCEND950-PHYSICAL/structured/search-log.csv","8aa6b59c5a6dbb920d01387042fbbbf9c3df78d68a4aeb602243ff62eed76169","20905","draft","reviewed","","","","40f5702f5b651a2773f657dbebd171da6fe18d81e5bc463642a37183dd1a7a1e","40f5702f5b651a2773f657dbebd171da6fe18d81e5bc463642a37183dd1a7a1e","b56e9011b998614cc8e28e73111dd4c5cedd2733e31b7bc5f17873ded5facd46","f7c501584f0b685b26aaaa913a9fd975e4d94474a9fac38b95d74fe0513bc23d","114039"
"BUNDLE-ASCEND950-ASC950-SIGN-0275","ASCEND950","3","ASC950-SIGN-0275","最小参考资料库/search-log.csv","search_id","SEARCH-M2W3-HUAWEI-ASC950PR-AVAILABILITY","审计/子代理交接/m2_staging/M2-W3-HUAWEI-ASCEND950-PHYSICAL/structured/search-log.csv","8aa6b59c5a6dbb920d01387042fbbbf9c3df78d68a4aeb602243ff62eed76169","20905","draft","reviewed","","","","c75a9141fe05e3aa35b74508e5aaf363cf99aa3f3ad17aca8f1ebbb25c3dcbb9","c75a9141fe05e3aa35b74508e5aaf363cf99aa3f3ad17aca8f1ebbb25c3dcbb9","8bdd0efa34d7c7a67220e997460b6e345c48a5cd2d8b96a660cf849942ad389c","f7c501584f0b685b26aaaa913a9fd975e4d94474a9fac38b95d74fe0513bc23d","114039"
"BUNDLE-ASCEND950-ASC950-SIGN-0276","ASCEND950","3","ASC950-SIGN-0276","最小参考资料库/search-log.csv","search_id","SEARCH-M2W3-HUAWEI-ASC950PR-DIE-COUNT","审计/子代理交接/m2_staging/M2-W3-HUAWEI-ASCEND950-PHYSICAL/structured/search-log.csv","8aa6b59c5a6dbb920d01387042fbbbf9c3df78d68a4aeb602243ff62eed76169","20905","draft","reviewed","","","","85758a43908b11f133107eaf137ae5fd19caaea5f35719aec4879c22a98467ef","85758a43908b11f133107eaf137ae5fd19caaea5f35719aec4879c22a98467ef","32835160f432ebe873e50d5c2817e40f05096f240768150dfa29a2cbf4655f3c","f7c501584f0b685b26aaaa913a9fd975e4d94474a9fac38b95d74fe0513bc23d","114039"
"BUNDLE-ASCEND950-ASC950-SIGN-0277","ASCEND950","3","ASC950-SIGN-0277","最小参考资料库/search-log.csv","search_id","SEARCH-M2W3-HUAWEI-ASC950PR-HBM-STACKS","审计/子代理交接/m2_staging/M2-W3-HUAWEI-ASCEND950-PHYSICAL/structured/search-log.csv","8aa6b59c5a6dbb920d01387042fbbbf9c3df78d68a4aeb602243ff62eed76169","20905","draft","reviewed","","","","a7418826970e64852cf259fb94d6e9ba34770002f76b33c10364190e2383a4ba","a7418826970e64852cf259fb94d6e9ba34770002f76b33c10364190e2383a4ba","dc8f602bd538dd8509bdd51aabba3e4086d87c1b9cfc7434d2dd16478087b990","f7c501584f0b685b26aaaa913a9fd975e4d94474a9fac38b95d74fe0513bc23d","114039"
"BUNDLE-ASCEND950-ASC950-SIGN-0278","ASCEND950","3","ASC950-SIGN-0278","最小参考资料库/search-log.csv","search_id","SEARCH-M2W3-HUAWEI-ASC950PR-HBM-INTERFACE","审计/子代理交接/m2_staging/M2-W3-HUAWEI-ASCEND950-PHYSICAL/structured/search-log.csv","8aa6b59c5a6dbb920d01387042fbbbf9c3df78d68a4aeb602243ff62eed76169","20905","draft","reviewed","","","","dfa87508cb72a3319da0c9323b039fac69f539adb078fcb3313341125f1e2d63","dfa87508cb72a3319da0c9323b039fac69f539adb078fcb3313341125f1e2d63","be95f29e2c394b56a814c2fc7ddb76b584c7842edce8a82fc4843883a470af12","f7c501584f0b685b26aaaa913a9fd975e4d94474a9fac38b95d74fe0513bc23d","114039"
"BUNDLE-ASCEND950-ASC950-SIGN-0279","ASCEND950","3","ASC950-SIGN-0279","最小参考资料库/search-log.csv","search_id","SEARCH-M2W3-HUAWEI-ASC950PR-INTERPOSER","审计/子代理交接/m2_staging/M2-W3-HUAWEI-ASCEND950-PHYSICAL/structured/search-log.csv","8aa6b59c5a6dbb920d01387042fbbbf9c3df78d68a4aeb602243ff62eed76169","20905","draft","reviewed","","","","c751b7bfbe87431ad9c02577c9dfcb1b4fc94564f210ff06932a75a6782104fc","c751b7bfbe87431ad9c02577c9dfcb1b4fc94564f210ff06932a75a6782104fc","99bae4add5a0267353655b591a89d63ba711e4704b49738a604b2218f0814e66","f7c501584f0b685b26aaaa913a9fd975e4d94474a9fac38b95d74fe0513bc23d","114039"
"BUNDLE-ASCEND950-ASC950-SIGN-0280","ASCEND950","3","ASC950-SIGN-0280","最小参考资料库/search-log.csv","search_id","SEARCH-M2W3-HUAWEI-ASC950PR-POWER","审计/子代理交接/m2_staging/M2-W3-HUAWEI-ASCEND950-PHYSICAL/structured/search-log.csv","8aa6b59c5a6dbb920d01387042fbbbf9c3df78d68a4aeb602243ff62eed76169","20905","draft","reviewed","","","","ffb3520d8620d58d347202183e316e1c01086c5c04c06c7c1ce50691af9c1203","ffb3520d8620d58d347202183e316e1c01086c5c04c06c7c1ce50691af9c1203","2a08fcee8ba7a83aaab046c1d6a90646bb46c5c6452cd89971d5c2bb80e531c0","f7c501584f0b685b26aaaa913a9fd975e4d94474a9fac38b95d74fe0513bc23d","114039"
"BUNDLE-ASCEND950-ASC950-SIGN-0281","ASCEND950","3","ASC950-SIGN-0281","最小参考资料库/search-log.csv","search_id","SEARCH-M2W3-HUAWEI-ASC950PR-MEM-LATENCY","审计/子代理交接/m2_staging/M2-W3-HUAWEI-ASCEND950-PHYSICAL/structured/search-log.csv","8aa6b59c5a6dbb920d01387042fbbbf9c3df78d68a4aeb602243ff62eed76169","20905","draft","reviewed","","","","bc5d8a208b8e0e3ca4b4b4495b82bf2e2de66ec976ba32ab9ffc7d038e36a28a","bc5d8a208b8e0e3ca4b4b4495b82bf2e2de66ec976ba32ab9ffc7d038e36a28a","24fa7de3c8adf70a85b231abb17f751aa83141b258b9c451d68b0fa0892cb08e","f7c501584f0b685b26aaaa913a9fd975e4d94474a9fac38b95d74fe0513bc23d","114039"
"BUNDLE-ASCEND950-ASC950-SIGN-0282","ASCEND950","3","ASC950-SIGN-0282","最小参考资料库/search-log.csv","search_id","SEARCH-M2W3-HUAWEI-ASC950PR-MEM-RW-MODEL","审计/子代理交接/m2_staging/M2-W3-HUAWEI-ASCEND950-PHYSICAL/structured/search-log.csv","8aa6b59c5a6dbb920d01387042fbbbf9c3df78d68a4aeb602243ff62eed76169","20905","draft","reviewed","","","","61b7b395cb2443c9cdc2fba6b9fb76926c26a815f89c35d9602565012f4e99c5","61b7b395cb2443c9cdc2fba6b9fb76926c26a815f89c35d9602565012f4e99c5","e814adb1dd064b1e64671e869d69b3d35f405cff7c35c187b2b382ab134aeb5d","f7c501584f0b685b26aaaa913a9fd975e4d94474a9fac38b95d74fe0513bc23d","114039"
"BUNDLE-ASCEND950-ASC950-SIGN-0283","ASCEND950","3","ASC950-SIGN-0283","最小参考资料库/search-log.csv","search_id","SEARCH-M2W3-HUAWEI-ASC950PR-LINK-RATE","审计/子代理交接/m2_staging/M2-W3-HUAWEI-ASCEND950-PHYSICAL/structured/search-log.csv","8aa6b59c5a6dbb920d01387042fbbbf9c3df78d68a4aeb602243ff62eed76169","20905","draft","reviewed","","","","7390994629659b407967be7eab43bea9899653493f4d44cad6141eca2887445a","7390994629659b407967be7eab43bea9899653493f4d44cad6141eca2887445a","952b8b892ddaf73711971faa85171d7219af74cb22c258de2e15181e46467287","f7c501584f0b685b26aaaa913a9fd975e4d94474a9fac38b95d74fe0513bc23d","114039"
"BUNDLE-ASCEND950-ASC950-SIGN-0284","ASCEND950","3","ASC950-SIGN-0284","最小参考资料库/search-log.csv","search_id","SEARCH-M2W3-HUAWEI-ASC950PR-LINK-COUNT","审计/子代理交接/m2_staging/M2-W3-HUAWEI-ASCEND950-PHYSICAL/structured/search-log.csv","8aa6b59c5a6dbb920d01387042fbbbf9c3df78d68a4aeb602243ff62eed76169","20905","draft","reviewed","","","","25b269ab69ab9939c812ea0dd033412933537ee8db517374e011f048734d3fd6","25b269ab69ab9939c812ea0dd033412933537ee8db517374e011f048734d3fd6","3bead5a8dbe013197141c2f55f2b542e7ff1ba106f6e645df89fb901f0b83d28","f7c501584f0b685b26aaaa913a9fd975e4d94474a9fac38b95d74fe0513bc23d","114039"
"BUNDLE-ASCEND950-ASC950-SIGN-0285","ASCEND950","3","ASC950-SIGN-0285","最小参考资料库/search-log.csv","search_id","SEARCH-M2W3-HUAWEI-ASC950PR-TOPOLOGY","审计/子代理交接/m2_staging/M2-W3-HUAWEI-ASCEND950-PHYSICAL/structured/search-log.csv","8aa6b59c5a6dbb920d01387042fbbbf9c3df78d68a4aeb602243ff62eed76169","20905","draft","reviewed","","","","a1f214efbf7f3128c626d55463d628a6a522658cf23b0b0de82ad5bb584fb5c2","a1f214efbf7f3128c626d55463d628a6a522658cf23b0b0de82ad5bb584fb5c2","4f7f2b5f8e9f380089f980031518f081e2dd37200f9aac4bf20f8257f0a8e1d8","f7c501584f0b685b26aaaa913a9fd975e4d94474a9fac38b95d74fe0513bc23d","114039"
"BUNDLE-ASCEND950-ASC950-SIGN-0286","ASCEND950","3","ASC950-SIGN-0286","最小参考资料库/search-log.csv","search_id","SEARCH-M2W3-HUAWEI-ASC950PR-SPECIAL-DETAIL","审计/子代理交接/m2_staging/M2-W3-HUAWEI-ASCEND950-PHYSICAL/structured/search-log.csv","8aa6b59c5a6dbb920d01387042fbbbf9c3df78d68a4aeb602243ff62eed76169","20905","draft","reviewed","","","","1be30188d7e4be60b9fa147c987bf99d23373709c4e6fe6e14a8c002a498a807","1be30188d7e4be60b9fa147c987bf99d23373709c4e6fe6e14a8c002a498a807","cdcba749afc81015a44f83beefbbeab725350cb3e124290f9fcf875a073130ef","f7c501584f0b685b26aaaa913a9fd975e4d94474a9fac38b95d74fe0513bc23d","114039"
"BUNDLE-ASCEND950-ASC950-SIGN-0287","ASCEND950","3","ASC950-SIGN-0287","最小参考资料库/search-log.csv","search_id","SEARCH-M2W3-HUAWEI-ASC950PR-COMPILER","审计/子代理交接/m2_staging/M2-W3-HUAWEI-ASCEND950-PHYSICAL/structured/search-log.csv","8aa6b59c5a6dbb920d01387042fbbbf9c3df78d68a4aeb602243ff62eed76169","20905","draft","reviewed","","","","82e9efc61e982fa8a6e7187ffa041bc7327ddd2fd599cfd97e2c74e43ffefe3f","82e9efc61e982fa8a6e7187ffa041bc7327ddd2fd599cfd97e2c74e43ffefe3f","c5c3520c823a8041d4c607bd46d1627c6d7c308a0eb9b4bb2ddbd71b48a4892f","f7c501584f0b685b26aaaa913a9fd975e4d94474a9fac38b95d74fe0513bc23d","114039"
"BUNDLE-ASCEND950-ASC950-SIGN-0288","ASCEND950","3","ASC950-SIGN-0288","最小参考资料库/search-log.csv","search_id","SEARCH-M2W3-HUAWEI-ASC950PR-RUNTIME","审计/子代理交接/m2_staging/M2-W3-HUAWEI-ASCEND950-PHYSICAL/structured/search-log.csv","8aa6b59c5a6dbb920d01387042fbbbf9c3df78d68a4aeb602243ff62eed76169","20905","draft","reviewed","","","","c18e67c99255a281c77585d47592c0d64130678aa6e799dfe59e2b6e9a1b970c","c18e67c99255a281c77585d47592c0d64130678aa6e799dfe59e2b6e9a1b970c","79820eb26147f64ce66a384e964c9d99dab2fc46801ca8c4a7bb45189c93916c","f7c501584f0b685b26aaaa913a9fd975e4d94474a9fac38b95d74fe0513bc23d","114039"
"BUNDLE-ASCEND950-ASC950-SIGN-0289","ASCEND950","3","ASC950-SIGN-0289","最小参考资料库/search-log.csv","search_id","SEARCH-M2W3-HUAWEI-ASC950PR-ACCUM","审计/子代理交接/m2_staging/M2-W3-HUAWEI-ASCEND950-PHYSICAL/structured/search-log.csv","8aa6b59c5a6dbb920d01387042fbbbf9c3df78d68a4aeb602243ff62eed76169","20905","draft","reviewed","","","","a8f53015850bb7e5a2b4167836d7bf63edd5e0654e275cc6c2242b8cc593722a","a8f53015850bb7e5a2b4167836d7bf63edd5e0654e275cc6c2242b8cc593722a","fdca3f6810282c216e76dd56637b710807f9a26115f3e933f9c4a3c53e6843e8","f7c501584f0b685b26aaaa913a9fd975e4d94474a9fac38b95d74fe0513bc23d","114039"
"BUNDLE-ASCEND950-ASC950-SIGN-0290","ASCEND950","3","ASC950-SIGN-0290","最小参考资料库/search-log.csv","search_id","SEARCH-M2W3-HUAWEI-ASC950PR-PHYSICAL-ACCUM","审计/子代理交接/m2_staging/M2-W3-HUAWEI-ASCEND950-PHYSICAL/structured/search-log.csv","8aa6b59c5a6dbb920d01387042fbbbf9c3df78d68a4aeb602243ff62eed76169","20905","draft","reviewed","","","","844fea481cc89649e278ded758cd59999d391ed9cabc7658839c3ba31288ff99","844fea481cc89649e278ded758cd59999d391ed9cabc7658839c3ba31288ff99","62ec66a0b6da143f67154803d71f171798dee2c3cf328db1546f75d3c8ac5abc","f7c501584f0b685b26aaaa913a9fd975e4d94474a9fac38b95d74fe0513bc23d","114039"
"BUNDLE-ASCEND950-ASC950-SIGN-0291","ASCEND950","3","ASC950-SIGN-0291","最小参考资料库/search-log.csv","search_id","SEARCH-M2W3-HUAWEI-ASC950DT-DIE-COUNT","审计/子代理交接/m2_staging/M2-W3-HUAWEI-ASCEND950-PHYSICAL/structured/search-log.csv","8aa6b59c5a6dbb920d01387042fbbbf9c3df78d68a4aeb602243ff62eed76169","20905","draft","reviewed","","","","efafbc02274835cfa53685536498b5440ab6864397a6d447dc1228d32c5fa3e9","efafbc02274835cfa53685536498b5440ab6864397a6d447dc1228d32c5fa3e9","658823ff05441ead4304c4cb5e7bca65abc7d6b85920c0e0ba4ae0b494fa7aa1","f7c501584f0b685b26aaaa913a9fd975e4d94474a9fac38b95d74fe0513bc23d","114039"
"BUNDLE-ASCEND950-ASC950-SIGN-0292","ASCEND950","3","ASC950-SIGN-0292","最小参考资料库/search-log.csv","search_id","SEARCH-M2W3-HUAWEI-ASC950DT-HBM-STACKS","审计/子代理交接/m2_staging/M2-W3-HUAWEI-ASCEND950-PHYSICAL/structured/search-log.csv","8aa6b59c5a6dbb920d01387042fbbbf9c3df78d68a4aeb602243ff62eed76169","20905","draft","reviewed","","","","64faf9376f388cb2494b741587762e65580cd1e394b99f2b254729aa2eb5d565","64faf9376f388cb2494b741587762e65580cd1e394b99f2b254729aa2eb5d565","5d5f000fcc219833e7d3d8739cd28cd595b544c3d364e34ecef2606b2000baaa","f7c501584f0b685b26aaaa913a9fd975e4d94474a9fac38b95d74fe0513bc23d","114039"
"BUNDLE-ASCEND950-ASC950-SIGN-0293","ASCEND950","3","ASC950-SIGN-0293","最小参考资料库/search-log.csv","search_id","SEARCH-M2W3-HUAWEI-ASC950DT-HBM-INTERFACE","审计/子代理交接/m2_staging/M2-W3-HUAWEI-ASCEND950-PHYSICAL/structured/search-log.csv","8aa6b59c5a6dbb920d01387042fbbbf9c3df78d68a4aeb602243ff62eed76169","20905","draft","reviewed","","","","45b7ba18ec24269f1fd84b245aca9c19f1738bedb2ee8331c988b11eeb34159f","45b7ba18ec24269f1fd84b245aca9c19f1738bedb2ee8331c988b11eeb34159f","7bc7ecad5760bea1f00f417a05d86ee642994f88869894c5e09ebd739874daab","f7c501584f0b685b26aaaa913a9fd975e4d94474a9fac38b95d74fe0513bc23d","114039"
"BUNDLE-ASCEND950-ASC950-SIGN-0294","ASCEND950","3","ASC950-SIGN-0294","最小参考资料库/search-log.csv","search_id","SEARCH-M2W3-HUAWEI-ASC950DT-INTERPOSER","审计/子代理交接/m2_staging/M2-W3-HUAWEI-ASCEND950-PHYSICAL/structured/search-log.csv","8aa6b59c5a6dbb920d01387042fbbbf9c3df78d68a4aeb602243ff62eed76169","20905","draft","reviewed","","","","e49a986dd210dc7d6afbd5afe57d9d6b9de0bb7f9834995191453e1a95b164fa","e49a986dd210dc7d6afbd5afe57d9d6b9de0bb7f9834995191453e1a95b164fa","93b558a79b824703d5d6bb239bcb966054e514bea08a35214d7f2ae779722551","f7c501584f0b685b26aaaa913a9fd975e4d94474a9fac38b95d74fe0513bc23d","114039"
"BUNDLE-ASCEND950-ASC950-SIGN-0295","ASCEND950","3","ASC950-SIGN-0295","最小参考资料库/search-log.csv","search_id","SEARCH-M2W3-HUAWEI-ASC950DT-POWER","审计/子代理交接/m2_staging/M2-W3-HUAWEI-ASCEND950-PHYSICAL/structured/search-log.csv","8aa6b59c5a6dbb920d01387042fbbbf9c3df78d68a4aeb602243ff62eed76169","20905","draft","reviewed","","","","eb6d29dfea845edf94684fc9d8274bf85d6a0f9f1f2b148e52e89f5b57dd142b","eb6d29dfea845edf94684fc9d8274bf85d6a0f9f1f2b148e52e89f5b57dd142b","a4e07709257ac0af0d23317f5c557c9779ff376ccfbf45ec7fcbdcea4978406f","f7c501584f0b685b26aaaa913a9fd975e4d94474a9fac38b95d74fe0513bc23d","114039"
"BUNDLE-ASCEND950-ASC950-SIGN-0296","ASCEND950","3","ASC950-SIGN-0296","最小参考资料库/search-log.csv","search_id","SEARCH-M2W3-HUAWEI-ASC950DT-MEM-LATENCY","审计/子代理交接/m2_staging/M2-W3-HUAWEI-ASCEND950-PHYSICAL/structured/search-log.csv","8aa6b59c5a6dbb920d01387042fbbbf9c3df78d68a4aeb602243ff62eed76169","20905","draft","reviewed","","","","d99f3c9614758459fac02358ff0aa0381806a342a944f7360db0f11430dd2feb","d99f3c9614758459fac02358ff0aa0381806a342a944f7360db0f11430dd2feb","c89f45b6a62dffb6df6dfa5129f00101603333283dcc6c77191ad8fb310fb307","f7c501584f0b685b26aaaa913a9fd975e4d94474a9fac38b95d74fe0513bc23d","114039"
"BUNDLE-ASCEND950-ASC950-SIGN-0297","ASCEND950","3","ASC950-SIGN-0297","最小参考资料库/search-log.csv","search_id","SEARCH-M2W3-HUAWEI-ASC950DT-MEM-RW-MODEL","审计/子代理交接/m2_staging/M2-W3-HUAWEI-ASCEND950-PHYSICAL/structured/search-log.csv","8aa6b59c5a6dbb920d01387042fbbbf9c3df78d68a4aeb602243ff62eed76169","20905","draft","reviewed","","","","ce106beeefac3435005bd071a5cb765f2e5ffdb38a841ce7974f970b3cfe2088","ce106beeefac3435005bd071a5cb765f2e5ffdb38a841ce7974f970b3cfe2088","151cc5ce70fdc853fe555ae3fd2f4e28032ab4e846ffce57c2aa3b5d8e9de8ed","f7c501584f0b685b26aaaa913a9fd975e4d94474a9fac38b95d74fe0513bc23d","114039"
"BUNDLE-ASCEND950-ASC950-SIGN-0298","ASCEND950","3","ASC950-SIGN-0298","最小参考资料库/search-log.csv","search_id","SEARCH-M2W3-HUAWEI-ASC950DT-LINK-RATE","审计/子代理交接/m2_staging/M2-W3-HUAWEI-ASCEND950-PHYSICAL/structured/search-log.csv","8aa6b59c5a6dbb920d01387042fbbbf9c3df78d68a4aeb602243ff62eed76169","20905","draft","reviewed","","","","55678116722d82bd200642428aa0ac667333ffcc34c7a24cfa11b8868a5e5e13","55678116722d82bd200642428aa0ac667333ffcc34c7a24cfa11b8868a5e5e13","d000e77db6a83fd52c3f04b6672f292fcd25cf57f647fcb79217a2277ac288a8","f7c501584f0b685b26aaaa913a9fd975e4d94474a9fac38b95d74fe0513bc23d","114039"
"BUNDLE-ASCEND950-ASC950-SIGN-0299","ASCEND950","3","ASC950-SIGN-0299","最小参考资料库/search-log.csv","search_id","SEARCH-M2W3-HUAWEI-ASC950DT-LINK-COUNT","审计/子代理交接/m2_staging/M2-W3-HUAWEI-ASCEND950-PHYSICAL/structured/search-log.csv","8aa6b59c5a6dbb920d01387042fbbbf9c3df78d68a4aeb602243ff62eed76169","20905","draft","reviewed","","","","49a8338f31a5dad12f7336e26d858fe349dc45e7768e1d8fa94843b077cf9d00","49a8338f31a5dad12f7336e26d858fe349dc45e7768e1d8fa94843b077cf9d00","aecb94e172376987863e3086f0f828e2b78c47363c7af9aebbba8dbf1df58639","f7c501584f0b685b26aaaa913a9fd975e4d94474a9fac38b95d74fe0513bc23d","114039"
"BUNDLE-ASCEND950-ASC950-SIGN-0300","ASCEND950","3","ASC950-SIGN-0300","最小参考资料库/search-log.csv","search_id","SEARCH-M2W3-HUAWEI-ASC950DT-TOPOLOGY","审计/子代理交接/m2_staging/M2-W3-HUAWEI-ASCEND950-PHYSICAL/structured/search-log.csv","8aa6b59c5a6dbb920d01387042fbbbf9c3df78d68a4aeb602243ff62eed76169","20905","draft","reviewed","","","","91b6affb541834470b84b444d372563c882a299de4f09b375a45fc2cfef04ee0","91b6affb541834470b84b444d372563c882a299de4f09b375a45fc2cfef04ee0","a6197fff0f62e1c46bb463cc97e851969337cc8e5e8cdcd87462bc6916652f1e","f7c501584f0b685b26aaaa913a9fd975e4d94474a9fac38b95d74fe0513bc23d","114039"
"BUNDLE-ASCEND950-ASC950-SIGN-0301","ASCEND950","3","ASC950-SIGN-0301","最小参考资料库/search-log.csv","search_id","SEARCH-M2W3-HUAWEI-ASC950DT-SPECIAL-DETAIL","审计/子代理交接/m2_staging/M2-W3-HUAWEI-ASCEND950-PHYSICAL/structured/search-log.csv","8aa6b59c5a6dbb920d01387042fbbbf9c3df78d68a4aeb602243ff62eed76169","20905","draft","reviewed","","","","81f48d0cdbffdcdd6ba79acdbb27e0331bb3134bb099263412f50554b4f07940","81f48d0cdbffdcdd6ba79acdbb27e0331bb3134bb099263412f50554b4f07940","d5463faea1b8b1f8c04c8875967baba62b8cbd8c51f6a02a19fc95b0b1f1b618","f7c501584f0b685b26aaaa913a9fd975e4d94474a9fac38b95d74fe0513bc23d","114039"
"BUNDLE-ASCEND950-ASC950-SIGN-0302","ASCEND950","3","ASC950-SIGN-0302","最小参考资料库/search-log.csv","search_id","SEARCH-M2W3-HUAWEI-ASC950DT-COMPILER","审计/子代理交接/m2_staging/M2-W3-HUAWEI-ASCEND950-PHYSICAL/structured/search-log.csv","8aa6b59c5a6dbb920d01387042fbbbf9c3df78d68a4aeb602243ff62eed76169","20905","draft","reviewed","","","","5d2d1ca92f9994222e278dea5fcbfb36ad8cedc2e58b297c71dcda5bca387660","5d2d1ca92f9994222e278dea5fcbfb36ad8cedc2e58b297c71dcda5bca387660","8178ded0a52a26f9863583c0b13d045766eff6e293d20c83f10901cb025475dc","f7c501584f0b685b26aaaa913a9fd975e4d94474a9fac38b95d74fe0513bc23d","114039"
"BUNDLE-ASCEND950-ASC950-SIGN-0303","ASCEND950","3","ASC950-SIGN-0303","最小参考资料库/search-log.csv","search_id","SEARCH-M2W3-HUAWEI-ASC950DT-RUNTIME","审计/子代理交接/m2_staging/M2-W3-HUAWEI-ASCEND950-PHYSICAL/structured/search-log.csv","8aa6b59c5a6dbb920d01387042fbbbf9c3df78d68a4aeb602243ff62eed76169","20905","draft","reviewed","","","","07696a5a780b73fe344e210566bcf4c8817ee477ee81d997480c8110e7976cc6","07696a5a780b73fe344e210566bcf4c8817ee477ee81d997480c8110e7976cc6","1b3ccce29ee0dc31f0ae46a23895b44ae8f584cdc43431a9d6a25ca146b28f28","f7c501584f0b685b26aaaa913a9fd975e4d94474a9fac38b95d74fe0513bc23d","114039"
"BUNDLE-ASCEND950-ASC950-SIGN-0304","ASCEND950","3","ASC950-SIGN-0304","最小参考资料库/search-log.csv","search_id","SEARCH-M2W3-HUAWEI-ASC950DT-ACCUM","审计/子代理交接/m2_staging/M2-W3-HUAWEI-ASCEND950-PHYSICAL/structured/search-log.csv","8aa6b59c5a6dbb920d01387042fbbbf9c3df78d68a4aeb602243ff62eed76169","20905","draft","reviewed","","","","929c5ea1bad4f86ff85a2c84c0e1656a82f6a653f1d9e936e1e413b634cfb5bb","929c5ea1bad4f86ff85a2c84c0e1656a82f6a653f1d9e936e1e413b634cfb5bb","a1941f95c7607044f2a3171f637aa78a7ed601e17f5b77e31851b605a0a7d04c","f7c501584f0b685b26aaaa913a9fd975e4d94474a9fac38b95d74fe0513bc23d","114039"
"BUNDLE-ASCEND950-ASC950-SIGN-0305","ASCEND950","3","ASC950-SIGN-0305","最小参考资料库/search-log.csv","search_id","SEARCH-M2W3-HUAWEI-ASC950DT-PHYSICAL-ACCUM","审计/子代理交接/m2_staging/M2-W3-HUAWEI-ASCEND950-PHYSICAL/structured/search-log.csv","8aa6b59c5a6dbb920d01387042fbbbf9c3df78d68a4aeb602243ff62eed76169","20905","draft","reviewed","","","","6e311381f4d3032a2f84ac5f494534977a92ff6fcc77853de4b61c1c217ad6b6","6e311381f4d3032a2f84ac5f494534977a92ff6fcc77853de4b61c1c217ad6b6","0c27b4288de18828659b73cee065ae37185c261b30a5d14c67318fb5f3d3696c","f7c501584f0b685b26aaaa913a9fd975e4d94474a9fac38b95d74fe0513bc23d","114039"
"BUNDLE-ASCEND950-ASC950-SIGN-0306","ASCEND950","3","ASC950-SIGN-0306","最小参考资料库/search-results.csv","search_result_id","SRESULT-M2W3-HUAWEI-ASC950-DIE-PROCESS-H2","审计/子代理交接/m2_staging/M2-W3-HUAWEI-ASCEND950-PHYSICAL/structured/search-results.csv","64402aab5d564822cd65b94018b1784250a38b824e1cda0625cca2b90b3727ba","48932","draft","reviewed","","","","c4a048eabad90687521fbc1b6ef52ec288b90447086e2bbe3712ddc792040783","c4a048eabad90687521fbc1b6ef52ec288b90447086e2bbe3712ddc792040783","4a532b00b2a520d0f16c0b06831244203e753984e9aa4b9d8b43aeabd0251ddf","92aec74a85406ffa96c826348ffe298dba702639ecdf956160bf655db48cc40f","77301"
"BUNDLE-ASCEND950-ASC950-SIGN-0307","ASCEND950","3","ASC950-SIGN-0307","最小参考资料库/search-results.csv","search_result_id","SRESULT-M2W3-HUAWEI-ASC950-DIE-PROCESS-H6","审计/子代理交接/m2_staging/M2-W3-HUAWEI-ASCEND950-PHYSICAL/structured/search-results.csv","64402aab5d564822cd65b94018b1784250a38b824e1cda0625cca2b90b3727ba","48932","draft","reviewed","","","","08eac6d723caf4a16b3bbd4fd9a522af474786a5583563437af47b44535f6ba6","08eac6d723caf4a16b3bbd4fd9a522af474786a5583563437af47b44535f6ba6","dfd2bf4714e0a5ced4606840869bbacd27400be7dbdf965ef5e2705df43d6285","92aec74a85406ffa96c826348ffe298dba702639ecdf956160bf655db48cc40f","77301"
"BUNDLE-ASCEND950-ASC950-SIGN-0308","ASCEND950","3","ASC950-SIGN-0308","最小参考资料库/search-results.csv","search_result_id","SRESULT-M2W3-HUAWEI-ASC950-DIE-PROCESS-H7","审计/子代理交接/m2_staging/M2-W3-HUAWEI-ASCEND950-PHYSICAL/structured/search-results.csv","64402aab5d564822cd65b94018b1784250a38b824e1cda0625cca2b90b3727ba","48932","draft","reviewed","","","","c49dce7291cb03d96d4e2f1633fb637ffa597a8574406d85b944b02f35f646e3","c49dce7291cb03d96d4e2f1633fb637ffa597a8574406d85b944b02f35f646e3","1213c0643d0e35e774123614781dedb98a5cb5711e4b003a2a7106f4b0fc8a3e","92aec74a85406ffa96c826348ffe298dba702639ecdf956160bf655db48cc40f","77301"
"BUNDLE-ASCEND950-ASC950-SIGN-0309","ASCEND950","3","ASC950-SIGN-0309","最小参考资料库/search-results.csv","search_result_id","SRESULT-M2W3-HUAWEI-ASC950-DIE-PROCESS-H12","审计/子代理交接/m2_staging/M2-W3-HUAWEI-ASCEND950-PHYSICAL/structured/search-results.csv","64402aab5d564822cd65b94018b1784250a38b824e1cda0625cca2b90b3727ba","48932","draft","reviewed","","","","91422e8a14fe618fb86161831c0f165ce4d06488bf0cd3ba9c6de9391f49f19a","91422e8a14fe618fb86161831c0f165ce4d06488bf0cd3ba9c6de9391f49f19a","713f3ba4939d703b5038f9462e0be7bd9c54a007cd4e9f8ce11c5af15e5bad57","92aec74a85406ffa96c826348ffe298dba702639ecdf956160bf655db48cc40f","77301"
"BUNDLE-ASCEND950-ASC950-SIGN-0310","ASCEND950","3","ASC950-SIGN-0310","最小参考资料库/search-results.csv","search_result_id","SRESULT-M2W3-HUAWEI-ASC950-DIE-DIE-AREA-H2","审计/子代理交接/m2_staging/M2-W3-HUAWEI-ASCEND950-PHYSICAL/structured/search-results.csv","64402aab5d564822cd65b94018b1784250a38b824e1cda0625cca2b90b3727ba","48932","draft","reviewed","","","","b891080bb115ea31988e921f6f720e76ecbd784c9fb192dcff88d5f651d38842","b891080bb115ea31988e921f6f720e76ecbd784c9fb192dcff88d5f651d38842","b7bcac7f42eea14da2e64a1864cd03fc24676775092d7adf0eba8d6361cd3820","92aec74a85406ffa96c826348ffe298dba702639ecdf956160bf655db48cc40f","77301"
"BUNDLE-ASCEND950-ASC950-SIGN-0311","ASCEND950","3","ASC950-SIGN-0311","最小参考资料库/search-results.csv","search_result_id","SRESULT-M2W3-HUAWEI-ASC950-DIE-DIE-AREA-H6","审计/子代理交接/m2_staging/M2-W3-HUAWEI-ASCEND950-PHYSICAL/structured/search-results.csv","64402aab5d564822cd65b94018b1784250a38b824e1cda0625cca2b90b3727ba","48932","draft","reviewed","","","","8405fbcd4b5a21b86027899f0d5229fe36e98453008569186a89418993433b3a","8405fbcd4b5a21b86027899f0d5229fe36e98453008569186a89418993433b3a","3cd479aea0a604b2a50edea494bc6b66ef595af789551012c4b59212de0f6385","92aec74a85406ffa96c826348ffe298dba702639ecdf956160bf655db48cc40f","77301"
"BUNDLE-ASCEND950-ASC950-SIGN-0312","ASCEND950","3","ASC950-SIGN-0312","最小参考资料库/search-results.csv","search_result_id","SRESULT-M2W3-HUAWEI-ASC950-DIE-DIE-AREA-H7","审计/子代理交接/m2_staging/M2-W3-HUAWEI-ASCEND950-PHYSICAL/structured/search-results.csv","64402aab5d564822cd65b94018b1784250a38b824e1cda0625cca2b90b3727ba","48932","draft","reviewed","","","","b741a82a52150b30296d0ff1279cdece902df448ff51e63b9502e72d9260fd86","b741a82a52150b30296d0ff1279cdece902df448ff51e63b9502e72d9260fd86","b19ae331576db47f83fdc306a17fd4d840016188f5f78618f5f0179e6a0bae22","92aec74a85406ffa96c826348ffe298dba702639ecdf956160bf655db48cc40f","77301"
"BUNDLE-ASCEND950-ASC950-SIGN-0313","ASCEND950","3","ASC950-SIGN-0313","最小参考资料库/search-results.csv","search_result_id","SRESULT-M2W3-HUAWEI-ASC950-DIE-DIE-AREA-H12","审计/子代理交接/m2_staging/M2-W3-HUAWEI-ASCEND950-PHYSICAL/structured/search-results.csv","64402aab5d564822cd65b94018b1784250a38b824e1cda0625cca2b90b3727ba","48932","draft","reviewed","","","","96634bee316d0b1ccfbe4afecdcbf9854af10d709c55966486f2e83fe2b1a108","96634bee316d0b1ccfbe4afecdcbf9854af10d709c55966486f2e83fe2b1a108","1e8e9fc18d4b962a06e5a6e90e0f1fe5a2b7e98f0f849f8fe543894be2dd08eb","92aec74a85406ffa96c826348ffe298dba702639ecdf956160bf655db48cc40f","77301"
"BUNDLE-ASCEND950-ASC950-SIGN-0314","ASCEND950","3","ASC950-SIGN-0314","最小参考资料库/search-results.csv","search_result_id","SRESULT-M2W3-HUAWEI-ASC950-DIE-TRANSISTORS-H2","审计/子代理交接/m2_staging/M2-W3-HUAWEI-ASCEND950-PHYSICAL/structured/search-results.csv","64402aab5d564822cd65b94018b1784250a38b824e1cda0625cca2b90b3727ba","48932","draft","reviewed","","","","1799d076233223051b0d21fcfdd015eae102f732b227131dcae78af4b2438f6b","1799d076233223051b0d21fcfdd015eae102f732b227131dcae78af4b2438f6b","646d7ca17932277fa4b82921625849a29f63af9c26784aa12b9545843114669c","92aec74a85406ffa96c826348ffe298dba702639ecdf956160bf655db48cc40f","77301"
"BUNDLE-ASCEND950-ASC950-SIGN-0315","ASCEND950","3","ASC950-SIGN-0315","最小参考资料库/search-results.csv","search_result_id","SRESULT-M2W3-HUAWEI-ASC950-DIE-TRANSISTORS-H6","审计/子代理交接/m2_staging/M2-W3-HUAWEI-ASCEND950-PHYSICAL/structured/search-results.csv","64402aab5d564822cd65b94018b1784250a38b824e1cda0625cca2b90b3727ba","48932","draft","reviewed","","","","26b99a2e88d4ed464424f8ef66fa73d83d08acec39e1deae42818590f6582093","26b99a2e88d4ed464424f8ef66fa73d83d08acec39e1deae42818590f6582093","6f210a5622174dd560477e47e6c7354aac80cb03b703acce668bdcac90e53a90","92aec74a85406ffa96c826348ffe298dba702639ecdf956160bf655db48cc40f","77301"
"BUNDLE-ASCEND950-ASC950-SIGN-0316","ASCEND950","3","ASC950-SIGN-0316","最小参考资料库/search-results.csv","search_result_id","SRESULT-M2W3-HUAWEI-ASC950-DIE-TRANSISTORS-H7","审计/子代理交接/m2_staging/M2-W3-HUAWEI-ASCEND950-PHYSICAL/structured/search-results.csv","64402aab5d564822cd65b94018b1784250a38b824e1cda0625cca2b90b3727ba","48932","draft","reviewed","","","","e2e51d761b27c3fb02637fc7a9563dbe71149b43db6fd34edbb60fc76d7a6b63","e2e51d761b27c3fb02637fc7a9563dbe71149b43db6fd34edbb60fc76d7a6b63","6d420df72e879b2c887de5a7366d862ced7842ea38f7aa220e9bc66ea77ea454","92aec74a85406ffa96c826348ffe298dba702639ecdf956160bf655db48cc40f","77301"
"BUNDLE-ASCEND950-ASC950-SIGN-0317","ASCEND950","3","ASC950-SIGN-0317","最小参考资料库/search-results.csv","search_result_id","SRESULT-M2W3-HUAWEI-ASC950-DIE-TRANSISTORS-H12","审计/子代理交接/m2_staging/M2-W3-HUAWEI-ASCEND950-PHYSICAL/structured/search-results.csv","64402aab5d564822cd65b94018b1784250a38b824e1cda0625cca2b90b3727ba","48932","draft","reviewed","","","","aae186baea359fb95153fab84327eb2661fff0014c037a035d32f62cd571e6ad","aae186baea359fb95153fab84327eb2661fff0014c037a035d32f62cd571e6ad","1f213af211cf9dc031c993ee0ab5664dd69fadf2e3f4bf8b66c4e0c2edb7e8e5","92aec74a85406ffa96c826348ffe298dba702639ecdf956160bf655db48cc40f","77301"
"BUNDLE-ASCEND950-ASC950-SIGN-0318","ASCEND950","3","ASC950-SIGN-0318","最小参考资料库/search-results.csv","search_result_id","SRESULT-M2W3-HUAWEI-ASC950-DIE-CLOCK-H2","审计/子代理交接/m2_staging/M2-W3-HUAWEI-ASCEND950-PHYSICAL/structured/search-results.csv","64402aab5d564822cd65b94018b1784250a38b824e1cda0625cca2b90b3727ba","48932","draft","reviewed","","","","9fddf7a8cfb1d4dc646e50d136616aee90031c32960c4bb87748b061017a9849","9fddf7a8cfb1d4dc646e50d136616aee90031c32960c4bb87748b061017a9849","69334cfd6448690cb15610d958eb79ddcaed181b1b3489a82e321fc797d0c1e6","92aec74a85406ffa96c826348ffe298dba702639ecdf956160bf655db48cc40f","77301"
"BUNDLE-ASCEND950-ASC950-SIGN-0319","ASCEND950","3","ASC950-SIGN-0319","最小参考资料库/search-results.csv","search_result_id","SRESULT-M2W3-HUAWEI-ASC950-DIE-CLOCK-H6","审计/子代理交接/m2_staging/M2-W3-HUAWEI-ASCEND950-PHYSICAL/structured/search-results.csv","64402aab5d564822cd65b94018b1784250a38b824e1cda0625cca2b90b3727ba","48932","draft","reviewed","","","","4c1e518c01b4c07d9cbff03e6976ea0ce55a7c70c084e062a65ed04cd5c3fc9b","4c1e518c01b4c07d9cbff03e6976ea0ce55a7c70c084e062a65ed04cd5c3fc9b","922f039bfc9a51078455acd186d4ff65d9f42d9db74d3c73a3e378ad2163a2df","92aec74a85406ffa96c826348ffe298dba702639ecdf956160bf655db48cc40f","77301"
"BUNDLE-ASCEND950-ASC950-SIGN-0320","ASCEND950","3","ASC950-SIGN-0320","最小参考资料库/search-results.csv","search_result_id","SRESULT-M2W3-HUAWEI-ASC950-DIE-CLOCK-H7","审计/子代理交接/m2_staging/M2-W3-HUAWEI-ASCEND950-PHYSICAL/structured/search-results.csv","64402aab5d564822cd65b94018b1784250a38b824e1cda0625cca2b90b3727ba","48932","draft","reviewed","","","","4c98fd8594e5caa36ceb98310d370a7050ca9f4546b1652fe6fbc0316f186a49","4c98fd8594e5caa36ceb98310d370a7050ca9f4546b1652fe6fbc0316f186a49","c48afb5543e30d71b58859e7f338da2de02a87748df4e42e60b516d0b6921f58","92aec74a85406ffa96c826348ffe298dba702639ecdf956160bf655db48cc40f","77301"
"BUNDLE-ASCEND950-ASC950-SIGN-0321","ASCEND950","3","ASC950-SIGN-0321","最小参考资料库/search-results.csv","search_result_id","SRESULT-M2W3-HUAWEI-ASC950-DIE-CLOCK-H12","审计/子代理交接/m2_staging/M2-W3-HUAWEI-ASCEND950-PHYSICAL/structured/search-results.csv","64402aab5d564822cd65b94018b1784250a38b824e1cda0625cca2b90b3727ba","48932","draft","reviewed","","","","67c903d0d71cbb49c2e98541f74b9933726350f1b60916fc1d085c4e2f86e67a","67c903d0d71cbb49c2e98541f74b9933726350f1b60916fc1d085c4e2f86e67a","0adac2b274934509df14bce3c6518855c129b10755861ed58106ea879618fc5e","92aec74a85406ffa96c826348ffe298dba702639ecdf956160bf655db48cc40f","77301"
"BUNDLE-ASCEND950-ASC950-SIGN-0322","ASCEND950","3","ASC950-SIGN-0322","最小参考资料库/search-results.csv","search_result_id","SRESULT-M2W3-HUAWEI-ASC950-DIE-POWER-H2","审计/子代理交接/m2_staging/M2-W3-HUAWEI-ASCEND950-PHYSICAL/structured/search-results.csv","64402aab5d564822cd65b94018b1784250a38b824e1cda0625cca2b90b3727ba","48932","draft","reviewed","","","","28424d6e00e9df5f2324d9e6d723cd4f5873d65bfe3970e04cd1c607914e62b8","28424d6e00e9df5f2324d9e6d723cd4f5873d65bfe3970e04cd1c607914e62b8","a4acd34dba7d605f7f0f3bc2575ab09a63e60c017102f0162ed84b99c6e4bf4a","92aec74a85406ffa96c826348ffe298dba702639ecdf956160bf655db48cc40f","77301"
"BUNDLE-ASCEND950-ASC950-SIGN-0323","ASCEND950","3","ASC950-SIGN-0323","最小参考资料库/search-results.csv","search_result_id","SRESULT-M2W3-HUAWEI-ASC950-DIE-POWER-H6","审计/子代理交接/m2_staging/M2-W3-HUAWEI-ASCEND950-PHYSICAL/structured/search-results.csv","64402aab5d564822cd65b94018b1784250a38b824e1cda0625cca2b90b3727ba","48932","draft","reviewed","","","","5d175afb01b978b11361f2574314237692aaa9a83c54dc7eb032e4c9a8fbead5","5d175afb01b978b11361f2574314237692aaa9a83c54dc7eb032e4c9a8fbead5","91d3d542156974d07b87d86e4ff6b52fb731352b14d36620ff86fc0a5bda270a","92aec74a85406ffa96c826348ffe298dba702639ecdf956160bf655db48cc40f","77301"
"BUNDLE-ASCEND950-ASC950-SIGN-0324","ASCEND950","3","ASC950-SIGN-0324","最小参考资料库/search-results.csv","search_result_id","SRESULT-M2W3-HUAWEI-ASC950-DIE-POWER-H7","审计/子代理交接/m2_staging/M2-W3-HUAWEI-ASCEND950-PHYSICAL/structured/search-results.csv","64402aab5d564822cd65b94018b1784250a38b824e1cda0625cca2b90b3727ba","48932","draft","reviewed","","","","ae07ee212dc8c093608257f9e5218340be75ed788553f979e2499de183125eac","ae07ee212dc8c093608257f9e5218340be75ed788553f979e2499de183125eac","384b47ce8b8fe6a9e5136b77772ae488878da2476cebea1bd7b3e40dcaf4fe4c","92aec74a85406ffa96c826348ffe298dba702639ecdf956160bf655db48cc40f","77301"
"BUNDLE-ASCEND950-ASC950-SIGN-0325","ASCEND950","3","ASC950-SIGN-0325","最小参考资料库/search-results.csv","search_result_id","SRESULT-M2W3-HUAWEI-ASC950-DIE-POWER-H12","审计/子代理交接/m2_staging/M2-W3-HUAWEI-ASCEND950-PHYSICAL/structured/search-results.csv","64402aab5d564822cd65b94018b1784250a38b824e1cda0625cca2b90b3727ba","48932","draft","reviewed","","","","20fcc2e5ca1c5bc880f7e65d45f6e7fcd3c689fcd91d1f8b46c20ded9dde4809","20fcc2e5ca1c5bc880f7e65d45f6e7fcd3c689fcd91d1f8b46c20ded9dde4809","60f06abe5fb6393b2594c52ba6d248674dfc7631e25af0a489cccef605785bc5","92aec74a85406ffa96c826348ffe298dba702639ecdf956160bf655db48cc40f","77301"
"BUNDLE-ASCEND950-ASC950-SIGN-0326","ASCEND950","3","ASC950-SIGN-0326","最小参考资料库/search-results.csv","search_result_id","SRESULT-M2W3-HUAWEI-ASC950-DIE-VECTOR-THROUGHPUT-H2","审计/子代理交接/m2_staging/M2-W3-HUAWEI-ASCEND950-PHYSICAL/structured/search-results.csv","64402aab5d564822cd65b94018b1784250a38b824e1cda0625cca2b90b3727ba","48932","draft","reviewed","","","","48520956c779dd5fe1b14b55932a2fa7356c065fe5e457a5c05cada3755ec701","48520956c779dd5fe1b14b55932a2fa7356c065fe5e457a5c05cada3755ec701","81a1d7eb64f12dd9b6988d220cf8235f07b24f1f50c41c999f54f8fbb09dbe48","92aec74a85406ffa96c826348ffe298dba702639ecdf956160bf655db48cc40f","77301"
"BUNDLE-ASCEND950-ASC950-SIGN-0327","ASCEND950","3","ASC950-SIGN-0327","最小参考资料库/search-results.csv","search_result_id","SRESULT-M2W3-HUAWEI-ASC950-DIE-VECTOR-THROUGHPUT-H6","审计/子代理交接/m2_staging/M2-W3-HUAWEI-ASCEND950-PHYSICAL/structured/search-results.csv","64402aab5d564822cd65b94018b1784250a38b824e1cda0625cca2b90b3727ba","48932","draft","reviewed","","","","9a507d0ee76e593a74f9eb0efe741f76a049890755232e1e849df651d82278c3","9a507d0ee76e593a74f9eb0efe741f76a049890755232e1e849df651d82278c3","bd22ffc02799c078fa8662283055ef2943e0edc2612a19ded3180566f425a024","92aec74a85406ffa96c826348ffe298dba702639ecdf956160bf655db48cc40f","77301"
"BUNDLE-ASCEND950-ASC950-SIGN-0328","ASCEND950","3","ASC950-SIGN-0328","最小参考资料库/search-results.csv","search_result_id","SRESULT-M2W3-HUAWEI-ASC950-DIE-VECTOR-THROUGHPUT-H7","审计/子代理交接/m2_staging/M2-W3-HUAWEI-ASCEND950-PHYSICAL/structured/search-results.csv","64402aab5d564822cd65b94018b1784250a38b824e1cda0625cca2b90b3727ba","48932","draft","reviewed","","","","6f58e85c7024fd0edfdc3d418d24ec55e908e6ee94b0d9bb8e151ccb54f7bf17","6f58e85c7024fd0edfdc3d418d24ec55e908e6ee94b0d9bb8e151ccb54f7bf17","0da37150ad0c5ac1833466521175366ae1da538e2a39c34d465685727a82369b","92aec74a85406ffa96c826348ffe298dba702639ecdf956160bf655db48cc40f","77301"
"BUNDLE-ASCEND950-ASC950-SIGN-0329","ASCEND950","3","ASC950-SIGN-0329","最小参考资料库/search-results.csv","search_result_id","SRESULT-M2W3-HUAWEI-ASC950-DIE-VECTOR-THROUGHPUT-H12","审计/子代理交接/m2_staging/M2-W3-HUAWEI-ASCEND950-PHYSICAL/structured/search-results.csv","64402aab5d564822cd65b94018b1784250a38b824e1cda0625cca2b90b3727ba","48932","draft","reviewed","","","","99537a2fd5a0399806e38f3e82fb04cda8da8aaffd95373cc24006893f797e86","99537a2fd5a0399806e38f3e82fb04cda8da8aaffd95373cc24006893f797e86","d11b5ef971a8bff6d550258ece78253919e0aa60a498398257107d63f351404f","92aec74a85406ffa96c826348ffe298dba702639ecdf956160bf655db48cc40f","77301"
"BUNDLE-ASCEND950-ASC950-SIGN-0330","ASCEND950","3","ASC950-SIGN-0330","最小参考资料库/search-results.csv","search_result_id","SRESULT-M2W3-HUAWEI-ASC950-DIE-FP8-ACCUM-H2","审计/子代理交接/m2_staging/M2-W3-HUAWEI-ASCEND950-PHYSICAL/structured/search-results.csv","64402aab5d564822cd65b94018b1784250a38b824e1cda0625cca2b90b3727ba","48932","draft","reviewed","","","","32fd1f2d3cfab3086f1f0d5ef86ff59f03edbb883849d5de05c7e30f98cb5725","32fd1f2d3cfab3086f1f0d5ef86ff59f03edbb883849d5de05c7e30f98cb5725","2d4c3aff54729a058b6d7d54b4f4ef7fe498cf2f9a589030dd44841b4da87c8d","92aec74a85406ffa96c826348ffe298dba702639ecdf956160bf655db48cc40f","77301"
"BUNDLE-ASCEND950-ASC950-SIGN-0331","ASCEND950","3","ASC950-SIGN-0331","最小参考资料库/search-results.csv","search_result_id","SRESULT-M2W3-HUAWEI-ASC950-DIE-FP8-ACCUM-H6","审计/子代理交接/m2_staging/M2-W3-HUAWEI-ASCEND950-PHYSICAL/structured/search-results.csv","64402aab5d564822cd65b94018b1784250a38b824e1cda0625cca2b90b3727ba","48932","draft","reviewed","","","","f9b4d3091250f422777d93e023d812f232807a9bc69166abaca91aa3c4361fc0","f9b4d3091250f422777d93e023d812f232807a9bc69166abaca91aa3c4361fc0","835fc6dccbcad249610b34beb4462ca6f6bda8d741b949f0553dbbad65386c1b","92aec74a85406ffa96c826348ffe298dba702639ecdf956160bf655db48cc40f","77301"
"BUNDLE-ASCEND950-ASC950-SIGN-0332","ASCEND950","3","ASC950-SIGN-0332","最小参考资料库/search-results.csv","search_result_id","SRESULT-M2W3-HUAWEI-ASC950-DIE-FP8-ACCUM-H7","审计/子代理交接/m2_staging/M2-W3-HUAWEI-ASCEND950-PHYSICAL/structured/search-results.csv","64402aab5d564822cd65b94018b1784250a38b824e1cda0625cca2b90b3727ba","48932","draft","reviewed","","","","d749a8218f5e71db5f30c78e034e6b6e75841a22d4456f502b7c2ddf8bc3399b","d749a8218f5e71db5f30c78e034e6b6e75841a22d4456f502b7c2ddf8bc3399b","261e622c9576306c589e42d0fadb6322124cab39d017d1cf7a13f84bb8a649ee","92aec74a85406ffa96c826348ffe298dba702639ecdf956160bf655db48cc40f","77301"
"BUNDLE-ASCEND950-ASC950-SIGN-0333","ASCEND950","3","ASC950-SIGN-0333","最小参考资料库/search-results.csv","search_result_id","SRESULT-M2W3-HUAWEI-ASC950-DIE-FP8-ACCUM-H12","审计/子代理交接/m2_staging/M2-W3-HUAWEI-ASCEND950-PHYSICAL/structured/search-results.csv","64402aab5d564822cd65b94018b1784250a38b824e1cda0625cca2b90b3727ba","48932","draft","reviewed","","","","d907d75f8f8b7b06b952e270ec43b17ca3ea45ba0e19cb9f0e8217a9bd47a1a2","d907d75f8f8b7b06b952e270ec43b17ca3ea45ba0e19cb9f0e8217a9bd47a1a2","fe2eae35c18e1131662dbda87e05f66528d4ef9910a6f2911de2786a0970e47e","92aec74a85406ffa96c826348ffe298dba702639ecdf956160bf655db48cc40f","77301"
"BUNDLE-ASCEND950-ASC950-SIGN-0334","ASCEND950","3","ASC950-SIGN-0334","最小参考资料库/search-results.csv","search_result_id","SRESULT-M2W3-HUAWEI-ASC950-DIE-FP8-PHYSICAL-ACCUM-H2","审计/子代理交接/m2_staging/M2-W3-HUAWEI-ASCEND950-PHYSICAL/structured/search-results.csv","64402aab5d564822cd65b94018b1784250a38b824e1cda0625cca2b90b3727ba","48932","draft","reviewed","","","","0c7d207021b611211bed2661550092ae5375f24059bcc76253c3b9ffe19b575e","0c7d207021b611211bed2661550092ae5375f24059bcc76253c3b9ffe19b575e","c3579813bb51623574cd3a423d4c7322042fdcd813755923677a125387ef5a9f","92aec74a85406ffa96c826348ffe298dba702639ecdf956160bf655db48cc40f","77301"
"BUNDLE-ASCEND950-ASC950-SIGN-0335","ASCEND950","3","ASC950-SIGN-0335","最小参考资料库/search-results.csv","search_result_id","SRESULT-M2W3-HUAWEI-ASC950-DIE-FP8-PHYSICAL-ACCUM-H6","审计/子代理交接/m2_staging/M2-W3-HUAWEI-ASCEND950-PHYSICAL/structured/search-results.csv","64402aab5d564822cd65b94018b1784250a38b824e1cda0625cca2b90b3727ba","48932","draft","reviewed","","","","3084f65bb8d31aa4d46c5ffd25473c93748bcfdca93342f82f726ef5ab864cc5","3084f65bb8d31aa4d46c5ffd25473c93748bcfdca93342f82f726ef5ab864cc5","9d59cbc9da0235a006ba48eae50c96e98bba5bd1c2f91ee63e53f157216086e8","92aec74a85406ffa96c826348ffe298dba702639ecdf956160bf655db48cc40f","77301"
"BUNDLE-ASCEND950-ASC950-SIGN-0336","ASCEND950","3","ASC950-SIGN-0336","最小参考资料库/search-results.csv","search_result_id","SRESULT-M2W3-HUAWEI-ASC950-DIE-FP8-PHYSICAL-ACCUM-H7","审计/子代理交接/m2_staging/M2-W3-HUAWEI-ASCEND950-PHYSICAL/structured/search-results.csv","64402aab5d564822cd65b94018b1784250a38b824e1cda0625cca2b90b3727ba","48932","draft","reviewed","","","","2c4734261f090b18cf9a0805289df1ce86cc254c18bef8620358297695f322ae","2c4734261f090b18cf9a0805289df1ce86cc254c18bef8620358297695f322ae","fd5e019591eda0bc439a74962e547cfdeded0f92ef6f4beafe8216c00d54e4f5","92aec74a85406ffa96c826348ffe298dba702639ecdf956160bf655db48cc40f","77301"
"BUNDLE-ASCEND950-ASC950-SIGN-0337","ASCEND950","3","ASC950-SIGN-0337","最小参考资料库/search-results.csv","search_result_id","SRESULT-M2W3-HUAWEI-ASC950-DIE-FP8-PHYSICAL-ACCUM-H12","审计/子代理交接/m2_staging/M2-W3-HUAWEI-ASCEND950-PHYSICAL/structured/search-results.csv","64402aab5d564822cd65b94018b1784250a38b824e1cda0625cca2b90b3727ba","48932","draft","reviewed","","","","c5873f46ce8560e5e64ec6c3e782a17a3263ec1c0e3733dc808af55ed4a73b01","c5873f46ce8560e5e64ec6c3e782a17a3263ec1c0e3733dc808af55ed4a73b01","bd9ea0d2f2c9c3f4a43372d41d17c73fbfb82b18e98f3286d0c3de3a280c63b2","92aec74a85406ffa96c826348ffe298dba702639ecdf956160bf655db48cc40f","77301"
"BUNDLE-ASCEND950-ASC950-SIGN-0338","ASCEND950","3","ASC950-SIGN-0338","最小参考资料库/search-results.csv","search_result_id","SRESULT-M2W3-HUAWEI-ASC950-DIE-MXFP8-ACCUM-H2","审计/子代理交接/m2_staging/M2-W3-HUAWEI-ASCEND950-PHYSICAL/structured/search-results.csv","64402aab5d564822cd65b94018b1784250a38b824e1cda0625cca2b90b3727ba","48932","draft","reviewed","","","","2615015959cdab9699f1cf09a61531c11a469125302df7319d5f7296151d1824","2615015959cdab9699f1cf09a61531c11a469125302df7319d5f7296151d1824","e60421a4c17236fd222ff3a0fa7e49e1753a805148f6826760366bd761772c43","92aec74a85406ffa96c826348ffe298dba702639ecdf956160bf655db48cc40f","77301"
"BUNDLE-ASCEND950-ASC950-SIGN-0339","ASCEND950","3","ASC950-SIGN-0339","最小参考资料库/search-results.csv","search_result_id","SRESULT-M2W3-HUAWEI-ASC950-DIE-MXFP8-ACCUM-H6","审计/子代理交接/m2_staging/M2-W3-HUAWEI-ASCEND950-PHYSICAL/structured/search-results.csv","64402aab5d564822cd65b94018b1784250a38b824e1cda0625cca2b90b3727ba","48932","draft","reviewed","","","","4be22001acfdeb21d307e456b16c9f4ed8478798f3a2263df5e70600593088ac","4be22001acfdeb21d307e456b16c9f4ed8478798f3a2263df5e70600593088ac","50eb34ce29a63116bf3846185834b3c8509bb57b8f551d26a8586f1627c4d7e3","92aec74a85406ffa96c826348ffe298dba702639ecdf956160bf655db48cc40f","77301"
"BUNDLE-ASCEND950-ASC950-SIGN-0340","ASCEND950","3","ASC950-SIGN-0340","最小参考资料库/search-results.csv","search_result_id","SRESULT-M2W3-HUAWEI-ASC950-DIE-MXFP8-ACCUM-H7","审计/子代理交接/m2_staging/M2-W3-HUAWEI-ASCEND950-PHYSICAL/structured/search-results.csv","64402aab5d564822cd65b94018b1784250a38b824e1cda0625cca2b90b3727ba","48932","draft","reviewed","","","","8152b627ef9065f83cbd6a2714de0f0f7dce4920506f4048f9accb88b6eb4964","8152b627ef9065f83cbd6a2714de0f0f7dce4920506f4048f9accb88b6eb4964","45ec8e508f5143bdcb36948b12b5b9a665a74e64c149604ffa5f92ce0ab13060","92aec74a85406ffa96c826348ffe298dba702639ecdf956160bf655db48cc40f","77301"
"BUNDLE-ASCEND950-ASC950-SIGN-0341","ASCEND950","3","ASC950-SIGN-0341","最小参考资料库/search-results.csv","search_result_id","SRESULT-M2W3-HUAWEI-ASC950-DIE-MXFP8-ACCUM-H12","审计/子代理交接/m2_staging/M2-W3-HUAWEI-ASCEND950-PHYSICAL/structured/search-results.csv","64402aab5d564822cd65b94018b1784250a38b824e1cda0625cca2b90b3727ba","48932","draft","reviewed","","","","d389747d0d4bb25cd972310996fa6b5bcca300db3dda9f825e2b0527a0594047","d389747d0d4bb25cd972310996fa6b5bcca300db3dda9f825e2b0527a0594047","f65245cb14a20974007c772243f6b588c25338d032fff3363c19f1227298d664","92aec74a85406ffa96c826348ffe298dba702639ecdf956160bf655db48cc40f","77301"
"BUNDLE-ASCEND950-ASC950-SIGN-0342","ASCEND950","3","ASC950-SIGN-0342","最小参考资料库/search-results.csv","search_result_id","SRESULT-M2W3-HUAWEI-ASC950-DIE-MXFP8-PHYSICAL-ACCUM-H2","审计/子代理交接/m2_staging/M2-W3-HUAWEI-ASCEND950-PHYSICAL/structured/search-results.csv","64402aab5d564822cd65b94018b1784250a38b824e1cda0625cca2b90b3727ba","48932","draft","reviewed","","","","08f2940b88413446b1028b1cdf7367cd06ce04451703201f6637cf6e18300bae","08f2940b88413446b1028b1cdf7367cd06ce04451703201f6637cf6e18300bae","7a011c66c0922bfc43a185c74d2194d7e131ea4c9dcc10d830e33be116997746","92aec74a85406ffa96c826348ffe298dba702639ecdf956160bf655db48cc40f","77301"
"BUNDLE-ASCEND950-ASC950-SIGN-0343","ASCEND950","3","ASC950-SIGN-0343","最小参考资料库/search-results.csv","search_result_id","SRESULT-M2W3-HUAWEI-ASC950-DIE-MXFP8-PHYSICAL-ACCUM-H6","审计/子代理交接/m2_staging/M2-W3-HUAWEI-ASCEND950-PHYSICAL/structured/search-results.csv","64402aab5d564822cd65b94018b1784250a38b824e1cda0625cca2b90b3727ba","48932","draft","reviewed","","","","d8a265daa1ccc3c7bf9068b75df37aeefa04195171b0f4ded72ba27acc467026","d8a265daa1ccc3c7bf9068b75df37aeefa04195171b0f4ded72ba27acc467026","64e19f06149003db6e4659ad48d385638ad93641a7f381db847576b0ccf75ebd","92aec74a85406ffa96c826348ffe298dba702639ecdf956160bf655db48cc40f","77301"
"BUNDLE-ASCEND950-ASC950-SIGN-0344","ASCEND950","3","ASC950-SIGN-0344","最小参考资料库/search-results.csv","search_result_id","SRESULT-M2W3-HUAWEI-ASC950-DIE-MXFP8-PHYSICAL-ACCUM-H7","审计/子代理交接/m2_staging/M2-W3-HUAWEI-ASCEND950-PHYSICAL/structured/search-results.csv","64402aab5d564822cd65b94018b1784250a38b824e1cda0625cca2b90b3727ba","48932","draft","reviewed","","","","7062eb4882d2b46978c6c9ac09011ff999f6fa3dccdfca4eecfe59cde4dbde04","7062eb4882d2b46978c6c9ac09011ff999f6fa3dccdfca4eecfe59cde4dbde04","915adfea8bafe7dd336e22343fdca001942f2fddee08e919277bece0274e621b","92aec74a85406ffa96c826348ffe298dba702639ecdf956160bf655db48cc40f","77301"
"BUNDLE-ASCEND950-ASC950-SIGN-0345","ASCEND950","3","ASC950-SIGN-0345","最小参考资料库/search-results.csv","search_result_id","SRESULT-M2W3-HUAWEI-ASC950-DIE-MXFP8-PHYSICAL-ACCUM-H12","审计/子代理交接/m2_staging/M2-W3-HUAWEI-ASCEND950-PHYSICAL/structured/search-results.csv","64402aab5d564822cd65b94018b1784250a38b824e1cda0625cca2b90b3727ba","48932","draft","reviewed","","","","4cf90609520e1b513dcbb16eb676a741188d7bf488e1341c8495adba0c7cafeb","4cf90609520e1b513dcbb16eb676a741188d7bf488e1341c8495adba0c7cafeb","d04af144ee72f1d291af31658626524f41895fd01f93eaa7c0e806b63a48bdb6","92aec74a85406ffa96c826348ffe298dba702639ecdf956160bf655db48cc40f","77301"
"BUNDLE-ASCEND950-ASC950-SIGN-0346","ASCEND950","3","ASC950-SIGN-0346","最小参考资料库/search-results.csv","search_result_id","SRESULT-M2W3-HUAWEI-ASC950-DIE-HIF8-ACCUM-H2","审计/子代理交接/m2_staging/M2-W3-HUAWEI-ASCEND950-PHYSICAL/structured/search-results.csv","64402aab5d564822cd65b94018b1784250a38b824e1cda0625cca2b90b3727ba","48932","draft","reviewed","","","","a6ab91a862c46edbc174ab454bc7dc03e15c5f4927546a505874a411735950ad","a6ab91a862c46edbc174ab454bc7dc03e15c5f4927546a505874a411735950ad","3a028011032ead7e7e39b1d452d4e7e6821190e287a26893ae9eb23727b2e52a","92aec74a85406ffa96c826348ffe298dba702639ecdf956160bf655db48cc40f","77301"
"BUNDLE-ASCEND950-ASC950-SIGN-0347","ASCEND950","3","ASC950-SIGN-0347","最小参考资料库/search-results.csv","search_result_id","SRESULT-M2W3-HUAWEI-ASC950-DIE-HIF8-ACCUM-H6","审计/子代理交接/m2_staging/M2-W3-HUAWEI-ASCEND950-PHYSICAL/structured/search-results.csv","64402aab5d564822cd65b94018b1784250a38b824e1cda0625cca2b90b3727ba","48932","draft","reviewed","","","","732a3ef1f08a1d50c50400ef7c4d5c1069a9e3627fc541d723d2a76e8b9e7e3f","732a3ef1f08a1d50c50400ef7c4d5c1069a9e3627fc541d723d2a76e8b9e7e3f","54e3a25155198862e81a2b353a17cc2bb0cca76f62f0499b896bafd47e889fdc","92aec74a85406ffa96c826348ffe298dba702639ecdf956160bf655db48cc40f","77301"
"BUNDLE-ASCEND950-ASC950-SIGN-0348","ASCEND950","3","ASC950-SIGN-0348","最小参考资料库/search-results.csv","search_result_id","SRESULT-M2W3-HUAWEI-ASC950-DIE-HIF8-ACCUM-H7","审计/子代理交接/m2_staging/M2-W3-HUAWEI-ASCEND950-PHYSICAL/structured/search-results.csv","64402aab5d564822cd65b94018b1784250a38b824e1cda0625cca2b90b3727ba","48932","draft","reviewed","","","","26c8b2bbfa08cee19a3f1bc3304b8f14aa4f0d3d0680b00399047a5c264dd5ab","26c8b2bbfa08cee19a3f1bc3304b8f14aa4f0d3d0680b00399047a5c264dd5ab","443b862a17eb0a0022250a4dec320016972ada7eca81ae56e6e8da42fcf2c2d8","92aec74a85406ffa96c826348ffe298dba702639ecdf956160bf655db48cc40f","77301"
"BUNDLE-ASCEND950-ASC950-SIGN-0349","ASCEND950","3","ASC950-SIGN-0349","最小参考资料库/search-results.csv","search_result_id","SRESULT-M2W3-HUAWEI-ASC950-DIE-HIF8-ACCUM-H12","审计/子代理交接/m2_staging/M2-W3-HUAWEI-ASCEND950-PHYSICAL/structured/search-results.csv","64402aab5d564822cd65b94018b1784250a38b824e1cda0625cca2b90b3727ba","48932","draft","reviewed","","","","f88d720537a541f7c4e30082bef2730b9f4d897e4f2e3d2f36773269103527a5","f88d720537a541f7c4e30082bef2730b9f4d897e4f2e3d2f36773269103527a5","87d479990793453ba2d8502f4d36f60d939a68fe131035884f830bfe3b3237e2","92aec74a85406ffa96c826348ffe298dba702639ecdf956160bf655db48cc40f","77301"
"BUNDLE-ASCEND950-ASC950-SIGN-0350","ASCEND950","3","ASC950-SIGN-0350","最小参考资料库/search-results.csv","search_result_id","SRESULT-M2W3-HUAWEI-ASC950-DIE-HIF8-PHYSICAL-ACCUM-H2","审计/子代理交接/m2_staging/M2-W3-HUAWEI-ASCEND950-PHYSICAL/structured/search-results.csv","64402aab5d564822cd65b94018b1784250a38b824e1cda0625cca2b90b3727ba","48932","draft","reviewed","","","","b48c988348a8c7e1969ae9005c373ba10b06c980aeeb33979ff21fd00e13892b","b48c988348a8c7e1969ae9005c373ba10b06c980aeeb33979ff21fd00e13892b","f9345bd771dae42c3bb2772f8d12d23a6656c3ffbbfb68951d7f232fd7a1b1c6","92aec74a85406ffa96c826348ffe298dba702639ecdf956160bf655db48cc40f","77301"
"BUNDLE-ASCEND950-ASC950-SIGN-0351","ASCEND950","3","ASC950-SIGN-0351","最小参考资料库/search-results.csv","search_result_id","SRESULT-M2W3-HUAWEI-ASC950-DIE-HIF8-PHYSICAL-ACCUM-H6","审计/子代理交接/m2_staging/M2-W3-HUAWEI-ASCEND950-PHYSICAL/structured/search-results.csv","64402aab5d564822cd65b94018b1784250a38b824e1cda0625cca2b90b3727ba","48932","draft","reviewed","","","","8f041a6661c3c6a920359cb60f0be4f27126e8e7796379c9c403314745bfac6f","8f041a6661c3c6a920359cb60f0be4f27126e8e7796379c9c403314745bfac6f","f218a8640c9705e685d9ae93d0622ac4d4307174db50549ae9ce31240b734137","92aec74a85406ffa96c826348ffe298dba702639ecdf956160bf655db48cc40f","77301"
"BUNDLE-ASCEND950-ASC950-SIGN-0352","ASCEND950","3","ASC950-SIGN-0352","最小参考资料库/search-results.csv","search_result_id","SRESULT-M2W3-HUAWEI-ASC950-DIE-HIF8-PHYSICAL-ACCUM-H7","审计/子代理交接/m2_staging/M2-W3-HUAWEI-ASCEND950-PHYSICAL/structured/search-results.csv","64402aab5d564822cd65b94018b1784250a38b824e1cda0625cca2b90b3727ba","48932","draft","reviewed","","","","8eba7610234a9e71b16a469b1a5f3ada77916b623f6994e06e211464148951d3","8eba7610234a9e71b16a469b1a5f3ada77916b623f6994e06e211464148951d3","98f9851d8148c44ed35aca2fa1e075a7211f49f13a8e57cbe14628ebd8549d3f","92aec74a85406ffa96c826348ffe298dba702639ecdf956160bf655db48cc40f","77301"
"BUNDLE-ASCEND950-ASC950-SIGN-0353","ASCEND950","3","ASC950-SIGN-0353","最小参考资料库/search-results.csv","search_result_id","SRESULT-M2W3-HUAWEI-ASC950-DIE-HIF8-PHYSICAL-ACCUM-H12","审计/子代理交接/m2_staging/M2-W3-HUAWEI-ASCEND950-PHYSICAL/structured/search-results.csv","64402aab5d564822cd65b94018b1784250a38b824e1cda0625cca2b90b3727ba","48932","draft","reviewed","","","","1868882497ad79fdfeade7e4f0955322db62646b131a62bfe936f10c86af4c6f","1868882497ad79fdfeade7e4f0955322db62646b131a62bfe936f10c86af4c6f","e4be1b386af2f16ae368e7b4344dab0289cba89162d4146e69b36c5e0a5a14d6","92aec74a85406ffa96c826348ffe298dba702639ecdf956160bf655db48cc40f","77301"
"BUNDLE-ASCEND950-ASC950-SIGN-0354","ASCEND950","3","ASC950-SIGN-0354","最小参考资料库/search-results.csv","search_result_id","SRESULT-M2W3-HUAWEI-ASC950-DIE-MXFP4-ACCUM-H2","审计/子代理交接/m2_staging/M2-W3-HUAWEI-ASCEND950-PHYSICAL/structured/search-results.csv","64402aab5d564822cd65b94018b1784250a38b824e1cda0625cca2b90b3727ba","48932","draft","reviewed","","","","5f4d6fc3d8f268fc2e5506d84b42d4d233d28160e43fcf95beac6fbc119f3bc8","5f4d6fc3d8f268fc2e5506d84b42d4d233d28160e43fcf95beac6fbc119f3bc8","88bd9bca05ef479b2833583eb0e973440abd84adb6d5b3cd5e35e4a101cc03be","92aec74a85406ffa96c826348ffe298dba702639ecdf956160bf655db48cc40f","77301"
"BUNDLE-ASCEND950-ASC950-SIGN-0355","ASCEND950","3","ASC950-SIGN-0355","最小参考资料库/search-results.csv","search_result_id","SRESULT-M2W3-HUAWEI-ASC950-DIE-MXFP4-ACCUM-H6","审计/子代理交接/m2_staging/M2-W3-HUAWEI-ASCEND950-PHYSICAL/structured/search-results.csv","64402aab5d564822cd65b94018b1784250a38b824e1cda0625cca2b90b3727ba","48932","draft","reviewed","","","","1ab6a1f31e74a7c2f45445605b35b4f11aa050e2908ca6bca53b7099bb01830d","1ab6a1f31e74a7c2f45445605b35b4f11aa050e2908ca6bca53b7099bb01830d","87ab3932f8a5e3f302844b882f08f38ac1d5ddacc7057102ab009df1f5a8b775","92aec74a85406ffa96c826348ffe298dba702639ecdf956160bf655db48cc40f","77301"
"BUNDLE-ASCEND950-ASC950-SIGN-0356","ASCEND950","3","ASC950-SIGN-0356","最小参考资料库/search-results.csv","search_result_id","SRESULT-M2W3-HUAWEI-ASC950-DIE-MXFP4-ACCUM-H7","审计/子代理交接/m2_staging/M2-W3-HUAWEI-ASCEND950-PHYSICAL/structured/search-results.csv","64402aab5d564822cd65b94018b1784250a38b824e1cda0625cca2b90b3727ba","48932","draft","reviewed","","","","887978fed78f5b6bb62bcd7ea1add0ad408c5b060679513e4116ab8cc6f86afc","887978fed78f5b6bb62bcd7ea1add0ad408c5b060679513e4116ab8cc6f86afc","8bbab23dce33abd333451a09280e28d98ab4745121d81b0b5b6e26fd20e2a31d","92aec74a85406ffa96c826348ffe298dba702639ecdf956160bf655db48cc40f","77301"
"BUNDLE-ASCEND950-ASC950-SIGN-0357","ASCEND950","3","ASC950-SIGN-0357","最小参考资料库/search-results.csv","search_result_id","SRESULT-M2W3-HUAWEI-ASC950-DIE-MXFP4-ACCUM-H12","审计/子代理交接/m2_staging/M2-W3-HUAWEI-ASCEND950-PHYSICAL/structured/search-results.csv","64402aab5d564822cd65b94018b1784250a38b824e1cda0625cca2b90b3727ba","48932","draft","reviewed","","","","99416c5f28673baefc06e9c58e266fd05771d1278cfb567f0c1a4de68e3faf72","99416c5f28673baefc06e9c58e266fd05771d1278cfb567f0c1a4de68e3faf72","de265fed22ca064ad46f1c53b6f8cbf59b93b2c2aa059c73101a902186320952","92aec74a85406ffa96c826348ffe298dba702639ecdf956160bf655db48cc40f","77301"
"BUNDLE-ASCEND950-ASC950-SIGN-0358","ASCEND950","3","ASC950-SIGN-0358","最小参考资料库/search-results.csv","search_result_id","SRESULT-M2W3-HUAWEI-ASC950-DIE-MXFP4-PHYSICAL-ACCUM-H2","审计/子代理交接/m2_staging/M2-W3-HUAWEI-ASCEND950-PHYSICAL/structured/search-results.csv","64402aab5d564822cd65b94018b1784250a38b824e1cda0625cca2b90b3727ba","48932","draft","reviewed","","","","cdee6572afdadb891b96abb1a7c21b5fd18afe7ce9d12fb007b052c1b750ca15","cdee6572afdadb891b96abb1a7c21b5fd18afe7ce9d12fb007b052c1b750ca15","d518473961993294a6f0c5e363257b746c560c17ed24ef73c1ac1482d48f24d8","92aec74a85406ffa96c826348ffe298dba702639ecdf956160bf655db48cc40f","77301"
"BUNDLE-ASCEND950-ASC950-SIGN-0359","ASCEND950","3","ASC950-SIGN-0359","最小参考资料库/search-results.csv","search_result_id","SRESULT-M2W3-HUAWEI-ASC950-DIE-MXFP4-PHYSICAL-ACCUM-H6","审计/子代理交接/m2_staging/M2-W3-HUAWEI-ASCEND950-PHYSICAL/structured/search-results.csv","64402aab5d564822cd65b94018b1784250a38b824e1cda0625cca2b90b3727ba","48932","draft","reviewed","","","","8130813d4bc363feca0af89d5a5d70ec94b95490d4d0d368dbcfe0bf98889a10","8130813d4bc363feca0af89d5a5d70ec94b95490d4d0d368dbcfe0bf98889a10","29d1f8824a115ada36738a666f66742a0226ef9aa542a2a2f86235155e8fb79d","92aec74a85406ffa96c826348ffe298dba702639ecdf956160bf655db48cc40f","77301"
"BUNDLE-ASCEND950-ASC950-SIGN-0360","ASCEND950","3","ASC950-SIGN-0360","最小参考资料库/search-results.csv","search_result_id","SRESULT-M2W3-HUAWEI-ASC950-DIE-MXFP4-PHYSICAL-ACCUM-H7","审计/子代理交接/m2_staging/M2-W3-HUAWEI-ASCEND950-PHYSICAL/structured/search-results.csv","64402aab5d564822cd65b94018b1784250a38b824e1cda0625cca2b90b3727ba","48932","draft","reviewed","","","","ca27e2c11336f1d4b504fef7e4612f83a3a209d000d3d7c49840644c8dd8179d","ca27e2c11336f1d4b504fef7e4612f83a3a209d000d3d7c49840644c8dd8179d","a3e100e31349819e9c7613ff254085d3c353ed04ca5efd1fb5a53c17d4897d6b","92aec74a85406ffa96c826348ffe298dba702639ecdf956160bf655db48cc40f","77301"
"BUNDLE-ASCEND950-ASC950-SIGN-0361","ASCEND950","3","ASC950-SIGN-0361","最小参考资料库/search-results.csv","search_result_id","SRESULT-M2W3-HUAWEI-ASC950-DIE-MXFP4-PHYSICAL-ACCUM-H12","审计/子代理交接/m2_staging/M2-W3-HUAWEI-ASCEND950-PHYSICAL/structured/search-results.csv","64402aab5d564822cd65b94018b1784250a38b824e1cda0625cca2b90b3727ba","48932","draft","reviewed","","","","711a74662b6b0f52bd332d073bf7bd53040de1e2fb7df4029f8d219022a4bde2","711a74662b6b0f52bd332d073bf7bd53040de1e2fb7df4029f8d219022a4bde2","813efc9d1ba4362a38131b8021f348260526dcbfb5a51824a5ba070ee4e77574","92aec74a85406ffa96c826348ffe298dba702639ecdf956160bf655db48cc40f","77301"
"BUNDLE-ASCEND950-ASC950-SIGN-0362","ASCEND950","3","ASC950-SIGN-0362","最小参考资料库/search-results.csv","search_result_id","SRESULT-M2W3-HUAWEI-ASC950-DIE-MEMORY-NAME-H2","审计/子代理交接/m2_staging/M2-W3-HUAWEI-ASCEND950-PHYSICAL/structured/search-results.csv","64402aab5d564822cd65b94018b1784250a38b824e1cda0625cca2b90b3727ba","48932","draft","reviewed","","","","d859d19926f1fbeaba07e0046dc748f7c2f93c512f69d11bc55785a92c5f5697","d859d19926f1fbeaba07e0046dc748f7c2f93c512f69d11bc55785a92c5f5697","78146b18a24f9c3a1b42ec8cb703c5d4baac74a89b48ea3f88136aa24547a935","92aec74a85406ffa96c826348ffe298dba702639ecdf956160bf655db48cc40f","77301"
"BUNDLE-ASCEND950-ASC950-SIGN-0363","ASCEND950","3","ASC950-SIGN-0363","最小参考资料库/search-results.csv","search_result_id","SRESULT-M2W3-HUAWEI-ASC950-DIE-MEMORY-NAME-H6","审计/子代理交接/m2_staging/M2-W3-HUAWEI-ASCEND950-PHYSICAL/structured/search-results.csv","64402aab5d564822cd65b94018b1784250a38b824e1cda0625cca2b90b3727ba","48932","draft","reviewed","","","","d2c89e0ef850c6dab3294b3883215cc689afdd563887462e41a470ca30996461","d2c89e0ef850c6dab3294b3883215cc689afdd563887462e41a470ca30996461","1ef82ff7ed4e05f9279296090a0ea6d112e93ebda867e0f4dfaa76d7d86b00bb","92aec74a85406ffa96c826348ffe298dba702639ecdf956160bf655db48cc40f","77301"
"BUNDLE-ASCEND950-ASC950-SIGN-0364","ASCEND950","3","ASC950-SIGN-0364","最小参考资料库/search-results.csv","search_result_id","SRESULT-M2W3-HUAWEI-ASC950-DIE-MEMORY-NAME-H7","审计/子代理交接/m2_staging/M2-W3-HUAWEI-ASCEND950-PHYSICAL/structured/search-results.csv","64402aab5d564822cd65b94018b1784250a38b824e1cda0625cca2b90b3727ba","48932","draft","reviewed","","","","711f6928239c0e4b0f10fa6187c1fda406b0293b91af33ff421b2a15183625e7","711f6928239c0e4b0f10fa6187c1fda406b0293b91af33ff421b2a15183625e7","736f410e3219c1a5d69f11ef4a31ee9adde97dda35c020b4941ccedd71d581ff","92aec74a85406ffa96c826348ffe298dba702639ecdf956160bf655db48cc40f","77301"
"BUNDLE-ASCEND950-ASC950-SIGN-0365","ASCEND950","3","ASC950-SIGN-0365","最小参考资料库/search-results.csv","search_result_id","SRESULT-M2W3-HUAWEI-ASC950-DIE-MEMORY-NAME-H12","审计/子代理交接/m2_staging/M2-W3-HUAWEI-ASCEND950-PHYSICAL/structured/search-results.csv","64402aab5d564822cd65b94018b1784250a38b824e1cda0625cca2b90b3727ba","48932","draft","reviewed","","","","3e0af6327e1d785ed1419a71ff4df56f6e986b73860e5f4632e8098f8fff220c","3e0af6327e1d785ed1419a71ff4df56f6e986b73860e5f4632e8098f8fff220c","23dfe1598635506873c1ef46e134df52bed3fbf6da389c1c73c685af2527423b","92aec74a85406ffa96c826348ffe298dba702639ecdf956160bf655db48cc40f","77301"
"BUNDLE-ASCEND950-ASC950-SIGN-0366","ASCEND950","3","ASC950-SIGN-0366","最小参考资料库/search-results.csv","search_result_id","SRESULT-M2W3-HUAWEI-ASC950-DIE-MEMORY-CAPACITY-H2","审计/子代理交接/m2_staging/M2-W3-HUAWEI-ASCEND950-PHYSICAL/structured/search-results.csv","64402aab5d564822cd65b94018b1784250a38b824e1cda0625cca2b90b3727ba","48932","draft","reviewed","","","","3972e00f5e77d5d3e0aed7e96a9af3b32d87ccdd3c024699a18f16fe7b4fa573","3972e00f5e77d5d3e0aed7e96a9af3b32d87ccdd3c024699a18f16fe7b4fa573","843a31be24d20841043af4176dc7314f29183e2062ec2f2e776a5c00cd703483","92aec74a85406ffa96c826348ffe298dba702639ecdf956160bf655db48cc40f","77301"
"BUNDLE-ASCEND950-ASC950-SIGN-0367","ASCEND950","3","ASC950-SIGN-0367","最小参考资料库/search-results.csv","search_result_id","SRESULT-M2W3-HUAWEI-ASC950-DIE-MEMORY-CAPACITY-H6","审计/子代理交接/m2_staging/M2-W3-HUAWEI-ASCEND950-PHYSICAL/structured/search-results.csv","64402aab5d564822cd65b94018b1784250a38b824e1cda0625cca2b90b3727ba","48932","draft","reviewed","","","","2ca0ebd778972fa03269822210701c3004ce18a3ee03012e96e77f368f77b0f8","2ca0ebd778972fa03269822210701c3004ce18a3ee03012e96e77f368f77b0f8","9438466a1f53aa28016c0a32ec7e45cc07ae33a8f8ae0f1b4d9391ce3639aa3d","92aec74a85406ffa96c826348ffe298dba702639ecdf956160bf655db48cc40f","77301"
"BUNDLE-ASCEND950-ASC950-SIGN-0368","ASCEND950","3","ASC950-SIGN-0368","最小参考资料库/search-results.csv","search_result_id","SRESULT-M2W3-HUAWEI-ASC950-DIE-MEMORY-CAPACITY-H7","审计/子代理交接/m2_staging/M2-W3-HUAWEI-ASCEND950-PHYSICAL/structured/search-results.csv","64402aab5d564822cd65b94018b1784250a38b824e1cda0625cca2b90b3727ba","48932","draft","reviewed","","","","4001f8c294c6262f91c5764d2b707c57405f29d2b2411f61e133c4dc70be0b2a","4001f8c294c6262f91c5764d2b707c57405f29d2b2411f61e133c4dc70be0b2a","e4e2cd75b9491af19adea0b4de4da247827d0f2d751a0fb3d0429dc4b9e84cf0","92aec74a85406ffa96c826348ffe298dba702639ecdf956160bf655db48cc40f","77301"
"BUNDLE-ASCEND950-ASC950-SIGN-0369","ASCEND950","3","ASC950-SIGN-0369","最小参考资料库/search-results.csv","search_result_id","SRESULT-M2W3-HUAWEI-ASC950-DIE-MEMORY-CAPACITY-H12","审计/子代理交接/m2_staging/M2-W3-HUAWEI-ASCEND950-PHYSICAL/structured/search-results.csv","64402aab5d564822cd65b94018b1784250a38b824e1cda0625cca2b90b3727ba","48932","draft","reviewed","","","","9806595a0df78d8f616bc20508055c17cf972e7f4ddd617446a2fce8f396323c","9806595a0df78d8f616bc20508055c17cf972e7f4ddd617446a2fce8f396323c","04f77eec9fdefc4b97b2e55ee59a16677600421e826fed2d74ef088dcd6284c6","92aec74a85406ffa96c826348ffe298dba702639ecdf956160bf655db48cc40f","77301"
"BUNDLE-ASCEND950-ASC950-SIGN-0370","ASCEND950","3","ASC950-SIGN-0370","最小参考资料库/search-results.csv","search_result_id","SRESULT-M2W3-HUAWEI-ASC950-DIE-MEMORY-BW-H2","审计/子代理交接/m2_staging/M2-W3-HUAWEI-ASCEND950-PHYSICAL/structured/search-results.csv","64402aab5d564822cd65b94018b1784250a38b824e1cda0625cca2b90b3727ba","48932","draft","reviewed","","","","40613e9275490044547cd5b9744c51c516d0b231b4574c20fe262773a5d601c4","40613e9275490044547cd5b9744c51c516d0b231b4574c20fe262773a5d601c4","1f8ded0f80eb0faa4566d601109709ed66672da4cf2f447f0bd360066ab5417d","92aec74a85406ffa96c826348ffe298dba702639ecdf956160bf655db48cc40f","77301"
"BUNDLE-ASCEND950-ASC950-SIGN-0371","ASCEND950","3","ASC950-SIGN-0371","最小参考资料库/search-results.csv","search_result_id","SRESULT-M2W3-HUAWEI-ASC950-DIE-MEMORY-BW-H6","审计/子代理交接/m2_staging/M2-W3-HUAWEI-ASCEND950-PHYSICAL/structured/search-results.csv","64402aab5d564822cd65b94018b1784250a38b824e1cda0625cca2b90b3727ba","48932","draft","reviewed","","","","3d51ba6302678dcc8ffde7f91fba77f312cc9fa6d6a76558d96ab735f93fe31c","3d51ba6302678dcc8ffde7f91fba77f312cc9fa6d6a76558d96ab735f93fe31c","02d86908541676ad8ed69d913cb1bd0c131f076a3859534d3505217fcc96e03c","92aec74a85406ffa96c826348ffe298dba702639ecdf956160bf655db48cc40f","77301"
"BUNDLE-ASCEND950-ASC950-SIGN-0372","ASCEND950","3","ASC950-SIGN-0372","最小参考资料库/search-results.csv","search_result_id","SRESULT-M2W3-HUAWEI-ASC950-DIE-MEMORY-BW-H7","审计/子代理交接/m2_staging/M2-W3-HUAWEI-ASCEND950-PHYSICAL/structured/search-results.csv","64402aab5d564822cd65b94018b1784250a38b824e1cda0625cca2b90b3727ba","48932","draft","reviewed","","","","0ef41c1a885de911302ffe95b12c831f3bc6eab136679a04096c58e5d3f51710","0ef41c1a885de911302ffe95b12c831f3bc6eab136679a04096c58e5d3f51710","39feda5389f9a2c5e45adf200f5ee6674898e28808a7ddb7bfc9dc8dd0b3f8b3","92aec74a85406ffa96c826348ffe298dba702639ecdf956160bf655db48cc40f","77301"
"BUNDLE-ASCEND950-ASC950-SIGN-0373","ASCEND950","3","ASC950-SIGN-0373","最小参考资料库/search-results.csv","search_result_id","SRESULT-M2W3-HUAWEI-ASC950-DIE-MEMORY-BW-H12","审计/子代理交接/m2_staging/M2-W3-HUAWEI-ASCEND950-PHYSICAL/structured/search-results.csv","64402aab5d564822cd65b94018b1784250a38b824e1cda0625cca2b90b3727ba","48932","draft","reviewed","","","","18199cb9a81dfc787bb84fa9d63561b5ed582d4f6dd0276a4a0869c5cd480651","18199cb9a81dfc787bb84fa9d63561b5ed582d4f6dd0276a4a0869c5cd480651","78db5bb103a93347e1dfc55452bcda11fee984b5fab374583c2d5df90f9fcedc","92aec74a85406ffa96c826348ffe298dba702639ecdf956160bf655db48cc40f","77301"
"BUNDLE-ASCEND950-ASC950-SIGN-0374","ASCEND950","3","ASC950-SIGN-0374","最小参考资料库/search-results.csv","search_result_id","SRESULT-M2W3-HUAWEI-ASC950-DIE-LINK-RATE-H2","审计/子代理交接/m2_staging/M2-W3-HUAWEI-ASCEND950-PHYSICAL/structured/search-results.csv","64402aab5d564822cd65b94018b1784250a38b824e1cda0625cca2b90b3727ba","48932","draft","reviewed","","","","7dba7261631fc1dd60f32673d66f159c90f9fde0aafa1f6eb10fd7dc1632fc86","7dba7261631fc1dd60f32673d66f159c90f9fde0aafa1f6eb10fd7dc1632fc86","82cfb80a73890812f682ef5c301c41ba023908a09b3579580e9c348bb2d6abc7","92aec74a85406ffa96c826348ffe298dba702639ecdf956160bf655db48cc40f","77301"
"BUNDLE-ASCEND950-ASC950-SIGN-0375","ASCEND950","3","ASC950-SIGN-0375","最小参考资料库/search-results.csv","search_result_id","SRESULT-M2W3-HUAWEI-ASC950-DIE-LINK-RATE-H6","审计/子代理交接/m2_staging/M2-W3-HUAWEI-ASCEND950-PHYSICAL/structured/search-results.csv","64402aab5d564822cd65b94018b1784250a38b824e1cda0625cca2b90b3727ba","48932","draft","reviewed","","","","a7d4464a3034cc33d2627195b84838e241b49fe1125e891396216dd861fa9227","a7d4464a3034cc33d2627195b84838e241b49fe1125e891396216dd861fa9227","6096c520e367007df3bf3dd130e215527ec24cf8f1d25571892068f773d370dc","92aec74a85406ffa96c826348ffe298dba702639ecdf956160bf655db48cc40f","77301"
"BUNDLE-ASCEND950-ASC950-SIGN-0376","ASCEND950","3","ASC950-SIGN-0376","最小参考资料库/search-results.csv","search_result_id","SRESULT-M2W3-HUAWEI-ASC950-DIE-LINK-RATE-H7","审计/子代理交接/m2_staging/M2-W3-HUAWEI-ASCEND950-PHYSICAL/structured/search-results.csv","64402aab5d564822cd65b94018b1784250a38b824e1cda0625cca2b90b3727ba","48932","draft","reviewed","","","","07e575aae1ab29815b1f14c351446f826ee0fe6bd9b7ef7d76034cc31f0d6224","07e575aae1ab29815b1f14c351446f826ee0fe6bd9b7ef7d76034cc31f0d6224","9b5dde751a7da2739c455e7ae7356750cec4873af3f2634201ae349b7603928f","92aec74a85406ffa96c826348ffe298dba702639ecdf956160bf655db48cc40f","77301"
"BUNDLE-ASCEND950-ASC950-SIGN-0377","ASCEND950","3","ASC950-SIGN-0377","最小参考资料库/search-results.csv","search_result_id","SRESULT-M2W3-HUAWEI-ASC950-DIE-LINK-RATE-H12","审计/子代理交接/m2_staging/M2-W3-HUAWEI-ASCEND950-PHYSICAL/structured/search-results.csv","64402aab5d564822cd65b94018b1784250a38b824e1cda0625cca2b90b3727ba","48932","draft","reviewed","","","","75a6dd282cc274c93c2c9a4c5c76ed16d80f6d19042aec78ce5fa99656cb1626","75a6dd282cc274c93c2c9a4c5c76ed16d80f6d19042aec78ce5fa99656cb1626","ec425305f6ae378d9ec9a359594388f6d0417917490afa346a4622998e8e2d58","92aec74a85406ffa96c826348ffe298dba702639ecdf956160bf655db48cc40f","77301"
"BUNDLE-ASCEND950-ASC950-SIGN-0378","ASCEND950","3","ASC950-SIGN-0378","最小参考资料库/search-results.csv","search_result_id","SRESULT-M2W3-HUAWEI-ASC950-DIE-LINK-COUNT-H2","审计/子代理交接/m2_staging/M2-W3-HUAWEI-ASCEND950-PHYSICAL/structured/search-results.csv","64402aab5d564822cd65b94018b1784250a38b824e1cda0625cca2b90b3727ba","48932","draft","reviewed","","","","9535adfb28155228801410b715599298cd49d42d561b564b5a767950d9f7d6f4","9535adfb28155228801410b715599298cd49d42d561b564b5a767950d9f7d6f4","898d64d04b3d1de9910052bfd3ae503f283a03d6372aebf8b03634410900bb3c","92aec74a85406ffa96c826348ffe298dba702639ecdf956160bf655db48cc40f","77301"
"BUNDLE-ASCEND950-ASC950-SIGN-0379","ASCEND950","3","ASC950-SIGN-0379","最小参考资料库/search-results.csv","search_result_id","SRESULT-M2W3-HUAWEI-ASC950-DIE-LINK-COUNT-H6","审计/子代理交接/m2_staging/M2-W3-HUAWEI-ASCEND950-PHYSICAL/structured/search-results.csv","64402aab5d564822cd65b94018b1784250a38b824e1cda0625cca2b90b3727ba","48932","draft","reviewed","","","","ada8cf3fae6943cf9d6795a94c6b710a8c952d2e5bad903d1e5981c4df2faa2a","ada8cf3fae6943cf9d6795a94c6b710a8c952d2e5bad903d1e5981c4df2faa2a","d663d1e0319ffd6b14369eecb50cb420db11f951784a1aff0ceae8fb381d5767","92aec74a85406ffa96c826348ffe298dba702639ecdf956160bf655db48cc40f","77301"
"BUNDLE-ASCEND950-ASC950-SIGN-0380","ASCEND950","3","ASC950-SIGN-0380","最小参考资料库/search-results.csv","search_result_id","SRESULT-M2W3-HUAWEI-ASC950-DIE-LINK-COUNT-H7","审计/子代理交接/m2_staging/M2-W3-HUAWEI-ASCEND950-PHYSICAL/structured/search-results.csv","64402aab5d564822cd65b94018b1784250a38b824e1cda0625cca2b90b3727ba","48932","draft","reviewed","","","","6ae98f93d602cdecab2e5efa4d35e03bdd40d3205ba530994d1155369b32956d","6ae98f93d602cdecab2e5efa4d35e03bdd40d3205ba530994d1155369b32956d","4dc062b69302210add79e11c69051f0fe3e60f6dd067062586a5bdd893980d92","92aec74a85406ffa96c826348ffe298dba702639ecdf956160bf655db48cc40f","77301"
"BUNDLE-ASCEND950-ASC950-SIGN-0381","ASCEND950","3","ASC950-SIGN-0381","最小参考资料库/search-results.csv","search_result_id","SRESULT-M2W3-HUAWEI-ASC950-DIE-LINK-COUNT-H12","审计/子代理交接/m2_staging/M2-W3-HUAWEI-ASCEND950-PHYSICAL/structured/search-results.csv","64402aab5d564822cd65b94018b1784250a38b824e1cda0625cca2b90b3727ba","48932","draft","reviewed","","","","d6f85d65d908a103b7cfc2f657ff800144a435d35725096fd6d771c3a04f6b76","d6f85d65d908a103b7cfc2f657ff800144a435d35725096fd6d771c3a04f6b76","0b5da187e0e877aedbce6248de11a1c20883fff48a123620942d4f2e4be0416a","92aec74a85406ffa96c826348ffe298dba702639ecdf956160bf655db48cc40f","77301"
"BUNDLE-ASCEND950-ASC950-SIGN-0382","ASCEND950","3","ASC950-SIGN-0382","最小参考资料库/search-results.csv","search_result_id","SRESULT-M2W3-HUAWEI-ASC950-DIE-SPECIAL-DETAIL-H2","审计/子代理交接/m2_staging/M2-W3-HUAWEI-ASCEND950-PHYSICAL/structured/search-results.csv","64402aab5d564822cd65b94018b1784250a38b824e1cda0625cca2b90b3727ba","48932","draft","reviewed","","","","ee89d2687897a49552d9e1bcf435089c0bb71e085344ca6515b8a56f932cac0d","ee89d2687897a49552d9e1bcf435089c0bb71e085344ca6515b8a56f932cac0d","475868ba2f1a24f2a6a72783c3857b00de39335bea4441426ba5ee097e152951","92aec74a85406ffa96c826348ffe298dba702639ecdf956160bf655db48cc40f","77301"
"BUNDLE-ASCEND950-ASC950-SIGN-0383","ASCEND950","3","ASC950-SIGN-0383","最小参考资料库/search-results.csv","search_result_id","SRESULT-M2W3-HUAWEI-ASC950-DIE-SPECIAL-DETAIL-H6","审计/子代理交接/m2_staging/M2-W3-HUAWEI-ASCEND950-PHYSICAL/structured/search-results.csv","64402aab5d564822cd65b94018b1784250a38b824e1cda0625cca2b90b3727ba","48932","draft","reviewed","","","","16be3b8d900afe5895f0ff5da7489f870c80201621fef4fd5f6d2aa3a17398dc","16be3b8d900afe5895f0ff5da7489f870c80201621fef4fd5f6d2aa3a17398dc","5e66f17fbb5334d7ee2fc6a6b6be1ff0b1f74cf4a98a5aabd4cb508a090812bd","92aec74a85406ffa96c826348ffe298dba702639ecdf956160bf655db48cc40f","77301"
"BUNDLE-ASCEND950-ASC950-SIGN-0384","ASCEND950","3","ASC950-SIGN-0384","最小参考资料库/search-results.csv","search_result_id","SRESULT-M2W3-HUAWEI-ASC950-DIE-SPECIAL-DETAIL-H7","审计/子代理交接/m2_staging/M2-W3-HUAWEI-ASCEND950-PHYSICAL/structured/search-results.csv","64402aab5d564822cd65b94018b1784250a38b824e1cda0625cca2b90b3727ba","48932","draft","reviewed","","","","67bdd57c285c0bfb2a79bf0031e5b1e5fd9f2a72c31e9ce1bb18d3bb640301c3","67bdd57c285c0bfb2a79bf0031e5b1e5fd9f2a72c31e9ce1bb18d3bb640301c3","e762b4be1001d530d6552a012d22600c4a85f63c89efacb31b10949e1c13dfe3","92aec74a85406ffa96c826348ffe298dba702639ecdf956160bf655db48cc40f","77301"
"BUNDLE-ASCEND950-ASC950-SIGN-0385","ASCEND950","3","ASC950-SIGN-0385","最小参考资料库/search-results.csv","search_result_id","SRESULT-M2W3-HUAWEI-ASC950-DIE-SPECIAL-DETAIL-H12","审计/子代理交接/m2_staging/M2-W3-HUAWEI-ASCEND950-PHYSICAL/structured/search-results.csv","64402aab5d564822cd65b94018b1784250a38b824e1cda0625cca2b90b3727ba","48932","draft","reviewed","","","","ead20b53d7d6276d34c67be00fba5d7877fe61e9c14dbf87dee9ea733c63c393","ead20b53d7d6276d34c67be00fba5d7877fe61e9c14dbf87dee9ea733c63c393","709646eb6855950add012283dd3441673224a2df32acad4a3b69b7cfa974d0bc","92aec74a85406ffa96c826348ffe298dba702639ecdf956160bf655db48cc40f","77301"
"BUNDLE-ASCEND950-ASC950-SIGN-0386","ASCEND950","3","ASC950-SIGN-0386","最小参考资料库/search-results.csv","search_result_id","SRESULT-M2W3-HUAWEI-ASC950-DIE-COMPILER-H2","审计/子代理交接/m2_staging/M2-W3-HUAWEI-ASCEND950-PHYSICAL/structured/search-results.csv","64402aab5d564822cd65b94018b1784250a38b824e1cda0625cca2b90b3727ba","48932","draft","reviewed","","","","205c900ec895d6ba8f2dc89dea5e4b3fbcbd70ae9463a0def32fbc9c1515d5f8","205c900ec895d6ba8f2dc89dea5e4b3fbcbd70ae9463a0def32fbc9c1515d5f8","6fc28f0bfcda8cf2040e8ff28a51228f3df1aeb6488778f9f0902be36604710f","92aec74a85406ffa96c826348ffe298dba702639ecdf956160bf655db48cc40f","77301"
"BUNDLE-ASCEND950-ASC950-SIGN-0387","ASCEND950","3","ASC950-SIGN-0387","最小参考资料库/search-results.csv","search_result_id","SRESULT-M2W3-HUAWEI-ASC950-DIE-COMPILER-H6","审计/子代理交接/m2_staging/M2-W3-HUAWEI-ASCEND950-PHYSICAL/structured/search-results.csv","64402aab5d564822cd65b94018b1784250a38b824e1cda0625cca2b90b3727ba","48932","draft","reviewed","","","","7a02aa3e73f480a307f6857eddc543e19db86e5c604dcc0c0e0f7cfe6bd6f4d3","7a02aa3e73f480a307f6857eddc543e19db86e5c604dcc0c0e0f7cfe6bd6f4d3","ef52d6444798721b50acd6f529bff3c0dfe6b4c1f83070bc8ba778066bd47c99","92aec74a85406ffa96c826348ffe298dba702639ecdf956160bf655db48cc40f","77301"
"BUNDLE-ASCEND950-ASC950-SIGN-0388","ASCEND950","3","ASC950-SIGN-0388","最小参考资料库/search-results.csv","search_result_id","SRESULT-M2W3-HUAWEI-ASC950-DIE-COMPILER-H7","审计/子代理交接/m2_staging/M2-W3-HUAWEI-ASCEND950-PHYSICAL/structured/search-results.csv","64402aab5d564822cd65b94018b1784250a38b824e1cda0625cca2b90b3727ba","48932","draft","reviewed","","","","98b59ab754bd8ab3e2913755acb69f44be931e27a695f6ad49cd1632ece0fda2","98b59ab754bd8ab3e2913755acb69f44be931e27a695f6ad49cd1632ece0fda2","666d7b2888426683c872a83cc2429d4e1529356023c1e019cd62cc02e503dc24","92aec74a85406ffa96c826348ffe298dba702639ecdf956160bf655db48cc40f","77301"
"BUNDLE-ASCEND950-ASC950-SIGN-0389","ASCEND950","3","ASC950-SIGN-0389","最小参考资料库/search-results.csv","search_result_id","SRESULT-M2W3-HUAWEI-ASC950-DIE-COMPILER-H12","审计/子代理交接/m2_staging/M2-W3-HUAWEI-ASCEND950-PHYSICAL/structured/search-results.csv","64402aab5d564822cd65b94018b1784250a38b824e1cda0625cca2b90b3727ba","48932","draft","reviewed","","","","0a25e0da08d75683955d40dd0f3a4df69b769f31da29f97f9caa7ec8c5b189a8","0a25e0da08d75683955d40dd0f3a4df69b769f31da29f97f9caa7ec8c5b189a8","72f1ce2d2d2e4bbf6e03339588f678b67f706ac9abefc1d660a7b936a5e30200","92aec74a85406ffa96c826348ffe298dba702639ecdf956160bf655db48cc40f","77301"
"BUNDLE-ASCEND950-ASC950-SIGN-0390","ASCEND950","3","ASC950-SIGN-0390","最小参考资料库/search-results.csv","search_result_id","SRESULT-M2W3-HUAWEI-ASC950-DIE-RUNTIME-H2","审计/子代理交接/m2_staging/M2-W3-HUAWEI-ASCEND950-PHYSICAL/structured/search-results.csv","64402aab5d564822cd65b94018b1784250a38b824e1cda0625cca2b90b3727ba","48932","draft","reviewed","","","","6935496ad44179274bb6ca1b9e851d2898abce30c60667e339161116d2bdece8","6935496ad44179274bb6ca1b9e851d2898abce30c60667e339161116d2bdece8","a275e1199925e10a429c43160945afbfa2e3bcddb91384386c023077e97a5d9d","92aec74a85406ffa96c826348ffe298dba702639ecdf956160bf655db48cc40f","77301"
"BUNDLE-ASCEND950-ASC950-SIGN-0391","ASCEND950","3","ASC950-SIGN-0391","最小参考资料库/search-results.csv","search_result_id","SRESULT-M2W3-HUAWEI-ASC950-DIE-RUNTIME-H6","审计/子代理交接/m2_staging/M2-W3-HUAWEI-ASCEND950-PHYSICAL/structured/search-results.csv","64402aab5d564822cd65b94018b1784250a38b824e1cda0625cca2b90b3727ba","48932","draft","reviewed","","","","da9d370c605a24ed6e413fe810241d6d36732d28eb137bcac64932fd71fa1869","da9d370c605a24ed6e413fe810241d6d36732d28eb137bcac64932fd71fa1869","4cc0cfac2c0007d777ccaab2ae25436a5e1cee2852394b3b573b30c3a0989f32","92aec74a85406ffa96c826348ffe298dba702639ecdf956160bf655db48cc40f","77301"
"BUNDLE-ASCEND950-ASC950-SIGN-0392","ASCEND950","3","ASC950-SIGN-0392","最小参考资料库/search-results.csv","search_result_id","SRESULT-M2W3-HUAWEI-ASC950-DIE-RUNTIME-H7","审计/子代理交接/m2_staging/M2-W3-HUAWEI-ASCEND950-PHYSICAL/structured/search-results.csv","64402aab5d564822cd65b94018b1784250a38b824e1cda0625cca2b90b3727ba","48932","draft","reviewed","","","","b6b14584de616f319cc1fd47e77e233f86884fe1a436c89684cdaa56bffba672","b6b14584de616f319cc1fd47e77e233f86884fe1a436c89684cdaa56bffba672","85b5ea06b638a83eb998077257293c9594129673a4fa4557d6cfe98d35095962","92aec74a85406ffa96c826348ffe298dba702639ecdf956160bf655db48cc40f","77301"
"BUNDLE-ASCEND950-ASC950-SIGN-0393","ASCEND950","3","ASC950-SIGN-0393","最小参考资料库/search-results.csv","search_result_id","SRESULT-M2W3-HUAWEI-ASC950-DIE-RUNTIME-H12","审计/子代理交接/m2_staging/M2-W3-HUAWEI-ASCEND950-PHYSICAL/structured/search-results.csv","64402aab5d564822cd65b94018b1784250a38b824e1cda0625cca2b90b3727ba","48932","draft","reviewed","","","","b2a9037fcb7635a7029f8128f23da1269a763332577b7d44800a433348a3fb3d","b2a9037fcb7635a7029f8128f23da1269a763332577b7d44800a433348a3fb3d","dfd01d89feb6e2988f3d7b5b4f9aed8eb84c2ff60c14984573c937bd29830e58","92aec74a85406ffa96c826348ffe298dba702639ecdf956160bf655db48cc40f","77301"
"BUNDLE-ASCEND950-ASC950-SIGN-0394","ASCEND950","3","ASC950-SIGN-0394","最小参考资料库/search-results.csv","search_result_id","SRESULT-M2W3-HUAWEI-ASC950PR-AVAILABILITY-H2","审计/子代理交接/m2_staging/M2-W3-HUAWEI-ASCEND950-PHYSICAL/structured/search-results.csv","64402aab5d564822cd65b94018b1784250a38b824e1cda0625cca2b90b3727ba","48932","draft","reviewed","","","","5bd9926ecdaad6bba98bf7a12c8622371a5e69a98976cf6a832af1920d77049f","5bd9926ecdaad6bba98bf7a12c8622371a5e69a98976cf6a832af1920d77049f","edd32869a93e436a1c7c8f1133dba4e827ffbdd03347e443c648597b3263de50","92aec74a85406ffa96c826348ffe298dba702639ecdf956160bf655db48cc40f","77301"
"BUNDLE-ASCEND950-ASC950-SIGN-0395","ASCEND950","3","ASC950-SIGN-0395","最小参考资料库/search-results.csv","search_result_id","SRESULT-M2W3-HUAWEI-ASC950PR-AVAILABILITY-H6","审计/子代理交接/m2_staging/M2-W3-HUAWEI-ASCEND950-PHYSICAL/structured/search-results.csv","64402aab5d564822cd65b94018b1784250a38b824e1cda0625cca2b90b3727ba","48932","draft","reviewed","","","","ffd0ac05ad3051d48a4559029a01b6fd1364c3e318e923218a9cc3da5873a919","ffd0ac05ad3051d48a4559029a01b6fd1364c3e318e923218a9cc3da5873a919","1f7d88d2e6dcf9f96b677f36700ec20b5d13d09207c97817224c5d3b178ad925","92aec74a85406ffa96c826348ffe298dba702639ecdf956160bf655db48cc40f","77301"
"BUNDLE-ASCEND950-ASC950-SIGN-0396","ASCEND950","3","ASC950-SIGN-0396","最小参考资料库/search-results.csv","search_result_id","SRESULT-M2W3-HUAWEI-ASC950PR-AVAILABILITY-H7","审计/子代理交接/m2_staging/M2-W3-HUAWEI-ASCEND950-PHYSICAL/structured/search-results.csv","64402aab5d564822cd65b94018b1784250a38b824e1cda0625cca2b90b3727ba","48932","draft","reviewed","","","","38865a4b6b03d9876fc3711971e958e4ebb65a0bf4fec214ae0b4f78c9bab95d","38865a4b6b03d9876fc3711971e958e4ebb65a0bf4fec214ae0b4f78c9bab95d","b60617165c0eeecb3282a26f39c99610744bb933bf13a92fea22baf8548c5560","92aec74a85406ffa96c826348ffe298dba702639ecdf956160bf655db48cc40f","77301"
"BUNDLE-ASCEND950-ASC950-SIGN-0397","ASCEND950","3","ASC950-SIGN-0397","最小参考资料库/search-results.csv","search_result_id","SRESULT-M2W3-HUAWEI-ASC950PR-AVAILABILITY-H12","审计/子代理交接/m2_staging/M2-W3-HUAWEI-ASCEND950-PHYSICAL/structured/search-results.csv","64402aab5d564822cd65b94018b1784250a38b824e1cda0625cca2b90b3727ba","48932","draft","reviewed","","","","3645ff4722508cf858b82120300a889a06f6c9d27bcc51293d7b4ac17b6cd62d","3645ff4722508cf858b82120300a889a06f6c9d27bcc51293d7b4ac17b6cd62d","7c3ace095780b2a30efa3c3429a2efa3da1dc4d9c30166808b2c238f2334699a","92aec74a85406ffa96c826348ffe298dba702639ecdf956160bf655db48cc40f","77301"
"BUNDLE-ASCEND950-ASC950-SIGN-0398","ASCEND950","3","ASC950-SIGN-0398","最小参考资料库/search-results.csv","search_result_id","SRESULT-M2W3-HUAWEI-ASC950PR-DIE-COUNT-H2","审计/子代理交接/m2_staging/M2-W3-HUAWEI-ASCEND950-PHYSICAL/structured/search-results.csv","64402aab5d564822cd65b94018b1784250a38b824e1cda0625cca2b90b3727ba","48932","draft","reviewed","","","","ad832c12dbf9e254d2774a224d2f6c40619dd8ae712953b9cc0afc2e0e2129f4","ad832c12dbf9e254d2774a224d2f6c40619dd8ae712953b9cc0afc2e0e2129f4","00eccecd296c98bce8e7523ca42c120f913c9c1394c38a95f687dc42e7c6ce0a","92aec74a85406ffa96c826348ffe298dba702639ecdf956160bf655db48cc40f","77301"
"BUNDLE-ASCEND950-ASC950-SIGN-0399","ASCEND950","3","ASC950-SIGN-0399","最小参考资料库/search-results.csv","search_result_id","SRESULT-M2W3-HUAWEI-ASC950PR-DIE-COUNT-H6","审计/子代理交接/m2_staging/M2-W3-HUAWEI-ASCEND950-PHYSICAL/structured/search-results.csv","64402aab5d564822cd65b94018b1784250a38b824e1cda0625cca2b90b3727ba","48932","draft","reviewed","","","","48b50720c44c24b687adfebc255709050afc074ad4d5f06180cd01821bbfe1ea","48b50720c44c24b687adfebc255709050afc074ad4d5f06180cd01821bbfe1ea","efb02a3d20e8508035dc12d6a0f9432c07a2359aef2d2ccb12ea9d354179aca5","92aec74a85406ffa96c826348ffe298dba702639ecdf956160bf655db48cc40f","77301"
"BUNDLE-ASCEND950-ASC950-SIGN-0400","ASCEND950","3","ASC950-SIGN-0400","最小参考资料库/search-results.csv","search_result_id","SRESULT-M2W3-HUAWEI-ASC950PR-DIE-COUNT-H7","审计/子代理交接/m2_staging/M2-W3-HUAWEI-ASCEND950-PHYSICAL/structured/search-results.csv","64402aab5d564822cd65b94018b1784250a38b824e1cda0625cca2b90b3727ba","48932","draft","reviewed","","","","379a43e8951ed3c088d3406e25d72ba57a83b52a8328063271d6e6c72025d4ed","379a43e8951ed3c088d3406e25d72ba57a83b52a8328063271d6e6c72025d4ed","78cb613124afd8ed54a0ad805f4ef1899498d40b1c44a6422c212c30f76ea4db","92aec74a85406ffa96c826348ffe298dba702639ecdf956160bf655db48cc40f","77301"
"BUNDLE-ASCEND950-ASC950-SIGN-0401","ASCEND950","3","ASC950-SIGN-0401","最小参考资料库/search-results.csv","search_result_id","SRESULT-M2W3-HUAWEI-ASC950PR-DIE-COUNT-H12","审计/子代理交接/m2_staging/M2-W3-HUAWEI-ASCEND950-PHYSICAL/structured/search-results.csv","64402aab5d564822cd65b94018b1784250a38b824e1cda0625cca2b90b3727ba","48932","draft","reviewed","","","","c01c7a7d67c90066c99666851661dfb87231c0cc10242c80a6f71e45be83ae20","c01c7a7d67c90066c99666851661dfb87231c0cc10242c80a6f71e45be83ae20","5cda470cfc6e526348efc70750f7fb371a0e61fa381502be6853ac75089fd678","92aec74a85406ffa96c826348ffe298dba702639ecdf956160bf655db48cc40f","77301"
"BUNDLE-ASCEND950-ASC950-SIGN-0402","ASCEND950","3","ASC950-SIGN-0402","最小参考资料库/search-results.csv","search_result_id","SRESULT-M2W3-HUAWEI-ASC950PR-HBM-STACKS-H2","审计/子代理交接/m2_staging/M2-W3-HUAWEI-ASCEND950-PHYSICAL/structured/search-results.csv","64402aab5d564822cd65b94018b1784250a38b824e1cda0625cca2b90b3727ba","48932","draft","reviewed","","","","fa5c212868595dddaebe6e1a7cdadc984abc53d133cf0eeda690322f8f2bd39a","fa5c212868595dddaebe6e1a7cdadc984abc53d133cf0eeda690322f8f2bd39a","c29c4ff972f2b67fcba20d0cf61e1a809775d0e8d59fd299ad71dddd4c5742c4","92aec74a85406ffa96c826348ffe298dba702639ecdf956160bf655db48cc40f","77301"
"BUNDLE-ASCEND950-ASC950-SIGN-0403","ASCEND950","3","ASC950-SIGN-0403","最小参考资料库/search-results.csv","search_result_id","SRESULT-M2W3-HUAWEI-ASC950PR-HBM-STACKS-H6","审计/子代理交接/m2_staging/M2-W3-HUAWEI-ASCEND950-PHYSICAL/structured/search-results.csv","64402aab5d564822cd65b94018b1784250a38b824e1cda0625cca2b90b3727ba","48932","draft","reviewed","","","","f35a7f049767c8ace88445bba9bc7ea5576e0946c10b8e1ba8f3f0d689882b21","f35a7f049767c8ace88445bba9bc7ea5576e0946c10b8e1ba8f3f0d689882b21","541ef29df6f403606ab94f87e64eac1923c258576620fd3b421fe26ae77d5e0d","92aec74a85406ffa96c826348ffe298dba702639ecdf956160bf655db48cc40f","77301"
"BUNDLE-ASCEND950-ASC950-SIGN-0404","ASCEND950","3","ASC950-SIGN-0404","最小参考资料库/search-results.csv","search_result_id","SRESULT-M2W3-HUAWEI-ASC950PR-HBM-STACKS-H7","审计/子代理交接/m2_staging/M2-W3-HUAWEI-ASCEND950-PHYSICAL/structured/search-results.csv","64402aab5d564822cd65b94018b1784250a38b824e1cda0625cca2b90b3727ba","48932","draft","reviewed","","","","815ec9d0c403c7c259a844838b040db0fe5e5daea92c374a705a91872bbe3fe4","815ec9d0c403c7c259a844838b040db0fe5e5daea92c374a705a91872bbe3fe4","b3985e59ebbdfaf46c87a7ce652a87ad10e1670845060f99977d7a7f044d329f","92aec74a85406ffa96c826348ffe298dba702639ecdf956160bf655db48cc40f","77301"
"BUNDLE-ASCEND950-ASC950-SIGN-0405","ASCEND950","3","ASC950-SIGN-0405","最小参考资料库/search-results.csv","search_result_id","SRESULT-M2W3-HUAWEI-ASC950PR-HBM-STACKS-H12","审计/子代理交接/m2_staging/M2-W3-HUAWEI-ASCEND950-PHYSICAL/structured/search-results.csv","64402aab5d564822cd65b94018b1784250a38b824e1cda0625cca2b90b3727ba","48932","draft","reviewed","","","","a737118fcc2dc2398d1b73320990e09e978676a6d11e530d4e469e5c9734bd8f","a737118fcc2dc2398d1b73320990e09e978676a6d11e530d4e469e5c9734bd8f","725d28069519928df645d5f3919f2291f719504ac912c1cfd6cc0e30e825925c","92aec74a85406ffa96c826348ffe298dba702639ecdf956160bf655db48cc40f","77301"
"BUNDLE-ASCEND950-ASC950-SIGN-0406","ASCEND950","3","ASC950-SIGN-0406","最小参考资料库/search-results.csv","search_result_id","SRESULT-M2W3-HUAWEI-ASC950PR-HBM-INTERFACE-H2","审计/子代理交接/m2_staging/M2-W3-HUAWEI-ASCEND950-PHYSICAL/structured/search-results.csv","64402aab5d564822cd65b94018b1784250a38b824e1cda0625cca2b90b3727ba","48932","draft","reviewed","","","","5ecc1908513da7b0ada89a0afe4f8f82e0bfa7f85df4b969f0a947a8dbcef600","5ecc1908513da7b0ada89a0afe4f8f82e0bfa7f85df4b969f0a947a8dbcef600","96168226fa414e996b3543dedf491a0cf8cbd93e3694dac7096c74ae973876b7","92aec74a85406ffa96c826348ffe298dba702639ecdf956160bf655db48cc40f","77301"
"BUNDLE-ASCEND950-ASC950-SIGN-0407","ASCEND950","3","ASC950-SIGN-0407","最小参考资料库/search-results.csv","search_result_id","SRESULT-M2W3-HUAWEI-ASC950PR-HBM-INTERFACE-H6","审计/子代理交接/m2_staging/M2-W3-HUAWEI-ASCEND950-PHYSICAL/structured/search-results.csv","64402aab5d564822cd65b94018b1784250a38b824e1cda0625cca2b90b3727ba","48932","draft","reviewed","","","","b8e3d84a2fb0cbbce91a7340ccc6e1c413b83e0ea025c719e67c7f01186023c6","b8e3d84a2fb0cbbce91a7340ccc6e1c413b83e0ea025c719e67c7f01186023c6","454811399eb44956477a4f2506143d9b3dae65950e23ac7949462361db009cf1","92aec74a85406ffa96c826348ffe298dba702639ecdf956160bf655db48cc40f","77301"
"BUNDLE-ASCEND950-ASC950-SIGN-0408","ASCEND950","3","ASC950-SIGN-0408","最小参考资料库/search-results.csv","search_result_id","SRESULT-M2W3-HUAWEI-ASC950PR-HBM-INTERFACE-H7","审计/子代理交接/m2_staging/M2-W3-HUAWEI-ASCEND950-PHYSICAL/structured/search-results.csv","64402aab5d564822cd65b94018b1784250a38b824e1cda0625cca2b90b3727ba","48932","draft","reviewed","","","","5f0183558b5f755ad7f7fcf5d4091eaf2317787506b5f5fbc1e4b99ee6cb90f0","5f0183558b5f755ad7f7fcf5d4091eaf2317787506b5f5fbc1e4b99ee6cb90f0","cd700cca6f55e97bb98e784f5e94a2d070089a63e9aa44991b264f1574a7fd71","92aec74a85406ffa96c826348ffe298dba702639ecdf956160bf655db48cc40f","77301"
"BUNDLE-ASCEND950-ASC950-SIGN-0409","ASCEND950","3","ASC950-SIGN-0409","最小参考资料库/search-results.csv","search_result_id","SRESULT-M2W3-HUAWEI-ASC950PR-HBM-INTERFACE-H12","审计/子代理交接/m2_staging/M2-W3-HUAWEI-ASCEND950-PHYSICAL/structured/search-results.csv","64402aab5d564822cd65b94018b1784250a38b824e1cda0625cca2b90b3727ba","48932","draft","reviewed","","","","5890911c5976215b2cffaee19aec1369bafa435fdb5fe996f3c0cae86b499708","5890911c5976215b2cffaee19aec1369bafa435fdb5fe996f3c0cae86b499708","ea2a513ffa521f15a3206d630552bc12dc31cfb26157579b52e77c47d27056ad","92aec74a85406ffa96c826348ffe298dba702639ecdf956160bf655db48cc40f","77301"
"BUNDLE-ASCEND950-ASC950-SIGN-0410","ASCEND950","3","ASC950-SIGN-0410","最小参考资料库/search-results.csv","search_result_id","SRESULT-M2W3-HUAWEI-ASC950PR-INTERPOSER-H2","审计/子代理交接/m2_staging/M2-W3-HUAWEI-ASCEND950-PHYSICAL/structured/search-results.csv","64402aab5d564822cd65b94018b1784250a38b824e1cda0625cca2b90b3727ba","48932","draft","reviewed","","","","f8c628d1a3670ba155e5fcb3375c389ec159a5dc6e119e1f765c8711ae376a84","f8c628d1a3670ba155e5fcb3375c389ec159a5dc6e119e1f765c8711ae376a84","ac69719dd16b8a4156091a2358198a97832b14ae75554dacf19c2ea17e52f48f","92aec74a85406ffa96c826348ffe298dba702639ecdf956160bf655db48cc40f","77301"
"BUNDLE-ASCEND950-ASC950-SIGN-0411","ASCEND950","3","ASC950-SIGN-0411","最小参考资料库/search-results.csv","search_result_id","SRESULT-M2W3-HUAWEI-ASC950PR-INTERPOSER-H6","审计/子代理交接/m2_staging/M2-W3-HUAWEI-ASCEND950-PHYSICAL/structured/search-results.csv","64402aab5d564822cd65b94018b1784250a38b824e1cda0625cca2b90b3727ba","48932","draft","reviewed","","","","33873ec2d1b03371d35e02505508f2aa9412d98ad143e5c924ccf80fc97a0611","33873ec2d1b03371d35e02505508f2aa9412d98ad143e5c924ccf80fc97a0611","a0f4d0db93ce8e6838e3eb9cb8ffe5ae66266e099f98e324e1548d2140a03c87","92aec74a85406ffa96c826348ffe298dba702639ecdf956160bf655db48cc40f","77301"
"BUNDLE-ASCEND950-ASC950-SIGN-0412","ASCEND950","3","ASC950-SIGN-0412","最小参考资料库/search-results.csv","search_result_id","SRESULT-M2W3-HUAWEI-ASC950PR-INTERPOSER-H7","审计/子代理交接/m2_staging/M2-W3-HUAWEI-ASCEND950-PHYSICAL/structured/search-results.csv","64402aab5d564822cd65b94018b1784250a38b824e1cda0625cca2b90b3727ba","48932","draft","reviewed","","","","5b6cf8a12d82061356aa17c271980382623cb78b8c4f055be69855add02afeeb","5b6cf8a12d82061356aa17c271980382623cb78b8c4f055be69855add02afeeb","4e604b3e05e075a39a292a710a349f45f0805f1597ae3fba0afa13625664dd77","92aec74a85406ffa96c826348ffe298dba702639ecdf956160bf655db48cc40f","77301"
"BUNDLE-ASCEND950-ASC950-SIGN-0413","ASCEND950","3","ASC950-SIGN-0413","最小参考资料库/search-results.csv","search_result_id","SRESULT-M2W3-HUAWEI-ASC950PR-INTERPOSER-H12","审计/子代理交接/m2_staging/M2-W3-HUAWEI-ASCEND950-PHYSICAL/structured/search-results.csv","64402aab5d564822cd65b94018b1784250a38b824e1cda0625cca2b90b3727ba","48932","draft","reviewed","","","","659e188b92db51a199da473769d011608de9ddecd015cf1298cbd13146225d19","659e188b92db51a199da473769d011608de9ddecd015cf1298cbd13146225d19","6b97836c81bfd89e82c7423d72d82d6de103a3e6c8061241838d88cac2815457","92aec74a85406ffa96c826348ffe298dba702639ecdf956160bf655db48cc40f","77301"
"BUNDLE-ASCEND950-ASC950-SIGN-0414","ASCEND950","3","ASC950-SIGN-0414","最小参考资料库/search-results.csv","search_result_id","SRESULT-M2W3-HUAWEI-ASC950PR-POWER-H2","审计/子代理交接/m2_staging/M2-W3-HUAWEI-ASCEND950-PHYSICAL/structured/search-results.csv","64402aab5d564822cd65b94018b1784250a38b824e1cda0625cca2b90b3727ba","48932","draft","reviewed","","","","3698575265b96b8478f85d52f79f1750c7043a599e282e5795bbf28e58fd4ab5","3698575265b96b8478f85d52f79f1750c7043a599e282e5795bbf28e58fd4ab5","a20d973789a0c2e08c0b845327e43b28abe14495cd288ed2c808f2d3b195dfc1","92aec74a85406ffa96c826348ffe298dba702639ecdf956160bf655db48cc40f","77301"
"BUNDLE-ASCEND950-ASC950-SIGN-0415","ASCEND950","3","ASC950-SIGN-0415","最小参考资料库/search-results.csv","search_result_id","SRESULT-M2W3-HUAWEI-ASC950PR-POWER-H6","审计/子代理交接/m2_staging/M2-W3-HUAWEI-ASCEND950-PHYSICAL/structured/search-results.csv","64402aab5d564822cd65b94018b1784250a38b824e1cda0625cca2b90b3727ba","48932","draft","reviewed","","","","4c56c859cb2a34224f5c9d268d46452ed6cf5439adaf23cb115f9ee68195b378","4c56c859cb2a34224f5c9d268d46452ed6cf5439adaf23cb115f9ee68195b378","8aea9973b56dd8a2a44d76788c275e68f7c0822231b805406c690e7064bacb16","92aec74a85406ffa96c826348ffe298dba702639ecdf956160bf655db48cc40f","77301"
"BUNDLE-ASCEND950-ASC950-SIGN-0416","ASCEND950","3","ASC950-SIGN-0416","最小参考资料库/search-results.csv","search_result_id","SRESULT-M2W3-HUAWEI-ASC950PR-POWER-H7","审计/子代理交接/m2_staging/M2-W3-HUAWEI-ASCEND950-PHYSICAL/structured/search-results.csv","64402aab5d564822cd65b94018b1784250a38b824e1cda0625cca2b90b3727ba","48932","draft","reviewed","","","","9c13233674d8da1484f949608ff5d337b9d8d22dbbfb12f10049bb41ee39cbd5","9c13233674d8da1484f949608ff5d337b9d8d22dbbfb12f10049bb41ee39cbd5","cc89d03ce573cb438fad89b67be0e1b914b05c447593dc131971f2bf713a78f2","92aec74a85406ffa96c826348ffe298dba702639ecdf956160bf655db48cc40f","77301"
"BUNDLE-ASCEND950-ASC950-SIGN-0417","ASCEND950","3","ASC950-SIGN-0417","最小参考资料库/search-results.csv","search_result_id","SRESULT-M2W3-HUAWEI-ASC950PR-POWER-H12","审计/子代理交接/m2_staging/M2-W3-HUAWEI-ASCEND950-PHYSICAL/structured/search-results.csv","64402aab5d564822cd65b94018b1784250a38b824e1cda0625cca2b90b3727ba","48932","draft","reviewed","","","","4343317086cffd23630eacf87ad85549f3208cbc301b7d2b55bb31b378507315","4343317086cffd23630eacf87ad85549f3208cbc301b7d2b55bb31b378507315","463552ac7fd75ad27fe5f7efb588149abcd8f12aeecebcec8434771fd2c8e59a","92aec74a85406ffa96c826348ffe298dba702639ecdf956160bf655db48cc40f","77301"
"BUNDLE-ASCEND950-ASC950-SIGN-0418","ASCEND950","3","ASC950-SIGN-0418","最小参考资料库/search-results.csv","search_result_id","SRESULT-M2W3-HUAWEI-ASC950PR-MEM-LATENCY-H2","审计/子代理交接/m2_staging/M2-W3-HUAWEI-ASCEND950-PHYSICAL/structured/search-results.csv","64402aab5d564822cd65b94018b1784250a38b824e1cda0625cca2b90b3727ba","48932","draft","reviewed","","","","4223fc38f915bf083cd0cd2dce327a9c70956d00c5d90b5c61259b8d66f3aa20","4223fc38f915bf083cd0cd2dce327a9c70956d00c5d90b5c61259b8d66f3aa20","49fb50f645cc835e083ae9ec2b683ca29850e48c3b8dc5090e20e8e87cfe44a8","92aec74a85406ffa96c826348ffe298dba702639ecdf956160bf655db48cc40f","77301"
"BUNDLE-ASCEND950-ASC950-SIGN-0419","ASCEND950","3","ASC950-SIGN-0419","最小参考资料库/search-results.csv","search_result_id","SRESULT-M2W3-HUAWEI-ASC950PR-MEM-LATENCY-H6","审计/子代理交接/m2_staging/M2-W3-HUAWEI-ASCEND950-PHYSICAL/structured/search-results.csv","64402aab5d564822cd65b94018b1784250a38b824e1cda0625cca2b90b3727ba","48932","draft","reviewed","","","","ce95948700878722fa90a1e58bc8419afc1c6b5b87361b7a3ebfb5d6c8083e0c","ce95948700878722fa90a1e58bc8419afc1c6b5b87361b7a3ebfb5d6c8083e0c","cc41a9a3e15847e29fc48a6d2760f614ce96e7a47aaf47e9f4a57d13b7a76308","92aec74a85406ffa96c826348ffe298dba702639ecdf956160bf655db48cc40f","77301"
"BUNDLE-ASCEND950-ASC950-SIGN-0420","ASCEND950","3","ASC950-SIGN-0420","最小参考资料库/search-results.csv","search_result_id","SRESULT-M2W3-HUAWEI-ASC950PR-MEM-LATENCY-H7","审计/子代理交接/m2_staging/M2-W3-HUAWEI-ASCEND950-PHYSICAL/structured/search-results.csv","64402aab5d564822cd65b94018b1784250a38b824e1cda0625cca2b90b3727ba","48932","draft","reviewed","","","","12ecfdb7ea4692700a5cf76dfc93abe397838ec37226f5229b90a546ad494124","12ecfdb7ea4692700a5cf76dfc93abe397838ec37226f5229b90a546ad494124","8849eaa4f499592deff443ad6b0345bcd6c4a18f542e98eaa350098ceb48b1cc","92aec74a85406ffa96c826348ffe298dba702639ecdf956160bf655db48cc40f","77301"
"BUNDLE-ASCEND950-ASC950-SIGN-0421","ASCEND950","3","ASC950-SIGN-0421","最小参考资料库/search-results.csv","search_result_id","SRESULT-M2W3-HUAWEI-ASC950PR-MEM-LATENCY-H12","审计/子代理交接/m2_staging/M2-W3-HUAWEI-ASCEND950-PHYSICAL/structured/search-results.csv","64402aab5d564822cd65b94018b1784250a38b824e1cda0625cca2b90b3727ba","48932","draft","reviewed","","","","b1550d4f136cea9cae27d0021ef2cebf3464290ccc62c3a14335dde6bfe7a6e0","b1550d4f136cea9cae27d0021ef2cebf3464290ccc62c3a14335dde6bfe7a6e0","3e438580d832a0c87eb53596205c4108d489a16852d0a213d19fbe5552c81449","92aec74a85406ffa96c826348ffe298dba702639ecdf956160bf655db48cc40f","77301"
"BUNDLE-ASCEND950-ASC950-SIGN-0422","ASCEND950","3","ASC950-SIGN-0422","最小参考资料库/search-results.csv","search_result_id","SRESULT-M2W3-HUAWEI-ASC950PR-MEM-RW-MODEL-H2","审计/子代理交接/m2_staging/M2-W3-HUAWEI-ASCEND950-PHYSICAL/structured/search-results.csv","64402aab5d564822cd65b94018b1784250a38b824e1cda0625cca2b90b3727ba","48932","draft","reviewed","","","","5d0dd711e5a444fa493f94bb7ffef93ba1384cb031c6b58bab3fa5724dd6946d","5d0dd711e5a444fa493f94bb7ffef93ba1384cb031c6b58bab3fa5724dd6946d","157ed50d9a092f416d46651b7d67ffe66b9259fc3ebf14c71a6c09ea9d0a150e","92aec74a85406ffa96c826348ffe298dba702639ecdf956160bf655db48cc40f","77301"
"BUNDLE-ASCEND950-ASC950-SIGN-0423","ASCEND950","3","ASC950-SIGN-0423","最小参考资料库/search-results.csv","search_result_id","SRESULT-M2W3-HUAWEI-ASC950PR-MEM-RW-MODEL-H6","审计/子代理交接/m2_staging/M2-W3-HUAWEI-ASCEND950-PHYSICAL/structured/search-results.csv","64402aab5d564822cd65b94018b1784250a38b824e1cda0625cca2b90b3727ba","48932","draft","reviewed","","","","177337e6a6a20fddfdf8083ca3787e5811b37755951f6a9a1369bf8276d25901","177337e6a6a20fddfdf8083ca3787e5811b37755951f6a9a1369bf8276d25901","b89de76c5b84217eda9b015f526c78dcf34bba9e6c09e1d57d3328b170c25546","92aec74a85406ffa96c826348ffe298dba702639ecdf956160bf655db48cc40f","77301"
"BUNDLE-ASCEND950-ASC950-SIGN-0424","ASCEND950","3","ASC950-SIGN-0424","最小参考资料库/search-results.csv","search_result_id","SRESULT-M2W3-HUAWEI-ASC950PR-MEM-RW-MODEL-H7","审计/子代理交接/m2_staging/M2-W3-HUAWEI-ASCEND950-PHYSICAL/structured/search-results.csv","64402aab5d564822cd65b94018b1784250a38b824e1cda0625cca2b90b3727ba","48932","draft","reviewed","","","","1d037c3f4322913a6d8631635c0cb25da4950eaff3bddd665201a8c8f30dacdd","1d037c3f4322913a6d8631635c0cb25da4950eaff3bddd665201a8c8f30dacdd","cc1631adcf15d2899a5bd4a357a58d13a8964c53fa8dfd11d313d69df75ebd72","92aec74a85406ffa96c826348ffe298dba702639ecdf956160bf655db48cc40f","77301"
"BUNDLE-ASCEND950-ASC950-SIGN-0425","ASCEND950","3","ASC950-SIGN-0425","最小参考资料库/search-results.csv","search_result_id","SRESULT-M2W3-HUAWEI-ASC950PR-MEM-RW-MODEL-H12","审计/子代理交接/m2_staging/M2-W3-HUAWEI-ASCEND950-PHYSICAL/structured/search-results.csv","64402aab5d564822cd65b94018b1784250a38b824e1cda0625cca2b90b3727ba","48932","draft","reviewed","","","","360a8900aec2a5361cd0ebd77f81af1f6dd11270e28d5d3da4770031f20c984f","360a8900aec2a5361cd0ebd77f81af1f6dd11270e28d5d3da4770031f20c984f","2c207ff9352c35dc8bc42bd0403ac6e597ecce0532ce1c6d36cc6e1a5733245c","92aec74a85406ffa96c826348ffe298dba702639ecdf956160bf655db48cc40f","77301"
"BUNDLE-ASCEND950-ASC950-SIGN-0426","ASCEND950","3","ASC950-SIGN-0426","最小参考资料库/search-results.csv","search_result_id","SRESULT-M2W3-HUAWEI-ASC950PR-LINK-RATE-H2","审计/子代理交接/m2_staging/M2-W3-HUAWEI-ASCEND950-PHYSICAL/structured/search-results.csv","64402aab5d564822cd65b94018b1784250a38b824e1cda0625cca2b90b3727ba","48932","draft","reviewed","","","","e873c8ef551c95860ada18334b1a2423bd582a992985e261804b54f2991d9539","e873c8ef551c95860ada18334b1a2423bd582a992985e261804b54f2991d9539","2a21238e10e46e76951f2b89f4ca7f17909c43bf27eb98e23827c490e074bddc","92aec74a85406ffa96c826348ffe298dba702639ecdf956160bf655db48cc40f","77301"
"BUNDLE-ASCEND950-ASC950-SIGN-0427","ASCEND950","3","ASC950-SIGN-0427","最小参考资料库/search-results.csv","search_result_id","SRESULT-M2W3-HUAWEI-ASC950PR-LINK-RATE-H6","审计/子代理交接/m2_staging/M2-W3-HUAWEI-ASCEND950-PHYSICAL/structured/search-results.csv","64402aab5d564822cd65b94018b1784250a38b824e1cda0625cca2b90b3727ba","48932","draft","reviewed","","","","b7f6464e49143b5444badc77145b564aab6cbcaf87ffbe0a8e8518ccac413de0","b7f6464e49143b5444badc77145b564aab6cbcaf87ffbe0a8e8518ccac413de0","ba484bdb965a4324d4618429807873efba6f930c593fe0c53cd024135ae866fc","92aec74a85406ffa96c826348ffe298dba702639ecdf956160bf655db48cc40f","77301"
"BUNDLE-ASCEND950-ASC950-SIGN-0428","ASCEND950","3","ASC950-SIGN-0428","最小参考资料库/search-results.csv","search_result_id","SRESULT-M2W3-HUAWEI-ASC950PR-LINK-RATE-H7","审计/子代理交接/m2_staging/M2-W3-HUAWEI-ASCEND950-PHYSICAL/structured/search-results.csv","64402aab5d564822cd65b94018b1784250a38b824e1cda0625cca2b90b3727ba","48932","draft","reviewed","","","","ac85657eec2c7c7e905bfcd2168ae09769b21f9431916b6d8d894467023cd983","ac85657eec2c7c7e905bfcd2168ae09769b21f9431916b6d8d894467023cd983","89f68f8fce493d5d8a4827a631c10e7679d5836c9a4f02b630d92dc4edb7d6bc","92aec74a85406ffa96c826348ffe298dba702639ecdf956160bf655db48cc40f","77301"
"BUNDLE-ASCEND950-ASC950-SIGN-0429","ASCEND950","3","ASC950-SIGN-0429","最小参考资料库/search-results.csv","search_result_id","SRESULT-M2W3-HUAWEI-ASC950PR-LINK-RATE-H12","审计/子代理交接/m2_staging/M2-W3-HUAWEI-ASCEND950-PHYSICAL/structured/search-results.csv","64402aab5d564822cd65b94018b1784250a38b824e1cda0625cca2b90b3727ba","48932","draft","reviewed","","","","9b5b1518a809b8961a544f5f0b5939d7ab415d5c7d9cb6abd21f80258b6211cf","9b5b1518a809b8961a544f5f0b5939d7ab415d5c7d9cb6abd21f80258b6211cf","8150a9c01a7459abf15b7fda0a661495f6aa31babb797ad4bca820ff55f732aa","92aec74a85406ffa96c826348ffe298dba702639ecdf956160bf655db48cc40f","77301"
"BUNDLE-ASCEND950-ASC950-SIGN-0430","ASCEND950","3","ASC950-SIGN-0430","最小参考资料库/search-results.csv","search_result_id","SRESULT-M2W3-HUAWEI-ASC950PR-LINK-COUNT-H2","审计/子代理交接/m2_staging/M2-W3-HUAWEI-ASCEND950-PHYSICAL/structured/search-results.csv","64402aab5d564822cd65b94018b1784250a38b824e1cda0625cca2b90b3727ba","48932","draft","reviewed","","","","21bb13f1e0811bdb895650e9b3b5cf003aa8327016c9630c13062ac3abeacaf1","21bb13f1e0811bdb895650e9b3b5cf003aa8327016c9630c13062ac3abeacaf1","3e0413f3abcd2b3fef518c8b5c6e77361a46f63602b804c4880bb4b57fd2c9dd","92aec74a85406ffa96c826348ffe298dba702639ecdf956160bf655db48cc40f","77301"
"BUNDLE-ASCEND950-ASC950-SIGN-0431","ASCEND950","3","ASC950-SIGN-0431","最小参考资料库/search-results.csv","search_result_id","SRESULT-M2W3-HUAWEI-ASC950PR-LINK-COUNT-H6","审计/子代理交接/m2_staging/M2-W3-HUAWEI-ASCEND950-PHYSICAL/structured/search-results.csv","64402aab5d564822cd65b94018b1784250a38b824e1cda0625cca2b90b3727ba","48932","draft","reviewed","","","","2706a62b3957250a9342fab0cfd6e71d6e42aa9b131e4088db32fcb63ae9ca38","2706a62b3957250a9342fab0cfd6e71d6e42aa9b131e4088db32fcb63ae9ca38","d3dda86fee95560c2379db93ed486003857f384ba2353873de5bb86831b08644","92aec74a85406ffa96c826348ffe298dba702639ecdf956160bf655db48cc40f","77301"
"BUNDLE-ASCEND950-ASC950-SIGN-0432","ASCEND950","3","ASC950-SIGN-0432","最小参考资料库/search-results.csv","search_result_id","SRESULT-M2W3-HUAWEI-ASC950PR-LINK-COUNT-H7","审计/子代理交接/m2_staging/M2-W3-HUAWEI-ASCEND950-PHYSICAL/structured/search-results.csv","64402aab5d564822cd65b94018b1784250a38b824e1cda0625cca2b90b3727ba","48932","draft","reviewed","","","","4ad5dfe3a0fe22b4a3b249d6ee607fc589771040110c9cd060caf9a3e0aff7e2","4ad5dfe3a0fe22b4a3b249d6ee607fc589771040110c9cd060caf9a3e0aff7e2","f824ed33aec297a3e53a29924b14b4221375178b495d3a74c65e216a46d231ca","92aec74a85406ffa96c826348ffe298dba702639ecdf956160bf655db48cc40f","77301"
"BUNDLE-ASCEND950-ASC950-SIGN-0433","ASCEND950","3","ASC950-SIGN-0433","最小参考资料库/search-results.csv","search_result_id","SRESULT-M2W3-HUAWEI-ASC950PR-LINK-COUNT-H12","审计/子代理交接/m2_staging/M2-W3-HUAWEI-ASCEND950-PHYSICAL/structured/search-results.csv","64402aab5d564822cd65b94018b1784250a38b824e1cda0625cca2b90b3727ba","48932","draft","reviewed","","","","f3a9eb5ef2b8f687d7863d764f6bd417bced0c9a5f78c1e00b17ab5f0275f80c","f3a9eb5ef2b8f687d7863d764f6bd417bced0c9a5f78c1e00b17ab5f0275f80c","2262ff8343511755bca7c7e1264d7a9824f8cf523b4f15c3c78ed3b29625cd44","92aec74a85406ffa96c826348ffe298dba702639ecdf956160bf655db48cc40f","77301"
"BUNDLE-ASCEND950-ASC950-SIGN-0434","ASCEND950","3","ASC950-SIGN-0434","最小参考资料库/search-results.csv","search_result_id","SRESULT-M2W3-HUAWEI-ASC950PR-TOPOLOGY-H2","审计/子代理交接/m2_staging/M2-W3-HUAWEI-ASCEND950-PHYSICAL/structured/search-results.csv","64402aab5d564822cd65b94018b1784250a38b824e1cda0625cca2b90b3727ba","48932","draft","reviewed","","","","6954058ab0413ae3f9e60116b7d4d1aa2c5516da497423cb80f560ab3783be1d","6954058ab0413ae3f9e60116b7d4d1aa2c5516da497423cb80f560ab3783be1d","df9fbf2fbdab681f9eba302cface4153fa69e44d0004f6806f312f76bf240b5a","92aec74a85406ffa96c826348ffe298dba702639ecdf956160bf655db48cc40f","77301"
"BUNDLE-ASCEND950-ASC950-SIGN-0435","ASCEND950","3","ASC950-SIGN-0435","最小参考资料库/search-results.csv","search_result_id","SRESULT-M2W3-HUAWEI-ASC950PR-TOPOLOGY-H6","审计/子代理交接/m2_staging/M2-W3-HUAWEI-ASCEND950-PHYSICAL/structured/search-results.csv","64402aab5d564822cd65b94018b1784250a38b824e1cda0625cca2b90b3727ba","48932","draft","reviewed","","","","cdacabe19017e343d895e7571944b52dd266972ef8398857b6c21947d9afa3c0","cdacabe19017e343d895e7571944b52dd266972ef8398857b6c21947d9afa3c0","a9423b4fcb0764a3c1fe55f92485ce582994471b6c8a47f6f951c5e63741b0bc","92aec74a85406ffa96c826348ffe298dba702639ecdf956160bf655db48cc40f","77301"
"BUNDLE-ASCEND950-ASC950-SIGN-0436","ASCEND950","3","ASC950-SIGN-0436","最小参考资料库/search-results.csv","search_result_id","SRESULT-M2W3-HUAWEI-ASC950PR-TOPOLOGY-H7","审计/子代理交接/m2_staging/M2-W3-HUAWEI-ASCEND950-PHYSICAL/structured/search-results.csv","64402aab5d564822cd65b94018b1784250a38b824e1cda0625cca2b90b3727ba","48932","draft","reviewed","","","","2c6254e0223920b05da590f3324a27475a51b63763fb371680945fbcf79e7a01","2c6254e0223920b05da590f3324a27475a51b63763fb371680945fbcf79e7a01","18937eef934becaea35508b7033df248ea1aab0200bd647313c06237330ffb23","92aec74a85406ffa96c826348ffe298dba702639ecdf956160bf655db48cc40f","77301"
"BUNDLE-ASCEND950-ASC950-SIGN-0437","ASCEND950","3","ASC950-SIGN-0437","最小参考资料库/search-results.csv","search_result_id","SRESULT-M2W3-HUAWEI-ASC950PR-TOPOLOGY-H12","审计/子代理交接/m2_staging/M2-W3-HUAWEI-ASCEND950-PHYSICAL/structured/search-results.csv","64402aab5d564822cd65b94018b1784250a38b824e1cda0625cca2b90b3727ba","48932","draft","reviewed","","","","14892842a21c6aceff2a237a4b766e868c271c8059a0bf3f9375d13bf8ffc4b6","14892842a21c6aceff2a237a4b766e868c271c8059a0bf3f9375d13bf8ffc4b6","40a2e37bf459baf24c8e71cc8c7f2c8acc0bc62c1598a032c666638732401873","92aec74a85406ffa96c826348ffe298dba702639ecdf956160bf655db48cc40f","77301"
"BUNDLE-ASCEND950-ASC950-SIGN-0438","ASCEND950","3","ASC950-SIGN-0438","最小参考资料库/search-results.csv","search_result_id","SRESULT-M2W3-HUAWEI-ASC950PR-SPECIAL-DETAIL-H2","审计/子代理交接/m2_staging/M2-W3-HUAWEI-ASCEND950-PHYSICAL/structured/search-results.csv","64402aab5d564822cd65b94018b1784250a38b824e1cda0625cca2b90b3727ba","48932","draft","reviewed","","","","4485f921f0138bf35407117ba34375da49c3d23d0a3aee8b8cf9ceb03b24a788","4485f921f0138bf35407117ba34375da49c3d23d0a3aee8b8cf9ceb03b24a788","08b02cdd7ff9bf697023053dd542a45a7af5267cd86f9979313fa9f0dec6f169","92aec74a85406ffa96c826348ffe298dba702639ecdf956160bf655db48cc40f","77301"
"BUNDLE-ASCEND950-ASC950-SIGN-0439","ASCEND950","3","ASC950-SIGN-0439","最小参考资料库/search-results.csv","search_result_id","SRESULT-M2W3-HUAWEI-ASC950PR-SPECIAL-DETAIL-H6","审计/子代理交接/m2_staging/M2-W3-HUAWEI-ASCEND950-PHYSICAL/structured/search-results.csv","64402aab5d564822cd65b94018b1784250a38b824e1cda0625cca2b90b3727ba","48932","draft","reviewed","","","","903378b791939c7b5b7dc551f885036052138ed86b4d5a250ca40110beff0f05","903378b791939c7b5b7dc551f885036052138ed86b4d5a250ca40110beff0f05","3508fa8d644ace8a3458c3f253006de64c9c3407a7a41ddf3a9e82aa9fb59e3e","92aec74a85406ffa96c826348ffe298dba702639ecdf956160bf655db48cc40f","77301"
"BUNDLE-ASCEND950-ASC950-SIGN-0440","ASCEND950","3","ASC950-SIGN-0440","最小参考资料库/search-results.csv","search_result_id","SRESULT-M2W3-HUAWEI-ASC950PR-SPECIAL-DETAIL-H7","审计/子代理交接/m2_staging/M2-W3-HUAWEI-ASCEND950-PHYSICAL/structured/search-results.csv","64402aab5d564822cd65b94018b1784250a38b824e1cda0625cca2b90b3727ba","48932","draft","reviewed","","","","cdf702723591581c701b15c257355903d443d1be8241b8688cf10b7620e866d6","cdf702723591581c701b15c257355903d443d1be8241b8688cf10b7620e866d6","fef23f053258e4683a8ca0811e7b375de99ae2783138ce1bd2c62c6037b8be9d","92aec74a85406ffa96c826348ffe298dba702639ecdf956160bf655db48cc40f","77301"
"BUNDLE-ASCEND950-ASC950-SIGN-0441","ASCEND950","3","ASC950-SIGN-0441","最小参考资料库/search-results.csv","search_result_id","SRESULT-M2W3-HUAWEI-ASC950PR-SPECIAL-DETAIL-H12","审计/子代理交接/m2_staging/M2-W3-HUAWEI-ASCEND950-PHYSICAL/structured/search-results.csv","64402aab5d564822cd65b94018b1784250a38b824e1cda0625cca2b90b3727ba","48932","draft","reviewed","","","","3f27e8385d0bff4e9210c5643576fe966dcc6db407b065b6f05fd2b66246c4b8","3f27e8385d0bff4e9210c5643576fe966dcc6db407b065b6f05fd2b66246c4b8","9744dab84849b2cd97e7073805b4e18864e62fe568c7243cdb01570e26412da6","92aec74a85406ffa96c826348ffe298dba702639ecdf956160bf655db48cc40f","77301"
"BUNDLE-ASCEND950-ASC950-SIGN-0442","ASCEND950","3","ASC950-SIGN-0442","最小参考资料库/search-results.csv","search_result_id","SRESULT-M2W3-HUAWEI-ASC950PR-COMPILER-H2","审计/子代理交接/m2_staging/M2-W3-HUAWEI-ASCEND950-PHYSICAL/structured/search-results.csv","64402aab5d564822cd65b94018b1784250a38b824e1cda0625cca2b90b3727ba","48932","draft","reviewed","","","","09f40a555e9e324fac0ba89b317100d562317ffbdbe171aec8a87695738c906d","09f40a555e9e324fac0ba89b317100d562317ffbdbe171aec8a87695738c906d","e222a2259a1d366d02e242932316f0fe8ec4c12fb6a000a27a7dfb58edc00574","92aec74a85406ffa96c826348ffe298dba702639ecdf956160bf655db48cc40f","77301"
"BUNDLE-ASCEND950-ASC950-SIGN-0443","ASCEND950","3","ASC950-SIGN-0443","最小参考资料库/search-results.csv","search_result_id","SRESULT-M2W3-HUAWEI-ASC950PR-COMPILER-H6","审计/子代理交接/m2_staging/M2-W3-HUAWEI-ASCEND950-PHYSICAL/structured/search-results.csv","64402aab5d564822cd65b94018b1784250a38b824e1cda0625cca2b90b3727ba","48932","draft","reviewed","","","","fff8aa22dc7ffcd788a428e11aa22575f14f6eb869fbbb86539e7f4e87380f9e","fff8aa22dc7ffcd788a428e11aa22575f14f6eb869fbbb86539e7f4e87380f9e","5b4abea0190d1d60a46e937e151b6a3f0d59d7afcdb965d5f4abc3e6eac96373","92aec74a85406ffa96c826348ffe298dba702639ecdf956160bf655db48cc40f","77301"
"BUNDLE-ASCEND950-ASC950-SIGN-0444","ASCEND950","3","ASC950-SIGN-0444","最小参考资料库/search-results.csv","search_result_id","SRESULT-M2W3-HUAWEI-ASC950PR-COMPILER-H7","审计/子代理交接/m2_staging/M2-W3-HUAWEI-ASCEND950-PHYSICAL/structured/search-results.csv","64402aab5d564822cd65b94018b1784250a38b824e1cda0625cca2b90b3727ba","48932","draft","reviewed","","","","b7f7aa03b2950ab1f13e1c16cca489149f9c69c2f123cb6732cbe2e8a9079665","b7f7aa03b2950ab1f13e1c16cca489149f9c69c2f123cb6732cbe2e8a9079665","4bdf446a2d8e2c667538e5b898bf735bb94107374aa08da96f2326cc107ea8e6","92aec74a85406ffa96c826348ffe298dba702639ecdf956160bf655db48cc40f","77301"
"BUNDLE-ASCEND950-ASC950-SIGN-0445","ASCEND950","3","ASC950-SIGN-0445","最小参考资料库/search-results.csv","search_result_id","SRESULT-M2W3-HUAWEI-ASC950PR-COMPILER-H12","审计/子代理交接/m2_staging/M2-W3-HUAWEI-ASCEND950-PHYSICAL/structured/search-results.csv","64402aab5d564822cd65b94018b1784250a38b824e1cda0625cca2b90b3727ba","48932","draft","reviewed","","","","91f74ae1fdec3696eb2b7600f027c2e23bb3ad10fb06699ae55e84248e525380","91f74ae1fdec3696eb2b7600f027c2e23bb3ad10fb06699ae55e84248e525380","1d94a2b9fc709adf4d04d5db915ed41fbabb4a955e5e5ff3c203a77f1676a41e","92aec74a85406ffa96c826348ffe298dba702639ecdf956160bf655db48cc40f","77301"
"BUNDLE-ASCEND950-ASC950-SIGN-0446","ASCEND950","3","ASC950-SIGN-0446","最小参考资料库/search-results.csv","search_result_id","SRESULT-M2W3-HUAWEI-ASC950PR-RUNTIME-H2","审计/子代理交接/m2_staging/M2-W3-HUAWEI-ASCEND950-PHYSICAL/structured/search-results.csv","64402aab5d564822cd65b94018b1784250a38b824e1cda0625cca2b90b3727ba","48932","draft","reviewed","","","","0bf979cb81cfb57cfdf9ede24d84d18038a4f4e26a66b1159da105270e229986","0bf979cb81cfb57cfdf9ede24d84d18038a4f4e26a66b1159da105270e229986","673f0ca787741c23efa021d616a39ce9e8ed02ded28d983289c487424af4f17a","92aec74a85406ffa96c826348ffe298dba702639ecdf956160bf655db48cc40f","77301"
"BUNDLE-ASCEND950-ASC950-SIGN-0447","ASCEND950","3","ASC950-SIGN-0447","最小参考资料库/search-results.csv","search_result_id","SRESULT-M2W3-HUAWEI-ASC950PR-RUNTIME-H6","审计/子代理交接/m2_staging/M2-W3-HUAWEI-ASCEND950-PHYSICAL/structured/search-results.csv","64402aab5d564822cd65b94018b1784250a38b824e1cda0625cca2b90b3727ba","48932","draft","reviewed","","","","39e338ac2ab59f36db6d04af6684024e67b16edfe13e7341ccc3212e2fd1bee1","39e338ac2ab59f36db6d04af6684024e67b16edfe13e7341ccc3212e2fd1bee1","6a80356d07c598ea993fea1fc8e58d275af23cb4ad5d372e6c8ada3bff9ce5ae","92aec74a85406ffa96c826348ffe298dba702639ecdf956160bf655db48cc40f","77301"
"BUNDLE-ASCEND950-ASC950-SIGN-0448","ASCEND950","3","ASC950-SIGN-0448","最小参考资料库/search-results.csv","search_result_id","SRESULT-M2W3-HUAWEI-ASC950PR-RUNTIME-H7","审计/子代理交接/m2_staging/M2-W3-HUAWEI-ASCEND950-PHYSICAL/structured/search-results.csv","64402aab5d564822cd65b94018b1784250a38b824e1cda0625cca2b90b3727ba","48932","draft","reviewed","","","","f0ea768328988aa8fcdd96504f9b36dfdc080fc5055fc7685e752eaa4c6c72c2","f0ea768328988aa8fcdd96504f9b36dfdc080fc5055fc7685e752eaa4c6c72c2","9b023238e711917474885ff5dc73cf9cfc41dc3d38a15db795169f9641ad1d1c","92aec74a85406ffa96c826348ffe298dba702639ecdf956160bf655db48cc40f","77301"
"BUNDLE-ASCEND950-ASC950-SIGN-0449","ASCEND950","3","ASC950-SIGN-0449","最小参考资料库/search-results.csv","search_result_id","SRESULT-M2W3-HUAWEI-ASC950PR-RUNTIME-H12","审计/子代理交接/m2_staging/M2-W3-HUAWEI-ASCEND950-PHYSICAL/structured/search-results.csv","64402aab5d564822cd65b94018b1784250a38b824e1cda0625cca2b90b3727ba","48932","draft","reviewed","","","","e578a23fb1d2359e64cf43ea5a11af40cbc14bc57bb613c40ab4f7f038e1dddc","e578a23fb1d2359e64cf43ea5a11af40cbc14bc57bb613c40ab4f7f038e1dddc","0c25d0a37bd22349e329a7d836989e451c824f8b9b15e3ad8d6f8cf67d93ac15","92aec74a85406ffa96c826348ffe298dba702639ecdf956160bf655db48cc40f","77301"
"BUNDLE-ASCEND950-ASC950-SIGN-0450","ASCEND950","3","ASC950-SIGN-0450","最小参考资料库/search-results.csv","search_result_id","SRESULT-M2W3-HUAWEI-ASC950PR-ACCUM-H2","审计/子代理交接/m2_staging/M2-W3-HUAWEI-ASCEND950-PHYSICAL/structured/search-results.csv","64402aab5d564822cd65b94018b1784250a38b824e1cda0625cca2b90b3727ba","48932","draft","reviewed","","","","aca5df302c2ee741cb47e548bb6fc4b511890ca70f4d88dd55e9faecd796ba65","aca5df302c2ee741cb47e548bb6fc4b511890ca70f4d88dd55e9faecd796ba65","ca67f2279ef446dc1fc6346371758d01c7d7412e6cf0f79a1edd9659d0ff65db","92aec74a85406ffa96c826348ffe298dba702639ecdf956160bf655db48cc40f","77301"
"BUNDLE-ASCEND950-ASC950-SIGN-0451","ASCEND950","3","ASC950-SIGN-0451","最小参考资料库/search-results.csv","search_result_id","SRESULT-M2W3-HUAWEI-ASC950PR-ACCUM-H6","审计/子代理交接/m2_staging/M2-W3-HUAWEI-ASCEND950-PHYSICAL/structured/search-results.csv","64402aab5d564822cd65b94018b1784250a38b824e1cda0625cca2b90b3727ba","48932","draft","reviewed","","","","75ed5ea390e7a67faca604a22970a13a18811d65a26c6fe8d98fc01707e4d87c","75ed5ea390e7a67faca604a22970a13a18811d65a26c6fe8d98fc01707e4d87c","677f1ef3b5128d6090662afba2e958565810a34e2766587df09a118ec16cc518","92aec74a85406ffa96c826348ffe298dba702639ecdf956160bf655db48cc40f","77301"
"BUNDLE-ASCEND950-ASC950-SIGN-0452","ASCEND950","3","ASC950-SIGN-0452","最小参考资料库/search-results.csv","search_result_id","SRESULT-M2W3-HUAWEI-ASC950PR-ACCUM-H7","审计/子代理交接/m2_staging/M2-W3-HUAWEI-ASCEND950-PHYSICAL/structured/search-results.csv","64402aab5d564822cd65b94018b1784250a38b824e1cda0625cca2b90b3727ba","48932","draft","reviewed","","","","e0bfb8e13bc0a8898a46fa8b36fbbfed851d2cac2aa5374d8e74b7722680aa0f","e0bfb8e13bc0a8898a46fa8b36fbbfed851d2cac2aa5374d8e74b7722680aa0f","f7f4ed201b03abceb5f6c4032721ece8c12fccb32332366babf2da14274ead02","92aec74a85406ffa96c826348ffe298dba702639ecdf956160bf655db48cc40f","77301"
"BUNDLE-ASCEND950-ASC950-SIGN-0453","ASCEND950","3","ASC950-SIGN-0453","最小参考资料库/search-results.csv","search_result_id","SRESULT-M2W3-HUAWEI-ASC950PR-ACCUM-H12","审计/子代理交接/m2_staging/M2-W3-HUAWEI-ASCEND950-PHYSICAL/structured/search-results.csv","64402aab5d564822cd65b94018b1784250a38b824e1cda0625cca2b90b3727ba","48932","draft","reviewed","","","","51ab4e1adb2e35cf3bc9054ab3b44becca091a5baeec192a9595137916f21261","51ab4e1adb2e35cf3bc9054ab3b44becca091a5baeec192a9595137916f21261","cdc412c1db2c84741735326aadda0e0ae0aa9503b053a14fc8786542f89b8a10","92aec74a85406ffa96c826348ffe298dba702639ecdf956160bf655db48cc40f","77301"
"BUNDLE-ASCEND950-ASC950-SIGN-0454","ASCEND950","3","ASC950-SIGN-0454","最小参考资料库/search-results.csv","search_result_id","SRESULT-M2W3-HUAWEI-ASC950PR-PHYSICAL-ACCUM-H2","审计/子代理交接/m2_staging/M2-W3-HUAWEI-ASCEND950-PHYSICAL/structured/search-results.csv","64402aab5d564822cd65b94018b1784250a38b824e1cda0625cca2b90b3727ba","48932","draft","reviewed","","","","30a1906f3dc8a39ab7739c7d4e70ca5a72388308679057a2685f29720e7f941a","30a1906f3dc8a39ab7739c7d4e70ca5a72388308679057a2685f29720e7f941a","05733e6b6913420e354c2a62c6e135c517c59ba1d6051a97fc266e891fa14ed1","92aec74a85406ffa96c826348ffe298dba702639ecdf956160bf655db48cc40f","77301"
"BUNDLE-ASCEND950-ASC950-SIGN-0455","ASCEND950","3","ASC950-SIGN-0455","最小参考资料库/search-results.csv","search_result_id","SRESULT-M2W3-HUAWEI-ASC950PR-PHYSICAL-ACCUM-H6","审计/子代理交接/m2_staging/M2-W3-HUAWEI-ASCEND950-PHYSICAL/structured/search-results.csv","64402aab5d564822cd65b94018b1784250a38b824e1cda0625cca2b90b3727ba","48932","draft","reviewed","","","","c67177fef4860cd811bf4b0ce37582520c582b81f2a216d34cf2319282cd3a52","c67177fef4860cd811bf4b0ce37582520c582b81f2a216d34cf2319282cd3a52","9a8cef95a52882c5b0587a9665e8ee5bdb9154e8ca268e49341d89b79360f13a","92aec74a85406ffa96c826348ffe298dba702639ecdf956160bf655db48cc40f","77301"
"BUNDLE-ASCEND950-ASC950-SIGN-0456","ASCEND950","3","ASC950-SIGN-0456","最小参考资料库/search-results.csv","search_result_id","SRESULT-M2W3-HUAWEI-ASC950PR-PHYSICAL-ACCUM-H7","审计/子代理交接/m2_staging/M2-W3-HUAWEI-ASCEND950-PHYSICAL/structured/search-results.csv","64402aab5d564822cd65b94018b1784250a38b824e1cda0625cca2b90b3727ba","48932","draft","reviewed","","","","b80744c2eba8e542514dc48aa21278a47d4f156e8ca180b00e7b5e3a6b3564fb","b80744c2eba8e542514dc48aa21278a47d4f156e8ca180b00e7b5e3a6b3564fb","528b36b6f33692f85e3bc31bfead258965d6c04d92c6bb935a3f7344cce270d2","92aec74a85406ffa96c826348ffe298dba702639ecdf956160bf655db48cc40f","77301"
"BUNDLE-ASCEND950-ASC950-SIGN-0457","ASCEND950","3","ASC950-SIGN-0457","最小参考资料库/search-results.csv","search_result_id","SRESULT-M2W3-HUAWEI-ASC950PR-PHYSICAL-ACCUM-H12","审计/子代理交接/m2_staging/M2-W3-HUAWEI-ASCEND950-PHYSICAL/structured/search-results.csv","64402aab5d564822cd65b94018b1784250a38b824e1cda0625cca2b90b3727ba","48932","draft","reviewed","","","","8c9300548edbc2c4db641ee68d3ab74ee5a48d5ad5f68810e69796682c821745","8c9300548edbc2c4db641ee68d3ab74ee5a48d5ad5f68810e69796682c821745","cb5be534f0a770e23d2bdec749fdc7726a5286e995a4101b3e7fd25395d8b1b3","92aec74a85406ffa96c826348ffe298dba702639ecdf956160bf655db48cc40f","77301"
"BUNDLE-ASCEND950-ASC950-SIGN-0458","ASCEND950","3","ASC950-SIGN-0458","最小参考资料库/search-results.csv","search_result_id","SRESULT-M2W3-HUAWEI-ASC950DT-DIE-COUNT-H2","审计/子代理交接/m2_staging/M2-W3-HUAWEI-ASCEND950-PHYSICAL/structured/search-results.csv","64402aab5d564822cd65b94018b1784250a38b824e1cda0625cca2b90b3727ba","48932","draft","reviewed","","","","7e437d2c00e88a24c9c91a94cf44fc023a3b0d3daf03b5b2a213158260593912","7e437d2c00e88a24c9c91a94cf44fc023a3b0d3daf03b5b2a213158260593912","5156a5c57a515c6c90696e1c7cd7675c4db8af616144ff766325e5677631af1f","92aec74a85406ffa96c826348ffe298dba702639ecdf956160bf655db48cc40f","77301"
"BUNDLE-ASCEND950-ASC950-SIGN-0459","ASCEND950","3","ASC950-SIGN-0459","最小参考资料库/search-results.csv","search_result_id","SRESULT-M2W3-HUAWEI-ASC950DT-DIE-COUNT-H6","审计/子代理交接/m2_staging/M2-W3-HUAWEI-ASCEND950-PHYSICAL/structured/search-results.csv","64402aab5d564822cd65b94018b1784250a38b824e1cda0625cca2b90b3727ba","48932","draft","reviewed","","","","8075bb539c0db377a939ae58d5152c22d36374cc3f5084c0677a73a2e70d1b56","8075bb539c0db377a939ae58d5152c22d36374cc3f5084c0677a73a2e70d1b56","3f6fd2c91531e3a40de5308dcc3e4f4d32c10cf56166314ec697162c19e6fc0e","92aec74a85406ffa96c826348ffe298dba702639ecdf956160bf655db48cc40f","77301"
"BUNDLE-ASCEND950-ASC950-SIGN-0460","ASCEND950","3","ASC950-SIGN-0460","最小参考资料库/search-results.csv","search_result_id","SRESULT-M2W3-HUAWEI-ASC950DT-DIE-COUNT-H7","审计/子代理交接/m2_staging/M2-W3-HUAWEI-ASCEND950-PHYSICAL/structured/search-results.csv","64402aab5d564822cd65b94018b1784250a38b824e1cda0625cca2b90b3727ba","48932","draft","reviewed","","","","3a0440721847e380c7075cd3b66b7c5401137dd6fda7ef21aec5bb71ee2c87c0","3a0440721847e380c7075cd3b66b7c5401137dd6fda7ef21aec5bb71ee2c87c0","5d3fe2597caea0aaf37aa3fb3abc7dcdabf7acc903fa643e57e885ac9dd29a95","92aec74a85406ffa96c826348ffe298dba702639ecdf956160bf655db48cc40f","77301"
"BUNDLE-ASCEND950-ASC950-SIGN-0461","ASCEND950","3","ASC950-SIGN-0461","最小参考资料库/search-results.csv","search_result_id","SRESULT-M2W3-HUAWEI-ASC950DT-DIE-COUNT-H12","审计/子代理交接/m2_staging/M2-W3-HUAWEI-ASCEND950-PHYSICAL/structured/search-results.csv","64402aab5d564822cd65b94018b1784250a38b824e1cda0625cca2b90b3727ba","48932","draft","reviewed","","","","b5aef307dc9c2bcb64e39099293da3c9885e86e0166ef71a9325d3acce6635b8","b5aef307dc9c2bcb64e39099293da3c9885e86e0166ef71a9325d3acce6635b8","a49de249e805a3414b3e84c0dc39645fb2681d6b9976315347df6f3ad2000350","92aec74a85406ffa96c826348ffe298dba702639ecdf956160bf655db48cc40f","77301"
"BUNDLE-ASCEND950-ASC950-SIGN-0462","ASCEND950","3","ASC950-SIGN-0462","最小参考资料库/search-results.csv","search_result_id","SRESULT-M2W3-HUAWEI-ASC950DT-HBM-STACKS-H2","审计/子代理交接/m2_staging/M2-W3-HUAWEI-ASCEND950-PHYSICAL/structured/search-results.csv","64402aab5d564822cd65b94018b1784250a38b824e1cda0625cca2b90b3727ba","48932","draft","reviewed","","","","a8121996abdfb7b1dc160587e5ae959f142500cadcb98d6c7f987ea5685b7c1d","a8121996abdfb7b1dc160587e5ae959f142500cadcb98d6c7f987ea5685b7c1d","d381242b83df1111c1ee6ca632b45b16ee09527d0612f43947ce770e838e3541","92aec74a85406ffa96c826348ffe298dba702639ecdf956160bf655db48cc40f","77301"
"BUNDLE-ASCEND950-ASC950-SIGN-0463","ASCEND950","3","ASC950-SIGN-0463","最小参考资料库/search-results.csv","search_result_id","SRESULT-M2W3-HUAWEI-ASC950DT-HBM-STACKS-H6","审计/子代理交接/m2_staging/M2-W3-HUAWEI-ASCEND950-PHYSICAL/structured/search-results.csv","64402aab5d564822cd65b94018b1784250a38b824e1cda0625cca2b90b3727ba","48932","draft","reviewed","","","","e4d487dab91d7ceab1ac92dc6139e21494724cc0a0eac31d0871df93a5eee9c0","e4d487dab91d7ceab1ac92dc6139e21494724cc0a0eac31d0871df93a5eee9c0","4b126a4b56e6e5f66f991afa1c70f88670567f9be9e5d0d1846c8c921a34de26","92aec74a85406ffa96c826348ffe298dba702639ecdf956160bf655db48cc40f","77301"
"BUNDLE-ASCEND950-ASC950-SIGN-0464","ASCEND950","3","ASC950-SIGN-0464","最小参考资料库/search-results.csv","search_result_id","SRESULT-M2W3-HUAWEI-ASC950DT-HBM-STACKS-H7","审计/子代理交接/m2_staging/M2-W3-HUAWEI-ASCEND950-PHYSICAL/structured/search-results.csv","64402aab5d564822cd65b94018b1784250a38b824e1cda0625cca2b90b3727ba","48932","draft","reviewed","","","","467831403156480278bd44c5c5997c5930f863a813fba9d53f661f3c273ff4cd","467831403156480278bd44c5c5997c5930f863a813fba9d53f661f3c273ff4cd","0c76b8baa6cbe7d0a398186ea694adc88d51d79577752b18e969cce0642cfeb1","92aec74a85406ffa96c826348ffe298dba702639ecdf956160bf655db48cc40f","77301"
"BUNDLE-ASCEND950-ASC950-SIGN-0465","ASCEND950","3","ASC950-SIGN-0465","最小参考资料库/search-results.csv","search_result_id","SRESULT-M2W3-HUAWEI-ASC950DT-HBM-STACKS-H12","审计/子代理交接/m2_staging/M2-W3-HUAWEI-ASCEND950-PHYSICAL/structured/search-results.csv","64402aab5d564822cd65b94018b1784250a38b824e1cda0625cca2b90b3727ba","48932","draft","reviewed","","","","bac8cfd679bb0c465ecb02f53e8b9faa07c78eced18d679cd20b8d91e2bf71d0","bac8cfd679bb0c465ecb02f53e8b9faa07c78eced18d679cd20b8d91e2bf71d0","be41152fb039563c50bcf338894b8120ad96a79fb72b97dca0bb6ce81ecc938e","92aec74a85406ffa96c826348ffe298dba702639ecdf956160bf655db48cc40f","77301"
"BUNDLE-ASCEND950-ASC950-SIGN-0466","ASCEND950","3","ASC950-SIGN-0466","最小参考资料库/search-results.csv","search_result_id","SRESULT-M2W3-HUAWEI-ASC950DT-HBM-INTERFACE-H2","审计/子代理交接/m2_staging/M2-W3-HUAWEI-ASCEND950-PHYSICAL/structured/search-results.csv","64402aab5d564822cd65b94018b1784250a38b824e1cda0625cca2b90b3727ba","48932","draft","reviewed","","","","468e85d66ffd271afd2b03fee3622f3548239ce5bd2a3943022758f3466cd423","468e85d66ffd271afd2b03fee3622f3548239ce5bd2a3943022758f3466cd423","06dde5e5bc13d4f37e8c9165aef57a675299e9ea14c945e5bb3cf7ac00f454d1","92aec74a85406ffa96c826348ffe298dba702639ecdf956160bf655db48cc40f","77301"
"BUNDLE-ASCEND950-ASC950-SIGN-0467","ASCEND950","3","ASC950-SIGN-0467","最小参考资料库/search-results.csv","search_result_id","SRESULT-M2W3-HUAWEI-ASC950DT-HBM-INTERFACE-H6","审计/子代理交接/m2_staging/M2-W3-HUAWEI-ASCEND950-PHYSICAL/structured/search-results.csv","64402aab5d564822cd65b94018b1784250a38b824e1cda0625cca2b90b3727ba","48932","draft","reviewed","","","","78e4f0ba1c8c1aebbe31dd8104881bc8cd3508c00f47534383968e711fd90810","78e4f0ba1c8c1aebbe31dd8104881bc8cd3508c00f47534383968e711fd90810","596f72280c3eb5a30cb9421e1ec8e80d3cd003e790c16488be1435da21fd7be1","92aec74a85406ffa96c826348ffe298dba702639ecdf956160bf655db48cc40f","77301"
"BUNDLE-ASCEND950-ASC950-SIGN-0468","ASCEND950","3","ASC950-SIGN-0468","最小参考资料库/search-results.csv","search_result_id","SRESULT-M2W3-HUAWEI-ASC950DT-HBM-INTERFACE-H7","审计/子代理交接/m2_staging/M2-W3-HUAWEI-ASCEND950-PHYSICAL/structured/search-results.csv","64402aab5d564822cd65b94018b1784250a38b824e1cda0625cca2b90b3727ba","48932","draft","reviewed","","","","562f462086228ac5c84ae9bec8dfdd60d5b89b0cf652c7205984075a81ce3d2c","562f462086228ac5c84ae9bec8dfdd60d5b89b0cf652c7205984075a81ce3d2c","00aab379a06d749e45e0b039669c355a1e64f4595bdc35cd9ec848e4f67bf496","92aec74a85406ffa96c826348ffe298dba702639ecdf956160bf655db48cc40f","77301"
"BUNDLE-ASCEND950-ASC950-SIGN-0469","ASCEND950","3","ASC950-SIGN-0469","最小参考资料库/search-results.csv","search_result_id","SRESULT-M2W3-HUAWEI-ASC950DT-HBM-INTERFACE-H12","审计/子代理交接/m2_staging/M2-W3-HUAWEI-ASCEND950-PHYSICAL/structured/search-results.csv","64402aab5d564822cd65b94018b1784250a38b824e1cda0625cca2b90b3727ba","48932","draft","reviewed","","","","833c733540267801cd9ac67b9bcfe91cf77aaa9ea7bd73a19ca3985c57d4708b","833c733540267801cd9ac67b9bcfe91cf77aaa9ea7bd73a19ca3985c57d4708b","dc3a67da4290e2cdacab877b01c50d09c3714143153252627898d0193a09f3d2","92aec74a85406ffa96c826348ffe298dba702639ecdf956160bf655db48cc40f","77301"
"BUNDLE-ASCEND950-ASC950-SIGN-0470","ASCEND950","3","ASC950-SIGN-0470","最小参考资料库/search-results.csv","search_result_id","SRESULT-M2W3-HUAWEI-ASC950DT-INTERPOSER-H2","审计/子代理交接/m2_staging/M2-W3-HUAWEI-ASCEND950-PHYSICAL/structured/search-results.csv","64402aab5d564822cd65b94018b1784250a38b824e1cda0625cca2b90b3727ba","48932","draft","reviewed","","","","85a80df78c490b169fa8a8fd72d6a875cc8a12323b5f20acad38a899f550c725","85a80df78c490b169fa8a8fd72d6a875cc8a12323b5f20acad38a899f550c725","5934bdfeba082da7cce6964b2174721b61ce00e78fdfa57c431b13c199de02dc","92aec74a85406ffa96c826348ffe298dba702639ecdf956160bf655db48cc40f","77301"
"BUNDLE-ASCEND950-ASC950-SIGN-0471","ASCEND950","3","ASC950-SIGN-0471","最小参考资料库/search-results.csv","search_result_id","SRESULT-M2W3-HUAWEI-ASC950DT-INTERPOSER-H6","审计/子代理交接/m2_staging/M2-W3-HUAWEI-ASCEND950-PHYSICAL/structured/search-results.csv","64402aab5d564822cd65b94018b1784250a38b824e1cda0625cca2b90b3727ba","48932","draft","reviewed","","","","85557227f047f1ace623e491e94179ac49b6892c3e384d59b96f1a9a772473de","85557227f047f1ace623e491e94179ac49b6892c3e384d59b96f1a9a772473de","df6985584cbf525468a1d1c87d8805b3cde2ba8bcab8f5faf8a756807267c503","92aec74a85406ffa96c826348ffe298dba702639ecdf956160bf655db48cc40f","77301"
"BUNDLE-ASCEND950-ASC950-SIGN-0472","ASCEND950","3","ASC950-SIGN-0472","最小参考资料库/search-results.csv","search_result_id","SRESULT-M2W3-HUAWEI-ASC950DT-INTERPOSER-H7","审计/子代理交接/m2_staging/M2-W3-HUAWEI-ASCEND950-PHYSICAL/structured/search-results.csv","64402aab5d564822cd65b94018b1784250a38b824e1cda0625cca2b90b3727ba","48932","draft","reviewed","","","","a0d9b6d9dd1d8252b249b71857a85683f86cd1916f8a90d2ea348ea224278f8f","a0d9b6d9dd1d8252b249b71857a85683f86cd1916f8a90d2ea348ea224278f8f","6863ea55944f2ff6373091027d0b785db8c6337830b4a05f78ad810ad4d1f7da","92aec74a85406ffa96c826348ffe298dba702639ecdf956160bf655db48cc40f","77301"
"BUNDLE-ASCEND950-ASC950-SIGN-0473","ASCEND950","3","ASC950-SIGN-0473","最小参考资料库/search-results.csv","search_result_id","SRESULT-M2W3-HUAWEI-ASC950DT-INTERPOSER-H12","审计/子代理交接/m2_staging/M2-W3-HUAWEI-ASCEND950-PHYSICAL/structured/search-results.csv","64402aab5d564822cd65b94018b1784250a38b824e1cda0625cca2b90b3727ba","48932","draft","reviewed","","","","112fb5bc12d638e8d4ad7dab0c18460bf01bbce07a418335b22f432e696ca396","112fb5bc12d638e8d4ad7dab0c18460bf01bbce07a418335b22f432e696ca396","194b60785a19cc82dd914d64f879a1667aa9773f62a96480e59ca41d79ac9af8","92aec74a85406ffa96c826348ffe298dba702639ecdf956160bf655db48cc40f","77301"
"BUNDLE-ASCEND950-ASC950-SIGN-0474","ASCEND950","3","ASC950-SIGN-0474","最小参考资料库/search-results.csv","search_result_id","SRESULT-M2W3-HUAWEI-ASC950DT-POWER-H2","审计/子代理交接/m2_staging/M2-W3-HUAWEI-ASCEND950-PHYSICAL/structured/search-results.csv","64402aab5d564822cd65b94018b1784250a38b824e1cda0625cca2b90b3727ba","48932","draft","reviewed","","","","de58f5290bd60aac5c8c505a8f877fa16742d0a78762215e729498451f690384","de58f5290bd60aac5c8c505a8f877fa16742d0a78762215e729498451f690384","2ed8fab9b0b40d1dd8a88ad11ea57a9c1bf18f4eabb68d671a2ffb3697cd8a73","92aec74a85406ffa96c826348ffe298dba702639ecdf956160bf655db48cc40f","77301"
"BUNDLE-ASCEND950-ASC950-SIGN-0475","ASCEND950","3","ASC950-SIGN-0475","最小参考资料库/search-results.csv","search_result_id","SRESULT-M2W3-HUAWEI-ASC950DT-POWER-H6","审计/子代理交接/m2_staging/M2-W3-HUAWEI-ASCEND950-PHYSICAL/structured/search-results.csv","64402aab5d564822cd65b94018b1784250a38b824e1cda0625cca2b90b3727ba","48932","draft","reviewed","","","","a85f0fac4d50e546680f808f46996645d339fb15ff2c9eda838bd6be02f22a50","a85f0fac4d50e546680f808f46996645d339fb15ff2c9eda838bd6be02f22a50","b23b2530e9a635f5616d2d527cff61ea42247f92e0e43d46193cd6b82159aff6","92aec74a85406ffa96c826348ffe298dba702639ecdf956160bf655db48cc40f","77301"
"BUNDLE-ASCEND950-ASC950-SIGN-0476","ASCEND950","3","ASC950-SIGN-0476","最小参考资料库/search-results.csv","search_result_id","SRESULT-M2W3-HUAWEI-ASC950DT-POWER-H7","审计/子代理交接/m2_staging/M2-W3-HUAWEI-ASCEND950-PHYSICAL/structured/search-results.csv","64402aab5d564822cd65b94018b1784250a38b824e1cda0625cca2b90b3727ba","48932","draft","reviewed","","","","92e1eabb9a216b653e9a0f2cc8d758f1f893b09856a6e826ce9de88d661f600f","92e1eabb9a216b653e9a0f2cc8d758f1f893b09856a6e826ce9de88d661f600f","a64666c0c13e7eb40986dd06c14042170c6110f5e31f1950e182964a00b1cd3a","92aec74a85406ffa96c826348ffe298dba702639ecdf956160bf655db48cc40f","77301"
"BUNDLE-ASCEND950-ASC950-SIGN-0477","ASCEND950","3","ASC950-SIGN-0477","最小参考资料库/search-results.csv","search_result_id","SRESULT-M2W3-HUAWEI-ASC950DT-POWER-H12","审计/子代理交接/m2_staging/M2-W3-HUAWEI-ASCEND950-PHYSICAL/structured/search-results.csv","64402aab5d564822cd65b94018b1784250a38b824e1cda0625cca2b90b3727ba","48932","draft","reviewed","","","","f06ebcbf83e42a2c6a89f22b72ba3a867f2238f9471844fbbac25627d29e0e28","f06ebcbf83e42a2c6a89f22b72ba3a867f2238f9471844fbbac25627d29e0e28","ce662db738c6d5c96ac599b8636195b9b5553058244cc3b807d41b7cdda5ed81","92aec74a85406ffa96c826348ffe298dba702639ecdf956160bf655db48cc40f","77301"
"BUNDLE-ASCEND950-ASC950-SIGN-0478","ASCEND950","3","ASC950-SIGN-0478","最小参考资料库/search-results.csv","search_result_id","SRESULT-M2W3-HUAWEI-ASC950DT-MEM-LATENCY-H2","审计/子代理交接/m2_staging/M2-W3-HUAWEI-ASCEND950-PHYSICAL/structured/search-results.csv","64402aab5d564822cd65b94018b1784250a38b824e1cda0625cca2b90b3727ba","48932","draft","reviewed","","","","70ed1475d8fa7c9045f665d4302ca1b35bdeaf691939c4bc541b35636cf16135","70ed1475d8fa7c9045f665d4302ca1b35bdeaf691939c4bc541b35636cf16135","7b152708ff65b15145c75826b5c480e2920b1dbce051805105f4d3cdc2d938bf","92aec74a85406ffa96c826348ffe298dba702639ecdf956160bf655db48cc40f","77301"
"BUNDLE-ASCEND950-ASC950-SIGN-0479","ASCEND950","3","ASC950-SIGN-0479","最小参考资料库/search-results.csv","search_result_id","SRESULT-M2W3-HUAWEI-ASC950DT-MEM-LATENCY-H6","审计/子代理交接/m2_staging/M2-W3-HUAWEI-ASCEND950-PHYSICAL/structured/search-results.csv","64402aab5d564822cd65b94018b1784250a38b824e1cda0625cca2b90b3727ba","48932","draft","reviewed","","","","7082b15e206218640692b0faeca1aea346d750701adc57eb99afe0a6ea955888","7082b15e206218640692b0faeca1aea346d750701adc57eb99afe0a6ea955888","d7bd46defecf75d5324a2098247d51d6f0f1864e3a145d72eafbdd7b44b2f213","92aec74a85406ffa96c826348ffe298dba702639ecdf956160bf655db48cc40f","77301"
"BUNDLE-ASCEND950-ASC950-SIGN-0480","ASCEND950","3","ASC950-SIGN-0480","最小参考资料库/search-results.csv","search_result_id","SRESULT-M2W3-HUAWEI-ASC950DT-MEM-LATENCY-H7","审计/子代理交接/m2_staging/M2-W3-HUAWEI-ASCEND950-PHYSICAL/structured/search-results.csv","64402aab5d564822cd65b94018b1784250a38b824e1cda0625cca2b90b3727ba","48932","draft","reviewed","","","","38bd361993d2e6ac0d9fa27ec3f74b936a2589a09b5bf53a4f3a46619932a15d","38bd361993d2e6ac0d9fa27ec3f74b936a2589a09b5bf53a4f3a46619932a15d","7f24d16c185375887f1f14e5bee14a2dcb05364b8dd02d4939f53d229be54a8d","92aec74a85406ffa96c826348ffe298dba702639ecdf956160bf655db48cc40f","77301"
"BUNDLE-ASCEND950-ASC950-SIGN-0481","ASCEND950","3","ASC950-SIGN-0481","最小参考资料库/search-results.csv","search_result_id","SRESULT-M2W3-HUAWEI-ASC950DT-MEM-LATENCY-H12","审计/子代理交接/m2_staging/M2-W3-HUAWEI-ASCEND950-PHYSICAL/structured/search-results.csv","64402aab5d564822cd65b94018b1784250a38b824e1cda0625cca2b90b3727ba","48932","draft","reviewed","","","","bf1ca09ead9c023a0a444864ddc98e465ddd604e53811e30863d02e354495a15","bf1ca09ead9c023a0a444864ddc98e465ddd604e53811e30863d02e354495a15","2467ac148174fbe8ce068f0ea693345d3094c874be76f446c3fa0ad1ba974a83","92aec74a85406ffa96c826348ffe298dba702639ecdf956160bf655db48cc40f","77301"
"BUNDLE-ASCEND950-ASC950-SIGN-0482","ASCEND950","3","ASC950-SIGN-0482","最小参考资料库/search-results.csv","search_result_id","SRESULT-M2W3-HUAWEI-ASC950DT-MEM-RW-MODEL-H2","审计/子代理交接/m2_staging/M2-W3-HUAWEI-ASCEND950-PHYSICAL/structured/search-results.csv","64402aab5d564822cd65b94018b1784250a38b824e1cda0625cca2b90b3727ba","48932","draft","reviewed","","","","bd61f835229070cf9d9e5aae21b1d98cb065c465785aaa6938f55bf6741d22b6","bd61f835229070cf9d9e5aae21b1d98cb065c465785aaa6938f55bf6741d22b6","90578b871f70af26b4b803468e36fe92e0ee2fac00e31682033e1ada20915561","92aec74a85406ffa96c826348ffe298dba702639ecdf956160bf655db48cc40f","77301"
"BUNDLE-ASCEND950-ASC950-SIGN-0483","ASCEND950","3","ASC950-SIGN-0483","最小参考资料库/search-results.csv","search_result_id","SRESULT-M2W3-HUAWEI-ASC950DT-MEM-RW-MODEL-H6","审计/子代理交接/m2_staging/M2-W3-HUAWEI-ASCEND950-PHYSICAL/structured/search-results.csv","64402aab5d564822cd65b94018b1784250a38b824e1cda0625cca2b90b3727ba","48932","draft","reviewed","","","","2166ae3e77c2b432f1e0299fb58d7eabaa0010ab53a4f76862601d7f2132d818","2166ae3e77c2b432f1e0299fb58d7eabaa0010ab53a4f76862601d7f2132d818","eac21ec134e52236a5b2c62339fcf1c93181c224cc91965dff0c6be0be3f7d6d","92aec74a85406ffa96c826348ffe298dba702639ecdf956160bf655db48cc40f","77301"
"BUNDLE-ASCEND950-ASC950-SIGN-0484","ASCEND950","3","ASC950-SIGN-0484","最小参考资料库/search-results.csv","search_result_id","SRESULT-M2W3-HUAWEI-ASC950DT-MEM-RW-MODEL-H7","审计/子代理交接/m2_staging/M2-W3-HUAWEI-ASCEND950-PHYSICAL/structured/search-results.csv","64402aab5d564822cd65b94018b1784250a38b824e1cda0625cca2b90b3727ba","48932","draft","reviewed","","","","98889c2ad18d7bd4d8ef6bdd3febc71aec28e7c6d4ba9d58a40812509374279d","98889c2ad18d7bd4d8ef6bdd3febc71aec28e7c6d4ba9d58a40812509374279d","54918ab7246f2826d3d6de0b0180ba0e16dfa324f405570f2ad4966abf7023ad","92aec74a85406ffa96c826348ffe298dba702639ecdf956160bf655db48cc40f","77301"
"BUNDLE-ASCEND950-ASC950-SIGN-0485","ASCEND950","3","ASC950-SIGN-0485","最小参考资料库/search-results.csv","search_result_id","SRESULT-M2W3-HUAWEI-ASC950DT-MEM-RW-MODEL-H12","审计/子代理交接/m2_staging/M2-W3-HUAWEI-ASCEND950-PHYSICAL/structured/search-results.csv","64402aab5d564822cd65b94018b1784250a38b824e1cda0625cca2b90b3727ba","48932","draft","reviewed","","","","27dd1fb8288bfa8451467cf3e1b45fc38c59075a3ead0b480c6a9c7c30289e11","27dd1fb8288bfa8451467cf3e1b45fc38c59075a3ead0b480c6a9c7c30289e11","3b3915c5b4b6335bf0e16df54421d62eba94facd84cb3d44d23c886ee36db47d","92aec74a85406ffa96c826348ffe298dba702639ecdf956160bf655db48cc40f","77301"
"BUNDLE-ASCEND950-ASC950-SIGN-0486","ASCEND950","3","ASC950-SIGN-0486","最小参考资料库/search-results.csv","search_result_id","SRESULT-M2W3-HUAWEI-ASC950DT-LINK-RATE-H2","审计/子代理交接/m2_staging/M2-W3-HUAWEI-ASCEND950-PHYSICAL/structured/search-results.csv","64402aab5d564822cd65b94018b1784250a38b824e1cda0625cca2b90b3727ba","48932","draft","reviewed","","","","0cc662bb3f1ab97701d0576ab9943a9f51d5257726080747b03c4d7a4e482783","0cc662bb3f1ab97701d0576ab9943a9f51d5257726080747b03c4d7a4e482783","4259f067d9a76391f1bbec66cd66be8918e1cc8f39054a1c7a12809002e29105","92aec74a85406ffa96c826348ffe298dba702639ecdf956160bf655db48cc40f","77301"
"BUNDLE-ASCEND950-ASC950-SIGN-0487","ASCEND950","3","ASC950-SIGN-0487","最小参考资料库/search-results.csv","search_result_id","SRESULT-M2W3-HUAWEI-ASC950DT-LINK-RATE-H6","审计/子代理交接/m2_staging/M2-W3-HUAWEI-ASCEND950-PHYSICAL/structured/search-results.csv","64402aab5d564822cd65b94018b1784250a38b824e1cda0625cca2b90b3727ba","48932","draft","reviewed","","","","00110d0ba3dea7630fdbf54922836fd01523e3bfd60c3dd9b132b9cd0ec97ad2","00110d0ba3dea7630fdbf54922836fd01523e3bfd60c3dd9b132b9cd0ec97ad2","f31780b9f13128c8a690a2b5c29e7ac651d16ef1f76f230788b163044f8558b9","92aec74a85406ffa96c826348ffe298dba702639ecdf956160bf655db48cc40f","77301"
"BUNDLE-ASCEND950-ASC950-SIGN-0488","ASCEND950","3","ASC950-SIGN-0488","最小参考资料库/search-results.csv","search_result_id","SRESULT-M2W3-HUAWEI-ASC950DT-LINK-RATE-H7","审计/子代理交接/m2_staging/M2-W3-HUAWEI-ASCEND950-PHYSICAL/structured/search-results.csv","64402aab5d564822cd65b94018b1784250a38b824e1cda0625cca2b90b3727ba","48932","draft","reviewed","","","","b2a1a33c3b060b53f6c2fc9988909196a94ac9a81af56ec1437bc040b053c936","b2a1a33c3b060b53f6c2fc9988909196a94ac9a81af56ec1437bc040b053c936","e1b3d287db8db7ecdb4851b07b71e626d16044f3a44eee46e735febf761c3f6b","92aec74a85406ffa96c826348ffe298dba702639ecdf956160bf655db48cc40f","77301"
"BUNDLE-ASCEND950-ASC950-SIGN-0489","ASCEND950","3","ASC950-SIGN-0489","最小参考资料库/search-results.csv","search_result_id","SRESULT-M2W3-HUAWEI-ASC950DT-LINK-RATE-H12","审计/子代理交接/m2_staging/M2-W3-HUAWEI-ASCEND950-PHYSICAL/structured/search-results.csv","64402aab5d564822cd65b94018b1784250a38b824e1cda0625cca2b90b3727ba","48932","draft","reviewed","","","","daafff36eaf2e09811391c0c4c30475119e034bcc5236f3f59ef7b7bb88000f6","daafff36eaf2e09811391c0c4c30475119e034bcc5236f3f59ef7b7bb88000f6","f2dd4fc73ae7b55e01dc62d171ee30eee10ee1361a1a410426ebbb4f1f9e2675","92aec74a85406ffa96c826348ffe298dba702639ecdf956160bf655db48cc40f","77301"
"BUNDLE-ASCEND950-ASC950-SIGN-0490","ASCEND950","3","ASC950-SIGN-0490","最小参考资料库/search-results.csv","search_result_id","SRESULT-M2W3-HUAWEI-ASC950DT-LINK-COUNT-H2","审计/子代理交接/m2_staging/M2-W3-HUAWEI-ASCEND950-PHYSICAL/structured/search-results.csv","64402aab5d564822cd65b94018b1784250a38b824e1cda0625cca2b90b3727ba","48932","draft","reviewed","","","","584682bca5dd7b7c9cf36d75fccfe293b13f19830eff47ab495f84ad18975c8a","584682bca5dd7b7c9cf36d75fccfe293b13f19830eff47ab495f84ad18975c8a","27797560f60b198b5ae599fdf098d45b1d77fb4317274d404f11a31f43845b83","92aec74a85406ffa96c826348ffe298dba702639ecdf956160bf655db48cc40f","77301"
"BUNDLE-ASCEND950-ASC950-SIGN-0491","ASCEND950","3","ASC950-SIGN-0491","最小参考资料库/search-results.csv","search_result_id","SRESULT-M2W3-HUAWEI-ASC950DT-LINK-COUNT-H6","审计/子代理交接/m2_staging/M2-W3-HUAWEI-ASCEND950-PHYSICAL/structured/search-results.csv","64402aab5d564822cd65b94018b1784250a38b824e1cda0625cca2b90b3727ba","48932","draft","reviewed","","","","cab0e4d16a445cad9af8146286f973f0cc79fd2495a749f5869c0ad2a5d9ff91","cab0e4d16a445cad9af8146286f973f0cc79fd2495a749f5869c0ad2a5d9ff91","bf79fde35d3f2e89e8ffcad77c9a1a88e5a76f15f5875310385a0f5af7dc7a3a","92aec74a85406ffa96c826348ffe298dba702639ecdf956160bf655db48cc40f","77301"
"BUNDLE-ASCEND950-ASC950-SIGN-0492","ASCEND950","3","ASC950-SIGN-0492","最小参考资料库/search-results.csv","search_result_id","SRESULT-M2W3-HUAWEI-ASC950DT-LINK-COUNT-H7","审计/子代理交接/m2_staging/M2-W3-HUAWEI-ASCEND950-PHYSICAL/structured/search-results.csv","64402aab5d564822cd65b94018b1784250a38b824e1cda0625cca2b90b3727ba","48932","draft","reviewed","","","","89cca594c8fc071007c0e95b13cbe11e9428d9905efcf80ac03d13e9b9ee264c","89cca594c8fc071007c0e95b13cbe11e9428d9905efcf80ac03d13e9b9ee264c","dc9987f91facc4a5394fd24fcceecbac60c5956c83491c14753379ce8d341176","92aec74a85406ffa96c826348ffe298dba702639ecdf956160bf655db48cc40f","77301"
"BUNDLE-ASCEND950-ASC950-SIGN-0493","ASCEND950","3","ASC950-SIGN-0493","最小参考资料库/search-results.csv","search_result_id","SRESULT-M2W3-HUAWEI-ASC950DT-LINK-COUNT-H12","审计/子代理交接/m2_staging/M2-W3-HUAWEI-ASCEND950-PHYSICAL/structured/search-results.csv","64402aab5d564822cd65b94018b1784250a38b824e1cda0625cca2b90b3727ba","48932","draft","reviewed","","","","1be08e0c5a330856ebf6d5f9ef6a499457adca1c7a5cbd9ed12c07dacbb5f2d1","1be08e0c5a330856ebf6d5f9ef6a499457adca1c7a5cbd9ed12c07dacbb5f2d1","12a5d6c1075ef257374b5123d7ad81cfc6861d0b2700009d004e02ed3727b6a3","92aec74a85406ffa96c826348ffe298dba702639ecdf956160bf655db48cc40f","77301"
"BUNDLE-ASCEND950-ASC950-SIGN-0494","ASCEND950","3","ASC950-SIGN-0494","最小参考资料库/search-results.csv","search_result_id","SRESULT-M2W3-HUAWEI-ASC950DT-TOPOLOGY-H2","审计/子代理交接/m2_staging/M2-W3-HUAWEI-ASCEND950-PHYSICAL/structured/search-results.csv","64402aab5d564822cd65b94018b1784250a38b824e1cda0625cca2b90b3727ba","48932","draft","reviewed","","","","ea0b75b739666f65adc707ccd161ab50219c668b586a35ead6fcfef8f6a3fe3f","ea0b75b739666f65adc707ccd161ab50219c668b586a35ead6fcfef8f6a3fe3f","b65d1d5fef6a1f6530564fc5e55786e821af03c98835984597b9eda0bfa6a7f1","92aec74a85406ffa96c826348ffe298dba702639ecdf956160bf655db48cc40f","77301"
"BUNDLE-ASCEND950-ASC950-SIGN-0495","ASCEND950","3","ASC950-SIGN-0495","最小参考资料库/search-results.csv","search_result_id","SRESULT-M2W3-HUAWEI-ASC950DT-TOPOLOGY-H6","审计/子代理交接/m2_staging/M2-W3-HUAWEI-ASCEND950-PHYSICAL/structured/search-results.csv","64402aab5d564822cd65b94018b1784250a38b824e1cda0625cca2b90b3727ba","48932","draft","reviewed","","","","42461d75b7af1da490cf4dd12f204f9582cc21169948f0b1d99f425fa91eb43d","42461d75b7af1da490cf4dd12f204f9582cc21169948f0b1d99f425fa91eb43d","66e77eea9988d5ee023f584151cad163a6cfcc5f01cff0ebfbfc29be254bad3d","92aec74a85406ffa96c826348ffe298dba702639ecdf956160bf655db48cc40f","77301"
"BUNDLE-ASCEND950-ASC950-SIGN-0496","ASCEND950","3","ASC950-SIGN-0496","最小参考资料库/search-results.csv","search_result_id","SRESULT-M2W3-HUAWEI-ASC950DT-TOPOLOGY-H7","审计/子代理交接/m2_staging/M2-W3-HUAWEI-ASCEND950-PHYSICAL/structured/search-results.csv","64402aab5d564822cd65b94018b1784250a38b824e1cda0625cca2b90b3727ba","48932","draft","reviewed","","","","ea1d90605e6b066ff1330254471739d8d09d485d70deff2beb59ba008c6a02fa","ea1d90605e6b066ff1330254471739d8d09d485d70deff2beb59ba008c6a02fa","11d6de2838db1d4265de160a8926451ea399e16eb7b26abedd09d106b1c9ac4d","92aec74a85406ffa96c826348ffe298dba702639ecdf956160bf655db48cc40f","77301"
"BUNDLE-ASCEND950-ASC950-SIGN-0497","ASCEND950","3","ASC950-SIGN-0497","最小参考资料库/search-results.csv","search_result_id","SRESULT-M2W3-HUAWEI-ASC950DT-TOPOLOGY-H12","审计/子代理交接/m2_staging/M2-W3-HUAWEI-ASCEND950-PHYSICAL/structured/search-results.csv","64402aab5d564822cd65b94018b1784250a38b824e1cda0625cca2b90b3727ba","48932","draft","reviewed","","","","ef43daf4d99e570269f4e73dadceea7f12a942059741624c8b0485040778a9cf","ef43daf4d99e570269f4e73dadceea7f12a942059741624c8b0485040778a9cf","9aeb319b312cefbc294b323a889a302283768193180a3ea749ffab62c5c1447e","92aec74a85406ffa96c826348ffe298dba702639ecdf956160bf655db48cc40f","77301"
"BUNDLE-ASCEND950-ASC950-SIGN-0498","ASCEND950","3","ASC950-SIGN-0498","最小参考资料库/search-results.csv","search_result_id","SRESULT-M2W3-HUAWEI-ASC950DT-SPECIAL-DETAIL-H2","审计/子代理交接/m2_staging/M2-W3-HUAWEI-ASCEND950-PHYSICAL/structured/search-results.csv","64402aab5d564822cd65b94018b1784250a38b824e1cda0625cca2b90b3727ba","48932","draft","reviewed","","","","c0163fa9bb5a588fde18e8f2ac02f5cdbe97bc20918b413cf6fbb4a1a911811c","c0163fa9bb5a588fde18e8f2ac02f5cdbe97bc20918b413cf6fbb4a1a911811c","134a761518322360115006b4680d98b0545331cccdf0bd9327b6fc0ba8f7bd87","92aec74a85406ffa96c826348ffe298dba702639ecdf956160bf655db48cc40f","77301"
"BUNDLE-ASCEND950-ASC950-SIGN-0499","ASCEND950","3","ASC950-SIGN-0499","最小参考资料库/search-results.csv","search_result_id","SRESULT-M2W3-HUAWEI-ASC950DT-SPECIAL-DETAIL-H6","审计/子代理交接/m2_staging/M2-W3-HUAWEI-ASCEND950-PHYSICAL/structured/search-results.csv","64402aab5d564822cd65b94018b1784250a38b824e1cda0625cca2b90b3727ba","48932","draft","reviewed","","","","3f073190d17cf94250649c0cb1e2b49cee36617fdabb91da169d6be88cdb6d31","3f073190d17cf94250649c0cb1e2b49cee36617fdabb91da169d6be88cdb6d31","3bf231c52614077bd433cbe9660aa3c8811d49ee5c86386772b465274de130db","92aec74a85406ffa96c826348ffe298dba702639ecdf956160bf655db48cc40f","77301"
"BUNDLE-ASCEND950-ASC950-SIGN-0500","ASCEND950","3","ASC950-SIGN-0500","最小参考资料库/search-results.csv","search_result_id","SRESULT-M2W3-HUAWEI-ASC950DT-SPECIAL-DETAIL-H7","审计/子代理交接/m2_staging/M2-W3-HUAWEI-ASCEND950-PHYSICAL/structured/search-results.csv","64402aab5d564822cd65b94018b1784250a38b824e1cda0625cca2b90b3727ba","48932","draft","reviewed","","","","6ccc3bea4e6aab7f757092911af4c43b53754b35dcef8ad4e1c77a2524017865","6ccc3bea4e6aab7f757092911af4c43b53754b35dcef8ad4e1c77a2524017865","8924c668926fe519ab71e5a3f3e7c41695b895c3e01116e1b4f8e21509ab9f66","92aec74a85406ffa96c826348ffe298dba702639ecdf956160bf655db48cc40f","77301"
"BUNDLE-ASCEND950-ASC950-SIGN-0501","ASCEND950","3","ASC950-SIGN-0501","最小参考资料库/search-results.csv","search_result_id","SRESULT-M2W3-HUAWEI-ASC950DT-SPECIAL-DETAIL-H12","审计/子代理交接/m2_staging/M2-W3-HUAWEI-ASCEND950-PHYSICAL/structured/search-results.csv","64402aab5d564822cd65b94018b1784250a38b824e1cda0625cca2b90b3727ba","48932","draft","reviewed","","","","840c7d29e96c40cbe134cbcad38788e63e55df2a186f17917e6797251ccd961c","840c7d29e96c40cbe134cbcad38788e63e55df2a186f17917e6797251ccd961c","eb6b2752c072e1c7c6ea32b30549a615b196d8e0b17f69f33d310da7ea6876fa","92aec74a85406ffa96c826348ffe298dba702639ecdf956160bf655db48cc40f","77301"
"BUNDLE-ASCEND950-ASC950-SIGN-0502","ASCEND950","3","ASC950-SIGN-0502","最小参考资料库/search-results.csv","search_result_id","SRESULT-M2W3-HUAWEI-ASC950DT-COMPILER-H2","审计/子代理交接/m2_staging/M2-W3-HUAWEI-ASCEND950-PHYSICAL/structured/search-results.csv","64402aab5d564822cd65b94018b1784250a38b824e1cda0625cca2b90b3727ba","48932","draft","reviewed","","","","7efdbccd214291f054136b8ca005ff80841043a12eaea46b624ab160793488bb","7efdbccd214291f054136b8ca005ff80841043a12eaea46b624ab160793488bb","f14f18817f6e3936b7ec5e42f32233a7a6db473fb12e291feb9c0c1bc5affbb1","92aec74a85406ffa96c826348ffe298dba702639ecdf956160bf655db48cc40f","77301"
"BUNDLE-ASCEND950-ASC950-SIGN-0503","ASCEND950","3","ASC950-SIGN-0503","最小参考资料库/search-results.csv","search_result_id","SRESULT-M2W3-HUAWEI-ASC950DT-COMPILER-H6","审计/子代理交接/m2_staging/M2-W3-HUAWEI-ASCEND950-PHYSICAL/structured/search-results.csv","64402aab5d564822cd65b94018b1784250a38b824e1cda0625cca2b90b3727ba","48932","draft","reviewed","","","","59eab3a8fda47df3af7c78eb3d016fde02c27e79af0546d18ee9c550c7b53893","59eab3a8fda47df3af7c78eb3d016fde02c27e79af0546d18ee9c550c7b53893","a3fcdcbbfcd3d637cf9e7b5c18bb84da51b6588b55745701b9d03df6fda949ef","92aec74a85406ffa96c826348ffe298dba702639ecdf956160bf655db48cc40f","77301"
"BUNDLE-ASCEND950-ASC950-SIGN-0504","ASCEND950","3","ASC950-SIGN-0504","最小参考资料库/search-results.csv","search_result_id","SRESULT-M2W3-HUAWEI-ASC950DT-COMPILER-H7","审计/子代理交接/m2_staging/M2-W3-HUAWEI-ASCEND950-PHYSICAL/structured/search-results.csv","64402aab5d564822cd65b94018b1784250a38b824e1cda0625cca2b90b3727ba","48932","draft","reviewed","","","","74874d24419a5aa32df58b03e814194a8f017e941440f89214550fd19825da3f","74874d24419a5aa32df58b03e814194a8f017e941440f89214550fd19825da3f","3d21d3a75105f20c57c89e68695a4945870dd79a6c7556e79cd8f6f5d5f86673","92aec74a85406ffa96c826348ffe298dba702639ecdf956160bf655db48cc40f","77301"
"BUNDLE-ASCEND950-ASC950-SIGN-0505","ASCEND950","3","ASC950-SIGN-0505","最小参考资料库/search-results.csv","search_result_id","SRESULT-M2W3-HUAWEI-ASC950DT-COMPILER-H12","审计/子代理交接/m2_staging/M2-W3-HUAWEI-ASCEND950-PHYSICAL/structured/search-results.csv","64402aab5d564822cd65b94018b1784250a38b824e1cda0625cca2b90b3727ba","48932","draft","reviewed","","","","87e27578450dca24f1525594b0847fdf615a375d1da8b592096c732feefcd9c1","87e27578450dca24f1525594b0847fdf615a375d1da8b592096c732feefcd9c1","4c4e6e66844fb114df1ea768caecd317ab6fa7dba7380c3818969fe245035ac0","92aec74a85406ffa96c826348ffe298dba702639ecdf956160bf655db48cc40f","77301"
"BUNDLE-ASCEND950-ASC950-SIGN-0506","ASCEND950","3","ASC950-SIGN-0506","最小参考资料库/search-results.csv","search_result_id","SRESULT-M2W3-HUAWEI-ASC950DT-RUNTIME-H2","审计/子代理交接/m2_staging/M2-W3-HUAWEI-ASCEND950-PHYSICAL/structured/search-results.csv","64402aab5d564822cd65b94018b1784250a38b824e1cda0625cca2b90b3727ba","48932","draft","reviewed","","","","c219ef1db77545d06c41cd32e6c3521daea42b48bdd778aa49084d677c4bef96","c219ef1db77545d06c41cd32e6c3521daea42b48bdd778aa49084d677c4bef96","f6e07912e031a0be5a59e4356f6f3bfecb7991afa14cb03c9bffc9070072faaa","92aec74a85406ffa96c826348ffe298dba702639ecdf956160bf655db48cc40f","77301"
"BUNDLE-ASCEND950-ASC950-SIGN-0507","ASCEND950","3","ASC950-SIGN-0507","最小参考资料库/search-results.csv","search_result_id","SRESULT-M2W3-HUAWEI-ASC950DT-RUNTIME-H6","审计/子代理交接/m2_staging/M2-W3-HUAWEI-ASCEND950-PHYSICAL/structured/search-results.csv","64402aab5d564822cd65b94018b1784250a38b824e1cda0625cca2b90b3727ba","48932","draft","reviewed","","","","018e01e1115c39c7b899c050b5ddcebdcc050d817cbc140480f8f426ea6bddf0","018e01e1115c39c7b899c050b5ddcebdcc050d817cbc140480f8f426ea6bddf0","62616db19a2370500532cd48c8ce684a7922f1800d6f916765b749c04294e593","92aec74a85406ffa96c826348ffe298dba702639ecdf956160bf655db48cc40f","77301"
"BUNDLE-ASCEND950-ASC950-SIGN-0508","ASCEND950","3","ASC950-SIGN-0508","最小参考资料库/search-results.csv","search_result_id","SRESULT-M2W3-HUAWEI-ASC950DT-RUNTIME-H7","审计/子代理交接/m2_staging/M2-W3-HUAWEI-ASCEND950-PHYSICAL/structured/search-results.csv","64402aab5d564822cd65b94018b1784250a38b824e1cda0625cca2b90b3727ba","48932","draft","reviewed","","","","61aa89578468dd4524bd6a6f30d2c9f1b270172a5e4cce81cf2bbdc63791e8c4","61aa89578468dd4524bd6a6f30d2c9f1b270172a5e4cce81cf2bbdc63791e8c4","0120447751d6873886027dacaacaac1f5a230659c50963f51ca3780529c3fec4","92aec74a85406ffa96c826348ffe298dba702639ecdf956160bf655db48cc40f","77301"
"BUNDLE-ASCEND950-ASC950-SIGN-0509","ASCEND950","3","ASC950-SIGN-0509","最小参考资料库/search-results.csv","search_result_id","SRESULT-M2W3-HUAWEI-ASC950DT-RUNTIME-H12","审计/子代理交接/m2_staging/M2-W3-HUAWEI-ASCEND950-PHYSICAL/structured/search-results.csv","64402aab5d564822cd65b94018b1784250a38b824e1cda0625cca2b90b3727ba","48932","draft","reviewed","","","","40c6d25e38a3091083efed5f4036260efb4eca9e1809646610be1fc129157e4b","40c6d25e38a3091083efed5f4036260efb4eca9e1809646610be1fc129157e4b","c7842125fd606b2f493188a2182e8b75524245978821a70aba00858df3cb83ff","92aec74a85406ffa96c826348ffe298dba702639ecdf956160bf655db48cc40f","77301"
"BUNDLE-ASCEND950-ASC950-SIGN-0510","ASCEND950","3","ASC950-SIGN-0510","最小参考资料库/search-results.csv","search_result_id","SRESULT-M2W3-HUAWEI-ASC950DT-ACCUM-H2","审计/子代理交接/m2_staging/M2-W3-HUAWEI-ASCEND950-PHYSICAL/structured/search-results.csv","64402aab5d564822cd65b94018b1784250a38b824e1cda0625cca2b90b3727ba","48932","draft","reviewed","","","","4ce2ee3d74fcc0e41eea35421d169ace8457a15968024cccc58bbe5a5b6dc4e2","4ce2ee3d74fcc0e41eea35421d169ace8457a15968024cccc58bbe5a5b6dc4e2","3a06eada54f87296bc33f5a6508d67a65836d210289c8ae6c9820146fa9671ee","92aec74a85406ffa96c826348ffe298dba702639ecdf956160bf655db48cc40f","77301"
"BUNDLE-ASCEND950-ASC950-SIGN-0511","ASCEND950","3","ASC950-SIGN-0511","最小参考资料库/search-results.csv","search_result_id","SRESULT-M2W3-HUAWEI-ASC950DT-ACCUM-H6","审计/子代理交接/m2_staging/M2-W3-HUAWEI-ASCEND950-PHYSICAL/structured/search-results.csv","64402aab5d564822cd65b94018b1784250a38b824e1cda0625cca2b90b3727ba","48932","draft","reviewed","","","","1dcb113eb83dc42ecb18390e8722a08371ba4dcdb4ea8079ff6caffca9f79b50","1dcb113eb83dc42ecb18390e8722a08371ba4dcdb4ea8079ff6caffca9f79b50","4770bff3434db0398fa025b800c92f226cc28733c3d48a8897ab329e266da2e1","92aec74a85406ffa96c826348ffe298dba702639ecdf956160bf655db48cc40f","77301"
"BUNDLE-ASCEND950-ASC950-SIGN-0512","ASCEND950","3","ASC950-SIGN-0512","最小参考资料库/search-results.csv","search_result_id","SRESULT-M2W3-HUAWEI-ASC950DT-ACCUM-H7","审计/子代理交接/m2_staging/M2-W3-HUAWEI-ASCEND950-PHYSICAL/structured/search-results.csv","64402aab5d564822cd65b94018b1784250a38b824e1cda0625cca2b90b3727ba","48932","draft","reviewed","","","","e20794e3589697194f641a8a17b3e1c9187a14732b4f78e4f1c33d0b175d2724","e20794e3589697194f641a8a17b3e1c9187a14732b4f78e4f1c33d0b175d2724","438afe25fbc4022b03ab842d9ac8da64ad7eb1e02f92a1a37e2fb8300c87976b","92aec74a85406ffa96c826348ffe298dba702639ecdf956160bf655db48cc40f","77301"
"BUNDLE-ASCEND950-ASC950-SIGN-0513","ASCEND950","3","ASC950-SIGN-0513","最小参考资料库/search-results.csv","search_result_id","SRESULT-M2W3-HUAWEI-ASC950DT-ACCUM-H12","审计/子代理交接/m2_staging/M2-W3-HUAWEI-ASCEND950-PHYSICAL/structured/search-results.csv","64402aab5d564822cd65b94018b1784250a38b824e1cda0625cca2b90b3727ba","48932","draft","reviewed","","","","fa369ab9700f927b84258b7e24f12b343402e36df4fa4539a2df8f589dd4c570","fa369ab9700f927b84258b7e24f12b343402e36df4fa4539a2df8f589dd4c570","aedd1a7066b2ceb36f694bca9982a0b958aa151f6b03ef3841e0b99fcef90398","92aec74a85406ffa96c826348ffe298dba702639ecdf956160bf655db48cc40f","77301"
"BUNDLE-ASCEND950-ASC950-SIGN-0514","ASCEND950","3","ASC950-SIGN-0514","最小参考资料库/search-results.csv","search_result_id","SRESULT-M2W3-HUAWEI-ASC950DT-PHYSICAL-ACCUM-H2","审计/子代理交接/m2_staging/M2-W3-HUAWEI-ASCEND950-PHYSICAL/structured/search-results.csv","64402aab5d564822cd65b94018b1784250a38b824e1cda0625cca2b90b3727ba","48932","draft","reviewed","","","","969af2025503b4ca54a4f89820a7e8516dd5445db4ae0b04b75653c406acf89a","969af2025503b4ca54a4f89820a7e8516dd5445db4ae0b04b75653c406acf89a","8ca16c8c595f4d46c2ccc17d1c15e83a44109ab242499f8af19a57ec9566b632","92aec74a85406ffa96c826348ffe298dba702639ecdf956160bf655db48cc40f","77301"
"BUNDLE-ASCEND950-ASC950-SIGN-0515","ASCEND950","3","ASC950-SIGN-0515","最小参考资料库/search-results.csv","search_result_id","SRESULT-M2W3-HUAWEI-ASC950DT-PHYSICAL-ACCUM-H6","审计/子代理交接/m2_staging/M2-W3-HUAWEI-ASCEND950-PHYSICAL/structured/search-results.csv","64402aab5d564822cd65b94018b1784250a38b824e1cda0625cca2b90b3727ba","48932","draft","reviewed","","","","a754bd1e9cb23badc6859eb8363d2119e779f87855a9aeac93ff05f51cec22d8","a754bd1e9cb23badc6859eb8363d2119e779f87855a9aeac93ff05f51cec22d8","e74945de4395c8d3bd22ef9194203757dfeaf3f62e4a38a5723528f39ade14dc","92aec74a85406ffa96c826348ffe298dba702639ecdf956160bf655db48cc40f","77301"
"BUNDLE-ASCEND950-ASC950-SIGN-0516","ASCEND950","3","ASC950-SIGN-0516","最小参考资料库/search-results.csv","search_result_id","SRESULT-M2W3-HUAWEI-ASC950DT-PHYSICAL-ACCUM-H7","审计/子代理交接/m2_staging/M2-W3-HUAWEI-ASCEND950-PHYSICAL/structured/search-results.csv","64402aab5d564822cd65b94018b1784250a38b824e1cda0625cca2b90b3727ba","48932","draft","reviewed","","","","b3a24ea9bc05f9b5d71671a917c817e86b3c81ba20c1ba7f51358746c2d49208","b3a24ea9bc05f9b5d71671a917c817e86b3c81ba20c1ba7f51358746c2d49208","f5c1d7b7d341e6344d7fd0d831dbf026bf947191eb008f7364ca5f383f413a0f","92aec74a85406ffa96c826348ffe298dba702639ecdf956160bf655db48cc40f","77301"
"BUNDLE-ASCEND950-ASC950-SIGN-0517","ASCEND950","3","ASC950-SIGN-0517","最小参考资料库/search-results.csv","search_result_id","SRESULT-M2W3-HUAWEI-ASC950DT-PHYSICAL-ACCUM-H12","审计/子代理交接/m2_staging/M2-W3-HUAWEI-ASCEND950-PHYSICAL/structured/search-results.csv","64402aab5d564822cd65b94018b1784250a38b824e1cda0625cca2b90b3727ba","48932","draft","reviewed","","","","f6e1aa6c5db8dbbb801831c5966638f40bb04ffc7db82a77ccfe402eb7191ae3","f6e1aa6c5db8dbbb801831c5966638f40bb04ffc7db82a77ccfe402eb7191ae3","bf6ed644a609284c4d89621a7e58d04d473f489f79b386be9c12c84f45432d93","92aec74a85406ffa96c826348ffe298dba702639ecdf956160bf655db48cc40f","77301"
"BUNDLE-ASCEND950-ASC950-SIGN-0518","ASCEND950","3","ASC950-SIGN-0518","最小参考资料库/selection-members.csv","selection_member_id","SELMEM-M2W3-HUAWEI-H2","审计/子代理交接/m2_staging/M2-W3-HUAWEI-ASCEND950-PHYSICAL/structured/selection-members.csv","8b2fc1bdfc1ea0ba35bb27827db31f1dd1c05b4cfc44a897d1b5b7f504035755","809","draft","reviewed","","","","c6644cffa19194a9fa98fe401b8c5b234f11494b80f9592b400a48d1dcab6337","c6644cffa19194a9fa98fe401b8c5b234f11494b80f9592b400a48d1dcab6337","75b3939774eab00cc6857ebda98a2999eec40f2df1df32f55092495b58f39128","073cba4b5671f2273f75e99a355259444c7c28c2a2da4006b19535b3f030ce0b","39854"
"BUNDLE-ASCEND950-ASC950-SIGN-0519","ASCEND950","3","ASC950-SIGN-0519","最小参考资料库/selection-members.csv","selection_member_id","SELMEM-M2W3-HUAWEI-H6","审计/子代理交接/m2_staging/M2-W3-HUAWEI-ASCEND950-PHYSICAL/structured/selection-members.csv","8b2fc1bdfc1ea0ba35bb27827db31f1dd1c05b4cfc44a897d1b5b7f504035755","809","draft","reviewed","","","","41a955aa95b439a3d7d60d472fb821b39b19a7991a2986e49e2920c2e56e0f73","41a955aa95b439a3d7d60d472fb821b39b19a7991a2986e49e2920c2e56e0f73","2fed0a111396047bc0026512e7d6c27e9e335696003ab98e6bc6798a8330f673","073cba4b5671f2273f75e99a355259444c7c28c2a2da4006b19535b3f030ce0b","39854"
"BUNDLE-ASCEND950-ASC950-SIGN-0520","ASCEND950","3","ASC950-SIGN-0520","最小参考资料库/selection-members.csv","selection_member_id","SELMEM-M2W3-HUAWEI-H12","审计/子代理交接/m2_staging/M2-W3-HUAWEI-ASCEND950-PHYSICAL/structured/selection-members.csv","8b2fc1bdfc1ea0ba35bb27827db31f1dd1c05b4cfc44a897d1b5b7f504035755","809","draft","reviewed","","","","b46a286b9b470f94941221d614310071693a012a6a1193f21f94f4039a8a7235","b46a286b9b470f94941221d614310071693a012a6a1193f21f94f4039a8a7235","1e557374e2c897407c77ed02b0c1f54eca953a158416f5bef790bbf5dc20f970","073cba4b5671f2273f75e99a355259444c7c28c2a2da4006b19535b3f030ce0b","39854"
"BUNDLE-ASCEND950-ASC950-SIGN-0521","ASCEND950","3","ASC950-SIGN-0521","最小参考资料库/selection-runs.csv","selection_run_id","SELRUN-M2W3-HUAWEI-ASC950-PHYSICAL-20260813","审计/子代理交接/m2_staging/M2-W3-HUAWEI-ASCEND950-PHYSICAL/structured/selection-runs.csv","b8a95a60962a621c62c01b35526975fb1609386d6d8347944dd4987de0141318","427","draft","reviewed","status","draft","reviewed","cadae73320b662be0b8233fbd08901347c9cea97919e8bacb5f3d3babe2d3f30","cadae73320b662be0b8233fbd08901347c9cea97919e8bacb5f3d3babe2d3f30","5cc668baffa5acb5bfac286a47d67440ac8c8ab632756650d21ae85f697c3592","4397260840ab286e7d4274f963eb037eb70a2dfd951ac55d43fdd35aa85e7ee0","3281"
"BUNDLE-ASCEND950-ASC950-SIGN-0522","ASCEND950","3","ASC950-SIGN-0522","最小参考资料库/source-coverage.csv","coverage_id","COV-M2W3-HUAWEI-H7-BY-H12","审计/子代理交接/m2_staging/M2-W3-HUAWEI-ASCEND950-PHYSICAL/structured/source-coverage.csv","31c9e93fe3c8d4631df07c0c2fdd401cc62174f087586c493943d7e1592dad96","539","draft","reviewed","","","","f71ae0f05da1d0dc056712a4a3ff10e11753ea2973b21f0ea290729d4dc740c7","f71ae0f05da1d0dc056712a4a3ff10e11753ea2973b21f0ea290729d4dc740c7","1e65079af7d485a295549216bd0305ca164662bcad78df531a961387a9993b40","88bf789e45a70271bab97a4f1d69034e675418bf340c82d01751d50f07e8ba21","7348"
"BUNDLE-ASCEND950-ASC950-SIGN-0523","ASCEND950","3","ASC950-SIGN-0523","最小参考资料库/source-endpoints.csv","endpoint_id","END-M2W3-HUAWEI-H2-SNAPSHOT","审计/子代理交接/m2_staging/M2-W3-HUAWEI-ASCEND950-PHYSICAL/structured/source-endpoints.csv","6000ca86320d71b8d19a2a8d63eb904e871c404318aac05a69a5b6811bb4cd1c","2453","draft","reviewed","local_path","审计/子代理交接/m2_staging/M2-W3-HUAWEI-ASCEND950-PHYSICAL/fixed-candidates/huawei-connect-2025-ascend-roadmap-2026-08-13.html","最小参考资料库/快照/华为/Ascend950/2026-08-13/huawei-connect-2025-ascend-roadmap-2026-08-13.html","a2a650324830a522b2fd8d0162bad0454c69d8b3dcc20a2e5799ae7a40bfdee7","a2a650324830a522b2fd8d0162bad0454c69d8b3dcc20a2e5799ae7a40bfdee7","2ff6ba74c9ac5b4cf519d0bf7005086bd1249afb23bcbaab59fce7366ef6ff75","644a9dc2249c717c7e16121d5164184bd5dd9804b9be4983019bb1ad48bc9f6f","51203"
"BUNDLE-ASCEND950-ASC950-SIGN-0524","ASCEND950","3","ASC950-SIGN-0524","最小参考资料库/source-endpoints.csv","endpoint_id","END-M2W3-HUAWEI-H6-PR-SNAPSHOT","审计/子代理交接/m2_staging/M2-W3-HUAWEI-ASCEND950-PHYSICAL/structured/source-endpoints.csv","6000ca86320d71b8d19a2a8d63eb904e871c404318aac05a69a5b6811bb4cd1c","2453","draft","reviewed","local_path","审计/子代理交接/m2_staging/M2-W3-HUAWEI-ASCEND950-PHYSICAL/fixed-candidates/hiascend-processor-2026-08-13.html","最小参考资料库/快照/华为/Ascend950/2026-08-13/hiascend-processor-2026-08-13.html","94ddd80c944197b8a205a1567248efb2645e691a897fbbef555f345a3c61912d","94ddd80c944197b8a205a1567248efb2645e691a897fbbef555f345a3c61912d","84db73ee77e2270d6742d8f5f12a449c770c863ec81a5a267c2ea0fdb682ea24","644a9dc2249c717c7e16121d5164184bd5dd9804b9be4983019bb1ad48bc9f6f","51203"
"BUNDLE-ASCEND950-ASC950-SIGN-0525","ASCEND950","3","ASC950-SIGN-0525","最小参考资料库/source-endpoints.csv","endpoint_id","END-M2W3-HUAWEI-H6-DT-ROUTE-SNAPSHOT","审计/子代理交接/m2_staging/M2-W3-HUAWEI-ASCEND950-PHYSICAL/structured/source-endpoints.csv","6000ca86320d71b8d19a2a8d63eb904e871c404318aac05a69a5b6811bb4cd1c","2453","draft","reviewed","local_path","审计/子代理交接/m2_staging/M2-W3-HUAWEI-ASCEND950-PHYSICAL/fixed-candidates/hiascend-processor-950dt-2026-08-13.html","最小参考资料库/快照/华为/Ascend950/2026-08-13/hiascend-processor-950dt-2026-08-13.html","fbdd3565d9498d4d07bfa00c722cbdfe188c5ab37d3064bfab916be0aaa5c8ea","fbdd3565d9498d4d07bfa00c722cbdfe188c5ab37d3064bfab916be0aaa5c8ea","bb9cb3eb51ec836e8645e03a9c920b64623a7c6d14f9b31b62f48f98f6b165f9","644a9dc2249c717c7e16121d5164184bd5dd9804b9be4983019bb1ad48bc9f6f","51203"
"BUNDLE-ASCEND950-ASC950-SIGN-0526","ASCEND950","3","ASC950-SIGN-0526","最小参考资料库/source-endpoints.csv","endpoint_id","END-M2W3-HUAWEI-H7-SNAPSHOT","审计/子代理交接/m2_staging/M2-W3-HUAWEI-ASCEND950-PHYSICAL/structured/source-endpoints.csv","6000ca86320d71b8d19a2a8d63eb904e871c404318aac05a69a5b6811bb4cd1c","2453","draft","reviewed","local_path","审计/子代理交接/m2_staging/M2-W3-HUAWEI-ASCEND950-PHYSICAL/fixed-candidates/hiascend-accelerator-card-2026-08-13.html","最小参考资料库/快照/华为/Ascend950/2026-08-13/hiascend-accelerator-card-2026-08-13.html","5a397caf6aae7548b37da81e0b2382be9b608cb0d9e0181585b309d715608b78","5a397caf6aae7548b37da81e0b2382be9b608cb0d9e0181585b309d715608b78","93ea5784153615ab43731250eaf4fa4cf60ab50f2ffc8f56a480268cddfbb27a","644a9dc2249c717c7e16121d5164184bd5dd9804b9be4983019bb1ad48bc9f6f","51203"
"BUNDLE-ASCEND950-ASC950-SIGN-0527","ASCEND950","3","ASC950-SIGN-0527","最小参考资料库/source-endpoints.csv","endpoint_id","END-M2W3-HUAWEI-H12-SNAPSHOT","审计/子代理交接/m2_staging/M2-W3-HUAWEI-ASCEND950-PHYSICAL/structured/source-endpoints.csv","6000ca86320d71b8d19a2a8d63eb904e871c404318aac05a69a5b6811bb4cd1c","2453","draft","reviewed","local_path","审计/子代理交接/m2_staging/M2-W3-HUAWEI-ASCEND950-PHYSICAL/fixed-candidates/hiascend-atlas350-launch-2026-08-13.html","最小参考资料库/快照/华为/Ascend950/2026-08-13/hiascend-atlas350-launch-2026-08-13.html","9f14bc97aad1c0bdf128bd04b65c7d2b4c7d0bf84c7b3b55e842407fd5bf72ee","9f14bc97aad1c0bdf128bd04b65c7d2b4c7d0bf84c7b3b55e842407fd5bf72ee","095300d3f81dd9c078179f8633d3497787a0d395ba1752c3da9d73a279998830","644a9dc2249c717c7e16121d5164184bd5dd9804b9be4983019bb1ad48bc9f6f","51203"
"BUNDLE-ASCEND950-ASC950-SIGN-0528","ASCEND950","3","ASC950-SIGN-0528","最小参考资料库/source-families.csv","source_family_id","SFAM-M2W3-HUAWEI-H2-ASC950-KEYNOTE","审计/子代理交接/m2_staging/M2-W3-HUAWEI-ASCEND950-PHYSICAL/structured/source-families.csv","dd981f94b4071d5a215d8856d6f517a79005b2d755ab330e3c942cc3242febe3","974","draft","reviewed","","","","651fcc777a62d8c7d00569ff2ae285fd92344202db0aa3368ff22507d71785fc","651fcc777a62d8c7d00569ff2ae285fd92344202db0aa3368ff22507d71785fc","7b25a7983311b617f17df6f9c09ed8075077cffab9d72be03a5a8d4b7c39c7a8","358869eac543ca7769129a0525834a366fb3abb5c3fba858b556bb414ed0b061","14595"
"BUNDLE-ASCEND950-ASC950-SIGN-0529","ASCEND950","3","ASC950-SIGN-0529","最小参考资料库/source-families.csv","source_family_id","SFAM-M2W3-HUAWEI-H6-PROCESSOR","审计/子代理交接/m2_staging/M2-W3-HUAWEI-ASCEND950-PHYSICAL/structured/source-families.csv","dd981f94b4071d5a215d8856d6f517a79005b2d755ab330e3c942cc3242febe3","974","draft","reviewed","","","","3652a110ce71161be8d28ecf5959e971f98c17eb6815080d969d58486a6348af","3652a110ce71161be8d28ecf5959e971f98c17eb6815080d969d58486a6348af","9148488a81c13aba9912feb2e5b8a310caf34eaaf1772777e1a1e773ab58c04f","358869eac543ca7769129a0525834a366fb3abb5c3fba858b556bb414ed0b061","14595"
"BUNDLE-ASCEND950-ASC950-SIGN-0530","ASCEND950","3","ASC950-SIGN-0530","最小参考资料库/source-families.csv","source_family_id","SFAM-M2W3-HUAWEI-H7-ACCELERATOR","审计/子代理交接/m2_staging/M2-W3-HUAWEI-ASCEND950-PHYSICAL/structured/source-families.csv","dd981f94b4071d5a215d8856d6f517a79005b2d755ab330e3c942cc3242febe3","974","draft","reviewed","","","","08a06ff3a0c1d7d3acd75bf8151a2697ad1df7d18a9f8ee3f24452ecb2df8760","08a06ff3a0c1d7d3acd75bf8151a2697ad1df7d18a9f8ee3f24452ecb2df8760","8307e3f4062f9e599e32ca723cd79ac33f6482b54c6b0157c4fdfa337f32021b","358869eac543ca7769129a0525834a366fb3abb5c3fba858b556bb414ed0b061","14595"
"BUNDLE-ASCEND950-ASC950-SIGN-0531","ASCEND950","3","ASC950-SIGN-0531","最小参考资料库/source-families.csv","source_family_id","SFAM-M2W3-HUAWEI-H12-ATLAS350-LAUNCH","审计/子代理交接/m2_staging/M2-W3-HUAWEI-ASCEND950-PHYSICAL/structured/source-families.csv","dd981f94b4071d5a215d8856d6f517a79005b2d755ab330e3c942cc3242febe3","974","draft","reviewed","","","","8921eaabb3424de5a4b83c9a7dc1a3b130444abad2952310850ffe8a6cf79adb","8921eaabb3424de5a4b83c9a7dc1a3b130444abad2952310850ffe8a6cf79adb","a36d79f985339ed27bbeb218638221f921179bd6007f7801f232586e5b469db4","358869eac543ca7769129a0525834a366fb3abb5c3fba858b556bb414ed0b061","14595"
"BUNDLE-ASCEND950-ASC950-SIGN-0532","ASCEND950","3","ASC950-SIGN-0532","最小参考资料库/sources.csv","source_id","SRC-M2W3-HUAWEI-H2-ASC950-KEYNOTE-20250918","审计/子代理交接/m2_staging/M2-W3-HUAWEI-ASCEND950-PHYSICAL/structured/sources.csv","91ff033b810d9ea1e661c6eaf75a4d8b853ff4bf7281e2d7781a54ea980d2a24","1809","draft","reviewed","","","","feb16ab63b1f60311deec363adfdc27a67cd802c6750176da1af13da8475a931","feb16ab63b1f60311deec363adfdc27a67cd802c6750176da1af13da8475a931","931df1cdbe4b2ab0aa4fd45dfbefa00d4d7b9316097c7bed0c14c1fb6a434cb6","43c72603ecf52b78aa0e737840190320accf567b0d3d769c1c8b64ce223a84fc","31741"
"BUNDLE-ASCEND950-ASC950-SIGN-0533","ASCEND950","3","ASC950-SIGN-0533","最小参考资料库/sources.csv","source_id","SRC-M2W3-HUAWEI-H6-PROCESSOR-20260813","审计/子代理交接/m2_staging/M2-W3-HUAWEI-ASCEND950-PHYSICAL/structured/sources.csv","91ff033b810d9ea1e661c6eaf75a4d8b853ff4bf7281e2d7781a54ea980d2a24","1809","draft","reviewed","","","","8bb23c396712c8a57e8d56cf089823f003416fb0058d3b99e4443bbee7302bed","8bb23c396712c8a57e8d56cf089823f003416fb0058d3b99e4443bbee7302bed","29d6959bd4799652456d078f2709b07bd072a75c8f75cb0b71811ec6e50d2cc7","43c72603ecf52b78aa0e737840190320accf567b0d3d769c1c8b64ce223a84fc","31741"
"BUNDLE-ASCEND950-ASC950-SIGN-0534","ASCEND950","3","ASC950-SIGN-0534","最小参考资料库/sources.csv","source_id","SRC-M2W3-HUAWEI-H7-ACCELERATOR-CARD-20260813","审计/子代理交接/m2_staging/M2-W3-HUAWEI-ASCEND950-PHYSICAL/structured/sources.csv","91ff033b810d9ea1e661c6eaf75a4d8b853ff4bf7281e2d7781a54ea980d2a24","1809","draft","reviewed","","","","4d48c4d8f51b2c744c32ed0132e84056b5c69e40289d8554abcf1440e763b7c4","4d48c4d8f51b2c744c32ed0132e84056b5c69e40289d8554abcf1440e763b7c4","c0cb9eabbd337c33a293712e236a1fd8628a1e38574db88f6cf6e6efcd6be0f6","43c72603ecf52b78aa0e737840190320accf567b0d3d769c1c8b64ce223a84fc","31741"
"BUNDLE-ASCEND950-ASC950-SIGN-0535","ASCEND950","3","ASC950-SIGN-0535","最小参考资料库/sources.csv","source_id","SRC-M2W3-HUAWEI-H12-ATLAS350-LAUNCH-20260320","审计/子代理交接/m2_staging/M2-W3-HUAWEI-ASCEND950-PHYSICAL/structured/sources.csv","91ff033b810d9ea1e661c6eaf75a4d8b853ff4bf7281e2d7781a54ea980d2a24","1809","draft","reviewed","","","","0773bc5e31a9e84d1c0e7ef0c84689b5ce5236d5917dd9578cc698bd385f2b1f","0773bc5e31a9e84d1c0e7ef0c84689b5ce5236d5917dd9578cc698bd385f2b1f","c06cd63edb2ebd2c8b708aaaf46e74268c0d90a95d4b8cfb6744a948b1fe6658","43c72603ecf52b78aa0e737840190320accf567b0d3d769c1c8b64ce223a84fc","31741"
"BUNDLE-ASCEND950-ASC950-SIGN-0536","ASCEND950","3","ASC950-SIGN-0536","最小参考资料库/source-screening.csv","screening_id","SCREEN-M2W3-HUAWEI-H2","审计/子代理交接/m2_staging/M2-W3-HUAWEI-ASCEND950-PHYSICAL/structured/source-screening.csv","1ce3f4a05f511809a1332efd39c5c91a1cc5f67b4a94c19219ff54f0c9443140","1563","draft","reviewed","","","","046dc5325503ba9b95e50cb3c3ea825554982a8386fe79668bb6f183351613ad","046dc5325503ba9b95e50cb3c3ea825554982a8386fe79668bb6f183351613ad","3c2880b0ac7a169b5da6b3c6391bef3fa6ef7d589b23373f80131186ef14ed83","b4d12751bc347739b415feb2349d56297920a0cd2deab9887cb0c7b5a9377823","30961"
"BUNDLE-ASCEND950-ASC950-SIGN-0537","ASCEND950","3","ASC950-SIGN-0537","最小参考资料库/source-screening.csv","screening_id","SCREEN-M2W3-HUAWEI-H6","审计/子代理交接/m2_staging/M2-W3-HUAWEI-ASCEND950-PHYSICAL/structured/source-screening.csv","1ce3f4a05f511809a1332efd39c5c91a1cc5f67b4a94c19219ff54f0c9443140","1563","draft","reviewed","","","","2bb44388df5e3daba9e033b3b9091aad75b34102e61cd1e4c4f6a9f7fc762e0f","2bb44388df5e3daba9e033b3b9091aad75b34102e61cd1e4c4f6a9f7fc762e0f","1a6037790796f08a1ae644050cf8aa1ca3162bacdb502c6baf0e4299cb69bcad","b4d12751bc347739b415feb2349d56297920a0cd2deab9887cb0c7b5a9377823","30961"
"BUNDLE-ASCEND950-ASC950-SIGN-0538","ASCEND950","3","ASC950-SIGN-0538","最小参考资料库/source-screening.csv","screening_id","SCREEN-M2W3-HUAWEI-H7","审计/子代理交接/m2_staging/M2-W3-HUAWEI-ASCEND950-PHYSICAL/structured/source-screening.csv","1ce3f4a05f511809a1332efd39c5c91a1cc5f67b4a94c19219ff54f0c9443140","1563","draft","reviewed","","","","c46ca7abfdec70d633b4364f75634a1d41fc771b5954c641057484b103597669","c46ca7abfdec70d633b4364f75634a1d41fc771b5954c641057484b103597669","5bd62cf6e451687fea11a9a0049de4747c7c7d54552fa4fe1e3428c6e882f222","b4d12751bc347739b415feb2349d56297920a0cd2deab9887cb0c7b5a9377823","30961"
"BUNDLE-ASCEND950-ASC950-SIGN-0539","ASCEND950","3","ASC950-SIGN-0539","最小参考资料库/source-screening.csv","screening_id","SCREEN-M2W3-HUAWEI-H12","审计/子代理交接/m2_staging/M2-W3-HUAWEI-ASCEND950-PHYSICAL/structured/source-screening.csv","1ce3f4a05f511809a1332efd39c5c91a1cc5f67b4a94c19219ff54f0c9443140","1563","draft","reviewed","","","","9e50a00b9d62f5bf0b7f10f2420924cedceaf4952795a1960572b3cb083662a0","9e50a00b9d62f5bf0b7f10f2420924cedceaf4952795a1960572b3cb083662a0","22f208c2ca57891a271380f38877d7a57ef8360d1ecfae58f2eb492ef348df93","b4d12751bc347739b415feb2349d56297920a0cd2deab9887cb0c7b5a9377823","30961"
"BUNDLE-ASCEND950-ASC950-SIGN-0540","ASCEND950","3","ASC950-SIGN-0540","最小参考资料库/source-selected-roles.csv","source_selected_role_id","M2W3-HUAWEI-SROLE-H2-ID","审计/子代理交接/m2_staging/M2-W3-HUAWEI-ASCEND950-PHYSICAL/structured/source-selected-roles.csv","c1fa706d798fc2ab53b415bd46f8c81fc45790272d74ffff55896800a156dc8f","1149","draft","reviewed","","","","8f6def23985ca271e86f560acf58b74e360dcafb4fa1a47abe0694bd54784e19","8f6def23985ca271e86f560acf58b74e360dcafb4fa1a47abe0694bd54784e19","0ccd1dfd901d63f6918675106efe6f78e870c0024e7308371c0bdaeeed5ee7a0","5974d3615274baf78482815586f0fed10da3639532b7e8ba681a16ac59af2c57","21670"
"BUNDLE-ASCEND950-ASC950-SIGN-0541","ASCEND950","3","ASC950-SIGN-0541","最小参考资料库/source-selected-roles.csv","source_selected_role_id","M2W3-HUAWEI-SROLE-H2-CORE","审计/子代理交接/m2_staging/M2-W3-HUAWEI-ASCEND950-PHYSICAL/structured/source-selected-roles.csv","c1fa706d798fc2ab53b415bd46f8c81fc45790272d74ffff55896800a156dc8f","1149","draft","reviewed","","","","746969b678762c37ea808cf9b8db443f9360f09d49695a4e96f2e16427b86df2","746969b678762c37ea808cf9b8db443f9360f09d49695a4e96f2e16427b86df2","1c18b45f9972773b2d8d62b72db15579966fba7e4f2f9845bb56a413c4513249","5974d3615274baf78482815586f0fed10da3639532b7e8ba681a16ac59af2c57","21670"
"BUNDLE-ASCEND950-ASC950-SIGN-0542","ASCEND950","3","ASC950-SIGN-0542","最小参考资料库/source-selected-roles.csv","source_selected_role_id","M2W3-HUAWEI-SROLE-H2-STATUS","审计/子代理交接/m2_staging/M2-W3-HUAWEI-ASCEND950-PHYSICAL/structured/source-selected-roles.csv","c1fa706d798fc2ab53b415bd46f8c81fc45790272d74ffff55896800a156dc8f","1149","draft","reviewed","","","","e200a3c50622b07d201115c0fb6c1577a7b5a7db091d55800942e2190f4ea79e","e200a3c50622b07d201115c0fb6c1577a7b5a7db091d55800942e2190f4ea79e","abf49100da11025e3d7339c5aec4a78dd96cb55ebbe72d74959b60001d03e21a","5974d3615274baf78482815586f0fed10da3639532b7e8ba681a16ac59af2c57","21670"
"BUNDLE-ASCEND950-ASC950-SIGN-0543","ASCEND950","3","ASC950-SIGN-0543","最小参考资料库/source-selected-roles.csv","source_selected_role_id","M2W3-HUAWEI-SROLE-H6-ID","审计/子代理交接/m2_staging/M2-W3-HUAWEI-ASCEND950-PHYSICAL/structured/source-selected-roles.csv","c1fa706d798fc2ab53b415bd46f8c81fc45790272d74ffff55896800a156dc8f","1149","draft","reviewed","","","","7523dce5b3019c5502aad78f302cd53c6bd866d84bb3489ebfc1ff3c3c435174","7523dce5b3019c5502aad78f302cd53c6bd866d84bb3489ebfc1ff3c3c435174","89f454f76ef46fb9c5c8240c6a8ec7c56bbf6fa5b71f016e6c739cd933cd725b","5974d3615274baf78482815586f0fed10da3639532b7e8ba681a16ac59af2c57","21670"
"BUNDLE-ASCEND950-ASC950-SIGN-0544","ASCEND950","3","ASC950-SIGN-0544","最小参考资料库/source-selected-roles.csv","source_selected_role_id","M2W3-HUAWEI-SROLE-H6-CORE","审计/子代理交接/m2_staging/M2-W3-HUAWEI-ASCEND950-PHYSICAL/structured/source-selected-roles.csv","c1fa706d798fc2ab53b415bd46f8c81fc45790272d74ffff55896800a156dc8f","1149","draft","reviewed","","","","4354b22b9540177f12f986acdb932654d8773298ca972b36c5835a80983d37d4","4354b22b9540177f12f986acdb932654d8773298ca972b36c5835a80983d37d4","b2434dc84ccd48815187f8cd606ec71c8e3a143a033b8a333f5ab6be657e2dc8","5974d3615274baf78482815586f0fed10da3639532b7e8ba681a16ac59af2c57","21670"
"BUNDLE-ASCEND950-ASC950-SIGN-0545","ASCEND950","3","ASC950-SIGN-0545","最小参考资料库/source-selected-roles.csv","source_selected_role_id","M2W3-HUAWEI-SROLE-H12-STATUS","审计/子代理交接/m2_staging/M2-W3-HUAWEI-ASCEND950-PHYSICAL/structured/source-selected-roles.csv","c1fa706d798fc2ab53b415bd46f8c81fc45790272d74ffff55896800a156dc8f","1149","draft","reviewed","","","","7ff44b1abb6865b581ecc774fd79de16af38347ce7cf0306cd04add13872652c","7ff44b1abb6865b581ecc774fd79de16af38347ce7cf0306cd04add13872652c","c0a18ca4e6b34f20bc04755310c2bdc6ecec8c050c7523dc3042cd41d8e44db6","5974d3615274baf78482815586f0fed10da3639532b7e8ba681a16ac59af2c57","21670"
