"signoff_row_id","binding_kind","source_path","source_sha256","source_bytes","target_path","pk_column","pk_value","source_review_status","authorized_review_status","semantic_status_column","semantic_status_before","semantic_status_after","source_line_sha256","freeze_manifest_sha256","freeze_manifest_bytes","freeze_aggregate_sha256","formal_baseline_manifest_sha256","formal_baseline_manifest_bytes","formal_baseline_aggregate_sha256","temporary_merge_validator_checks","verdict","reviewer","review_date","notes"
"MI350P-SIGN-0001","lifecycle_pk_write","审计/子代理交接/m2_staging/M2-W3-AMD-MI350P-CARD/structured/card-completeness.csv","a7823154fb69a3ecf85ece7e40732cf3dfee29331f278b742aeabecd3bd7a275","2955","数据/card-completeness.csv","card_completeness_id","COMPLETE-M2W3-AMD-MI350P-COMPUTE","draft","reviewed","","","","1132e39af9bf218ca4030a1120f0b5b3ebe8bf35ce7016a9107053cde616dfa6","1cb279b56f4fbfc688ed2f798646a93baed02ffbd34a647ffecf4cb6672f0e01","5567","152df43e8b64c2b78c54a41c6cf9bd7acfa4d3315fcf33d6128399b22f2f8825","68773358da2fe590aaaecdcccdaf0e68d61176df35d4b759dad14b4ae1174e5c","3970","f1520907d54e406e7d82f591e3799f07f569218aff0c321ac3b836b6c649da10","111343","accept","m2_final_review_mi350p","2026-08-13","仅授权该主键按冻结来源行追加，并把 review_status 从 draft 改为 reviewed；所有其余列保持冻结值。"
"MI350P-SIGN-0002","lifecycle_pk_write","审计/子代理交接/m2_staging/M2-W3-AMD-MI350P-CARD/structured/card-completeness.csv","a7823154fb69a3ecf85ece7e40732cf3dfee29331f278b742aeabecd3bd7a275","2955","数据/card-completeness.csv","card_completeness_id","COMPLETE-M2W3-AMD-MI350P-EVIDENCE","draft","reviewed","","","","67588b55f873d53dc50336d00abf5471c165ef563d3e72dd73123ce42511918a","1cb279b56f4fbfc688ed2f798646a93baed02ffbd34a647ffecf4cb6672f0e01","5567","152df43e8b64c2b78c54a41c6cf9bd7acfa4d3315fcf33d6128399b22f2f8825","68773358da2fe590aaaecdcccdaf0e68d61176df35d4b759dad14b4ae1174e5c","3970","f1520907d54e406e7d82f591e3799f07f569218aff0c321ac3b836b6c649da10","111343","accept","m2_final_review_mi350p","2026-08-13","仅授权该主键按冻结来源行追加，并把 review_status 从 draft 改为 reviewed；所有其余列保持冻结值。"
"MI350P-SIGN-0003","lifecycle_pk_write","审计/子代理交接/m2_staging/M2-W3-AMD-MI350P-CARD/structured/card-completeness.csv","a7823154fb69a3ecf85ece7e40732cf3dfee29331f278b742aeabecd3bd7a275","2955","数据/card-completeness.csv","card_completeness_id","COMPLETE-M2W3-AMD-MI350P-IDENTITY","draft","reviewed","","","","a2f25dbec3eb344ce8a11acd4d0ef496652c7cebfb9f7b9ae1405e4fbcf99e41","1cb279b56f4fbfc688ed2f798646a93baed02ffbd34a647ffecf4cb6672f0e01","5567","152df43e8b64c2b78c54a41c6cf9bd7acfa4d3315fcf33d6128399b22f2f8825","68773358da2fe590aaaecdcccdaf0e68d61176df35d4b759dad14b4ae1174e5c","3970","f1520907d54e406e7d82f591e3799f07f569218aff0c321ac3b836b6c649da10","111343","accept","m2_final_review_mi350p","2026-08-13","仅授权该主键按冻结来源行追加，并把 review_status 从 draft 改为 reviewed；所有其余列保持冻结值。"
"MI350P-SIGN-0004","lifecycle_pk_write","审计/子代理交接/m2_staging/M2-W3-AMD-MI350P-CARD/structured/card-completeness.csv","a7823154fb69a3ecf85ece7e40732cf3dfee29331f278b742aeabecd3bd7a275","2955","数据/card-completeness.csv","card_completeness_id","COMPLETE-M2W3-AMD-MI350P-INTERCONNECT","draft","reviewed","","","","69241fb1ea73a52c875dff50ae3f86f4b959a256d6f477f8d6cb2f2d03b05edb","1cb279b56f4fbfc688ed2f798646a93baed02ffbd34a647ffecf4cb6672f0e01","5567","152df43e8b64c2b78c54a41c6cf9bd7acfa4d3315fcf33d6128399b22f2f8825","68773358da2fe590aaaecdcccdaf0e68d61176df35d4b759dad14b4ae1174e5c","3970","f1520907d54e406e7d82f591e3799f07f569218aff0c321ac3b836b6c649da10","111343","accept","m2_final_review_mi350p","2026-08-13","仅授权该主键按冻结来源行追加，并把 review_status 从 draft 改为 reviewed；所有其余列保持冻结值。"
"MI350P-SIGN-0005","lifecycle_pk_write","审计/子代理交接/m2_staging/M2-W3-AMD-MI350P-CARD/structured/card-completeness.csv","a7823154fb69a3ecf85ece7e40732cf3dfee29331f278b742aeabecd3bd7a275","2955","数据/card-completeness.csv","card_completeness_id","COMPLETE-M2W3-AMD-MI350P-MEMORY","draft","reviewed","","","","908ddbede934ee19c172981abbade72b819cb9f068820a44bf545ba279684b82","1cb279b56f4fbfc688ed2f798646a93baed02ffbd34a647ffecf4cb6672f0e01","5567","152df43e8b64c2b78c54a41c6cf9bd7acfa4d3315fcf33d6128399b22f2f8825","68773358da2fe590aaaecdcccdaf0e68d61176df35d4b759dad14b4ae1174e5c","3970","f1520907d54e406e7d82f591e3799f07f569218aff0c321ac3b836b6c649da10","111343","accept","m2_final_review_mi350p","2026-08-13","仅授权该主键按冻结来源行追加，并把 review_status 从 draft 改为 reviewed；所有其余列保持冻结值。"
"MI350P-SIGN-0006","lifecycle_pk_write","审计/子代理交接/m2_staging/M2-W3-AMD-MI350P-CARD/structured/card-completeness.csv","a7823154fb69a3ecf85ece7e40732cf3dfee29331f278b742aeabecd3bd7a275","2955","数据/card-completeness.csv","card_completeness_id","COMPLETE-M2W3-AMD-MI350P-NUMERICS","draft","reviewed","","","","d6093bb26ddfeffafe99fbe1d9c3308741a2c27672c788cc01ff52665716fe8a","1cb279b56f4fbfc688ed2f798646a93baed02ffbd34a647ffecf4cb6672f0e01","5567","152df43e8b64c2b78c54a41c6cf9bd7acfa4d3315fcf33d6128399b22f2f8825","68773358da2fe590aaaecdcccdaf0e68d61176df35d4b759dad14b4ae1174e5c","3970","f1520907d54e406e7d82f591e3799f07f569218aff0c321ac3b836b6c649da10","111343","accept","m2_final_review_mi350p","2026-08-13","仅授权该主键按冻结来源行追加，并把 review_status 从 draft 改为 reviewed；所有其余列保持冻结值。"
"MI350P-SIGN-0007","lifecycle_pk_write","审计/子代理交接/m2_staging/M2-W3-AMD-MI350P-CARD/structured/card-completeness.csv","a7823154fb69a3ecf85ece7e40732cf3dfee29331f278b742aeabecd3bd7a275","2955","数据/card-completeness.csv","card_completeness_id","COMPLETE-M2W3-AMD-MI350P-PHYSICAL","draft","reviewed","","","","cd9f2d77f43ec09e8c45180c6600f0eee7002a1032c5bb5262b4c12c23099cad","1cb279b56f4fbfc688ed2f798646a93baed02ffbd34a647ffecf4cb6672f0e01","5567","152df43e8b64c2b78c54a41c6cf9bd7acfa4d3315fcf33d6128399b22f2f8825","68773358da2fe590aaaecdcccdaf0e68d61176df35d4b759dad14b4ae1174e5c","3970","f1520907d54e406e7d82f591e3799f07f569218aff0c321ac3b836b6c649da10","111343","accept","m2_final_review_mi350p","2026-08-13","仅授权该主键按冻结来源行追加，并把 review_status 从 draft 改为 reviewed；所有其余列保持冻结值。"
"MI350P-SIGN-0008","lifecycle_pk_write","审计/子代理交接/m2_staging/M2-W3-AMD-MI350P-CARD/structured/card-completeness.csv","a7823154fb69a3ecf85ece7e40732cf3dfee29331f278b742aeabecd3bd7a275","2955","数据/card-completeness.csv","card_completeness_id","COMPLETE-M2W3-AMD-MI350P-SOFTWARE","draft","reviewed","","","","7e5f56d0a2559af8daf5a38a0ab664a4ad0f3a68f1690a98ac70dd9ee5b1ce1f","1cb279b56f4fbfc688ed2f798646a93baed02ffbd34a647ffecf4cb6672f0e01","5567","152df43e8b64c2b78c54a41c6cf9bd7acfa4d3315fcf33d6128399b22f2f8825","68773358da2fe590aaaecdcccdaf0e68d61176df35d4b759dad14b4ae1174e5c","3970","f1520907d54e406e7d82f591e3799f07f569218aff0c321ac3b836b6c649da10","111343","accept","m2_final_review_mi350p","2026-08-13","仅授权该主键按冻结来源行追加，并把 review_status 从 draft 改为 reviewed；所有其余列保持冻结值。"
"MI350P-SIGN-0009","lifecycle_pk_write","审计/子代理交接/m2_staging/M2-W3-AMD-MI350P-CARD/structured/card-completeness.csv","a7823154fb69a3ecf85ece7e40732cf3dfee29331f278b742aeabecd3bd7a275","2955","数据/card-completeness.csv","card_completeness_id","COMPLETE-M2W3-AMD-MI350P-SPECIAL_ENGINES","draft","reviewed","","","","14a3e24027dda50f30d54d09eedd2decbde950554c69c3592952a0c29496fa55","1cb279b56f4fbfc688ed2f798646a93baed02ffbd34a647ffecf4cb6672f0e01","5567","152df43e8b64c2b78c54a41c6cf9bd7acfa4d3315fcf33d6128399b22f2f8825","68773358da2fe590aaaecdcccdaf0e68d61176df35d4b759dad14b4ae1174e5c","3970","f1520907d54e406e7d82f591e3799f07f569218aff0c321ac3b836b6c649da10","111343","accept","m2_final_review_mi350p","2026-08-13","仅授权该主键按冻结来源行追加，并把 review_status 从 draft 改为 reviewed；所有其余列保持冻结值。"
"MI350P-SIGN-0010","lifecycle_pk_write","审计/子代理交接/m2_staging/M2-W3-AMD-MI350P-CARD/structured/components.csv","083aff17ad5f9bc4c1c586526d5c0541352bd3a186f81284f0a0b426a2164f25","1131","数据/components.csv","component_id","COMP-M2W3-AMD-MI350P-CU","draft","reviewed","","","","af0aefccc32540c5eb8aee254b201adaf8bed08d136e5c92f6e779d044bc21df","1cb279b56f4fbfc688ed2f798646a93baed02ffbd34a647ffecf4cb6672f0e01","5567","152df43e8b64c2b78c54a41c6cf9bd7acfa4d3315fcf33d6128399b22f2f8825","68773358da2fe590aaaecdcccdaf0e68d61176df35d4b759dad14b4ae1174e5c","3970","f1520907d54e406e7d82f591e3799f07f569218aff0c321ac3b836b6c649da10","111343","accept","m2_final_review_mi350p","2026-08-13","仅授权该主键按冻结来源行追加，并把 review_status 从 draft 改为 reviewed；所有其余列保持冻结值。"
"MI350P-SIGN-0011","lifecycle_pk_write","审计/子代理交接/m2_staging/M2-W3-AMD-MI350P-CARD/structured/components.csv","083aff17ad5f9bc4c1c586526d5c0541352bd3a186f81284f0a0b426a2164f25","1131","数据/components.csv","component_id","COMP-M2W3-AMD-MI350P-HBM3E","draft","reviewed","","","","c83939da2e3d3a6ec5972d2ac6279a625d97e2f7cf01a8e308d9ec0c95f3ecfb","1cb279b56f4fbfc688ed2f798646a93baed02ffbd34a647ffecf4cb6672f0e01","5567","152df43e8b64c2b78c54a41c6cf9bd7acfa4d3315fcf33d6128399b22f2f8825","68773358da2fe590aaaecdcccdaf0e68d61176df35d4b759dad14b4ae1174e5c","3970","f1520907d54e406e7d82f591e3799f07f569218aff0c321ac3b836b6c649da10","111343","accept","m2_final_review_mi350p","2026-08-13","仅授权该主键按冻结来源行追加，并把 review_status 从 draft 改为 reviewed；所有其余列保持冻结值。"
"MI350P-SIGN-0012","lifecycle_pk_write","审计/子代理交接/m2_staging/M2-W3-AMD-MI350P-CARD/structured/components.csv","083aff17ad5f9bc4c1c586526d5c0541352bd3a186f81284f0a0b426a2164f25","1131","数据/components.csv","component_id","COMP-M2W3-AMD-MI350P-LLC","draft","reviewed","","","","c7aee2a793b7968aa853dd9df888815fc4e68c2e047f78ff2b6af997879e4967","1cb279b56f4fbfc688ed2f798646a93baed02ffbd34a647ffecf4cb6672f0e01","5567","152df43e8b64c2b78c54a41c6cf9bd7acfa4d3315fcf33d6128399b22f2f8825","68773358da2fe590aaaecdcccdaf0e68d61176df35d4b759dad14b4ae1174e5c","3970","f1520907d54e406e7d82f591e3799f07f569218aff0c321ac3b836b6c649da10","111343","accept","m2_final_review_mi350p","2026-08-13","仅授权该主键按冻结来源行追加，并把 review_status 从 draft 改为 reviewed；所有其余列保持冻结值。"
"MI350P-SIGN-0013","lifecycle_pk_write","审计/子代理交接/m2_staging/M2-W3-AMD-MI350P-CARD/structured/components.csv","083aff17ad5f9bc4c1c586526d5c0541352bd3a186f81284f0a0b426a2164f25","1131","数据/components.csv","component_id","COMP-M2W3-AMD-MI350P-MATRIX","draft","reviewed","","","","4457a1dc201dac0d71efffc4499a21ff4784840b9741317d9fdb74607fb817c8","1cb279b56f4fbfc688ed2f798646a93baed02ffbd34a647ffecf4cb6672f0e01","5567","152df43e8b64c2b78c54a41c6cf9bd7acfa4d3315fcf33d6128399b22f2f8825","68773358da2fe590aaaecdcccdaf0e68d61176df35d4b759dad14b4ae1174e5c","3970","f1520907d54e406e7d82f591e3799f07f569218aff0c321ac3b836b6c649da10","111343","accept","m2_final_review_mi350p","2026-08-13","仅授权该主键按冻结来源行追加，并把 review_status 从 draft 改为 reviewed；所有其余列保持冻结值。"
"MI350P-SIGN-0014","lifecycle_pk_write","审计/子代理交接/m2_staging/M2-W3-AMD-MI350P-CARD/structured/components.csv","083aff17ad5f9bc4c1c586526d5c0541352bd3a186f81284f0a0b426a2164f25","1131","数据/components.csv","component_id","COMP-M2W3-AMD-MI350P-VECTOR","draft","reviewed","","","","11dd803045ac42e81b22fa2d01e88503aba4738dd91dc20e0fcfdc0de323bfcc","1cb279b56f4fbfc688ed2f798646a93baed02ffbd34a647ffecf4cb6672f0e01","5567","152df43e8b64c2b78c54a41c6cf9bd7acfa4d3315fcf33d6128399b22f2f8825","68773358da2fe590aaaecdcccdaf0e68d61176df35d4b759dad14b4ae1174e5c","3970","f1520907d54e406e7d82f591e3799f07f569218aff0c321ac3b836b6c649da10","111343","accept","m2_final_review_mi350p","2026-08-13","仅授权该主键按冻结来源行追加，并把 review_status 从 draft 改为 reviewed；所有其余列保持冻结值。"
"MI350P-SIGN-0015","lifecycle_pk_write","审计/子代理交接/m2_staging/M2-W3-AMD-MI350P-CARD/structured/condition-sets.csv","a93c649c5c4d15b57cd0c6c97537385e639c697a9a6c1173b8f47e0bd887c818","4332","数据/condition-sets.csv","condition_set_id","COND-M2W3-AMD-MI350P-HBM3E-PEAK-BW","draft","reviewed","","","","dc7bf58fd0bd3c2bed862d9adbeed99dc414699a7343d60ff9d2e211cc22267d","1cb279b56f4fbfc688ed2f798646a93baed02ffbd34a647ffecf4cb6672f0e01","5567","152df43e8b64c2b78c54a41c6cf9bd7acfa4d3315fcf33d6128399b22f2f8825","68773358da2fe590aaaecdcccdaf0e68d61176df35d4b759dad14b4ae1174e5c","3970","f1520907d54e406e7d82f591e3799f07f569218aff0c321ac3b836b6c649da10","111343","accept","m2_final_review_mi350p","2026-08-13","仅授权该主键按冻结来源行追加，并把 review_status 从 draft 改为 reviewed；所有其余列保持冻结值。"
"MI350P-SIGN-0016","lifecycle_pk_write","审计/子代理交接/m2_staging/M2-W3-AMD-MI350P-CARD/structured/condition-sets.csv","a93c649c5c4d15b57cd0c6c97537385e639c697a9a6c1173b8f47e0bd887c818","4332","数据/condition-sets.csv","condition_set_id","COND-M2W3-AMD-MI350P-IOD-COUNT","draft","reviewed","","","","bcef21a23601f327388bb04a87c414a8cd18e3def56a5732b497b904e41f7df2","1cb279b56f4fbfc688ed2f798646a93baed02ffbd34a647ffecf4cb6672f0e01","5567","152df43e8b64c2b78c54a41c6cf9bd7acfa4d3315fcf33d6128399b22f2f8825","68773358da2fe590aaaecdcccdaf0e68d61176df35d4b759dad14b4ae1174e5c","3970","f1520907d54e406e7d82f591e3799f07f569218aff0c321ac3b836b6c649da10","111343","accept","m2_final_review_mi350p","2026-08-13","仅授权该主键按冻结来源行追加，并把 review_status 从 draft 改为 reviewed；所有其余列保持冻结值。"
"MI350P-SIGN-0017","lifecycle_pk_write","审计/子代理交接/m2_staging/M2-W3-AMD-MI350P-CARD/structured/condition-sets.csv","a93c649c5c4d15b57cd0c6c97537385e639c697a9a6c1173b8f47e0bd887c818","4332","数据/condition-sets.csv","condition_set_id","COND-M2W3-AMD-MI350P-PCIE-BW","draft","reviewed","","","","d7e98eff1f08966ce309cd570038c81016452444d1a8292202afcc3dd79e7971","1cb279b56f4fbfc688ed2f798646a93baed02ffbd34a647ffecf4cb6672f0e01","5567","152df43e8b64c2b78c54a41c6cf9bd7acfa4d3315fcf33d6128399b22f2f8825","68773358da2fe590aaaecdcccdaf0e68d61176df35d4b759dad14b4ae1174e5c","3970","f1520907d54e406e7d82f591e3799f07f569218aff0c321ac3b836b6c649da10","111343","accept","m2_final_review_mi350p","2026-08-13","仅授权该主键按冻结来源行追加，并把 review_status 从 draft 改为 reviewed；所有其余列保持冻结值。"
"MI350P-SIGN-0018","lifecycle_pk_write","审计/子代理交接/m2_staging/M2-W3-AMD-MI350P-CARD/structured/condition-sets.csv","a93c649c5c4d15b57cd0c6c97537385e639c697a9a6c1173b8f47e0bd887c818","4332","数据/condition-sets.csv","condition_set_id","COND-M2W3-AMD-MI350P-PEAK-MATRIX-BASE","draft","reviewed","","","","d531396d61e72149f0fe8c0299ebb3012be5d2469796089317fa6e3d55fd6d58","1cb279b56f4fbfc688ed2f798646a93baed02ffbd34a647ffecf4cb6672f0e01","5567","152df43e8b64c2b78c54a41c6cf9bd7acfa4d3315fcf33d6128399b22f2f8825","68773358da2fe590aaaecdcccdaf0e68d61176df35d4b759dad14b4ae1174e5c","3970","f1520907d54e406e7d82f591e3799f07f569218aff0c321ac3b836b6c649da10","111343","accept","m2_final_review_mi350p","2026-08-13","仅授权该主键按冻结来源行追加，并把 review_status 从 draft 改为 reviewed；所有其余列保持冻结值。"
"MI350P-SIGN-0019","lifecycle_pk_write","审计/子代理交接/m2_staging/M2-W3-AMD-MI350P-CARD/structured/condition-sets.csv","a93c649c5c4d15b57cd0c6c97537385e639c697a9a6c1173b8f47e0bd887c818","4332","数据/condition-sets.csv","condition_set_id","COND-M2W3-AMD-MI350P-PEAK-MATRIX-STRUCTURED","draft","reviewed","","","","b69ff42be9c08697d610bf19f9737cb40725e17f2bc17eabb8bd763e506267cd","1cb279b56f4fbfc688ed2f798646a93baed02ffbd34a647ffecf4cb6672f0e01","5567","152df43e8b64c2b78c54a41c6cf9bd7acfa4d3315fcf33d6128399b22f2f8825","68773358da2fe590aaaecdcccdaf0e68d61176df35d4b759dad14b4ae1174e5c","3970","f1520907d54e406e7d82f591e3799f07f569218aff0c321ac3b836b6c649da10","111343","accept","m2_final_review_mi350p","2026-08-13","仅授权该主键按冻结来源行追加，并把 review_status 从 draft 改为 reviewed；所有其余列保持冻结值。"
"MI350P-SIGN-0020","lifecycle_pk_write","审计/子代理交接/m2_staging/M2-W3-AMD-MI350P-CARD/structured/condition-sets.csv","a93c649c5c4d15b57cd0c6c97537385e639c697a9a6c1173b8f47e0bd887c818","4332","数据/condition-sets.csv","condition_set_id","COND-M2W3-AMD-MI350P-PEAK-MATRIX-UNSPEC","draft","reviewed","","","","f8ed84fd1d7300bfd8d2e816870af9213865868cc6d1824bc49550a3baf23f78","1cb279b56f4fbfc688ed2f798646a93baed02ffbd34a647ffecf4cb6672f0e01","5567","152df43e8b64c2b78c54a41c6cf9bd7acfa4d3315fcf33d6128399b22f2f8825","68773358da2fe590aaaecdcccdaf0e68d61176df35d4b759dad14b4ae1174e5c","3970","f1520907d54e406e7d82f591e3799f07f569218aff0c321ac3b836b6c649da10","111343","accept","m2_final_review_mi350p","2026-08-13","仅授权该主键按冻结来源行追加，并把 review_status 从 draft 改为 reviewed；所有其余列保持冻结值。"
"MI350P-SIGN-0021","lifecycle_pk_write","审计/子代理交接/m2_staging/M2-W3-AMD-MI350P-CARD/structured/condition-sets.csv","a93c649c5c4d15b57cd0c6c97537385e639c697a9a6c1173b8f47e0bd887c818","4332","数据/condition-sets.csv","condition_set_id","COND-M2W3-AMD-MI350P-PEAK-VECTOR","draft","reviewed","","","","295e728927f8a49ef497142a7a47765967e4f05e35bff33bc0f258bff195cdef","1cb279b56f4fbfc688ed2f798646a93baed02ffbd34a647ffecf4cb6672f0e01","5567","152df43e8b64c2b78c54a41c6cf9bd7acfa4d3315fcf33d6128399b22f2f8825","68773358da2fe590aaaecdcccdaf0e68d61176df35d4b759dad14b4ae1174e5c","3970","f1520907d54e406e7d82f591e3799f07f569218aff0c321ac3b836b6c649da10","111343","accept","m2_final_review_mi350p","2026-08-13","仅授权该主键按冻结来源行追加，并把 review_status 从 draft 改为 reviewed；所有其余列保持冻结值。"
"MI350P-SIGN-0022","lifecycle_pk_write","审计/子代理交接/m2_staging/M2-W3-AMD-MI350P-CARD/structured/condition-sets.csv","a93c649c5c4d15b57cd0c6c97537385e639c697a9a6c1173b8f47e0bd887c818","4332","数据/condition-sets.csv","condition_set_id","COND-M2W3-AMD-MI350P-POWER-CONFIG","draft","reviewed","","","","9a56c1aa93b8ac9b18f3bd2af2e0b8a91143925a6d183eed8bdd544488098d3d","1cb279b56f4fbfc688ed2f798646a93baed02ffbd34a647ffecf4cb6672f0e01","5567","152df43e8b64c2b78c54a41c6cf9bd7acfa4d3315fcf33d6128399b22f2f8825","68773358da2fe590aaaecdcccdaf0e68d61176df35d4b759dad14b4ae1174e5c","3970","f1520907d54e406e7d82f591e3799f07f569218aff0c321ac3b836b6c649da10","111343","accept","m2_final_review_mi350p","2026-08-13","仅授权该主键按冻结来源行追加，并把 review_status 从 draft 改为 reviewed；所有其余列保持冻结值。"
"MI350P-SIGN-0023","lifecycle_pk_write","审计/子代理交接/m2_staging/M2-W3-AMD-MI350P-CARD/structured/condition-sets.csv","a93c649c5c4d15b57cd0c6c97537385e639c697a9a6c1173b8f47e0bd887c818","4332","数据/condition-sets.csv","condition_set_id","COND-M2W3-AMD-MI350P-POWER-MAX","draft","reviewed","","","","9f668de7ec7990ca617f06594215425db9f14222dfc75dea2067cb5f8d9b49c5","1cb279b56f4fbfc688ed2f798646a93baed02ffbd34a647ffecf4cb6672f0e01","5567","152df43e8b64c2b78c54a41c6cf9bd7acfa4d3315fcf33d6128399b22f2f8825","68773358da2fe590aaaecdcccdaf0e68d61176df35d4b759dad14b4ae1174e5c","3970","f1520907d54e406e7d82f591e3799f07f569218aff0c321ac3b836b6c649da10","111343","accept","m2_final_review_mi350p","2026-08-13","仅授权该主键按冻结来源行追加，并把 review_status 从 draft 改为 reviewed；所有其余列保持冻结值。"
"MI350P-SIGN-0024","lifecycle_pk_write","审计/子代理交接/m2_staging/M2-W3-AMD-MI350P-CARD/structured/condition-sets.csv","a93c649c5c4d15b57cd0c6c97537385e639c697a9a6c1173b8f47e0bd887c818","4332","数据/condition-sets.csv","condition_set_id","COND-M2W3-AMD-MI350P-XCD-COUNT","draft","reviewed","","","","59c98b6a0ff213843fd0a1b7019441f7d415dbf5ea9ae0be7fab70d8b5b042f6","1cb279b56f4fbfc688ed2f798646a93baed02ffbd34a647ffecf4cb6672f0e01","5567","152df43e8b64c2b78c54a41c6cf9bd7acfa4d3315fcf33d6128399b22f2f8825","68773358da2fe590aaaecdcccdaf0e68d61176df35d4b759dad14b4ae1174e5c","3970","f1520907d54e406e7d82f591e3799f07f569218aff0c321ac3b836b6c649da10","111343","accept","m2_final_review_mi350p","2026-08-13","仅授权该主键按冻结来源行追加，并把 review_status 从 draft 改为 reviewed；所有其余列保持冻结值。"
"MI350P-SIGN-0025","lifecycle_pk_write","审计/子代理交接/m2_staging/M2-W3-AMD-MI350P-CARD/structured/fact-assertions.csv","50b3efec4c4f6eca0c646c70cf5f8fd326d5efa495a87cb0e94246e0f838d3f1","23331","最小参考资料库/fact-assertions.csv","assertion_id","ASSERT-M2W3-AMD-MI350P-BF16-MATRIX-BASE-PEAK-PRODUCT","draft","reviewed","","","","08f33ebc4e974580f31552baefffecbfe5199987a72a679c3c1b6028e72c8a08","1cb279b56f4fbfc688ed2f798646a93baed02ffbd34a647ffecf4cb6672f0e01","5567","152df43e8b64c2b78c54a41c6cf9bd7acfa4d3315fcf33d6128399b22f2f8825","68773358da2fe590aaaecdcccdaf0e68d61176df35d4b759dad14b4ae1174e5c","3970","f1520907d54e406e7d82f591e3799f07f569218aff0c321ac3b836b6c649da10","111343","accept","m2_final_review_mi350p","2026-08-13","仅授权该主键按冻结来源行追加，并把 review_status 从 draft 改为 reviewed；所有其余列保持冻结值。"
"MI350P-SIGN-0026","lifecycle_pk_write","审计/子代理交接/m2_staging/M2-W3-AMD-MI350P-CARD/structured/fact-assertions.csv","50b3efec4c4f6eca0c646c70cf5f8fd326d5efa495a87cb0e94246e0f838d3f1","23331","最小参考资料库/fact-assertions.csv","assertion_id","ASSERT-M2W3-AMD-MI350P-BF16-MATRIX-SPARSE-PEAK-PRODUCT","draft","reviewed","","","","d9dc32e667736b6b0af3d85b49eed7052607101807624926322a1c3b3da6e748","1cb279b56f4fbfc688ed2f798646a93baed02ffbd34a647ffecf4cb6672f0e01","5567","152df43e8b64c2b78c54a41c6cf9bd7acfa4d3315fcf33d6128399b22f2f8825","68773358da2fe590aaaecdcccdaf0e68d61176df35d4b759dad14b4ae1174e5c","3970","f1520907d54e406e7d82f591e3799f07f569218aff0c321ac3b836b6c649da10","111343","accept","m2_final_review_mi350p","2026-08-13","仅授权该主键按冻结来源行追加，并把 review_status 从 draft 改为 reviewed；所有其余列保持冻结值。"
"MI350P-SIGN-0027","lifecycle_pk_write","审计/子代理交接/m2_staging/M2-W3-AMD-MI350P-CARD/structured/fact-assertions.csv","50b3efec4c4f6eca0c646c70cf5f8fd326d5efa495a87cb0e94246e0f838d3f1","23331","最小参考资料库/fact-assertions.csv","assertion_id","ASSERT-M2W3-AMD-MI350P-CLOCK-BROCHURE","draft","reviewed","","","","3aa14d9588256e21597f69a08d1145048ac8767966a282cb5df0921cb435731b","1cb279b56f4fbfc688ed2f798646a93baed02ffbd34a647ffecf4cb6672f0e01","5567","152df43e8b64c2b78c54a41c6cf9bd7acfa4d3315fcf33d6128399b22f2f8825","68773358da2fe590aaaecdcccdaf0e68d61176df35d4b759dad14b4ae1174e5c","3970","f1520907d54e406e7d82f591e3799f07f569218aff0c321ac3b836b6c649da10","111343","accept","m2_final_review_mi350p","2026-08-13","仅授权该主键按冻结来源行追加，并把 review_status 从 draft 改为 reviewed；所有其余列保持冻结值。"
"MI350P-SIGN-0028","lifecycle_pk_write","审计/子代理交接/m2_staging/M2-W3-AMD-MI350P-CARD/structured/fact-assertions.csv","50b3efec4c4f6eca0c646c70cf5f8fd326d5efa495a87cb0e94246e0f838d3f1","23331","最小参考资料库/fact-assertions.csv","assertion_id","ASSERT-M2W3-AMD-MI350P-CLOCK-PRODUCT","draft","reviewed","","","","2c201d6775761acde19b8b403019785436400f470afedf5ca25333f3115ae9da","1cb279b56f4fbfc688ed2f798646a93baed02ffbd34a647ffecf4cb6672f0e01","5567","152df43e8b64c2b78c54a41c6cf9bd7acfa4d3315fcf33d6128399b22f2f8825","68773358da2fe590aaaecdcccdaf0e68d61176df35d4b759dad14b4ae1174e5c","3970","f1520907d54e406e7d82f591e3799f07f569218aff0c321ac3b836b6c649da10","111343","accept","m2_final_review_mi350p","2026-08-13","仅授权该主键按冻结来源行追加，并把 review_status 从 draft 改为 reviewed；所有其余列保持冻结值。"
"MI350P-SIGN-0029","lifecycle_pk_write","审计/子代理交接/m2_staging/M2-W3-AMD-MI350P-CARD/structured/fact-assertions.csv","50b3efec4c4f6eca0c646c70cf5f8fd326d5efa495a87cb0e94246e0f838d3f1","23331","最小参考资料库/fact-assertions.csv","assertion_id","ASSERT-M2W3-AMD-MI350P-COOLING-PRODUCT","draft","reviewed","","","","aaa38ab5fb7a60daa232e02b127b0d32ecc31eb8f0acd548da6f382829ebd699","1cb279b56f4fbfc688ed2f798646a93baed02ffbd34a647ffecf4cb6672f0e01","5567","152df43e8b64c2b78c54a41c6cf9bd7acfa4d3315fcf33d6128399b22f2f8825","68773358da2fe590aaaecdcccdaf0e68d61176df35d4b759dad14b4ae1174e5c","3970","f1520907d54e406e7d82f591e3799f07f569218aff0c321ac3b836b6c649da10","111343","accept","m2_final_review_mi350p","2026-08-13","仅授权该主键按冻结来源行追加，并把 review_status 从 draft 改为 reviewed；所有其余列保持冻结值。"
"MI350P-SIGN-0030","lifecycle_pk_write","审计/子代理交接/m2_staging/M2-W3-AMD-MI350P-CARD/structured/fact-assertions.csv","50b3efec4c4f6eca0c646c70cf5f8fd326d5efa495a87cb0e94246e0f838d3f1","23331","最小参考资料库/fact-assertions.csv","assertion_id","ASSERT-M2W3-AMD-MI350P-CU-COUNT-PRODUCT","draft","reviewed","","","","f450872a985756e1d5b58883957352294b0ac770a3ee7e38624519b81d6245a2","1cb279b56f4fbfc688ed2f798646a93baed02ffbd34a647ffecf4cb6672f0e01","5567","152df43e8b64c2b78c54a41c6cf9bd7acfa4d3315fcf33d6128399b22f2f8825","68773358da2fe590aaaecdcccdaf0e68d61176df35d4b759dad14b4ae1174e5c","3970","f1520907d54e406e7d82f591e3799f07f569218aff0c321ac3b836b6c649da10","111343","accept","m2_final_review_mi350p","2026-08-13","仅授权该主键按冻结来源行追加，并把 review_status 从 draft 改为 reviewed；所有其余列保持冻结值。"
"MI350P-SIGN-0031","lifecycle_pk_write","审计/子代理交接/m2_staging/M2-W3-AMD-MI350P-CARD/structured/fact-assertions.csv","50b3efec4c4f6eca0c646c70cf5f8fd326d5efa495a87cb0e94246e0f838d3f1","23331","最小参考资料库/fact-assertions.csv","assertion_id","ASSERT-M2W3-AMD-MI350P-FAMILY-PRODUCT","draft","reviewed","","","","521c5f77210e9e23f9b1c8ebdfa381b1c7609c83adef391f60ddb599df1969d0","1cb279b56f4fbfc688ed2f798646a93baed02ffbd34a647ffecf4cb6672f0e01","5567","152df43e8b64c2b78c54a41c6cf9bd7acfa4d3315fcf33d6128399b22f2f8825","68773358da2fe590aaaecdcccdaf0e68d61176df35d4b759dad14b4ae1174e5c","3970","f1520907d54e406e7d82f591e3799f07f569218aff0c321ac3b836b6c649da10","111343","accept","m2_final_review_mi350p","2026-08-13","仅授权该主键按冻结来源行追加，并把 review_status 从 draft 改为 reviewed；所有其余列保持冻结值。"
"MI350P-SIGN-0032","lifecycle_pk_write","审计/子代理交接/m2_staging/M2-W3-AMD-MI350P-CARD/structured/fact-assertions.csv","50b3efec4c4f6eca0c646c70cf5f8fd326d5efa495a87cb0e94246e0f838d3f1","23331","最小参考资料库/fact-assertions.csv","assertion_id","ASSERT-M2W3-AMD-MI350P-FORM-FACTOR-BROCHURE","draft","reviewed","","","","736c3afdd4e71226c41526242448a28e010f11833adac34a35d9d0386f64dbcd","1cb279b56f4fbfc688ed2f798646a93baed02ffbd34a647ffecf4cb6672f0e01","5567","152df43e8b64c2b78c54a41c6cf9bd7acfa4d3315fcf33d6128399b22f2f8825","68773358da2fe590aaaecdcccdaf0e68d61176df35d4b759dad14b4ae1174e5c","3970","f1520907d54e406e7d82f591e3799f07f569218aff0c321ac3b836b6c649da10","111343","accept","m2_final_review_mi350p","2026-08-13","仅授权该主键按冻结来源行追加，并把 review_status 从 draft 改为 reviewed；所有其余列保持冻结值。"
"MI350P-SIGN-0033","lifecycle_pk_write","审计/子代理交接/m2_staging/M2-W3-AMD-MI350P-CARD/structured/fact-assertions.csv","50b3efec4c4f6eca0c646c70cf5f8fd326d5efa495a87cb0e94246e0f838d3f1","23331","最小参考资料库/fact-assertions.csv","assertion_id","ASSERT-M2W3-AMD-MI350P-FORM-FACTOR-PRODUCT","draft","reviewed","","","","8a344126e7fc8611e0a33ae6e4f26c3e838651ab12118f3eed6de8ae07efbe77","1cb279b56f4fbfc688ed2f798646a93baed02ffbd34a647ffecf4cb6672f0e01","5567","152df43e8b64c2b78c54a41c6cf9bd7acfa4d3315fcf33d6128399b22f2f8825","68773358da2fe590aaaecdcccdaf0e68d61176df35d4b759dad14b4ae1174e5c","3970","f1520907d54e406e7d82f591e3799f07f569218aff0c321ac3b836b6c649da10","111343","accept","m2_final_review_mi350p","2026-08-13","仅授权该主键按冻结来源行追加，并把 review_status 从 draft 改为 reviewed；所有其余列保持冻结值。"
"MI350P-SIGN-0034","lifecycle_pk_write","审计/子代理交接/m2_staging/M2-W3-AMD-MI350P-CARD/structured/fact-assertions.csv","50b3efec4c4f6eca0c646c70cf5f8fd326d5efa495a87cb0e94246e0f838d3f1","23331","最小参考资料库/fact-assertions.csv","assertion_id","ASSERT-M2W3-AMD-MI350P-FP16-MATRIX-BASE-PEAK-PRODUCT","draft","reviewed","","","","bfd30ceee6d1f49a6374bef55b0dd9faec484785157e12a4e7bfab4a096b45cb","1cb279b56f4fbfc688ed2f798646a93baed02ffbd34a647ffecf4cb6672f0e01","5567","152df43e8b64c2b78c54a41c6cf9bd7acfa4d3315fcf33d6128399b22f2f8825","68773358da2fe590aaaecdcccdaf0e68d61176df35d4b759dad14b4ae1174e5c","3970","f1520907d54e406e7d82f591e3799f07f569218aff0c321ac3b836b6c649da10","111343","accept","m2_final_review_mi350p","2026-08-13","仅授权该主键按冻结来源行追加，并把 review_status 从 draft 改为 reviewed；所有其余列保持冻结值。"
"MI350P-SIGN-0035","lifecycle_pk_write","审计/子代理交接/m2_staging/M2-W3-AMD-MI350P-CARD/structured/fact-assertions.csv","50b3efec4c4f6eca0c646c70cf5f8fd326d5efa495a87cb0e94246e0f838d3f1","23331","最小参考资料库/fact-assertions.csv","assertion_id","ASSERT-M2W3-AMD-MI350P-FP16-MATRIX-SPARSE-PEAK-PRODUCT","draft","reviewed","","","","1a2bd50ce33fb10c1a90db77224163f8f82bd640173b42b39d5aedcbce4516be","1cb279b56f4fbfc688ed2f798646a93baed02ffbd34a647ffecf4cb6672f0e01","5567","152df43e8b64c2b78c54a41c6cf9bd7acfa4d3315fcf33d6128399b22f2f8825","68773358da2fe590aaaecdcccdaf0e68d61176df35d4b759dad14b4ae1174e5c","3970","f1520907d54e406e7d82f591e3799f07f569218aff0c321ac3b836b6c649da10","111343","accept","m2_final_review_mi350p","2026-08-13","仅授权该主键按冻结来源行追加，并把 review_status 从 draft 改为 reviewed；所有其余列保持冻结值。"
"MI350P-SIGN-0036","lifecycle_pk_write","审计/子代理交接/m2_staging/M2-W3-AMD-MI350P-CARD/structured/fact-assertions.csv","50b3efec4c4f6eca0c646c70cf5f8fd326d5efa495a87cb0e94246e0f838d3f1","23331","最小参考资料库/fact-assertions.csv","assertion_id","ASSERT-M2W3-AMD-MI350P-FP16-VECTOR-PEAK-BROCHURE","draft","reviewed","","","","2f23ee0d1c973517727c97ec63fa4b4e014c0d058c14525c6e0b2e5154455ae7","1cb279b56f4fbfc688ed2f798646a93baed02ffbd34a647ffecf4cb6672f0e01","5567","152df43e8b64c2b78c54a41c6cf9bd7acfa4d3315fcf33d6128399b22f2f8825","68773358da2fe590aaaecdcccdaf0e68d61176df35d4b759dad14b4ae1174e5c","3970","f1520907d54e406e7d82f591e3799f07f569218aff0c321ac3b836b6c649da10","111343","accept","m2_final_review_mi350p","2026-08-13","仅授权该主键按冻结来源行追加，并把 review_status 从 draft 改为 reviewed；所有其余列保持冻结值。"
"MI350P-SIGN-0037","lifecycle_pk_write","审计/子代理交接/m2_staging/M2-W3-AMD-MI350P-CARD/structured/fact-assertions.csv","50b3efec4c4f6eca0c646c70cf5f8fd326d5efa495a87cb0e94246e0f838d3f1","23331","最小参考资料库/fact-assertions.csv","assertion_id","ASSERT-M2W3-AMD-MI350P-FP32-MATRIX-PEAK-PRODUCT","draft","reviewed","","","","878f08205738994435b29ff36c92de82ee99183437fe7298e5119385ad4d351a","1cb279b56f4fbfc688ed2f798646a93baed02ffbd34a647ffecf4cb6672f0e01","5567","152df43e8b64c2b78c54a41c6cf9bd7acfa4d3315fcf33d6128399b22f2f8825","68773358da2fe590aaaecdcccdaf0e68d61176df35d4b759dad14b4ae1174e5c","3970","f1520907d54e406e7d82f591e3799f07f569218aff0c321ac3b836b6c649da10","111343","accept","m2_final_review_mi350p","2026-08-13","仅授权该主键按冻结来源行追加，并把 review_status 从 draft 改为 reviewed；所有其余列保持冻结值。"
"MI350P-SIGN-0038","lifecycle_pk_write","审计/子代理交接/m2_staging/M2-W3-AMD-MI350P-CARD/structured/fact-assertions.csv","50b3efec4c4f6eca0c646c70cf5f8fd326d5efa495a87cb0e94246e0f838d3f1","23331","最小参考资料库/fact-assertions.csv","assertion_id","ASSERT-M2W3-AMD-MI350P-FP32-VECTOR-PEAK-BROCHURE","draft","reviewed","","","","2f240e09ab5a47319184681bad6c8456a2bb1f4eee3dfb8e71b1398da629cc2b","1cb279b56f4fbfc688ed2f798646a93baed02ffbd34a647ffecf4cb6672f0e01","5567","152df43e8b64c2b78c54a41c6cf9bd7acfa4d3315fcf33d6128399b22f2f8825","68773358da2fe590aaaecdcccdaf0e68d61176df35d4b759dad14b4ae1174e5c","3970","f1520907d54e406e7d82f591e3799f07f569218aff0c321ac3b836b6c649da10","111343","accept","m2_final_review_mi350p","2026-08-13","仅授权该主键按冻结来源行追加，并把 review_status 从 draft 改为 reviewed；所有其余列保持冻结值。"
"MI350P-SIGN-0039","lifecycle_pk_write","审计/子代理交接/m2_staging/M2-W3-AMD-MI350P-CARD/structured/fact-assertions.csv","50b3efec4c4f6eca0c646c70cf5f8fd326d5efa495a87cb0e94246e0f838d3f1","23331","最小参考资料库/fact-assertions.csv","assertion_id","ASSERT-M2W3-AMD-MI350P-FP64-MATRIX-PEAK-PRODUCT","draft","reviewed","","","","fa575e9952d8732095b5392548c32e98b9c874b53b47e1d571beb6d2e1a0d6d9","1cb279b56f4fbfc688ed2f798646a93baed02ffbd34a647ffecf4cb6672f0e01","5567","152df43e8b64c2b78c54a41c6cf9bd7acfa4d3315fcf33d6128399b22f2f8825","68773358da2fe590aaaecdcccdaf0e68d61176df35d4b759dad14b4ae1174e5c","3970","f1520907d54e406e7d82f591e3799f07f569218aff0c321ac3b836b6c649da10","111343","accept","m2_final_review_mi350p","2026-08-13","仅授权该主键按冻结来源行追加，并把 review_status 从 draft 改为 reviewed；所有其余列保持冻结值。"
"MI350P-SIGN-0040","lifecycle_pk_write","审计/子代理交接/m2_staging/M2-W3-AMD-MI350P-CARD/structured/fact-assertions.csv","50b3efec4c4f6eca0c646c70cf5f8fd326d5efa495a87cb0e94246e0f838d3f1","23331","最小参考资料库/fact-assertions.csv","assertion_id","ASSERT-M2W3-AMD-MI350P-FP64-VECTOR-PEAK-BROCHURE","draft","reviewed","","","","81920f722ff57e2c6e4003a3010b02084b4887423d82f8c5887b57cefbb983f4","1cb279b56f4fbfc688ed2f798646a93baed02ffbd34a647ffecf4cb6672f0e01","5567","152df43e8b64c2b78c54a41c6cf9bd7acfa4d3315fcf33d6128399b22f2f8825","68773358da2fe590aaaecdcccdaf0e68d61176df35d4b759dad14b4ae1174e5c","3970","f1520907d54e406e7d82f591e3799f07f569218aff0c321ac3b836b6c649da10","111343","accept","m2_final_review_mi350p","2026-08-13","仅授权该主键按冻结来源行追加，并把 review_status 从 draft 改为 reviewed；所有其余列保持冻结值。"
"MI350P-SIGN-0041","lifecycle_pk_write","审计/子代理交接/m2_staging/M2-W3-AMD-MI350P-CARD/structured/fact-assertions.csv","50b3efec4c4f6eca0c646c70cf5f8fd326d5efa495a87cb0e94246e0f838d3f1","23331","最小参考资料库/fact-assertions.csv","assertion_id","ASSERT-M2W3-AMD-MI350P-HBM3E-BW-BROCHURE","draft","reviewed","","","","18283cad179167d31af55720a895617b92f434d51365c3be474654dd10a6d68d","1cb279b56f4fbfc688ed2f798646a93baed02ffbd34a647ffecf4cb6672f0e01","5567","152df43e8b64c2b78c54a41c6cf9bd7acfa4d3315fcf33d6128399b22f2f8825","68773358da2fe590aaaecdcccdaf0e68d61176df35d4b759dad14b4ae1174e5c","3970","f1520907d54e406e7d82f591e3799f07f569218aff0c321ac3b836b6c649da10","111343","accept","m2_final_review_mi350p","2026-08-13","仅授权该主键按冻结来源行追加，并把 review_status 从 draft 改为 reviewed；所有其余列保持冻结值。"
"MI350P-SIGN-0042","lifecycle_pk_write","审计/子代理交接/m2_staging/M2-W3-AMD-MI350P-CARD/structured/fact-assertions.csv","50b3efec4c4f6eca0c646c70cf5f8fd326d5efa495a87cb0e94246e0f838d3f1","23331","最小参考资料库/fact-assertions.csv","assertion_id","ASSERT-M2W3-AMD-MI350P-HBM3E-BW-PRODUCT","draft","reviewed","","","","ce4b6abc6062def6ae28de11efd3333ca2666485ec524ef23dc4ab4e84067b48","1cb279b56f4fbfc688ed2f798646a93baed02ffbd34a647ffecf4cb6672f0e01","5567","152df43e8b64c2b78c54a41c6cf9bd7acfa4d3315fcf33d6128399b22f2f8825","68773358da2fe590aaaecdcccdaf0e68d61176df35d4b759dad14b4ae1174e5c","3970","f1520907d54e406e7d82f591e3799f07f569218aff0c321ac3b836b6c649da10","111343","accept","m2_final_review_mi350p","2026-08-13","仅授权该主键按冻结来源行追加，并把 review_status 从 draft 改为 reviewed；所有其余列保持冻结值。"
"MI350P-SIGN-0043","lifecycle_pk_write","审计/子代理交接/m2_staging/M2-W3-AMD-MI350P-CARD/structured/fact-assertions.csv","50b3efec4c4f6eca0c646c70cf5f8fd326d5efa495a87cb0e94246e0f838d3f1","23331","最小参考资料库/fact-assertions.csv","assertion_id","ASSERT-M2W3-AMD-MI350P-HBM3E-CAPACITY-BROCHURE","draft","reviewed","","","","00c04fff00d666d5941cd06a9b734c567628a6596b1e9160310ecbdc1aac4ffd","1cb279b56f4fbfc688ed2f798646a93baed02ffbd34a647ffecf4cb6672f0e01","5567","152df43e8b64c2b78c54a41c6cf9bd7acfa4d3315fcf33d6128399b22f2f8825","68773358da2fe590aaaecdcccdaf0e68d61176df35d4b759dad14b4ae1174e5c","3970","f1520907d54e406e7d82f591e3799f07f569218aff0c321ac3b836b6c649da10","111343","accept","m2_final_review_mi350p","2026-08-13","仅授权该主键按冻结来源行追加，并把 review_status 从 draft 改为 reviewed；所有其余列保持冻结值。"
"MI350P-SIGN-0044","lifecycle_pk_write","审计/子代理交接/m2_staging/M2-W3-AMD-MI350P-CARD/structured/fact-assertions.csv","50b3efec4c4f6eca0c646c70cf5f8fd326d5efa495a87cb0e94246e0f838d3f1","23331","最小参考资料库/fact-assertions.csv","assertion_id","ASSERT-M2W3-AMD-MI350P-HBM3E-CAPACITY-PRODUCT","draft","reviewed","","","","55350a4926297b1dd8329d74aada84c61029e1d063024973ddcaefb8c57a3357","1cb279b56f4fbfc688ed2f798646a93baed02ffbd34a647ffecf4cb6672f0e01","5567","152df43e8b64c2b78c54a41c6cf9bd7acfa4d3315fcf33d6128399b22f2f8825","68773358da2fe590aaaecdcccdaf0e68d61176df35d4b759dad14b4ae1174e5c","3970","f1520907d54e406e7d82f591e3799f07f569218aff0c321ac3b836b6c649da10","111343","accept","m2_final_review_mi350p","2026-08-13","仅授权该主键按冻结来源行追加，并把 review_status 从 draft 改为 reviewed；所有其余列保持冻结值。"
"MI350P-SIGN-0045","lifecycle_pk_write","审计/子代理交接/m2_staging/M2-W3-AMD-MI350P-CARD/structured/fact-assertions.csv","50b3efec4c4f6eca0c646c70cf5f8fd326d5efa495a87cb0e94246e0f838d3f1","23331","最小参考资料库/fact-assertions.csv","assertion_id","ASSERT-M2W3-AMD-MI350P-HBM-INTERFACE-PRODUCT","draft","reviewed","","","","3d19d548a36494b1e3399df7fe62addbdbf2a5802faad2d79a674738b15e7ae7","1cb279b56f4fbfc688ed2f798646a93baed02ffbd34a647ffecf4cb6672f0e01","5567","152df43e8b64c2b78c54a41c6cf9bd7acfa4d3315fcf33d6128399b22f2f8825","68773358da2fe590aaaecdcccdaf0e68d61176df35d4b759dad14b4ae1174e5c","3970","f1520907d54e406e7d82f591e3799f07f569218aff0c321ac3b836b6c649da10","111343","accept","m2_final_review_mi350p","2026-08-13","仅授权该主键按冻结来源行追加，并把 review_status 从 draft 改为 reviewed；所有其余列保持冻结值。"
"MI350P-SIGN-0046","lifecycle_pk_write","审计/子代理交接/m2_staging/M2-W3-AMD-MI350P-CARD/structured/fact-assertions.csv","50b3efec4c4f6eca0c646c70cf5f8fd326d5efa495a87cb0e94246e0f838d3f1","23331","最小参考资料库/fact-assertions.csv","assertion_id","ASSERT-M2W3-AMD-MI350P-INT8-MATRIX-BASE-PEAK-PRODUCT","draft","reviewed","","","","474d72b108170e1c5f8e5393f7116083fdb60fe87457173b8f41ed33983f774a","1cb279b56f4fbfc688ed2f798646a93baed02ffbd34a647ffecf4cb6672f0e01","5567","152df43e8b64c2b78c54a41c6cf9bd7acfa4d3315fcf33d6128399b22f2f8825","68773358da2fe590aaaecdcccdaf0e68d61176df35d4b759dad14b4ae1174e5c","3970","f1520907d54e406e7d82f591e3799f07f569218aff0c321ac3b836b6c649da10","111343","accept","m2_final_review_mi350p","2026-08-13","仅授权该主键按冻结来源行追加，并把 review_status 从 draft 改为 reviewed；所有其余列保持冻结值。"
"MI350P-SIGN-0047","lifecycle_pk_write","审计/子代理交接/m2_staging/M2-W3-AMD-MI350P-CARD/structured/fact-assertions.csv","50b3efec4c4f6eca0c646c70cf5f8fd326d5efa495a87cb0e94246e0f838d3f1","23331","最小参考资料库/fact-assertions.csv","assertion_id","ASSERT-M2W3-AMD-MI350P-INT8-MATRIX-SPARSE-PEAK-PRODUCT","draft","reviewed","","","","78f30872aacacf4e65ad992522063253848067ecceac5eb6062bab3c1e85c6d6","1cb279b56f4fbfc688ed2f798646a93baed02ffbd34a647ffecf4cb6672f0e01","5567","152df43e8b64c2b78c54a41c6cf9bd7acfa4d3315fcf33d6128399b22f2f8825","68773358da2fe590aaaecdcccdaf0e68d61176df35d4b759dad14b4ae1174e5c","3970","f1520907d54e406e7d82f591e3799f07f569218aff0c321ac3b836b6c649da10","111343","accept","m2_final_review_mi350p","2026-08-13","仅授权该主键按冻结来源行追加，并把 review_status 从 draft 改为 reviewed；所有其余列保持冻结值。"
"MI350P-SIGN-0048","lifecycle_pk_write","审计/子代理交接/m2_staging/M2-W3-AMD-MI350P-CARD/structured/fact-assertions.csv","50b3efec4c4f6eca0c646c70cf5f8fd326d5efa495a87cb0e94246e0f838d3f1","23331","最小参考资料库/fact-assertions.csv","assertion_id","ASSERT-M2W3-AMD-MI350P-IOD-COUNT-BROCHURE","draft","reviewed","","","","d2e84a0c2e8e0f775d5ac5869104cbc5a476e2ba9c244f240c4300adb61b1241","1cb279b56f4fbfc688ed2f798646a93baed02ffbd34a647ffecf4cb6672f0e01","5567","152df43e8b64c2b78c54a41c6cf9bd7acfa4d3315fcf33d6128399b22f2f8825","68773358da2fe590aaaecdcccdaf0e68d61176df35d4b759dad14b4ae1174e5c","3970","f1520907d54e406e7d82f591e3799f07f569218aff0c321ac3b836b6c649da10","111343","accept","m2_final_review_mi350p","2026-08-13","仅授权该主键按冻结来源行追加，并把 review_status 从 draft 改为 reviewed；所有其余列保持冻结值。"
"MI350P-SIGN-0049","lifecycle_pk_write","审计/子代理交接/m2_staging/M2-W3-AMD-MI350P-CARD/structured/fact-assertions.csv","50b3efec4c4f6eca0c646c70cf5f8fd326d5efa495a87cb0e94246e0f838d3f1","23331","最小参考资料库/fact-assertions.csv","assertion_id","ASSERT-M2W3-AMD-MI350P-LLC-CAPACITY-PRODUCT","draft","reviewed","","","","b994aca4366f3f5a20894d590a4cdd9814a853ca2639140ba6cc610223f773be","1cb279b56f4fbfc688ed2f798646a93baed02ffbd34a647ffecf4cb6672f0e01","5567","152df43e8b64c2b78c54a41c6cf9bd7acfa4d3315fcf33d6128399b22f2f8825","68773358da2fe590aaaecdcccdaf0e68d61176df35d4b759dad14b4ae1174e5c","3970","f1520907d54e406e7d82f591e3799f07f569218aff0c321ac3b836b6c649da10","111343","accept","m2_final_review_mi350p","2026-08-13","仅授权该主键按冻结来源行追加，并把 review_status 从 draft 改为 reviewed；所有其余列保持冻结值。"
"MI350P-SIGN-0050","lifecycle_pk_write","审计/子代理交接/m2_staging/M2-W3-AMD-MI350P-CARD/structured/fact-assertions.csv","50b3efec4c4f6eca0c646c70cf5f8fd326d5efa495a87cb0e94246e0f838d3f1","23331","最小参考资料库/fact-assertions.csv","assertion_id","ASSERT-M2W3-AMD-MI350P-MATRIX-CORE-COUNT-PRODUCT","draft","reviewed","","","","35859110c83d165aa7b983fbc61c25e5a6bf615ed45e173b2b4caea31ba6f1e4","1cb279b56f4fbfc688ed2f798646a93baed02ffbd34a647ffecf4cb6672f0e01","5567","152df43e8b64c2b78c54a41c6cf9bd7acfa4d3315fcf33d6128399b22f2f8825","68773358da2fe590aaaecdcccdaf0e68d61176df35d4b759dad14b4ae1174e5c","3970","f1520907d54e406e7d82f591e3799f07f569218aff0c321ac3b836b6c649da10","111343","accept","m2_final_review_mi350p","2026-08-13","仅授权该主键按冻结来源行追加，并把 review_status 从 draft 改为 reviewed；所有其余列保持冻结值。"
"MI350P-SIGN-0051","lifecycle_pk_write","审计/子代理交接/m2_staging/M2-W3-AMD-MI350P-CARD/structured/fact-assertions.csv","50b3efec4c4f6eca0c646c70cf5f8fd326d5efa495a87cb0e94246e0f838d3f1","23331","最小参考资料库/fact-assertions.csv","assertion_id","ASSERT-M2W3-AMD-MI350P-MXFP4-MATRIX-PEAK-PRODUCT","draft","reviewed","","","","95003942d25ecf7139bd9bf252309a0e99ae1c6c47df45b03055d1ff0e5de61b","1cb279b56f4fbfc688ed2f798646a93baed02ffbd34a647ffecf4cb6672f0e01","5567","152df43e8b64c2b78c54a41c6cf9bd7acfa4d3315fcf33d6128399b22f2f8825","68773358da2fe590aaaecdcccdaf0e68d61176df35d4b759dad14b4ae1174e5c","3970","f1520907d54e406e7d82f591e3799f07f569218aff0c321ac3b836b6c649da10","111343","accept","m2_final_review_mi350p","2026-08-13","仅授权该主键按冻结来源行追加，并把 review_status 从 draft 改为 reviewed；所有其余列保持冻结值。"
"MI350P-SIGN-0052","lifecycle_pk_write","审计/子代理交接/m2_staging/M2-W3-AMD-MI350P-CARD/structured/fact-assertions.csv","50b3efec4c4f6eca0c646c70cf5f8fd326d5efa495a87cb0e94246e0f838d3f1","23331","最小参考资料库/fact-assertions.csv","assertion_id","ASSERT-M2W3-AMD-MI350P-MXFP6-MATRIX-PEAK-PRODUCT","draft","reviewed","","","","6dd5b0f06b25ea651f680a9ed3878c2f9ad80b7e2cbf6f471dc5d1953748e96e","1cb279b56f4fbfc688ed2f798646a93baed02ffbd34a647ffecf4cb6672f0e01","5567","152df43e8b64c2b78c54a41c6cf9bd7acfa4d3315fcf33d6128399b22f2f8825","68773358da2fe590aaaecdcccdaf0e68d61176df35d4b759dad14b4ae1174e5c","3970","f1520907d54e406e7d82f591e3799f07f569218aff0c321ac3b836b6c649da10","111343","accept","m2_final_review_mi350p","2026-08-13","仅授权该主键按冻结来源行追加，并把 review_status 从 draft 改为 reviewed；所有其余列保持冻结值。"
"MI350P-SIGN-0053","lifecycle_pk_write","审计/子代理交接/m2_staging/M2-W3-AMD-MI350P-CARD/structured/fact-assertions.csv","50b3efec4c4f6eca0c646c70cf5f8fd326d5efa495a87cb0e94246e0f838d3f1","23331","最小参考资料库/fact-assertions.csv","assertion_id","ASSERT-M2W3-AMD-MI350P-MXFP8-MATRIX-PEAK-PRODUCT","draft","reviewed","","","","53d8dc0510227176f776a0cc26277db915c56202a89fc3bbc137380a4715a56b","1cb279b56f4fbfc688ed2f798646a93baed02ffbd34a647ffecf4cb6672f0e01","5567","152df43e8b64c2b78c54a41c6cf9bd7acfa4d3315fcf33d6128399b22f2f8825","68773358da2fe590aaaecdcccdaf0e68d61176df35d4b759dad14b4ae1174e5c","3970","f1520907d54e406e7d82f591e3799f07f569218aff0c321ac3b836b6c649da10","111343","accept","m2_final_review_mi350p","2026-08-13","仅授权该主键按冻结来源行追加，并把 review_status 从 draft 改为 reviewed；所有其余列保持冻结值。"
"MI350P-SIGN-0054","lifecycle_pk_write","审计/子代理交接/m2_staging/M2-W3-AMD-MI350P-CARD/structured/fact-assertions.csv","50b3efec4c4f6eca0c646c70cf5f8fd326d5efa495a87cb0e94246e0f838d3f1","23331","最小参考资料库/fact-assertions.csv","assertion_id","ASSERT-M2W3-AMD-MI350P-NAME-BROCHURE","draft","reviewed","","","","a7d6b1ef28023efb93605118edfaf21a53ee2e9692320ec3bccb7a3d07605a78","1cb279b56f4fbfc688ed2f798646a93baed02ffbd34a647ffecf4cb6672f0e01","5567","152df43e8b64c2b78c54a41c6cf9bd7acfa4d3315fcf33d6128399b22f2f8825","68773358da2fe590aaaecdcccdaf0e68d61176df35d4b759dad14b4ae1174e5c","3970","f1520907d54e406e7d82f591e3799f07f569218aff0c321ac3b836b6c649da10","111343","accept","m2_final_review_mi350p","2026-08-13","仅授权该主键按冻结来源行追加，并把 review_status 从 draft 改为 reviewed；所有其余列保持冻结值。"
"MI350P-SIGN-0055","lifecycle_pk_write","审计/子代理交接/m2_staging/M2-W3-AMD-MI350P-CARD/structured/fact-assertions.csv","50b3efec4c4f6eca0c646c70cf5f8fd326d5efa495a87cb0e94246e0f838d3f1","23331","最小参考资料库/fact-assertions.csv","assertion_id","ASSERT-M2W3-AMD-MI350P-NAME-PRODUCT","draft","reviewed","","","","a26b6f3e940030934a058651986bd5e953ab24eba7a20187bc00fbf08fa9964a","1cb279b56f4fbfc688ed2f798646a93baed02ffbd34a647ffecf4cb6672f0e01","5567","152df43e8b64c2b78c54a41c6cf9bd7acfa4d3315fcf33d6128399b22f2f8825","68773358da2fe590aaaecdcccdaf0e68d61176df35d4b759dad14b4ae1174e5c","3970","f1520907d54e406e7d82f591e3799f07f569218aff0c321ac3b836b6c649da10","111343","accept","m2_final_review_mi350p","2026-08-13","仅授权该主键按冻结来源行追加，并把 review_status 从 draft 改为 reviewed；所有其余列保持冻结值。"
"MI350P-SIGN-0056","lifecycle_pk_write","审计/子代理交接/m2_staging/M2-W3-AMD-MI350P-CARD/structured/fact-assertions.csv","50b3efec4c4f6eca0c646c70cf5f8fd326d5efa495a87cb0e94246e0f838d3f1","23331","最小参考资料库/fact-assertions.csv","assertion_id","ASSERT-M2W3-AMD-MI350P-OBJECT-TYPE-PRODUCT","draft","reviewed","","","","7fd8febcf7f6e5c821400b987a2280633e0bded3172fda30e6f64f6d3c7c0ce1","1cb279b56f4fbfc688ed2f798646a93baed02ffbd34a647ffecf4cb6672f0e01","5567","152df43e8b64c2b78c54a41c6cf9bd7acfa4d3315fcf33d6128399b22f2f8825","68773358da2fe590aaaecdcccdaf0e68d61176df35d4b759dad14b4ae1174e5c","3970","f1520907d54e406e7d82f591e3799f07f569218aff0c321ac3b836b6c649da10","111343","accept","m2_final_review_mi350p","2026-08-13","仅授权该主键按冻结来源行追加，并把 review_status 从 draft 改为 reviewed；所有其余列保持冻结值。"
"MI350P-SIGN-0057","lifecycle_pk_write","审计/子代理交接/m2_staging/M2-W3-AMD-MI350P-CARD/structured/fact-assertions.csv","50b3efec4c4f6eca0c646c70cf5f8fd326d5efa495a87cb0e94246e0f838d3f1","23331","最小参考资料库/fact-assertions.csv","assertion_id","ASSERT-M2W3-AMD-MI350P-OCP-FP8-MATRIX-BASE-PEAK-PRODUCT","draft","reviewed","","","","08cff8984914f250aeaa921481d09f7472ba5f3727ca086eef95fba3b3de796d","1cb279b56f4fbfc688ed2f798646a93baed02ffbd34a647ffecf4cb6672f0e01","5567","152df43e8b64c2b78c54a41c6cf9bd7acfa4d3315fcf33d6128399b22f2f8825","68773358da2fe590aaaecdcccdaf0e68d61176df35d4b759dad14b4ae1174e5c","3970","f1520907d54e406e7d82f591e3799f07f569218aff0c321ac3b836b6c649da10","111343","accept","m2_final_review_mi350p","2026-08-13","仅授权该主键按冻结来源行追加，并把 review_status 从 draft 改为 reviewed；所有其余列保持冻结值。"
"MI350P-SIGN-0058","lifecycle_pk_write","审计/子代理交接/m2_staging/M2-W3-AMD-MI350P-CARD/structured/fact-assertions.csv","50b3efec4c4f6eca0c646c70cf5f8fd326d5efa495a87cb0e94246e0f838d3f1","23331","最小参考资料库/fact-assertions.csv","assertion_id","ASSERT-M2W3-AMD-MI350P-OCP-FP8-MATRIX-SPARSE-PEAK-PRODUCT","draft","reviewed","","","","e04f6f13b91cc6b5ec73ddccecb554cc42c9e49b291fb3d84b3e08c5630f1c3a","1cb279b56f4fbfc688ed2f798646a93baed02ffbd34a647ffecf4cb6672f0e01","5567","152df43e8b64c2b78c54a41c6cf9bd7acfa4d3315fcf33d6128399b22f2f8825","68773358da2fe590aaaecdcccdaf0e68d61176df35d4b759dad14b4ae1174e5c","3970","f1520907d54e406e7d82f591e3799f07f569218aff0c321ac3b836b6c649da10","111343","accept","m2_final_review_mi350p","2026-08-13","仅授权该主键按冻结来源行追加，并把 review_status 从 draft 改为 reviewed；所有其余列保持冻结值。"
"MI350P-SIGN-0059","lifecycle_pk_write","审计/子代理交接/m2_staging/M2-W3-AMD-MI350P-CARD/structured/fact-assertions.csv","50b3efec4c4f6eca0c646c70cf5f8fd326d5efa495a87cb0e94246e0f838d3f1","23331","最小参考资料库/fact-assertions.csv","assertion_id","ASSERT-M2W3-AMD-MI350P-PCIE-BW-BROCHURE","draft","reviewed","","","","d1943d3d382b71a332866cc314fc90a87ca89b126477074476564f21691b7057","1cb279b56f4fbfc688ed2f798646a93baed02ffbd34a647ffecf4cb6672f0e01","5567","152df43e8b64c2b78c54a41c6cf9bd7acfa4d3315fcf33d6128399b22f2f8825","68773358da2fe590aaaecdcccdaf0e68d61176df35d4b759dad14b4ae1174e5c","3970","f1520907d54e406e7d82f591e3799f07f569218aff0c321ac3b836b6c649da10","111343","accept","m2_final_review_mi350p","2026-08-13","仅授权该主键按冻结来源行追加，并把 review_status 从 draft 改为 reviewed；所有其余列保持冻结值。"
"MI350P-SIGN-0060","lifecycle_pk_write","审计/子代理交接/m2_staging/M2-W3-AMD-MI350P-CARD/structured/fact-assertions.csv","50b3efec4c4f6eca0c646c70cf5f8fd326d5efa495a87cb0e94246e0f838d3f1","23331","最小参考资料库/fact-assertions.csv","assertion_id","ASSERT-M2W3-AMD-MI350P-PCIE-PROTOCOL-BROCHURE","draft","reviewed","","","","2dcea564a2bb3107e1ae641baa937f21fd7e563c9d97f50ea8987fc86062e1bb","1cb279b56f4fbfc688ed2f798646a93baed02ffbd34a647ffecf4cb6672f0e01","5567","152df43e8b64c2b78c54a41c6cf9bd7acfa4d3315fcf33d6128399b22f2f8825","68773358da2fe590aaaecdcccdaf0e68d61176df35d4b759dad14b4ae1174e5c","3970","f1520907d54e406e7d82f591e3799f07f569218aff0c321ac3b836b6c649da10","111343","accept","m2_final_review_mi350p","2026-08-13","仅授权该主键按冻结来源行追加，并把 review_status 从 draft 改为 reviewed；所有其余列保持冻结值。"
"MI350P-SIGN-0061","lifecycle_pk_write","审计/子代理交接/m2_staging/M2-W3-AMD-MI350P-CARD/structured/fact-assertions.csv","50b3efec4c4f6eca0c646c70cf5f8fd326d5efa495a87cb0e94246e0f838d3f1","23331","最小参考资料库/fact-assertions.csv","assertion_id","ASSERT-M2W3-AMD-MI350P-PCIE-PROTOCOL-PRODUCT","draft","reviewed","","","","bc41bb5a5d16b75ea0d75a9fe6444b20d33cb631693c3ebb51f1aa2370feb6ae","1cb279b56f4fbfc688ed2f798646a93baed02ffbd34a647ffecf4cb6672f0e01","5567","152df43e8b64c2b78c54a41c6cf9bd7acfa4d3315fcf33d6128399b22f2f8825","68773358da2fe590aaaecdcccdaf0e68d61176df35d4b759dad14b4ae1174e5c","3970","f1520907d54e406e7d82f591e3799f07f569218aff0c321ac3b836b6c649da10","111343","accept","m2_final_review_mi350p","2026-08-13","仅授权该主键按冻结来源行追加，并把 review_status 从 draft 改为 reviewed；所有其余列保持冻结值。"
"MI350P-SIGN-0062","lifecycle_pk_write","审计/子代理交接/m2_staging/M2-W3-AMD-MI350P-CARD/structured/fact-assertions.csv","50b3efec4c4f6eca0c646c70cf5f8fd326d5efa495a87cb0e94246e0f838d3f1","23331","最小参考资料库/fact-assertions.csv","assertion_id","ASSERT-M2W3-AMD-MI350P-POWER-CONFIG-BROCHURE","draft","reviewed","","","","ee97088dda8db9b70bde4c813e9427cbe730f80f5b99fa10798518a7bd11cbdc","1cb279b56f4fbfc688ed2f798646a93baed02ffbd34a647ffecf4cb6672f0e01","5567","152df43e8b64c2b78c54a41c6cf9bd7acfa4d3315fcf33d6128399b22f2f8825","68773358da2fe590aaaecdcccdaf0e68d61176df35d4b759dad14b4ae1174e5c","3970","f1520907d54e406e7d82f591e3799f07f569218aff0c321ac3b836b6c649da10","111343","accept","m2_final_review_mi350p","2026-08-13","仅授权该主键按冻结来源行追加，并把 review_status 从 draft 改为 reviewed；所有其余列保持冻结值。"
"MI350P-SIGN-0063","lifecycle_pk_write","审计/子代理交接/m2_staging/M2-W3-AMD-MI350P-CARD/structured/fact-assertions.csv","50b3efec4c4f6eca0c646c70cf5f8fd326d5efa495a87cb0e94246e0f838d3f1","23331","最小参考资料库/fact-assertions.csv","assertion_id","ASSERT-M2W3-AMD-MI350P-POWER-CONFIG-PRODUCT","draft","reviewed","","","","5d6f9ec01287dfbe4c5e14002b8230c8c46612ec261eae432174c2311cebd74a","1cb279b56f4fbfc688ed2f798646a93baed02ffbd34a647ffecf4cb6672f0e01","5567","152df43e8b64c2b78c54a41c6cf9bd7acfa4d3315fcf33d6128399b22f2f8825","68773358da2fe590aaaecdcccdaf0e68d61176df35d4b759dad14b4ae1174e5c","3970","f1520907d54e406e7d82f591e3799f07f569218aff0c321ac3b836b6c649da10","111343","accept","m2_final_review_mi350p","2026-08-13","仅授权该主键按冻结来源行追加，并把 review_status 从 draft 改为 reviewed；所有其余列保持冻结值。"
"MI350P-SIGN-0064","lifecycle_pk_write","审计/子代理交接/m2_staging/M2-W3-AMD-MI350P-CARD/structured/fact-assertions.csv","50b3efec4c4f6eca0c646c70cf5f8fd326d5efa495a87cb0e94246e0f838d3f1","23331","最小参考资料库/fact-assertions.csv","assertion_id","ASSERT-M2W3-AMD-MI350P-POWER-MAX-BROCHURE","draft","reviewed","","","","00f8ec447e056f09a3a28f0be2d292f0c1321943734fbecef20c1ae10d50c647","1cb279b56f4fbfc688ed2f798646a93baed02ffbd34a647ffecf4cb6672f0e01","5567","152df43e8b64c2b78c54a41c6cf9bd7acfa4d3315fcf33d6128399b22f2f8825","68773358da2fe590aaaecdcccdaf0e68d61176df35d4b759dad14b4ae1174e5c","3970","f1520907d54e406e7d82f591e3799f07f569218aff0c321ac3b836b6c649da10","111343","accept","m2_final_review_mi350p","2026-08-13","仅授权该主键按冻结来源行追加，并把 review_status 从 draft 改为 reviewed；所有其余列保持冻结值。"
"MI350P-SIGN-0065","lifecycle_pk_write","审计/子代理交接/m2_staging/M2-W3-AMD-MI350P-CARD/structured/fact-assertions.csv","50b3efec4c4f6eca0c646c70cf5f8fd326d5efa495a87cb0e94246e0f838d3f1","23331","最小参考资料库/fact-assertions.csv","assertion_id","ASSERT-M2W3-AMD-MI350P-POWER-MAX-PRODUCT","draft","reviewed","","","","cb797ebf85cd7572add294fee1812bc0ce0146145e029a9e45978910cea53c2c","1cb279b56f4fbfc688ed2f798646a93baed02ffbd34a647ffecf4cb6672f0e01","5567","152df43e8b64c2b78c54a41c6cf9bd7acfa4d3315fcf33d6128399b22f2f8825","68773358da2fe590aaaecdcccdaf0e68d61176df35d4b759dad14b4ae1174e5c","3970","f1520907d54e406e7d82f591e3799f07f569218aff0c321ac3b836b6c649da10","111343","accept","m2_final_review_mi350p","2026-08-13","仅授权该主键按冻结来源行追加，并把 review_status 从 draft 改为 reviewed；所有其余列保持冻结值。"
"MI350P-SIGN-0066","lifecycle_pk_write","审计/子代理交接/m2_staging/M2-W3-AMD-MI350P-CARD/structured/fact-assertions.csv","50b3efec4c4f6eca0c646c70cf5f8fd326d5efa495a87cb0e94246e0f838d3f1","23331","最小参考资料库/fact-assertions.csv","assertion_id","ASSERT-M2W3-AMD-MI350P-PROCESS-BROCHURE","draft","reviewed","","","","75ae092878fd138e2191c181232493b51af33e6bc77c2e2e3beaf1dea72d7dd4","1cb279b56f4fbfc688ed2f798646a93baed02ffbd34a647ffecf4cb6672f0e01","5567","152df43e8b64c2b78c54a41c6cf9bd7acfa4d3315fcf33d6128399b22f2f8825","68773358da2fe590aaaecdcccdaf0e68d61176df35d4b759dad14b4ae1174e5c","3970","f1520907d54e406e7d82f591e3799f07f569218aff0c321ac3b836b6c649da10","111343","accept","m2_final_review_mi350p","2026-08-13","仅授权该主键按冻结来源行追加，并把 review_status 从 draft 改为 reviewed；所有其余列保持冻结值。"
"MI350P-SIGN-0067","lifecycle_pk_write","审计/子代理交接/m2_staging/M2-W3-AMD-MI350P-CARD/structured/fact-assertions.csv","50b3efec4c4f6eca0c646c70cf5f8fd326d5efa495a87cb0e94246e0f838d3f1","23331","最小参考资料库/fact-assertions.csv","assertion_id","ASSERT-M2W3-AMD-MI350P-PROCESS-PRODUCT","draft","reviewed","","","","b96b6b1a96955e6719e936f85f2be89ebc0271b0cda706c69bafb753cc9e7604","1cb279b56f4fbfc688ed2f798646a93baed02ffbd34a647ffecf4cb6672f0e01","5567","152df43e8b64c2b78c54a41c6cf9bd7acfa4d3315fcf33d6128399b22f2f8825","68773358da2fe590aaaecdcccdaf0e68d61176df35d4b759dad14b4ae1174e5c","3970","f1520907d54e406e7d82f591e3799f07f569218aff0c321ac3b836b6c649da10","111343","accept","m2_final_review_mi350p","2026-08-13","仅授权该主键按冻结来源行追加，并把 review_status 从 draft 改为 reviewed；所有其余列保持冻结值。"
"MI350P-SIGN-0068","lifecycle_pk_write","审计/子代理交接/m2_staging/M2-W3-AMD-MI350P-CARD/structured/fact-assertions.csv","50b3efec4c4f6eca0c646c70cf5f8fd326d5efa495a87cb0e94246e0f838d3f1","23331","最小参考资料库/fact-assertions.csv","assertion_id","ASSERT-M2W3-AMD-MI350P-SKU-PRODUCT","draft","reviewed","","","","a2d70b44922cb4c16d2b215660b89ace58d100167ab8485943623b1a12c531c6","1cb279b56f4fbfc688ed2f798646a93baed02ffbd34a647ffecf4cb6672f0e01","5567","152df43e8b64c2b78c54a41c6cf9bd7acfa4d3315fcf33d6128399b22f2f8825","68773358da2fe590aaaecdcccdaf0e68d61176df35d4b759dad14b4ae1174e5c","3970","f1520907d54e406e7d82f591e3799f07f569218aff0c321ac3b836b6c649da10","111343","accept","m2_final_review_mi350p","2026-08-13","仅授权该主键按冻结来源行追加，并把 review_status 从 draft 改为 reviewed；所有其余列保持冻结值。"
"MI350P-SIGN-0069","lifecycle_pk_write","审计/子代理交接/m2_staging/M2-W3-AMD-MI350P-CARD/structured/fact-assertions.csv","50b3efec4c4f6eca0c646c70cf5f8fd326d5efa495a87cb0e94246e0f838d3f1","23331","最小参考资料库/fact-assertions.csv","assertion_id","ASSERT-M2W3-AMD-MI350P-STATUS-BLOG","draft","reviewed","","","","9c0b6e648f66a6ab50d60d7f4b626313c66c43cde971d386a337f876be8fd7b8","1cb279b56f4fbfc688ed2f798646a93baed02ffbd34a647ffecf4cb6672f0e01","5567","152df43e8b64c2b78c54a41c6cf9bd7acfa4d3315fcf33d6128399b22f2f8825","68773358da2fe590aaaecdcccdaf0e68d61176df35d4b759dad14b4ae1174e5c","3970","f1520907d54e406e7d82f591e3799f07f569218aff0c321ac3b836b6c649da10","111343","accept","m2_final_review_mi350p","2026-08-13","仅授权该主键按冻结来源行追加，并把 review_status 从 draft 改为 reviewed；所有其余列保持冻结值。"
"MI350P-SIGN-0070","lifecycle_pk_write","审计/子代理交接/m2_staging/M2-W3-AMD-MI350P-CARD/structured/fact-assertions.csv","50b3efec4c4f6eca0c646c70cf5f8fd326d5efa495a87cb0e94246e0f838d3f1","23331","最小参考资料库/fact-assertions.csv","assertion_id","ASSERT-M2W3-AMD-MI350P-STREAM-PROCESSOR-COUNT-PRODUCT","draft","reviewed","","","","5f796b14004cdfbf151dc231e9c64758c7803af2b932ad1cf53ad4fad3d9fc25","1cb279b56f4fbfc688ed2f798646a93baed02ffbd34a647ffecf4cb6672f0e01","5567","152df43e8b64c2b78c54a41c6cf9bd7acfa4d3315fcf33d6128399b22f2f8825","68773358da2fe590aaaecdcccdaf0e68d61176df35d4b759dad14b4ae1174e5c","3970","f1520907d54e406e7d82f591e3799f07f569218aff0c321ac3b836b6c649da10","111343","accept","m2_final_review_mi350p","2026-08-13","仅授权该主键按冻结来源行追加，并把 review_status 从 draft 改为 reviewed；所有其余列保持冻结值。"
"MI350P-SIGN-0071","lifecycle_pk_write","审计/子代理交接/m2_staging/M2-W3-AMD-MI350P-CARD/structured/fact-assertions.csv","50b3efec4c4f6eca0c646c70cf5f8fd326d5efa495a87cb0e94246e0f838d3f1","23331","最小参考资料库/fact-assertions.csv","assertion_id","ASSERT-M2W3-AMD-MI350P-TRANSISTORS-PRODUCT","draft","reviewed","","","","da7d9c81f855c61a3d31a65466b8d16a2618f1f4f0603f637a8ec326c5f1d165","1cb279b56f4fbfc688ed2f798646a93baed02ffbd34a647ffecf4cb6672f0e01","5567","152df43e8b64c2b78c54a41c6cf9bd7acfa4d3315fcf33d6128399b22f2f8825","68773358da2fe590aaaecdcccdaf0e68d61176df35d4b759dad14b4ae1174e5c","3970","f1520907d54e406e7d82f591e3799f07f569218aff0c321ac3b836b6c649da10","111343","accept","m2_final_review_mi350p","2026-08-13","仅授权该主键按冻结来源行追加，并把 review_status 从 draft 改为 reviewed；所有其余列保持冻结值。"
"MI350P-SIGN-0072","lifecycle_pk_write","审计/子代理交接/m2_staging/M2-W3-AMD-MI350P-CARD/structured/fact-assertions.csv","50b3efec4c4f6eca0c646c70cf5f8fd326d5efa495a87cb0e94246e0f838d3f1","23331","最小参考资料库/fact-assertions.csv","assertion_id","ASSERT-M2W3-AMD-MI350P-VENDOR-PRODUCT","draft","reviewed","","","","33147e385535c6196e40470437d52f4af374fcf30be509520acf094d22635b65","1cb279b56f4fbfc688ed2f798646a93baed02ffbd34a647ffecf4cb6672f0e01","5567","152df43e8b64c2b78c54a41c6cf9bd7acfa4d3315fcf33d6128399b22f2f8825","68773358da2fe590aaaecdcccdaf0e68d61176df35d4b759dad14b4ae1174e5c","3970","f1520907d54e406e7d82f591e3799f07f569218aff0c321ac3b836b6c649da10","111343","accept","m2_final_review_mi350p","2026-08-13","仅授权该主键按冻结来源行追加，并把 review_status 从 draft 改为 reviewed；所有其余列保持冻结值。"
"MI350P-SIGN-0073","lifecycle_pk_write","审计/子代理交接/m2_staging/M2-W3-AMD-MI350P-CARD/structured/fact-assertions.csv","50b3efec4c4f6eca0c646c70cf5f8fd326d5efa495a87cb0e94246e0f838d3f1","23331","最小参考资料库/fact-assertions.csv","assertion_id","ASSERT-M2W3-AMD-MI350P-XCD-COUNT-BROCHURE","draft","reviewed","","","","facf6df408a0ef80d73ddf764f213924f1fd5612cb0401dc1b6f39bc0ae2c08e","1cb279b56f4fbfc688ed2f798646a93baed02ffbd34a647ffecf4cb6672f0e01","5567","152df43e8b64c2b78c54a41c6cf9bd7acfa4d3315fcf33d6128399b22f2f8825","68773358da2fe590aaaecdcccdaf0e68d61176df35d4b759dad14b4ae1174e5c","3970","f1520907d54e406e7d82f591e3799f07f569218aff0c321ac3b836b6c649da10","111343","accept","m2_final_review_mi350p","2026-08-13","仅授权该主键按冻结来源行追加，并把 review_status 从 draft 改为 reviewed；所有其余列保持冻结值。"
"MI350P-SIGN-0074","lifecycle_pk_write","审计/子代理交接/m2_staging/M2-W3-AMD-MI350P-CARD/structured/facts.csv","9673483ecf9daa6a373f07b1777840adee816f3b5b54ac45e907ea33d53cc872","19193","数据/facts.csv","fact_id","FACT-M2W3-AMD-MI350P-BF16-MATRIX-BASE-PEAK","draft","reviewed","","","","b3eba0ce159d5978fd146ff3ec323bda5180ab8986297dc3cb7bd669efc4cf2b","1cb279b56f4fbfc688ed2f798646a93baed02ffbd34a647ffecf4cb6672f0e01","5567","152df43e8b64c2b78c54a41c6cf9bd7acfa4d3315fcf33d6128399b22f2f8825","68773358da2fe590aaaecdcccdaf0e68d61176df35d4b759dad14b4ae1174e5c","3970","f1520907d54e406e7d82f591e3799f07f569218aff0c321ac3b836b6c649da10","111343","accept","m2_final_review_mi350p","2026-08-13","仅授权该主键按冻结来源行追加，并把 review_status 从 draft 改为 reviewed；所有其余列保持冻结值。"
"MI350P-SIGN-0075","lifecycle_pk_write","审计/子代理交接/m2_staging/M2-W3-AMD-MI350P-CARD/structured/facts.csv","9673483ecf9daa6a373f07b1777840adee816f3b5b54ac45e907ea33d53cc872","19193","数据/facts.csv","fact_id","FACT-M2W3-AMD-MI350P-BF16-MATRIX-SPARSE-PEAK","draft","reviewed","","","","edae4b24134827debc90896e426d995dc15afe253e1bc90deb81e7a2079e0a2d","1cb279b56f4fbfc688ed2f798646a93baed02ffbd34a647ffecf4cb6672f0e01","5567","152df43e8b64c2b78c54a41c6cf9bd7acfa4d3315fcf33d6128399b22f2f8825","68773358da2fe590aaaecdcccdaf0e68d61176df35d4b759dad14b4ae1174e5c","3970","f1520907d54e406e7d82f591e3799f07f569218aff0c321ac3b836b6c649da10","111343","accept","m2_final_review_mi350p","2026-08-13","仅授权该主键按冻结来源行追加，并把 review_status 从 draft 改为 reviewed；所有其余列保持冻结值。"
"MI350P-SIGN-0076","lifecycle_pk_write","审计/子代理交接/m2_staging/M2-W3-AMD-MI350P-CARD/structured/facts.csv","9673483ecf9daa6a373f07b1777840adee816f3b5b54ac45e907ea33d53cc872","19193","数据/facts.csv","fact_id","FACT-M2W3-AMD-MI350P-CLOCK","draft","reviewed","","","","ceeeb384a97e865c04d4eae3b7652bdde0214ed616ef58a862c6866657a9dc2c","1cb279b56f4fbfc688ed2f798646a93baed02ffbd34a647ffecf4cb6672f0e01","5567","152df43e8b64c2b78c54a41c6cf9bd7acfa4d3315fcf33d6128399b22f2f8825","68773358da2fe590aaaecdcccdaf0e68d61176df35d4b759dad14b4ae1174e5c","3970","f1520907d54e406e7d82f591e3799f07f569218aff0c321ac3b836b6c649da10","111343","accept","m2_final_review_mi350p","2026-08-13","仅授权该主键按冻结来源行追加，并把 review_status 从 draft 改为 reviewed；所有其余列保持冻结值。"
"MI350P-SIGN-0077","lifecycle_pk_write","审计/子代理交接/m2_staging/M2-W3-AMD-MI350P-CARD/structured/facts.csv","9673483ecf9daa6a373f07b1777840adee816f3b5b54ac45e907ea33d53cc872","19193","数据/facts.csv","fact_id","FACT-M2W3-AMD-MI350P-COOLING","draft","reviewed","","","","b2f7d3168e02d39f0c003f079ebf240e38b1ef6643290683a5bdd2e39dc925c1","1cb279b56f4fbfc688ed2f798646a93baed02ffbd34a647ffecf4cb6672f0e01","5567","152df43e8b64c2b78c54a41c6cf9bd7acfa4d3315fcf33d6128399b22f2f8825","68773358da2fe590aaaecdcccdaf0e68d61176df35d4b759dad14b4ae1174e5c","3970","f1520907d54e406e7d82f591e3799f07f569218aff0c321ac3b836b6c649da10","111343","accept","m2_final_review_mi350p","2026-08-13","仅授权该主键按冻结来源行追加，并把 review_status 从 draft 改为 reviewed；所有其余列保持冻结值。"
"MI350P-SIGN-0078","lifecycle_pk_write","审计/子代理交接/m2_staging/M2-W3-AMD-MI350P-CARD/structured/facts.csv","9673483ecf9daa6a373f07b1777840adee816f3b5b54ac45e907ea33d53cc872","19193","数据/facts.csv","fact_id","FACT-M2W3-AMD-MI350P-CU-COUNT","draft","reviewed","","","","003afd42ec1b607eca17f145ef6da0c74ccfc9987937b5acccbd809a9a57d0a0","1cb279b56f4fbfc688ed2f798646a93baed02ffbd34a647ffecf4cb6672f0e01","5567","152df43e8b64c2b78c54a41c6cf9bd7acfa4d3315fcf33d6128399b22f2f8825","68773358da2fe590aaaecdcccdaf0e68d61176df35d4b759dad14b4ae1174e5c","3970","f1520907d54e406e7d82f591e3799f07f569218aff0c321ac3b836b6c649da10","111343","accept","m2_final_review_mi350p","2026-08-13","仅授权该主键按冻结来源行追加，并把 review_status 从 draft 改为 reviewed；所有其余列保持冻结值。"
"MI350P-SIGN-0079","lifecycle_pk_write","审计/子代理交接/m2_staging/M2-W3-AMD-MI350P-CARD/structured/facts.csv","9673483ecf9daa6a373f07b1777840adee816f3b5b54ac45e907ea33d53cc872","19193","数据/facts.csv","fact_id","FACT-M2W3-AMD-MI350P-FAMILY","draft","reviewed","","","","e2ade68e30987215ae5409df2853d77091e79981b03e0bbee6d9dab5fa3ca4d8","1cb279b56f4fbfc688ed2f798646a93baed02ffbd34a647ffecf4cb6672f0e01","5567","152df43e8b64c2b78c54a41c6cf9bd7acfa4d3315fcf33d6128399b22f2f8825","68773358da2fe590aaaecdcccdaf0e68d61176df35d4b759dad14b4ae1174e5c","3970","f1520907d54e406e7d82f591e3799f07f569218aff0c321ac3b836b6c649da10","111343","accept","m2_final_review_mi350p","2026-08-13","仅授权该主键按冻结来源行追加，并把 review_status 从 draft 改为 reviewed；所有其余列保持冻结值。"
"MI350P-SIGN-0080","lifecycle_pk_write","审计/子代理交接/m2_staging/M2-W3-AMD-MI350P-CARD/structured/facts.csv","9673483ecf9daa6a373f07b1777840adee816f3b5b54ac45e907ea33d53cc872","19193","数据/facts.csv","fact_id","FACT-M2W3-AMD-MI350P-FORM-FACTOR","draft","reviewed","","","","3896c8438ba6767554a62c8697404636297f103ec172159ad18a2a61654fd28c","1cb279b56f4fbfc688ed2f798646a93baed02ffbd34a647ffecf4cb6672f0e01","5567","152df43e8b64c2b78c54a41c6cf9bd7acfa4d3315fcf33d6128399b22f2f8825","68773358da2fe590aaaecdcccdaf0e68d61176df35d4b759dad14b4ae1174e5c","3970","f1520907d54e406e7d82f591e3799f07f569218aff0c321ac3b836b6c649da10","111343","accept","m2_final_review_mi350p","2026-08-13","仅授权该主键按冻结来源行追加，并把 review_status 从 draft 改为 reviewed；所有其余列保持冻结值。"
"MI350P-SIGN-0081","lifecycle_pk_write","审计/子代理交接/m2_staging/M2-W3-AMD-MI350P-CARD/structured/facts.csv","9673483ecf9daa6a373f07b1777840adee816f3b5b54ac45e907ea33d53cc872","19193","数据/facts.csv","fact_id","FACT-M2W3-AMD-MI350P-FP16-MATRIX-BASE-PEAK","draft","reviewed","","","","feaab184816d17dc8c7cba2cfdb9a62a6f7809e9097c418ded4358f5b79fd685","1cb279b56f4fbfc688ed2f798646a93baed02ffbd34a647ffecf4cb6672f0e01","5567","152df43e8b64c2b78c54a41c6cf9bd7acfa4d3315fcf33d6128399b22f2f8825","68773358da2fe590aaaecdcccdaf0e68d61176df35d4b759dad14b4ae1174e5c","3970","f1520907d54e406e7d82f591e3799f07f569218aff0c321ac3b836b6c649da10","111343","accept","m2_final_review_mi350p","2026-08-13","仅授权该主键按冻结来源行追加，并把 review_status 从 draft 改为 reviewed；所有其余列保持冻结值。"
"MI350P-SIGN-0082","lifecycle_pk_write","审计/子代理交接/m2_staging/M2-W3-AMD-MI350P-CARD/structured/facts.csv","9673483ecf9daa6a373f07b1777840adee816f3b5b54ac45e907ea33d53cc872","19193","数据/facts.csv","fact_id","FACT-M2W3-AMD-MI350P-FP16-MATRIX-SPARSE-PEAK","draft","reviewed","","","","3c448e208c08eff5f7b791dda56b3251e580ebe4bff399b5837352fa115467f1","1cb279b56f4fbfc688ed2f798646a93baed02ffbd34a647ffecf4cb6672f0e01","5567","152df43e8b64c2b78c54a41c6cf9bd7acfa4d3315fcf33d6128399b22f2f8825","68773358da2fe590aaaecdcccdaf0e68d61176df35d4b759dad14b4ae1174e5c","3970","f1520907d54e406e7d82f591e3799f07f569218aff0c321ac3b836b6c649da10","111343","accept","m2_final_review_mi350p","2026-08-13","仅授权该主键按冻结来源行追加，并把 review_status 从 draft 改为 reviewed；所有其余列保持冻结值。"
"MI350P-SIGN-0083","lifecycle_pk_write","审计/子代理交接/m2_staging/M2-W3-AMD-MI350P-CARD/structured/facts.csv","9673483ecf9daa6a373f07b1777840adee816f3b5b54ac45e907ea33d53cc872","19193","数据/facts.csv","fact_id","FACT-M2W3-AMD-MI350P-FP16-VECTOR-PEAK","draft","reviewed","","","","802f763f1abc1da944cd091918bb71cf254a13cd2cdf8c2a40cee3b10f5919a6","1cb279b56f4fbfc688ed2f798646a93baed02ffbd34a647ffecf4cb6672f0e01","5567","152df43e8b64c2b78c54a41c6cf9bd7acfa4d3315fcf33d6128399b22f2f8825","68773358da2fe590aaaecdcccdaf0e68d61176df35d4b759dad14b4ae1174e5c","3970","f1520907d54e406e7d82f591e3799f07f569218aff0c321ac3b836b6c649da10","111343","accept","m2_final_review_mi350p","2026-08-13","仅授权该主键按冻结来源行追加，并把 review_status 从 draft 改为 reviewed；所有其余列保持冻结值。"
"MI350P-SIGN-0084","lifecycle_pk_write","审计/子代理交接/m2_staging/M2-W3-AMD-MI350P-CARD/structured/facts.csv","9673483ecf9daa6a373f07b1777840adee816f3b5b54ac45e907ea33d53cc872","19193","数据/facts.csv","fact_id","FACT-M2W3-AMD-MI350P-FP32-MATRIX-PEAK","draft","reviewed","","","","6376bf50416d268d67c432113d60fafec2eb729c6b35cb2c82c6f4bc812163f1","1cb279b56f4fbfc688ed2f798646a93baed02ffbd34a647ffecf4cb6672f0e01","5567","152df43e8b64c2b78c54a41c6cf9bd7acfa4d3315fcf33d6128399b22f2f8825","68773358da2fe590aaaecdcccdaf0e68d61176df35d4b759dad14b4ae1174e5c","3970","f1520907d54e406e7d82f591e3799f07f569218aff0c321ac3b836b6c649da10","111343","accept","m2_final_review_mi350p","2026-08-13","仅授权该主键按冻结来源行追加，并把 review_status 从 draft 改为 reviewed；所有其余列保持冻结值。"
"MI350P-SIGN-0085","lifecycle_pk_write","审计/子代理交接/m2_staging/M2-W3-AMD-MI350P-CARD/structured/facts.csv","9673483ecf9daa6a373f07b1777840adee816f3b5b54ac45e907ea33d53cc872","19193","数据/facts.csv","fact_id","FACT-M2W3-AMD-MI350P-FP32-VECTOR-PEAK","draft","reviewed","","","","345a298fca4e2a56004d2f4e39a1a6d8a2393aea2042f9ff6986a2b844876d9b","1cb279b56f4fbfc688ed2f798646a93baed02ffbd34a647ffecf4cb6672f0e01","5567","152df43e8b64c2b78c54a41c6cf9bd7acfa4d3315fcf33d6128399b22f2f8825","68773358da2fe590aaaecdcccdaf0e68d61176df35d4b759dad14b4ae1174e5c","3970","f1520907d54e406e7d82f591e3799f07f569218aff0c321ac3b836b6c649da10","111343","accept","m2_final_review_mi350p","2026-08-13","仅授权该主键按冻结来源行追加，并把 review_status 从 draft 改为 reviewed；所有其余列保持冻结值。"
"MI350P-SIGN-0086","lifecycle_pk_write","审计/子代理交接/m2_staging/M2-W3-AMD-MI350P-CARD/structured/facts.csv","9673483ecf9daa6a373f07b1777840adee816f3b5b54ac45e907ea33d53cc872","19193","数据/facts.csv","fact_id","FACT-M2W3-AMD-MI350P-FP64-MATRIX-PEAK","draft","reviewed","","","","ccc7d9382dfcb1515145e3200443960024ef34a0e0488d9cf46412f903c80d34","1cb279b56f4fbfc688ed2f798646a93baed02ffbd34a647ffecf4cb6672f0e01","5567","152df43e8b64c2b78c54a41c6cf9bd7acfa4d3315fcf33d6128399b22f2f8825","68773358da2fe590aaaecdcccdaf0e68d61176df35d4b759dad14b4ae1174e5c","3970","f1520907d54e406e7d82f591e3799f07f569218aff0c321ac3b836b6c649da10","111343","accept","m2_final_review_mi350p","2026-08-13","仅授权该主键按冻结来源行追加，并把 review_status 从 draft 改为 reviewed；所有其余列保持冻结值。"
"MI350P-SIGN-0087","lifecycle_pk_write","审计/子代理交接/m2_staging/M2-W3-AMD-MI350P-CARD/structured/facts.csv","9673483ecf9daa6a373f07b1777840adee816f3b5b54ac45e907ea33d53cc872","19193","数据/facts.csv","fact_id","FACT-M2W3-AMD-MI350P-FP64-VECTOR-PEAK","draft","reviewed","","","","76707910a290ba45873b0c3a98286b47508ad55b0e297026a4162f038c5c4ac6","1cb279b56f4fbfc688ed2f798646a93baed02ffbd34a647ffecf4cb6672f0e01","5567","152df43e8b64c2b78c54a41c6cf9bd7acfa4d3315fcf33d6128399b22f2f8825","68773358da2fe590aaaecdcccdaf0e68d61176df35d4b759dad14b4ae1174e5c","3970","f1520907d54e406e7d82f591e3799f07f569218aff0c321ac3b836b6c649da10","111343","accept","m2_final_review_mi350p","2026-08-13","仅授权该主键按冻结来源行追加，并把 review_status 从 draft 改为 reviewed；所有其余列保持冻结值。"
"MI350P-SIGN-0088","lifecycle_pk_write","审计/子代理交接/m2_staging/M2-W3-AMD-MI350P-CARD/structured/facts.csv","9673483ecf9daa6a373f07b1777840adee816f3b5b54ac45e907ea33d53cc872","19193","数据/facts.csv","fact_id","FACT-M2W3-AMD-MI350P-HBM3E-BW","draft","reviewed","","","","8f613a220585283530a73c0bbc0bab98f3e685b75c95f405c45c537477131662","1cb279b56f4fbfc688ed2f798646a93baed02ffbd34a647ffecf4cb6672f0e01","5567","152df43e8b64c2b78c54a41c6cf9bd7acfa4d3315fcf33d6128399b22f2f8825","68773358da2fe590aaaecdcccdaf0e68d61176df35d4b759dad14b4ae1174e5c","3970","f1520907d54e406e7d82f591e3799f07f569218aff0c321ac3b836b6c649da10","111343","accept","m2_final_review_mi350p","2026-08-13","仅授权该主键按冻结来源行追加，并把 review_status 从 draft 改为 reviewed；所有其余列保持冻结值。"
"MI350P-SIGN-0089","lifecycle_pk_write","审计/子代理交接/m2_staging/M2-W3-AMD-MI350P-CARD/structured/facts.csv","9673483ecf9daa6a373f07b1777840adee816f3b5b54ac45e907ea33d53cc872","19193","数据/facts.csv","fact_id","FACT-M2W3-AMD-MI350P-HBM3E-CAPACITY","draft","reviewed","","","","ab9665decc94db5300f104e0090272d46d1f02cc714cce48b89360e5650610fb","1cb279b56f4fbfc688ed2f798646a93baed02ffbd34a647ffecf4cb6672f0e01","5567","152df43e8b64c2b78c54a41c6cf9bd7acfa4d3315fcf33d6128399b22f2f8825","68773358da2fe590aaaecdcccdaf0e68d61176df35d4b759dad14b4ae1174e5c","3970","f1520907d54e406e7d82f591e3799f07f569218aff0c321ac3b836b6c649da10","111343","accept","m2_final_review_mi350p","2026-08-13","仅授权该主键按冻结来源行追加，并把 review_status 从 draft 改为 reviewed；所有其余列保持冻结值。"
"MI350P-SIGN-0090","lifecycle_pk_write","审计/子代理交接/m2_staging/M2-W3-AMD-MI350P-CARD/structured/facts.csv","9673483ecf9daa6a373f07b1777840adee816f3b5b54ac45e907ea33d53cc872","19193","数据/facts.csv","fact_id","FACT-M2W3-AMD-MI350P-HBM-INTERFACE","draft","reviewed","","","","868507eb4424a04ec55647391f8f9121287d0cf03c6e17935341157179cdc08a","1cb279b56f4fbfc688ed2f798646a93baed02ffbd34a647ffecf4cb6672f0e01","5567","152df43e8b64c2b78c54a41c6cf9bd7acfa4d3315fcf33d6128399b22f2f8825","68773358da2fe590aaaecdcccdaf0e68d61176df35d4b759dad14b4ae1174e5c","3970","f1520907d54e406e7d82f591e3799f07f569218aff0c321ac3b836b6c649da10","111343","accept","m2_final_review_mi350p","2026-08-13","仅授权该主键按冻结来源行追加，并把 review_status 从 draft 改为 reviewed；所有其余列保持冻结值。"
"MI350P-SIGN-0091","lifecycle_pk_write","审计/子代理交接/m2_staging/M2-W3-AMD-MI350P-CARD/structured/facts.csv","9673483ecf9daa6a373f07b1777840adee816f3b5b54ac45e907ea33d53cc872","19193","数据/facts.csv","fact_id","FACT-M2W3-AMD-MI350P-INT8-MATRIX-BASE-PEAK","draft","reviewed","","","","014e92b149029ba2ed32ed649c84bb6e117b85aa3113a05b9a5ef20a1895bf17","1cb279b56f4fbfc688ed2f798646a93baed02ffbd34a647ffecf4cb6672f0e01","5567","152df43e8b64c2b78c54a41c6cf9bd7acfa4d3315fcf33d6128399b22f2f8825","68773358da2fe590aaaecdcccdaf0e68d61176df35d4b759dad14b4ae1174e5c","3970","f1520907d54e406e7d82f591e3799f07f569218aff0c321ac3b836b6c649da10","111343","accept","m2_final_review_mi350p","2026-08-13","仅授权该主键按冻结来源行追加，并把 review_status 从 draft 改为 reviewed；所有其余列保持冻结值。"
"MI350P-SIGN-0092","lifecycle_pk_write","审计/子代理交接/m2_staging/M2-W3-AMD-MI350P-CARD/structured/facts.csv","9673483ecf9daa6a373f07b1777840adee816f3b5b54ac45e907ea33d53cc872","19193","数据/facts.csv","fact_id","FACT-M2W3-AMD-MI350P-INT8-MATRIX-SPARSE-PEAK","draft","reviewed","","","","9fac45c7a3317907124dc275ac08ad03affa2b9631fd321e752694b4c1bbdd30","1cb279b56f4fbfc688ed2f798646a93baed02ffbd34a647ffecf4cb6672f0e01","5567","152df43e8b64c2b78c54a41c6cf9bd7acfa4d3315fcf33d6128399b22f2f8825","68773358da2fe590aaaecdcccdaf0e68d61176df35d4b759dad14b4ae1174e5c","3970","f1520907d54e406e7d82f591e3799f07f569218aff0c321ac3b836b6c649da10","111343","accept","m2_final_review_mi350p","2026-08-13","仅授权该主键按冻结来源行追加，并把 review_status 从 draft 改为 reviewed；所有其余列保持冻结值。"
"MI350P-SIGN-0093","lifecycle_pk_write","审计/子代理交接/m2_staging/M2-W3-AMD-MI350P-CARD/structured/facts.csv","9673483ecf9daa6a373f07b1777840adee816f3b5b54ac45e907ea33d53cc872","19193","数据/facts.csv","fact_id","FACT-M2W3-AMD-MI350P-IOD-COUNT","draft","reviewed","","","","4f5d15138d8600c534a3e398bef7bcfabe06afe815db2bd76f1e79875f6a6590","1cb279b56f4fbfc688ed2f798646a93baed02ffbd34a647ffecf4cb6672f0e01","5567","152df43e8b64c2b78c54a41c6cf9bd7acfa4d3315fcf33d6128399b22f2f8825","68773358da2fe590aaaecdcccdaf0e68d61176df35d4b759dad14b4ae1174e5c","3970","f1520907d54e406e7d82f591e3799f07f569218aff0c321ac3b836b6c649da10","111343","accept","m2_final_review_mi350p","2026-08-13","仅授权该主键按冻结来源行追加，并把 review_status 从 draft 改为 reviewed；所有其余列保持冻结值。"
"MI350P-SIGN-0094","lifecycle_pk_write","审计/子代理交接/m2_staging/M2-W3-AMD-MI350P-CARD/structured/facts.csv","9673483ecf9daa6a373f07b1777840adee816f3b5b54ac45e907ea33d53cc872","19193","数据/facts.csv","fact_id","FACT-M2W3-AMD-MI350P-LLC-CAPACITY","draft","reviewed","","","","627e94382f72b05e91c55965693712d29f1dfab4d0453a73ff23d42c6300471d","1cb279b56f4fbfc688ed2f798646a93baed02ffbd34a647ffecf4cb6672f0e01","5567","152df43e8b64c2b78c54a41c6cf9bd7acfa4d3315fcf33d6128399b22f2f8825","68773358da2fe590aaaecdcccdaf0e68d61176df35d4b759dad14b4ae1174e5c","3970","f1520907d54e406e7d82f591e3799f07f569218aff0c321ac3b836b6c649da10","111343","accept","m2_final_review_mi350p","2026-08-13","仅授权该主键按冻结来源行追加，并把 review_status 从 draft 改为 reviewed；所有其余列保持冻结值。"
"MI350P-SIGN-0095","lifecycle_pk_write","审计/子代理交接/m2_staging/M2-W3-AMD-MI350P-CARD/structured/facts.csv","9673483ecf9daa6a373f07b1777840adee816f3b5b54ac45e907ea33d53cc872","19193","数据/facts.csv","fact_id","FACT-M2W3-AMD-MI350P-MATRIX-CORE-COUNT","draft","reviewed","","","","3e6612f5c2bd2205fbe413940dff94141b71045cb8bd5981d9f5d1cfef851473","1cb279b56f4fbfc688ed2f798646a93baed02ffbd34a647ffecf4cb6672f0e01","5567","152df43e8b64c2b78c54a41c6cf9bd7acfa4d3315fcf33d6128399b22f2f8825","68773358da2fe590aaaecdcccdaf0e68d61176df35d4b759dad14b4ae1174e5c","3970","f1520907d54e406e7d82f591e3799f07f569218aff0c321ac3b836b6c649da10","111343","accept","m2_final_review_mi350p","2026-08-13","仅授权该主键按冻结来源行追加，并把 review_status 从 draft 改为 reviewed；所有其余列保持冻结值。"
"MI350P-SIGN-0096","lifecycle_pk_write","审计/子代理交接/m2_staging/M2-W3-AMD-MI350P-CARD/structured/facts.csv","9673483ecf9daa6a373f07b1777840adee816f3b5b54ac45e907ea33d53cc872","19193","数据/facts.csv","fact_id","FACT-M2W3-AMD-MI350P-MXFP4-MATRIX-PEAK","draft","reviewed","","","","fa2f9269fbe0328a89c3911700cdf87f37ddd6ff18bd1cd3cff7cf7754b7cda0","1cb279b56f4fbfc688ed2f798646a93baed02ffbd34a647ffecf4cb6672f0e01","5567","152df43e8b64c2b78c54a41c6cf9bd7acfa4d3315fcf33d6128399b22f2f8825","68773358da2fe590aaaecdcccdaf0e68d61176df35d4b759dad14b4ae1174e5c","3970","f1520907d54e406e7d82f591e3799f07f569218aff0c321ac3b836b6c649da10","111343","accept","m2_final_review_mi350p","2026-08-13","仅授权该主键按冻结来源行追加，并把 review_status 从 draft 改为 reviewed；所有其余列保持冻结值。"
"MI350P-SIGN-0097","lifecycle_pk_write","审计/子代理交接/m2_staging/M2-W3-AMD-MI350P-CARD/structured/facts.csv","9673483ecf9daa6a373f07b1777840adee816f3b5b54ac45e907ea33d53cc872","19193","数据/facts.csv","fact_id","FACT-M2W3-AMD-MI350P-MXFP6-MATRIX-PEAK","draft","reviewed","","","","9eddfa978f339872d5bf912d3ed8fdee082b816b33c2d4bc3f12d255445c934f","1cb279b56f4fbfc688ed2f798646a93baed02ffbd34a647ffecf4cb6672f0e01","5567","152df43e8b64c2b78c54a41c6cf9bd7acfa4d3315fcf33d6128399b22f2f8825","68773358da2fe590aaaecdcccdaf0e68d61176df35d4b759dad14b4ae1174e5c","3970","f1520907d54e406e7d82f591e3799f07f569218aff0c321ac3b836b6c649da10","111343","accept","m2_final_review_mi350p","2026-08-13","仅授权该主键按冻结来源行追加，并把 review_status 从 draft 改为 reviewed；所有其余列保持冻结值。"
"MI350P-SIGN-0098","lifecycle_pk_write","审计/子代理交接/m2_staging/M2-W3-AMD-MI350P-CARD/structured/facts.csv","9673483ecf9daa6a373f07b1777840adee816f3b5b54ac45e907ea33d53cc872","19193","数据/facts.csv","fact_id","FACT-M2W3-AMD-MI350P-MXFP8-MATRIX-PEAK","draft","reviewed","","","","e9a2c49a4516eff2e342c4d4c306221e3b01fab4f0afe712d2d4d77e1cb3075a","1cb279b56f4fbfc688ed2f798646a93baed02ffbd34a647ffecf4cb6672f0e01","5567","152df43e8b64c2b78c54a41c6cf9bd7acfa4d3315fcf33d6128399b22f2f8825","68773358da2fe590aaaecdcccdaf0e68d61176df35d4b759dad14b4ae1174e5c","3970","f1520907d54e406e7d82f591e3799f07f569218aff0c321ac3b836b6c649da10","111343","accept","m2_final_review_mi350p","2026-08-13","仅授权该主键按冻结来源行追加，并把 review_status 从 draft 改为 reviewed；所有其余列保持冻结值。"
"MI350P-SIGN-0099","lifecycle_pk_write","审计/子代理交接/m2_staging/M2-W3-AMD-MI350P-CARD/structured/facts.csv","9673483ecf9daa6a373f07b1777840adee816f3b5b54ac45e907ea33d53cc872","19193","数据/facts.csv","fact_id","FACT-M2W3-AMD-MI350P-NAME","draft","reviewed","","","","30768d5c242153c71e5e3050d897d3422616493590d7b8038c24252b154c24f5","1cb279b56f4fbfc688ed2f798646a93baed02ffbd34a647ffecf4cb6672f0e01","5567","152df43e8b64c2b78c54a41c6cf9bd7acfa4d3315fcf33d6128399b22f2f8825","68773358da2fe590aaaecdcccdaf0e68d61176df35d4b759dad14b4ae1174e5c","3970","f1520907d54e406e7d82f591e3799f07f569218aff0c321ac3b836b6c649da10","111343","accept","m2_final_review_mi350p","2026-08-13","仅授权该主键按冻结来源行追加，并把 review_status 从 draft 改为 reviewed；所有其余列保持冻结值。"
"MI350P-SIGN-0100","lifecycle_pk_write","审计/子代理交接/m2_staging/M2-W3-AMD-MI350P-CARD/structured/facts.csv","9673483ecf9daa6a373f07b1777840adee816f3b5b54ac45e907ea33d53cc872","19193","数据/facts.csv","fact_id","FACT-M2W3-AMD-MI350P-OBJECT-TYPE","draft","reviewed","","","","271e2618d3cc4916aa1c26975bc8225afb67ee8eb0236108aa46527e7dd0343d","1cb279b56f4fbfc688ed2f798646a93baed02ffbd34a647ffecf4cb6672f0e01","5567","152df43e8b64c2b78c54a41c6cf9bd7acfa4d3315fcf33d6128399b22f2f8825","68773358da2fe590aaaecdcccdaf0e68d61176df35d4b759dad14b4ae1174e5c","3970","f1520907d54e406e7d82f591e3799f07f569218aff0c321ac3b836b6c649da10","111343","accept","m2_final_review_mi350p","2026-08-13","仅授权该主键按冻结来源行追加，并把 review_status 从 draft 改为 reviewed；所有其余列保持冻结值。"
"MI350P-SIGN-0101","lifecycle_pk_write","审计/子代理交接/m2_staging/M2-W3-AMD-MI350P-CARD/structured/facts.csv","9673483ecf9daa6a373f07b1777840adee816f3b5b54ac45e907ea33d53cc872","19193","数据/facts.csv","fact_id","FACT-M2W3-AMD-MI350P-OCP-FP8-MATRIX-BASE-PEAK","draft","reviewed","","","","f270393b18fe394b5e7158adb0ffcbcdf5e114c42e9f36806c6add3d48bd8c49","1cb279b56f4fbfc688ed2f798646a93baed02ffbd34a647ffecf4cb6672f0e01","5567","152df43e8b64c2b78c54a41c6cf9bd7acfa4d3315fcf33d6128399b22f2f8825","68773358da2fe590aaaecdcccdaf0e68d61176df35d4b759dad14b4ae1174e5c","3970","f1520907d54e406e7d82f591e3799f07f569218aff0c321ac3b836b6c649da10","111343","accept","m2_final_review_mi350p","2026-08-13","仅授权该主键按冻结来源行追加，并把 review_status 从 draft 改为 reviewed；所有其余列保持冻结值。"
"MI350P-SIGN-0102","lifecycle_pk_write","审计/子代理交接/m2_staging/M2-W3-AMD-MI350P-CARD/structured/facts.csv","9673483ecf9daa6a373f07b1777840adee816f3b5b54ac45e907ea33d53cc872","19193","数据/facts.csv","fact_id","FACT-M2W3-AMD-MI350P-OCP-FP8-MATRIX-SPARSE-PEAK","draft","reviewed","","","","fa2ce662ec7bdb1d49e238b0c414a4847796f5dbd5f2c89f134a444a2619c2b2","1cb279b56f4fbfc688ed2f798646a93baed02ffbd34a647ffecf4cb6672f0e01","5567","152df43e8b64c2b78c54a41c6cf9bd7acfa4d3315fcf33d6128399b22f2f8825","68773358da2fe590aaaecdcccdaf0e68d61176df35d4b759dad14b4ae1174e5c","3970","f1520907d54e406e7d82f591e3799f07f569218aff0c321ac3b836b6c649da10","111343","accept","m2_final_review_mi350p","2026-08-13","仅授权该主键按冻结来源行追加，并把 review_status 从 draft 改为 reviewed；所有其余列保持冻结值。"
"MI350P-SIGN-0103","lifecycle_pk_write","审计/子代理交接/m2_staging/M2-W3-AMD-MI350P-CARD/structured/facts.csv","9673483ecf9daa6a373f07b1777840adee816f3b5b54ac45e907ea33d53cc872","19193","数据/facts.csv","fact_id","FACT-M2W3-AMD-MI350P-PCIE-BW","draft","reviewed","","","","ab762db6f372208cdcc2b6a7e151d71b9fc7f237c7625b4df9cf82b9baa8ef11","1cb279b56f4fbfc688ed2f798646a93baed02ffbd34a647ffecf4cb6672f0e01","5567","152df43e8b64c2b78c54a41c6cf9bd7acfa4d3315fcf33d6128399b22f2f8825","68773358da2fe590aaaecdcccdaf0e68d61176df35d4b759dad14b4ae1174e5c","3970","f1520907d54e406e7d82f591e3799f07f569218aff0c321ac3b836b6c649da10","111343","accept","m2_final_review_mi350p","2026-08-13","仅授权该主键按冻结来源行追加，并把 review_status 从 draft 改为 reviewed；所有其余列保持冻结值。"
"MI350P-SIGN-0104","lifecycle_pk_write","审计/子代理交接/m2_staging/M2-W3-AMD-MI350P-CARD/structured/facts.csv","9673483ecf9daa6a373f07b1777840adee816f3b5b54ac45e907ea33d53cc872","19193","数据/facts.csv","fact_id","FACT-M2W3-AMD-MI350P-PCIE-PROTOCOL","draft","reviewed","","","","cd870d2c4d2522ffa3257a2be26bb40f4ae0c59eeadc4375bedb667ec99d0485","1cb279b56f4fbfc688ed2f798646a93baed02ffbd34a647ffecf4cb6672f0e01","5567","152df43e8b64c2b78c54a41c6cf9bd7acfa4d3315fcf33d6128399b22f2f8825","68773358da2fe590aaaecdcccdaf0e68d61176df35d4b759dad14b4ae1174e5c","3970","f1520907d54e406e7d82f591e3799f07f569218aff0c321ac3b836b6c649da10","111343","accept","m2_final_review_mi350p","2026-08-13","仅授权该主键按冻结来源行追加，并把 review_status 从 draft 改为 reviewed；所有其余列保持冻结值。"
"MI350P-SIGN-0105","lifecycle_pk_write","审计/子代理交接/m2_staging/M2-W3-AMD-MI350P-CARD/structured/facts.csv","9673483ecf9daa6a373f07b1777840adee816f3b5b54ac45e907ea33d53cc872","19193","数据/facts.csv","fact_id","FACT-M2W3-AMD-MI350P-POWER-CONFIG","draft","reviewed","","","","ea9c145eef520c574e9886ce4c05ca7ba4866c6c8875618d4e8357d898c585f9","1cb279b56f4fbfc688ed2f798646a93baed02ffbd34a647ffecf4cb6672f0e01","5567","152df43e8b64c2b78c54a41c6cf9bd7acfa4d3315fcf33d6128399b22f2f8825","68773358da2fe590aaaecdcccdaf0e68d61176df35d4b759dad14b4ae1174e5c","3970","f1520907d54e406e7d82f591e3799f07f569218aff0c321ac3b836b6c649da10","111343","accept","m2_final_review_mi350p","2026-08-13","仅授权该主键按冻结来源行追加，并把 review_status 从 draft 改为 reviewed；所有其余列保持冻结值。"
"MI350P-SIGN-0106","lifecycle_pk_write","审计/子代理交接/m2_staging/M2-W3-AMD-MI350P-CARD/structured/facts.csv","9673483ecf9daa6a373f07b1777840adee816f3b5b54ac45e907ea33d53cc872","19193","数据/facts.csv","fact_id","FACT-M2W3-AMD-MI350P-POWER-MAX","draft","reviewed","","","","5cfe5d5cbf43ffcfb9acf5106ab6990c7124cca9483757ef07f91b96446964e8","1cb279b56f4fbfc688ed2f798646a93baed02ffbd34a647ffecf4cb6672f0e01","5567","152df43e8b64c2b78c54a41c6cf9bd7acfa4d3315fcf33d6128399b22f2f8825","68773358da2fe590aaaecdcccdaf0e68d61176df35d4b759dad14b4ae1174e5c","3970","f1520907d54e406e7d82f591e3799f07f569218aff0c321ac3b836b6c649da10","111343","accept","m2_final_review_mi350p","2026-08-13","仅授权该主键按冻结来源行追加，并把 review_status 从 draft 改为 reviewed；所有其余列保持冻结值。"
"MI350P-SIGN-0107","lifecycle_pk_write","审计/子代理交接/m2_staging/M2-W3-AMD-MI350P-CARD/structured/facts.csv","9673483ecf9daa6a373f07b1777840adee816f3b5b54ac45e907ea33d53cc872","19193","数据/facts.csv","fact_id","FACT-M2W3-AMD-MI350P-PROCESS","draft","reviewed","","","","042f48af21df3762a4d27df53550811efd55f4c1c7c3c7e43022acddc1004d19","1cb279b56f4fbfc688ed2f798646a93baed02ffbd34a647ffecf4cb6672f0e01","5567","152df43e8b64c2b78c54a41c6cf9bd7acfa4d3315fcf33d6128399b22f2f8825","68773358da2fe590aaaecdcccdaf0e68d61176df35d4b759dad14b4ae1174e5c","3970","f1520907d54e406e7d82f591e3799f07f569218aff0c321ac3b836b6c649da10","111343","accept","m2_final_review_mi350p","2026-08-13","仅授权该主键按冻结来源行追加，并把 review_status 从 draft 改为 reviewed；所有其余列保持冻结值。"
"MI350P-SIGN-0108","lifecycle_pk_write","审计/子代理交接/m2_staging/M2-W3-AMD-MI350P-CARD/structured/facts.csv","9673483ecf9daa6a373f07b1777840adee816f3b5b54ac45e907ea33d53cc872","19193","数据/facts.csv","fact_id","FACT-M2W3-AMD-MI350P-SKU","draft","reviewed","","","","a3a5a9f0ac556f72b33bdf61d2a2667b87d717776235b8d563d7644903acfa25","1cb279b56f4fbfc688ed2f798646a93baed02ffbd34a647ffecf4cb6672f0e01","5567","152df43e8b64c2b78c54a41c6cf9bd7acfa4d3315fcf33d6128399b22f2f8825","68773358da2fe590aaaecdcccdaf0e68d61176df35d4b759dad14b4ae1174e5c","3970","f1520907d54e406e7d82f591e3799f07f569218aff0c321ac3b836b6c649da10","111343","accept","m2_final_review_mi350p","2026-08-13","仅授权该主键按冻结来源行追加，并把 review_status 从 draft 改为 reviewed；所有其余列保持冻结值。"
"MI350P-SIGN-0109","lifecycle_pk_write","审计/子代理交接/m2_staging/M2-W3-AMD-MI350P-CARD/structured/facts.csv","9673483ecf9daa6a373f07b1777840adee816f3b5b54ac45e907ea33d53cc872","19193","数据/facts.csv","fact_id","FACT-M2W3-AMD-MI350P-STATUS","draft","reviewed","","","","5dd077a9e965e0b20c079558ddf44fa8f0aa2ef7c897df6bd4b450b7c9418213","1cb279b56f4fbfc688ed2f798646a93baed02ffbd34a647ffecf4cb6672f0e01","5567","152df43e8b64c2b78c54a41c6cf9bd7acfa4d3315fcf33d6128399b22f2f8825","68773358da2fe590aaaecdcccdaf0e68d61176df35d4b759dad14b4ae1174e5c","3970","f1520907d54e406e7d82f591e3799f07f569218aff0c321ac3b836b6c649da10","111343","accept","m2_final_review_mi350p","2026-08-13","仅授权该主键按冻结来源行追加，并把 review_status 从 draft 改为 reviewed；所有其余列保持冻结值。"
"MI350P-SIGN-0110","lifecycle_pk_write","审计/子代理交接/m2_staging/M2-W3-AMD-MI350P-CARD/structured/facts.csv","9673483ecf9daa6a373f07b1777840adee816f3b5b54ac45e907ea33d53cc872","19193","数据/facts.csv","fact_id","FACT-M2W3-AMD-MI350P-STREAM-PROCESSOR-COUNT","draft","reviewed","","","","6ca69d335bdb65f51e2bf195c4119de16c2e0b429d00d652882d25af3e49739d","1cb279b56f4fbfc688ed2f798646a93baed02ffbd34a647ffecf4cb6672f0e01","5567","152df43e8b64c2b78c54a41c6cf9bd7acfa4d3315fcf33d6128399b22f2f8825","68773358da2fe590aaaecdcccdaf0e68d61176df35d4b759dad14b4ae1174e5c","3970","f1520907d54e406e7d82f591e3799f07f569218aff0c321ac3b836b6c649da10","111343","accept","m2_final_review_mi350p","2026-08-13","仅授权该主键按冻结来源行追加，并把 review_status 从 draft 改为 reviewed；所有其余列保持冻结值。"
"MI350P-SIGN-0111","lifecycle_pk_write","审计/子代理交接/m2_staging/M2-W3-AMD-MI350P-CARD/structured/facts.csv","9673483ecf9daa6a373f07b1777840adee816f3b5b54ac45e907ea33d53cc872","19193","数据/facts.csv","fact_id","FACT-M2W3-AMD-MI350P-TRANSISTORS","draft","reviewed","","","","784313a3766bb6a9851f354bd6487d1afdaa9e5403cd8cd206ce4f065a2a6c16","1cb279b56f4fbfc688ed2f798646a93baed02ffbd34a647ffecf4cb6672f0e01","5567","152df43e8b64c2b78c54a41c6cf9bd7acfa4d3315fcf33d6128399b22f2f8825","68773358da2fe590aaaecdcccdaf0e68d61176df35d4b759dad14b4ae1174e5c","3970","f1520907d54e406e7d82f591e3799f07f569218aff0c321ac3b836b6c649da10","111343","accept","m2_final_review_mi350p","2026-08-13","仅授权该主键按冻结来源行追加，并把 review_status 从 draft 改为 reviewed；所有其余列保持冻结值。"
"MI350P-SIGN-0112","lifecycle_pk_write","审计/子代理交接/m2_staging/M2-W3-AMD-MI350P-CARD/structured/facts.csv","9673483ecf9daa6a373f07b1777840adee816f3b5b54ac45e907ea33d53cc872","19193","数据/facts.csv","fact_id","FACT-M2W3-AMD-MI350P-VENDOR","draft","reviewed","","","","24daf3ee917916f21a6dbfdb5713f51cc7f68177b72663772096c6275a509826","1cb279b56f4fbfc688ed2f798646a93baed02ffbd34a647ffecf4cb6672f0e01","5567","152df43e8b64c2b78c54a41c6cf9bd7acfa4d3315fcf33d6128399b22f2f8825","68773358da2fe590aaaecdcccdaf0e68d61176df35d4b759dad14b4ae1174e5c","3970","f1520907d54e406e7d82f591e3799f07f569218aff0c321ac3b836b6c649da10","111343","accept","m2_final_review_mi350p","2026-08-13","仅授权该主键按冻结来源行追加，并把 review_status 从 draft 改为 reviewed；所有其余列保持冻结值。"
"MI350P-SIGN-0113","lifecycle_pk_write","审计/子代理交接/m2_staging/M2-W3-AMD-MI350P-CARD/structured/facts.csv","9673483ecf9daa6a373f07b1777840adee816f3b5b54ac45e907ea33d53cc872","19193","数据/facts.csv","fact_id","FACT-M2W3-AMD-MI350P-XCD-COUNT","draft","reviewed","","","","3db6d912dc61b11bf0af92dcf66db62b7003b9b92d60aa767153fed922cef4e2","1cb279b56f4fbfc688ed2f798646a93baed02ffbd34a647ffecf4cb6672f0e01","5567","152df43e8b64c2b78c54a41c6cf9bd7acfa4d3315fcf33d6128399b22f2f8825","68773358da2fe590aaaecdcccdaf0e68d61176df35d4b759dad14b4ae1174e5c","3970","f1520907d54e406e7d82f591e3799f07f569218aff0c321ac3b836b6c649da10","111343","accept","m2_final_review_mi350p","2026-08-13","仅授权该主键按冻结来源行追加，并把 review_status 从 draft 改为 reviewed；所有其余列保持冻结值。"
"MI350P-SIGN-0114","lifecycle_pk_write","审计/子代理交接/m2_staging/M2-W3-AMD-MI350P-CARD/structured/field-requirements.csv","9e156c482c3c1b0c4e6ddd7342f29520909fbc19ba437c4284cb4a6d573e2f3d","19383","数据/field-requirements.csv","requirement_id","REQ-M2W3-AMD-MI350P-ACCUMULATION","draft","reviewed","","","","4478bb9e6e1d82164e5bbdb4c057cce9036a362d824e6c3632ed8c586926dc5f","1cb279b56f4fbfc688ed2f798646a93baed02ffbd34a647ffecf4cb6672f0e01","5567","152df43e8b64c2b78c54a41c6cf9bd7acfa4d3315fcf33d6128399b22f2f8825","68773358da2fe590aaaecdcccdaf0e68d61176df35d4b759dad14b4ae1174e5c","3970","f1520907d54e406e7d82f591e3799f07f569218aff0c321ac3b836b6c649da10","111343","accept","m2_final_review_mi350p","2026-08-13","仅授权该主键按冻结来源行追加，并把 review_status 从 draft 改为 reviewed；所有其余列保持冻结值。"
"MI350P-SIGN-0115","lifecycle_pk_write","审计/子代理交接/m2_staging/M2-W3-AMD-MI350P-CARD/structured/field-requirements.csv","9e156c482c3c1b0c4e6ddd7342f29520909fbc19ba437c4284cb4a6d573e2f3d","19383","数据/field-requirements.csv","requirement_id","REQ-M2W3-AMD-MI350P-AVAILABILITY-DATE","draft","reviewed","","","","7eaa2e52a831d34223e0d74341d72200767742b0190057b205b3fb1976297639","1cb279b56f4fbfc688ed2f798646a93baed02ffbd34a647ffecf4cb6672f0e01","5567","152df43e8b64c2b78c54a41c6cf9bd7acfa4d3315fcf33d6128399b22f2f8825","68773358da2fe590aaaecdcccdaf0e68d61176df35d4b759dad14b4ae1174e5c","3970","f1520907d54e406e7d82f591e3799f07f569218aff0c321ac3b836b6c649da10","111343","accept","m2_final_review_mi350p","2026-08-13","仅授权该主键按冻结来源行追加，并把 review_status 从 draft 改为 reviewed；所有其余列保持冻结值。"
"MI350P-SIGN-0116","lifecycle_pk_write","审计/子代理交接/m2_staging/M2-W3-AMD-MI350P-CARD/structured/field-requirements.csv","9e156c482c3c1b0c4e6ddd7342f29520909fbc19ba437c4284cb4a6d573e2f3d","19383","数据/field-requirements.csv","requirement_id","REQ-M2W3-AMD-MI350P-BF16-MATRIX-PEAK","draft","reviewed","","","","12f37f74e712f221c8dfb292e1a25d9678dc9beb1558ed0983da960d968c6fb3","1cb279b56f4fbfc688ed2f798646a93baed02ffbd34a647ffecf4cb6672f0e01","5567","152df43e8b64c2b78c54a41c6cf9bd7acfa4d3315fcf33d6128399b22f2f8825","68773358da2fe590aaaecdcccdaf0e68d61176df35d4b759dad14b4ae1174e5c","3970","f1520907d54e406e7d82f591e3799f07f569218aff0c321ac3b836b6c649da10","111343","accept","m2_final_review_mi350p","2026-08-13","仅授权该主键按冻结来源行追加，并把 review_status 从 draft 改为 reviewed；所有其余列保持冻结值。"
"MI350P-SIGN-0117","lifecycle_pk_write","审计/子代理交接/m2_staging/M2-W3-AMD-MI350P-CARD/structured/field-requirements.csv","9e156c482c3c1b0c4e6ddd7342f29520909fbc19ba437c4284cb4a6d573e2f3d","19383","数据/field-requirements.csv","requirement_id","REQ-M2W3-AMD-MI350P-CLOCK","draft","reviewed","","","","db526b3228b674fa0165f66377832617ea83c73abd0a2be2b52555686e37c05b","1cb279b56f4fbfc688ed2f798646a93baed02ffbd34a647ffecf4cb6672f0e01","5567","152df43e8b64c2b78c54a41c6cf9bd7acfa4d3315fcf33d6128399b22f2f8825","68773358da2fe590aaaecdcccdaf0e68d61176df35d4b759dad14b4ae1174e5c","3970","f1520907d54e406e7d82f591e3799f07f569218aff0c321ac3b836b6c649da10","111343","accept","m2_final_review_mi350p","2026-08-13","仅授权该主键按冻结来源行追加，并把 review_status 从 draft 改为 reviewed；所有其余列保持冻结值。"
"MI350P-SIGN-0118","lifecycle_pk_write","审计/子代理交接/m2_staging/M2-W3-AMD-MI350P-CARD/structured/field-requirements.csv","9e156c482c3c1b0c4e6ddd7342f29520909fbc19ba437c4284cb4a6d573e2f3d","19383","数据/field-requirements.csv","requirement_id","REQ-M2W3-AMD-MI350P-COOLING","draft","reviewed","","","","519ad3cbaaadd7daebb56402016d45b3d9fb584313e8b52625ea57acf65eaa6b","1cb279b56f4fbfc688ed2f798646a93baed02ffbd34a647ffecf4cb6672f0e01","5567","152df43e8b64c2b78c54a41c6cf9bd7acfa4d3315fcf33d6128399b22f2f8825","68773358da2fe590aaaecdcccdaf0e68d61176df35d4b759dad14b4ae1174e5c","3970","f1520907d54e406e7d82f591e3799f07f569218aff0c321ac3b836b6c649da10","111343","accept","m2_final_review_mi350p","2026-08-13","仅授权该主键按冻结来源行追加，并把 review_status 从 draft 改为 reviewed；所有其余列保持冻结值。"
"MI350P-SIGN-0119","lifecycle_pk_write","审计/子代理交接/m2_staging/M2-W3-AMD-MI350P-CARD/structured/field-requirements.csv","9e156c482c3c1b0c4e6ddd7342f29520909fbc19ba437c4284cb4a6d573e2f3d","19383","数据/field-requirements.csv","requirement_id","REQ-M2W3-AMD-MI350P-CU-COUNT","draft","reviewed","","","","2508fc42444653090ed060e202ec64a36a08f413616b4fdfc3bca1dfd16fdfd9","1cb279b56f4fbfc688ed2f798646a93baed02ffbd34a647ffecf4cb6672f0e01","5567","152df43e8b64c2b78c54a41c6cf9bd7acfa4d3315fcf33d6128399b22f2f8825","68773358da2fe590aaaecdcccdaf0e68d61176df35d4b759dad14b4ae1174e5c","3970","f1520907d54e406e7d82f591e3799f07f569218aff0c321ac3b836b6c649da10","111343","accept","m2_final_review_mi350p","2026-08-13","仅授权该主键按冻结来源行追加，并把 review_status 从 draft 改为 reviewed；所有其余列保持冻结值。"
"MI350P-SIGN-0120","lifecycle_pk_write","审计/子代理交接/m2_staging/M2-W3-AMD-MI350P-CARD/structured/field-requirements.csv","9e156c482c3c1b0c4e6ddd7342f29520909fbc19ba437c4284cb4a6d573e2f3d","19383","数据/field-requirements.csv","requirement_id","REQ-M2W3-AMD-MI350P-DIE-AREA","draft","reviewed","","","","4f083b9970635fc28ba5d2d2fa786ffb2d5cd971fd2004e661a339848de9f743","1cb279b56f4fbfc688ed2f798646a93baed02ffbd34a647ffecf4cb6672f0e01","5567","152df43e8b64c2b78c54a41c6cf9bd7acfa4d3315fcf33d6128399b22f2f8825","68773358da2fe590aaaecdcccdaf0e68d61176df35d4b759dad14b4ae1174e5c","3970","f1520907d54e406e7d82f591e3799f07f569218aff0c321ac3b836b6c649da10","111343","accept","m2_final_review_mi350p","2026-08-13","仅授权该主键按冻结来源行追加，并把 review_status 从 draft 改为 reviewed；所有其余列保持冻结值。"
"MI350P-SIGN-0121","lifecycle_pk_write","审计/子代理交接/m2_staging/M2-W3-AMD-MI350P-CARD/structured/field-requirements.csv","9e156c482c3c1b0c4e6ddd7342f29520909fbc19ba437c4284cb4a6d573e2f3d","19383","数据/field-requirements.csv","requirement_id","REQ-M2W3-AMD-MI350P-DIE-COUNT","draft","reviewed","","","","cdc3d256b321a82adcb1f46a6493ca7d944e5498eb0f6f13d6d57dec081f492f","1cb279b56f4fbfc688ed2f798646a93baed02ffbd34a647ffecf4cb6672f0e01","5567","152df43e8b64c2b78c54a41c6cf9bd7acfa4d3315fcf33d6128399b22f2f8825","68773358da2fe590aaaecdcccdaf0e68d61176df35d4b759dad14b4ae1174e5c","3970","f1520907d54e406e7d82f591e3799f07f569218aff0c321ac3b836b6c649da10","111343","accept","m2_final_review_mi350p","2026-08-13","仅授权该主键按冻结来源行追加，并把 review_status 从 draft 改为 reviewed；所有其余列保持冻结值。"
"MI350P-SIGN-0122","lifecycle_pk_write","审计/子代理交接/m2_staging/M2-W3-AMD-MI350P-CARD/structured/field-requirements.csv","9e156c482c3c1b0c4e6ddd7342f29520909fbc19ba437c4284cb4a6d573e2f3d","19383","数据/field-requirements.csv","requirement_id","REQ-M2W3-AMD-MI350P-FAMILY","draft","reviewed","","","","3877fae7e0ca21e4beb9ababca41861f4424aba153e91d80ed4bc4e8310569dc","1cb279b56f4fbfc688ed2f798646a93baed02ffbd34a647ffecf4cb6672f0e01","5567","152df43e8b64c2b78c54a41c6cf9bd7acfa4d3315fcf33d6128399b22f2f8825","68773358da2fe590aaaecdcccdaf0e68d61176df35d4b759dad14b4ae1174e5c","3970","f1520907d54e406e7d82f591e3799f07f569218aff0c321ac3b836b6c649da10","111343","accept","m2_final_review_mi350p","2026-08-13","仅授权该主键按冻结来源行追加，并把 review_status 从 draft 改为 reviewed；所有其余列保持冻结值。"
"MI350P-SIGN-0123","lifecycle_pk_write","审计/子代理交接/m2_staging/M2-W3-AMD-MI350P-CARD/structured/field-requirements.csv","9e156c482c3c1b0c4e6ddd7342f29520909fbc19ba437c4284cb4a6d573e2f3d","19383","数据/field-requirements.csv","requirement_id","REQ-M2W3-AMD-MI350P-FORM-FACTOR","draft","reviewed","","","","87cf7170e3645fbff8834b86600348ffc3fef27ab250efd320a8fb2d20f23356","1cb279b56f4fbfc688ed2f798646a93baed02ffbd34a647ffecf4cb6672f0e01","5567","152df43e8b64c2b78c54a41c6cf9bd7acfa4d3315fcf33d6128399b22f2f8825","68773358da2fe590aaaecdcccdaf0e68d61176df35d4b759dad14b4ae1174e5c","3970","f1520907d54e406e7d82f591e3799f07f569218aff0c321ac3b836b6c649da10","111343","accept","m2_final_review_mi350p","2026-08-13","仅授权该主键按冻结来源行追加，并把 review_status 从 draft 改为 reviewed；所有其余列保持冻结值。"
"MI350P-SIGN-0124","lifecycle_pk_write","审计/子代理交接/m2_staging/M2-W3-AMD-MI350P-CARD/structured/field-requirements.csv","9e156c482c3c1b0c4e6ddd7342f29520909fbc19ba437c4284cb4a6d573e2f3d","19383","数据/field-requirements.csv","requirement_id","REQ-M2W3-AMD-MI350P-FP16-MATRIX-PEAK","draft","reviewed","","","","f7141d59fa8e5ba3ce9267f4d5f953badfa78c3cea384909fab8763d1d9d0d1d","1cb279b56f4fbfc688ed2f798646a93baed02ffbd34a647ffecf4cb6672f0e01","5567","152df43e8b64c2b78c54a41c6cf9bd7acfa4d3315fcf33d6128399b22f2f8825","68773358da2fe590aaaecdcccdaf0e68d61176df35d4b759dad14b4ae1174e5c","3970","f1520907d54e406e7d82f591e3799f07f569218aff0c321ac3b836b6c649da10","111343","accept","m2_final_review_mi350p","2026-08-13","仅授权该主键按冻结来源行追加，并把 review_status 从 draft 改为 reviewed；所有其余列保持冻结值。"
"MI350P-SIGN-0125","lifecycle_pk_write","审计/子代理交接/m2_staging/M2-W3-AMD-MI350P-CARD/structured/field-requirements.csv","9e156c482c3c1b0c4e6ddd7342f29520909fbc19ba437c4284cb4a6d573e2f3d","19383","数据/field-requirements.csv","requirement_id","REQ-M2W3-AMD-MI350P-FP16-VECTOR-PEAK","draft","reviewed","","","","13aa95be5ec6564b15cf8d87f895303081d13ecadf416c31b5905af0b1bd307f","1cb279b56f4fbfc688ed2f798646a93baed02ffbd34a647ffecf4cb6672f0e01","5567","152df43e8b64c2b78c54a41c6cf9bd7acfa4d3315fcf33d6128399b22f2f8825","68773358da2fe590aaaecdcccdaf0e68d61176df35d4b759dad14b4ae1174e5c","3970","f1520907d54e406e7d82f591e3799f07f569218aff0c321ac3b836b6c649da10","111343","accept","m2_final_review_mi350p","2026-08-13","仅授权该主键按冻结来源行追加，并把 review_status 从 draft 改为 reviewed；所有其余列保持冻结值。"
"MI350P-SIGN-0126","lifecycle_pk_write","审计/子代理交接/m2_staging/M2-W3-AMD-MI350P-CARD/structured/field-requirements.csv","9e156c482c3c1b0c4e6ddd7342f29520909fbc19ba437c4284cb4a6d573e2f3d","19383","数据/field-requirements.csv","requirement_id","REQ-M2W3-AMD-MI350P-FP32-MATRIX-PEAK","draft","reviewed","","","","ebfbc44177afdf85ccc81147b78fcc989752034532861d9af10ffc168e2aee28","1cb279b56f4fbfc688ed2f798646a93baed02ffbd34a647ffecf4cb6672f0e01","5567","152df43e8b64c2b78c54a41c6cf9bd7acfa4d3315fcf33d6128399b22f2f8825","68773358da2fe590aaaecdcccdaf0e68d61176df35d4b759dad14b4ae1174e5c","3970","f1520907d54e406e7d82f591e3799f07f569218aff0c321ac3b836b6c649da10","111343","accept","m2_final_review_mi350p","2026-08-13","仅授权该主键按冻结来源行追加，并把 review_status 从 draft 改为 reviewed；所有其余列保持冻结值。"
"MI350P-SIGN-0127","lifecycle_pk_write","审计/子代理交接/m2_staging/M2-W3-AMD-MI350P-CARD/structured/field-requirements.csv","9e156c482c3c1b0c4e6ddd7342f29520909fbc19ba437c4284cb4a6d573e2f3d","19383","数据/field-requirements.csv","requirement_id","REQ-M2W3-AMD-MI350P-FP32-VECTOR-PEAK","draft","reviewed","","","","958036f62a7a2a9e0817e74d9bd0ffba9243f64713352c15b281856c091567df","1cb279b56f4fbfc688ed2f798646a93baed02ffbd34a647ffecf4cb6672f0e01","5567","152df43e8b64c2b78c54a41c6cf9bd7acfa4d3315fcf33d6128399b22f2f8825","68773358da2fe590aaaecdcccdaf0e68d61176df35d4b759dad14b4ae1174e5c","3970","f1520907d54e406e7d82f591e3799f07f569218aff0c321ac3b836b6c649da10","111343","accept","m2_final_review_mi350p","2026-08-13","仅授权该主键按冻结来源行追加，并把 review_status 从 draft 改为 reviewed；所有其余列保持冻结值。"
"MI350P-SIGN-0128","lifecycle_pk_write","审计/子代理交接/m2_staging/M2-W3-AMD-MI350P-CARD/structured/field-requirements.csv","9e156c482c3c1b0c4e6ddd7342f29520909fbc19ba437c4284cb4a6d573e2f3d","19383","数据/field-requirements.csv","requirement_id","REQ-M2W3-AMD-MI350P-FP64-MATRIX-PEAK","draft","reviewed","","","","261d00422ac1d02e88dcbb243b10a4620d60e6287086ffc60dd4eaa5a261af96","1cb279b56f4fbfc688ed2f798646a93baed02ffbd34a647ffecf4cb6672f0e01","5567","152df43e8b64c2b78c54a41c6cf9bd7acfa4d3315fcf33d6128399b22f2f8825","68773358da2fe590aaaecdcccdaf0e68d61176df35d4b759dad14b4ae1174e5c","3970","f1520907d54e406e7d82f591e3799f07f569218aff0c321ac3b836b6c649da10","111343","accept","m2_final_review_mi350p","2026-08-13","仅授权该主键按冻结来源行追加，并把 review_status 从 draft 改为 reviewed；所有其余列保持冻结值。"
"MI350P-SIGN-0129","lifecycle_pk_write","审计/子代理交接/m2_staging/M2-W3-AMD-MI350P-CARD/structured/field-requirements.csv","9e156c482c3c1b0c4e6ddd7342f29520909fbc19ba437c4284cb4a6d573e2f3d","19383","数据/field-requirements.csv","requirement_id","REQ-M2W3-AMD-MI350P-FP64-VECTOR-PEAK","draft","reviewed","","","","6a303b9afc809c16d822519d7be2a110f186490d7cb87e2f606c7ed24b2c79d8","1cb279b56f4fbfc688ed2f798646a93baed02ffbd34a647ffecf4cb6672f0e01","5567","152df43e8b64c2b78c54a41c6cf9bd7acfa4d3315fcf33d6128399b22f2f8825","68773358da2fe590aaaecdcccdaf0e68d61176df35d4b759dad14b4ae1174e5c","3970","f1520907d54e406e7d82f591e3799f07f569218aff0c321ac3b836b6c649da10","111343","accept","m2_final_review_mi350p","2026-08-13","仅授权该主键按冻结来源行追加，并把 review_status 从 draft 改为 reviewed；所有其余列保持冻结值。"
"MI350P-SIGN-0130","lifecycle_pk_write","审计/子代理交接/m2_staging/M2-W3-AMD-MI350P-CARD/structured/field-requirements.csv","9e156c482c3c1b0c4e6ddd7342f29520909fbc19ba437c4284cb4a6d573e2f3d","19383","数据/field-requirements.csv","requirement_id","REQ-M2W3-AMD-MI350P-HBM3E-BW","draft","reviewed","","","","16cb77553ad9ab6ce77fd90b614988e7a1171854320669418d14352d855614fc","1cb279b56f4fbfc688ed2f798646a93baed02ffbd34a647ffecf4cb6672f0e01","5567","152df43e8b64c2b78c54a41c6cf9bd7acfa4d3315fcf33d6128399b22f2f8825","68773358da2fe590aaaecdcccdaf0e68d61176df35d4b759dad14b4ae1174e5c","3970","f1520907d54e406e7d82f591e3799f07f569218aff0c321ac3b836b6c649da10","111343","accept","m2_final_review_mi350p","2026-08-13","仅授权该主键按冻结来源行追加，并把 review_status 从 draft 改为 reviewed；所有其余列保持冻结值。"
"MI350P-SIGN-0131","lifecycle_pk_write","审计/子代理交接/m2_staging/M2-W3-AMD-MI350P-CARD/structured/field-requirements.csv","9e156c482c3c1b0c4e6ddd7342f29520909fbc19ba437c4284cb4a6d573e2f3d","19383","数据/field-requirements.csv","requirement_id","REQ-M2W3-AMD-MI350P-HBM3E-CAPACITY","draft","reviewed","","","","9099e483c5867f548e8ce8fa7d484d0876384621d24ed99819f352169937feb2","1cb279b56f4fbfc688ed2f798646a93baed02ffbd34a647ffecf4cb6672f0e01","5567","152df43e8b64c2b78c54a41c6cf9bd7acfa4d3315fcf33d6128399b22f2f8825","68773358da2fe590aaaecdcccdaf0e68d61176df35d4b759dad14b4ae1174e5c","3970","f1520907d54e406e7d82f591e3799f07f569218aff0c321ac3b836b6c649da10","111343","accept","m2_final_review_mi350p","2026-08-13","仅授权该主键按冻结来源行追加，并把 review_status 从 draft 改为 reviewed；所有其余列保持冻结值。"
"MI350P-SIGN-0132","lifecycle_pk_write","审计/子代理交接/m2_staging/M2-W3-AMD-MI350P-CARD/structured/field-requirements.csv","9e156c482c3c1b0c4e6ddd7342f29520909fbc19ba437c4284cb4a6d573e2f3d","19383","数据/field-requirements.csv","requirement_id","REQ-M2W3-AMD-MI350P-HBM-INTERFACE","draft","reviewed","","","","967f09c4987225538fb6cecb651d6620518016d10e3d9f63e3e3a5ce69ee6526","1cb279b56f4fbfc688ed2f798646a93baed02ffbd34a647ffecf4cb6672f0e01","5567","152df43e8b64c2b78c54a41c6cf9bd7acfa4d3315fcf33d6128399b22f2f8825","68773358da2fe590aaaecdcccdaf0e68d61176df35d4b759dad14b4ae1174e5c","3970","f1520907d54e406e7d82f591e3799f07f569218aff0c321ac3b836b6c649da10","111343","accept","m2_final_review_mi350p","2026-08-13","仅授权该主键按冻结来源行追加，并把 review_status 从 draft 改为 reviewed；所有其余列保持冻结值。"
"MI350P-SIGN-0133","lifecycle_pk_write","审计/子代理交接/m2_staging/M2-W3-AMD-MI350P-CARD/structured/field-requirements.csv","9e156c482c3c1b0c4e6ddd7342f29520909fbc19ba437c4284cb4a6d573e2f3d","19383","数据/field-requirements.csv","requirement_id","REQ-M2W3-AMD-MI350P-HBM-STACKS","draft","reviewed","","","","196e1e24d1926e503d78dc04363af6e91ff4f5f8e21ded8312b4d2796e0e5f26","1cb279b56f4fbfc688ed2f798646a93baed02ffbd34a647ffecf4cb6672f0e01","5567","152df43e8b64c2b78c54a41c6cf9bd7acfa4d3315fcf33d6128399b22f2f8825","68773358da2fe590aaaecdcccdaf0e68d61176df35d4b759dad14b4ae1174e5c","3970","f1520907d54e406e7d82f591e3799f07f569218aff0c321ac3b836b6c649da10","111343","accept","m2_final_review_mi350p","2026-08-13","仅授权该主键按冻结来源行追加，并把 review_status 从 draft 改为 reviewed；所有其余列保持冻结值。"
"MI350P-SIGN-0134","lifecycle_pk_write","审计/子代理交接/m2_staging/M2-W3-AMD-MI350P-CARD/structured/field-requirements.csv","9e156c482c3c1b0c4e6ddd7342f29520909fbc19ba437c4284cb4a6d573e2f3d","19383","数据/field-requirements.csv","requirement_id","REQ-M2W3-AMD-MI350P-INT8-MATRIX-PEAK","draft","reviewed","","","","258b7b4172f63d2c035074f16e79645c1a07d153c8f46d6a326768c13eef0776","1cb279b56f4fbfc688ed2f798646a93baed02ffbd34a647ffecf4cb6672f0e01","5567","152df43e8b64c2b78c54a41c6cf9bd7acfa4d3315fcf33d6128399b22f2f8825","68773358da2fe590aaaecdcccdaf0e68d61176df35d4b759dad14b4ae1174e5c","3970","f1520907d54e406e7d82f591e3799f07f569218aff0c321ac3b836b6c649da10","111343","accept","m2_final_review_mi350p","2026-08-13","仅授权该主键按冻结来源行追加，并把 review_status 从 draft 改为 reviewed；所有其余列保持冻结值。"
"MI350P-SIGN-0135","lifecycle_pk_write","审计/子代理交接/m2_staging/M2-W3-AMD-MI350P-CARD/structured/field-requirements.csv","9e156c482c3c1b0c4e6ddd7342f29520909fbc19ba437c4284cb4a6d573e2f3d","19383","数据/field-requirements.csv","requirement_id","REQ-M2W3-AMD-MI350P-LLC-CAPACITY","draft","reviewed","","","","bcfebc7f68338e64b85be64c89316e6b6426f1e8c0a27c4987ee2414f2824a9b","1cb279b56f4fbfc688ed2f798646a93baed02ffbd34a647ffecf4cb6672f0e01","5567","152df43e8b64c2b78c54a41c6cf9bd7acfa4d3315fcf33d6128399b22f2f8825","68773358da2fe590aaaecdcccdaf0e68d61176df35d4b759dad14b4ae1174e5c","3970","f1520907d54e406e7d82f591e3799f07f569218aff0c321ac3b836b6c649da10","111343","accept","m2_final_review_mi350p","2026-08-13","仅授权该主键按冻结来源行追加，并把 review_status 从 draft 改为 reviewed；所有其余列保持冻结值。"
"MI350P-SIGN-0136","lifecycle_pk_write","审计/子代理交接/m2_staging/M2-W3-AMD-MI350P-CARD/structured/field-requirements.csv","9e156c482c3c1b0c4e6ddd7342f29520909fbc19ba437c4284cb4a6d573e2f3d","19383","数据/field-requirements.csv","requirement_id","REQ-M2W3-AMD-MI350P-MATRIX-CORE-COUNT","draft","reviewed","","","","cd2da7468483ed41f87c001a027a236cd21659a4acf01d0672ff2d208563284f","1cb279b56f4fbfc688ed2f798646a93baed02ffbd34a647ffecf4cb6672f0e01","5567","152df43e8b64c2b78c54a41c6cf9bd7acfa4d3315fcf33d6128399b22f2f8825","68773358da2fe590aaaecdcccdaf0e68d61176df35d4b759dad14b4ae1174e5c","3970","f1520907d54e406e7d82f591e3799f07f569218aff0c321ac3b836b6c649da10","111343","accept","m2_final_review_mi350p","2026-08-13","仅授权该主键按冻结来源行追加，并把 review_status 从 draft 改为 reviewed；所有其余列保持冻结值。"
"MI350P-SIGN-0137","lifecycle_pk_write","审计/子代理交接/m2_staging/M2-W3-AMD-MI350P-CARD/structured/field-requirements.csv","9e156c482c3c1b0c4e6ddd7342f29520909fbc19ba437c4284cb4a6d573e2f3d","19383","数据/field-requirements.csv","requirement_id","REQ-M2W3-AMD-MI350P-MXFP4-MATRIX-PEAK","draft","reviewed","","","","7e96d9adda9b3301fa3e076c442885d9022383fd6c651174ea2dbee1488afd40","1cb279b56f4fbfc688ed2f798646a93baed02ffbd34a647ffecf4cb6672f0e01","5567","152df43e8b64c2b78c54a41c6cf9bd7acfa4d3315fcf33d6128399b22f2f8825","68773358da2fe590aaaecdcccdaf0e68d61176df35d4b759dad14b4ae1174e5c","3970","f1520907d54e406e7d82f591e3799f07f569218aff0c321ac3b836b6c649da10","111343","accept","m2_final_review_mi350p","2026-08-13","仅授权该主键按冻结来源行追加，并把 review_status 从 draft 改为 reviewed；所有其余列保持冻结值。"
"MI350P-SIGN-0138","lifecycle_pk_write","审计/子代理交接/m2_staging/M2-W3-AMD-MI350P-CARD/structured/field-requirements.csv","9e156c482c3c1b0c4e6ddd7342f29520909fbc19ba437c4284cb4a6d573e2f3d","19383","数据/field-requirements.csv","requirement_id","REQ-M2W3-AMD-MI350P-MXFP6-MATRIX-PEAK","draft","reviewed","","","","5fa1125f0eea3a035c2806babd1aa2a23fed15d0d3b0e2006a830868703e95e5","1cb279b56f4fbfc688ed2f798646a93baed02ffbd34a647ffecf4cb6672f0e01","5567","152df43e8b64c2b78c54a41c6cf9bd7acfa4d3315fcf33d6128399b22f2f8825","68773358da2fe590aaaecdcccdaf0e68d61176df35d4b759dad14b4ae1174e5c","3970","f1520907d54e406e7d82f591e3799f07f569218aff0c321ac3b836b6c649da10","111343","accept","m2_final_review_mi350p","2026-08-13","仅授权该主键按冻结来源行追加，并把 review_status 从 draft 改为 reviewed；所有其余列保持冻结值。"
"MI350P-SIGN-0139","lifecycle_pk_write","审计/子代理交接/m2_staging/M2-W3-AMD-MI350P-CARD/structured/field-requirements.csv","9e156c482c3c1b0c4e6ddd7342f29520909fbc19ba437c4284cb4a6d573e2f3d","19383","数据/field-requirements.csv","requirement_id","REQ-M2W3-AMD-MI350P-MXFP8-MATRIX-PEAK","draft","reviewed","","","","4bbaf9b2fa045fb90735335efb86dba19b5b9a00a5706347e026ae3eb00417f5","1cb279b56f4fbfc688ed2f798646a93baed02ffbd34a647ffecf4cb6672f0e01","5567","152df43e8b64c2b78c54a41c6cf9bd7acfa4d3315fcf33d6128399b22f2f8825","68773358da2fe590aaaecdcccdaf0e68d61176df35d4b759dad14b4ae1174e5c","3970","f1520907d54e406e7d82f591e3799f07f569218aff0c321ac3b836b6c649da10","111343","accept","m2_final_review_mi350p","2026-08-13","仅授权该主键按冻结来源行追加，并把 review_status 从 draft 改为 reviewed；所有其余列保持冻结值。"
"MI350P-SIGN-0140","lifecycle_pk_write","审计/子代理交接/m2_staging/M2-W3-AMD-MI350P-CARD/structured/field-requirements.csv","9e156c482c3c1b0c4e6ddd7342f29520909fbc19ba437c4284cb4a6d573e2f3d","19383","数据/field-requirements.csv","requirement_id","REQ-M2W3-AMD-MI350P-NAME","draft","reviewed","","","","5b4788ef942d9ee31b9a52092dde4177a619394a9b4611e94e5d049ce3332113","1cb279b56f4fbfc688ed2f798646a93baed02ffbd34a647ffecf4cb6672f0e01","5567","152df43e8b64c2b78c54a41c6cf9bd7acfa4d3315fcf33d6128399b22f2f8825","68773358da2fe590aaaecdcccdaf0e68d61176df35d4b759dad14b4ae1174e5c","3970","f1520907d54e406e7d82f591e3799f07f569218aff0c321ac3b836b6c649da10","111343","accept","m2_final_review_mi350p","2026-08-13","仅授权该主键按冻结来源行追加，并把 review_status 从 draft 改为 reviewed；所有其余列保持冻结值。"
"MI350P-SIGN-0141","lifecycle_pk_write","审计/子代理交接/m2_staging/M2-W3-AMD-MI350P-CARD/structured/field-requirements.csv","9e156c482c3c1b0c4e6ddd7342f29520909fbc19ba437c4284cb4a6d573e2f3d","19383","数据/field-requirements.csv","requirement_id","REQ-M2W3-AMD-MI350P-OBJECT-TYPE","draft","reviewed","","","","632bc3411c1ea53144d8566d2cc7473623c6c326f399d072612d405561f386e6","1cb279b56f4fbfc688ed2f798646a93baed02ffbd34a647ffecf4cb6672f0e01","5567","152df43e8b64c2b78c54a41c6cf9bd7acfa4d3315fcf33d6128399b22f2f8825","68773358da2fe590aaaecdcccdaf0e68d61176df35d4b759dad14b4ae1174e5c","3970","f1520907d54e406e7d82f591e3799f07f569218aff0c321ac3b836b6c649da10","111343","accept","m2_final_review_mi350p","2026-08-13","仅授权该主键按冻结来源行追加，并把 review_status 从 draft 改为 reviewed；所有其余列保持冻结值。"
"MI350P-SIGN-0142","lifecycle_pk_write","审计/子代理交接/m2_staging/M2-W3-AMD-MI350P-CARD/structured/field-requirements.csv","9e156c482c3c1b0c4e6ddd7342f29520909fbc19ba437c4284cb4a6d573e2f3d","19383","数据/field-requirements.csv","requirement_id","REQ-M2W3-AMD-MI350P-OCP-FP8-MATRIX-PEAK","draft","reviewed","","","","155ef11f54dc910c540d82cc96c125e2221ec825124f93485d7671dc920a7ac1","1cb279b56f4fbfc688ed2f798646a93baed02ffbd34a647ffecf4cb6672f0e01","5567","152df43e8b64c2b78c54a41c6cf9bd7acfa4d3315fcf33d6128399b22f2f8825","68773358da2fe590aaaecdcccdaf0e68d61176df35d4b759dad14b4ae1174e5c","3970","f1520907d54e406e7d82f591e3799f07f569218aff0c321ac3b836b6c649da10","111343","accept","m2_final_review_mi350p","2026-08-13","仅授权该主键按冻结来源行追加，并把 review_status 从 draft 改为 reviewed；所有其余列保持冻结值。"
"MI350P-SIGN-0143","lifecycle_pk_write","审计/子代理交接/m2_staging/M2-W3-AMD-MI350P-CARD/structured/field-requirements.csv","9e156c482c3c1b0c4e6ddd7342f29520909fbc19ba437c4284cb4a6d573e2f3d","19383","数据/field-requirements.csv","requirement_id","REQ-M2W3-AMD-MI350P-OPERAND-A","draft","reviewed","","","","f0e69104afa5bb40b9d75a5b04dd55b955c7ad7f90e523dd5b15578364952a80","1cb279b56f4fbfc688ed2f798646a93baed02ffbd34a647ffecf4cb6672f0e01","5567","152df43e8b64c2b78c54a41c6cf9bd7acfa4d3315fcf33d6128399b22f2f8825","68773358da2fe590aaaecdcccdaf0e68d61176df35d4b759dad14b4ae1174e5c","3970","f1520907d54e406e7d82f591e3799f07f569218aff0c321ac3b836b6c649da10","111343","accept","m2_final_review_mi350p","2026-08-13","仅授权该主键按冻结来源行追加，并把 review_status 从 draft 改为 reviewed；所有其余列保持冻结值。"
"MI350P-SIGN-0144","lifecycle_pk_write","审计/子代理交接/m2_staging/M2-W3-AMD-MI350P-CARD/structured/field-requirements.csv","9e156c482c3c1b0c4e6ddd7342f29520909fbc19ba437c4284cb4a6d573e2f3d","19383","数据/field-requirements.csv","requirement_id","REQ-M2W3-AMD-MI350P-OPERAND-B","draft","reviewed","","","","d2d52a87bc7992d151dd6c9df6a3d5348c11b5a35b354638e2c87249269596a7","1cb279b56f4fbfc688ed2f798646a93baed02ffbd34a647ffecf4cb6672f0e01","5567","152df43e8b64c2b78c54a41c6cf9bd7acfa4d3315fcf33d6128399b22f2f8825","68773358da2fe590aaaecdcccdaf0e68d61176df35d4b759dad14b4ae1174e5c","3970","f1520907d54e406e7d82f591e3799f07f569218aff0c321ac3b836b6c649da10","111343","accept","m2_final_review_mi350p","2026-08-13","仅授权该主键按冻结来源行追加，并把 review_status 从 draft 改为 reviewed；所有其余列保持冻结值。"
"MI350P-SIGN-0145","lifecycle_pk_write","审计/子代理交接/m2_staging/M2-W3-AMD-MI350P-CARD/structured/field-requirements.csv","9e156c482c3c1b0c4e6ddd7342f29520909fbc19ba437c4284cb4a6d573e2f3d","19383","数据/field-requirements.csv","requirement_id","REQ-M2W3-AMD-MI350P-OUTPUT-FORMAT","draft","reviewed","","","","c50020814d35cb43531c7e802313d946b6403a9b56a51ec3a8dc362e9c1a59be","1cb279b56f4fbfc688ed2f798646a93baed02ffbd34a647ffecf4cb6672f0e01","5567","152df43e8b64c2b78c54a41c6cf9bd7acfa4d3315fcf33d6128399b22f2f8825","68773358da2fe590aaaecdcccdaf0e68d61176df35d4b759dad14b4ae1174e5c","3970","f1520907d54e406e7d82f591e3799f07f569218aff0c321ac3b836b6c649da10","111343","accept","m2_final_review_mi350p","2026-08-13","仅授权该主键按冻结来源行追加，并把 review_status 从 draft 改为 reviewed；所有其余列保持冻结值。"
"MI350P-SIGN-0146","lifecycle_pk_write","审计/子代理交接/m2_staging/M2-W3-AMD-MI350P-CARD/structured/field-requirements.csv","9e156c482c3c1b0c4e6ddd7342f29520909fbc19ba437c4284cb4a6d573e2f3d","19383","数据/field-requirements.csv","requirement_id","REQ-M2W3-AMD-MI350P-PCIE-BW","draft","reviewed","","","","11ffe06c6dc9880f69580e26a01177f66cffe38d4b7a248840c8022983ba3430","1cb279b56f4fbfc688ed2f798646a93baed02ffbd34a647ffecf4cb6672f0e01","5567","152df43e8b64c2b78c54a41c6cf9bd7acfa4d3315fcf33d6128399b22f2f8825","68773358da2fe590aaaecdcccdaf0e68d61176df35d4b759dad14b4ae1174e5c","3970","f1520907d54e406e7d82f591e3799f07f569218aff0c321ac3b836b6c649da10","111343","accept","m2_final_review_mi350p","2026-08-13","仅授权该主键按冻结来源行追加，并把 review_status 从 draft 改为 reviewed；所有其余列保持冻结值。"
"MI350P-SIGN-0147","lifecycle_pk_write","审计/子代理交接/m2_staging/M2-W3-AMD-MI350P-CARD/structured/field-requirements.csv","9e156c482c3c1b0c4e6ddd7342f29520909fbc19ba437c4284cb4a6d573e2f3d","19383","数据/field-requirements.csv","requirement_id","REQ-M2W3-AMD-MI350P-PCIE-PROTOCOL","draft","reviewed","","","","dca8b3478977fcb2726ef9ce227324dbcc7c9e2e1295e849aed4c1d4d122dd1f","1cb279b56f4fbfc688ed2f798646a93baed02ffbd34a647ffecf4cb6672f0e01","5567","152df43e8b64c2b78c54a41c6cf9bd7acfa4d3315fcf33d6128399b22f2f8825","68773358da2fe590aaaecdcccdaf0e68d61176df35d4b759dad14b4ae1174e5c","3970","f1520907d54e406e7d82f591e3799f07f569218aff0c321ac3b836b6c649da10","111343","accept","m2_final_review_mi350p","2026-08-13","仅授权该主键按冻结来源行追加，并把 review_status 从 draft 改为 reviewed；所有其余列保持冻结值。"
"MI350P-SIGN-0148","lifecycle_pk_write","审计/子代理交接/m2_staging/M2-W3-AMD-MI350P-CARD/structured/field-requirements.csv","9e156c482c3c1b0c4e6ddd7342f29520909fbc19ba437c4284cb4a6d573e2f3d","19383","数据/field-requirements.csv","requirement_id","REQ-M2W3-AMD-MI350P-PHYSICAL-ACCUM","draft","reviewed","","","","5e874d921fa59d7958ffcbb14b352e1ab0f3ed06808807bcd879f88a6d96f686","1cb279b56f4fbfc688ed2f798646a93baed02ffbd34a647ffecf4cb6672f0e01","5567","152df43e8b64c2b78c54a41c6cf9bd7acfa4d3315fcf33d6128399b22f2f8825","68773358da2fe590aaaecdcccdaf0e68d61176df35d4b759dad14b4ae1174e5c","3970","f1520907d54e406e7d82f591e3799f07f569218aff0c321ac3b836b6c649da10","111343","accept","m2_final_review_mi350p","2026-08-13","仅授权该主键按冻结来源行追加，并把 review_status 从 draft 改为 reviewed；所有其余列保持冻结值。"
"MI350P-SIGN-0149","lifecycle_pk_write","审计/子代理交接/m2_staging/M2-W3-AMD-MI350P-CARD/structured/field-requirements.csv","9e156c482c3c1b0c4e6ddd7342f29520909fbc19ba437c4284cb4a6d573e2f3d","19383","数据/field-requirements.csv","requirement_id","REQ-M2W3-AMD-MI350P-POWER","draft","reviewed","","","","9c01b9c1a62ef92b5c698f888318063a7ecaf06507f3a4a9672e370dbe5b1f3a","1cb279b56f4fbfc688ed2f798646a93baed02ffbd34a647ffecf4cb6672f0e01","5567","152df43e8b64c2b78c54a41c6cf9bd7acfa4d3315fcf33d6128399b22f2f8825","68773358da2fe590aaaecdcccdaf0e68d61176df35d4b759dad14b4ae1174e5c","3970","f1520907d54e406e7d82f591e3799f07f569218aff0c321ac3b836b6c649da10","111343","accept","m2_final_review_mi350p","2026-08-13","仅授权该主键按冻结来源行追加，并把 review_status 从 draft 改为 reviewed；所有其余列保持冻结值。"
"MI350P-SIGN-0150","lifecycle_pk_write","审计/子代理交接/m2_staging/M2-W3-AMD-MI350P-CARD/structured/field-requirements.csv","9e156c482c3c1b0c4e6ddd7342f29520909fbc19ba437c4284cb4a6d573e2f3d","19383","数据/field-requirements.csv","requirement_id","REQ-M2W3-AMD-MI350P-PROCESS","draft","reviewed","","","","69fc8e8afb59caa597c293c7796b6a83b4d4ac479bb3310aa75956665baf8291","1cb279b56f4fbfc688ed2f798646a93baed02ffbd34a647ffecf4cb6672f0e01","5567","152df43e8b64c2b78c54a41c6cf9bd7acfa4d3315fcf33d6128399b22f2f8825","68773358da2fe590aaaecdcccdaf0e68d61176df35d4b759dad14b4ae1174e5c","3970","f1520907d54e406e7d82f591e3799f07f569218aff0c321ac3b836b6c649da10","111343","accept","m2_final_review_mi350p","2026-08-13","仅授权该主键按冻结来源行追加，并把 review_status 从 draft 改为 reviewed；所有其余列保持冻结值。"
"MI350P-SIGN-0151","lifecycle_pk_write","审计/子代理交接/m2_staging/M2-W3-AMD-MI350P-CARD/structured/field-requirements.csv","9e156c482c3c1b0c4e6ddd7342f29520909fbc19ba437c4284cb4a6d573e2f3d","19383","数据/field-requirements.csv","requirement_id","REQ-M2W3-AMD-MI350P-PRODUCT-FORMAT","draft","reviewed","","","","ea2be5a0b1c380145c98eb52501c8f36a6a372ce9131dc5f64ad2849f75c0e72","1cb279b56f4fbfc688ed2f798646a93baed02ffbd34a647ffecf4cb6672f0e01","5567","152df43e8b64c2b78c54a41c6cf9bd7acfa4d3315fcf33d6128399b22f2f8825","68773358da2fe590aaaecdcccdaf0e68d61176df35d4b759dad14b4ae1174e5c","3970","f1520907d54e406e7d82f591e3799f07f569218aff0c321ac3b836b6c649da10","111343","accept","m2_final_review_mi350p","2026-08-13","仅授权该主键按冻结来源行追加，并把 review_status 从 draft 改为 reviewed；所有其余列保持冻结值。"
"MI350P-SIGN-0152","lifecycle_pk_write","审计/子代理交接/m2_staging/M2-W3-AMD-MI350P-CARD/structured/field-requirements.csv","9e156c482c3c1b0c4e6ddd7342f29520909fbc19ba437c4284cb4a6d573e2f3d","19383","数据/field-requirements.csv","requirement_id","REQ-M2W3-AMD-MI350P-RELEASE-DATE","draft","reviewed","","","","1a4d9c967158da58e98a17c8873ae5275153e0d6fc5b6d7cc2d37416488a57e4","1cb279b56f4fbfc688ed2f798646a93baed02ffbd34a647ffecf4cb6672f0e01","5567","152df43e8b64c2b78c54a41c6cf9bd7acfa4d3315fcf33d6128399b22f2f8825","68773358da2fe590aaaecdcccdaf0e68d61176df35d4b759dad14b4ae1174e5c","3970","f1520907d54e406e7d82f591e3799f07f569218aff0c321ac3b836b6c649da10","111343","accept","m2_final_review_mi350p","2026-08-13","仅授权该主键按冻结来源行追加，并把 review_status 从 draft 改为 reviewed；所有其余列保持冻结值。"
"MI350P-SIGN-0153","lifecycle_pk_write","审计/子代理交接/m2_staging/M2-W3-AMD-MI350P-CARD/structured/field-requirements.csv","9e156c482c3c1b0c4e6ddd7342f29520909fbc19ba437c4284cb4a6d573e2f3d","19383","数据/field-requirements.csv","requirement_id","REQ-M2W3-AMD-MI350P-RUNTIME-VERSION","draft","reviewed","","","","72f9f0e27121a864b28c051e67b223f15a559693f4aeb33ab58db47639af3207","1cb279b56f4fbfc688ed2f798646a93baed02ffbd34a647ffecf4cb6672f0e01","5567","152df43e8b64c2b78c54a41c6cf9bd7acfa4d3315fcf33d6128399b22f2f8825","68773358da2fe590aaaecdcccdaf0e68d61176df35d4b759dad14b4ae1174e5c","3970","f1520907d54e406e7d82f591e3799f07f569218aff0c321ac3b836b6c649da10","111343","accept","m2_final_review_mi350p","2026-08-13","仅授权该主键按冻结来源行追加，并把 review_status 从 draft 改为 reviewed；所有其余列保持冻结值。"
"MI350P-SIGN-0154","lifecycle_pk_write","审计/子代理交接/m2_staging/M2-W3-AMD-MI350P-CARD/structured/field-requirements.csv","9e156c482c3c1b0c4e6ddd7342f29520909fbc19ba437c4284cb4a6d573e2f3d","19383","数据/field-requirements.csv","requirement_id","REQ-M2W3-AMD-MI350P-SKU","draft","reviewed","","","","bf0cba24f3aecd5918d3b51630524e95d05aca7b08538712ab78f990269c8258","1cb279b56f4fbfc688ed2f798646a93baed02ffbd34a647ffecf4cb6672f0e01","5567","152df43e8b64c2b78c54a41c6cf9bd7acfa4d3315fcf33d6128399b22f2f8825","68773358da2fe590aaaecdcccdaf0e68d61176df35d4b759dad14b4ae1174e5c","3970","f1520907d54e406e7d82f591e3799f07f569218aff0c321ac3b836b6c649da10","111343","accept","m2_final_review_mi350p","2026-08-13","仅授权该主键按冻结来源行追加，并把 review_status 从 draft 改为 reviewed；所有其余列保持冻结值。"
"MI350P-SIGN-0155","lifecycle_pk_write","审计/子代理交接/m2_staging/M2-W3-AMD-MI350P-CARD/structured/field-requirements.csv","9e156c482c3c1b0c4e6ddd7342f29520909fbc19ba437c4284cb4a6d573e2f3d","19383","数据/field-requirements.csv","requirement_id","REQ-M2W3-AMD-MI350P-SPECIAL-IMPLEMENTATION","draft","reviewed","","","","8b1f950386c87520f06609c1308622e2ae738bd2a83c81da36b3f134a08ef299","1cb279b56f4fbfc688ed2f798646a93baed02ffbd34a647ffecf4cb6672f0e01","5567","152df43e8b64c2b78c54a41c6cf9bd7acfa4d3315fcf33d6128399b22f2f8825","68773358da2fe590aaaecdcccdaf0e68d61176df35d4b759dad14b4ae1174e5c","3970","f1520907d54e406e7d82f591e3799f07f569218aff0c321ac3b836b6c649da10","111343","accept","m2_final_review_mi350p","2026-08-13","仅授权该主键按冻结来源行追加，并把 review_status 从 draft 改为 reviewed；所有其余列保持冻结值。"
"MI350P-SIGN-0156","lifecycle_pk_write","审计/子代理交接/m2_staging/M2-W3-AMD-MI350P-CARD/structured/field-requirements.csv","9e156c482c3c1b0c4e6ddd7342f29520909fbc19ba437c4284cb4a6d573e2f3d","19383","数据/field-requirements.csv","requirement_id","REQ-M2W3-AMD-MI350P-STATUS","draft","reviewed","","","","02be386fed80d8f846da1bdd65d15b6054281b5fd5afa7d33398f0647473294f","1cb279b56f4fbfc688ed2f798646a93baed02ffbd34a647ffecf4cb6672f0e01","5567","152df43e8b64c2b78c54a41c6cf9bd7acfa4d3315fcf33d6128399b22f2f8825","68773358da2fe590aaaecdcccdaf0e68d61176df35d4b759dad14b4ae1174e5c","3970","f1520907d54e406e7d82f591e3799f07f569218aff0c321ac3b836b6c649da10","111343","accept","m2_final_review_mi350p","2026-08-13","仅授权该主键按冻结来源行追加，并把 review_status 从 draft 改为 reviewed；所有其余列保持冻结值。"
"MI350P-SIGN-0157","lifecycle_pk_write","审计/子代理交接/m2_staging/M2-W3-AMD-MI350P-CARD/structured/field-requirements.csv","9e156c482c3c1b0c4e6ddd7342f29520909fbc19ba437c4284cb4a6d573e2f3d","19383","数据/field-requirements.csv","requirement_id","REQ-M2W3-AMD-MI350P-STREAM-PROCESSOR-COUNT","draft","reviewed","","","","b9be89ef8c09e7e6935300fe7a8327f2b16b9eb7455ad3103a20ee5e738c9267","1cb279b56f4fbfc688ed2f798646a93baed02ffbd34a647ffecf4cb6672f0e01","5567","152df43e8b64c2b78c54a41c6cf9bd7acfa4d3315fcf33d6128399b22f2f8825","68773358da2fe590aaaecdcccdaf0e68d61176df35d4b759dad14b4ae1174e5c","3970","f1520907d54e406e7d82f591e3799f07f569218aff0c321ac3b836b6c649da10","111343","accept","m2_final_review_mi350p","2026-08-13","仅授权该主键按冻结来源行追加，并把 review_status 从 draft 改为 reviewed；所有其余列保持冻结值。"
"MI350P-SIGN-0158","lifecycle_pk_write","审计/子代理交接/m2_staging/M2-W3-AMD-MI350P-CARD/structured/field-requirements.csv","9e156c482c3c1b0c4e6ddd7342f29520909fbc19ba437c4284cb4a6d573e2f3d","19383","数据/field-requirements.csv","requirement_id","REQ-M2W3-AMD-MI350P-TRANSISTORS","draft","reviewed","","","","4f599de17429276289686f1c3fce5cc6edd663d0e1c711b27c9119d033a679f3","1cb279b56f4fbfc688ed2f798646a93baed02ffbd34a647ffecf4cb6672f0e01","5567","152df43e8b64c2b78c54a41c6cf9bd7acfa4d3315fcf33d6128399b22f2f8825","68773358da2fe590aaaecdcccdaf0e68d61176df35d4b759dad14b4ae1174e5c","3970","f1520907d54e406e7d82f591e3799f07f569218aff0c321ac3b836b6c649da10","111343","accept","m2_final_review_mi350p","2026-08-13","仅授权该主键按冻结来源行追加，并把 review_status 从 draft 改为 reviewed；所有其余列保持冻结值。"
"MI350P-SIGN-0159","lifecycle_pk_write","审计/子代理交接/m2_staging/M2-W3-AMD-MI350P-CARD/structured/field-requirements.csv","9e156c482c3c1b0c4e6ddd7342f29520909fbc19ba437c4284cb4a6d573e2f3d","19383","数据/field-requirements.csv","requirement_id","REQ-M2W3-AMD-MI350P-VENDOR","draft","reviewed","","","","19a3a3d5afa250359e67cc9a146b42103d3030ed4f20f0a465d18973a578531b","1cb279b56f4fbfc688ed2f798646a93baed02ffbd34a647ffecf4cb6672f0e01","5567","152df43e8b64c2b78c54a41c6cf9bd7acfa4d3315fcf33d6128399b22f2f8825","68773358da2fe590aaaecdcccdaf0e68d61176df35d4b759dad14b4ae1174e5c","3970","f1520907d54e406e7d82f591e3799f07f569218aff0c321ac3b836b6c649da10","111343","accept","m2_final_review_mi350p","2026-08-13","仅授权该主键按冻结来源行追加，并把 review_status 从 draft 改为 reviewed；所有其余列保持冻结值。"
"MI350P-SIGN-0160","lifecycle_pk_write","审计/子代理交接/m2_staging/M2-W3-AMD-MI350P-CARD/structured/links.csv","00a56e6d5194c2e19c396c8df5b8000424738e274a030fb063aab89931d5c088","355","数据/links.csv","link_id","LINK-M2W3-AMD-MI350P-PCIE","draft","reviewed","","","","09ed7be2a036d25ebd8ef014c04fd2c480814a1d30827bc8ecbf79a4970fab73","1cb279b56f4fbfc688ed2f798646a93baed02ffbd34a647ffecf4cb6672f0e01","5567","152df43e8b64c2b78c54a41c6cf9bd7acfa4d3315fcf33d6128399b22f2f8825","68773358da2fe590aaaecdcccdaf0e68d61176df35d4b759dad14b4ae1174e5c","3970","f1520907d54e406e7d82f591e3799f07f569218aff0c321ac3b836b6c649da10","111343","accept","m2_final_review_mi350p","2026-08-13","仅授权该主键按冻结来源行追加，并把 review_status 从 draft 改为 reviewed；所有其余列保持冻结值。"
"MI350P-SIGN-0161","lifecycle_pk_write","审计/子代理交接/m2_staging/M2-W3-AMD-MI350P-CARD/structured/memory-levels.csv","503a79ba1487921b9b4a982eff14a9a843ba7ac11ed79782fb381cc30586cc31","367","数据/memory-levels.csv","memory_level_id","COMP-M2W3-AMD-MI350P-HBM3E","draft","reviewed","","","","e5b754919cb1ec9ce1ccda030d81f4f58aa642ee738964c8370f2e76416e33b8","1cb279b56f4fbfc688ed2f798646a93baed02ffbd34a647ffecf4cb6672f0e01","5567","152df43e8b64c2b78c54a41c6cf9bd7acfa4d3315fcf33d6128399b22f2f8825","68773358da2fe590aaaecdcccdaf0e68d61176df35d4b759dad14b4ae1174e5c","3970","f1520907d54e406e7d82f591e3799f07f569218aff0c321ac3b836b6c649da10","111343","accept","m2_final_review_mi350p","2026-08-13","仅授权该主键按冻结来源行追加，并把 review_status 从 draft 改为 reviewed；所有其余列保持冻结值。"
"MI350P-SIGN-0162","lifecycle_pk_write","审计/子代理交接/m2_staging/M2-W3-AMD-MI350P-CARD/structured/memory-levels.csv","503a79ba1487921b9b4a982eff14a9a843ba7ac11ed79782fb381cc30586cc31","367","数据/memory-levels.csv","memory_level_id","COMP-M2W3-AMD-MI350P-LLC","draft","reviewed","","","","9e3cfb26befd3ef137c0edc91090773d750fea1cb97ac994ae4601361ee4d0e7","1cb279b56f4fbfc688ed2f798646a93baed02ffbd34a647ffecf4cb6672f0e01","5567","152df43e8b64c2b78c54a41c6cf9bd7acfa4d3315fcf33d6128399b22f2f8825","68773358da2fe590aaaecdcccdaf0e68d61176df35d4b759dad14b4ae1174e5c","3970","f1520907d54e406e7d82f591e3799f07f569218aff0c321ac3b836b6c649da10","111343","accept","m2_final_review_mi350p","2026-08-13","仅授权该主键按冻结来源行追加，并把 review_status 从 draft 改为 reviewed；所有其余列保持冻结值。"
"MI350P-SIGN-0163","lifecycle_pk_write","审计/子代理交接/m2_staging/M2-W3-AMD-MI350P-CARD/structured/precision-paths.csv","0d5503c08689c455a1c7f43215889c7cc2e3c7a437a6afdcb1667b406d58681f","2633","数据/precision-paths.csv","precision_path_id","PPATH-M2W3-AMD-MI350P-BF16-MATRIX","draft","reviewed","","","","dfd5a582767e3570e962702910685870f4f3cff6c631849a718dce5e72fe491b","1cb279b56f4fbfc688ed2f798646a93baed02ffbd34a647ffecf4cb6672f0e01","5567","152df43e8b64c2b78c54a41c6cf9bd7acfa4d3315fcf33d6128399b22f2f8825","68773358da2fe590aaaecdcccdaf0e68d61176df35d4b759dad14b4ae1174e5c","3970","f1520907d54e406e7d82f591e3799f07f569218aff0c321ac3b836b6c649da10","111343","accept","m2_final_review_mi350p","2026-08-13","仅授权该主键按冻结来源行追加，并把 review_status 从 draft 改为 reviewed；所有其余列保持冻结值。"
"MI350P-SIGN-0164","lifecycle_pk_write","审计/子代理交接/m2_staging/M2-W3-AMD-MI350P-CARD/structured/precision-paths.csv","0d5503c08689c455a1c7f43215889c7cc2e3c7a437a6afdcb1667b406d58681f","2633","数据/precision-paths.csv","precision_path_id","PPATH-M2W3-AMD-MI350P-FP16-MATRIX","draft","reviewed","","","","fb5719b85a95804ded818e2e3759a21ce4684f56bb2615a202c18e57a450717b","1cb279b56f4fbfc688ed2f798646a93baed02ffbd34a647ffecf4cb6672f0e01","5567","152df43e8b64c2b78c54a41c6cf9bd7acfa4d3315fcf33d6128399b22f2f8825","68773358da2fe590aaaecdcccdaf0e68d61176df35d4b759dad14b4ae1174e5c","3970","f1520907d54e406e7d82f591e3799f07f569218aff0c321ac3b836b6c649da10","111343","accept","m2_final_review_mi350p","2026-08-13","仅授权该主键按冻结来源行追加，并把 review_status 从 draft 改为 reviewed；所有其余列保持冻结值。"
"MI350P-SIGN-0165","lifecycle_pk_write","审计/子代理交接/m2_staging/M2-W3-AMD-MI350P-CARD/structured/precision-paths.csv","0d5503c08689c455a1c7f43215889c7cc2e3c7a437a6afdcb1667b406d58681f","2633","数据/precision-paths.csv","precision_path_id","PPATH-M2W3-AMD-MI350P-FP16-VECTOR","draft","reviewed","","","","71ffd9a9e909a66099ea78559949516012d6f7e70d57e09d9b0c0745992377fe","1cb279b56f4fbfc688ed2f798646a93baed02ffbd34a647ffecf4cb6672f0e01","5567","152df43e8b64c2b78c54a41c6cf9bd7acfa4d3315fcf33d6128399b22f2f8825","68773358da2fe590aaaecdcccdaf0e68d61176df35d4b759dad14b4ae1174e5c","3970","f1520907d54e406e7d82f591e3799f07f569218aff0c321ac3b836b6c649da10","111343","accept","m2_final_review_mi350p","2026-08-13","仅授权该主键按冻结来源行追加，并把 review_status 从 draft 改为 reviewed；所有其余列保持冻结值。"
"MI350P-SIGN-0166","lifecycle_pk_write","审计/子代理交接/m2_staging/M2-W3-AMD-MI350P-CARD/structured/precision-paths.csv","0d5503c08689c455a1c7f43215889c7cc2e3c7a437a6afdcb1667b406d58681f","2633","数据/precision-paths.csv","precision_path_id","PPATH-M2W3-AMD-MI350P-FP32-MATRIX","draft","reviewed","","","","fc20ba3be4f345639cb3531a48f6a81b3117ff34ec6580b71b5a5e9b86fbcdda","1cb279b56f4fbfc688ed2f798646a93baed02ffbd34a647ffecf4cb6672f0e01","5567","152df43e8b64c2b78c54a41c6cf9bd7acfa4d3315fcf33d6128399b22f2f8825","68773358da2fe590aaaecdcccdaf0e68d61176df35d4b759dad14b4ae1174e5c","3970","f1520907d54e406e7d82f591e3799f07f569218aff0c321ac3b836b6c649da10","111343","accept","m2_final_review_mi350p","2026-08-13","仅授权该主键按冻结来源行追加，并把 review_status 从 draft 改为 reviewed；所有其余列保持冻结值。"
"MI350P-SIGN-0167","lifecycle_pk_write","审计/子代理交接/m2_staging/M2-W3-AMD-MI350P-CARD/structured/precision-paths.csv","0d5503c08689c455a1c7f43215889c7cc2e3c7a437a6afdcb1667b406d58681f","2633","数据/precision-paths.csv","precision_path_id","PPATH-M2W3-AMD-MI350P-FP32-VECTOR","draft","reviewed","","","","75de0282dd9132272ca0952119d0275ffab9658f4020ecf8c212970e6977be0d","1cb279b56f4fbfc688ed2f798646a93baed02ffbd34a647ffecf4cb6672f0e01","5567","152df43e8b64c2b78c54a41c6cf9bd7acfa4d3315fcf33d6128399b22f2f8825","68773358da2fe590aaaecdcccdaf0e68d61176df35d4b759dad14b4ae1174e5c","3970","f1520907d54e406e7d82f591e3799f07f569218aff0c321ac3b836b6c649da10","111343","accept","m2_final_review_mi350p","2026-08-13","仅授权该主键按冻结来源行追加，并把 review_status 从 draft 改为 reviewed；所有其余列保持冻结值。"
"MI350P-SIGN-0168","lifecycle_pk_write","审计/子代理交接/m2_staging/M2-W3-AMD-MI350P-CARD/structured/precision-paths.csv","0d5503c08689c455a1c7f43215889c7cc2e3c7a437a6afdcb1667b406d58681f","2633","数据/precision-paths.csv","precision_path_id","PPATH-M2W3-AMD-MI350P-FP64-MATRIX","draft","reviewed","","","","e0e6e8ba827d6f95a40ed66a3e8474b96e22a985874e5836d91c6053261ca4ca","1cb279b56f4fbfc688ed2f798646a93baed02ffbd34a647ffecf4cb6672f0e01","5567","152df43e8b64c2b78c54a41c6cf9bd7acfa4d3315fcf33d6128399b22f2f8825","68773358da2fe590aaaecdcccdaf0e68d61176df35d4b759dad14b4ae1174e5c","3970","f1520907d54e406e7d82f591e3799f07f569218aff0c321ac3b836b6c649da10","111343","accept","m2_final_review_mi350p","2026-08-13","仅授权该主键按冻结来源行追加，并把 review_status 从 draft 改为 reviewed；所有其余列保持冻结值。"
"MI350P-SIGN-0169","lifecycle_pk_write","审计/子代理交接/m2_staging/M2-W3-AMD-MI350P-CARD/structured/precision-paths.csv","0d5503c08689c455a1c7f43215889c7cc2e3c7a437a6afdcb1667b406d58681f","2633","数据/precision-paths.csv","precision_path_id","PPATH-M2W3-AMD-MI350P-FP64-VECTOR","draft","reviewed","","","","7095da76ed9850a112d1e14a8b853c9334269a04aea87ba4d1875918ba343adb","1cb279b56f4fbfc688ed2f798646a93baed02ffbd34a647ffecf4cb6672f0e01","5567","152df43e8b64c2b78c54a41c6cf9bd7acfa4d3315fcf33d6128399b22f2f8825","68773358da2fe590aaaecdcccdaf0e68d61176df35d4b759dad14b4ae1174e5c","3970","f1520907d54e406e7d82f591e3799f07f569218aff0c321ac3b836b6c649da10","111343","accept","m2_final_review_mi350p","2026-08-13","仅授权该主键按冻结来源行追加，并把 review_status 从 draft 改为 reviewed；所有其余列保持冻结值。"
"MI350P-SIGN-0170","lifecycle_pk_write","审计/子代理交接/m2_staging/M2-W3-AMD-MI350P-CARD/structured/precision-paths.csv","0d5503c08689c455a1c7f43215889c7cc2e3c7a437a6afdcb1667b406d58681f","2633","数据/precision-paths.csv","precision_path_id","PPATH-M2W3-AMD-MI350P-INT8-MATRIX","draft","reviewed","","","","47ae7e99ca1d17312e6731a34487aac7913e5d793a7b756d307b2efad9ca3d8e","1cb279b56f4fbfc688ed2f798646a93baed02ffbd34a647ffecf4cb6672f0e01","5567","152df43e8b64c2b78c54a41c6cf9bd7acfa4d3315fcf33d6128399b22f2f8825","68773358da2fe590aaaecdcccdaf0e68d61176df35d4b759dad14b4ae1174e5c","3970","f1520907d54e406e7d82f591e3799f07f569218aff0c321ac3b836b6c649da10","111343","accept","m2_final_review_mi350p","2026-08-13","仅授权该主键按冻结来源行追加，并把 review_status 从 draft 改为 reviewed；所有其余列保持冻结值。"
"MI350P-SIGN-0171","lifecycle_pk_write","审计/子代理交接/m2_staging/M2-W3-AMD-MI350P-CARD/structured/precision-paths.csv","0d5503c08689c455a1c7f43215889c7cc2e3c7a437a6afdcb1667b406d58681f","2633","数据/precision-paths.csv","precision_path_id","PPATH-M2W3-AMD-MI350P-MXFP4-MATRIX","draft","reviewed","","","","5608a5db5566e3cefd6014532203fd288a27621c97858e29c9c65c72dbb93cb4","1cb279b56f4fbfc688ed2f798646a93baed02ffbd34a647ffecf4cb6672f0e01","5567","152df43e8b64c2b78c54a41c6cf9bd7acfa4d3315fcf33d6128399b22f2f8825","68773358da2fe590aaaecdcccdaf0e68d61176df35d4b759dad14b4ae1174e5c","3970","f1520907d54e406e7d82f591e3799f07f569218aff0c321ac3b836b6c649da10","111343","accept","m2_final_review_mi350p","2026-08-13","仅授权该主键按冻结来源行追加，并把 review_status 从 draft 改为 reviewed；所有其余列保持冻结值。"
"MI350P-SIGN-0172","lifecycle_pk_write","审计/子代理交接/m2_staging/M2-W3-AMD-MI350P-CARD/structured/precision-paths.csv","0d5503c08689c455a1c7f43215889c7cc2e3c7a437a6afdcb1667b406d58681f","2633","数据/precision-paths.csv","precision_path_id","PPATH-M2W3-AMD-MI350P-MXFP6-MATRIX","draft","reviewed","","","","afa679b4ecccf7ce4d9b3b85f56db98e145514b94f73354098a738f6b1fb2329","1cb279b56f4fbfc688ed2f798646a93baed02ffbd34a647ffecf4cb6672f0e01","5567","152df43e8b64c2b78c54a41c6cf9bd7acfa4d3315fcf33d6128399b22f2f8825","68773358da2fe590aaaecdcccdaf0e68d61176df35d4b759dad14b4ae1174e5c","3970","f1520907d54e406e7d82f591e3799f07f569218aff0c321ac3b836b6c649da10","111343","accept","m2_final_review_mi350p","2026-08-13","仅授权该主键按冻结来源行追加，并把 review_status 从 draft 改为 reviewed；所有其余列保持冻结值。"
"MI350P-SIGN-0173","lifecycle_pk_write","审计/子代理交接/m2_staging/M2-W3-AMD-MI350P-CARD/structured/precision-paths.csv","0d5503c08689c455a1c7f43215889c7cc2e3c7a437a6afdcb1667b406d58681f","2633","数据/precision-paths.csv","precision_path_id","PPATH-M2W3-AMD-MI350P-MXFP8-MATRIX","draft","reviewed","","","","049151772d4d4234e512bc6cbcc15b26d504260e6d33307ea549bad0ed0edf42","1cb279b56f4fbfc688ed2f798646a93baed02ffbd34a647ffecf4cb6672f0e01","5567","152df43e8b64c2b78c54a41c6cf9bd7acfa4d3315fcf33d6128399b22f2f8825","68773358da2fe590aaaecdcccdaf0e68d61176df35d4b759dad14b4ae1174e5c","3970","f1520907d54e406e7d82f591e3799f07f569218aff0c321ac3b836b6c649da10","111343","accept","m2_final_review_mi350p","2026-08-13","仅授权该主键按冻结来源行追加，并把 review_status 从 draft 改为 reviewed；所有其余列保持冻结值。"
"MI350P-SIGN-0174","lifecycle_pk_write","审计/子代理交接/m2_staging/M2-W3-AMD-MI350P-CARD/structured/precision-paths.csv","0d5503c08689c455a1c7f43215889c7cc2e3c7a437a6afdcb1667b406d58681f","2633","数据/precision-paths.csv","precision_path_id","PPATH-M2W3-AMD-MI350P-OCP-FP8-MATRIX","draft","reviewed","","","","27eaccd256e8a7388ab10c3dbcf12af2418344b46d49935c60b3f5f67097308c","1cb279b56f4fbfc688ed2f798646a93baed02ffbd34a647ffecf4cb6672f0e01","5567","152df43e8b64c2b78c54a41c6cf9bd7acfa4d3315fcf33d6128399b22f2f8825","68773358da2fe590aaaecdcccdaf0e68d61176df35d4b759dad14b4ae1174e5c","3970","f1520907d54e406e7d82f591e3799f07f569218aff0c321ac3b836b6c649da10","111343","accept","m2_final_review_mi350p","2026-08-13","仅授权该主键按冻结来源行追加，并把 review_status 从 draft 改为 reviewed；所有其余列保持冻结值。"
"MI350P-SIGN-0175","lifecycle_pk_write","审计/子代理交接/m2_staging/M2-W3-AMD-MI350P-CARD/structured/search-log.csv","eafb21999d63fb2234ee1f35431c9c7f2a07bfb61e48e2af7c488b98e61a7ae8","6653","最小参考资料库/search-log.csv","search_id","SEARCH-M2W3-AMD-MI350P-ACCUMULATION","draft","reviewed","","","","3b63b5f6e85af061d80db22019b279fce5dc533dcf10a638c29062ed40ce270b","1cb279b56f4fbfc688ed2f798646a93baed02ffbd34a647ffecf4cb6672f0e01","5567","152df43e8b64c2b78c54a41c6cf9bd7acfa4d3315fcf33d6128399b22f2f8825","68773358da2fe590aaaecdcccdaf0e68d61176df35d4b759dad14b4ae1174e5c","3970","f1520907d54e406e7d82f591e3799f07f569218aff0c321ac3b836b6c649da10","111343","accept","m2_final_review_mi350p","2026-08-13","仅授权该主键按冻结来源行追加，并把 review_status 从 draft 改为 reviewed；所有其余列保持冻结值。"
"MI350P-SIGN-0176","lifecycle_pk_write","审计/子代理交接/m2_staging/M2-W3-AMD-MI350P-CARD/structured/search-log.csv","eafb21999d63fb2234ee1f35431c9c7f2a07bfb61e48e2af7c488b98e61a7ae8","6653","最小参考资料库/search-log.csv","search_id","SEARCH-M2W3-AMD-MI350P-AVAILABILITY-DATE","draft","reviewed","","","","ba358aa8b4b678790ddc514d2dfa95c7d74629aab6d0b805252f68f72f316fe5","1cb279b56f4fbfc688ed2f798646a93baed02ffbd34a647ffecf4cb6672f0e01","5567","152df43e8b64c2b78c54a41c6cf9bd7acfa4d3315fcf33d6128399b22f2f8825","68773358da2fe590aaaecdcccdaf0e68d61176df35d4b759dad14b4ae1174e5c","3970","f1520907d54e406e7d82f591e3799f07f569218aff0c321ac3b836b6c649da10","111343","accept","m2_final_review_mi350p","2026-08-13","仅授权该主键按冻结来源行追加，并把 review_status 从 draft 改为 reviewed；所有其余列保持冻结值。"
"MI350P-SIGN-0177","lifecycle_pk_write","审计/子代理交接/m2_staging/M2-W3-AMD-MI350P-CARD/structured/search-log.csv","eafb21999d63fb2234ee1f35431c9c7f2a07bfb61e48e2af7c488b98e61a7ae8","6653","最小参考资料库/search-log.csv","search_id","SEARCH-M2W3-AMD-MI350P-DIE-AREA","draft","reviewed","","","","ac953d5e51db341d6fe2098e3f906485f291b780d6896f7f8bfa5967b8dcbe5f","1cb279b56f4fbfc688ed2f798646a93baed02ffbd34a647ffecf4cb6672f0e01","5567","152df43e8b64c2b78c54a41c6cf9bd7acfa4d3315fcf33d6128399b22f2f8825","68773358da2fe590aaaecdcccdaf0e68d61176df35d4b759dad14b4ae1174e5c","3970","f1520907d54e406e7d82f591e3799f07f569218aff0c321ac3b836b6c649da10","111343","accept","m2_final_review_mi350p","2026-08-13","仅授权该主键按冻结来源行追加，并把 review_status 从 draft 改为 reviewed；所有其余列保持冻结值。"
"MI350P-SIGN-0178","lifecycle_pk_write","审计/子代理交接/m2_staging/M2-W3-AMD-MI350P-CARD/structured/search-log.csv","eafb21999d63fb2234ee1f35431c9c7f2a07bfb61e48e2af7c488b98e61a7ae8","6653","最小参考资料库/search-log.csv","search_id","SEARCH-M2W3-AMD-MI350P-HBM-STACKS","draft","reviewed","","","","8fc960aa5ad3cb265f976aebbdfb6628a448e219564772e503d9e6fe8b6cba6e","1cb279b56f4fbfc688ed2f798646a93baed02ffbd34a647ffecf4cb6672f0e01","5567","152df43e8b64c2b78c54a41c6cf9bd7acfa4d3315fcf33d6128399b22f2f8825","68773358da2fe590aaaecdcccdaf0e68d61176df35d4b759dad14b4ae1174e5c","3970","f1520907d54e406e7d82f591e3799f07f569218aff0c321ac3b836b6c649da10","111343","accept","m2_final_review_mi350p","2026-08-13","仅授权该主键按冻结来源行追加，并把 review_status 从 draft 改为 reviewed；所有其余列保持冻结值。"
"MI350P-SIGN-0179","lifecycle_pk_write","审计/子代理交接/m2_staging/M2-W3-AMD-MI350P-CARD/structured/search-log.csv","eafb21999d63fb2234ee1f35431c9c7f2a07bfb61e48e2af7c488b98e61a7ae8","6653","最小参考资料库/search-log.csv","search_id","SEARCH-M2W3-AMD-MI350P-OPERAND-A","draft","reviewed","","","","84abc5a4a2b826c7b407c66686b28bd88620d34212e659720b375f2707b39a2f","1cb279b56f4fbfc688ed2f798646a93baed02ffbd34a647ffecf4cb6672f0e01","5567","152df43e8b64c2b78c54a41c6cf9bd7acfa4d3315fcf33d6128399b22f2f8825","68773358da2fe590aaaecdcccdaf0e68d61176df35d4b759dad14b4ae1174e5c","3970","f1520907d54e406e7d82f591e3799f07f569218aff0c321ac3b836b6c649da10","111343","accept","m2_final_review_mi350p","2026-08-13","仅授权该主键按冻结来源行追加，并把 review_status 从 draft 改为 reviewed；所有其余列保持冻结值。"
"MI350P-SIGN-0180","lifecycle_pk_write","审计/子代理交接/m2_staging/M2-W3-AMD-MI350P-CARD/structured/search-log.csv","eafb21999d63fb2234ee1f35431c9c7f2a07bfb61e48e2af7c488b98e61a7ae8","6653","最小参考资料库/search-log.csv","search_id","SEARCH-M2W3-AMD-MI350P-OPERAND-B","draft","reviewed","","","","2974ad45413046452dcf980bd14963bdd23f331e1e14bad544fbfed35631af6b","1cb279b56f4fbfc688ed2f798646a93baed02ffbd34a647ffecf4cb6672f0e01","5567","152df43e8b64c2b78c54a41c6cf9bd7acfa4d3315fcf33d6128399b22f2f8825","68773358da2fe590aaaecdcccdaf0e68d61176df35d4b759dad14b4ae1174e5c","3970","f1520907d54e406e7d82f591e3799f07f569218aff0c321ac3b836b6c649da10","111343","accept","m2_final_review_mi350p","2026-08-13","仅授权该主键按冻结来源行追加，并把 review_status 从 draft 改为 reviewed；所有其余列保持冻结值。"
"MI350P-SIGN-0181","lifecycle_pk_write","审计/子代理交接/m2_staging/M2-W3-AMD-MI350P-CARD/structured/search-log.csv","eafb21999d63fb2234ee1f35431c9c7f2a07bfb61e48e2af7c488b98e61a7ae8","6653","最小参考资料库/search-log.csv","search_id","SEARCH-M2W3-AMD-MI350P-OUTPUT-FORMAT","draft","reviewed","","","","539a5cac3802b148200b8c8a90c1c1f45defc44f7bb2140c80632bd07619bd5a","1cb279b56f4fbfc688ed2f798646a93baed02ffbd34a647ffecf4cb6672f0e01","5567","152df43e8b64c2b78c54a41c6cf9bd7acfa4d3315fcf33d6128399b22f2f8825","68773358da2fe590aaaecdcccdaf0e68d61176df35d4b759dad14b4ae1174e5c","3970","f1520907d54e406e7d82f591e3799f07f569218aff0c321ac3b836b6c649da10","111343","accept","m2_final_review_mi350p","2026-08-13","仅授权该主键按冻结来源行追加，并把 review_status 从 draft 改为 reviewed；所有其余列保持冻结值。"
"MI350P-SIGN-0182","lifecycle_pk_write","审计/子代理交接/m2_staging/M2-W3-AMD-MI350P-CARD/structured/search-log.csv","eafb21999d63fb2234ee1f35431c9c7f2a07bfb61e48e2af7c488b98e61a7ae8","6653","最小参考资料库/search-log.csv","search_id","SEARCH-M2W3-AMD-MI350P-PHYSICAL-ACCUM","draft","reviewed","","","","c816a1d45a0fc65f74e6520c8be838b5d4ee84b249e26e3fe20615fe25fd466f","1cb279b56f4fbfc688ed2f798646a93baed02ffbd34a647ffecf4cb6672f0e01","5567","152df43e8b64c2b78c54a41c6cf9bd7acfa4d3315fcf33d6128399b22f2f8825","68773358da2fe590aaaecdcccdaf0e68d61176df35d4b759dad14b4ae1174e5c","3970","f1520907d54e406e7d82f591e3799f07f569218aff0c321ac3b836b6c649da10","111343","accept","m2_final_review_mi350p","2026-08-13","仅授权该主键按冻结来源行追加，并把 review_status 从 draft 改为 reviewed；所有其余列保持冻结值。"
"MI350P-SIGN-0183","lifecycle_pk_write","审计/子代理交接/m2_staging/M2-W3-AMD-MI350P-CARD/structured/search-log.csv","eafb21999d63fb2234ee1f35431c9c7f2a07bfb61e48e2af7c488b98e61a7ae8","6653","最小参考资料库/search-log.csv","search_id","SEARCH-M2W3-AMD-MI350P-PRODUCT-FORMAT","draft","reviewed","","","","93cc336730b1fa2bc97c7eee6a3775c9ed137b4048bcdf5469f8c1a526c26658","1cb279b56f4fbfc688ed2f798646a93baed02ffbd34a647ffecf4cb6672f0e01","5567","152df43e8b64c2b78c54a41c6cf9bd7acfa4d3315fcf33d6128399b22f2f8825","68773358da2fe590aaaecdcccdaf0e68d61176df35d4b759dad14b4ae1174e5c","3970","f1520907d54e406e7d82f591e3799f07f569218aff0c321ac3b836b6c649da10","111343","accept","m2_final_review_mi350p","2026-08-13","仅授权该主键按冻结来源行追加，并把 review_status 从 draft 改为 reviewed；所有其余列保持冻结值。"
"MI350P-SIGN-0184","lifecycle_pk_write","审计/子代理交接/m2_staging/M2-W3-AMD-MI350P-CARD/structured/search-log.csv","eafb21999d63fb2234ee1f35431c9c7f2a07bfb61e48e2af7c488b98e61a7ae8","6653","最小参考资料库/search-log.csv","search_id","SEARCH-M2W3-AMD-MI350P-RELEASE-DATE","draft","reviewed","","","","5258e0a021a2299bb30b8abb613d930d02b756403a7a7fa1ce3c7889fd00e4fc","1cb279b56f4fbfc688ed2f798646a93baed02ffbd34a647ffecf4cb6672f0e01","5567","152df43e8b64c2b78c54a41c6cf9bd7acfa4d3315fcf33d6128399b22f2f8825","68773358da2fe590aaaecdcccdaf0e68d61176df35d4b759dad14b4ae1174e5c","3970","f1520907d54e406e7d82f591e3799f07f569218aff0c321ac3b836b6c649da10","111343","accept","m2_final_review_mi350p","2026-08-13","仅授权该主键按冻结来源行追加，并把 review_status 从 draft 改为 reviewed；所有其余列保持冻结值。"
"MI350P-SIGN-0185","lifecycle_pk_write","审计/子代理交接/m2_staging/M2-W3-AMD-MI350P-CARD/structured/search-log.csv","eafb21999d63fb2234ee1f35431c9c7f2a07bfb61e48e2af7c488b98e61a7ae8","6653","最小参考资料库/search-log.csv","search_id","SEARCH-M2W3-AMD-MI350P-RUNTIME-VERSION","draft","reviewed","","","","159cac4d7d6cffadc69f3bfecdca1c6e97d1ce2f5313833a9897656ed513a099","1cb279b56f4fbfc688ed2f798646a93baed02ffbd34a647ffecf4cb6672f0e01","5567","152df43e8b64c2b78c54a41c6cf9bd7acfa4d3315fcf33d6128399b22f2f8825","68773358da2fe590aaaecdcccdaf0e68d61176df35d4b759dad14b4ae1174e5c","3970","f1520907d54e406e7d82f591e3799f07f569218aff0c321ac3b836b6c649da10","111343","accept","m2_final_review_mi350p","2026-08-13","仅授权该主键按冻结来源行追加，并把 review_status 从 draft 改为 reviewed；所有其余列保持冻结值。"
"MI350P-SIGN-0186","lifecycle_pk_write","审计/子代理交接/m2_staging/M2-W3-AMD-MI350P-CARD/structured/search-log.csv","eafb21999d63fb2234ee1f35431c9c7f2a07bfb61e48e2af7c488b98e61a7ae8","6653","最小参考资料库/search-log.csv","search_id","SEARCH-M2W3-AMD-MI350P-SPECIAL-IMPLEMENTATION","draft","reviewed","","","","4da5c462cff5c954c30fe8baee02e5790ae4e6e67ef332c322c393695f098490","1cb279b56f4fbfc688ed2f798646a93baed02ffbd34a647ffecf4cb6672f0e01","5567","152df43e8b64c2b78c54a41c6cf9bd7acfa4d3315fcf33d6128399b22f2f8825","68773358da2fe590aaaecdcccdaf0e68d61176df35d4b759dad14b4ae1174e5c","3970","f1520907d54e406e7d82f591e3799f07f569218aff0c321ac3b836b6c649da10","111343","accept","m2_final_review_mi350p","2026-08-13","仅授权该主键按冻结来源行追加，并把 review_status 从 draft 改为 reviewed；所有其余列保持冻结值。"
"MI350P-SIGN-0187","lifecycle_pk_write","审计/子代理交接/m2_staging/M2-W3-AMD-MI350P-CARD/structured/search-results.csv","8195b1e6f36ee4ad4f4f124fd5e17131014e1d4d5c186aa71897405095784327","16331","最小参考资料库/search-results.csv","search_result_id","SRESULT-M2W3-AMD-MI350P-ACCUMULATION-BLOG","draft","reviewed","","","","817554b861b66d191b7d39b1d33eb4c627735412e5a2c93e43fcf3a83f2537e9","1cb279b56f4fbfc688ed2f798646a93baed02ffbd34a647ffecf4cb6672f0e01","5567","152df43e8b64c2b78c54a41c6cf9bd7acfa4d3315fcf33d6128399b22f2f8825","68773358da2fe590aaaecdcccdaf0e68d61176df35d4b759dad14b4ae1174e5c","3970","f1520907d54e406e7d82f591e3799f07f569218aff0c321ac3b836b6c649da10","111343","accept","m2_final_review_mi350p","2026-08-13","仅授权该主键按冻结来源行追加，并把 review_status 从 draft 改为 reviewed；所有其余列保持冻结值。"
"MI350P-SIGN-0188","lifecycle_pk_write","审计/子代理交接/m2_staging/M2-W3-AMD-MI350P-CARD/structured/search-results.csv","8195b1e6f36ee4ad4f4f124fd5e17131014e1d4d5c186aa71897405095784327","16331","最小参考资料库/search-results.csv","search_result_id","SRESULT-M2W3-AMD-MI350P-ACCUMULATION-BROCHURE","draft","reviewed","","","","40668119a824d2b982fb76d1b3a9901ad7df4f65d5d4b33ebdccc0a491217fa5","1cb279b56f4fbfc688ed2f798646a93baed02ffbd34a647ffecf4cb6672f0e01","5567","152df43e8b64c2b78c54a41c6cf9bd7acfa4d3315fcf33d6128399b22f2f8825","68773358da2fe590aaaecdcccdaf0e68d61176df35d4b759dad14b4ae1174e5c","3970","f1520907d54e406e7d82f591e3799f07f569218aff0c321ac3b836b6c649da10","111343","accept","m2_final_review_mi350p","2026-08-13","仅授权该主键按冻结来源行追加，并把 review_status 从 draft 改为 reviewed；所有其余列保持冻结值。"
"MI350P-SIGN-0189","lifecycle_pk_write","审计/子代理交接/m2_staging/M2-W3-AMD-MI350P-CARD/structured/search-results.csv","8195b1e6f36ee4ad4f4f124fd5e17131014e1d4d5c186aa71897405095784327","16331","最小参考资料库/search-results.csv","search_result_id","SRESULT-M2W3-AMD-MI350P-ACCUMULATION-CDNA4-ISA","draft","reviewed","","","","eaa77ee60703cc29839c0d576ffe71e26d9c079d856790983be61e1f717daa4a","1cb279b56f4fbfc688ed2f798646a93baed02ffbd34a647ffecf4cb6672f0e01","5567","152df43e8b64c2b78c54a41c6cf9bd7acfa4d3315fcf33d6128399b22f2f8825","68773358da2fe590aaaecdcccdaf0e68d61176df35d4b759dad14b4ae1174e5c","3970","f1520907d54e406e7d82f591e3799f07f569218aff0c321ac3b836b6c649da10","111343","accept","m2_final_review_mi350p","2026-08-13","仅授权该主键按冻结来源行追加，并把 review_status 从 draft 改为 reviewed；所有其余列保持冻结值。"
"MI350P-SIGN-0190","lifecycle_pk_write","审计/子代理交接/m2_staging/M2-W3-AMD-MI350P-CARD/structured/search-results.csv","8195b1e6f36ee4ad4f4f124fd5e17131014e1d4d5c186aa71897405095784327","16331","最小参考资料库/search-results.csv","search_result_id","SRESULT-M2W3-AMD-MI350P-ACCUMULATION-CDNA4-WP","draft","reviewed","","","","e64b3c55b14bc9ee0544ad3c237c2927ff364b6edc503f2f9ced728d90083548","1cb279b56f4fbfc688ed2f798646a93baed02ffbd34a647ffecf4cb6672f0e01","5567","152df43e8b64c2b78c54a41c6cf9bd7acfa4d3315fcf33d6128399b22f2f8825","68773358da2fe590aaaecdcccdaf0e68d61176df35d4b759dad14b4ae1174e5c","3970","f1520907d54e406e7d82f591e3799f07f569218aff0c321ac3b836b6c649da10","111343","accept","m2_final_review_mi350p","2026-08-13","仅授权该主键按冻结来源行追加，并把 review_status 从 draft 改为 reviewed；所有其余列保持冻结值。"
"MI350P-SIGN-0191","lifecycle_pk_write","审计/子代理交接/m2_staging/M2-W3-AMD-MI350P-CARD/structured/search-results.csv","8195b1e6f36ee4ad4f4f124fd5e17131014e1d4d5c186aa71897405095784327","16331","最小参考资料库/search-results.csv","search_result_id","SRESULT-M2W3-AMD-MI350P-ACCUMULATION-PRODUCT","draft","reviewed","","","","8b1a1d76a1e06a732772e9e47937cc4700584c2fc158e1bbb8dc1f41014adb60","1cb279b56f4fbfc688ed2f798646a93baed02ffbd34a647ffecf4cb6672f0e01","5567","152df43e8b64c2b78c54a41c6cf9bd7acfa4d3315fcf33d6128399b22f2f8825","68773358da2fe590aaaecdcccdaf0e68d61176df35d4b759dad14b4ae1174e5c","3970","f1520907d54e406e7d82f591e3799f07f569218aff0c321ac3b836b6c649da10","111343","accept","m2_final_review_mi350p","2026-08-13","仅授权该主键按冻结来源行追加，并把 review_status 从 draft 改为 reviewed；所有其余列保持冻结值。"
"MI350P-SIGN-0192","lifecycle_pk_write","审计/子代理交接/m2_staging/M2-W3-AMD-MI350P-CARD/structured/search-results.csv","8195b1e6f36ee4ad4f4f124fd5e17131014e1d4d5c186aa71897405095784327","16331","最小参考资料库/search-results.csv","search_result_id","SRESULT-M2W3-AMD-MI350P-AVAILABILITY-DATE-BLOG","draft","reviewed","","","","0bf70b5393434aee7c38f58df4414e43c2d7341ba7c6b33ea176aff84ff47c4e","1cb279b56f4fbfc688ed2f798646a93baed02ffbd34a647ffecf4cb6672f0e01","5567","152df43e8b64c2b78c54a41c6cf9bd7acfa4d3315fcf33d6128399b22f2f8825","68773358da2fe590aaaecdcccdaf0e68d61176df35d4b759dad14b4ae1174e5c","3970","f1520907d54e406e7d82f591e3799f07f569218aff0c321ac3b836b6c649da10","111343","accept","m2_final_review_mi350p","2026-08-13","仅授权该主键按冻结来源行追加，并把 review_status 从 draft 改为 reviewed；所有其余列保持冻结值。"
"MI350P-SIGN-0193","lifecycle_pk_write","审计/子代理交接/m2_staging/M2-W3-AMD-MI350P-CARD/structured/search-results.csv","8195b1e6f36ee4ad4f4f124fd5e17131014e1d4d5c186aa71897405095784327","16331","最小参考资料库/search-results.csv","search_result_id","SRESULT-M2W3-AMD-MI350P-AVAILABILITY-DATE-BROCHURE","draft","reviewed","","","","5f78e8def8f10abfb68826bd29de2393c41849d003ff94e56fef844705cd34c9","1cb279b56f4fbfc688ed2f798646a93baed02ffbd34a647ffecf4cb6672f0e01","5567","152df43e8b64c2b78c54a41c6cf9bd7acfa4d3315fcf33d6128399b22f2f8825","68773358da2fe590aaaecdcccdaf0e68d61176df35d4b759dad14b4ae1174e5c","3970","f1520907d54e406e7d82f591e3799f07f569218aff0c321ac3b836b6c649da10","111343","accept","m2_final_review_mi350p","2026-08-13","仅授权该主键按冻结来源行追加，并把 review_status 从 draft 改为 reviewed；所有其余列保持冻结值。"
"MI350P-SIGN-0194","lifecycle_pk_write","审计/子代理交接/m2_staging/M2-W3-AMD-MI350P-CARD/structured/search-results.csv","8195b1e6f36ee4ad4f4f124fd5e17131014e1d4d5c186aa71897405095784327","16331","最小参考资料库/search-results.csv","search_result_id","SRESULT-M2W3-AMD-MI350P-AVAILABILITY-DATE-PRODUCT","draft","reviewed","","","","40282affba5219f0604da279bf0826ee08cdd61671687cd9ec7730f8f30bec5e","1cb279b56f4fbfc688ed2f798646a93baed02ffbd34a647ffecf4cb6672f0e01","5567","152df43e8b64c2b78c54a41c6cf9bd7acfa4d3315fcf33d6128399b22f2f8825","68773358da2fe590aaaecdcccdaf0e68d61176df35d4b759dad14b4ae1174e5c","3970","f1520907d54e406e7d82f591e3799f07f569218aff0c321ac3b836b6c649da10","111343","accept","m2_final_review_mi350p","2026-08-13","仅授权该主键按冻结来源行追加，并把 review_status 从 draft 改为 reviewed；所有其余列保持冻结值。"
"MI350P-SIGN-0195","lifecycle_pk_write","审计/子代理交接/m2_staging/M2-W3-AMD-MI350P-CARD/structured/search-results.csv","8195b1e6f36ee4ad4f4f124fd5e17131014e1d4d5c186aa71897405095784327","16331","最小参考资料库/search-results.csv","search_result_id","SRESULT-M2W3-AMD-MI350P-DIE-AREA-BLOG","draft","reviewed","","","","b5549840d1be6d2b996ccceba09395b5cb85e8c9dc14fafb90a0bf1eb313dff8","1cb279b56f4fbfc688ed2f798646a93baed02ffbd34a647ffecf4cb6672f0e01","5567","152df43e8b64c2b78c54a41c6cf9bd7acfa4d3315fcf33d6128399b22f2f8825","68773358da2fe590aaaecdcccdaf0e68d61176df35d4b759dad14b4ae1174e5c","3970","f1520907d54e406e7d82f591e3799f07f569218aff0c321ac3b836b6c649da10","111343","accept","m2_final_review_mi350p","2026-08-13","仅授权该主键按冻结来源行追加，并把 review_status 从 draft 改为 reviewed；所有其余列保持冻结值。"
"MI350P-SIGN-0196","lifecycle_pk_write","审计/子代理交接/m2_staging/M2-W3-AMD-MI350P-CARD/structured/search-results.csv","8195b1e6f36ee4ad4f4f124fd5e17131014e1d4d5c186aa71897405095784327","16331","最小参考资料库/search-results.csv","search_result_id","SRESULT-M2W3-AMD-MI350P-DIE-AREA-BROCHURE","draft","reviewed","","","","5fc36620f30ace6c190da2305c91fdb8f9cd2657cbacebc2d73b37aaf46c12d0","1cb279b56f4fbfc688ed2f798646a93baed02ffbd34a647ffecf4cb6672f0e01","5567","152df43e8b64c2b78c54a41c6cf9bd7acfa4d3315fcf33d6128399b22f2f8825","68773358da2fe590aaaecdcccdaf0e68d61176df35d4b759dad14b4ae1174e5c","3970","f1520907d54e406e7d82f591e3799f07f569218aff0c321ac3b836b6c649da10","111343","accept","m2_final_review_mi350p","2026-08-13","仅授权该主键按冻结来源行追加，并把 review_status 从 draft 改为 reviewed；所有其余列保持冻结值。"
"MI350P-SIGN-0197","lifecycle_pk_write","审计/子代理交接/m2_staging/M2-W3-AMD-MI350P-CARD/structured/search-results.csv","8195b1e6f36ee4ad4f4f124fd5e17131014e1d4d5c186aa71897405095784327","16331","最小参考资料库/search-results.csv","search_result_id","SRESULT-M2W3-AMD-MI350P-DIE-AREA-CDNA4-ISA","draft","reviewed","","","","061fffbd1af9fec873300910cc78324b438761ee8760c66e1126ed17c532ff95","1cb279b56f4fbfc688ed2f798646a93baed02ffbd34a647ffecf4cb6672f0e01","5567","152df43e8b64c2b78c54a41c6cf9bd7acfa4d3315fcf33d6128399b22f2f8825","68773358da2fe590aaaecdcccdaf0e68d61176df35d4b759dad14b4ae1174e5c","3970","f1520907d54e406e7d82f591e3799f07f569218aff0c321ac3b836b6c649da10","111343","accept","m2_final_review_mi350p","2026-08-13","仅授权该主键按冻结来源行追加，并把 review_status 从 draft 改为 reviewed；所有其余列保持冻结值。"
"MI350P-SIGN-0198","lifecycle_pk_write","审计/子代理交接/m2_staging/M2-W3-AMD-MI350P-CARD/structured/search-results.csv","8195b1e6f36ee4ad4f4f124fd5e17131014e1d4d5c186aa71897405095784327","16331","最小参考资料库/search-results.csv","search_result_id","SRESULT-M2W3-AMD-MI350P-DIE-AREA-CDNA4-WP","draft","reviewed","","","","c093765ad07c4c4b71d4e070679d6444f0e32561ecc68000a2abcbbc98d57465","1cb279b56f4fbfc688ed2f798646a93baed02ffbd34a647ffecf4cb6672f0e01","5567","152df43e8b64c2b78c54a41c6cf9bd7acfa4d3315fcf33d6128399b22f2f8825","68773358da2fe590aaaecdcccdaf0e68d61176df35d4b759dad14b4ae1174e5c","3970","f1520907d54e406e7d82f591e3799f07f569218aff0c321ac3b836b6c649da10","111343","accept","m2_final_review_mi350p","2026-08-13","仅授权该主键按冻结来源行追加，并把 review_status 从 draft 改为 reviewed；所有其余列保持冻结值。"
"MI350P-SIGN-0199","lifecycle_pk_write","审计/子代理交接/m2_staging/M2-W3-AMD-MI350P-CARD/structured/search-results.csv","8195b1e6f36ee4ad4f4f124fd5e17131014e1d4d5c186aa71897405095784327","16331","最小参考资料库/search-results.csv","search_result_id","SRESULT-M2W3-AMD-MI350P-DIE-AREA-PRODUCT","draft","reviewed","","","","fccce6d6af571a772e3cd51da982b2febebba05bc873d0cb1104d13411a4e0d7","1cb279b56f4fbfc688ed2f798646a93baed02ffbd34a647ffecf4cb6672f0e01","5567","152df43e8b64c2b78c54a41c6cf9bd7acfa4d3315fcf33d6128399b22f2f8825","68773358da2fe590aaaecdcccdaf0e68d61176df35d4b759dad14b4ae1174e5c","3970","f1520907d54e406e7d82f591e3799f07f569218aff0c321ac3b836b6c649da10","111343","accept","m2_final_review_mi350p","2026-08-13","仅授权该主键按冻结来源行追加，并把 review_status 从 draft 改为 reviewed；所有其余列保持冻结值。"
"MI350P-SIGN-0200","lifecycle_pk_write","审计/子代理交接/m2_staging/M2-W3-AMD-MI350P-CARD/structured/search-results.csv","8195b1e6f36ee4ad4f4f124fd5e17131014e1d4d5c186aa71897405095784327","16331","最小参考资料库/search-results.csv","search_result_id","SRESULT-M2W3-AMD-MI350P-HBM-STACKS-BLOG","draft","reviewed","","","","a719e17da42d46c175b5b91bd853e99afe5d6da18bfb3e732b08025a356869df","1cb279b56f4fbfc688ed2f798646a93baed02ffbd34a647ffecf4cb6672f0e01","5567","152df43e8b64c2b78c54a41c6cf9bd7acfa4d3315fcf33d6128399b22f2f8825","68773358da2fe590aaaecdcccdaf0e68d61176df35d4b759dad14b4ae1174e5c","3970","f1520907d54e406e7d82f591e3799f07f569218aff0c321ac3b836b6c649da10","111343","accept","m2_final_review_mi350p","2026-08-13","仅授权该主键按冻结来源行追加，并把 review_status 从 draft 改为 reviewed；所有其余列保持冻结值。"
"MI350P-SIGN-0201","lifecycle_pk_write","审计/子代理交接/m2_staging/M2-W3-AMD-MI350P-CARD/structured/search-results.csv","8195b1e6f36ee4ad4f4f124fd5e17131014e1d4d5c186aa71897405095784327","16331","最小参考资料库/search-results.csv","search_result_id","SRESULT-M2W3-AMD-MI350P-HBM-STACKS-BROCHURE","draft","reviewed","","","","fde5d4ca9031318e99f16fced91dba66517b61820b1e988d05e687a875233311","1cb279b56f4fbfc688ed2f798646a93baed02ffbd34a647ffecf4cb6672f0e01","5567","152df43e8b64c2b78c54a41c6cf9bd7acfa4d3315fcf33d6128399b22f2f8825","68773358da2fe590aaaecdcccdaf0e68d61176df35d4b759dad14b4ae1174e5c","3970","f1520907d54e406e7d82f591e3799f07f569218aff0c321ac3b836b6c649da10","111343","accept","m2_final_review_mi350p","2026-08-13","仅授权该主键按冻结来源行追加，并把 review_status 从 draft 改为 reviewed；所有其余列保持冻结值。"
"MI350P-SIGN-0202","lifecycle_pk_write","审计/子代理交接/m2_staging/M2-W3-AMD-MI350P-CARD/structured/search-results.csv","8195b1e6f36ee4ad4f4f124fd5e17131014e1d4d5c186aa71897405095784327","16331","最小参考资料库/search-results.csv","search_result_id","SRESULT-M2W3-AMD-MI350P-HBM-STACKS-CDNA4-ISA","draft","reviewed","","","","200bf79f432c350594437385821ab52aeb90e19ab086e883efe6b6ecc8329cb9","1cb279b56f4fbfc688ed2f798646a93baed02ffbd34a647ffecf4cb6672f0e01","5567","152df43e8b64c2b78c54a41c6cf9bd7acfa4d3315fcf33d6128399b22f2f8825","68773358da2fe590aaaecdcccdaf0e68d61176df35d4b759dad14b4ae1174e5c","3970","f1520907d54e406e7d82f591e3799f07f569218aff0c321ac3b836b6c649da10","111343","accept","m2_final_review_mi350p","2026-08-13","仅授权该主键按冻结来源行追加，并把 review_status 从 draft 改为 reviewed；所有其余列保持冻结值。"
"MI350P-SIGN-0203","lifecycle_pk_write","审计/子代理交接/m2_staging/M2-W3-AMD-MI350P-CARD/structured/search-results.csv","8195b1e6f36ee4ad4f4f124fd5e17131014e1d4d5c186aa71897405095784327","16331","最小参考资料库/search-results.csv","search_result_id","SRESULT-M2W3-AMD-MI350P-HBM-STACKS-CDNA4-WP","draft","reviewed","","","","f0a5db32806878360d9278663c7943be3d5bc465639d9e86d7d5bde98af06ffb","1cb279b56f4fbfc688ed2f798646a93baed02ffbd34a647ffecf4cb6672f0e01","5567","152df43e8b64c2b78c54a41c6cf9bd7acfa4d3315fcf33d6128399b22f2f8825","68773358da2fe590aaaecdcccdaf0e68d61176df35d4b759dad14b4ae1174e5c","3970","f1520907d54e406e7d82f591e3799f07f569218aff0c321ac3b836b6c649da10","111343","accept","m2_final_review_mi350p","2026-08-13","仅授权该主键按冻结来源行追加，并把 review_status 从 draft 改为 reviewed；所有其余列保持冻结值。"
"MI350P-SIGN-0204","lifecycle_pk_write","审计/子代理交接/m2_staging/M2-W3-AMD-MI350P-CARD/structured/search-results.csv","8195b1e6f36ee4ad4f4f124fd5e17131014e1d4d5c186aa71897405095784327","16331","最小参考资料库/search-results.csv","search_result_id","SRESULT-M2W3-AMD-MI350P-HBM-STACKS-PRODUCT","draft","reviewed","","","","4ad309081a487fc6ed40221ede8e922d535508d043399627e1262072d2ab5b45","1cb279b56f4fbfc688ed2f798646a93baed02ffbd34a647ffecf4cb6672f0e01","5567","152df43e8b64c2b78c54a41c6cf9bd7acfa4d3315fcf33d6128399b22f2f8825","68773358da2fe590aaaecdcccdaf0e68d61176df35d4b759dad14b4ae1174e5c","3970","f1520907d54e406e7d82f591e3799f07f569218aff0c321ac3b836b6c649da10","111343","accept","m2_final_review_mi350p","2026-08-13","仅授权该主键按冻结来源行追加，并把 review_status 从 draft 改为 reviewed；所有其余列保持冻结值。"
"MI350P-SIGN-0205","lifecycle_pk_write","审计/子代理交接/m2_staging/M2-W3-AMD-MI350P-CARD/structured/search-results.csv","8195b1e6f36ee4ad4f4f124fd5e17131014e1d4d5c186aa71897405095784327","16331","最小参考资料库/search-results.csv","search_result_id","SRESULT-M2W3-AMD-MI350P-OPERAND-A-BLOG","draft","reviewed","","","","1f75a9771c206feb50824fec5f0d468f7c82ea0fbbc9db2a55f8b67b206c3abb","1cb279b56f4fbfc688ed2f798646a93baed02ffbd34a647ffecf4cb6672f0e01","5567","152df43e8b64c2b78c54a41c6cf9bd7acfa4d3315fcf33d6128399b22f2f8825","68773358da2fe590aaaecdcccdaf0e68d61176df35d4b759dad14b4ae1174e5c","3970","f1520907d54e406e7d82f591e3799f07f569218aff0c321ac3b836b6c649da10","111343","accept","m2_final_review_mi350p","2026-08-13","仅授权该主键按冻结来源行追加，并把 review_status 从 draft 改为 reviewed；所有其余列保持冻结值。"
"MI350P-SIGN-0206","lifecycle_pk_write","审计/子代理交接/m2_staging/M2-W3-AMD-MI350P-CARD/structured/search-results.csv","8195b1e6f36ee4ad4f4f124fd5e17131014e1d4d5c186aa71897405095784327","16331","最小参考资料库/search-results.csv","search_result_id","SRESULT-M2W3-AMD-MI350P-OPERAND-A-BROCHURE","draft","reviewed","","","","b960ee68220b81a459008d31f6f253dc839e49e2ad06cc5404ad52c5333fd7fc","1cb279b56f4fbfc688ed2f798646a93baed02ffbd34a647ffecf4cb6672f0e01","5567","152df43e8b64c2b78c54a41c6cf9bd7acfa4d3315fcf33d6128399b22f2f8825","68773358da2fe590aaaecdcccdaf0e68d61176df35d4b759dad14b4ae1174e5c","3970","f1520907d54e406e7d82f591e3799f07f569218aff0c321ac3b836b6c649da10","111343","accept","m2_final_review_mi350p","2026-08-13","仅授权该主键按冻结来源行追加，并把 review_status 从 draft 改为 reviewed；所有其余列保持冻结值。"
"MI350P-SIGN-0207","lifecycle_pk_write","审计/子代理交接/m2_staging/M2-W3-AMD-MI350P-CARD/structured/search-results.csv","8195b1e6f36ee4ad4f4f124fd5e17131014e1d4d5c186aa71897405095784327","16331","最小参考资料库/search-results.csv","search_result_id","SRESULT-M2W3-AMD-MI350P-OPERAND-A-CDNA4-ISA","draft","reviewed","","","","5a4e88e1ebaabfb75404742316e3f86132f4165053d281d105bb23a7d3f641b6","1cb279b56f4fbfc688ed2f798646a93baed02ffbd34a647ffecf4cb6672f0e01","5567","152df43e8b64c2b78c54a41c6cf9bd7acfa4d3315fcf33d6128399b22f2f8825","68773358da2fe590aaaecdcccdaf0e68d61176df35d4b759dad14b4ae1174e5c","3970","f1520907d54e406e7d82f591e3799f07f569218aff0c321ac3b836b6c649da10","111343","accept","m2_final_review_mi350p","2026-08-13","仅授权该主键按冻结来源行追加，并把 review_status 从 draft 改为 reviewed；所有其余列保持冻结值。"
"MI350P-SIGN-0208","lifecycle_pk_write","审计/子代理交接/m2_staging/M2-W3-AMD-MI350P-CARD/structured/search-results.csv","8195b1e6f36ee4ad4f4f124fd5e17131014e1d4d5c186aa71897405095784327","16331","最小参考资料库/search-results.csv","search_result_id","SRESULT-M2W3-AMD-MI350P-OPERAND-A-CDNA4-WP","draft","reviewed","","","","cf4cf5f8e8b4766d0ec05ec6acbb4d8d8707bb9e7b78395c8487dc080385d4c2","1cb279b56f4fbfc688ed2f798646a93baed02ffbd34a647ffecf4cb6672f0e01","5567","152df43e8b64c2b78c54a41c6cf9bd7acfa4d3315fcf33d6128399b22f2f8825","68773358da2fe590aaaecdcccdaf0e68d61176df35d4b759dad14b4ae1174e5c","3970","f1520907d54e406e7d82f591e3799f07f569218aff0c321ac3b836b6c649da10","111343","accept","m2_final_review_mi350p","2026-08-13","仅授权该主键按冻结来源行追加，并把 review_status 从 draft 改为 reviewed；所有其余列保持冻结值。"
"MI350P-SIGN-0209","lifecycle_pk_write","审计/子代理交接/m2_staging/M2-W3-AMD-MI350P-CARD/structured/search-results.csv","8195b1e6f36ee4ad4f4f124fd5e17131014e1d4d5c186aa71897405095784327","16331","最小参考资料库/search-results.csv","search_result_id","SRESULT-M2W3-AMD-MI350P-OPERAND-A-PRODUCT","draft","reviewed","","","","6904b425897a8f36716ef91f7b189e068ccbaf8acbde822073759fa549fa9135","1cb279b56f4fbfc688ed2f798646a93baed02ffbd34a647ffecf4cb6672f0e01","5567","152df43e8b64c2b78c54a41c6cf9bd7acfa4d3315fcf33d6128399b22f2f8825","68773358da2fe590aaaecdcccdaf0e68d61176df35d4b759dad14b4ae1174e5c","3970","f1520907d54e406e7d82f591e3799f07f569218aff0c321ac3b836b6c649da10","111343","accept","m2_final_review_mi350p","2026-08-13","仅授权该主键按冻结来源行追加，并把 review_status 从 draft 改为 reviewed；所有其余列保持冻结值。"
"MI350P-SIGN-0210","lifecycle_pk_write","审计/子代理交接/m2_staging/M2-W3-AMD-MI350P-CARD/structured/search-results.csv","8195b1e6f36ee4ad4f4f124fd5e17131014e1d4d5c186aa71897405095784327","16331","最小参考资料库/search-results.csv","search_result_id","SRESULT-M2W3-AMD-MI350P-OPERAND-B-BLOG","draft","reviewed","","","","f03a2309265ae875b6dafbc4aed2819d500fbfe05a7b3eeda055c61207ea2e81","1cb279b56f4fbfc688ed2f798646a93baed02ffbd34a647ffecf4cb6672f0e01","5567","152df43e8b64c2b78c54a41c6cf9bd7acfa4d3315fcf33d6128399b22f2f8825","68773358da2fe590aaaecdcccdaf0e68d61176df35d4b759dad14b4ae1174e5c","3970","f1520907d54e406e7d82f591e3799f07f569218aff0c321ac3b836b6c649da10","111343","accept","m2_final_review_mi350p","2026-08-13","仅授权该主键按冻结来源行追加，并把 review_status 从 draft 改为 reviewed；所有其余列保持冻结值。"
"MI350P-SIGN-0211","lifecycle_pk_write","审计/子代理交接/m2_staging/M2-W3-AMD-MI350P-CARD/structured/search-results.csv","8195b1e6f36ee4ad4f4f124fd5e17131014e1d4d5c186aa71897405095784327","16331","最小参考资料库/search-results.csv","search_result_id","SRESULT-M2W3-AMD-MI350P-OPERAND-B-BROCHURE","draft","reviewed","","","","ef721aacad35c1319435273af28816095b046a7a81dc476a3126e43d55be2ace","1cb279b56f4fbfc688ed2f798646a93baed02ffbd34a647ffecf4cb6672f0e01","5567","152df43e8b64c2b78c54a41c6cf9bd7acfa4d3315fcf33d6128399b22f2f8825","68773358da2fe590aaaecdcccdaf0e68d61176df35d4b759dad14b4ae1174e5c","3970","f1520907d54e406e7d82f591e3799f07f569218aff0c321ac3b836b6c649da10","111343","accept","m2_final_review_mi350p","2026-08-13","仅授权该主键按冻结来源行追加，并把 review_status 从 draft 改为 reviewed；所有其余列保持冻结值。"
"MI350P-SIGN-0212","lifecycle_pk_write","审计/子代理交接/m2_staging/M2-W3-AMD-MI350P-CARD/structured/search-results.csv","8195b1e6f36ee4ad4f4f124fd5e17131014e1d4d5c186aa71897405095784327","16331","最小参考资料库/search-results.csv","search_result_id","SRESULT-M2W3-AMD-MI350P-OPERAND-B-CDNA4-ISA","draft","reviewed","","","","af743b49adff23b47ef9a02fddb3f18bbbabd6b9e9a652e55ac1f407b6a139b7","1cb279b56f4fbfc688ed2f798646a93baed02ffbd34a647ffecf4cb6672f0e01","5567","152df43e8b64c2b78c54a41c6cf9bd7acfa4d3315fcf33d6128399b22f2f8825","68773358da2fe590aaaecdcccdaf0e68d61176df35d4b759dad14b4ae1174e5c","3970","f1520907d54e406e7d82f591e3799f07f569218aff0c321ac3b836b6c649da10","111343","accept","m2_final_review_mi350p","2026-08-13","仅授权该主键按冻结来源行追加，并把 review_status 从 draft 改为 reviewed；所有其余列保持冻结值。"
"MI350P-SIGN-0213","lifecycle_pk_write","审计/子代理交接/m2_staging/M2-W3-AMD-MI350P-CARD/structured/search-results.csv","8195b1e6f36ee4ad4f4f124fd5e17131014e1d4d5c186aa71897405095784327","16331","最小参考资料库/search-results.csv","search_result_id","SRESULT-M2W3-AMD-MI350P-OPERAND-B-CDNA4-WP","draft","reviewed","","","","22ee411b8d5ee62f33f35320e8c41d426d37feb02a59c2d78772e985cfeb1dc1","1cb279b56f4fbfc688ed2f798646a93baed02ffbd34a647ffecf4cb6672f0e01","5567","152df43e8b64c2b78c54a41c6cf9bd7acfa4d3315fcf33d6128399b22f2f8825","68773358da2fe590aaaecdcccdaf0e68d61176df35d4b759dad14b4ae1174e5c","3970","f1520907d54e406e7d82f591e3799f07f569218aff0c321ac3b836b6c649da10","111343","accept","m2_final_review_mi350p","2026-08-13","仅授权该主键按冻结来源行追加，并把 review_status 从 draft 改为 reviewed；所有其余列保持冻结值。"
"MI350P-SIGN-0214","lifecycle_pk_write","审计/子代理交接/m2_staging/M2-W3-AMD-MI350P-CARD/structured/search-results.csv","8195b1e6f36ee4ad4f4f124fd5e17131014e1d4d5c186aa71897405095784327","16331","最小参考资料库/search-results.csv","search_result_id","SRESULT-M2W3-AMD-MI350P-OPERAND-B-PRODUCT","draft","reviewed","","","","d9371962cbeb67b5ef5e9b09f5141838c85ed892e8ba9ea6b333002f93a1e6fe","1cb279b56f4fbfc688ed2f798646a93baed02ffbd34a647ffecf4cb6672f0e01","5567","152df43e8b64c2b78c54a41c6cf9bd7acfa4d3315fcf33d6128399b22f2f8825","68773358da2fe590aaaecdcccdaf0e68d61176df35d4b759dad14b4ae1174e5c","3970","f1520907d54e406e7d82f591e3799f07f569218aff0c321ac3b836b6c649da10","111343","accept","m2_final_review_mi350p","2026-08-13","仅授权该主键按冻结来源行追加，并把 review_status 从 draft 改为 reviewed；所有其余列保持冻结值。"
"MI350P-SIGN-0215","lifecycle_pk_write","审计/子代理交接/m2_staging/M2-W3-AMD-MI350P-CARD/structured/search-results.csv","8195b1e6f36ee4ad4f4f124fd5e17131014e1d4d5c186aa71897405095784327","16331","最小参考资料库/search-results.csv","search_result_id","SRESULT-M2W3-AMD-MI350P-OUTPUT-FORMAT-BLOG","draft","reviewed","","","","e917c2b3586efb028cec75315bd595c00f42fefbffd52b2fd0873f26947dcb45","1cb279b56f4fbfc688ed2f798646a93baed02ffbd34a647ffecf4cb6672f0e01","5567","152df43e8b64c2b78c54a41c6cf9bd7acfa4d3315fcf33d6128399b22f2f8825","68773358da2fe590aaaecdcccdaf0e68d61176df35d4b759dad14b4ae1174e5c","3970","f1520907d54e406e7d82f591e3799f07f569218aff0c321ac3b836b6c649da10","111343","accept","m2_final_review_mi350p","2026-08-13","仅授权该主键按冻结来源行追加，并把 review_status 从 draft 改为 reviewed；所有其余列保持冻结值。"
"MI350P-SIGN-0216","lifecycle_pk_write","审计/子代理交接/m2_staging/M2-W3-AMD-MI350P-CARD/structured/search-results.csv","8195b1e6f36ee4ad4f4f124fd5e17131014e1d4d5c186aa71897405095784327","16331","最小参考资料库/search-results.csv","search_result_id","SRESULT-M2W3-AMD-MI350P-OUTPUT-FORMAT-BROCHURE","draft","reviewed","","","","5f7823d47fc3722de846e472338e74c73c92203912ec575a80dcc83ce5d3a7bb","1cb279b56f4fbfc688ed2f798646a93baed02ffbd34a647ffecf4cb6672f0e01","5567","152df43e8b64c2b78c54a41c6cf9bd7acfa4d3315fcf33d6128399b22f2f8825","68773358da2fe590aaaecdcccdaf0e68d61176df35d4b759dad14b4ae1174e5c","3970","f1520907d54e406e7d82f591e3799f07f569218aff0c321ac3b836b6c649da10","111343","accept","m2_final_review_mi350p","2026-08-13","仅授权该主键按冻结来源行追加，并把 review_status 从 draft 改为 reviewed；所有其余列保持冻结值。"
"MI350P-SIGN-0217","lifecycle_pk_write","审计/子代理交接/m2_staging/M2-W3-AMD-MI350P-CARD/structured/search-results.csv","8195b1e6f36ee4ad4f4f124fd5e17131014e1d4d5c186aa71897405095784327","16331","最小参考资料库/search-results.csv","search_result_id","SRESULT-M2W3-AMD-MI350P-OUTPUT-FORMAT-CDNA4-ISA","draft","reviewed","","","","94b6d36872235099b43b7ab7d0d67dd0c14fbc8cbee81827afcb19417c087ba8","1cb279b56f4fbfc688ed2f798646a93baed02ffbd34a647ffecf4cb6672f0e01","5567","152df43e8b64c2b78c54a41c6cf9bd7acfa4d3315fcf33d6128399b22f2f8825","68773358da2fe590aaaecdcccdaf0e68d61176df35d4b759dad14b4ae1174e5c","3970","f1520907d54e406e7d82f591e3799f07f569218aff0c321ac3b836b6c649da10","111343","accept","m2_final_review_mi350p","2026-08-13","仅授权该主键按冻结来源行追加，并把 review_status 从 draft 改为 reviewed；所有其余列保持冻结值。"
"MI350P-SIGN-0218","lifecycle_pk_write","审计/子代理交接/m2_staging/M2-W3-AMD-MI350P-CARD/structured/search-results.csv","8195b1e6f36ee4ad4f4f124fd5e17131014e1d4d5c186aa71897405095784327","16331","最小参考资料库/search-results.csv","search_result_id","SRESULT-M2W3-AMD-MI350P-OUTPUT-FORMAT-CDNA4-WP","draft","reviewed","","","","5deb0f2d3f95e34a5e7adcc7aa3697969b4914a20d03c6b105bae70206d9e311","1cb279b56f4fbfc688ed2f798646a93baed02ffbd34a647ffecf4cb6672f0e01","5567","152df43e8b64c2b78c54a41c6cf9bd7acfa4d3315fcf33d6128399b22f2f8825","68773358da2fe590aaaecdcccdaf0e68d61176df35d4b759dad14b4ae1174e5c","3970","f1520907d54e406e7d82f591e3799f07f569218aff0c321ac3b836b6c649da10","111343","accept","m2_final_review_mi350p","2026-08-13","仅授权该主键按冻结来源行追加，并把 review_status 从 draft 改为 reviewed；所有其余列保持冻结值。"
"MI350P-SIGN-0219","lifecycle_pk_write","审计/子代理交接/m2_staging/M2-W3-AMD-MI350P-CARD/structured/search-results.csv","8195b1e6f36ee4ad4f4f124fd5e17131014e1d4d5c186aa71897405095784327","16331","最小参考资料库/search-results.csv","search_result_id","SRESULT-M2W3-AMD-MI350P-OUTPUT-FORMAT-PRODUCT","draft","reviewed","","","","5073da8a579d66fe5b65f157ce7188751701e2fbb464676903d3b22bb8c5eada","1cb279b56f4fbfc688ed2f798646a93baed02ffbd34a647ffecf4cb6672f0e01","5567","152df43e8b64c2b78c54a41c6cf9bd7acfa4d3315fcf33d6128399b22f2f8825","68773358da2fe590aaaecdcccdaf0e68d61176df35d4b759dad14b4ae1174e5c","3970","f1520907d54e406e7d82f591e3799f07f569218aff0c321ac3b836b6c649da10","111343","accept","m2_final_review_mi350p","2026-08-13","仅授权该主键按冻结来源行追加，并把 review_status 从 draft 改为 reviewed；所有其余列保持冻结值。"
"MI350P-SIGN-0220","lifecycle_pk_write","审计/子代理交接/m2_staging/M2-W3-AMD-MI350P-CARD/structured/search-results.csv","8195b1e6f36ee4ad4f4f124fd5e17131014e1d4d5c186aa71897405095784327","16331","最小参考资料库/search-results.csv","search_result_id","SRESULT-M2W3-AMD-MI350P-PHYSICAL-ACCUM-BLOG","draft","reviewed","","","","517a02b69021fd7e54faacfb3a18f99dfc7c37ffcd7c3e4f9c5bff46394bfb69","1cb279b56f4fbfc688ed2f798646a93baed02ffbd34a647ffecf4cb6672f0e01","5567","152df43e8b64c2b78c54a41c6cf9bd7acfa4d3315fcf33d6128399b22f2f8825","68773358da2fe590aaaecdcccdaf0e68d61176df35d4b759dad14b4ae1174e5c","3970","f1520907d54e406e7d82f591e3799f07f569218aff0c321ac3b836b6c649da10","111343","accept","m2_final_review_mi350p","2026-08-13","仅授权该主键按冻结来源行追加，并把 review_status 从 draft 改为 reviewed；所有其余列保持冻结值。"
"MI350P-SIGN-0221","lifecycle_pk_write","审计/子代理交接/m2_staging/M2-W3-AMD-MI350P-CARD/structured/search-results.csv","8195b1e6f36ee4ad4f4f124fd5e17131014e1d4d5c186aa71897405095784327","16331","最小参考资料库/search-results.csv","search_result_id","SRESULT-M2W3-AMD-MI350P-PHYSICAL-ACCUM-BROCHURE","draft","reviewed","","","","2d1a7f73032b9daa9fed2c1129cac2c93495171da0f00f2b82f3b7fe4db7025e","1cb279b56f4fbfc688ed2f798646a93baed02ffbd34a647ffecf4cb6672f0e01","5567","152df43e8b64c2b78c54a41c6cf9bd7acfa4d3315fcf33d6128399b22f2f8825","68773358da2fe590aaaecdcccdaf0e68d61176df35d4b759dad14b4ae1174e5c","3970","f1520907d54e406e7d82f591e3799f07f569218aff0c321ac3b836b6c649da10","111343","accept","m2_final_review_mi350p","2026-08-13","仅授权该主键按冻结来源行追加，并把 review_status 从 draft 改为 reviewed；所有其余列保持冻结值。"
"MI350P-SIGN-0222","lifecycle_pk_write","审计/子代理交接/m2_staging/M2-W3-AMD-MI350P-CARD/structured/search-results.csv","8195b1e6f36ee4ad4f4f124fd5e17131014e1d4d5c186aa71897405095784327","16331","最小参考资料库/search-results.csv","search_result_id","SRESULT-M2W3-AMD-MI350P-PHYSICAL-ACCUM-CDNA4-ISA","draft","reviewed","","","","44e89455f58a67c2b18227deca1f4433d64c20b8a0997dc481dd1ef62e6c005a","1cb279b56f4fbfc688ed2f798646a93baed02ffbd34a647ffecf4cb6672f0e01","5567","152df43e8b64c2b78c54a41c6cf9bd7acfa4d3315fcf33d6128399b22f2f8825","68773358da2fe590aaaecdcccdaf0e68d61176df35d4b759dad14b4ae1174e5c","3970","f1520907d54e406e7d82f591e3799f07f569218aff0c321ac3b836b6c649da10","111343","accept","m2_final_review_mi350p","2026-08-13","仅授权该主键按冻结来源行追加，并把 review_status 从 draft 改为 reviewed；所有其余列保持冻结值。"
"MI350P-SIGN-0223","lifecycle_pk_write","审计/子代理交接/m2_staging/M2-W3-AMD-MI350P-CARD/structured/search-results.csv","8195b1e6f36ee4ad4f4f124fd5e17131014e1d4d5c186aa71897405095784327","16331","最小参考资料库/search-results.csv","search_result_id","SRESULT-M2W3-AMD-MI350P-PHYSICAL-ACCUM-CDNA4-WP","draft","reviewed","","","","02a4becaa69f7273fb3e4fe47d8c74cd72fdaef6dfa6645d74ec692f7f04f5db","1cb279b56f4fbfc688ed2f798646a93baed02ffbd34a647ffecf4cb6672f0e01","5567","152df43e8b64c2b78c54a41c6cf9bd7acfa4d3315fcf33d6128399b22f2f8825","68773358da2fe590aaaecdcccdaf0e68d61176df35d4b759dad14b4ae1174e5c","3970","f1520907d54e406e7d82f591e3799f07f569218aff0c321ac3b836b6c649da10","111343","accept","m2_final_review_mi350p","2026-08-13","仅授权该主键按冻结来源行追加，并把 review_status 从 draft 改为 reviewed；所有其余列保持冻结值。"
"MI350P-SIGN-0224","lifecycle_pk_write","审计/子代理交接/m2_staging/M2-W3-AMD-MI350P-CARD/structured/search-results.csv","8195b1e6f36ee4ad4f4f124fd5e17131014e1d4d5c186aa71897405095784327","16331","最小参考资料库/search-results.csv","search_result_id","SRESULT-M2W3-AMD-MI350P-PHYSICAL-ACCUM-PRODUCT","draft","reviewed","","","","836175002bcf754aa460d706bd89064a82be345b715bc717af2215a6ebac8e06","1cb279b56f4fbfc688ed2f798646a93baed02ffbd34a647ffecf4cb6672f0e01","5567","152df43e8b64c2b78c54a41c6cf9bd7acfa4d3315fcf33d6128399b22f2f8825","68773358da2fe590aaaecdcccdaf0e68d61176df35d4b759dad14b4ae1174e5c","3970","f1520907d54e406e7d82f591e3799f07f569218aff0c321ac3b836b6c649da10","111343","accept","m2_final_review_mi350p","2026-08-13","仅授权该主键按冻结来源行追加，并把 review_status 从 draft 改为 reviewed；所有其余列保持冻结值。"
"MI350P-SIGN-0225","lifecycle_pk_write","审计/子代理交接/m2_staging/M2-W3-AMD-MI350P-CARD/structured/search-results.csv","8195b1e6f36ee4ad4f4f124fd5e17131014e1d4d5c186aa71897405095784327","16331","最小参考资料库/search-results.csv","search_result_id","SRESULT-M2W3-AMD-MI350P-PRODUCT-FORMAT-BLOG","draft","reviewed","","","","d88aaaf8d6ee335445eefcf168e630ad126c56f6d65f01fe83dbb6c6bdef4824","1cb279b56f4fbfc688ed2f798646a93baed02ffbd34a647ffecf4cb6672f0e01","5567","152df43e8b64c2b78c54a41c6cf9bd7acfa4d3315fcf33d6128399b22f2f8825","68773358da2fe590aaaecdcccdaf0e68d61176df35d4b759dad14b4ae1174e5c","3970","f1520907d54e406e7d82f591e3799f07f569218aff0c321ac3b836b6c649da10","111343","accept","m2_final_review_mi350p","2026-08-13","仅授权该主键按冻结来源行追加，并把 review_status 从 draft 改为 reviewed；所有其余列保持冻结值。"
"MI350P-SIGN-0226","lifecycle_pk_write","审计/子代理交接/m2_staging/M2-W3-AMD-MI350P-CARD/structured/search-results.csv","8195b1e6f36ee4ad4f4f124fd5e17131014e1d4d5c186aa71897405095784327","16331","最小参考资料库/search-results.csv","search_result_id","SRESULT-M2W3-AMD-MI350P-PRODUCT-FORMAT-BROCHURE","draft","reviewed","","","","dbbfa532a8208196f1726639ad5832faa7569d1e826124efe0ecb075b6b19056","1cb279b56f4fbfc688ed2f798646a93baed02ffbd34a647ffecf4cb6672f0e01","5567","152df43e8b64c2b78c54a41c6cf9bd7acfa4d3315fcf33d6128399b22f2f8825","68773358da2fe590aaaecdcccdaf0e68d61176df35d4b759dad14b4ae1174e5c","3970","f1520907d54e406e7d82f591e3799f07f569218aff0c321ac3b836b6c649da10","111343","accept","m2_final_review_mi350p","2026-08-13","仅授权该主键按冻结来源行追加，并把 review_status 从 draft 改为 reviewed；所有其余列保持冻结值。"
"MI350P-SIGN-0227","lifecycle_pk_write","审计/子代理交接/m2_staging/M2-W3-AMD-MI350P-CARD/structured/search-results.csv","8195b1e6f36ee4ad4f4f124fd5e17131014e1d4d5c186aa71897405095784327","16331","最小参考资料库/search-results.csv","search_result_id","SRESULT-M2W3-AMD-MI350P-PRODUCT-FORMAT-CDNA4-ISA","draft","reviewed","","","","56867f4727d58885a79eb7781912a7f6c6e5241a6b1bb64a8e3f88ab8a5044c6","1cb279b56f4fbfc688ed2f798646a93baed02ffbd34a647ffecf4cb6672f0e01","5567","152df43e8b64c2b78c54a41c6cf9bd7acfa4d3315fcf33d6128399b22f2f8825","68773358da2fe590aaaecdcccdaf0e68d61176df35d4b759dad14b4ae1174e5c","3970","f1520907d54e406e7d82f591e3799f07f569218aff0c321ac3b836b6c649da10","111343","accept","m2_final_review_mi350p","2026-08-13","仅授权该主键按冻结来源行追加，并把 review_status 从 draft 改为 reviewed；所有其余列保持冻结值。"
"MI350P-SIGN-0228","lifecycle_pk_write","审计/子代理交接/m2_staging/M2-W3-AMD-MI350P-CARD/structured/search-results.csv","8195b1e6f36ee4ad4f4f124fd5e17131014e1d4d5c186aa71897405095784327","16331","最小参考资料库/search-results.csv","search_result_id","SRESULT-M2W3-AMD-MI350P-PRODUCT-FORMAT-CDNA4-WP","draft","reviewed","","","","a5404f587a09c9a53d21febc25ecedd66a142bbfa03b51d0cd9334e528d421eb","1cb279b56f4fbfc688ed2f798646a93baed02ffbd34a647ffecf4cb6672f0e01","5567","152df43e8b64c2b78c54a41c6cf9bd7acfa4d3315fcf33d6128399b22f2f8825","68773358da2fe590aaaecdcccdaf0e68d61176df35d4b759dad14b4ae1174e5c","3970","f1520907d54e406e7d82f591e3799f07f569218aff0c321ac3b836b6c649da10","111343","accept","m2_final_review_mi350p","2026-08-13","仅授权该主键按冻结来源行追加，并把 review_status 从 draft 改为 reviewed；所有其余列保持冻结值。"
"MI350P-SIGN-0229","lifecycle_pk_write","审计/子代理交接/m2_staging/M2-W3-AMD-MI350P-CARD/structured/search-results.csv","8195b1e6f36ee4ad4f4f124fd5e17131014e1d4d5c186aa71897405095784327","16331","最小参考资料库/search-results.csv","search_result_id","SRESULT-M2W3-AMD-MI350P-PRODUCT-FORMAT-PRODUCT","draft","reviewed","","","","6c95583d9ce89d4b62d5b9f8c9138dfae86241511026f2a50af75fe0adbaa1ff","1cb279b56f4fbfc688ed2f798646a93baed02ffbd34a647ffecf4cb6672f0e01","5567","152df43e8b64c2b78c54a41c6cf9bd7acfa4d3315fcf33d6128399b22f2f8825","68773358da2fe590aaaecdcccdaf0e68d61176df35d4b759dad14b4ae1174e5c","3970","f1520907d54e406e7d82f591e3799f07f569218aff0c321ac3b836b6c649da10","111343","accept","m2_final_review_mi350p","2026-08-13","仅授权该主键按冻结来源行追加，并把 review_status 从 draft 改为 reviewed；所有其余列保持冻结值。"
"MI350P-SIGN-0230","lifecycle_pk_write","审计/子代理交接/m2_staging/M2-W3-AMD-MI350P-CARD/structured/search-results.csv","8195b1e6f36ee4ad4f4f124fd5e17131014e1d4d5c186aa71897405095784327","16331","最小参考资料库/search-results.csv","search_result_id","SRESULT-M2W3-AMD-MI350P-RELEASE-DATE-BLOG","draft","reviewed","","","","07e996ec46e9aa0e77e849893bf8e07435b868bf6f9e969a6ca9f143b972353e","1cb279b56f4fbfc688ed2f798646a93baed02ffbd34a647ffecf4cb6672f0e01","5567","152df43e8b64c2b78c54a41c6cf9bd7acfa4d3315fcf33d6128399b22f2f8825","68773358da2fe590aaaecdcccdaf0e68d61176df35d4b759dad14b4ae1174e5c","3970","f1520907d54e406e7d82f591e3799f07f569218aff0c321ac3b836b6c649da10","111343","accept","m2_final_review_mi350p","2026-08-13","仅授权该主键按冻结来源行追加，并把 review_status 从 draft 改为 reviewed；所有其余列保持冻结值。"
"MI350P-SIGN-0231","lifecycle_pk_write","审计/子代理交接/m2_staging/M2-W3-AMD-MI350P-CARD/structured/search-results.csv","8195b1e6f36ee4ad4f4f124fd5e17131014e1d4d5c186aa71897405095784327","16331","最小参考资料库/search-results.csv","search_result_id","SRESULT-M2W3-AMD-MI350P-RELEASE-DATE-BROCHURE","draft","reviewed","","","","ff4ed8dbdc5332ed37254ffa88aafb17f55658bc25a1e1040f118042513fcb81","1cb279b56f4fbfc688ed2f798646a93baed02ffbd34a647ffecf4cb6672f0e01","5567","152df43e8b64c2b78c54a41c6cf9bd7acfa4d3315fcf33d6128399b22f2f8825","68773358da2fe590aaaecdcccdaf0e68d61176df35d4b759dad14b4ae1174e5c","3970","f1520907d54e406e7d82f591e3799f07f569218aff0c321ac3b836b6c649da10","111343","accept","m2_final_review_mi350p","2026-08-13","仅授权该主键按冻结来源行追加，并把 review_status 从 draft 改为 reviewed；所有其余列保持冻结值。"
"MI350P-SIGN-0232","lifecycle_pk_write","审计/子代理交接/m2_staging/M2-W3-AMD-MI350P-CARD/structured/search-results.csv","8195b1e6f36ee4ad4f4f124fd5e17131014e1d4d5c186aa71897405095784327","16331","最小参考资料库/search-results.csv","search_result_id","SRESULT-M2W3-AMD-MI350P-RELEASE-DATE-PRODUCT","draft","reviewed","","","","0b5258fa9e4fb7264c4cb36806aceda421d19b215e19d00e77ac72d6364e071d","1cb279b56f4fbfc688ed2f798646a93baed02ffbd34a647ffecf4cb6672f0e01","5567","152df43e8b64c2b78c54a41c6cf9bd7acfa4d3315fcf33d6128399b22f2f8825","68773358da2fe590aaaecdcccdaf0e68d61176df35d4b759dad14b4ae1174e5c","3970","f1520907d54e406e7d82f591e3799f07f569218aff0c321ac3b836b6c649da10","111343","accept","m2_final_review_mi350p","2026-08-13","仅授权该主键按冻结来源行追加，并把 review_status 从 draft 改为 reviewed；所有其余列保持冻结值。"
"MI350P-SIGN-0233","lifecycle_pk_write","审计/子代理交接/m2_staging/M2-W3-AMD-MI350P-CARD/structured/search-results.csv","8195b1e6f36ee4ad4f4f124fd5e17131014e1d4d5c186aa71897405095784327","16331","最小参考资料库/search-results.csv","search_result_id","SRESULT-M2W3-AMD-MI350P-RUNTIME-VERSION-BLOG","draft","reviewed","","","","0c751907d2611458737e623600490bee0eb616ada77436ef393b28704b252e1c","1cb279b56f4fbfc688ed2f798646a93baed02ffbd34a647ffecf4cb6672f0e01","5567","152df43e8b64c2b78c54a41c6cf9bd7acfa4d3315fcf33d6128399b22f2f8825","68773358da2fe590aaaecdcccdaf0e68d61176df35d4b759dad14b4ae1174e5c","3970","f1520907d54e406e7d82f591e3799f07f569218aff0c321ac3b836b6c649da10","111343","accept","m2_final_review_mi350p","2026-08-13","仅授权该主键按冻结来源行追加，并把 review_status 从 draft 改为 reviewed；所有其余列保持冻结值。"
"MI350P-SIGN-0234","lifecycle_pk_write","审计/子代理交接/m2_staging/M2-W3-AMD-MI350P-CARD/structured/search-results.csv","8195b1e6f36ee4ad4f4f124fd5e17131014e1d4d5c186aa71897405095784327","16331","最小参考资料库/search-results.csv","search_result_id","SRESULT-M2W3-AMD-MI350P-RUNTIME-VERSION-BROCHURE","draft","reviewed","","","","e506da2fb2d25470fff38a6b805c451207df57b90ae5080c1f770c073c7c7cd6","1cb279b56f4fbfc688ed2f798646a93baed02ffbd34a647ffecf4cb6672f0e01","5567","152df43e8b64c2b78c54a41c6cf9bd7acfa4d3315fcf33d6128399b22f2f8825","68773358da2fe590aaaecdcccdaf0e68d61176df35d4b759dad14b4ae1174e5c","3970","f1520907d54e406e7d82f591e3799f07f569218aff0c321ac3b836b6c649da10","111343","accept","m2_final_review_mi350p","2026-08-13","仅授权该主键按冻结来源行追加，并把 review_status 从 draft 改为 reviewed；所有其余列保持冻结值。"
"MI350P-SIGN-0235","lifecycle_pk_write","审计/子代理交接/m2_staging/M2-W3-AMD-MI350P-CARD/structured/search-results.csv","8195b1e6f36ee4ad4f4f124fd5e17131014e1d4d5c186aa71897405095784327","16331","最小参考资料库/search-results.csv","search_result_id","SRESULT-M2W3-AMD-MI350P-RUNTIME-VERSION-CDNA4-ISA","draft","reviewed","","","","255c3bf8890b9da5767d4a5d8709d52e7d8d6860a5838cc72cf518ec94d1f147","1cb279b56f4fbfc688ed2f798646a93baed02ffbd34a647ffecf4cb6672f0e01","5567","152df43e8b64c2b78c54a41c6cf9bd7acfa4d3315fcf33d6128399b22f2f8825","68773358da2fe590aaaecdcccdaf0e68d61176df35d4b759dad14b4ae1174e5c","3970","f1520907d54e406e7d82f591e3799f07f569218aff0c321ac3b836b6c649da10","111343","accept","m2_final_review_mi350p","2026-08-13","仅授权该主键按冻结来源行追加，并把 review_status 从 draft 改为 reviewed；所有其余列保持冻结值。"
"MI350P-SIGN-0236","lifecycle_pk_write","审计/子代理交接/m2_staging/M2-W3-AMD-MI350P-CARD/structured/search-results.csv","8195b1e6f36ee4ad4f4f124fd5e17131014e1d4d5c186aa71897405095784327","16331","最小参考资料库/search-results.csv","search_result_id","SRESULT-M2W3-AMD-MI350P-RUNTIME-VERSION-CDNA4-WP","draft","reviewed","","","","fe2e59f28ba510467718fdf8cb8d0eae9bdbc4347a019688f9cc15418bb946f5","1cb279b56f4fbfc688ed2f798646a93baed02ffbd34a647ffecf4cb6672f0e01","5567","152df43e8b64c2b78c54a41c6cf9bd7acfa4d3315fcf33d6128399b22f2f8825","68773358da2fe590aaaecdcccdaf0e68d61176df35d4b759dad14b4ae1174e5c","3970","f1520907d54e406e7d82f591e3799f07f569218aff0c321ac3b836b6c649da10","111343","accept","m2_final_review_mi350p","2026-08-13","仅授权该主键按冻结来源行追加，并把 review_status 从 draft 改为 reviewed；所有其余列保持冻结值。"
"MI350P-SIGN-0237","lifecycle_pk_write","审计/子代理交接/m2_staging/M2-W3-AMD-MI350P-CARD/structured/search-results.csv","8195b1e6f36ee4ad4f4f124fd5e17131014e1d4d5c186aa71897405095784327","16331","最小参考资料库/search-results.csv","search_result_id","SRESULT-M2W3-AMD-MI350P-RUNTIME-VERSION-PRODUCT","draft","reviewed","","","","c13de3774f964223bd980b022a36659a6daf57fc2775d913a754b5a913d5e70d","1cb279b56f4fbfc688ed2f798646a93baed02ffbd34a647ffecf4cb6672f0e01","5567","152df43e8b64c2b78c54a41c6cf9bd7acfa4d3315fcf33d6128399b22f2f8825","68773358da2fe590aaaecdcccdaf0e68d61176df35d4b759dad14b4ae1174e5c","3970","f1520907d54e406e7d82f591e3799f07f569218aff0c321ac3b836b6c649da10","111343","accept","m2_final_review_mi350p","2026-08-13","仅授权该主键按冻结来源行追加，并把 review_status 从 draft 改为 reviewed；所有其余列保持冻结值。"
"MI350P-SIGN-0238","lifecycle_pk_write","审计/子代理交接/m2_staging/M2-W3-AMD-MI350P-CARD/structured/search-results.csv","8195b1e6f36ee4ad4f4f124fd5e17131014e1d4d5c186aa71897405095784327","16331","最小参考资料库/search-results.csv","search_result_id","SRESULT-M2W3-AMD-MI350P-SPECIAL-IMPLEMENTATION-BLOG","draft","reviewed","","","","eb94c89e70ee88633a77b17cbd7d32ecebeb447e63f15f2e5679185f289e932b","1cb279b56f4fbfc688ed2f798646a93baed02ffbd34a647ffecf4cb6672f0e01","5567","152df43e8b64c2b78c54a41c6cf9bd7acfa4d3315fcf33d6128399b22f2f8825","68773358da2fe590aaaecdcccdaf0e68d61176df35d4b759dad14b4ae1174e5c","3970","f1520907d54e406e7d82f591e3799f07f569218aff0c321ac3b836b6c649da10","111343","accept","m2_final_review_mi350p","2026-08-13","仅授权该主键按冻结来源行追加，并把 review_status 从 draft 改为 reviewed；所有其余列保持冻结值。"
"MI350P-SIGN-0239","lifecycle_pk_write","审计/子代理交接/m2_staging/M2-W3-AMD-MI350P-CARD/structured/search-results.csv","8195b1e6f36ee4ad4f4f124fd5e17131014e1d4d5c186aa71897405095784327","16331","最小参考资料库/search-results.csv","search_result_id","SRESULT-M2W3-AMD-MI350P-SPECIAL-IMPLEMENTATION-BROCHURE","draft","reviewed","","","","91fd27cdd5dc4da59cb6852f7e117e3c7a05712eda5d841122d817ba85f6d8ee","1cb279b56f4fbfc688ed2f798646a93baed02ffbd34a647ffecf4cb6672f0e01","5567","152df43e8b64c2b78c54a41c6cf9bd7acfa4d3315fcf33d6128399b22f2f8825","68773358da2fe590aaaecdcccdaf0e68d61176df35d4b759dad14b4ae1174e5c","3970","f1520907d54e406e7d82f591e3799f07f569218aff0c321ac3b836b6c649da10","111343","accept","m2_final_review_mi350p","2026-08-13","仅授权该主键按冻结来源行追加，并把 review_status 从 draft 改为 reviewed；所有其余列保持冻结值。"
"MI350P-SIGN-0240","lifecycle_pk_write","审计/子代理交接/m2_staging/M2-W3-AMD-MI350P-CARD/structured/search-results.csv","8195b1e6f36ee4ad4f4f124fd5e17131014e1d4d5c186aa71897405095784327","16331","最小参考资料库/search-results.csv","search_result_id","SRESULT-M2W3-AMD-MI350P-SPECIAL-IMPLEMENTATION-CDNA4-ISA","draft","reviewed","","","","8419d4e68be2d4246e5953d35b7246883863b0dbe2543cac5deff09a15a46d59","1cb279b56f4fbfc688ed2f798646a93baed02ffbd34a647ffecf4cb6672f0e01","5567","152df43e8b64c2b78c54a41c6cf9bd7acfa4d3315fcf33d6128399b22f2f8825","68773358da2fe590aaaecdcccdaf0e68d61176df35d4b759dad14b4ae1174e5c","3970","f1520907d54e406e7d82f591e3799f07f569218aff0c321ac3b836b6c649da10","111343","accept","m2_final_review_mi350p","2026-08-13","仅授权该主键按冻结来源行追加，并把 review_status 从 draft 改为 reviewed；所有其余列保持冻结值。"
"MI350P-SIGN-0241","lifecycle_pk_write","审计/子代理交接/m2_staging/M2-W3-AMD-MI350P-CARD/structured/search-results.csv","8195b1e6f36ee4ad4f4f124fd5e17131014e1d4d5c186aa71897405095784327","16331","最小参考资料库/search-results.csv","search_result_id","SRESULT-M2W3-AMD-MI350P-SPECIAL-IMPLEMENTATION-CDNA4-WP","draft","reviewed","","","","ab4e5744721005f80fb23b7fc9b7f69dac6ad1831a7da83809cd2f43a3b66bca","1cb279b56f4fbfc688ed2f798646a93baed02ffbd34a647ffecf4cb6672f0e01","5567","152df43e8b64c2b78c54a41c6cf9bd7acfa4d3315fcf33d6128399b22f2f8825","68773358da2fe590aaaecdcccdaf0e68d61176df35d4b759dad14b4ae1174e5c","3970","f1520907d54e406e7d82f591e3799f07f569218aff0c321ac3b836b6c649da10","111343","accept","m2_final_review_mi350p","2026-08-13","仅授权该主键按冻结来源行追加，并把 review_status 从 draft 改为 reviewed；所有其余列保持冻结值。"
"MI350P-SIGN-0242","lifecycle_pk_write","审计/子代理交接/m2_staging/M2-W3-AMD-MI350P-CARD/structured/search-results.csv","8195b1e6f36ee4ad4f4f124fd5e17131014e1d4d5c186aa71897405095784327","16331","最小参考资料库/search-results.csv","search_result_id","SRESULT-M2W3-AMD-MI350P-SPECIAL-IMPLEMENTATION-PRODUCT","draft","reviewed","","","","0548258f36a08d9db764d5509073a7150a57c463102f79394a6148872da8f5f2","1cb279b56f4fbfc688ed2f798646a93baed02ffbd34a647ffecf4cb6672f0e01","5567","152df43e8b64c2b78c54a41c6cf9bd7acfa4d3315fcf33d6128399b22f2f8825","68773358da2fe590aaaecdcccdaf0e68d61176df35d4b759dad14b4ae1174e5c","3970","f1520907d54e406e7d82f591e3799f07f569218aff0c321ac3b836b6c649da10","111343","accept","m2_final_review_mi350p","2026-08-13","仅授权该主键按冻结来源行追加，并把 review_status 从 draft 改为 reviewed；所有其余列保持冻结值。"
"MI350P-SIGN-0243","lifecycle_pk_write","审计/子代理交接/m2_staging/M2-W3-AMD-MI350P-CARD/structured/selection-members.csv","e06b2231c037453091f6b04f750a4cee44dbc646d838f48a75dde373bb216e9e","1258","最小参考资料库/selection-members.csv","selection_member_id","SELMEM-M2W3-AMD-MI350P-BLOG","draft","reviewed","","","","32ee0f3709e4467ab971ac32249d07e5bbcc756c6a8de14edbbf8502112a23ab","1cb279b56f4fbfc688ed2f798646a93baed02ffbd34a647ffecf4cb6672f0e01","5567","152df43e8b64c2b78c54a41c6cf9bd7acfa4d3315fcf33d6128399b22f2f8825","68773358da2fe590aaaecdcccdaf0e68d61176df35d4b759dad14b4ae1174e5c","3970","f1520907d54e406e7d82f591e3799f07f569218aff0c321ac3b836b6c649da10","111343","accept","m2_final_review_mi350p","2026-08-13","仅授权该主键按冻结来源行追加，并把 review_status 从 draft 改为 reviewed；所有其余列保持冻结值。"
"MI350P-SIGN-0244","lifecycle_pk_write","审计/子代理交接/m2_staging/M2-W3-AMD-MI350P-CARD/structured/selection-members.csv","e06b2231c037453091f6b04f750a4cee44dbc646d838f48a75dde373bb216e9e","1258","最小参考资料库/selection-members.csv","selection_member_id","SELMEM-M2W3-AMD-MI350P-BROCHURE","draft","reviewed","","","","1a9077a6a543ee957d95137d21b573185350832c7fd2c3b5267231e9ccd94636","1cb279b56f4fbfc688ed2f798646a93baed02ffbd34a647ffecf4cb6672f0e01","5567","152df43e8b64c2b78c54a41c6cf9bd7acfa4d3315fcf33d6128399b22f2f8825","68773358da2fe590aaaecdcccdaf0e68d61176df35d4b759dad14b4ae1174e5c","3970","f1520907d54e406e7d82f591e3799f07f569218aff0c321ac3b836b6c649da10","111343","accept","m2_final_review_mi350p","2026-08-13","仅授权该主键按冻结来源行追加，并把 review_status 从 draft 改为 reviewed；所有其余列保持冻结值。"
"MI350P-SIGN-0245","lifecycle_pk_write","审计/子代理交接/m2_staging/M2-W3-AMD-MI350P-CARD/structured/selection-members.csv","e06b2231c037453091f6b04f750a4cee44dbc646d838f48a75dde373bb216e9e","1258","最小参考资料库/selection-members.csv","selection_member_id","SELMEM-M2W3-AMD-MI350P-PRODUCT","draft","reviewed","","","","1c4f98d3b88214820218e3b1bdfc647ede391c5bd0b2e67fe6e730224c431f2f","1cb279b56f4fbfc688ed2f798646a93baed02ffbd34a647ffecf4cb6672f0e01","5567","152df43e8b64c2b78c54a41c6cf9bd7acfa4d3315fcf33d6128399b22f2f8825","68773358da2fe590aaaecdcccdaf0e68d61176df35d4b759dad14b4ae1174e5c","3970","f1520907d54e406e7d82f591e3799f07f569218aff0c321ac3b836b6c649da10","111343","accept","m2_final_review_mi350p","2026-08-13","仅授权该主键按冻结来源行追加，并把 review_status 从 draft 改为 reviewed；所有其余列保持冻结值。"
"MI350P-SIGN-0246","lifecycle_pk_write","审计/子代理交接/m2_staging/M2-W3-AMD-MI350P-CARD/structured/selection-runs.csv","cd7d03627546ddebdd2e0e05570163ec6bbb111fa17fcf163fcf010f8417ee38","607","最小参考资料库/selection-runs.csv","selection_run_id","SELRUN-M2W3-AMD-MI350P-20260813","draft","reviewed","status","draft","reviewed","00d92f1319d858c0372ee56b1155e1d3f94be2202a8b261e0e953c65494227a8","1cb279b56f4fbfc688ed2f798646a93baed02ffbd34a647ffecf4cb6672f0e01","5567","152df43e8b64c2b78c54a41c6cf9bd7acfa4d3315fcf33d6128399b22f2f8825","68773358da2fe590aaaecdcccdaf0e68d61176df35d4b759dad14b4ae1174e5c","3970","f1520907d54e406e7d82f591e3799f07f569218aff0c321ac3b836b6c649da10","111343","accept","m2_final_review_mi350p","2026-08-13","授权该选择运行按冻结来源行追加，review_status 从 draft 改为 reviewed，同时语义 status 从 draft 改为 reviewed；其余列保持冻结值。"
"MI350P-SIGN-0247","lifecycle_pk_write","审计/子代理交接/m2_staging/M2-W3-AMD-MI350P-CARD/structured/source-coverage.csv","0d896cc5387535f09cfcc96cfd7144abe0f562180fd7e0275841a0d36999d460","1618","最小参考资料库/source-coverage.csv","coverage_id","COV-M2W3-AMD-MI350P-BLOG-NOT-EQUIV-PRODUCT","draft","reviewed","","","","cfb52b2cb30a2cf75979b6b3b5f1b3d49620eb3ed9220b4dff62c1e91bbebc82","1cb279b56f4fbfc688ed2f798646a93baed02ffbd34a647ffecf4cb6672f0e01","5567","152df43e8b64c2b78c54a41c6cf9bd7acfa4d3315fcf33d6128399b22f2f8825","68773358da2fe590aaaecdcccdaf0e68d61176df35d4b759dad14b4ae1174e5c","3970","f1520907d54e406e7d82f591e3799f07f569218aff0c321ac3b836b6c649da10","111343","accept","m2_final_review_mi350p","2026-08-13","仅授权该主键按冻结来源行追加，并把 review_status 从 draft 改为 reviewed；所有其余列保持冻结值。"
"MI350P-SIGN-0248","lifecycle_pk_write","审计/子代理交接/m2_staging/M2-W3-AMD-MI350P-CARD/structured/source-coverage.csv","0d896cc5387535f09cfcc96cfd7144abe0f562180fd7e0275841a0d36999d460","1618","最小参考资料库/source-coverage.csv","coverage_id","COV-M2W3-AMD-MI350P-BROCHURE-BY-PRODUCT","draft","reviewed","","","","691bd8a92734ebf8e0b380be8e0f4ef63b41f6f50dd2a2ed951bcdd422c7dd15","1cb279b56f4fbfc688ed2f798646a93baed02ffbd34a647ffecf4cb6672f0e01","5567","152df43e8b64c2b78c54a41c6cf9bd7acfa4d3315fcf33d6128399b22f2f8825","68773358da2fe590aaaecdcccdaf0e68d61176df35d4b759dad14b4ae1174e5c","3970","f1520907d54e406e7d82f591e3799f07f569218aff0c321ac3b836b6c649da10","111343","accept","m2_final_review_mi350p","2026-08-13","仅授权该主键按冻结来源行追加，并把 review_status 从 draft 改为 reviewed；所有其余列保持冻结值。"
"MI350P-SIGN-0249","lifecycle_pk_write","审计/子代理交接/m2_staging/M2-W3-AMD-MI350P-CARD/structured/source-coverage.csv","0d896cc5387535f09cfcc96cfd7144abe0f562180fd7e0275841a0d36999d460","1618","最小参考资料库/source-coverage.csv","coverage_id","COV-M2W3-AMD-MI350P-PRODUCT-BY-BROCHURE","draft","reviewed","","","","a731535f9e50c7df8d9c4cfcac637d9bfabb770affcbf1726ac0422de8498748","1cb279b56f4fbfc688ed2f798646a93baed02ffbd34a647ffecf4cb6672f0e01","5567","152df43e8b64c2b78c54a41c6cf9bd7acfa4d3315fcf33d6128399b22f2f8825","68773358da2fe590aaaecdcccdaf0e68d61176df35d4b759dad14b4ae1174e5c","3970","f1520907d54e406e7d82f591e3799f07f569218aff0c321ac3b836b6c649da10","111343","accept","m2_final_review_mi350p","2026-08-13","仅授权该主键按冻结来源行追加，并把 review_status 从 draft 改为 reviewed；所有其余列保持冻结值。"
"MI350P-SIGN-0250","lifecycle_pk_write","审计/子代理交接/m2_staging/M2-W3-AMD-MI350P-CARD/structured/source-endpoints.csv","5d7b0acccbc20d4e7a3ef68a97a59f9dc5aa05c9fa5ceb0de969b5cf572264ab","2427","最小参考资料库/source-endpoints.csv","endpoint_id","END-M2W3-AMD-MI350P-BLOG-REMOTE","draft","reviewed","","","","5ef3012caad9dabe7ef3abfe616d6bde65ab11171b624be5a395658a8ffde7ab","1cb279b56f4fbfc688ed2f798646a93baed02ffbd34a647ffecf4cb6672f0e01","5567","152df43e8b64c2b78c54a41c6cf9bd7acfa4d3315fcf33d6128399b22f2f8825","68773358da2fe590aaaecdcccdaf0e68d61176df35d4b759dad14b4ae1174e5c","3970","f1520907d54e406e7d82f591e3799f07f569218aff0c321ac3b836b6c649da10","111343","accept","m2_final_review_mi350p","2026-08-13","仅授权该主键按冻结来源行追加，并把 review_status 从 draft 改为 reviewed；所有其余列保持冻结值。"
"MI350P-SIGN-0251","lifecycle_pk_write","审计/子代理交接/m2_staging/M2-W3-AMD-MI350P-CARD/structured/source-endpoints.csv","5d7b0acccbc20d4e7a3ef68a97a59f9dc5aa05c9fa5ceb0de969b5cf572264ab","2427","最小参考资料库/source-endpoints.csv","endpoint_id","END-M2W3-AMD-MI350P-BLOG-SNAPSHOT","draft","reviewed","local_path","审计/子代理交接/m2_staging/M2-W3-AMD-MI350P-CARD/fixed-candidates/amd-mi350p-pcie-blog-2026-08-13.html","最小参考资料库/快照/AMD/MI350P/2026-08-13/amd-mi350p-pcie-blog-2026-08-13.html","b61a88e525238036b4d5862e62aa1985803db9877cabcd4f1defac8b6d623fa9","1cb279b56f4fbfc688ed2f798646a93baed02ffbd34a647ffecf4cb6672f0e01","5567","152df43e8b64c2b78c54a41c6cf9bd7acfa4d3315fcf33d6128399b22f2f8825","68773358da2fe590aaaecdcccdaf0e68d61176df35d4b759dad14b4ae1174e5c","3970","f1520907d54e406e7d82f591e3799f07f569218aff0c321ac3b836b6c649da10","111343","accept","m2_final_review_mi350p","2026-08-13","授权该 endpoint 按冻结来源行追加，并仅作两项变更：review_status 从 draft 改为 reviewed，local_path 改为本行指定的正式目标；其余列保持冻结值。"
"MI350P-SIGN-0252","lifecycle_pk_write","审计/子代理交接/m2_staging/M2-W3-AMD-MI350P-CARD/structured/source-endpoints.csv","5d7b0acccbc20d4e7a3ef68a97a59f9dc5aa05c9fa5ceb0de969b5cf572264ab","2427","最小参考资料库/source-endpoints.csv","endpoint_id","END-M2W3-AMD-MI350P-BROCHURE-LOCAL","draft","reviewed","local_path","审计/子代理交接/m2_staging/M2-W3-AMD-MI350P-CARD/fixed-candidates/amd-instinct-mi350p-product-brochure-2026-08-13.pdf","论文/AMD_Instinct/02_厂商产品资料/2026_AMD_Instinct_MI350P_PCIe_Card_Brochure.pdf","f4656f680017a4a1e3a616214efce6c3512380c8dfc2c7c47337302fcadc3c77","1cb279b56f4fbfc688ed2f798646a93baed02ffbd34a647ffecf4cb6672f0e01","5567","152df43e8b64c2b78c54a41c6cf9bd7acfa4d3315fcf33d6128399b22f2f8825","68773358da2fe590aaaecdcccdaf0e68d61176df35d4b759dad14b4ae1174e5c","3970","f1520907d54e406e7d82f591e3799f07f569218aff0c321ac3b836b6c649da10","111343","accept","m2_final_review_mi350p","2026-08-13","授权该 endpoint 按冻结来源行追加，并仅作两项变更：review_status 从 draft 改为 reviewed，local_path 改为本行指定的正式目标；其余列保持冻结值。"
"MI350P-SIGN-0253","lifecycle_pk_write","审计/子代理交接/m2_staging/M2-W3-AMD-MI350P-CARD/structured/source-endpoints.csv","5d7b0acccbc20d4e7a3ef68a97a59f9dc5aa05c9fa5ceb0de969b5cf572264ab","2427","最小参考资料库/source-endpoints.csv","endpoint_id","END-M2W3-AMD-MI350P-BROCHURE-REMOTE","draft","reviewed","","","","711ad5a163e19d47edd935f4e594bfd8dc218274a6955fa8448ea6dc585a722d","1cb279b56f4fbfc688ed2f798646a93baed02ffbd34a647ffecf4cb6672f0e01","5567","152df43e8b64c2b78c54a41c6cf9bd7acfa4d3315fcf33d6128399b22f2f8825","68773358da2fe590aaaecdcccdaf0e68d61176df35d4b759dad14b4ae1174e5c","3970","f1520907d54e406e7d82f591e3799f07f569218aff0c321ac3b836b6c649da10","111343","accept","m2_final_review_mi350p","2026-08-13","仅授权该主键按冻结来源行追加，并把 review_status 从 draft 改为 reviewed；所有其余列保持冻结值。"
"MI350P-SIGN-0254","lifecycle_pk_write","审计/子代理交接/m2_staging/M2-W3-AMD-MI350P-CARD/structured/source-endpoints.csv","5d7b0acccbc20d4e7a3ef68a97a59f9dc5aa05c9fa5ceb0de969b5cf572264ab","2427","最小参考资料库/source-endpoints.csv","endpoint_id","END-M2W3-AMD-MI350P-PRODUCT-REMOTE","draft","reviewed","","","","831b561cd2fea5f58e33913d5039aac38fd7cf93bf1bda0bda3251d3e1890423","1cb279b56f4fbfc688ed2f798646a93baed02ffbd34a647ffecf4cb6672f0e01","5567","152df43e8b64c2b78c54a41c6cf9bd7acfa4d3315fcf33d6128399b22f2f8825","68773358da2fe590aaaecdcccdaf0e68d61176df35d4b759dad14b4ae1174e5c","3970","f1520907d54e406e7d82f591e3799f07f569218aff0c321ac3b836b6c649da10","111343","accept","m2_final_review_mi350p","2026-08-13","仅授权该主键按冻结来源行追加，并把 review_status 从 draft 改为 reviewed；所有其余列保持冻结值。"
"MI350P-SIGN-0255","lifecycle_pk_write","审计/子代理交接/m2_staging/M2-W3-AMD-MI350P-CARD/structured/source-endpoints.csv","5d7b0acccbc20d4e7a3ef68a97a59f9dc5aa05c9fa5ceb0de969b5cf572264ab","2427","最小参考资料库/source-endpoints.csv","endpoint_id","END-M2W3-AMD-MI350P-PRODUCT-SNAPSHOT","draft","reviewed","local_path","审计/子代理交接/m2_staging/M2-W3-AMD-MI350P-CARD/fixed-candidates/amd-instinct-mi350p-pcie-2026-08-13.html","最小参考资料库/快照/AMD/MI350P/2026-08-13/amd-instinct-mi350p-pcie-2026-08-13.html","4fd9cfbf9aa5cc08d197bcdd9134e64fc2932c6508a6c0d7b893ad83815ff3fa","1cb279b56f4fbfc688ed2f798646a93baed02ffbd34a647ffecf4cb6672f0e01","5567","152df43e8b64c2b78c54a41c6cf9bd7acfa4d3315fcf33d6128399b22f2f8825","68773358da2fe590aaaecdcccdaf0e68d61176df35d4b759dad14b4ae1174e5c","3970","f1520907d54e406e7d82f591e3799f07f569218aff0c321ac3b836b6c649da10","111343","accept","m2_final_review_mi350p","2026-08-13","授权该 endpoint 按冻结来源行追加，并仅作两项变更：review_status 从 draft 改为 reviewed，local_path 改为本行指定的正式目标；其余列保持冻结值。"
"MI350P-SIGN-0256","lifecycle_pk_write","审计/子代理交接/m2_staging/M2-W3-AMD-MI350P-CARD/structured/source-families.csv","535e3eebb2b43c840d0f03b4efe6239970941bc4bf07f2d2bb1bf6f739a14f61","591","最小参考资料库/source-families.csv","source_family_id","SFAM-M2W3-AMD-MI350P-BLOG","draft","reviewed","","","","c6ee1ce5184209a114328a281400e2eeb19c7297c8fd3f2c2832cb29c0a4b531","1cb279b56f4fbfc688ed2f798646a93baed02ffbd34a647ffecf4cb6672f0e01","5567","152df43e8b64c2b78c54a41c6cf9bd7acfa4d3315fcf33d6128399b22f2f8825","68773358da2fe590aaaecdcccdaf0e68d61176df35d4b759dad14b4ae1174e5c","3970","f1520907d54e406e7d82f591e3799f07f569218aff0c321ac3b836b6c649da10","111343","accept","m2_final_review_mi350p","2026-08-13","仅授权该主键按冻结来源行追加，并把 review_status 从 draft 改为 reviewed；所有其余列保持冻结值。"
"MI350P-SIGN-0257","lifecycle_pk_write","审计/子代理交接/m2_staging/M2-W3-AMD-MI350P-CARD/structured/source-families.csv","535e3eebb2b43c840d0f03b4efe6239970941bc4bf07f2d2bb1bf6f739a14f61","591","最小参考资料库/source-families.csv","source_family_id","SFAM-M2W3-AMD-MI350P-BROCHURE","draft","reviewed","","","","e7456394b21cfa7a3cb3e555a5b8b2d2f64524ada08a06403943d5d2f506b9ad","1cb279b56f4fbfc688ed2f798646a93baed02ffbd34a647ffecf4cb6672f0e01","5567","152df43e8b64c2b78c54a41c6cf9bd7acfa4d3315fcf33d6128399b22f2f8825","68773358da2fe590aaaecdcccdaf0e68d61176df35d4b759dad14b4ae1174e5c","3970","f1520907d54e406e7d82f591e3799f07f569218aff0c321ac3b836b6c649da10","111343","accept","m2_final_review_mi350p","2026-08-13","仅授权该主键按冻结来源行追加，并把 review_status 从 draft 改为 reviewed；所有其余列保持冻结值。"
"MI350P-SIGN-0258","lifecycle_pk_write","审计/子代理交接/m2_staging/M2-W3-AMD-MI350P-CARD/structured/source-families.csv","535e3eebb2b43c840d0f03b4efe6239970941bc4bf07f2d2bb1bf6f739a14f61","591","最小参考资料库/source-families.csv","source_family_id","SFAM-M2W3-AMD-MI350P-PRODUCT","draft","reviewed","","","","10a74e8a76811853663cbe868f6cf025258c475a2baf52395b4e439ddb391ac2","1cb279b56f4fbfc688ed2f798646a93baed02ffbd34a647ffecf4cb6672f0e01","5567","152df43e8b64c2b78c54a41c6cf9bd7acfa4d3315fcf33d6128399b22f2f8825","68773358da2fe590aaaecdcccdaf0e68d61176df35d4b759dad14b4ae1174e5c","3970","f1520907d54e406e7d82f591e3799f07f569218aff0c321ac3b836b6c649da10","111343","accept","m2_final_review_mi350p","2026-08-13","仅授权该主键按冻结来源行追加，并把 review_status 从 draft 改为 reviewed；所有其余列保持冻结值。"
"MI350P-SIGN-0259","lifecycle_pk_write","审计/子代理交接/m2_staging/M2-W3-AMD-MI350P-CARD/structured/sources.csv","e27a28715fd46b4d2b1cff230f34946cf7af41876b351044bddde696254de5d7","1536","最小参考资料库/sources.csv","source_id","SRC-M2W3-AMD-MI350P-BLOG-20260507","draft","reviewed","","","","8873ed86c6a144e0bbcf64922f9acdef9b0ebb251362587531a3ead55ac55aa1","1cb279b56f4fbfc688ed2f798646a93baed02ffbd34a647ffecf4cb6672f0e01","5567","152df43e8b64c2b78c54a41c6cf9bd7acfa4d3315fcf33d6128399b22f2f8825","68773358da2fe590aaaecdcccdaf0e68d61176df35d4b759dad14b4ae1174e5c","3970","f1520907d54e406e7d82f591e3799f07f569218aff0c321ac3b836b6c649da10","111343","accept","m2_final_review_mi350p","2026-08-13","仅授权该主键按冻结来源行追加，并把 review_status 从 draft 改为 reviewed；所有其余列保持冻结值。"
"MI350P-SIGN-0260","lifecycle_pk_write","审计/子代理交接/m2_staging/M2-W3-AMD-MI350P-CARD/structured/sources.csv","e27a28715fd46b4d2b1cff230f34946cf7af41876b351044bddde696254de5d7","1536","最小参考资料库/sources.csv","source_id","SRC-M2W3-AMD-MI350P-BROCHURE-202605","draft","reviewed","","","","cba73005ec6b0b58b807c8e54010cdd5f739c925f5181a01a102d37da8b1ed8e","1cb279b56f4fbfc688ed2f798646a93baed02ffbd34a647ffecf4cb6672f0e01","5567","152df43e8b64c2b78c54a41c6cf9bd7acfa4d3315fcf33d6128399b22f2f8825","68773358da2fe590aaaecdcccdaf0e68d61176df35d4b759dad14b4ae1174e5c","3970","f1520907d54e406e7d82f591e3799f07f569218aff0c321ac3b836b6c649da10","111343","accept","m2_final_review_mi350p","2026-08-13","仅授权该主键按冻结来源行追加，并把 review_status 从 draft 改为 reviewed；所有其余列保持冻结值。"
"MI350P-SIGN-0261","lifecycle_pk_write","审计/子代理交接/m2_staging/M2-W3-AMD-MI350P-CARD/structured/sources.csv","e27a28715fd46b4d2b1cff230f34946cf7af41876b351044bddde696254de5d7","1536","最小参考资料库/sources.csv","source_id","SRC-M2W3-AMD-MI350P-PRODUCT-20260813","draft","reviewed","","","","a70120cf79976b0a4f78a41773705a988388a7181919a508245658a40fdd10ac","1cb279b56f4fbfc688ed2f798646a93baed02ffbd34a647ffecf4cb6672f0e01","5567","152df43e8b64c2b78c54a41c6cf9bd7acfa4d3315fcf33d6128399b22f2f8825","68773358da2fe590aaaecdcccdaf0e68d61176df35d4b759dad14b4ae1174e5c","3970","f1520907d54e406e7d82f591e3799f07f569218aff0c321ac3b836b6c649da10","111343","accept","m2_final_review_mi350p","2026-08-13","仅授权该主键按冻结来源行追加，并把 review_status 从 draft 改为 reviewed；所有其余列保持冻结值。"
"MI350P-SIGN-0262","lifecycle_pk_write","审计/子代理交接/m2_staging/M2-W3-AMD-MI350P-CARD/structured/source-screening.csv","a0d6feb7e9f74d7bce2239abd5cc17f1cb89e21e3664dd14af8165c1f4cdc93a","2811","最小参考资料库/source-screening.csv","screening_id","SCREEN-M2W3-AMD-CDNA4-ISA-FOR-MI350P","draft","reviewed","","","","ee9442ba1ba62ed94a2b7ecfe50459e3f149091e5b055edb87dfcf064520cae9","1cb279b56f4fbfc688ed2f798646a93baed02ffbd34a647ffecf4cb6672f0e01","5567","152df43e8b64c2b78c54a41c6cf9bd7acfa4d3315fcf33d6128399b22f2f8825","68773358da2fe590aaaecdcccdaf0e68d61176df35d4b759dad14b4ae1174e5c","3970","f1520907d54e406e7d82f591e3799f07f569218aff0c321ac3b836b6c649da10","111343","accept","m2_final_review_mi350p","2026-08-13","仅授权该主键按冻结来源行追加，并把 review_status 从 draft 改为 reviewed；所有其余列保持冻结值。"
"MI350P-SIGN-0263","lifecycle_pk_write","审计/子代理交接/m2_staging/M2-W3-AMD-MI350P-CARD/structured/source-screening.csv","a0d6feb7e9f74d7bce2239abd5cc17f1cb89e21e3664dd14af8165c1f4cdc93a","2811","最小参考资料库/source-screening.csv","screening_id","SCREEN-M2W3-AMD-CDNA4-WP-FOR-MI350P","draft","reviewed","","","","675f095d5c023b917451106a45bca2f2c1d36db9f319434b1a63869f8e0cc1b8","1cb279b56f4fbfc688ed2f798646a93baed02ffbd34a647ffecf4cb6672f0e01","5567","152df43e8b64c2b78c54a41c6cf9bd7acfa4d3315fcf33d6128399b22f2f8825","68773358da2fe590aaaecdcccdaf0e68d61176df35d4b759dad14b4ae1174e5c","3970","f1520907d54e406e7d82f591e3799f07f569218aff0c321ac3b836b6c649da10","111343","accept","m2_final_review_mi350p","2026-08-13","仅授权该主键按冻结来源行追加，并把 review_status 从 draft 改为 reviewed；所有其余列保持冻结值。"
"MI350P-SIGN-0264","lifecycle_pk_write","审计/子代理交接/m2_staging/M2-W3-AMD-MI350P-CARD/structured/source-screening.csv","a0d6feb7e9f74d7bce2239abd5cc17f1cb89e21e3664dd14af8165c1f4cdc93a","2811","最小参考资料库/source-screening.csv","screening_id","SCREEN-M2W3-AMD-MI350P-BLOG","draft","reviewed","","","","4e161c916df92e18988aac27b6695de66916c29cc95df83f378edd3d7a8ff94d","1cb279b56f4fbfc688ed2f798646a93baed02ffbd34a647ffecf4cb6672f0e01","5567","152df43e8b64c2b78c54a41c6cf9bd7acfa4d3315fcf33d6128399b22f2f8825","68773358da2fe590aaaecdcccdaf0e68d61176df35d4b759dad14b4ae1174e5c","3970","f1520907d54e406e7d82f591e3799f07f569218aff0c321ac3b836b6c649da10","111343","accept","m2_final_review_mi350p","2026-08-13","仅授权该主键按冻结来源行追加，并把 review_status 从 draft 改为 reviewed；所有其余列保持冻结值。"
"MI350P-SIGN-0265","lifecycle_pk_write","审计/子代理交接/m2_staging/M2-W3-AMD-MI350P-CARD/structured/source-screening.csv","a0d6feb7e9f74d7bce2239abd5cc17f1cb89e21e3664dd14af8165c1f4cdc93a","2811","最小参考资料库/source-screening.csv","screening_id","SCREEN-M2W3-AMD-MI350P-BROCHURE","draft","reviewed","","","","8a0d15477655c9a56c3a03a1d7ab42a6d353999074d6d025ef6bc7d5683dabd9","1cb279b56f4fbfc688ed2f798646a93baed02ffbd34a647ffecf4cb6672f0e01","5567","152df43e8b64c2b78c54a41c6cf9bd7acfa4d3315fcf33d6128399b22f2f8825","68773358da2fe590aaaecdcccdaf0e68d61176df35d4b759dad14b4ae1174e5c","3970","f1520907d54e406e7d82f591e3799f07f569218aff0c321ac3b836b6c649da10","111343","accept","m2_final_review_mi350p","2026-08-13","仅授权该主键按冻结来源行追加，并把 review_status 从 draft 改为 reviewed；所有其余列保持冻结值。"
"MI350P-SIGN-0266","lifecycle_pk_write","审计/子代理交接/m2_staging/M2-W3-AMD-MI350P-CARD/structured/source-screening.csv","a0d6feb7e9f74d7bce2239abd5cc17f1cb89e21e3664dd14af8165c1f4cdc93a","2811","最小参考资料库/source-screening.csv","screening_id","SCREEN-M2W3-AMD-MI350P-PRODUCT","draft","reviewed","","","","c2fde8b6af6f7473b234e8a06de8a4923d6e0b17a0024cbdf9c8416e9474d9f2","1cb279b56f4fbfc688ed2f798646a93baed02ffbd34a647ffecf4cb6672f0e01","5567","152df43e8b64c2b78c54a41c6cf9bd7acfa4d3315fcf33d6128399b22f2f8825","68773358da2fe590aaaecdcccdaf0e68d61176df35d4b759dad14b4ae1174e5c","3970","f1520907d54e406e7d82f591e3799f07f569218aff0c321ac3b836b6c649da10","111343","accept","m2_final_review_mi350p","2026-08-13","仅授权该主键按冻结来源行追加，并把 review_status 从 draft 改为 reviewed；所有其余列保持冻结值。"
"MI350P-SIGN-0267","lifecycle_pk_write","审计/子代理交接/m2_staging/M2-W3-AMD-MI350P-CARD/structured/source-selected-roles.csv","921dbf6ebd6926953c80f73ebd83fe01d4ef7a832ffd415ac26de6ce67a88be0","1258","最小参考资料库/source-selected-roles.csv","source_selected_role_id","SROLE-M2W3-AMD-MI350P-BLOG-STATUS","draft","reviewed","","","","bcf4f0c44055880b409b8fb5a04f077b58f00d71ecd930865b682a30b9334b79","1cb279b56f4fbfc688ed2f798646a93baed02ffbd34a647ffecf4cb6672f0e01","5567","152df43e8b64c2b78c54a41c6cf9bd7acfa4d3315fcf33d6128399b22f2f8825","68773358da2fe590aaaecdcccdaf0e68d61176df35d4b759dad14b4ae1174e5c","3970","f1520907d54e406e7d82f591e3799f07f569218aff0c321ac3b836b6c649da10","111343","accept","m2_final_review_mi350p","2026-08-13","仅授权该主键按冻结来源行追加，并把 review_status 从 draft 改为 reviewed；所有其余列保持冻结值。"
"MI350P-SIGN-0268","lifecycle_pk_write","审计/子代理交接/m2_staging/M2-W3-AMD-MI350P-CARD/structured/source-selected-roles.csv","921dbf6ebd6926953c80f73ebd83fe01d4ef7a832ffd415ac26de6ce67a88be0","1258","最小参考资料库/source-selected-roles.csv","source_selected_role_id","SROLE-M2W3-AMD-MI350P-BROCHURE-CORE","draft","reviewed","","","","c6b704d26a3d96822362302c4a5fedbbe62b0304a3c65b608ccf92509e9df1f6","1cb279b56f4fbfc688ed2f798646a93baed02ffbd34a647ffecf4cb6672f0e01","5567","152df43e8b64c2b78c54a41c6cf9bd7acfa4d3315fcf33d6128399b22f2f8825","68773358da2fe590aaaecdcccdaf0e68d61176df35d4b759dad14b4ae1174e5c","3970","f1520907d54e406e7d82f591e3799f07f569218aff0c321ac3b836b6c649da10","111343","accept","m2_final_review_mi350p","2026-08-13","仅授权该主键按冻结来源行追加，并把 review_status 从 draft 改为 reviewed；所有其余列保持冻结值。"
"MI350P-SIGN-0269","lifecycle_pk_write","审计/子代理交接/m2_staging/M2-W3-AMD-MI350P-CARD/structured/source-selected-roles.csv","921dbf6ebd6926953c80f73ebd83fe01d4ef7a832ffd415ac26de6ce67a88be0","1258","最小参考资料库/source-selected-roles.csv","source_selected_role_id","SROLE-M2W3-AMD-MI350P-PRODUCT-CORE","draft","reviewed","","","","04bb54eaea95e1ece03726287a4fb699d091cbbac8fc786c072e38a427094546","1cb279b56f4fbfc688ed2f798646a93baed02ffbd34a647ffecf4cb6672f0e01","5567","152df43e8b64c2b78c54a41c6cf9bd7acfa4d3315fcf33d6128399b22f2f8825","68773358da2fe590aaaecdcccdaf0e68d61176df35d4b759dad14b4ae1174e5c","3970","f1520907d54e406e7d82f591e3799f07f569218aff0c321ac3b836b6c649da10","111343","accept","m2_final_review_mi350p","2026-08-13","仅授权该主键按冻结来源行追加，并把 review_status 从 draft 改为 reviewed；所有其余列保持冻结值。"
"MI350P-SIGN-0270","lifecycle_pk_write","审计/子代理交接/m2_staging/M2-W3-AMD-MI350P-CARD/structured/source-selected-roles.csv","921dbf6ebd6926953c80f73ebd83fe01d4ef7a832ffd415ac26de6ce67a88be0","1258","最小参考资料库/source-selected-roles.csv","source_selected_role_id","SROLE-M2W3-AMD-MI350P-PRODUCT-IDENTITY","draft","reviewed","","","","b806eb8a879c020fb03be703a6d8efcdea723ddd77e37895656fa32d7a2891a2","1cb279b56f4fbfc688ed2f798646a93baed02ffbd34a647ffecf4cb6672f0e01","5567","152df43e8b64c2b78c54a41c6cf9bd7acfa4d3315fcf33d6128399b22f2f8825","68773358da2fe590aaaecdcccdaf0e68d61176df35d4b759dad14b4ae1174e5c","3970","f1520907d54e406e7d82f591e3799f07f569218aff0c321ac3b836b6c649da10","111343","accept","m2_final_review_mi350p","2026-08-13","仅授权该主键按冻结来源行追加，并把 review_status 从 draft 改为 reviewed；所有其余列保持冻结值。"
"MI350P-SIGN-ARTIFACT-01","card_copy","审计/子代理交接/m2_staging/M2-W3-AMD-MI350P-CARD/card-draft/AMD_Instinct_MI350P_PCIe_卡资料卡.md","53458fc9a9662a1c17230fddb067e4365ad4b3f2f7755d072d674ffeface3b36","18757","资料卡/AMD/产品/AMD_Instinct_MI350P_PCIe_卡资料卡.md","","","","","","","","","1cb279b56f4fbfc688ed2f798646a93baed02ffbd34a647ffecf4cb6672f0e01","5567","152df43e8b64c2b78c54a41c6cf9bd7acfa4d3315fcf33d6128399b22f2f8825","68773358da2fe590aaaecdcccdaf0e68d61176df35d4b759dad14b4ae1174e5c","3970","f1520907d54e406e7d82f591e3799f07f569218aff0c321ac3b836b6c649da10","111343","accept","m2_final_review_mi350p","2026-08-13","只允许逐字节复制到不存在的正式卡目标；目标存在或来源哈希变化时签字失效。"
"MI350P-SIGN-ARTIFACT-02","source_copy","审计/子代理交接/m2_staging/M2-W3-AMD-MI350P-CARD/fixed-candidates/amd-instinct-mi350p-pcie-2026-08-13.html","09b3ffd469353dfb2456fc2fca67b421aa8bf5ae48be809fa64f1a30dda3c088","196285","最小参考资料库/快照/AMD/MI350P/2026-08-13/amd-instinct-mi350p-pcie-2026-08-13.html","","","","","","","","","1cb279b56f4fbfc688ed2f798646a93baed02ffbd34a647ffecf4cb6672f0e01","5567","152df43e8b64c2b78c54a41c6cf9bd7acfa4d3315fcf33d6128399b22f2f8825","68773358da2fe590aaaecdcccdaf0e68d61176df35d4b759dad14b4ae1174e5c","3970","f1520907d54e406e7d82f591e3799f07f569218aff0c321ac3b836b6c649da10","111343","accept","m2_final_review_mi350p","2026-08-13","只允许逐字节复制到不存在的正式 HTML 快照目标；对应 endpoint.local_path 必须同步改为该目标。"
"MI350P-SIGN-ARTIFACT-03","source_copy","审计/子代理交接/m2_staging/M2-W3-AMD-MI350P-CARD/fixed-candidates/amd-instinct-mi350p-product-brochure-2026-08-13.pdf","a4e93edffc6c2a03668eef72b84d85e1d2586afb331c2228595d1549609afb29","782486","论文/AMD_Instinct/02_厂商产品资料/2026_AMD_Instinct_MI350P_PCIe_Card_Brochure.pdf","","","","","","","","","1cb279b56f4fbfc688ed2f798646a93baed02ffbd34a647ffecf4cb6672f0e01","5567","152df43e8b64c2b78c54a41c6cf9bd7acfa4d3315fcf33d6128399b22f2f8825","68773358da2fe590aaaecdcccdaf0e68d61176df35d4b759dad14b4ae1174e5c","3970","f1520907d54e406e7d82f591e3799f07f569218aff0c321ac3b836b6c649da10","111343","accept","m2_final_review_mi350p","2026-08-13","只允许逐字节复制到不存在的正式 PDF 目标；对应 endpoint.local_path 必须同步改为该目标。"
"MI350P-SIGN-ARTIFACT-04","source_copy","审计/子代理交接/m2_staging/M2-W3-AMD-MI350P-CARD/fixed-candidates/amd-mi350p-pcie-blog-2026-08-13.html","2bc9cbb81e424e4d1c5d6912b43e7cfb1107081f159b012d8ad9cffd3b66dfb8","184522","最小参考资料库/快照/AMD/MI350P/2026-08-13/amd-mi350p-pcie-blog-2026-08-13.html","","","","","","","","","1cb279b56f4fbfc688ed2f798646a93baed02ffbd34a647ffecf4cb6672f0e01","5567","152df43e8b64c2b78c54a41c6cf9bd7acfa4d3315fcf33d6128399b22f2f8825","68773358da2fe590aaaecdcccdaf0e68d61176df35d4b759dad14b4ae1174e5c","3970","f1520907d54e406e7d82f591e3799f07f569218aff0c321ac3b836b6c649da10","111343","accept","m2_final_review_mi350p","2026-08-13","只允许逐字节复制到不存在的正式 HTML 快照目标；对应 endpoint.local_path 必须同步改为该目标。"
