"target_table","operation","primary_key","rationale","dependency_group","risk_level","fragment_file"
"payload_files","insert","最小参考资料库/快照/NVIDIA/GA100/cuda-c-programming-guide-11.0.pdf","Copy fixed staged payload to the stable snapshot target and verify SHA-256 and byte count before endpoint insertion.","01_payload","high","payload_copies.csv"
"payload_files","insert","最小参考资料库/快照/NVIDIA/GA100/mig-user-guide-610/concepts.html","Copy fixed staged payload to the stable snapshot target and verify SHA-256 and byte count before endpoint insertion.","01_payload","high","payload_copies.csv"
"payload_files","insert","最小参考资料库/快照/NVIDIA/GA100/mig-user-guide-610/deployment-considerations.html","Copy fixed staged payload to the stable snapshot target and verify SHA-256 and byte count before endpoint insertion.","01_payload","high","payload_copies.csv"
"payload_files","insert","最小参考资料库/快照/NVIDIA/GA100/mig-user-guide-610/getting-started-with-mig.html","Copy fixed staged payload to the stable snapshot target and verify SHA-256 and byte count before endpoint insertion.","01_payload","high","payload_copies.csv"
"payload_files","insert","最小参考资料库/快照/NVIDIA/GA100/mig-user-guide-610/introduction.html","Copy fixed staged payload to the stable snapshot target and verify SHA-256 and byte count before endpoint insertion.","01_payload","high","payload_copies.csv"
"payload_files","insert","最小参考资料库/快照/NVIDIA/GA100/mig-user-guide-610/supported-configurations.html","Copy fixed staged payload to the stable snapshot target and verify SHA-256 and byte count before endpoint insertion.","01_payload","high","payload_copies.csv"
"payload_files","insert","最小参考资料库/快照/NVIDIA/GA100/mig-user-guide-610/supported-gpus.html","Copy fixed staged payload to the stable snapshot target and verify SHA-256 and byte count before endpoint insertion.","01_payload","high","payload_copies.csv"
"payload_files","insert","最小参考资料库/快照/NVIDIA/GA100/mig-user-guide-610/supported-mig-profiles.html","Copy fixed staged payload to the stable snapshot target and verify SHA-256 and byte count before endpoint insertion.","01_payload","high","payload_copies.csv"
"payload_files","insert","最小参考资料库/快照/NVIDIA/GA100/mig-user-guide-610/versions1.json","Copy fixed staged payload to the stable snapshot target and verify SHA-256 and byte count before endpoint insertion.","01_payload","high","payload_copies.csv"
"payload_files","insert","最小参考资料库/快照/NVIDIA/GA100/mig-user-guide-610/virtualization.html","Copy fixed staged payload to the stable snapshot target and verify SHA-256 and byte count before endpoint insertion.","01_payload","high","payload_copies.csv"
"payload_files","insert","最小参考资料库/快照/NVIDIA/GA100/nvidia-gpu-mem-error-mgmt-DA-09826-002_v001.pdf","Copy fixed staged payload to the stable snapshot target and verify SHA-256 and byte count before endpoint insertion.","01_payload","high","payload_copies.csv"
"payload_files","insert","最小参考资料库/快照/NVIDIA/GA100/ptx-isa-7.0.pdf","Copy fixed staged payload to the stable snapshot target and verify SHA-256 and byte count before endpoint insertion.","01_payload","high","payload_copies.csv"
"payload_files","insert","最小参考资料库/快照/NVIDIA/GA100/ptx-isa-7.2.pdf","Copy fixed staged payload to the stable snapshot target and verify SHA-256 and byte count before endpoint insertion.","01_payload","high","payload_copies.csv"
"payload_files","insert","最小参考资料库/快照/NVIDIA/GA100/ras-r595-contained-uce-response.html","Copy fixed staged payload to the stable snapshot target and verify SHA-256 and byte count before endpoint insertion.","01_payload","high","payload_copies.csv"
"payload_files","insert","最小参考资料库/快照/NVIDIA/GA100/ras-r595-dynamic-page-offlining.html","Copy fixed staged payload to the stable snapshot target and verify SHA-256 and byte count before endpoint insertion.","01_payload","high","payload_copies.csv"
"payload_files","insert","最小参考资料库/快照/NVIDIA/GA100/ras-r595-error-containment.html","Copy fixed staged payload to the stable snapshot target and verify SHA-256 and byte count before endpoint insertion.","01_payload","high","payload_copies.csv"
"payload_files","insert","最小参考资料库/快照/NVIDIA/GA100/ras-r595-gpu-memory-repair.html","Copy fixed staged payload to the stable snapshot target and verify SHA-256 and byte count before endpoint insertion.","01_payload","high","payload_copies.csv"
"payload_files","insert","最小参考资料库/快照/NVIDIA/GA100/ras-r595-row-remapping.html","Copy fixed staged payload to the stable snapshot target and verify SHA-256 and byte count before endpoint insertion.","01_payload","high","payload_copies.csv"
"payload_files","insert","最小参考资料库/快照/NVIDIA/GA100/ras-r595-supported-gpus.html","Copy fixed staged payload to the stable snapshot target and verify SHA-256 and byte count before endpoint insertion.","01_payload","high","payload_copies.csv"
"最小参考资料库/source-families.csv","insert","SFAM-NVIDIA-A100-IEEE-MICRO-2021","Insert the v2 GA100 atomic entity, fact, requirement, evidence, source-decision, or completeness record after dependencies resolve.","02_source_family","medium","source-families.csv"
"最小参考资料库/source-families.csv","insert","SFAM-NVIDIA-A100-ISSCC-2021","Insert the v2 GA100 atomic entity, fact, requirement, evidence, source-decision, or completeness record after dependencies resolve.","02_source_family","medium","source-families.csv"
"最小参考资料库/source-families.csv","insert","SFAM-NVIDIA-A100-RANDOM-ACCESS-2024","Insert the v2 GA100 atomic entity, fact, requirement, evidence, source-decision, or completeness record after dependencies resolve.","02_source_family","medium","source-families.csv"
"最小参考资料库/source-families.csv","insert","SFAM-NVIDIA-AMPERE-MICROBENCH-2022","Insert the v2 GA100 atomic entity, fact, requirement, evidence, source-decision, or completeness record after dependencies resolve.","02_source_family","medium","source-families.csv"
"最小参考资料库/source-families.csv","insert","SFAM-NVIDIA-CUDA-C-PROGRAMMING-GUIDE","Insert the v2 GA100 atomic entity, fact, requirement, evidence, source-decision, or completeness record after dependencies resolve.","02_source_family","medium","source-families.csv"
"最小参考资料库/source-families.csv","insert","SFAM-NVIDIA-GPU-MEMORY-ERROR-MGMT","Insert the v2 GA100 atomic entity, fact, requirement, evidence, source-decision, or completeness record after dependencies resolve.","02_source_family","medium","source-families.csv"
"最小参考资料库/source-families.csv","insert","SFAM-NVIDIA-MIG-USER-GUIDE","Insert the v2 GA100 atomic entity, fact, requirement, evidence, source-decision, or completeness record after dependencies resolve.","02_source_family","medium","source-families.csv"
"最小参考资料库/source-families.csv","insert","SFAM-NVIDIA-PTX-ISA","Insert the v2 GA100 atomic entity, fact, requirement, evidence, source-decision, or completeness record after dependencies resolve.","02_source_family","medium","source-families.csv"
"最小参考资料库/sources.csv","insert","SRC-NVIDIA-A100-IEEE-MICRO-2021","Insert the v2 GA100 atomic entity, fact, requirement, evidence, source-decision, or completeness record after dependencies resolve.","03_source","medium","sources.csv"
"最小参考资料库/sources.csv","insert","SRC-NVIDIA-A100-ISSCC-2021","Insert the v2 GA100 atomic entity, fact, requirement, evidence, source-decision, or completeness record after dependencies resolve.","03_source","medium","sources.csv"
"最小参考资料库/sources.csv","insert","SRC-NVIDIA-A100-RANDOM-ACCESS-ARXIV-V1-2024","Insert the v2 GA100 atomic entity, fact, requirement, evidence, source-decision, or completeness record after dependencies resolve.","03_source","medium","sources.csv"
"最小参考资料库/sources.csv","insert","SRC-NVIDIA-AMPERE-MICROBENCH-ARXIV-V1-2022","Insert the v2 GA100 atomic entity, fact, requirement, evidence, source-decision, or completeness record after dependencies resolve.","03_source","medium","sources.csv"
"最小参考资料库/sources.csv","insert","SRC-NVIDIA-CUDA-C-PROGRAMMING-GUIDE-11-0","Insert the v2 GA100 atomic entity, fact, requirement, evidence, source-decision, or completeness record after dependencies resolve.","03_source","medium","sources.csv"
"最小参考资料库/sources.csv","insert","SRC-NVIDIA-GPU-MEM-ERROR-MGMT-DA-09826-002-V001","Insert the v2 GA100 atomic entity, fact, requirement, evidence, source-decision, or completeness record after dependencies resolve.","03_source","medium","sources.csv"
"最小参考资料库/sources.csv","insert","SRC-NVIDIA-GPU-MEM-ERROR-MGMT-R595","Insert the v2 GA100 atomic entity, fact, requirement, evidence, source-decision, or completeness record after dependencies resolve.","03_source","medium","sources.csv"
"最小参考资料库/sources.csv","insert","SRC-NVIDIA-MIG-USER-GUIDE-610","Insert the v2 GA100 atomic entity, fact, requirement, evidence, source-decision, or completeness record after dependencies resolve.","03_source","medium","sources.csv"
"最小参考资料库/sources.csv","insert","SRC-NVIDIA-PTX-ISA-7-0","Insert the v2 GA100 atomic entity, fact, requirement, evidence, source-decision, or completeness record after dependencies resolve.","03_source","medium","sources.csv"
"最小参考资料库/sources.csv","insert","SRC-NVIDIA-PTX-ISA-7-2","Insert the v2 GA100 atomic entity, fact, requirement, evidence, source-decision, or completeness record after dependencies resolve.","03_source","medium","sources.csv"
"最小参考资料库/source-endpoints.csv","insert","END-NVIDIA-A100-IEEE-MICRO-2021-DOI","Insert the v2 GA100 atomic entity, fact, requirement, evidence, source-decision, or completeness record after dependencies resolve.","04_endpoint","medium","source-endpoints.csv"
"最小参考资料库/source-endpoints.csv","insert","END-NVIDIA-A100-IEEE-MICRO-2021-LOCAL","Insert the v2 GA100 atomic entity, fact, requirement, evidence, source-decision, or completeness record after dependencies resolve.","04_endpoint","medium","source-endpoints.csv"
"最小参考资料库/source-endpoints.csv","insert","END-NVIDIA-A100-ISSCC-2021-DOI","Insert the v2 GA100 atomic entity, fact, requirement, evidence, source-decision, or completeness record after dependencies resolve.","04_endpoint","medium","source-endpoints.csv"
"最小参考资料库/source-endpoints.csv","insert","END-NVIDIA-A100-ISSCC-2021-LOCAL","Insert the v2 GA100 atomic entity, fact, requirement, evidence, source-decision, or completeness record after dependencies resolve.","04_endpoint","medium","source-endpoints.csv"
"最小参考资料库/source-endpoints.csv","insert","END-NVIDIA-A100-RANDOM-ACCESS-ARXIV-V1-ARXIV","Insert the v2 GA100 atomic entity, fact, requirement, evidence, source-decision, or completeness record after dependencies resolve.","04_endpoint","medium","source-endpoints.csv"
"最小参考资料库/source-endpoints.csv","insert","END-NVIDIA-A100-RANDOM-ACCESS-ARXIV-V1-LOCAL","Insert the v2 GA100 atomic entity, fact, requirement, evidence, source-decision, or completeness record after dependencies resolve.","04_endpoint","medium","source-endpoints.csv"
"最小参考资料库/source-endpoints.csv","insert","END-NVIDIA-AMPERE-MICROBENCH-ARXIV-V1-ARXIV","Insert the v2 GA100 atomic entity, fact, requirement, evidence, source-decision, or completeness record after dependencies resolve.","04_endpoint","medium","source-endpoints.csv"
"最小参考资料库/source-endpoints.csv","insert","END-NVIDIA-AMPERE-MICROBENCH-ARXIV-V1-LOCAL","Insert the v2 GA100 atomic entity, fact, requirement, evidence, source-decision, or completeness record after dependencies resolve.","04_endpoint","medium","source-endpoints.csv"
"最小参考资料库/source-endpoints.csv","insert","END-NVIDIA-CUDA-C-PROGRAMMING-GUIDE-11-0-LOCAL","Insert the v2 GA100 atomic entity, fact, requirement, evidence, source-decision, or completeness record after dependencies resolve.","04_endpoint","medium","source-endpoints.csv"
"最小参考资料库/source-endpoints.csv","insert","END-NVIDIA-GPU-MEM-ERROR-MGMT-DA-09826-002-V001-LOCAL","Insert the v2 GA100 atomic entity, fact, requirement, evidence, source-decision, or completeness record after dependencies resolve.","04_endpoint","medium","source-endpoints.csv"
"最小参考资料库/source-endpoints.csv","insert","END-NVIDIA-GPU-MEM-ERROR-MGMT-DA-09826-002-V001-PUBLISHER","Insert the v2 GA100 atomic entity, fact, requirement, evidence, source-decision, or completeness record after dependencies resolve.","04_endpoint","medium","source-endpoints.csv"
"最小参考资料库/source-endpoints.csv","insert","END-NVIDIA-GPU-MEM-ERROR-MGMT-R595-CONTAINED-UCE-RESPONSE","Insert the v2 GA100 atomic entity, fact, requirement, evidence, source-decision, or completeness record after dependencies resolve.","04_endpoint","medium","source-endpoints.csv"
"最小参考资料库/source-endpoints.csv","insert","END-NVIDIA-GPU-MEM-ERROR-MGMT-R595-CONTAINMENT","Insert the v2 GA100 atomic entity, fact, requirement, evidence, source-decision, or completeness record after dependencies resolve.","04_endpoint","medium","source-endpoints.csv"
"最小参考资料库/source-endpoints.csv","insert","END-NVIDIA-GPU-MEM-ERROR-MGMT-R595-DPO","Insert the v2 GA100 atomic entity, fact, requirement, evidence, source-decision, or completeness record after dependencies resolve.","04_endpoint","medium","source-endpoints.csv"
"最小参考资料库/source-endpoints.csv","insert","END-NVIDIA-GPU-MEM-ERROR-MGMT-R595-REPAIR","Insert the v2 GA100 atomic entity, fact, requirement, evidence, source-decision, or completeness record after dependencies resolve.","04_endpoint","medium","source-endpoints.csv"
"最小参考资料库/source-endpoints.csv","insert","END-NVIDIA-GPU-MEM-ERROR-MGMT-R595-ROW-REMAP","Insert the v2 GA100 atomic entity, fact, requirement, evidence, source-decision, or completeness record after dependencies resolve.","04_endpoint","medium","source-endpoints.csv"
"最小参考资料库/source-endpoints.csv","insert","END-NVIDIA-GPU-MEM-ERROR-MGMT-R595-SUPPORTED","Insert the v2 GA100 atomic entity, fact, requirement, evidence, source-decision, or completeness record after dependencies resolve.","04_endpoint","medium","source-endpoints.csv"
"最小参考资料库/source-endpoints.csv","insert","END-NVIDIA-MIG-USER-GUIDE-610-CONCEPTS","Insert the v2 GA100 atomic entity, fact, requirement, evidence, source-decision, or completeness record after dependencies resolve.","04_endpoint","medium","source-endpoints.csv"
"最小参考资料库/source-endpoints.csv","insert","END-NVIDIA-MIG-USER-GUIDE-610-DEPLOYMENT","Insert the v2 GA100 atomic entity, fact, requirement, evidence, source-decision, or completeness record after dependencies resolve.","04_endpoint","medium","source-endpoints.csv"
"最小参考资料库/source-endpoints.csv","insert","END-NVIDIA-MIG-USER-GUIDE-610-GETTING-STARTED","Insert the v2 GA100 atomic entity, fact, requirement, evidence, source-decision, or completeness record after dependencies resolve.","04_endpoint","medium","source-endpoints.csv"
"最小参考资料库/source-endpoints.csv","insert","END-NVIDIA-MIG-USER-GUIDE-610-INTRODUCTION","Insert the v2 GA100 atomic entity, fact, requirement, evidence, source-decision, or completeness record after dependencies resolve.","04_endpoint","medium","source-endpoints.csv"
"最小参考资料库/source-endpoints.csv","insert","END-NVIDIA-MIG-USER-GUIDE-610-PROFILES","Insert the v2 GA100 atomic entity, fact, requirement, evidence, source-decision, or completeness record after dependencies resolve.","04_endpoint","medium","source-endpoints.csv"
"最小参考资料库/source-endpoints.csv","insert","END-NVIDIA-MIG-USER-GUIDE-610-SUPPORTED-CONFIGURATIONS","Insert the v2 GA100 atomic entity, fact, requirement, evidence, source-decision, or completeness record after dependencies resolve.","04_endpoint","medium","source-endpoints.csv"
"最小参考资料库/source-endpoints.csv","insert","END-NVIDIA-MIG-USER-GUIDE-610-SUPPORTED-GPUS","Insert the v2 GA100 atomic entity, fact, requirement, evidence, source-decision, or completeness record after dependencies resolve.","04_endpoint","medium","source-endpoints.csv"
"最小参考资料库/source-endpoints.csv","insert","END-NVIDIA-MIG-USER-GUIDE-610-VERSION-METADATA","Insert the v2 GA100 atomic entity, fact, requirement, evidence, source-decision, or completeness record after dependencies resolve.","04_endpoint","medium","source-endpoints.csv"
"最小参考资料库/source-endpoints.csv","insert","END-NVIDIA-MIG-USER-GUIDE-610-VIRTUALIZATION","Insert the v2 GA100 atomic entity, fact, requirement, evidence, source-decision, or completeness record after dependencies resolve.","04_endpoint","medium","source-endpoints.csv"
"最小参考资料库/source-endpoints.csv","insert","END-NVIDIA-PTX-ISA-7-0-LOCAL","Insert the v2 GA100 atomic entity, fact, requirement, evidence, source-decision, or completeness record after dependencies resolve.","04_endpoint","medium","source-endpoints.csv"
"最小参考资料库/source-endpoints.csv","insert","END-NVIDIA-PTX-ISA-7-2-LOCAL","Insert the v2 GA100 atomic entity, fact, requirement, evidence, source-decision, or completeness record after dependencies resolve.","04_endpoint","medium","source-endpoints.csv"
"数据/components.csv","insert","COMP-R1-GA100-FP32","Insert the v2 GA100 atomic entity, fact, requirement, evidence, source-decision, or completeness record after dependencies resolve.","05_entity","medium","components.csv"
"数据/components.csv","insert","COMP-R1-GA100-GPC","Insert the v2 GA100 atomic entity, fact, requirement, evidence, source-decision, or completeness record after dependencies resolve.","05_entity","medium","components.csv"
"数据/components.csv","insert","COMP-R1-GA100-L1SMEM","Insert the v2 GA100 atomic entity, fact, requirement, evidence, source-decision, or completeness record after dependencies resolve.","05_entity","medium","components.csv"
"数据/components.csv","insert","COMP-R1-GA100-L2","Insert the v2 GA100 atomic entity, fact, requirement, evidence, source-decision, or completeness record after dependencies resolve.","05_entity","medium","components.csv"
"数据/components.csv","insert","COMP-R1-GA100-MEMCTRL","Insert the v2 GA100 atomic entity, fact, requirement, evidence, source-decision, or completeness record after dependencies resolve.","05_entity","medium","components.csv"
"数据/components.csv","insert","COMP-R1-GA100-OFA","Insert the v2 GA100 atomic entity, fact, requirement, evidence, source-decision, or completeness record after dependencies resolve.","05_entity","medium","components.csv"
"数据/components.csv","insert","COMP-R1-GA100-REG","Insert the v2 GA100 atomic entity, fact, requirement, evidence, source-decision, or completeness record after dependencies resolve.","05_entity","medium","components.csv"
"数据/components.csv","insert","COMP-R1-GA100-SM","Insert the v2 GA100 atomic entity, fact, requirement, evidence, source-decision, or completeness record after dependencies resolve.","05_entity","medium","components.csv"
"数据/components.csv","insert","COMP-R1-GA100-TENSOR","Insert the v2 GA100 atomic entity, fact, requirement, evidence, source-decision, or completeness record after dependencies resolve.","05_entity","medium","components.csv"
"数据/components.csv","insert","COMP-R1-GA100-TPC","Insert the v2 GA100 atomic entity, fact, requirement, evidence, source-decision, or completeness record after dependencies resolve.","05_entity","medium","components.csv"
"数据/components.csv","insert","COMP-R1-GA100-VIDEO-DECODE","Insert the v2 GA100 atomic entity, fact, requirement, evidence, source-decision, or completeness record after dependencies resolve.","05_entity","medium","components.csv"
"数据/links.csv","insert","LINK-R1-GA100-NVLINK-INTERFACE","Insert the v2 GA100 atomic entity, fact, requirement, evidence, source-decision, or completeness record after dependencies resolve.","05_entity","high","links.csv"
"数据/links.csv","insert","LINK-R1-GA100-PCIE4-X16","Insert the v2 GA100 atomic entity, fact, requirement, evidence, source-decision, or completeness record after dependencies resolve.","05_entity","high","links.csv"
"数据/memory-levels.csv","insert","COMP-R1-GA100-L1SMEM","Insert the v2 GA100 atomic entity, fact, requirement, evidence, source-decision, or completeness record after dependencies resolve.","05_entity","medium","memory-levels.csv"
"数据/memory-levels.csv","insert","COMP-R1-GA100-L2","Insert the v2 GA100 atomic entity, fact, requirement, evidence, source-decision, or completeness record after dependencies resolve.","05_entity","medium","memory-levels.csv"
"数据/memory-levels.csv","insert","COMP-R1-GA100-REG","Insert the v2 GA100 atomic entity, fact, requirement, evidence, source-decision, or completeness record after dependencies resolve.","05_entity","medium","memory-levels.csv"
"数据/object-relations.csv","insert","OREL-NVIDIA-GA100-IMPLEMENTS-AMPERE","Insert the v2 GA100 atomic entity, fact, requirement, evidence, source-decision, or completeness record after dependencies resolve.","05_entity","medium","object-relations.csv"
"数据/objects.csv","insert","OBJ-NVIDIA-GA100-DIE","Insert the v2 GA100 atomic entity, fact, requirement, evidence, source-decision, or completeness record after dependencies resolve.","05_entity","medium","objects.csv"
"数据/precision-paths.csv","update","PPATH-M2NA-AMPERE-TENSOR-INT8","Explicitly replace the existing row with the v2 atomic semantics and return modified lifecycle state to draft or needs_resolution.","05_entity","high","precision-paths.csv"
"数据/precision-paths.csv","insert","PPATH-R1-GA100-AMPERE-TENSOR-BINARY","Insert the v2 GA100 atomic entity, fact, requirement, evidence, source-decision, or completeness record after dependencies resolve.","05_entity","high","precision-paths.csv"
"数据/precision-paths.csv","insert","PPATH-R1-GA100-AMPERE-TENSOR-FP16-ACC16","Insert the v2 GA100 atomic entity, fact, requirement, evidence, source-decision, or completeness record after dependencies resolve.","05_entity","high","precision-paths.csv"
"数据/precision-paths.csv","insert","PPATH-R1-GA100-AMPERE-TENSOR-INT4","Insert the v2 GA100 atomic entity, fact, requirement, evidence, source-decision, or completeness record after dependencies resolve.","05_entity","high","precision-paths.csv"
"数据/precision-paths.csv","insert","PPATH-R1-GA100-TENSOR-FP16-DENSE","Insert the v2 GA100 atomic entity, fact, requirement, evidence, source-decision, or completeness record after dependencies resolve.","05_entity","high","precision-paths.csv"
"数据/special-capabilities.csv","update","CAP-M2NA-AMPERE-SPARSE","Explicitly replace the existing row with the v2 atomic semantics and return modified lifecycle state to draft or needs_resolution.","05_entity","medium","special-capabilities.csv"
"数据/special-capabilities.csv","insert","CAP-R1-GA100-AMPERE-WARP-REDUCE","Insert the v2 GA100 atomic entity, fact, requirement, evidence, source-decision, or completeness record after dependencies resolve.","05_entity","medium","special-capabilities.csv"
"数据/special-capabilities.csv","insert","CAP-R1-GA100-GAP-ATTENTION-MOVE","Insert the v2 GA100 atomic entity, fact, requirement, evidence, source-decision, or completeness record after dependencies resolve.","05_entity","medium","special-capabilities.csv"
"数据/special-capabilities.csv","insert","CAP-R1-GA100-GAP-COLLECTIVE","Insert the v2 GA100 atomic entity, fact, requirement, evidence, source-decision, or completeness record after dependencies resolve.","05_entity","medium","special-capabilities.csv"
"数据/special-capabilities.csv","insert","CAP-R1-GA100-GAP-COMPRESSION","Insert the v2 GA100 atomic entity, fact, requirement, evidence, source-decision, or completeness record after dependencies resolve.","05_entity","medium","special-capabilities.csv"
"数据/special-capabilities.csv","insert","CAP-R1-GA100-GAP-DEQUANTIZE","Insert the v2 GA100 atomic entity, fact, requirement, evidence, source-decision, or completeness record after dependencies resolve.","05_entity","medium","special-capabilities.csv"
"数据/special-capabilities.csv","insert","CAP-R1-GA100-GAP-KV-CACHE","Insert the v2 GA100 atomic entity, fact, requirement, evidence, source-decision, or completeness record after dependencies resolve.","05_entity","medium","special-capabilities.csv"
"数据/special-capabilities.csv","insert","CAP-R1-GA100-GAP-MOE-DISPATCH","Insert the v2 GA100 atomic entity, fact, requirement, evidence, source-decision, or completeness record after dependencies resolve.","05_entity","medium","special-capabilities.csv"
"数据/special-capabilities.csv","insert","CAP-R1-GA100-GAP-MOE-ROUTE","Insert the v2 GA100 atomic entity, fact, requirement, evidence, source-decision, or completeness record after dependencies resolve.","05_entity","medium","special-capabilities.csv"
"数据/special-capabilities.csv","insert","CAP-R1-GA100-GAP-QUANTIZE","Insert the v2 GA100 atomic entity, fact, requirement, evidence, source-decision, or completeness record after dependencies resolve.","05_entity","medium","special-capabilities.csv"
"数据/special-capabilities.csv","insert","CAP-R1-GA100-GAP-SOFTMAX","Insert the v2 GA100 atomic entity, fact, requirement, evidence, source-decision, or completeness record after dependencies resolve.","05_entity","medium","special-capabilities.csv"
"数据/special-capabilities.csv","insert","CAP-R1-GA100-GAP-TOPK","Insert the v2 GA100 atomic entity, fact, requirement, evidence, source-decision, or completeness record after dependencies resolve.","05_entity","medium","special-capabilities.csv"
"数据/special-capabilities.csv","insert","CAP-R1-GA100-GAP-TRANSPOSE","Insert the v2 GA100 atomic entity, fact, requirement, evidence, source-decision, or completeness record after dependencies resolve.","05_entity","medium","special-capabilities.csv"
"数据/special-capabilities.csv","insert","CAP-R1-GA100-OFA","Insert the v2 GA100 atomic entity, fact, requirement, evidence, source-decision, or completeness record after dependencies resolve.","05_entity","medium","special-capabilities.csv"
"数据/special-capabilities.csv","insert","CAP-R1-GA100-VIDEO-DECODE","Insert the v2 GA100 atomic entity, fact, requirement, evidence, source-decision, or completeness record after dependencies resolve.","05_entity","medium","special-capabilities.csv"
"数据/topologies.csv","insert","TOPO-R1-GA100-NVLINK-GAP","Insert the v2 GA100 atomic entity, fact, requirement, evidence, source-decision, or completeness record after dependencies resolve.","05_entity","high","topologies.csv"
"数据/condition-sets.csv","update","COND-M2NA-AMPERE-2OF4","Explicitly replace the existing row with the v2 atomic semantics and return modified lifecycle state to draft or needs_resolution.","06_condition","high","condition-sets.csv"
"数据/condition-sets.csv","insert","COND-R1-GA100-AMPERE-BF16-SP24","Insert the v2 GA100 atomic entity, fact, requirement, evidence, source-decision, or completeness record after dependencies resolve.","06_condition","high","condition-sets.csv"
"数据/condition-sets.csv","insert","COND-R1-GA100-AMPERE-CUDA110-SM80","Insert the v2 GA100 atomic entity, fact, requirement, evidence, source-decision, or completeness record after dependencies resolve.","06_condition","high","condition-sets.csv"
"数据/condition-sets.csv","insert","COND-R1-GA100-AMPERE-INT4-PAIR48","Insert the v2 GA100 atomic entity, fact, requirement, evidence, source-decision, or completeness record after dependencies resolve.","06_condition","high","condition-sets.csv"
"数据/condition-sets.csv","insert","COND-R1-GA100-AMPERE-INT8-SP24","Insert the v2 GA100 atomic entity, fact, requirement, evidence, source-decision, or completeness record after dependencies resolve.","06_condition","high","condition-sets.csv"
"数据/condition-sets.csv","insert","COND-R1-GA100-AMPERE-NVLINK-LR-PHY","Insert the v2 GA100 atomic entity, fact, requirement, evidence, source-decision, or completeness record after dependencies resolve.","06_condition","high","condition-sets.csv"
"数据/condition-sets.csv","insert","COND-R1-GA100-AMPERE-TF32-SP12","Insert the v2 GA100 atomic entity, fact, requirement, evidence, source-decision, or completeness record after dependencies resolve.","06_condition","high","condition-sets.csv"
"数据/condition-sets.csv","insert","COND-R1-GA100-FULL-DIE","Insert the v2 GA100 atomic entity, fact, requirement, evidence, source-decision, or completeness record after dependencies resolve.","06_condition","high","condition-sets.csv"
"数据/condition-sets.csv","insert","COND-R1-GA100-PER-SM-MEMORY","Insert the v2 GA100 atomic entity, fact, requirement, evidence, source-decision, or completeness record after dependencies resolve.","06_condition","high","condition-sets.csv"
"数据/condition-sets.csv","insert","COND-R1-GA100-RAS-CONTAINMENT","Insert the v2 GA100 atomic entity, fact, requirement, evidence, source-decision, or completeness record after dependencies resolve.","06_condition","high","condition-sets.csv"
"数据/condition-sets.csv","insert","COND-R1-GA100-RAS-DPO","Insert the v2 GA100 atomic entity, fact, requirement, evidence, source-decision, or completeness record after dependencies resolve.","06_condition","high","condition-sets.csv"
"数据/condition-sets.csv","insert","COND-R1-GA100-RAS-ROW-REMAP","Insert the v2 GA100 atomic entity, fact, requirement, evidence, source-decision, or completeness record after dependencies resolve.","06_condition","high","condition-sets.csv"
"数据/condition-sets.csv","insert","COND-R1-GA100-SM-FP16-DENSE","Insert the v2 GA100 atomic entity, fact, requirement, evidence, source-decision, or completeness record after dependencies resolve.","06_condition","high","condition-sets.csv"
"数据/condition-sets.csv","insert","COND-R1-GA100-SM-PROCESSING-BLOCK","Insert the v2 GA100 atomic entity, fact, requirement, evidence, source-decision, or completeness record after dependencies resolve.","06_condition","high","condition-sets.csv"
"数据/facts.csv","delete","FACT-M2NA-AMPERE-TENSOR-FORMATS","Delete the erroneous aggregate format list; path-specific facts replace it.","07_delete","high","facts.csv"
"数据/field-requirements.csv","delete","REQ-M2NA-AVAIL-0003","Delete the availability requirement tied to the erroneous aggregate format fact.","07_delete","high","field-requirements.csv"
"最小参考资料库/fact-assertions.csv","delete","ASSERT-M2NA-0003","Delete the assertion tied to the erroneous aggregate format fact.","07_delete","high","fact-assertions.csv"
"数据/facts.csv","update","FACT-M2NA-AMPERE-ASYNC-EXEC","Explicitly replace the existing row with the v2 atomic semantics and return modified lifecycle state to draft or needs_resolution.","08_fact","high","facts.csv"
"数据/facts.csv","update","FACT-M2NA-AMPERE-CUDA-EXEC","Explicitly replace the existing row with the v2 atomic semantics and return modified lifecycle state to draft or needs_resolution.","08_fact","high","facts.csv"
"数据/facts.csv","update","FACT-M2NA-AMPERE-INT-A","Explicitly replace the existing row with the v2 atomic semantics and return modified lifecycle state to draft or needs_resolution.","08_fact","high","facts.csv"
"数据/facts.csv","update","FACT-M2NA-AMPERE-SM-EXEC","Explicitly replace the existing row with the v2 atomic semantics and return modified lifecycle state to draft or needs_resolution.","08_fact","high","facts.csv"
"数据/facts.csv","update","FACT-M2NA-AMPERE-SPARSE-DETAIL","Explicitly replace the existing row with the v2 atomic semantics and return modified lifecycle state to draft or needs_resolution.","08_fact","high","facts.csv"
"数据/facts.csv","update","FACT-M2NA-AMPERE-SPARSE-LEVEL","Explicitly replace the existing row with the v2 atomic semantics and return modified lifecycle state to draft or needs_resolution.","08_fact","high","facts.csv"
"数据/facts.csv","update","FACT-M2NA-AMPERE-SW","Explicitly replace the existing row with the v2 atomic semantics and return modified lifecycle state to draft or needs_resolution.","08_fact","high","facts.csv"
"数据/facts.csv","update","FACT-M2NA-AMPERE-TF32-A","Explicitly replace the existing row with the v2 atomic semantics and return modified lifecycle state to draft or needs_resolution.","08_fact","high","facts.csv"
"数据/facts.csv","insert","FACT-R1-GA100-AMPERE-BARRIER-SCHED","Insert the v2 GA100 atomic entity, fact, requirement, evidence, source-decision, or completeness record after dependencies resolve.","08_fact","high","facts.csv"
"数据/facts.csv","insert","FACT-R1-GA100-AMPERE-BF16-B","Insert the v2 GA100 atomic entity, fact, requirement, evidence, source-decision, or completeness record after dependencies resolve.","08_fact","high","facts.csv"
"数据/facts.csv","insert","FACT-R1-GA100-AMPERE-BINARY-A","Insert the v2 GA100 atomic entity, fact, requirement, evidence, source-decision, or completeness record after dependencies resolve.","08_fact","high","facts.csv"
"数据/facts.csv","insert","FACT-R1-GA100-AMPERE-BINARY-ACC","Insert the v2 GA100 atomic entity, fact, requirement, evidence, source-decision, or completeness record after dependencies resolve.","08_fact","high","facts.csv"
"数据/facts.csv","insert","FACT-R1-GA100-AMPERE-BINARY-B","Insert the v2 GA100 atomic entity, fact, requirement, evidence, source-decision, or completeness record after dependencies resolve.","08_fact","high","facts.csv"
"数据/facts.csv","insert","FACT-R1-GA100-AMPERE-FP16-ACC16-A","Insert the v2 GA100 atomic entity, fact, requirement, evidence, source-decision, or completeness record after dependencies resolve.","08_fact","high","facts.csv"
"数据/facts.csv","insert","FACT-R1-GA100-AMPERE-FP16-ACC16-ACC","Insert the v2 GA100 atomic entity, fact, requirement, evidence, source-decision, or completeness record after dependencies resolve.","08_fact","high","facts.csv"
"数据/facts.csv","insert","FACT-R1-GA100-AMPERE-FP16-ACC16-B","Insert the v2 GA100 atomic entity, fact, requirement, evidence, source-decision, or completeness record after dependencies resolve.","08_fact","high","facts.csv"
"数据/facts.csv","insert","FACT-R1-GA100-AMPERE-FP64-ACC","Insert the v2 GA100 atomic entity, fact, requirement, evidence, source-decision, or completeness record after dependencies resolve.","08_fact","high","facts.csv"
"数据/facts.csv","insert","FACT-R1-GA100-AMPERE-FP64-B","Insert the v2 GA100 atomic entity, fact, requirement, evidence, source-decision, or completeness record after dependencies resolve.","08_fact","high","facts.csv"
"数据/facts.csv","insert","FACT-R1-GA100-AMPERE-INT4-A","Insert the v2 GA100 atomic entity, fact, requirement, evidence, source-decision, or completeness record after dependencies resolve.","08_fact","high","facts.csv"
"数据/facts.csv","insert","FACT-R1-GA100-AMPERE-INT4-ACC","Insert the v2 GA100 atomic entity, fact, requirement, evidence, source-decision, or completeness record after dependencies resolve.","08_fact","high","facts.csv"
"数据/facts.csv","insert","FACT-R1-GA100-AMPERE-INT4-B","Insert the v2 GA100 atomic entity, fact, requirement, evidence, source-decision, or completeness record after dependencies resolve.","08_fact","high","facts.csv"
"数据/facts.csv","insert","FACT-R1-GA100-AMPERE-INT8-ACC","Insert the v2 GA100 atomic entity, fact, requirement, evidence, source-decision, or completeness record after dependencies resolve.","08_fact","high","facts.csv"
"数据/facts.csv","insert","FACT-R1-GA100-AMPERE-INT8-B","Insert the v2 GA100 atomic entity, fact, requirement, evidence, source-decision, or completeness record after dependencies resolve.","08_fact","high","facts.csv"
"数据/facts.csv","insert","FACT-R1-GA100-AMPERE-NVLINK-FAULT","Insert the v2 GA100 atomic entity, fact, requirement, evidence, source-decision, or completeness record after dependencies resolve.","08_fact","high","facts.csv"
"数据/facts.csv","insert","FACT-R1-GA100-AMPERE-NVLINK-LR-FAULT","Insert the v2 GA100 atomic entity, fact, requirement, evidence, source-decision, or completeness record after dependencies resolve.","08_fact","high","facts.csv"
"数据/facts.csv","insert","FACT-R1-GA100-AMPERE-NVLINK-LR-PHY","Insert the v2 GA100 atomic entity, fact, requirement, evidence, source-decision, or completeness record after dependencies resolve.","08_fact","high","facts.csv"
"数据/facts.csv","insert","FACT-R1-GA100-AMPERE-NVLINK-REMOTE-MEMORY","Insert the v2 GA100 atomic entity, fact, requirement, evidence, source-decision, or completeness record after dependencies resolve.","08_fact","high","facts.csv"
"数据/facts.csv","insert","FACT-R1-GA100-AMPERE-REDUCE-DETAIL","Insert the v2 GA100 atomic entity, fact, requirement, evidence, source-decision, or completeness record after dependencies resolve.","08_fact","high","facts.csv"
"数据/facts.csv","insert","FACT-R1-GA100-AMPERE-REDUCE-LEVEL","Insert the v2 GA100 atomic entity, fact, requirement, evidence, source-decision, or completeness record after dependencies resolve.","08_fact","high","facts.csv"
"数据/facts.csv","insert","FACT-R1-GA100-AMPERE-REDUCE-LIMIT","Insert the v2 GA100 atomic entity, fact, requirement, evidence, source-decision, or completeness record after dependencies resolve.","08_fact","high","facts.csv"
"数据/facts.csv","insert","FACT-R1-GA100-AMPERE-SPARSE-BF16","Insert the v2 GA100 atomic entity, fact, requirement, evidence, source-decision, or completeness record after dependencies resolve.","08_fact","high","facts.csv"
"数据/facts.csv","insert","FACT-R1-GA100-AMPERE-SPARSE-FP16","Insert the v2 GA100 atomic entity, fact, requirement, evidence, source-decision, or completeness record after dependencies resolve.","08_fact","high","facts.csv"
"数据/facts.csv","insert","FACT-R1-GA100-AMPERE-SPARSE-INT4","Insert the v2 GA100 atomic entity, fact, requirement, evidence, source-decision, or completeness record after dependencies resolve.","08_fact","high","facts.csv"
"数据/facts.csv","insert","FACT-R1-GA100-AMPERE-SPARSE-INT8","Insert the v2 GA100 atomic entity, fact, requirement, evidence, source-decision, or completeness record after dependencies resolve.","08_fact","high","facts.csv"
"数据/facts.csv","insert","FACT-R1-GA100-AMPERE-SPARSE-TF32","Insert the v2 GA100 atomic entity, fact, requirement, evidence, source-decision, or completeness record after dependencies resolve.","08_fact","high","facts.csv"
"数据/facts.csv","insert","FACT-R1-GA100-AMPERE-SW-MATURITY","Insert the v2 GA100 atomic entity, fact, requirement, evidence, source-decision, or completeness record after dependencies resolve.","08_fact","high","facts.csv"
"数据/facts.csv","insert","FACT-R1-GA100-AMPERE-TF32-B","Insert the v2 GA100 atomic entity, fact, requirement, evidence, source-decision, or completeness record after dependencies resolve.","08_fact","high","facts.csv"
"数据/facts.csv","insert","FACT-R1-GA100-AMPERE-TF32-CONVERSION","Insert the v2 GA100 atomic entity, fact, requirement, evidence, source-decision, or completeness record after dependencies resolve.","08_fact","high","facts.csv"
"数据/facts.csv","insert","FACT-R1-GA100-AMPERE-TF32-OUTPUT","Insert the v2 GA100 atomic entity, fact, requirement, evidence, source-decision, or completeness record after dependencies resolve.","08_fact","high","facts.csv"
"数据/facts.csv","insert","FACT-R1-GA100-COMP-COUNT-FP32","Insert the v2 GA100 atomic entity, fact, requirement, evidence, source-decision, or completeness record after dependencies resolve.","08_fact","high","facts.csv"
"数据/facts.csv","insert","FACT-R1-GA100-COMP-COUNT-GPC","Insert the v2 GA100 atomic entity, fact, requirement, evidence, source-decision, or completeness record after dependencies resolve.","08_fact","high","facts.csv"
"数据/facts.csv","insert","FACT-R1-GA100-COMP-COUNT-MEMCTRL","Insert the v2 GA100 atomic entity, fact, requirement, evidence, source-decision, or completeness record after dependencies resolve.","08_fact","high","facts.csv"
"数据/facts.csv","insert","FACT-R1-GA100-COMP-COUNT-SM","Insert the v2 GA100 atomic entity, fact, requirement, evidence, source-decision, or completeness record after dependencies resolve.","08_fact","high","facts.csv"
"数据/facts.csv","insert","FACT-R1-GA100-COMP-COUNT-TENSOR","Insert the v2 GA100 atomic entity, fact, requirement, evidence, source-decision, or completeness record after dependencies resolve.","08_fact","high","facts.csv"
"数据/facts.csv","insert","FACT-R1-GA100-COMP-COUNT-TPC","Insert the v2 GA100 atomic entity, fact, requirement, evidence, source-decision, or completeness record after dependencies resolve.","08_fact","high","facts.csv"
"数据/facts.csv","insert","FACT-R1-GA100-COMP-NAME-FP32","Insert the v2 GA100 atomic entity, fact, requirement, evidence, source-decision, or completeness record after dependencies resolve.","08_fact","high","facts.csv"
"数据/facts.csv","insert","FACT-R1-GA100-COMP-NAME-GPC","Insert the v2 GA100 atomic entity, fact, requirement, evidence, source-decision, or completeness record after dependencies resolve.","08_fact","high","facts.csv"
"数据/facts.csv","insert","FACT-R1-GA100-COMP-NAME-L1SMEM","Insert the v2 GA100 atomic entity, fact, requirement, evidence, source-decision, or completeness record after dependencies resolve.","08_fact","high","facts.csv"
"数据/facts.csv","insert","FACT-R1-GA100-COMP-NAME-L2","Insert the v2 GA100 atomic entity, fact, requirement, evidence, source-decision, or completeness record after dependencies resolve.","08_fact","high","facts.csv"
"数据/facts.csv","insert","FACT-R1-GA100-COMP-NAME-MEMCTRL","Insert the v2 GA100 atomic entity, fact, requirement, evidence, source-decision, or completeness record after dependencies resolve.","08_fact","high","facts.csv"
"数据/facts.csv","insert","FACT-R1-GA100-COMP-NAME-OFA","Insert the v2 GA100 atomic entity, fact, requirement, evidence, source-decision, or completeness record after dependencies resolve.","08_fact","high","facts.csv"
"数据/facts.csv","insert","FACT-R1-GA100-COMP-NAME-REG","Insert the v2 GA100 atomic entity, fact, requirement, evidence, source-decision, or completeness record after dependencies resolve.","08_fact","high","facts.csv"
"数据/facts.csv","insert","FACT-R1-GA100-COMP-NAME-SM","Insert the v2 GA100 atomic entity, fact, requirement, evidence, source-decision, or completeness record after dependencies resolve.","08_fact","high","facts.csv"
"数据/facts.csv","insert","FACT-R1-GA100-COMP-NAME-TENSOR","Insert the v2 GA100 atomic entity, fact, requirement, evidence, source-decision, or completeness record after dependencies resolve.","08_fact","high","facts.csv"
"数据/facts.csv","insert","FACT-R1-GA100-COMP-NAME-TPC","Insert the v2 GA100 atomic entity, fact, requirement, evidence, source-decision, or completeness record after dependencies resolve.","08_fact","high","facts.csv"
"数据/facts.csv","insert","FACT-R1-GA100-COMP-NAME-VIDEO-DECODE","Insert the v2 GA100 atomic entity, fact, requirement, evidence, source-decision, or completeness record after dependencies resolve.","08_fact","high","facts.csv"
"数据/facts.csv","insert","FACT-R1-GA100-FP16-A","Insert the v2 GA100 atomic entity, fact, requirement, evidence, source-decision, or completeness record after dependencies resolve.","08_fact","high","facts.csv"
"数据/facts.csv","insert","FACT-R1-GA100-FP16-ACC","Insert the v2 GA100 atomic entity, fact, requirement, evidence, source-decision, or completeness record after dependencies resolve.","08_fact","high","facts.csv"
"数据/facts.csv","insert","FACT-R1-GA100-FP16-B","Insert the v2 GA100 atomic entity, fact, requirement, evidence, source-decision, or completeness record after dependencies resolve.","08_fact","high","facts.csv"
"数据/facts.csv","insert","FACT-R1-GA100-FP16-COUNT-RULE","Insert the v2 GA100 atomic entity, fact, requirement, evidence, source-decision, or completeness record after dependencies resolve.","08_fact","high","facts.csv"
"数据/facts.csv","insert","FACT-R1-GA100-FP16-DENSE-SPARSITY","Insert the v2 GA100 atomic entity, fact, requirement, evidence, source-decision, or completeness record after dependencies resolve.","08_fact","high","facts.csv"
"数据/facts.csv","insert","FACT-R1-GA100-FP16-FMA-PER-SM","Insert the v2 GA100 atomic entity, fact, requirement, evidence, source-decision, or completeness record after dependencies resolve.","08_fact","high","facts.csv"
"数据/facts.csv","insert","FACT-R1-GA100-ID-FAMILY","Insert the v2 GA100 atomic entity, fact, requirement, evidence, source-decision, or completeness record after dependencies resolve.","08_fact","high","facts.csv"
"数据/facts.csv","insert","FACT-R1-GA100-ID-NAME","Insert the v2 GA100 atomic entity, fact, requirement, evidence, source-decision, or completeness record after dependencies resolve.","08_fact","high","facts.csv"
"数据/facts.csv","insert","FACT-R1-GA100-ID-TYPE","Insert the v2 GA100 atomic entity, fact, requirement, evidence, source-decision, or completeness record after dependencies resolve.","08_fact","high","facts.csv"
"数据/facts.csv","insert","FACT-R1-GA100-ID-VENDOR","Insert the v2 GA100 atomic entity, fact, requirement, evidence, source-decision, or completeness record after dependencies resolve.","08_fact","high","facts.csv"
"数据/facts.csv","insert","FACT-R1-GA100-L1SMEM-CAPACITY-PER-SM","Insert the v2 GA100 atomic entity, fact, requirement, evidence, source-decision, or completeness record after dependencies resolve.","08_fact","high","facts.csv"
"数据/facts.csv","insert","FACT-R1-GA100-MEM-NAME-L1SMEM","Insert the v2 GA100 atomic entity, fact, requirement, evidence, source-decision, or completeness record after dependencies resolve.","08_fact","high","facts.csv"
"数据/facts.csv","insert","FACT-R1-GA100-MEM-NAME-L2","Insert the v2 GA100 atomic entity, fact, requirement, evidence, source-decision, or completeness record after dependencies resolve.","08_fact","high","facts.csv"
"数据/facts.csv","insert","FACT-R1-GA100-MEM-NAME-REG","Insert the v2 GA100 atomic entity, fact, requirement, evidence, source-decision, or completeness record after dependencies resolve.","08_fact","high","facts.csv"
"数据/facts.csv","insert","FACT-R1-GA100-OFA-DETAIL","Insert the v2 GA100 atomic entity, fact, requirement, evidence, source-decision, or completeness record after dependencies resolve.","08_fact","high","facts.csv"
"数据/facts.csv","insert","FACT-R1-GA100-OFA-LEVEL","Insert the v2 GA100 atomic entity, fact, requirement, evidence, source-decision, or completeness record after dependencies resolve.","08_fact","high","facts.csv"
"数据/facts.csv","insert","FACT-R1-GA100-PCIE-PROTOCOL","Insert the v2 GA100 atomic entity, fact, requirement, evidence, source-decision, or completeness record after dependencies resolve.","08_fact","high","facts.csv"
"数据/facts.csv","insert","FACT-R1-GA100-PHY-AREA","Insert the v2 GA100 atomic entity, fact, requirement, evidence, source-decision, or completeness record after dependencies resolve.","08_fact","high","facts.csv"
"数据/facts.csv","insert","FACT-R1-GA100-PHY-FOUNDRY","Insert the v2 GA100 atomic entity, fact, requirement, evidence, source-decision, or completeness record after dependencies resolve.","08_fact","high","facts.csv"
"数据/facts.csv","insert","FACT-R1-GA100-PHY-PROCESS","Insert the v2 GA100 atomic entity, fact, requirement, evidence, source-decision, or completeness record after dependencies resolve.","08_fact","high","facts.csv"
"数据/facts.csv","insert","FACT-R1-GA100-PHY-TRANSISTORS","Insert the v2 GA100 atomic entity, fact, requirement, evidence, source-decision, or completeness record after dependencies resolve.","08_fact","high","facts.csv"
"数据/facts.csv","insert","FACT-R1-GA100-RAS-CONTAINMENT","Insert the v2 GA100 atomic entity, fact, requirement, evidence, source-decision, or completeness record after dependencies resolve.","08_fact","high","facts.csv"
"数据/facts.csv","insert","FACT-R1-GA100-RAS-DETECTION","Insert the v2 GA100 atomic entity, fact, requirement, evidence, source-decision, or completeness record after dependencies resolve.","08_fact","high","facts.csv"
"数据/facts.csv","insert","FACT-R1-GA100-RAS-DPO","Insert the v2 GA100 atomic entity, fact, requirement, evidence, source-decision, or completeness record after dependencies resolve.","08_fact","high","facts.csv"
"数据/facts.csv","insert","FACT-R1-GA100-RAS-RECOVERY","Insert the v2 GA100 atomic entity, fact, requirement, evidence, source-decision, or completeness record after dependencies resolve.","08_fact","high","facts.csv"
"数据/facts.csv","insert","FACT-R1-GA100-RAS-ROW-REMAP","Insert the v2 GA100 atomic entity, fact, requirement, evidence, source-decision, or completeness record after dependencies resolve.","08_fact","high","facts.csv"
"数据/facts.csv","insert","FACT-R1-GA100-REG-AGGREGATION","Insert the v2 GA100 atomic entity, fact, requirement, evidence, source-decision, or completeness record after dependencies resolve.","08_fact","high","facts.csv"
"数据/facts.csv","insert","FACT-R1-GA100-REG-CAPACITY-PER-SM","Insert the v2 GA100 atomic entity, fact, requirement, evidence, source-decision, or completeness record after dependencies resolve.","08_fact","high","facts.csv"
"数据/facts.csv","insert","FACT-R1-GA100-REG-INSTANCE-COUNT-PER-SM","Insert the v2 GA100 atomic entity, fact, requirement, evidence, source-decision, or completeness record after dependencies resolve.","08_fact","high","facts.csv"
"数据/facts.csv","insert","FACT-R1-GA100-SM-ISSUE","Insert the v2 GA100 atomic entity, fact, requirement, evidence, source-decision, or completeness record after dependencies resolve.","08_fact","high","facts.csv"
"数据/facts.csv","insert","FACT-R1-GA100-SM-SHARED","Insert the v2 GA100 atomic entity, fact, requirement, evidence, source-decision, or completeness record after dependencies resolve.","08_fact","high","facts.csv"
"数据/facts.csv","insert","FACT-R1-GA100-VIDEO-DETAIL","Insert the v2 GA100 atomic entity, fact, requirement, evidence, source-decision, or completeness record after dependencies resolve.","08_fact","high","facts.csv"
"数据/facts.csv","insert","FACT-R1-GA100-VIDEO-LEVEL","Insert the v2 GA100 atomic entity, fact, requirement, evidence, source-decision, or completeness record after dependencies resolve.","08_fact","high","facts.csv"
"数据/field-requirements.csv","update","REQ-M2NA-AVAIL-0001","Explicitly replace the existing row with the v2 atomic semantics and return modified lifecycle state to draft or needs_resolution.","09_requirement","high","field-requirements.csv"
"数据/field-requirements.csv","update","REQ-M2NA-AVAIL-0004","Explicitly replace the existing row with the v2 atomic semantics and return modified lifecycle state to draft or needs_resolution.","09_requirement","high","field-requirements.csv"
"数据/field-requirements.csv","update","REQ-M2NA-AVAIL-0005","Explicitly replace the existing row with the v2 atomic semantics and return modified lifecycle state to draft or needs_resolution.","09_requirement","high","field-requirements.csv"
"数据/field-requirements.csv","update","REQ-M2NA-AVAIL-0013","Explicitly replace the existing row with the v2 atomic semantics and return modified lifecycle state to draft or needs_resolution.","09_requirement","high","field-requirements.csv"
"数据/field-requirements.csv","update","REQ-M2NA-AVAIL-0016","Explicitly replace the existing row with the v2 atomic semantics and return modified lifecycle state to draft or needs_resolution.","09_requirement","high","field-requirements.csv"
"数据/field-requirements.csv","update","REQ-M2NA-AVAIL-0017","Explicitly replace the existing row with the v2 atomic semantics and return modified lifecycle state to draft or needs_resolution.","09_requirement","high","field-requirements.csv"
"数据/field-requirements.csv","update","REQ-M2NA-AVAIL-0018","Explicitly replace the existing row with the v2 atomic semantics and return modified lifecycle state to draft or needs_resolution.","09_requirement","high","field-requirements.csv"
"数据/field-requirements.csv","update","REQ-M2NA-AVAIL-0021","Explicitly replace the existing row with the v2 atomic semantics and return modified lifecycle state to draft or needs_resolution.","09_requirement","high","field-requirements.csv"
"数据/field-requirements.csv","update","REQ-M2NA-GAP-0006","Explicitly replace the existing row with the v2 atomic semantics and return modified lifecycle state to draft or needs_resolution.","09_requirement","high","field-requirements.csv"
"数据/field-requirements.csv","update","REQ-M2NA-GAP-0059","Explicitly replace the existing row with the v2 atomic semantics and return modified lifecycle state to draft or needs_resolution.","09_requirement","high","field-requirements.csv"
"数据/field-requirements.csv","update","REQ-M2NA-GAP-0060","Explicitly replace the existing row with the v2 atomic semantics and return modified lifecycle state to draft or needs_resolution.","09_requirement","high","field-requirements.csv"
"数据/field-requirements.csv","update","REQ-M2NA-GAP-0061","Explicitly replace the existing row with the v2 atomic semantics and return modified lifecycle state to draft or needs_resolution.","09_requirement","high","field-requirements.csv"
"数据/field-requirements.csv","update","REQ-M2NA-GAP-0062","Explicitly replace the existing row with the v2 atomic semantics and return modified lifecycle state to draft or needs_resolution.","09_requirement","high","field-requirements.csv"
"数据/field-requirements.csv","update","REQ-M2NA-GAP-0063","Explicitly replace the existing row with the v2 atomic semantics and return modified lifecycle state to draft or needs_resolution.","09_requirement","high","field-requirements.csv"
"数据/field-requirements.csv","update","REQ-M2NA-GAP-0109","Explicitly replace the existing row with the v2 atomic semantics and return modified lifecycle state to draft or needs_resolution.","09_requirement","high","field-requirements.csv"
"数据/field-requirements.csv","update","REQ-M2NA-GAP-0110","Explicitly replace the existing row with the v2 atomic semantics and return modified lifecycle state to draft or needs_resolution.","09_requirement","high","field-requirements.csv"
"数据/field-requirements.csv","update","REQ-M2NA-GAP-0111","Explicitly replace the existing row with the v2 atomic semantics and return modified lifecycle state to draft or needs_resolution.","09_requirement","high","field-requirements.csv"
"数据/field-requirements.csv","update","REQ-M2NA-GAP-0112","Explicitly replace the existing row with the v2 atomic semantics and return modified lifecycle state to draft or needs_resolution.","09_requirement","high","field-requirements.csv"
"数据/field-requirements.csv","update","REQ-M2NA-GAP-0113","Explicitly replace the existing row with the v2 atomic semantics and return modified lifecycle state to draft or needs_resolution.","09_requirement","high","field-requirements.csv"
"数据/field-requirements.csv","update","REQ-M2NA-GAP-0114","Explicitly replace the existing row with the v2 atomic semantics and return modified lifecycle state to draft or needs_resolution.","09_requirement","high","field-requirements.csv"
"数据/field-requirements.csv","update","REQ-M2NA-GAP-0163","Explicitly replace the existing row with the v2 atomic semantics and return modified lifecycle state to draft or needs_resolution.","09_requirement","high","field-requirements.csv"
"数据/field-requirements.csv","update","REQ-M2NA-GAP-0164","Explicitly replace the existing row with the v2 atomic semantics and return modified lifecycle state to draft or needs_resolution.","09_requirement","high","field-requirements.csv"
"数据/field-requirements.csv","insert","REQ-R1-GA100-AMPERE-BARRIER-SCHED","Insert the v2 GA100 atomic entity, fact, requirement, evidence, source-decision, or completeness record after dependencies resolve.","09_requirement","high","field-requirements.csv"
"数据/field-requirements.csv","insert","REQ-R1-GA100-AMPERE-BF16-B","Insert the v2 GA100 atomic entity, fact, requirement, evidence, source-decision, or completeness record after dependencies resolve.","09_requirement","high","field-requirements.csv"
"数据/field-requirements.csv","insert","REQ-R1-GA100-AMPERE-BINARY-A","Insert the v2 GA100 atomic entity, fact, requirement, evidence, source-decision, or completeness record after dependencies resolve.","09_requirement","high","field-requirements.csv"
"数据/field-requirements.csv","insert","REQ-R1-GA100-AMPERE-BINARY-ACC","Insert the v2 GA100 atomic entity, fact, requirement, evidence, source-decision, or completeness record after dependencies resolve.","09_requirement","high","field-requirements.csv"
"数据/field-requirements.csv","insert","REQ-R1-GA100-AMPERE-BINARY-B","Insert the v2 GA100 atomic entity, fact, requirement, evidence, source-decision, or completeness record after dependencies resolve.","09_requirement","high","field-requirements.csv"
"数据/field-requirements.csv","insert","REQ-R1-GA100-AMPERE-FP16-ACC16-A","Insert the v2 GA100 atomic entity, fact, requirement, evidence, source-decision, or completeness record after dependencies resolve.","09_requirement","high","field-requirements.csv"
"数据/field-requirements.csv","insert","REQ-R1-GA100-AMPERE-FP16-ACC16-ACC","Insert the v2 GA100 atomic entity, fact, requirement, evidence, source-decision, or completeness record after dependencies resolve.","09_requirement","high","field-requirements.csv"
"数据/field-requirements.csv","insert","REQ-R1-GA100-AMPERE-FP16-ACC16-B","Insert the v2 GA100 atomic entity, fact, requirement, evidence, source-decision, or completeness record after dependencies resolve.","09_requirement","high","field-requirements.csv"
"数据/field-requirements.csv","insert","REQ-R1-GA100-AMPERE-FP64-ACC","Insert the v2 GA100 atomic entity, fact, requirement, evidence, source-decision, or completeness record after dependencies resolve.","09_requirement","high","field-requirements.csv"
"数据/field-requirements.csv","insert","REQ-R1-GA100-AMPERE-FP64-B","Insert the v2 GA100 atomic entity, fact, requirement, evidence, source-decision, or completeness record after dependencies resolve.","09_requirement","high","field-requirements.csv"
"数据/field-requirements.csv","insert","REQ-R1-GA100-AMPERE-INT4-A","Insert the v2 GA100 atomic entity, fact, requirement, evidence, source-decision, or completeness record after dependencies resolve.","09_requirement","high","field-requirements.csv"
"数据/field-requirements.csv","insert","REQ-R1-GA100-AMPERE-INT4-ACC","Insert the v2 GA100 atomic entity, fact, requirement, evidence, source-decision, or completeness record after dependencies resolve.","09_requirement","high","field-requirements.csv"
"数据/field-requirements.csv","insert","REQ-R1-GA100-AMPERE-INT4-B","Insert the v2 GA100 atomic entity, fact, requirement, evidence, source-decision, or completeness record after dependencies resolve.","09_requirement","high","field-requirements.csv"
"数据/field-requirements.csv","insert","REQ-R1-GA100-AMPERE-INT8-ACC","Insert the v2 GA100 atomic entity, fact, requirement, evidence, source-decision, or completeness record after dependencies resolve.","09_requirement","high","field-requirements.csv"
"数据/field-requirements.csv","insert","REQ-R1-GA100-AMPERE-INT8-B","Insert the v2 GA100 atomic entity, fact, requirement, evidence, source-decision, or completeness record after dependencies resolve.","09_requirement","high","field-requirements.csv"
"数据/field-requirements.csv","insert","REQ-R1-GA100-AMPERE-NVLINK-FAULT","Insert the v2 GA100 atomic entity, fact, requirement, evidence, source-decision, or completeness record after dependencies resolve.","09_requirement","high","field-requirements.csv"
"数据/field-requirements.csv","insert","REQ-R1-GA100-AMPERE-NVLINK-LR-FAULT","Insert the v2 GA100 atomic entity, fact, requirement, evidence, source-decision, or completeness record after dependencies resolve.","09_requirement","high","field-requirements.csv"
"数据/field-requirements.csv","insert","REQ-R1-GA100-AMPERE-NVLINK-LR-PHY","Insert the v2 GA100 atomic entity, fact, requirement, evidence, source-decision, or completeness record after dependencies resolve.","09_requirement","high","field-requirements.csv"
"数据/field-requirements.csv","insert","REQ-R1-GA100-AMPERE-NVLINK-REMOTE-MEMORY","Insert the v2 GA100 atomic entity, fact, requirement, evidence, source-decision, or completeness record after dependencies resolve.","09_requirement","high","field-requirements.csv"
"数据/field-requirements.csv","insert","REQ-R1-GA100-AMPERE-REDUCE-DETAIL","Insert the v2 GA100 atomic entity, fact, requirement, evidence, source-decision, or completeness record after dependencies resolve.","09_requirement","high","field-requirements.csv"
"数据/field-requirements.csv","insert","REQ-R1-GA100-AMPERE-REDUCE-LEVEL","Insert the v2 GA100 atomic entity, fact, requirement, evidence, source-decision, or completeness record after dependencies resolve.","09_requirement","high","field-requirements.csv"
"数据/field-requirements.csv","insert","REQ-R1-GA100-AMPERE-REDUCE-LIMIT","Insert the v2 GA100 atomic entity, fact, requirement, evidence, source-decision, or completeness record after dependencies resolve.","09_requirement","high","field-requirements.csv"
"数据/field-requirements.csv","insert","REQ-R1-GA100-AMPERE-SPARSE-BF16","Insert the v2 GA100 atomic entity, fact, requirement, evidence, source-decision, or completeness record after dependencies resolve.","09_requirement","high","field-requirements.csv"
"数据/field-requirements.csv","insert","REQ-R1-GA100-AMPERE-SPARSE-FP16","Insert the v2 GA100 atomic entity, fact, requirement, evidence, source-decision, or completeness record after dependencies resolve.","09_requirement","high","field-requirements.csv"
"数据/field-requirements.csv","insert","REQ-R1-GA100-AMPERE-SPARSE-INT4","Insert the v2 GA100 atomic entity, fact, requirement, evidence, source-decision, or completeness record after dependencies resolve.","09_requirement","high","field-requirements.csv"
"数据/field-requirements.csv","insert","REQ-R1-GA100-AMPERE-SPARSE-INT8","Insert the v2 GA100 atomic entity, fact, requirement, evidence, source-decision, or completeness record after dependencies resolve.","09_requirement","high","field-requirements.csv"
"数据/field-requirements.csv","insert","REQ-R1-GA100-AMPERE-SPARSE-TF32","Insert the v2 GA100 atomic entity, fact, requirement, evidence, source-decision, or completeness record after dependencies resolve.","09_requirement","high","field-requirements.csv"
"数据/field-requirements.csv","insert","REQ-R1-GA100-AMPERE-SW-MATURITY","Insert the v2 GA100 atomic entity, fact, requirement, evidence, source-decision, or completeness record after dependencies resolve.","09_requirement","high","field-requirements.csv"
"数据/field-requirements.csv","insert","REQ-R1-GA100-AMPERE-TF32-B","Insert the v2 GA100 atomic entity, fact, requirement, evidence, source-decision, or completeness record after dependencies resolve.","09_requirement","high","field-requirements.csv"
"数据/field-requirements.csv","insert","REQ-R1-GA100-AMPERE-TF32-CONVERSION","Insert the v2 GA100 atomic entity, fact, requirement, evidence, source-decision, or completeness record after dependencies resolve.","09_requirement","high","field-requirements.csv"
"数据/field-requirements.csv","insert","REQ-R1-GA100-AMPERE-TF32-OUTPUT","Insert the v2 GA100 atomic entity, fact, requirement, evidence, source-decision, or completeness record after dependencies resolve.","09_requirement","high","field-requirements.csv"
"数据/field-requirements.csv","insert","REQ-R1-GA100-BENCH-ENERGY","Insert the v2 GA100 atomic entity, fact, requirement, evidence, source-decision, or completeness record after dependencies resolve.","09_requirement","high","field-requirements.csv"
"数据/field-requirements.csv","insert","REQ-R1-GA100-BENCH-POWER","Insert the v2 GA100 atomic entity, fact, requirement, evidence, source-decision, or completeness record after dependencies resolve.","09_requirement","high","field-requirements.csv"
"数据/field-requirements.csv","insert","REQ-R1-GA100-BENCH-TPJ","Insert the v2 GA100 atomic entity, fact, requirement, evidence, source-decision, or completeness record after dependencies resolve.","09_requirement","high","field-requirements.csv"
"数据/field-requirements.csv","insert","REQ-R1-GA100-BENCH-UTIL","Insert the v2 GA100 atomic entity, fact, requirement, evidence, source-decision, or completeness record after dependencies resolve.","09_requirement","high","field-requirements.csv"
"数据/field-requirements.csv","insert","REQ-R1-GA100-CAP-GAP-ATTENTION-MOVE","Insert the v2 GA100 atomic entity, fact, requirement, evidence, source-decision, or completeness record after dependencies resolve.","09_requirement","high","field-requirements.csv"
"数据/field-requirements.csv","insert","REQ-R1-GA100-CAP-GAP-COLLECTIVE","Insert the v2 GA100 atomic entity, fact, requirement, evidence, source-decision, or completeness record after dependencies resolve.","09_requirement","high","field-requirements.csv"
"数据/field-requirements.csv","insert","REQ-R1-GA100-CAP-GAP-COMPRESSION","Insert the v2 GA100 atomic entity, fact, requirement, evidence, source-decision, or completeness record after dependencies resolve.","09_requirement","high","field-requirements.csv"
"数据/field-requirements.csv","insert","REQ-R1-GA100-CAP-GAP-DEQUANTIZE","Insert the v2 GA100 atomic entity, fact, requirement, evidence, source-decision, or completeness record after dependencies resolve.","09_requirement","high","field-requirements.csv"
"数据/field-requirements.csv","insert","REQ-R1-GA100-CAP-GAP-KV-CACHE","Insert the v2 GA100 atomic entity, fact, requirement, evidence, source-decision, or completeness record after dependencies resolve.","09_requirement","high","field-requirements.csv"
"数据/field-requirements.csv","insert","REQ-R1-GA100-CAP-GAP-MOE-DISPATCH","Insert the v2 GA100 atomic entity, fact, requirement, evidence, source-decision, or completeness record after dependencies resolve.","09_requirement","high","field-requirements.csv"
"数据/field-requirements.csv","insert","REQ-R1-GA100-CAP-GAP-MOE-ROUTE","Insert the v2 GA100 atomic entity, fact, requirement, evidence, source-decision, or completeness record after dependencies resolve.","09_requirement","high","field-requirements.csv"
"数据/field-requirements.csv","insert","REQ-R1-GA100-CAP-GAP-QUANTIZE","Insert the v2 GA100 atomic entity, fact, requirement, evidence, source-decision, or completeness record after dependencies resolve.","09_requirement","high","field-requirements.csv"
"数据/field-requirements.csv","insert","REQ-R1-GA100-CAP-GAP-SOFTMAX","Insert the v2 GA100 atomic entity, fact, requirement, evidence, source-decision, or completeness record after dependencies resolve.","09_requirement","high","field-requirements.csv"
"数据/field-requirements.csv","insert","REQ-R1-GA100-CAP-GAP-TOPK","Insert the v2 GA100 atomic entity, fact, requirement, evidence, source-decision, or completeness record after dependencies resolve.","09_requirement","high","field-requirements.csv"
"数据/field-requirements.csv","insert","REQ-R1-GA100-CAP-GAP-TRANSPOSE","Insert the v2 GA100 atomic entity, fact, requirement, evidence, source-decision, or completeness record after dependencies resolve.","09_requirement","high","field-requirements.csv"
"数据/field-requirements.csv","insert","REQ-R1-GA100-COMP-COUNT-FP32","Insert the v2 GA100 atomic entity, fact, requirement, evidence, source-decision, or completeness record after dependencies resolve.","09_requirement","high","field-requirements.csv"
"数据/field-requirements.csv","insert","REQ-R1-GA100-COMP-COUNT-GPC","Insert the v2 GA100 atomic entity, fact, requirement, evidence, source-decision, or completeness record after dependencies resolve.","09_requirement","high","field-requirements.csv"
"数据/field-requirements.csv","insert","REQ-R1-GA100-COMP-COUNT-MEMCTRL","Insert the v2 GA100 atomic entity, fact, requirement, evidence, source-decision, or completeness record after dependencies resolve.","09_requirement","high","field-requirements.csv"
"数据/field-requirements.csv","insert","REQ-R1-GA100-COMP-COUNT-SM","Insert the v2 GA100 atomic entity, fact, requirement, evidence, source-decision, or completeness record after dependencies resolve.","09_requirement","high","field-requirements.csv"
"数据/field-requirements.csv","insert","REQ-R1-GA100-COMP-COUNT-TENSOR","Insert the v2 GA100 atomic entity, fact, requirement, evidence, source-decision, or completeness record after dependencies resolve.","09_requirement","high","field-requirements.csv"
"数据/field-requirements.csv","insert","REQ-R1-GA100-COMP-COUNT-TPC","Insert the v2 GA100 atomic entity, fact, requirement, evidence, source-decision, or completeness record after dependencies resolve.","09_requirement","high","field-requirements.csv"
"数据/field-requirements.csv","insert","REQ-R1-GA100-COMP-NAME-FP32","Insert the v2 GA100 atomic entity, fact, requirement, evidence, source-decision, or completeness record after dependencies resolve.","09_requirement","high","field-requirements.csv"
"数据/field-requirements.csv","insert","REQ-R1-GA100-COMP-NAME-GPC","Insert the v2 GA100 atomic entity, fact, requirement, evidence, source-decision, or completeness record after dependencies resolve.","09_requirement","high","field-requirements.csv"
"数据/field-requirements.csv","insert","REQ-R1-GA100-COMP-NAME-L1SMEM","Insert the v2 GA100 atomic entity, fact, requirement, evidence, source-decision, or completeness record after dependencies resolve.","09_requirement","high","field-requirements.csv"
"数据/field-requirements.csv","insert","REQ-R1-GA100-COMP-NAME-L2","Insert the v2 GA100 atomic entity, fact, requirement, evidence, source-decision, or completeness record after dependencies resolve.","09_requirement","high","field-requirements.csv"
"数据/field-requirements.csv","insert","REQ-R1-GA100-COMP-NAME-MEMCTRL","Insert the v2 GA100 atomic entity, fact, requirement, evidence, source-decision, or completeness record after dependencies resolve.","09_requirement","high","field-requirements.csv"
"数据/field-requirements.csv","insert","REQ-R1-GA100-COMP-NAME-OFA","Insert the v2 GA100 atomic entity, fact, requirement, evidence, source-decision, or completeness record after dependencies resolve.","09_requirement","high","field-requirements.csv"
"数据/field-requirements.csv","insert","REQ-R1-GA100-COMP-NAME-REG","Insert the v2 GA100 atomic entity, fact, requirement, evidence, source-decision, or completeness record after dependencies resolve.","09_requirement","high","field-requirements.csv"
"数据/field-requirements.csv","insert","REQ-R1-GA100-COMP-NAME-SM","Insert the v2 GA100 atomic entity, fact, requirement, evidence, source-decision, or completeness record after dependencies resolve.","09_requirement","high","field-requirements.csv"
"数据/field-requirements.csv","insert","REQ-R1-GA100-COMP-NAME-TENSOR","Insert the v2 GA100 atomic entity, fact, requirement, evidence, source-decision, or completeness record after dependencies resolve.","09_requirement","high","field-requirements.csv"
"数据/field-requirements.csv","insert","REQ-R1-GA100-COMP-NAME-TPC","Insert the v2 GA100 atomic entity, fact, requirement, evidence, source-decision, or completeness record after dependencies resolve.","09_requirement","high","field-requirements.csv"
"数据/field-requirements.csv","insert","REQ-R1-GA100-COMP-NAME-VIDEO-DECODE","Insert the v2 GA100 atomic entity, fact, requirement, evidence, source-decision, or completeness record after dependencies resolve.","09_requirement","high","field-requirements.csv"
"数据/field-requirements.csv","insert","REQ-R1-GA100-COMP-VENDOR-TOPS","Insert the v2 GA100 atomic entity, fact, requirement, evidence, source-decision, or completeness record after dependencies resolve.","09_requirement","high","field-requirements.csv"
"数据/field-requirements.csv","insert","REQ-R1-GA100-ECON-PRICE","Insert the v2 GA100 atomic entity, fact, requirement, evidence, source-decision, or completeness record after dependencies resolve.","09_requirement","high","field-requirements.csv"
"数据/field-requirements.csv","insert","REQ-R1-GA100-FP16-A","Insert the v2 GA100 atomic entity, fact, requirement, evidence, source-decision, or completeness record after dependencies resolve.","09_requirement","high","field-requirements.csv"
"数据/field-requirements.csv","insert","REQ-R1-GA100-FP16-ACC","Insert the v2 GA100 atomic entity, fact, requirement, evidence, source-decision, or completeness record after dependencies resolve.","09_requirement","high","field-requirements.csv"
"数据/field-requirements.csv","insert","REQ-R1-GA100-FP16-B","Insert the v2 GA100 atomic entity, fact, requirement, evidence, source-decision, or completeness record after dependencies resolve.","09_requirement","high","field-requirements.csv"
"数据/field-requirements.csv","insert","REQ-R1-GA100-FP16-COUNT-RULE","Insert the v2 GA100 atomic entity, fact, requirement, evidence, source-decision, or completeness record after dependencies resolve.","09_requirement","high","field-requirements.csv"
"数据/field-requirements.csv","insert","REQ-R1-GA100-FP16-DENSE-SPARSITY","Insert the v2 GA100 atomic entity, fact, requirement, evidence, source-decision, or completeness record after dependencies resolve.","09_requirement","high","field-requirements.csv"
"数据/field-requirements.csv","insert","REQ-R1-GA100-FP16-FMA-PER-SM","Insert the v2 GA100 atomic entity, fact, requirement, evidence, source-decision, or completeness record after dependencies resolve.","09_requirement","high","field-requirements.csv"
"数据/field-requirements.csv","insert","REQ-R1-GA100-ID-ARCH","Insert the v2 GA100 atomic entity, fact, requirement, evidence, source-decision, or completeness record after dependencies resolve.","09_requirement","high","field-requirements.csv"
"数据/field-requirements.csv","insert","REQ-R1-GA100-ID-AVAIL","Insert the v2 GA100 atomic entity, fact, requirement, evidence, source-decision, or completeness record after dependencies resolve.","09_requirement","high","field-requirements.csv"
"数据/field-requirements.csv","insert","REQ-R1-GA100-ID-DATA-CUTOFF","Insert the v2 GA100 atomic entity, fact, requirement, evidence, source-decision, or completeness record after dependencies resolve.","09_requirement","high","field-requirements.csv"
"数据/field-requirements.csv","insert","REQ-R1-GA100-ID-FAMILY","Insert the v2 GA100 atomic entity, fact, requirement, evidence, source-decision, or completeness record after dependencies resolve.","09_requirement","high","field-requirements.csv"
"数据/field-requirements.csv","insert","REQ-R1-GA100-ID-NAME","Insert the v2 GA100 atomic entity, fact, requirement, evidence, source-decision, or completeness record after dependencies resolve.","09_requirement","high","field-requirements.csv"
"数据/field-requirements.csv","insert","REQ-R1-GA100-ID-STATUS","Insert the v2 GA100 atomic entity, fact, requirement, evidence, source-decision, or completeness record after dependencies resolve.","09_requirement","high","field-requirements.csv"
"数据/field-requirements.csv","insert","REQ-R1-GA100-ID-TYPE","Insert the v2 GA100 atomic entity, fact, requirement, evidence, source-decision, or completeness record after dependencies resolve.","09_requirement","high","field-requirements.csv"
"数据/field-requirements.csv","insert","REQ-R1-GA100-ID-VENDOR","Insert the v2 GA100 atomic entity, fact, requirement, evidence, source-decision, or completeness record after dependencies resolve.","09_requirement","high","field-requirements.csv"
"数据/field-requirements.csv","insert","REQ-R1-GA100-L1SMEM-CAPACITY-PER-SM","Insert the v2 GA100 atomic entity, fact, requirement, evidence, source-decision, or completeness record after dependencies resolve.","09_requirement","high","field-requirements.csv"
"数据/field-requirements.csv","insert","REQ-R1-GA100-MEM-NAME-L1SMEM","Insert the v2 GA100 atomic entity, fact, requirement, evidence, source-decision, or completeness record after dependencies resolve.","09_requirement","high","field-requirements.csv"
"数据/field-requirements.csv","insert","REQ-R1-GA100-MEM-NAME-L2","Insert the v2 GA100 atomic entity, fact, requirement, evidence, source-decision, or completeness record after dependencies resolve.","09_requirement","high","field-requirements.csv"
"数据/field-requirements.csv","insert","REQ-R1-GA100-MEM-NAME-REG","Insert the v2 GA100 atomic entity, fact, requirement, evidence, source-decision, or completeness record after dependencies resolve.","09_requirement","high","field-requirements.csv"
"数据/field-requirements.csv","insert","REQ-R1-GA100-OFA-DETAIL","Insert the v2 GA100 atomic entity, fact, requirement, evidence, source-decision, or completeness record after dependencies resolve.","09_requirement","high","field-requirements.csv"
"数据/field-requirements.csv","insert","REQ-R1-GA100-OFA-LEVEL","Insert the v2 GA100 atomic entity, fact, requirement, evidence, source-decision, or completeness record after dependencies resolve.","09_requirement","high","field-requirements.csv"
"数据/field-requirements.csv","insert","REQ-R1-GA100-OFA-THROUGHPUT","Insert the v2 GA100 atomic entity, fact, requirement, evidence, source-decision, or completeness record after dependencies resolve.","09_requirement","high","field-requirements.csv"
"数据/field-requirements.csv","insert","REQ-R1-GA100-PATH-M2NA-AMPERE-TENSOR-BF16-OUTPUT","Insert the v2 GA100 atomic entity, fact, requirement, evidence, source-decision, or completeness record after dependencies resolve.","09_requirement","high","field-requirements.csv"
"数据/field-requirements.csv","insert","REQ-R1-GA100-PATH-M2NA-AMPERE-TENSOR-BF16-PRODUCT","Insert the v2 GA100 atomic entity, fact, requirement, evidence, source-decision, or completeness record after dependencies resolve.","09_requirement","high","field-requirements.csv"
"数据/field-requirements.csv","insert","REQ-R1-GA100-PATH-M2NA-AMPERE-TENSOR-BF16-ROUNDING","Insert the v2 GA100 atomic entity, fact, requirement, evidence, source-decision, or completeness record after dependencies resolve.","09_requirement","high","field-requirements.csv"
"数据/field-requirements.csv","insert","REQ-R1-GA100-PATH-M2NA-AMPERE-TENSOR-BF16-SATURATION","Insert the v2 GA100 atomic entity, fact, requirement, evidence, source-decision, or completeness record after dependencies resolve.","09_requirement","high","field-requirements.csv"
"数据/field-requirements.csv","insert","REQ-R1-GA100-PATH-M2NA-AMPERE-TENSOR-BF16-SCALING-GRANULARITY","Insert the v2 GA100 atomic entity, fact, requirement, evidence, source-decision, or completeness record after dependencies resolve.","09_requirement","high","field-requirements.csv"
"数据/field-requirements.csv","insert","REQ-R1-GA100-PATH-M2NA-AMPERE-TENSOR-BF16-SCALING-MODE","Insert the v2 GA100 atomic entity, fact, requirement, evidence, source-decision, or completeness record after dependencies resolve.","09_requirement","high","field-requirements.csv"
"数据/field-requirements.csv","insert","REQ-R1-GA100-PATH-M2NA-AMPERE-TENSOR-BF16-SUBNORMAL","Insert the v2 GA100 atomic entity, fact, requirement, evidence, source-decision, or completeness record after dependencies resolve.","09_requirement","high","field-requirements.csv"
"数据/field-requirements.csv","insert","REQ-R1-GA100-PATH-M2NA-AMPERE-TENSOR-FP16-OUTPUT","Insert the v2 GA100 atomic entity, fact, requirement, evidence, source-decision, or completeness record after dependencies resolve.","09_requirement","high","field-requirements.csv"
"数据/field-requirements.csv","insert","REQ-R1-GA100-PATH-M2NA-AMPERE-TENSOR-FP16-PRODUCT","Insert the v2 GA100 atomic entity, fact, requirement, evidence, source-decision, or completeness record after dependencies resolve.","09_requirement","high","field-requirements.csv"
"数据/field-requirements.csv","insert","REQ-R1-GA100-PATH-M2NA-AMPERE-TENSOR-FP16-ROUNDING","Insert the v2 GA100 atomic entity, fact, requirement, evidence, source-decision, or completeness record after dependencies resolve.","09_requirement","high","field-requirements.csv"
"数据/field-requirements.csv","insert","REQ-R1-GA100-PATH-M2NA-AMPERE-TENSOR-FP16-SATURATION","Insert the v2 GA100 atomic entity, fact, requirement, evidence, source-decision, or completeness record after dependencies resolve.","09_requirement","high","field-requirements.csv"
"数据/field-requirements.csv","insert","REQ-R1-GA100-PATH-M2NA-AMPERE-TENSOR-FP16-SCALING-GRANULARITY","Insert the v2 GA100 atomic entity, fact, requirement, evidence, source-decision, or completeness record after dependencies resolve.","09_requirement","high","field-requirements.csv"
"数据/field-requirements.csv","insert","REQ-R1-GA100-PATH-M2NA-AMPERE-TENSOR-FP16-SCALING-MODE","Insert the v2 GA100 atomic entity, fact, requirement, evidence, source-decision, or completeness record after dependencies resolve.","09_requirement","high","field-requirements.csv"
"数据/field-requirements.csv","insert","REQ-R1-GA100-PATH-M2NA-AMPERE-TENSOR-FP16-SUBNORMAL","Insert the v2 GA100 atomic entity, fact, requirement, evidence, source-decision, or completeness record after dependencies resolve.","09_requirement","high","field-requirements.csv"
"数据/field-requirements.csv","insert","REQ-R1-GA100-PATH-M2NA-AMPERE-TENSOR-FP64-OUTPUT","Insert the v2 GA100 atomic entity, fact, requirement, evidence, source-decision, or completeness record after dependencies resolve.","09_requirement","high","field-requirements.csv"
"数据/field-requirements.csv","insert","REQ-R1-GA100-PATH-M2NA-AMPERE-TENSOR-FP64-PRODUCT","Insert the v2 GA100 atomic entity, fact, requirement, evidence, source-decision, or completeness record after dependencies resolve.","09_requirement","high","field-requirements.csv"
"数据/field-requirements.csv","insert","REQ-R1-GA100-PATH-M2NA-AMPERE-TENSOR-FP64-ROUNDING","Insert the v2 GA100 atomic entity, fact, requirement, evidence, source-decision, or completeness record after dependencies resolve.","09_requirement","high","field-requirements.csv"
"数据/field-requirements.csv","insert","REQ-R1-GA100-PATH-M2NA-AMPERE-TENSOR-FP64-SATURATION","Insert the v2 GA100 atomic entity, fact, requirement, evidence, source-decision, or completeness record after dependencies resolve.","09_requirement","high","field-requirements.csv"
"数据/field-requirements.csv","insert","REQ-R1-GA100-PATH-M2NA-AMPERE-TENSOR-FP64-SCALING-GRANULARITY","Insert the v2 GA100 atomic entity, fact, requirement, evidence, source-decision, or completeness record after dependencies resolve.","09_requirement","high","field-requirements.csv"
"数据/field-requirements.csv","insert","REQ-R1-GA100-PATH-M2NA-AMPERE-TENSOR-FP64-SCALING-MODE","Insert the v2 GA100 atomic entity, fact, requirement, evidence, source-decision, or completeness record after dependencies resolve.","09_requirement","high","field-requirements.csv"
"数据/field-requirements.csv","insert","REQ-R1-GA100-PATH-M2NA-AMPERE-TENSOR-FP64-SPARSITY","Insert the v2 GA100 atomic entity, fact, requirement, evidence, source-decision, or completeness record after dependencies resolve.","09_requirement","high","field-requirements.csv"
"数据/field-requirements.csv","insert","REQ-R1-GA100-PATH-M2NA-AMPERE-TENSOR-FP64-SUBNORMAL","Insert the v2 GA100 atomic entity, fact, requirement, evidence, source-decision, or completeness record after dependencies resolve.","09_requirement","high","field-requirements.csv"
"数据/field-requirements.csv","insert","REQ-R1-GA100-PATH-M2NA-AMPERE-TENSOR-INT8-OUTPUT","Insert the v2 GA100 atomic entity, fact, requirement, evidence, source-decision, or completeness record after dependencies resolve.","09_requirement","high","field-requirements.csv"
"数据/field-requirements.csv","insert","REQ-R1-GA100-PATH-M2NA-AMPERE-TENSOR-INT8-PRODUCT","Insert the v2 GA100 atomic entity, fact, requirement, evidence, source-decision, or completeness record after dependencies resolve.","09_requirement","high","field-requirements.csv"
"数据/field-requirements.csv","insert","REQ-R1-GA100-PATH-M2NA-AMPERE-TENSOR-INT8-ROUNDING","Insert the v2 GA100 atomic entity, fact, requirement, evidence, source-decision, or completeness record after dependencies resolve.","09_requirement","high","field-requirements.csv"
"数据/field-requirements.csv","insert","REQ-R1-GA100-PATH-M2NA-AMPERE-TENSOR-INT8-SATURATION","Insert the v2 GA100 atomic entity, fact, requirement, evidence, source-decision, or completeness record after dependencies resolve.","09_requirement","high","field-requirements.csv"
"数据/field-requirements.csv","insert","REQ-R1-GA100-PATH-M2NA-AMPERE-TENSOR-INT8-SCALING-GRANULARITY","Insert the v2 GA100 atomic entity, fact, requirement, evidence, source-decision, or completeness record after dependencies resolve.","09_requirement","high","field-requirements.csv"
"数据/field-requirements.csv","insert","REQ-R1-GA100-PATH-M2NA-AMPERE-TENSOR-INT8-SCALING-MODE","Insert the v2 GA100 atomic entity, fact, requirement, evidence, source-decision, or completeness record after dependencies resolve.","09_requirement","high","field-requirements.csv"
"数据/field-requirements.csv","insert","REQ-R1-GA100-PATH-M2NA-AMPERE-TENSOR-INT8-SUBNORMAL","Insert the v2 GA100 atomic entity, fact, requirement, evidence, source-decision, or completeness record after dependencies resolve.","09_requirement","high","field-requirements.csv"
"数据/field-requirements.csv","insert","REQ-R1-GA100-PATH-M2NA-AMPERE-TENSOR-TF32-PRODUCT","Insert the v2 GA100 atomic entity, fact, requirement, evidence, source-decision, or completeness record after dependencies resolve.","09_requirement","high","field-requirements.csv"
"数据/field-requirements.csv","insert","REQ-R1-GA100-PATH-M2NA-AMPERE-TENSOR-TF32-ROUNDING","Insert the v2 GA100 atomic entity, fact, requirement, evidence, source-decision, or completeness record after dependencies resolve.","09_requirement","high","field-requirements.csv"
"数据/field-requirements.csv","insert","REQ-R1-GA100-PATH-M2NA-AMPERE-TENSOR-TF32-SATURATION","Insert the v2 GA100 atomic entity, fact, requirement, evidence, source-decision, or completeness record after dependencies resolve.","09_requirement","high","field-requirements.csv"
"数据/field-requirements.csv","insert","REQ-R1-GA100-PATH-M2NA-AMPERE-TENSOR-TF32-SCALING-GRANULARITY","Insert the v2 GA100 atomic entity, fact, requirement, evidence, source-decision, or completeness record after dependencies resolve.","09_requirement","high","field-requirements.csv"
"数据/field-requirements.csv","insert","REQ-R1-GA100-PATH-M2NA-AMPERE-TENSOR-TF32-SCALING-MODE","Insert the v2 GA100 atomic entity, fact, requirement, evidence, source-decision, or completeness record after dependencies resolve.","09_requirement","high","field-requirements.csv"
"数据/field-requirements.csv","insert","REQ-R1-GA100-PATH-M2NA-AMPERE-TENSOR-TF32-SUBNORMAL","Insert the v2 GA100 atomic entity, fact, requirement, evidence, source-decision, or completeness record after dependencies resolve.","09_requirement","high","field-requirements.csv"
"数据/field-requirements.csv","insert","REQ-R1-GA100-PATH-R1-GA100-AMPERE-TENSOR-BINARY-OUTPUT","Insert the v2 GA100 atomic entity, fact, requirement, evidence, source-decision, or completeness record after dependencies resolve.","09_requirement","high","field-requirements.csv"
"数据/field-requirements.csv","insert","REQ-R1-GA100-PATH-R1-GA100-AMPERE-TENSOR-BINARY-PHYSICAL-ACCUM","Insert the v2 GA100 atomic entity, fact, requirement, evidence, source-decision, or completeness record after dependencies resolve.","09_requirement","high","field-requirements.csv"
"数据/field-requirements.csv","insert","REQ-R1-GA100-PATH-R1-GA100-AMPERE-TENSOR-BINARY-PRODUCT","Insert the v2 GA100 atomic entity, fact, requirement, evidence, source-decision, or completeness record after dependencies resolve.","09_requirement","high","field-requirements.csv"
"数据/field-requirements.csv","insert","REQ-R1-GA100-PATH-R1-GA100-AMPERE-TENSOR-BINARY-ROUNDING","Insert the v2 GA100 atomic entity, fact, requirement, evidence, source-decision, or completeness record after dependencies resolve.","09_requirement","high","field-requirements.csv"
"数据/field-requirements.csv","insert","REQ-R1-GA100-PATH-R1-GA100-AMPERE-TENSOR-BINARY-SATURATION","Insert the v2 GA100 atomic entity, fact, requirement, evidence, source-decision, or completeness record after dependencies resolve.","09_requirement","high","field-requirements.csv"
"数据/field-requirements.csv","insert","REQ-R1-GA100-PATH-R1-GA100-AMPERE-TENSOR-BINARY-SCALING-GRANULARITY","Insert the v2 GA100 atomic entity, fact, requirement, evidence, source-decision, or completeness record after dependencies resolve.","09_requirement","high","field-requirements.csv"
"数据/field-requirements.csv","insert","REQ-R1-GA100-PATH-R1-GA100-AMPERE-TENSOR-BINARY-SCALING-MODE","Insert the v2 GA100 atomic entity, fact, requirement, evidence, source-decision, or completeness record after dependencies resolve.","09_requirement","high","field-requirements.csv"
"数据/field-requirements.csv","insert","REQ-R1-GA100-PATH-R1-GA100-AMPERE-TENSOR-BINARY-SPARSITY","Insert the v2 GA100 atomic entity, fact, requirement, evidence, source-decision, or completeness record after dependencies resolve.","09_requirement","high","field-requirements.csv"
"数据/field-requirements.csv","insert","REQ-R1-GA100-PATH-R1-GA100-AMPERE-TENSOR-BINARY-SUBNORMAL","Insert the v2 GA100 atomic entity, fact, requirement, evidence, source-decision, or completeness record after dependencies resolve.","09_requirement","high","field-requirements.csv"
"数据/field-requirements.csv","insert","REQ-R1-GA100-PATH-R1-GA100-AMPERE-TENSOR-FP16-ACC16-OUTPUT","Insert the v2 GA100 atomic entity, fact, requirement, evidence, source-decision, or completeness record after dependencies resolve.","09_requirement","high","field-requirements.csv"
"数据/field-requirements.csv","insert","REQ-R1-GA100-PATH-R1-GA100-AMPERE-TENSOR-FP16-ACC16-PHYSICAL-ACCUM","Insert the v2 GA100 atomic entity, fact, requirement, evidence, source-decision, or completeness record after dependencies resolve.","09_requirement","high","field-requirements.csv"
"数据/field-requirements.csv","insert","REQ-R1-GA100-PATH-R1-GA100-AMPERE-TENSOR-FP16-ACC16-PRODUCT","Insert the v2 GA100 atomic entity, fact, requirement, evidence, source-decision, or completeness record after dependencies resolve.","09_requirement","high","field-requirements.csv"
"数据/field-requirements.csv","insert","REQ-R1-GA100-PATH-R1-GA100-AMPERE-TENSOR-FP16-ACC16-ROUNDING","Insert the v2 GA100 atomic entity, fact, requirement, evidence, source-decision, or completeness record after dependencies resolve.","09_requirement","high","field-requirements.csv"
"数据/field-requirements.csv","insert","REQ-R1-GA100-PATH-R1-GA100-AMPERE-TENSOR-FP16-ACC16-SATURATION","Insert the v2 GA100 atomic entity, fact, requirement, evidence, source-decision, or completeness record after dependencies resolve.","09_requirement","high","field-requirements.csv"
"数据/field-requirements.csv","insert","REQ-R1-GA100-PATH-R1-GA100-AMPERE-TENSOR-FP16-ACC16-SCALING-GRANULARITY","Insert the v2 GA100 atomic entity, fact, requirement, evidence, source-decision, or completeness record after dependencies resolve.","09_requirement","high","field-requirements.csv"
"数据/field-requirements.csv","insert","REQ-R1-GA100-PATH-R1-GA100-AMPERE-TENSOR-FP16-ACC16-SCALING-MODE","Insert the v2 GA100 atomic entity, fact, requirement, evidence, source-decision, or completeness record after dependencies resolve.","09_requirement","high","field-requirements.csv"
"数据/field-requirements.csv","insert","REQ-R1-GA100-PATH-R1-GA100-AMPERE-TENSOR-FP16-ACC16-SPARSITY","Insert the v2 GA100 atomic entity, fact, requirement, evidence, source-decision, or completeness record after dependencies resolve.","09_requirement","high","field-requirements.csv"
"数据/field-requirements.csv","insert","REQ-R1-GA100-PATH-R1-GA100-AMPERE-TENSOR-FP16-ACC16-SUBNORMAL","Insert the v2 GA100 atomic entity, fact, requirement, evidence, source-decision, or completeness record after dependencies resolve.","09_requirement","high","field-requirements.csv"
"数据/field-requirements.csv","insert","REQ-R1-GA100-PATH-R1-GA100-AMPERE-TENSOR-INT4-OUTPUT","Insert the v2 GA100 atomic entity, fact, requirement, evidence, source-decision, or completeness record after dependencies resolve.","09_requirement","high","field-requirements.csv"
"数据/field-requirements.csv","insert","REQ-R1-GA100-PATH-R1-GA100-AMPERE-TENSOR-INT4-PHYSICAL-ACCUM","Insert the v2 GA100 atomic entity, fact, requirement, evidence, source-decision, or completeness record after dependencies resolve.","09_requirement","high","field-requirements.csv"
"数据/field-requirements.csv","insert","REQ-R1-GA100-PATH-R1-GA100-AMPERE-TENSOR-INT4-PRODUCT","Insert the v2 GA100 atomic entity, fact, requirement, evidence, source-decision, or completeness record after dependencies resolve.","09_requirement","high","field-requirements.csv"
"数据/field-requirements.csv","insert","REQ-R1-GA100-PATH-R1-GA100-AMPERE-TENSOR-INT4-ROUNDING","Insert the v2 GA100 atomic entity, fact, requirement, evidence, source-decision, or completeness record after dependencies resolve.","09_requirement","high","field-requirements.csv"
"数据/field-requirements.csv","insert","REQ-R1-GA100-PATH-R1-GA100-AMPERE-TENSOR-INT4-SATURATION","Insert the v2 GA100 atomic entity, fact, requirement, evidence, source-decision, or completeness record after dependencies resolve.","09_requirement","high","field-requirements.csv"
"数据/field-requirements.csv","insert","REQ-R1-GA100-PATH-R1-GA100-AMPERE-TENSOR-INT4-SCALING-GRANULARITY","Insert the v2 GA100 atomic entity, fact, requirement, evidence, source-decision, or completeness record after dependencies resolve.","09_requirement","high","field-requirements.csv"
"数据/field-requirements.csv","insert","REQ-R1-GA100-PATH-R1-GA100-AMPERE-TENSOR-INT4-SCALING-MODE","Insert the v2 GA100 atomic entity, fact, requirement, evidence, source-decision, or completeness record after dependencies resolve.","09_requirement","high","field-requirements.csv"
"数据/field-requirements.csv","insert","REQ-R1-GA100-PATH-R1-GA100-AMPERE-TENSOR-INT4-SUBNORMAL","Insert the v2 GA100 atomic entity, fact, requirement, evidence, source-decision, or completeness record after dependencies resolve.","09_requirement","high","field-requirements.csv"
"数据/field-requirements.csv","insert","REQ-R1-GA100-PATH-R1-GA100-TENSOR-FP16-DENSE-OUTPUT","Insert the v2 GA100 atomic entity, fact, requirement, evidence, source-decision, or completeness record after dependencies resolve.","09_requirement","high","field-requirements.csv"
"数据/field-requirements.csv","insert","REQ-R1-GA100-PATH-R1-GA100-TENSOR-FP16-DENSE-PHYSICAL-ACCUM","Insert the v2 GA100 atomic entity, fact, requirement, evidence, source-decision, or completeness record after dependencies resolve.","09_requirement","high","field-requirements.csv"
"数据/field-requirements.csv","insert","REQ-R1-GA100-PATH-R1-GA100-TENSOR-FP16-DENSE-PRODUCT","Insert the v2 GA100 atomic entity, fact, requirement, evidence, source-decision, or completeness record after dependencies resolve.","09_requirement","high","field-requirements.csv"
"数据/field-requirements.csv","insert","REQ-R1-GA100-PATH-R1-GA100-TENSOR-FP16-DENSE-ROUNDING","Insert the v2 GA100 atomic entity, fact, requirement, evidence, source-decision, or completeness record after dependencies resolve.","09_requirement","high","field-requirements.csv"
"数据/field-requirements.csv","insert","REQ-R1-GA100-PATH-R1-GA100-TENSOR-FP16-DENSE-SATURATION","Insert the v2 GA100 atomic entity, fact, requirement, evidence, source-decision, or completeness record after dependencies resolve.","09_requirement","high","field-requirements.csv"
"数据/field-requirements.csv","insert","REQ-R1-GA100-PATH-R1-GA100-TENSOR-FP16-DENSE-SCALING-GRANULARITY","Insert the v2 GA100 atomic entity, fact, requirement, evidence, source-decision, or completeness record after dependencies resolve.","09_requirement","high","field-requirements.csv"
"数据/field-requirements.csv","insert","REQ-R1-GA100-PATH-R1-GA100-TENSOR-FP16-DENSE-SCALING-MODE","Insert the v2 GA100 atomic entity, fact, requirement, evidence, source-decision, or completeness record after dependencies resolve.","09_requirement","high","field-requirements.csv"
"数据/field-requirements.csv","insert","REQ-R1-GA100-PATH-R1-GA100-TENSOR-FP16-DENSE-SUBNORMAL","Insert the v2 GA100 atomic entity, fact, requirement, evidence, source-decision, or completeness record after dependencies resolve.","09_requirement","high","field-requirements.csv"
"数据/field-requirements.csv","insert","REQ-R1-GA100-PCIE-PROTOCOL","Insert the v2 GA100 atomic entity, fact, requirement, evidence, source-decision, or completeness record after dependencies resolve.","09_requirement","high","field-requirements.csv"
"数据/field-requirements.csv","insert","REQ-R1-GA100-PHY-AREA","Insert the v2 GA100 atomic entity, fact, requirement, evidence, source-decision, or completeness record after dependencies resolve.","09_requirement","high","field-requirements.csv"
"数据/field-requirements.csv","insert","REQ-R1-GA100-PHY-CLOCK","Insert the v2 GA100 atomic entity, fact, requirement, evidence, source-decision, or completeness record after dependencies resolve.","09_requirement","high","field-requirements.csv"
"数据/field-requirements.csv","insert","REQ-R1-GA100-PHY-COOLING","Insert the v2 GA100 atomic entity, fact, requirement, evidence, source-decision, or completeness record after dependencies resolve.","09_requirement","high","field-requirements.csv"
"数据/field-requirements.csv","insert","REQ-R1-GA100-PHY-DIE-COUNT","Insert the v2 GA100 atomic entity, fact, requirement, evidence, source-decision, or completeness record after dependencies resolve.","09_requirement","high","field-requirements.csv"
"数据/field-requirements.csv","insert","REQ-R1-GA100-PHY-FORM-FACTOR","Insert the v2 GA100 atomic entity, fact, requirement, evidence, source-decision, or completeness record after dependencies resolve.","09_requirement","high","field-requirements.csv"
"数据/field-requirements.csv","insert","REQ-R1-GA100-PHY-FOUNDRY","Insert the v2 GA100 atomic entity, fact, requirement, evidence, source-decision, or completeness record after dependencies resolve.","09_requirement","high","field-requirements.csv"
"数据/field-requirements.csv","insert","REQ-R1-GA100-PHY-HBM-INTERFACE","Insert the v2 GA100 atomic entity, fact, requirement, evidence, source-decision, or completeness record after dependencies resolve.","09_requirement","high","field-requirements.csv"
"数据/field-requirements.csv","insert","REQ-R1-GA100-PHY-HBM-STACKS","Insert the v2 GA100 atomic entity, fact, requirement, evidence, source-decision, or completeness record after dependencies resolve.","09_requirement","high","field-requirements.csv"
"数据/field-requirements.csv","insert","REQ-R1-GA100-PHY-INTERPOSER","Insert the v2 GA100 atomic entity, fact, requirement, evidence, source-decision, or completeness record after dependencies resolve.","09_requirement","high","field-requirements.csv"
"数据/field-requirements.csv","insert","REQ-R1-GA100-PHY-PACKAGE","Insert the v2 GA100 atomic entity, fact, requirement, evidence, source-decision, or completeness record after dependencies resolve.","09_requirement","high","field-requirements.csv"
"数据/field-requirements.csv","insert","REQ-R1-GA100-PHY-POWER","Insert the v2 GA100 atomic entity, fact, requirement, evidence, source-decision, or completeness record after dependencies resolve.","09_requirement","high","field-requirements.csv"
"数据/field-requirements.csv","insert","REQ-R1-GA100-PHY-PROCESS","Insert the v2 GA100 atomic entity, fact, requirement, evidence, source-decision, or completeness record after dependencies resolve.","09_requirement","high","field-requirements.csv"
"数据/field-requirements.csv","insert","REQ-R1-GA100-PHY-TRANSISTORS","Insert the v2 GA100 atomic entity, fact, requirement, evidence, source-decision, or completeness record after dependencies resolve.","09_requirement","high","field-requirements.csv"
"数据/field-requirements.csv","insert","REQ-R1-GA100-RAS-BIST","Insert the v2 GA100 atomic entity, fact, requirement, evidence, source-decision, or completeness record after dependencies resolve.","09_requirement","high","field-requirements.csv"
"数据/field-requirements.csv","insert","REQ-R1-GA100-RAS-CKPT","Insert the v2 GA100 atomic entity, fact, requirement, evidence, source-decision, or completeness record after dependencies resolve.","09_requirement","high","field-requirements.csv"
"数据/field-requirements.csv","insert","REQ-R1-GA100-RAS-CONTAINMENT","Insert the v2 GA100 atomic entity, fact, requirement, evidence, source-decision, or completeness record after dependencies resolve.","09_requirement","high","field-requirements.csv"
"数据/field-requirements.csv","insert","REQ-R1-GA100-RAS-DETECTION","Insert the v2 GA100 atomic entity, fact, requirement, evidence, source-decision, or completeness record after dependencies resolve.","09_requirement","high","field-requirements.csv"
"数据/field-requirements.csv","insert","REQ-R1-GA100-RAS-DPO","Insert the v2 GA100 atomic entity, fact, requirement, evidence, source-decision, or completeness record after dependencies resolve.","09_requirement","high","field-requirements.csv"
"数据/field-requirements.csv","insert","REQ-R1-GA100-RAS-RECOVERY","Insert the v2 GA100 atomic entity, fact, requirement, evidence, source-decision, or completeness record after dependencies resolve.","09_requirement","high","field-requirements.csv"
"数据/field-requirements.csv","insert","REQ-R1-GA100-RAS-ROW-REMAP","Insert the v2 GA100 atomic entity, fact, requirement, evidence, source-decision, or completeness record after dependencies resolve.","09_requirement","high","field-requirements.csv"
"数据/field-requirements.csv","insert","REQ-R1-GA100-RAS-SDE","Insert the v2 GA100 atomic entity, fact, requirement, evidence, source-decision, or completeness record after dependencies resolve.","09_requirement","high","field-requirements.csv"
"数据/field-requirements.csv","insert","REQ-R1-GA100-REG-AGGREGATION","Insert the v2 GA100 atomic entity, fact, requirement, evidence, source-decision, or completeness record after dependencies resolve.","09_requirement","high","field-requirements.csv"
"数据/field-requirements.csv","insert","REQ-R1-GA100-REG-CAPACITY-PER-SM","Insert the v2 GA100 atomic entity, fact, requirement, evidence, source-decision, or completeness record after dependencies resolve.","09_requirement","high","field-requirements.csv"
"数据/field-requirements.csv","insert","REQ-R1-GA100-REG-INSTANCE-COUNT-PER-SM","Insert the v2 GA100 atomic entity, fact, requirement, evidence, source-decision, or completeness record after dependencies resolve.","09_requirement","high","field-requirements.csv"
"数据/field-requirements.csv","insert","REQ-R1-GA100-REL-QUANTITY","Insert the v2 GA100 atomic entity, fact, requirement, evidence, source-decision, or completeness record after dependencies resolve.","09_requirement","high","field-requirements.csv"
"数据/field-requirements.csv","insert","REQ-R1-GA100-SM-ISSUE","Insert the v2 GA100 atomic entity, fact, requirement, evidence, source-decision, or completeness record after dependencies resolve.","09_requirement","high","field-requirements.csv"
"数据/field-requirements.csv","insert","REQ-R1-GA100-SM-SHARED","Insert the v2 GA100 atomic entity, fact, requirement, evidence, source-decision, or completeness record after dependencies resolve.","09_requirement","high","field-requirements.csv"
"数据/field-requirements.csv","insert","REQ-R1-GA100-V2-BENCH-LATENCY","Insert the v2 GA100 atomic entity, fact, requirement, evidence, source-decision, or completeness record after dependencies resolve.","09_requirement","high","field-requirements.csv"
"数据/field-requirements.csv","insert","REQ-R1-GA100-V2-BENCH-THROUGHPUT","Insert the v2 GA100 atomic entity, fact, requirement, evidence, source-decision, or completeness record after dependencies resolve.","09_requirement","high","field-requirements.csv"
"数据/field-requirements.csv","insert","REQ-R1-GA100-V2-COMP-ARRAY-SHAPE","Insert the v2 GA100 atomic entity, fact, requirement, evidence, source-decision, or completeness record after dependencies resolve.","09_requirement","high","field-requirements.csv"
"数据/field-requirements.csv","insert","REQ-R1-GA100-V2-COMP-CONCURRENCY","Insert the v2 GA100 atomic entity, fact, requirement, evidence, source-decision, or completeness record after dependencies resolve.","09_requirement","high","field-requirements.csv"
"数据/field-requirements.csv","insert","REQ-R1-GA100-V2-COMP-DATAFLOW-RESIDENCY","Insert the v2 GA100 atomic entity, fact, requirement, evidence, source-decision, or completeness record after dependencies resolve.","09_requirement","high","field-requirements.csv"
"数据/field-requirements.csv","insert","REQ-R1-GA100-V2-COMP-INSTRUCTION-TILE","Insert the v2 GA100 atomic entity, fact, requirement, evidence, source-decision, or completeness record after dependencies resolve.","09_requirement","high","field-requirements.csv"
"数据/field-requirements.csv","insert","REQ-R1-GA100-V2-COMP-UTILIZATION-LIMIT","Insert the v2 GA100 atomic entity, fact, requirement, evidence, source-decision, or completeness record after dependencies resolve.","09_requirement","high","field-requirements.csv"
"数据/field-requirements.csv","insert","REQ-R1-GA100-V2-DER-CAPACITY-COMPUTE","Insert the v2 GA100 atomic entity, fact, requirement, evidence, source-decision, or completeness record after dependencies resolve.","09_requirement","high","field-requirements.csv"
"数据/field-requirements.csv","insert","REQ-R1-GA100-V2-DER-COMPUTE-BW-SPEC","Insert the v2 GA100 atomic entity, fact, requirement, evidence, source-decision, or completeness record after dependencies resolve.","09_requirement","high","field-requirements.csv"
"数据/field-requirements.csv","insert","REQ-R1-GA100-V2-DER-COMPUTE-BW-SUSTAINED","Insert the v2 GA100 atomic entity, fact, requirement, evidence, source-decision, or completeness record after dependencies resolve.","09_requirement","high","field-requirements.csv"
"数据/field-requirements.csv","insert","REQ-R1-GA100-V2-DER-INTERCONNECT-COMPUTE","Insert the v2 GA100 atomic entity, fact, requirement, evidence, source-decision, or completeness record after dependencies resolve.","09_requirement","high","field-requirements.csv"
"数据/field-requirements.csv","insert","REQ-R1-GA100-V2-DER-MOVE-MATRIX","Insert the v2 GA100 atomic entity, fact, requirement, evidence, source-decision, or completeness record after dependencies resolve.","09_requirement","high","field-requirements.csv"
"数据/field-requirements.csv","insert","REQ-R1-GA100-V2-ID-DEPLOYMENT","Insert the v2 GA100 atomic entity, fact, requirement, evidence, source-decision, or completeness record after dependencies resolve.","09_requirement","high","field-requirements.csv"
"数据/field-requirements.csv","insert","REQ-R1-GA100-V2-ID-DEPLOYMENT-CONSTRAINT","Insert the v2 GA100 atomic entity, fact, requirement, evidence, source-decision, or completeness record after dependencies resolve.","09_requirement","high","field-requirements.csv"
"数据/field-requirements.csv","insert","REQ-R1-GA100-V2-ID-DESIGN-OBJECTIVE","Insert the v2 GA100 atomic entity, fact, requirement, evidence, source-decision, or completeness record after dependencies resolve.","09_requirement","high","field-requirements.csv"
"数据/field-requirements.csv","insert","REQ-R1-GA100-V2-ID-MARKET-ACCESS-CONSTRAINT","Insert the v2 GA100 atomic entity, fact, requirement, evidence, source-decision, or completeness record after dependencies resolve.","09_requirement","high","field-requirements.csv"
"数据/field-requirements.csv","insert","REQ-R1-GA100-V2-ID-REGION","Insert the v2 GA100 atomic entity, fact, requirement, evidence, source-decision, or completeness record after dependencies resolve.","09_requirement","high","field-requirements.csv"
"数据/field-requirements.csv","insert","REQ-R1-GA100-V2-ID-RELEASE-DATE","Insert the v2 GA100 atomic entity, fact, requirement, evidence, source-decision, or completeness record after dependencies resolve.","09_requirement","high","field-requirements.csv"
"数据/field-requirements.csv","insert","REQ-R1-GA100-V2-ID-SKU","Insert the v2 GA100 atomic entity, fact, requirement, evidence, source-decision, or completeness record after dependencies resolve.","09_requirement","high","field-requirements.csv"
"数据/field-requirements.csv","insert","REQ-R1-GA100-V2-ID-TARGET-USE-POSITIONING","Insert the v2 GA100 atomic entity, fact, requirement, evidence, source-decision, or completeness record after dependencies resolve.","09_requirement","high","field-requirements.csv"
"数据/field-requirements.csv","insert","REQ-R1-GA100-V2-ID-VENDOR-POSITIONING","Insert the v2 GA100 atomic entity, fact, requirement, evidence, source-decision, or completeness record after dependencies resolve.","09_requirement","high","field-requirements.csv"
"数据/field-requirements.csv","insert","REQ-R1-GA100-V2-INT-AGGREGATE-BW","Insert the v2 GA100 atomic entity, fact, requirement, evidence, source-decision, or completeness record after dependencies resolve.","09_requirement","high","field-requirements.csv"
"数据/field-requirements.csv","insert","REQ-R1-GA100-V2-INT-BISECTION-BW","Insert the v2 GA100 atomic entity, fact, requirement, evidence, source-decision, or completeness record after dependencies resolve.","09_requirement","high","field-requirements.csv"
"数据/field-requirements.csv","insert","REQ-R1-GA100-V2-INT-COLLECTIVE","Insert the v2 GA100 atomic entity, fact, requirement, evidence, source-decision, or completeness record after dependencies resolve.","09_requirement","high","field-requirements.csv"
"数据/field-requirements.csv","insert","REQ-R1-GA100-V2-INT-DEGREE","Insert the v2 GA100 atomic entity, fact, requirement, evidence, source-decision, or completeness record after dependencies resolve.","09_requirement","high","field-requirements.csv"
"数据/field-requirements.csv","insert","REQ-R1-GA100-V2-INT-HOPS","Insert the v2 GA100 atomic entity, fact, requirement, evidence, source-decision, or completeness record after dependencies resolve.","09_requirement","high","field-requirements.csv"
"数据/field-requirements.csv","insert","REQ-R1-GA100-V2-INT-INJECTION-BW","Insert the v2 GA100 atomic entity, fact, requirement, evidence, source-decision, or completeness record after dependencies resolve.","09_requirement","high","field-requirements.csv"
"数据/field-requirements.csv","insert","REQ-R1-GA100-V2-INT-LANE-COUNT","Insert the v2 GA100 atomic entity, fact, requirement, evidence, source-decision, or completeness record after dependencies resolve.","09_requirement","high","field-requirements.csv"
"数据/field-requirements.csv","insert","REQ-R1-GA100-V2-INT-LATENCY","Insert the v2 GA100 atomic entity, fact, requirement, evidence, source-decision, or completeness record after dependencies resolve.","09_requirement","high","field-requirements.csv"
"数据/field-requirements.csv","insert","REQ-R1-GA100-V2-INT-LINK-COUNT","Insert the v2 GA100 atomic entity, fact, requirement, evidence, source-decision, or completeness record after dependencies resolve.","09_requirement","high","field-requirements.csv"
"数据/field-requirements.csv","insert","REQ-R1-GA100-V2-INT-MAX-SCALE","Insert the v2 GA100 atomic entity, fact, requirement, evidence, source-decision, or completeness record after dependencies resolve.","09_requirement","high","field-requirements.csv"
"数据/field-requirements.csv","insert","REQ-R1-GA100-V2-INT-OVERSUBSCRIPTION","Insert the v2 GA100 atomic entity, fact, requirement, evidence, source-decision, or completeness record after dependencies resolve.","09_requirement","high","field-requirements.csv"
"数据/field-requirements.csv","insert","REQ-R1-GA100-V2-INT-PER-LINK-RATE","Insert the v2 GA100 atomic entity, fact, requirement, evidence, source-decision, or completeness record after dependencies resolve.","09_requirement","high","field-requirements.csv"
"数据/field-requirements.csv","insert","REQ-R1-GA100-V2-INT-PHYSICAL-LINK-COUNT","Insert the v2 GA100 atomic entity, fact, requirement, evidence, source-decision, or completeness record after dependencies resolve.","09_requirement","high","field-requirements.csv"
"数据/field-requirements.csv","insert","REQ-R1-GA100-V2-INT-TOPOLOGY","Insert the v2 GA100 atomic entity, fact, requirement, evidence, source-decision, or completeness record after dependencies resolve.","09_requirement","high","field-requirements.csv"
"数据/field-requirements.csv","insert","REQ-R1-GA100-V2-INT-TOPOLOGY-DIMENSIONS","Insert the v2 GA100 atomic entity, fact, requirement, evidence, source-decision, or completeness record after dependencies resolve.","09_requirement","high","field-requirements.csv"
"数据/field-requirements.csv","insert","REQ-R1-GA100-V2-INT-TOPOLOGY-NODE-COUNT","Insert the v2 GA100 atomic entity, fact, requirement, evidence, source-decision, or completeness record after dependencies resolve.","09_requirement","high","field-requirements.csv"
"数据/field-requirements.csv","insert","REQ-R1-GA100-V2-INT-TOPOLOGY-ROUTING","Insert the v2 GA100 atomic entity, fact, requirement, evidence, source-decision, or completeness record after dependencies resolve.","09_requirement","high","field-requirements.csv"
"数据/field-requirements.csv","insert","REQ-R1-GA100-V2-MEM-BANKS","Insert the v2 GA100 atomic entity, fact, requirement, evidence, source-decision, or completeness record after dependencies resolve.","09_requirement","high","field-requirements.csv"
"数据/field-requirements.csv","insert","REQ-R1-GA100-V2-MEM-BIDIR-BW","Insert the v2 GA100 atomic entity, fact, requirement, evidence, source-decision, or completeness record after dependencies resolve.","09_requirement","high","field-requirements.csv"
"数据/field-requirements.csv","insert","REQ-R1-GA100-V2-MEM-COMPRESSION","Insert the v2 GA100 atomic entity, fact, requirement, evidence, source-decision, or completeness record after dependencies resolve.","09_requirement","high","field-requirements.csv"
"数据/field-requirements.csv","insert","REQ-R1-GA100-V2-MEM-CONSISTENCY","Insert the v2 GA100 atomic entity, fact, requirement, evidence, source-decision, or completeness record after dependencies resolve.","09_requirement","high","field-requirements.csv"
"数据/field-requirements.csv","insert","REQ-R1-GA100-V2-MEM-GRANULARITY","Insert the v2 GA100 atomic entity, fact, requirement, evidence, source-decision, or completeness record after dependencies resolve.","09_requirement","high","field-requirements.csv"
"数据/field-requirements.csv","insert","REQ-R1-GA100-V2-MEM-LATENCY","Insert the v2 GA100 atomic entity, fact, requirement, evidence, source-decision, or completeness record after dependencies resolve.","09_requirement","high","field-requirements.csv"
"数据/field-requirements.csv","insert","REQ-R1-GA100-V2-MEM-POOLING-MODE","Insert the v2 GA100 atomic entity, fact, requirement, evidence, source-decision, or completeness record after dependencies resolve.","09_requirement","high","field-requirements.csv"
"数据/field-requirements.csv","insert","REQ-R1-GA100-V2-MEM-PORTS","Insert the v2 GA100 atomic entity, fact, requirement, evidence, source-decision, or completeness record after dependencies resolve.","09_requirement","high","field-requirements.csv"
"数据/field-requirements.csv","insert","REQ-R1-GA100-V2-MEM-READ-TRANSFER-PER-CYCLE","Insert the v2 GA100 atomic entity, fact, requirement, evidence, source-decision, or completeness record after dependencies resolve.","09_requirement","high","field-requirements.csv"
"数据/field-requirements.csv","insert","REQ-R1-GA100-V2-MEM-READ-WRITE-MODEL","Insert the v2 GA100 atomic entity, fact, requirement, evidence, source-decision, or completeness record after dependencies resolve.","09_requirement","high","field-requirements.csv"
"数据/field-requirements.csv","insert","REQ-R1-GA100-V2-MEM-USABLE-CAPACITY","Insert the v2 GA100 atomic entity, fact, requirement, evidence, source-decision, or completeness record after dependencies resolve.","09_requirement","high","field-requirements.csv"
"数据/field-requirements.csv","insert","REQ-R1-GA100-V2-MEM-VIRTUAL-MEMORY","Insert the v2 GA100 atomic entity, fact, requirement, evidence, source-decision, or completeness record after dependencies resolve.","09_requirement","high","field-requirements.csv"
"数据/field-requirements.csv","insert","REQ-R1-GA100-V2-MEM-WRITE-TRANSFER-PER-CYCLE","Insert the v2 GA100 atomic entity, fact, requirement, evidence, source-decision, or completeness record after dependencies resolve.","09_requirement","high","field-requirements.csv"
"数据/field-requirements.csv","insert","REQ-R1-GA100-V2-RAS-ECC","Insert the v2 GA100 atomic entity, fact, requirement, evidence, source-decision, or completeness record after dependencies resolve.","09_requirement","high","field-requirements.csv"
"数据/field-requirements.csv","insert","REQ-R1-GA100-V2-RAS-PROTECTION-SCOPE","Insert the v2 GA100 atomic entity, fact, requirement, evidence, source-decision, or completeness record after dependencies resolve.","09_requirement","high","field-requirements.csv"
"数据/field-requirements.csv","insert","REQ-R1-GA100-V2-SW-CHIP-BOUND-SCHEDULING","Insert the v2 GA100 atomic entity, fact, requirement, evidence, source-decision, or completeness record after dependencies resolve.","09_requirement","high","field-requirements.csv"
"数据/field-requirements.csv","insert","REQ-R1-GA100-V2-SW-COMMUNICATION-LIBRARY","Insert the v2 GA100 atomic entity, fact, requirement, evidence, source-decision, or completeness record after dependencies resolve.","09_requirement","high","field-requirements.csv"
"数据/field-requirements.csv","insert","REQ-R1-GA100-V2-SW-COMPILER","Insert the v2 GA100 atomic entity, fact, requirement, evidence, source-decision, or completeness record after dependencies resolve.","09_requirement","high","field-requirements.csv"
"数据/field-requirements.csv","insert","REQ-R1-GA100-V2-SW-CUSTOM-OPERATOR","Insert the v2 GA100 atomic entity, fact, requirement, evidence, source-decision, or completeness record after dependencies resolve.","09_requirement","high","field-requirements.csv"
"数据/field-requirements.csv","insert","REQ-R1-GA100-V2-SW-DYNAMIC-SHAPE","Insert the v2 GA100 atomic entity, fact, requirement, evidence, source-decision, or completeness record after dependencies resolve.","09_requirement","high","field-requirements.csv"
"数据/field-requirements.csv","insert","REQ-R1-GA100-V2-SW-FRAMEWORK","Insert the v2 GA100 atomic entity, fact, requirement, evidence, source-decision, or completeness record after dependencies resolve.","09_requirement","high","field-requirements.csv"
"数据/field-requirements.csv","insert","REQ-R1-GA100-V2-SW-OPERATOR-LIBRARY","Insert the v2 GA100 atomic entity, fact, requirement, evidence, source-decision, or completeness record after dependencies resolve.","09_requirement","high","field-requirements.csv"
"数据/field-requirements.csv","insert","REQ-R1-GA100-V2-SW-QUANTIZATION-TOOL","Insert the v2 GA100 atomic entity, fact, requirement, evidence, source-decision, or completeness record after dependencies resolve.","09_requirement","high","field-requirements.csv"
"数据/field-requirements.csv","insert","REQ-R1-GA100-V2-SW-RUNTIME","Insert the v2 GA100 atomic entity, fact, requirement, evidence, source-decision, or completeness record after dependencies resolve.","09_requirement","high","field-requirements.csv"
"数据/field-requirements.csv","insert","REQ-R1-GA100-V2-VIRT-MULTI-TENANCY","Insert the v2 GA100 atomic entity, fact, requirement, evidence, source-decision, or completeness record after dependencies resolve.","09_requirement","high","field-requirements.csv"
"数据/field-requirements.csv","insert","REQ-R1-GA100-V2-VIRT-PARTITIONING","Insert the v2 GA100 atomic entity, fact, requirement, evidence, source-decision, or completeness record after dependencies resolve.","09_requirement","high","field-requirements.csv"
"数据/field-requirements.csv","insert","REQ-R1-GA100-V2-VIRT-PREEMPTION-QOS","Insert the v2 GA100 atomic entity, fact, requirement, evidence, source-decision, or completeness record after dependencies resolve.","09_requirement","high","field-requirements.csv"
"数据/field-requirements.csv","insert","REQ-R1-GA100-VIDEO-DETAIL","Insert the v2 GA100 atomic entity, fact, requirement, evidence, source-decision, or completeness record after dependencies resolve.","09_requirement","high","field-requirements.csv"
"数据/field-requirements.csv","insert","REQ-R1-GA100-VIDEO-LEVEL","Insert the v2 GA100 atomic entity, fact, requirement, evidence, source-decision, or completeness record after dependencies resolve.","09_requirement","high","field-requirements.csv"
"最小参考资料库/fact-assertions.csv","update","ASSERT-M2NA-0001","Explicitly replace the existing row with the v2 atomic semantics and return modified lifecycle state to draft or needs_resolution.","10_assertion","high","fact-assertions.csv"
"最小参考资料库/fact-assertions.csv","update","ASSERT-M2NA-0004","Explicitly replace the existing row with the v2 atomic semantics and return modified lifecycle state to draft or needs_resolution.","10_assertion","high","fact-assertions.csv"
"最小参考资料库/fact-assertions.csv","update","ASSERT-M2NA-0005","Explicitly replace the existing row with the v2 atomic semantics and return modified lifecycle state to draft or needs_resolution.","10_assertion","high","fact-assertions.csv"
"最小参考资料库/fact-assertions.csv","update","ASSERT-M2NA-0008","Explicitly replace the existing row with the v2 atomic semantics and return modified lifecycle state to draft or needs_resolution.","10_assertion","high","fact-assertions.csv"
"最小参考资料库/fact-assertions.csv","update","ASSERT-M2NA-0009","Explicitly replace the existing row with the v2 atomic semantics and return modified lifecycle state to draft or needs_resolution.","10_assertion","high","fact-assertions.csv"
"最小参考资料库/fact-assertions.csv","update","ASSERT-M2NA-0010","Explicitly replace the existing row with the v2 atomic semantics and return modified lifecycle state to draft or needs_resolution.","10_assertion","high","fact-assertions.csv"
"最小参考资料库/fact-assertions.csv","update","ASSERT-M2NA-0011","Explicitly replace the existing row with the v2 atomic semantics and return modified lifecycle state to draft or needs_resolution.","10_assertion","high","fact-assertions.csv"
"最小参考资料库/fact-assertions.csv","update","ASSERT-M2NA-0012","Explicitly replace the existing row with the v2 atomic semantics and return modified lifecycle state to draft or needs_resolution.","10_assertion","high","fact-assertions.csv"
"最小参考资料库/fact-assertions.csv","update","ASSERT-M2NA-0013","Explicitly replace the existing row with the v2 atomic semantics and return modified lifecycle state to draft or needs_resolution.","10_assertion","high","fact-assertions.csv"
"最小参考资料库/fact-assertions.csv","update","ASSERT-M2NA-0014","Explicitly replace the existing row with the v2 atomic semantics and return modified lifecycle state to draft or needs_resolution.","10_assertion","high","fact-assertions.csv"
"最小参考资料库/fact-assertions.csv","update","ASSERT-M2NA-0015","Explicitly replace the existing row with the v2 atomic semantics and return modified lifecycle state to draft or needs_resolution.","10_assertion","high","fact-assertions.csv"
"最小参考资料库/fact-assertions.csv","update","ASSERT-M2NA-0016","Explicitly replace the existing row with the v2 atomic semantics and return modified lifecycle state to draft or needs_resolution.","10_assertion","high","fact-assertions.csv"
"最小参考资料库/fact-assertions.csv","update","ASSERT-M2NA-0017","Explicitly replace the existing row with the v2 atomic semantics and return modified lifecycle state to draft or needs_resolution.","10_assertion","high","fact-assertions.csv"
"最小参考资料库/fact-assertions.csv","update","ASSERT-M2NA-0018","Explicitly replace the existing row with the v2 atomic semantics and return modified lifecycle state to draft or needs_resolution.","10_assertion","high","fact-assertions.csv"
"最小参考资料库/fact-assertions.csv","update","ASSERT-M2NA-0021","Explicitly replace the existing row with the v2 atomic semantics and return modified lifecycle state to draft or needs_resolution.","10_assertion","high","fact-assertions.csv"
"最小参考资料库/fact-assertions.csv","insert","ASSERT-R1-GA100-AMPERE-ASYNC-PTX70","Insert the v2 GA100 atomic entity, fact, requirement, evidence, source-decision, or completeness record after dependencies resolve.","10_assertion","high","fact-assertions.csv"
"最小参考资料库/fact-assertions.csv","insert","ASSERT-R1-GA100-AMPERE-BARRIER-SCHED-01","Insert the v2 GA100 atomic entity, fact, requirement, evidence, source-decision, or completeness record after dependencies resolve.","10_assertion","high","fact-assertions.csv"
"最小参考资料库/fact-assertions.csv","insert","ASSERT-R1-GA100-AMPERE-BF16-B-01","Insert the v2 GA100 atomic entity, fact, requirement, evidence, source-decision, or completeness record after dependencies resolve.","10_assertion","high","fact-assertions.csv"
"最小参考资料库/fact-assertions.csv","insert","ASSERT-R1-GA100-AMPERE-BINARY-A-01","Insert the v2 GA100 atomic entity, fact, requirement, evidence, source-decision, or completeness record after dependencies resolve.","10_assertion","high","fact-assertions.csv"
"最小参考资料库/fact-assertions.csv","insert","ASSERT-R1-GA100-AMPERE-BINARY-ACC-01","Insert the v2 GA100 atomic entity, fact, requirement, evidence, source-decision, or completeness record after dependencies resolve.","10_assertion","high","fact-assertions.csv"
"最小参考资料库/fact-assertions.csv","insert","ASSERT-R1-GA100-AMPERE-BINARY-B-01","Insert the v2 GA100 atomic entity, fact, requirement, evidence, source-decision, or completeness record after dependencies resolve.","10_assertion","high","fact-assertions.csv"
"最小参考资料库/fact-assertions.csv","insert","ASSERT-R1-GA100-AMPERE-CUDA-SIMT-PTX70","Insert the v2 GA100 atomic entity, fact, requirement, evidence, source-decision, or completeness record after dependencies resolve.","10_assertion","high","fact-assertions.csv"
"最小参考资料库/fact-assertions.csv","insert","ASSERT-R1-GA100-AMPERE-FP16-ACC16-A-WP","Insert the v2 GA100 atomic entity, fact, requirement, evidence, source-decision, or completeness record after dependencies resolve.","10_assertion","high","fact-assertions.csv"
"最小参考资料库/fact-assertions.csv","insert","ASSERT-R1-GA100-AMPERE-FP16-ACC16-ACC-WP","Insert the v2 GA100 atomic entity, fact, requirement, evidence, source-decision, or completeness record after dependencies resolve.","10_assertion","high","fact-assertions.csv"
"最小参考资料库/fact-assertions.csv","insert","ASSERT-R1-GA100-AMPERE-FP16-ACC16-B-WP","Insert the v2 GA100 atomic entity, fact, requirement, evidence, source-decision, or completeness record after dependencies resolve.","10_assertion","high","fact-assertions.csv"
"最小参考资料库/fact-assertions.csv","insert","ASSERT-R1-GA100-AMPERE-FP64-ACC-01","Insert the v2 GA100 atomic entity, fact, requirement, evidence, source-decision, or completeness record after dependencies resolve.","10_assertion","high","fact-assertions.csv"
"最小参考资料库/fact-assertions.csv","insert","ASSERT-R1-GA100-AMPERE-FP64-B-01","Insert the v2 GA100 atomic entity, fact, requirement, evidence, source-decision, or completeness record after dependencies resolve.","10_assertion","high","fact-assertions.csv"
"最小参考资料库/fact-assertions.csv","insert","ASSERT-R1-GA100-AMPERE-INT4-A-01","Insert the v2 GA100 atomic entity, fact, requirement, evidence, source-decision, or completeness record after dependencies resolve.","10_assertion","high","fact-assertions.csv"
"最小参考资料库/fact-assertions.csv","insert","ASSERT-R1-GA100-AMPERE-INT4-ACC-01","Insert the v2 GA100 atomic entity, fact, requirement, evidence, source-decision, or completeness record after dependencies resolve.","10_assertion","high","fact-assertions.csv"
"最小参考资料库/fact-assertions.csv","insert","ASSERT-R1-GA100-AMPERE-INT4-B-01","Insert the v2 GA100 atomic entity, fact, requirement, evidence, source-decision, or completeness record after dependencies resolve.","10_assertion","high","fact-assertions.csv"
"最小参考资料库/fact-assertions.csv","insert","ASSERT-R1-GA100-AMPERE-INT8-ACC-01","Insert the v2 GA100 atomic entity, fact, requirement, evidence, source-decision, or completeness record after dependencies resolve.","10_assertion","high","fact-assertions.csv"
"最小参考资料库/fact-assertions.csv","insert","ASSERT-R1-GA100-AMPERE-INT8-B-01","Insert the v2 GA100 atomic entity, fact, requirement, evidence, source-decision, or completeness record after dependencies resolve.","10_assertion","high","fact-assertions.csv"
"最小参考资料库/fact-assertions.csv","insert","ASSERT-R1-GA100-AMPERE-NVLINK-FAULT-01","Insert the v2 GA100 atomic entity, fact, requirement, evidence, source-decision, or completeness record after dependencies resolve.","10_assertion","high","fact-assertions.csv"
"最小参考资料库/fact-assertions.csv","insert","ASSERT-R1-GA100-AMPERE-NVLINK-LR-FAULT-ISSCC","Insert the v2 GA100 atomic entity, fact, requirement, evidence, source-decision, or completeness record after dependencies resolve.","10_assertion","high","fact-assertions.csv"
"最小参考资料库/fact-assertions.csv","insert","ASSERT-R1-GA100-AMPERE-NVLINK-LR-PHY-ISSCC","Insert the v2 GA100 atomic entity, fact, requirement, evidence, source-decision, or completeness record after dependencies resolve.","10_assertion","high","fact-assertions.csv"
"最小参考资料库/fact-assertions.csv","insert","ASSERT-R1-GA100-AMPERE-NVLINK-REMOTE-MEMORY-WP","Insert the v2 GA100 atomic entity, fact, requirement, evidence, source-decision, or completeness record after dependencies resolve.","10_assertion","high","fact-assertions.csv"
"最小参考资料库/fact-assertions.csv","insert","ASSERT-R1-GA100-AMPERE-REDUCE-DETAIL-01","Insert the v2 GA100 atomic entity, fact, requirement, evidence, source-decision, or completeness record after dependencies resolve.","10_assertion","high","fact-assertions.csv"
"最小参考资料库/fact-assertions.csv","insert","ASSERT-R1-GA100-AMPERE-REDUCE-LEVEL-01","Insert the v2 GA100 atomic entity, fact, requirement, evidence, source-decision, or completeness record after dependencies resolve.","10_assertion","high","fact-assertions.csv"
"最小参考资料库/fact-assertions.csv","insert","ASSERT-R1-GA100-AMPERE-REDUCE-LIMIT-01","Insert the v2 GA100 atomic entity, fact, requirement, evidence, source-decision, or completeness record after dependencies resolve.","10_assertion","high","fact-assertions.csv"
"最小参考资料库/fact-assertions.csv","insert","ASSERT-R1-GA100-AMPERE-SM-SIMT-PTX70","Insert the v2 GA100 atomic entity, fact, requirement, evidence, source-decision, or completeness record after dependencies resolve.","10_assertion","high","fact-assertions.csv"
"最小参考资料库/fact-assertions.csv","insert","ASSERT-R1-GA100-AMPERE-SPARSE-BF16-01","Insert the v2 GA100 atomic entity, fact, requirement, evidence, source-decision, or completeness record after dependencies resolve.","10_assertion","high","fact-assertions.csv"
"最小参考资料库/fact-assertions.csv","insert","ASSERT-R1-GA100-AMPERE-SPARSE-FP16-01","Insert the v2 GA100 atomic entity, fact, requirement, evidence, source-decision, or completeness record after dependencies resolve.","10_assertion","high","fact-assertions.csv"
"最小参考资料库/fact-assertions.csv","insert","ASSERT-R1-GA100-AMPERE-SPARSE-INT4-01","Insert the v2 GA100 atomic entity, fact, requirement, evidence, source-decision, or completeness record after dependencies resolve.","10_assertion","high","fact-assertions.csv"
"最小参考资料库/fact-assertions.csv","insert","ASSERT-R1-GA100-AMPERE-SPARSE-INT8-01","Insert the v2 GA100 atomic entity, fact, requirement, evidence, source-decision, or completeness record after dependencies resolve.","10_assertion","high","fact-assertions.csv"
"最小参考资料库/fact-assertions.csv","insert","ASSERT-R1-GA100-AMPERE-SPARSE-LEVEL-PTX72","Insert the v2 GA100 atomic entity, fact, requirement, evidence, source-decision, or completeness record after dependencies resolve.","10_assertion","high","fact-assertions.csv"
"最小参考资料库/fact-assertions.csv","insert","ASSERT-R1-GA100-AMPERE-SPARSE-METADATA-PTX72","Insert the v2 GA100 atomic entity, fact, requirement, evidence, source-decision, or completeness record after dependencies resolve.","10_assertion","high","fact-assertions.csv"
"最小参考资料库/fact-assertions.csv","insert","ASSERT-R1-GA100-AMPERE-SPARSE-TF32-01","Insert the v2 GA100 atomic entity, fact, requirement, evidence, source-decision, or completeness record after dependencies resolve.","10_assertion","high","fact-assertions.csv"
"最小参考资料库/fact-assertions.csv","insert","ASSERT-R1-GA100-AMPERE-SW-CUDAPG110","Insert the v2 GA100 atomic entity, fact, requirement, evidence, source-decision, or completeness record after dependencies resolve.","10_assertion","high","fact-assertions.csv"
"最小参考资料库/fact-assertions.csv","insert","ASSERT-R1-GA100-AMPERE-SW-ISSCC-CAVEAT","Insert the v2 GA100 atomic entity, fact, requirement, evidence, source-decision, or completeness record after dependencies resolve.","10_assertion","high","fact-assertions.csv"
"最小参考资料库/fact-assertions.csv","insert","ASSERT-R1-GA100-AMPERE-SW-MATURITY-01","Insert the v2 GA100 atomic entity, fact, requirement, evidence, source-decision, or completeness record after dependencies resolve.","10_assertion","high","fact-assertions.csv"
"最小参考资料库/fact-assertions.csv","insert","ASSERT-R1-GA100-AMPERE-SW-PTX70","Insert the v2 GA100 atomic entity, fact, requirement, evidence, source-decision, or completeness record after dependencies resolve.","10_assertion","high","fact-assertions.csv"
"最小参考资料库/fact-assertions.csv","insert","ASSERT-R1-GA100-AMPERE-TF32-B-01","Insert the v2 GA100 atomic entity, fact, requirement, evidence, source-decision, or completeness record after dependencies resolve.","10_assertion","high","fact-assertions.csv"
"最小参考资料库/fact-assertions.csv","insert","ASSERT-R1-GA100-AMPERE-TF32-CONVERSION-01","Insert the v2 GA100 atomic entity, fact, requirement, evidence, source-decision, or completeness record after dependencies resolve.","10_assertion","high","fact-assertions.csv"
"最小参考资料库/fact-assertions.csv","insert","ASSERT-R1-GA100-AMPERE-TF32-OUTPUT-01","Insert the v2 GA100 atomic entity, fact, requirement, evidence, source-decision, or completeness record after dependencies resolve.","10_assertion","high","fact-assertions.csv"
"最小参考资料库/fact-assertions.csv","insert","ASSERT-R1-GA100-COMP-COUNT-FP32-01","Insert the v2 GA100 atomic entity, fact, requirement, evidence, source-decision, or completeness record after dependencies resolve.","10_assertion","high","fact-assertions.csv"
"最小参考资料库/fact-assertions.csv","insert","ASSERT-R1-GA100-COMP-COUNT-GPC-01","Insert the v2 GA100 atomic entity, fact, requirement, evidence, source-decision, or completeness record after dependencies resolve.","10_assertion","high","fact-assertions.csv"
"最小参考资料库/fact-assertions.csv","insert","ASSERT-R1-GA100-COMP-COUNT-MEMCTRL-01","Insert the v2 GA100 atomic entity, fact, requirement, evidence, source-decision, or completeness record after dependencies resolve.","10_assertion","high","fact-assertions.csv"
"最小参考资料库/fact-assertions.csv","insert","ASSERT-R1-GA100-COMP-COUNT-SM-01","Insert the v2 GA100 atomic entity, fact, requirement, evidence, source-decision, or completeness record after dependencies resolve.","10_assertion","high","fact-assertions.csv"
"最小参考资料库/fact-assertions.csv","insert","ASSERT-R1-GA100-COMP-COUNT-TENSOR-01","Insert the v2 GA100 atomic entity, fact, requirement, evidence, source-decision, or completeness record after dependencies resolve.","10_assertion","high","fact-assertions.csv"
"最小参考资料库/fact-assertions.csv","insert","ASSERT-R1-GA100-COMP-COUNT-TPC-01","Insert the v2 GA100 atomic entity, fact, requirement, evidence, source-decision, or completeness record after dependencies resolve.","10_assertion","high","fact-assertions.csv"
"最小参考资料库/fact-assertions.csv","insert","ASSERT-R1-GA100-COMP-NAME-FP32-01","Insert the v2 GA100 atomic entity, fact, requirement, evidence, source-decision, or completeness record after dependencies resolve.","10_assertion","high","fact-assertions.csv"
"最小参考资料库/fact-assertions.csv","insert","ASSERT-R1-GA100-COMP-NAME-GPC-01","Insert the v2 GA100 atomic entity, fact, requirement, evidence, source-decision, or completeness record after dependencies resolve.","10_assertion","high","fact-assertions.csv"
"最小参考资料库/fact-assertions.csv","insert","ASSERT-R1-GA100-COMP-NAME-L1SMEM-01","Insert the v2 GA100 atomic entity, fact, requirement, evidence, source-decision, or completeness record after dependencies resolve.","10_assertion","high","fact-assertions.csv"
"最小参考资料库/fact-assertions.csv","insert","ASSERT-R1-GA100-COMP-NAME-L2-01","Insert the v2 GA100 atomic entity, fact, requirement, evidence, source-decision, or completeness record after dependencies resolve.","10_assertion","high","fact-assertions.csv"
"最小参考资料库/fact-assertions.csv","insert","ASSERT-R1-GA100-COMP-NAME-MEMCTRL-01","Insert the v2 GA100 atomic entity, fact, requirement, evidence, source-decision, or completeness record after dependencies resolve.","10_assertion","high","fact-assertions.csv"
"最小参考资料库/fact-assertions.csv","insert","ASSERT-R1-GA100-COMP-NAME-OFA-01","Insert the v2 GA100 atomic entity, fact, requirement, evidence, source-decision, or completeness record after dependencies resolve.","10_assertion","high","fact-assertions.csv"
"最小参考资料库/fact-assertions.csv","insert","ASSERT-R1-GA100-COMP-NAME-REG-01","Insert the v2 GA100 atomic entity, fact, requirement, evidence, source-decision, or completeness record after dependencies resolve.","10_assertion","high","fact-assertions.csv"
"最小参考资料库/fact-assertions.csv","insert","ASSERT-R1-GA100-COMP-NAME-SM-01","Insert the v2 GA100 atomic entity, fact, requirement, evidence, source-decision, or completeness record after dependencies resolve.","10_assertion","high","fact-assertions.csv"
"最小参考资料库/fact-assertions.csv","insert","ASSERT-R1-GA100-COMP-NAME-TENSOR-01","Insert the v2 GA100 atomic entity, fact, requirement, evidence, source-decision, or completeness record after dependencies resolve.","10_assertion","high","fact-assertions.csv"
"最小参考资料库/fact-assertions.csv","insert","ASSERT-R1-GA100-COMP-NAME-TPC-01","Insert the v2 GA100 atomic entity, fact, requirement, evidence, source-decision, or completeness record after dependencies resolve.","10_assertion","high","fact-assertions.csv"
"最小参考资料库/fact-assertions.csv","insert","ASSERT-R1-GA100-COMP-NAME-VIDEO-DECODE-01","Insert the v2 GA100 atomic entity, fact, requirement, evidence, source-decision, or completeness record after dependencies resolve.","10_assertion","high","fact-assertions.csv"
"最小参考资料库/fact-assertions.csv","insert","ASSERT-R1-GA100-FP16-A-01","Insert the v2 GA100 atomic entity, fact, requirement, evidence, source-decision, or completeness record after dependencies resolve.","10_assertion","high","fact-assertions.csv"
"最小参考资料库/fact-assertions.csv","insert","ASSERT-R1-GA100-FP16-ACC-01","Insert the v2 GA100 atomic entity, fact, requirement, evidence, source-decision, or completeness record after dependencies resolve.","10_assertion","high","fact-assertions.csv"
"最小参考资料库/fact-assertions.csv","insert","ASSERT-R1-GA100-FP16-B-01","Insert the v2 GA100 atomic entity, fact, requirement, evidence, source-decision, or completeness record after dependencies resolve.","10_assertion","high","fact-assertions.csv"
"最小参考资料库/fact-assertions.csv","insert","ASSERT-R1-GA100-FP16-COUNT-RULE-01","Insert the v2 GA100 atomic entity, fact, requirement, evidence, source-decision, or completeness record after dependencies resolve.","10_assertion","high","fact-assertions.csv"
"最小参考资料库/fact-assertions.csv","insert","ASSERT-R1-GA100-FP16-DENSE-SPARSITY-WP","Insert the v2 GA100 atomic entity, fact, requirement, evidence, source-decision, or completeness record after dependencies resolve.","10_assertion","high","fact-assertions.csv"
"最小参考资料库/fact-assertions.csv","insert","ASSERT-R1-GA100-FP16-FMA-PER-SM-01","Insert the v2 GA100 atomic entity, fact, requirement, evidence, source-decision, or completeness record after dependencies resolve.","10_assertion","high","fact-assertions.csv"
"最小参考资料库/fact-assertions.csv","insert","ASSERT-R1-GA100-ID-FAMILY-01","Insert the v2 GA100 atomic entity, fact, requirement, evidence, source-decision, or completeness record after dependencies resolve.","10_assertion","high","fact-assertions.csv"
"最小参考资料库/fact-assertions.csv","insert","ASSERT-R1-GA100-ID-FAMILY-01-MIG","Insert the v2 GA100 atomic entity, fact, requirement, evidence, source-decision, or completeness record after dependencies resolve.","10_assertion","high","fact-assertions.csv"
"最小参考资料库/fact-assertions.csv","insert","ASSERT-R1-GA100-ID-NAME-01","Insert the v2 GA100 atomic entity, fact, requirement, evidence, source-decision, or completeness record after dependencies resolve.","10_assertion","high","fact-assertions.csv"
"最小参考资料库/fact-assertions.csv","insert","ASSERT-R1-GA100-ID-NAME-01-MIG","Insert the v2 GA100 atomic entity, fact, requirement, evidence, source-decision, or completeness record after dependencies resolve.","10_assertion","high","fact-assertions.csv"
"最小参考资料库/fact-assertions.csv","insert","ASSERT-R1-GA100-ID-TYPE-01","Insert the v2 GA100 atomic entity, fact, requirement, evidence, source-decision, or completeness record after dependencies resolve.","10_assertion","high","fact-assertions.csv"
"最小参考资料库/fact-assertions.csv","insert","ASSERT-R1-GA100-ID-VENDOR-01","Insert the v2 GA100 atomic entity, fact, requirement, evidence, source-decision, or completeness record after dependencies resolve.","10_assertion","high","fact-assertions.csv"
"最小参考资料库/fact-assertions.csv","insert","ASSERT-R1-GA100-L1SMEM-CAPACITY-PER-SM-01","Insert the v2 GA100 atomic entity, fact, requirement, evidence, source-decision, or completeness record after dependencies resolve.","10_assertion","high","fact-assertions.csv"
"最小参考资料库/fact-assertions.csv","insert","ASSERT-R1-GA100-MEM-NAME-L1SMEM-WP","Insert the v2 GA100 atomic entity, fact, requirement, evidence, source-decision, or completeness record after dependencies resolve.","10_assertion","high","fact-assertions.csv"
"最小参考资料库/fact-assertions.csv","insert","ASSERT-R1-GA100-MEM-NAME-L2-WP","Insert the v2 GA100 atomic entity, fact, requirement, evidence, source-decision, or completeness record after dependencies resolve.","10_assertion","high","fact-assertions.csv"
"最小参考资料库/fact-assertions.csv","insert","ASSERT-R1-GA100-MEM-NAME-REG-WP","Insert the v2 GA100 atomic entity, fact, requirement, evidence, source-decision, or completeness record after dependencies resolve.","10_assertion","high","fact-assertions.csv"
"最小参考资料库/fact-assertions.csv","insert","ASSERT-R1-GA100-OFA-DETAIL-01","Insert the v2 GA100 atomic entity, fact, requirement, evidence, source-decision, or completeness record after dependencies resolve.","10_assertion","high","fact-assertions.csv"
"最小参考资料库/fact-assertions.csv","insert","ASSERT-R1-GA100-OFA-LEVEL-01","Insert the v2 GA100 atomic entity, fact, requirement, evidence, source-decision, or completeness record after dependencies resolve.","10_assertion","high","fact-assertions.csv"
"最小参考资料库/fact-assertions.csv","insert","ASSERT-R1-GA100-PCIE-PROTOCOL-01","Insert the v2 GA100 atomic entity, fact, requirement, evidence, source-decision, or completeness record after dependencies resolve.","10_assertion","high","fact-assertions.csv"
"最小参考资料库/fact-assertions.csv","insert","ASSERT-R1-GA100-PHY-AREA-01","Insert the v2 GA100 atomic entity, fact, requirement, evidence, source-decision, or completeness record after dependencies resolve.","10_assertion","high","fact-assertions.csv"
"最小参考资料库/fact-assertions.csv","insert","ASSERT-R1-GA100-PHY-AREA-01-ISSCC","Insert the v2 GA100 atomic entity, fact, requirement, evidence, source-decision, or completeness record after dependencies resolve.","10_assertion","high","fact-assertions.csv"
"最小参考资料库/fact-assertions.csv","insert","ASSERT-R1-GA100-PHY-FOUNDRY-01","Insert the v2 GA100 atomic entity, fact, requirement, evidence, source-decision, or completeness record after dependencies resolve.","10_assertion","high","fact-assertions.csv"
"最小参考资料库/fact-assertions.csv","insert","ASSERT-R1-GA100-PHY-PROCESS-01","Insert the v2 GA100 atomic entity, fact, requirement, evidence, source-decision, or completeness record after dependencies resolve.","10_assertion","high","fact-assertions.csv"
"最小参考资料库/fact-assertions.csv","insert","ASSERT-R1-GA100-PHY-PROCESS-01-ISSCC","Insert the v2 GA100 atomic entity, fact, requirement, evidence, source-decision, or completeness record after dependencies resolve.","10_assertion","high","fact-assertions.csv"
"最小参考资料库/fact-assertions.csv","insert","ASSERT-R1-GA100-PHY-TRANSISTORS-01","Insert the v2 GA100 atomic entity, fact, requirement, evidence, source-decision, or completeness record after dependencies resolve.","10_assertion","high","fact-assertions.csv"
"最小参考资料库/fact-assertions.csv","insert","ASSERT-R1-GA100-PHY-TRANSISTORS-01-ISSCC-ROUNDED","Insert the v2 GA100 atomic entity, fact, requirement, evidence, source-decision, or completeness record after dependencies resolve.","10_assertion","high","fact-assertions.csv"
"最小参考资料库/fact-assertions.csv","insert","ASSERT-R1-GA100-RAS-CONTAINMENT-01","Insert the v2 GA100 atomic entity, fact, requirement, evidence, source-decision, or completeness record after dependencies resolve.","10_assertion","high","fact-assertions.csv"
"最小参考资料库/fact-assertions.csv","insert","ASSERT-R1-GA100-RAS-DETECTION-01","Insert the v2 GA100 atomic entity, fact, requirement, evidence, source-decision, or completeness record after dependencies resolve.","10_assertion","high","fact-assertions.csv"
"最小参考资料库/fact-assertions.csv","insert","ASSERT-R1-GA100-RAS-DPO-01","Insert the v2 GA100 atomic entity, fact, requirement, evidence, source-decision, or completeness record after dependencies resolve.","10_assertion","high","fact-assertions.csv"
"最小参考资料库/fact-assertions.csv","insert","ASSERT-R1-GA100-RAS-RECOVERY-01","Insert the v2 GA100 atomic entity, fact, requirement, evidence, source-decision, or completeness record after dependencies resolve.","10_assertion","high","fact-assertions.csv"
"最小参考资料库/fact-assertions.csv","insert","ASSERT-R1-GA100-RAS-ROW-REMAP-01","Insert the v2 GA100 atomic entity, fact, requirement, evidence, source-decision, or completeness record after dependencies resolve.","10_assertion","high","fact-assertions.csv"
"最小参考资料库/fact-assertions.csv","insert","ASSERT-R1-GA100-REG-AGGREGATION-01","Insert the v2 GA100 atomic entity, fact, requirement, evidence, source-decision, or completeness record after dependencies resolve.","10_assertion","high","fact-assertions.csv"
"最小参考资料库/fact-assertions.csv","insert","ASSERT-R1-GA100-REG-CAPACITY-PER-SM-01","Insert the v2 GA100 atomic entity, fact, requirement, evidence, source-decision, or completeness record after dependencies resolve.","10_assertion","high","fact-assertions.csv"
"最小参考资料库/fact-assertions.csv","insert","ASSERT-R1-GA100-REG-INSTANCE-COUNT-PER-SM-01","Insert the v2 GA100 atomic entity, fact, requirement, evidence, source-decision, or completeness record after dependencies resolve.","10_assertion","high","fact-assertions.csv"
"最小参考资料库/fact-assertions.csv","insert","ASSERT-R1-GA100-SM-ISSUE-01","Insert the v2 GA100 atomic entity, fact, requirement, evidence, source-decision, or completeness record after dependencies resolve.","10_assertion","high","fact-assertions.csv"
"最小参考资料库/fact-assertions.csv","insert","ASSERT-R1-GA100-SM-SHARED-01","Insert the v2 GA100 atomic entity, fact, requirement, evidence, source-decision, or completeness record after dependencies resolve.","10_assertion","high","fact-assertions.csv"
"最小参考资料库/fact-assertions.csv","insert","ASSERT-R1-GA100-VIDEO-DETAIL-01","Insert the v2 GA100 atomic entity, fact, requirement, evidence, source-decision, or completeness record after dependencies resolve.","10_assertion","high","fact-assertions.csv"
"最小参考资料库/fact-assertions.csv","insert","ASSERT-R1-GA100-VIDEO-LEVEL-01","Insert the v2 GA100 atomic entity, fact, requirement, evidence, source-decision, or completeness record after dependencies resolve.","10_assertion","high","fact-assertions.csv"
"最小参考资料库/requirement-evidence.csv","insert","REQEVID-R1-GA100-COMP-VENDOR-TOPS","Insert the v2 GA100 atomic entity, fact, requirement, evidence, source-decision, or completeness record after dependencies resolve.","11_requirement_evidence","medium","requirement-evidence.csv"
"最小参考资料库/requirement-evidence.csv","insert","REQEVID-R1-GA100-PHY-COOLING","Insert the v2 GA100 atomic entity, fact, requirement, evidence, source-decision, or completeness record after dependencies resolve.","11_requirement_evidence","medium","requirement-evidence.csv"
"最小参考资料库/requirement-evidence.csv","insert","REQEVID-R1-GA100-PHY-FORM-FACTOR","Insert the v2 GA100 atomic entity, fact, requirement, evidence, source-decision, or completeness record after dependencies resolve.","11_requirement_evidence","medium","requirement-evidence.csv"
"最小参考资料库/requirement-evidence.csv","insert","REQEVID-R1-GA100-PHY-HBM-STACKS","Insert the v2 GA100 atomic entity, fact, requirement, evidence, source-decision, or completeness record after dependencies resolve.","11_requirement_evidence","medium","requirement-evidence.csv"
"最小参考资料库/requirement-evidence.csv","insert","REQEVID-R1-GA100-PHY-INTERPOSER","Insert the v2 GA100 atomic entity, fact, requirement, evidence, source-decision, or completeness record after dependencies resolve.","11_requirement_evidence","medium","requirement-evidence.csv"
"最小参考资料库/requirement-evidence.csv","insert","REQEVID-R1-GA100-PHY-PACKAGE","Insert the v2 GA100 atomic entity, fact, requirement, evidence, source-decision, or completeness record after dependencies resolve.","11_requirement_evidence","medium","requirement-evidence.csv"
"最小参考资料库/requirement-evidence.csv","insert","REQEVID-R1-GA100-REL-QUANTITY","Insert the v2 GA100 atomic entity, fact, requirement, evidence, source-decision, or completeness record after dependencies resolve.","11_requirement_evidence","medium","requirement-evidence.csv"
"最小参考资料库/search-log.csv","update","SEARCH-M2NA-0002","Explicitly replace the existing row with the v2 atomic semantics and return modified lifecycle state to draft or needs_resolution.","12_search","medium","search-log.csv"
"最小参考资料库/search-log.csv","update","SEARCH-M2NA-0019","Explicitly replace the existing row with the v2 atomic semantics and return modified lifecycle state to draft or needs_resolution.","12_search","medium","search-log.csv"
"最小参考资料库/search-log.csv","update","SEARCH-M2NA-0020","Explicitly replace the existing row with the v2 atomic semantics and return modified lifecycle state to draft or needs_resolution.","12_search","medium","search-log.csv"
"最小参考资料库/search-log.csv","update","SEARCH-M2NA-0021","Explicitly replace the existing row with the v2 atomic semantics and return modified lifecycle state to draft or needs_resolution.","12_search","medium","search-log.csv"
"最小参考资料库/search-log.csv","update","SEARCH-M2NA-0022","Explicitly replace the existing row with the v2 atomic semantics and return modified lifecycle state to draft or needs_resolution.","12_search","medium","search-log.csv"
"最小参考资料库/search-log.csv","update","SEARCH-M2NA-0023","Explicitly replace the existing row with the v2 atomic semantics and return modified lifecycle state to draft or needs_resolution.","12_search","medium","search-log.csv"
"最小参考资料库/search-log.csv","update","SEARCH-M2NA-0064","Explicitly replace the existing row with the v2 atomic semantics and return modified lifecycle state to draft or needs_resolution.","12_search","medium","search-log.csv"
"最小参考资料库/search-log.csv","update","SEARCH-M2NA-0065","Explicitly replace the existing row with the v2 atomic semantics and return modified lifecycle state to draft or needs_resolution.","12_search","medium","search-log.csv"
"最小参考资料库/search-log.csv","update","SEARCH-M2NA-0066","Explicitly replace the existing row with the v2 atomic semantics and return modified lifecycle state to draft or needs_resolution.","12_search","medium","search-log.csv"
"最小参考资料库/search-log.csv","update","SEARCH-M2NA-0067","Explicitly replace the existing row with the v2 atomic semantics and return modified lifecycle state to draft or needs_resolution.","12_search","medium","search-log.csv"
"最小参考资料库/search-log.csv","update","SEARCH-M2NA-0068","Explicitly replace the existing row with the v2 atomic semantics and return modified lifecycle state to draft or needs_resolution.","12_search","medium","search-log.csv"
"最小参考资料库/search-log.csv","update","SEARCH-M2NA-0069","Explicitly replace the existing row with the v2 atomic semantics and return modified lifecycle state to draft or needs_resolution.","12_search","medium","search-log.csv"
"最小参考资料库/search-log.csv","update","SEARCH-M2NA-0106","Explicitly replace the existing row with the v2 atomic semantics and return modified lifecycle state to draft or needs_resolution.","12_search","medium","search-log.csv"
"最小参考资料库/search-log.csv","update","SEARCH-M2NA-0107","Explicitly replace the existing row with the v2 atomic semantics and return modified lifecycle state to draft or needs_resolution.","12_search","medium","search-log.csv"
"最小参考资料库/search-log.csv","insert","SEARCH-M2NA-GAP-0006","Insert the v2 GA100 atomic entity, fact, requirement, evidence, source-decision, or completeness record after dependencies resolve.","12_search","medium","search-log.csv"
"最小参考资料库/search-log.csv","insert","SEARCH-M2NA-GAP-0059","Insert the v2 GA100 atomic entity, fact, requirement, evidence, source-decision, or completeness record after dependencies resolve.","12_search","medium","search-log.csv"
"最小参考资料库/search-log.csv","insert","SEARCH-M2NA-GAP-0060","Insert the v2 GA100 atomic entity, fact, requirement, evidence, source-decision, or completeness record after dependencies resolve.","12_search","medium","search-log.csv"
"最小参考资料库/search-log.csv","insert","SEARCH-M2NA-GAP-0061","Insert the v2 GA100 atomic entity, fact, requirement, evidence, source-decision, or completeness record after dependencies resolve.","12_search","medium","search-log.csv"
"最小参考资料库/search-log.csv","insert","SEARCH-M2NA-GAP-0062","Insert the v2 GA100 atomic entity, fact, requirement, evidence, source-decision, or completeness record after dependencies resolve.","12_search","medium","search-log.csv"
"最小参考资料库/search-log.csv","insert","SEARCH-M2NA-GAP-0063","Insert the v2 GA100 atomic entity, fact, requirement, evidence, source-decision, or completeness record after dependencies resolve.","12_search","medium","search-log.csv"
"最小参考资料库/search-log.csv","insert","SEARCH-M2NA-GAP-0109","Insert the v2 GA100 atomic entity, fact, requirement, evidence, source-decision, or completeness record after dependencies resolve.","12_search","medium","search-log.csv"
"最小参考资料库/search-log.csv","insert","SEARCH-M2NA-GAP-0110","Insert the v2 GA100 atomic entity, fact, requirement, evidence, source-decision, or completeness record after dependencies resolve.","12_search","medium","search-log.csv"
"最小参考资料库/search-log.csv","insert","SEARCH-M2NA-GAP-0111","Insert the v2 GA100 atomic entity, fact, requirement, evidence, source-decision, or completeness record after dependencies resolve.","12_search","medium","search-log.csv"
"最小参考资料库/search-log.csv","insert","SEARCH-M2NA-GAP-0112","Insert the v2 GA100 atomic entity, fact, requirement, evidence, source-decision, or completeness record after dependencies resolve.","12_search","medium","search-log.csv"
"最小参考资料库/search-log.csv","insert","SEARCH-M2NA-GAP-0113","Insert the v2 GA100 atomic entity, fact, requirement, evidence, source-decision, or completeness record after dependencies resolve.","12_search","medium","search-log.csv"
"最小参考资料库/search-log.csv","insert","SEARCH-M2NA-GAP-0114","Insert the v2 GA100 atomic entity, fact, requirement, evidence, source-decision, or completeness record after dependencies resolve.","12_search","medium","search-log.csv"
"最小参考资料库/search-log.csv","insert","SEARCH-M2NA-GAP-0163","Insert the v2 GA100 atomic entity, fact, requirement, evidence, source-decision, or completeness record after dependencies resolve.","12_search","medium","search-log.csv"
"最小参考资料库/search-log.csv","insert","SEARCH-M2NA-GAP-0164","Insert the v2 GA100 atomic entity, fact, requirement, evidence, source-decision, or completeness record after dependencies resolve.","12_search","medium","search-log.csv"
"最小参考资料库/search-log.csv","insert","SEARCH-R1-GA100-BENCH-ENERGY","Insert the v2 GA100 atomic entity, fact, requirement, evidence, source-decision, or completeness record after dependencies resolve.","12_search","medium","search-log.csv"
"最小参考资料库/search-log.csv","insert","SEARCH-R1-GA100-BENCH-POWER","Insert the v2 GA100 atomic entity, fact, requirement, evidence, source-decision, or completeness record after dependencies resolve.","12_search","medium","search-log.csv"
"最小参考资料库/search-log.csv","insert","SEARCH-R1-GA100-BENCH-TPJ","Insert the v2 GA100 atomic entity, fact, requirement, evidence, source-decision, or completeness record after dependencies resolve.","12_search","medium","search-log.csv"
"最小参考资料库/search-log.csv","insert","SEARCH-R1-GA100-BENCH-UTIL","Insert the v2 GA100 atomic entity, fact, requirement, evidence, source-decision, or completeness record after dependencies resolve.","12_search","medium","search-log.csv"
"最小参考资料库/search-log.csv","insert","SEARCH-R1-GA100-CAP-GAP-ATTENTION-MOVE","Insert the v2 GA100 atomic entity, fact, requirement, evidence, source-decision, or completeness record after dependencies resolve.","12_search","medium","search-log.csv"
"最小参考资料库/search-log.csv","insert","SEARCH-R1-GA100-CAP-GAP-COLLECTIVE","Insert the v2 GA100 atomic entity, fact, requirement, evidence, source-decision, or completeness record after dependencies resolve.","12_search","medium","search-log.csv"
"最小参考资料库/search-log.csv","insert","SEARCH-R1-GA100-CAP-GAP-DEQUANTIZE","Insert the v2 GA100 atomic entity, fact, requirement, evidence, source-decision, or completeness record after dependencies resolve.","12_search","medium","search-log.csv"
"最小参考资料库/search-log.csv","insert","SEARCH-R1-GA100-CAP-GAP-KV-CACHE","Insert the v2 GA100 atomic entity, fact, requirement, evidence, source-decision, or completeness record after dependencies resolve.","12_search","medium","search-log.csv"
"最小参考资料库/search-log.csv","insert","SEARCH-R1-GA100-CAP-GAP-MOE-DISPATCH","Insert the v2 GA100 atomic entity, fact, requirement, evidence, source-decision, or completeness record after dependencies resolve.","12_search","medium","search-log.csv"
"最小参考资料库/search-log.csv","insert","SEARCH-R1-GA100-CAP-GAP-MOE-ROUTE","Insert the v2 GA100 atomic entity, fact, requirement, evidence, source-decision, or completeness record after dependencies resolve.","12_search","medium","search-log.csv"
"最小参考资料库/search-log.csv","insert","SEARCH-R1-GA100-CAP-GAP-QUANTIZE","Insert the v2 GA100 atomic entity, fact, requirement, evidence, source-decision, or completeness record after dependencies resolve.","12_search","medium","search-log.csv"
"最小参考资料库/search-log.csv","insert","SEARCH-R1-GA100-CAP-GAP-SOFTMAX","Insert the v2 GA100 atomic entity, fact, requirement, evidence, source-decision, or completeness record after dependencies resolve.","12_search","medium","search-log.csv"
"最小参考资料库/search-log.csv","insert","SEARCH-R1-GA100-CAP-GAP-TOPK","Insert the v2 GA100 atomic entity, fact, requirement, evidence, source-decision, or completeness record after dependencies resolve.","12_search","medium","search-log.csv"
"最小参考资料库/search-log.csv","insert","SEARCH-R1-GA100-CAP-GAP-TRANSPOSE","Insert the v2 GA100 atomic entity, fact, requirement, evidence, source-decision, or completeness record after dependencies resolve.","12_search","medium","search-log.csv"
"最小参考资料库/search-log.csv","insert","SEARCH-R1-GA100-OFA-THROUGHPUT","Insert the v2 GA100 atomic entity, fact, requirement, evidence, source-decision, or completeness record after dependencies resolve.","12_search","medium","search-log.csv"
"最小参考资料库/search-log.csv","insert","SEARCH-R1-GA100-PHY-CLOCK","Insert the v2 GA100 atomic entity, fact, requirement, evidence, source-decision, or completeness record after dependencies resolve.","12_search","medium","search-log.csv"
"最小参考资料库/search-log.csv","insert","SEARCH-R1-GA100-PHY-POWER","Insert the v2 GA100 atomic entity, fact, requirement, evidence, source-decision, or completeness record after dependencies resolve.","12_search","medium","search-log.csv"
"最小参考资料库/search-log.csv","insert","SEARCH-R1-GA100-RAS-BIST","Insert the v2 GA100 atomic entity, fact, requirement, evidence, source-decision, or completeness record after dependencies resolve.","12_search","medium","search-log.csv"
"最小参考资料库/search-log.csv","insert","SEARCH-R1-GA100-RAS-SDE","Insert the v2 GA100 atomic entity, fact, requirement, evidence, source-decision, or completeness record after dependencies resolve.","12_search","medium","search-log.csv"
"最小参考资料库/search-log.csv","insert","SEARCH-R1-GA100-V2-ECON-PRICE","Insert the v2 GA100 atomic entity, fact, requirement, evidence, source-decision, or completeness record after dependencies resolve.","12_search","medium","search-log.csv"
"最小参考资料库/search-log.csv","insert","SEARCH-R1-GA100-V2-PATH-M2NA-AMPERE-TENSOR-BF16-OUTPUT","Insert the v2 GA100 atomic entity, fact, requirement, evidence, source-decision, or completeness record after dependencies resolve.","12_search","medium","search-log.csv"
"最小参考资料库/search-log.csv","insert","SEARCH-R1-GA100-V2-PATH-M2NA-AMPERE-TENSOR-BF16-PRODUCT","Insert the v2 GA100 atomic entity, fact, requirement, evidence, source-decision, or completeness record after dependencies resolve.","12_search","medium","search-log.csv"
"最小参考资料库/search-log.csv","insert","SEARCH-R1-GA100-V2-PATH-M2NA-AMPERE-TENSOR-BF16-ROUNDING","Insert the v2 GA100 atomic entity, fact, requirement, evidence, source-decision, or completeness record after dependencies resolve.","12_search","medium","search-log.csv"
"最小参考资料库/search-log.csv","insert","SEARCH-R1-GA100-V2-PATH-M2NA-AMPERE-TENSOR-BF16-SATURATION","Insert the v2 GA100 atomic entity, fact, requirement, evidence, source-decision, or completeness record after dependencies resolve.","12_search","medium","search-log.csv"
"最小参考资料库/search-log.csv","insert","SEARCH-R1-GA100-V2-PATH-M2NA-AMPERE-TENSOR-BF16-SCALING-GRANULARITY","Insert the v2 GA100 atomic entity, fact, requirement, evidence, source-decision, or completeness record after dependencies resolve.","12_search","medium","search-log.csv"
"最小参考资料库/search-log.csv","insert","SEARCH-R1-GA100-V2-PATH-M2NA-AMPERE-TENSOR-BF16-SCALING-MODE","Insert the v2 GA100 atomic entity, fact, requirement, evidence, source-decision, or completeness record after dependencies resolve.","12_search","medium","search-log.csv"
"最小参考资料库/search-log.csv","insert","SEARCH-R1-GA100-V2-PATH-M2NA-AMPERE-TENSOR-BF16-SUBNORMAL","Insert the v2 GA100 atomic entity, fact, requirement, evidence, source-decision, or completeness record after dependencies resolve.","12_search","medium","search-log.csv"
"最小参考资料库/search-log.csv","insert","SEARCH-R1-GA100-V2-PATH-M2NA-AMPERE-TENSOR-FP16-OUTPUT","Insert the v2 GA100 atomic entity, fact, requirement, evidence, source-decision, or completeness record after dependencies resolve.","12_search","medium","search-log.csv"
"最小参考资料库/search-log.csv","insert","SEARCH-R1-GA100-V2-PATH-M2NA-AMPERE-TENSOR-FP16-PRODUCT","Insert the v2 GA100 atomic entity, fact, requirement, evidence, source-decision, or completeness record after dependencies resolve.","12_search","medium","search-log.csv"
"最小参考资料库/search-log.csv","insert","SEARCH-R1-GA100-V2-PATH-M2NA-AMPERE-TENSOR-FP16-ROUNDING","Insert the v2 GA100 atomic entity, fact, requirement, evidence, source-decision, or completeness record after dependencies resolve.","12_search","medium","search-log.csv"
"最小参考资料库/search-log.csv","insert","SEARCH-R1-GA100-V2-PATH-M2NA-AMPERE-TENSOR-FP16-SATURATION","Insert the v2 GA100 atomic entity, fact, requirement, evidence, source-decision, or completeness record after dependencies resolve.","12_search","medium","search-log.csv"
"最小参考资料库/search-log.csv","insert","SEARCH-R1-GA100-V2-PATH-M2NA-AMPERE-TENSOR-FP16-SCALING-GRANULARITY","Insert the v2 GA100 atomic entity, fact, requirement, evidence, source-decision, or completeness record after dependencies resolve.","12_search","medium","search-log.csv"
"最小参考资料库/search-log.csv","insert","SEARCH-R1-GA100-V2-PATH-M2NA-AMPERE-TENSOR-FP16-SCALING-MODE","Insert the v2 GA100 atomic entity, fact, requirement, evidence, source-decision, or completeness record after dependencies resolve.","12_search","medium","search-log.csv"
"最小参考资料库/search-log.csv","insert","SEARCH-R1-GA100-V2-PATH-M2NA-AMPERE-TENSOR-FP16-SUBNORMAL","Insert the v2 GA100 atomic entity, fact, requirement, evidence, source-decision, or completeness record after dependencies resolve.","12_search","medium","search-log.csv"
"最小参考资料库/search-log.csv","insert","SEARCH-R1-GA100-V2-PATH-M2NA-AMPERE-TENSOR-FP64-OUTPUT","Insert the v2 GA100 atomic entity, fact, requirement, evidence, source-decision, or completeness record after dependencies resolve.","12_search","medium","search-log.csv"
"最小参考资料库/search-log.csv","insert","SEARCH-R1-GA100-V2-PATH-M2NA-AMPERE-TENSOR-FP64-PRODUCT","Insert the v2 GA100 atomic entity, fact, requirement, evidence, source-decision, or completeness record after dependencies resolve.","12_search","medium","search-log.csv"
"最小参考资料库/search-log.csv","insert","SEARCH-R1-GA100-V2-PATH-M2NA-AMPERE-TENSOR-FP64-ROUNDING","Insert the v2 GA100 atomic entity, fact, requirement, evidence, source-decision, or completeness record after dependencies resolve.","12_search","medium","search-log.csv"
"最小参考资料库/search-log.csv","insert","SEARCH-R1-GA100-V2-PATH-M2NA-AMPERE-TENSOR-FP64-SATURATION","Insert the v2 GA100 atomic entity, fact, requirement, evidence, source-decision, or completeness record after dependencies resolve.","12_search","medium","search-log.csv"
"最小参考资料库/search-log.csv","insert","SEARCH-R1-GA100-V2-PATH-M2NA-AMPERE-TENSOR-FP64-SCALING-GRANULARITY","Insert the v2 GA100 atomic entity, fact, requirement, evidence, source-decision, or completeness record after dependencies resolve.","12_search","medium","search-log.csv"
"最小参考资料库/search-log.csv","insert","SEARCH-R1-GA100-V2-PATH-M2NA-AMPERE-TENSOR-FP64-SCALING-MODE","Insert the v2 GA100 atomic entity, fact, requirement, evidence, source-decision, or completeness record after dependencies resolve.","12_search","medium","search-log.csv"
"最小参考资料库/search-log.csv","insert","SEARCH-R1-GA100-V2-PATH-M2NA-AMPERE-TENSOR-FP64-SPARSITY","Insert the v2 GA100 atomic entity, fact, requirement, evidence, source-decision, or completeness record after dependencies resolve.","12_search","medium","search-log.csv"
"最小参考资料库/search-log.csv","insert","SEARCH-R1-GA100-V2-PATH-M2NA-AMPERE-TENSOR-FP64-SUBNORMAL","Insert the v2 GA100 atomic entity, fact, requirement, evidence, source-decision, or completeness record after dependencies resolve.","12_search","medium","search-log.csv"
"最小参考资料库/search-log.csv","insert","SEARCH-R1-GA100-V2-PATH-M2NA-AMPERE-TENSOR-INT8-OUTPUT","Insert the v2 GA100 atomic entity, fact, requirement, evidence, source-decision, or completeness record after dependencies resolve.","12_search","medium","search-log.csv"
"最小参考资料库/search-log.csv","insert","SEARCH-R1-GA100-V2-PATH-M2NA-AMPERE-TENSOR-INT8-PRODUCT","Insert the v2 GA100 atomic entity, fact, requirement, evidence, source-decision, or completeness record after dependencies resolve.","12_search","medium","search-log.csv"
"最小参考资料库/search-log.csv","insert","SEARCH-R1-GA100-V2-PATH-M2NA-AMPERE-TENSOR-INT8-ROUNDING","Insert the v2 GA100 atomic entity, fact, requirement, evidence, source-decision, or completeness record after dependencies resolve.","12_search","medium","search-log.csv"
"最小参考资料库/search-log.csv","insert","SEARCH-R1-GA100-V2-PATH-M2NA-AMPERE-TENSOR-INT8-SATURATION","Insert the v2 GA100 atomic entity, fact, requirement, evidence, source-decision, or completeness record after dependencies resolve.","12_search","medium","search-log.csv"
"最小参考资料库/search-log.csv","insert","SEARCH-R1-GA100-V2-PATH-M2NA-AMPERE-TENSOR-INT8-SCALING-GRANULARITY","Insert the v2 GA100 atomic entity, fact, requirement, evidence, source-decision, or completeness record after dependencies resolve.","12_search","medium","search-log.csv"
"最小参考资料库/search-log.csv","insert","SEARCH-R1-GA100-V2-PATH-M2NA-AMPERE-TENSOR-INT8-SCALING-MODE","Insert the v2 GA100 atomic entity, fact, requirement, evidence, source-decision, or completeness record after dependencies resolve.","12_search","medium","search-log.csv"
"最小参考资料库/search-log.csv","insert","SEARCH-R1-GA100-V2-PATH-M2NA-AMPERE-TENSOR-TF32-PRODUCT","Insert the v2 GA100 atomic entity, fact, requirement, evidence, source-decision, or completeness record after dependencies resolve.","12_search","medium","search-log.csv"
"最小参考资料库/search-log.csv","insert","SEARCH-R1-GA100-V2-PATH-M2NA-AMPERE-TENSOR-TF32-ROUNDING","Insert the v2 GA100 atomic entity, fact, requirement, evidence, source-decision, or completeness record after dependencies resolve.","12_search","medium","search-log.csv"
"最小参考资料库/search-log.csv","insert","SEARCH-R1-GA100-V2-PATH-M2NA-AMPERE-TENSOR-TF32-SATURATION","Insert the v2 GA100 atomic entity, fact, requirement, evidence, source-decision, or completeness record after dependencies resolve.","12_search","medium","search-log.csv"
"最小参考资料库/search-log.csv","insert","SEARCH-R1-GA100-V2-PATH-M2NA-AMPERE-TENSOR-TF32-SCALING-GRANULARITY","Insert the v2 GA100 atomic entity, fact, requirement, evidence, source-decision, or completeness record after dependencies resolve.","12_search","medium","search-log.csv"
"最小参考资料库/search-log.csv","insert","SEARCH-R1-GA100-V2-PATH-M2NA-AMPERE-TENSOR-TF32-SCALING-MODE","Insert the v2 GA100 atomic entity, fact, requirement, evidence, source-decision, or completeness record after dependencies resolve.","12_search","medium","search-log.csv"
"最小参考资料库/search-log.csv","insert","SEARCH-R1-GA100-V2-PATH-M2NA-AMPERE-TENSOR-TF32-SUBNORMAL","Insert the v2 GA100 atomic entity, fact, requirement, evidence, source-decision, or completeness record after dependencies resolve.","12_search","medium","search-log.csv"
"最小参考资料库/search-log.csv","insert","SEARCH-R1-GA100-V2-PATH-R1-GA100-AMPERE-TENSOR-BINARY-OUTPUT","Insert the v2 GA100 atomic entity, fact, requirement, evidence, source-decision, or completeness record after dependencies resolve.","12_search","medium","search-log.csv"
"最小参考资料库/search-log.csv","insert","SEARCH-R1-GA100-V2-PATH-R1-GA100-AMPERE-TENSOR-BINARY-PHYSICAL-ACCUM","Insert the v2 GA100 atomic entity, fact, requirement, evidence, source-decision, or completeness record after dependencies resolve.","12_search","medium","search-log.csv"
"最小参考资料库/search-log.csv","insert","SEARCH-R1-GA100-V2-PATH-R1-GA100-AMPERE-TENSOR-BINARY-PRODUCT","Insert the v2 GA100 atomic entity, fact, requirement, evidence, source-decision, or completeness record after dependencies resolve.","12_search","medium","search-log.csv"
"最小参考资料库/search-log.csv","insert","SEARCH-R1-GA100-V2-PATH-R1-GA100-AMPERE-TENSOR-BINARY-ROUNDING","Insert the v2 GA100 atomic entity, fact, requirement, evidence, source-decision, or completeness record after dependencies resolve.","12_search","medium","search-log.csv"
"最小参考资料库/search-log.csv","insert","SEARCH-R1-GA100-V2-PATH-R1-GA100-AMPERE-TENSOR-BINARY-SATURATION","Insert the v2 GA100 atomic entity, fact, requirement, evidence, source-decision, or completeness record after dependencies resolve.","12_search","medium","search-log.csv"
"最小参考资料库/search-log.csv","insert","SEARCH-R1-GA100-V2-PATH-R1-GA100-AMPERE-TENSOR-BINARY-SCALING-GRANULARITY","Insert the v2 GA100 atomic entity, fact, requirement, evidence, source-decision, or completeness record after dependencies resolve.","12_search","medium","search-log.csv"
"最小参考资料库/search-log.csv","insert","SEARCH-R1-GA100-V2-PATH-R1-GA100-AMPERE-TENSOR-BINARY-SCALING-MODE","Insert the v2 GA100 atomic entity, fact, requirement, evidence, source-decision, or completeness record after dependencies resolve.","12_search","medium","search-log.csv"
"最小参考资料库/search-log.csv","insert","SEARCH-R1-GA100-V2-PATH-R1-GA100-AMPERE-TENSOR-BINARY-SPARSITY","Insert the v2 GA100 atomic entity, fact, requirement, evidence, source-decision, or completeness record after dependencies resolve.","12_search","medium","search-log.csv"
"最小参考资料库/search-log.csv","insert","SEARCH-R1-GA100-V2-PATH-R1-GA100-AMPERE-TENSOR-FP16-ACC16-OUTPUT","Insert the v2 GA100 atomic entity, fact, requirement, evidence, source-decision, or completeness record after dependencies resolve.","12_search","medium","search-log.csv"
"最小参考资料库/search-log.csv","insert","SEARCH-R1-GA100-V2-PATH-R1-GA100-AMPERE-TENSOR-FP16-ACC16-PHYSICAL-ACCUM","Insert the v2 GA100 atomic entity, fact, requirement, evidence, source-decision, or completeness record after dependencies resolve.","12_search","medium","search-log.csv"
"最小参考资料库/search-log.csv","insert","SEARCH-R1-GA100-V2-PATH-R1-GA100-AMPERE-TENSOR-FP16-ACC16-PRODUCT","Insert the v2 GA100 atomic entity, fact, requirement, evidence, source-decision, or completeness record after dependencies resolve.","12_search","medium","search-log.csv"
"最小参考资料库/search-log.csv","insert","SEARCH-R1-GA100-V2-PATH-R1-GA100-AMPERE-TENSOR-FP16-ACC16-ROUNDING","Insert the v2 GA100 atomic entity, fact, requirement, evidence, source-decision, or completeness record after dependencies resolve.","12_search","medium","search-log.csv"
"最小参考资料库/search-log.csv","insert","SEARCH-R1-GA100-V2-PATH-R1-GA100-AMPERE-TENSOR-FP16-ACC16-SATURATION","Insert the v2 GA100 atomic entity, fact, requirement, evidence, source-decision, or completeness record after dependencies resolve.","12_search","medium","search-log.csv"
"最小参考资料库/search-log.csv","insert","SEARCH-R1-GA100-V2-PATH-R1-GA100-AMPERE-TENSOR-FP16-ACC16-SCALING-GRANULARITY","Insert the v2 GA100 atomic entity, fact, requirement, evidence, source-decision, or completeness record after dependencies resolve.","12_search","medium","search-log.csv"
"最小参考资料库/search-log.csv","insert","SEARCH-R1-GA100-V2-PATH-R1-GA100-AMPERE-TENSOR-FP16-ACC16-SCALING-MODE","Insert the v2 GA100 atomic entity, fact, requirement, evidence, source-decision, or completeness record after dependencies resolve.","12_search","medium","search-log.csv"
"最小参考资料库/search-log.csv","insert","SEARCH-R1-GA100-V2-PATH-R1-GA100-AMPERE-TENSOR-FP16-ACC16-SPARSITY","Insert the v2 GA100 atomic entity, fact, requirement, evidence, source-decision, or completeness record after dependencies resolve.","12_search","medium","search-log.csv"
"最小参考资料库/search-log.csv","insert","SEARCH-R1-GA100-V2-PATH-R1-GA100-AMPERE-TENSOR-FP16-ACC16-SUBNORMAL","Insert the v2 GA100 atomic entity, fact, requirement, evidence, source-decision, or completeness record after dependencies resolve.","12_search","medium","search-log.csv"
"最小参考资料库/search-log.csv","insert","SEARCH-R1-GA100-V2-PATH-R1-GA100-AMPERE-TENSOR-INT4-OUTPUT","Insert the v2 GA100 atomic entity, fact, requirement, evidence, source-decision, or completeness record after dependencies resolve.","12_search","medium","search-log.csv"
"最小参考资料库/search-log.csv","insert","SEARCH-R1-GA100-V2-PATH-R1-GA100-AMPERE-TENSOR-INT4-PHYSICAL-ACCUM","Insert the v2 GA100 atomic entity, fact, requirement, evidence, source-decision, or completeness record after dependencies resolve.","12_search","medium","search-log.csv"
"最小参考资料库/search-log.csv","insert","SEARCH-R1-GA100-V2-PATH-R1-GA100-AMPERE-TENSOR-INT4-PRODUCT","Insert the v2 GA100 atomic entity, fact, requirement, evidence, source-decision, or completeness record after dependencies resolve.","12_search","medium","search-log.csv"
"最小参考资料库/search-log.csv","insert","SEARCH-R1-GA100-V2-PATH-R1-GA100-AMPERE-TENSOR-INT4-ROUNDING","Insert the v2 GA100 atomic entity, fact, requirement, evidence, source-decision, or completeness record after dependencies resolve.","12_search","medium","search-log.csv"
"最小参考资料库/search-log.csv","insert","SEARCH-R1-GA100-V2-PATH-R1-GA100-AMPERE-TENSOR-INT4-SATURATION","Insert the v2 GA100 atomic entity, fact, requirement, evidence, source-decision, or completeness record after dependencies resolve.","12_search","medium","search-log.csv"
"最小参考资料库/search-log.csv","insert","SEARCH-R1-GA100-V2-PATH-R1-GA100-AMPERE-TENSOR-INT4-SCALING-GRANULARITY","Insert the v2 GA100 atomic entity, fact, requirement, evidence, source-decision, or completeness record after dependencies resolve.","12_search","medium","search-log.csv"
"最小参考资料库/search-log.csv","insert","SEARCH-R1-GA100-V2-PATH-R1-GA100-AMPERE-TENSOR-INT4-SCALING-MODE","Insert the v2 GA100 atomic entity, fact, requirement, evidence, source-decision, or completeness record after dependencies resolve.","12_search","medium","search-log.csv"
"最小参考资料库/search-log.csv","insert","SEARCH-R1-GA100-V2-PATH-R1-GA100-TENSOR-FP16-DENSE-OUTPUT","Insert the v2 GA100 atomic entity, fact, requirement, evidence, source-decision, or completeness record after dependencies resolve.","12_search","medium","search-log.csv"
"最小参考资料库/search-log.csv","insert","SEARCH-R1-GA100-V2-PATH-R1-GA100-TENSOR-FP16-DENSE-PHYSICAL-ACCUM","Insert the v2 GA100 atomic entity, fact, requirement, evidence, source-decision, or completeness record after dependencies resolve.","12_search","medium","search-log.csv"
"最小参考资料库/search-log.csv","insert","SEARCH-R1-GA100-V2-PATH-R1-GA100-TENSOR-FP16-DENSE-PRODUCT","Insert the v2 GA100 atomic entity, fact, requirement, evidence, source-decision, or completeness record after dependencies resolve.","12_search","medium","search-log.csv"
"最小参考资料库/search-log.csv","insert","SEARCH-R1-GA100-V2-PATH-R1-GA100-TENSOR-FP16-DENSE-ROUNDING","Insert the v2 GA100 atomic entity, fact, requirement, evidence, source-decision, or completeness record after dependencies resolve.","12_search","medium","search-log.csv"
"最小参考资料库/search-log.csv","insert","SEARCH-R1-GA100-V2-PATH-R1-GA100-TENSOR-FP16-DENSE-SATURATION","Insert the v2 GA100 atomic entity, fact, requirement, evidence, source-decision, or completeness record after dependencies resolve.","12_search","medium","search-log.csv"
"最小参考资料库/search-log.csv","insert","SEARCH-R1-GA100-V2-PATH-R1-GA100-TENSOR-FP16-DENSE-SCALING-GRANULARITY","Insert the v2 GA100 atomic entity, fact, requirement, evidence, source-decision, or completeness record after dependencies resolve.","12_search","medium","search-log.csv"
"最小参考资料库/search-log.csv","insert","SEARCH-R1-GA100-V2-PATH-R1-GA100-TENSOR-FP16-DENSE-SCALING-MODE","Insert the v2 GA100 atomic entity, fact, requirement, evidence, source-decision, or completeness record after dependencies resolve.","12_search","medium","search-log.csv"
"最小参考资料库/search-log.csv","insert","SEARCH-R1-GA100-V2-PATH-R1-GA100-TENSOR-FP16-DENSE-SUBNORMAL","Insert the v2 GA100 atomic entity, fact, requirement, evidence, source-decision, or completeness record after dependencies resolve.","12_search","medium","search-log.csv"
"最小参考资料库/search-log.csv","insert","SEARCH-R1-GA100-V2-V2-COMP-ARRAY-SHAPE","Insert the v2 GA100 atomic entity, fact, requirement, evidence, source-decision, or completeness record after dependencies resolve.","12_search","medium","search-log.csv"
"最小参考资料库/search-log.csv","insert","SEARCH-R1-GA100-V2-V2-INT-BISECTION-BW","Insert the v2 GA100 atomic entity, fact, requirement, evidence, source-decision, or completeness record after dependencies resolve.","12_search","medium","search-log.csv"
"最小参考资料库/search-log.csv","insert","SEARCH-R1-GA100-V2-V2-INT-COLLECTIVE","Insert the v2 GA100 atomic entity, fact, requirement, evidence, source-decision, or completeness record after dependencies resolve.","12_search","medium","search-log.csv"
"最小参考资料库/search-log.csv","insert","SEARCH-R1-GA100-V2-V2-INT-DEGREE","Insert the v2 GA100 atomic entity, fact, requirement, evidence, source-decision, or completeness record after dependencies resolve.","12_search","medium","search-log.csv"
"最小参考资料库/search-log.csv","insert","SEARCH-R1-GA100-V2-V2-INT-HOPS","Insert the v2 GA100 atomic entity, fact, requirement, evidence, source-decision, or completeness record after dependencies resolve.","12_search","medium","search-log.csv"
"最小参考资料库/search-log.csv","insert","SEARCH-R1-GA100-V2-V2-INT-LATENCY","Insert the v2 GA100 atomic entity, fact, requirement, evidence, source-decision, or completeness record after dependencies resolve.","12_search","medium","search-log.csv"
"最小参考资料库/search-log.csv","insert","SEARCH-R1-GA100-V2-V2-INT-TOPOLOGY","Insert the v2 GA100 atomic entity, fact, requirement, evidence, source-decision, or completeness record after dependencies resolve.","12_search","medium","search-log.csv"
"最小参考资料库/search-log.csv","insert","SEARCH-R1-GA100-V2-V2-INT-TOPOLOGY-DIMENSIONS","Insert the v2 GA100 atomic entity, fact, requirement, evidence, source-decision, or completeness record after dependencies resolve.","12_search","medium","search-log.csv"
"最小参考资料库/search-log.csv","insert","SEARCH-R1-GA100-V2-V2-INT-TOPOLOGY-NODE-COUNT","Insert the v2 GA100 atomic entity, fact, requirement, evidence, source-decision, or completeness record after dependencies resolve.","12_search","medium","search-log.csv"
"最小参考资料库/search-log.csv","insert","SEARCH-R1-GA100-V2-V2-INT-TOPOLOGY-ROUTING","Insert the v2 GA100 atomic entity, fact, requirement, evidence, source-decision, or completeness record after dependencies resolve.","12_search","medium","search-log.csv"
"最小参考资料库/search-log.csv","insert","SEARCH-R1-GA100-V2-V2-MEM-BANKS","Insert the v2 GA100 atomic entity, fact, requirement, evidence, source-decision, or completeness record after dependencies resolve.","12_search","medium","search-log.csv"
"最小参考资料库/search-log.csv","insert","SEARCH-R1-GA100-V2-V2-MEM-BIDIR-BW","Insert the v2 GA100 atomic entity, fact, requirement, evidence, source-decision, or completeness record after dependencies resolve.","12_search","medium","search-log.csv"
"最小参考资料库/search-log.csv","insert","SEARCH-R1-GA100-V2-V2-MEM-PORTS","Insert the v2 GA100 atomic entity, fact, requirement, evidence, source-decision, or completeness record after dependencies resolve.","12_search","medium","search-log.csv"
"最小参考资料库/search-log.csv","insert","SEARCH-R1-GA100-V2-V2-MEM-READ-WRITE-MODEL","Insert the v2 GA100 atomic entity, fact, requirement, evidence, source-decision, or completeness record after dependencies resolve.","12_search","medium","search-log.csv"
"最小参考资料库/search-log.csv","insert","SEARCH-R1-GA100-V2-V2-MEM-WRITE-TRANSFER-PER-CYCLE","Insert the v2 GA100 atomic entity, fact, requirement, evidence, source-decision, or completeness record after dependencies resolve.","12_search","medium","search-log.csv"
"最小参考资料库/search-log.csv","insert","SEARCH-R1-GA100-V2-V2-SW-CUSTOM-OPERATOR","Insert the v2 GA100 atomic entity, fact, requirement, evidence, source-decision, or completeness record after dependencies resolve.","12_search","medium","search-log.csv"
"最小参考资料库/search-log.csv","insert","SEARCH-R1-GA100-V2-V2-SW-DYNAMIC-SHAPE","Insert the v2 GA100 atomic entity, fact, requirement, evidence, source-decision, or completeness record after dependencies resolve.","12_search","medium","search-log.csv"
"最小参考资料库/search-log.csv","insert","SEARCH-R1-GA100-V2-V2-SW-QUANTIZATION-TOOL","Insert the v2 GA100 atomic entity, fact, requirement, evidence, source-decision, or completeness record after dependencies resolve.","12_search","medium","search-log.csv"
"最小参考资料库/search-results.csv","update","SRESULT-M2NA-0002","Explicitly replace the existing row with the v2 atomic semantics and return modified lifecycle state to draft or needs_resolution.","12_search","medium","search-results.csv"
"最小参考资料库/search-results.csv","update","SRESULT-M2NA-0033","Explicitly replace the existing row with the v2 atomic semantics and return modified lifecycle state to draft or needs_resolution.","12_search","medium","search-results.csv"
"最小参考资料库/search-results.csv","update","SRESULT-M2NA-0034","Explicitly replace the existing row with the v2 atomic semantics and return modified lifecycle state to draft or needs_resolution.","12_search","medium","search-results.csv"
"最小参考资料库/search-results.csv","update","SRESULT-M2NA-0035","Explicitly replace the existing row with the v2 atomic semantics and return modified lifecycle state to draft or needs_resolution.","12_search","medium","search-results.csv"
"最小参考资料库/search-results.csv","update","SRESULT-M2NA-0036","Explicitly replace the existing row with the v2 atomic semantics and return modified lifecycle state to draft or needs_resolution.","12_search","medium","search-results.csv"
"最小参考资料库/search-results.csv","update","SRESULT-M2NA-0037","Explicitly replace the existing row with the v2 atomic semantics and return modified lifecycle state to draft or needs_resolution.","12_search","medium","search-results.csv"
"最小参考资料库/search-results.csv","update","SRESULT-M2NA-0123","Explicitly replace the existing row with the v2 atomic semantics and return modified lifecycle state to draft or needs_resolution.","12_search","medium","search-results.csv"
"最小参考资料库/search-results.csv","update","SRESULT-M2NA-0124","Explicitly replace the existing row with the v2 atomic semantics and return modified lifecycle state to draft or needs_resolution.","12_search","medium","search-results.csv"
"最小参考资料库/search-results.csv","update","SRESULT-M2NA-0125","Explicitly replace the existing row with the v2 atomic semantics and return modified lifecycle state to draft or needs_resolution.","12_search","medium","search-results.csv"
"最小参考资料库/search-results.csv","update","SRESULT-M2NA-0126","Explicitly replace the existing row with the v2 atomic semantics and return modified lifecycle state to draft or needs_resolution.","12_search","medium","search-results.csv"
"最小参考资料库/search-results.csv","update","SRESULT-M2NA-0127","Explicitly replace the existing row with the v2 atomic semantics and return modified lifecycle state to draft or needs_resolution.","12_search","medium","search-results.csv"
"最小参考资料库/search-results.csv","update","SRESULT-M2NA-0128","Explicitly replace the existing row with the v2 atomic semantics and return modified lifecycle state to draft or needs_resolution.","12_search","medium","search-results.csv"
"最小参考资料库/search-results.csv","update","SRESULT-M2NA-0211","Explicitly replace the existing row with the v2 atomic semantics and return modified lifecycle state to draft or needs_resolution.","12_search","medium","search-results.csv"
"最小参考资料库/search-results.csv","update","SRESULT-M2NA-0212","Explicitly replace the existing row with the v2 atomic semantics and return modified lifecycle state to draft or needs_resolution.","12_search","medium","search-results.csv"
"最小参考资料库/search-results.csv","insert","SRESULT-M2NA-GAP-0006-1","Insert the v2 GA100 atomic entity, fact, requirement, evidence, source-decision, or completeness record after dependencies resolve.","12_search","medium","search-results.csv"
"最小参考资料库/search-results.csv","insert","SRESULT-M2NA-GAP-0006-2","Insert the v2 GA100 atomic entity, fact, requirement, evidence, source-decision, or completeness record after dependencies resolve.","12_search","medium","search-results.csv"
"最小参考资料库/search-results.csv","insert","SRESULT-M2NA-GAP-0059-1","Insert the v2 GA100 atomic entity, fact, requirement, evidence, source-decision, or completeness record after dependencies resolve.","12_search","medium","search-results.csv"
"最小参考资料库/search-results.csv","insert","SRESULT-M2NA-GAP-0059-2","Insert the v2 GA100 atomic entity, fact, requirement, evidence, source-decision, or completeness record after dependencies resolve.","12_search","medium","search-results.csv"
"最小参考资料库/search-results.csv","insert","SRESULT-M2NA-GAP-0060-1","Insert the v2 GA100 atomic entity, fact, requirement, evidence, source-decision, or completeness record after dependencies resolve.","12_search","medium","search-results.csv"
"最小参考资料库/search-results.csv","insert","SRESULT-M2NA-GAP-0060-2","Insert the v2 GA100 atomic entity, fact, requirement, evidence, source-decision, or completeness record after dependencies resolve.","12_search","medium","search-results.csv"
"最小参考资料库/search-results.csv","insert","SRESULT-M2NA-GAP-0061-1","Insert the v2 GA100 atomic entity, fact, requirement, evidence, source-decision, or completeness record after dependencies resolve.","12_search","medium","search-results.csv"
"最小参考资料库/search-results.csv","insert","SRESULT-M2NA-GAP-0061-2","Insert the v2 GA100 atomic entity, fact, requirement, evidence, source-decision, or completeness record after dependencies resolve.","12_search","medium","search-results.csv"
"最小参考资料库/search-results.csv","insert","SRESULT-M2NA-GAP-0062-1","Insert the v2 GA100 atomic entity, fact, requirement, evidence, source-decision, or completeness record after dependencies resolve.","12_search","medium","search-results.csv"
"最小参考资料库/search-results.csv","insert","SRESULT-M2NA-GAP-0062-2","Insert the v2 GA100 atomic entity, fact, requirement, evidence, source-decision, or completeness record after dependencies resolve.","12_search","medium","search-results.csv"
"最小参考资料库/search-results.csv","insert","SRESULT-M2NA-GAP-0063-1","Insert the v2 GA100 atomic entity, fact, requirement, evidence, source-decision, or completeness record after dependencies resolve.","12_search","medium","search-results.csv"
"最小参考资料库/search-results.csv","insert","SRESULT-M2NA-GAP-0063-2","Insert the v2 GA100 atomic entity, fact, requirement, evidence, source-decision, or completeness record after dependencies resolve.","12_search","medium","search-results.csv"
"最小参考资料库/search-results.csv","insert","SRESULT-M2NA-GAP-0109-1","Insert the v2 GA100 atomic entity, fact, requirement, evidence, source-decision, or completeness record after dependencies resolve.","12_search","medium","search-results.csv"
"最小参考资料库/search-results.csv","insert","SRESULT-M2NA-GAP-0109-2","Insert the v2 GA100 atomic entity, fact, requirement, evidence, source-decision, or completeness record after dependencies resolve.","12_search","medium","search-results.csv"
"最小参考资料库/search-results.csv","insert","SRESULT-M2NA-GAP-0110-1","Insert the v2 GA100 atomic entity, fact, requirement, evidence, source-decision, or completeness record after dependencies resolve.","12_search","medium","search-results.csv"
"最小参考资料库/search-results.csv","insert","SRESULT-M2NA-GAP-0110-2","Insert the v2 GA100 atomic entity, fact, requirement, evidence, source-decision, or completeness record after dependencies resolve.","12_search","medium","search-results.csv"
"最小参考资料库/search-results.csv","insert","SRESULT-M2NA-GAP-0111-1","Insert the v2 GA100 atomic entity, fact, requirement, evidence, source-decision, or completeness record after dependencies resolve.","12_search","medium","search-results.csv"
"最小参考资料库/search-results.csv","insert","SRESULT-M2NA-GAP-0111-2","Insert the v2 GA100 atomic entity, fact, requirement, evidence, source-decision, or completeness record after dependencies resolve.","12_search","medium","search-results.csv"
"最小参考资料库/search-results.csv","insert","SRESULT-M2NA-GAP-0112-1","Insert the v2 GA100 atomic entity, fact, requirement, evidence, source-decision, or completeness record after dependencies resolve.","12_search","medium","search-results.csv"
"最小参考资料库/search-results.csv","insert","SRESULT-M2NA-GAP-0112-2","Insert the v2 GA100 atomic entity, fact, requirement, evidence, source-decision, or completeness record after dependencies resolve.","12_search","medium","search-results.csv"
"最小参考资料库/search-results.csv","insert","SRESULT-M2NA-GAP-0113-1","Insert the v2 GA100 atomic entity, fact, requirement, evidence, source-decision, or completeness record after dependencies resolve.","12_search","medium","search-results.csv"
"最小参考资料库/search-results.csv","insert","SRESULT-M2NA-GAP-0113-2","Insert the v2 GA100 atomic entity, fact, requirement, evidence, source-decision, or completeness record after dependencies resolve.","12_search","medium","search-results.csv"
"最小参考资料库/search-results.csv","insert","SRESULT-M2NA-GAP-0114-1","Insert the v2 GA100 atomic entity, fact, requirement, evidence, source-decision, or completeness record after dependencies resolve.","12_search","medium","search-results.csv"
"最小参考资料库/search-results.csv","insert","SRESULT-M2NA-GAP-0114-2","Insert the v2 GA100 atomic entity, fact, requirement, evidence, source-decision, or completeness record after dependencies resolve.","12_search","medium","search-results.csv"
"最小参考资料库/search-results.csv","insert","SRESULT-M2NA-GAP-0163-1","Insert the v2 GA100 atomic entity, fact, requirement, evidence, source-decision, or completeness record after dependencies resolve.","12_search","medium","search-results.csv"
"最小参考资料库/search-results.csv","insert","SRESULT-M2NA-GAP-0163-2","Insert the v2 GA100 atomic entity, fact, requirement, evidence, source-decision, or completeness record after dependencies resolve.","12_search","medium","search-results.csv"
"最小参考资料库/search-results.csv","insert","SRESULT-M2NA-GAP-0164-1","Insert the v2 GA100 atomic entity, fact, requirement, evidence, source-decision, or completeness record after dependencies resolve.","12_search","medium","search-results.csv"
"最小参考资料库/search-results.csv","insert","SRESULT-M2NA-GAP-0164-2","Insert the v2 GA100 atomic entity, fact, requirement, evidence, source-decision, or completeness record after dependencies resolve.","12_search","medium","search-results.csv"
"最小参考资料库/search-results.csv","insert","SRESULT-R1-GA100-BENCH-ENERGY-1","Insert the v2 GA100 atomic entity, fact, requirement, evidence, source-decision, or completeness record after dependencies resolve.","12_search","medium","search-results.csv"
"最小参考资料库/search-results.csv","insert","SRESULT-R1-GA100-BENCH-ENERGY-2","Insert the v2 GA100 atomic entity, fact, requirement, evidence, source-decision, or completeness record after dependencies resolve.","12_search","medium","search-results.csv"
"最小参考资料库/search-results.csv","insert","SRESULT-R1-GA100-BENCH-POWER-1","Insert the v2 GA100 atomic entity, fact, requirement, evidence, source-decision, or completeness record after dependencies resolve.","12_search","medium","search-results.csv"
"最小参考资料库/search-results.csv","insert","SRESULT-R1-GA100-BENCH-POWER-2","Insert the v2 GA100 atomic entity, fact, requirement, evidence, source-decision, or completeness record after dependencies resolve.","12_search","medium","search-results.csv"
"最小参考资料库/search-results.csv","insert","SRESULT-R1-GA100-BENCH-TPJ-1","Insert the v2 GA100 atomic entity, fact, requirement, evidence, source-decision, or completeness record after dependencies resolve.","12_search","medium","search-results.csv"
"最小参考资料库/search-results.csv","insert","SRESULT-R1-GA100-BENCH-TPJ-2","Insert the v2 GA100 atomic entity, fact, requirement, evidence, source-decision, or completeness record after dependencies resolve.","12_search","medium","search-results.csv"
"最小参考资料库/search-results.csv","insert","SRESULT-R1-GA100-BENCH-UTIL-1","Insert the v2 GA100 atomic entity, fact, requirement, evidence, source-decision, or completeness record after dependencies resolve.","12_search","medium","search-results.csv"
"最小参考资料库/search-results.csv","insert","SRESULT-R1-GA100-BENCH-UTIL-2","Insert the v2 GA100 atomic entity, fact, requirement, evidence, source-decision, or completeness record after dependencies resolve.","12_search","medium","search-results.csv"
"最小参考资料库/search-results.csv","insert","SRESULT-R1-GA100-CAP-GAP-ATTENTION-MOVE-1","Insert the v2 GA100 atomic entity, fact, requirement, evidence, source-decision, or completeness record after dependencies resolve.","12_search","medium","search-results.csv"
"最小参考资料库/search-results.csv","insert","SRESULT-R1-GA100-CAP-GAP-ATTENTION-MOVE-2","Insert the v2 GA100 atomic entity, fact, requirement, evidence, source-decision, or completeness record after dependencies resolve.","12_search","medium","search-results.csv"
"最小参考资料库/search-results.csv","insert","SRESULT-R1-GA100-CAP-GAP-COLLECTIVE-1","Insert the v2 GA100 atomic entity, fact, requirement, evidence, source-decision, or completeness record after dependencies resolve.","12_search","medium","search-results.csv"
"最小参考资料库/search-results.csv","insert","SRESULT-R1-GA100-CAP-GAP-COLLECTIVE-2","Insert the v2 GA100 atomic entity, fact, requirement, evidence, source-decision, or completeness record after dependencies resolve.","12_search","medium","search-results.csv"
"最小参考资料库/search-results.csv","insert","SRESULT-R1-GA100-CAP-GAP-DEQUANTIZE-1","Insert the v2 GA100 atomic entity, fact, requirement, evidence, source-decision, or completeness record after dependencies resolve.","12_search","medium","search-results.csv"
"最小参考资料库/search-results.csv","insert","SRESULT-R1-GA100-CAP-GAP-DEQUANTIZE-2","Insert the v2 GA100 atomic entity, fact, requirement, evidence, source-decision, or completeness record after dependencies resolve.","12_search","medium","search-results.csv"
"最小参考资料库/search-results.csv","insert","SRESULT-R1-GA100-CAP-GAP-KV-CACHE-1","Insert the v2 GA100 atomic entity, fact, requirement, evidence, source-decision, or completeness record after dependencies resolve.","12_search","medium","search-results.csv"
"最小参考资料库/search-results.csv","insert","SRESULT-R1-GA100-CAP-GAP-KV-CACHE-2","Insert the v2 GA100 atomic entity, fact, requirement, evidence, source-decision, or completeness record after dependencies resolve.","12_search","medium","search-results.csv"
"最小参考资料库/search-results.csv","insert","SRESULT-R1-GA100-CAP-GAP-MOE-DISPATCH-1","Insert the v2 GA100 atomic entity, fact, requirement, evidence, source-decision, or completeness record after dependencies resolve.","12_search","medium","search-results.csv"
"最小参考资料库/search-results.csv","insert","SRESULT-R1-GA100-CAP-GAP-MOE-DISPATCH-2","Insert the v2 GA100 atomic entity, fact, requirement, evidence, source-decision, or completeness record after dependencies resolve.","12_search","medium","search-results.csv"
"最小参考资料库/search-results.csv","insert","SRESULT-R1-GA100-CAP-GAP-MOE-ROUTE-1","Insert the v2 GA100 atomic entity, fact, requirement, evidence, source-decision, or completeness record after dependencies resolve.","12_search","medium","search-results.csv"
"最小参考资料库/search-results.csv","insert","SRESULT-R1-GA100-CAP-GAP-MOE-ROUTE-2","Insert the v2 GA100 atomic entity, fact, requirement, evidence, source-decision, or completeness record after dependencies resolve.","12_search","medium","search-results.csv"
"最小参考资料库/search-results.csv","insert","SRESULT-R1-GA100-CAP-GAP-QUANTIZE-1","Insert the v2 GA100 atomic entity, fact, requirement, evidence, source-decision, or completeness record after dependencies resolve.","12_search","medium","search-results.csv"
"最小参考资料库/search-results.csv","insert","SRESULT-R1-GA100-CAP-GAP-QUANTIZE-2","Insert the v2 GA100 atomic entity, fact, requirement, evidence, source-decision, or completeness record after dependencies resolve.","12_search","medium","search-results.csv"
"最小参考资料库/search-results.csv","insert","SRESULT-R1-GA100-CAP-GAP-SOFTMAX-1","Insert the v2 GA100 atomic entity, fact, requirement, evidence, source-decision, or completeness record after dependencies resolve.","12_search","medium","search-results.csv"
"最小参考资料库/search-results.csv","insert","SRESULT-R1-GA100-CAP-GAP-SOFTMAX-2","Insert the v2 GA100 atomic entity, fact, requirement, evidence, source-decision, or completeness record after dependencies resolve.","12_search","medium","search-results.csv"
"最小参考资料库/search-results.csv","insert","SRESULT-R1-GA100-CAP-GAP-TOPK-1","Insert the v2 GA100 atomic entity, fact, requirement, evidence, source-decision, or completeness record after dependencies resolve.","12_search","medium","search-results.csv"
"最小参考资料库/search-results.csv","insert","SRESULT-R1-GA100-CAP-GAP-TOPK-2","Insert the v2 GA100 atomic entity, fact, requirement, evidence, source-decision, or completeness record after dependencies resolve.","12_search","medium","search-results.csv"
"最小参考资料库/search-results.csv","insert","SRESULT-R1-GA100-CAP-GAP-TRANSPOSE-1","Insert the v2 GA100 atomic entity, fact, requirement, evidence, source-decision, or completeness record after dependencies resolve.","12_search","medium","search-results.csv"
"最小参考资料库/search-results.csv","insert","SRESULT-R1-GA100-CAP-GAP-TRANSPOSE-2","Insert the v2 GA100 atomic entity, fact, requirement, evidence, source-decision, or completeness record after dependencies resolve.","12_search","medium","search-results.csv"
"最小参考资料库/search-results.csv","insert","SRESULT-R1-GA100-OFA-THROUGHPUT-1","Insert the v2 GA100 atomic entity, fact, requirement, evidence, source-decision, or completeness record after dependencies resolve.","12_search","medium","search-results.csv"
"最小参考资料库/search-results.csv","insert","SRESULT-R1-GA100-OFA-THROUGHPUT-2","Insert the v2 GA100 atomic entity, fact, requirement, evidence, source-decision, or completeness record after dependencies resolve.","12_search","medium","search-results.csv"
"最小参考资料库/search-results.csv","insert","SRESULT-R1-GA100-PHY-CLOCK-1","Insert the v2 GA100 atomic entity, fact, requirement, evidence, source-decision, or completeness record after dependencies resolve.","12_search","medium","search-results.csv"
"最小参考资料库/search-results.csv","insert","SRESULT-R1-GA100-PHY-CLOCK-2","Insert the v2 GA100 atomic entity, fact, requirement, evidence, source-decision, or completeness record after dependencies resolve.","12_search","medium","search-results.csv"
"最小参考资料库/search-results.csv","insert","SRESULT-R1-GA100-PHY-POWER-1","Insert the v2 GA100 atomic entity, fact, requirement, evidence, source-decision, or completeness record after dependencies resolve.","12_search","medium","search-results.csv"
"最小参考资料库/search-results.csv","insert","SRESULT-R1-GA100-PHY-POWER-2","Insert the v2 GA100 atomic entity, fact, requirement, evidence, source-decision, or completeness record after dependencies resolve.","12_search","medium","search-results.csv"
"最小参考资料库/search-results.csv","insert","SRESULT-R1-GA100-RAS-BIST-1","Insert the v2 GA100 atomic entity, fact, requirement, evidence, source-decision, or completeness record after dependencies resolve.","12_search","medium","search-results.csv"
"最小参考资料库/search-results.csv","insert","SRESULT-R1-GA100-RAS-BIST-2","Insert the v2 GA100 atomic entity, fact, requirement, evidence, source-decision, or completeness record after dependencies resolve.","12_search","medium","search-results.csv"
"最小参考资料库/search-results.csv","insert","SRESULT-R1-GA100-RAS-SDE-1","Insert the v2 GA100 atomic entity, fact, requirement, evidence, source-decision, or completeness record after dependencies resolve.","12_search","medium","search-results.csv"
"最小参考资料库/search-results.csv","insert","SRESULT-R1-GA100-RAS-SDE-2","Insert the v2 GA100 atomic entity, fact, requirement, evidence, source-decision, or completeness record after dependencies resolve.","12_search","medium","search-results.csv"
"最小参考资料库/search-results.csv","insert","SRESULT-R1-GA100-V2-ECON-PRICE-1","Insert the v2 GA100 atomic entity, fact, requirement, evidence, source-decision, or completeness record after dependencies resolve.","12_search","medium","search-results.csv"
"最小参考资料库/search-results.csv","insert","SRESULT-R1-GA100-V2-ECON-PRICE-2","Insert the v2 GA100 atomic entity, fact, requirement, evidence, source-decision, or completeness record after dependencies resolve.","12_search","medium","search-results.csv"
"最小参考资料库/search-results.csv","insert","SRESULT-R1-GA100-V2-PATH-M2NA-AMPERE-TENSOR-BF16-OUTPUT-1","Insert the v2 GA100 atomic entity, fact, requirement, evidence, source-decision, or completeness record after dependencies resolve.","12_search","medium","search-results.csv"
"最小参考资料库/search-results.csv","insert","SRESULT-R1-GA100-V2-PATH-M2NA-AMPERE-TENSOR-BF16-OUTPUT-2","Insert the v2 GA100 atomic entity, fact, requirement, evidence, source-decision, or completeness record after dependencies resolve.","12_search","medium","search-results.csv"
"最小参考资料库/search-results.csv","insert","SRESULT-R1-GA100-V2-PATH-M2NA-AMPERE-TENSOR-BF16-PRODUCT-1","Insert the v2 GA100 atomic entity, fact, requirement, evidence, source-decision, or completeness record after dependencies resolve.","12_search","medium","search-results.csv"
"最小参考资料库/search-results.csv","insert","SRESULT-R1-GA100-V2-PATH-M2NA-AMPERE-TENSOR-BF16-PRODUCT-2","Insert the v2 GA100 atomic entity, fact, requirement, evidence, source-decision, or completeness record after dependencies resolve.","12_search","medium","search-results.csv"
"最小参考资料库/search-results.csv","insert","SRESULT-R1-GA100-V2-PATH-M2NA-AMPERE-TENSOR-BF16-ROUNDING-1","Insert the v2 GA100 atomic entity, fact, requirement, evidence, source-decision, or completeness record after dependencies resolve.","12_search","medium","search-results.csv"
"最小参考资料库/search-results.csv","insert","SRESULT-R1-GA100-V2-PATH-M2NA-AMPERE-TENSOR-BF16-ROUNDING-2","Insert the v2 GA100 atomic entity, fact, requirement, evidence, source-decision, or completeness record after dependencies resolve.","12_search","medium","search-results.csv"
"最小参考资料库/search-results.csv","insert","SRESULT-R1-GA100-V2-PATH-M2NA-AMPERE-TENSOR-BF16-SATURATION-1","Insert the v2 GA100 atomic entity, fact, requirement, evidence, source-decision, or completeness record after dependencies resolve.","12_search","medium","search-results.csv"
"最小参考资料库/search-results.csv","insert","SRESULT-R1-GA100-V2-PATH-M2NA-AMPERE-TENSOR-BF16-SATURATION-2","Insert the v2 GA100 atomic entity, fact, requirement, evidence, source-decision, or completeness record after dependencies resolve.","12_search","medium","search-results.csv"
"最小参考资料库/search-results.csv","insert","SRESULT-R1-GA100-V2-PATH-M2NA-AMPERE-TENSOR-BF16-SCALING-GRANULARITY-1","Insert the v2 GA100 atomic entity, fact, requirement, evidence, source-decision, or completeness record after dependencies resolve.","12_search","medium","search-results.csv"
"最小参考资料库/search-results.csv","insert","SRESULT-R1-GA100-V2-PATH-M2NA-AMPERE-TENSOR-BF16-SCALING-GRANULARITY-2","Insert the v2 GA100 atomic entity, fact, requirement, evidence, source-decision, or completeness record after dependencies resolve.","12_search","medium","search-results.csv"
"最小参考资料库/search-results.csv","insert","SRESULT-R1-GA100-V2-PATH-M2NA-AMPERE-TENSOR-BF16-SCALING-MODE-1","Insert the v2 GA100 atomic entity, fact, requirement, evidence, source-decision, or completeness record after dependencies resolve.","12_search","medium","search-results.csv"
"最小参考资料库/search-results.csv","insert","SRESULT-R1-GA100-V2-PATH-M2NA-AMPERE-TENSOR-BF16-SCALING-MODE-2","Insert the v2 GA100 atomic entity, fact, requirement, evidence, source-decision, or completeness record after dependencies resolve.","12_search","medium","search-results.csv"
"最小参考资料库/search-results.csv","insert","SRESULT-R1-GA100-V2-PATH-M2NA-AMPERE-TENSOR-BF16-SUBNORMAL-1","Insert the v2 GA100 atomic entity, fact, requirement, evidence, source-decision, or completeness record after dependencies resolve.","12_search","medium","search-results.csv"
"最小参考资料库/search-results.csv","insert","SRESULT-R1-GA100-V2-PATH-M2NA-AMPERE-TENSOR-BF16-SUBNORMAL-2","Insert the v2 GA100 atomic entity, fact, requirement, evidence, source-decision, or completeness record after dependencies resolve.","12_search","medium","search-results.csv"
"最小参考资料库/search-results.csv","insert","SRESULT-R1-GA100-V2-PATH-M2NA-AMPERE-TENSOR-FP16-OUTPUT-1","Insert the v2 GA100 atomic entity, fact, requirement, evidence, source-decision, or completeness record after dependencies resolve.","12_search","medium","search-results.csv"
"最小参考资料库/search-results.csv","insert","SRESULT-R1-GA100-V2-PATH-M2NA-AMPERE-TENSOR-FP16-OUTPUT-2","Insert the v2 GA100 atomic entity, fact, requirement, evidence, source-decision, or completeness record after dependencies resolve.","12_search","medium","search-results.csv"
"最小参考资料库/search-results.csv","insert","SRESULT-R1-GA100-V2-PATH-M2NA-AMPERE-TENSOR-FP16-PRODUCT-1","Insert the v2 GA100 atomic entity, fact, requirement, evidence, source-decision, or completeness record after dependencies resolve.","12_search","medium","search-results.csv"
"最小参考资料库/search-results.csv","insert","SRESULT-R1-GA100-V2-PATH-M2NA-AMPERE-TENSOR-FP16-PRODUCT-2","Insert the v2 GA100 atomic entity, fact, requirement, evidence, source-decision, or completeness record after dependencies resolve.","12_search","medium","search-results.csv"
"最小参考资料库/search-results.csv","insert","SRESULT-R1-GA100-V2-PATH-M2NA-AMPERE-TENSOR-FP16-ROUNDING-1","Insert the v2 GA100 atomic entity, fact, requirement, evidence, source-decision, or completeness record after dependencies resolve.","12_search","medium","search-results.csv"
"最小参考资料库/search-results.csv","insert","SRESULT-R1-GA100-V2-PATH-M2NA-AMPERE-TENSOR-FP16-ROUNDING-2","Insert the v2 GA100 atomic entity, fact, requirement, evidence, source-decision, or completeness record after dependencies resolve.","12_search","medium","search-results.csv"
"最小参考资料库/search-results.csv","insert","SRESULT-R1-GA100-V2-PATH-M2NA-AMPERE-TENSOR-FP16-SATURATION-1","Insert the v2 GA100 atomic entity, fact, requirement, evidence, source-decision, or completeness record after dependencies resolve.","12_search","medium","search-results.csv"
"最小参考资料库/search-results.csv","insert","SRESULT-R1-GA100-V2-PATH-M2NA-AMPERE-TENSOR-FP16-SATURATION-2","Insert the v2 GA100 atomic entity, fact, requirement, evidence, source-decision, or completeness record after dependencies resolve.","12_search","medium","search-results.csv"
"最小参考资料库/search-results.csv","insert","SRESULT-R1-GA100-V2-PATH-M2NA-AMPERE-TENSOR-FP16-SCALING-GRANULARITY-1","Insert the v2 GA100 atomic entity, fact, requirement, evidence, source-decision, or completeness record after dependencies resolve.","12_search","medium","search-results.csv"
"最小参考资料库/search-results.csv","insert","SRESULT-R1-GA100-V2-PATH-M2NA-AMPERE-TENSOR-FP16-SCALING-GRANULARITY-2","Insert the v2 GA100 atomic entity, fact, requirement, evidence, source-decision, or completeness record after dependencies resolve.","12_search","medium","search-results.csv"
"最小参考资料库/search-results.csv","insert","SRESULT-R1-GA100-V2-PATH-M2NA-AMPERE-TENSOR-FP16-SCALING-MODE-1","Insert the v2 GA100 atomic entity, fact, requirement, evidence, source-decision, or completeness record after dependencies resolve.","12_search","medium","search-results.csv"
"最小参考资料库/search-results.csv","insert","SRESULT-R1-GA100-V2-PATH-M2NA-AMPERE-TENSOR-FP16-SCALING-MODE-2","Insert the v2 GA100 atomic entity, fact, requirement, evidence, source-decision, or completeness record after dependencies resolve.","12_search","medium","search-results.csv"
"最小参考资料库/search-results.csv","insert","SRESULT-R1-GA100-V2-PATH-M2NA-AMPERE-TENSOR-FP16-SUBNORMAL-1","Insert the v2 GA100 atomic entity, fact, requirement, evidence, source-decision, or completeness record after dependencies resolve.","12_search","medium","search-results.csv"
"最小参考资料库/search-results.csv","insert","SRESULT-R1-GA100-V2-PATH-M2NA-AMPERE-TENSOR-FP16-SUBNORMAL-2","Insert the v2 GA100 atomic entity, fact, requirement, evidence, source-decision, or completeness record after dependencies resolve.","12_search","medium","search-results.csv"
"最小参考资料库/search-results.csv","insert","SRESULT-R1-GA100-V2-PATH-M2NA-AMPERE-TENSOR-FP64-OUTPUT-1","Insert the v2 GA100 atomic entity, fact, requirement, evidence, source-decision, or completeness record after dependencies resolve.","12_search","medium","search-results.csv"
"最小参考资料库/search-results.csv","insert","SRESULT-R1-GA100-V2-PATH-M2NA-AMPERE-TENSOR-FP64-OUTPUT-2","Insert the v2 GA100 atomic entity, fact, requirement, evidence, source-decision, or completeness record after dependencies resolve.","12_search","medium","search-results.csv"
"最小参考资料库/search-results.csv","insert","SRESULT-R1-GA100-V2-PATH-M2NA-AMPERE-TENSOR-FP64-PRODUCT-1","Insert the v2 GA100 atomic entity, fact, requirement, evidence, source-decision, or completeness record after dependencies resolve.","12_search","medium","search-results.csv"
"最小参考资料库/search-results.csv","insert","SRESULT-R1-GA100-V2-PATH-M2NA-AMPERE-TENSOR-FP64-PRODUCT-2","Insert the v2 GA100 atomic entity, fact, requirement, evidence, source-decision, or completeness record after dependencies resolve.","12_search","medium","search-results.csv"
"最小参考资料库/search-results.csv","insert","SRESULT-R1-GA100-V2-PATH-M2NA-AMPERE-TENSOR-FP64-ROUNDING-1","Insert the v2 GA100 atomic entity, fact, requirement, evidence, source-decision, or completeness record after dependencies resolve.","12_search","medium","search-results.csv"
"最小参考资料库/search-results.csv","insert","SRESULT-R1-GA100-V2-PATH-M2NA-AMPERE-TENSOR-FP64-ROUNDING-2","Insert the v2 GA100 atomic entity, fact, requirement, evidence, source-decision, or completeness record after dependencies resolve.","12_search","medium","search-results.csv"
"最小参考资料库/search-results.csv","insert","SRESULT-R1-GA100-V2-PATH-M2NA-AMPERE-TENSOR-FP64-SATURATION-1","Insert the v2 GA100 atomic entity, fact, requirement, evidence, source-decision, or completeness record after dependencies resolve.","12_search","medium","search-results.csv"
"最小参考资料库/search-results.csv","insert","SRESULT-R1-GA100-V2-PATH-M2NA-AMPERE-TENSOR-FP64-SATURATION-2","Insert the v2 GA100 atomic entity, fact, requirement, evidence, source-decision, or completeness record after dependencies resolve.","12_search","medium","search-results.csv"
"最小参考资料库/search-results.csv","insert","SRESULT-R1-GA100-V2-PATH-M2NA-AMPERE-TENSOR-FP64-SCALING-GRANULARITY-1","Insert the v2 GA100 atomic entity, fact, requirement, evidence, source-decision, or completeness record after dependencies resolve.","12_search","medium","search-results.csv"
"最小参考资料库/search-results.csv","insert","SRESULT-R1-GA100-V2-PATH-M2NA-AMPERE-TENSOR-FP64-SCALING-GRANULARITY-2","Insert the v2 GA100 atomic entity, fact, requirement, evidence, source-decision, or completeness record after dependencies resolve.","12_search","medium","search-results.csv"
"最小参考资料库/search-results.csv","insert","SRESULT-R1-GA100-V2-PATH-M2NA-AMPERE-TENSOR-FP64-SCALING-MODE-1","Insert the v2 GA100 atomic entity, fact, requirement, evidence, source-decision, or completeness record after dependencies resolve.","12_search","medium","search-results.csv"
"最小参考资料库/search-results.csv","insert","SRESULT-R1-GA100-V2-PATH-M2NA-AMPERE-TENSOR-FP64-SCALING-MODE-2","Insert the v2 GA100 atomic entity, fact, requirement, evidence, source-decision, or completeness record after dependencies resolve.","12_search","medium","search-results.csv"
"最小参考资料库/search-results.csv","insert","SRESULT-R1-GA100-V2-PATH-M2NA-AMPERE-TENSOR-FP64-SPARSITY-1","Insert the v2 GA100 atomic entity, fact, requirement, evidence, source-decision, or completeness record after dependencies resolve.","12_search","medium","search-results.csv"
"最小参考资料库/search-results.csv","insert","SRESULT-R1-GA100-V2-PATH-M2NA-AMPERE-TENSOR-FP64-SPARSITY-2","Insert the v2 GA100 atomic entity, fact, requirement, evidence, source-decision, or completeness record after dependencies resolve.","12_search","medium","search-results.csv"
"最小参考资料库/search-results.csv","insert","SRESULT-R1-GA100-V2-PATH-M2NA-AMPERE-TENSOR-FP64-SUBNORMAL-1","Insert the v2 GA100 atomic entity, fact, requirement, evidence, source-decision, or completeness record after dependencies resolve.","12_search","medium","search-results.csv"
"最小参考资料库/search-results.csv","insert","SRESULT-R1-GA100-V2-PATH-M2NA-AMPERE-TENSOR-FP64-SUBNORMAL-2","Insert the v2 GA100 atomic entity, fact, requirement, evidence, source-decision, or completeness record after dependencies resolve.","12_search","medium","search-results.csv"
"最小参考资料库/search-results.csv","insert","SRESULT-R1-GA100-V2-PATH-M2NA-AMPERE-TENSOR-INT8-OUTPUT-1","Insert the v2 GA100 atomic entity, fact, requirement, evidence, source-decision, or completeness record after dependencies resolve.","12_search","medium","search-results.csv"
"最小参考资料库/search-results.csv","insert","SRESULT-R1-GA100-V2-PATH-M2NA-AMPERE-TENSOR-INT8-OUTPUT-2","Insert the v2 GA100 atomic entity, fact, requirement, evidence, source-decision, or completeness record after dependencies resolve.","12_search","medium","search-results.csv"
"最小参考资料库/search-results.csv","insert","SRESULT-R1-GA100-V2-PATH-M2NA-AMPERE-TENSOR-INT8-PRODUCT-1","Insert the v2 GA100 atomic entity, fact, requirement, evidence, source-decision, or completeness record after dependencies resolve.","12_search","medium","search-results.csv"
"最小参考资料库/search-results.csv","insert","SRESULT-R1-GA100-V2-PATH-M2NA-AMPERE-TENSOR-INT8-PRODUCT-2","Insert the v2 GA100 atomic entity, fact, requirement, evidence, source-decision, or completeness record after dependencies resolve.","12_search","medium","search-results.csv"
"最小参考资料库/search-results.csv","insert","SRESULT-R1-GA100-V2-PATH-M2NA-AMPERE-TENSOR-INT8-ROUNDING-1","Insert the v2 GA100 atomic entity, fact, requirement, evidence, source-decision, or completeness record after dependencies resolve.","12_search","medium","search-results.csv"
"最小参考资料库/search-results.csv","insert","SRESULT-R1-GA100-V2-PATH-M2NA-AMPERE-TENSOR-INT8-ROUNDING-2","Insert the v2 GA100 atomic entity, fact, requirement, evidence, source-decision, or completeness record after dependencies resolve.","12_search","medium","search-results.csv"
"最小参考资料库/search-results.csv","insert","SRESULT-R1-GA100-V2-PATH-M2NA-AMPERE-TENSOR-INT8-SATURATION-1","Insert the v2 GA100 atomic entity, fact, requirement, evidence, source-decision, or completeness record after dependencies resolve.","12_search","medium","search-results.csv"
"最小参考资料库/search-results.csv","insert","SRESULT-R1-GA100-V2-PATH-M2NA-AMPERE-TENSOR-INT8-SATURATION-2","Insert the v2 GA100 atomic entity, fact, requirement, evidence, source-decision, or completeness record after dependencies resolve.","12_search","medium","search-results.csv"
"最小参考资料库/search-results.csv","insert","SRESULT-R1-GA100-V2-PATH-M2NA-AMPERE-TENSOR-INT8-SCALING-GRANULARITY-1","Insert the v2 GA100 atomic entity, fact, requirement, evidence, source-decision, or completeness record after dependencies resolve.","12_search","medium","search-results.csv"
"最小参考资料库/search-results.csv","insert","SRESULT-R1-GA100-V2-PATH-M2NA-AMPERE-TENSOR-INT8-SCALING-GRANULARITY-2","Insert the v2 GA100 atomic entity, fact, requirement, evidence, source-decision, or completeness record after dependencies resolve.","12_search","medium","search-results.csv"
"最小参考资料库/search-results.csv","insert","SRESULT-R1-GA100-V2-PATH-M2NA-AMPERE-TENSOR-INT8-SCALING-MODE-1","Insert the v2 GA100 atomic entity, fact, requirement, evidence, source-decision, or completeness record after dependencies resolve.","12_search","medium","search-results.csv"
"最小参考资料库/search-results.csv","insert","SRESULT-R1-GA100-V2-PATH-M2NA-AMPERE-TENSOR-INT8-SCALING-MODE-2","Insert the v2 GA100 atomic entity, fact, requirement, evidence, source-decision, or completeness record after dependencies resolve.","12_search","medium","search-results.csv"
"最小参考资料库/search-results.csv","insert","SRESULT-R1-GA100-V2-PATH-M2NA-AMPERE-TENSOR-TF32-PRODUCT-1","Insert the v2 GA100 atomic entity, fact, requirement, evidence, source-decision, or completeness record after dependencies resolve.","12_search","medium","search-results.csv"
"最小参考资料库/search-results.csv","insert","SRESULT-R1-GA100-V2-PATH-M2NA-AMPERE-TENSOR-TF32-PRODUCT-2","Insert the v2 GA100 atomic entity, fact, requirement, evidence, source-decision, or completeness record after dependencies resolve.","12_search","medium","search-results.csv"
"最小参考资料库/search-results.csv","insert","SRESULT-R1-GA100-V2-PATH-M2NA-AMPERE-TENSOR-TF32-ROUNDING-1","Insert the v2 GA100 atomic entity, fact, requirement, evidence, source-decision, or completeness record after dependencies resolve.","12_search","medium","search-results.csv"
"最小参考资料库/search-results.csv","insert","SRESULT-R1-GA100-V2-PATH-M2NA-AMPERE-TENSOR-TF32-ROUNDING-2","Insert the v2 GA100 atomic entity, fact, requirement, evidence, source-decision, or completeness record after dependencies resolve.","12_search","medium","search-results.csv"
"最小参考资料库/search-results.csv","insert","SRESULT-R1-GA100-V2-PATH-M2NA-AMPERE-TENSOR-TF32-SATURATION-1","Insert the v2 GA100 atomic entity, fact, requirement, evidence, source-decision, or completeness record after dependencies resolve.","12_search","medium","search-results.csv"
"最小参考资料库/search-results.csv","insert","SRESULT-R1-GA100-V2-PATH-M2NA-AMPERE-TENSOR-TF32-SATURATION-2","Insert the v2 GA100 atomic entity, fact, requirement, evidence, source-decision, or completeness record after dependencies resolve.","12_search","medium","search-results.csv"
"最小参考资料库/search-results.csv","insert","SRESULT-R1-GA100-V2-PATH-M2NA-AMPERE-TENSOR-TF32-SCALING-GRANULARITY-1","Insert the v2 GA100 atomic entity, fact, requirement, evidence, source-decision, or completeness record after dependencies resolve.","12_search","medium","search-results.csv"
"最小参考资料库/search-results.csv","insert","SRESULT-R1-GA100-V2-PATH-M2NA-AMPERE-TENSOR-TF32-SCALING-GRANULARITY-2","Insert the v2 GA100 atomic entity, fact, requirement, evidence, source-decision, or completeness record after dependencies resolve.","12_search","medium","search-results.csv"
"最小参考资料库/search-results.csv","insert","SRESULT-R1-GA100-V2-PATH-M2NA-AMPERE-TENSOR-TF32-SCALING-MODE-1","Insert the v2 GA100 atomic entity, fact, requirement, evidence, source-decision, or completeness record after dependencies resolve.","12_search","medium","search-results.csv"
"最小参考资料库/search-results.csv","insert","SRESULT-R1-GA100-V2-PATH-M2NA-AMPERE-TENSOR-TF32-SCALING-MODE-2","Insert the v2 GA100 atomic entity, fact, requirement, evidence, source-decision, or completeness record after dependencies resolve.","12_search","medium","search-results.csv"
"最小参考资料库/search-results.csv","insert","SRESULT-R1-GA100-V2-PATH-M2NA-AMPERE-TENSOR-TF32-SUBNORMAL-1","Insert the v2 GA100 atomic entity, fact, requirement, evidence, source-decision, or completeness record after dependencies resolve.","12_search","medium","search-results.csv"
"最小参考资料库/search-results.csv","insert","SRESULT-R1-GA100-V2-PATH-M2NA-AMPERE-TENSOR-TF32-SUBNORMAL-2","Insert the v2 GA100 atomic entity, fact, requirement, evidence, source-decision, or completeness record after dependencies resolve.","12_search","medium","search-results.csv"
"最小参考资料库/search-results.csv","insert","SRESULT-R1-GA100-V2-PATH-R1-GA100-AMPERE-TENSOR-BINARY-OUTPUT-1","Insert the v2 GA100 atomic entity, fact, requirement, evidence, source-decision, or completeness record after dependencies resolve.","12_search","medium","search-results.csv"
"最小参考资料库/search-results.csv","insert","SRESULT-R1-GA100-V2-PATH-R1-GA100-AMPERE-TENSOR-BINARY-OUTPUT-2","Insert the v2 GA100 atomic entity, fact, requirement, evidence, source-decision, or completeness record after dependencies resolve.","12_search","medium","search-results.csv"
"最小参考资料库/search-results.csv","insert","SRESULT-R1-GA100-V2-PATH-R1-GA100-AMPERE-TENSOR-BINARY-PHYSICAL-ACCUM-1","Insert the v2 GA100 atomic entity, fact, requirement, evidence, source-decision, or completeness record after dependencies resolve.","12_search","medium","search-results.csv"
"最小参考资料库/search-results.csv","insert","SRESULT-R1-GA100-V2-PATH-R1-GA100-AMPERE-TENSOR-BINARY-PHYSICAL-ACCUM-2","Insert the v2 GA100 atomic entity, fact, requirement, evidence, source-decision, or completeness record after dependencies resolve.","12_search","medium","search-results.csv"
"最小参考资料库/search-results.csv","insert","SRESULT-R1-GA100-V2-PATH-R1-GA100-AMPERE-TENSOR-BINARY-PRODUCT-1","Insert the v2 GA100 atomic entity, fact, requirement, evidence, source-decision, or completeness record after dependencies resolve.","12_search","medium","search-results.csv"
"最小参考资料库/search-results.csv","insert","SRESULT-R1-GA100-V2-PATH-R1-GA100-AMPERE-TENSOR-BINARY-PRODUCT-2","Insert the v2 GA100 atomic entity, fact, requirement, evidence, source-decision, or completeness record after dependencies resolve.","12_search","medium","search-results.csv"
"最小参考资料库/search-results.csv","insert","SRESULT-R1-GA100-V2-PATH-R1-GA100-AMPERE-TENSOR-BINARY-ROUNDING-1","Insert the v2 GA100 atomic entity, fact, requirement, evidence, source-decision, or completeness record after dependencies resolve.","12_search","medium","search-results.csv"
"最小参考资料库/search-results.csv","insert","SRESULT-R1-GA100-V2-PATH-R1-GA100-AMPERE-TENSOR-BINARY-ROUNDING-2","Insert the v2 GA100 atomic entity, fact, requirement, evidence, source-decision, or completeness record after dependencies resolve.","12_search","medium","search-results.csv"
"最小参考资料库/search-results.csv","insert","SRESULT-R1-GA100-V2-PATH-R1-GA100-AMPERE-TENSOR-BINARY-SATURATION-1","Insert the v2 GA100 atomic entity, fact, requirement, evidence, source-decision, or completeness record after dependencies resolve.","12_search","medium","search-results.csv"
"最小参考资料库/search-results.csv","insert","SRESULT-R1-GA100-V2-PATH-R1-GA100-AMPERE-TENSOR-BINARY-SATURATION-2","Insert the v2 GA100 atomic entity, fact, requirement, evidence, source-decision, or completeness record after dependencies resolve.","12_search","medium","search-results.csv"
"最小参考资料库/search-results.csv","insert","SRESULT-R1-GA100-V2-PATH-R1-GA100-AMPERE-TENSOR-BINARY-SCALING-GRANULARITY-1","Insert the v2 GA100 atomic entity, fact, requirement, evidence, source-decision, or completeness record after dependencies resolve.","12_search","medium","search-results.csv"
"最小参考资料库/search-results.csv","insert","SRESULT-R1-GA100-V2-PATH-R1-GA100-AMPERE-TENSOR-BINARY-SCALING-GRANULARITY-2","Insert the v2 GA100 atomic entity, fact, requirement, evidence, source-decision, or completeness record after dependencies resolve.","12_search","medium","search-results.csv"
"最小参考资料库/search-results.csv","insert","SRESULT-R1-GA100-V2-PATH-R1-GA100-AMPERE-TENSOR-BINARY-SCALING-MODE-1","Insert the v2 GA100 atomic entity, fact, requirement, evidence, source-decision, or completeness record after dependencies resolve.","12_search","medium","search-results.csv"
"最小参考资料库/search-results.csv","insert","SRESULT-R1-GA100-V2-PATH-R1-GA100-AMPERE-TENSOR-BINARY-SCALING-MODE-2","Insert the v2 GA100 atomic entity, fact, requirement, evidence, source-decision, or completeness record after dependencies resolve.","12_search","medium","search-results.csv"
"最小参考资料库/search-results.csv","insert","SRESULT-R1-GA100-V2-PATH-R1-GA100-AMPERE-TENSOR-BINARY-SPARSITY-1","Insert the v2 GA100 atomic entity, fact, requirement, evidence, source-decision, or completeness record after dependencies resolve.","12_search","medium","search-results.csv"
"最小参考资料库/search-results.csv","insert","SRESULT-R1-GA100-V2-PATH-R1-GA100-AMPERE-TENSOR-BINARY-SPARSITY-2","Insert the v2 GA100 atomic entity, fact, requirement, evidence, source-decision, or completeness record after dependencies resolve.","12_search","medium","search-results.csv"
"最小参考资料库/search-results.csv","insert","SRESULT-R1-GA100-V2-PATH-R1-GA100-AMPERE-TENSOR-FP16-ACC16-OUTPUT-1","Insert the v2 GA100 atomic entity, fact, requirement, evidence, source-decision, or completeness record after dependencies resolve.","12_search","medium","search-results.csv"
"最小参考资料库/search-results.csv","insert","SRESULT-R1-GA100-V2-PATH-R1-GA100-AMPERE-TENSOR-FP16-ACC16-OUTPUT-2","Insert the v2 GA100 atomic entity, fact, requirement, evidence, source-decision, or completeness record after dependencies resolve.","12_search","medium","search-results.csv"
"最小参考资料库/search-results.csv","insert","SRESULT-R1-GA100-V2-PATH-R1-GA100-AMPERE-TENSOR-FP16-ACC16-PHYSICAL-ACCUM-1","Insert the v2 GA100 atomic entity, fact, requirement, evidence, source-decision, or completeness record after dependencies resolve.","12_search","medium","search-results.csv"
"最小参考资料库/search-results.csv","insert","SRESULT-R1-GA100-V2-PATH-R1-GA100-AMPERE-TENSOR-FP16-ACC16-PHYSICAL-ACCUM-2","Insert the v2 GA100 atomic entity, fact, requirement, evidence, source-decision, or completeness record after dependencies resolve.","12_search","medium","search-results.csv"
"最小参考资料库/search-results.csv","insert","SRESULT-R1-GA100-V2-PATH-R1-GA100-AMPERE-TENSOR-FP16-ACC16-PRODUCT-1","Insert the v2 GA100 atomic entity, fact, requirement, evidence, source-decision, or completeness record after dependencies resolve.","12_search","medium","search-results.csv"
"最小参考资料库/search-results.csv","insert","SRESULT-R1-GA100-V2-PATH-R1-GA100-AMPERE-TENSOR-FP16-ACC16-PRODUCT-2","Insert the v2 GA100 atomic entity, fact, requirement, evidence, source-decision, or completeness record after dependencies resolve.","12_search","medium","search-results.csv"
"最小参考资料库/search-results.csv","insert","SRESULT-R1-GA100-V2-PATH-R1-GA100-AMPERE-TENSOR-FP16-ACC16-ROUNDING-1","Insert the v2 GA100 atomic entity, fact, requirement, evidence, source-decision, or completeness record after dependencies resolve.","12_search","medium","search-results.csv"
"最小参考资料库/search-results.csv","insert","SRESULT-R1-GA100-V2-PATH-R1-GA100-AMPERE-TENSOR-FP16-ACC16-ROUNDING-2","Insert the v2 GA100 atomic entity, fact, requirement, evidence, source-decision, or completeness record after dependencies resolve.","12_search","medium","search-results.csv"
"最小参考资料库/search-results.csv","insert","SRESULT-R1-GA100-V2-PATH-R1-GA100-AMPERE-TENSOR-FP16-ACC16-SATURATION-1","Insert the v2 GA100 atomic entity, fact, requirement, evidence, source-decision, or completeness record after dependencies resolve.","12_search","medium","search-results.csv"
"最小参考资料库/search-results.csv","insert","SRESULT-R1-GA100-V2-PATH-R1-GA100-AMPERE-TENSOR-FP16-ACC16-SATURATION-2","Insert the v2 GA100 atomic entity, fact, requirement, evidence, source-decision, or completeness record after dependencies resolve.","12_search","medium","search-results.csv"
"最小参考资料库/search-results.csv","insert","SRESULT-R1-GA100-V2-PATH-R1-GA100-AMPERE-TENSOR-FP16-ACC16-SCALING-GRANULARITY-1","Insert the v2 GA100 atomic entity, fact, requirement, evidence, source-decision, or completeness record after dependencies resolve.","12_search","medium","search-results.csv"
"最小参考资料库/search-results.csv","insert","SRESULT-R1-GA100-V2-PATH-R1-GA100-AMPERE-TENSOR-FP16-ACC16-SCALING-GRANULARITY-2","Insert the v2 GA100 atomic entity, fact, requirement, evidence, source-decision, or completeness record after dependencies resolve.","12_search","medium","search-results.csv"
"最小参考资料库/search-results.csv","insert","SRESULT-R1-GA100-V2-PATH-R1-GA100-AMPERE-TENSOR-FP16-ACC16-SCALING-MODE-1","Insert the v2 GA100 atomic entity, fact, requirement, evidence, source-decision, or completeness record after dependencies resolve.","12_search","medium","search-results.csv"
"最小参考资料库/search-results.csv","insert","SRESULT-R1-GA100-V2-PATH-R1-GA100-AMPERE-TENSOR-FP16-ACC16-SCALING-MODE-2","Insert the v2 GA100 atomic entity, fact, requirement, evidence, source-decision, or completeness record after dependencies resolve.","12_search","medium","search-results.csv"
"最小参考资料库/search-results.csv","insert","SRESULT-R1-GA100-V2-PATH-R1-GA100-AMPERE-TENSOR-FP16-ACC16-SPARSITY-1","Insert the v2 GA100 atomic entity, fact, requirement, evidence, source-decision, or completeness record after dependencies resolve.","12_search","medium","search-results.csv"
"最小参考资料库/search-results.csv","insert","SRESULT-R1-GA100-V2-PATH-R1-GA100-AMPERE-TENSOR-FP16-ACC16-SPARSITY-2","Insert the v2 GA100 atomic entity, fact, requirement, evidence, source-decision, or completeness record after dependencies resolve.","12_search","medium","search-results.csv"
"最小参考资料库/search-results.csv","insert","SRESULT-R1-GA100-V2-PATH-R1-GA100-AMPERE-TENSOR-FP16-ACC16-SUBNORMAL-1","Insert the v2 GA100 atomic entity, fact, requirement, evidence, source-decision, or completeness record after dependencies resolve.","12_search","medium","search-results.csv"
"最小参考资料库/search-results.csv","insert","SRESULT-R1-GA100-V2-PATH-R1-GA100-AMPERE-TENSOR-FP16-ACC16-SUBNORMAL-2","Insert the v2 GA100 atomic entity, fact, requirement, evidence, source-decision, or completeness record after dependencies resolve.","12_search","medium","search-results.csv"
"最小参考资料库/search-results.csv","insert","SRESULT-R1-GA100-V2-PATH-R1-GA100-AMPERE-TENSOR-INT4-OUTPUT-1","Insert the v2 GA100 atomic entity, fact, requirement, evidence, source-decision, or completeness record after dependencies resolve.","12_search","medium","search-results.csv"
"最小参考资料库/search-results.csv","insert","SRESULT-R1-GA100-V2-PATH-R1-GA100-AMPERE-TENSOR-INT4-OUTPUT-2","Insert the v2 GA100 atomic entity, fact, requirement, evidence, source-decision, or completeness record after dependencies resolve.","12_search","medium","search-results.csv"
"最小参考资料库/search-results.csv","insert","SRESULT-R1-GA100-V2-PATH-R1-GA100-AMPERE-TENSOR-INT4-PHYSICAL-ACCUM-1","Insert the v2 GA100 atomic entity, fact, requirement, evidence, source-decision, or completeness record after dependencies resolve.","12_search","medium","search-results.csv"
"最小参考资料库/search-results.csv","insert","SRESULT-R1-GA100-V2-PATH-R1-GA100-AMPERE-TENSOR-INT4-PHYSICAL-ACCUM-2","Insert the v2 GA100 atomic entity, fact, requirement, evidence, source-decision, or completeness record after dependencies resolve.","12_search","medium","search-results.csv"
"最小参考资料库/search-results.csv","insert","SRESULT-R1-GA100-V2-PATH-R1-GA100-AMPERE-TENSOR-INT4-PRODUCT-1","Insert the v2 GA100 atomic entity, fact, requirement, evidence, source-decision, or completeness record after dependencies resolve.","12_search","medium","search-results.csv"
"最小参考资料库/search-results.csv","insert","SRESULT-R1-GA100-V2-PATH-R1-GA100-AMPERE-TENSOR-INT4-PRODUCT-2","Insert the v2 GA100 atomic entity, fact, requirement, evidence, source-decision, or completeness record after dependencies resolve.","12_search","medium","search-results.csv"
"最小参考资料库/search-results.csv","insert","SRESULT-R1-GA100-V2-PATH-R1-GA100-AMPERE-TENSOR-INT4-ROUNDING-1","Insert the v2 GA100 atomic entity, fact, requirement, evidence, source-decision, or completeness record after dependencies resolve.","12_search","medium","search-results.csv"
"最小参考资料库/search-results.csv","insert","SRESULT-R1-GA100-V2-PATH-R1-GA100-AMPERE-TENSOR-INT4-ROUNDING-2","Insert the v2 GA100 atomic entity, fact, requirement, evidence, source-decision, or completeness record after dependencies resolve.","12_search","medium","search-results.csv"
"最小参考资料库/search-results.csv","insert","SRESULT-R1-GA100-V2-PATH-R1-GA100-AMPERE-TENSOR-INT4-SATURATION-1","Insert the v2 GA100 atomic entity, fact, requirement, evidence, source-decision, or completeness record after dependencies resolve.","12_search","medium","search-results.csv"
"最小参考资料库/search-results.csv","insert","SRESULT-R1-GA100-V2-PATH-R1-GA100-AMPERE-TENSOR-INT4-SATURATION-2","Insert the v2 GA100 atomic entity, fact, requirement, evidence, source-decision, or completeness record after dependencies resolve.","12_search","medium","search-results.csv"
"最小参考资料库/search-results.csv","insert","SRESULT-R1-GA100-V2-PATH-R1-GA100-AMPERE-TENSOR-INT4-SCALING-GRANULARITY-1","Insert the v2 GA100 atomic entity, fact, requirement, evidence, source-decision, or completeness record after dependencies resolve.","12_search","medium","search-results.csv"
"最小参考资料库/search-results.csv","insert","SRESULT-R1-GA100-V2-PATH-R1-GA100-AMPERE-TENSOR-INT4-SCALING-GRANULARITY-2","Insert the v2 GA100 atomic entity, fact, requirement, evidence, source-decision, or completeness record after dependencies resolve.","12_search","medium","search-results.csv"
"最小参考资料库/search-results.csv","insert","SRESULT-R1-GA100-V2-PATH-R1-GA100-AMPERE-TENSOR-INT4-SCALING-MODE-1","Insert the v2 GA100 atomic entity, fact, requirement, evidence, source-decision, or completeness record after dependencies resolve.","12_search","medium","search-results.csv"
"最小参考资料库/search-results.csv","insert","SRESULT-R1-GA100-V2-PATH-R1-GA100-AMPERE-TENSOR-INT4-SCALING-MODE-2","Insert the v2 GA100 atomic entity, fact, requirement, evidence, source-decision, or completeness record after dependencies resolve.","12_search","medium","search-results.csv"
"最小参考资料库/search-results.csv","insert","SRESULT-R1-GA100-V2-PATH-R1-GA100-TENSOR-FP16-DENSE-OUTPUT-1","Insert the v2 GA100 atomic entity, fact, requirement, evidence, source-decision, or completeness record after dependencies resolve.","12_search","medium","search-results.csv"
"最小参考资料库/search-results.csv","insert","SRESULT-R1-GA100-V2-PATH-R1-GA100-TENSOR-FP16-DENSE-OUTPUT-2","Insert the v2 GA100 atomic entity, fact, requirement, evidence, source-decision, or completeness record after dependencies resolve.","12_search","medium","search-results.csv"
"最小参考资料库/search-results.csv","insert","SRESULT-R1-GA100-V2-PATH-R1-GA100-TENSOR-FP16-DENSE-PHYSICAL-ACCUM-1","Insert the v2 GA100 atomic entity, fact, requirement, evidence, source-decision, or completeness record after dependencies resolve.","12_search","medium","search-results.csv"
"最小参考资料库/search-results.csv","insert","SRESULT-R1-GA100-V2-PATH-R1-GA100-TENSOR-FP16-DENSE-PHYSICAL-ACCUM-2","Insert the v2 GA100 atomic entity, fact, requirement, evidence, source-decision, or completeness record after dependencies resolve.","12_search","medium","search-results.csv"
"最小参考资料库/search-results.csv","insert","SRESULT-R1-GA100-V2-PATH-R1-GA100-TENSOR-FP16-DENSE-PRODUCT-1","Insert the v2 GA100 atomic entity, fact, requirement, evidence, source-decision, or completeness record after dependencies resolve.","12_search","medium","search-results.csv"
"最小参考资料库/search-results.csv","insert","SRESULT-R1-GA100-V2-PATH-R1-GA100-TENSOR-FP16-DENSE-PRODUCT-2","Insert the v2 GA100 atomic entity, fact, requirement, evidence, source-decision, or completeness record after dependencies resolve.","12_search","medium","search-results.csv"
"最小参考资料库/search-results.csv","insert","SRESULT-R1-GA100-V2-PATH-R1-GA100-TENSOR-FP16-DENSE-ROUNDING-1","Insert the v2 GA100 atomic entity, fact, requirement, evidence, source-decision, or completeness record after dependencies resolve.","12_search","medium","search-results.csv"
"最小参考资料库/search-results.csv","insert","SRESULT-R1-GA100-V2-PATH-R1-GA100-TENSOR-FP16-DENSE-ROUNDING-2","Insert the v2 GA100 atomic entity, fact, requirement, evidence, source-decision, or completeness record after dependencies resolve.","12_search","medium","search-results.csv"
"最小参考资料库/search-results.csv","insert","SRESULT-R1-GA100-V2-PATH-R1-GA100-TENSOR-FP16-DENSE-SATURATION-1","Insert the v2 GA100 atomic entity, fact, requirement, evidence, source-decision, or completeness record after dependencies resolve.","12_search","medium","search-results.csv"
"最小参考资料库/search-results.csv","insert","SRESULT-R1-GA100-V2-PATH-R1-GA100-TENSOR-FP16-DENSE-SATURATION-2","Insert the v2 GA100 atomic entity, fact, requirement, evidence, source-decision, or completeness record after dependencies resolve.","12_search","medium","search-results.csv"
"最小参考资料库/search-results.csv","insert","SRESULT-R1-GA100-V2-PATH-R1-GA100-TENSOR-FP16-DENSE-SCALING-GRANULARITY-1","Insert the v2 GA100 atomic entity, fact, requirement, evidence, source-decision, or completeness record after dependencies resolve.","12_search","medium","search-results.csv"
"最小参考资料库/search-results.csv","insert","SRESULT-R1-GA100-V2-PATH-R1-GA100-TENSOR-FP16-DENSE-SCALING-GRANULARITY-2","Insert the v2 GA100 atomic entity, fact, requirement, evidence, source-decision, or completeness record after dependencies resolve.","12_search","medium","search-results.csv"
"最小参考资料库/search-results.csv","insert","SRESULT-R1-GA100-V2-PATH-R1-GA100-TENSOR-FP16-DENSE-SCALING-MODE-1","Insert the v2 GA100 atomic entity, fact, requirement, evidence, source-decision, or completeness record after dependencies resolve.","12_search","medium","search-results.csv"
"最小参考资料库/search-results.csv","insert","SRESULT-R1-GA100-V2-PATH-R1-GA100-TENSOR-FP16-DENSE-SCALING-MODE-2","Insert the v2 GA100 atomic entity, fact, requirement, evidence, source-decision, or completeness record after dependencies resolve.","12_search","medium","search-results.csv"
"最小参考资料库/search-results.csv","insert","SRESULT-R1-GA100-V2-PATH-R1-GA100-TENSOR-FP16-DENSE-SUBNORMAL-1","Insert the v2 GA100 atomic entity, fact, requirement, evidence, source-decision, or completeness record after dependencies resolve.","12_search","medium","search-results.csv"
"最小参考资料库/search-results.csv","insert","SRESULT-R1-GA100-V2-PATH-R1-GA100-TENSOR-FP16-DENSE-SUBNORMAL-2","Insert the v2 GA100 atomic entity, fact, requirement, evidence, source-decision, or completeness record after dependencies resolve.","12_search","medium","search-results.csv"
"最小参考资料库/search-results.csv","insert","SRESULT-R1-GA100-V2-V2-COMP-ARRAY-SHAPE-1","Insert the v2 GA100 atomic entity, fact, requirement, evidence, source-decision, or completeness record after dependencies resolve.","12_search","medium","search-results.csv"
"最小参考资料库/search-results.csv","insert","SRESULT-R1-GA100-V2-V2-COMP-ARRAY-SHAPE-2","Insert the v2 GA100 atomic entity, fact, requirement, evidence, source-decision, or completeness record after dependencies resolve.","12_search","medium","search-results.csv"
"最小参考资料库/search-results.csv","insert","SRESULT-R1-GA100-V2-V2-INT-BISECTION-BW-1","Insert the v2 GA100 atomic entity, fact, requirement, evidence, source-decision, or completeness record after dependencies resolve.","12_search","medium","search-results.csv"
"最小参考资料库/search-results.csv","insert","SRESULT-R1-GA100-V2-V2-INT-BISECTION-BW-2","Insert the v2 GA100 atomic entity, fact, requirement, evidence, source-decision, or completeness record after dependencies resolve.","12_search","medium","search-results.csv"
"最小参考资料库/search-results.csv","insert","SRESULT-R1-GA100-V2-V2-INT-COLLECTIVE-1","Insert the v2 GA100 atomic entity, fact, requirement, evidence, source-decision, or completeness record after dependencies resolve.","12_search","medium","search-results.csv"
"最小参考资料库/search-results.csv","insert","SRESULT-R1-GA100-V2-V2-INT-COLLECTIVE-2","Insert the v2 GA100 atomic entity, fact, requirement, evidence, source-decision, or completeness record after dependencies resolve.","12_search","medium","search-results.csv"
"最小参考资料库/search-results.csv","insert","SRESULT-R1-GA100-V2-V2-INT-DEGREE-1","Insert the v2 GA100 atomic entity, fact, requirement, evidence, source-decision, or completeness record after dependencies resolve.","12_search","medium","search-results.csv"
"最小参考资料库/search-results.csv","insert","SRESULT-R1-GA100-V2-V2-INT-DEGREE-2","Insert the v2 GA100 atomic entity, fact, requirement, evidence, source-decision, or completeness record after dependencies resolve.","12_search","medium","search-results.csv"
"最小参考资料库/search-results.csv","insert","SRESULT-R1-GA100-V2-V2-INT-HOPS-1","Insert the v2 GA100 atomic entity, fact, requirement, evidence, source-decision, or completeness record after dependencies resolve.","12_search","medium","search-results.csv"
"最小参考资料库/search-results.csv","insert","SRESULT-R1-GA100-V2-V2-INT-HOPS-2","Insert the v2 GA100 atomic entity, fact, requirement, evidence, source-decision, or completeness record after dependencies resolve.","12_search","medium","search-results.csv"
"最小参考资料库/search-results.csv","insert","SRESULT-R1-GA100-V2-V2-INT-LATENCY-1","Insert the v2 GA100 atomic entity, fact, requirement, evidence, source-decision, or completeness record after dependencies resolve.","12_search","medium","search-results.csv"
"最小参考资料库/search-results.csv","insert","SRESULT-R1-GA100-V2-V2-INT-LATENCY-2","Insert the v2 GA100 atomic entity, fact, requirement, evidence, source-decision, or completeness record after dependencies resolve.","12_search","medium","search-results.csv"
"最小参考资料库/search-results.csv","insert","SRESULT-R1-GA100-V2-V2-INT-TOPOLOGY-1","Insert the v2 GA100 atomic entity, fact, requirement, evidence, source-decision, or completeness record after dependencies resolve.","12_search","medium","search-results.csv"
"最小参考资料库/search-results.csv","insert","SRESULT-R1-GA100-V2-V2-INT-TOPOLOGY-2","Insert the v2 GA100 atomic entity, fact, requirement, evidence, source-decision, or completeness record after dependencies resolve.","12_search","medium","search-results.csv"
"最小参考资料库/search-results.csv","insert","SRESULT-R1-GA100-V2-V2-INT-TOPOLOGY-DIMENSIONS-1","Insert the v2 GA100 atomic entity, fact, requirement, evidence, source-decision, or completeness record after dependencies resolve.","12_search","medium","search-results.csv"
"最小参考资料库/search-results.csv","insert","SRESULT-R1-GA100-V2-V2-INT-TOPOLOGY-DIMENSIONS-2","Insert the v2 GA100 atomic entity, fact, requirement, evidence, source-decision, or completeness record after dependencies resolve.","12_search","medium","search-results.csv"
"最小参考资料库/search-results.csv","insert","SRESULT-R1-GA100-V2-V2-INT-TOPOLOGY-NODE-COUNT-1","Insert the v2 GA100 atomic entity, fact, requirement, evidence, source-decision, or completeness record after dependencies resolve.","12_search","medium","search-results.csv"
"最小参考资料库/search-results.csv","insert","SRESULT-R1-GA100-V2-V2-INT-TOPOLOGY-NODE-COUNT-2","Insert the v2 GA100 atomic entity, fact, requirement, evidence, source-decision, or completeness record after dependencies resolve.","12_search","medium","search-results.csv"
"最小参考资料库/search-results.csv","insert","SRESULT-R1-GA100-V2-V2-INT-TOPOLOGY-ROUTING-1","Insert the v2 GA100 atomic entity, fact, requirement, evidence, source-decision, or completeness record after dependencies resolve.","12_search","medium","search-results.csv"
"最小参考资料库/search-results.csv","insert","SRESULT-R1-GA100-V2-V2-INT-TOPOLOGY-ROUTING-2","Insert the v2 GA100 atomic entity, fact, requirement, evidence, source-decision, or completeness record after dependencies resolve.","12_search","medium","search-results.csv"
"最小参考资料库/search-results.csv","insert","SRESULT-R1-GA100-V2-V2-MEM-BANKS-1","Insert the v2 GA100 atomic entity, fact, requirement, evidence, source-decision, or completeness record after dependencies resolve.","12_search","medium","search-results.csv"
"最小参考资料库/search-results.csv","insert","SRESULT-R1-GA100-V2-V2-MEM-BANKS-2","Insert the v2 GA100 atomic entity, fact, requirement, evidence, source-decision, or completeness record after dependencies resolve.","12_search","medium","search-results.csv"
"最小参考资料库/search-results.csv","insert","SRESULT-R1-GA100-V2-V2-MEM-BIDIR-BW-1","Insert the v2 GA100 atomic entity, fact, requirement, evidence, source-decision, or completeness record after dependencies resolve.","12_search","medium","search-results.csv"
"最小参考资料库/search-results.csv","insert","SRESULT-R1-GA100-V2-V2-MEM-BIDIR-BW-2","Insert the v2 GA100 atomic entity, fact, requirement, evidence, source-decision, or completeness record after dependencies resolve.","12_search","medium","search-results.csv"
"最小参考资料库/search-results.csv","insert","SRESULT-R1-GA100-V2-V2-MEM-PORTS-1","Insert the v2 GA100 atomic entity, fact, requirement, evidence, source-decision, or completeness record after dependencies resolve.","12_search","medium","search-results.csv"
"最小参考资料库/search-results.csv","insert","SRESULT-R1-GA100-V2-V2-MEM-PORTS-2","Insert the v2 GA100 atomic entity, fact, requirement, evidence, source-decision, or completeness record after dependencies resolve.","12_search","medium","search-results.csv"
"最小参考资料库/search-results.csv","insert","SRESULT-R1-GA100-V2-V2-MEM-READ-WRITE-MODEL-1","Insert the v2 GA100 atomic entity, fact, requirement, evidence, source-decision, or completeness record after dependencies resolve.","12_search","medium","search-results.csv"
"最小参考资料库/search-results.csv","insert","SRESULT-R1-GA100-V2-V2-MEM-READ-WRITE-MODEL-2","Insert the v2 GA100 atomic entity, fact, requirement, evidence, source-decision, or completeness record after dependencies resolve.","12_search","medium","search-results.csv"
"最小参考资料库/search-results.csv","insert","SRESULT-R1-GA100-V2-V2-MEM-WRITE-TRANSFER-PER-CYCLE-1","Insert the v2 GA100 atomic entity, fact, requirement, evidence, source-decision, or completeness record after dependencies resolve.","12_search","medium","search-results.csv"
"最小参考资料库/search-results.csv","insert","SRESULT-R1-GA100-V2-V2-MEM-WRITE-TRANSFER-PER-CYCLE-2","Insert the v2 GA100 atomic entity, fact, requirement, evidence, source-decision, or completeness record after dependencies resolve.","12_search","medium","search-results.csv"
"最小参考资料库/search-results.csv","insert","SRESULT-R1-GA100-V2-V2-SW-CUSTOM-OPERATOR-1","Insert the v2 GA100 atomic entity, fact, requirement, evidence, source-decision, or completeness record after dependencies resolve.","12_search","medium","search-results.csv"
"最小参考资料库/search-results.csv","insert","SRESULT-R1-GA100-V2-V2-SW-CUSTOM-OPERATOR-2","Insert the v2 GA100 atomic entity, fact, requirement, evidence, source-decision, or completeness record after dependencies resolve.","12_search","medium","search-results.csv"
"最小参考资料库/search-results.csv","insert","SRESULT-R1-GA100-V2-V2-SW-DYNAMIC-SHAPE-1","Insert the v2 GA100 atomic entity, fact, requirement, evidence, source-decision, or completeness record after dependencies resolve.","12_search","medium","search-results.csv"
"最小参考资料库/search-results.csv","insert","SRESULT-R1-GA100-V2-V2-SW-DYNAMIC-SHAPE-2","Insert the v2 GA100 atomic entity, fact, requirement, evidence, source-decision, or completeness record after dependencies resolve.","12_search","medium","search-results.csv"
"最小参考资料库/search-results.csv","insert","SRESULT-R1-GA100-V2-V2-SW-QUANTIZATION-TOOL-1","Insert the v2 GA100 atomic entity, fact, requirement, evidence, source-decision, or completeness record after dependencies resolve.","12_search","medium","search-results.csv"
"最小参考资料库/search-results.csv","insert","SRESULT-R1-GA100-V2-V2-SW-QUANTIZATION-TOOL-2","Insert the v2 GA100 atomic entity, fact, requirement, evidence, source-decision, or completeness record after dependencies resolve.","12_search","medium","search-results.csv"
"最小参考资料库/source-coverage.csv","insert","COV-R1-GA100-IEEE-BY-WP","Insert the v2 GA100 atomic entity, fact, requirement, evidence, source-decision, or completeness record after dependencies resolve.","13_source_decision","medium","source-coverage.csv"
"最小参考资料库/source-coverage.csv","insert","COV-R1-GA100-R595-BY-2023","Insert the v2 GA100 atomic entity, fact, requirement, evidence, source-decision, or completeness record after dependencies resolve.","13_source_decision","medium","source-coverage.csv"
"最小参考资料库/source-screening.csv","insert","SCREEN-R1-GA100-NVIDIA-A100-IEEE-MICRO-2021","Insert the v2 GA100 atomic entity, fact, requirement, evidence, source-decision, or completeness record after dependencies resolve.","13_source_decision","medium","source-screening.csv"
"最小参考资料库/source-screening.csv","insert","SCREEN-R1-GA100-NVIDIA-A100-ISSCC-2021","Insert the v2 GA100 atomic entity, fact, requirement, evidence, source-decision, or completeness record after dependencies resolve.","13_source_decision","medium","source-screening.csv"
"最小参考资料库/source-screening.csv","insert","SCREEN-R1-GA100-NVIDIA-A100-RANDOM-ACCESS-ARXIV-V1-2024","Insert the v2 GA100 atomic entity, fact, requirement, evidence, source-decision, or completeness record after dependencies resolve.","13_source_decision","medium","source-screening.csv"
"最小参考资料库/source-screening.csv","insert","SCREEN-R1-GA100-NVIDIA-AMPERE-MICROBENCH-ARXIV-V1-2022","Insert the v2 GA100 atomic entity, fact, requirement, evidence, source-decision, or completeness record after dependencies resolve.","13_source_decision","medium","source-screening.csv"
"最小参考资料库/source-screening.csv","insert","SCREEN-R1-GA100-NVIDIA-CUDA-C-PROGRAMMING-GUIDE-11-0","Insert the v2 GA100 atomic entity, fact, requirement, evidence, source-decision, or completeness record after dependencies resolve.","13_source_decision","medium","source-screening.csv"
"最小参考资料库/source-screening.csv","insert","SCREEN-R1-GA100-NVIDIA-GPU-MEM-ERROR-MGMT-DA-09826-002-V001","Insert the v2 GA100 atomic entity, fact, requirement, evidence, source-decision, or completeness record after dependencies resolve.","13_source_decision","medium","source-screening.csv"
"最小参考资料库/source-screening.csv","insert","SCREEN-R1-GA100-NVIDIA-GPU-MEM-ERROR-MGMT-R595","Insert the v2 GA100 atomic entity, fact, requirement, evidence, source-decision, or completeness record after dependencies resolve.","13_source_decision","medium","source-screening.csv"
"最小参考资料库/source-screening.csv","insert","SCREEN-R1-GA100-NVIDIA-MIG-USER-GUIDE-610","Insert the v2 GA100 atomic entity, fact, requirement, evidence, source-decision, or completeness record after dependencies resolve.","13_source_decision","medium","source-screening.csv"
"最小参考资料库/source-screening.csv","insert","SCREEN-R1-GA100-NVIDIA-PTX-ISA-7-0","Insert the v2 GA100 atomic entity, fact, requirement, evidence, source-decision, or completeness record after dependencies resolve.","13_source_decision","medium","source-screening.csv"
"最小参考资料库/source-screening.csv","insert","SCREEN-R1-GA100-NVIDIA-PTX-ISA-7-2","Insert the v2 GA100 atomic entity, fact, requirement, evidence, source-decision, or completeness record after dependencies resolve.","13_source_decision","medium","source-screening.csv"
"最小参考资料库/source-selected-roles.csv","insert","SROLE-R1-GA100-NVIDIA-AMPERE-WP-CORE","Insert the v2 GA100 atomic entity, fact, requirement, evidence, source-decision, or completeness record after dependencies resolve.","13_source_decision","medium","source-selected-roles.csv"
"最小参考资料库/source-selected-roles.csv","insert","SROLE-R1-GA100-NVIDIA-CUDA-C-PROGRAMMING-GUIDE-11-0-ARCHITECTURE_MECHANISM","Insert the v2 GA100 atomic entity, fact, requirement, evidence, source-decision, or completeness record after dependencies resolve.","13_source_decision","medium","source-selected-roles.csv"
"最小参考资料库/source-selected-roles.csv","insert","SROLE-R1-GA100-NVIDIA-GPU-MEM-ERROR-MGMT-DA-09826-002-V001-CORE_SPEC","Insert the v2 GA100 atomic entity, fact, requirement, evidence, source-decision, or completeness record after dependencies resolve.","13_source_decision","medium","source-selected-roles.csv"
"最小参考资料库/source-selected-roles.csv","insert","SROLE-R1-GA100-NVIDIA-MIG-USER-GUIDE-610-IDENTITY","Insert the v2 GA100 atomic entity, fact, requirement, evidence, source-decision, or completeness record after dependencies resolve.","13_source_decision","medium","source-selected-roles.csv"
"最小参考资料库/source-selected-roles.csv","insert","SROLE-R1-GA100-NVIDIA-PTX-ISA-7-0-ARCHITECTURE_MECHANISM","Insert the v2 GA100 atomic entity, fact, requirement, evidence, source-decision, or completeness record after dependencies resolve.","13_source_decision","medium","source-selected-roles.csv"
"最小参考资料库/source-selected-roles.csv","insert","SROLE-R1-GA100-NVIDIA-PTX-ISA-7-2-ARCHITECTURE_MECHANISM","Insert the v2 GA100 atomic entity, fact, requirement, evidence, source-decision, or completeness record after dependencies resolve.","13_source_decision","medium","source-selected-roles.csv"
"最小参考资料库/source-selected-roles.csv","insert","SROLE-R1-GA100-V2-ISSCC-CONFLICT","Insert the v2 GA100 atomic entity, fact, requirement, evidence, source-decision, or completeness record after dependencies resolve.","13_source_decision","medium","source-selected-roles.csv"
"最小参考资料库/source-selected-roles.csv","insert","SROLE-R1-GA100-V2-ISSCC-INDEPENDENT","Insert the v2 GA100 atomic entity, fact, requirement, evidence, source-decision, or completeness record after dependencies resolve.","13_source_decision","medium","source-selected-roles.csv"
"最小参考资料库/selection-members.csv","insert","SELMEM-R1-GA100-V2-CUDA110","Insert the v2 GA100 atomic entity, fact, requirement, evidence, source-decision, or completeness record after dependencies resolve.","14_selection","medium","selection-members.csv"
"最小参考资料库/selection-members.csv","insert","SELMEM-R1-GA100-V2-ISSCC","Insert the v2 GA100 atomic entity, fact, requirement, evidence, source-decision, or completeness record after dependencies resolve.","14_selection","medium","selection-members.csv"
"最小参考资料库/selection-members.csv","insert","SELMEM-R1-GA100-V2-MIG610","Insert the v2 GA100 atomic entity, fact, requirement, evidence, source-decision, or completeness record after dependencies resolve.","14_selection","medium","selection-members.csv"
"最小参考资料库/selection-members.csv","insert","SELMEM-R1-GA100-V2-PTX70","Insert the v2 GA100 atomic entity, fact, requirement, evidence, source-decision, or completeness record after dependencies resolve.","14_selection","medium","selection-members.csv"
"最小参考资料库/selection-members.csv","insert","SELMEM-R1-GA100-V2-PTX72","Insert the v2 GA100 atomic entity, fact, requirement, evidence, source-decision, or completeness record after dependencies resolve.","14_selection","medium","selection-members.csv"
"最小参考资料库/selection-members.csv","insert","SELMEM-R1-GA100-V2-RAS","Insert the v2 GA100 atomic entity, fact, requirement, evidence, source-decision, or completeness record after dependencies resolve.","14_selection","medium","selection-members.csv"
"最小参考资料库/selection-members.csv","insert","SELMEM-R1-GA100-V2-WP","Insert the v2 GA100 atomic entity, fact, requirement, evidence, source-decision, or completeness record after dependencies resolve.","14_selection","medium","selection-members.csv"
"最小参考资料库/selection-runs.csv","insert","SELRUN-GA100-DIE-20260821-V2","Insert the v2 GA100 atomic entity, fact, requirement, evidence, source-decision, or completeness record after dependencies resolve.","14_selection","medium","selection-runs.csv"
"数据/card-completeness.csv","insert","CARD-R1-GA100-BENCHMARK","Insert the v2 GA100 atomic entity, fact, requirement, evidence, source-decision, or completeness record after dependencies resolve.","15_completeness","medium","card-completeness.csv"
"数据/card-completeness.csv","insert","CARD-R1-GA100-COMPUTE","Insert the v2 GA100 atomic entity, fact, requirement, evidence, source-decision, or completeness record after dependencies resolve.","15_completeness","medium","card-completeness.csv"
"数据/card-completeness.csv","insert","CARD-R1-GA100-ECONOMICS","Insert the v2 GA100 atomic entity, fact, requirement, evidence, source-decision, or completeness record after dependencies resolve.","15_completeness","medium","card-completeness.csv"
"数据/card-completeness.csv","insert","CARD-R1-GA100-EVIDENCE","Insert the v2 GA100 atomic entity, fact, requirement, evidence, source-decision, or completeness record after dependencies resolve.","15_completeness","medium","card-completeness.csv"
"数据/card-completeness.csv","insert","CARD-R1-GA100-IDENTITY","Insert the v2 GA100 atomic entity, fact, requirement, evidence, source-decision, or completeness record after dependencies resolve.","15_completeness","medium","card-completeness.csv"
"数据/card-completeness.csv","insert","CARD-R1-GA100-INTERCONNECT","Insert the v2 GA100 atomic entity, fact, requirement, evidence, source-decision, or completeness record after dependencies resolve.","15_completeness","medium","card-completeness.csv"
"数据/card-completeness.csv","insert","CARD-R1-GA100-MEMORY","Insert the v2 GA100 atomic entity, fact, requirement, evidence, source-decision, or completeness record after dependencies resolve.","15_completeness","medium","card-completeness.csv"
"数据/card-completeness.csv","insert","CARD-R1-GA100-NUMERICS","Insert the v2 GA100 atomic entity, fact, requirement, evidence, source-decision, or completeness record after dependencies resolve.","15_completeness","medium","card-completeness.csv"
"数据/card-completeness.csv","insert","CARD-R1-GA100-PHYSICAL","Insert the v2 GA100 atomic entity, fact, requirement, evidence, source-decision, or completeness record after dependencies resolve.","15_completeness","medium","card-completeness.csv"
"数据/card-completeness.csv","insert","CARD-R1-GA100-RELIABILITY","Insert the v2 GA100 atomic entity, fact, requirement, evidence, source-decision, or completeness record after dependencies resolve.","15_completeness","medium","card-completeness.csv"
"数据/card-completeness.csv","insert","CARD-R1-GA100-SCHEDULING","Insert the v2 GA100 atomic entity, fact, requirement, evidence, source-decision, or completeness record after dependencies resolve.","15_completeness","medium","card-completeness.csv"
"数据/card-completeness.csv","insert","CARD-R1-GA100-SOFTWARE","Insert the v2 GA100 atomic entity, fact, requirement, evidence, source-decision, or completeness record after dependencies resolve.","15_completeness","medium","card-completeness.csv"
"数据/card-completeness.csv","insert","CARD-R1-GA100-SPECIAL-ENGINES","Insert the v2 GA100 atomic entity, fact, requirement, evidence, source-decision, or completeness record after dependencies resolve.","15_completeness","medium","card-completeness.csv"
