"assertion_id","fact_id","source_id","claim_role","assertion_mode","assertion_relation","raw_value_text","raw_value_number","raw_unit","source_locator","quoted_context","extraction_status","extractor","reviewer","review_date","assertion_fingerprint","review_status","notes"
"ASSERT-NVIDIA-H100-TENSOR-CORE-COUNT-NVIDIA-H100-ARCH-WHITEPAPER-V1-04","FACT-NVIDIA-H100-TENSOR-CORE-COUNT","SRC-NVIDIA-H100-ARCH-WHITEPAPER-V1-04","core_spec","direct_statement","supports","","528","count","p.39, Table 3","","source_checked","h100_pilot","","2026-08-12","FACT-NVIDIA-H100-TENSOR-CORE-COUNT|SRC-NVIDIA-H100-ARCH-WHITEPAPER-V1-04|supports|p.39, Table 3","reviewed","Official fixed v1.04 PDF acquired and hashed."
"ASSERT-NVIDIA-H100-GPC-COUNT-NVIDIA-H100-ARCH-WHITEPAPER-V1-04","FACT-NVIDIA-H100-GPC-COUNT","SRC-NVIDIA-H100-ARCH-WHITEPAPER-V1-04","core_spec","direct_statement","supports","","8","count","pp.18-20, Table 1","","source_checked","h100_pilot","","2026-08-12","FACT-NVIDIA-H100-GPC-COUNT|SRC-NVIDIA-H100-ARCH-WHITEPAPER-V1-04|supports|pp.18-20, Table 1","reviewed","Official fixed v1.04 PDF acquired and hashed."
"ASSERT-NVIDIA-H100-INT32-CORE-COUNT-NVIDIA-H100-ARCH-WHITEPAPER-V1-04","FACT-NVIDIA-H100-INT32-CORE-COUNT","SRC-NVIDIA-H100-ARCH-WHITEPAPER-V1-04","core_spec","direct_statement","supports","","8448","count","p.39, Table 3","","source_checked","h100_pilot","","2026-08-12","FACT-NVIDIA-H100-INT32-CORE-COUNT|SRC-NVIDIA-H100-ARCH-WHITEPAPER-V1-04|supports|p.39, Table 3","reviewed","Official fixed v1.04 PDF acquired and hashed."
"ASSERT-NVIDIA-H100-FP64-CORE-COUNT-NVIDIA-H100-ARCH-WHITEPAPER-V1-04","FACT-NVIDIA-H100-FP64-CORE-COUNT","SRC-NVIDIA-H100-ARCH-WHITEPAPER-V1-04","core_spec","direct_statement","supports","","8448","count","p.39, Table 3","","source_checked","h100_pilot","","2026-08-12","FACT-NVIDIA-H100-FP64-CORE-COUNT|SRC-NVIDIA-H100-ARCH-WHITEPAPER-V1-04|supports|p.39, Table 3","reviewed","Official fixed v1.04 PDF acquired and hashed."
"ASSERT-NVIDIA-H100-FP32-CORE-COUNT-NVIDIA-H100-ARCH-WHITEPAPER-V1-04","FACT-NVIDIA-H100-FP32-CORE-COUNT","SRC-NVIDIA-H100-ARCH-WHITEPAPER-V1-04","core_spec","direct_statement","supports","","16896","count","p.39, Table 3","","source_checked","h100_pilot","","2026-08-12","FACT-NVIDIA-H100-FP32-CORE-COUNT|SRC-NVIDIA-H100-ARCH-WHITEPAPER-V1-04|supports|p.39, Table 3","reviewed","Official fixed v1.04 PDF acquired and hashed."
"ASSERT-NVIDIA-H100-TPC-COUNT-NVIDIA-H100-ARCH-WHITEPAPER-V1-04","FACT-NVIDIA-H100-TPC-COUNT","SRC-NVIDIA-H100-ARCH-WHITEPAPER-V1-04","core_spec","direct_statement","supports","","66","count","pp.18-20, Table 1","","source_checked","h100_pilot","","2026-08-12","FACT-NVIDIA-H100-TPC-COUNT|SRC-NVIDIA-H100-ARCH-WHITEPAPER-V1-04|supports|pp.18-20, Table 1","reviewed","Official fixed v1.04 PDF acquired and hashed."
"ASSERT-NVIDIA-H100-SM-COUNT-NVIDIA-H100-ARCH-WHITEPAPER-V1-04","FACT-NVIDIA-H100-SM-COUNT","SRC-NVIDIA-H100-ARCH-WHITEPAPER-V1-04","core_spec","direct_statement","supports","","132","count","pp.18-20, Table 1","","source_checked","h100_pilot","","2026-08-12","FACT-NVIDIA-H100-SM-COUNT|SRC-NVIDIA-H100-ARCH-WHITEPAPER-V1-04|supports|pp.18-20, Table 1","reviewed","Official fixed v1.04 PDF acquired and hashed."
"ASSERT-NVIDIA-H100-FORM-FACTOR-NVIDIA-H100-ARCH-WHITEPAPER-V1-04","FACT-NVIDIA-H100-FORM-FACTOR","SRC-NVIDIA-H100-ARCH-WHITEPAPER-V1-04","core_spec","direct_statement","supports","SXM5 module with H100 GPU and HBM3","","","p.15","","source_checked","h100_pilot","","2026-08-12","FACT-NVIDIA-H100-FORM-FACTOR|SRC-NVIDIA-H100-ARCH-WHITEPAPER-V1-04|supports|p.15","reviewed","Official fixed v1.04 PDF acquired and hashed."
"ASSERT-NVIDIA-H100-PCIE-RATE-BIDIR-NVIDIA-H100-DATASHEET-20240924","FACT-NVIDIA-H100-PCIE-RATE-BIDIR","SRC-NVIDIA-H100-DATASHEET-20240924","core_spec","direct_statement","supports","","128","GB/s","p.2, PCIe","","source_checked","h100_pilot","","2026-08-12","FACT-NVIDIA-H100-PCIE-RATE-BIDIR|SRC-NVIDIA-H100-DATASHEET-20240924|supports|p.2, PCIe","reviewed",""
"ASSERT-NVIDIA-H100-NVLINK-RATE-BIDIR-DEVICE-NVIDIA-H100-DATASHEET-20240924","FACT-NVIDIA-H100-NVLINK-RATE-BIDIR-DEVICE","SRC-NVIDIA-H100-DATASHEET-20240924","core_spec","direct_statement","supports","","900","GB/s","p.2, NVLink","","source_checked","h100_pilot","","2026-08-12","FACT-NVIDIA-H100-NVLINK-RATE-BIDIR-DEVICE|SRC-NVIDIA-H100-DATASHEET-20240924|supports|p.2, NVLink","reviewed",""
"ASSERT-NVIDIA-H100-MIG-PARTITIONING-NVIDIA-H100-DATASHEET-20240924","FACT-NVIDIA-H100-MIG-PARTITIONING","SRC-NVIDIA-H100-DATASHEET-20240924","core_spec","direct_statement","supports","Up to 7 GPU instances, each with 10 GB memory","","","p.2, Multi-Instance GPU","","source_checked","h100_pilot","","2026-08-12","FACT-NVIDIA-H100-MIG-PARTITIONING|SRC-NVIDIA-H100-DATASHEET-20240924|supports|p.2, Multi-Instance GPU","reviewed",""
"ASSERT-NVIDIA-H100-NVJPG-COUNT-NVIDIA-H100-DATASHEET-20240924","FACT-NVIDIA-H100-NVJPG-COUNT","SRC-NVIDIA-H100-DATASHEET-20240924","core_spec","direct_statement","supports","","7","count","p.2, NVJPG","","source_checked","h100_pilot","","2026-08-12","FACT-NVIDIA-H100-NVJPG-COUNT|SRC-NVIDIA-H100-DATASHEET-20240924|supports|p.2, NVJPG","reviewed",""
"ASSERT-NVIDIA-H100-NVDEC-COUNT-NVIDIA-H100-DATASHEET-20240924","FACT-NVIDIA-H100-NVDEC-COUNT","SRC-NVIDIA-H100-DATASHEET-20240924","core_spec","direct_statement","supports","","7","count","p.2, NVDEC","","source_checked","h100_pilot","","2026-08-12","FACT-NVIDIA-H100-NVDEC-COUNT|SRC-NVIDIA-H100-DATASHEET-20240924|supports|p.2, NVDEC","reviewed",""
"ASSERT-NVIDIA-H100-MAX-TDP-NVIDIA-H100-DATASHEET-20240924","FACT-NVIDIA-H100-MAX-TDP","SRC-NVIDIA-H100-DATASHEET-20240924","core_spec","direct_statement","supports","","700","W","p.2, Max Thermal Design Power","","source_checked","h100_pilot","","2026-08-12","FACT-NVIDIA-H100-MAX-TDP|SRC-NVIDIA-H100-DATASHEET-20240924|supports|p.2, Max Thermal Design Power","reviewed",""
"ASSERT-NVIDIA-H100-HBM-BW-CURRENT-NVIDIA-H100-DATASHEET-20240924","FACT-NVIDIA-H100-HBM-BW-CURRENT","SRC-NVIDIA-H100-DATASHEET-20240924","core_spec","direct_statement","supports","","3.35","TB/s","p.2, GPU Memory Bandwidth","","source_checked","h100_pilot","","2026-08-12","FACT-NVIDIA-H100-HBM-BW-CURRENT|SRC-NVIDIA-H100-DATASHEET-20240924|supports|p.2, GPU Memory Bandwidth","reviewed",""
"ASSERT-NVIDIA-H100-FP8-DENSE-PEAK-NVIDIA-H100-ARCH-WHITEPAPER-V1-04","FACT-NVIDIA-H100-FP8-DENSE-PEAK","SRC-NVIDIA-H100-ARCH-WHITEPAPER-V1-04","core_spec","direct_statement","supports","","1978.9","TFLOP/s","p.39, Table 3","","source_checked","h100_pilot","","2026-08-12","FACT-NVIDIA-H100-FP8-DENSE-PEAK|SRC-NVIDIA-H100-ARCH-WHITEPAPER-V1-04|supports|p.39, Table 3","reviewed","Official fixed v1.04 PDF acquired and hashed."
"ASSERT-NVIDIA-H100-FP8-SPARSE-PEAK-NVIDIA-H100-ARCH-WHITEPAPER-V1-04","FACT-NVIDIA-H100-FP8-SPARSE-PEAK","SRC-NVIDIA-H100-ARCH-WHITEPAPER-V1-04","core_spec","direct_statement","supports","","3957.8","TFLOP/s","p.39, Table 3","","source_checked","h100_pilot","","2026-08-12","FACT-NVIDIA-H100-FP8-SPARSE-PEAK|SRC-NVIDIA-H100-ARCH-WHITEPAPER-V1-04|supports|p.39, Table 3","reviewed","Official fixed v1.04 PDF acquired and hashed."
"ASSERT-NVIDIA-H100-FP16-TENSOR-DENSE-PEAK-NVIDIA-H100-ARCH-WHITEPAPER-V1-04","FACT-NVIDIA-H100-FP16-TENSOR-DENSE-PEAK","SRC-NVIDIA-H100-ARCH-WHITEPAPER-V1-04","core_spec","direct_statement","supports","","989.4","TFLOP/s","p.39, Table 3","","source_checked","h100_pilot","","2026-08-12","FACT-NVIDIA-H100-FP16-TENSOR-DENSE-PEAK|SRC-NVIDIA-H100-ARCH-WHITEPAPER-V1-04|supports|p.39, Table 3","reviewed","Official fixed v1.04 PDF acquired and hashed."
"ASSERT-NVIDIA-H100-FP16-TENSOR-SPARSE-PEAK-NVIDIA-H100-ARCH-WHITEPAPER-V1-04","FACT-NVIDIA-H100-FP16-TENSOR-SPARSE-PEAK","SRC-NVIDIA-H100-ARCH-WHITEPAPER-V1-04","core_spec","direct_statement","supports","","1978.9","TFLOP/s","p.39, Table 3","","source_checked","h100_pilot","","2026-08-12","FACT-NVIDIA-H100-FP16-TENSOR-SPARSE-PEAK|SRC-NVIDIA-H100-ARCH-WHITEPAPER-V1-04|supports|p.39, Table 3","reviewed","Official fixed v1.04 PDF acquired and hashed."
"ASSERT-NVIDIA-H100-BF16-TENSOR-DENSE-PEAK-NVIDIA-H100-ARCH-WHITEPAPER-V1-04","FACT-NVIDIA-H100-BF16-TENSOR-DENSE-PEAK","SRC-NVIDIA-H100-ARCH-WHITEPAPER-V1-04","core_spec","direct_statement","supports","","989.4","TFLOP/s","p.39, Table 3","","source_checked","h100_pilot","","2026-08-12","FACT-NVIDIA-H100-BF16-TENSOR-DENSE-PEAK|SRC-NVIDIA-H100-ARCH-WHITEPAPER-V1-04|supports|p.39, Table 3","reviewed","Official fixed v1.04 PDF acquired and hashed."
"ASSERT-NVIDIA-H100-BF16-TENSOR-SPARSE-PEAK-NVIDIA-H100-ARCH-WHITEPAPER-V1-04","FACT-NVIDIA-H100-BF16-TENSOR-SPARSE-PEAK","SRC-NVIDIA-H100-ARCH-WHITEPAPER-V1-04","core_spec","direct_statement","supports","","1978.9","TFLOP/s","p.39, Table 3","","source_checked","h100_pilot","","2026-08-12","FACT-NVIDIA-H100-BF16-TENSOR-SPARSE-PEAK|SRC-NVIDIA-H100-ARCH-WHITEPAPER-V1-04|supports|p.39, Table 3","reviewed","Official fixed v1.04 PDF acquired and hashed."
"ASSERT-NVIDIA-H100-TF32-DENSE-PEAK-NVIDIA-H100-ARCH-WHITEPAPER-V1-04","FACT-NVIDIA-H100-TF32-DENSE-PEAK","SRC-NVIDIA-H100-ARCH-WHITEPAPER-V1-04","core_spec","direct_statement","supports","","494.7","TFLOP/s","p.39, Table 3","","source_checked","h100_pilot","","2026-08-12","FACT-NVIDIA-H100-TF32-DENSE-PEAK|SRC-NVIDIA-H100-ARCH-WHITEPAPER-V1-04|supports|p.39, Table 3","reviewed","Official fixed v1.04 PDF acquired and hashed."
"ASSERT-NVIDIA-H100-TF32-SPARSE-PEAK-NVIDIA-H100-ARCH-WHITEPAPER-V1-04","FACT-NVIDIA-H100-TF32-SPARSE-PEAK","SRC-NVIDIA-H100-ARCH-WHITEPAPER-V1-04","core_spec","direct_statement","supports","","989.4","TFLOP/s","p.39, Table 3","","source_checked","h100_pilot","","2026-08-12","FACT-NVIDIA-H100-TF32-SPARSE-PEAK|SRC-NVIDIA-H100-ARCH-WHITEPAPER-V1-04|supports|p.39, Table 3","reviewed","Official fixed v1.04 PDF acquired and hashed."
"ASSERT-NVIDIA-H100-FP64-TENSOR-DENSE-PEAK-NVIDIA-H100-ARCH-WHITEPAPER-V1-04","FACT-NVIDIA-H100-FP64-TENSOR-DENSE-PEAK","SRC-NVIDIA-H100-ARCH-WHITEPAPER-V1-04","core_spec","direct_statement","supports","","66.9","TFLOP/s","p.39, Table 3","","source_checked","h100_pilot","","2026-08-12","FACT-NVIDIA-H100-FP64-TENSOR-DENSE-PEAK|SRC-NVIDIA-H100-ARCH-WHITEPAPER-V1-04|supports|p.39, Table 3","reviewed","Official fixed v1.04 PDF acquired and hashed."
"ASSERT-NVIDIA-H100-INT8-DENSE-PEAK-NVIDIA-H100-ARCH-WHITEPAPER-V1-04","FACT-NVIDIA-H100-INT8-DENSE-PEAK","SRC-NVIDIA-H100-ARCH-WHITEPAPER-V1-04","core_spec","direct_statement","supports","","1978.9","TOPS","p.39, Table 3","","source_checked","h100_pilot","","2026-08-12","FACT-NVIDIA-H100-INT8-DENSE-PEAK|SRC-NVIDIA-H100-ARCH-WHITEPAPER-V1-04|supports|p.39, Table 3","reviewed","Official fixed v1.04 PDF acquired and hashed."
"ASSERT-NVIDIA-H100-INT8-SPARSE-PEAK-NVIDIA-H100-ARCH-WHITEPAPER-V1-04","FACT-NVIDIA-H100-INT8-SPARSE-PEAK","SRC-NVIDIA-H100-ARCH-WHITEPAPER-V1-04","core_spec","direct_statement","supports","","3957.8","TOPS","p.39, Table 3","","source_checked","h100_pilot","","2026-08-12","FACT-NVIDIA-H100-INT8-SPARSE-PEAK|SRC-NVIDIA-H100-ARCH-WHITEPAPER-V1-04|supports|p.39, Table 3","reviewed","Official fixed v1.04 PDF acquired and hashed."
"ASSERT-NVIDIA-H100-FP16-CUDA-DENSE-PEAK-NVIDIA-H100-ARCH-WHITEPAPER-V1-04","FACT-NVIDIA-H100-FP16-CUDA-DENSE-PEAK","SRC-NVIDIA-H100-ARCH-WHITEPAPER-V1-04","core_spec","direct_statement","supports","","133.8","TFLOP/s","p.39, Table 3","","source_checked","h100_pilot","","2026-08-12","FACT-NVIDIA-H100-FP16-CUDA-DENSE-PEAK|SRC-NVIDIA-H100-ARCH-WHITEPAPER-V1-04|supports|p.39, Table 3","reviewed","Official fixed v1.04 PDF acquired and hashed."
"ASSERT-NVIDIA-H100-BF16-CUDA-DENSE-PEAK-NVIDIA-H100-ARCH-WHITEPAPER-V1-04","FACT-NVIDIA-H100-BF16-CUDA-DENSE-PEAK","SRC-NVIDIA-H100-ARCH-WHITEPAPER-V1-04","core_spec","direct_statement","supports","","133.8","TFLOP/s","p.39, Table 3","","source_checked","h100_pilot","","2026-08-12","FACT-NVIDIA-H100-BF16-CUDA-DENSE-PEAK|SRC-NVIDIA-H100-ARCH-WHITEPAPER-V1-04|supports|p.39, Table 3","reviewed","Official fixed v1.04 PDF acquired and hashed."
"ASSERT-NVIDIA-H100-FP32-CUDA-DENSE-PEAK-NVIDIA-H100-ARCH-WHITEPAPER-V1-04","FACT-NVIDIA-H100-FP32-CUDA-DENSE-PEAK","SRC-NVIDIA-H100-ARCH-WHITEPAPER-V1-04","core_spec","direct_statement","supports","","66.9","TFLOP/s","p.39, Table 3","","source_checked","h100_pilot","","2026-08-12","FACT-NVIDIA-H100-FP32-CUDA-DENSE-PEAK|SRC-NVIDIA-H100-ARCH-WHITEPAPER-V1-04|supports|p.39, Table 3","reviewed","Official fixed v1.04 PDF acquired and hashed."
"ASSERT-NVIDIA-H100-FP64-CUDA-DENSE-PEAK-NVIDIA-H100-ARCH-WHITEPAPER-V1-04","FACT-NVIDIA-H100-FP64-CUDA-DENSE-PEAK","SRC-NVIDIA-H100-ARCH-WHITEPAPER-V1-04","core_spec","direct_statement","supports","","33.5","TFLOP/s","p.39, Table 3","","source_checked","h100_pilot","","2026-08-12","FACT-NVIDIA-H100-FP64-CUDA-DENSE-PEAK|SRC-NVIDIA-H100-ARCH-WHITEPAPER-V1-04|supports|p.39, Table 3","reviewed","Official fixed v1.04 PDF acquired and hashed."
"ASSERT-NVIDIA-H100-INT32-CUDA-DENSE-PEAK-NVIDIA-H100-ARCH-WHITEPAPER-V1-04","FACT-NVIDIA-H100-INT32-CUDA-DENSE-PEAK","SRC-NVIDIA-H100-ARCH-WHITEPAPER-V1-04","core_spec","direct_statement","supports","","33.5","TOPS","p.39, Table 3","","source_checked","h100_pilot","","2026-08-12","FACT-NVIDIA-H100-INT32-CUDA-DENSE-PEAK|SRC-NVIDIA-H100-ARCH-WHITEPAPER-V1-04|supports|p.39, Table 3","reviewed","Official fixed v1.04 PDF acquired and hashed."
"ASSERT-NVIDIA-H100-FP8-ACCUM-NVIDIA-H100-ARCH-WHITEPAPER-V1-04","FACT-NVIDIA-H100-FP8-ACCUM","SRC-NVIDIA-H100-ARCH-WHITEPAPER-V1-04","core_spec","direct_statement","supports","FP16 or FP32","","","pp.23-24 and p.39","","source_checked","h100_pilot","","2026-08-12","FACT-NVIDIA-H100-FP8-ACCUM|SRC-NVIDIA-H100-ARCH-WHITEPAPER-V1-04|supports|pp.23-24 and p.39","reviewed","Official fixed v1.04 PDF acquired and hashed."
"ASSERT-NVIDIA-H100-FP16-TENSOR-ACCUM-NVIDIA-H100-ARCH-WHITEPAPER-V1-04","FACT-NVIDIA-H100-FP16-TENSOR-ACCUM","SRC-NVIDIA-H100-ARCH-WHITEPAPER-V1-04","core_spec","direct_statement","supports","FP16 or FP32","","","p.20, Table 1; p.39, Table 3","","source_checked","h100_pilot","","2026-08-12","FACT-NVIDIA-H100-FP16-TENSOR-ACCUM|SRC-NVIDIA-H100-ARCH-WHITEPAPER-V1-04|supports|p.20, Table 1; p.39, Table 3","reviewed","Official fixed v1.04 PDF acquired and hashed."
"ASSERT-NVIDIA-H100-BF16-TENSOR-ACCUM-NVIDIA-H100-ARCH-WHITEPAPER-V1-04","FACT-NVIDIA-H100-BF16-TENSOR-ACCUM","SRC-NVIDIA-H100-ARCH-WHITEPAPER-V1-04","core_spec","direct_statement","supports","FP32","","","p.20, Table 1; p.39, Table 3","","source_checked","h100_pilot","","2026-08-12","FACT-NVIDIA-H100-BF16-TENSOR-ACCUM|SRC-NVIDIA-H100-ARCH-WHITEPAPER-V1-04|supports|p.20, Table 1; p.39, Table 3","reviewed","Official fixed v1.04 PDF acquired and hashed."
"ASSERT-NVIDIA-H100-PCIE-RATE-PERDIR-NVIDIA-H100-ARCH-WHITEPAPER-V1-04","FACT-NVIDIA-H100-PCIE-RATE-PERDIR","SRC-NVIDIA-H100-ARCH-WHITEPAPER-V1-04","architecture_mechanism","direct_statement","supports","","64","GB/s","pp.49-50","","source_checked","h100_pilot","","2026-08-12","FACT-NVIDIA-H100-PCIE-RATE-PERDIR|SRC-NVIDIA-H100-ARCH-WHITEPAPER-V1-04|supports|pp.49-50","reviewed","Official fixed v1.04 PDF acquired and hashed."
"ASSERT-NVIDIA-H100-HBM-CAPACITY-NVIDIA-H100-ARCH-WHITEPAPER-V1-04","FACT-NVIDIA-H100-HBM-CAPACITY","SRC-NVIDIA-H100-ARCH-WHITEPAPER-V1-04","architecture_mechanism","direct_statement","supports","","80","GB","pp.18, 36, 39-40","","source_checked","h100_pilot","","2026-08-12","FACT-NVIDIA-H100-HBM-CAPACITY|SRC-NVIDIA-H100-ARCH-WHITEPAPER-V1-04|supports|pp.18, 36, 39-40","reviewed","Official fixed v1.04 PDF acquired and hashed."
"ASSERT-NVIDIA-H100-L2-CAPACITY-NVIDIA-H100-ARCH-WHITEPAPER-V1-04","FACT-NVIDIA-H100-L2-CAPACITY","SRC-NVIDIA-H100-ARCH-WHITEPAPER-V1-04","architecture_mechanism","direct_statement","supports","","50","MB","pp.37, 39-40","","source_checked","h100_pilot","","2026-08-12","FACT-NVIDIA-H100-L2-CAPACITY|SRC-NVIDIA-H100-ARCH-WHITEPAPER-V1-04|supports|pp.37, 39-40","reviewed","Official fixed v1.04 PDF acquired and hashed."
"ASSERT-NVIDIA-H100-HBM-STACKS-NVIDIA-H100-ARCH-WHITEPAPER-V1-04","FACT-NVIDIA-H100-HBM-STACKS","SRC-NVIDIA-H100-ARCH-WHITEPAPER-V1-04","architecture_mechanism","direct_statement","supports","","5","count","pp.18, 39-40","","source_checked","h100_pilot","","2026-08-12","FACT-NVIDIA-H100-HBM-STACKS|SRC-NVIDIA-H100-ARCH-WHITEPAPER-V1-04|supports|pp.18, 39-40","reviewed","Official fixed v1.04 PDF acquired and hashed."
"ASSERT-NVIDIA-H100-NVLINK-LINK-COUNT-NVIDIA-H100-ARCH-WHITEPAPER-V1-04","FACT-NVIDIA-H100-NVLINK-LINK-COUNT","SRC-NVIDIA-H100-ARCH-WHITEPAPER-V1-04","architecture_mechanism","direct_statement","supports","","18","count","p.47","","source_checked","h100_pilot","","2026-08-12","FACT-NVIDIA-H100-NVLINK-LINK-COUNT|SRC-NVIDIA-H100-ARCH-WHITEPAPER-V1-04|supports|p.47","reviewed","Official fixed v1.04 PDF acquired and hashed."
"ASSERT-NVIDIA-H100-DPX-IMPL-LEVEL-NVIDIA-H100-ARCH-WHITEPAPER-V1-04","FACT-NVIDIA-H100-DPX-IMPL-LEVEL","SRC-NVIDIA-H100-ARCH-WHITEPAPER-V1-04","architecture_mechanism","direct_statement","supports","dedicated_instruction","","","p.27","","source_checked","h100_pilot","","2026-08-12","FACT-NVIDIA-H100-DPX-IMPL-LEVEL|SRC-NVIDIA-H100-ARCH-WHITEPAPER-V1-04|supports|p.27","reviewed","Official fixed v1.04 PDF acquired and hashed."
"ASSERT-NVIDIA-H100-L1SMEM-CAPACITY-PER-SM-NVIDIA-H100-ARCH-WHITEPAPER-V1-04","FACT-NVIDIA-H100-L1SMEM-CAPACITY-PER-SM","SRC-NVIDIA-H100-ARCH-WHITEPAPER-V1-04","architecture_mechanism","direct_statement","supports","","256","KB/SM","p.27 and pp.39-40","","source_checked","h100_pilot","","2026-08-12","FACT-NVIDIA-H100-L1SMEM-CAPACITY-PER-SM|SRC-NVIDIA-H100-ARCH-WHITEPAPER-V1-04|supports|p.27 and pp.39-40","reviewed","Official fixed v1.04 PDF acquired and hashed."
"ASSERT-NVIDIA-H100-TRANSFORMER-ENGINE-LEVEL-NVIDIA-H100-ARCH-WHITEPAPER-V1-04","FACT-NVIDIA-H100-TRANSFORMER-ENGINE-LEVEL","SRC-NVIDIA-H100-ARCH-WHITEPAPER-V1-04","architecture_mechanism","direct_statement","supports","configurable_engine","","","pp.44-46","","source_checked","h100_pilot","","2026-08-12","FACT-NVIDIA-H100-TRANSFORMER-ENGINE-LEVEL|SRC-NVIDIA-H100-ARCH-WHITEPAPER-V1-04|supports|pp.44-46","reviewed","Official fixed v1.04 PDF acquired and hashed."
"ASSERT-NVIDIA-H100-DPX-THROUGHPUT-16-NVIDIA-H100-ARCH-WHITEPAPER-V1-04","FACT-NVIDIA-H100-DPX-THROUGHPUT-16","SRC-NVIDIA-H100-ARCH-WHITEPAPER-V1-04","architecture_mechanism","direct_statement","supports","","128","operations/cycle/SM","p.27","","source_checked","h100_pilot","","2026-08-12","FACT-NVIDIA-H100-DPX-THROUGHPUT-16|SRC-NVIDIA-H100-ARCH-WHITEPAPER-V1-04|supports|p.27","reviewed","Official fixed v1.04 PDF acquired and hashed."
"ASSERT-NVIDIA-H100-L1SMEM-SHARED-MAX-NVIDIA-H100-ARCH-WHITEPAPER-V1-04","FACT-NVIDIA-H100-L1SMEM-SHARED-MAX","SRC-NVIDIA-H100-ARCH-WHITEPAPER-V1-04","architecture_mechanism","direct_statement","supports","","228","KB/SM","p.27 and pp.39-40","","source_checked","h100_pilot","","2026-08-12","FACT-NVIDIA-H100-L1SMEM-SHARED-MAX|SRC-NVIDIA-H100-ARCH-WHITEPAPER-V1-04|supports|p.27 and pp.39-40","reviewed","Official fixed v1.04 PDF acquired and hashed."
"ASSERT-NVIDIA-H100-TMA-DETAIL-NVIDIA-H100-ARCH-WHITEPAPER-V1-04","FACT-NVIDIA-H100-TMA-DETAIL","SRC-NVIDIA-H100-ARCH-WHITEPAPER-V1-04","architecture_mechanism","direct_statement","supports","Descriptor-driven asynchronous 1D-5D copies between global and shared memory, plus copies across a thread-block cluster shared-memory region","","","pp.32-35","","source_checked","h100_pilot","","2026-08-12","FACT-NVIDIA-H100-TMA-DETAIL|SRC-NVIDIA-H100-ARCH-WHITEPAPER-V1-04|supports|pp.32-35","reviewed","Official fixed v1.04 PDF acquired and hashed."
"ASSERT-NVIDIA-H100-HBM-INTERFACE-NVIDIA-H100-ARCH-WHITEPAPER-V1-04","FACT-NVIDIA-H100-HBM-INTERFACE","SRC-NVIDIA-H100-ARCH-WHITEPAPER-V1-04","architecture_mechanism","direct_statement","supports","","5120","bit","pp.39-40, Table 3","","source_checked","h100_pilot","","2026-08-12","FACT-NVIDIA-H100-HBM-INTERFACE|SRC-NVIDIA-H100-ARCH-WHITEPAPER-V1-04|supports|pp.39-40, Table 3","reviewed","Official fixed v1.04 PDF acquired and hashed."
"ASSERT-NVIDIA-H100-HBM-BW-WP104-NVIDIA-H100-ARCH-WHITEPAPER-V1-04","FACT-NVIDIA-H100-HBM-BW-WP104","SRC-NVIDIA-H100-ARCH-WHITEPAPER-V1-04","architecture_mechanism","direct_statement","supports","","3352","GB/s","pp.39-40, Table 3","","source_checked","h100_pilot","","2026-08-12","FACT-NVIDIA-H100-HBM-BW-WP104|SRC-NVIDIA-H100-ARCH-WHITEPAPER-V1-04|supports|pp.39-40, Table 3","reviewed","Official fixed v1.04 PDF acquired and hashed."
"ASSERT-NVIDIA-H100-REG-CAPACITY-PER-SM-NVIDIA-H100-ARCH-WHITEPAPER-V1-04","FACT-NVIDIA-H100-REG-CAPACITY-PER-SM","SRC-NVIDIA-H100-ARCH-WHITEPAPER-V1-04","architecture_mechanism","direct_statement","supports","65,536 32-bit registers/SM","","","pp.39-41, Tables 3-4","","source_checked","h100_pilot","","2026-08-12","FACT-NVIDIA-H100-REG-CAPACITY-PER-SM|SRC-NVIDIA-H100-ARCH-WHITEPAPER-V1-04|supports|pp.39-41, Tables 3-4","reviewed","Official fixed v1.04 PDF acquired and hashed."
"ASSERT-NVIDIA-H100-NVLINK-RATE-BIDIR-LINK-NVIDIA-H100-ARCH-WHITEPAPER-V1-04","FACT-NVIDIA-H100-NVLINK-RATE-BIDIR-LINK","SRC-NVIDIA-H100-ARCH-WHITEPAPER-V1-04","architecture_mechanism","direct_statement","supports","","50","GB/s","p.47","","source_checked","h100_pilot","","2026-08-12","FACT-NVIDIA-H100-NVLINK-RATE-BIDIR-LINK|SRC-NVIDIA-H100-ARCH-WHITEPAPER-V1-04|supports|p.47","reviewed","Official fixed v1.04 PDF acquired and hashed."
"ASSERT-NVIDIA-H100-NVLINK-RATE-PERDIR-NVIDIA-H100-ARCH-WHITEPAPER-V1-04","FACT-NVIDIA-H100-NVLINK-RATE-PERDIR","SRC-NVIDIA-H100-ARCH-WHITEPAPER-V1-04","architecture_mechanism","direct_statement","supports","","25","GB/s","p.47","","source_checked","h100_pilot","","2026-08-12","FACT-NVIDIA-H100-NVLINK-RATE-PERDIR|SRC-NVIDIA-H100-ARCH-WHITEPAPER-V1-04|supports|p.47","reviewed","Official fixed v1.04 PDF acquired and hashed."
"ASSERT-NVIDIA-H100-TRANSFORMER-ENGINE-DETAIL-NVIDIA-H100-ARCH-WHITEPAPER-V1-04","FACT-NVIDIA-H100-TRANSFORMER-ENGINE-DETAIL","SRC-NVIDIA-H100-ARCH-WHITEPAPER-V1-04","architecture_mechanism","direct_statement","supports","Selects FP8 or 16-bit computation using tensor statistics and scaling factors, with scaling and recasting","","","pp.44-46","","source_checked","h100_pilot","","2026-08-12","FACT-NVIDIA-H100-TRANSFORMER-ENGINE-DETAIL|SRC-NVIDIA-H100-ARCH-WHITEPAPER-V1-04|supports|pp.44-46","reviewed","Official fixed v1.04 PDF acquired and hashed."
"ASSERT-NVIDIA-H100-TMA-IMPL-LEVEL-NVIDIA-H100-ARCH-WHITEPAPER-V1-04","FACT-NVIDIA-H100-TMA-IMPL-LEVEL","SRC-NVIDIA-H100-ARCH-WHITEPAPER-V1-04","architecture_mechanism","direct_statement","supports","configurable_engine","","","pp.32-35","","source_checked","h100_pilot","","2026-08-12","FACT-NVIDIA-H100-TMA-IMPL-LEVEL|SRC-NVIDIA-H100-ARCH-WHITEPAPER-V1-04|supports|pp.32-35","reviewed","Official fixed v1.04 PDF acquired and hashed."
"ASSERT-NVIDIA-H100-PCIE-PROTOCOL-NVIDIA-H100-ARCH-WHITEPAPER-V1-04","FACT-NVIDIA-H100-PCIE-PROTOCOL","SRC-NVIDIA-H100-ARCH-WHITEPAPER-V1-04","architecture_mechanism","direct_statement","supports","PCIe 5.0 x16","","","pp.49-50","","source_checked","h100_pilot","","2026-08-12","FACT-NVIDIA-H100-PCIE-PROTOCOL|SRC-NVIDIA-H100-ARCH-WHITEPAPER-V1-04|supports|pp.49-50","reviewed","Official fixed v1.04 PDF acquired and hashed."
"ASSERT-NVIDIA-H100-NVLINK-PROTOCOL-NVIDIA-H100-ARCH-WHITEPAPER-V1-04","FACT-NVIDIA-H100-NVLINK-PROTOCOL","SRC-NVIDIA-H100-ARCH-WHITEPAPER-V1-04","architecture_mechanism","direct_statement","supports","NVLink 4","","","p.47","","source_checked","h100_pilot","","2026-08-12","FACT-NVIDIA-H100-NVLINK-PROTOCOL|SRC-NVIDIA-H100-ARCH-WHITEPAPER-V1-04|supports|p.47","reviewed","Official fixed v1.04 PDF acquired and hashed."
"ASSERT-NVIDIA-H100-REG-CAPACITY-PER-SM-NVIDIA-HOPPER-TUNING-GUIDE-13-3","FACT-NVIDIA-H100-REG-CAPACITY-PER-SM","SRC-NVIDIA-HOPPER-TUNING-GUIDE-13-3","architecture_mechanism","direct_statement","supports","65,536 32-bit registers/SM","","","p.9, section 1.4.1.1","","source_checked","h100_pilot","","2026-08-12","FACT-NVIDIA-H100-REG-CAPACITY-PER-SM|SRC-NVIDIA-HOPPER-TUNING-GUIDE-13-3|supports|p.9, section 1.4.1.1","reviewed",""
"ASSERT-NVIDIA-H100-DPX-THROUGHPUT-16-NVIDIA-HOPPER-TUNING-GUIDE-13-3","FACT-NVIDIA-H100-DPX-THROUGHPUT-16","SRC-NVIDIA-HOPPER-TUNING-GUIDE-13-3","architecture_mechanism","direct_statement","supports","","128","operations/cycle/SM","p.11, section 1.4.1.4","","source_checked","h100_pilot","","2026-08-12","FACT-NVIDIA-H100-DPX-THROUGHPUT-16|SRC-NVIDIA-HOPPER-TUNING-GUIDE-13-3|supports|p.11, section 1.4.1.4","reviewed",""
"ASSERT-NVIDIA-H100-TMA-DETAIL-NVIDIA-HOPPER-TUNING-GUIDE-13-3","FACT-NVIDIA-H100-TMA-DETAIL","SRC-NVIDIA-HOPPER-TUNING-GUIDE-13-3","architecture_mechanism","direct_statement","supports","Descriptor-driven asynchronous 1D-5D copies between global and shared memory, plus copies across a thread-block cluster shared-memory region","","","pp.9-10, section 1.4.1.2","","source_checked","h100_pilot","","2026-08-12","FACT-NVIDIA-H100-TMA-DETAIL|SRC-NVIDIA-HOPPER-TUNING-GUIDE-13-3|supports|pp.9-10, section 1.4.1.2","reviewed",""
"ASSERT-NVIDIA-H100-NVLINK-LINK-COUNT-NVIDIA-HOPPER-TUNING-GUIDE-13-3","FACT-NVIDIA-H100-NVLINK-LINK-COUNT","SRC-NVIDIA-HOPPER-TUNING-GUIDE-13-3","architecture_mechanism","direct_statement","supports","","18","count","p.12, section 1.4.5","","source_checked","h100_pilot","","2026-08-12","FACT-NVIDIA-H100-NVLINK-LINK-COUNT|SRC-NVIDIA-HOPPER-TUNING-GUIDE-13-3|supports|p.12, section 1.4.5","reviewed",""
"ASSERT-NVIDIA-H100-L1SMEM-SHARED-MAX-NVIDIA-HOPPER-TUNING-GUIDE-13-3","FACT-NVIDIA-H100-L1SMEM-SHARED-MAX","SRC-NVIDIA-HOPPER-TUNING-GUIDE-13-3","architecture_mechanism","direct_statement","supports","","228","KB/SM","pp.11-12, sections 1.4.3-1.4.4","","source_checked","h100_pilot","","2026-08-12","FACT-NVIDIA-H100-L1SMEM-SHARED-MAX|SRC-NVIDIA-HOPPER-TUNING-GUIDE-13-3|supports|pp.11-12, sections 1.4.3-1.4.4","reviewed",""
"ASSERT-NVIDIA-H100-L1SMEM-CAPACITY-PER-SM-NVIDIA-HOPPER-TUNING-GUIDE-13-3","FACT-NVIDIA-H100-L1SMEM-CAPACITY-PER-SM","SRC-NVIDIA-HOPPER-TUNING-GUIDE-13-3","architecture_mechanism","direct_statement","supports","","256","KB/SM","pp.11-12, sections 1.4.3-1.4.4","","source_checked","h100_pilot","","2026-08-12","FACT-NVIDIA-H100-L1SMEM-CAPACITY-PER-SM|SRC-NVIDIA-HOPPER-TUNING-GUIDE-13-3|supports|pp.11-12, sections 1.4.3-1.4.4","reviewed",""
"ASSERT-NVIDIA-H100-HBM-BW-LAUNCH-NVIDIA-H100-HOTCHIPS34-2022","FACT-NVIDIA-H100-HBM-BW-LAUNCH","SRC-NVIDIA-H100-HOTCHIPS34-2022","status_version","direct_statement","supports","","3","TB/s","p.6","80 GB HBM3, 3 TB/s; memory data rates not finalized","source_checked","h100_pilot","","2026-08-12","FACT-NVIDIA-H100-HBM-BW-LAUNCH|SRC-NVIDIA-H100-HOTCHIPS34-2022|supports|p.6","reviewed","Preliminary launch statement."
"ASSERT-NVIDIA-H100-HBM-BW-CURRENT-NVIDIA-H100-DATASHEET-20240924-SUPERSEDES","FACT-NVIDIA-H100-HBM-BW-CURRENT","SRC-NVIDIA-H100-DATASHEET-20240924","status_version","direct_statement","supersedes","","3.35","TB/s","p.2, GPU Memory Bandwidth","","source_checked","h100_pilot","","2026-08-12","FACT-NVIDIA-H100-HBM-BW-CURRENT|SRC-NVIDIA-H100-DATASHEET-20240924|supersedes|p.2, GPU Memory Bandwidth","reviewed","Current 3.35 TB/s supersedes the preliminary 3 TB/s statement for current card use."
"ASSERT-NVIDIA-GH100-PROCESS-NVIDIA-H100-ARCH-WHITEPAPER-V1-04","FACT-NVIDIA-GH100-PROCESS","SRC-NVIDIA-H100-ARCH-WHITEPAPER-V1-04","core_spec","direct_statement","supports","TSMC 4N","","","p.17; pp.39-40, Table 3","","source_checked","h100_structured_staging","","2026-08-12","FACT-NVIDIA-GH100-PROCESS|SRC-NVIDIA-H100-ARCH-WHITEPAPER-V1-04|supports|p.17; pp.39-40, Table 3","reviewed","Target is OBJ-NVIDIA-GH100-DIE, linked globally to the H100 SXM5 module by physically_contains."
"ASSERT-NVIDIA-GH100-TRANSISTORS-NVIDIA-H100-ARCH-WHITEPAPER-V1-04","FACT-NVIDIA-GH100-TRANSISTORS","SRC-NVIDIA-H100-ARCH-WHITEPAPER-V1-04","core_spec","direct_statement","supports","","80","billion transistors","p.17; pp.39-40, Table 3","","source_checked","h100_structured_staging","","2026-08-12","FACT-NVIDIA-GH100-TRANSISTORS|SRC-NVIDIA-H100-ARCH-WHITEPAPER-V1-04|supports|p.17; pp.39-40, Table 3","reviewed","Target is OBJ-NVIDIA-GH100-DIE, linked globally to the H100 SXM5 module by physically_contains."
"ASSERT-NVIDIA-GH100-DIE-AREA-NVIDIA-H100-ARCH-WHITEPAPER-V1-04","FACT-NVIDIA-GH100-DIE-AREA","SRC-NVIDIA-H100-ARCH-WHITEPAPER-V1-04","core_spec","direct_statement","supports","","814","mm2","pp.39-40, Table 3","","source_checked","h100_structured_staging","","2026-08-12","FACT-NVIDIA-GH100-DIE-AREA|SRC-NVIDIA-H100-ARCH-WHITEPAPER-V1-04|supports|pp.39-40, Table 3","reviewed","Target is OBJ-NVIDIA-GH100-DIE, linked globally to the H100 SXM5 module by physically_contains."
"ASSERT-NVIDIA-H100-DSM-DETAIL-NVIDIA-H100-ARCH-WHITEPAPER-V1-04","FACT-NVIDIA-H100-DSM-DETAIL","SRC-NVIDIA-H100-ARCH-WHITEPAPER-V1-04","architecture_mechanism","direct_statement","supports","Cluster blocks can access distributed shared memory; remote accesses support load, store and atomic operations; portable maximum 8 blocks, H100 nonportable option 16 blocks","","","pp.29-31","","source_checked","h100_pilot","","2026-08-12","FACT-NVIDIA-H100-DSM-DETAIL|SRC-NVIDIA-H100-ARCH-WHITEPAPER-V1-04|supports|pp.29-31","reviewed","Official fixed v1.04 PDF."
"ASSERT-NVIDIA-H100-DSM-DETAIL-NVIDIA-HOPPER-TUNING-GUIDE-13-3","FACT-NVIDIA-H100-DSM-DETAIL","SRC-NVIDIA-HOPPER-TUNING-GUIDE-13-3","architecture_mechanism","direct_statement","supports","Cluster blocks can access distributed shared memory; remote accesses support load, store and atomic operations; portable maximum 8 blocks, H100 nonportable option 16 blocks","","","pp.10-11, section 1.4.1.3","","source_checked","h100_pilot","","2026-08-12","FACT-NVIDIA-H100-DSM-DETAIL|SRC-NVIDIA-HOPPER-TUNING-GUIDE-13-3|supports|pp.10-11, section 1.4.1.3","reviewed","Fixed local copy is registered as END-NVIDIA-HOPPER-TUNING-GUIDE-LOCAL; source is retained but redundant for the current selected fact set."
"ASSERT-FACT-AWS-TRN2-NCV3-COUNT-S01","FACT-AWS-TRN2-NCV3-COUNT","SRC-AWS-TRN2-S01","core_spec","direct_statement","supports","","8","count","Trainium2 chip components","","source_checked","trainium2_pilot","","","AFP-ASSERT-FACT-AWS-TRN2-NCV3-COUNT-S01","reviewed","从试填草稿的证据定位结构化；未在本任务重新联网"
"ASSERT-FACT-AWS-TRN2-MAIN-DMA-COUNT-S01","FACT-AWS-TRN2-MAIN-DMA-COUNT","SRC-AWS-TRN2-S01","core_spec","direct_statement","supports","","128","count","Trainium2 chip components","","source_checked","trainium2_pilot","","","AFP-ASSERT-FACT-AWS-TRN2-MAIN-DMA-COUNT-S01","reviewed","从试填草稿的证据定位结构化；未在本任务重新联网"
"ASSERT-FACT-AWS-TRN2-GPSIMD-PROC-COUNT-S02","FACT-AWS-TRN2-GPSIMD-PROC-COUNT","SRC-AWS-TRN2-S02","architecture_mechanism","direct_statement","supports","","8","count","Gpsimd Engine","","source_checked","trainium2_pilot","","","AFP-ASSERT-FACT-AWS-TRN2-GPSIMD-PROC-COUNT-S02","reviewed","从试填草稿的证据定位结构化；未在本任务重新联网"
"ASSERT-FACT-AWS-TRN2-GPSIMD-ISSUE-WIDTH-S03","FACT-AWS-TRN2-GPSIMD-ISSUE-WIDTH","SRC-AWS-TRN2-S03","architecture_mechanism","direct_statement","supports","","512","bit","GPSIMD engine","","source_checked","trainium2_pilot","","","AFP-ASSERT-FACT-AWS-TRN2-GPSIMD-ISSUE-WIDTH-S03","reviewed","从试填草稿的证据定位结构化；未在本任务重新联网"
"ASSERT-FACT-AWS-TRN2-DGE-COUNT-S02","FACT-AWS-TRN2-DGE-COUNT","SRC-AWS-TRN2-S02","architecture_mechanism","direct_statement","supports","","2","count","Descriptor Generation Engine","","source_checked","trainium2_pilot","","","AFP-ASSERT-FACT-AWS-TRN2-DGE-COUNT-S02","reviewed","从试填草稿的证据定位结构化；未在本任务重新联网"
"ASSERT-FACT-AWS-TRN2-CCCORE-COUNT-16-S01","FACT-AWS-TRN2-CCCORE-COUNT-16","SRC-AWS-TRN2-S01","conflict_evidence","direct_statement","supports","","16","count","Collective communication","","source_checked","trainium2_pilot","","","AFP-ASSERT-FACT-AWS-TRN2-CCCORE-COUNT-16-S01","reviewed","从试填草稿的证据定位结构化；未在本任务重新联网"
"ASSERT-FACT-AWS-TRN2-CCCORE-COUNT-20-S02","FACT-AWS-TRN2-CCCORE-COUNT-20","SRC-AWS-TRN2-S02","conflict_evidence","direct_statement","supports","","20","count","Trainium2 Device Diagram","","source_checked","trainium2_pilot","","","AFP-ASSERT-FACT-AWS-TRN2-CCCORE-COUNT-20-S02","reviewed","从试填草稿的证据定位结构化；未在本任务重新联网"
"ASSERT-FACT-AWS-TRN2-TENSOR-ARRAY-SHAPE-S04","FACT-AWS-TRN2-TENSOR-ARRAY-SHAPE","SRC-AWS-TRN2-S04","architecture_mechanism","direct_statement","supports","128 x 128","","","Performance mode and Tiling mode","","source_checked","trainium2_pilot","","","AFP-ASSERT-FACT-AWS-TRN2-TENSOR-ARRAY-SHAPE-S04","reviewed","从试填草稿的证据定位结构化；未在本任务重新联网"
"ASSERT-FACT-AWS-TRN2-TENSOR-FP8-TILE-S04","FACT-AWS-TRN2-TENSOR-FP8-TILE","SRC-AWS-TRN2-S04","architecture_mechanism","direct_statement","supports","M=128, K=256, N=512","","","Tile size","","source_checked","trainium2_pilot","","","AFP-ASSERT-FACT-AWS-TRN2-TENSOR-FP8-TILE-S04","reviewed","从试填草稿的证据定位结构化；未在本任务重新联网"
"ASSERT-FACT-AWS-TRN2-TENSOR-EXECUTION-RATES-S02","FACT-AWS-TRN2-TENSOR-EXECUTION-RATES","SRC-AWS-TRN2-S02","architecture_mechanism","direct_statement","supports","4x128; 2x128; 5x128; 1x128 elements/cycle","","","Tensor Engine","","source_checked","trainium2_pilot","","","AFP-ASSERT-FACT-AWS-TRN2-TENSOR-EXECUTION-RATES-S02","reviewed","从试填草稿的证据定位结构化；未在本任务重新联网"
"ASSERT-FACT-AWS-TRN2-TENSOR-FP8-OPERAND-A-S04","FACT-AWS-TRN2-TENSOR-FP8-OPERAND-A","SRC-AWS-TRN2-S04","architecture_mechanism","direct_statement","supports","float8_e4m3 or float8_e5m2","","","Data types","","source_checked","trainium2_pilot","","","AFP-ASSERT-FACT-AWS-TRN2-TENSOR-FP8-OPERAND-A-S04","reviewed","从试填草稿的证据定位结构化；未在本任务重新联网"
"ASSERT-FACT-AWS-TRN2-TENSOR-FP8-OPERAND-B-S04","FACT-AWS-TRN2-TENSOR-FP8-OPERAND-B","SRC-AWS-TRN2-S04","architecture_mechanism","direct_statement","supports","float8_e4m3 or float8_e5m2","","","Data types","","source_checked","trainium2_pilot","","","AFP-ASSERT-FACT-AWS-TRN2-TENSOR-FP8-OPERAND-B-S04","reviewed","从试填草稿的证据定位结构化；未在本任务重新联网"
"ASSERT-FACT-AWS-TRN2-TENSOR-FP8-ACCUM-S04","FACT-AWS-TRN2-TENSOR-FP8-ACCUM","SRC-AWS-TRN2-S04","architecture_mechanism","direct_statement","supports","FP32","","","Data types","","source_checked","trainium2_pilot","","","AFP-ASSERT-FACT-AWS-TRN2-TENSOR-FP8-ACCUM-S04","reviewed","从试填草稿的证据定位结构化；未在本任务重新联网"
"ASSERT-FACT-AWS-TRN2-TENSOR-FP8-OUTPUT-S04","FACT-AWS-TRN2-TENSOR-FP8-OUTPUT","SRC-AWS-TRN2-S04","architecture_mechanism","direct_statement","supports","FP32","","","Data types and Memory types","","source_checked","trainium2_pilot","","","AFP-ASSERT-FACT-AWS-TRN2-TENSOR-FP8-OUTPUT-S04","reviewed","从试填草稿的证据定位结构化；未在本任务重新联网"
"ASSERT-FACT-AWS-TRN2-TENSOR-BF16-OPERAND-A-S04","FACT-AWS-TRN2-TENSOR-BF16-OPERAND-A","SRC-AWS-TRN2-S04","architecture_mechanism","direct_statement","supports","BF16","","","Data types","","source_checked","trainium2_pilot","","","AFP-ASSERT-FACT-AWS-TRN2-TENSOR-BF16-OPERAND-A-S04","reviewed","从试填草稿的证据定位结构化；未在本任务重新联网"
"ASSERT-FACT-AWS-TRN2-TENSOR-BF16-OPERAND-B-S04","FACT-AWS-TRN2-TENSOR-BF16-OPERAND-B","SRC-AWS-TRN2-S04","architecture_mechanism","direct_statement","supports","BF16","","","Data types","","source_checked","trainium2_pilot","","","AFP-ASSERT-FACT-AWS-TRN2-TENSOR-BF16-OPERAND-B-S04","reviewed","从试填草稿的证据定位结构化；未在本任务重新联网"
"ASSERT-FACT-AWS-TRN2-TENSOR-BF16-ACCUM-S04","FACT-AWS-TRN2-TENSOR-BF16-ACCUM","SRC-AWS-TRN2-S04","architecture_mechanism","direct_statement","supports","FP32","","","Data types","","source_checked","trainium2_pilot","","","AFP-ASSERT-FACT-AWS-TRN2-TENSOR-BF16-ACCUM-S04","reviewed","从试填草稿的证据定位结构化；未在本任务重新联网"
"ASSERT-FACT-AWS-TRN2-TENSOR-BF16-OUTPUT-S04","FACT-AWS-TRN2-TENSOR-BF16-OUTPUT","SRC-AWS-TRN2-S04","architecture_mechanism","direct_statement","supports","FP32","","","Data types and Memory types","","source_checked","trainium2_pilot","","","AFP-ASSERT-FACT-AWS-TRN2-TENSOR-BF16-OUTPUT-S04","reviewed","从试填草稿的证据定位结构化；未在本任务重新联网"
"ASSERT-FACT-AWS-TRN2-TENSOR-FP16-OPERAND-A-S04","FACT-AWS-TRN2-TENSOR-FP16-OPERAND-A","SRC-AWS-TRN2-S04","architecture_mechanism","direct_statement","supports","FP16","","","Data types","","source_checked","trainium2_pilot","","","AFP-ASSERT-FACT-AWS-TRN2-TENSOR-FP16-OPERAND-A-S04","reviewed","从试填草稿的证据定位结构化；未在本任务重新联网"
"ASSERT-FACT-AWS-TRN2-TENSOR-FP16-OPERAND-B-S04","FACT-AWS-TRN2-TENSOR-FP16-OPERAND-B","SRC-AWS-TRN2-S04","architecture_mechanism","direct_statement","supports","FP16","","","Data types","","source_checked","trainium2_pilot","","","AFP-ASSERT-FACT-AWS-TRN2-TENSOR-FP16-OPERAND-B-S04","reviewed","从试填草稿的证据定位结构化；未在本任务重新联网"
"ASSERT-FACT-AWS-TRN2-TENSOR-FP16-ACCUM-S04","FACT-AWS-TRN2-TENSOR-FP16-ACCUM","SRC-AWS-TRN2-S04","architecture_mechanism","direct_statement","supports","FP32","","","Data types","","source_checked","trainium2_pilot","","","AFP-ASSERT-FACT-AWS-TRN2-TENSOR-FP16-ACCUM-S04","reviewed","从试填草稿的证据定位结构化；未在本任务重新联网"
"ASSERT-FACT-AWS-TRN2-TENSOR-FP16-OUTPUT-S04","FACT-AWS-TRN2-TENSOR-FP16-OUTPUT","SRC-AWS-TRN2-S04","architecture_mechanism","direct_statement","supports","FP32","","","Data types and Memory types","","source_checked","trainium2_pilot","","","AFP-ASSERT-FACT-AWS-TRN2-TENSOR-FP16-OUTPUT-S04","reviewed","从试填草稿的证据定位结构化；未在本任务重新联网"
"ASSERT-FACT-AWS-TRN2-TENSOR-TF32-OPERAND-A-S04","FACT-AWS-TRN2-TENSOR-TF32-OPERAND-A","SRC-AWS-TRN2-S04","architecture_mechanism","direct_statement","supports","TF32","","","Data types","","source_checked","trainium2_pilot","","","AFP-ASSERT-FACT-AWS-TRN2-TENSOR-TF32-OPERAND-A-S04","reviewed","从试填草稿的证据定位结构化；未在本任务重新联网"
"ASSERT-FACT-AWS-TRN2-TENSOR-TF32-OPERAND-B-S04","FACT-AWS-TRN2-TENSOR-TF32-OPERAND-B","SRC-AWS-TRN2-S04","architecture_mechanism","direct_statement","supports","TF32","","","Data types","","source_checked","trainium2_pilot","","","AFP-ASSERT-FACT-AWS-TRN2-TENSOR-TF32-OPERAND-B-S04","reviewed","从试填草稿的证据定位结构化；未在本任务重新联网"
"ASSERT-FACT-AWS-TRN2-TENSOR-TF32-ACCUM-S04","FACT-AWS-TRN2-TENSOR-TF32-ACCUM","SRC-AWS-TRN2-S04","architecture_mechanism","direct_statement","supports","FP32","","","Data types","","source_checked","trainium2_pilot","","","AFP-ASSERT-FACT-AWS-TRN2-TENSOR-TF32-ACCUM-S04","reviewed","从试填草稿的证据定位结构化；未在本任务重新联网"
"ASSERT-FACT-AWS-TRN2-TENSOR-TF32-OUTPUT-S04","FACT-AWS-TRN2-TENSOR-TF32-OUTPUT","SRC-AWS-TRN2-S04","architecture_mechanism","direct_statement","supports","FP32","","","Data types and Memory types","","source_checked","trainium2_pilot","","","AFP-ASSERT-FACT-AWS-TRN2-TENSOR-TF32-OUTPUT-S04","reviewed","从试填草稿的证据定位结构化；未在本任务重新联网"
"ASSERT-FACT-AWS-TRN2-TENSOR-FP32-OPERAND-A-S04","FACT-AWS-TRN2-TENSOR-FP32-OPERAND-A","SRC-AWS-TRN2-S04","architecture_mechanism","direct_statement","supports","FP32","","","Data types","","source_checked","trainium2_pilot","","","AFP-ASSERT-FACT-AWS-TRN2-TENSOR-FP32-OPERAND-A-S04","reviewed","从试填草稿的证据定位结构化；未在本任务重新联网"
"ASSERT-FACT-AWS-TRN2-TENSOR-FP32-OPERAND-B-S04","FACT-AWS-TRN2-TENSOR-FP32-OPERAND-B","SRC-AWS-TRN2-S04","architecture_mechanism","direct_statement","supports","FP32","","","Data types","","source_checked","trainium2_pilot","","","AFP-ASSERT-FACT-AWS-TRN2-TENSOR-FP32-OPERAND-B-S04","reviewed","从试填草稿的证据定位结构化；未在本任务重新联网"
"ASSERT-FACT-AWS-TRN2-TENSOR-FP32-ACCUM-S04","FACT-AWS-TRN2-TENSOR-FP32-ACCUM","SRC-AWS-TRN2-S04","architecture_mechanism","direct_statement","supports","FP32","","","Data types","","source_checked","trainium2_pilot","","","AFP-ASSERT-FACT-AWS-TRN2-TENSOR-FP32-ACCUM-S04","reviewed","从试填草稿的证据定位结构化；未在本任务重新联网"
"ASSERT-FACT-AWS-TRN2-TENSOR-FP32-OUTPUT-S04","FACT-AWS-TRN2-TENSOR-FP32-OUTPUT","SRC-AWS-TRN2-S04","architecture_mechanism","direct_statement","supports","FP32","","","Data types and Memory types","","source_checked","trainium2_pilot","","","AFP-ASSERT-FACT-AWS-TRN2-TENSOR-FP32-OUTPUT-S04","reviewed","从试填草稿的证据定位结构化；未在本任务重新联网"
"ASSERT-FACT-AWS-TRN2-TENSOR-FP8-ROUNDING-S03","FACT-AWS-TRN2-TENSOR-FP8-ROUNDING","SRC-AWS-TRN2-S03","architecture_mechanism","direct_statement","supports","RNE and stochastic rounding","","","Tensor Engine","","source_checked","trainium2_pilot","","","AFP-ASSERT-FACT-AWS-TRN2-TENSOR-FP8-ROUNDING-S03","reviewed","从试填草稿的证据定位结构化；未在本任务重新联网"
"ASSERT-FACT-AWS-TRN2-TENSOR-FP8-SCALING-S03","FACT-AWS-TRN2-TENSOR-FP8-SCALING","SRC-AWS-TRN2-S03","architecture_mechanism","direct_statement","supports","configurable exponent bias","","","Tensor Engine","","source_checked","trainium2_pilot","","","AFP-ASSERT-FACT-AWS-TRN2-TENSOR-FP8-SCALING-S03","reviewed","从试填草稿的证据定位结构化；未在本任务重新联网"
"ASSERT-FACT-AWS-TRN2-SPARSITY-MODES-S03","FACT-AWS-TRN2-SPARSITY-MODES","SRC-AWS-TRN2-S03","architecture_mechanism","direct_statement","supports","4:16, 4:12, 4:8, 2:8, 2:4, 1:4, 1:2","","","Tensor Engine","","source_checked","trainium2_pilot","","","AFP-ASSERT-FACT-AWS-TRN2-SPARSITY-MODES-S03","reviewed","从试填草稿的证据定位结构化；未在本任务重新联网"
"ASSERT-FACT-AWS-TRN2-CHIP-FP8-DENSE-PUB-S01","FACT-AWS-TRN2-CHIP-FP8-DENSE-PUB","SRC-AWS-TRN2-S01","conflict_evidence","direct_statement","supports","","1299","TFLOPS","Trainium2 chip components / Compute","","source_checked","trainium2_pilot","","","AFP-ASSERT-FACT-AWS-TRN2-CHIP-FP8-DENSE-PUB-S01","reviewed","从试填草稿的证据定位结构化；未在本任务重新联网"
"ASSERT-FACT-AWS-TRN2-CORE-FP8-DENSE-PUB-S02","FACT-AWS-TRN2-CORE-FP8-DENSE-PUB","SRC-AWS-TRN2-S02","core_spec","direct_statement","supports","","158","TFLOPS","Table 11 / Tensor Engine","","source_checked","trainium2_pilot","","","AFP-ASSERT-FACT-AWS-TRN2-CORE-FP8-DENSE-PUB-S02","reviewed","从试填草稿的证据定位结构化；未在本任务重新联网"
"ASSERT-FACT-AWS-TRN2-CHIP-BF16-DENSE-PUB-S01","FACT-AWS-TRN2-CHIP-BF16-DENSE-PUB","SRC-AWS-TRN2-S01","conflict_evidence","direct_statement","supports","","667","TFLOPS","Trainium2 chip components / Compute","","source_checked","trainium2_pilot","","","AFP-ASSERT-FACT-AWS-TRN2-CHIP-BF16-DENSE-PUB-S01","reviewed","从试填草稿的证据定位结构化；未在本任务重新联网"
"ASSERT-FACT-AWS-TRN2-CORE-BF16-DENSE-PUB-S02","FACT-AWS-TRN2-CORE-BF16-DENSE-PUB","SRC-AWS-TRN2-S02","core_spec","direct_statement","supports","","79","TFLOPS","Table 11 / Tensor Engine","","source_checked","trainium2_pilot","","","AFP-ASSERT-FACT-AWS-TRN2-CORE-BF16-DENSE-PUB-S02","reviewed","从试填草稿的证据定位结构化；未在本任务重新联网"
"ASSERT-FACT-AWS-TRN2-CHIP-FP16-DENSE-PUB-S01","FACT-AWS-TRN2-CHIP-FP16-DENSE-PUB","SRC-AWS-TRN2-S01","conflict_evidence","direct_statement","supports","","667","TFLOPS","Trainium2 chip components / Compute","","source_checked","trainium2_pilot","","","AFP-ASSERT-FACT-AWS-TRN2-CHIP-FP16-DENSE-PUB-S01","reviewed","从试填草稿的证据定位结构化；未在本任务重新联网"
"ASSERT-FACT-AWS-TRN2-CORE-FP16-DENSE-PUB-S02","FACT-AWS-TRN2-CORE-FP16-DENSE-PUB","SRC-AWS-TRN2-S02","core_spec","direct_statement","supports","","79","TFLOPS","Table 11 / Tensor Engine","","source_checked","trainium2_pilot","","","AFP-ASSERT-FACT-AWS-TRN2-CORE-FP16-DENSE-PUB-S02","reviewed","从试填草稿的证据定位结构化；未在本任务重新联网"
"ASSERT-FACT-AWS-TRN2-CHIP-TF32-DENSE-PUB-S01","FACT-AWS-TRN2-CHIP-TF32-DENSE-PUB","SRC-AWS-TRN2-S01","conflict_evidence","direct_statement","supports","","667","TFLOPS","Trainium2 chip components / Compute","","source_checked","trainium2_pilot","","","AFP-ASSERT-FACT-AWS-TRN2-CHIP-TF32-DENSE-PUB-S01","reviewed","从试填草稿的证据定位结构化；未在本任务重新联网"
"ASSERT-FACT-AWS-TRN2-CORE-TF32-DENSE-PUB-S02","FACT-AWS-TRN2-CORE-TF32-DENSE-PUB","SRC-AWS-TRN2-S02","core_spec","direct_statement","supports","","79","TFLOPS","Table 11 / Tensor Engine","","source_checked","trainium2_pilot","","","AFP-ASSERT-FACT-AWS-TRN2-CORE-TF32-DENSE-PUB-S02","reviewed","从试填草稿的证据定位结构化；未在本任务重新联网"
"ASSERT-FACT-AWS-TRN2-CHIP-FP32-DENSE-PUB-S01","FACT-AWS-TRN2-CHIP-FP32-DENSE-PUB","SRC-AWS-TRN2-S01","conflict_evidence","direct_statement","supports","","181","TFLOPS","Trainium2 chip components / Compute","","source_checked","trainium2_pilot","","","AFP-ASSERT-FACT-AWS-TRN2-CHIP-FP32-DENSE-PUB-S01","reviewed","从试填草稿的证据定位结构化；未在本任务重新联网"
"ASSERT-FACT-AWS-TRN2-CORE-FP32-DENSE-PUB-S02","FACT-AWS-TRN2-CORE-FP32-DENSE-PUB","SRC-AWS-TRN2-S02","core_spec","direct_statement","supports","","20","TFLOPS","Table 11 / Tensor Engine","","source_checked","trainium2_pilot","","","AFP-ASSERT-FACT-AWS-TRN2-CORE-FP32-DENSE-PUB-S02","reviewed","从试填草稿的证据定位结构化；未在本任务重新联网"
"ASSERT-FACT-AWS-TRN2-CHIP-FP8-SPARSE-PUB-S01","FACT-AWS-TRN2-CHIP-FP8-SPARSE-PUB","SRC-AWS-TRN2-S01","conflict_evidence","direct_statement","supports","","2563","TFLOPS","Trainium2 chip components / Compute","","source_checked","trainium2_pilot","","","AFP-ASSERT-FACT-AWS-TRN2-CHIP-FP8-SPARSE-PUB-S01","reviewed","从试填草稿的证据定位结构化；未在本任务重新联网"
"ASSERT-FACT-AWS-TRN2-CORE-FP8-SPARSE-PUB-S02","FACT-AWS-TRN2-CORE-FP8-SPARSE-PUB","SRC-AWS-TRN2-S02","core_spec","direct_statement","supports","","316","TFLOPS","Table 11 / Tensor Engine","","source_checked","trainium2_pilot","","","AFP-ASSERT-FACT-AWS-TRN2-CORE-FP8-SPARSE-PUB-S02","reviewed","从试填草稿的证据定位结构化；未在本任务重新联网"
"ASSERT-FACT-AWS-TRN2-CHIP-FP8-SPARSE-HIST2024-S10","FACT-AWS-TRN2-CHIP-FP8-SPARSE-HIST2024","SRC-AWS-TRN2-S10","conflict_evidence","direct_statement","supports","","5.2","PFLOPS","launch post sparse compute claim","","source_checked","trainium2_pilot","","","AFP-ASSERT-FACT-AWS-TRN2-CHIP-FP8-SPARSE-HIST2024-S10","reviewed","从试填草稿的证据定位结构化；未在本任务重新联网"
"ASSERT-FACT-AWS-TRN2-CHIP-BF16-SPARSE-PUB-S01","FACT-AWS-TRN2-CHIP-BF16-SPARSE-PUB","SRC-AWS-TRN2-S01","conflict_evidence","direct_statement","supports","","2563","TFLOPS","Trainium2 chip components / Compute","","source_checked","trainium2_pilot","","","AFP-ASSERT-FACT-AWS-TRN2-CHIP-BF16-SPARSE-PUB-S01","reviewed","从试填草稿的证据定位结构化；未在本任务重新联网"
"ASSERT-FACT-AWS-TRN2-CORE-BF16-SPARSE-PUB-S02","FACT-AWS-TRN2-CORE-BF16-SPARSE-PUB","SRC-AWS-TRN2-S02","core_spec","direct_statement","supports","","316","TFLOPS","Table 11 / Tensor Engine","","source_checked","trainium2_pilot","","","AFP-ASSERT-FACT-AWS-TRN2-CORE-BF16-SPARSE-PUB-S02","reviewed","从试填草稿的证据定位结构化；未在本任务重新联网"
"ASSERT-FACT-AWS-TRN2-CHIP-FP16-SPARSE-PUB-S01","FACT-AWS-TRN2-CHIP-FP16-SPARSE-PUB","SRC-AWS-TRN2-S01","conflict_evidence","direct_statement","supports","","2563","TFLOPS","Trainium2 chip components / Compute","","source_checked","trainium2_pilot","","","AFP-ASSERT-FACT-AWS-TRN2-CHIP-FP16-SPARSE-PUB-S01","reviewed","从试填草稿的证据定位结构化；未在本任务重新联网"
"ASSERT-FACT-AWS-TRN2-CORE-FP16-SPARSE-PUB-S02","FACT-AWS-TRN2-CORE-FP16-SPARSE-PUB","SRC-AWS-TRN2-S02","core_spec","direct_statement","supports","","316","TFLOPS","Table 11 / Tensor Engine","","source_checked","trainium2_pilot","","","AFP-ASSERT-FACT-AWS-TRN2-CORE-FP16-SPARSE-PUB-S02","reviewed","从试填草稿的证据定位结构化；未在本任务重新联网"
"ASSERT-FACT-AWS-TRN2-CHIP-TF32-SPARSE-PUB-S01","FACT-AWS-TRN2-CHIP-TF32-SPARSE-PUB","SRC-AWS-TRN2-S01","conflict_evidence","direct_statement","supports","","2563","TFLOPS","Trainium2 chip components / Compute","","source_checked","trainium2_pilot","","","AFP-ASSERT-FACT-AWS-TRN2-CHIP-TF32-SPARSE-PUB-S01","reviewed","从试填草稿的证据定位结构化；未在本任务重新联网"
"ASSERT-FACT-AWS-TRN2-CORE-TF32-SPARSE-PUB-S02","FACT-AWS-TRN2-CORE-TF32-SPARSE-PUB","SRC-AWS-TRN2-S02","core_spec","direct_statement","supports","","316","TFLOPS","Table 11 / Tensor Engine","","source_checked","trainium2_pilot","","","AFP-ASSERT-FACT-AWS-TRN2-CORE-TF32-SPARSE-PUB-S02","reviewed","从试填草稿的证据定位结构化；未在本任务重新联网"
"ASSERT-FACT-AWS-TRN2-VECTOR-FP32-CORE-S02","FACT-AWS-TRN2-VECTOR-FP32-CORE","SRC-AWS-TRN2-S02","core_spec","direct_statement","supports","","1.0","TFLOPS","Table 11 / Vector Engine","","source_checked","trainium2_pilot","","","AFP-ASSERT-FACT-AWS-TRN2-VECTOR-FP32-CORE-S02","reviewed","从试填草稿的证据定位结构化；未在本任务重新联网"
"ASSERT-FACT-AWS-TRN2-SCALAR-FP32-CORE-S02","FACT-AWS-TRN2-SCALAR-FP32-CORE","SRC-AWS-TRN2-S02","core_spec","direct_statement","supports","","1.2","TFLOPS","Table 11 / Scalar Engine","","source_checked","trainium2_pilot","","","AFP-ASSERT-FACT-AWS-TRN2-SCALAR-FP32-CORE-S02","reviewed","从试填草稿的证据定位结构化；未在本任务重新联网"
"ASSERT-FACT-AWS-TRN2-TENSOR-CLOCK-S02","FACT-AWS-TRN2-TENSOR-CLOCK","SRC-AWS-TRN2-S02","core_spec","direct_statement","supports","","2.4","GHz","Tensor Engine","","source_checked","trainium2_pilot","","","AFP-ASSERT-FACT-AWS-TRN2-TENSOR-CLOCK-S02","reviewed","从试填草稿的证据定位结构化；未在本任务重新联网"
"ASSERT-FACT-AWS-TRN2-VECTOR-CLOCK-S02","FACT-AWS-TRN2-VECTOR-CLOCK","SRC-AWS-TRN2-S02","core_spec","direct_statement","supports","","0.96","GHz","Vector Engine","","source_checked","trainium2_pilot","","","AFP-ASSERT-FACT-AWS-TRN2-VECTOR-CLOCK-S02","reviewed","从试填草稿的证据定位结构化；未在本任务重新联网"
"ASSERT-FACT-AWS-TRN2-SCALAR-CLOCK-S02","FACT-AWS-TRN2-SCALAR-CLOCK","SRC-AWS-TRN2-S02","core_spec","direct_statement","supports","","1.2","GHz","Scalar Engine","","source_checked","trainium2_pilot","","","AFP-ASSERT-FACT-AWS-TRN2-SCALAR-CLOCK-S02","reviewed","从试填草稿的证据定位结构化；未在本任务重新联网"
"ASSERT-FACT-AWS-TRN2-GPSIMD-CLOCK-S02","FACT-AWS-TRN2-GPSIMD-CLOCK","SRC-AWS-TRN2-S02","core_spec","direct_statement","supports","","1.2","GHz","Gpsimd Engine","","source_checked","trainium2_pilot","","","AFP-ASSERT-FACT-AWS-TRN2-GPSIMD-CLOCK-S02","reviewed","从试填草稿的证据定位结构化；未在本任务重新联网"
"ASSERT-FACT-AWS-TRN2-HBM-STACKS-S01","FACT-AWS-TRN2-HBM-STACKS","SRC-AWS-TRN2-S01","core_spec","direct_statement","supports","","4","count","Trainium2 chip components","","source_checked","trainium2_pilot","","","AFP-ASSERT-FACT-AWS-TRN2-HBM-STACKS-S01","reviewed","从试填草稿的证据定位结构化；未在本任务重新联网"
"ASSERT-FACT-AWS-TRN2-HBM-CAPACITY-S01","FACT-AWS-TRN2-HBM-CAPACITY","SRC-AWS-TRN2-S01","core_spec","direct_statement","supports","","96","GiB","Memory","","source_checked","trainium2_pilot","","","AFP-ASSERT-FACT-AWS-TRN2-HBM-CAPACITY-S01","reviewed","从试填草稿的证据定位结构化；未在本任务重新联网"
"ASSERT-FACT-AWS-TRN2-HBM-BANDWIDTH-S01","FACT-AWS-TRN2-HBM-BANDWIDTH","SRC-AWS-TRN2-S01","core_spec","direct_statement","supports","","2.9","TB/s","Memory","","source_checked","trainium2_pilot","","","AFP-ASSERT-FACT-AWS-TRN2-HBM-BANDWIDTH-S01","reviewed","从试填草稿的证据定位结构化；未在本任务重新联网"
"ASSERT-FACT-AWS-TRN2-HBM-BANKS-S05","FACT-AWS-TRN2-HBM-BANKS","SRC-AWS-TRN2-S05","architecture_mechanism","direct_statement","supports","","4","count","LNC=1/2","","source_checked","trainium2_pilot","","","AFP-ASSERT-FACT-AWS-TRN2-HBM-BANKS-S05","reviewed","从试填草稿的证据定位结构化；未在本任务重新联网"
"ASSERT-FACT-AWS-TRN2-HBM-SHARING-S05","FACT-AWS-TRN2-HBM-SHARING","SRC-AWS-TRN2-S05","architecture_mechanism","direct_statement","supports","two physical NCv3 cores per bank","","","LNC=1/2","","source_checked","trainium2_pilot","","","AFP-ASSERT-FACT-AWS-TRN2-HBM-SHARING-S05","reviewed","从试填草稿的证据定位结构化；未在本任务重新联网"
"ASSERT-FACT-AWS-TRN2-SBUF-CAPACITY-CORE-S02","FACT-AWS-TRN2-SBUF-CAPACITY-CORE","SRC-AWS-TRN2-S02","core_spec","direct_statement","supports","","28","MiB","On-chip SRAM","","source_checked","trainium2_pilot","","","AFP-ASSERT-FACT-AWS-TRN2-SBUF-CAPACITY-CORE-S02","reviewed","从试填草稿的证据定位结构化；未在本任务重新联网"
"ASSERT-FACT-AWS-TRN2-SBUF-PARTITIONS-S02","FACT-AWS-TRN2-SBUF-PARTITIONS","SRC-AWS-TRN2-S02","core_spec","direct_statement","supports","","128","count","On-chip SRAM","","source_checked","trainium2_pilot","","","AFP-ASSERT-FACT-AWS-TRN2-SBUF-PARTITIONS-S02","reviewed","从试填草稿的证据定位结构化；未在本任务重新联网"
"ASSERT-FACT-AWS-TRN2-SBUF-GRANULARITY-S02","FACT-AWS-TRN2-SBUF-GRANULARITY","SRC-AWS-TRN2-S02","core_spec","direct_statement","supports","","224","KiB","On-chip SRAM","","source_checked","trainium2_pilot","","","AFP-ASSERT-FACT-AWS-TRN2-SBUF-GRANULARITY-S02","reviewed","从试填草稿的证据定位结构化；未在本任务重新联网"
"ASSERT-FACT-AWS-TRN2-SBUF-MANAGEMENT-S02","FACT-AWS-TRN2-SBUF-MANAGEMENT","SRC-AWS-TRN2-S02","architecture_mechanism","direct_statement","supports","software-managed SRAM","","","Data Movement Updates","","source_checked","trainium2_pilot","","","AFP-ASSERT-FACT-AWS-TRN2-SBUF-MANAGEMENT-S02","reviewed","从试填草稿的证据定位结构化；未在本任务重新联网"
"ASSERT-FACT-AWS-TRN2-PSUM-CAPACITY-CORE-S02","FACT-AWS-TRN2-PSUM-CAPACITY-CORE","SRC-AWS-TRN2-S02","core_spec","direct_statement","supports","","2","MiB","On-chip SRAM","","source_checked","trainium2_pilot","","","AFP-ASSERT-FACT-AWS-TRN2-PSUM-CAPACITY-CORE-S02","reviewed","从试填草稿的证据定位结构化；未在本任务重新联网"
"ASSERT-FACT-AWS-TRN2-SBUF-CAPACITY-CHIP-AGG-S01","FACT-AWS-TRN2-SBUF-CAPACITY-CHIP-AGG","SRC-AWS-TRN2-S01","core_spec","direct_statement","supports","224 MiB","","","Memory","","source_checked","trainium2_pilot","","","AFP-ASSERT-FACT-AWS-TRN2-SBUF-CAPACITY-CHIP-AGG-S01","reviewed","从试填草稿的证据定位结构化；未在本任务重新联网"
"ASSERT-FACT-AWS-TRN2-MAIN-DMA-BW-S01","FACT-AWS-TRN2-MAIN-DMA-BW","SRC-AWS-TRN2-S01","core_spec","direct_statement","supports","","3.5","TB/s","Trainium2 chip components","","source_checked","trainium2_pilot","","","AFP-ASSERT-FACT-AWS-TRN2-MAIN-DMA-BW-S01","reviewed","从试填草稿的证据定位结构化；未在本任务重新联网"
"ASSERT-FACT-AWS-TRN2-GPSIMD-DMA-TOTAL-S02","FACT-AWS-TRN2-GPSIMD-DMA-TOTAL","SRC-AWS-TRN2-S02","core_spec","direct_statement","supports","","307","GB/s","Gpsimd Engine","","source_checked","trainium2_pilot","","","AFP-ASSERT-FACT-AWS-TRN2-GPSIMD-DMA-TOTAL-S02","reviewed","从试填草稿的证据定位结构化；未在本任务重新联网"
"ASSERT-FACT-AWS-TRN2-GPSIMD-DMA-READ-S02","FACT-AWS-TRN2-GPSIMD-DMA-READ","SRC-AWS-TRN2-S02","core_spec","direct_statement","supports","","153","GB/s","Gpsimd Engine","","source_checked","trainium2_pilot","","","AFP-ASSERT-FACT-AWS-TRN2-GPSIMD-DMA-READ-S02","reviewed","从试填草稿的证据定位结构化；未在本任务重新联网"
"ASSERT-FACT-AWS-TRN2-GPSIMD-DMA-WRITE-S02","FACT-AWS-TRN2-GPSIMD-DMA-WRITE","SRC-AWS-TRN2-S02","core_spec","direct_statement","supports","","153","GB/s","Gpsimd Engine","","source_checked","trainium2_pilot","","","AFP-ASSERT-FACT-AWS-TRN2-GPSIMD-DMA-WRITE-S02","reviewed","从试填草稿的证据定位结构化；未在本任务重新联网"
"ASSERT-FACT-AWS-TRN2-48XL-CHIP-QTY-S06","FACT-AWS-TRN2-48XL-CHIP-QTY","SRC-AWS-TRN2-S06","core_spec","direct_statement","supports","","16","count","Trn2 instance specifications / Trn2 UltraServer","","source_checked","trainium2_pilot","","","AFP-ASSERT-FACT-AWS-TRN2-48XL-CHIP-QTY-S06","reviewed","从试填草稿的证据定位结构化；未在本任务重新联网"
"ASSERT-FACT-AWS-TRN2U-48XL-CHIP-QTY-S06","FACT-AWS-TRN2U-48XL-CHIP-QTY","SRC-AWS-TRN2-S06","core_spec","direct_statement","supports","","16","count","Trn2 instance specifications / Trn2 UltraServer","","source_checked","trainium2_pilot","","","AFP-ASSERT-FACT-AWS-TRN2U-48XL-CHIP-QTY-S06","reviewed","从试填草稿的证据定位结构化；未在本任务重新联网"
"ASSERT-FACT-AWS-TRN2-ULTRA64-CHIP-QTY-S06","FACT-AWS-TRN2-ULTRA64-CHIP-QTY","SRC-AWS-TRN2-S06","core_spec","direct_statement","supports","","64","count","Trn2 instance specifications / Trn2 UltraServer","","source_checked","trainium2_pilot","","","AFP-ASSERT-FACT-AWS-TRN2-ULTRA64-CHIP-QTY-S06","reviewed","从试填草稿的证据定位结构化；未在本任务重新联网"
"ASSERT-FACT-AWS-TRN2-ULTRA64-INSTANCE-QTY-S06","FACT-AWS-TRN2-ULTRA64-INSTANCE-QTY","SRC-AWS-TRN2-S06","core_spec","direct_statement","supports","","4","count","Trn2 instance specifications / Trn2 UltraServer","","source_checked","trainium2_pilot","","","AFP-ASSERT-FACT-AWS-TRN2-ULTRA64-INSTANCE-QTY-S06","reviewed","从试填草稿的证据定位结构化；未在本任务重新联网"
"ASSERT-FACT-AWS-TRN2-3XL-MEM-CAP-S07","FACT-AWS-TRN2-3XL-MEM-CAP","SRC-AWS-TRN2-S07","conflict_evidence","direct_statement","supports","","96","GB","Product details / Trn2 instance specifications","","source_checked","trainium2_pilot","","","AFP-ASSERT-FACT-AWS-TRN2-3XL-MEM-CAP-S07","reviewed","从试填草稿的证据定位结构化；未在本任务重新联网"
"ASSERT-FACT-AWS-TRN2-48XL-MEM-CAP-S06","FACT-AWS-TRN2-48XL-MEM-CAP","SRC-AWS-TRN2-S06","conflict_evidence","direct_statement","supports","","1536","GiB","Product details / Trn2 instance specifications","","source_checked","trainium2_pilot","","","AFP-ASSERT-FACT-AWS-TRN2-48XL-MEM-CAP-S06","reviewed","从试填草稿的证据定位结构化；未在本任务重新联网"
"ASSERT-FACT-AWS-TRN2-TRN2U-48XL-MEM-CAP-S06","FACT-AWS-TRN2-TRN2U-48XL-MEM-CAP","SRC-AWS-TRN2-S06","core_spec","direct_statement","supports","","1536","GiB","Product details / Trn2 instance specifications","","source_checked","trainium2_pilot","","","AFP-ASSERT-FACT-AWS-TRN2-TRN2U-48XL-MEM-CAP-S06","reviewed","从试填草稿的证据定位结构化；未在本任务重新联网"
"ASSERT-FACT-AWS-TRN2-ULTRA64-MEM-CAP-S06","FACT-AWS-TRN2-ULTRA64-MEM-CAP","SRC-AWS-TRN2-S06","core_spec","direct_statement","supports","","6144","GiB","Product details / Trn2 instance specifications","","source_checked","trainium2_pilot","","","AFP-ASSERT-FACT-AWS-TRN2-ULTRA64-MEM-CAP-S06","reviewed","从试填草稿的证据定位结构化；未在本任务重新联网"
"ASSERT-FACT-AWS-TRN2-3XL-MEM-CAP-GENERIC-S15","FACT-AWS-TRN2-3XL-MEM-CAP-GENERIC","SRC-AWS-TRN2-S15","conflict_evidence","direct_statement","supports","","512","GiB","generic table / trn2.3xlarge accelerator memory","","source_checked","trainium2_pilot","","","AFP-ASSERT-FACT-AWS-TRN2-3XL-MEM-CAP-GENERIC-S15","reviewed","从试填草稿的证据定位结构化；未在本任务重新联网"
"ASSERT-FACT-AWS-TRN2-48XL-MEM-CAP-GENERIC-S15","FACT-AWS-TRN2-48XL-MEM-CAP-GENERIC","SRC-AWS-TRN2-S15","conflict_evidence","direct_statement","supports","","8192","GiB","generic table / trn2.48xlarge accelerator memory","","source_checked","trainium2_pilot","","","AFP-ASSERT-FACT-AWS-TRN2-48XL-MEM-CAP-GENERIC-S15","reviewed","从试填草稿的证据定位结构化；未在本任务重新联网"
"ASSERT-FACT-AWS-TRN2-48XL-MEM-BW-S06","FACT-AWS-TRN2-48XL-MEM-BW","SRC-AWS-TRN2-S06","core_spec","direct_statement","supports","","46.4","TB/s","Trn2 instance specifications","","source_checked","trainium2_pilot","","","AFP-ASSERT-FACT-AWS-TRN2-48XL-MEM-BW-S06","reviewed","从试填草稿的证据定位结构化；未在本任务重新联网"
"ASSERT-FACT-AWS-TRN2-TRN2U-48XL-MEM-BW-S06","FACT-AWS-TRN2-TRN2U-48XL-MEM-BW","SRC-AWS-TRN2-S06","core_spec","direct_statement","supports","","46.4","TB/s","Trn2 instance specifications","","source_checked","trainium2_pilot","","","AFP-ASSERT-FACT-AWS-TRN2-TRN2U-48XL-MEM-BW-S06","reviewed","从试填草稿的证据定位结构化；未在本任务重新联网"
"ASSERT-FACT-AWS-TRN2-ULTRA64-MEM-BW-S06","FACT-AWS-TRN2-ULTRA64-MEM-BW","SRC-AWS-TRN2-S06","core_spec","direct_statement","supports","","185.6","TB/s","Trn2 instance specifications","","source_checked","trainium2_pilot","","","AFP-ASSERT-FACT-AWS-TRN2-ULTRA64-MEM-BW-S06","reviewed","从试填草稿的证据定位结构化；未在本任务重新联网"
"ASSERT-FACT-AWS-TRN2-NEURONLINK-IF-COUNT-S01","FACT-AWS-TRN2-NEURONLINK-IF-COUNT","SRC-AWS-TRN2-S01","core_spec","direct_statement","supports","","4","count","Trainium2 chip components","","source_checked","trainium2_pilot","","","AFP-ASSERT-FACT-AWS-TRN2-NEURONLINK-IF-COUNT-S01","reviewed","从试填草稿的证据定位结构化；未在本任务重新联网"
"ASSERT-FACT-AWS-TRN2-NEURONLINK-AGG-BW-S01","FACT-AWS-TRN2-NEURONLINK-AGG-BW","SRC-AWS-TRN2-S01","core_spec","direct_statement","supports","","1.28","TB/s","Trainium2 chip components","","source_checked","trainium2_pilot","","","AFP-ASSERT-FACT-AWS-TRN2-NEURONLINK-AGG-BW-S01","reviewed","从试填草稿的证据定位结构化；未在本任务重新联网"
"ASSERT-FACT-AWS-TRN2-48XL-INTRA-BW-S06","FACT-AWS-TRN2-48XL-INTRA-BW","SRC-AWS-TRN2-S06","core_spec","direct_statement","supports","","1024","GB/s/chip","Trn2 instance specifications","","source_checked","trainium2_pilot","","","AFP-ASSERT-FACT-AWS-TRN2-48XL-INTRA-BW-S06","reviewed","从试填草稿的证据定位结构化；未在本任务重新联网"
"ASSERT-FACT-AWS-TRN2-TRN2U-48XL-INTRA-BW-S06","FACT-AWS-TRN2-TRN2U-48XL-INTRA-BW","SRC-AWS-TRN2-S06","core_spec","direct_statement","supports","","1024","GB/s/chip","Trn2 instance specifications","","source_checked","trainium2_pilot","","","AFP-ASSERT-FACT-AWS-TRN2-TRN2U-48XL-INTRA-BW-S06","reviewed","从试填草稿的证据定位结构化；未在本任务重新联网"
"ASSERT-FACT-AWS-TRN2-ULTRA64-INTER-BW-S06","FACT-AWS-TRN2-ULTRA64-INTER-BW","SRC-AWS-TRN2-S06","core_spec","direct_statement","supports","","256","GB/s/chip","Trn2 UltraServer specifications","","source_checked","trainium2_pilot","","","AFP-ASSERT-FACT-AWS-TRN2-ULTRA64-INTER-BW-S06","reviewed","从试填草稿的证据定位结构化；未在本任务重新联网"
"ASSERT-FACT-AWS-TRN2-3XL-EFA-RATE-S07","FACT-AWS-TRN2-3XL-EFA-RATE","SRC-AWS-TRN2-S07","core_spec","direct_statement","supports","","0.2","Tbps","Product details table; row Trn2.3xlarge; column Network bandwidth (Tbps)","Trn2.3xlarge ... Network bandwidth (Tbps) ... 0.2","source_checked","trainium2_pilot","","","AFP-ASSERT-FACT-AWS-TRN2-3XL-EFA-INJECTION-S07-20260813","reviewed","原始 0.2 Tbps；规范事实按实例注入带宽换算为 25,000,000,000 byte/s"
"ASSERT-FACT-AWS-TRN2-48XL-EFA-RATE-S07","FACT-AWS-TRN2-48XL-EFA-RATE","SRC-AWS-TRN2-S07","core_spec","direct_statement","supports","","3.2","Tbps","Product details table; row trn2.48xlarge; column Network bandwidth (Tbps)","trn2.48xlarge ... Network bandwidth (Tbps) ... 3.2","source_checked","trainium2_pilot","","","AFP-ASSERT-FACT-AWS-TRN2-48XL-EFA-INJECTION-S07-20260813","reviewed","原始 3.2 Tbps；规范事实按实例注入带宽换算为 400,000,000,000 byte/s"
"ASSERT-FACT-AWS-TRN2-TRN2U-48XL-EFA-RATE-S07","FACT-AWS-TRN2-TRN2U-48XL-EFA-RATE","SRC-AWS-TRN2-S07","core_spec","direct_statement","supports","","3.2","Tbps","Product details table; row trn2u.48xlarge; column Network bandwidth (Tbps)","trn2u.48xlarge ... Network bandwidth (Tbps) ... 3.2","source_checked","trainium2_pilot","","","AFP-ASSERT-FACT-AWS-TRN2U-48XL-EFA-INJECTION-S07-20260813","reviewed","原始 3.2 Tbps；规范事实按实例注入带宽换算为 400,000,000,000 byte/s"
"ASSERT-FACT-AWS-TRN2-ULTRA64-EFA-12P8-S07","FACT-AWS-TRN2-ULTRA64-EFA-12P8","SRC-AWS-TRN2-S07","core_spec","direct_statement","supports","","12.8","Tbps","Features > High-performance networking and storage","Trn2 UltraServers deliver 12.8 Tbps of EFAv3 networking bandwidth.","source_checked","trainium2_pilot","","","AFP-ASSERT-FACT-AWS-TRN2-ULTRA64-EFA-AGGREGATE-S07-20260813","reviewed","原始 12.8 Tbps；规范事实按系统聚合带宽换算为 1,600,000,000,000 byte/s"
"ASSERT-FACT-AWS-TRN2-48XL-TOPO-TYPE-S06","FACT-AWS-TRN2-48XL-TOPO-TYPE","SRC-AWS-TRN2-S06","architecture_mechanism","direct_statement","supports","torus","","","trn2.48xlarge / trn2u.48xlarge","","source_checked","trainium2_pilot","","","AFP-ASSERT-FACT-AWS-TRN2-48XL-TOPO-TYPE-S06","reviewed","从试填草稿的证据定位结构化；未在本任务重新联网"
"ASSERT-FACT-AWS-TRN2-48XL-TOPO-DIMS-S06","FACT-AWS-TRN2-48XL-TOPO-DIMS","SRC-AWS-TRN2-S06","architecture_mechanism","direct_statement","supports","4x4","","","trn2.48xlarge / trn2u.48xlarge","","source_checked","trainium2_pilot","","","AFP-ASSERT-FACT-AWS-TRN2-48XL-TOPO-DIMS-S06","reviewed","从试填草稿的证据定位结构化；未在本任务重新联网"
"ASSERT-FACT-AWS-TRN2-48XL-TOPO-NODES-S06","FACT-AWS-TRN2-48XL-TOPO-NODES","SRC-AWS-TRN2-S06","architecture_mechanism","direct_statement","supports","","16","count","Trn2 instance specifications","","source_checked","trainium2_pilot","","","AFP-ASSERT-FACT-AWS-TRN2-48XL-TOPO-NODES-S06","reviewed","从试填草稿的证据定位结构化；未在本任务重新联网"
"ASSERT-FACT-AWS-TRN2-TRN2U-48XL-TOPO-TYPE-S06","FACT-AWS-TRN2-TRN2U-48XL-TOPO-TYPE","SRC-AWS-TRN2-S06","architecture_mechanism","direct_statement","supports","torus","","","trn2.48xlarge / trn2u.48xlarge","","source_checked","trainium2_pilot","","","AFP-ASSERT-FACT-AWS-TRN2-TRN2U-48XL-TOPO-TYPE-S06","reviewed","从试填草稿的证据定位结构化；未在本任务重新联网"
"ASSERT-FACT-AWS-TRN2-TRN2U-48XL-TOPO-DIMS-S06","FACT-AWS-TRN2-TRN2U-48XL-TOPO-DIMS","SRC-AWS-TRN2-S06","architecture_mechanism","direct_statement","supports","4x4","","","trn2.48xlarge / trn2u.48xlarge","","source_checked","trainium2_pilot","","","AFP-ASSERT-FACT-AWS-TRN2-TRN2U-48XL-TOPO-DIMS-S06","reviewed","从试填草稿的证据定位结构化；未在本任务重新联网"
"ASSERT-FACT-AWS-TRN2-TRN2U-48XL-TOPO-NODES-S06","FACT-AWS-TRN2-TRN2U-48XL-TOPO-NODES","SRC-AWS-TRN2-S06","architecture_mechanism","direct_statement","supports","","16","count","Trn2 instance specifications","","source_checked","trainium2_pilot","","","AFP-ASSERT-FACT-AWS-TRN2-TRN2U-48XL-TOPO-NODES-S06","reviewed","从试填草稿的证据定位结构化；未在本任务重新联网"
"ASSERT-FACT-AWS-TRN2-ULTRA64-TOPO-TYPE-S06","FACT-AWS-TRN2-ULTRA64-TOPO-TYPE","SRC-AWS-TRN2-S06","architecture_mechanism","direct_statement","supports","hybrid","","","Trn2 UltraServer","","source_checked","trainium2_pilot","","","AFP-ASSERT-FACT-AWS-TRN2-ULTRA64-TOPO-TYPE-S06","reviewed","从试填草稿的证据定位结构化；未在本任务重新联网"
"ASSERT-FACT-AWS-TRN2-ULTRA64-TOPO-DIMS-S06","FACT-AWS-TRN2-ULTRA64-TOPO-DIMS","SRC-AWS-TRN2-S06","architecture_mechanism","direct_statement","supports","four 4x4 torus groups plus rings","","","Trn2 UltraServer","","source_checked","trainium2_pilot","","","AFP-ASSERT-FACT-AWS-TRN2-ULTRA64-TOPO-DIMS-S06","reviewed","从试填草稿的证据定位结构化；未在本任务重新联网"
"ASSERT-FACT-AWS-TRN2-ULTRA64-TOPO-NODES-S06","FACT-AWS-TRN2-ULTRA64-TOPO-NODES","SRC-AWS-TRN2-S06","architecture_mechanism","direct_statement","supports","","64","count","Trn2 UltraServer specifications","","source_checked","trainium2_pilot","","","AFP-ASSERT-FACT-AWS-TRN2-ULTRA64-TOPO-NODES-S06","reviewed","从试填草稿的证据定位结构化；未在本任务重新联网"
"ASSERT-FACT-AWS-TRN2-48XL-STATUS-GA-S09","FACT-AWS-TRN2-48XL-STATUS-GA","SRC-AWS-TRN2-S09","status_version","direct_statement","supports","available","","","title and body","","source_checked","trainium2_pilot","","","AFP-ASSERT-FACT-AWS-TRN2-48XL-STATUS-GA-S09","reviewed","从试填草稿的证据定位结构化；未在本任务重新联网"
"ASSERT-FACT-AWS-TRN2-ULTRA64-STATUS-PREVIEW-2024-S09","FACT-AWS-TRN2-ULTRA64-STATUS-PREVIEW-2024","SRC-AWS-TRN2-S09","status_version","direct_statement","supports","preview","","","body","","source_checked","trainium2_pilot","","","AFP-ASSERT-FACT-AWS-TRN2-ULTRA64-STATUS-PREVIEW-2024-S09","reviewed","从试填草稿的证据定位结构化；未在本任务重新联网"
"ASSERT-FACT-AWS-TRN2-ULTRA64-STATUS-AVAILABLE-OBS-S07","FACT-AWS-TRN2-ULTRA64-STATUS-AVAILABLE-OBS","SRC-AWS-TRN2-S07","status_version","direct_statement","supports","available now","","","Why section","","source_checked","trainium2_pilot","","","AFP-ASSERT-FACT-AWS-TRN2-ULTRA64-STATUS-AVAILABLE-OBS-S07","reviewed","从试填草稿的证据定位结构化；未在本任务重新联网"
"ASSERT-FACT-AWS-TRN2-ULTRA64-STATUS-PREVIEW-OBS-S07","FACT-AWS-TRN2-ULTRA64-STATUS-PREVIEW-OBS","SRC-AWS-TRN2-S07","status_version","direct_statement","supports","available in preview","","","Benefits section","","source_checked","trainium2_pilot","","","AFP-ASSERT-FACT-AWS-TRN2-ULTRA64-STATUS-PREVIEW-OBS-S07","reviewed","从试填草稿的证据定位结构化；未在本任务重新联网"
"ASSERT-FACT-AWS-TRN2-CAP-SPARSE-MATMUL-LEVEL-S03","FACT-AWS-TRN2-CAP-SPARSE-MATMUL-LEVEL","SRC-AWS-TRN2-S03","architecture_mechanism","direct_statement","supports","configurable_engine","","","Tensor Engine","","source_checked","trainium2_pilot","","","AFP-ASSERT-FACT-AWS-TRN2-CAP-SPARSE-MATMUL-LEVEL-S03","reviewed","从试填草稿的证据定位结构化；未在本任务重新联网"
"ASSERT-FACT-AWS-TRN2-CAP-TENSOR-TRANSPOSE-LEVEL-S02","FACT-AWS-TRN2-CAP-TENSOR-TRANSPOSE-LEVEL","SRC-AWS-TRN2-S02","architecture_mechanism","direct_statement","supports","dedicated_instruction","","","Built-in Transpose Support","","source_checked","trainium2_pilot","","","AFP-ASSERT-FACT-AWS-TRN2-CAP-TENSOR-TRANSPOSE-LEVEL-S02","reviewed","从试填草稿的证据定位结构化；未在本任务重新联网"
"ASSERT-FACT-AWS-TRN2-CAP-DMA-TRANSPOSE-LEVEL-S02","FACT-AWS-TRN2-CAP-DMA-TRANSPOSE-LEVEL","SRC-AWS-TRN2-S02","architecture_mechanism","direct_statement","supports","configurable_engine","","","DMA Transpose","","source_checked","trainium2_pilot","","","AFP-ASSERT-FACT-AWS-TRN2-CAP-DMA-TRANSPOSE-LEVEL-S02","reviewed","从试填草稿的证据定位结构化；未在本任务重新联网"
"ASSERT-FACT-AWS-TRN2-CAP-VECTOR-REDUCTION-LEVEL-S02","FACT-AWS-TRN2-CAP-VECTOR-REDUCTION-LEVEL","SRC-AWS-TRN2-S02","architecture_mechanism","direct_statement","supports","general_compute_path","","","Vector Engine","","source_checked","trainium2_pilot","","","AFP-ASSERT-FACT-AWS-TRN2-CAP-VECTOR-REDUCTION-LEVEL-S02","reviewed","从试填草稿的证据定位结构化；未在本任务重新联网"
"ASSERT-FACT-AWS-TRN2-CAP-SCALAR-NONLINEAR-LEVEL-S02","FACT-AWS-TRN2-CAP-SCALAR-NONLINEAR-LEVEL","SRC-AWS-TRN2-S02","architecture_mechanism","direct_statement","supports","general_compute_path","","","Scalar Engine","","source_checked","trainium2_pilot","","","AFP-ASSERT-FACT-AWS-TRN2-CAP-SCALAR-NONLINEAR-LEVEL-S02","reviewed","从试填草稿的证据定位结构化；未在本任务重新联网"
"ASSERT-FACT-AWS-TRN2-CAP-GPSIMD-CUSTOM-LEVEL-S02","FACT-AWS-TRN2-CAP-GPSIMD-CUSTOM-LEVEL","SRC-AWS-TRN2-S02","architecture_mechanism","direct_statement","supports","general_compute_path","","","Gpsimd Engine","","source_checked","trainium2_pilot","","","AFP-ASSERT-FACT-AWS-TRN2-CAP-GPSIMD-CUSTOM-LEVEL-S02","reviewed","从试填草稿的证据定位结构化；未在本任务重新联网"
"ASSERT-FACT-AWS-TRN2-CAP-DGE-DESCRIPTOR-LEVEL-S02","FACT-AWS-TRN2-CAP-DGE-DESCRIPTOR-LEVEL","SRC-AWS-TRN2-S02","architecture_mechanism","direct_statement","supports","dedicated_physical_module","","","Descriptor Generation Engine","","source_checked","trainium2_pilot","","","AFP-ASSERT-FACT-AWS-TRN2-CAP-DGE-DESCRIPTOR-LEVEL-S02","reviewed","从试填草稿的证据定位结构化；未在本任务重新联网"
"ASSERT-FACT-AWS-TRN2-CAP-COLLECTIVE-HW-LEVEL-S01","FACT-AWS-TRN2-CAP-COLLECTIVE-HW-LEVEL","SRC-AWS-TRN2-S01","architecture_mechanism","direct_statement","supports","dedicated_physical_module","","","Collective communication","","source_checked","trainium2_pilot","","","AFP-ASSERT-FACT-AWS-TRN2-CAP-COLLECTIVE-HW-LEVEL-S01","reviewed","从试填草稿的证据定位结构化；未在本任务重新联网"
"ASSERT-FACT-AWS-TRN2-CAP-COLLECTIVE-NKI-LEVEL-S08","FACT-AWS-TRN2-CAP-COLLECTIVE-NKI-LEVEL","SRC-AWS-TRN2-S08","architecture_mechanism","direct_statement","supports","library_implementation","","","NKI Collectives","","source_checked","trainium2_pilot","","","AFP-ASSERT-FACT-AWS-TRN2-CAP-COLLECTIVE-NKI-LEVEL-S08","reviewed","从试填草稿的证据定位结构化；未在本任务重新联网"
"ASSERT-FACT-AWS-TRN2-CAP-TOPK-NKI-LEVEL-S13","FACT-AWS-TRN2-CAP-TOPK-NKI-LEVEL","SRC-AWS-TRN2-S13","architecture_mechanism","direct_statement","supports","library_implementation","","","Background / API Reference","","source_checked","trainium2_pilot","","","AFP-ASSERT-FACT-AWS-TRN2-CAP-TOPK-NKI-LEVEL-S13","reviewed","从试填草稿的证据定位结构化；未在本任务重新联网"
"ASSERT-FACT-AWS-TRN2-CAP-MOE-NKI-LEVEL-S12","FACT-AWS-TRN2-CAP-MOE-NKI-LEVEL","SRC-AWS-TRN2-S12","architecture_mechanism","direct_statement","supports","library_implementation","","","body","","source_checked","trainium2_pilot","","","AFP-ASSERT-FACT-AWS-TRN2-CAP-MOE-NKI-LEVEL-S12","reviewed","从试填草稿的证据定位结构化；未在本任务重新联网"
"ASSERT-FACT-AWS-TRN2-CAP-DMA-COMPRESS-LEVEL-S01","FACT-AWS-TRN2-CAP-DMA-COMPRESS-LEVEL","SRC-AWS-TRN2-S01","architecture_mechanism","direct_statement","supports","configurable_engine","","","Trainium2 chip components","","source_checked","trainium2_pilot","","","AFP-ASSERT-FACT-AWS-TRN2-CAP-DMA-COMPRESS-LEVEL-S01","reviewed","从试填草稿的证据定位结构化；未在本任务重新联网"
"ASSERT-FACT-AWS-TRN2-CAP-DMA-DECOMPRESS-LEVEL-S01","FACT-AWS-TRN2-CAP-DMA-DECOMPRESS-LEVEL","SRC-AWS-TRN2-S01","architecture_mechanism","direct_statement","supports","configurable_engine","","","Trainium2 chip components","","source_checked","trainium2_pilot","","","AFP-ASSERT-FACT-AWS-TRN2-CAP-DMA-DECOMPRESS-LEVEL-S01","reviewed","从试填草稿的证据定位结构化；未在本任务重新联网"
"ASSERT-FACT-AWS-TRN2-48XL-FP8-DENSE-S06","FACT-AWS-TRN2-48XL-FP8-DENSE","SRC-AWS-TRN2-S06","core_spec","direct_statement","supports","","20.8","PFLOPS","Trn2 instance specifications","","source_checked","trainium2_pilot","","","AFP-ASSERT-FACT-AWS-TRN2-48XL-FP8-DENSE-S06","reviewed","从试填草稿的证据定位结构化；未在本任务重新联网"
"ASSERT-FACT-AWS-TRN2-48XL-BF16-DENSE-S06","FACT-AWS-TRN2-48XL-BF16-DENSE","SRC-AWS-TRN2-S06","core_spec","direct_statement","supports","","10.7","PFLOPS","Trn2 instance specifications","","source_checked","trainium2_pilot","","","AFP-ASSERT-FACT-AWS-TRN2-48XL-BF16-DENSE-S06","reviewed","从试填草稿的证据定位结构化；未在本任务重新联网"
"ASSERT-FACT-AWS-TRN2-48XL-FP16-DENSE-S06","FACT-AWS-TRN2-48XL-FP16-DENSE","SRC-AWS-TRN2-S06","core_spec","direct_statement","supports","","10.7","PFLOPS","Trn2 instance specifications","","source_checked","trainium2_pilot","","","AFP-ASSERT-FACT-AWS-TRN2-48XL-FP16-DENSE-S06","reviewed","从试填草稿的证据定位结构化；未在本任务重新联网"
"ASSERT-FACT-AWS-TRN2-48XL-TF32-DENSE-S06","FACT-AWS-TRN2-48XL-TF32-DENSE","SRC-AWS-TRN2-S06","core_spec","direct_statement","supports","","10.7","PFLOPS","Trn2 instance specifications","","source_checked","trainium2_pilot","","","AFP-ASSERT-FACT-AWS-TRN2-48XL-TF32-DENSE-S06","reviewed","从试填草稿的证据定位结构化；未在本任务重新联网"
"ASSERT-FACT-AWS-TRN2-48XL-FP32-DENSE-S06","FACT-AWS-TRN2-48XL-FP32-DENSE","SRC-AWS-TRN2-S06","core_spec","direct_statement","supports","","2.9","PFLOPS","Trn2 instance specifications","","source_checked","trainium2_pilot","","","AFP-ASSERT-FACT-AWS-TRN2-48XL-FP32-DENSE-S06","reviewed","从试填草稿的证据定位结构化；未在本任务重新联网"
"ASSERT-FACT-AWS-TRN2-48XL-FP8-SPARSE-S06","FACT-AWS-TRN2-48XL-FP8-SPARSE","SRC-AWS-TRN2-S06","conflict_evidence","direct_statement","supports","","41","PFLOPS","Trn2 instance specifications","","source_checked","trainium2_pilot","","","AFP-ASSERT-FACT-AWS-TRN2-48XL-FP8-SPARSE-S06","reviewed","从试填草稿的证据定位结构化；未在本任务重新联网"
"ASSERT-FACT-AWS-TRN2-48XL-BF16-SPARSE-S06","FACT-AWS-TRN2-48XL-BF16-SPARSE","SRC-AWS-TRN2-S06","conflict_evidence","direct_statement","supports","","41","PFLOPS","Trn2 instance specifications","","source_checked","trainium2_pilot","","","AFP-ASSERT-FACT-AWS-TRN2-48XL-BF16-SPARSE-S06","reviewed","从试填草稿的证据定位结构化；未在本任务重新联网"
"ASSERT-FACT-AWS-TRN2-48XL-FP16-SPARSE-S06","FACT-AWS-TRN2-48XL-FP16-SPARSE","SRC-AWS-TRN2-S06","conflict_evidence","direct_statement","supports","","41","PFLOPS","Trn2 instance specifications","","source_checked","trainium2_pilot","","","AFP-ASSERT-FACT-AWS-TRN2-48XL-FP16-SPARSE-S06","reviewed","从试填草稿的证据定位结构化；未在本任务重新联网"
"ASSERT-FACT-AWS-TRN2-48XL-TF32-SPARSE-S06","FACT-AWS-TRN2-48XL-TF32-SPARSE","SRC-AWS-TRN2-S06","conflict_evidence","direct_statement","supports","","41","PFLOPS","Trn2 instance specifications","","source_checked","trainium2_pilot","","","AFP-ASSERT-FACT-AWS-TRN2-48XL-TF32-SPARSE-S06","reviewed","从试填草稿的证据定位结构化；未在本任务重新联网"
"ASSERT-FACT-AWS-TRN2-48XL-FP8-SPARSE-HIST2024-S10","FACT-AWS-TRN2-48XL-FP8-SPARSE-HIST2024","SRC-AWS-TRN2-S10","conflict_evidence","direct_statement","supports","","83.2","PFLOPS","launch post sparse instance compute","","source_checked","trainium2_pilot","","","AFP-ASSERT-FACT-AWS-TRN2-48XL-FP8-SPARSE-HIST2024-S10","reviewed","从试填草稿的证据定位结构化；未在本任务重新联网"
"ASSERT-FACT-AWS-TRN2-TRN2U-48XL-FP8-DENSE-S06","FACT-AWS-TRN2-TRN2U-48XL-FP8-DENSE","SRC-AWS-TRN2-S06","core_spec","direct_statement","supports","","20.8","PFLOPS","Trn2 instance specifications","","source_checked","trainium2_pilot","","","AFP-ASSERT-FACT-AWS-TRN2-TRN2U-48XL-FP8-DENSE-S06","reviewed","从试填草稿的证据定位结构化；未在本任务重新联网"
"ASSERT-FACT-AWS-TRN2-TRN2U-48XL-BF16-DENSE-S06","FACT-AWS-TRN2-TRN2U-48XL-BF16-DENSE","SRC-AWS-TRN2-S06","core_spec","direct_statement","supports","","10.7","PFLOPS","Trn2 instance specifications","","source_checked","trainium2_pilot","","","AFP-ASSERT-FACT-AWS-TRN2-TRN2U-48XL-BF16-DENSE-S06","reviewed","从试填草稿的证据定位结构化；未在本任务重新联网"
"ASSERT-FACT-AWS-TRN2-TRN2U-48XL-FP16-DENSE-S06","FACT-AWS-TRN2-TRN2U-48XL-FP16-DENSE","SRC-AWS-TRN2-S06","core_spec","direct_statement","supports","","10.7","PFLOPS","Trn2 instance specifications","","source_checked","trainium2_pilot","","","AFP-ASSERT-FACT-AWS-TRN2-TRN2U-48XL-FP16-DENSE-S06","reviewed","从试填草稿的证据定位结构化；未在本任务重新联网"
"ASSERT-FACT-AWS-TRN2-TRN2U-48XL-TF32-DENSE-S06","FACT-AWS-TRN2-TRN2U-48XL-TF32-DENSE","SRC-AWS-TRN2-S06","core_spec","direct_statement","supports","","10.7","PFLOPS","Trn2 instance specifications","","source_checked","trainium2_pilot","","","AFP-ASSERT-FACT-AWS-TRN2-TRN2U-48XL-TF32-DENSE-S06","reviewed","从试填草稿的证据定位结构化；未在本任务重新联网"
"ASSERT-FACT-AWS-TRN2-TRN2U-48XL-FP32-DENSE-S06","FACT-AWS-TRN2-TRN2U-48XL-FP32-DENSE","SRC-AWS-TRN2-S06","core_spec","direct_statement","supports","","2.9","PFLOPS","Trn2 instance specifications","","source_checked","trainium2_pilot","","","AFP-ASSERT-FACT-AWS-TRN2-TRN2U-48XL-FP32-DENSE-S06","reviewed","从试填草稿的证据定位结构化；未在本任务重新联网"
"ASSERT-FACT-AWS-TRN2-TRN2U-48XL-FP8-SPARSE-S06","FACT-AWS-TRN2-TRN2U-48XL-FP8-SPARSE","SRC-AWS-TRN2-S06","conflict_evidence","direct_statement","supports","","41","PFLOPS","Trn2 instance specifications","","source_checked","trainium2_pilot","","","AFP-ASSERT-FACT-AWS-TRN2-TRN2U-48XL-FP8-SPARSE-S06","reviewed","从试填草稿的证据定位结构化；未在本任务重新联网"
"ASSERT-FACT-AWS-TRN2-TRN2U-48XL-BF16-SPARSE-S06","FACT-AWS-TRN2-TRN2U-48XL-BF16-SPARSE","SRC-AWS-TRN2-S06","conflict_evidence","direct_statement","supports","","41","PFLOPS","Trn2 instance specifications","","source_checked","trainium2_pilot","","","AFP-ASSERT-FACT-AWS-TRN2-TRN2U-48XL-BF16-SPARSE-S06","reviewed","从试填草稿的证据定位结构化；未在本任务重新联网"
"ASSERT-FACT-AWS-TRN2-TRN2U-48XL-FP16-SPARSE-S06","FACT-AWS-TRN2-TRN2U-48XL-FP16-SPARSE","SRC-AWS-TRN2-S06","conflict_evidence","direct_statement","supports","","41","PFLOPS","Trn2 instance specifications","","source_checked","trainium2_pilot","","","AFP-ASSERT-FACT-AWS-TRN2-TRN2U-48XL-FP16-SPARSE-S06","reviewed","从试填草稿的证据定位结构化；未在本任务重新联网"
"ASSERT-FACT-AWS-TRN2-TRN2U-48XL-TF32-SPARSE-S06","FACT-AWS-TRN2-TRN2U-48XL-TF32-SPARSE","SRC-AWS-TRN2-S06","conflict_evidence","direct_statement","supports","","41","PFLOPS","Trn2 instance specifications","","source_checked","trainium2_pilot","","","AFP-ASSERT-FACT-AWS-TRN2-TRN2U-48XL-TF32-SPARSE-S06","reviewed","从试填草稿的证据定位结构化；未在本任务重新联网"
"ASSERT-FACT-AWS-TRN2-ULTRA64-FP8-DENSE-S06","FACT-AWS-TRN2-ULTRA64-FP8-DENSE","SRC-AWS-TRN2-S06","core_spec","direct_statement","supports","","83.2","PFLOPS","Trn2 instance specifications","","source_checked","trainium2_pilot","","","AFP-ASSERT-FACT-AWS-TRN2-ULTRA64-FP8-DENSE-S06","reviewed","从试填草稿的证据定位结构化；未在本任务重新联网"
"ASSERT-FACT-AWS-TRN2-ULTRA64-BF16-DENSE-S06","FACT-AWS-TRN2-ULTRA64-BF16-DENSE","SRC-AWS-TRN2-S06","core_spec","direct_statement","supports","","42.8","PFLOPS","Trn2 instance specifications","","source_checked","trainium2_pilot","","","AFP-ASSERT-FACT-AWS-TRN2-ULTRA64-BF16-DENSE-S06","reviewed","从试填草稿的证据定位结构化；未在本任务重新联网"
"ASSERT-FACT-AWS-TRN2-ULTRA64-FP16-DENSE-S06","FACT-AWS-TRN2-ULTRA64-FP16-DENSE","SRC-AWS-TRN2-S06","core_spec","direct_statement","supports","","42.8","PFLOPS","Trn2 instance specifications","","source_checked","trainium2_pilot","","","AFP-ASSERT-FACT-AWS-TRN2-ULTRA64-FP16-DENSE-S06","reviewed","从试填草稿的证据定位结构化；未在本任务重新联网"
"ASSERT-FACT-AWS-TRN2-ULTRA64-TF32-DENSE-S06","FACT-AWS-TRN2-ULTRA64-TF32-DENSE","SRC-AWS-TRN2-S06","core_spec","direct_statement","supports","","42.8","PFLOPS","Trn2 instance specifications","","source_checked","trainium2_pilot","","","AFP-ASSERT-FACT-AWS-TRN2-ULTRA64-TF32-DENSE-S06","reviewed","从试填草稿的证据定位结构化；未在本任务重新联网"
"ASSERT-FACT-AWS-TRN2-ULTRA64-FP32-DENSE-S06","FACT-AWS-TRN2-ULTRA64-FP32-DENSE","SRC-AWS-TRN2-S06","core_spec","direct_statement","supports","","11.6","PFLOPS","Trn2 instance specifications","","source_checked","trainium2_pilot","","","AFP-ASSERT-FACT-AWS-TRN2-ULTRA64-FP32-DENSE-S06","reviewed","从试填草稿的证据定位结构化；未在本任务重新联网"
"ASSERT-FACT-AWS-TRN2-ULTRA64-FP8-SPARSE-S06","FACT-AWS-TRN2-ULTRA64-FP8-SPARSE","SRC-AWS-TRN2-S06","conflict_evidence","direct_statement","supports","","164","PFLOPS","Trn2 instance specifications","","source_checked","trainium2_pilot","","","AFP-ASSERT-FACT-AWS-TRN2-ULTRA64-FP8-SPARSE-S06","reviewed","从试填草稿的证据定位结构化；未在本任务重新联网"
"ASSERT-FACT-AWS-TRN2-ULTRA64-BF16-SPARSE-S06","FACT-AWS-TRN2-ULTRA64-BF16-SPARSE","SRC-AWS-TRN2-S06","conflict_evidence","direct_statement","supports","","164","PFLOPS","Trn2 instance specifications","","source_checked","trainium2_pilot","","","AFP-ASSERT-FACT-AWS-TRN2-ULTRA64-BF16-SPARSE-S06","reviewed","从试填草稿的证据定位结构化；未在本任务重新联网"
"ASSERT-FACT-AWS-TRN2-ULTRA64-FP16-SPARSE-S06","FACT-AWS-TRN2-ULTRA64-FP16-SPARSE","SRC-AWS-TRN2-S06","conflict_evidence","direct_statement","supports","","164","PFLOPS","Trn2 instance specifications","","source_checked","trainium2_pilot","","","AFP-ASSERT-FACT-AWS-TRN2-ULTRA64-FP16-SPARSE-S06","reviewed","从试填草稿的证据定位结构化；未在本任务重新联网"
"ASSERT-FACT-AWS-TRN2-ULTRA64-TF32-SPARSE-S06","FACT-AWS-TRN2-ULTRA64-TF32-SPARSE","SRC-AWS-TRN2-S06","conflict_evidence","direct_statement","supports","","164","PFLOPS","Trn2 instance specifications","","source_checked","trainium2_pilot","","","AFP-ASSERT-FACT-AWS-TRN2-ULTRA64-TF32-SPARSE-S06","reviewed","从试填草稿的证据定位结构化；未在本任务重新联网"
"ASSERT-FACT-AWS-TRN2-ARCH-SW-RUNTIME-S14","FACT-AWS-TRN2-ARCH-SW-RUNTIME","SRC-AWS-TRN2-S14","status_version","direct_statement","supports","AWS Neuron SDK","","","title and body","","source_checked","trainium2_pilot","","","AFP-ASSERT-FACT-AWS-TRN2-ARCH-SW-RUNTIME-S14","reviewed","从试填草稿的证据定位结构化；未在本任务重新联网"
"ASSERT-FACT-AWS-TRN2-ARCH-SW-MODEL-S07","FACT-AWS-TRN2-ARCH-SW-MODEL","SRC-AWS-TRN2-S07","architecture_mechanism","direct_statement","supports","PyTorch, JAX, Hugging Face, NKI, NxD","","","Built for Developers","","source_checked","trainium2_pilot","","","AFP-ASSERT-FACT-AWS-TRN2-ARCH-SW-MODEL-S07","reviewed","从试填草稿的证据定位结构化；未在本任务重新联网"
"ASSERT-AWS-TRN2-ARCH-RELEASE-DATE-S11","FACT-AWS-TRN2-ARCH-RELEASE-DATE","SRC-AWS-TRN2-S11","status_version","direct_statement","supports","2023-11-28","","","page header date and Trainium2 announcement section","","independently_reviewed","trainium2_pilot","root","2026-08-12","FACT-AWS-TRN2-ARCH-RELEASE-DATE|SRC-AWS-TRN2-S11|2023-11-28","reviewed","总控从 2026-08-12 保存的 AWS 官方 HTML 快照复核日期和 Trainium2 正文。"
"ASSERT-CAMBRICON-MLU590-VENDOR-WAIC-2022","FACT-CAMBRICON-MLU590-VENDOR","SRC-2022-CAMBRICON-WAIC-MLU590","identity","direct_statement","supports","寒武纪","","","Page title, publisher and body; dated 2022-09-02","寒武纪","source_checked","mlu590_remediation","","2026-08-12","FACT-CAMBRICON-MLU590-VENDOR|SRC-2022-CAMBRICON-WAIC-MLU590|supports","reviewed",""
"ASSERT-CAMBRICON-MLU590-NAME-WAIC-2022","FACT-CAMBRICON-MLU590-OFFICIAL-NAME-2022","SRC-2022-CAMBRICON-WAIC-MLU590","identity","direct_statement","supports","思元590","","","Paragraph beginning 在演讲的最后; dated 2022-09-02","云端智能训练芯片思元590","source_checked","mlu590_remediation","","2026-08-12","FACT-CAMBRICON-MLU590-OFFICIAL-NAME-2022|SRC-2022-CAMBRICON-WAIC-MLU590|supports","reviewed","Does not support the MLU590 alias."
"ASSERT-CAMBRICON-MLU590-OBJECT-TYPE-WAIC-2022","FACT-CAMBRICON-MLU590-OBJECT-TYPE-2022","SRC-2022-CAMBRICON-WAIC-MLU590","identity","direct_statement","qualifies","云端智能训练芯片","","","Paragraph beginning 在演讲的最后; dated 2022-09-02","云端智能训练芯片思元590","source_checked","mlu590_remediation","","2026-08-12","FACT-CAMBRICON-MLU590-OBJECT-TYPE-2022|SRC-2022-CAMBRICON-WAIC-MLU590|qualifies","reviewed","The package normalization is curatorial; the source only says chip."
"ASSERT-CAMBRICON-MLU590-POSITIONING-WAIC-2022","FACT-CAMBRICON-MLU590-POSITIONING-2022","SRC-2022-CAMBRICON-WAIC-MLU590","identity","direct_statement","supports","全新一代云端智能训练芯片","","","Paragraph beginning 在演讲的最后; dated 2022-09-02","全新一代云端智能训练芯片思元590","source_checked","mlu590_remediation","","2026-08-12","FACT-CAMBRICON-MLU590-POSITIONING-2022|SRC-2022-CAMBRICON-WAIC-MLU590|supports","reviewed","Historical vendor positioning."
"ASSERT-CAMBRICON-MLU590-STATUS-WAIC-2022","FACT-CAMBRICON-MLU590-STATUS-2022","SRC-2022-CAMBRICON-WAIC-MLU590","status_version","direct_statement","qualifies","在研","","","Paragraph beginning 在演讲的最后; dated 2022-09-02","在研的三款“车云”新品","source_checked","mlu590_remediation","","2026-08-12","FACT-CAMBRICON-MLU590-STATUS-2022|SRC-2022-CAMBRICON-WAIC-MLU590|qualifies","reviewed","Normalized to announced only provisionally; no release or availability claim."
"ASSERT-CAMBRICON-MLUARCH05-NAME-WAIC-2022","FACT-CAMBRICON-MLUARCH05-OFFICIAL-NAME","SRC-2022-CAMBRICON-WAIC-MLU590","architecture_mechanism","direct_statement","supports","MLUarch05","","","Paragraph beginning 据介绍; dated 2022-09-02","思元590采用MLUarch05全新架构","source_checked","mlu590_remediation","","2026-08-12","FACT-CAMBRICON-MLUARCH05-OFFICIAL-NAME|SRC-2022-CAMBRICON-WAIC-MLU590|supports","reviewed","Does not assert equivalence with BANG v5.0, compute_50 or mtp_592."
"ASSERT-CAMBRICON-MLU590-MLUOPS-TARGET-67B3707F","FACT-CAMBRICON-MLU590-MLUOPS-BUILD-TARGET-67B3707F","SRC-CAMBRICON-MLU-OPS-COMMIT-67B3707F","architecture_mechanism","direct_statement","supports","--mlu590, Build for target product MLU590: __BANG_ARCH__ = 592","","","independent_build.sh lines 123-126 at commit 67b3707f9ce55718490534955903a007ae86f517","Build for target product MLU590","source_checked","mlu590_remediation","","2026-08-12","FACT-CAMBRICON-MLU590-MLUOPS-BUILD-TARGET-67B3707F|SRC-CAMBRICON-MLU-OPS-COMMIT-67B3707F|supports|independent_build.sh:123-126","reviewed","The adjacent NRAM, WRAM and SRAM macros are not physical-capacity assertions."
"ASSERT-AWS-TRN2-S14-NEURON-2-21-FIRST-SUPPORT","FACT-AWS-TRN2-ARCH-SW-RUNTIME","SRC-AWS-TRN2-S14","status_version","direct_statement","qualifies","AWS Neuron 2.21 adds support for Trainium2 and Trn2 instances","","","title and body; published 2024-12-23","","source_checked","root_postmerge_remediation","root","2026-08-12","AFP-AWS-TRN2-S14-NEURON-2-21-FIRST-SUPPORT","reviewed","保留 S14 的独有历史版本职责；不把版本发布日期误写成芯片供货日期。"
"ASRT-GROQ-LPU1-NAME","FACT-GROQ-LPU1-NAME","SRC-GROQ-TSP-ISCA2020","identity","direct_statement","supports","First-generation Groq Tensor Streaming Processor architecture","","","PDF p.12, Conclusion","Source directly states the recorded mechanism or configuration value.","source_checked","M2-GHC-ARCH","","2026-08-12","M2-GHC-ARCH|ASRT|FACT-GROQ-LPU1-NAME","reviewed","中文卡片使用释义；此行保留原文定位"
"ASRT-GROQ-LPU1-EXECUTION","FACT-GROQ-LPU1-EXECUTION","SRC-GROQ-TSP-ISCA2020","architecture_mechanism","direct_statement","supports","Statically scheduled, compiler-orchestrated spatial execution without caches or arbiters","","","PDF pp.1-3, architecture overview","Source directly states the recorded mechanism or configuration value.","source_checked","M2-GHC-ARCH","","2026-08-12","M2-GHC-ARCH|ASRT|FACT-GROQ-LPU1-EXECUTION","reviewed","中文卡片使用释义；此行保留原文定位"
"ASRT-GROQ-LPU1-MXM-INT8-OPERANDS","FACT-GROQ-LPU1-MXM-INT8-OPERANDS","SRC-GROQ-TSP-ISCA2020","architecture_mechanism","direct_statement","supports","INT8","","","PDF pp.9-10, Data Types and MXM","Source directly states the recorded mechanism or configuration value.","source_checked","M2-GHC-ARCH","","2026-08-12","M2-GHC-ARCH|ASRT|FACT-GROQ-LPU1-MXM-INT8-OPERANDS","reviewed","中文卡片使用释义；此行保留原文定位"
"ASRT-GROQ-LPU1-MXM-INT8-ACCUM","FACT-GROQ-LPU1-MXM-INT8-ACCUM","SRC-GROQ-TSP-ISCA2020","architecture_mechanism","direct_statement","supports","INT32","","","PDF pp.9-10, Data Types and MXM","Source directly states the recorded mechanism or configuration value.","source_checked","M2-GHC-ARCH","","2026-08-12","M2-GHC-ARCH|ASRT|FACT-GROQ-LPU1-MXM-INT8-ACCUM","reviewed","中文卡片使用释义；此行保留原文定位"
"ASRT-GROQ-LPU1-MXM-FP16-OPERANDS","FACT-GROQ-LPU1-MXM-FP16-OPERANDS","SRC-GROQ-TSP-ISCA2020","architecture_mechanism","direct_statement","supports","FP16","","","PDF pp.9-10, Data Types and MXM","Source directly states the recorded mechanism or configuration value.","source_checked","M2-GHC-ARCH","","2026-08-12","M2-GHC-ARCH|ASRT|FACT-GROQ-LPU1-MXM-FP16-OPERANDS","reviewed","中文卡片使用释义；此行保留原文定位"
"ASRT-GROQ-LPU1-MXM-FP16-ACCUM","FACT-GROQ-LPU1-MXM-FP16-ACCUM","SRC-GROQ-TSP-ISCA2020","architecture_mechanism","direct_statement","supports","FP32","","","PDF pp.9-10, Data Types and MXM","Source directly states the recorded mechanism or configuration value.","source_checked","M2-GHC-ARCH","","2026-08-12","M2-GHC-ARCH|ASRT|FACT-GROQ-LPU1-MXM-FP16-ACCUM","reviewed","中文卡片使用释义；此行保留原文定位"
"ASRT-GROQ-LPU1-SXM-FUNCTION","FACT-GROQ-LPU1-SXM-FUNCTION","SRC-GROQ-TSP-ISCA2020","architecture_mechanism","direct_statement","supports","Vector permutation, rotation, distribution and transformation","","","PDF pp.4, 9, SXM description","Source directly states the recorded mechanism or configuration value.","source_checked","M2-GHC-ARCH","","2026-08-12","M2-GHC-ARCH|ASRT|FACT-GROQ-LPU1-SXM-FUNCTION","reviewed","中文卡片使用释义；此行保留原文定位"
"ASRT-GROQ-LPU1-SW-MAPPING","FACT-GROQ-LPU1-SW-MAPPING","SRC-GROQ-TSP-ISCA2020","architecture_mechanism","direct_statement","supports","Compiler explicitly schedules instructions, data movement and functional slices","","","PDF pp.3-5, compiler scheduling","Source directly states the recorded mechanism or configuration value.","source_checked","M2-GHC-ARCH","","2026-08-12","M2-GHC-ARCH|ASRT|FACT-GROQ-LPU1-SW-MAPPING","reviewed","中文卡片使用释义；此行保留原文定位"
"ASRT-NVG3-NAME","FACT-NVG3-NAME","SRC-NVG3-ARCH-BLOG-2026-03-16","identity","direct_statement","supports","NVIDIA Groq 3 LPU architecture","","","Section First look at the architecture","Source directly states the recorded mechanism or configuration value.","source_checked","M2-GHC-ARCH","","2026-08-12","M2-GHC-ARCH|ASRT|FACT-NVG3-NAME","reviewed","中文卡片使用释义；此行保留原文定位"
"ASRT-NVG3-EXECUTION","FACT-NVG3-EXECUTION","SRC-NVG3-ARCH-BLOG-2026-03-16","architecture_mechanism","direct_statement","supports","Deterministic compiler-orchestrated spatial execution with explicit overlap of memory, compute and communication","","","Section Deterministic, compiler-orchestrated execution","Source directly states the recorded mechanism or configuration value.","source_checked","M2-GHC-ARCH","","2026-08-12","M2-GHC-ARCH|ASRT|FACT-NVG3-EXECUTION","reviewed","中文卡片使用释义；此行保留原文定位"
"ASRT-NVG3-INSTRUCTION-TILE","FACT-NVG3-INSTRUCTION-TILE","SRC-NVG3-ARCH-BLOG-2026-03-16","architecture_mechanism","direct_statement","supports","320-byte vectors for compute and communication","","","Section Tensor-first compute and explicit data movement","Source directly states the recorded mechanism or configuration value.","source_checked","M2-GHC-ARCH","","2026-08-12","M2-GHC-ARCH|ASRT|FACT-NVG3-INSTRUCTION-TILE","reviewed","中文卡片使用释义；此行保留原文定位"
"ASRT-NVG3-MXM-FUNCTION","FACT-NVG3-MXM-FUNCTION","SRC-NVG3-ARCH-BLOG-2026-03-16","architecture_mechanism","direct_statement","supports","Dense multiply-accumulate on fixed data types; exact types not stated","","","Section Tensor-first compute and explicit data movement","Source directly states the recorded mechanism or configuration value.","source_checked","M2-GHC-ARCH","","2026-08-12","M2-GHC-ARCH|ASRT|FACT-NVG3-MXM-FUNCTION","reviewed","中文卡片使用释义；此行保留原文定位"
"ASRT-NVG3-VXM-FUNCTION","FACT-NVG3-VXM-FUNCTION","SRC-NVG3-ARCH-BLOG-2026-03-16","architecture_mechanism","direct_statement","supports","Pointwise arithmetic, data conversion and activation functions","","","Section Tensor-first compute and explicit data movement","Source directly states the recorded mechanism or configuration value.","source_checked","M2-GHC-ARCH","","2026-08-12","M2-GHC-ARCH|ASRT|FACT-NVG3-VXM-FUNCTION","reviewed","中文卡片使用释义；此行保留原文定位"
"ASRT-NVG3-SXM-FUNCTION","FACT-NVG3-SXM-FUNCTION","SRC-NVG3-ARCH-BLOG-2026-03-16","architecture_mechanism","direct_statement","supports","Permutation, rotation, distribution and transposition of vectors","","","Section Tensor-first compute and explicit data movement","Source directly states the recorded mechanism or configuration value.","source_checked","M2-GHC-ARCH","","2026-08-12","M2-GHC-ARCH|ASRT|FACT-NVG3-SXM-FUNCTION","reviewed","中文卡片使用释义；此行保留原文定位"
"ASRT-NVG3-SRAM-MANAGEMENT","FACT-NVG3-SRAM-MANAGEMENT","SRC-NVG3-ARCH-BLOG-2026-03-16","architecture_mechanism","direct_statement","supports","Flat SRAM-first working storage managed by compiler and runtime, not a hardware-managed cache","","","Section MEM enables extreme on-chip memory bandwidth","Source directly states the recorded mechanism or configuration value.","source_checked","M2-GHC-ARCH","","2026-08-12","M2-GHC-ARCH|ASRT|FACT-NVG3-SRAM-MANAGEMENT","reviewed","中文卡片使用释义；此行保留原文定位"
"ASRT-NVG3-C2C-PROTOCOL","FACT-NVG3-C2C-PROTOCOL","SRC-NVG3-C2C-BLOG-2026-05-14","architecture_mechanism","direct_statement","supports","Plesiosynchronous near-synchronous protocol that compensates for clock drift","","","Section Hardware-driven plesiosynchronous timing","Source directly states the recorded mechanism or configuration value.","source_checked","M2-GHC-ARCH","","2026-08-12","M2-GHC-ARCH|ASRT|FACT-NVG3-C2C-PROTOCOL","reviewed","中文卡片使用释义；此行保留原文定位"
"ASRT-NVG3-C2C-ROUTING","FACT-NVG3-C2C-ROUTING","SRC-NVG3-C2C-BLOG-2026-05-14","architecture_mechanism","direct_statement","supports","Compiler schedules vectors, routes and arrival timing deterministically","","","Section Compiler-scheduled data movement","Source directly states the recorded mechanism or configuration value.","source_checked","M2-GHC-ARCH","","2026-08-12","M2-GHC-ARCH|ASRT|FACT-NVG3-C2C-ROUTING","reviewed","中文卡片使用释义；此行保留原文定位"
"ASRT-NVG3-SW-COMPILER","FACT-NVG3-SW-COMPILER","SRC-NVG3-ARCH-BLOG-2026-03-16","architecture_mechanism","direct_statement","supports","Compiler explicitly orchestrates data movement, compute, communication and cross-LPU routes","","","Section Deterministic, compiler-orchestrated execution","Source directly states the recorded mechanism or configuration value.","source_checked","M2-GHC-ARCH","","2026-08-12","M2-GHC-ARCH|ASRT|FACT-NVG3-SW-COMPILER","reviewed","中文卡片使用释义；此行保留原文定位"
"ASRT-HUAWEI-DV-NAME","FACT-HUAWEI-DV-NAME","SRC-HUAWEI-DAVINCI-HOTCHIPS31-2019","identity","direct_statement","supports","Da Vinci scalable AI Core architecture","","","PDF pp.1, 9, Da Vinci architecture","Source directly states the recorded mechanism or configuration value.","source_checked","M2-GHC-ARCH","","2026-08-12","M2-GHC-ARCH|ASRT|FACT-HUAWEI-DV-NAME","reviewed","中文卡片使用释义；此行保留原文定位"
"ASRT-HUAWEI-DV-EXECUTION","FACT-HUAWEI-DV-EXECUTION","SRC-HUAWEI-ASCEND-HPCA2021","architecture_mechanism","direct_statement","supports","Scalar control, SIMD vector processing, cube matrix processing and MTE data movement execute through separate queues","","","PDF pp.3-4, AI Core architecture","Source directly states the recorded mechanism or configuration value.","source_checked","M2-GHC-ARCH","","2026-08-12","M2-GHC-ARCH|ASRT|FACT-HUAWEI-DV-EXECUTION","reviewed","中文卡片使用释义；此行保留原文定位"
"ASRT-HUAWEI-DV-CONCURRENCY","FACT-HUAWEI-DV-CONCURRENCY","SRC-HUAWEI-ASCEND-HPCA2021","architecture_mechanism","direct_statement","supports","Cube, vector and MTE can operate in parallel with barriers for dependency control","","","PDF p.4, AI Core data path and MTE","Source directly states the recorded mechanism or configuration value.","source_checked","M2-GHC-ARCH","","2026-08-12","M2-GHC-ARCH|ASRT|FACT-HUAWEI-DV-CONCURRENCY","reviewed","中文卡片使用释义；此行保留原文定位"
"ASRT-HUAWEI-DV-CUBE-FP16-OPERAND-A","FACT-HUAWEI-DV-CUBE-FP16-OPERAND-A","SRC-HUAWEI-ASCEND-HPCA2021","architecture_mechanism","direct_statement","supports","FP16","","","PDF p.3, Cube Unit","Source directly states the recorded mechanism or configuration value.","source_checked","M2-GHC-ARCH","","2026-08-12","M2-GHC-ARCH|ASRT|FACT-HUAWEI-DV-CUBE-FP16-OPERAND-A","reviewed","中文卡片使用释义；此行保留原文定位"
"ASRT-HUAWEI-DV-CUBE-FP16-OPERAND-B","FACT-HUAWEI-DV-CUBE-FP16-OPERAND-B","SRC-HUAWEI-ASCEND-HPCA2021","architecture_mechanism","direct_statement","supports","FP16","","","PDF p.3, Cube Unit","Source directly states the recorded mechanism or configuration value.","source_checked","M2-GHC-ARCH","","2026-08-12","M2-GHC-ARCH|ASRT|FACT-HUAWEI-DV-CUBE-FP16-OPERAND-B","reviewed","中文卡片使用释义；此行保留原文定位"
"ASRT-HUAWEI-DV-CUBE-FP16-OUTPUT","FACT-HUAWEI-DV-CUBE-FP16-OUTPUT","SRC-HUAWEI-ASCEND-HPCA2021","architecture_mechanism","direct_statement","supports","FP32","","","PDF p.3, Cube Unit","Source directly states the recorded mechanism or configuration value.","source_checked","M2-GHC-ARCH","","2026-08-12","M2-GHC-ARCH|ASRT|FACT-HUAWEI-DV-CUBE-FP16-OUTPUT","reviewed","中文卡片使用释义；此行保留原文定位"
"ASRT-HUAWEI-DV-CUBE-INT8-OPERAND-A","FACT-HUAWEI-DV-CUBE-INT8-OPERAND-A","SRC-HUAWEI-ASCEND-HPCA2021","architecture_mechanism","direct_statement","supports","INT8","","","PDF p.3, Cube Unit","Source directly states the recorded mechanism or configuration value.","source_checked","M2-GHC-ARCH","","2026-08-12","M2-GHC-ARCH|ASRT|FACT-HUAWEI-DV-CUBE-INT8-OPERAND-A","reviewed","中文卡片使用释义；此行保留原文定位"
"ASRT-HUAWEI-DV-NUM-CONVERSION","FACT-HUAWEI-DV-NUM-CONVERSION","SRC-HUAWEI-ASCEND-HPCA2021","architecture_mechanism","direct_statement","supports","Conversions among INT32, FP16 and INT8 are supported in the vector path","","","PDF pp.3-4, Vector Unit","Source directly states the recorded mechanism or configuration value.","source_checked","M2-GHC-ARCH","","2026-08-12","M2-GHC-ARCH|ASRT|FACT-HUAWEI-DV-NUM-CONVERSION","reviewed","中文卡片使用释义；此行保留原文定位"
"ASRT-HUAWEI-DV-MTE-DMA","FACT-HUAWEI-DV-MTE-DMA","SRC-HUAWEI-ASCEND-HPCA2021","architecture_mechanism","direct_statement","supports","Transfers data from L1 to L0A/L0B/L0C and supports zero decompression, img2col and transpose","","","PDF p.4, AI Core data path and MTE","Source directly states the recorded mechanism or configuration value.","source_checked","M2-GHC-ARCH","","2026-08-12","M2-GHC-ARCH|ASRT|FACT-HUAWEI-DV-MTE-DMA","reviewed","中文卡片使用释义；此行保留原文定位"
"ASRT-HUAWEI-DV-MTE-DECOMP","FACT-HUAWEI-DV-MTE-DECOMP","SRC-HUAWEI-ASCEND-HPCA2021","architecture_mechanism","direct_statement","supports","Zero decompression in the Memory Transfer Engine","","","PDF p.4, AI Core data path and MTE","Source directly states the recorded mechanism or configuration value.","source_checked","M2-GHC-ARCH","","2026-08-12","M2-GHC-ARCH|ASRT|FACT-HUAWEI-DV-MTE-DECOMP","reviewed","中文卡片使用释义；此行保留原文定位"
"ASRT-HUAWEI-DV-MTE-RESHAPE","FACT-HUAWEI-DV-MTE-RESHAPE","SRC-HUAWEI-ASCEND-HPCA2021","architecture_mechanism","direct_statement","supports","Img2col and transpose in the Memory Transfer Engine","","","PDF p.4, AI Core data path and MTE","Source directly states the recorded mechanism or configuration value.","source_checked","M2-GHC-ARCH","","2026-08-12","M2-GHC-ARCH|ASRT|FACT-HUAWEI-DV-MTE-RESHAPE","reviewed","中文卡片使用释义；此行保留原文定位"
"ASRT-HUAWEI-DV-SW-PROGRAMMING","FACT-HUAWEI-DV-SW-PROGRAMMING","SRC-HUAWEI-ASCEND-HPCA2021","architecture_mechanism","direct_statement","supports","TBE, TIK and CCE-C interfaces map software to Da Vinci AI Core operations","","","PDF p.9, software stack","Source directly states the recorded mechanism or configuration value.","source_checked","M2-GHC-ARCH","","2026-08-12","M2-GHC-ARCH|ASRT|FACT-HUAWEI-DV-SW-PROGRAMMING","reviewed","中文卡片使用释义；此行保留原文定位"
"ASRT-GROQ-LPU1-VXM-FUNCTION","FACT-GROQ-LPU1-VXM-FUNCTION","SRC-GROQ-TSP-ISCA2020","architecture_mechanism","direct_statement","supports","Vector arithmetic is executed through a lane-local ALU mesh","","","PDF pp.4, 8, VXM description","Source directly states the recorded mechanism or configuration value.","source_checked","M2-GHC-ARCH","","2026-08-12","M2-GHC-ARCH|ASRT|FACT-GROQ-LPU1-VXM-FUNCTION","reviewed","中文卡片使用释义；此行保留原文定位"
"ASRT-GROQ-LPU1-MEM-MANAGEMENT","FACT-GROQ-LPU1-MEM-MANAGEMENT","SRC-GROQ-TSP-ISCA2020","architecture_mechanism","direct_statement","supports","Flat global SRAM is explicitly managed by compiler-scheduled data movement rather than a hardware-managed cache","","","PDF pp.1-3, 6, memory model","Source directly states the recorded mechanism or configuration value.","source_checked","M2-GHC-ARCH","","2026-08-12","M2-GHC-ARCH|ASRT|FACT-GROQ-LPU1-MEM-MANAGEMENT","reviewed","中文卡片使用释义；此行保留原文定位"
"ASRT-GROQ-LPU1-C2C-PROTOCOL","FACT-GROQ-LPU1-C2C-PROTOCOL","SRC-GROQ-TSP-ISCA2020","architecture_mechanism","direct_statement","supports","C2C send and receive instructions move architecture vectors between processors","","","PDF pp.4-5, C2C instructions","Source directly states the recorded mechanism or configuration value.","source_checked","M2-GHC-ARCH","","2026-08-12","M2-GHC-ARCH|ASRT|FACT-GROQ-LPU1-C2C-PROTOCOL","reviewed","中文卡片使用释义；此行保留原文定位"
"ASRT-GROQ-LPU1-VXM-FP16-SUPPORT","FACT-GROQ-LPU1-VXM-FP16-SUPPORT","SRC-GROQ-GROQCHIP-BRIEF-V1-7","architecture_mechanism","direct_statement","supports","FP16","","","PDF p.2, Technology Specifications / Numerics","Source directly states the recorded mechanism or configuration value.","source_checked","M2-GHC-ARCH","","2026-08-12","M2-GHC-ARCH|ASRT|FACT-GROQ-LPU1-VXM-FP16-SUPPORT","reviewed","中文卡片使用释义；此行保留原文定位"
"ASRT-GROQ-LPU1-VXM-FP32-SUPPORT","FACT-GROQ-LPU1-VXM-FP32-SUPPORT","SRC-GROQ-GROQCHIP-BRIEF-V1-7","architecture_mechanism","direct_statement","supports","FP32","","","PDF p.2, Technology Specifications / Numerics","Source directly states the recorded mechanism or configuration value.","source_checked","M2-GHC-ARCH","","2026-08-12","M2-GHC-ARCH|ASRT|FACT-GROQ-LPU1-VXM-FP32-SUPPORT","reviewed","中文卡片使用释义；此行保留原文定位"
"AST-FACT-M2GA-GV3-NAME","FACT-M2GA-GV3-NAME","SRC-M2-GA-G02","identity","direct_statement","supports","TPUv3 only.","","","Fixed PDF p.4, Figure 2, second Matrix Multiply Unit label","TPUv3 only.","source_checked","m2_arch_google_aws","","2026-08-12","AFP-FACT-M2GA-GV3-NAME","reviewed",""
"AST-FACT-M2GA-GV4-NAME","FACT-M2GA-GV4-NAME","SRC-M2-GA-G03","identity","direct_statement","supports","TPUv4: An Optically Reconfigurable Supercomputer for Machine Learning with Hardware Support for Embeddings.","","","Fixed PDF p.1, paper title","TPUv4: An Optically Reconfigurable Supercomputer for Machine Learning with Hardware Support for Embeddings.","source_checked","m2_arch_google_aws","","2026-08-12","AFP-FACT-M2GA-GV4-NAME","reviewed",""
"AST-FACT-M2GA-GV5E-NAME","FACT-M2GA-GV5E-NAME","SRC-M2-GA-G08","identity","direct_statement","supports","This document describes the architecture and supported configurations of Cloud TPU v5e.","","","Current TPU v5e page, lines 136-140","This document describes the architecture and supported configurations of Cloud TPU v5e.","source_checked","m2_arch_google_aws","","2026-08-12","AFP-FACT-M2GA-GV5E-NAME","reviewed",""
"AST-FACT-M2GA-GV5P-NAME","FACT-M2GA-GV5P-NAME","SRC-M2-GA-G01","identity","direct_statement","supports","TPU v2 TPU v3 TPU v4 TPU v5p Ironwood. Year 2017 2018 2021 2023 2025.","","","Fixed PDF p.2, Table 1 column headings and Year row","TPU v2 TPU v3 TPU v4 TPU v5p Ironwood. Year 2017 2018 2021 2023 2025.","source_checked","m2_arch_google_aws","","2026-08-12","AFP-FACT-M2GA-GV5P-NAME","reviewed",""
"AST-FACT-M2GA-GV6E-NAME","FACT-M2GA-GV6E-NAME","SRC-M2-GA-G10","identity","direct_statement","supports","This document describes the architecture and supported configurations of Cloud TPU v6e (Trillium). On all technical surfaces, such as the API and logs, and throughout this document, Trillium will be referred to as v6e.","","","Current TPU v6e page, lines 136-140","This document describes the architecture and supported configurations of Cloud TPU v6e (Trillium). On all technical surfaces, such as the API and logs, and throughout this document, Trillium will be referred to as v6e.","source_checked","m2_arch_google_aws","","2026-08-12","AFP-FACT-M2GA-GV6E-NAME","reviewed",""
"AST-FACT-M2GA-G7X-NAME","FACT-M2GA-G7X-NAME","SRC-M2-GA-G01","identity","direct_statement","supports","TPU v2 TPU v3 TPU v4 TPU v5p Ironwood. Year 2017 2018 2021 2023 2025.","","","Fixed PDF p.2, Table 1 column headings and Year row","TPU v2 TPU v3 TPU v4 TPU v5p Ironwood. Year 2017 2018 2021 2023 2025.","source_checked","m2_arch_google_aws","","2026-08-12","AFP-FACT-M2GA-G7X-NAME","reviewed",""
"AST-FACT-M2GA-G8T-NAME","FACT-M2GA-G8T-NAME","SRC-M2-GA-G13","identity","direct_statement","supports","TPU 8t: The pre-training powerhouse.","","","Google Cloud technical deep dive, TPU 8t section heading, lines 87-89","TPU 8t: The pre-training powerhouse.","source_checked","m2_arch_google_aws","","2026-08-12","AFP-FACT-M2GA-G8T-NAME","reviewed",""
"AST-FACT-M2GA-G8I-NAME","FACT-M2GA-G8I-NAME","SRC-M2-GA-G13","identity","direct_statement","supports","TPU 8i: The sampling and serving specialist.","","","Google Cloud technical deep dive, TPU 8i section heading, lines 112-114","TPU 8i: The sampling and serving specialist.","source_checked","m2_arch_google_aws","","2026-08-12","AFP-FACT-M2GA-G8I-NAME","reviewed",""
"AST-FACT-M2GA-AIF1-NAME","FACT-M2GA-AIF1-NAME","SRC-M2-GA-A02","identity","direct_statement","supports","NeuronCore-v1 Architecture","","","Neuron 2.9.1 page heading, lines 215-220","NeuronCore-v1 Architecture","source_checked","m2_arch_google_aws","","2026-08-12","AFP-FACT-M2GA-AIF1-NAME","reviewed","逐来源原词修复；normalized_value_text 保持规范化表述"
"AST-FACT-M2GA-ATRN1-NAME","FACT-M2GA-ATRN1-NAME","SRC-M2-GA-A03","identity","direct_statement","supports","Trainium is the second generation purpose-built Machine Learning accelerator from AWS.","","","Neuron 2.26.1, Trainium Architecture, line 721","Trainium is the second generation purpose-built Machine Learning accelerator from AWS.","source_checked","m2_arch_google_aws","","2026-08-12","AFP-FACT-M2GA-ATRN1-NAME","reviewed",""
"AST-FACT-M2GA-AIF2-NAME","FACT-M2GA-AIF2-NAME","SRC-M2-GA-A04","identity","direct_statement","supports","Inferentia2 is the second generation AWS purpose-built Machine Learning inference accelerator.","","","Neuron 2.29.1, Inferentia2 Architecture, line 989","Inferentia2 is the second generation AWS purpose-built Machine Learning inference accelerator.","source_checked","m2_arch_google_aws","","2026-08-12","AFP-FACT-M2GA-AIF2-NAME","reviewed",""
"AST-FACT-M2GA-ATRN3-NAME","FACT-M2GA-ATRN3-NAME","SRC-M2-GA-A06","identity","direct_statement","supports","Trainium3 is the fourth-generation purpose-built Machine Learning chip from AWS. A Trainium3 device contains eight NeuronCore-v4 cores.","","","Neuron 2.28.1, Trainium3 Architecture, line 939","Trainium3 is the fourth-generation purpose-built Machine Learning chip from AWS. A Trainium3 device contains eight NeuronCore-v4 cores.","source_checked","m2_arch_google_aws","","2026-08-12","AFP-FACT-M2GA-ATRN3-NAME","reviewed",""
"AST-FACT-M2GA-ATRN4-NAME","FACT-M2GA-ATRN4-NAME","SRC-M2-GA-A09","identity","direct_statement","supports","Trainium4 is expected to start delivering in 2027, with 6 times the FP4 compute performance, 4 times more memory bandwidth, and 2 times more high memory bandwidth capacity than Trainium3.","","","Amazon Q4 2025 results, 2026-02-05, line 77","Trainium4 is expected to start delivering in 2027, with 6 times the FP4 compute performance, 4 times more memory bandwidth, and 2 times more high memory bandwidth capacity than Trainium3.","source_checked","m2_arch_google_aws","","2026-08-12","AFP-FACT-M2GA-ATRN4-NAME","reviewed",""
"AST-FACT-M2GA-GV3-EXEC","FACT-M2GA-GV3-EXEC","SRC-M2-GA-G02","architecture_mechanism","direct_statement","supports","The TPUv2 node of the supercomputer followed the main ideas of TPUv1: A large two-dimensional matrix multiply unit (MXU) using a systolic array to reduce area and energy plus large, software-controlled on-chip memories instead of caches.","","","Fixed PDF p.4, Designing a DSA supercomputer node","The TPUv2 node of the supercomputer followed the main ideas of TPUv1: A large two-dimensional matrix multiply unit (MXU) using a systolic array to reduce area and energy plus large, software-controlled on-chip memories instead of caches.","source_checked","m2_arch_google_aws","","2026-08-12","AFP-FACT-M2GA-GV3-EXEC","reviewed",""
"AST-FACT-M2GA-GV3-ARRAY","FACT-M2GA-GV3-ARRAY","SRC-M2-GA-G02","architecture_mechanism","direct_statement","supports","Matrix Multiply (MXU). TPUv3 only.","","","Fixed PDF p.4, Figure 2, second Matrix Multiply Unit label","Matrix Multiply (MXU). TPUv3 only.","source_checked","m2_arch_google_aws","","2026-08-12","AFP-FACT-M2GA-GV3-ARRAY","reviewed",""
"AST-FACT-M2GA-GV3-MEM-MGMT","FACT-M2GA-GV3-MEM-MGMT","SRC-M2-GA-G01","architecture_mechanism","direct_statement","supports","Software control of the memory hierarchy via DMAs with scratchpad SRAM versus a conventional CPU-like cache hierarchy.","","","Fixed PDF p.12, conclusion item 5","Software control of the memory hierarchy via DMAs with scratchpad SRAM versus a conventional CPU-like cache hierarchy.","source_checked","m2_arch_google_aws","","2026-08-12","AFP-FACT-M2GA-GV3-MEM-MGMT","reviewed",""
"AST-FACT-M2GA-GV3-DMA","FACT-M2GA-GV3-DMA","SRC-M2-GA-G01","architecture_mechanism","direct_statement","supports","An asynchronous DMA (Direct Memory Access) unit transfers data between HBM and local vector memory. The memory hierarchy is compiler-controlled, unlike some other accelerators that rely on caches.","","","Fixed PDF p.4, TensorCore vector memory and data movement paragraph","An asynchronous DMA (Direct Memory Access) unit transfers data between HBM and local vector memory. The memory hierarchy is compiler-controlled, unlike some other accelerators that rely on caches.","source_checked","m2_arch_google_aws","","2026-08-12","AFP-FACT-M2GA-GV3-DMA","reviewed",""
"AST-FACT-M2GA-GV3-SW","FACT-M2GA-GV3-SW","SRC-M2-GA-G01","architecture_mechanism","direct_statement","supports","The TPU software stack has evolved over TPUs from v2 to Ironwood, with the XLA (Accelerated Linear Algebra) framework as the one constant.","","","Fixed PDF p.5, TPU Software Stack paragraph","The TPU software stack has evolved over TPUs from v2 to Ironwood, with the XLA (Accelerated Linear Algebra) framework as the one constant.","source_checked","m2_arch_google_aws","","2026-08-12","AFP-FACT-M2GA-GV3-SW","reviewed","只支持跨代 XLA；不逐代归属 Pallas，不登记 Mosaic"
"AST-FACT-M2GA-GV4-EXEC","FACT-M2GA-GV4-EXEC","SRC-M2-GA-G01","architecture_mechanism","direct_statement","supports","Figure 2 shows a TPU v2 block diagram that remarkably still holds for every training TPU through Ironwood.","","","Fixed PDF p.3, Architecture Stability Over Time, Figure 2 lead-in","Figure 2 shows a TPU v2 block diagram that remarkably still holds for every training TPU through Ironwood.","source_checked","m2_arch_google_aws","","2026-08-12","AFP-FACT-M2GA-GV4-EXEC","reviewed",""
"AST-FACT-M2GA-GV4-ARRAY","FACT-M2GA-GV4-ARRAY","SRC-M2-GA-G03","architecture_mechanism","direct_statement","supports","Like TPUv3, each TPUv4 contains two TensorCores (TC). Each TC contains four 128x128 Matrix Multiply Units (MXUs) and a Vector Processing Unit (VPU) with 128 lanes (16 ALUs per lane) and a 16MiB Vector Memory (VMEM).","","","Fixed PDF p.2, TPU v4 package architecture paragraph","Like TPUv3, each TPUv4 contains two TensorCores (TC). Each TC contains four 128x128 Matrix Multiply Units (MXUs) and a Vector Processing Unit (VPU) with 128 lanes (16 ALUs per lane) and a 16MiB Vector Memory (VMEM).","source_checked","m2_arch_google_aws","","2026-08-12","AFP-FACT-M2GA-GV4-ARRAY","reviewed",""
"AST-FACT-M2GA-GV4-MEM-MGMT","FACT-M2GA-GV4-MEM-MGMT","SRC-M2-GA-G01","architecture_mechanism","direct_statement","supports","Software control of the memory hierarchy via DMAs with scratchpad SRAM versus a conventional CPU-like cache hierarchy.","","","Fixed PDF p.12, conclusion item 5","Software control of the memory hierarchy via DMAs with scratchpad SRAM versus a conventional CPU-like cache hierarchy.","source_checked","m2_arch_google_aws","","2026-08-12","AFP-FACT-M2GA-GV4-MEM-MGMT","reviewed",""
"AST-FACT-M2GA-GV4-DMA","FACT-M2GA-GV4-DMA","SRC-M2-GA-G01","architecture_mechanism","direct_statement","supports","An asynchronous DMA (Direct Memory Access) unit transfers data between HBM and local vector memory. The memory hierarchy is compiler-controlled, unlike some other accelerators that rely on caches.","","","Fixed PDF p.4, TensorCore vector memory and data movement paragraph","An asynchronous DMA (Direct Memory Access) unit transfers data between HBM and local vector memory. The memory hierarchy is compiler-controlled, unlike some other accelerators that rely on caches.","source_checked","m2_arch_google_aws","","2026-08-12","AFP-FACT-M2GA-GV4-DMA","reviewed",""
"AST-FACT-M2GA-GV4-SW","FACT-M2GA-GV4-SW","SRC-M2-GA-G01","architecture_mechanism","direct_statement","supports","The TPU software stack has evolved over TPUs from v2 to Ironwood, with the XLA (Accelerated Linear Algebra) framework as the one constant.","","","Fixed PDF p.5, TPU Software Stack paragraph","The TPU software stack has evolved over TPUs from v2 to Ironwood, with the XLA (Accelerated Linear Algebra) framework as the one constant.","source_checked","m2_arch_google_aws","","2026-08-12","AFP-FACT-M2GA-GV4-SW","reviewed","只支持跨代 XLA；不逐代归属 Pallas，不登记 Mosaic"
"AST-FACT-M2GA-GV5E-EXEC","FACT-M2GA-GV5E-EXEC","SRC-M2-GA-G05","architecture_mechanism","direct_statement","supports","Each TensorCore consists of one or more matrix-multiply units (MXUs), a vector unit, and a scalar unit.","","","Current TPU architecture page, TPU chip, line 183","Each TensorCore consists of one or more matrix-multiply units (MXUs), a vector unit, and a scalar unit.","source_checked","m2_arch_google_aws","","2026-08-12","AFP-FACT-M2GA-GV5E-EXEC","reviewed",""
"AST-FACT-M2GA-GV5E-ARRAY","FACT-M2GA-GV5E-ARRAY","SRC-M2-GA-G05","architecture_mechanism","direct_statement","supports","An MXU is composed of either 256 x 256 (TPU v6e and TPU7x) or 128 x 128 (TPU versions prior to v6e) multiply-accumulators in a systolic array.","","","Current TPU architecture page, TPU chip / MXU, line 184","An MXU is composed of either 256 x 256 (TPU v6e and TPU7x) or 128 x 128 (TPU versions prior to v6e) multiply-accumulators in a systolic array.","source_checked","m2_arch_google_aws","","2026-08-12","AFP-FACT-M2GA-GV5E-ARRAY","reviewed",""
"AST-FACT-M2GA-GV5P-EXEC","FACT-M2GA-GV5P-EXEC","SRC-M2-GA-G01","architecture_mechanism","direct_statement","supports","Figure 2 shows a TPU v2 block diagram that remarkably still holds for every training TPU through Ironwood.","","","Fixed PDF p.3, Architecture Stability Over Time, Figure 2 lead-in","Figure 2 shows a TPU v2 block diagram that remarkably still holds for every training TPU through Ironwood.","source_checked","m2_arch_google_aws","","2026-08-12","AFP-FACT-M2GA-GV5P-EXEC","reviewed",""
"AST-FACT-M2GA-GV5P-ARRAY","FACT-M2GA-GV5P-ARRAY","SRC-M2-GA-G01","architecture_mechanism","direct_statement","supports","8 128x128 bf16.","","","Fixed PDF p.2, Table 1, TPU v5p Matrix Multiply Units per TPU cell","8 128x128 bf16.","source_checked","m2_arch_google_aws","","2026-08-12","AFP-FACT-M2GA-GV5P-ARRAY","reviewed",""
"AST-FACT-M2GA-GV5P-MEM-MGMT","FACT-M2GA-GV5P-MEM-MGMT","SRC-M2-GA-G01","architecture_mechanism","direct_statement","supports","Software control of the memory hierarchy via DMAs with scratchpad SRAM versus a conventional CPU-like cache hierarchy.","","","Fixed PDF p.12, conclusion item 5","Software control of the memory hierarchy via DMAs with scratchpad SRAM versus a conventional CPU-like cache hierarchy.","source_checked","m2_arch_google_aws","","2026-08-12","AFP-FACT-M2GA-GV5P-MEM-MGMT","reviewed",""
"AST-FACT-M2GA-GV5P-DMA","FACT-M2GA-GV5P-DMA","SRC-M2-GA-G01","architecture_mechanism","direct_statement","supports","An asynchronous DMA (Direct Memory Access) unit transfers data between HBM and local vector memory. The memory hierarchy is compiler-controlled, unlike some other accelerators that rely on caches.","","","Fixed PDF p.4, TensorCore vector memory and data movement paragraph","An asynchronous DMA (Direct Memory Access) unit transfers data between HBM and local vector memory. The memory hierarchy is compiler-controlled, unlike some other accelerators that rely on caches.","source_checked","m2_arch_google_aws","","2026-08-12","AFP-FACT-M2GA-GV5P-DMA","reviewed",""
"AST-FACT-M2GA-GV5P-SW","FACT-M2GA-GV5P-SW","SRC-M2-GA-G01","architecture_mechanism","direct_statement","supports","The TPU software stack has evolved over TPUs from v2 to Ironwood, with the XLA (Accelerated Linear Algebra) framework as the one constant.","","","Fixed PDF p.5, TPU Software Stack paragraph","The TPU software stack has evolved over TPUs from v2 to Ironwood, with the XLA (Accelerated Linear Algebra) framework as the one constant.","source_checked","m2_arch_google_aws","","2026-08-12","AFP-FACT-M2GA-GV5P-SW","reviewed","只支持跨代 XLA；不逐代归属 Pallas，不登记 Mosaic"
"AST-FACT-M2GA-GV6E-EXEC","FACT-M2GA-GV6E-EXEC","SRC-M2-GA-G05","architecture_mechanism","direct_statement","supports","Each TensorCore consists of one or more matrix-multiply units (MXUs), a vector unit, and a scalar unit.","","","Current TPU architecture page, TPU chip, line 183","Each TensorCore consists of one or more matrix-multiply units (MXUs), a vector unit, and a scalar unit.","source_checked","m2_arch_google_aws","","2026-08-12","AFP-FACT-M2GA-GV6E-EXEC","reviewed",""
"AST-FACT-M2GA-GV6E-ARRAY","FACT-M2GA-GV6E-ARRAY","SRC-M2-GA-G05","architecture_mechanism","direct_statement","supports","An MXU is composed of either 256 x 256 (TPU v6e and TPU7x) or 128 x 128 (TPU versions prior to v6e) multiply-accumulators in a systolic array.","","","Current TPU architecture page, TPU chip / MXU, line 184","An MXU is composed of either 256 x 256 (TPU v6e and TPU7x) or 128 x 128 (TPU versions prior to v6e) multiply-accumulators in a systolic array.","source_checked","m2_arch_google_aws","","2026-08-12","AFP-FACT-M2GA-GV6E-ARRAY","reviewed",""
"AST-FACT-M2GA-G7X-EXEC","FACT-M2GA-G7X-EXEC","SRC-M2-GA-G01","architecture_mechanism","direct_statement","supports","We simply widen the VLIW instruction each generation as TPUs gain more parallel hardware to control, such as more MXUs; Ironwood instructions are >50% wider than TPU v2.","","","Fixed PDF p.7, VLIW instructions bullet","We simply widen the VLIW instruction each generation as TPUs gain more parallel hardware to control, such as more MXUs; Ironwood instructions are >50% wider than TPU v2.","source_checked","m2_arch_google_aws","","2026-08-12","AFP-FACT-M2GA-G7X-EXEC","reviewed",""
"AST-FACT-M2GA-G7X-ARRAY","FACT-M2GA-G7X-ARRAY","SRC-M2-GA-G01","architecture_mechanism","direct_statement","supports","MXUs scaled from two 128x128 systolic arrays in TPU v2 to four 256x256 arrays for bf16 in Ironwood. Ironwood also added support for FP8 arithmetic, which means it can also compute four 512x512 FP8 multiplies.","","","Fixed PDF p.6, Matrix multiply unit evolution bullet","MXUs scaled from two 128x128 systolic arrays in TPU v2 to four 256x256 arrays for bf16 in Ironwood. Ironwood also added support for FP8 arithmetic, which means it can also compute four 512x512 FP8 multiplies.","source_checked","m2_arch_google_aws","","2026-08-12","AFP-FACT-M2GA-G7X-ARRAY","reviewed",""
"AST-FACT-M2GA-G7X-MEM-MGMT","FACT-M2GA-G7X-MEM-MGMT","SRC-M2-GA-G01","architecture_mechanism","direct_statement","supports","Software control of the memory hierarchy via DMAs with scratchpad SRAM versus a conventional CPU-like cache hierarchy.","","","Fixed PDF p.12, conclusion item 5","Software control of the memory hierarchy via DMAs with scratchpad SRAM versus a conventional CPU-like cache hierarchy.","source_checked","m2_arch_google_aws","","2026-08-12","AFP-FACT-M2GA-G7X-MEM-MGMT","reviewed",""
"AST-FACT-M2GA-G7X-DMA","FACT-M2GA-G7X-DMA","SRC-M2-GA-G01","architecture_mechanism","direct_statement","supports","An asynchronous DMA (Direct Memory Access) unit transfers data between HBM and local vector memory. The memory hierarchy is compiler-controlled, unlike some other accelerators that rely on caches.","","","Fixed PDF p.4, TensorCore vector memory and data movement paragraph","An asynchronous DMA (Direct Memory Access) unit transfers data between HBM and local vector memory. The memory hierarchy is compiler-controlled, unlike some other accelerators that rely on caches.","source_checked","m2_arch_google_aws","","2026-08-12","AFP-FACT-M2GA-G7X-DMA","reviewed",""
"AST-FACT-M2GA-G7X-SW","FACT-M2GA-G7X-SW","SRC-M2-GA-G01","architecture_mechanism","direct_statement","supports","The TPU software stack has evolved over TPUs from v2 to Ironwood, with the XLA (Accelerated Linear Algebra) framework as the one constant.","","","Fixed PDF p.5, TPU Software Stack paragraph","The TPU software stack has evolved over TPUs from v2 to Ironwood, with the XLA (Accelerated Linear Algebra) framework as the one constant.","source_checked","m2_arch_google_aws","","2026-08-12","AFP-FACT-M2GA-G7X-SW","reviewed","只支持跨代 XLA；不逐代归属 Pallas，不登记 Mosaic"
"AST-FACT-M2GA-GV3-BF16-IN","FACT-M2GA-GV3-BF16-IN","SRC-M2-GA-G05","architecture_mechanism","direct_statement","supports","All multiplies take bfloat16 inputs, but all accumulations are performed in FP32 number format.","","","Current TPU architecture page, TPU chip / MXU numeric behavior, line 184","All multiplies take bfloat16 inputs, but all accumulations are performed in FP32 number format.","source_checked","m2_arch_google_aws","","2026-08-12","AFP-FACT-M2GA-GV3-BF16-IN","reviewed",""
"AST-FACT-M2GA-GV3-BF16-ACC","FACT-M2GA-GV3-BF16-ACC","SRC-M2-GA-G05","core_spec","direct_statement","supports","All multiplies take bfloat16 inputs, but all accumulations are performed in FP32 number format.","","","Current TPU architecture page, TPU chip / MXU numeric behavior, line 184","All multiplies take bfloat16 inputs, but all accumulations are performed in FP32 number format.","source_checked","m2_arch_google_aws","","2026-08-12","AFP-FACT-M2GA-GV3-BF16-ACC","reviewed","物理累加器位宽未公开"
"AST-FACT-M2GA-GV4-BF16-IN","FACT-M2GA-GV4-BF16-IN","SRC-M2-GA-G05","architecture_mechanism","direct_statement","supports","All multiplies take bfloat16 inputs, but all accumulations are performed in FP32 number format.","","","Current TPU architecture page, TPU chip / MXU numeric behavior, line 184","All multiplies take bfloat16 inputs, but all accumulations are performed in FP32 number format.","source_checked","m2_arch_google_aws","","2026-08-12","AFP-FACT-M2GA-GV4-BF16-IN","reviewed",""
"AST-FACT-M2GA-GV4-BF16-ACC","FACT-M2GA-GV4-BF16-ACC","SRC-M2-GA-G05","core_spec","direct_statement","supports","All multiplies take bfloat16 inputs, but all accumulations are performed in FP32 number format.","","","Current TPU architecture page, TPU chip / MXU numeric behavior, line 184","All multiplies take bfloat16 inputs, but all accumulations are performed in FP32 number format.","source_checked","m2_arch_google_aws","","2026-08-12","AFP-FACT-M2GA-GV4-BF16-ACC","reviewed","物理累加器位宽未公开"
"AST-FACT-M2GA-GV5E-BF16-IN","FACT-M2GA-GV5E-BF16-IN","SRC-M2-GA-G05","architecture_mechanism","direct_statement","supports","All multiplies take bfloat16 inputs, but all accumulations are performed in FP32 number format.","","","Current TPU architecture page, TPU chip / MXU numeric behavior, line 184","All multiplies take bfloat16 inputs, but all accumulations are performed in FP32 number format.","source_checked","m2_arch_google_aws","","2026-08-12","AFP-FACT-M2GA-GV5E-BF16-IN","reviewed",""
"AST-FACT-M2GA-GV5E-BF16-ACC","FACT-M2GA-GV5E-BF16-ACC","SRC-M2-GA-G05","core_spec","direct_statement","supports","All multiplies take bfloat16 inputs, but all accumulations are performed in FP32 number format.","","","Current TPU architecture page, TPU chip / MXU numeric behavior, line 184","All multiplies take bfloat16 inputs, but all accumulations are performed in FP32 number format.","source_checked","m2_arch_google_aws","","2026-08-12","AFP-FACT-M2GA-GV5E-BF16-ACC","reviewed","物理累加器位宽未公开"
"AST-FACT-M2GA-GV5P-BF16-IN","FACT-M2GA-GV5P-BF16-IN","SRC-M2-GA-G05","architecture_mechanism","direct_statement","supports","All multiplies take bfloat16 inputs, but all accumulations are performed in FP32 number format.","","","Current TPU architecture page, TPU chip / MXU numeric behavior, line 184","All multiplies take bfloat16 inputs, but all accumulations are performed in FP32 number format.","source_checked","m2_arch_google_aws","","2026-08-12","AFP-FACT-M2GA-GV5P-BF16-IN","reviewed",""
"AST-FACT-M2GA-GV5P-BF16-ACC","FACT-M2GA-GV5P-BF16-ACC","SRC-M2-GA-G05","core_spec","direct_statement","supports","All multiplies take bfloat16 inputs, but all accumulations are performed in FP32 number format.","","","Current TPU architecture page, TPU chip / MXU numeric behavior, line 184","All multiplies take bfloat16 inputs, but all accumulations are performed in FP32 number format.","source_checked","m2_arch_google_aws","","2026-08-12","AFP-FACT-M2GA-GV5P-BF16-ACC","reviewed","物理累加器位宽未公开"
"AST-FACT-M2GA-GV6E-BF16-IN","FACT-M2GA-GV6E-BF16-IN","SRC-M2-GA-G05","architecture_mechanism","direct_statement","supports","All multiplies take bfloat16 inputs, but all accumulations are performed in FP32 number format.","","","Current TPU architecture page, TPU chip / MXU numeric behavior, line 184","All multiplies take bfloat16 inputs, but all accumulations are performed in FP32 number format.","source_checked","m2_arch_google_aws","","2026-08-12","AFP-FACT-M2GA-GV6E-BF16-IN","reviewed",""
"AST-FACT-M2GA-GV6E-BF16-ACC","FACT-M2GA-GV6E-BF16-ACC","SRC-M2-GA-G05","core_spec","direct_statement","supports","All multiplies take bfloat16 inputs, but all accumulations are performed in FP32 number format.","","","Current TPU architecture page, TPU chip / MXU numeric behavior, line 184","All multiplies take bfloat16 inputs, but all accumulations are performed in FP32 number format.","source_checked","m2_arch_google_aws","","2026-08-12","AFP-FACT-M2GA-GV6E-BF16-ACC","reviewed","物理累加器位宽未公开"
"AST-FACT-M2GA-G7X-BF16-IN","FACT-M2GA-G7X-BF16-IN","SRC-M2-GA-G05","architecture_mechanism","direct_statement","supports","All multiplies take bfloat16 inputs, but all accumulations are performed in FP32 number format.","","","Current TPU architecture page, TPU chip / MXU numeric behavior, line 184","All multiplies take bfloat16 inputs, but all accumulations are performed in FP32 number format.","source_checked","m2_arch_google_aws","","2026-08-12","AFP-FACT-M2GA-G7X-BF16-IN","reviewed",""
"AST-FACT-M2GA-G7X-BF16-ACC","FACT-M2GA-G7X-BF16-ACC","SRC-M2-GA-G05","core_spec","direct_statement","supports","All multiplies take bfloat16 inputs, but all accumulations are performed in FP32 number format.","","","Current TPU architecture page, TPU chip / MXU numeric behavior, line 184","All multiplies take bfloat16 inputs, but all accumulations are performed in FP32 number format.","source_checked","m2_arch_google_aws","","2026-08-12","AFP-FACT-M2GA-G7X-BF16-ACC","reviewed","物理累加器位宽未公开"
"AST-FACT-M2GA-GV3-SPARSE","FACT-M2GA-GV3-SPARSE","SRC-M2-GA-G01","architecture_mechanism","direct_statement","supports","SparseCore units contain 16 compute tiles. Each tile also includes a Fetch Unit, a programmable 8-wide SIMD Vector Processing Unit, and a Flush Unit. The Fetch Unit reads activations and parameters from the HBM into the tile's slice of a 2.5 MiB Sparse Vector Memory.","","","Fixed PDF p.5, SparseCore architecture paragraph","SparseCore units contain 16 compute tiles. Each tile also includes a Fetch Unit, a programmable 8-wide SIMD Vector Processing Unit, and a Flush Unit. The Fetch Unit reads activations and parameters from the HBM into the tile's slice of a 2.5 MiB Sparse Vector Memory.","source_checked","m2_arch_google_aws","","2026-08-12","AFP-FACT-M2GA-GV3-SPARSE","reviewed",""
"AST-FACT-M2GA-GV4-SPARSE","FACT-M2GA-GV4-SPARSE","SRC-M2-GA-G01","architecture_mechanism","direct_statement","supports","SparseCore units contain 16 compute tiles. Each tile also includes a Fetch Unit, a programmable 8-wide SIMD Vector Processing Unit, and a Flush Unit. The Fetch Unit reads activations and parameters from the HBM into the tile's slice of a 2.5 MiB Sparse Vector Memory.","","","Fixed PDF p.5, SparseCore architecture paragraph","SparseCore units contain 16 compute tiles. Each tile also includes a Fetch Unit, a programmable 8-wide SIMD Vector Processing Unit, and a Flush Unit. The Fetch Unit reads activations and parameters from the HBM into the tile's slice of a 2.5 MiB Sparse Vector Memory.","source_checked","m2_arch_google_aws","","2026-08-12","AFP-FACT-M2GA-GV4-SPARSE","reviewed",""
"AST-FACT-M2GA-GV5P-SPARSE","FACT-M2GA-GV5P-SPARSE","SRC-M2-GA-G01","architecture_mechanism","direct_statement","supports","SparseCore units contain 16 compute tiles. Each tile also includes a Fetch Unit, a programmable 8-wide SIMD Vector Processing Unit, and a Flush Unit. The Fetch Unit reads activations and parameters from the HBM into the tile's slice of a 2.5 MiB Sparse Vector Memory.","","","Fixed PDF p.5, SparseCore architecture paragraph","SparseCore units contain 16 compute tiles. Each tile also includes a Fetch Unit, a programmable 8-wide SIMD Vector Processing Unit, and a Flush Unit. The Fetch Unit reads activations and parameters from the HBM into the tile's slice of a 2.5 MiB Sparse Vector Memory.","source_checked","m2_arch_google_aws","","2026-08-12","AFP-FACT-M2GA-GV5P-SPARSE","reviewed",""
"AST-FACT-M2GA-G7X-SPARSE","FACT-M2GA-G7X-SPARSE","SRC-M2-GA-G01","architecture_mechanism","direct_statement","supports","SparseCore units contain 16 compute tiles. Each tile also includes a Fetch Unit, a programmable 8-wide SIMD Vector Processing Unit, and a Flush Unit. The Fetch Unit reads activations and parameters from the HBM into the tile's slice of a 2.5 MiB Sparse Vector Memory.","","","Fixed PDF p.5, SparseCore architecture paragraph","SparseCore units contain 16 compute tiles. Each tile also includes a Fetch Unit, a programmable 8-wide SIMD Vector Processing Unit, and a Flush Unit. The Fetch Unit reads activations and parameters from the HBM into the tile's slice of a 2.5 MiB Sparse Vector Memory.","source_checked","m2_arch_google_aws","","2026-08-12","AFP-FACT-M2GA-G7X-SPARSE","reviewed",""
"AST-FACT-M2GA-GV6E-SPARSE","FACT-M2GA-GV6E-SPARSE","SRC-M2-GA-G15","architecture_mechanism","direct_statement","supports","SparseCore is a specialized tiled processor engineered for high-performance acceleration of workloads that involve irregular, sparse memory access and computation, particularly on large datasets stored in High Bandwidth Memory (HBM). Key architectural features: Tiled architecture; Dynamic execution; Vector processing; Centralized control; Data summarization support; Memory hierarchy. Attribute | TPU v4 | TPU v5p | Trillium.","","","Current OpenXLA SparseCore page, introduction, key features and generation table, lines 69-87","SparseCore is a specialized tiled processor engineered for high-performance acceleration of workloads that involve irregular, sparse memory access and computation, particularly on large datasets stored in High Bandwidth Memory (HBM). Key architectural features: Tiled architecture; Dynamic execution; Vector processing; Centralized control; Data summarization support; Memory hierarchy. Attribute | TPU v4 | TPU v5p | Trillium.","source_checked","m2_arch_google_aws","","2026-08-12","AFP-FACT-M2GA-GV6E-SPARSE","reviewed",""
"AST-FACT-M2GA-GV4-SORT","FACT-M2GA-GV4-SORT","SRC-M2-GA-G15","architecture_mechanism","direct_statement","supports","Data summarization support: Includes specialized cross-lane operations beneficial for tasks such as sorting, filtering, and prefix sums. Attribute | TPU v4 | TPU v5p | Trillium.","","","Current OpenXLA SparseCore page, key features and generation table, lines 73-87","Data summarization support: Includes specialized cross-lane operations beneficial for tasks such as sorting, filtering, and prefix sums. Attribute | TPU v4 | TPU v5p | Trillium.","source_checked","m2_arch_google_aws","","2026-08-12","AFP-FACT-M2GA-GV4-SORT","reviewed",""
"AST-FACT-M2GA-GV5P-SORT","FACT-M2GA-GV5P-SORT","SRC-M2-GA-G15","architecture_mechanism","direct_statement","supports","Data summarization support: Includes specialized cross-lane operations beneficial for tasks such as sorting, filtering, and prefix sums. Attribute | TPU v4 | TPU v5p | Trillium.","","","Current OpenXLA SparseCore page, key features and generation table, lines 73-87","Data summarization support: Includes specialized cross-lane operations beneficial for tasks such as sorting, filtering, and prefix sums. Attribute | TPU v4 | TPU v5p | Trillium.","source_checked","m2_arch_google_aws","","2026-08-12","AFP-FACT-M2GA-GV5P-SORT","reviewed",""
"AST-FACT-M2GA-GV6E-SORT","FACT-M2GA-GV6E-SORT","SRC-M2-GA-G15","architecture_mechanism","direct_statement","supports","Data summarization support: Includes specialized cross-lane operations beneficial for tasks such as sorting, filtering, and prefix sums. Attribute | TPU v4 | TPU v5p | Trillium.","","","Current OpenXLA SparseCore page, key features and generation table, lines 73-87","Data summarization support: Includes specialized cross-lane operations beneficial for tasks such as sorting, filtering, and prefix sums. Attribute | TPU v4 | TPU v5p | Trillium.","source_checked","m2_arch_google_aws","","2026-08-12","AFP-FACT-M2GA-GV6E-SORT","reviewed",""
"AST-FACT-M2GA-G8T-FP4","FACT-M2GA-G8T-FP4","SRC-M2-GA-G13","core_spec","direct_statement","supports","TPU 8t introduces native 4-bit floating point (FP4) to overcome memory bandwidth bottlenecks, doubling MXU throughput while maintaining accuracy for large models even at lower-precision quantization.","","","Google Cloud technical deep dive, Native FP4 bullet, lines 91-94","TPU 8t introduces native 4-bit floating point (FP4) to overcome memory bandwidth bottlenecks, doubling MXU throughput while maintaining accuracy for large models even at lower-precision quantization.","source_checked","m2_arch_google_aws","","2026-08-12","AFP-FACT-M2GA-G8T-FP4","reviewed","乘积、累加与输出精度未公开"
"AST-FACT-M2GA-G8T-SPARSE","FACT-M2GA-G8T-SPARSE","SRC-M2-GA-G13","architecture_mechanism","direct_statement","supports","Central to TPU 8t is the SparseCore, a specialized accelerator designed to handle the irregular memory access patterns of embedding lookups.","","","Google Cloud technical deep dive, SparseCore advantage bullet, lines 91-92","Central to TPU 8t is the SparseCore, a specialized accelerator designed to handle the irregular memory access patterns of embedding lookups.","source_checked","m2_arch_google_aws","","2026-08-12","AFP-FACT-M2GA-G8T-SPARSE","reviewed",""
"AST-FACT-M2GA-G8T-ALLGATHER","FACT-M2GA-G8T-ALLGATHER","SRC-M2-GA-G13","architecture_mechanism","direct_statement","supports","While the Matrix Multiply Unit (MXU) handles matrix math, the SparseCore offloads data-dependent all-gather operations, amongst other collectives, preventing the zero-op bottlenecks that often plague general-purpose chips.","","","Google Cloud technical deep dive, SparseCore advantage bullet, line 92","While the Matrix Multiply Unit (MXU) handles matrix math, the SparseCore offloads data-dependent all-gather operations, amongst other collectives, preventing the zero-op bottlenecks that often plague general-purpose chips.","source_checked","m2_arch_google_aws","","2026-08-12","AFP-FACT-M2GA-G8T-ALLGATHER","reviewed",""
"AST-FACT-M2GA-G8T-LDE","FACT-M2GA-G8T-LDE","SRC-M2-GA-G13","architecture_mechanism","direct_statement","supports","Specialized Chip Features | SparseCore (Embeddings) & LLM Decoder Engine | CAE (Collectives Acceleration Engine).","","","Google Cloud technical deep dive, TPU 8t and TPU 8i at a glance, lines 145-150","Specialized Chip Features | SparseCore (Embeddings) & LLM Decoder Engine | CAE (Collectives Acceleration Engine).","source_checked","m2_arch_google_aws","","2026-08-12","AFP-FACT-M2GA-G8T-LDE","reviewed","只支持 LLM Decoder Engine 存在，不支持其内部算子或吞吐"
"AST-FACT-M2GA-G8T-TPUDIRECT","FACT-M2GA-G8T-TPUDIRECT","SRC-M2-GA-G13","architecture_mechanism","direct_statement","supports","TPU Direct RDMA enables direct data transfers between the TPU memory (HBM) and the Network Interface Cards (NICs), bypassing the host CPU and DRAM. Similarly, TPUDirect Storage bypasses CPU host bottlenecks by enabling direct memory access between the TPU and high-speed managed storage like 10T Lustre.","","","Google Cloud technical deep dive, Faster storage access, lines 105-108","TPU Direct RDMA enables direct data transfers between the TPU memory (HBM) and the Network Interface Cards (NICs), bypassing the host CPU and DRAM. Similarly, TPUDirect Storage bypasses CPU host bottlenecks by enabling direct memory access between the TPU and high-speed managed storage like 10T Lustre.","source_checked","m2_arch_google_aws","","2026-08-12","AFP-FACT-M2GA-G8T-TPUDIRECT","reviewed",""
"AST-FACT-M2GA-G8T-SW","FACT-M2GA-G8T-SW","SRC-M2-GA-G13","architecture_mechanism","direct_statement","supports","Pallas and Mosaic: We provide first-class support for Pallas, our custom kernel language that lets you write hardware-aware kernels in Python. Native PyTorch support for TPUs is now in preview. The same JAX, PyTorch, or Keras code that runs on Ironwood scales to this generation.","","","Google Cloud technical deep dive, Software enablement, lines 156-161","Pallas and Mosaic: We provide first-class support for Pallas, our custom kernel language that lets you write hardware-aware kernels in Python. Native PyTorch support for TPUs is now in preview. The same JAX, PyTorch, or Keras code that runs on Ironwood scales to this generation.","source_checked","m2_arch_google_aws","","2026-08-12","AFP-FACT-M2GA-G8T-SW","reviewed",""
"AST-FACT-M2GA-G8I-FP4","FACT-M2GA-G8I-FP4","SRC-M2-GA-G13","core_spec","direct_statement","supports","Peak FP4 PFLOPs | 12.6 | 10.1.","","","Google Cloud technical deep dive, TPU 8t and TPU 8i at a glance, lines 145-154","Peak FP4 PFLOPs | 12.6 | 10.1.","source_checked","m2_arch_google_aws","","2026-08-12","AFP-FACT-M2GA-G8I-FP4","reviewed","表行直接证明 TPU 8i 有 FP4 计算口径；峰值数值属于实现层，不在本架构事实采用"
"AST-FACT-M2GA-G8I-CAE","FACT-M2GA-G8I-CAE","SRC-M2-GA-G13","architecture_mechanism","direct_statement","supports","TPU 8i uses the CAE, which aggregates results across cores with near-zero latency, specifically accelerating the reduction and synchronization steps required during auto-regressive decoding and chain-of-thought processing.","","","Google Cloud technical deep dive, Collectives Acceleration Engine, lines 119-121","TPU 8i uses the CAE, which aggregates results across cores with near-zero latency, specifically accelerating the reduction and synchronization steps required during auto-regressive decoding and chain-of-thought processing.","source_checked","m2_arch_google_aws","","2026-08-12","AFP-FACT-M2GA-G8I-CAE","reviewed",""
"AST-FACT-M2GA-G8I-ICI","FACT-M2GA-G8I-ICI","SRC-M2-GA-G14","architecture_mechanism","direct_statement","supports","Additionally, it doubles ICI bandwidth to 19.2 Tb/s, reduces the ICI network diameter by over 50%, and introduces a dedicated Collectives Acceleration Engine (CAE), which reduces on-chip latency by up to 5x to minimize lag during high-concurrency requests.","","","Google Cloud Next 26 infrastructure announcement, TPU 8i paragraph, line 116","Additionally, it doubles ICI bandwidth to 19.2 Tb/s, reduces the ICI network diameter by over 50%, and introduces a dedicated Collectives Acceleration Engine (CAE), which reduces on-chip latency by up to 5x to minimize lag during high-concurrency requests.","source_checked","m2_arch_google_aws","","2026-08-12","AFP-FACT-M2GA-G8I-ICI","reviewed","只支持 ICI 存在；19.2 Tb/s、方向/有效载荷和系统拓扑留实现层与 requirement"
"AST-FACT-M2GA-G8I-SW","FACT-M2GA-G8I-SW","SRC-M2-GA-G13","architecture_mechanism","direct_statement","supports","Pallas and Mosaic: We provide first-class support for Pallas, our custom kernel language that lets you write hardware-aware kernels in Python. Native PyTorch support for TPUs is now in preview. The same JAX, PyTorch, or Keras code that runs on Ironwood scales to this generation.","","","Google Cloud technical deep dive, Software enablement, lines 156-161","Pallas and Mosaic: We provide first-class support for Pallas, our custom kernel language that lets you write hardware-aware kernels in Python. Native PyTorch support for TPUs is now in preview. The same JAX, PyTorch, or Keras code that runs on Ironwood scales to this generation.","source_checked","m2_arch_google_aws","","2026-08-12","AFP-FACT-M2GA-G8I-SW","reviewed",""
"AST-FACT-M2GA-AIF1-EXEC","FACT-M2GA-AIF1-EXEC","SRC-M2-GA-A02","architecture_mechanism","direct_statement","supports","Each NeuronCore-v1 is a fully-independent heterogenous compute-unit, with 3 main engines (Tensor/Vector/Scalar Engines), and on-chip software-managed SRAM memory, for maximizing data locality (compiler managed, for maximum data locality and optimized data prefetch).","","","Neuron 2.9.1, NeuronCore-v1 overview, line 220","Each NeuronCore-v1 is a fully-independent heterogenous compute-unit, with 3 main engines (Tensor/Vector/Scalar Engines), and on-chip software-managed SRAM memory, for maximizing data locality (compiler managed, for maximum data locality and optimized data prefetch).","source_checked","m2_arch_google_aws","","2026-08-12","AFP-FACT-M2GA-AIF1-EXEC","reviewed","逐来源原词修复；normalized_value_text 保持规范化表述"
"AST-FACT-M2GA-AIF1-TENSOR","FACT-M2GA-AIF1-TENSOR","SRC-M2-GA-A02","architecture_mechanism","direct_statement","supports","The TensorEngine is based on a power-optimized systolic-array which is highly optimized for tensor computations (e.g. GEMM, CONV, Reshape, Transpose), and supports mixed-precision computations (FP16/BF16/INT8 inputs, FP32/INT32 outputs).","","","Neuron 2.9.1, TensorEngine paragraph, line 225","The TensorEngine is based on a power-optimized systolic-array which is highly optimized for tensor computations (e.g. GEMM, CONV, Reshape, Transpose), and supports mixed-precision computations (FP16/BF16/INT8 inputs, FP32/INT32 outputs).","source_checked","m2_arch_google_aws","","2026-08-12","AFP-FACT-M2GA-AIF1-TENSOR","reviewed","逐来源原词修复；normalized_value_text 保持规范化表述"
"AST-FACT-M2GA-AIF1-VECTOR","FACT-M2GA-AIF1-VECTOR","SRC-M2-GA-A02","architecture_mechanism","direct_statement","supports","The VectorEngine is optimized for vector-computations, in which every element of the output is dependent on multiple input elements.","","","Neuron 2.9.1, VectorEngine paragraph, line 224","The VectorEngine is optimized for vector-computations, in which every element of the output is dependent on multiple input elements.","source_checked","m2_arch_google_aws","","2026-08-12","AFP-FACT-M2GA-AIF1-VECTOR","reviewed","逐来源原词修复；normalized_value_text 保持规范化表述"
"AST-FACT-M2GA-AIF1-SCALAR","FACT-M2GA-AIF1-SCALAR","SRC-M2-GA-A02","architecture_mechanism","direct_statement","supports","The ScalarEngine is optimized for scalar-computations, in which every element of the output is dependent on one element of the input, e.g. non-linearities like GELU, SIGMOID or EXP.","","","Neuron 2.9.1, ScalarEngine paragraph, line 223","The ScalarEngine is optimized for scalar-computations, in which every element of the output is dependent on one element of the input, e.g. non-linearities like GELU, SIGMOID or EXP.","source_checked","m2_arch_google_aws","","2026-08-12","AFP-FACT-M2GA-AIF1-SCALAR","reviewed","逐来源原词修复；normalized_value_text 保持规范化表述"
"AST-FACT-M2GA-AIF1-FP-IN","FACT-M2GA-AIF1-FP-IN","SRC-M2-GA-A02","core_spec","direct_statement","supports","The TensorEngine is based on a power-optimized systolic-array which is highly optimized for tensor computations (e.g. GEMM, CONV, Reshape, Transpose), and supports mixed-precision computations (FP16/BF16/INT8 inputs, FP32/INT32 outputs).","","","Neuron 2.9.1, TensorEngine data types, line 225","The TensorEngine is based on a power-optimized systolic-array which is highly optimized for tensor computations (e.g. GEMM, CONV, Reshape, Transpose), and supports mixed-precision computations (FP16/BF16/INT8 inputs, FP32/INT32 outputs).","source_checked","m2_arch_google_aws","","2026-08-12","AFP-FACT-M2GA-AIF1-FP-IN","reviewed","逐来源原词修复；normalized_value_text 保持规范化表述"
"AST-FACT-M2GA-AIF1-FP-OUT","FACT-M2GA-AIF1-FP-OUT","SRC-M2-GA-A02","core_spec","direct_statement","supports","The TensorEngine is based on a power-optimized systolic-array which is highly optimized for tensor computations (e.g. GEMM, CONV, Reshape, Transpose), and supports mixed-precision computations (FP16/BF16/INT8 inputs, FP32/INT32 outputs).","","","Neuron 2.9.1, TensorEngine data types, line 225","The TensorEngine is based on a power-optimized systolic-array which is highly optimized for tensor computations (e.g. GEMM, CONV, Reshape, Transpose), and supports mixed-precision computations (FP16/BF16/INT8 inputs, FP32/INT32 outputs).","source_checked","m2_arch_google_aws","","2026-08-12","AFP-FACT-M2GA-AIF1-FP-OUT","reviewed","逐来源原词修复；normalized_value_text 保持规范化表述"
"AST-FACT-M2GA-AIF1-I8-IN","FACT-M2GA-AIF1-I8-IN","SRC-M2-GA-A02","core_spec","direct_statement","supports","The TensorEngine is based on a power-optimized systolic-array which is highly optimized for tensor computations (e.g. GEMM, CONV, Reshape, Transpose), and supports mixed-precision computations (FP16/BF16/INT8 inputs, FP32/INT32 outputs).","","","Neuron 2.9.1, TensorEngine data types, line 225","The TensorEngine is based on a power-optimized systolic-array which is highly optimized for tensor computations (e.g. GEMM, CONV, Reshape, Transpose), and supports mixed-precision computations (FP16/BF16/INT8 inputs, FP32/INT32 outputs).","source_checked","m2_arch_google_aws","","2026-08-12","AFP-FACT-M2GA-AIF1-I8-IN","reviewed","逐来源原词修复；normalized_value_text 保持规范化表述"
"AST-FACT-M2GA-AIF1-I8-OUT","FACT-M2GA-AIF1-I8-OUT","SRC-M2-GA-A02","core_spec","direct_statement","supports","The TensorEngine is based on a power-optimized systolic-array which is highly optimized for tensor computations (e.g. GEMM, CONV, Reshape, Transpose), and supports mixed-precision computations (FP16/BF16/INT8 inputs, FP32/INT32 outputs).","","","Neuron 2.9.1, TensorEngine data types, line 225","The TensorEngine is based on a power-optimized systolic-array which is highly optimized for tensor computations (e.g. GEMM, CONV, Reshape, Transpose), and supports mixed-precision computations (FP16/BF16/INT8 inputs, FP32/INT32 outputs).","source_checked","m2_arch_google_aws","","2026-08-12","AFP-FACT-M2GA-AIF1-I8-OUT","reviewed","逐来源原词修复；normalized_value_text 保持规范化表述"
"AST-FACT-M2GA-AIF1-MEM","FACT-M2GA-AIF1-MEM","SRC-M2-GA-A02","architecture_mechanism","direct_statement","supports","Each NeuronCore-v1 is a fully-independent heterogenous compute-unit, with 3 main engines (Tensor/Vector/Scalar Engines), and on-chip software-managed SRAM memory, for maximizing data locality (compiler managed, for maximum data locality and optimized data prefetch).","","","Neuron 2.9.1, NeuronCore-v1 overview, line 220","Each NeuronCore-v1 is a fully-independent heterogenous compute-unit, with 3 main engines (Tensor/Vector/Scalar Engines), and on-chip software-managed SRAM memory, for maximizing data locality (compiler managed, for maximum data locality and optimized data prefetch).","source_checked","m2_arch_google_aws","","2026-08-12","AFP-FACT-M2GA-AIF1-MEM","reviewed",""
"AST-FACT-M2GA-ATRN1-EXEC","FACT-M2GA-ATRN1-EXEC","SRC-M2-GA-A05","architecture_mechanism","direct_statement","supports","A NeuronCore-v2 consists of four heterogeneous compute engines (Tensor, Vector, Scalar, and GpSimd), each designed to accelerate different types of operators in modern machine learning models. Each compute engine has its own sequencer, which is responsible for instruction fetch, decode, and issue. The four compute engines execute four independent instruction streams asynchronously in parallel.","","","Neuron 2.29.1, NeuronCore-v2 Compute Engines, lines 1005-1010","A NeuronCore-v2 consists of four heterogeneous compute engines (Tensor, Vector, Scalar, and GpSimd), each designed to accelerate different types of operators in modern machine learning models. Each compute engine has its own sequencer, which is responsible for instruction fetch, decode, and issue. The four compute engines execute four independent instruction streams asynchronously in parallel.","source_checked","m2_arch_google_aws","","2026-08-12","AFP-FACT-M2GA-ATRN1-EXEC","reviewed",""
"AST-FACT-M2GA-ATRN1-TENSOR-SHAPE","FACT-M2GA-ATRN1-TENSOR-SHAPE","SRC-M2-GA-A05","architecture_mechanism","direct_statement","supports","Architecturally, the engine is built around a systolic array with 128 rows and 128 columns of processing elements, which streams input data from SBUF and writes output to PSUM.","","","Neuron 2.29.1, Tensor Engine, line 1033","Architecturally, the engine is built around a systolic array with 128 rows and 128 columns of processing elements, which streams input data from SBUF and writes output to PSUM.","source_checked","m2_arch_google_aws","","2026-08-12","AFP-FACT-M2GA-ATRN1-TENSOR-SHAPE","reviewed",""
"AST-FACT-M2GA-ATRN1-VECTOR","FACT-M2GA-ATRN1-VECTOR","SRC-M2-GA-A05","architecture_mechanism","direct_statement","supports","Vector Engine (VectorE) is specially designed to accelerate vector operations where every element in the output tensor typically depends on multiple elements from input tensor(s), such as vector reduction and element-wise operators between two tensors.","","","Neuron 2.29.1, Vector Engine, line 1105","Vector Engine (VectorE) is specially designed to accelerate vector operations where every element in the output tensor typically depends on multiple elements from input tensor(s), such as vector reduction and element-wise operators between two tensors.","source_checked","m2_arch_google_aws","","2026-08-12","AFP-FACT-M2GA-ATRN1-VECTOR","reviewed",""
"AST-FACT-M2GA-ATRN1-SCALAR","FACT-M2GA-ATRN1-SCALAR","SRC-M2-GA-A05","architecture_mechanism","direct_statement","supports","Scalar Engine (ScalarE) is specially designed to accelerate scalar operations where every element in the output tensor only depends on one element of the input tensor. In addition, ScalarE provides hardware acceleration to evaluate non-linear functions such as Gelu and Sqrt.","","","Neuron 2.29.1, Scalar Engine, lines 1135-1136","Scalar Engine (ScalarE) is specially designed to accelerate scalar operations where every element in the output tensor only depends on one element of the input tensor. In addition, ScalarE provides hardware acceleration to evaluate non-linear functions such as Gelu and Sqrt.","source_checked","m2_arch_google_aws","","2026-08-12","AFP-FACT-M2GA-ATRN1-SCALAR","reviewed",""
"AST-FACT-M2GA-ATRN1-GPSIMD","FACT-M2GA-ATRN1-GPSIMD","SRC-M2-GA-A05","architecture_mechanism","direct_statement","supports","GpSimd Engine (GpSimdE) is intended to be a general-purpose engine that can run any ML operators that cannot be lowered onto the other highly specialized compute engines discussed above efficiently, such as applying a triangular mask to a tensor.","","","Neuron 2.29.1, GpSimd Engine, lines 1178-1180","GpSimd Engine (GpSimdE) is intended to be a general-purpose engine that can run any ML operators that cannot be lowered onto the other highly specialized compute engines discussed above efficiently, such as applying a triangular mask to a tensor.","source_checked","m2_arch_google_aws","","2026-08-12","AFP-FACT-M2GA-ATRN1-GPSIMD","reviewed",""
"AST-FACT-M2GA-ATRN1-FP-IN","FACT-M2GA-ATRN1-FP-IN","SRC-M2-GA-A05","core_spec","direct_statement","supports","TensorE supports BF16, FP16, TF32, and cFP8 input matrix data types at a maximum throughput of 92 TFLOPS, as well as 23 TFLOPS for FP32 inputs. TensorE performs mixed-precision calculations, with accumulations at FP32 precision.","","","Neuron 2.29.1, Tensor Engine data types, line 1034","TensorE supports BF16, FP16, TF32, and cFP8 input matrix data types at a maximum throughput of 92 TFLOPS, as well as 23 TFLOPS for FP32 inputs. TensorE performs mixed-precision calculations, with accumulations at FP32 precision.","source_checked","m2_arch_google_aws","","2026-08-12","AFP-FACT-M2GA-ATRN1-FP-IN","reviewed",""
"AST-FACT-M2GA-ATRN1-FP-ACC","FACT-M2GA-ATRN1-FP-ACC","SRC-M2-GA-A05","core_spec","direct_statement","supports","TensorE performs mixed-precision calculations, with accumulations at FP32 precision. Therefore, the output data of a TensorE calculation is always in FP32.","","","Neuron 2.29.1, Tensor Engine data types, line 1034","TensorE performs mixed-precision calculations, with accumulations at FP32 precision. Therefore, the output data of a TensorE calculation is always in FP32.","source_checked","m2_arch_google_aws","","2026-08-12","AFP-FACT-M2GA-ATRN1-FP-ACC","reviewed","物理累加器位宽未公开"
"AST-FACT-M2GA-ATRN1-CFP8","FACT-M2GA-ATRN1-CFP8","SRC-M2-GA-A03","core_spec","direct_statement","supports","Compute | Two NeuronCore-v2 delivering 380 INT8 TOPS, 190 FP16/BF16/cFP8/TF32 TFLOPS, and 47.5 FP32 TFLOP.","","","Neuron 2.26.1, Trainium Architecture specification table, line 726","Compute | Two NeuronCore-v2 delivering 380 INT8 TOPS, 190 FP16/BF16/cFP8/TF32 TFLOPS, and 47.5 FP32 TFLOP.","source_checked","m2_arch_google_aws","","2026-08-12","AFP-FACT-M2GA-ATRN1-CFP8","reviewed",""
"AST-FACT-M2GA-ATRN1-SBUF","FACT-M2GA-ATRN1-SBUF","SRC-M2-GA-A05","architecture_mechanism","direct_statement","supports","Memory-wise, a NeuronCore-v2 consists of two software-managed on-chip SRAMs, a 24MiB SBUF as the main data storage and a 2MiB PSUM as a dedicated accumulation buffer for Tensor Engine.","","","Neuron 2.29.1, NeuronCore-v2 memory organization, line 1023","Memory-wise, a NeuronCore-v2 consists of two software-managed on-chip SRAMs, a 24MiB SBUF as the main data storage and a 2MiB PSUM as a dedicated accumulation buffer for Tensor Engine.","source_checked","m2_arch_google_aws","","2026-08-12","AFP-FACT-M2GA-ATRN1-SBUF","reviewed",""
"AST-FACT-M2GA-ATRN1-PSUM","FACT-M2GA-ATRN1-PSUM","SRC-M2-GA-A05","architecture_mechanism","direct_statement","supports","TensorE must read input matrices from SBUF and write output matrices to PSUM. PSUM also allows near-memory accumulation of multiple matrix multiplication output tiles.","","","Neuron 2.29.1, Tensor Engine and SRAM connectivity, lines 1037-1038","TensorE must read input matrices from SBUF and write output matrices to PSUM. PSUM also allows near-memory accumulation of multiple matrix multiplication output tiles.","source_checked","m2_arch_google_aws","","2026-08-12","AFP-FACT-M2GA-ATRN1-PSUM","reviewed",""
"AST-FACT-M2GA-ATRN1-DMA","FACT-M2GA-ATRN1-DMA","SRC-M2-GA-A05","architecture_mechanism","direct_statement","supports","As shown in the above figure, data movement between HBM and SBUF is performed using on-chip DMA (Direct Memory Access) engines, which can run in parallel to computation within the NeuronCore.","","","Neuron 2.29.1, Data Movement, lines 1200-1205","As shown in the above figure, data movement between HBM and SBUF is performed using on-chip DMA (Direct Memory Access) engines, which can run in parallel to computation within the NeuronCore.","source_checked","m2_arch_google_aws","","2026-08-12","AFP-FACT-M2GA-ATRN1-DMA","reviewed","A05 只支撑 DMA 数据搬运机制；压缩/解压不从该来源提取"
"AST-FACT-M2GA-ATRN1-COMPRESS","FACT-M2GA-ATRN1-COMPRESS","SRC-M2-GA-A03","architecture_mechanism","direct_statement","supports","Data Movement | 1 TB/sec of DMA bandwidth, with inline memory compression/decompression.","","","Neuron 2.26.1, Trainium Architecture specification table, line 728","Data Movement | 1 TB/sec of DMA bandwidth, with inline memory compression/decompression.","source_checked","m2_arch_google_aws","","2026-08-12","AFP-FACT-M2GA-ATRN1-COMPRESS","reviewed","只取 inline capability；1 TB/sec 属实现层，不进入架构事实"
"AST-FACT-M2GA-ATRN1-DECOMPRESS","FACT-M2GA-ATRN1-DECOMPRESS","SRC-M2-GA-A03","architecture_mechanism","direct_statement","supports","Data Movement | 1 TB/sec of DMA bandwidth, with inline memory compression/decompression.","","","Neuron 2.26.1, Trainium Architecture specification table, line 728","Data Movement | 1 TB/sec of DMA bandwidth, with inline memory compression/decompression.","source_checked","m2_arch_google_aws","","2026-08-12","AFP-FACT-M2GA-ATRN1-DECOMPRESS","reviewed","只取 inline capability；1 TB/sec 属实现层，不进入架构事实"
"AST-FACT-M2GA-ATRN1-COLL","FACT-M2GA-ATRN1-COLL","SRC-M2-GA-A05","architecture_mechanism","direct_statement","supports","6 CC-Cores for collective communication.","","","Neuron 2.29.1, Trainium/Inferentia2 device component list, line 999","6 CC-Cores for collective communication.","source_checked","m2_arch_google_aws","","2026-08-12","AFP-FACT-M2GA-ATRN1-COLL","reviewed",""
"AST-FACT-M2GA-ATRN1-NL","FACT-M2GA-ATRN1-NL","SRC-M2-GA-A05","architecture_mechanism","direct_statement","supports","2 (Inferentia2) or 4 (Trainium) NeuronLink-v2 for device-to-device collective communication.","","","Neuron 2.29.1, Trainium/Inferentia2 device component list, line 1001","2 (Inferentia2) or 4 (Trainium) NeuronLink-v2 for device-to-device collective communication.","source_checked","m2_arch_google_aws","","2026-08-12","AFP-FACT-M2GA-ATRN1-NL","reviewed",""
"AST-FACT-M2GA-ATRN1-SW","FACT-M2GA-ATRN1-SW","SRC-M2-GA-A05","architecture_mechanism","direct_statement","supports","The Neuron Compiler can automatically insert the required synchronizations during compilation, based on data dependencies identified in the NKI kernel.","","","Neuron 2.29.1, engine sequencing and NKI compilation, line 1011","The Neuron Compiler can automatically insert the required synchronizations during compilation, based on data dependencies identified in the NKI kernel.","source_checked","m2_arch_google_aws","","2026-08-12","AFP-FACT-M2GA-ATRN1-SW","reviewed",""
"AST-FACT-M2GA-AIF2-EXEC","FACT-M2GA-AIF2-EXEC","SRC-M2-GA-A05","architecture_mechanism","direct_statement","supports","A NeuronCore-v2 consists of four heterogeneous compute engines (Tensor, Vector, Scalar, and GpSimd), each designed to accelerate different types of operators in modern machine learning models. Each compute engine has its own sequencer, which is responsible for instruction fetch, decode, and issue. The four compute engines execute four independent instruction streams asynchronously in parallel.","","","Neuron 2.29.1, NeuronCore-v2 Compute Engines, lines 1005-1010","A NeuronCore-v2 consists of four heterogeneous compute engines (Tensor, Vector, Scalar, and GpSimd), each designed to accelerate different types of operators in modern machine learning models. Each compute engine has its own sequencer, which is responsible for instruction fetch, decode, and issue. The four compute engines execute four independent instruction streams asynchronously in parallel.","source_checked","m2_arch_google_aws","","2026-08-12","AFP-FACT-M2GA-AIF2-EXEC","reviewed",""
"AST-FACT-M2GA-AIF2-TENSOR-SHAPE","FACT-M2GA-AIF2-TENSOR-SHAPE","SRC-M2-GA-A05","architecture_mechanism","direct_statement","supports","Architecturally, the engine is built around a systolic array with 128 rows and 128 columns of processing elements, which streams input data from SBUF and writes output to PSUM.","","","Neuron 2.29.1, Tensor Engine, line 1033","Architecturally, the engine is built around a systolic array with 128 rows and 128 columns of processing elements, which streams input data from SBUF and writes output to PSUM.","source_checked","m2_arch_google_aws","","2026-08-12","AFP-FACT-M2GA-AIF2-TENSOR-SHAPE","reviewed",""
"AST-FACT-M2GA-AIF2-VECTOR","FACT-M2GA-AIF2-VECTOR","SRC-M2-GA-A05","architecture_mechanism","direct_statement","supports","Vector Engine (VectorE) is specially designed to accelerate vector operations where every element in the output tensor typically depends on multiple elements from input tensor(s), such as vector reduction and element-wise operators between two tensors.","","","Neuron 2.29.1, Vector Engine, line 1105","Vector Engine (VectorE) is specially designed to accelerate vector operations where every element in the output tensor typically depends on multiple elements from input tensor(s), such as vector reduction and element-wise operators between two tensors.","source_checked","m2_arch_google_aws","","2026-08-12","AFP-FACT-M2GA-AIF2-VECTOR","reviewed",""
"AST-FACT-M2GA-AIF2-SCALAR","FACT-M2GA-AIF2-SCALAR","SRC-M2-GA-A05","architecture_mechanism","direct_statement","supports","Scalar Engine (ScalarE) is specially designed to accelerate scalar operations where every element in the output tensor only depends on one element of the input tensor. In addition, ScalarE provides hardware acceleration to evaluate non-linear functions such as Gelu and Sqrt.","","","Neuron 2.29.1, Scalar Engine, lines 1135-1136","Scalar Engine (ScalarE) is specially designed to accelerate scalar operations where every element in the output tensor only depends on one element of the input tensor. In addition, ScalarE provides hardware acceleration to evaluate non-linear functions such as Gelu and Sqrt.","source_checked","m2_arch_google_aws","","2026-08-12","AFP-FACT-M2GA-AIF2-SCALAR","reviewed",""
"AST-FACT-M2GA-AIF2-GPSIMD","FACT-M2GA-AIF2-GPSIMD","SRC-M2-GA-A05","architecture_mechanism","direct_statement","supports","GpSimd Engine (GpSimdE) is intended to be a general-purpose engine that can run any ML operators that cannot be lowered onto the other highly specialized compute engines discussed above efficiently, such as applying a triangular mask to a tensor.","","","Neuron 2.29.1, GpSimd Engine, lines 1178-1180","GpSimd Engine (GpSimdE) is intended to be a general-purpose engine that can run any ML operators that cannot be lowered onto the other highly specialized compute engines discussed above efficiently, such as applying a triangular mask to a tensor.","source_checked","m2_arch_google_aws","","2026-08-12","AFP-FACT-M2GA-AIF2-GPSIMD","reviewed",""
"AST-FACT-M2GA-AIF2-FP-IN","FACT-M2GA-AIF2-FP-IN","SRC-M2-GA-A05","core_spec","direct_statement","supports","TensorE supports BF16, FP16, TF32, and cFP8 input matrix data types at a maximum throughput of 92 TFLOPS, as well as 23 TFLOPS for FP32 inputs. TensorE performs mixed-precision calculations, with accumulations at FP32 precision.","","","Neuron 2.29.1, Tensor Engine data types, line 1034","TensorE supports BF16, FP16, TF32, and cFP8 input matrix data types at a maximum throughput of 92 TFLOPS, as well as 23 TFLOPS for FP32 inputs. TensorE performs mixed-precision calculations, with accumulations at FP32 precision.","source_checked","m2_arch_google_aws","","2026-08-12","AFP-FACT-M2GA-AIF2-FP-IN","reviewed",""
"AST-FACT-M2GA-AIF2-FP-ACC","FACT-M2GA-AIF2-FP-ACC","SRC-M2-GA-A05","core_spec","direct_statement","supports","TensorE performs mixed-precision calculations, with accumulations at FP32 precision. Therefore, the output data of a TensorE calculation is always in FP32.","","","Neuron 2.29.1, Tensor Engine data types, line 1034","TensorE performs mixed-precision calculations, with accumulations at FP32 precision. Therefore, the output data of a TensorE calculation is always in FP32.","source_checked","m2_arch_google_aws","","2026-08-12","AFP-FACT-M2GA-AIF2-FP-ACC","reviewed","物理累加器位宽未公开"
"AST-FACT-M2GA-AIF2-CFP8","FACT-M2GA-AIF2-CFP8","SRC-M2-GA-A04","core_spec","direct_statement","supports","Compute | Two NeuronCore-v2 cores, delivering 380 INT8 TOPS, 190 FP16/BF16/cFP8/TF32 TFLOPS, and 47.5 FP32 TFLOPS.","","","Neuron 2.29.1, Inferentia2 Architecture specification table, line 994","Compute | Two NeuronCore-v2 cores, delivering 380 INT8 TOPS, 190 FP16/BF16/cFP8/TF32 TFLOPS, and 47.5 FP32 TFLOPS.","source_checked","m2_arch_google_aws","","2026-08-12","AFP-FACT-M2GA-AIF2-CFP8","reviewed",""
"AST-FACT-M2GA-AIF2-SBUF","FACT-M2GA-AIF2-SBUF","SRC-M2-GA-A05","architecture_mechanism","direct_statement","supports","Memory-wise, a NeuronCore-v2 consists of two software-managed on-chip SRAMs, a 24MiB SBUF as the main data storage and a 2MiB PSUM as a dedicated accumulation buffer for Tensor Engine.","","","Neuron 2.29.1, NeuronCore-v2 memory organization, line 1023","Memory-wise, a NeuronCore-v2 consists of two software-managed on-chip SRAMs, a 24MiB SBUF as the main data storage and a 2MiB PSUM as a dedicated accumulation buffer for Tensor Engine.","source_checked","m2_arch_google_aws","","2026-08-12","AFP-FACT-M2GA-AIF2-SBUF","reviewed",""
"AST-FACT-M2GA-AIF2-PSUM","FACT-M2GA-AIF2-PSUM","SRC-M2-GA-A05","architecture_mechanism","direct_statement","supports","TensorE must read input matrices from SBUF and write output matrices to PSUM. PSUM also allows near-memory accumulation of multiple matrix multiplication output tiles.","","","Neuron 2.29.1, Tensor Engine and SRAM connectivity, lines 1037-1038","TensorE must read input matrices from SBUF and write output matrices to PSUM. PSUM also allows near-memory accumulation of multiple matrix multiplication output tiles.","source_checked","m2_arch_google_aws","","2026-08-12","AFP-FACT-M2GA-AIF2-PSUM","reviewed",""
"AST-FACT-M2GA-AIF2-DMA","FACT-M2GA-AIF2-DMA","SRC-M2-GA-A05","architecture_mechanism","direct_statement","supports","As shown in the above figure, data movement between HBM and SBUF is performed using on-chip DMA (Direct Memory Access) engines, which can run in parallel to computation within the NeuronCore.","","","Neuron 2.29.1, Data Movement, lines 1200-1205","As shown in the above figure, data movement between HBM and SBUF is performed using on-chip DMA (Direct Memory Access) engines, which can run in parallel to computation within the NeuronCore.","source_checked","m2_arch_google_aws","","2026-08-12","AFP-FACT-M2GA-AIF2-DMA","reviewed","A05 只支撑 DMA 数据搬运机制；压缩/解压不从该来源提取"
"AST-FACT-M2GA-AIF2-COMPRESS","FACT-M2GA-AIF2-COMPRESS","SRC-M2-GA-A04","architecture_mechanism","direct_statement","supports","Data Movement | 1 TB/sec of DMA bandwidth, with inline memory compression/decompression.","","","Neuron 2.29.1, Inferentia2 Architecture specification table, line 996","Data Movement | 1 TB/sec of DMA bandwidth, with inline memory compression/decompression.","source_checked","m2_arch_google_aws","","2026-08-12","AFP-FACT-M2GA-AIF2-COMPRESS","reviewed","只取 inline capability；1 TB/sec 属实现层，不进入架构事实"
"AST-FACT-M2GA-AIF2-DECOMPRESS","FACT-M2GA-AIF2-DECOMPRESS","SRC-M2-GA-A04","architecture_mechanism","direct_statement","supports","Data Movement | 1 TB/sec of DMA bandwidth, with inline memory compression/decompression.","","","Neuron 2.29.1, Inferentia2 Architecture specification table, line 996","Data Movement | 1 TB/sec of DMA bandwidth, with inline memory compression/decompression.","source_checked","m2_arch_google_aws","","2026-08-12","AFP-FACT-M2GA-AIF2-DECOMPRESS","reviewed","只取 inline capability；1 TB/sec 属实现层，不进入架构事实"
"AST-FACT-M2GA-AIF2-COLL","FACT-M2GA-AIF2-COLL","SRC-M2-GA-A05","architecture_mechanism","direct_statement","supports","6 CC-Cores for collective communication.","","","Neuron 2.29.1, Trainium/Inferentia2 device component list, line 999","6 CC-Cores for collective communication.","source_checked","m2_arch_google_aws","","2026-08-12","AFP-FACT-M2GA-AIF2-COLL","reviewed",""
"AST-FACT-M2GA-AIF2-NL","FACT-M2GA-AIF2-NL","SRC-M2-GA-A05","architecture_mechanism","direct_statement","supports","2 (Inferentia2) or 4 (Trainium) NeuronLink-v2 for device-to-device collective communication.","","","Neuron 2.29.1, Trainium/Inferentia2 device component list, line 1001","2 (Inferentia2) or 4 (Trainium) NeuronLink-v2 for device-to-device collective communication.","source_checked","m2_arch_google_aws","","2026-08-12","AFP-FACT-M2GA-AIF2-NL","reviewed",""
"AST-FACT-M2GA-AIF2-SW","FACT-M2GA-AIF2-SW","SRC-M2-GA-A05","architecture_mechanism","direct_statement","supports","The Neuron Compiler can automatically insert the required synchronizations during compilation, based on data dependencies identified in the NKI kernel.","","","Neuron 2.29.1, engine sequencing and NKI compilation, line 1011","The Neuron Compiler can automatically insert the required synchronizations during compilation, based on data dependencies identified in the NKI kernel.","source_checked","m2_arch_google_aws","","2026-08-12","AFP-FACT-M2GA-AIF2-SW","reviewed",""
"AST-FACT-M2GA-ATRN3-STATUS","FACT-M2GA-ATRN3-STATUS","SRC-M2-GA-A08","status_version","direct_statement","supports","AWS announces the general availability of Amazon Elastic Compute Cloud (Amazon EC2) Trn3 UltraServers powered by our fourth-generation AI chip Trainium3.","","","AWS announcement, 2025-12-02, lines 19-23","AWS announces the general availability of Amazon Elastic Compute Cloud (Amazon EC2) Trn3 UltraServers powered by our fourth-generation AI chip Trainium3.","source_checked","m2_arch_google_aws","","2026-08-12","AFP-FACT-M2GA-ATRN3-STATUS","reviewed",""
"AST-FACT-M2GA-ATRN3-EXEC","FACT-M2GA-ATRN3-EXEC","SRC-M2-GA-A07","architecture_mechanism","direct_statement","supports","Trainium3 | Tensor | 8x128 (MXFP8 dense input) or 2x128 (non-MXFP8 dense input) or 5x128 (sparse input); 1x128 (output). Vector | 512 BF16/FP16/FP8 input/output; 256 input/output for other data types. Scalar | 256 BF16/FP16/FP8 input/output; 128 input/output for other data types. GpSimd | 128 input/output for all data types. Sync Engine has not changed since previous Trainium architectures.","","","Current Trainium3 NKI guide, Table 11 and following sentence, lines 1210-1217","Trainium3 | Tensor | 8x128 (MXFP8 dense input) or 2x128 (non-MXFP8 dense input) or 5x128 (sparse input); 1x128 (output). Vector | 512 BF16/FP16/FP8 input/output; 256 input/output for other data types. Scalar | 256 BF16/FP16/FP8 input/output; 128 input/output for other data types. GpSimd | 128 input/output for all data types. Sync Engine has not changed since previous Trainium architectures.","source_checked","m2_arch_google_aws","","2026-08-12","AFP-FACT-M2GA-ATRN3-EXEC","reviewed",""
"AST-FACT-M2GA-ATRN3-TENSOR-SHAPE","FACT-M2GA-ATRN3-TENSOR-SHAPE","SRC-M2-GA-A07","architecture_mechanism","direct_statement","supports","Logically, TensorE quadruples the MX matmul performance, as compared to BF16 performance, by quadrupling the maximum contraction dimension of the matmul instruction from 128 (for BF16/FP16) to 512, effectively presenting a 512x128 systolic array to the programmer. Under the hood, since the systolic array is still organized as a grid of 128x128 processing elements, each processing element performs four pairs of MX multiplications and also accumulation of the four multiplication results per cycle.","","","Current Trainium3 NKI guide, Quad-MXFP8/MXFP4 Matmul Performance, line 1228","Logically, TensorE quadruples the MX matmul performance, as compared to BF16 performance, by quadrupling the maximum contraction dimension of the matmul instruction from 128 (for BF16/FP16) to 512, effectively presenting a 512x128 systolic array to the programmer. Under the hood, since the systolic array is still organized as a grid of 128x128 processing elements, each processing element performs four pairs of MX multiplications and also accumulation of the four multiplication results per cycle.","source_checked","m2_arch_google_aws","","2026-08-12","AFP-FACT-M2GA-ATRN3-TENSOR-SHAPE","reviewed",""
"AST-FACT-M2GA-ATRN3-TENSOR-IO","FACT-M2GA-ATRN3-TENSOR-IO","SRC-M2-GA-A07","architecture_mechanism","direct_statement","supports","Trainium3 | Tensor | 8x128 (MXFP8 dense input) or 2x128 (non-MXFP8 dense input) or 5x128 (sparse input); 1x128 (output) | 2.4.","","","Current Trainium3 NKI guide, Table 11, line 1213","Trainium3 | Tensor | 8x128 (MXFP8 dense input) or 2x128 (non-MXFP8 dense input) or 5x128 (sparse input); 1x128 (output) | 2.4.","source_checked","m2_arch_google_aws","","2026-08-12","AFP-FACT-M2GA-ATRN3-TENSOR-IO","reviewed","频率和每周期绝对接口宽度移入实现层候选"
"AST-FACT-M2GA-ATRN3-VECTOR","FACT-M2GA-ATRN3-VECTOR","SRC-M2-GA-A07","architecture_mechanism","direct_statement","supports","Vector | 512 BF16/FP16/FP8 input/output; 256 input/output for other data types | 1.2.","","","Current Trainium3 NKI guide, Table 11, line 1214","Vector | 512 BF16/FP16/FP8 input/output; 256 input/output for other data types | 1.2.","source_checked","m2_arch_google_aws","","2026-08-12","AFP-FACT-M2GA-ATRN3-VECTOR","reviewed",""
"AST-FACT-M2GA-ATRN3-SCALAR","FACT-M2GA-ATRN3-SCALAR","SRC-M2-GA-A07","architecture_mechanism","direct_statement","supports","Scalar | 256 BF16/FP16/FP8 input/output; 128 input/output for other data types | 1.2.","","","Current Trainium3 NKI guide, Table 11, line 1215","Scalar | 256 BF16/FP16/FP8 input/output; 128 input/output for other data types | 1.2.","source_checked","m2_arch_google_aws","","2026-08-12","AFP-FACT-M2GA-ATRN3-SCALAR","reviewed",""
"AST-FACT-M2GA-ATRN3-MX-IN","FACT-M2GA-ATRN3-MX-IN","SRC-M2-GA-A07","core_spec","direct_statement","supports","The NeuronCore-v4 Tensor Engine (TensorE) supports two new input data types: MXFP8 and MXFP4, where MX stands for “microscaling”, as defined in the OCP standard. Multiplying an MXFP8 matrix with an MXFP4 matrix is also allowed.","","","Current Trainium3 NKI guide, Quad-MXFP8/MXFP4 Matmul Performance, lines 1222 and 1227","The NeuronCore-v4 Tensor Engine (TensorE) supports two new input data types: MXFP8 and MXFP4, where MX stands for “microscaling”, as defined in the OCP standard. Multiplying an MXFP8 matrix with an MXFP4 matrix is also allowed.","source_checked","m2_arch_google_aws","","2026-08-12","AFP-FACT-M2GA-ATRN3-MX-IN","reviewed",""
"AST-FACT-M2GA-ATRN3-MX-PRODUCT","FACT-M2GA-ATRN3-MX-PRODUCT","SRC-M2-GA-A10","core_spec","direct_statement","supports","MXFP4 data types are converted to MXFP8 before Tensor Engine computation logic, using any arbitrary programmer-defined mapping.","","","Neuron 2.30.0, NeuronCore-v4 Tensor Engine, line 1035","MXFP4 data types are converted to MXFP8 before Tensor Engine computation logic, using any arbitrary programmer-defined mapping.","source_checked","m2_arch_google_aws","","2026-08-12","AFP-FACT-M2GA-ATRN3-MX-PRODUCT","reviewed",""
"AST-FACT-M2GA-ATRN3-MX-ACC","FACT-M2GA-ATRN3-MX-ACC","SRC-M2-GA-A07","core_spec","direct_statement","supports","Note that the accumulation performed during a matmul operation within the systolic array is still performed using FP32 data. When writing the matmul results into a BF16 PSUM tensor location, the downcast from FP32 to BF16 is performed immediately before the write.","","","Current Trainium3 NKI guide, BF16 Matmul Results in PSUM, line 1264","Note that the accumulation performed during a matmul operation within the systolic array is still performed using FP32 data. When writing the matmul results into a BF16 PSUM tensor location, the downcast from FP32 to BF16 is performed immediately before the write.","source_checked","m2_arch_google_aws","","2026-08-12","AFP-FACT-M2GA-ATRN3-MX-ACC","reviewed","物理累加器位宽未公开"
"AST-FACT-M2GA-ATRN3-MX-OUT","FACT-M2GA-ATRN3-MX-OUT","SRC-M2-GA-A07","core_spec","direct_statement","supports","The Tensor Engine performs matrix multiplications of MXFP8 or MXFP4 input matrices and dequantization with the MX scales in a single instruction, with the output either in FP32 or BF16.","","","Current Trainium3 NKI guide, Quad-MXFP8/MXFP4 Matmul Performance, line 1223","The Tensor Engine performs matrix multiplications of MXFP8 or MXFP4 input matrices and dequantization with the MX scales in a single instruction, with the output either in FP32 or BF16.","source_checked","m2_arch_google_aws","","2026-08-12","AFP-FACT-M2GA-ATRN3-MX-OUT","reviewed",""
"AST-FACT-M2GA-ATRN3-BF16-ACC","FACT-M2GA-ATRN3-BF16-ACC","SRC-M2-GA-A07","core_spec","direct_statement","supports","Note that the accumulation performed during a matmul operation within the systolic array is still performed using FP32 data. When writing the matmul results into a BF16 PSUM tensor location, the downcast from FP32 to BF16 is performed immediately before the write.","","","Current Trainium3 NKI guide, BF16 Matmul Results in PSUM, line 1264","Note that the accumulation performed during a matmul operation within the systolic array is still performed using FP32 data. When writing the matmul results into a BF16 PSUM tensor location, the downcast from FP32 to BF16 is performed immediately before the write.","source_checked","m2_arch_google_aws","","2026-08-12","AFP-FACT-M2GA-ATRN3-BF16-ACC","reviewed",""
"AST-FACT-M2GA-ATRN3-BF16-ROUND","FACT-M2GA-ATRN3-BF16-ROUND","SRC-M2-GA-A07","core_spec","direct_statement","supports","The downcast can use the RNE (round nearest even) or SR (stochastic rounding) mode.","","","Current Trainium3 NKI guide, BF16 Matmul Results in PSUM, line 1264","The downcast can use the RNE (round nearest even) or SR (stochastic rounding) mode.","source_checked","m2_arch_google_aws","","2026-08-12","AFP-FACT-M2GA-ATRN3-BF16-ROUND","reviewed","同一句列出两种可选模式，本断言只对应 RNE 事实"
"AST-FACT-M2GA-ATRN3-SBUF","FACT-M2GA-ATRN3-SBUF","SRC-M2-GA-A10","architecture_mechanism","direct_statement","supports","Each NeuronCore-v4 has a total of 32MiB of on-chip SRAM. The on-chip SRAM is software-managed to maximize data locality and optimize data prefetch.","","","Neuron 2.30.0, NeuronCore-v4 On-chip SRAM, lines 1030-1032","Each NeuronCore-v4 has a total of 32MiB of on-chip SRAM. The on-chip SRAM is software-managed to maximize data locality and optimize data prefetch.","source_checked","m2_arch_google_aws","","2026-08-12","AFP-FACT-M2GA-ATRN3-SBUF","reviewed",""
"AST-FACT-M2GA-ATRN3-PSUM","FACT-M2GA-ATRN3-PSUM","SRC-M2-GA-A07","architecture_mechanism","direct_statement","supports","Starting with the NeuronCore-v4, the Tensor Engine allows the matrix multiplication instruction to store BF16 data into the PSUM buffer directly and also to perform addition to a BF16 tensor stored in PSUM.","","","Current Trainium3 NKI guide, BF16 Matmul Results in PSUM, line 1263","Starting with the NeuronCore-v4, the Tensor Engine allows the matrix multiplication instruction to store BF16 data into the PSUM buffer directly and also to perform addition to a BF16 tensor stored in PSUM.","source_checked","m2_arch_google_aws","","2026-08-12","AFP-FACT-M2GA-ATRN3-PSUM","reviewed",""
"AST-FACT-M2GA-ATRN3-DMA","FACT-M2GA-ATRN3-DMA","SRC-M2-GA-A07","architecture_mechanism","direct_statement","supports","128 DMA (Direct Memory Access) engines to move data within and across devices. Trainium3 DMA engines support Traffic Shaping, which enables configurable bandwidth allocation across different DMA operations.","","","Current Trainium3 NKI guide, device list and DMA Traffic Shaping, lines 1195 and 1365","128 DMA (Direct Memory Access) engines to move data within and across devices. Trainium3 DMA engines support Traffic Shaping, which enables configurable bandwidth allocation across different DMA operations.","source_checked","m2_arch_google_aws","","2026-08-12","AFP-FACT-M2GA-ATRN3-DMA","reviewed",""
"AST-FACT-M2GA-ATRN3-SPARSE","FACT-M2GA-ATRN3-SPARSE","SRC-M2-GA-A10","core_spec","direct_statement","supports","NeuronCore-v4 supports several sparsity patterns, including 4:16, 4:12, 4:8, 2:8, 2:4, 1:4, and 1:2.","","","Neuron 2.30.0, NeuronCore-v4 Tensor Engine structured sparsity, line 1036","NeuronCore-v4 supports several sparsity patterns, including 4:16, 4:12, 4:8, 2:8, 2:4, 1:4, and 1:2.","source_checked","m2_arch_google_aws","","2026-08-12","AFP-FACT-M2GA-ATRN3-SPARSE","reviewed",""
"AST-FACT-M2GA-ATRN3-COLL","FACT-M2GA-ATRN3-COLL","SRC-M2-GA-A07","architecture_mechanism","direct_statement","supports","20 CC-Cores for collective communication.","","","Current Trainium3 NKI guide, device component list, line 1197","20 CC-Cores for collective communication.","source_checked","m2_arch_google_aws","","2026-08-12","AFP-FACT-M2GA-ATRN3-COLL","reviewed",""
"AST-FACT-M2GA-ATRN3-NEARMEM","FACT-M2GA-ATRN3-NEARMEM","SRC-M2-GA-A07","architecture_mechanism","direct_statement","supports","NeuronCore-v4 introduces an enhanced SBUF capability that enables on-the-fly tensor accumulation near memory. This feature allows DMA engines to perform B+=A operations, where tensor B resides in SBUF and tensor A can be sourced from any accessible memory location (such as HBM or SBUF). Tensors A and B can be either BF16 or FP32 data types, but they must have a matching data type within a single DMA transfer performing the Read-Add-Write operation.","","","Current Trainium3 NKI guide, SBUF Read-Add-Write, lines 1350-1355","NeuronCore-v4 introduces an enhanced SBUF capability that enables on-the-fly tensor accumulation near memory. This feature allows DMA engines to perform B+=A operations, where tensor B resides in SBUF and tensor A can be sourced from any accessible memory location (such as HBM or SBUF). Tensors A and B can be either BF16 or FP32 data types, but they must have a matching data type within a single DMA transfer performing the Read-Add-Write operation.","source_checked","m2_arch_google_aws","","2026-08-12","AFP-FACT-M2GA-ATRN3-NEARMEM","reviewed",""
"AST-FACT-M2GA-ATRN3-BGTRANSPOSE","FACT-M2GA-ATRN3-BGTRANSPOSE","SRC-M2-GA-A07","architecture_mechanism","direct_statement","supports","The NeuronCore-v4 TensorEngine supports a new background transpose functionality, which allows it to run a transpose operation in parallel to another matrix multiplication (or another transpose). NKI programmers are not required to enable background transpose explicitly to leverage the performance improvements from this feature. The decision to trigger background transpose is made automatically by the hardware.","","","Current Trainium3 NKI guide, Background Transpose, lines 1276-1279","The NeuronCore-v4 TensorEngine supports a new background transpose functionality, which allows it to run a transpose operation in parallel to another matrix multiplication (or another transpose). NKI programmers are not required to enable background transpose explicitly to leverage the performance improvements from this feature. The decision to trigger background transpose is made automatically by the hardware.","source_checked","m2_arch_google_aws","","2026-08-12","AFP-FACT-M2GA-ATRN3-BGTRANSPOSE","reviewed",""
"AST-FACT-M2GA-ATRN3-INDIRECT","FACT-M2GA-ATRN3-INDIRECT","SRC-M2-GA-A07","architecture_mechanism","direct_statement","supports","The NeuronCore-v4 SBUF/PSUM introduce a new indirect addressing mode for all compute engines (TensorE/VectorE/ScalarE/GpsimdE), which allows gathering or scattering SBUF and PSUM tensors along the free (F) dimension.","","","Current Trainium3 NKI guide, SBUF/PSUM indirect access, lines 1331-1336","The NeuronCore-v4 SBUF/PSUM introduce a new indirect addressing mode for all compute engines (TensorE/VectorE/ScalarE/GpsimdE), which allows gathering or scattering SBUF and PSUM tensors along the free (F) dimension.","source_checked","m2_arch_google_aws","","2026-08-12","AFP-FACT-M2GA-ATRN3-INDIRECT","reviewed",""
"AST-FACT-M2GA-ATRN3-NL","FACT-M2GA-ATRN3-NL","SRC-M2-GA-A07","architecture_mechanism","direct_statement","supports","4 NeuronLink-v4 for device-to-device collective communication.","","","Current Trainium3 NKI guide, device component list, line 1199","4 NeuronLink-v4 for device-to-device collective communication.","source_checked","m2_arch_google_aws","","2026-08-12","AFP-FACT-M2GA-ATRN3-NL","reviewed",""
"AST-FACT-M2GA-ATRN3-SW","FACT-M2GA-ATRN3-SW","SRC-M2-GA-A07","architecture_mechanism","direct_statement","supports","In NKI, programmers can define MX data tensors using the special x4 data types. The API to invoke an MX matmul is nisa.nc_matmul_mx.","","","Current Trainium3 NKI guide, MX layout and NKI API, lines 1258-1261","In NKI, programmers can define MX data tensors using the special x4 data types. The API to invoke an MX matmul is nisa.nc_matmul_mx.","source_checked","m2_arch_google_aws","","2026-08-12","AFP-FACT-M2GA-ATRN3-SW","reviewed",""
"AST-FACT-M2GA-G8T-STATUS","FACT-M2GA-G8T-STATUS","SRC-M2-GA-G14","status_version","direct_statement","supports","TPU 8t and TPU 8i will be available to Cloud customers soon.","","","Google Cloud Next 26 infrastructure announcement, line 117","TPU 8t and TPU 8i will be available to Cloud customers soon.","source_checked","m2_arch_google_aws","","2026-08-12","AFP-FACT-M2GA-G8T-STATUS","reviewed",""
"AST-FACT-M2GA-G8I-STATUS","FACT-M2GA-G8I-STATUS","SRC-M2-GA-G14","status_version","direct_statement","supports","TPU 8t and TPU 8i will be available to Cloud customers soon.","","","Google Cloud Next 26 infrastructure announcement, line 117","TPU 8t and TPU 8i will be available to Cloud customers soon.","source_checked","m2_arch_google_aws","","2026-08-12","AFP-FACT-M2GA-G8I-STATUS","reviewed",""
"AST-FACT-M2GA-ATRN4-STATUS","FACT-M2GA-ATRN4-STATUS","SRC-M2-GA-A09","status_version","direct_statement","supports","Trainium4 is expected to start delivering in 2027, with 6 times the FP4 compute performance, 4 times more memory bandwidth, and 2 times more high memory bandwidth capacity than Trainium3.","","","Amazon Q4 2025 results, 2026-02-05, line 77","Trainium4 is expected to start delivering in 2027, with 6 times the FP4 compute performance, 4 times more memory bandwidth, and 2 times more high memory bandwidth capacity than Trainium3.","source_checked","m2_arch_google_aws","","2026-08-12","AFP-FACT-M2GA-ATRN4-STATUS","reviewed","不将相对 Trainium3 的倍数推导为绝对规格"
"AST-FACT-M2GA-GV4-CMEM-MGMT","FACT-M2GA-GV4-CMEM-MGMT","SRC-M2-GA-G03","architecture_mechanism","direct_statement","supports","It also has the 128 MB on-chip CMEM scratchpad memory not found in TPUv3.","","","Fixed PDF p.8, Table 4 discussion","It also has the 128 MB on-chip CMEM scratchpad memory not found in TPUv3.","source_checked","m2_arch_google_aws","","2026-08-12","AFP-FACT-M2GA-GV4-CMEM-MGMT","reviewed","容量与带宽另行下沉"
"AST-FACT-M2GA-GV3-ICI-MECH","FACT-M2GA-GV3-ICI-MECH","SRC-M2-GA-G01","architecture_mechanism","direct_statement","supports","TPU v3: ICI links per Node 4; Pod Topology 2D Torus.","","","Fixed PDF p.2, Table 1, TPU v3 ICI links and Pod Topology cells","TPU v3: ICI links per Node 4; Pod Topology 2D Torus.","source_checked","m2_arch_google_aws","","2026-08-12","AFP-FACT-M2GA-GV3-ICI-MECH","reviewed","端口数、带宽、Pod 拓扑和节点规模移入实现/配置层候选"
"AST-FACT-M2GA-GV4-ICI-MECH","FACT-M2GA-GV4-ICI-MECH","SRC-M2-GA-G03","architecture_mechanism","direct_statement","supports","The PCB embeds 4 Inter-Core Interconnect (ICI) links, connected as a 2x2 mesh; 16 external ICI links go to other trays for constructing the 3D torus.","","","Fixed PDF p.2, TPU v4 package and system interconnect paragraph","The PCB embeds 4 Inter-Core Interconnect (ICI) links, connected as a 2x2 mesh; 16 external ICI links go to other trays for constructing the 3D torus.","source_checked","m2_arch_google_aws","","2026-08-12","AFP-FACT-M2GA-GV4-ICI-MECH","reviewed","端口数、带宽、Pod 拓扑和节点规模移入实现/配置层候选"
"AST-FACT-M2GA-GV5E-ICI-MECH","FACT-M2GA-GV5E-ICI-MECH","SRC-M2-GA-G08","architecture_mechanism","direct_statement","supports","Bidirectional inter-chip interconnect (ICI) bandwidth (per chip) | 400 GBps. Interconnect topology | 2D torus.","","","Current TPU v5e page, specification table, lines 150-163","Bidirectional inter-chip interconnect (ICI) bandwidth (per chip) | 400 GBps. Interconnect topology | 2D torus.","source_checked","m2_arch_google_aws","","2026-08-12","AFP-FACT-M2GA-GV5E-ICI-MECH","reviewed","端口数、带宽、Pod 拓扑和节点规模移入实现/配置层候选"
"AST-FACT-M2GA-GV5P-ICI-MECH","FACT-M2GA-GV5P-ICI-MECH","SRC-M2-GA-G01","architecture_mechanism","direct_statement","supports","ICI grew from 4 external links at 62 GB/sec per node, forming a 2D Torus interconnect in TPU v2, to 6 external links at 100 GB/sec per node, allowing a 3D Torus in TPU v4, TPU v5p, and Ironwood.","","","Fixed PDF p.7, ICI architecture evolution bullet","ICI grew from 4 external links at 62 GB/sec per node, forming a 2D Torus interconnect in TPU v2, to 6 external links at 100 GB/sec per node, allowing a 3D Torus in TPU v4, TPU v5p, and Ironwood.","source_checked","m2_arch_google_aws","","2026-08-12","AFP-FACT-M2GA-GV5P-ICI-MECH","reviewed","端口数、带宽、Pod 拓扑和节点规模移入实现/配置层候选"
"AST-FACT-M2GA-GV6E-ICI-MECH","FACT-M2GA-GV6E-ICI-MECH","SRC-M2-GA-G10","architecture_mechanism","direct_statement","supports","Bidirectional inter-chip interconnect (ICI) bandwidth (per chip) | 800 GBps. Interconnect topology | 2D torus.","","","Current TPU v6e page, specification table, lines 143-156","Bidirectional inter-chip interconnect (ICI) bandwidth (per chip) | 800 GBps. Interconnect topology | 2D torus.","source_checked","m2_arch_google_aws","","2026-08-12","AFP-FACT-M2GA-GV6E-ICI-MECH","reviewed","端口数、带宽、Pod 拓扑和节点规模移入实现/配置层候选"
"AST-FACT-M2GA-G7X-ICI-MECH","FACT-M2GA-G7X-ICI-MECH","SRC-M2-GA-G11","architecture_mechanism","direct_statement","supports","TPU7x chips have a direct connection to the nearest neighboring chips in 3 dimensions, resulting in a 3D mesh of networking connections. TPU7x chips have a 3D torus interconnect topology.","","","Current TPU7x page, Supported configurations, lines 186-191","TPU7x chips have a direct connection to the nearest neighboring chips in 3 dimensions, resulting in a 3D mesh of networking connections. TPU7x chips have a 3D torus interconnect topology.","source_checked","m2_arch_google_aws","","2026-08-12","AFP-FACT-M2GA-G7X-ICI-MECH","reviewed","端口数、带宽、Pod 拓扑和节点规模移入实现/配置层候选"
"AST-FACT-M2GA-ATRN3-BF16-ROUND-STOCHASTIC","FACT-M2GA-ATRN3-BF16-ROUND-STOCHASTIC","SRC-M2-GA-A07","core_spec","direct_statement","supports","The downcast can use the RNE (round nearest even) or SR (stochastic rounding) mode.","","","Current Trainium3 NKI guide, BF16 Matmul Results in PSUM, line 1264","The downcast can use the RNE (round nearest even) or SR (stochastic rounding) mode.","source_checked","m2_arch_google_aws","","2026-08-12","AFP-FACT-M2GA-ATRN3-BF16-ROUND-STOCHASTIC","reviewed","同一句列出两种可选模式，本断言只对应 stochastic 事实"
"ASSERT-M2NA-0001","FACT-M2NA-AMPERE-SM-EXEC","SRC-M2NA-NVIDIA-AMPERE-WP-2020","architecture_mechanism","direct_statement","supports","FP32, INT32, FP64, TENSOR CORE, LD/ST, SFU, Warp Scheduler, Dispatch Unit","","","PDF p.22, Figure 7, GA100 Streaming Multiprocessor labels","FP32, INT32, FP64, TENSOR CORE, LD/ST, SFU, Warp Scheduler, Dispatch Unit","source_checked","m2_arch_nvidia_amd","","2026-08-12","FACT-M2NA-AMPERE-SM-EXEC|SRC-M2NA-NVIDIA-AMPERE-WP-2020|supports|PDF p.22, Figure 7, GA100 Streaming Multiprocessor labels","reviewed","The figure labels support the ALU, matrix, load-store, special-function and control resources. SIMT/CUDA terminology is the project normalization of the SM organization."
"ASSERT-M2NA-0002","FACT-M2NA-AMPERE-TENSOR-EXEC","SRC-M2NA-NVIDIA-AMPERE-WP-2020","architecture_mechanism","direct_statement","supports","third-generation Tensor Cores","","","PDF p.20, A100 SM Architecture","new third-generation Tensor Cores","source_checked","m2_arch_nvidia_amd","","2026-08-12","FACT-M2NA-AMPERE-TENSOR-EXEC|SRC-M2NA-NVIDIA-AMPERE-WP-2020|supports|PDF p.20, A100 SM Architecture","reviewed","Source value and short context rechecked against the fixed first-party PDF. Researcher interpretation remains in the canonical fact or notes, not in raw_value_text."
"ASSERT-M2NA-0003","FACT-M2NA-AMPERE-TENSOR-FORMATS","SRC-M2NA-NVIDIA-AMPERE-WP-2020","architecture_mechanism","direct_statement","supports","FP16, BF16, TF32, FP64, INT8, INT4, Binary","","","PDF p.20, Third-generation Tensor Cores bullet","FP16, BF16, TF32, FP64, INT8, INT4, and Binary","source_checked","m2_arch_nvidia_amd","","2026-08-12","FACT-M2NA-AMPERE-TENSOR-FORMATS|SRC-M2NA-NVIDIA-AMPERE-WP-2020|supports|PDF p.20, Third-generation Tensor Cores bullet","reviewed","Source value and short context rechecked against the fixed first-party PDF. Researcher interpretation remains in the canonical fact or notes, not in raw_value_text."
"ASSERT-M2NA-0004","FACT-M2NA-AMPERE-CUDA-EXEC","SRC-M2NA-NVIDIA-AMPERE-WP-2020","architecture_mechanism","direct_statement","supports","FP32 and INT32 datapaths","","","PDF p.22, Figure 7, SM processing-block labels","FP32 and INT32","source_checked","m2_arch_nvidia_amd","","2026-08-12","FACT-M2NA-AMPERE-CUDA-EXEC|SRC-M2NA-NVIDIA-AMPERE-WP-2020|supports|PDF p.22, Figure 7, SM processing-block labels","reviewed","Source value and short context rechecked against the fixed first-party PDF. Researcher interpretation remains in the canonical fact or notes, not in raw_value_text."
"ASSERT-M2NA-0005","FACT-M2NA-AMPERE-ASYNC-EXEC","SRC-M2NA-NVIDIA-AMPERE-WP-2020","architecture_mechanism","direct_statement","supports","new asynchronous copy instruction","","","PDF p.21, A100 SM feature bullets","loads data directly from global memory into shared memory","source_checked","m2_arch_nvidia_amd","","2026-08-12","FACT-M2NA-AMPERE-ASYNC-EXEC|SRC-M2NA-NVIDIA-AMPERE-WP-2020|supports|PDF p.21, A100 SM feature bullets","reviewed","Source value and short context rechecked against the fixed first-party PDF. Researcher interpretation remains in the canonical fact or notes, not in raw_value_text."
"ASSERT-M2NA-0006","FACT-M2NA-AMPERE-L1SMEM-MGMT","SRC-M2NA-NVIDIA-AMPERE-WP-2020","architecture_mechanism","direct_statement","supports","combined shared memory and L1 data cache","","","PDF p.21, A100 SM feature bullets","combined shared memory and L1 data cache","source_checked","m2_arch_nvidia_amd","","2026-08-12","FACT-M2NA-AMPERE-L1SMEM-MGMT|SRC-M2NA-NVIDIA-AMPERE-WP-2020|supports|PDF p.21, A100 SM feature bullets","reviewed","Source value and short context rechecked against the fixed first-party PDF. Researcher interpretation remains in the canonical fact or notes, not in raw_value_text."
"ASSERT-M2NA-0007","FACT-M2NA-AMPERE-L1SMEM-SCOPE","SRC-M2NA-NVIDIA-AMPERE-WP-2020","architecture_mechanism","direct_statement","supports","per SM","","","PDF p.15, A100 GPU Key Features Summary","aggregate capacity per SM","source_checked","m2_arch_nvidia_amd","","2026-08-12","FACT-M2NA-AMPERE-L1SMEM-SCOPE|SRC-M2NA-NVIDIA-AMPERE-WP-2020|supports|PDF p.15, A100 GPU Key Features Summary","reviewed","Source value and short context rechecked against the fixed first-party PDF. Researcher interpretation remains in the canonical fact or notes, not in raw_value_text."
"ASSERT-M2NA-0008","FACT-M2NA-AMPERE-FP16-A","SRC-M2NA-NVIDIA-AMPERE-WP-2020","architecture_mechanism","direct_statement","supports","FP16","","","PDF p.21, Tensor Core feature bullets","FP16/FP32 mixed-precision","source_checked","m2_arch_nvidia_amd","","2026-08-12","FACT-M2NA-AMPERE-FP16-A|SRC-M2NA-NVIDIA-AMPERE-WP-2020|supports|PDF p.21, Tensor Core feature bullets","reviewed","Source value and short context rechecked against the fixed first-party PDF. Researcher interpretation remains in the canonical fact or notes, not in raw_value_text."
"ASSERT-M2NA-0009","FACT-M2NA-AMPERE-FP16-B","SRC-M2NA-NVIDIA-AMPERE-WP-2020","architecture_mechanism","direct_statement","supports","FP16","","","PDF p.21, Tensor Core feature bullets","FP16/FP32 mixed-precision","source_checked","m2_arch_nvidia_amd","","2026-08-12","FACT-M2NA-AMPERE-FP16-B|SRC-M2NA-NVIDIA-AMPERE-WP-2020|supports|PDF p.21, Tensor Core feature bullets","reviewed","Source value and short context rechecked against the fixed first-party PDF. Researcher interpretation remains in the canonical fact or notes, not in raw_value_text."
"ASSERT-M2NA-0010","FACT-M2NA-AMPERE-FP16-ACC","SRC-M2NA-NVIDIA-AMPERE-WP-2020","architecture_mechanism","direct_statement","supports","FP32","","","PDF p.21, Tensor Core feature bullets","FP16/FP32 mixed-precision","source_checked","m2_arch_nvidia_amd","","2026-08-12","FACT-M2NA-AMPERE-FP16-ACC|SRC-M2NA-NVIDIA-AMPERE-WP-2020|supports|PDF p.21, Tensor Core feature bullets","reviewed","Source value and short context rechecked against the fixed first-party PDF. Researcher interpretation remains in the canonical fact or notes, not in raw_value_text."
"ASSERT-M2NA-0011","FACT-M2NA-AMPERE-BF16-A","SRC-M2NA-NVIDIA-AMPERE-WP-2020","architecture_mechanism","direct_statement","supports","BF16","","","PDF p.21, Tensor Core feature bullets","BF16/FP32 mixed-precision","source_checked","m2_arch_nvidia_amd","","2026-08-12","FACT-M2NA-AMPERE-BF16-A|SRC-M2NA-NVIDIA-AMPERE-WP-2020|supports|PDF p.21, Tensor Core feature bullets","reviewed","Source value and short context rechecked against the fixed first-party PDF. Researcher interpretation remains in the canonical fact or notes, not in raw_value_text."
"ASSERT-M2NA-0012","FACT-M2NA-AMPERE-BF16-ACC","SRC-M2NA-NVIDIA-AMPERE-WP-2020","architecture_mechanism","direct_statement","supports","FP32","","","PDF p.21, Tensor Core feature bullets","BF16/FP32 mixed-precision","source_checked","m2_arch_nvidia_amd","","2026-08-12","FACT-M2NA-AMPERE-BF16-ACC|SRC-M2NA-NVIDIA-AMPERE-WP-2020|supports|PDF p.21, Tensor Core feature bullets","reviewed","Source value and short context rechecked against the fixed first-party PDF. Researcher interpretation remains in the canonical fact or notes, not in raw_value_text."
"ASSERT-M2NA-0013","FACT-M2NA-AMPERE-TF32-A","SRC-M2NA-NVIDIA-AMPERE-WP-2020","architecture_mechanism","direct_statement","supports","TF32 on FP32 input/output data","","","PDF p.21, Tensor Core feature bullets","TF32 ... FP32 input/output data","source_checked","m2_arch_nvidia_amd","","2026-08-12","FACT-M2NA-AMPERE-TF32-A|SRC-M2NA-NVIDIA-AMPERE-WP-2020|supports|PDF p.21, Tensor Core feature bullets","reviewed","Source value and short context rechecked against the fixed first-party PDF. Researcher interpretation remains in the canonical fact or notes, not in raw_value_text."
"ASSERT-M2NA-0014","FACT-M2NA-AMPERE-TF32-ACC","SRC-M2NA-NVIDIA-AMPERE-WP-2020","architecture_mechanism","direct_statement","supports","FP32 input/output data","","","PDF p.21, Tensor Core feature bullets","FP32 input/output data","source_checked","m2_arch_nvidia_amd","","2026-08-12","FACT-M2NA-AMPERE-TF32-ACC|SRC-M2NA-NVIDIA-AMPERE-WP-2020|supports|PDF p.21, Tensor Core feature bullets","reviewed","Source value and short context rechecked against the fixed first-party PDF. Researcher interpretation remains in the canonical fact or notes, not in raw_value_text."
"ASSERT-M2NA-0015","FACT-M2NA-AMPERE-FP64-A","SRC-M2NA-NVIDIA-AMPERE-WP-2020","architecture_mechanism","direct_statement","supports","IEEE-compliant FP64","","","PDF p.15, A100 SM section","IEEE-compliant FP64 Tensor Core instructions","source_checked","m2_arch_nvidia_amd","","2026-08-12","FACT-M2NA-AMPERE-FP64-A|SRC-M2NA-NVIDIA-AMPERE-WP-2020|supports|PDF p.15, A100 SM section","reviewed","Source value and short context rechecked against the fixed first-party PDF. Researcher interpretation remains in the canonical fact or notes, not in raw_value_text."
"ASSERT-M2NA-0016","FACT-M2NA-AMPERE-INT-A","SRC-M2NA-NVIDIA-AMPERE-WP-2020","architecture_mechanism","direct_statement","supports","INT8, INT4, Binary","","","PDF p.20, Third-generation Tensor Cores bullet","INT8, INT4, and Binary","source_checked","m2_arch_nvidia_amd","","2026-08-12","FACT-M2NA-AMPERE-INT-A|SRC-M2NA-NVIDIA-AMPERE-WP-2020|supports|PDF p.20, Third-generation Tensor Cores bullet","reviewed","Source value and short context rechecked against the fixed first-party PDF. Researcher interpretation remains in the canonical fact or notes, not in raw_value_text."
"ASSERT-M2NA-0017","FACT-M2NA-AMPERE-SPARSE-LEVEL","SRC-M2NA-NVIDIA-AMPERE-WP-2020","architecture_mechanism","direct_statement","supports","Sparse MMA instructions","","","PDF p.32, Sparse Matrix Multiply-Accumulate Operations","new Sparse MMA instructions","source_checked","m2_arch_nvidia_amd","","2026-08-12","FACT-M2NA-AMPERE-SPARSE-LEVEL|SRC-M2NA-NVIDIA-AMPERE-WP-2020|supports|PDF p.32, Sparse Matrix Multiply-Accumulate Operations","reviewed","Source value and short context rechecked against the fixed first-party PDF. Researcher interpretation remains in the canonical fact or notes, not in raw_value_text."
"ASSERT-M2NA-0018","FACT-M2NA-AMPERE-SPARSE-DETAIL","SRC-M2NA-NVIDIA-AMPERE-WP-2020","architecture_mechanism","direct_statement","supports","skip compute on zero-valued entries","","","PDF p.32, Sparse Matrix Multiply-Accumulate Operations","skip the compute on entries that have zero values","source_checked","m2_arch_nvidia_amd","","2026-08-12","FACT-M2NA-AMPERE-SPARSE-DETAIL|SRC-M2NA-NVIDIA-AMPERE-WP-2020|supports|PDF p.32, Sparse Matrix Multiply-Accumulate Operations","reviewed","Source value and short context rechecked against the fixed first-party PDF. Researcher interpretation remains in the canonical fact or notes, not in raw_value_text."
"ASSERT-M2NA-0019","FACT-M2NA-AMPERE-ASYNC-LEVEL","SRC-M2NA-NVIDIA-AMPERE-WP-2020","architecture_mechanism","direct_statement","supports","asynchronous copy instruction","","","PDF p.21, A100 SM feature bullets","New asynchronous copy instruction","source_checked","m2_arch_nvidia_amd","","2026-08-12","FACT-M2NA-AMPERE-ASYNC-LEVEL|SRC-M2NA-NVIDIA-AMPERE-WP-2020|supports|PDF p.21, A100 SM feature bullets","reviewed","Source value and short context rechecked against the fixed first-party PDF. Researcher interpretation remains in the canonical fact or notes, not in raw_value_text."
"ASSERT-M2NA-0020","FACT-M2NA-AMPERE-NVLINK-PROTOCOL","SRC-M2NA-NVIDIA-AMPERE-WP-2020","architecture_mechanism","direct_statement","supports","Third-generation NVLink","","","PDF pp.16-17, Third-Generation NVLink","Third-generation NVLink","source_checked","m2_arch_nvidia_amd","","2026-08-12","FACT-M2NA-AMPERE-NVLINK-PROTOCOL|SRC-M2NA-NVIDIA-AMPERE-WP-2020|supports|PDF pp.16-17, Third-Generation NVLink","reviewed","Source value and short context rechecked against the fixed first-party PDF. Researcher interpretation remains in the canonical fact or notes, not in raw_value_text."
"ASSERT-M2NA-0021","FACT-M2NA-AMPERE-SW","SRC-M2NA-NVIDIA-AMPERE-WP-2020","architecture_mechanism","direct_statement","supports","CUDA 11 barrier objects","","","PDF p.17, Asynchronous Barrier","available using CUDA 11","source_checked","m2_arch_nvidia_amd","","2026-08-12","FACT-M2NA-AMPERE-SW|SRC-M2NA-NVIDIA-AMPERE-WP-2020|supports|PDF p.17, Asynchronous Barrier","reviewed","Source value and short context rechecked against the fixed first-party PDF. Researcher interpretation remains in the canonical fact or notes, not in raw_value_text."
"ASSERT-M2NA-0022","FACT-M2NA-ADA-SM-EXEC","SRC-M2NA-NVIDIA-ADA-WP-2022","architecture_mechanism","direct_statement","supports","CUDA Cores, Ada Fourth-Generation Tensor Core, Load/Store units, Special Function Unit","","","PDF p.10, Ada SM processing-block paragraph","CUDA Cores ... one Ada Fourth-Generation Tensor Core ... four Load/Store units ... a Special Function Unit","source_checked","m2_arch_nvidia_amd","","2026-08-12","FACT-M2NA-ADA-SM-EXEC|SRC-M2NA-NVIDIA-ADA-WP-2022|supports|PDF p.10, Ada SM processing-block paragraph","reviewed","The paragraph directly lists the execution paths in each SM partition. SIMT is the project normalization, not a quoted source term."
"ASSERT-M2NA-0023","FACT-M2NA-ADA-TENSOR-EXEC","SRC-M2NA-NVIDIA-ADA-WP-2022","architecture_mechanism","direct_statement","supports","Ada Fourth-Generation Tensor Core","","","PDF pp.8, 10, Ada SM","Ada Fourth-Generation Tensor Core","source_checked","m2_arch_nvidia_amd","","2026-08-12","FACT-M2NA-ADA-TENSOR-EXEC|SRC-M2NA-NVIDIA-ADA-WP-2022|supports|PDF pp.8, 10, Ada SM","reviewed","Source value and short context rechecked against the fixed first-party PDF. Researcher classification is kept out of raw_value_text."
"ASSERT-M2NA-0024","FACT-M2NA-ADA-TENSOR-FORMATS","SRC-M2NA-NVIDIA-ADA-WP-2022","architecture_mechanism","direct_statement","supports","FP8, FP16, BF16, TF32, INT8, INT4","","","PDF pp.24, 27 and p.30 Table 2","FP16, BF16, TF32, INT8, and INT4 ... new FP8","source_checked","m2_arch_nvidia_amd","","2026-08-12","FACT-M2NA-ADA-TENSOR-FORMATS|SRC-M2NA-NVIDIA-ADA-WP-2022|supports|PDF pp.24, 27 and p.30 Table 2","reviewed","Source value and short context rechecked against the fixed first-party PDF. Researcher classification is kept out of raw_value_text."
"ASSERT-M2NA-0025","FACT-M2NA-ADA-L1SMEM-MGMT","SRC-M2NA-NVIDIA-ADA-WP-2022","architecture_mechanism","direct_statement","supports","unified L1 data cache or shared memory","","","PDF p.12, Memory Subsystem","unified architecture ... L1 data cache or shared memory","source_checked","m2_arch_nvidia_amd","","2026-08-12","FACT-M2NA-ADA-L1SMEM-MGMT|SRC-M2NA-NVIDIA-ADA-WP-2022|supports|PDF p.12, Memory Subsystem","reviewed","Source value and short context rechecked against the fixed first-party PDF. Researcher classification is kept out of raw_value_text."
"ASSERT-M2NA-0026","FACT-M2NA-ADA-L1SMEM-SCOPE","SRC-M2NA-NVIDIA-ADA-WP-2022","architecture_mechanism","direct_statement","supports","Ada SM","","","PDF p.12, Memory Subsystem","The Ada SM contains ... Level 1 cache","source_checked","m2_arch_nvidia_amd","","2026-08-12","FACT-M2NA-ADA-L1SMEM-SCOPE|SRC-M2NA-NVIDIA-ADA-WP-2022|supports|PDF p.12, Memory Subsystem","reviewed","Source value and short context rechecked against the fixed first-party PDF. Researcher classification is kept out of raw_value_text."
"ASSERT-M2NA-0027","FACT-M2NA-ADA-FP8-A","SRC-M2NA-NVIDIA-ADA-WP-2022","architecture_mechanism","direct_statement","supports","FP8","","","PDF p.30, Table 2, FP8 Tensor rows","Peak FP8 Tensor TFLOPS","source_checked","m2_arch_nvidia_amd","","2026-08-12","FACT-M2NA-ADA-FP8-A|SRC-M2NA-NVIDIA-ADA-WP-2022|supports|PDF p.30, Table 2, FP8 Tensor rows","reviewed","Source value and short context rechecked against the fixed first-party PDF. Researcher classification is kept out of raw_value_text."
"ASSERT-M2NA-0028","FACT-M2NA-ADA-FP8-ACC","SRC-M2NA-NVIDIA-ADA-WP-2022","architecture_mechanism","direct_statement","supports","FP16 or FP32 accumulate","","","PDF p.30, Table 2, FP8 Tensor rows","FP8 ... with FP16 Accumulate; ... with FP32 Accumulate","source_checked","m2_arch_nvidia_amd","","2026-08-12","FACT-M2NA-ADA-FP8-ACC|SRC-M2NA-NVIDIA-ADA-WP-2022|supports|PDF p.30, Table 2, FP8 Tensor rows","reviewed","Source value and short context rechecked against the fixed first-party PDF. Researcher classification is kept out of raw_value_text."
"ASSERT-M2NA-0029","FACT-M2NA-ADA-FP16-ACC","SRC-M2NA-NVIDIA-ADA-WP-2022","architecture_mechanism","direct_statement","supports","FP16 or FP32 accumulate","","","PDF p.30, Table 2, FP16 Tensor rows","FP16 ... with FP16 Accumulate; ... with FP32 Accumulate","source_checked","m2_arch_nvidia_amd","","2026-08-12","FACT-M2NA-ADA-FP16-ACC|SRC-M2NA-NVIDIA-ADA-WP-2022|supports|PDF p.30, Table 2, FP16 Tensor rows","reviewed","Source value and short context rechecked against the fixed first-party PDF. Researcher classification is kept out of raw_value_text."
"ASSERT-M2NA-0030","FACT-M2NA-ADA-BF16-ACC","SRC-M2NA-NVIDIA-ADA-WP-2022","architecture_mechanism","direct_statement","supports","FP32 accumulate","","","PDF p.30, Table 2, BF16 Tensor row","BF16 ... with FP32 Accumulate","source_checked","m2_arch_nvidia_amd","","2026-08-12","FACT-M2NA-ADA-BF16-ACC|SRC-M2NA-NVIDIA-ADA-WP-2022|supports|PDF p.30, Table 2, BF16 Tensor row","reviewed","Source value and short context rechecked against the fixed first-party PDF. Researcher classification is kept out of raw_value_text."
"ASSERT-M2NA-0031","FACT-M2NA-ADA-TF32-A","SRC-M2NA-NVIDIA-ADA-WP-2022","architecture_mechanism","direct_statement","supports","TF32","","","PDF p.30, Table 2, TF32 Tensor row","Peak TF32 Tensor TFLOPS","source_checked","m2_arch_nvidia_amd","","2026-08-12","FACT-M2NA-ADA-TF32-A|SRC-M2NA-NVIDIA-ADA-WP-2022|supports|PDF p.30, Table 2, TF32 Tensor row","reviewed","Source value and short context rechecked against the fixed first-party PDF. Researcher classification is kept out of raw_value_text."
"ASSERT-M2NA-0032","FACT-M2NA-ADA-INT-A","SRC-M2NA-NVIDIA-ADA-WP-2022","architecture_mechanism","direct_statement","supports","INT8 and INT4","","","PDF p.30, Table 2, INT Tensor rows","Peak INT8 Tensor TOPS; Peak INT4 Tensor TOPS","source_checked","m2_arch_nvidia_amd","","2026-08-12","FACT-M2NA-ADA-INT-A|SRC-M2NA-NVIDIA-ADA-WP-2022|supports|PDF p.30, Table 2, INT Tensor rows","reviewed","Source value and short context rechecked against the fixed first-party PDF. Researcher classification is kept out of raw_value_text."
"ASSERT-M2NA-0033","FACT-M2NA-ADA-SPARSE-LEVEL","SRC-M2NA-NVIDIA-ADA-WP-2022","architecture_mechanism","inferred","supports","sparsity-adjusted Tensor rates","","","PDF p.30, Table 2 and footnote 2","Effective TOPS / TFLOPS using Sparsity","source_checked","m2_arch_nvidia_amd","","2026-08-12","FACT-M2NA-ADA-SPARSE-LEVEL|SRC-M2NA-NVIDIA-ADA-WP-2022|supports|PDF p.30, Table 2 and footnote 2","reviewed","The source directly reports Tensor rates with the sparsity feature; dedicated_instruction is a schema classification inferred from hardware Tensor Core support, not a verbatim source term."
"ASSERT-M2NA-0035","FACT-M2NA-BLACKWELL-TENSOR-EXEC","SRC-M2NA-NVIDIA-BLACKWELL-BRIEF-V2-1","architecture_mechanism","inferred","supports","fifth-generation Tensor Core architecture","","","PDF p.8, Blackwell Tensor Core Architecture","matrix multiply and accumulate (MMA) math operations","source_checked","m2_arch_nvidia_amd","","2026-08-12","FACT-M2NA-BLACKWELL-TENSOR-EXEC|SRC-M2NA-NVIDIA-BLACKWELL-BRIEF-V2-1|supports|PDF p.8, Blackwell Tensor Core Architecture","reviewed","The source directly names the hardware/engine; the normalized component or implementation-level classification is an explicit schema mapping."
"ASSERT-M2NA-0036","FACT-M2NA-BLACKWELL-TENSOR-FORMATS","SRC-M2NA-NVIDIA-BLACKWELL-BRIEF-V2-1","architecture_mechanism","direct_statement","supports","FP64, FP32, TF32, FP16, BF16, FP8, INT8, FP6, FP4","","","PDF p.8, Table 1","Blackwell Architecture Supported Data Types","source_checked","m2_arch_nvidia_amd","","2026-08-12","FACT-M2NA-BLACKWELL-TENSOR-FORMATS|SRC-M2NA-NVIDIA-BLACKWELL-BRIEF-V2-1|supports|PDF p.8, Table 1","reviewed","Source value and short context rechecked against the fixed first-party PDF. Schema classification or scope interpretation stays in the canonical fact/notes."
"ASSERT-M2NA-0037","FACT-M2NA-BLACKWELL-FP4-A","SRC-M2NA-NVIDIA-BLACKWELL-BRIEF-V2-1","architecture_mechanism","direct_statement","supports","FP4","","","PDF pp.8-9, Tensor Core and Transformer Engine sections","new number formats such as FP4","source_checked","m2_arch_nvidia_amd","","2026-08-12","FACT-M2NA-BLACKWELL-FP4-A|SRC-M2NA-NVIDIA-BLACKWELL-BRIEF-V2-1|supports|PDF pp.8-9, Tensor Core and Transformer Engine sections","reviewed","Source value and short context rechecked against the fixed first-party PDF. Schema classification or scope interpretation stays in the canonical fact/notes."
"ASSERT-M2NA-0038","FACT-M2NA-BLACKWELL-FP4-SCALE","SRC-M2NA-NVIDIA-BLACKWELL-HC36-2024","architecture_mechanism","direct_statement","supports","Micro-tensor scale-factors applied to fixed-length vectors","","","Hot Chips PDF p.14, 5th Gen Tensor Core","Micro-tensor scale-factors applied to fixed-length vectors","source_checked","m2_arch_nvidia_amd","","2026-08-12","FACT-M2NA-BLACKWELL-FP4-SCALE|SRC-M2NA-NVIDIA-BLACKWELL-HC36-2024|supports|Hot Chips PDF p.14, 5th Gen Tensor Core","reviewed","Source value and short context rechecked against the fixed first-party PDF. Schema classification or scope interpretation stays in the canonical fact/notes."
"ASSERT-M2NA-0039","FACT-M2NA-BLACKWELL-FP4-GRAN","SRC-M2NA-NVIDIA-BLACKWELL-HC36-2024","architecture_mechanism","direct_statement","supports","Mapping of elements to scale-factors is fixed","","","Hot Chips PDF p.14, 5th Gen Tensor Core","Mapping of elements to scale-factors is fixed","source_checked","m2_arch_nvidia_amd","","2026-08-12","FACT-M2NA-BLACKWELL-FP4-GRAN|SRC-M2NA-NVIDIA-BLACKWELL-HC36-2024|supports|Hot Chips PDF p.14, 5th Gen Tensor Core","reviewed","Source value and short context rechecked against the fixed first-party PDF. Schema classification or scope interpretation stays in the canonical fact/notes."
"ASSERT-M2NA-0040","FACT-M2NA-BLACKWELL-FP6-A","SRC-M2NA-NVIDIA-BLACKWELL-BRIEF-V2-1","architecture_mechanism","direct_statement","supports","FP6","","","PDF p.8, Table 1","FP6","source_checked","m2_arch_nvidia_amd","","2026-08-12","FACT-M2NA-BLACKWELL-FP6-A|SRC-M2NA-NVIDIA-BLACKWELL-BRIEF-V2-1|supports|PDF p.8, Table 1","reviewed","Source value and short context rechecked against the fixed first-party PDF. Schema classification or scope interpretation stays in the canonical fact/notes."
"ASSERT-M2NA-0041","FACT-M2NA-BLACKWELL-FP8-A","SRC-M2NA-NVIDIA-BLACKWELL-BRIEF-V2-1","architecture_mechanism","direct_statement","supports","FP8","","","PDF p.8, Table 1","FP8","source_checked","m2_arch_nvidia_amd","","2026-08-12","FACT-M2NA-BLACKWELL-FP8-A|SRC-M2NA-NVIDIA-BLACKWELL-BRIEF-V2-1|supports|PDF p.8, Table 1","reviewed","Source value and short context rechecked against the fixed first-party PDF. Schema classification or scope interpretation stays in the canonical fact/notes."
"ASSERT-M2NA-0042","FACT-M2NA-BLACKWELL-FP16-A","SRC-M2NA-NVIDIA-BLACKWELL-BRIEF-V2-1","architecture_mechanism","direct_statement","supports","FP16, BF16","","","PDF p.8, Table 1","FP16; BF16","source_checked","m2_arch_nvidia_amd","","2026-08-12","FACT-M2NA-BLACKWELL-FP16-A|SRC-M2NA-NVIDIA-BLACKWELL-BRIEF-V2-1|supports|PDF p.8, Table 1","reviewed","Source value and short context rechecked against the fixed first-party PDF. Schema classification or scope interpretation stays in the canonical fact/notes."
"ASSERT-M2NA-0043","FACT-M2NA-BLACKWELL-HIGH-A","SRC-M2NA-NVIDIA-BLACKWELL-BRIEF-V2-1","architecture_mechanism","direct_statement","supports","TF32, FP32, FP64","","","PDF p.8, Table 1","TF32; FP32; FP64","source_checked","m2_arch_nvidia_amd","","2026-08-12","FACT-M2NA-BLACKWELL-HIGH-A|SRC-M2NA-NVIDIA-BLACKWELL-BRIEF-V2-1|supports|PDF p.8, Table 1","reviewed","Source value and short context rechecked against the fixed first-party PDF. Schema classification or scope interpretation stays in the canonical fact/notes."
"ASSERT-M2NA-0044","FACT-M2NA-BLACKWELL-SPARSE-MODE","SRC-M2NA-NVIDIA-PTX-ISA-9-3","architecture_mechanism","inferred","supports","structured sparse matrix with 50% zeros in each row","","","PTX ISA 9.3, section 9.7.17.10.8 Sparse Matrices, lines 22615-22624","matrix A is a structured sparse matrix with 50% zeros in each row","source_checked","m2_arch_nvidia_amd","","2026-08-12","FACT-M2NA-BLACKWELL-SPARSE-MODE|SRC-M2NA-NVIDIA-PTX-ISA-9-3|supports|PTX ISA 9.3, section 9.7.17.10.8 Sparse Matrices, lines 22615-22624","reviewed","The source phrase maps directly to schema enum structured_sparse."
"ASSERT-M2NA-0045","FACT-M2NA-BLACKWELL-TMEM-MGMT","SRC-M2NA-NVIDIA-PTX-ISA-9-3","architecture_mechanism","inferred","supports","dynamically allocated; explicitly deallocated","","","PTX ISA 9.3, sections 9.7.17.1.2 and 9.7.17.7.1, lines 20769-20774 and 21600-21624","""Tensor Memory is dynamically allocated""; ""must be explicitly deallocated before the kernel exits""","source_checked","m2_arch_nvidia_amd","","2026-08-12","FACT-M2NA-BLACKWELL-TMEM-MGMT|SRC-M2NA-NVIDIA-PTX-ISA-9-3|supports|PTX ISA 9.3, sections 9.7.17.1.2 and 9.7.17.7.1, lines 20769-20774 and 21600-21624","reviewed","Explicit instruction-managed allocation and deallocation are classified as software_scratchpad management."
"ASSERT-M2NA-0046","FACT-M2NA-BLACKWELL-TMEM-LOGICAL-SPACE","SRC-M2NA-NVIDIA-PTX-ISA-9-3","architecture_mechanism","direct_statement","supports","512 columns and 128 rows per CTA","","","PTX ISA 9.3, section 9.7.17.1 Tensor Memory, lines 20745-20750","512 columns and 128 rows per CTA, with each cell being 32-bits in size","source_checked","m2_arch_nvidia_amd","","2026-08-12","FACT-M2NA-BLACKWELL-TMEM-LOGICAL-SPACE|SRC-M2NA-NVIDIA-PTX-ISA-9-3|supports|PTX ISA 9.3, section 9.7.17.1 Tensor Memory, lines 20745-20750","reviewed","The fact preserves the source dimensions and cell size."
"ASSERT-M2NA-0047","FACT-M2NA-BLACKWELL-TMEM-GRAN","SRC-M2NA-NVIDIA-PTX-ISA-9-3","architecture_mechanism","direct_statement","supports","","32","bit/cell","PTX ISA 9.3, section 9.7.17.1 Tensor Memory, line 20749","each cell being 32-bits in size","source_checked","m2_arch_nvidia_amd","","2026-08-12","FACT-M2NA-BLACKWELL-TMEM-GRAN|SRC-M2NA-NVIDIA-PTX-ISA-9-3|supports|PTX ISA 9.3, section 9.7.17.1 Tensor Memory, line 20749","reviewed","The fact converts 32 bits per cell to four bytes."
"ASSERT-M2NA-0048","FACT-M2NA-BLACKWELL-TMA-EXEC","SRC-M2NA-NVIDIA-PTX-ISA-9-3","architecture_mechanism","direct_statement","supports","cp.async.bulk.tensor","","","PTX ISA 9.3, section 9.7.9.26.5.2 cp.async.bulk.tensor, lines 11448-11464","""Initiates an asynchronous copy operation on the tensor data""; "".dim = { .1d, .2d, .3d, .4d, .5d }""","source_checked","m2_arch_nvidia_amd","","2026-08-12","FACT-M2NA-BLACKWELL-TMA-EXEC|SRC-M2NA-NVIDIA-PTX-ISA-9-3|supports|PTX ISA 9.3, section 9.7.9.26.5.2 cp.async.bulk.tensor, lines 11448-11464","reviewed","The tensor-map operand and source/destination forms provide the descriptor-driven global/shared transfer semantics."
"ASSERT-M2NA-0049","FACT-M2NA-BLACKWELL-NVHBI-PROTOCOL","SRC-M2NA-NVIDIA-BLACKWELL-BRIEF-V2-1","architecture_mechanism","direct_statement","supports","NVIDIA High-Bandwidth Interface (NV-HBI)","","","PDF p.8, opening paragraph","chip-to-chip NVIDIA High-Bandwidth Interface (NV-HBI)","source_checked","m2_arch_nvidia_amd","","2026-08-12","FACT-M2NA-BLACKWELL-NVHBI-PROTOCOL|SRC-M2NA-NVIDIA-BLACKWELL-BRIEF-V2-1|supports|PDF p.8, opening paragraph","reviewed","Source value and short context rechecked against the fixed first-party PDF. Schema classification or scope interpretation stays in the canonical fact/notes."
"ASSERT-M2NA-0050","FACT-M2NA-BLACKWELL-NVLINK5-PROTOCOL","SRC-M2NA-NVIDIA-BLACKWELL-BRIEF-V2-1","architecture_mechanism","direct_statement","supports","fifth-generation NVLink","","","PDF p.10, Fifth-Generation NVLink and NVLink Switch","fifth generation of NVLink","source_checked","m2_arch_nvidia_amd","","2026-08-12","FACT-M2NA-BLACKWELL-NVLINK5-PROTOCOL|SRC-M2NA-NVIDIA-BLACKWELL-BRIEF-V2-1|supports|PDF p.10, Fifth-Generation NVLink and NVLink Switch","reviewed","Source value and short context rechecked against the fixed first-party PDF. Schema classification or scope interpretation stays in the canonical fact/notes."
"ASSERT-M2NA-0051","FACT-M2NA-BLACKWELL-TE-LEVEL","SRC-M2NA-NVIDIA-BLACKWELL-BRIEF-V2-1","architecture_mechanism","inferred","supports","second-generation Transformer Engine","","","PDF p.9, Second-Generation Transformer Engine","uses custom Blackwell Tensor Core technology combined with NVIDIA Dynamo, TensorRT-LLM and Nemo Framework","source_checked","m2_arch_nvidia_amd","","2026-08-12","FACT-M2NA-BLACKWELL-TE-LEVEL|SRC-M2NA-NVIDIA-BLACKWELL-BRIEF-V2-1|supports|PDF p.9, Second-Generation Transformer Engine","reviewed","The source directly names the hardware/engine; the normalized component or implementation-level classification is an explicit schema mapping."
"ASSERT-M2NA-0052","FACT-M2NA-BLACKWELL-TE-DETAIL","SRC-M2NA-NVIDIA-BLACKWELL-HC36-2024","architecture_mechanism","direct_statement","supports","Transformer Engine HW and SW; Micro Tensor Scaling","","","Hot Chips PDF p.16, NVIDIA Quasar Quantization System","TRANSFORMER ENGINE HW and SW ... Micro Tensor Scaling","source_checked","m2_arch_nvidia_amd","","2026-08-12","FACT-M2NA-BLACKWELL-TE-DETAIL|SRC-M2NA-NVIDIA-BLACKWELL-HC36-2024|supports|Hot Chips PDF p.16, NVIDIA Quasar Quantization System","reviewed","Source value and short context rechecked against the fixed first-party PDF. Schema classification or scope interpretation stays in the canonical fact/notes."
"ASSERT-M2NA-0053","FACT-M2NA-BLACKWELL-SPARSE-LEVEL","SRC-M2NA-NVIDIA-PTX-ISA-9-3","architecture_mechanism","inferred","supports","tcgen05.mma.sp","","","PTX ISA 9.3, sections 9.7.17.10.8 and 9.7.17.10.9.2, lines 22615-22624 and 22973-23062","tcgen05.mma.sp","source_checked","m2_arch_nvidia_amd","","2026-08-12","FACT-M2NA-BLACKWELL-SPARSE-LEVEL|SRC-M2NA-NVIDIA-PTX-ISA-9-3|supports|PTX ISA 9.3, sections 9.7.17.10.8 and 9.7.17.10.9.2, lines 22615-22624 and 22973-23062","reviewed","A named sparse MMA instruction is classified as dedicated_instruction."
"ASSERT-M2NA-0054","FACT-M2NA-BLACKWELL-TMA-LEVEL","SRC-M2NA-NVIDIA-PTX-ISA-9-3","architecture_mechanism","inferred","supports","tensorMap; tensorCoords","","","PTX ISA 9.3, section 9.7.9.26.5.2 cp.async.bulk.tensor, lines 11448-11464","[dstMem], [tensorMap, tensorCoords], [mbar]","source_checked","m2_arch_nvidia_amd","","2026-08-12","FACT-M2NA-BLACKWELL-TMA-LEVEL|SRC-M2NA-NVIDIA-PTX-ISA-9-3|supports|PTX ISA 9.3, section 9.7.9.26.5.2 cp.async.bulk.tensor, lines 11448-11464","reviewed","Runtime tensor-map descriptors and coordinates are classified as a configurable_engine interface."
"ASSERT-M2NA-0055","FACT-M2NA-BLACKWELL-TMA-DETAIL","SRC-M2NA-NVIDIA-PTX-ISA-9-3","architecture_mechanism","inferred","supports","cp.async.bulk.tensor; .tile","","","PTX ISA 9.3, section 9.7.9.26.5.2 cp.async.bulk.tensor, lines 11448-11465",""".load_mode = { .tile""; ""cp.async.bulk.tensor""","source_checked","m2_arch_nvidia_amd","","2026-08-12","FACT-M2NA-BLACKWELL-TMA-DETAIL|SRC-M2NA-NVIDIA-PTX-ISA-9-3|supports|PTX ISA 9.3, section 9.7.9.26.5.2 cp.async.bulk.tensor, lines 11448-11465","reviewed","The source exposes descriptor/tensor-map-driven tiled transfer operations; the fact no longer makes a negative MoE or attention inference."
"ASSERT-M2NA-0056","FACT-M2NA-BLACKWELL-RAS","SRC-M2NA-NVIDIA-BLACKWELL-BRIEF-V2-1","architecture_mechanism","direct_statement","supports","dedicated Reliability, Availability, and Serviceability (RAS) Engine","","","PDF pp.11-12, RAS Engine","adds intelligent resiliency with a dedicated ... RAS Engine","source_checked","m2_arch_nvidia_amd","","2026-08-12","FACT-M2NA-BLACKWELL-RAS|SRC-M2NA-NVIDIA-BLACKWELL-BRIEF-V2-1|supports|PDF pp.11-12, RAS Engine","reviewed","Source value and short context rechecked against the fixed first-party PDF. Schema classification or scope interpretation stays in the canonical fact/notes."
"ASSERT-M2NA-0057","FACT-M2NA-BLACKWELL-SW","SRC-M2NA-NVIDIA-PTX-ISA-9-3","architecture_mechanism","direct_statement","supports","PTX; Tensorcore 5th Generation Instructions","","","PTX ISA 9.3, sections 9.7.17.7-9.7.17.10, lines 21600-23062","""Tensorcore 5th Generation Instructions""; ""tcgen05.alloc""; ""tcgen05.mma.sp""","source_checked","m2_arch_nvidia_amd","","2026-08-12","FACT-M2NA-BLACKWELL-SW|SRC-M2NA-NVIDIA-PTX-ISA-9-3|supports|PTX ISA 9.3, sections 9.7.17.7-9.7.17.10, lines 21600-23062","reviewed","The fact is narrowed to PTX-exposed fifth-generation TensorCore and Tensor Memory instructions."
"ASSERT-M2NA-0058","FACT-M2NA-ULTRA-SFU-EXEC","SRC-M2NA-NVIDIA-BLACKWELL-ULTRA-SOFTMAX-2026","architecture_mechanism","direct_statement","supports","MUFU.EX2 instruction","","","snapshot paragraphs 20-21; section Alleviating the softmax bottleneck","natural exponential function ... invoked via the MUFU.EX2 instruction","source_checked","m2_arch_nvidia_amd","","2026-08-12","FACT-M2NA-ULTRA-SFU-EXEC|SRC-M2NA-NVIDIA-BLACKWELL-ULTRA-SOFTMAX-2026|supports|snapshot paragraphs 20-21; section Alleviating the softmax bottleneck","reviewed","Rechecked against the fixed 2026-08-12 HTML snapshot. The source states the positive SFU/MUFU mechanism; no unsupported exclusion is carried in raw_value_text."
"ASSERT-M2NA-0059","FACT-M2NA-ULTRA-EXP-REL","SRC-M2NA-NVIDIA-BLACKWELL-ULTRA-SOFTMAX-2026","architecture_mechanism","direct_statement","supports","","2","ratio","snapshot paragraph 36, Alleviating the softmax bottleneck","doubling SFU throughput","source_checked","m2_arch_nvidia_amd","","2026-08-12","FACT-M2NA-ULTRA-EXP-REL|SRC-M2NA-NVIDIA-BLACKWELL-ULTRA-SOFTMAX-2026|supports|snapshot paragraph 36, Alleviating the softmax bottleneck","reviewed","The source term doubling is normalized to the numeric ratio 2."
"ASSERT-M2NA-0060","FACT-M2NA-ULTRA-SOFTMAX-LEVEL","SRC-M2NA-NVIDIA-BLACKWELL-ULTRA-SOFTMAX-2026","architecture_mechanism","inferred","supports","MUFU.EX2 instruction","","","snapshot paragraphs 20-21","invoked via the MUFU.EX2 instruction","source_checked","m2_arch_nvidia_amd","","2026-08-12","FACT-M2NA-ULTRA-SOFTMAX-LEVEL|SRC-M2NA-NVIDIA-BLACKWELL-ULTRA-SOFTMAX-2026|supports|snapshot paragraphs 20-21","reviewed","MUFU.EX2 is directly named as an instruction; dedicated_instruction is the schema classification."
"ASSERT-M2NA-0061","FACT-M2NA-ULTRA-SOFTMAX-DETAIL","SRC-M2NA-NVIDIA-BLACKWELL-ULTRA-SOFTMAX-2026","architecture_mechanism","direct_statement","supports","exponential function ... executed on Special Function Units","","","snapshot paragraphs 20-21 and 39-41","pipeline shifts to the SFUs ... using exponential functions","source_checked","m2_arch_nvidia_amd","","2026-08-12","FACT-M2NA-ULTRA-SOFTMAX-DETAIL|SRC-M2NA-NVIDIA-BLACKWELL-ULTRA-SOFTMAX-2026|supports|snapshot paragraphs 20-21 and 39-41","reviewed","Rechecked against the fixed 2026-08-12 HTML snapshot. The source states the positive SFU/MUFU mechanism; no unsupported exclusion is carried in raw_value_text."
"ASSERT-M2NA-0062","FACT-M2NA-RUBIN-TENSOR-EXEC","SRC-M2NA-NVIDIA-RUBIN-BLOG-20260721","architecture_mechanism","direct_statement","supports","third-generation Transformer Engine; doubles the Tensor Core throughput per clock; 3-bit lookup-table format","","","Fixed HTML snapshot, paragraphs 21 and 37-40","""doubles the Tensor Core throughput per clock""; ""supports a 3-bit lookup-table format for matrix B""","source_checked","m2_arch_nvidia_amd","","2026-08-12","FACT-M2NA-RUBIN-TENSOR-EXEC|SRC-M2NA-NVIDIA-RUBIN-BLOG-20260721|supports|Fixed HTML snapshot, paragraphs 21 and 37-40","reviewed","The fact combines three source-stated parts of the Rubin matrix path."
"ASSERT-M2NA-0063","FACT-M2NA-RUBIN-LUT3-B","SRC-M2NA-NVIDIA-RUBIN-BLOG-20260721","architecture_mechanism","direct_statement","supports","3-bit lookup-table format for matrix B","","","Fixed HTML snapshot, paragraph 40","supports a 3-bit lookup-table format for matrix B","source_checked","m2_arch_nvidia_amd","","2026-08-12","FACT-M2NA-RUBIN-LUT3-B|SRC-M2NA-NVIDIA-RUBIN-BLOG-20260721|supports|Fixed HTML snapshot, paragraph 40","reviewed","The source term is normalized to 3-bit LUT-encoded matrix B."
"ASSERT-M2NA-0064","FACT-M2NA-RUBIN-SPARSE-MODE","SRC-M2NA-NVIDIA-RUBIN-BLOG-20260721","architecture_mechanism","inferred","supports","structured 2:4 sparse compressed form","","","Fixed HTML snapshot, paragraph 43","structured 2:4 sparse compressed form","source_checked","m2_arch_nvidia_amd","","2026-08-12","FACT-M2NA-RUBIN-SPARSE-MODE|SRC-M2NA-NVIDIA-RUBIN-BLOG-20260721|supports|Fixed HTML snapshot, paragraph 43","reviewed","The source phrase maps directly to the schema enum structured_sparse."
"ASSERT-M2NA-0065","FACT-M2NA-RUBIN-TMA-EXEC","SRC-M2NA-NVIDIA-RUBIN-BLOG-20260721","architecture_mechanism","direct_statement","supports","memory pointer and stride","","","Fixed HTML snapshot, paragraphs 33-34","override fields such as the memory pointer and stride directly in the TMA instruction","source_checked","m2_arch_nvidia_amd","","2026-08-12","FACT-M2NA-RUBIN-TMA-EXEC|SRC-M2NA-NVIDIA-RUBIN-BLOG-20260721|supports|Fixed HTML snapshot, paragraphs 33-34","reviewed","The source contrasts inline overrides with modifying the descriptor in memory."
"ASSERT-M2NA-0066","FACT-M2NA-RUBIN-SFU-EXEC","SRC-M2NA-NVIDIA-RUBIN-BLOG-20260721","architecture_mechanism","direct_statement","supports","2x FP32 and 4x BF16/FP16 throughput","","","Fixed HTML snapshot, paragraph 45","2x FP32 and 4x BF16/FP16 throughput versus the Blackwell baseline","source_checked","m2_arch_nvidia_amd","","2026-08-12","FACT-M2NA-RUBIN-SFU-EXEC|SRC-M2NA-NVIDIA-RUBIN-BLOG-20260721|supports|Fixed HTML snapshot, paragraph 45","reviewed","The source gives both ratios and the Blackwell comparison baseline."
"ASSERT-M2NA-0067","FACT-M2NA-RUBIN-COMPRESS-EXEC","SRC-M2NA-NVIDIA-RUBIN-BLOG-20260721","architecture_mechanism","direct_statement","supports","nonzero values and metadata","","","Fixed HTML snapshot, paragraphs 43-44","""generating both nonzero values and the metadata""; ""can use sparse MMA""","source_checked","m2_arch_nvidia_amd","","2026-08-12","FACT-M2NA-RUBIN-COMPRESS-EXEC|SRC-M2NA-NVIDIA-RUBIN-BLOG-20260721|supports|Fixed HTML snapshot, paragraphs 43-44","reviewed","Removed the prior unsupported hardware qualifier."
"ASSERT-M2NA-0069","FACT-M2NA-RUBIN-NVLINK-PROTOCOL","SRC-M2NA-NVIDIA-RUBIN-BLOG-20260721","architecture_mechanism","direct_statement","supports","counted writes for device-initiated NVLink communication","","","Fixed HTML snapshot, paragraphs 55-58","""counted writes for device-initiated NVLink communication""; ""allowing the receiving GPU to track transfer completion more efficiently""","source_checked","m2_arch_nvidia_amd","","2026-08-12","FACT-M2NA-RUBIN-NVLINK-PROTOCOL|SRC-M2NA-NVIDIA-RUBIN-BLOG-20260721|supports|Fixed HTML snapshot, paragraphs 55-58","reviewed","Removed unsupported programmed-count and dependent-consumer details."
"ASSERT-M2NA-0070","FACT-M2NA-RUBIN-TMA-LEVEL","SRC-M2NA-NVIDIA-RUBIN-BLOG-20260721","architecture_mechanism","inferred","supports","inline descriptor update support for TMA","","","Fixed HTML snapshot, paragraphs 33-34","inline descriptor update support for TMA","source_checked","m2_arch_nvidia_amd","","2026-08-12","FACT-M2NA-RUBIN-TMA-LEVEL|SRC-M2NA-NVIDIA-RUBIN-BLOG-20260721|supports|Fixed HTML snapshot, paragraphs 33-34","reviewed","A TMA engine whose transfer descriptor fields are changed at runtime is classified as configurable_engine."
"ASSERT-M2NA-0071","FACT-M2NA-RUBIN-SPARSE-LEVEL","SRC-M2NA-NVIDIA-RUBIN-BLOG-20260721","architecture_mechanism","inferred","supports","sparse MMA","","","Fixed HTML snapshot, paragraph 44","can use sparse MMA with the nonzeros from Softmax","source_checked","m2_arch_nvidia_amd","","2026-08-12","FACT-M2NA-RUBIN-SPARSE-LEVEL|SRC-M2NA-NVIDIA-RUBIN-BLOG-20260721|supports|Fixed HTML snapshot, paragraph 44","reviewed","The named sparse matrix-multiply-accumulate operation is classified as dedicated_instruction."
"ASSERT-M2NA-0072","FACT-M2NA-RUBIN-COMPRESS-LEVEL","SRC-M2NA-NVIDIA-RUBIN-BLOG-20260721","architecture_mechanism","inferred","supports","adaptive compression","","","Fixed HTML snapshot, paragraphs 43-44","""activation sparsity with adaptive compression""; ""structured 2:4 sparse compressed form""","source_checked","m2_arch_nvidia_amd","","2026-08-12","FACT-M2NA-RUBIN-COMPRESS-LEVEL|SRC-M2NA-NVIDIA-RUBIN-BLOG-20260721|supports|Fixed HTML snapshot, paragraphs 43-44","reviewed","The source-described runtime compression mechanism is provisionally classified as configurable_engine; the requirement remains needs_resolution."
"ASSERT-M2NA-0074","FACT-M2NA-CDNA2-CU-EXEC","SRC-M2NA-AMD-CDNA2-WP","architecture_mechanism","inferred","supports","scalar, vector, and matrix instructions; 64 work-items","","","PDF p.10, Figure 3 and Shader Array discussion","""pipelines optimized for scalar, vector, and matrix instructions""; ""wavefronts that contain 64 work-items""","source_checked","m2_arch_nvidia_amd","","2026-08-12","FACT-M2NA-CDNA2-CU-EXEC|SRC-M2NA-AMD-CDNA2-WP|supports|PDF p.10, Figure 3 and Shader Array discussion","reviewed","The fact summarizes the CU execution paths and normalizes a 64-work-item wavefront as Wave64."
"ASSERT-M2NA-0075","FACT-M2NA-CDNA2-VECTOR-COUNT","SRC-M2NA-AMD-CDNA2-WP","architecture_mechanism","direct_statement","supports","","4","SIMD per CU","PDF p.10, Figure 3","4x 16-wide SIMD (per CU)","source_checked","m2_arch_nvidia_amd","","2026-08-12","FACT-M2NA-CDNA2-VECTOR-COUNT|SRC-M2NA-AMD-CDNA2-WP|supports|PDF p.10, Figure 3","reviewed","The raw figure label supplies the count; the fact stores it as four vector units."
"ASSERT-M2NA-0076","FACT-M2NA-CDNA2-VECTOR-WIDTH","SRC-M2NA-AMD-CDNA2-WP","architecture_mechanism","direct_statement","supports","","16","wide","PDF p.10, Figure 3","4x 16-wide SIMD (per CU)","source_checked","m2_arch_nvidia_amd","","2026-08-12","FACT-M2NA-CDNA2-VECTOR-WIDTH|SRC-M2NA-AMD-CDNA2-WP|supports|PDF p.10, Figure 3","reviewed","The raw figure label supplies the SIMD width; the fact stores it as 16 lanes."
"ASSERT-M2NA-0077","FACT-M2NA-CDNA2-VECTOR-EXEC","SRC-M2NA-AMD-CDNA2-WP","architecture_mechanism","direct_statement","supports","64 work-items; same rate as single-precision","","","PDF p.10, Compute Unit discussion","""wavefronts that contain 64 work-items""; ""double-precision data is the same rate as single-precision""","source_checked","m2_arch_nvidia_amd","","2026-08-12","FACT-M2NA-CDNA2-VECTOR-EXEC|SRC-M2NA-AMD-CDNA2-WP|supports|PDF p.10, Compute Unit discussion","reviewed","The source states both the wavefront size and FP64/FP32 vector-rate relation."
"ASSERT-M2NA-0078","FACT-M2NA-CDNA2-MATRIX-EXEC","SRC-M2NA-AMD-CDNA2-WP","architecture_mechanism","direct_statement","supports","wave-wide operations; FP64 precision","","","PDF p.11, Matrix Core Technology discussion","""matrix multiplication instructions specifically for FP64 precision""; ""wave-wide operations""","source_checked","m2_arch_nvidia_amd","","2026-08-12","FACT-M2NA-CDNA2-MATRIX-EXEC|SRC-M2NA-AMD-CDNA2-WP|supports|PDF p.11, Matrix Core Technology discussion","reviewed","The source states the FP64 matrix instruction path and its wave-wide execution."
"ASSERT-M2NA-0079","FACT-M2NA-CDNA2-VFP64-THR","SRC-M2NA-AMD-CDNA2-WP","architecture_mechanism","direct_statement","supports","","64","FMA operations per clock","PDF p.10, Compute Unit discussion","64 fused multiply-add (FMA) operations per clock","source_checked","m2_arch_nvidia_amd","","2026-08-12","FACT-M2NA-CDNA2-VFP64-THR|SRC-M2NA-AMD-CDNA2-WP|supports|PDF p.10, Compute Unit discussion","reviewed","The paragraph describes the per-CU vector pipeline; the normalized unit makes that scope explicit."
"ASSERT-M2NA-0080","FACT-M2NA-CDNA2-PFP32-THR","SRC-M2NA-AMD-CDNA2-WP","architecture_mechanism","direct_statement","supports","","128","single precision FMA operations per cycle","PDF p.10, Compute Unit discussion","128 single precision FMA operations per cycle","source_checked","m2_arch_nvidia_amd","","2026-08-12","FACT-M2NA-CDNA2-PFP32-THR|SRC-M2NA-AMD-CDNA2-WP|supports|PDF p.10, Compute Unit discussion","reviewed","The source gives the packed-FP32 vector rate directly."
"ASSERT-M2NA-0081","FACT-M2NA-CDNA2-FP64-TILE","SRC-M2NA-AMD-CDNA2-WP","architecture_mechanism","direct_statement","supports","16x16x4 and 4x4x4 (MxNxK)","","","PDF p.11, Matrix Core Technology discussion","fixed matrix blocks sizes of 16x16x4 and 4x4x4 (MxNxK)","source_checked","m2_arch_nvidia_amd","","2026-08-12","FACT-M2NA-CDNA2-FP64-TILE|SRC-M2NA-AMD-CDNA2-WP|supports|PDF p.11, Matrix Core Technology discussion","reviewed","The source also identifies these forms as wave-wide operations."
"ASSERT-M2NA-0082","FACT-M2NA-CDNA2-FP64-A","SRC-M2NA-AMD-CDNA2-WP","architecture_mechanism","direct_statement","supports","FP64 precision","","","PDF p.11, Matrix Core Technology discussion","matrix multiplication instructions specifically for FP64 precision","source_checked","m2_arch_nvidia_amd","","2026-08-12","FACT-M2NA-CDNA2-FP64-A|SRC-M2NA-AMD-CDNA2-WP|supports|PDF p.11, Matrix Core Technology discussion","reviewed","The source format name is preserved."
"ASSERT-M2NA-0083","FACT-M2NA-CDNA2-FP16-A","SRC-M2NA-AMD-CDNA2-ISA","architecture_mechanism","direct_statement","supports","F16","","","PDF pp.52-53, section 7.1 Matrix Arithmetic Opcodes, MFMA naming and Table 25","F16 A & B matrices","source_checked","m2_arch_nvidia_amd","","2026-08-12","FACT-M2NA-CDNA2-FP16-A|SRC-M2NA-AMD-CDNA2-ISA|supports|PDF pp.52-53, section 7.1 Matrix Arithmetic Opcodes, MFMA naming and Table 25","reviewed","Source uses F16; the fact normalizes this operand format to FP16."
"ASSERT-M2NA-0084","FACT-M2NA-CDNA2-FP16-ACC","SRC-M2NA-AMD-CDNA2-ISA","architecture_mechanism","inferred","supports","F32","","","PDF pp.52-53, section 7.1, MFMA instruction naming","CDfmt is the data format of the C & D matrices","source_checked","m2_arch_nvidia_amd","","2026-08-12","FACT-M2NA-CDNA2-FP16-ACC|SRC-M2NA-AMD-CDNA2-ISA|supports|PDF pp.52-53, section 7.1, MFMA instruction naming","reviewed","The selected F16 MFMA opcode begins V_MFMA_F32; CDfmt therefore maps its C/D accumulation path to normalized FP32."
"ASSERT-M2NA-0085","FACT-M2NA-CDNA2-BF16-A","SRC-M2NA-AMD-CDNA2-WP","architecture_mechanism","direct_statement","supports","bfloat16","","","PDF p.11, Matrix Core Technology closing paragraph","improved the bfloat16 performance so that it delivers equivalent throughput to FP16","source_checked","m2_arch_nvidia_amd","","2026-08-12","FACT-M2NA-CDNA2-BF16-A|SRC-M2NA-AMD-CDNA2-WP|supports|PDF p.11, Matrix Core Technology closing paragraph","reviewed","The source format name bfloat16 is normalized to BF16."
"ASSERT-M2NA-0086","FACT-M2NA-CDNA2-BF16-ACC","SRC-M2NA-AMD-CDNA2-ISA","architecture_mechanism","inferred","supports","F32","","","PDF pp.52-53, section 7.1, MFMA naming and BF16 row in Table 25","CDfmt is the data format of the C & D matrices","source_checked","m2_arch_nvidia_amd","","2026-08-12","FACT-M2NA-CDNA2-BF16-ACC|SRC-M2NA-AMD-CDNA2-ISA|supports|PDF pp.52-53, section 7.1, MFMA naming and BF16 row in Table 25","reviewed","The selected BF16 MFMA opcode begins V_MFMA_F32; CDfmt therefore maps its C/D accumulation path to normalized FP32."
"ASSERT-M2NA-0087","FACT-M2NA-CDNA2-LDS-MGMT","SRC-M2NA-AMD-CDNA2-WP","architecture_mechanism","inferred","supports","explicitly passing data within a compute unit","","","PDF p.10, Local Data Share paragraph","The local data share is designed for explicitly passing data within a compute unit.","source_checked","m2_arch_nvidia_amd","","2026-08-12","FACT-M2NA-CDNA2-LDS-MGMT|SRC-M2NA-AMD-CDNA2-WP|supports|PDF p.10, Local Data Share paragraph","reviewed","This explicit programmer-visible local store behavior is classified as software_scratchpad."
"ASSERT-M2NA-0088","FACT-M2NA-CDNA2-LDS-DMA","SRC-M2NA-AMD-CDNA2-WP","architecture_mechanism","direct_statement","supports","FP64 min, max, and add atomic operations","","","PDF p.10, Local Data Share paragraph","FP64 min, max, and add atomic operations","source_checked","m2_arch_nvidia_amd","","2026-08-12","FACT-M2NA-CDNA2-LDS-DMA|SRC-M2NA-AMD-CDNA2-WP|supports|PDF p.10, Local Data Share paragraph","reviewed","The source locates these atomic operations in the LDS."
"ASSERT-M2NA-0089","FACT-M2NA-CDNA2-IF-PROTOCOL","SRC-M2NA-AMD-CDNA2-WP","architecture_mechanism","direct_statement","supports","AMD Infinity Fabric","","","PDF pp.5 and 8, Communication and Scaling","""unique coherent memory model that is built on top of AMD Infinity Fabric""; ""in-package Infinity Fabric""","source_checked","m2_arch_nvidia_amd","","2026-08-12","FACT-M2NA-CDNA2-IF-PROTOCOL|SRC-M2NA-AMD-CDNA2-WP|supports|PDF pp.5 and 8, Communication and Scaling","reviewed","The fact summarizes the source-described coherent and in-package fabric roles."
"ASSERT-M2NA-0090","FACT-M2NA-CDNA2-SW","SRC-M2NA-AMD-CDNA2-WP","architecture_mechanism","direct_statement","supports","ROCm compiler and runtime; rocBLAS library","","","PDF pp.12-13, ROCm Open Software Platform and Figure 5","""ROCm compiler and runtime""; ""rocBLAS library""","source_checked","m2_arch_nvidia_amd","","2026-08-12","FACT-M2NA-CDNA2-SW|SRC-M2NA-AMD-CDNA2-WP|supports|PDF pp.12-13, ROCm Open Software Platform and Figure 5","reviewed","Figure 5 also enumerates HIP API, programming models, drivers/runtimes and libraries."
"ASSERT-M2NA-0091","FACT-M2NA-CDNA3-CU-EXEC","SRC-M2NA-AMD-CDNA3-WP","architecture_mechanism","direct_statement","supports","scalar, vector and matrix data types; load/store pipelines; L1 cache; Local Data Share","","","PDF p.6, Figure 4 and Compute Unit Architecture paragraph","""execution units for scalar, vector and matrix data types""; ""load/store pipelines with an L1 cache and Local Data Share""","source_checked","m2_arch_nvidia_amd","","2026-08-12","FACT-M2NA-CDNA3-CU-EXEC|SRC-M2NA-AMD-CDNA3-WP|supports|PDF p.6, Figure 4 and Compute Unit Architecture paragraph","reviewed","The fact summarizes the execution and local-memory paths named in the CU paragraph."
"ASSERT-M2NA-0092","FACT-M2NA-CDNA3-MATRIX-EXEC","SRC-M2NA-AMD-CDNA3-WP","architecture_mechanism","inferred","supports","Matrix Core; at least two values within a group of four input values are zero","","","PDF p.8, sparse-data paragraph","""Matrix Core""; ""at least two values within a group of four input values are zero""","source_checked","m2_arch_nvidia_amd","","2026-08-12","FACT-M2NA-CDNA3-MATRIX-EXEC|SRC-M2NA-AMD-CDNA3-WP|supports|PDF p.8, sparse-data paragraph","reviewed","The source zero pattern is normalized to 4:2 structured-sparse support."
"ASSERT-M2NA-0093","FACT-M2NA-CDNA3-MATRIX-FORMATS","SRC-M2NA-AMD-CDNA3-WP","architecture_mechanism","direct_statement","supports","Matrix FP64; Matrix FP32; Matrix TF32; Matrix FP16; Matrix BF16; Matrix FP8; Matrix INT8","","","PDF p.7, Table 1","Matrix FP64; Matrix FP32; Matrix TF32; Matrix FP16; Matrix BF16; Matrix FP8; Matrix INT8","source_checked","m2_arch_nvidia_amd","","2026-08-12","FACT-M2NA-CDNA3-MATRIX-FORMATS|SRC-M2NA-AMD-CDNA3-WP|supports|PDF p.7, Table 1","reviewed","These are the matrix-format row labels in Table 1."
"ASSERT-M2NA-0094","FACT-M2NA-CDNA3-FP8-A","SRC-M2NA-AMD-CDNA3-WP","architecture_mechanism","inferred","supports","E5M2; E4M3","","","PDF p.8, FP8 variants paragraph","""2-bit mantissa and a 5-bit exponent""; ""3-bit mantissa with a 4-bit exponent""","source_checked","m2_arch_nvidia_amd","","2026-08-12","FACT-M2NA-CDNA3-FP8-A|SRC-M2NA-AMD-CDNA3-WP|supports|PDF p.8, FP8 variants paragraph","reviewed","The source presents the two FP8 encodings; AMD ISA naming maps E5M2 to BF8 and E4M3 to FP8 in the normalized path."
"ASSERT-M2NA-0095","FACT-M2NA-CDNA3-FP8-ACC","SRC-M2NA-AMD-CDNA3-ISA","architecture_mechanism","direct_statement","supports","single-precision float format","","","PDF p.284, V_MFMA_F32_16X16X32_FP8_FP8 description","Matrices C and D are single-precision float format.","source_checked","m2_arch_nvidia_amd","","2026-08-12","FACT-M2NA-CDNA3-FP8-ACC|SRC-M2NA-AMD-CDNA3-ISA|supports|PDF p.284, V_MFMA_F32_16X16X32_FP8_FP8 description","reviewed","The source phrase is normalized to FP32 C and D."
"ASSERT-M2NA-0096","FACT-M2NA-CDNA3-FP16-A","SRC-M2NA-AMD-CDNA3-WP","architecture_mechanism","direct_statement","supports","FP16 and BF16","","","PDF pp.6-7, Matrix Core discussion and Table 1","Matrix FP16; Matrix BF16","source_checked","m2_arch_nvidia_amd","","2026-08-12","FACT-M2NA-CDNA3-FP16-A|SRC-M2NA-AMD-CDNA3-WP|supports|PDF pp.6-7, Matrix Core discussion and Table 1","reviewed","The source format labels are preserved."
"ASSERT-M2NA-0097","FACT-M2NA-CDNA3-FP16-ACC","SRC-M2NA-AMD-CDNA3-ISA","architecture_mechanism","direct_statement","supports","single-precision float format","","","PDF p.274, V_MFMA_F32_16X16X4_4B_F16 description","Matrices C and D are single-precision float format.","source_checked","m2_arch_nvidia_amd","","2026-08-12","FACT-M2NA-CDNA3-FP16-ACC|SRC-M2NA-AMD-CDNA3-ISA|supports|PDF p.274, V_MFMA_F32_16X16X4_4B_F16 description","reviewed","The source phrase is normalized to FP32 C and D."
"ASSERT-M2NA-0098","FACT-M2NA-CDNA3-INT8-A","SRC-M2NA-AMD-CDNA3-WP","architecture_mechanism","direct_statement","supports","Matrix INT8","","","PDF pp.6-7, Matrix Core discussion and Table 1","Matrix INT8","source_checked","m2_arch_nvidia_amd","","2026-08-12","FACT-M2NA-CDNA3-INT8-A|SRC-M2NA-AMD-CDNA3-WP|supports|PDF pp.6-7, Matrix Core discussion and Table 1","reviewed","The source format label is normalized to INT8 operand support."
"ASSERT-M2NA-0099","FACT-M2NA-CDNA3-INT8-ACC","SRC-M2NA-AMD-CDNA3-ISA","architecture_mechanism","direct_statement","supports","signed 32-bit integer format","","","PDF p.276, V_MFMA_I32_16X16X16_I8 description","Matrices C and D are signed 32-bit integer format.","source_checked","m2_arch_nvidia_amd","","2026-08-12","FACT-M2NA-CDNA3-INT8-ACC|SRC-M2NA-AMD-CDNA3-ISA|supports|PDF p.276, V_MFMA_I32_16X16X16_I8 description","reviewed","The source phrase is normalized to INT32 C and D."
"ASSERT-M2NA-0100","FACT-M2NA-CDNA3-HIGH-A","SRC-M2NA-AMD-CDNA3-WP","architecture_mechanism","direct_statement","supports","Matrix FP64; Matrix FP32; Matrix TF32","","","PDF p.7, Table 1","Matrix FP64; Matrix FP32; Matrix TF32","source_checked","m2_arch_nvidia_amd","","2026-08-12","FACT-M2NA-CDNA3-HIGH-A|SRC-M2NA-AMD-CDNA3-WP|supports|PDF p.7, Table 1","reviewed","The source format labels are preserved."
"ASSERT-M2NA-0101","FACT-M2NA-CDNA3-SPARSE-MODE","SRC-M2NA-AMD-CDNA3-ISA","architecture_mechanism","inferred","supports","4:2 structurally-sparse matrix A","","","PDF p.59, section 7.1.6 Sparse matrix support","4:2 structurally-sparse matrix A","source_checked","m2_arch_nvidia_amd","","2026-08-12","FACT-M2NA-CDNA3-SPARSE-MODE|SRC-M2NA-AMD-CDNA3-ISA|supports|PDF p.59, section 7.1.6 Sparse matrix support","reviewed","The schema category structured_sparse maps the source phrase 4:2 structurally-sparse."
"ASSERT-M2NA-0102","FACT-M2NA-CDNA3-SPARSE-LEVEL","SRC-M2NA-AMD-CDNA3-ISA","architecture_mechanism","inferred","supports","V_SMFMAC family of instructions","","","PDF pp.59-60, section 7.1.6 Sparse matrix support and Table 32","V_SMFMAC family of instructions","source_checked","m2_arch_nvidia_amd","","2026-08-12","FACT-M2NA-CDNA3-SPARSE-LEVEL|SRC-M2NA-AMD-CDNA3-ISA|supports|PDF pp.59-60, section 7.1.6 Sparse matrix support and Table 32","reviewed","A named sparse instruction family is classified as implementation level dedicated_instruction."
"ASSERT-M2NA-0103","FACT-M2NA-CDNA3-SPARSE-DETAIL","SRC-M2NA-AMD-CDNA3-WP","architecture_mechanism","direct_statement","supports","at least two values within a group of four input values are zero","","","PDF p.8, sparse-data paragraph","""compact and dense form with additional metadata tracking the locations""; ""enables doubling the computational throughput""","source_checked","m2_arch_nvidia_amd","","2026-08-12","FACT-M2NA-CDNA3-SPARSE-DETAIL|SRC-M2NA-AMD-CDNA3-WP|supports|PDF p.8, sparse-data paragraph","reviewed","The fact preserves the source lower bound and records the metadata and throughput effect."
"ASSERT-M2NA-0104","FACT-M2NA-CDNA3-LDS-CAP","SRC-M2NA-AMD-CDNA3-WP","architecture_mechanism","direct_statement","supports","","64","KB","PDF p.9, first paragraph","The LDS in the AMD CDNA 3 compute units remain at 64KB","source_checked","m2_arch_nvidia_amd","","2026-08-12","FACT-M2NA-CDNA3-LDS-CAP|SRC-M2NA-AMD-CDNA3-WP|supports|PDF p.9, first paragraph","reviewed","The fact converts 64 KB to 65,536 bytes."
"ASSERT-M2NA-0105","FACT-M2NA-CDNA3-LDS-MGMT","SRC-M2NA-AMD-CDNA3-WP","architecture_mechanism","inferred","supports","Local Data Share (LDS)","","","PDF pp.6 and 9, CU diagram and memory-hierarchy paragraph","Local Data Share (LDS)","source_checked","m2_arch_nvidia_amd","","2026-08-12","FACT-M2NA-CDNA3-LDS-MGMT|SRC-M2NA-AMD-CDNA3-WP|supports|PDF pp.6 and 9, CU diagram and memory-hierarchy paragraph","reviewed","The AMD Local Data Share is classified under the schema management category software_scratchpad."
"ASSERT-M2NA-0106","FACT-M2NA-CDNA3-L1-CAP","SRC-M2NA-AMD-CDNA3-WP","architecture_mechanism","direct_statement","supports","","32","KB","PDF p.9, first paragraph","doubles L1 data cache capacity in tandem to 32KB","source_checked","m2_arch_nvidia_amd","","2026-08-12","FACT-M2NA-CDNA3-L1-CAP|SRC-M2NA-AMD-CDNA3-WP|supports|PDF p.9, first paragraph","reviewed","The fact converts 32 KB to 32,768 bytes."
"ASSERT-M2NA-0107","FACT-M2NA-CDNA3-L1-GRAN","SRC-M2NA-AMD-CDNA3-WP","architecture_mechanism","direct_statement","supports","","128","B","PDF p.9, first paragraph","The cache line size has doubled to 128B","source_checked","m2_arch_nvidia_amd","","2026-08-12","FACT-M2NA-CDNA3-L1-GRAN|SRC-M2NA-AMD-CDNA3-WP|supports|PDF p.9, first paragraph","reviewed","The source value and byte unit are preserved."
"ASSERT-M2NA-0108","FACT-M2NA-CDNA3-L1-MGMT","SRC-M2NA-AMD-CDNA3-WP","architecture_mechanism","inferred","supports","L1 vector data cache","","","PDF p.9, first paragraph","The L1 vector data cache is responsible for feeding into the vector register file and LDS","source_checked","m2_arch_nvidia_amd","","2026-08-12","FACT-M2NA-CDNA3-L1-MGMT|SRC-M2NA-AMD-CDNA3-WP|supports|PDF p.9, first paragraph","reviewed","A structure explicitly identified as a cache is classified as hardware_cache."
"ASSERT-M2NA-0109","FACT-M2NA-CDNA3-L2-CAP","SRC-M2NA-AMD-CDNA3-WP","architecture_mechanism","direct_statement","supports","","4","MB","PDF p.10, first paragraph","The L2 is a 4MB and 16-way set associative cache","source_checked","m2_arch_nvidia_amd","","2026-08-12","FACT-M2NA-CDNA3-L2-CAP|SRC-M2NA-AMD-CDNA3-WP|supports|PDF p.10, first paragraph","reviewed","The fact converts 4 MB to 4,194,304 bytes."
"ASSERT-M2NA-0110","FACT-M2NA-CDNA3-L2-READ","SRC-M2NA-AMD-CDNA3-WP","architecture_mechanism","direct_statement","supports","","2","KBytes/clock/XCD","PDF p.10, first paragraph","combined throughput of 2KBytes/clock for each XCD","source_checked","m2_arch_nvidia_amd","","2026-08-12","FACT-M2NA-CDNA3-L2-READ|SRC-M2NA-AMD-CDNA3-WP|supports|PDF p.10, first paragraph","reviewed","The fact converts 2 KB to 2,048 bytes per cycle per XCD."
"ASSERT-M2NA-0111","FACT-M2NA-CDNA3-L2-MGMT","SRC-M2NA-AMD-CDNA3-WP","architecture_mechanism","inferred","supports","L2 cache","","","PDF p.10, first two paragraphs","The L2 is a writeback and write-allocate design","source_checked","m2_arch_nvidia_amd","","2026-08-12","FACT-M2NA-CDNA3-L2-MGMT|SRC-M2NA-AMD-CDNA3-WP|supports|PDF p.10, first two paragraphs","reviewed","A structure explicitly identified and described as a cache is classified as hardware_cache."
"ASSERT-M2NA-0112","FACT-M2NA-CDNA3-ICACHE-MGMT","SRC-M2NA-AMD-CDNA3-WP","architecture_mechanism","inferred","supports","AMD Infinity Cache","","","PDF pp.9-11, Infinity Cache discussion","AMD Infinity Cache is a 16-way set-associative","source_checked","m2_arch_nvidia_amd","","2026-08-12","FACT-M2NA-CDNA3-ICACHE-MGMT|SRC-M2NA-AMD-CDNA3-WP|supports|PDF pp.9-11, Infinity Cache discussion","reviewed","A structure explicitly identified as a cache is classified as hardware_cache."
"ASSERT-M2NA-0113","FACT-M2NA-CDNA3-ICACHE-CONSISTENCY","SRC-M2NA-AMD-CDNA3-WP","architecture_mechanism","direct_statement","supports","shared memory-side cache","","","PDF p.10, Infinity Cache paragraph","""shared memory-side cache""; ""cannot hold dirty data evicted from a lower level cache""","source_checked","m2_arch_nvidia_amd","","2026-08-12","FACT-M2NA-CDNA3-ICACHE-CONSISTENCY|SRC-M2NA-AMD-CDNA3-WP|supports|PDF p.10, Infinity Cache paragraph","reviewed","The source directly states the memory-side role and the dirty-eviction restriction."
"ASSERT-M2NA-0114","FACT-M2NA-CDNA3-IF-PROTOCOL","SRC-M2NA-AMD-CDNA3-WP","architecture_mechanism","direct_statement","supports","AMD Infinity Fabric technology","","","PDF pp.2 and 4, package overview","""all tied together with the AMD Infinity Fabric technology""; ""AMD Infinity Fabric network on-chip""","source_checked","m2_arch_nvidia_amd","","2026-08-12","FACT-M2NA-CDNA3-IF-PROTOCOL|SRC-M2NA-AMD-CDNA3-WP|supports|PDF pp.2 and 4, package overview","reviewed","The unsupported fourth-generation qualifier was removed from the fact."
"ASSERT-M2NA-0115","FACT-M2NA-CDNA3-SW","SRC-M2NA-AMD-CDNA3-WP","architecture_mechanism","direct_statement","supports","ROCm open software platform; HIP cross-platform programming model","","","PDF pp.19-20, ROCm software section","ROCm open software platform and HIP cross-platform programming model","source_checked","m2_arch_nvidia_amd","","2026-08-12","FACT-M2NA-CDNA3-SW|SRC-M2NA-AMD-CDNA3-WP|supports|PDF pp.19-20, ROCm software section","reviewed","The source names both software layers directly."
"ASSERT-M2NA-0116","FACT-M2NA-CDNA4-CU-EXEC","SRC-M2NA-AMD-CDNA4-WP","architecture_mechanism","direct_statement","supports","scalar, vector, and matrix instructions; L1 data cache; explicitly addressed Local Data Share","","","PDF p.6, Compute Unit Architecture paragraph","parallel execution of scalar, vector, and matrix instructions ... L1 data cache ... explicitly addressed Local Data Share","source_checked","m2_arch_nvidia_amd","","2026-08-12","FACT-M2NA-CDNA4-CU-EXEC|SRC-M2NA-AMD-CDNA4-WP|supports|PDF p.6, Compute Unit Architecture paragraph","reviewed","Combines the execution and local-memory phrases from the same compute-unit paragraph."
"ASSERT-M2NA-0117","FACT-M2NA-CDNA4-MATRIX-EXEC","SRC-M2NA-AMD-CDNA4-WP","architecture_mechanism","direct_statement","supports","Matrix Cores; MXFP8, MXFP6, and MXFP4; FP16 Sparsity","","","PDF p.8, Matrix Cores paragraph and Table 1","instruction and hardware support ... MXFP8, MXFP6, and MXFP4 ... Matrix FP16 | FP16 Sparsity","source_checked","m2_arch_nvidia_amd","","2026-08-12","FACT-M2NA-CDNA4-MATRIX-EXEC|SRC-M2NA-AMD-CDNA4-WP|supports|PDF p.8, Matrix Cores paragraph and Table 1","reviewed","The normalized fact describes only the matrix formats and sparse throughput mode named by the whitepaper."
"ASSERT-M2NA-0118","FACT-M2NA-CDNA4-MX-A","SRC-M2NA-AMD-CDNA4-WP","architecture_mechanism","direct_statement","supports","MXFP8, MXFP6, and MXFP4","","","PDF p.8, first paragraph","micro-scaling formats including MXFP8, MXFP6, and MXFP4","source_checked","m2_arch_nvidia_amd","","2026-08-12","FACT-M2NA-CDNA4-MX-A|SRC-M2NA-AMD-CDNA4-WP|supports|PDF p.8, first paragraph","reviewed","Raw value preserves the listed OCP microscaling formats."
"ASSERT-M2NA-0119","FACT-M2NA-CDNA4-MX-SCALE","SRC-M2NA-AMD-CDNA4-WP","architecture_mechanism","inferred","supports","scale factor that is shared across a block of data elements","","","PDF p.7, micro-scaling paragraph","a scale factor that is shared across a block of data elements","source_checked","m2_arch_nvidia_amd","","2026-08-12","FACT-M2NA-CDNA4-MX-SCALE|SRC-M2NA-AMD-CDNA4-WP|supports|PDF p.7, micro-scaling paragraph","reviewed","Mapped the source phrase to the controlled scaling-mode value per_block."
"ASSERT-M2NA-0120","FACT-M2NA-CDNA4-MX-GRAN","SRC-M2NA-AMD-CDNA4-WP","architecture_mechanism","direct_statement","supports","a block of data elements (typically 32)","","","PDF p.7, micro-scaling paragraph","a block of data elements (typically 32)","source_checked","m2_arch_nvidia_amd","","2026-08-12","FACT-M2NA-CDNA4-MX-GRAN|SRC-M2NA-AMD-CDNA4-WP|supports|PDF p.7, micro-scaling paragraph","reviewed","The source qualifies 32 as typical, so the normalized fact does not state an invariant block size."
"ASSERT-M2NA-0121","FACT-M2NA-CDNA4-FP8-A","SRC-M2NA-AMD-CDNA4-WP","architecture_mechanism","direct_statement","supports","E5M2; E4M3","","","PDF p.7, FP8 paragraph","two variants ... (E5M2) ... (E4M3)","source_checked","m2_arch_nvidia_amd","","2026-08-12","FACT-M2NA-CDNA4-FP8-A|SRC-M2NA-AMD-CDNA4-WP|supports|PDF p.7, FP8 paragraph","reviewed","Normalized as the two OCP FP8 variants named by the source; BF8 is not asserted."
"ASSERT-M2NA-0122","FACT-M2NA-CDNA4-FP8-ACC","SRC-M2NA-AMD-CDNA4-ISA","architecture_mechanism","direct_statement","supports","single-precision float format","","","PDF p.286, V_MFMA_F32_32X32X64_F8F6F4 description","Matrices C and D are single-precision float format.","source_checked","m2_arch_nvidia_amd","","2026-08-12","FACT-M2NA-CDNA4-FP8-ACC|SRC-M2NA-AMD-CDNA4-ISA|supports|PDF p.286, V_MFMA_F32_32X32X64_F8F6F4 description","reviewed","The source phrase is normalized to FP32 C and D for the selected small-float MFMA form."
"ASSERT-M2NA-0123","FACT-M2NA-CDNA4-FP16-A","SRC-M2NA-AMD-CDNA4-WP","architecture_mechanism","direct_statement","supports","Matrix FP16; Matrix BF16","","","PDF p.8, Table 1, Matrix FP16 and Matrix BF16 rows","Matrix FP16 ... 4096 ... Matrix BF16 ... 4096","source_checked","m2_arch_nvidia_amd","","2026-08-12","FACT-M2NA-CDNA4-FP16-A|SRC-M2NA-AMD-CDNA4-WP|supports|PDF p.8, Table 1, Matrix FP16 and Matrix BF16 rows","reviewed","The fact records the operand formats; throughput is represented by separate facts."
"ASSERT-M2NA-0124","FACT-M2NA-CDNA4-FP16-ACC","SRC-M2NA-AMD-CDNA4-ISA","architecture_mechanism","direct_statement","supports","single-precision float format","","","PDF p.287, V_MFMA_F32_16X16X32_BF16 description","Matrices C and D are single-precision float format.","source_checked","m2_arch_nvidia_amd","","2026-08-12","FACT-M2NA-CDNA4-FP16-ACC|SRC-M2NA-AMD-CDNA4-ISA|supports|PDF p.287, V_MFMA_F32_16X16X32_BF16 description","reviewed","The source phrase is normalized to FP32 C and D."
"ASSERT-M2NA-0125","FACT-M2NA-CDNA4-INT8-A","SRC-M2NA-AMD-CDNA4-WP","architecture_mechanism","direct_statement","supports","Matrix INT8","","","PDF p.8, Table 1, Matrix INT8 row","Matrix INT8 | INT8 Sparsity","source_checked","m2_arch_nvidia_amd","","2026-08-12","FACT-M2NA-CDNA4-INT8-A|SRC-M2NA-AMD-CDNA4-WP|supports|PDF p.8, Table 1, Matrix INT8 row","reviewed","Raw value preserves the table row label."
"ASSERT-M2NA-0126","FACT-M2NA-CDNA4-INT8-ACC","SRC-M2NA-AMD-CDNA4-ISA","architecture_mechanism","direct_statement","supports","signed 32-bit integer format","","","PDF p.288, V_MFMA_I32_16X16X64_I8 description","Matrices C and D are signed 32-bit integer format.","source_checked","m2_arch_nvidia_amd","","2026-08-12","FACT-M2NA-CDNA4-INT8-ACC|SRC-M2NA-AMD-CDNA4-ISA|supports|PDF p.288, V_MFMA_I32_16X16X64_I8 description","reviewed","The source phrase is normalized to INT32 C and D."
"ASSERT-M2NA-0127","FACT-M2NA-CDNA4-TF32-CONV","SRC-M2NA-AMD-CDNA4-WP","architecture_mechanism","direct_statement","supports","moved out of hardware; software emulation utilizing the BF16 datatype","","","PDF p.8, TF32 paragraph","moved out of hardware and is supported through software emulation utilizing the BF16 datatype","source_checked","m2_arch_nvidia_amd","","2026-08-12","FACT-M2NA-CDNA4-TF32-CONV|SRC-M2NA-AMD-CDNA4-WP|supports|PDF p.8, TF32 paragraph","reviewed","The normalized statement preserves both the removed hardware path and the stated BF16 emulation."
"ASSERT-M2NA-0128","FACT-M2NA-CDNA4-MFP16-THR","SRC-M2NA-AMD-CDNA4-WP","architecture_mechanism","direct_statement","supports","","4096","FLOPS/clock/CU","PDF p.8, Table 1, Matrix FP16 row, MI355X column","Matrix FP16 ... 2048 4096","source_checked","m2_arch_nvidia_amd","","2026-08-12","FACT-M2NA-CDNA4-MFP16-THR|SRC-M2NA-AMD-CDNA4-WP|supports|PDF p.8 Table 1 Matrix FP16 MI355X","reviewed","The row compares MI300X and MI355X. The normalized value uses the MI355X column associated with CDNA 4."
"ASSERT-M2NA-0129","FACT-M2NA-CDNA4-MFP32-THR","SRC-M2NA-AMD-CDNA4-WP","architecture_mechanism","direct_statement","supports","","256","FLOPS/clock/CU","PDF p.8, Table 1, Matrix FP32 row, MI355X column","Matrix FP32 256 256","source_checked","m2_arch_nvidia_amd","","2026-08-12","FACT-M2NA-CDNA4-MFP32-THR|SRC-M2NA-AMD-CDNA4-WP|supports|PDF p.8, Table 1, Matrix FP32 row, MI355X column","reviewed","The normalized value uses the MI355X column associated with CDNA 4."
"ASSERT-M2NA-0130","FACT-M2NA-CDNA4-MFP64-THR","SRC-M2NA-AMD-CDNA4-WP","architecture_mechanism","direct_statement","supports","","128","FLOPS/clock/CU","PDF p.8, Table 1, Matrix FP64 row, MI355X column","Matrix FP64 256 128","source_checked","m2_arch_nvidia_amd","","2026-08-12","FACT-M2NA-CDNA4-MFP64-THR|SRC-M2NA-AMD-CDNA4-WP|supports|PDF p.8, Table 1, Matrix FP64 row, MI355X column","reviewed","The normalized value uses the MI355X column associated with CDNA 4."
"ASSERT-M2NA-0131","FACT-M2NA-CDNA4-VFP16-THR","SRC-M2NA-AMD-CDNA4-WP","architecture_mechanism","direct_statement","supports","","256","FLOPS/clock/CU","PDF p.8, Table 1, Vector FP16 row, MI355X column","Vector FP16 256 256","source_checked","m2_arch_nvidia_amd","","2026-08-12","FACT-M2NA-CDNA4-VFP16-THR|SRC-M2NA-AMD-CDNA4-WP|supports|PDF p.8, Table 1, Vector FP16 row, MI355X column","reviewed","The normalized value uses the MI355X column associated with CDNA 4."
"ASSERT-M2NA-0132","FACT-M2NA-CDNA4-VFP32-THR","SRC-M2NA-AMD-CDNA4-WP","architecture_mechanism","direct_statement","supports","","256","FLOPS/clock/CU","PDF p.8, Table 1, Vector FP32 row, MI355X column","Vector FP32 256 256","source_checked","m2_arch_nvidia_amd","","2026-08-12","FACT-M2NA-CDNA4-VFP32-THR|SRC-M2NA-AMD-CDNA4-WP|supports|PDF p.8, Table 1, Vector FP32 row, MI355X column","reviewed","The normalized value uses the MI355X column associated with CDNA 4."
"ASSERT-M2NA-0133","FACT-M2NA-CDNA4-VFP64-THR","SRC-M2NA-AMD-CDNA4-WP","architecture_mechanism","direct_statement","supports","","128","FLOPS/clock/CU","PDF p.8, Table 1, Vector FP64 row, MI355X column","Vector FP64 128 128","source_checked","m2_arch_nvidia_amd","","2026-08-12","FACT-M2NA-CDNA4-VFP64-THR|SRC-M2NA-AMD-CDNA4-WP|supports|PDF p.8, Table 1, Vector FP64 row, MI355X column","reviewed","The normalized value uses the MI355X column associated with CDNA 4."
"ASSERT-M2NA-0134","FACT-M2NA-CDNA4-TRANS-EXEC","SRC-M2NA-AMD-CDNA4-WP","architecture_mechanism","direct_statement","supports","transcendental rates have been increased by 2x to aid with attention acceleration","","","PDF p.9, activation and transcendental paragraph","transcendental rates have been increased by 2x to aid with attention acceleration","source_checked","m2_arch_nvidia_amd","","2026-08-12","FACT-M2NA-CDNA4-TRANS-EXEC|SRC-M2NA-AMD-CDNA4-WP|supports|PDF p.9, activation and transcendental paragraph","reviewed","The preceding sentence identifies softmax as the common transformer activation; the source directly states the 2x rate and attention purpose."
"ASSERT-M2NA-0135","FACT-M2NA-CDNA4-CONVERT-EXEC","SRC-M2NA-AMD-CDNA4-WP","architecture_mechanism","direct_statement","supports","a variety of data conversion instructions","","","PDF p.9, activation and conversion paragraph","introduces a variety of data conversion instructions","source_checked","m2_arch_nvidia_amd","","2026-08-12","FACT-M2NA-CDNA4-CONVERT-EXEC|SRC-M2NA-AMD-CDNA4-WP|supports|PDF p.9, activation and conversion paragraph","reviewed","Raw value is the source wording for the new conversion support."
"ASSERT-M2NA-0136","FACT-M2NA-CDNA4-LDS-CAP","SRC-M2NA-AMD-CDNA4-WP","architecture_mechanism","direct_statement","supports","","160","KB","PDF p.9, LDS paragraph","The LDS in the AMD CDNA 4 architecture is 160KB","source_checked","m2_arch_nvidia_amd","","2026-08-12","FACT-M2NA-CDNA4-LDS-CAP|SRC-M2NA-AMD-CDNA4-WP|supports|PDF p.9, LDS paragraph","reviewed","Normalized from 160 KB to 163840 bytes using binary KB."
"ASSERT-M2NA-0137","FACT-M2NA-CDNA4-LDS-READ","SRC-M2NA-AMD-CDNA4-WP","architecture_mechanism","direct_statement","supports","","256","bytes per clock","PDF p.9, LDS paragraph","doubles the read bandwidth to 256 bytes per clock","source_checked","m2_arch_nvidia_amd","","2026-08-12","FACT-M2NA-CDNA4-LDS-READ|SRC-M2NA-AMD-CDNA4-WP|supports|PDF p.9, LDS paragraph","reviewed","The component scope supplies the per-CU context."
"ASSERT-M2NA-0138","FACT-M2NA-CDNA4-LDS-MGMT","SRC-M2NA-AMD-CDNA4-WP","architecture_mechanism","inferred","supports","explicitly addressed Local Data Share","","","PDF p.6, Compute Unit Architecture paragraph","an explicitly addressed Local Data Share","source_checked","m2_arch_nvidia_amd","","2026-08-12","FACT-M2NA-CDNA4-LDS-MGMT|SRC-M2NA-AMD-CDNA4-WP|supports|PDF p.6, Compute Unit Architecture paragraph","reviewed","Mapped the explicitly addressed LDS to the controlled value software_scratchpad."
"ASSERT-M2NA-0139","FACT-M2NA-CDNA4-LDS-DMA","SRC-M2NA-AMD-CDNA4-WP","architecture_mechanism","direct_statement","supports","loading data directly from the L1 data cache","","","PDF p.9, LDS paragraph","supports loading data directly from the L1 data cache","source_checked","m2_arch_nvidia_amd","","2026-08-12","FACT-M2NA-CDNA4-LDS-DMA|SRC-M2NA-AMD-CDNA4-WP|supports|PDF p.9, LDS paragraph","reviewed","The normalized wording records the direct L1-to-LDS path and stated register-staging benefit."
"ASSERT-M2NA-0140","FACT-M2NA-CDNA4-L1-CAP","SRC-M2NA-AMD-CDNA4-WP","architecture_mechanism","direct_statement","supports","","32","KB","PDF p.9, L1/L2 paragraph","128B cache lines and 32KB of capacity","source_checked","m2_arch_nvidia_amd","","2026-08-12","FACT-M2NA-CDNA4-L1-CAP|SRC-M2NA-AMD-CDNA4-WP|supports|PDF p.9, L1/L2 paragraph","reviewed","Normalized from 32 KB to 32768 bytes using binary KB."
"ASSERT-M2NA-0141","FACT-M2NA-CDNA4-L1-GRAN","SRC-M2NA-AMD-CDNA4-WP","architecture_mechanism","direct_statement","supports","","128","B","PDF p.9, L1/L2 paragraph","128B cache lines","source_checked","m2_arch_nvidia_amd","","2026-08-12","FACT-M2NA-CDNA4-L1-GRAN|SRC-M2NA-AMD-CDNA4-WP|supports|PDF p.9, L1/L2 paragraph","reviewed","Normalized B to byte."
"ASSERT-M2NA-0142","FACT-M2NA-CDNA4-L1-MGMT","SRC-M2NA-AMD-CDNA4-WP","architecture_mechanism","inferred","supports","L1 vector data cache","","","PDF p.9, L1/L2 paragraph","The L1 vector data cache in each AMD CDNA 4 CU","source_checked","m2_arch_nvidia_amd","","2026-08-12","FACT-M2NA-CDNA4-L1-MGMT|SRC-M2NA-AMD-CDNA4-WP|supports|PDF p.9, L1/L2 paragraph","reviewed","Mapped the named cache to the controlled memory-management value hardware_cache."
"ASSERT-M2NA-0143","FACT-M2NA-CDNA4-L2-CAP","SRC-M2NA-AMD-CDNA4-WP","architecture_mechanism","direct_statement","supports","","4","MB","PDF p.9, L1/L2 paragraph","shared 4MB, 16-way set-associative L2 cache","source_checked","m2_arch_nvidia_amd","","2026-08-12","FACT-M2NA-CDNA4-L2-CAP|SRC-M2NA-AMD-CDNA4-WP|supports|PDF p.9, L1/L2 paragraph","reviewed","Normalized from 4 MB to 4194304 bytes using binary MB."
"ASSERT-M2NA-0145","FACT-M2NA-CDNA4-L2-READ","SRC-M2NA-AMD-CDNA4-WP","architecture_mechanism","direct_statement","supports","","128","B per cycle","PDF p.9, L1/L2 paragraph","each capable of a full 128B cache line read","source_checked","m2_arch_nvidia_amd","","2026-08-12","FACT-M2NA-CDNA4-L2-READ|SRC-M2NA-AMD-CDNA4-WP|supports|PDF p.9, L1/L2 paragraph","reviewed","The source scopes this value to each of 16 parallel L2 channels."
"ASSERT-M2NA-0146","FACT-M2NA-CDNA4-L2-WRITE","SRC-M2NA-AMD-CDNA4-WP","architecture_mechanism","direct_statement","supports","","64","B per cycle","PDF p.9, L1/L2 paragraph","a 64B write per cycle","source_checked","m2_arch_nvidia_amd","","2026-08-12","FACT-M2NA-CDNA4-L2-WRITE|SRC-M2NA-AMD-CDNA4-WP|supports|PDF p.9, L1/L2 paragraph","reviewed","The source scopes this value to each of 16 parallel L2 channels."
"ASSERT-M2NA-0147","FACT-M2NA-CDNA4-L2-CONSISTENCY","SRC-M2NA-AMD-CDNA4-WP","architecture_mechanism","direct_statement","supports","fully coherent L2; writeback and write-allocate policy","","","PDF p.9, L1/L2 paragraph","The fully coherent L2 ... with a writeback and write-allocate policy","source_checked","m2_arch_nvidia_amd","","2026-08-12","FACT-M2NA-CDNA4-L2-CONSISTENCY|SRC-M2NA-AMD-CDNA4-WP|supports|PDF p.9, L1/L2 paragraph","reviewed","The XCD and CU scope comes from the immediately preceding L2 description."
"ASSERT-M2NA-0148","FACT-M2NA-CDNA4-SPARSE-LEVEL","SRC-M2NA-AMD-CDNA4-ISA","architecture_mechanism","inferred","supports","V_SMFMAC family of instructions","","","PDF pp.67-68, sparse MFMA section and opcode table","V_SMFMAC family of instructions","source_checked","m2_arch_nvidia_amd","","2026-08-12","FACT-M2NA-CDNA4-SPARSE-LEVEL|SRC-M2NA-AMD-CDNA4-ISA|supports|PDF pp.67-68, sparse MFMA section and opcode table","reviewed","A named sparse instruction family is classified as implementation level dedicated_instruction."
"ASSERT-M2NA-0149","FACT-M2NA-CDNA4-SOFTMAX-LEVEL","SRC-M2NA-AMD-CDNA4-WP","architecture_mechanism","inferred","supports","softmax is the most common activation function; transcendental rates increased by 2x","","","PDF p.9, activation and transcendental paragraph","softmax is the most common activation function ... transcendental rates have been increased by 2x","source_checked","m2_arch_nvidia_amd","","2026-08-12","FACT-M2NA-CDNA4-SOFTMAX-LEVEL|SRC-M2NA-AMD-CDNA4-WP|supports|PDF p.9, activation and transcendental paragraph","reviewed","Mapped the positive activation-plus-transcendental description to general_compute_path; this does not assert the absence of any other block."
"ASSERT-M2NA-0150","FACT-M2NA-CDNA4-SOFTMAX-DETAIL","SRC-M2NA-AMD-CDNA4-WP","architecture_mechanism","inferred","supports","softmax is the most common activation function; transcendental rates increased by 2x","","","PDF p.9, activation and transcendental paragraph","softmax is the most common activation function ... transcendental rates have been increased by 2x","source_checked","m2_arch_nvidia_amd","","2026-08-12","FACT-M2NA-CDNA4-SOFTMAX-DETAIL|SRC-M2NA-AMD-CDNA4-WP|supports|PDF p.9, activation and transcendental paragraph","reviewed","The normalized detail records the relationship presented in the activation and transcendental discussion."
"ASSERT-M2NA-0151","FACT-M2NA-CDNA4-CONVERT-LEVEL","SRC-M2NA-AMD-CDNA4-WP","architecture_mechanism","inferred","supports","data conversion instructions","","","PDF p.9, activation and conversion paragraph","introduces a variety of data conversion instructions","source_checked","m2_arch_nvidia_amd","","2026-08-12","FACT-M2NA-CDNA4-CONVERT-LEVEL|SRC-M2NA-AMD-CDNA4-WP|supports|PDF p.9, activation and conversion paragraph","reviewed","Mapped the explicitly named instructions to the controlled implementation-level value dedicated_instruction."
"ASSERT-M2NA-0152","FACT-M2NA-CDNA4-IF-PROTOCOL","SRC-M2NA-AMD-CDNA4-WP","architecture_mechanism","direct_statement","supports","AMD Infinity Fabric network; shared memory hierarchy resides in the IODs","","","PDF p.10, memory-hierarchy opening paragraph","L2 cache ... gateway ... to the AMD Infinity Fabric network ... shared portion ... resides in the IODs","source_checked","m2_arch_nvidia_amd","","2026-08-12","FACT-M2NA-CDNA4-IF-PROTOCOL|SRC-M2NA-AMD-CDNA4-WP|supports|PDF p.10, memory-hierarchy opening paragraph","reviewed","The normalized fact records only the stated XCD-to-IOD package role."
"ASSERT-M2NA-0153","FACT-M2NA-CDNA4-SW","SRC-M2NA-AMD-CDNA4-WP","architecture_mechanism","direct_statement","supports","AMD ROCm ecosystem; JAX and PyTorch; vLLM and SGLang; Triton language","","","PDF pp.16-17, software ecosystem section","ROCm ecosystem ... JAX and PyTorch ... vLLM and SGLang ... support for the Triton language","source_checked","m2_arch_nvidia_amd","","2026-08-12","FACT-M2NA-CDNA4-SW|SRC-M2NA-AMD-CDNA4-WP|supports|PDF pp.16-17, software ecosystem section","reviewed","HIP is not named in this whitepaper section, so it is not included in the normalized fact."
"ASSERT-M2NA-0154","FACT-M2NA-CDNA5-WGP-EXEC","SRC-M2NA-AMD-CDNA5-WP","architecture_mechanism","direct_statement","supports","Wave32 solution; four 32-thread SIMD execution units; four scalar execution units sharing a constant cache","","","PDF p.6, new WGP design paragraph","Wave64 implementation has been replaced by a Wave32 solution ... four 32-thread SIMD ... four scalar execution units","source_checked","m2_arch_nvidia_amd","","2026-08-12","FACT-M2NA-CDNA5-WGP-EXEC|SRC-M2NA-AMD-CDNA5-WP|supports|PDF p.6, new WGP design paragraph","reviewed","The normalized fact combines the WGP execution units named in one paragraph."
"ASSERT-M2NA-0155","FACT-M2NA-CDNA5-VECTOR-COUNT","SRC-M2NA-AMD-CDNA5-WP","architecture_mechanism","direct_statement","supports","","4","count","PDF p.6, new WGP design paragraph","the new WGP comprises four 32-thread SIMD execution units","source_checked","m2_arch_nvidia_amd","","2026-08-12","FACT-M2NA-CDNA5-VECTOR-COUNT|SRC-M2NA-AMD-CDNA5-WP|supports|PDF p.6, new WGP design paragraph","reviewed","The source word four is normalized to numeric 4 count per WGP."
"ASSERT-M2NA-0156","FACT-M2NA-CDNA5-VECTOR-WIDTH","SRC-M2NA-AMD-CDNA5-WP","architecture_mechanism","direct_statement","supports","","32","threads per clock period","PDF p.6, new WGP design paragraph","a new 32-thread operation can be started in each clock period","source_checked","m2_arch_nvidia_amd","","2026-08-12","FACT-M2NA-CDNA5-VECTOR-WIDTH|SRC-M2NA-AMD-CDNA5-WP|supports|PDF p.6, new WGP design paragraph","reviewed","Normalized the source clock-period wording to thread/cycle."
"ASSERT-M2NA-0157","FACT-M2NA-CDNA5-SCALAR-COUNT","SRC-M2NA-AMD-CDNA5-WP","architecture_mechanism","direct_statement","supports","","4","count","PDF p.6, new WGP design paragraph","four scalar execution units sharing a constant cache","source_checked","m2_arch_nvidia_amd","","2026-08-12","FACT-M2NA-CDNA5-SCALAR-COUNT|SRC-M2NA-AMD-CDNA5-WP|supports|PDF p.6, new WGP design paragraph","reviewed","The source word four is normalized to numeric 4 count per WGP."
"ASSERT-M2NA-0158","FACT-M2NA-CDNA5-MATRIX-EXEC","SRC-M2NA-AMD-CDNA5-ISA","architecture_mechanism","inferred","supports","WMMA/SWMMAC","","","PDF pp.105-106, section 7.12 Wave Matrix Multiply Accumulate","""WMMA instructions are supported only for wave32""; ""Sparse WMMA Instructions: SWMMAC_IU8""","source_checked","m2_arch_nvidia_amd","","2026-08-12","FACT-M2NA-CDNA5-MATRIX-EXEC|SRC-M2NA-AMD-CDNA5-ISA|supports|PDF pp.105-106, section 7.12 Wave Matrix Multiply Accumulate","reviewed","The fact combines the Wave32 restriction and the sparse SWMMAC instruction path stated in the same matrix-instruction section."
"ASSERT-M2NA-0159","FACT-M2NA-CDNA5-FP4-A","SRC-M2NA-AMD-CDNA5-ISA","architecture_mechanism","direct_statement","supports","FP4 float format","","","PDF p.472, V_WMMA_F32_32X16X128_F4 description","Matrices A and B are FP4 float format.","source_checked","m2_arch_nvidia_amd","","2026-08-12","FACT-M2NA-CDNA5-FP4-A|SRC-M2NA-AMD-CDNA5-ISA|supports|PDF p.472, V_WMMA_F32_32X16X128_F4 description","reviewed","The source format name is normalized to FP4."
"ASSERT-M2NA-0160","FACT-M2NA-CDNA5-FP4-ACC","SRC-M2NA-AMD-CDNA5-ISA","architecture_mechanism","direct_statement","supports","single-precision float format","","","PDF p.472, V_WMMA_F32_32X16X128_F4 description","Matrices C and D are single-precision float format.","source_checked","m2_arch_nvidia_amd","","2026-08-12","FACT-M2NA-CDNA5-FP4-ACC|SRC-M2NA-AMD-CDNA5-ISA|supports|PDF p.472, V_WMMA_F32_32X16X128_F4 description","reviewed","The source phrase is normalized to FP32 C and D."
"ASSERT-M2NA-0161","FACT-M2NA-CDNA5-FP4-SCALE","SRC-M2NA-AMD-CDNA5-ISA","architecture_mechanism","inferred","supports","block size of 32","","","PDF p.473, V_WMMA_SCALE_F32_16X16X128_F8F6F4 description","Scale values are applied with a block size of 32.","source_checked","m2_arch_nvidia_amd","","2026-08-12","FACT-M2NA-CDNA5-FP4-SCALE|SRC-M2NA-AMD-CDNA5-ISA|supports|PDF p.473, V_WMMA_SCALE_F32_16X16X128_F8F6F4 description","reviewed","The schema category per_block maps the source block-size wording."
"ASSERT-M2NA-0162","FACT-M2NA-CDNA5-FP4-GRAN","SRC-M2NA-AMD-CDNA5-WP","architecture_mechanism","direct_statement","supports","Blocks sharing a common scale factor may now be 16 or 32 elements in size.","","","PDF p.7, Optimized Compute for AI, first paragraph","Blocks sharing a common scale factor may now be 16 or 32 elements in size","source_checked","m2_arch_nvidia_amd","","2026-08-12","FACT-M2NA-CDNA5-FP4-GRAN|SRC-M2NA-AMD-CDNA5-WP|supports|PDF p.7, Optimized Compute for AI, first paragraph","reviewed","The source states block sizes, not instruction variants; the normalized fact preserves that scope."
"ASSERT-M2NA-0163","FACT-M2NA-CDNA5-FP4-ROUND","SRC-M2NA-AMD-CDNA5-ISA","architecture_mechanism","direct_statement","supports","Round toward nearest even semantics","","","PDF p.472, V_WMMA_F32_32X16X128_F4 Notes","Round toward nearest even semantics.","source_checked","m2_arch_nvidia_amd","","2026-08-12","FACT-M2NA-CDNA5-FP4-ROUND|SRC-M2NA-AMD-CDNA5-ISA|supports|PDF p.472, V_WMMA_F32_32X16X128_F4 Notes","reviewed","The source rounding phrase is normalized to rne."
"ASSERT-M2NA-0164","FACT-M2NA-CDNA5-FP8-A","SRC-M2NA-AMD-CDNA5-ISA","architecture_mechanism","inferred","supports","V_WMMA_F32_16X16X128_FP8_BF8","","","PDF pp.468-470, FP8/BF8 WMMA instruction variants","V_WMMA_F32_16X16X128_FP8_BF8","source_checked","m2_arch_nvidia_amd","","2026-08-12","FACT-M2NA-CDNA5-FP8-A|SRC-M2NA-AMD-CDNA5-ISA|supports|PDF pp.468-470, FP8/BF8 WMMA instruction variants","reviewed","The opcode suffix exposes the supported FP8 and BF8 operand formats; the fact normalizes both variants."
"ASSERT-M2NA-0165","FACT-M2NA-CDNA5-FP8-ACC32","SRC-M2NA-AMD-CDNA5-ISA","architecture_mechanism","direct_statement","supports","single-precision float format","","","PDF p.468, V_WMMA_F32_16X16X128_FP8_FP8 description","Matrices C and D are single-precision float format.","source_checked","m2_arch_nvidia_amd","","2026-08-12","FACT-M2NA-CDNA5-FP8-ACC32|SRC-M2NA-AMD-CDNA5-ISA|supports|PDF p.468, V_WMMA_F32_16X16X128_FP8_FP8 description","reviewed","The source phrase is normalized to FP32 C and D."
"ASSERT-M2NA-0166","FACT-M2NA-CDNA5-FP8-ACC16","SRC-M2NA-AMD-CDNA5-ISA","architecture_mechanism","direct_statement","supports","half-precision float format","","","PDF p.471, V_WMMA_F16_16X16X128_BF8_FP8 description","Matrices C and D are half-precision float format.","source_checked","m2_arch_nvidia_amd","","2026-08-12","FACT-M2NA-CDNA5-FP8-ACC16|SRC-M2NA-AMD-CDNA5-ISA|supports|PDF p.471, V_WMMA_F16_16X16X128_BF8_FP8 description","reviewed","The source phrase is normalized to FP16 C and D."
"ASSERT-M2NA-0167","FACT-M2NA-CDNA5-INT8-A","SRC-M2NA-AMD-CDNA5-ISA","architecture_mechanism","direct_statement","supports","signed or unsigned 8-bit integer format","","","PDF p.467, V_SWMMAC_I32_16X16X128_IU8 description","signed or unsigned 8-bit integer format","source_checked","m2_arch_nvidia_amd","","2026-08-12","FACT-M2NA-CDNA5-INT8-A|SRC-M2NA-AMD-CDNA5-ISA|supports|PDF p.467, V_SWMMAC_I32_16X16X128_IU8 description","reviewed","The source phrase is normalized to signed or unsigned INT8."
"ASSERT-M2NA-0168","FACT-M2NA-CDNA5-INT8-ACC","SRC-M2NA-AMD-CDNA5-ISA","architecture_mechanism","direct_statement","supports","signed 32-bit integer format","","","PDF p.467, V_SWMMAC_I32_16X16X128_IU8 description","Matrix D is signed 32-bit integer format","source_checked","m2_arch_nvidia_amd","","2026-08-12","FACT-M2NA-CDNA5-INT8-ACC|SRC-M2NA-AMD-CDNA5-ISA|supports|PDF p.467, V_SWMMAC_I32_16X16X128_IU8 description","reviewed","The source identifies D as both output and accumulate input; the fact normalizes this to signed INT32 C/D semantics."
"ASSERT-M2NA-0169","FACT-M2NA-CDNA5-SPARSE-MODE","SRC-M2NA-AMD-CDNA5-ISA","architecture_mechanism","inferred","supports","sparse matrix","","","PDF pp.466-467, V_SWMMAC sparse-matrix descriptions","2 out of every 4 elements on the K axis of matrix A are zero.","source_checked","m2_arch_nvidia_amd","","2026-08-12","FACT-M2NA-CDNA5-SPARSE-MODE|SRC-M2NA-AMD-CDNA5-ISA|supports|PDF pp.466-467, V_SWMMAC sparse-matrix descriptions","reviewed","The 2-of-4 zero pattern is classified under schema category structured_sparse."
"ASSERT-M2NA-0170","FACT-M2NA-CDNA5-SPARSE-LEVEL","SRC-M2NA-AMD-CDNA5-ISA","architecture_mechanism","inferred","supports","V_SWMMAC_I32_16X16X128_IU8","","","PDF p.467, V_SWMMAC sparse matrix opcode","V_SWMMAC_I32_16X16X128_IU8","source_checked","m2_arch_nvidia_amd","","2026-08-12","FACT-M2NA-CDNA5-SPARSE-LEVEL|SRC-M2NA-AMD-CDNA5-ISA|supports|PDF p.467, V_SWMMAC sparse matrix opcode","reviewed","A named sparse matrix opcode is classified as implementation level dedicated_instruction."
"ASSERT-M2NA-0171","FACT-M2NA-CDNA5-SPARSE-DETAIL","SRC-M2NA-AMD-CDNA5-ISA","architecture_mechanism","direct_statement","supports","2 out of every 4 elements on the K axis of matrix A are zero","","","PDF p.467, V_SWMMAC_I32_16X16X128_IU8 description","The sparse indexes are used to determine which 2 elements are zero.","source_checked","m2_arch_nvidia_amd","","2026-08-12","FACT-M2NA-CDNA5-SPARSE-DETAIL|SRC-M2NA-AMD-CDNA5-ISA|supports|PDF p.467, V_SWMMAC_I32_16X16X128_IU8 description","reviewed","The fact records the source direction: indexes identify zero positions."
"ASSERT-M2NA-0172","FACT-M2NA-CDNA5-VBF16-A","SRC-M2NA-AMD-CDNA5-WP","architecture_mechanism","direct_statement","supports","native support for the BF16 vector data type","","","PDF p.7, Optimized Compute for AI, second paragraph","native support for the BF16 vector data type","source_checked","m2_arch_nvidia_amd","","2026-08-12","FACT-M2NA-CDNA5-VBF16-A|SRC-M2NA-AMD-CDNA5-WP|supports|PDF p.7, Optimized Compute for AI, second paragraph","reviewed","Raw value preserves the source operand-format wording."
"ASSERT-M2NA-0173","FACT-M2NA-CDNA5-TRANS-EXEC","SRC-M2NA-AMD-CDNA5-WP","architecture_mechanism","direct_statement","supports","new transcendental operation tanh; Existing transcendental ops have twice the throughput","","","PDF p.7, Optimized Compute for AI, second paragraph","new transcendental operation tanh ... Existing transcendental ops have twice the throughput","source_checked","m2_arch_nvidia_amd","","2026-08-12","FACT-M2NA-CDNA5-TRANS-EXEC|SRC-M2NA-AMD-CDNA5-WP|supports|PDF p.7, Optimized Compute for AI, second paragraph","reviewed","The comparison baseline is the same instructions on MI355X, as stated immediately afterward."
"ASSERT-M2NA-0174","FACT-M2NA-CDNA5-TDM-EXEC","SRC-M2NA-AMD-CDNA5-WP","architecture_mechanism","direct_statement","supports","Tensor Data Mover (TDM) unit; tensors of up to 5 dimensions; executed asynchronously","","","PDF p.10, Tensor Data Mover paragraph","Tensor Data Mover ... tensors of up to 5 dimensions ... executed asynchronously to kernel operations","source_checked","m2_arch_nvidia_amd","","2026-08-12","FACT-M2NA-CDNA5-TDM-EXEC|SRC-M2NA-AMD-CDNA5-WP|supports|PDF p.10, Tensor Data Mover paragraph","reviewed","The per-WGP scope is explicit at the start of the paragraph."
"ASSERT-M2NA-0175","FACT-M2NA-CDNA5-TDM-DMA","SRC-M2NA-AMD-CDNA5-WP","architecture_mechanism","direct_statement","supports","Multi-cast load operations; transferred directly between LDS scratchpad and DRAM","","","PDF p.10, Tensor Data Mover paragraph","Multi-cast load operations ... transferred directly between LDS scratchpad and DRAM ... rather than being staged in intermediate registers","source_checked","m2_arch_nvidia_amd","","2026-08-12","FACT-M2NA-CDNA5-TDM-DMA|SRC-M2NA-AMD-CDNA5-WP|supports|PDF p.10, Tensor Data Mover paragraph","reviewed","The normalized fact records both transfer features and the stated removal of register staging."
"ASSERT-M2NA-0176","FACT-M2NA-CDNA5-LDS-CAP","SRC-M2NA-AMD-CDNA5-WP","architecture_mechanism","direct_statement","supports","","320","KB per WGP","PDF p.10, LDS and vector-cache paragraph","Capacity per WGP is 384 KB (320KB of LDS and 64KB of vector cache)","source_checked","m2_arch_nvidia_amd","","2026-08-12","FACT-M2NA-CDNA5-LDS-CAP|SRC-M2NA-AMD-CDNA5-WP|supports|PDF p.10, LDS and vector-cache paragraph","reviewed","Normalized 320 KB to 327680 bytes using 1 KB = 1024 bytes."
"ASSERT-M2NA-0177","FACT-M2NA-CDNA5-LDS-MGMT","SRC-M2NA-AMD-CDNA5-WP","architecture_mechanism","inferred","supports","LDS scratchpad","","","PDF p.10, Tensor Data Mover paragraph","between LDS scratchpad and DRAM","source_checked","m2_arch_nvidia_amd","","2026-08-12","FACT-M2NA-CDNA5-LDS-MGMT|SRC-M2NA-AMD-CDNA5-WP|supports|PDF p.10, Tensor Data Mover paragraph","reviewed","Mapped the source term scratchpad to the controlled value software_scratchpad."
"ASSERT-M2NA-0178","FACT-M2NA-CDNA5-VCACHE-CAP","SRC-M2NA-AMD-CDNA5-WP","architecture_mechanism","direct_statement","supports","","64","KB per WGP","PDF p.10, LDS and vector-cache paragraph","320KB of LDS and 64KB of vector cache","source_checked","m2_arch_nvidia_amd","","2026-08-12","FACT-M2NA-CDNA5-VCACHE-CAP|SRC-M2NA-AMD-CDNA5-WP|supports|PDF p.10, LDS and vector-cache paragraph","reviewed","Normalized 64 KB to 65536 bytes using 1 KB = 1024 bytes."
"ASSERT-M2NA-0179","FACT-M2NA-CDNA5-VCACHE-MGMT","SRC-M2NA-AMD-CDNA5-WP","architecture_mechanism","inferred","supports","operates as the WGP data cache; separate cache tag memory","","","PDF p.10, LDS and vector-cache paragraph","operates as the WGP data cache ... separate cache tag memory","source_checked","m2_arch_nvidia_amd","","2026-08-12","FACT-M2NA-CDNA5-VCACHE-MGMT|SRC-M2NA-AMD-CDNA5-WP|supports|PDF p.10, LDS and vector-cache paragraph","reviewed","Mapped the stated data-cache role to the controlled value hardware_cache."
"ASSERT-M2NA-0180","FACT-M2NA-CDNA5-CCACHE-CAP","SRC-M2NA-AMD-CDNA5-WP","architecture_mechanism","direct_statement","supports","","16","KB per WGP","PDF p.10, WGP cache sentence","a separate 16 KB WGP constant cache","source_checked","m2_arch_nvidia_amd","","2026-08-12","FACT-M2NA-CDNA5-CCACHE-CAP|SRC-M2NA-AMD-CDNA5-WP|supports|PDF p.10, WGP cache sentence","reviewed","Normalized 16 KB to 16384 bytes using 1 KB = 1024 bytes."
"ASSERT-M2NA-0181","FACT-M2NA-CDNA5-ICACHE-CAP","SRC-M2NA-AMD-CDNA5-WP","architecture_mechanism","direct_statement","supports","","64","KB per WGP","PDF p.10, WGP cache sentence","a 64 KB WGP instruction cache","source_checked","m2_arch_nvidia_amd","","2026-08-12","FACT-M2NA-CDNA5-ICACHE-CAP|SRC-M2NA-AMD-CDNA5-WP|supports|PDF p.10, WGP cache sentence","reviewed","Normalized 64 KB to 65536 bytes using 1 KB = 1024 bytes."
"ASSERT-M2NA-0182","FACT-M2NA-CDNA5-SOFTMAX-LEVEL","SRC-M2NA-AMD-CDNA5-WP","architecture_mechanism","inferred","supports","Existing transcendental ops; activation and softmax","","","PDF p.7, Optimized Compute for AI, second paragraph","Existing transcendental ops have twice the throughput ... functions such as activation and softmax","source_checked","m2_arch_nvidia_amd","","2026-08-12","FACT-M2NA-CDNA5-SOFTMAX-LEVEL|SRC-M2NA-AMD-CDNA5-WP|supports|PDF p.7, Optimized Compute for AI, second paragraph","reviewed","Mapped the positive transcendental-operation and softmax relationship to general_compute_path; no absence claim is made."
"ASSERT-M2NA-0183","FACT-M2NA-CDNA5-TDM-LEVEL","SRC-M2NA-AMD-CDNA5-WP","architecture_mechanism","inferred","supports","Transfers are defined by descriptors loaded from the SGPR; executed asynchronously to kernel operations","","","PDF p.10, Tensor Data Mover paragraph","Transfers are defined by descriptors loaded from the SGPR ... executed asynchronously to kernel operations","source_checked","m2_arch_nvidia_amd","","2026-08-12","FACT-M2NA-CDNA5-TDM-LEVEL|SRC-M2NA-AMD-CDNA5-WP|supports|PDF p.10, Tensor Data Mover paragraph","reviewed","Mapped descriptor-defined asynchronous operation to the controlled implementation level configurable_engine."
"ASSERT-M2NA-0184","FACT-M2NA-CDNA5-TDM-DETAIL","SRC-M2NA-AMD-CDNA5-WP","architecture_mechanism","direct_statement","supports","tensors of up to 5 dimensions; descriptors; bounds-checked; asynchronously; Multi-cast load operations","","","PDF p.10, Tensor Data Mover paragraph","tensors of up to 5 dimensions ... bounds-checked for security ... Multi-cast load operations are also supported","source_checked","m2_arch_nvidia_amd","","2026-08-12","FACT-M2NA-CDNA5-TDM-DETAIL|SRC-M2NA-AMD-CDNA5-WP|supports|PDF p.10, Tensor Data Mover paragraph","reviewed","The normalized detail retains only the positive TDM mechanisms stated by the source."
"ASSERT-M2NA-0185","FACT-M2NA-CDNA5-IF-PROTOCOL","SRC-M2NA-AMD-CDNA-LANDING","architecture_mechanism","direct_statement","supports","AMD Infinity Fabric technology","","","Fixed HTML snapshot, Unified Fabric and I/O, line 8132","AMD Infinity Fabric technology ... enable coherent, high-throughput on-package communication ... GPU chiplet ... HBM4 ... L2 caches ... I/O dies","source_checked","m2_arch_nvidia_amd","","2026-08-12","FACT-M2NA-CDNA5-IF-PROTOCOL|SRC-M2NA-AMD-CDNA-LANDING|supports|Fixed HTML snapshot, Unified Fabric and I/O, line 8132","reviewed","The raw term and short context directly support the coherent on-package role; product quantities in the same section are not used."
"ASSERT-M2NA-0186","FACT-M2NA-CDNA5-SW","SRC-M2NA-AMD-CDNA5-WP","architecture_mechanism","direct_statement","supports","AMD ROCm open AI software stack; optimized compilers, runtimes, communication libraries, AI frameworks, and developer tools","","","PDF p.3, ROCm paragraph","AMD ROCm open AI software stack ... optimized compilers, runtimes, communication libraries, AI frameworks, and developer tools","source_checked","m2_arch_nvidia_amd","","2026-08-12","FACT-M2NA-CDNA5-SW|SRC-M2NA-AMD-CDNA5-WP|supports|PDF p.3, ROCm paragraph","reviewed","HIP is not part of this source statement; the normalized fact follows the explicitly listed ROCm stack elements."
"ASSERT-M2NA-0187","FACT-M2NA-CDNA6-NAME","SRC-M2NA-AMD-CES2026-RELEASE","identity","direct_statement","supports","next-generation AMD CDNA 6 architecture","","","Fixed HTML snapshot, AMD Instinct MI500 Series paragraph 48","Built on next-generation AMD CDNA 6 architecture","source_checked","m2_arch_nvidia_amd","","2026-08-12","FACT-M2NA-CDNA6-NAME|SRC-M2NA-AMD-CES2026-RELEASE|supports|Fixed HTML snapshot, AMD Instinct MI500 Series paragraph 48","reviewed","The source name is normalized to AMD CDNA 6 architecture."
"ASSERT-M2NA-0188","FACT-M2NA-CDNA6-STATUS","SRC-M2NA-AMD-CES2026-RELEASE","status_version","inferred","supports","previewing; planned to launch in 2027","","","Fixed HTML snapshot, news highlight 36 and MI500 paragraph 48","""previewed the next-generation Instinct MI500 Series GPUs""; ""planned to launch in 2027""","source_checked","m2_arch_nvidia_amd","","2026-08-12","FACT-M2NA-CDNA6-STATUS|SRC-M2NA-AMD-CES2026-RELEASE|supports|Fixed HTML snapshot, news highlight 36 and MI500 paragraph 48","reviewed","The schema status announced is inferred from AMD previewing the series and stating a planned launch year; it does not imply availability."
"ASSERT-M2NA-DER-CDNA4-MATRIX-VECTOR","FACT-M2NA-CDNA4-DER-FP16-MATRIX-VECTOR","SRC-M2NA-AMD-CDNA4-WP","core_spec","derived","supports","4096 Matrix FP16 divided by 256 Vector FP16","","","PDF p.8, Table 1, Vector FP16 and Matrix FP16 rows, MI355X column","Vector FP16 256 256; Matrix FP16 ... 2048 4096","source_checked","m2_arch_nvidia_amd","","2026-08-12","FACT-M2NA-CDNA4-DER-FP16-MATRIX-VECTOR|SRC-M2NA-AMD-CDNA4-WP|derived|PDF p.8 Table 1 MI355X","reviewed","The source supports the two inputs; the ratio 16 is calculated in derived-metrics.csv."
"ASSERT-M2W2-AMD-HELIOS-0001","FACT-M2W2-AMD-HELIOS-NAME","SRC-M2W2-AMD-HELIOS-PRODUCT-20260813","identity","direct_statement","supports","AMD Helios Rackscale solution","","","fixed-candidates/amd-helios-rackscale-2026-08-13.html:11208; FAQ first answer","The AMD Helios Rackscale solution is the first rackscale AI reference design from AMD.","source_checked","m2_wave2_amd_helios_system","","2026-08-13","FACT-M2W2-AMD-HELIOS-NAME|SRC-M2W2-AMD-HELIOS-PRODUCT-20260813|supports|line11208","reviewed","Raw product wording retained."
"ASSERT-M2W2-AMD-HELIOS-0002","FACT-M2W2-AMD-HELIOS-OBJECT-TYPE","SRC-M2W2-AMD-HELIOS-PRODUCT-20260813","identity","direct_statement","supports","rackscale solution","","","fixed-candidates/amd-helios-rackscale-2026-08-13.html:11208; FAQ first answer","The AMD Helios Rackscale solution is the first rackscale AI reference design from AMD.","source_checked","m2_wave2_amd_helios_system","","2026-08-13","FACT-M2W2-AMD-HELIOS-OBJECT-TYPE|SRC-M2W2-AMD-HELIOS-PRODUCT-20260813|supports|line11208","reviewed","Normalized to formal object_type rack."
"ASSERT-M2W2-AMD-HELIOS-0003","FACT-M2W2-AMD-HELIOS-FORM-FACTOR","SRC-M2W2-AMD-HELIOS-PRODUCT-20260813","identity","direct_statement","supports","open, double-wide ORW rack","","","fixed-candidates/amd-helios-rackscale-2026-08-13.html:11208; FAQ first answer","an open, double-wide ORW rack designed for AI-scale datacenters","source_checked","m2_wave2_amd_helios_system","","2026-08-13","FACT-M2W2-AMD-HELIOS-FORM-FACTOR|SRC-M2W2-AMD-HELIOS-PRODUCT-20260813|supports|line11208","reviewed","ORW expansion appears earlier in the same sentence."
"ASSERT-M2W2-AMD-HELIOS-0004","FACT-M2W2-AMD-HELIOS-REFERENCE-DESIGN","SRC-M2W2-AMD-HELIOS-PRODUCT-20260813","identity","direct_statement","supports","first rackscale AI reference design from AMD","","","fixed-candidates/amd-helios-rackscale-2026-08-13.html:11208; FAQ first answer","the first rackscale AI reference design from AMD","source_checked","m2_wave2_amd_helios_system","","2026-08-13","FACT-M2W2-AMD-HELIOS-REFERENCE-DESIGN|SRC-M2W2-AMD-HELIOS-PRODUCT-20260813|supports|line11208","reviewed","Vendor positioning, not an independent characterization."
"ASSERT-M2W2-AMD-HELIOS-0005","FACT-M2W2-AMD-HELIOS-NOT-FOR-SALE","SRC-M2W2-AMD-HELIOS-PRODUCT-20260813","identity","direct_statement","supports","reference design, not a product for sale","","","fixed-candidates/amd-helios-rackscale-2026-08-13.html:11268; FAQ third answer","It is a reference design, not a product for sale.","source_checked","m2_wave2_amd_helios_system","","2026-08-13","FACT-M2W2-AMD-HELIOS-NOT-FOR-SALE|SRC-M2W2-AMD-HELIOS-PRODUCT-20260813|supports|line11268","reviewed","Prevents treating the reference design as an AMD orderable SKU."
"ASSERT-M2W2-AMD-HELIOS-0006","FACT-M2W2-AMD-HELIOS-STATUS-EXPECTED-2H26","SRC-M2W2-AMD-HELIOS-PRODUCT-20260813","status_version","direct_statement","supports","volume deployments expected in 2H 2026","","","fixed-candidates/amd-helios-rackscale-2026-08-13.html:11288; FAQ fourth answer","being shared with partners now, with volume deployments expected in 2H 2026","source_checked","m2_wave2_amd_helios_system","","2026-08-13","FACT-M2W2-AMD-HELIOS-STATUS-EXPECTED-2H26|SRC-M2W2-AMD-HELIOS-PRODUCT-20260813|supports|line11288","reviewed","Expectation is not evidence of delivery or availability."
"ASSERT-M2W2-AMD-HELIOS-0007","FACT-M2W2-AMD-HELIOS-STATUS-EXPECTED-2H26","SRC-M2NA-AMD-CES2026-RELEASE","status_version","direct_statement","supports","provided an early look at Helios","","","最小参考资料库/快照/AMD/CDNA6/2026-08-12/amd-ces2026-cdna6-2026-08-12.html:290; News Highlights","AMD provided an early look at its Helios rack-scale platform.","source_checked","m2_wave2_amd_helios_system","","2026-08-13","FACT-M2W2-AMD-HELIOS-STATUS-EXPECTED-2H26|SRC-M2NA-AMD-CES2026-RELEASE|supports|line290-early-look","reviewed","Dated AMD release published 2026-01-05."
"ASSERT-M2W2-AMD-HELIOS-0008","FACT-M2W2-AMD-HELIOS-COOLING","SRC-M2W2-AMD-HELIOS-PRODUCT-20260813","core_spec","direct_statement","supports","liquid coolant","","","fixed-candidates/amd-helios-rackscale-2026-08-13.html:9088; Cooling Distribution Unit","Distributes liquid coolant to the compute and switch trays.","source_checked","m2_wave2_amd_helios_system","","2026-08-13","FACT-M2W2-AMD-HELIOS-COOLING|SRC-M2W2-AMD-HELIOS-PRODUCT-20260813|supports|line9088","reviewed","Normalized to cooling_mode liquid."
"ASSERT-M2W2-AMD-HELIOS-0009","FACT-M2W2-AMD-HELIOS-MI455X-QTY","SRC-M2W2-AMD-HELIOS-PRODUCT-20260813","core_spec","direct_statement","supports","","72","count","fixed-candidates/amd-helios-rackscale-2026-08-13.html:11208; FAQ first answer","It combines 72 AMD Instinct MI455X GPUs.","source_checked","m2_wave2_amd_helios_system","","2026-08-13","FACT-M2W2-AMD-HELIOS-MI455X-QTY|SRC-M2W2-AMD-HELIOS-PRODUCT-20260813|supports|line11208","reviewed","Direct relationship quantity."
"ASSERT-M2W2-AMD-HELIOS-0010","FACT-M2W2-AMD-HELIOS-MI455X-QTY","SRC-M2W2-AMD-MI400-LANDING-20260813","core_spec","direct_statement","supports","","72","count","fixed-candidates/amd-instinct-mi400-2026-08-13.html:6935; portfolio introduction","AMD Helios rackscale solution powered by 72 AMD Instinct MI455X GPUs","source_checked","m2_wave2_amd_helios_system","","2026-08-13","FACT-M2W2-AMD-HELIOS-MI455X-QTY|SRC-M2W2-AMD-MI400-LANDING-20260813|supports|line6935","reviewed","Independent page-level cross-check from AMD."
"ASSERT-M2W2-AMD-HELIOS-0011","FACT-M2W2-AMD-HELIOS-AI-EXAFLOPS-UNSPEC","SRC-M2NA-AMD-CES2026-RELEASE","core_spec","direct_statement","supports","","3","AI exaflops","最小参考资料库/快照/AMD/CDNA6/2026-08-12/amd-ces2026-cdna6-2026-08-12.html:290; The blueprint for yotta-scale compute","delivering up to 3 AI exaflops of performance in a single rack","source_checked","m2_wave2_amd_helios_system","","2026-08-13","FACT-M2W2-AMD-HELIOS-AI-EXAFLOPS-UNSPEC|SRC-M2NA-AMD-CES2026-RELEASE|supports|line290-3AIexaFLOPS","needs_resolution","Datatype and operation-count definition are absent in the cited release."
"ASSERT-M2W2-AMD-HELIOS-0012","FACT-M2W2-AMD-HELIOS-MXFP4-PEAK","SRC-M2W2-AMD-HELIOS-PRODUCT-20260813","core_spec","direct_statement","supports","","2.9","exaFLOPS","fixed-candidates/amd-helios-rackscale-2026-08-13.html:11238; FAQ second answer; fixed-candidates/amd-helios-rackscale-2026-08-13.html:11722; MI400-005 calculation footnote","2.9 exaFLOPS of FP4 compute","source_checked","m2_wave2_amd_helios_system","","2026-08-13","FACT-M2W2-AMD-HELIOS-MXFP4-PEAK|SRC-M2W2-AMD-HELIOS-PRODUCT-20260813|supports|line11238-FP4|line11722-footnote","reviewed","Unit-only normalization; dense versus sparse is not stated. Line 11722 says AMD Performance Labs calculated peak theoretical Helios OCP datatype performance in June 2026 and system-manufacturer configurations may vary."
"ASSERT-M2W2-AMD-HELIOS-0013","FACT-M2W2-AMD-HELIOS-MXFP8-PEAK","SRC-M2W2-AMD-HELIOS-PRODUCT-20260813","core_spec","direct_statement","supports","","1.4","exaFLOPS","fixed-candidates/amd-helios-rackscale-2026-08-13.html:11238; FAQ second answer; fixed-candidates/amd-helios-rackscale-2026-08-13.html:11722; MI400-005 calculation footnote","up to 1.4 exaFLOPS of FP8 compute","source_checked","m2_wave2_amd_helios_system","","2026-08-13","FACT-M2W2-AMD-HELIOS-MXFP8-PEAK|SRC-M2W2-AMD-HELIOS-PRODUCT-20260813|supports|line11238-FP8|line11722-footnote","reviewed","Unit-only normalization; dense versus sparse is not stated. Line 11722 says AMD Performance Labs calculated peak theoretical Helios OCP datatype performance in June 2026 and system-manufacturer configurations may vary."
"ASSERT-M2W2-AMD-HELIOS-0014","FACT-M2W2-AMD-HELIOS-HBM4-CAP","SRC-M2W2-AMD-HELIOS-PRODUCT-20260813","core_spec","direct_statement","supports","","31","TB","fixed-candidates/amd-helios-rackscale-2026-08-13.html:11238; FAQ second answer","31 TB of HBM4 memory","source_checked","m2_wave2_amd_helios_system","","2026-08-13","FACT-M2W2-AMD-HELIOS-HBM4-CAP|SRC-M2W2-AMD-HELIOS-PRODUCT-20260813|supports|line11238-HBM4","reviewed","Decimal TB normalization; direct rack total."
"ASSERT-M2W2-AMD-HELIOS-0015","FACT-M2W2-AMD-HELIOS-HBM4-BW","SRC-M2W2-AMD-MI400-LANDING-20260813","core_spec","direct_statement","supports","","1.67","PB/s","fixed-candidates/amd-instinct-mi400-2026-08-13.html:7531; AMD Helios rackscale paragraph; fixed-candidates/amd-instinct-mi400-2026-08-13.html:8252; product-card Peak Theoretical Memory Bandwidth qualifier","1.67 PB/s of memory bandwidth","source_checked","m2_wave2_amd_helios_system","","2026-08-13","FACT-M2W2-AMD-HELIOS-HBM4-BW|SRC-M2W2-AMD-MI400-LANDING-20260813|supports|line7531-exact-value|line8252-peak-basis","reviewed","Line 7531 supplies the exact 1.67 PB/s rack value and remains the raw value. Line 8252 labels the same rack metric as up to 1.7 PB/s Peak Theoretical Memory Bandwidth; 1.7 is a rounded qualifier and does not replace 1.67. Direction is not stated."
"ASSERT-M2W2-AMD-HELIOS-0016","FACT-M2W2-AMD-HELIOS-SCALEUP-BW","SRC-M2W2-AMD-HELIOS-PRODUCT-20260813","core_spec","direct_statement","supports","","260","TB/s","fixed-candidates/amd-helios-rackscale-2026-08-13.html:9058; UALoE Scale Up Networks","up to 260 TB/s aggregate scale-up bandwidth","source_checked","m2_wave2_amd_helios_system","","2026-08-13","FACT-M2W2-AMD-HELIOS-SCALEUP-BW|SRC-M2W2-AMD-HELIOS-PRODUCT-20260813|supports|line9058-bandwidth","reviewed","Direction is not stated."
"ASSERT-M2W2-AMD-HELIOS-0017","FACT-M2W2-AMD-HELIOS-SCALEOUT-BW","SRC-M2W2-AMD-HELIOS-PRODUCT-20260813","core_spec","direct_statement","supports","","43","TB/s","fixed-candidates/amd-helios-rackscale-2026-08-13.html:9068; Scale Out Networks","43 TB/s of scale out bandwidth","source_checked","m2_wave2_amd_helios_system","","2026-08-13","FACT-M2W2-AMD-HELIOS-SCALEOUT-BW|SRC-M2W2-AMD-HELIOS-PRODUCT-20260813|supports|line9068-bandwidth","reviewed","Direction and payload basis are not stated."
"ASSERT-M2W2-AMD-HELIOS-0018","FACT-M2W2-AMD-HELIOS-SCALEUP-PROTOCOL","SRC-M2W2-AMD-HELIOS-PRODUCT-20260813","core_spec","direct_statement","supports","UALink over Ethernet (UALoE)","","","fixed-candidates/amd-helios-rackscale-2026-08-13.html:9058; UALoE Scale Up Networks","Four scale-up cartridges leverage UALink over Ethernet (UALoE).","source_checked","m2_wave2_amd_helios_system","","2026-08-13","FACT-M2W2-AMD-HELIOS-SCALEUP-PROTOCOL|SRC-M2W2-AMD-HELIOS-PRODUCT-20260813|supports|line9058-protocol","reviewed","No payload-efficiency inference."
"ASSERT-M2W2-AMD-HELIOS-0019","FACT-M2W2-AMD-HELIOS-SCALEOUT-PROTOCOL","SRC-M2W2-AMD-HELIOS-PRODUCT-20260813","core_spec","direct_statement","supports","ethernet based Pensando networking","","","fixed-candidates/amd-helios-rackscale-2026-08-13.html:9068; Scale Out Networks","using industry standard ethernet based Pensando networking","source_checked","m2_wave2_amd_helios_system","","2026-08-13","FACT-M2W2-AMD-HELIOS-SCALEOUT-PROTOCOL|SRC-M2W2-AMD-HELIOS-PRODUCT-20260813|supports|line9068-protocol","reviewed","Normalized capitalization only."
"ASSERT-M2W2-AMD-HELIOS-0020","FACT-M2W2-AMD-HELIOS-SCALEUP-TOPOLOGY","SRC-M2W2-AMD-HELIOS-PRODUCT-20260813","core_spec","direct_statement","supports","UALoE multi-plane network with all-to-all GPU connectivity","","","fixed-candidates/amd-helios-rackscale-2026-08-13.html:10414; system diagram popover","UALoE multi-plane network with all-to-all GPU connectivity","source_checked","m2_wave2_amd_helios_system","","2026-08-13","FACT-M2W2-AMD-HELIOS-SCALEUP-TOPOLOGY|SRC-M2W2-AMD-HELIOS-PRODUCT-20260813|supports|line10414-multiplane-switched-fabric","reviewed","Normalized to topology_type switched_fabric from the source multi-plane network wording. All-to-all reachability is retained without inferring a physical complete graph, single hop or nonblocking behavior."
"ASSERT-M2W2-AMD-HELIOS-0021","FACT-M2W2-AMD-HELIOS-MXFP4-PEAK","SRC-M2W2-AMD-MI400-LANDING-20260813","core_spec","direct_statement","supports","","2.9","exaFLOPS (OCP MXFP4)","fixed-candidates/amd-instinct-mi400-2026-08-13.html:7531; AMD Helios rackscale paragraph; fixed-candidates/amd-instinct-mi400-2026-08-13.html:13098; MI400-005 calculation footnote","up to 2.9 exaFLOPS peak OCP MXFP4","source_checked","m2_wave2_amd_helios_system","","2026-08-13","FACT-M2W2-AMD-HELIOS-MXFP4-PEAK|SRC-M2W2-AMD-MI400-LANDING-20260813|supports|line7531-MXFP4|line13098-footnote","reviewed","Provides the explicit OCP MXFP4 precision label. Line 13098 says AMD Performance Labs calculated peak theoretical Helios OCP datatype performance in June 2026 and system-manufacturer configurations may vary; dense versus sparse is not stated."
"ASSERT-M2W2-AMD-HELIOS-0022","FACT-M2W2-AMD-HELIOS-MXFP8-PEAK","SRC-M2W2-AMD-MI400-LANDING-20260813","core_spec","direct_statement","supports","","1.4","exaFLOPS (OCP MXFP8)","fixed-candidates/amd-instinct-mi400-2026-08-13.html:7531; AMD Helios rackscale paragraph; fixed-candidates/amd-instinct-mi400-2026-08-13.html:13098; MI400-005 calculation footnote","1.4 exaFLOPS peak OCP MXFP8","source_checked","m2_wave2_amd_helios_system","","2026-08-13","FACT-M2W2-AMD-HELIOS-MXFP8-PEAK|SRC-M2W2-AMD-MI400-LANDING-20260813|supports|line7531-MXFP8|line13098-footnote","reviewed","Provides the explicit OCP MXFP8 precision label. Line 13098 says AMD Performance Labs calculated peak theoretical Helios OCP datatype performance in June 2026 and system-manufacturer configurations may vary; dense versus sparse is not stated."
"ASSERT-FACT-AWS-TRN2-3XL-CHIP-QTY-S07","FACT-AWS-TRN2-3XL-CHIP-QTY","SRC-AWS-TRN2-S07","core_spec","direct_statement","supports","","1","count","Product details table; row Trn2.3xlarge; column Trainium2 chips","Trn2.3xlarge ... Trainium2 chips ... 1","source_checked","m2_trn2_correction","","","AFP-ASSERT-FACT-AWS-TRN2-3XL-CHIP-QTY-S07-20260813","reviewed","S07 2026-08-13 固定快照的 Product details 表直接支持；替换不含此 SKU 的 S06 错挂断言；本行随 correction 包进入独立复核"
"ASRT-M2W2-AWS-INF1-NCV1-COUNT-A01-1","FACT-M2W2-AWS-INF1-NCV1-COUNT","SRC-M2-GA-A01","core_spec","direct_statement","supports","","4","NeuronCore-v1 per chip","A01 v2.31.0 snapshot lines 1977-1987, Inferentia Architecture table","each with four NeuronCore-v1","source_checked","m2_w2_aws_package_facts","","2026-08-13","M2W2-AWS-PKG|FACT-M2W2-AWS-INF1-NCV1-COUNT|SRC-M2-GA-A01|A01 v2.31.0 snapshot lines 1977-1987, Inferentia Architecture table","reviewed","实例的 16 颗只作边界上下文。"
"ASRT-M2W2-AWS-INF1-CHIP-INT8-PEAK-A01-1","FACT-M2W2-AWS-INF1-CHIP-INT8-PEAK","SRC-M2-GA-A01","core_spec","direct_statement","supports","","128","INT8 TOPS","A01 v2.31.0 snapshot lines 1983-1987, Compute row","delivering 128 INT8 TOPS","source_checked","m2_w2_aws_package_facts","","2026-08-13","M2W2-AWS-PKG|FACT-M2W2-AWS-INF1-CHIP-INT8-PEAK|SRC-M2-GA-A01|A01 v2.31.0 snapshot lines 1983-1987, Compute row","reviewed","规范化为 128×10^12 OP/s。"
"ASRT-M2W2-AWS-INF1-CHIP-FP16BF16-PEAK-A01-1","FACT-M2W2-AWS-INF1-CHIP-FP16BF16-PEAK","SRC-M2-GA-A01","core_spec","direct_statement","supports","","64","FP16/BF16 TFLOPS","A01 v2.31.0 snapshot lines 1983-1987, Compute row","64 FP16/BF16 TFLOPS","source_checked","m2_w2_aws_package_facts","","2026-08-13","M2W2-AWS-PKG|FACT-M2W2-AWS-INF1-CHIP-FP16BF16-PEAK|SRC-M2-GA-A01|A01 v2.31.0 snapshot lines 1983-1987, Compute row","reviewed","不拆成两个来源未分别报告的峰值。"
"ASRT-M2W2-AWS-INF1-DRAM-CAPACITY-A01-1","FACT-M2W2-AWS-INF1-DRAM-CAPACITY","SRC-M2-GA-A01","core_spec","direct_statement","supports","","8","GiB","A01 v2.31.0 snapshot lines 1989-1992, Device Memory row","8GiB of device DRAM memory","source_checked","m2_w2_aws_package_facts","","2026-08-13","M2W2-AWS-PKG|FACT-M2W2-AWS-INF1-DRAM-CAPACITY|SRC-M2-GA-A01|A01 v2.31.0 snapshot lines 1989-1992, Device Memory row","reviewed","按 8×2^30 byte 规范化。"
"ASRT-M2W2-AWS-INF1-DRAM-BW-A01-1","FACT-M2W2-AWS-INF1-DRAM-BW","SRC-M2-GA-A01","core_spec","direct_statement","supports","","50","GiB/sec","A01 v2.31.0 snapshot lines 1989-1992, Device Memory row","50 GiB/sec of bandwidth","source_checked","m2_w2_aws_package_facts","","2026-08-13","M2W2-AWS-PKG|FACT-M2W2-AWS-INF1-DRAM-BW|SRC-M2-GA-A01|A01 v2.31.0 snapshot lines 1989-1992, Device Memory row","reviewed","按 50×2^30 byte/s 规范化。"
"ASRT-M2W2-AWS-INF1-NCV1-TENSOR-FP16BF16-A02-1","FACT-M2W2-AWS-INF1-NCV1-TENSOR-FP16BF16","SRC-M2-GA-A02","core_spec","direct_statement","supports","","16","FP16/BF16 TFLOPS","A02 v2.9.1 snapshot lines 1766-1770, TensorEngine paragraph","delivers 16 TFLOPS of FP16/BF16 tensor computations","source_checked","m2_w2_aws_package_facts","","2026-08-13","M2W2-AWS-PKG|FACT-M2W2-AWS-INF1-NCV1-TENSOR-FP16BF16|SRC-M2-GA-A02|A02 v2.9.1 snapshot lines 1766-1770, TensorEngine paragraph","reviewed","频率未在同一陈述中给出。"
"ASRT-M2W2-AWS-INF1-NCV1-VECTOR-OPS-CYCLE-A02-1","FACT-M2W2-AWS-INF1-NCV1-VECTOR-OPS-CYCLE","SRC-M2-GA-A02","core_spec","direct_statement","supports","","256","floating operations/cycle","A02 v2.9.1 snapshot lines 1759-1765, VectorEngine paragraph","perform 256 floating point operations per cycle","source_checked","m2_w2_aws_package_facts","","2026-08-13","M2W2-AWS-PKG|FACT-M2W2-AWS-INF1-NCV1-VECTOR-OPS-CYCLE|SRC-M2-GA-A02|A02 v2.9.1 snapshot lines 1759-1765, VectorEngine paragraph","reviewed","格式和频率条件保持缺口。"
"ASRT-M2W2-AWS-INF1-NCV1-SCALAR-OPS-CYCLE-A02-1","FACT-M2W2-AWS-INF1-NCV1-SCALAR-OPS-CYCLE","SRC-M2-GA-A02","core_spec","direct_statement","supports","","512","floating operations/cycle","A02 v2.9.1 snapshot lines 1753-1758, ScalarEngine paragraph","process 512 floating point operations per cycle","source_checked","m2_w2_aws_package_facts","","2026-08-13","M2W2-AWS-PKG|FACT-M2W2-AWS-INF1-NCV1-SCALAR-OPS-CYCLE|SRC-M2-GA-A02|A02 v2.9.1 snapshot lines 1753-1758, ScalarEngine paragraph","reviewed","格式和频率条件保持缺口。"
"ASRT-M2W2-AWS-TRN1-NCV2-COUNT-A03-1","FACT-M2W2-AWS-TRN1-NCV2-COUNT","SRC-M2-GA-A03","core_spec","direct_statement","supports","","2","NeuronCore-v2 per chip","A03 v2.26.1 snapshot lines 1562-1573, Trainium chip table","each Trainium include 2 x NeuronCore-v2","source_checked","m2_w2_aws_package_facts","","2026-08-13","M2W2-AWS-PKG|FACT-M2W2-AWS-TRN1-NCV2-COUNT|SRC-M2-GA-A03|A03 v2.26.1 snapshot lines 1562-1573, Trainium chip table","reviewed","实例内 16 颗不下放。"
"ASRT-M2W2-AWS-TRN1-NCV2-COUNT-A05-2","FACT-M2W2-AWS-TRN1-NCV2-COUNT","SRC-M2-GA-A05","core_spec","direct_statement","supports","","2","NeuronCore-v2 per device","A05 v2.29.1 snapshot lines 1928-1932, device overview","2 NeuronCores (v2)","source_checked","m2_w2_aws_package_facts","","2026-08-13","M2W2-AWS-PKG|FACT-M2W2-AWS-TRN1-NCV2-COUNT|SRC-M2-GA-A05|A05 v2.29.1 snapshot lines 1928-1932, device overview","reviewed","共享指南分别适用于 Trainium 与 Inferentia2。"
"ASRT-M2W2-AWS-TRN1-CHIP-INT8-PEAK-A03-1","FACT-M2W2-AWS-TRN1-CHIP-INT8-PEAK","SRC-M2-GA-A03","core_spec","direct_statement","supports","","380","INT8 TOPS","A03 v2.26.1 snapshot lines 1569-1573, Compute row","delivering 380 INT8 TOPS","source_checked","m2_w2_aws_package_facts","","2026-08-13","M2W2-AWS-PKG|FACT-M2W2-AWS-TRN1-CHIP-INT8-PEAK|SRC-M2-GA-A03|A03 v2.26.1 snapshot lines 1569-1573, Compute row","reviewed","当前版本值。"
"ASRT-M2W2-AWS-TRN1-CHIP-MIXED-PEAK-A03-1","FACT-M2W2-AWS-TRN1-CHIP-MIXED-PEAK","SRC-M2-GA-A03","core_spec","direct_statement","supports","","190","FP16/BF16/cFP8/TF32 TFLOPS","A03 v2.26.1 snapshot lines 1569-1573, Compute row","190 FP16/BF16/cFP8/TF32 TFLOPS","source_checked","m2_w2_aws_package_facts","","2026-08-13","M2W2-AWS-PKG|FACT-M2W2-AWS-TRN1-CHIP-MIXED-PEAK|SRC-M2-GA-A03|A03 v2.26.1 snapshot lines 1569-1573, Compute row","reviewed","保持组合精度标签。"
"ASRT-M2W2-AWS-TRN1-CHIP-FP32-PEAK-A03-1","FACT-M2W2-AWS-TRN1-CHIP-FP32-PEAK","SRC-M2-GA-A03","core_spec","direct_statement","supports","","47.5","FP32 TFLOP/s","A03 v2.26.1 snapshot lines 1569-1573, Compute row","47.5 FP32 TFLOP","source_checked","m2_w2_aws_package_facts","","2026-08-13","M2W2-AWS-PKG|FACT-M2W2-AWS-TRN1-CHIP-FP32-PEAK|SRC-M2-GA-A03|A03 v2.26.1 snapshot lines 1569-1573, Compute row","reviewed","规范化为 FLOP/s。"
"ASRT-M2W2-AWS-TRN1-HBM-CAPACITY-A03-1","FACT-M2W2-AWS-TRN1-HBM-CAPACITY","SRC-M2-GA-A03","core_spec","direct_statement","supports","","32","GiB","A03 v2.26.1 snapshot lines 1575-1578, Device Memory row","32 GiB of device memory","source_checked","m2_w2_aws_package_facts","","2026-08-13","M2W2-AWS-PKG|FACT-M2W2-AWS-TRN1-HBM-CAPACITY|SRC-M2-GA-A03|A03 v2.26.1 snapshot lines 1575-1578, Device Memory row","reviewed","按 32×2^30 byte 规范化。"
"ASRT-M2W2-AWS-TRN1-HBM-CAPACITY-A05-2","FACT-M2W2-AWS-TRN1-HBM-CAPACITY","SRC-M2-GA-A05","core_spec","direct_statement","supports","","32","GiB","A05 v2.29.1 snapshot lines 1928-1933, device overview","total device memory capacity of 32GiB","source_checked","m2_w2_aws_package_facts","","2026-08-13","M2W2-AWS-PKG|FACT-M2W2-AWS-TRN1-HBM-CAPACITY|SRC-M2-GA-A05|A05 v2.29.1 snapshot lines 1928-1933, device overview","reviewed","同一共享指南明确描述两类 device。"
"ASRT-M2W2-AWS-TRN1-HBM-BW-GIB-A03-1","FACT-M2W2-AWS-TRN1-HBM-BW-GIB","SRC-M2-GA-A03","conflict_evidence","direct_statement","supports","","820","GiB/sec","A03 v2.26.1 snapshot lines 1575-1578, Device Memory row","820 GiB/sec of bandwidth","source_checked","m2_w2_aws_package_facts","","2026-08-13","M2W2-AWS-PKG|FACT-M2W2-AWS-TRN1-HBM-BW-GIB|SRC-M2-GA-A03|A03 v2.26.1 snapshot lines 1575-1578, Device Memory row","needs_resolution","保留二进制单位标签。"
"ASRT-M2W2-AWS-TRN1-HBM-BW-GB-A05-1","FACT-M2W2-AWS-TRN1-HBM-BW-GB","SRC-M2-GA-A05","conflict_evidence","direct_statement","supports","","820","GB/s","A05 v2.29.1 snapshot lines 1928-1935, device overview","bandwidth of 820 GB/s","source_checked","m2_w2_aws_package_facts","","2026-08-13","M2W2-AWS-PKG|FACT-M2W2-AWS-TRN1-HBM-BW-GB|SRC-M2-GA-A05|A05 v2.29.1 snapshot lines 1928-1935, device overview","needs_resolution","保留十进制单位标签。"
"ASRT-M2W2-AWS-TRN1-DMA-BW-A03-1","FACT-M2W2-AWS-TRN1-DMA-BW","SRC-M2-GA-A03","core_spec","direct_statement","supports","","1","TB/sec","A03 v2.26.1 snapshot lines 1580-1583, Data Movement row","1 TB/sec of DMA bandwidth","source_checked","m2_w2_aws_package_facts","","2026-08-13","M2W2-AWS-PKG|FACT-M2W2-AWS-TRN1-DMA-BW|SRC-M2-GA-A03|A03 v2.26.1 snapshot lines 1580-1583, Data Movement row","reviewed","不复制已在架构层记录的压缩机制。"
"ASRT-M2W2-AWS-TRN1-DMA-COUNT-A05-1","FACT-M2W2-AWS-TRN1-DMA-COUNT","SRC-M2-GA-A05","core_spec","direct_statement","supports","","32","DMA engines per device","A05 v2.29.1 snapshot lines 1931-1934, device overview","32 DMA (Direct Memory Access) engines","source_checked","m2_w2_aws_package_facts","","2026-08-13","M2W2-AWS-PKG|FACT-M2W2-AWS-TRN1-DMA-COUNT|SRC-M2-GA-A05|A05 v2.29.1 snapshot lines 1931-1934, device overview","reviewed","共享指南明确适用于 Trainium device。"
"ASRT-M2W2-AWS-TRN1-CC-COUNT-A05-1","FACT-M2W2-AWS-TRN1-CC-COUNT","SRC-M2-GA-A05","core_spec","direct_statement","supports","","6","CC-Cores per device","A05 v2.29.1 snapshot lines 1933-1935, device overview","6 CC-Cores for collective communication","source_checked","m2_w2_aws_package_facts","","2026-08-13","M2W2-AWS-PKG|FACT-M2W2-AWS-TRN1-CC-COUNT|SRC-M2-GA-A05|A05 v2.29.1 snapshot lines 1933-1935, device overview","reviewed","不复制集合通信机制。"
"ASRT-M2W2-AWS-TRN1-NEURONLINK-COUNT-A05-1","FACT-M2W2-AWS-TRN1-NEURONLINK-COUNT","SRC-M2-GA-A05","core_spec","direct_statement","supports","","4","NeuronLink-v2 interfaces per Trainium device","A05 v2.29.1 snapshot lines 1933-1935, device overview","4 (Trainium) NeuronLink-v2","source_checked","m2_w2_aws_package_facts","","2026-08-13","M2W2-AWS-PKG|FACT-M2W2-AWS-TRN1-NEURONLINK-COUNT|SRC-M2-GA-A05|A05 v2.29.1 snapshot lines 1933-1935, device overview","reviewed","方向与单接口速率未公开。"
"ASRT-M2W2-AWS-INF2-NCV2-COUNT-A04-1","FACT-M2W2-AWS-INF2-NCV2-COUNT","SRC-M2-GA-A04","core_spec","direct_statement","supports","","2","NeuronCore-v2 per chip","A04 v2.29.1 snapshot lines 1878-1888, Inferentia2 chip table","each with two NeuronCore-v2 cores","source_checked","m2_w2_aws_package_facts","","2026-08-13","M2W2-AWS-PKG|FACT-M2W2-AWS-INF2-NCV2-COUNT|SRC-M2-GA-A04|A04 v2.29.1 snapshot lines 1878-1888, Inferentia2 chip table","reviewed","实例最多 12 颗不下放。"
"ASRT-M2W2-AWS-INF2-NCV2-COUNT-A05-2","FACT-M2W2-AWS-INF2-NCV2-COUNT","SRC-M2-GA-A05","core_spec","direct_statement","supports","","2","NeuronCore-v2 per device","A05 v2.29.1 snapshot lines 1928-1932, device overview","2 NeuronCores (v2)","source_checked","m2_w2_aws_package_facts","","2026-08-13","M2W2-AWS-PKG|FACT-M2W2-AWS-INF2-NCV2-COUNT|SRC-M2-GA-A05|A05 v2.29.1 snapshot lines 1928-1932, device overview","reviewed","共享指南分别适用于 Trainium 与 Inferentia2。"
"ASRT-M2W2-AWS-INF2-CHIP-INT8-PEAK-A04-1","FACT-M2W2-AWS-INF2-CHIP-INT8-PEAK","SRC-M2-GA-A04","core_spec","direct_statement","supports","","380","INT8 TOPS","A04 v2.29.1 snapshot lines 1884-1888, Compute row","delivering 380 INT8 TOPS","source_checked","m2_w2_aws_package_facts","","2026-08-13","M2W2-AWS-PKG|FACT-M2W2-AWS-INF2-CHIP-INT8-PEAK|SRC-M2-GA-A04|A04 v2.29.1 snapshot lines 1884-1888, Compute row","reviewed","规范化为 OP/s。"
"ASRT-M2W2-AWS-INF2-CHIP-MIXED-PEAK-A04-1","FACT-M2W2-AWS-INF2-CHIP-MIXED-PEAK","SRC-M2-GA-A04","core_spec","direct_statement","supports","","190","FP16/BF16/cFP8/TF32 TFLOPS","A04 v2.29.1 snapshot lines 1884-1888, Compute row","190 FP16/BF16/cFP8/TF32 TFLOPS","source_checked","m2_w2_aws_package_facts","","2026-08-13","M2W2-AWS-PKG|FACT-M2W2-AWS-INF2-CHIP-MIXED-PEAK|SRC-M2-GA-A04|A04 v2.29.1 snapshot lines 1884-1888, Compute row","reviewed","保持组合精度标签。"
"ASRT-M2W2-AWS-INF2-CHIP-FP32-PEAK-A04-1","FACT-M2W2-AWS-INF2-CHIP-FP32-PEAK","SRC-M2-GA-A04","core_spec","direct_statement","supports","","47.5","FP32 TFLOPS","A04 v2.29.1 snapshot lines 1884-1888, Compute row","47.5 FP32 TFLOPS","source_checked","m2_w2_aws_package_facts","","2026-08-13","M2W2-AWS-PKG|FACT-M2W2-AWS-INF2-CHIP-FP32-PEAK|SRC-M2-GA-A04|A04 v2.29.1 snapshot lines 1884-1888, Compute row","reviewed","规范化为 FLOP/s。"
"ASRT-M2W2-AWS-INF2-HBM-CAPACITY-A04-1","FACT-M2W2-AWS-INF2-HBM-CAPACITY","SRC-M2-GA-A04","core_spec","direct_statement","supports","","32","GiB","A04 v2.29.1 snapshot lines 1890-1894, Device Memory row","32GiB of high-bandwidth device memor (HBM)","source_checked","m2_w2_aws_package_facts","","2026-08-13","M2W2-AWS-PKG|FACT-M2W2-AWS-INF2-HBM-CAPACITY|SRC-M2-GA-A04|A04 v2.29.1 snapshot lines 1890-1894, Device Memory row","reviewed","按 32×2^30 byte 规范化。"
"ASRT-M2W2-AWS-INF2-HBM-CAPACITY-A05-2","FACT-M2W2-AWS-INF2-HBM-CAPACITY","SRC-M2-GA-A05","core_spec","direct_statement","supports","","32","GiB","A05 v2.29.1 snapshot lines 1928-1933, device overview","total device memory capacity of 32GiB","source_checked","m2_w2_aws_package_facts","","2026-08-13","M2W2-AWS-PKG|FACT-M2W2-AWS-INF2-HBM-CAPACITY|SRC-M2-GA-A05|A05 v2.29.1 snapshot lines 1928-1933, device overview","reviewed","同一共享指南明确描述两类 device。"
"ASRT-M2W2-AWS-INF2-HBM-BW-GIB-A04-1","FACT-M2W2-AWS-INF2-HBM-BW-GIB","SRC-M2-GA-A04","conflict_evidence","direct_statement","supports","","820","GiB/sec","A04 v2.29.1 snapshot lines 1890-1894, Device Memory row","820 GiB/sec of bandwidth","source_checked","m2_w2_aws_package_facts","","2026-08-13","M2W2-AWS-PKG|FACT-M2W2-AWS-INF2-HBM-BW-GIB|SRC-M2-GA-A04|A04 v2.29.1 snapshot lines 1890-1894, Device Memory row","needs_resolution","保留二进制单位标签。"
"ASRT-M2W2-AWS-INF2-HBM-BW-GB-A05-1","FACT-M2W2-AWS-INF2-HBM-BW-GB","SRC-M2-GA-A05","conflict_evidence","direct_statement","supports","","820","GB/s","A05 v2.29.1 snapshot lines 1928-1935, device overview","bandwidth of 820 GB/s","source_checked","m2_w2_aws_package_facts","","2026-08-13","M2W2-AWS-PKG|FACT-M2W2-AWS-INF2-HBM-BW-GB|SRC-M2-GA-A05|A05 v2.29.1 snapshot lines 1928-1935, device overview","needs_resolution","保留十进制单位标签。"
"ASRT-M2W2-AWS-INF2-DMA-BW-A04-1","FACT-M2W2-AWS-INF2-DMA-BW","SRC-M2-GA-A04","core_spec","direct_statement","supports","","1","TB/sec","A04 v2.29.1 snapshot lines 1896-1899, Data Movement row","1 TB/sec of DMA bandwidth","source_checked","m2_w2_aws_package_facts","","2026-08-13","M2W2-AWS-PKG|FACT-M2W2-AWS-INF2-DMA-BW|SRC-M2-GA-A04|A04 v2.29.1 snapshot lines 1896-1899, Data Movement row","reviewed","不复制已在架构层记录的压缩机制。"
"ASRT-M2W2-AWS-INF2-DMA-COUNT-A05-1","FACT-M2W2-AWS-INF2-DMA-COUNT","SRC-M2-GA-A05","core_spec","direct_statement","supports","","32","DMA engines per device","A05 v2.29.1 snapshot lines 1931-1934, device overview","32 DMA (Direct Memory Access) engines","source_checked","m2_w2_aws_package_facts","","2026-08-13","M2W2-AWS-PKG|FACT-M2W2-AWS-INF2-DMA-COUNT|SRC-M2-GA-A05|A05 v2.29.1 snapshot lines 1931-1934, device overview","reviewed","共享指南明确适用于 Inferentia2 device。"
"ASRT-M2W2-AWS-INF2-CC-COUNT-A05-1","FACT-M2W2-AWS-INF2-CC-COUNT","SRC-M2-GA-A05","core_spec","direct_statement","supports","","6","CC-Cores per device","A05 v2.29.1 snapshot lines 1933-1935, device overview","6 CC-Cores for collective communication","source_checked","m2_w2_aws_package_facts","","2026-08-13","M2W2-AWS-PKG|FACT-M2W2-AWS-INF2-CC-COUNT|SRC-M2-GA-A05|A05 v2.29.1 snapshot lines 1933-1935, device overview","reviewed","不复制集合通信机制。"
"ASRT-M2W2-AWS-INF2-NEURONLINK-COUNT-A05-1","FACT-M2W2-AWS-INF2-NEURONLINK-COUNT","SRC-M2-GA-A05","core_spec","direct_statement","supports","","2","NeuronLink-v2 interfaces per Inferentia2 device","A05 v2.29.1 snapshot lines 1933-1935, device overview","2 (Inferentia2) or 4 (Trainium) NeuronLink-v2","source_checked","m2_w2_aws_package_facts","","2026-08-13","M2W2-AWS-PKG|FACT-M2W2-AWS-INF2-NEURONLINK-COUNT|SRC-M2-GA-A05|A05 v2.29.1 snapshot lines 1933-1935, device overview","reviewed","方向与单接口速率未公开。"
"ASRT-M2W2-AWS-TRN3-NCV4-COUNT-A06-1","FACT-M2W2-AWS-TRN3-NCV4-COUNT","SRC-M2-GA-A06","core_spec","direct_statement","supports","","8","NeuronCore-v4 per chip","A06 v2.28.1 snapshot lines 1887-1898, Trainium3 device overview","contains eight NeuronCore-v4 cores","source_checked","m2_w2_aws_package_facts","","2026-08-13","M2W2-AWS-PKG|FACT-M2W2-AWS-TRN3-NCV4-COUNT|SRC-M2-GA-A06|A06 v2.28.1 snapshot lines 1887-1898, Trainium3 device overview","reviewed","单芯片范围。"
"ASRT-M2W2-AWS-TRN3-NCV4-COUNT-A07-2","FACT-M2W2-AWS-TRN3-NCV4-COUNT","SRC-M2-GA-A07","core_spec","direct_statement","supports","","8","NeuronCore-v4 per device","A07 v2.31.0 snapshot lines 2015-2022, device list","8 NeuronCores (v4)","source_checked","m2_w2_aws_package_facts","","2026-08-13","M2W2-AWS-PKG|FACT-M2W2-AWS-TRN3-NCV4-COUNT|SRC-M2-GA-A07|A07 v2.31.0 snapshot lines 2015-2022, device list","reviewed","同一 source 的 latest 镜像不增加断言。"
"ASRT-M2W2-AWS-TRN3-CHIP-MX-PEAK-A06-1","FACT-M2W2-AWS-TRN3-CHIP-MX-PEAK","SRC-M2-GA-A06","core_spec","direct_statement","supports","","2517","MXFP8/MXFP4 TFLOPS","A06 v2.28.1 snapshot lines 1894-1901, Compute row","2,517 MXFP8/MXFP4 TFLOPS","source_checked","m2_w2_aws_package_facts","","2026-08-13","M2W2-AWS-PKG|FACT-M2W2-AWS-TRN3-CHIP-MX-PEAK|SRC-M2-GA-A06|A06 v2.28.1 snapshot lines 1894-1901, Compute row","reviewed","A08 显示精度不同，不增加同一规范事实断言。"
"ASRT-M2W2-AWS-TRN3-CHIP-MIXED-PEAK-A06-1","FACT-M2W2-AWS-TRN3-CHIP-MIXED-PEAK","SRC-M2-GA-A06","core_spec","direct_statement","supports","","671","BF16/FP16/TF32 TFLOPS","A06 v2.28.1 snapshot lines 1894-1901, Compute row","671 BF16/FP16/TF32 TFLOPS","source_checked","m2_w2_aws_package_facts","","2026-08-13","M2W2-AWS-PKG|FACT-M2W2-AWS-TRN3-CHIP-MIXED-PEAK|SRC-M2-GA-A06|A06 v2.28.1 snapshot lines 1894-1901, Compute row","reviewed","保持组合精度标签。"
"ASRT-M2W2-AWS-TRN3-CHIP-SPARSE-PEAK-A06-1","FACT-M2W2-AWS-TRN3-CHIP-SPARSE-PEAK","SRC-M2-GA-A06","core_spec","direct_statement","supports","","2517","FP16/BF16/TF32 sparse TFLOPS","A06 v2.28.1 snapshot lines 1894-1901, Compute row","2,517 FP16/BF16/TF32 sparse TFLOPS","source_checked","m2_w2_aws_package_facts","","2026-08-13","M2W2-AWS-PKG|FACT-M2W2-AWS-TRN3-CHIP-SPARSE-PEAK|SRC-M2-GA-A06|A06 v2.28.1 snapshot lines 1894-1901, Compute row","reviewed","条件集明确 structured_sparse。"
"ASRT-M2W2-AWS-TRN3-CHIP-FP32-PEAK-A06-1","FACT-M2W2-AWS-TRN3-CHIP-FP32-PEAK","SRC-M2-GA-A06","core_spec","direct_statement","supports","","183","FP32 TFLOPS","A06 v2.28.1 snapshot lines 1894-1901, Compute row","183 FP32 TFLOPS","source_checked","m2_w2_aws_package_facts","","2026-08-13","M2W2-AWS-PKG|FACT-M2W2-AWS-TRN3-CHIP-FP32-PEAK|SRC-M2-GA-A06|A06 v2.28.1 snapshot lines 1894-1901, Compute row","reviewed","规范化为 FLOP/s。"
"ASRT-M2W2-AWS-TRN3-NCV4-TENSOR-MX-A07-1","FACT-M2W2-AWS-TRN3-NCV4-TENSOR-MX","SRC-M2-GA-A07","core_spec","direct_statement","supports","","315","MXFP8/MXFP4 TFLOPS per NCv4","A07 v2.31.0 snapshot line 2073, Tensor Engine paragraph","delivers 315 MXFP8/MXFP4 TFLOPS","source_checked","m2_w2_aws_package_facts","","2026-08-13","M2W2-AWS-PKG|FACT-M2W2-AWS-TRN3-NCV4-TENSOR-MX|SRC-M2-GA-A07|A07 v2.31.0 snapshot line 2073, Tensor Engine paragraph","reviewed","版本化入口为首选。"
"ASRT-M2W2-AWS-TRN3-NCV4-TENSOR-MX-A10-2","FACT-M2W2-AWS-TRN3-NCV4-TENSOR-MX","SRC-M2-GA-A10","core_spec","direct_statement","supports","","315","MXFP8/MXFP4 TFLOPS per NCv4","A10 v2.30.0 snapshot line 1930, Tensor Engine paragraph","delivers 315 MXFP8/MXFP4 TFLOPS","source_checked","m2_w2_aws_package_facts","","2026-08-13","M2W2-AWS-PKG|FACT-M2W2-AWS-TRN3-NCV4-TENSOR-MX|SRC-M2-GA-A10|A10 v2.30.0 snapshot line 1930, Tensor Engine paragraph","reviewed","独立内容版本断言。"
"ASRT-M2W2-AWS-TRN3-NCV4-TENSOR-MIXED-A07-1","FACT-M2W2-AWS-TRN3-NCV4-TENSOR-MIXED","SRC-M2-GA-A07","core_spec","direct_statement","supports","","79","BF16/FP16/TF32 TFLOPS per NCv4","A07 v2.31.0 snapshot line 2073, Tensor Engine paragraph","79 BF16/FP16/TF32","source_checked","m2_w2_aws_package_facts","","2026-08-13","M2W2-AWS-PKG|FACT-M2W2-AWS-TRN3-NCV4-TENSOR-MIXED|SRC-M2-GA-A07|A07 v2.31.0 snapshot line 2073, Tensor Engine paragraph","reviewed","同句单位为 TFLOPS。"
"ASRT-M2W2-AWS-TRN3-NCV4-TENSOR-MIXED-A10-2","FACT-M2W2-AWS-TRN3-NCV4-TENSOR-MIXED","SRC-M2-GA-A10","core_spec","direct_statement","supports","","79","BF16/FP16/TF32 TFLOPS per NCv4","A10 v2.30.0 snapshot line 1930, Tensor Engine paragraph","79 BF16/FP16/TF32","source_checked","m2_w2_aws_package_facts","","2026-08-13","M2W2-AWS-PKG|FACT-M2W2-AWS-TRN3-NCV4-TENSOR-MIXED|SRC-M2-GA-A10|A10 v2.30.0 snapshot line 1930, Tensor Engine paragraph","reviewed","同句单位为 TFLOPS。"
"ASRT-M2W2-AWS-TRN3-NCV4-TENSOR-FP32-A07-1","FACT-M2W2-AWS-TRN3-NCV4-TENSOR-FP32","SRC-M2-GA-A07","core_spec","direct_statement","supports","","20","FP32 TFLOPS per NCv4","A07 v2.31.0 snapshot line 2073, Tensor Engine paragraph","20 FP32 TFLOPS","source_checked","m2_w2_aws_package_facts","","2026-08-13","M2W2-AWS-PKG|FACT-M2W2-AWS-TRN3-NCV4-TENSOR-FP32|SRC-M2-GA-A07|A07 v2.31.0 snapshot line 2073, Tensor Engine paragraph","reviewed","每 NCv4 Tensor Engine。"
"ASRT-M2W2-AWS-TRN3-NCV4-TENSOR-FP32-A10-2","FACT-M2W2-AWS-TRN3-NCV4-TENSOR-FP32","SRC-M2-GA-A10","core_spec","direct_statement","supports","","20","FP32 TFLOPS per NCv4","A10 v2.30.0 snapshot line 1930, Tensor Engine paragraph","20 FP32 TFLOPS","source_checked","m2_w2_aws_package_facts","","2026-08-13","M2W2-AWS-PKG|FACT-M2W2-AWS-TRN3-NCV4-TENSOR-FP32|SRC-M2-GA-A10|A10 v2.30.0 snapshot line 1930, Tensor Engine paragraph","reviewed","每 NCv4 Tensor Engine。"
"ASRT-M2W2-AWS-TRN3-NCV4-VECTOR-FP32-A10-1","FACT-M2W2-AWS-TRN3-NCV4-VECTOR-FP32","SRC-M2-GA-A10","core_spec","direct_statement","supports","","1.2","FP32 TFLOPS per NCv4 Vector Engine","A10 v2.30.0 snapshot line 1936, Vector Engine paragraph","deliver a total of 1.2 TFLOPS of FP32 computations","source_checked","m2_w2_aws_package_facts","","2026-08-13","M2W2-AWS-PKG|FACT-M2W2-AWS-TRN3-NCV4-VECTOR-FP32|SRC-M2-GA-A10|A10 v2.30.0 snapshot line 1936, Vector Engine paragraph","reviewed","A07 v2.31.0 也直接给出相同的 1.2 TFLOPS，故本事实由两个 source_id 交叉支持；A10 不再是 package 最小集成员。"
"ASRT-M2W2-AWS-TRN3-NCV4-SCALAR-FP32-A10-1","FACT-M2W2-AWS-TRN3-NCV4-SCALAR-FP32","SRC-M2-GA-A10","core_spec","direct_statement","supports","","1.2","FP32 TFLOPS per NCv4 Scalar Engine","A10 v2.30.0 snapshot line 1945, Scalar Engine paragraph","deliver a total of 1.2 TFLOPS of FP32 computations","source_checked","m2_w2_aws_package_facts","","2026-08-13","M2W2-AWS-PKG|FACT-M2W2-AWS-TRN3-NCV4-SCALAR-FP32|SRC-M2-GA-A10|A10 v2.30.0 snapshot line 1945, Scalar Engine paragraph","reviewed","A07 v2.31.0 也直接给出相同的 1.2 TFLOPS，故本事实由两个 source_id 交叉支持；A10 不再是 package 最小集成员。"
"ASRT-M2W2-AWS-TRN3-NCV4-TENSOR-CLOCK-A07-1","FACT-M2W2-AWS-TRN3-NCV4-TENSOR-CLOCK","SRC-M2-GA-A07","core_spec","direct_statement","supports","","2.4","GHz","A07 v2.31.0 snapshot lines 2047-2050, Table 11 Tensor row","Trainium3 Tensor 8x128 (MXFP8 dense input) or 2x128 (non-MXFP8 dense input) or 5x128 (sparse input); 1x128 (output) 2.4","source_checked","m2_w2_aws_package_facts","","2026-08-13","M2W2-AWS-PKG|FACT-M2W2-AWS-TRN3-NCV4-TENSOR-CLOCK|SRC-M2-GA-A07|A07 v2.31.0 snapshot lines 2047-2050, Table 11 Tensor row","reviewed","表头明确 Frequency (GHz)。"
"ASRT-M2W2-AWS-TRN3-SBUF-CAPACITY-A07-1","FACT-M2W2-AWS-TRN3-SBUF-CAPACITY","SRC-M2-GA-A07","core_spec","direct_statement","supports","","32","MiB per NCv4 SBUF","A07 v2.31.0 snapshot line 2030, NCv4 memory paragraph","SBUF capacity is 32 MiB","source_checked","m2_w2_aws_package_facts","","2026-08-13","M2W2-AWS-PKG|FACT-M2W2-AWS-TRN3-SBUF-CAPACITY|SRC-M2-GA-A07|A07 v2.31.0 snapshot line 2030, NCv4 memory paragraph","reviewed","不乘以 8 解释为统一共享缓存。"
"ASRT-M2W2-AWS-TRN3-PSUM-CAPACITY-A07-1","FACT-M2W2-AWS-TRN3-PSUM-CAPACITY","SRC-M2-GA-A07","core_spec","direct_statement","supports","","2","MiB per NCv4 PSUM","A07 v2.31.0 snapshot line 2030, NCv4 memory paragraph","PSUM capacity remains the same at 2 MiB","source_checked","m2_w2_aws_package_facts","","2026-08-13","M2W2-AWS-PKG|FACT-M2W2-AWS-TRN3-PSUM-CAPACITY|SRC-M2-GA-A07|A07 v2.31.0 snapshot line 2030, NCv4 memory paragraph","reviewed","每 NCv4 组件范围。"
"ASRT-M2W2-AWS-TRN3-HBM-CAPACITY-GIB-A06-1","FACT-M2W2-AWS-TRN3-HBM-CAPACITY-GIB","SRC-M2-GA-A06","conflict_evidence","direct_statement","supports","","144","GiB","A06 v2.28.1 snapshot lines 1904-1905, Device memory row","144 GiB of device memory","source_checked","m2_w2_aws_package_facts","","2026-08-13","M2W2-AWS-PKG|FACT-M2W2-AWS-TRN3-HBM-CAPACITY-GIB|SRC-M2-GA-A06|A06 v2.28.1 snapshot lines 1904-1905, Device memory row","needs_resolution","保留 GiB 原标签。"
"ASRT-M2W2-AWS-TRN3-HBM-CAPACITY-GIB-A07-2","FACT-M2W2-AWS-TRN3-HBM-CAPACITY-GIB","SRC-M2-GA-A07","conflict_evidence","direct_statement","supports","","144","GiB","A07 v2.31.0 snapshot lines 2016-2020, device list","device memory capacity of 144 GiB","source_checked","m2_w2_aws_package_facts","","2026-08-13","M2W2-AWS-PKG|FACT-M2W2-AWS-TRN3-HBM-CAPACITY-GIB|SRC-M2-GA-A07|A07 v2.31.0 snapshot lines 2016-2020, device list","needs_resolution","latest 镜像不额外计数。"
"ASRT-M2W2-AWS-TRN3-HBM-CAPACITY-GB-A08-1","FACT-M2W2-AWS-TRN3-HBM-CAPACITY-GB","SRC-M2-GA-A08","conflict_evidence","direct_statement","supports","","144","GB","A08 2025-12-02 snapshot line 2116, single-chip sentence","144 GB of HBM3e memory","source_checked","m2_w2_aws_package_facts","","2026-08-13","M2W2-AWS-PKG|FACT-M2W2-AWS-TRN3-HBM-CAPACITY-GB|SRC-M2-GA-A08|A08 2025-12-02 snapshot line 2116, single-chip sentence","needs_resolution","保留 GB 原标签。"
"ASRT-M2W2-AWS-TRN3-HBM-BW-49-A06-1","FACT-M2W2-AWS-TRN3-HBM-BW-49","SRC-M2-GA-A06","conflict_evidence","direct_statement","supports","","4.9","TB/sec","A06 v2.28.1 snapshot lines 1904-1905, Device memory row","4.9 TB/sec of bandwidth","source_checked","m2_w2_aws_package_facts","","2026-08-13","M2W2-AWS-PKG|FACT-M2W2-AWS-TRN3-HBM-BW-49|SRC-M2-GA-A06|A06 v2.28.1 snapshot lines 1904-1905, Device memory row","needs_resolution","方向未说明。"
"ASRT-M2W2-AWS-TRN3-HBM-BW-49-A08-2","FACT-M2W2-AWS-TRN3-HBM-BW-49","SRC-M2-GA-A08","conflict_evidence","direct_statement","supports","","4.9","TB/s","A08 2025-12-02 snapshot line 2116, single-chip sentence","4.9 TB/s of memory bandwidth","source_checked","m2_w2_aws_package_facts","","2026-08-13","M2W2-AWS-PKG|FACT-M2W2-AWS-TRN3-HBM-BW-49|SRC-M2-GA-A08|A08 2025-12-02 snapshot line 2116, single-chip sentence","needs_resolution","同样使用十进制 TB/s。"
"ASRT-M2W2-AWS-TRN3-HBM-BW-47-A07-1","FACT-M2W2-AWS-TRN3-HBM-BW-47","SRC-M2-GA-A07","conflict_evidence","direct_statement","supports","","4.7","TB/s","A07 v2.31.0 snapshot lines 2018-2020, device list","bandwidth of 4.7 TB/s","source_checked","m2_w2_aws_package_facts","","2026-08-13","M2W2-AWS-PKG|FACT-M2W2-AWS-TRN3-HBM-BW-47|SRC-M2-GA-A07|A07 v2.31.0 snapshot lines 2018-2020, device list","needs_resolution","方向未说明。"
"ASRT-M2W2-AWS-TRN3-HBM-STACKS-A07-1","FACT-M2W2-AWS-TRN3-HBM-STACKS","SRC-M2-GA-A07","core_spec","direct_statement","supports","","4","HBM stacks per device","A07 v2.31.0 snapshot lines 2016-2020, device list","4 HBM stacks","source_checked","m2_w2_aws_package_facts","","2026-08-13","M2W2-AWS-PKG|FACT-M2W2-AWS-TRN3-HBM-STACKS|SRC-M2-GA-A07|A07 v2.31.0 snapshot lines 2016-2020, device list","reviewed","不从容量反推接口宽度。"
"ASRT-M2W2-AWS-TRN3-DMA-COUNT-A07-1","FACT-M2W2-AWS-TRN3-DMA-COUNT","SRC-M2-GA-A07","core_spec","direct_statement","supports","","128","DMA engines per device","A07 v2.31.0 snapshot lines 2020-2021, device list","128 DMA (Direct Memory Access) engines","source_checked","m2_w2_aws_package_facts","","2026-08-13","M2W2-AWS-PKG|FACT-M2W2-AWS-TRN3-DMA-COUNT|SRC-M2-GA-A07|A07 v2.31.0 snapshot lines 2020-2021, device list","reviewed","单芯片范围。"
"ASRT-M2W2-AWS-TRN3-DMA-BW-A06-1","FACT-M2W2-AWS-TRN3-DMA-BW","SRC-M2-GA-A06","core_spec","direct_statement","supports","","4.9","TB/sec","A06 v2.28.1 snapshot lines 1907-1908, Data movement row","4.9 TB/sec of DMA bandwidth","source_checked","m2_w2_aws_package_facts","","2026-08-13","M2W2-AWS-PKG|FACT-M2W2-AWS-TRN3-DMA-BW|SRC-M2-GA-A06|A06 v2.28.1 snapshot lines 1907-1908, Data movement row","reviewed","不复制 inline computation 架构机制。"
"ASRT-M2W2-AWS-TRN3-CC-COUNT-16-A06-1","FACT-M2W2-AWS-TRN3-CC-COUNT-16","SRC-M2-GA-A06","conflict_evidence","direct_statement","supports","","16","CC-Cores per device","A06 v2.28.1 snapshot lines 1916-1917, Collective communication row","16 CC-Cores","source_checked","m2_w2_aws_package_facts","","2026-08-13","M2W2-AWS-PKG|FACT-M2W2-AWS-TRN3-CC-COUNT-16|SRC-M2-GA-A06|A06 v2.28.1 snapshot lines 1916-1917, Collective communication row","needs_resolution","与 A07 的 20 并列。"
"ASRT-M2W2-AWS-TRN3-CC-COUNT-20-A07-1","FACT-M2W2-AWS-TRN3-CC-COUNT-20","SRC-M2-GA-A07","conflict_evidence","direct_statement","supports","","20","CC-Cores per device","A07 v2.31.0 snapshot lines 2020-2022, device list","20 CC-Cores","source_checked","m2_w2_aws_package_facts","","2026-08-13","M2W2-AWS-PKG|FACT-M2W2-AWS-TRN3-CC-COUNT-20|SRC-M2-GA-A07|A07 v2.31.0 snapshot lines 2020-2022, device list","needs_resolution","与 A06 的 16 并列。"
"ASRT-M2W2-AWS-TRN3-NEURONLINK-COUNT-A07-1","FACT-M2W2-AWS-TRN3-NEURONLINK-COUNT","SRC-M2-GA-A07","core_spec","direct_statement","supports","","4","NeuronLink-v4 interfaces per device","A07 v2.31.0 snapshot lines 2021-2023, device list","4 NeuronLink-v4","source_checked","m2_w2_aws_package_facts","","2026-08-13","M2W2-AWS-PKG|FACT-M2W2-AWS-TRN3-NEURONLINK-COUNT|SRC-M2-GA-A07|A07 v2.31.0 snapshot lines 2021-2023, device list","reviewed","单接口速率未公开。"
"ASRT-M2W2-AWS-TRN3-NEURONLINK-BW-A06-1","FACT-M2W2-AWS-TRN3-NEURONLINK-BW","SRC-M2-GA-A06","core_spec","direct_statement","supports","","2.56","TB/sec per device","A06 v2.28.1 snapshot lines 1910-1911, NeuronLink row","provides 2.56 TB/sec bandwidth per device","source_checked","m2_w2_aws_package_facts","","2026-08-13","M2W2-AWS-PKG|FACT-M2W2-AWS-TRN3-NEURONLINK-BW|SRC-M2-GA-A06|A06 v2.28.1 snapshot lines 1910-1911, NeuronLink row","reviewed","traffic_basis=not_specified。"
"ASRT-M2W2-AWS-TRN3-PROCESS-A08-1","FACT-M2W2-AWS-TRN3-PROCESS","SRC-M2-GA-A08","core_spec","direct_statement","supports","first 3nm AWS AI chip","","","A08 2025-12-02 snapshot line 2113, announcement lead","our first 3nm AWS AI chip","source_checked","m2_w2_aws_package_facts","","2026-08-13","M2W2-AWS-PKG|FACT-M2W2-AWS-TRN3-PROCESS|SRC-M2-GA-A08|A08 2025-12-02 snapshot line 2113, announcement lead","reviewed","规范文本为 3 nm。"
"ASRT-M2W2-AWS-TRN3-HBM-TYPE-A08-1","FACT-M2W2-AWS-TRN3-HBM-TYPE","SRC-M2-GA-A08","core_spec","direct_statement","supports","HBM3e memory","","","A08 2025-12-02 snapshot line 2116, single-chip sentence","144 GB of HBM3e memory","source_checked","m2_w2_aws_package_facts","","2026-08-13","M2W2-AWS-PKG|FACT-M2W2-AWS-TRN3-HBM-TYPE|SRC-M2-GA-A08|A08 2025-12-02 snapshot line 2116, single-chip sentence","reviewed","仅规范化存储类型为 HBM3e。"
"ASRT-M2W2-AWS-TRN3-NCV4-VECTOR-FP32-A07-1","FACT-M2W2-AWS-TRN3-NCV4-VECTOR-FP32","SRC-M2-GA-A07","core_spec","direct_statement","supports","","1.2","FP32 TFLOPS per NCv4 Vector Engine","A07 v2.31.0 snapshot line 2128, Vector Engine paragraph","The NeuronCore-v4 Vector Engine delivers a total of 1.2 TFLOPS of FP32 computations","source_checked","m2_w2_aws_package_facts_remediation","","2026-08-13","M2W2-AWS-PKG|FACT-M2W2-AWS-TRN3-NCV4-VECTOR-FP32|SRC-M2-GA-A07|A07 v2.31.0 snapshot line 2128, Vector Engine paragraph","reviewed","与 A10 为不同 source_id 的独立直接断言。"
"ASRT-M2W2-AWS-TRN3-NCV4-SCALAR-FP32-A07-1","FACT-M2W2-AWS-TRN3-NCV4-SCALAR-FP32","SRC-M2-GA-A07","core_spec","direct_statement","supports","","1.2","FP32 TFLOPS per NCv4 Scalar Engine","A07 v2.31.0 snapshot line 2167, Scalar Engine paragraph","The NeuronCore-v4 Scalar Engine delivers a total of 1.2 TFLOPS of FP32 computations","source_checked","m2_w2_aws_package_facts_remediation","","2026-08-13","M2W2-AWS-PKG|FACT-M2W2-AWS-TRN3-NCV4-SCALAR-FP32|SRC-M2-GA-A07|A07 v2.31.0 snapshot line 2167, Scalar Engine paragraph","reviewed","与 A10 为不同 source_id 的独立直接断言。"
"ASRT-M2W2-AWS-TRN3-CHIP-FP8-GENERIC-A08-1","FACT-M2W2-AWS-TRN3-CHIP-FP8-GENERIC","SRC-M2-GA-A08","core_spec","direct_statement","supports","","2.52","FP8 PFLOPS per Trainium3 chip","A08 2025-12-02 snapshot line 2116, Trainium3 chip paragraph","Each AWS Trainium3 chip provides 2.52 petaflops (PFLOPs) of FP8 compute","source_checked","m2_w2_aws_package_facts_remediation","","2026-08-13","M2W2-AWS-PKG|FACT-M2W2-AWS-TRN3-CHIP-FP8-GENERIC|SRC-M2-GA-A08|A08 2025-12-02 snapshot line 2116, Trainium3 chip paragraph","reviewed","通用 FP8 标签与 A06 的 MXFP8/MXFP4 标签分开；2.52 与 2,517 的显示精度不静默归一。"
