"signoff_row_id","column_name","old_value","new_value","allowed_change"
"AWS-SIGN-0001","formal_baseline_aggregate_sha256","0b4c6106bde7e2a62b1ffd6a0df7246ded62177d941c7fb9303a2cbac62f92bf","97ebb17a2518e3a43b18a382dcfc879c1f5e2b08118a6149c8fa984e65017453","true"
"AWS-SIGN-0001","notes","只授权此 PK 按冻结来源行执行 write_action；除 review_status 外，写入语义列必须与 source_path 中该 PK 完全一致。package_review、independent_signoff 与 freeze_binding_status 由本签字和三项冻结哈希闭合。","只授权此 PK 按冻结来源行执行 write_action；除 review_status 外，写入语义列必须与 source_path 中该 PK 完全一致。package_review、independent_signoff 与 freeze_binding_status 由本签字和三项冻结哈希闭合。rebase_binding=AWS-SIGNOFF-REBASE-GOOGLE-SOURCE-GATE-20260813","true"
"AWS-SIGN-0002","formal_baseline_aggregate_sha256","0b4c6106bde7e2a62b1ffd6a0df7246ded62177d941c7fb9303a2cbac62f92bf","97ebb17a2518e3a43b18a382dcfc879c1f5e2b08118a6149c8fa984e65017453","true"
"AWS-SIGN-0002","notes","只授权此 PK 按冻结来源行执行 write_action；除 review_status 外，写入语义列必须与 source_path 中该 PK 完全一致。package_review、independent_signoff 与 freeze_binding_status 由本签字和三项冻结哈希闭合。","只授权此 PK 按冻结来源行执行 write_action；除 review_status 外，写入语义列必须与 source_path 中该 PK 完全一致。package_review、independent_signoff 与 freeze_binding_status 由本签字和三项冻结哈希闭合。rebase_binding=AWS-SIGNOFF-REBASE-GOOGLE-SOURCE-GATE-20260813","true"
"AWS-SIGN-0003","formal_baseline_aggregate_sha256","0b4c6106bde7e2a62b1ffd6a0df7246ded62177d941c7fb9303a2cbac62f92bf","97ebb17a2518e3a43b18a382dcfc879c1f5e2b08118a6149c8fa984e65017453","true"
"AWS-SIGN-0003","notes","只授权此 PK 按冻结来源行执行 write_action；除 review_status 外，写入语义列必须与 source_path 中该 PK 完全一致。package_review、independent_signoff 与 freeze_binding_status 由本签字和三项冻结哈希闭合。","只授权此 PK 按冻结来源行执行 write_action；除 review_status 外，写入语义列必须与 source_path 中该 PK 完全一致。package_review、independent_signoff 与 freeze_binding_status 由本签字和三项冻结哈希闭合。rebase_binding=AWS-SIGNOFF-REBASE-GOOGLE-SOURCE-GATE-20260813","true"
"AWS-SIGN-0004","formal_baseline_aggregate_sha256","0b4c6106bde7e2a62b1ffd6a0df7246ded62177d941c7fb9303a2cbac62f92bf","97ebb17a2518e3a43b18a382dcfc879c1f5e2b08118a6149c8fa984e65017453","true"
"AWS-SIGN-0004","notes","只授权此 PK 按冻结来源行执行 write_action；除 review_status 外，写入语义列必须与 source_path 中该 PK 完全一致。package_review、independent_signoff 与 freeze_binding_status 由本签字和三项冻结哈希闭合。","只授权此 PK 按冻结来源行执行 write_action；除 review_status 外，写入语义列必须与 source_path 中该 PK 完全一致。package_review、independent_signoff 与 freeze_binding_status 由本签字和三项冻结哈希闭合。rebase_binding=AWS-SIGNOFF-REBASE-GOOGLE-SOURCE-GATE-20260813","true"
"AWS-SIGN-0005","formal_baseline_aggregate_sha256","0b4c6106bde7e2a62b1ffd6a0df7246ded62177d941c7fb9303a2cbac62f92bf","97ebb17a2518e3a43b18a382dcfc879c1f5e2b08118a6149c8fa984e65017453","true"
"AWS-SIGN-0005","notes","只授权此 PK 按冻结来源行执行 write_action；除 review_status 外，写入语义列必须与 source_path 中该 PK 完全一致。package_review、independent_signoff 与 freeze_binding_status 由本签字和三项冻结哈希闭合。","只授权此 PK 按冻结来源行执行 write_action；除 review_status 外，写入语义列必须与 source_path 中该 PK 完全一致。package_review、independent_signoff 与 freeze_binding_status 由本签字和三项冻结哈希闭合。rebase_binding=AWS-SIGNOFF-REBASE-GOOGLE-SOURCE-GATE-20260813","true"
"AWS-SIGN-0006","formal_baseline_aggregate_sha256","0b4c6106bde7e2a62b1ffd6a0df7246ded62177d941c7fb9303a2cbac62f92bf","97ebb17a2518e3a43b18a382dcfc879c1f5e2b08118a6149c8fa984e65017453","true"
"AWS-SIGN-0006","notes","只授权此 PK 按冻结来源行执行 write_action；除 review_status 外，写入语义列必须与 source_path 中该 PK 完全一致。package_review、independent_signoff 与 freeze_binding_status 由本签字和三项冻结哈希闭合。","只授权此 PK 按冻结来源行执行 write_action；除 review_status 外，写入语义列必须与 source_path 中该 PK 完全一致。package_review、independent_signoff 与 freeze_binding_status 由本签字和三项冻结哈希闭合。rebase_binding=AWS-SIGNOFF-REBASE-GOOGLE-SOURCE-GATE-20260813","true"
"AWS-SIGN-0007","formal_baseline_aggregate_sha256","0b4c6106bde7e2a62b1ffd6a0df7246ded62177d941c7fb9303a2cbac62f92bf","97ebb17a2518e3a43b18a382dcfc879c1f5e2b08118a6149c8fa984e65017453","true"
"AWS-SIGN-0007","notes","只授权此 PK 按冻结来源行执行 write_action；除 review_status 外，写入语义列必须与 source_path 中该 PK 完全一致。package_review、independent_signoff 与 freeze_binding_status 由本签字和三项冻结哈希闭合。","只授权此 PK 按冻结来源行执行 write_action；除 review_status 外，写入语义列必须与 source_path 中该 PK 完全一致。package_review、independent_signoff 与 freeze_binding_status 由本签字和三项冻结哈希闭合。rebase_binding=AWS-SIGNOFF-REBASE-GOOGLE-SOURCE-GATE-20260813","true"
"AWS-SIGN-0008","formal_baseline_aggregate_sha256","0b4c6106bde7e2a62b1ffd6a0df7246ded62177d941c7fb9303a2cbac62f92bf","97ebb17a2518e3a43b18a382dcfc879c1f5e2b08118a6149c8fa984e65017453","true"
"AWS-SIGN-0008","notes","只授权此 PK 按冻结来源行执行 write_action；除 review_status 外，写入语义列必须与 source_path 中该 PK 完全一致。package_review、independent_signoff 与 freeze_binding_status 由本签字和三项冻结哈希闭合。","只授权此 PK 按冻结来源行执行 write_action；除 review_status 外，写入语义列必须与 source_path 中该 PK 完全一致。package_review、independent_signoff 与 freeze_binding_status 由本签字和三项冻结哈希闭合。rebase_binding=AWS-SIGNOFF-REBASE-GOOGLE-SOURCE-GATE-20260813","true"
"AWS-SIGN-0009","formal_baseline_aggregate_sha256","0b4c6106bde7e2a62b1ffd6a0df7246ded62177d941c7fb9303a2cbac62f92bf","97ebb17a2518e3a43b18a382dcfc879c1f5e2b08118a6149c8fa984e65017453","true"
"AWS-SIGN-0009","notes","只授权此 PK 按冻结来源行执行 write_action；除 review_status 外，写入语义列必须与 source_path 中该 PK 完全一致。package_review、independent_signoff 与 freeze_binding_status 由本签字和三项冻结哈希闭合。","只授权此 PK 按冻结来源行执行 write_action；除 review_status 外，写入语义列必须与 source_path 中该 PK 完全一致。package_review、independent_signoff 与 freeze_binding_status 由本签字和三项冻结哈希闭合。rebase_binding=AWS-SIGNOFF-REBASE-GOOGLE-SOURCE-GATE-20260813","true"
"AWS-SIGN-0010","formal_baseline_aggregate_sha256","0b4c6106bde7e2a62b1ffd6a0df7246ded62177d941c7fb9303a2cbac62f92bf","97ebb17a2518e3a43b18a382dcfc879c1f5e2b08118a6149c8fa984e65017453","true"
"AWS-SIGN-0010","notes","只授权此 PK 按冻结来源行执行 write_action；除 review_status 外，写入语义列必须与 source_path 中该 PK 完全一致。package_review、independent_signoff 与 freeze_binding_status 由本签字和三项冻结哈希闭合。","只授权此 PK 按冻结来源行执行 write_action；除 review_status 外，写入语义列必须与 source_path 中该 PK 完全一致。package_review、independent_signoff 与 freeze_binding_status 由本签字和三项冻结哈希闭合。rebase_binding=AWS-SIGNOFF-REBASE-GOOGLE-SOURCE-GATE-20260813","true"
"AWS-SIGN-0011","formal_baseline_aggregate_sha256","0b4c6106bde7e2a62b1ffd6a0df7246ded62177d941c7fb9303a2cbac62f92bf","97ebb17a2518e3a43b18a382dcfc879c1f5e2b08118a6149c8fa984e65017453","true"
"AWS-SIGN-0011","notes","只授权此 PK 按冻结来源行执行 write_action；除 review_status 外，写入语义列必须与 source_path 中该 PK 完全一致。package_review、independent_signoff 与 freeze_binding_status 由本签字和三项冻结哈希闭合。","只授权此 PK 按冻结来源行执行 write_action；除 review_status 外，写入语义列必须与 source_path 中该 PK 完全一致。package_review、independent_signoff 与 freeze_binding_status 由本签字和三项冻结哈希闭合。rebase_binding=AWS-SIGNOFF-REBASE-GOOGLE-SOURCE-GATE-20260813","true"
"AWS-SIGN-0012","formal_baseline_aggregate_sha256","0b4c6106bde7e2a62b1ffd6a0df7246ded62177d941c7fb9303a2cbac62f92bf","97ebb17a2518e3a43b18a382dcfc879c1f5e2b08118a6149c8fa984e65017453","true"
"AWS-SIGN-0012","notes","只授权此 PK 按冻结来源行执行 write_action；除 review_status 外，写入语义列必须与 source_path 中该 PK 完全一致。package_review、independent_signoff 与 freeze_binding_status 由本签字和三项冻结哈希闭合。","只授权此 PK 按冻结来源行执行 write_action；除 review_status 外，写入语义列必须与 source_path 中该 PK 完全一致。package_review、independent_signoff 与 freeze_binding_status 由本签字和三项冻结哈希闭合。rebase_binding=AWS-SIGNOFF-REBASE-GOOGLE-SOURCE-GATE-20260813","true"
"AWS-SIGN-0013","formal_baseline_aggregate_sha256","0b4c6106bde7e2a62b1ffd6a0df7246ded62177d941c7fb9303a2cbac62f92bf","97ebb17a2518e3a43b18a382dcfc879c1f5e2b08118a6149c8fa984e65017453","true"
"AWS-SIGN-0013","notes","只授权此 PK 按冻结来源行执行 write_action；除 review_status 外，写入语义列必须与 source_path 中该 PK 完全一致。package_review、independent_signoff 与 freeze_binding_status 由本签字和三项冻结哈希闭合。","只授权此 PK 按冻结来源行执行 write_action；除 review_status 外，写入语义列必须与 source_path 中该 PK 完全一致。package_review、independent_signoff 与 freeze_binding_status 由本签字和三项冻结哈希闭合。rebase_binding=AWS-SIGNOFF-REBASE-GOOGLE-SOURCE-GATE-20260813","true"
"AWS-SIGN-0014","formal_baseline_aggregate_sha256","0b4c6106bde7e2a62b1ffd6a0df7246ded62177d941c7fb9303a2cbac62f92bf","97ebb17a2518e3a43b18a382dcfc879c1f5e2b08118a6149c8fa984e65017453","true"
"AWS-SIGN-0014","notes","只授权此 PK 按冻结来源行执行 write_action；除 review_status 外，写入语义列必须与 source_path 中该 PK 完全一致。package_review、independent_signoff 与 freeze_binding_status 由本签字和三项冻结哈希闭合。","只授权此 PK 按冻结来源行执行 write_action；除 review_status 外，写入语义列必须与 source_path 中该 PK 完全一致。package_review、independent_signoff 与 freeze_binding_status 由本签字和三项冻结哈希闭合。rebase_binding=AWS-SIGNOFF-REBASE-GOOGLE-SOURCE-GATE-20260813","true"
"AWS-SIGN-0015","formal_baseline_aggregate_sha256","0b4c6106bde7e2a62b1ffd6a0df7246ded62177d941c7fb9303a2cbac62f92bf","97ebb17a2518e3a43b18a382dcfc879c1f5e2b08118a6149c8fa984e65017453","true"
"AWS-SIGN-0015","notes","只授权此 PK 按冻结来源行执行 write_action；除 review_status 外，写入语义列必须与 source_path 中该 PK 完全一致。package_review、independent_signoff 与 freeze_binding_status 由本签字和三项冻结哈希闭合。","只授权此 PK 按冻结来源行执行 write_action；除 review_status 外，写入语义列必须与 source_path 中该 PK 完全一致。package_review、independent_signoff 与 freeze_binding_status 由本签字和三项冻结哈希闭合。rebase_binding=AWS-SIGNOFF-REBASE-GOOGLE-SOURCE-GATE-20260813","true"
"AWS-SIGN-0016","formal_baseline_aggregate_sha256","0b4c6106bde7e2a62b1ffd6a0df7246ded62177d941c7fb9303a2cbac62f92bf","97ebb17a2518e3a43b18a382dcfc879c1f5e2b08118a6149c8fa984e65017453","true"
"AWS-SIGN-0016","notes","只授权此 PK 按冻结来源行执行 write_action；除 review_status 外，写入语义列必须与 source_path 中该 PK 完全一致。package_review、independent_signoff 与 freeze_binding_status 由本签字和三项冻结哈希闭合。","只授权此 PK 按冻结来源行执行 write_action；除 review_status 外，写入语义列必须与 source_path 中该 PK 完全一致。package_review、independent_signoff 与 freeze_binding_status 由本签字和三项冻结哈希闭合。rebase_binding=AWS-SIGNOFF-REBASE-GOOGLE-SOURCE-GATE-20260813","true"
"AWS-SIGN-0017","formal_baseline_aggregate_sha256","0b4c6106bde7e2a62b1ffd6a0df7246ded62177d941c7fb9303a2cbac62f92bf","97ebb17a2518e3a43b18a382dcfc879c1f5e2b08118a6149c8fa984e65017453","true"
"AWS-SIGN-0017","notes","只授权此 PK 按冻结来源行执行 write_action；除 review_status 外，写入语义列必须与 source_path 中该 PK 完全一致。package_review、independent_signoff 与 freeze_binding_status 由本签字和三项冻结哈希闭合。","只授权此 PK 按冻结来源行执行 write_action；除 review_status 外，写入语义列必须与 source_path 中该 PK 完全一致。package_review、independent_signoff 与 freeze_binding_status 由本签字和三项冻结哈希闭合。rebase_binding=AWS-SIGNOFF-REBASE-GOOGLE-SOURCE-GATE-20260813","true"
"AWS-SIGN-0018","formal_baseline_aggregate_sha256","0b4c6106bde7e2a62b1ffd6a0df7246ded62177d941c7fb9303a2cbac62f92bf","97ebb17a2518e3a43b18a382dcfc879c1f5e2b08118a6149c8fa984e65017453","true"
"AWS-SIGN-0018","notes","只授权此 PK 按冻结来源行执行 write_action；除 review_status 外，写入语义列必须与 source_path 中该 PK 完全一致。package_review、independent_signoff 与 freeze_binding_status 由本签字和三项冻结哈希闭合。","只授权此 PK 按冻结来源行执行 write_action；除 review_status 外，写入语义列必须与 source_path 中该 PK 完全一致。package_review、independent_signoff 与 freeze_binding_status 由本签字和三项冻结哈希闭合。rebase_binding=AWS-SIGNOFF-REBASE-GOOGLE-SOURCE-GATE-20260813","true"
"AWS-SIGN-0019","formal_baseline_aggregate_sha256","0b4c6106bde7e2a62b1ffd6a0df7246ded62177d941c7fb9303a2cbac62f92bf","97ebb17a2518e3a43b18a382dcfc879c1f5e2b08118a6149c8fa984e65017453","true"
"AWS-SIGN-0019","notes","只授权此 PK 按冻结来源行执行 write_action；除 review_status 外，写入语义列必须与 source_path 中该 PK 完全一致。package_review、independent_signoff 与 freeze_binding_status 由本签字和三项冻结哈希闭合。","只授权此 PK 按冻结来源行执行 write_action；除 review_status 外，写入语义列必须与 source_path 中该 PK 完全一致。package_review、independent_signoff 与 freeze_binding_status 由本签字和三项冻结哈希闭合。rebase_binding=AWS-SIGNOFF-REBASE-GOOGLE-SOURCE-GATE-20260813","true"
"AWS-SIGN-0020","formal_baseline_aggregate_sha256","0b4c6106bde7e2a62b1ffd6a0df7246ded62177d941c7fb9303a2cbac62f92bf","97ebb17a2518e3a43b18a382dcfc879c1f5e2b08118a6149c8fa984e65017453","true"
"AWS-SIGN-0020","notes","只授权此 PK 按冻结来源行执行 write_action；除 review_status 外，写入语义列必须与 source_path 中该 PK 完全一致。package_review、independent_signoff 与 freeze_binding_status 由本签字和三项冻结哈希闭合。","只授权此 PK 按冻结来源行执行 write_action；除 review_status 外，写入语义列必须与 source_path 中该 PK 完全一致。package_review、independent_signoff 与 freeze_binding_status 由本签字和三项冻结哈希闭合。rebase_binding=AWS-SIGNOFF-REBASE-GOOGLE-SOURCE-GATE-20260813","true"
"AWS-SIGN-0021","formal_baseline_aggregate_sha256","0b4c6106bde7e2a62b1ffd6a0df7246ded62177d941c7fb9303a2cbac62f92bf","97ebb17a2518e3a43b18a382dcfc879c1f5e2b08118a6149c8fa984e65017453","true"
"AWS-SIGN-0021","notes","只授权此 PK 按冻结来源行执行 write_action；除 review_status 外，写入语义列必须与 source_path 中该 PK 完全一致。package_review、independent_signoff 与 freeze_binding_status 由本签字和三项冻结哈希闭合。","只授权此 PK 按冻结来源行执行 write_action；除 review_status 外，写入语义列必须与 source_path 中该 PK 完全一致。package_review、independent_signoff 与 freeze_binding_status 由本签字和三项冻结哈希闭合。rebase_binding=AWS-SIGNOFF-REBASE-GOOGLE-SOURCE-GATE-20260813","true"
"AWS-SIGN-0022","formal_baseline_aggregate_sha256","0b4c6106bde7e2a62b1ffd6a0df7246ded62177d941c7fb9303a2cbac62f92bf","97ebb17a2518e3a43b18a382dcfc879c1f5e2b08118a6149c8fa984e65017453","true"
"AWS-SIGN-0022","notes","只授权此 PK 按冻结来源行执行 write_action；除 review_status 外，写入语义列必须与 source_path 中该 PK 完全一致。package_review、independent_signoff 与 freeze_binding_status 由本签字和三项冻结哈希闭合。","只授权此 PK 按冻结来源行执行 write_action；除 review_status 外，写入语义列必须与 source_path 中该 PK 完全一致。package_review、independent_signoff 与 freeze_binding_status 由本签字和三项冻结哈希闭合。rebase_binding=AWS-SIGNOFF-REBASE-GOOGLE-SOURCE-GATE-20260813","true"
"AWS-SIGN-0023","formal_baseline_aggregate_sha256","0b4c6106bde7e2a62b1ffd6a0df7246ded62177d941c7fb9303a2cbac62f92bf","97ebb17a2518e3a43b18a382dcfc879c1f5e2b08118a6149c8fa984e65017453","true"
"AWS-SIGN-0023","notes","只授权此 PK 按冻结来源行执行 write_action；除 review_status 外，写入语义列必须与 source_path 中该 PK 完全一致。package_review、independent_signoff 与 freeze_binding_status 由本签字和三项冻结哈希闭合。","只授权此 PK 按冻结来源行执行 write_action；除 review_status 外，写入语义列必须与 source_path 中该 PK 完全一致。package_review、independent_signoff 与 freeze_binding_status 由本签字和三项冻结哈希闭合。rebase_binding=AWS-SIGNOFF-REBASE-GOOGLE-SOURCE-GATE-20260813","true"
"AWS-SIGN-0024","formal_baseline_aggregate_sha256","0b4c6106bde7e2a62b1ffd6a0df7246ded62177d941c7fb9303a2cbac62f92bf","97ebb17a2518e3a43b18a382dcfc879c1f5e2b08118a6149c8fa984e65017453","true"
"AWS-SIGN-0024","notes","只授权此 PK 按冻结来源行执行 write_action；除 review_status 外，写入语义列必须与 source_path 中该 PK 完全一致。package_review、independent_signoff 与 freeze_binding_status 由本签字和三项冻结哈希闭合。","只授权此 PK 按冻结来源行执行 write_action；除 review_status 外，写入语义列必须与 source_path 中该 PK 完全一致。package_review、independent_signoff 与 freeze_binding_status 由本签字和三项冻结哈希闭合。rebase_binding=AWS-SIGNOFF-REBASE-GOOGLE-SOURCE-GATE-20260813","true"
"AWS-SIGN-0025","formal_baseline_aggregate_sha256","0b4c6106bde7e2a62b1ffd6a0df7246ded62177d941c7fb9303a2cbac62f92bf","97ebb17a2518e3a43b18a382dcfc879c1f5e2b08118a6149c8fa984e65017453","true"
"AWS-SIGN-0025","notes","只授权此 PK 按冻结来源行执行 write_action；除 review_status 外，写入语义列必须与 source_path 中该 PK 完全一致。package_review、independent_signoff 与 freeze_binding_status 由本签字和三项冻结哈希闭合。","只授权此 PK 按冻结来源行执行 write_action；除 review_status 外，写入语义列必须与 source_path 中该 PK 完全一致。package_review、independent_signoff 与 freeze_binding_status 由本签字和三项冻结哈希闭合。rebase_binding=AWS-SIGNOFF-REBASE-GOOGLE-SOURCE-GATE-20260813","true"
"AWS-SIGN-0026","formal_baseline_aggregate_sha256","0b4c6106bde7e2a62b1ffd6a0df7246ded62177d941c7fb9303a2cbac62f92bf","97ebb17a2518e3a43b18a382dcfc879c1f5e2b08118a6149c8fa984e65017453","true"
"AWS-SIGN-0026","notes","只授权此 PK 按冻结来源行执行 write_action；除 review_status 外，写入语义列必须与 source_path 中该 PK 完全一致。package_review、independent_signoff 与 freeze_binding_status 由本签字和三项冻结哈希闭合。","只授权此 PK 按冻结来源行执行 write_action；除 review_status 外，写入语义列必须与 source_path 中该 PK 完全一致。package_review、independent_signoff 与 freeze_binding_status 由本签字和三项冻结哈希闭合。rebase_binding=AWS-SIGNOFF-REBASE-GOOGLE-SOURCE-GATE-20260813","true"
"AWS-SIGN-0027","formal_baseline_aggregate_sha256","0b4c6106bde7e2a62b1ffd6a0df7246ded62177d941c7fb9303a2cbac62f92bf","97ebb17a2518e3a43b18a382dcfc879c1f5e2b08118a6149c8fa984e65017453","true"
"AWS-SIGN-0027","notes","只授权此 PK 按冻结来源行执行 write_action；除 review_status 外，写入语义列必须与 source_path 中该 PK 完全一致。package_review、independent_signoff 与 freeze_binding_status 由本签字和三项冻结哈希闭合。","只授权此 PK 按冻结来源行执行 write_action；除 review_status 外，写入语义列必须与 source_path 中该 PK 完全一致。package_review、independent_signoff 与 freeze_binding_status 由本签字和三项冻结哈希闭合。rebase_binding=AWS-SIGNOFF-REBASE-GOOGLE-SOURCE-GATE-20260813","true"
"AWS-SIGN-0028","formal_baseline_aggregate_sha256","0b4c6106bde7e2a62b1ffd6a0df7246ded62177d941c7fb9303a2cbac62f92bf","97ebb17a2518e3a43b18a382dcfc879c1f5e2b08118a6149c8fa984e65017453","true"
"AWS-SIGN-0028","notes","只授权此 PK 按冻结来源行执行 write_action；除 review_status 外，写入语义列必须与 source_path 中该 PK 完全一致。package_review、independent_signoff 与 freeze_binding_status 由本签字和三项冻结哈希闭合。","只授权此 PK 按冻结来源行执行 write_action；除 review_status 外，写入语义列必须与 source_path 中该 PK 完全一致。package_review、independent_signoff 与 freeze_binding_status 由本签字和三项冻结哈希闭合。rebase_binding=AWS-SIGNOFF-REBASE-GOOGLE-SOURCE-GATE-20260813","true"
"AWS-SIGN-0029","formal_baseline_aggregate_sha256","0b4c6106bde7e2a62b1ffd6a0df7246ded62177d941c7fb9303a2cbac62f92bf","97ebb17a2518e3a43b18a382dcfc879c1f5e2b08118a6149c8fa984e65017453","true"
"AWS-SIGN-0029","notes","只授权此 PK 按冻结来源行执行 write_action；除 review_status 外，写入语义列必须与 source_path 中该 PK 完全一致。package_review、independent_signoff 与 freeze_binding_status 由本签字和三项冻结哈希闭合。","只授权此 PK 按冻结来源行执行 write_action；除 review_status 外，写入语义列必须与 source_path 中该 PK 完全一致。package_review、independent_signoff 与 freeze_binding_status 由本签字和三项冻结哈希闭合。rebase_binding=AWS-SIGNOFF-REBASE-GOOGLE-SOURCE-GATE-20260813","true"
"AWS-SIGN-0030","formal_baseline_aggregate_sha256","0b4c6106bde7e2a62b1ffd6a0df7246ded62177d941c7fb9303a2cbac62f92bf","97ebb17a2518e3a43b18a382dcfc879c1f5e2b08118a6149c8fa984e65017453","true"
"AWS-SIGN-0030","notes","只授权此 PK 按冻结来源行执行 write_action；除 review_status 外，写入语义列必须与 source_path 中该 PK 完全一致。package_review、independent_signoff 与 freeze_binding_status 由本签字和三项冻结哈希闭合。","只授权此 PK 按冻结来源行执行 write_action；除 review_status 外，写入语义列必须与 source_path 中该 PK 完全一致。package_review、independent_signoff 与 freeze_binding_status 由本签字和三项冻结哈希闭合。rebase_binding=AWS-SIGNOFF-REBASE-GOOGLE-SOURCE-GATE-20260813","true"
"AWS-SIGN-0031","formal_baseline_aggregate_sha256","0b4c6106bde7e2a62b1ffd6a0df7246ded62177d941c7fb9303a2cbac62f92bf","97ebb17a2518e3a43b18a382dcfc879c1f5e2b08118a6149c8fa984e65017453","true"
"AWS-SIGN-0031","notes","只授权此 PK 按冻结来源行执行 write_action；除 review_status 外，写入语义列必须与 source_path 中该 PK 完全一致。package_review、independent_signoff 与 freeze_binding_status 由本签字和三项冻结哈希闭合。","只授权此 PK 按冻结来源行执行 write_action；除 review_status 外，写入语义列必须与 source_path 中该 PK 完全一致。package_review、independent_signoff 与 freeze_binding_status 由本签字和三项冻结哈希闭合。rebase_binding=AWS-SIGNOFF-REBASE-GOOGLE-SOURCE-GATE-20260813","true"
"AWS-SIGN-0032","formal_baseline_aggregate_sha256","0b4c6106bde7e2a62b1ffd6a0df7246ded62177d941c7fb9303a2cbac62f92bf","97ebb17a2518e3a43b18a382dcfc879c1f5e2b08118a6149c8fa984e65017453","true"
"AWS-SIGN-0032","notes","只授权此 PK 按冻结来源行执行 write_action；除 review_status 外，写入语义列必须与 source_path 中该 PK 完全一致。package_review、independent_signoff 与 freeze_binding_status 由本签字和三项冻结哈希闭合。","只授权此 PK 按冻结来源行执行 write_action；除 review_status 外，写入语义列必须与 source_path 中该 PK 完全一致。package_review、independent_signoff 与 freeze_binding_status 由本签字和三项冻结哈希闭合。rebase_binding=AWS-SIGNOFF-REBASE-GOOGLE-SOURCE-GATE-20260813","true"
"AWS-SIGN-0033","formal_baseline_aggregate_sha256","0b4c6106bde7e2a62b1ffd6a0df7246ded62177d941c7fb9303a2cbac62f92bf","97ebb17a2518e3a43b18a382dcfc879c1f5e2b08118a6149c8fa984e65017453","true"
"AWS-SIGN-0033","notes","只授权此 PK 按冻结来源行执行 write_action；除 review_status 外，写入语义列必须与 source_path 中该 PK 完全一致。package_review、independent_signoff 与 freeze_binding_status 由本签字和三项冻结哈希闭合。","只授权此 PK 按冻结来源行执行 write_action；除 review_status 外，写入语义列必须与 source_path 中该 PK 完全一致。package_review、independent_signoff 与 freeze_binding_status 由本签字和三项冻结哈希闭合。rebase_binding=AWS-SIGNOFF-REBASE-GOOGLE-SOURCE-GATE-20260813","true"
"AWS-SIGN-0034","formal_baseline_aggregate_sha256","0b4c6106bde7e2a62b1ffd6a0df7246ded62177d941c7fb9303a2cbac62f92bf","97ebb17a2518e3a43b18a382dcfc879c1f5e2b08118a6149c8fa984e65017453","true"
"AWS-SIGN-0034","notes","只授权此 PK 按冻结来源行执行 write_action；除 review_status 外，写入语义列必须与 source_path 中该 PK 完全一致。package_review、independent_signoff 与 freeze_binding_status 由本签字和三项冻结哈希闭合。","只授权此 PK 按冻结来源行执行 write_action；除 review_status 外，写入语义列必须与 source_path 中该 PK 完全一致。package_review、independent_signoff 与 freeze_binding_status 由本签字和三项冻结哈希闭合。rebase_binding=AWS-SIGNOFF-REBASE-GOOGLE-SOURCE-GATE-20260813","true"
"AWS-SIGN-0035","formal_baseline_aggregate_sha256","0b4c6106bde7e2a62b1ffd6a0df7246ded62177d941c7fb9303a2cbac62f92bf","97ebb17a2518e3a43b18a382dcfc879c1f5e2b08118a6149c8fa984e65017453","true"
"AWS-SIGN-0035","notes","只授权此 PK 按冻结来源行执行 write_action；除 review_status 外，写入语义列必须与 source_path 中该 PK 完全一致。package_review、independent_signoff 与 freeze_binding_status 由本签字和三项冻结哈希闭合。","只授权此 PK 按冻结来源行执行 write_action；除 review_status 外，写入语义列必须与 source_path 中该 PK 完全一致。package_review、independent_signoff 与 freeze_binding_status 由本签字和三项冻结哈希闭合。rebase_binding=AWS-SIGNOFF-REBASE-GOOGLE-SOURCE-GATE-20260813","true"
"AWS-SIGN-0036","formal_baseline_aggregate_sha256","0b4c6106bde7e2a62b1ffd6a0df7246ded62177d941c7fb9303a2cbac62f92bf","97ebb17a2518e3a43b18a382dcfc879c1f5e2b08118a6149c8fa984e65017453","true"
"AWS-SIGN-0036","notes","只授权此 PK 按冻结来源行执行 write_action；除 review_status 外，写入语义列必须与 source_path 中该 PK 完全一致。package_review、independent_signoff 与 freeze_binding_status 由本签字和三项冻结哈希闭合。","只授权此 PK 按冻结来源行执行 write_action；除 review_status 外，写入语义列必须与 source_path 中该 PK 完全一致。package_review、independent_signoff 与 freeze_binding_status 由本签字和三项冻结哈希闭合。rebase_binding=AWS-SIGNOFF-REBASE-GOOGLE-SOURCE-GATE-20260813","true"
"AWS-SIGN-0037","formal_baseline_aggregate_sha256","0b4c6106bde7e2a62b1ffd6a0df7246ded62177d941c7fb9303a2cbac62f92bf","97ebb17a2518e3a43b18a382dcfc879c1f5e2b08118a6149c8fa984e65017453","true"
"AWS-SIGN-0037","notes","只授权此 PK 按冻结来源行执行 write_action；除 review_status 外，写入语义列必须与 source_path 中该 PK 完全一致。package_review、independent_signoff 与 freeze_binding_status 由本签字和三项冻结哈希闭合。","只授权此 PK 按冻结来源行执行 write_action；除 review_status 外，写入语义列必须与 source_path 中该 PK 完全一致。package_review、independent_signoff 与 freeze_binding_status 由本签字和三项冻结哈希闭合。rebase_binding=AWS-SIGNOFF-REBASE-GOOGLE-SOURCE-GATE-20260813","true"
"AWS-SIGN-0038","formal_baseline_aggregate_sha256","0b4c6106bde7e2a62b1ffd6a0df7246ded62177d941c7fb9303a2cbac62f92bf","97ebb17a2518e3a43b18a382dcfc879c1f5e2b08118a6149c8fa984e65017453","true"
"AWS-SIGN-0038","notes","只授权此 PK 按冻结来源行执行 write_action；除 review_status 外，写入语义列必须与 source_path 中该 PK 完全一致。package_review、independent_signoff 与 freeze_binding_status 由本签字和三项冻结哈希闭合。","只授权此 PK 按冻结来源行执行 write_action；除 review_status 外，写入语义列必须与 source_path 中该 PK 完全一致。package_review、independent_signoff 与 freeze_binding_status 由本签字和三项冻结哈希闭合。rebase_binding=AWS-SIGNOFF-REBASE-GOOGLE-SOURCE-GATE-20260813","true"
"AWS-SIGN-0039","formal_baseline_aggregate_sha256","0b4c6106bde7e2a62b1ffd6a0df7246ded62177d941c7fb9303a2cbac62f92bf","97ebb17a2518e3a43b18a382dcfc879c1f5e2b08118a6149c8fa984e65017453","true"
"AWS-SIGN-0039","notes","只授权此 PK 按冻结来源行执行 write_action；除 review_status 外，写入语义列必须与 source_path 中该 PK 完全一致。package_review、independent_signoff 与 freeze_binding_status 由本签字和三项冻结哈希闭合。","只授权此 PK 按冻结来源行执行 write_action；除 review_status 外，写入语义列必须与 source_path 中该 PK 完全一致。package_review、independent_signoff 与 freeze_binding_status 由本签字和三项冻结哈希闭合。rebase_binding=AWS-SIGNOFF-REBASE-GOOGLE-SOURCE-GATE-20260813","true"
"AWS-SIGN-0040","formal_baseline_aggregate_sha256","0b4c6106bde7e2a62b1ffd6a0df7246ded62177d941c7fb9303a2cbac62f92bf","97ebb17a2518e3a43b18a382dcfc879c1f5e2b08118a6149c8fa984e65017453","true"
"AWS-SIGN-0040","notes","只授权此 PK 按冻结来源行执行 write_action；除 review_status 外，写入语义列必须与 source_path 中该 PK 完全一致。package_review、independent_signoff 与 freeze_binding_status 由本签字和三项冻结哈希闭合。","只授权此 PK 按冻结来源行执行 write_action；除 review_status 外，写入语义列必须与 source_path 中该 PK 完全一致。package_review、independent_signoff 与 freeze_binding_status 由本签字和三项冻结哈希闭合。rebase_binding=AWS-SIGNOFF-REBASE-GOOGLE-SOURCE-GATE-20260813","true"
"AWS-SIGN-0041","formal_baseline_aggregate_sha256","0b4c6106bde7e2a62b1ffd6a0df7246ded62177d941c7fb9303a2cbac62f92bf","97ebb17a2518e3a43b18a382dcfc879c1f5e2b08118a6149c8fa984e65017453","true"
"AWS-SIGN-0041","notes","只授权此 PK 按冻结来源行执行 write_action；除 review_status 外，写入语义列必须与 source_path 中该 PK 完全一致。package_review、independent_signoff 与 freeze_binding_status 由本签字和三项冻结哈希闭合。","只授权此 PK 按冻结来源行执行 write_action；除 review_status 外，写入语义列必须与 source_path 中该 PK 完全一致。package_review、independent_signoff 与 freeze_binding_status 由本签字和三项冻结哈希闭合。rebase_binding=AWS-SIGNOFF-REBASE-GOOGLE-SOURCE-GATE-20260813","true"
"AWS-SIGN-0042","formal_baseline_aggregate_sha256","0b4c6106bde7e2a62b1ffd6a0df7246ded62177d941c7fb9303a2cbac62f92bf","97ebb17a2518e3a43b18a382dcfc879c1f5e2b08118a6149c8fa984e65017453","true"
"AWS-SIGN-0042","notes","只授权此 PK 按冻结来源行执行 write_action；除 review_status 外，写入语义列必须与 source_path 中该 PK 完全一致。package_review、independent_signoff 与 freeze_binding_status 由本签字和三项冻结哈希闭合。","只授权此 PK 按冻结来源行执行 write_action；除 review_status 外，写入语义列必须与 source_path 中该 PK 完全一致。package_review、independent_signoff 与 freeze_binding_status 由本签字和三项冻结哈希闭合。rebase_binding=AWS-SIGNOFF-REBASE-GOOGLE-SOURCE-GATE-20260813","true"
"AWS-SIGN-0043","formal_baseline_aggregate_sha256","0b4c6106bde7e2a62b1ffd6a0df7246ded62177d941c7fb9303a2cbac62f92bf","97ebb17a2518e3a43b18a382dcfc879c1f5e2b08118a6149c8fa984e65017453","true"
"AWS-SIGN-0043","notes","只授权此 PK 按冻结来源行执行 write_action；除 review_status 外，写入语义列必须与 source_path 中该 PK 完全一致。package_review、independent_signoff 与 freeze_binding_status 由本签字和三项冻结哈希闭合。","只授权此 PK 按冻结来源行执行 write_action；除 review_status 外，写入语义列必须与 source_path 中该 PK 完全一致。package_review、independent_signoff 与 freeze_binding_status 由本签字和三项冻结哈希闭合。rebase_binding=AWS-SIGNOFF-REBASE-GOOGLE-SOURCE-GATE-20260813","true"
"AWS-SIGN-0044","formal_baseline_aggregate_sha256","0b4c6106bde7e2a62b1ffd6a0df7246ded62177d941c7fb9303a2cbac62f92bf","97ebb17a2518e3a43b18a382dcfc879c1f5e2b08118a6149c8fa984e65017453","true"
"AWS-SIGN-0044","notes","只授权此 PK 按冻结来源行执行 write_action；除 review_status 外，写入语义列必须与 source_path 中该 PK 完全一致。package_review、independent_signoff 与 freeze_binding_status 由本签字和三项冻结哈希闭合。","只授权此 PK 按冻结来源行执行 write_action；除 review_status 外，写入语义列必须与 source_path 中该 PK 完全一致。package_review、independent_signoff 与 freeze_binding_status 由本签字和三项冻结哈希闭合。rebase_binding=AWS-SIGNOFF-REBASE-GOOGLE-SOURCE-GATE-20260813","true"
"AWS-SIGN-0045","formal_baseline_aggregate_sha256","0b4c6106bde7e2a62b1ffd6a0df7246ded62177d941c7fb9303a2cbac62f92bf","97ebb17a2518e3a43b18a382dcfc879c1f5e2b08118a6149c8fa984e65017453","true"
"AWS-SIGN-0045","notes","只授权此 PK 按冻结来源行执行 write_action；除 review_status 外，写入语义列必须与 source_path 中该 PK 完全一致。package_review、independent_signoff 与 freeze_binding_status 由本签字和三项冻结哈希闭合。","只授权此 PK 按冻结来源行执行 write_action；除 review_status 外，写入语义列必须与 source_path 中该 PK 完全一致。package_review、independent_signoff 与 freeze_binding_status 由本签字和三项冻结哈希闭合。rebase_binding=AWS-SIGNOFF-REBASE-GOOGLE-SOURCE-GATE-20260813","true"
"AWS-SIGN-0046","formal_baseline_aggregate_sha256","0b4c6106bde7e2a62b1ffd6a0df7246ded62177d941c7fb9303a2cbac62f92bf","97ebb17a2518e3a43b18a382dcfc879c1f5e2b08118a6149c8fa984e65017453","true"
"AWS-SIGN-0046","notes","只授权此 PK 按冻结来源行执行 write_action；除 review_status 外，写入语义列必须与 source_path 中该 PK 完全一致。package_review、independent_signoff 与 freeze_binding_status 由本签字和三项冻结哈希闭合。","只授权此 PK 按冻结来源行执行 write_action；除 review_status 外，写入语义列必须与 source_path 中该 PK 完全一致。package_review、independent_signoff 与 freeze_binding_status 由本签字和三项冻结哈希闭合。rebase_binding=AWS-SIGNOFF-REBASE-GOOGLE-SOURCE-GATE-20260813","true"
"AWS-SIGN-0047","formal_baseline_aggregate_sha256","0b4c6106bde7e2a62b1ffd6a0df7246ded62177d941c7fb9303a2cbac62f92bf","97ebb17a2518e3a43b18a382dcfc879c1f5e2b08118a6149c8fa984e65017453","true"
"AWS-SIGN-0047","notes","只授权此 PK 按冻结来源行执行 write_action；除 review_status 外，写入语义列必须与 source_path 中该 PK 完全一致。package_review、independent_signoff 与 freeze_binding_status 由本签字和三项冻结哈希闭合。","只授权此 PK 按冻结来源行执行 write_action；除 review_status 外，写入语义列必须与 source_path 中该 PK 完全一致。package_review、independent_signoff 与 freeze_binding_status 由本签字和三项冻结哈希闭合。rebase_binding=AWS-SIGNOFF-REBASE-GOOGLE-SOURCE-GATE-20260813","true"
"AWS-SIGN-0048","formal_baseline_aggregate_sha256","0b4c6106bde7e2a62b1ffd6a0df7246ded62177d941c7fb9303a2cbac62f92bf","97ebb17a2518e3a43b18a382dcfc879c1f5e2b08118a6149c8fa984e65017453","true"
"AWS-SIGN-0048","notes","只授权此 PK 按冻结来源行执行 write_action；除 review_status 外，写入语义列必须与 source_path 中该 PK 完全一致。package_review、independent_signoff 与 freeze_binding_status 由本签字和三项冻结哈希闭合。","只授权此 PK 按冻结来源行执行 write_action；除 review_status 外，写入语义列必须与 source_path 中该 PK 完全一致。package_review、independent_signoff 与 freeze_binding_status 由本签字和三项冻结哈希闭合。rebase_binding=AWS-SIGNOFF-REBASE-GOOGLE-SOURCE-GATE-20260813","true"
"AWS-SIGN-0049","formal_baseline_aggregate_sha256","0b4c6106bde7e2a62b1ffd6a0df7246ded62177d941c7fb9303a2cbac62f92bf","97ebb17a2518e3a43b18a382dcfc879c1f5e2b08118a6149c8fa984e65017453","true"
"AWS-SIGN-0049","notes","只授权此 PK 按冻结来源行执行 write_action；除 review_status 外，写入语义列必须与 source_path 中该 PK 完全一致。package_review、independent_signoff 与 freeze_binding_status 由本签字和三项冻结哈希闭合。","只授权此 PK 按冻结来源行执行 write_action；除 review_status 外，写入语义列必须与 source_path 中该 PK 完全一致。package_review、independent_signoff 与 freeze_binding_status 由本签字和三项冻结哈希闭合。rebase_binding=AWS-SIGNOFF-REBASE-GOOGLE-SOURCE-GATE-20260813","true"
"AWS-SIGN-0050","formal_baseline_aggregate_sha256","0b4c6106bde7e2a62b1ffd6a0df7246ded62177d941c7fb9303a2cbac62f92bf","97ebb17a2518e3a43b18a382dcfc879c1f5e2b08118a6149c8fa984e65017453","true"
"AWS-SIGN-0050","notes","只授权此 PK 按冻结来源行执行 write_action；除 review_status 外，写入语义列必须与 source_path 中该 PK 完全一致。package_review、independent_signoff 与 freeze_binding_status 由本签字和三项冻结哈希闭合。","只授权此 PK 按冻结来源行执行 write_action；除 review_status 外，写入语义列必须与 source_path 中该 PK 完全一致。package_review、independent_signoff 与 freeze_binding_status 由本签字和三项冻结哈希闭合。rebase_binding=AWS-SIGNOFF-REBASE-GOOGLE-SOURCE-GATE-20260813","true"
"AWS-SIGN-0051","formal_baseline_aggregate_sha256","0b4c6106bde7e2a62b1ffd6a0df7246ded62177d941c7fb9303a2cbac62f92bf","97ebb17a2518e3a43b18a382dcfc879c1f5e2b08118a6149c8fa984e65017453","true"
"AWS-SIGN-0051","notes","只授权此 PK 按冻结来源行执行 write_action；除 review_status 外，写入语义列必须与 source_path 中该 PK 完全一致。package_review、independent_signoff 与 freeze_binding_status 由本签字和三项冻结哈希闭合。","只授权此 PK 按冻结来源行执行 write_action；除 review_status 外，写入语义列必须与 source_path 中该 PK 完全一致。package_review、independent_signoff 与 freeze_binding_status 由本签字和三项冻结哈希闭合。rebase_binding=AWS-SIGNOFF-REBASE-GOOGLE-SOURCE-GATE-20260813","true"
"AWS-SIGN-0052","formal_baseline_aggregate_sha256","0b4c6106bde7e2a62b1ffd6a0df7246ded62177d941c7fb9303a2cbac62f92bf","97ebb17a2518e3a43b18a382dcfc879c1f5e2b08118a6149c8fa984e65017453","true"
"AWS-SIGN-0052","notes","只授权此 PK 按冻结来源行执行 write_action；除 review_status 外，写入语义列必须与 source_path 中该 PK 完全一致。package_review、independent_signoff 与 freeze_binding_status 由本签字和三项冻结哈希闭合。","只授权此 PK 按冻结来源行执行 write_action；除 review_status 外，写入语义列必须与 source_path 中该 PK 完全一致。package_review、independent_signoff 与 freeze_binding_status 由本签字和三项冻结哈希闭合。rebase_binding=AWS-SIGNOFF-REBASE-GOOGLE-SOURCE-GATE-20260813","true"
"AWS-SIGN-0053","formal_baseline_aggregate_sha256","0b4c6106bde7e2a62b1ffd6a0df7246ded62177d941c7fb9303a2cbac62f92bf","97ebb17a2518e3a43b18a382dcfc879c1f5e2b08118a6149c8fa984e65017453","true"
"AWS-SIGN-0053","notes","只授权此 PK 按冻结来源行执行 write_action；除 review_status 外，写入语义列必须与 source_path 中该 PK 完全一致。package_review、independent_signoff 与 freeze_binding_status 由本签字和三项冻结哈希闭合。","只授权此 PK 按冻结来源行执行 write_action；除 review_status 外，写入语义列必须与 source_path 中该 PK 完全一致。package_review、independent_signoff 与 freeze_binding_status 由本签字和三项冻结哈希闭合。rebase_binding=AWS-SIGNOFF-REBASE-GOOGLE-SOURCE-GATE-20260813","true"
"AWS-SIGN-0054","formal_baseline_aggregate_sha256","0b4c6106bde7e2a62b1ffd6a0df7246ded62177d941c7fb9303a2cbac62f92bf","97ebb17a2518e3a43b18a382dcfc879c1f5e2b08118a6149c8fa984e65017453","true"
"AWS-SIGN-0054","notes","只授权此 PK 按冻结来源行执行 write_action；除 review_status 外，写入语义列必须与 source_path 中该 PK 完全一致。package_review、independent_signoff 与 freeze_binding_status 由本签字和三项冻结哈希闭合。","只授权此 PK 按冻结来源行执行 write_action；除 review_status 外，写入语义列必须与 source_path 中该 PK 完全一致。package_review、independent_signoff 与 freeze_binding_status 由本签字和三项冻结哈希闭合。rebase_binding=AWS-SIGNOFF-REBASE-GOOGLE-SOURCE-GATE-20260813","true"
"AWS-SIGN-0055","formal_baseline_aggregate_sha256","0b4c6106bde7e2a62b1ffd6a0df7246ded62177d941c7fb9303a2cbac62f92bf","97ebb17a2518e3a43b18a382dcfc879c1f5e2b08118a6149c8fa984e65017453","true"
"AWS-SIGN-0055","notes","只授权此 PK 按冻结来源行执行 write_action；除 review_status 外，写入语义列必须与 source_path 中该 PK 完全一致。package_review、independent_signoff 与 freeze_binding_status 由本签字和三项冻结哈希闭合。","只授权此 PK 按冻结来源行执行 write_action；除 review_status 外，写入语义列必须与 source_path 中该 PK 完全一致。package_review、independent_signoff 与 freeze_binding_status 由本签字和三项冻结哈希闭合。rebase_binding=AWS-SIGNOFF-REBASE-GOOGLE-SOURCE-GATE-20260813","true"
"AWS-SIGN-0056","formal_baseline_aggregate_sha256","0b4c6106bde7e2a62b1ffd6a0df7246ded62177d941c7fb9303a2cbac62f92bf","97ebb17a2518e3a43b18a382dcfc879c1f5e2b08118a6149c8fa984e65017453","true"
"AWS-SIGN-0056","notes","只授权此 PK 按冻结来源行执行 write_action；除 review_status 外，写入语义列必须与 source_path 中该 PK 完全一致。package_review、independent_signoff 与 freeze_binding_status 由本签字和三项冻结哈希闭合。","只授权此 PK 按冻结来源行执行 write_action；除 review_status 外，写入语义列必须与 source_path 中该 PK 完全一致。package_review、independent_signoff 与 freeze_binding_status 由本签字和三项冻结哈希闭合。rebase_binding=AWS-SIGNOFF-REBASE-GOOGLE-SOURCE-GATE-20260813","true"
"AWS-SIGN-0057","formal_baseline_aggregate_sha256","0b4c6106bde7e2a62b1ffd6a0df7246ded62177d941c7fb9303a2cbac62f92bf","97ebb17a2518e3a43b18a382dcfc879c1f5e2b08118a6149c8fa984e65017453","true"
"AWS-SIGN-0057","notes","只授权此 PK 按冻结来源行执行 write_action；除 review_status 外，写入语义列必须与 source_path 中该 PK 完全一致。package_review、independent_signoff 与 freeze_binding_status 由本签字和三项冻结哈希闭合。","只授权此 PK 按冻结来源行执行 write_action；除 review_status 外，写入语义列必须与 source_path 中该 PK 完全一致。package_review、independent_signoff 与 freeze_binding_status 由本签字和三项冻结哈希闭合。rebase_binding=AWS-SIGNOFF-REBASE-GOOGLE-SOURCE-GATE-20260813","true"
"AWS-SIGN-0058","formal_baseline_aggregate_sha256","0b4c6106bde7e2a62b1ffd6a0df7246ded62177d941c7fb9303a2cbac62f92bf","97ebb17a2518e3a43b18a382dcfc879c1f5e2b08118a6149c8fa984e65017453","true"
"AWS-SIGN-0058","notes","只授权此 PK 按冻结来源行执行 write_action；除 review_status 外，写入语义列必须与 source_path 中该 PK 完全一致。package_review、independent_signoff 与 freeze_binding_status 由本签字和三项冻结哈希闭合。","只授权此 PK 按冻结来源行执行 write_action；除 review_status 外，写入语义列必须与 source_path 中该 PK 完全一致。package_review、independent_signoff 与 freeze_binding_status 由本签字和三项冻结哈希闭合。rebase_binding=AWS-SIGNOFF-REBASE-GOOGLE-SOURCE-GATE-20260813","true"
"AWS-SIGN-0059","formal_baseline_aggregate_sha256","0b4c6106bde7e2a62b1ffd6a0df7246ded62177d941c7fb9303a2cbac62f92bf","97ebb17a2518e3a43b18a382dcfc879c1f5e2b08118a6149c8fa984e65017453","true"
"AWS-SIGN-0059","notes","只授权此 PK 按冻结来源行执行 write_action；除 review_status 外，写入语义列必须与 source_path 中该 PK 完全一致。package_review、independent_signoff 与 freeze_binding_status 由本签字和三项冻结哈希闭合。","只授权此 PK 按冻结来源行执行 write_action；除 review_status 外，写入语义列必须与 source_path 中该 PK 完全一致。package_review、independent_signoff 与 freeze_binding_status 由本签字和三项冻结哈希闭合。rebase_binding=AWS-SIGNOFF-REBASE-GOOGLE-SOURCE-GATE-20260813","true"
"AWS-SIGN-0060","formal_baseline_aggregate_sha256","0b4c6106bde7e2a62b1ffd6a0df7246ded62177d941c7fb9303a2cbac62f92bf","97ebb17a2518e3a43b18a382dcfc879c1f5e2b08118a6149c8fa984e65017453","true"
"AWS-SIGN-0060","notes","只授权此 PK 按冻结来源行执行 write_action；除 review_status 外，写入语义列必须与 source_path 中该 PK 完全一致。package_review、independent_signoff 与 freeze_binding_status 由本签字和三项冻结哈希闭合。","只授权此 PK 按冻结来源行执行 write_action；除 review_status 外，写入语义列必须与 source_path 中该 PK 完全一致。package_review、independent_signoff 与 freeze_binding_status 由本签字和三项冻结哈希闭合。rebase_binding=AWS-SIGNOFF-REBASE-GOOGLE-SOURCE-GATE-20260813","true"
"AWS-SIGN-0061","formal_baseline_aggregate_sha256","0b4c6106bde7e2a62b1ffd6a0df7246ded62177d941c7fb9303a2cbac62f92bf","97ebb17a2518e3a43b18a382dcfc879c1f5e2b08118a6149c8fa984e65017453","true"
"AWS-SIGN-0061","notes","只授权此 PK 按冻结来源行执行 write_action；除 review_status 外，写入语义列必须与 source_path 中该 PK 完全一致。package_review、independent_signoff 与 freeze_binding_status 由本签字和三项冻结哈希闭合。","只授权此 PK 按冻结来源行执行 write_action；除 review_status 外，写入语义列必须与 source_path 中该 PK 完全一致。package_review、independent_signoff 与 freeze_binding_status 由本签字和三项冻结哈希闭合。rebase_binding=AWS-SIGNOFF-REBASE-GOOGLE-SOURCE-GATE-20260813","true"
"AWS-SIGN-0062","formal_baseline_aggregate_sha256","0b4c6106bde7e2a62b1ffd6a0df7246ded62177d941c7fb9303a2cbac62f92bf","97ebb17a2518e3a43b18a382dcfc879c1f5e2b08118a6149c8fa984e65017453","true"
"AWS-SIGN-0062","notes","只授权此 PK 按冻结来源行执行 write_action；除 review_status 外，写入语义列必须与 source_path 中该 PK 完全一致。package_review、independent_signoff 与 freeze_binding_status 由本签字和三项冻结哈希闭合。","只授权此 PK 按冻结来源行执行 write_action；除 review_status 外，写入语义列必须与 source_path 中该 PK 完全一致。package_review、independent_signoff 与 freeze_binding_status 由本签字和三项冻结哈希闭合。rebase_binding=AWS-SIGNOFF-REBASE-GOOGLE-SOURCE-GATE-20260813","true"
"AWS-SIGN-0063","formal_baseline_aggregate_sha256","0b4c6106bde7e2a62b1ffd6a0df7246ded62177d941c7fb9303a2cbac62f92bf","97ebb17a2518e3a43b18a382dcfc879c1f5e2b08118a6149c8fa984e65017453","true"
"AWS-SIGN-0063","notes","只授权此 PK 按冻结来源行执行 write_action；除 review_status 外，写入语义列必须与 source_path 中该 PK 完全一致。package_review、independent_signoff 与 freeze_binding_status 由本签字和三项冻结哈希闭合。","只授权此 PK 按冻结来源行执行 write_action；除 review_status 外，写入语义列必须与 source_path 中该 PK 完全一致。package_review、independent_signoff 与 freeze_binding_status 由本签字和三项冻结哈希闭合。rebase_binding=AWS-SIGNOFF-REBASE-GOOGLE-SOURCE-GATE-20260813","true"
"AWS-SIGN-0064","formal_baseline_aggregate_sha256","0b4c6106bde7e2a62b1ffd6a0df7246ded62177d941c7fb9303a2cbac62f92bf","97ebb17a2518e3a43b18a382dcfc879c1f5e2b08118a6149c8fa984e65017453","true"
"AWS-SIGN-0064","notes","只授权此 PK 按冻结来源行执行 write_action；除 review_status 外，写入语义列必须与 source_path 中该 PK 完全一致。package_review、independent_signoff 与 freeze_binding_status 由本签字和三项冻结哈希闭合。","只授权此 PK 按冻结来源行执行 write_action；除 review_status 外，写入语义列必须与 source_path 中该 PK 完全一致。package_review、independent_signoff 与 freeze_binding_status 由本签字和三项冻结哈希闭合。rebase_binding=AWS-SIGNOFF-REBASE-GOOGLE-SOURCE-GATE-20260813","true"
"AWS-SIGN-0065","formal_baseline_aggregate_sha256","0b4c6106bde7e2a62b1ffd6a0df7246ded62177d941c7fb9303a2cbac62f92bf","97ebb17a2518e3a43b18a382dcfc879c1f5e2b08118a6149c8fa984e65017453","true"
"AWS-SIGN-0065","notes","只授权此 PK 按冻结来源行执行 write_action；除 review_status 外，写入语义列必须与 source_path 中该 PK 完全一致。package_review、independent_signoff 与 freeze_binding_status 由本签字和三项冻结哈希闭合。","只授权此 PK 按冻结来源行执行 write_action；除 review_status 外，写入语义列必须与 source_path 中该 PK 完全一致。package_review、independent_signoff 与 freeze_binding_status 由本签字和三项冻结哈希闭合。rebase_binding=AWS-SIGNOFF-REBASE-GOOGLE-SOURCE-GATE-20260813","true"
"AWS-SIGN-0066","formal_baseline_aggregate_sha256","0b4c6106bde7e2a62b1ffd6a0df7246ded62177d941c7fb9303a2cbac62f92bf","97ebb17a2518e3a43b18a382dcfc879c1f5e2b08118a6149c8fa984e65017453","true"
"AWS-SIGN-0066","notes","只授权此 PK 按冻结来源行执行 write_action；除 review_status 外，写入语义列必须与 source_path 中该 PK 完全一致。package_review、independent_signoff 与 freeze_binding_status 由本签字和三项冻结哈希闭合。","只授权此 PK 按冻结来源行执行 write_action；除 review_status 外，写入语义列必须与 source_path 中该 PK 完全一致。package_review、independent_signoff 与 freeze_binding_status 由本签字和三项冻结哈希闭合。rebase_binding=AWS-SIGNOFF-REBASE-GOOGLE-SOURCE-GATE-20260813","true"
"AWS-SIGN-0067","formal_baseline_aggregate_sha256","0b4c6106bde7e2a62b1ffd6a0df7246ded62177d941c7fb9303a2cbac62f92bf","97ebb17a2518e3a43b18a382dcfc879c1f5e2b08118a6149c8fa984e65017453","true"
"AWS-SIGN-0067","notes","只授权此 PK 按冻结来源行执行 write_action；除 review_status 外，写入语义列必须与 source_path 中该 PK 完全一致。package_review、independent_signoff 与 freeze_binding_status 由本签字和三项冻结哈希闭合。","只授权此 PK 按冻结来源行执行 write_action；除 review_status 外，写入语义列必须与 source_path 中该 PK 完全一致。package_review、independent_signoff 与 freeze_binding_status 由本签字和三项冻结哈希闭合。rebase_binding=AWS-SIGNOFF-REBASE-GOOGLE-SOURCE-GATE-20260813","true"
"AWS-SIGN-0068","formal_baseline_aggregate_sha256","0b4c6106bde7e2a62b1ffd6a0df7246ded62177d941c7fb9303a2cbac62f92bf","97ebb17a2518e3a43b18a382dcfc879c1f5e2b08118a6149c8fa984e65017453","true"
"AWS-SIGN-0068","notes","只授权此 PK 按冻结来源行执行 write_action；除 review_status 外，写入语义列必须与 source_path 中该 PK 完全一致。package_review、independent_signoff 与 freeze_binding_status 由本签字和三项冻结哈希闭合。","只授权此 PK 按冻结来源行执行 write_action；除 review_status 外，写入语义列必须与 source_path 中该 PK 完全一致。package_review、independent_signoff 与 freeze_binding_status 由本签字和三项冻结哈希闭合。rebase_binding=AWS-SIGNOFF-REBASE-GOOGLE-SOURCE-GATE-20260813","true"
"AWS-SIGN-0069","formal_baseline_aggregate_sha256","0b4c6106bde7e2a62b1ffd6a0df7246ded62177d941c7fb9303a2cbac62f92bf","97ebb17a2518e3a43b18a382dcfc879c1f5e2b08118a6149c8fa984e65017453","true"
"AWS-SIGN-0069","notes","只授权此 PK 按冻结来源行执行 write_action；除 review_status 外，写入语义列必须与 source_path 中该 PK 完全一致。package_review、independent_signoff 与 freeze_binding_status 由本签字和三项冻结哈希闭合。","只授权此 PK 按冻结来源行执行 write_action；除 review_status 外，写入语义列必须与 source_path 中该 PK 完全一致。package_review、independent_signoff 与 freeze_binding_status 由本签字和三项冻结哈希闭合。rebase_binding=AWS-SIGNOFF-REBASE-GOOGLE-SOURCE-GATE-20260813","true"
"AWS-SIGN-0070","formal_baseline_aggregate_sha256","0b4c6106bde7e2a62b1ffd6a0df7246ded62177d941c7fb9303a2cbac62f92bf","97ebb17a2518e3a43b18a382dcfc879c1f5e2b08118a6149c8fa984e65017453","true"
"AWS-SIGN-0070","notes","只授权此 PK 按冻结来源行执行 write_action；除 review_status 外，写入语义列必须与 source_path 中该 PK 完全一致。package_review、independent_signoff 与 freeze_binding_status 由本签字和三项冻结哈希闭合。","只授权此 PK 按冻结来源行执行 write_action；除 review_status 外，写入语义列必须与 source_path 中该 PK 完全一致。package_review、independent_signoff 与 freeze_binding_status 由本签字和三项冻结哈希闭合。rebase_binding=AWS-SIGNOFF-REBASE-GOOGLE-SOURCE-GATE-20260813","true"
"AWS-SIGN-0071","formal_baseline_aggregate_sha256","0b4c6106bde7e2a62b1ffd6a0df7246ded62177d941c7fb9303a2cbac62f92bf","97ebb17a2518e3a43b18a382dcfc879c1f5e2b08118a6149c8fa984e65017453","true"
"AWS-SIGN-0071","notes","只授权此 PK 按冻结来源行执行 write_action；除 review_status 外，写入语义列必须与 source_path 中该 PK 完全一致。package_review、independent_signoff 与 freeze_binding_status 由本签字和三项冻结哈希闭合。","只授权此 PK 按冻结来源行执行 write_action；除 review_status 外，写入语义列必须与 source_path 中该 PK 完全一致。package_review、independent_signoff 与 freeze_binding_status 由本签字和三项冻结哈希闭合。rebase_binding=AWS-SIGNOFF-REBASE-GOOGLE-SOURCE-GATE-20260813","true"
"AWS-SIGN-0072","formal_baseline_aggregate_sha256","0b4c6106bde7e2a62b1ffd6a0df7246ded62177d941c7fb9303a2cbac62f92bf","97ebb17a2518e3a43b18a382dcfc879c1f5e2b08118a6149c8fa984e65017453","true"
"AWS-SIGN-0072","notes","只授权此 PK 按冻结来源行执行 write_action；除 review_status 外，写入语义列必须与 source_path 中该 PK 完全一致。package_review、independent_signoff 与 freeze_binding_status 由本签字和三项冻结哈希闭合。","只授权此 PK 按冻结来源行执行 write_action；除 review_status 外，写入语义列必须与 source_path 中该 PK 完全一致。package_review、independent_signoff 与 freeze_binding_status 由本签字和三项冻结哈希闭合。rebase_binding=AWS-SIGNOFF-REBASE-GOOGLE-SOURCE-GATE-20260813","true"
"AWS-SIGN-0073","formal_baseline_aggregate_sha256","0b4c6106bde7e2a62b1ffd6a0df7246ded62177d941c7fb9303a2cbac62f92bf","97ebb17a2518e3a43b18a382dcfc879c1f5e2b08118a6149c8fa984e65017453","true"
"AWS-SIGN-0073","notes","只授权此 PK 按冻结来源行执行 write_action；除 review_status 外，写入语义列必须与 source_path 中该 PK 完全一致。package_review、independent_signoff 与 freeze_binding_status 由本签字和三项冻结哈希闭合。","只授权此 PK 按冻结来源行执行 write_action；除 review_status 外，写入语义列必须与 source_path 中该 PK 完全一致。package_review、independent_signoff 与 freeze_binding_status 由本签字和三项冻结哈希闭合。rebase_binding=AWS-SIGNOFF-REBASE-GOOGLE-SOURCE-GATE-20260813","true"
"AWS-SIGN-0074","formal_baseline_aggregate_sha256","0b4c6106bde7e2a62b1ffd6a0df7246ded62177d941c7fb9303a2cbac62f92bf","97ebb17a2518e3a43b18a382dcfc879c1f5e2b08118a6149c8fa984e65017453","true"
"AWS-SIGN-0074","notes","只授权此 PK 按冻结来源行执行 write_action；除 review_status 外，写入语义列必须与 source_path 中该 PK 完全一致。package_review、independent_signoff 与 freeze_binding_status 由本签字和三项冻结哈希闭合。","只授权此 PK 按冻结来源行执行 write_action；除 review_status 外，写入语义列必须与 source_path 中该 PK 完全一致。package_review、independent_signoff 与 freeze_binding_status 由本签字和三项冻结哈希闭合。rebase_binding=AWS-SIGNOFF-REBASE-GOOGLE-SOURCE-GATE-20260813","true"
"AWS-SIGN-0075","formal_baseline_aggregate_sha256","0b4c6106bde7e2a62b1ffd6a0df7246ded62177d941c7fb9303a2cbac62f92bf","97ebb17a2518e3a43b18a382dcfc879c1f5e2b08118a6149c8fa984e65017453","true"
"AWS-SIGN-0075","notes","只授权此 PK 按冻结来源行执行 write_action；除 review_status 外，写入语义列必须与 source_path 中该 PK 完全一致。package_review、independent_signoff 与 freeze_binding_status 由本签字和三项冻结哈希闭合。","只授权此 PK 按冻结来源行执行 write_action；除 review_status 外，写入语义列必须与 source_path 中该 PK 完全一致。package_review、independent_signoff 与 freeze_binding_status 由本签字和三项冻结哈希闭合。rebase_binding=AWS-SIGNOFF-REBASE-GOOGLE-SOURCE-GATE-20260813","true"
"AWS-SIGN-0076","formal_baseline_aggregate_sha256","0b4c6106bde7e2a62b1ffd6a0df7246ded62177d941c7fb9303a2cbac62f92bf","97ebb17a2518e3a43b18a382dcfc879c1f5e2b08118a6149c8fa984e65017453","true"
"AWS-SIGN-0076","notes","只授权此 PK 按冻结来源行执行 write_action；除 review_status 外，写入语义列必须与 source_path 中该 PK 完全一致。package_review、independent_signoff 与 freeze_binding_status 由本签字和三项冻结哈希闭合。","只授权此 PK 按冻结来源行执行 write_action；除 review_status 外，写入语义列必须与 source_path 中该 PK 完全一致。package_review、independent_signoff 与 freeze_binding_status 由本签字和三项冻结哈希闭合。rebase_binding=AWS-SIGNOFF-REBASE-GOOGLE-SOURCE-GATE-20260813","true"
"AWS-SIGN-0077","formal_baseline_aggregate_sha256","0b4c6106bde7e2a62b1ffd6a0df7246ded62177d941c7fb9303a2cbac62f92bf","97ebb17a2518e3a43b18a382dcfc879c1f5e2b08118a6149c8fa984e65017453","true"
"AWS-SIGN-0077","notes","只授权此 PK 按冻结来源行执行 write_action；除 review_status 外，写入语义列必须与 source_path 中该 PK 完全一致。package_review、independent_signoff 与 freeze_binding_status 由本签字和三项冻结哈希闭合。","只授权此 PK 按冻结来源行执行 write_action；除 review_status 外，写入语义列必须与 source_path 中该 PK 完全一致。package_review、independent_signoff 与 freeze_binding_status 由本签字和三项冻结哈希闭合。rebase_binding=AWS-SIGNOFF-REBASE-GOOGLE-SOURCE-GATE-20260813","true"
"AWS-SIGN-0078","formal_baseline_aggregate_sha256","0b4c6106bde7e2a62b1ffd6a0df7246ded62177d941c7fb9303a2cbac62f92bf","97ebb17a2518e3a43b18a382dcfc879c1f5e2b08118a6149c8fa984e65017453","true"
"AWS-SIGN-0078","notes","只授权此 PK 按冻结来源行执行 write_action；除 review_status 外，写入语义列必须与 source_path 中该 PK 完全一致。package_review、independent_signoff 与 freeze_binding_status 由本签字和三项冻结哈希闭合。","只授权此 PK 按冻结来源行执行 write_action；除 review_status 外，写入语义列必须与 source_path 中该 PK 完全一致。package_review、independent_signoff 与 freeze_binding_status 由本签字和三项冻结哈希闭合。rebase_binding=AWS-SIGNOFF-REBASE-GOOGLE-SOURCE-GATE-20260813","true"
"AWS-SIGN-0079","formal_baseline_aggregate_sha256","0b4c6106bde7e2a62b1ffd6a0df7246ded62177d941c7fb9303a2cbac62f92bf","97ebb17a2518e3a43b18a382dcfc879c1f5e2b08118a6149c8fa984e65017453","true"
"AWS-SIGN-0079","notes","只授权此 PK 按冻结来源行执行 write_action；除 review_status 外，写入语义列必须与 source_path 中该 PK 完全一致。package_review、independent_signoff 与 freeze_binding_status 由本签字和三项冻结哈希闭合。","只授权此 PK 按冻结来源行执行 write_action；除 review_status 外，写入语义列必须与 source_path 中该 PK 完全一致。package_review、independent_signoff 与 freeze_binding_status 由本签字和三项冻结哈希闭合。rebase_binding=AWS-SIGNOFF-REBASE-GOOGLE-SOURCE-GATE-20260813","true"
"AWS-SIGN-0080","formal_baseline_aggregate_sha256","0b4c6106bde7e2a62b1ffd6a0df7246ded62177d941c7fb9303a2cbac62f92bf","97ebb17a2518e3a43b18a382dcfc879c1f5e2b08118a6149c8fa984e65017453","true"
"AWS-SIGN-0080","notes","只授权此 PK 按冻结来源行执行 write_action；除 review_status 外，写入语义列必须与 source_path 中该 PK 完全一致。package_review、independent_signoff 与 freeze_binding_status 由本签字和三项冻结哈希闭合。","只授权此 PK 按冻结来源行执行 write_action；除 review_status 外，写入语义列必须与 source_path 中该 PK 完全一致。package_review、independent_signoff 与 freeze_binding_status 由本签字和三项冻结哈希闭合。rebase_binding=AWS-SIGNOFF-REBASE-GOOGLE-SOURCE-GATE-20260813","true"
"AWS-SIGN-0081","formal_baseline_aggregate_sha256","0b4c6106bde7e2a62b1ffd6a0df7246ded62177d941c7fb9303a2cbac62f92bf","97ebb17a2518e3a43b18a382dcfc879c1f5e2b08118a6149c8fa984e65017453","true"
"AWS-SIGN-0081","notes","只授权此 PK 按冻结来源行执行 write_action；除 review_status 外，写入语义列必须与 source_path 中该 PK 完全一致。package_review、independent_signoff 与 freeze_binding_status 由本签字和三项冻结哈希闭合。","只授权此 PK 按冻结来源行执行 write_action；除 review_status 外，写入语义列必须与 source_path 中该 PK 完全一致。package_review、independent_signoff 与 freeze_binding_status 由本签字和三项冻结哈希闭合。rebase_binding=AWS-SIGNOFF-REBASE-GOOGLE-SOURCE-GATE-20260813","true"
"AWS-SIGN-0082","formal_baseline_aggregate_sha256","0b4c6106bde7e2a62b1ffd6a0df7246ded62177d941c7fb9303a2cbac62f92bf","97ebb17a2518e3a43b18a382dcfc879c1f5e2b08118a6149c8fa984e65017453","true"
"AWS-SIGN-0082","notes","只授权此 PK 按冻结来源行执行 write_action；除 review_status 外，写入语义列必须与 source_path 中该 PK 完全一致。package_review、independent_signoff 与 freeze_binding_status 由本签字和三项冻结哈希闭合。","只授权此 PK 按冻结来源行执行 write_action；除 review_status 外，写入语义列必须与 source_path 中该 PK 完全一致。package_review、independent_signoff 与 freeze_binding_status 由本签字和三项冻结哈希闭合。rebase_binding=AWS-SIGNOFF-REBASE-GOOGLE-SOURCE-GATE-20260813","true"
"AWS-SIGN-0083","formal_baseline_aggregate_sha256","0b4c6106bde7e2a62b1ffd6a0df7246ded62177d941c7fb9303a2cbac62f92bf","97ebb17a2518e3a43b18a382dcfc879c1f5e2b08118a6149c8fa984e65017453","true"
"AWS-SIGN-0083","notes","只授权此 PK 按冻结来源行执行 write_action；除 review_status 外，写入语义列必须与 source_path 中该 PK 完全一致。package_review、independent_signoff 与 freeze_binding_status 由本签字和三项冻结哈希闭合。","只授权此 PK 按冻结来源行执行 write_action；除 review_status 外，写入语义列必须与 source_path 中该 PK 完全一致。package_review、independent_signoff 与 freeze_binding_status 由本签字和三项冻结哈希闭合。rebase_binding=AWS-SIGNOFF-REBASE-GOOGLE-SOURCE-GATE-20260813","true"
"AWS-SIGN-0084","formal_baseline_aggregate_sha256","0b4c6106bde7e2a62b1ffd6a0df7246ded62177d941c7fb9303a2cbac62f92bf","97ebb17a2518e3a43b18a382dcfc879c1f5e2b08118a6149c8fa984e65017453","true"
"AWS-SIGN-0084","notes","只授权此 PK 按冻结来源行执行 write_action；除 review_status 外，写入语义列必须与 source_path 中该 PK 完全一致。package_review、independent_signoff 与 freeze_binding_status 由本签字和三项冻结哈希闭合。","只授权此 PK 按冻结来源行执行 write_action；除 review_status 外，写入语义列必须与 source_path 中该 PK 完全一致。package_review、independent_signoff 与 freeze_binding_status 由本签字和三项冻结哈希闭合。rebase_binding=AWS-SIGNOFF-REBASE-GOOGLE-SOURCE-GATE-20260813","true"
"AWS-SIGN-0085","formal_baseline_aggregate_sha256","0b4c6106bde7e2a62b1ffd6a0df7246ded62177d941c7fb9303a2cbac62f92bf","97ebb17a2518e3a43b18a382dcfc879c1f5e2b08118a6149c8fa984e65017453","true"
"AWS-SIGN-0085","notes","只授权此 PK 按冻结来源行执行 write_action；除 review_status 外，写入语义列必须与 source_path 中该 PK 完全一致。package_review、independent_signoff 与 freeze_binding_status 由本签字和三项冻结哈希闭合。","只授权此 PK 按冻结来源行执行 write_action；除 review_status 外，写入语义列必须与 source_path 中该 PK 完全一致。package_review、independent_signoff 与 freeze_binding_status 由本签字和三项冻结哈希闭合。rebase_binding=AWS-SIGNOFF-REBASE-GOOGLE-SOURCE-GATE-20260813","true"
"AWS-SIGN-0086","formal_baseline_aggregate_sha256","0b4c6106bde7e2a62b1ffd6a0df7246ded62177d941c7fb9303a2cbac62f92bf","97ebb17a2518e3a43b18a382dcfc879c1f5e2b08118a6149c8fa984e65017453","true"
"AWS-SIGN-0086","notes","只授权此 PK 按冻结来源行执行 write_action；除 review_status 外，写入语义列必须与 source_path 中该 PK 完全一致。package_review、independent_signoff 与 freeze_binding_status 由本签字和三项冻结哈希闭合。","只授权此 PK 按冻结来源行执行 write_action；除 review_status 外，写入语义列必须与 source_path 中该 PK 完全一致。package_review、independent_signoff 与 freeze_binding_status 由本签字和三项冻结哈希闭合。rebase_binding=AWS-SIGNOFF-REBASE-GOOGLE-SOURCE-GATE-20260813","true"
"AWS-SIGN-0087","formal_baseline_aggregate_sha256","0b4c6106bde7e2a62b1ffd6a0df7246ded62177d941c7fb9303a2cbac62f92bf","97ebb17a2518e3a43b18a382dcfc879c1f5e2b08118a6149c8fa984e65017453","true"
"AWS-SIGN-0087","notes","只授权此 PK 按冻结来源行执行 write_action；除 review_status 外，写入语义列必须与 source_path 中该 PK 完全一致。package_review、independent_signoff 与 freeze_binding_status 由本签字和三项冻结哈希闭合。","只授权此 PK 按冻结来源行执行 write_action；除 review_status 外，写入语义列必须与 source_path 中该 PK 完全一致。package_review、independent_signoff 与 freeze_binding_status 由本签字和三项冻结哈希闭合。rebase_binding=AWS-SIGNOFF-REBASE-GOOGLE-SOURCE-GATE-20260813","true"
"AWS-SIGN-0088","formal_baseline_aggregate_sha256","0b4c6106bde7e2a62b1ffd6a0df7246ded62177d941c7fb9303a2cbac62f92bf","97ebb17a2518e3a43b18a382dcfc879c1f5e2b08118a6149c8fa984e65017453","true"
"AWS-SIGN-0088","notes","只授权此 PK 按冻结来源行执行 write_action；除 review_status 外，写入语义列必须与 source_path 中该 PK 完全一致。package_review、independent_signoff 与 freeze_binding_status 由本签字和三项冻结哈希闭合。","只授权此 PK 按冻结来源行执行 write_action；除 review_status 外，写入语义列必须与 source_path 中该 PK 完全一致。package_review、independent_signoff 与 freeze_binding_status 由本签字和三项冻结哈希闭合。rebase_binding=AWS-SIGNOFF-REBASE-GOOGLE-SOURCE-GATE-20260813","true"
"AWS-SIGN-0089","formal_baseline_aggregate_sha256","0b4c6106bde7e2a62b1ffd6a0df7246ded62177d941c7fb9303a2cbac62f92bf","97ebb17a2518e3a43b18a382dcfc879c1f5e2b08118a6149c8fa984e65017453","true"
"AWS-SIGN-0089","notes","只授权此 PK 按冻结来源行执行 write_action；除 review_status 外，写入语义列必须与 source_path 中该 PK 完全一致。package_review、independent_signoff 与 freeze_binding_status 由本签字和三项冻结哈希闭合。","只授权此 PK 按冻结来源行执行 write_action；除 review_status 外，写入语义列必须与 source_path 中该 PK 完全一致。package_review、independent_signoff 与 freeze_binding_status 由本签字和三项冻结哈希闭合。rebase_binding=AWS-SIGNOFF-REBASE-GOOGLE-SOURCE-GATE-20260813","true"
"AWS-SIGN-0090","formal_baseline_aggregate_sha256","0b4c6106bde7e2a62b1ffd6a0df7246ded62177d941c7fb9303a2cbac62f92bf","97ebb17a2518e3a43b18a382dcfc879c1f5e2b08118a6149c8fa984e65017453","true"
"AWS-SIGN-0090","notes","只授权此 PK 按冻结来源行执行 write_action；除 review_status 外，写入语义列必须与 source_path 中该 PK 完全一致。package_review、independent_signoff 与 freeze_binding_status 由本签字和三项冻结哈希闭合。","只授权此 PK 按冻结来源行执行 write_action；除 review_status 外，写入语义列必须与 source_path 中该 PK 完全一致。package_review、independent_signoff 与 freeze_binding_status 由本签字和三项冻结哈希闭合。rebase_binding=AWS-SIGNOFF-REBASE-GOOGLE-SOURCE-GATE-20260813","true"
"AWS-SIGN-0091","formal_baseline_aggregate_sha256","0b4c6106bde7e2a62b1ffd6a0df7246ded62177d941c7fb9303a2cbac62f92bf","97ebb17a2518e3a43b18a382dcfc879c1f5e2b08118a6149c8fa984e65017453","true"
"AWS-SIGN-0091","notes","只授权此 PK 按冻结来源行执行 write_action；除 review_status 外，写入语义列必须与 source_path 中该 PK 完全一致。package_review、independent_signoff 与 freeze_binding_status 由本签字和三项冻结哈希闭合。","只授权此 PK 按冻结来源行执行 write_action；除 review_status 外，写入语义列必须与 source_path 中该 PK 完全一致。package_review、independent_signoff 与 freeze_binding_status 由本签字和三项冻结哈希闭合。rebase_binding=AWS-SIGNOFF-REBASE-GOOGLE-SOURCE-GATE-20260813","true"
"AWS-SIGN-0092","formal_baseline_aggregate_sha256","0b4c6106bde7e2a62b1ffd6a0df7246ded62177d941c7fb9303a2cbac62f92bf","97ebb17a2518e3a43b18a382dcfc879c1f5e2b08118a6149c8fa984e65017453","true"
"AWS-SIGN-0092","notes","只授权此 PK 按冻结来源行执行 write_action；除 review_status 外，写入语义列必须与 source_path 中该 PK 完全一致。package_review、independent_signoff 与 freeze_binding_status 由本签字和三项冻结哈希闭合。","只授权此 PK 按冻结来源行执行 write_action；除 review_status 外，写入语义列必须与 source_path 中该 PK 完全一致。package_review、independent_signoff 与 freeze_binding_status 由本签字和三项冻结哈希闭合。rebase_binding=AWS-SIGNOFF-REBASE-GOOGLE-SOURCE-GATE-20260813","true"
"AWS-SIGN-0093","formal_baseline_aggregate_sha256","0b4c6106bde7e2a62b1ffd6a0df7246ded62177d941c7fb9303a2cbac62f92bf","97ebb17a2518e3a43b18a382dcfc879c1f5e2b08118a6149c8fa984e65017453","true"
"AWS-SIGN-0093","notes","只授权此 PK 按冻结来源行执行 write_action；除 review_status 外，写入语义列必须与 source_path 中该 PK 完全一致。package_review、independent_signoff 与 freeze_binding_status 由本签字和三项冻结哈希闭合。","只授权此 PK 按冻结来源行执行 write_action；除 review_status 外，写入语义列必须与 source_path 中该 PK 完全一致。package_review、independent_signoff 与 freeze_binding_status 由本签字和三项冻结哈希闭合。rebase_binding=AWS-SIGNOFF-REBASE-GOOGLE-SOURCE-GATE-20260813","true"
"AWS-SIGN-0094","formal_baseline_aggregate_sha256","0b4c6106bde7e2a62b1ffd6a0df7246ded62177d941c7fb9303a2cbac62f92bf","97ebb17a2518e3a43b18a382dcfc879c1f5e2b08118a6149c8fa984e65017453","true"
"AWS-SIGN-0094","notes","只授权此 PK 按冻结来源行执行 write_action；除 review_status 外，写入语义列必须与 source_path 中该 PK 完全一致。package_review、independent_signoff 与 freeze_binding_status 由本签字和三项冻结哈希闭合。","只授权此 PK 按冻结来源行执行 write_action；除 review_status 外，写入语义列必须与 source_path 中该 PK 完全一致。package_review、independent_signoff 与 freeze_binding_status 由本签字和三项冻结哈希闭合。rebase_binding=AWS-SIGNOFF-REBASE-GOOGLE-SOURCE-GATE-20260813","true"
"AWS-SIGN-0095","formal_baseline_aggregate_sha256","0b4c6106bde7e2a62b1ffd6a0df7246ded62177d941c7fb9303a2cbac62f92bf","97ebb17a2518e3a43b18a382dcfc879c1f5e2b08118a6149c8fa984e65017453","true"
"AWS-SIGN-0095","notes","只授权此 PK 按冻结来源行执行 write_action；除 review_status 外，写入语义列必须与 source_path 中该 PK 完全一致。package_review、independent_signoff 与 freeze_binding_status 由本签字和三项冻结哈希闭合。","只授权此 PK 按冻结来源行执行 write_action；除 review_status 外，写入语义列必须与 source_path 中该 PK 完全一致。package_review、independent_signoff 与 freeze_binding_status 由本签字和三项冻结哈希闭合。rebase_binding=AWS-SIGNOFF-REBASE-GOOGLE-SOURCE-GATE-20260813","true"
"AWS-SIGN-0096","formal_baseline_aggregate_sha256","0b4c6106bde7e2a62b1ffd6a0df7246ded62177d941c7fb9303a2cbac62f92bf","97ebb17a2518e3a43b18a382dcfc879c1f5e2b08118a6149c8fa984e65017453","true"
"AWS-SIGN-0096","notes","只授权此 PK 按冻结来源行执行 write_action；除 review_status 外，写入语义列必须与 source_path 中该 PK 完全一致。package_review、independent_signoff 与 freeze_binding_status 由本签字和三项冻结哈希闭合。","只授权此 PK 按冻结来源行执行 write_action；除 review_status 外，写入语义列必须与 source_path 中该 PK 完全一致。package_review、independent_signoff 与 freeze_binding_status 由本签字和三项冻结哈希闭合。rebase_binding=AWS-SIGNOFF-REBASE-GOOGLE-SOURCE-GATE-20260813","true"
"AWS-SIGN-0097","formal_baseline_aggregate_sha256","0b4c6106bde7e2a62b1ffd6a0df7246ded62177d941c7fb9303a2cbac62f92bf","97ebb17a2518e3a43b18a382dcfc879c1f5e2b08118a6149c8fa984e65017453","true"
"AWS-SIGN-0097","notes","只授权此 PK 按冻结来源行执行 write_action；除 review_status 外，写入语义列必须与 source_path 中该 PK 完全一致。package_review、independent_signoff 与 freeze_binding_status 由本签字和三项冻结哈希闭合。","只授权此 PK 按冻结来源行执行 write_action；除 review_status 外，写入语义列必须与 source_path 中该 PK 完全一致。package_review、independent_signoff 与 freeze_binding_status 由本签字和三项冻结哈希闭合。rebase_binding=AWS-SIGNOFF-REBASE-GOOGLE-SOURCE-GATE-20260813","true"
"AWS-SIGN-0098","formal_baseline_aggregate_sha256","0b4c6106bde7e2a62b1ffd6a0df7246ded62177d941c7fb9303a2cbac62f92bf","97ebb17a2518e3a43b18a382dcfc879c1f5e2b08118a6149c8fa984e65017453","true"
"AWS-SIGN-0098","notes","只授权此 PK 按冻结来源行执行 write_action；除 review_status 外，写入语义列必须与 source_path 中该 PK 完全一致。package_review、independent_signoff 与 freeze_binding_status 由本签字和三项冻结哈希闭合。","只授权此 PK 按冻结来源行执行 write_action；除 review_status 外，写入语义列必须与 source_path 中该 PK 完全一致。package_review、independent_signoff 与 freeze_binding_status 由本签字和三项冻结哈希闭合。rebase_binding=AWS-SIGNOFF-REBASE-GOOGLE-SOURCE-GATE-20260813","true"
"AWS-SIGN-0099","formal_baseline_aggregate_sha256","0b4c6106bde7e2a62b1ffd6a0df7246ded62177d941c7fb9303a2cbac62f92bf","97ebb17a2518e3a43b18a382dcfc879c1f5e2b08118a6149c8fa984e65017453","true"
"AWS-SIGN-0099","notes","只授权此 PK 按冻结来源行执行 write_action；除 review_status 外，写入语义列必须与 source_path 中该 PK 完全一致。package_review、independent_signoff 与 freeze_binding_status 由本签字和三项冻结哈希闭合。","只授权此 PK 按冻结来源行执行 write_action；除 review_status 外，写入语义列必须与 source_path 中该 PK 完全一致。package_review、independent_signoff 与 freeze_binding_status 由本签字和三项冻结哈希闭合。rebase_binding=AWS-SIGNOFF-REBASE-GOOGLE-SOURCE-GATE-20260813","true"
"AWS-SIGN-0100","formal_baseline_aggregate_sha256","0b4c6106bde7e2a62b1ffd6a0df7246ded62177d941c7fb9303a2cbac62f92bf","97ebb17a2518e3a43b18a382dcfc879c1f5e2b08118a6149c8fa984e65017453","true"
"AWS-SIGN-0100","notes","只授权此 PK 按冻结来源行执行 write_action；除 review_status 外，写入语义列必须与 source_path 中该 PK 完全一致。package_review、independent_signoff 与 freeze_binding_status 由本签字和三项冻结哈希闭合。","只授权此 PK 按冻结来源行执行 write_action；除 review_status 外，写入语义列必须与 source_path 中该 PK 完全一致。package_review、independent_signoff 与 freeze_binding_status 由本签字和三项冻结哈希闭合。rebase_binding=AWS-SIGNOFF-REBASE-GOOGLE-SOURCE-GATE-20260813","true"
"AWS-SIGN-0101","formal_baseline_aggregate_sha256","0b4c6106bde7e2a62b1ffd6a0df7246ded62177d941c7fb9303a2cbac62f92bf","97ebb17a2518e3a43b18a382dcfc879c1f5e2b08118a6149c8fa984e65017453","true"
"AWS-SIGN-0101","notes","只授权此 PK 按冻结来源行执行 write_action；除 review_status 外，写入语义列必须与 source_path 中该 PK 完全一致。package_review、independent_signoff 与 freeze_binding_status 由本签字和三项冻结哈希闭合。","只授权此 PK 按冻结来源行执行 write_action；除 review_status 外，写入语义列必须与 source_path 中该 PK 完全一致。package_review、independent_signoff 与 freeze_binding_status 由本签字和三项冻结哈希闭合。rebase_binding=AWS-SIGNOFF-REBASE-GOOGLE-SOURCE-GATE-20260813","true"
"AWS-SIGN-0102","formal_baseline_aggregate_sha256","0b4c6106bde7e2a62b1ffd6a0df7246ded62177d941c7fb9303a2cbac62f92bf","97ebb17a2518e3a43b18a382dcfc879c1f5e2b08118a6149c8fa984e65017453","true"
"AWS-SIGN-0102","notes","只授权此 PK 按冻结来源行执行 write_action；除 review_status 外，写入语义列必须与 source_path 中该 PK 完全一致。package_review、independent_signoff 与 freeze_binding_status 由本签字和三项冻结哈希闭合。","只授权此 PK 按冻结来源行执行 write_action；除 review_status 外，写入语义列必须与 source_path 中该 PK 完全一致。package_review、independent_signoff 与 freeze_binding_status 由本签字和三项冻结哈希闭合。rebase_binding=AWS-SIGNOFF-REBASE-GOOGLE-SOURCE-GATE-20260813","true"
"AWS-SIGN-0103","formal_baseline_aggregate_sha256","0b4c6106bde7e2a62b1ffd6a0df7246ded62177d941c7fb9303a2cbac62f92bf","97ebb17a2518e3a43b18a382dcfc879c1f5e2b08118a6149c8fa984e65017453","true"
"AWS-SIGN-0103","notes","只授权此 PK 按冻结来源行执行 write_action；除 review_status 外，写入语义列必须与 source_path 中该 PK 完全一致。package_review、independent_signoff 与 freeze_binding_status 由本签字和三项冻结哈希闭合。","只授权此 PK 按冻结来源行执行 write_action；除 review_status 外，写入语义列必须与 source_path 中该 PK 完全一致。package_review、independent_signoff 与 freeze_binding_status 由本签字和三项冻结哈希闭合。rebase_binding=AWS-SIGNOFF-REBASE-GOOGLE-SOURCE-GATE-20260813","true"
"AWS-SIGN-0104","formal_baseline_aggregate_sha256","0b4c6106bde7e2a62b1ffd6a0df7246ded62177d941c7fb9303a2cbac62f92bf","97ebb17a2518e3a43b18a382dcfc879c1f5e2b08118a6149c8fa984e65017453","true"
"AWS-SIGN-0104","notes","只授权此 PK 按冻结来源行执行 write_action；除 review_status 外，写入语义列必须与 source_path 中该 PK 完全一致。package_review、independent_signoff 与 freeze_binding_status 由本签字和三项冻结哈希闭合。","只授权此 PK 按冻结来源行执行 write_action；除 review_status 外，写入语义列必须与 source_path 中该 PK 完全一致。package_review、independent_signoff 与 freeze_binding_status 由本签字和三项冻结哈希闭合。rebase_binding=AWS-SIGNOFF-REBASE-GOOGLE-SOURCE-GATE-20260813","true"
"AWS-SIGN-0105","formal_baseline_aggregate_sha256","0b4c6106bde7e2a62b1ffd6a0df7246ded62177d941c7fb9303a2cbac62f92bf","97ebb17a2518e3a43b18a382dcfc879c1f5e2b08118a6149c8fa984e65017453","true"
"AWS-SIGN-0105","notes","只授权此 PK 按冻结来源行执行 write_action；除 review_status 外，写入语义列必须与 source_path 中该 PK 完全一致。package_review、independent_signoff 与 freeze_binding_status 由本签字和三项冻结哈希闭合。","只授权此 PK 按冻结来源行执行 write_action；除 review_status 外，写入语义列必须与 source_path 中该 PK 完全一致。package_review、independent_signoff 与 freeze_binding_status 由本签字和三项冻结哈希闭合。rebase_binding=AWS-SIGNOFF-REBASE-GOOGLE-SOURCE-GATE-20260813","true"
"AWS-SIGN-0106","formal_baseline_aggregate_sha256","0b4c6106bde7e2a62b1ffd6a0df7246ded62177d941c7fb9303a2cbac62f92bf","97ebb17a2518e3a43b18a382dcfc879c1f5e2b08118a6149c8fa984e65017453","true"
"AWS-SIGN-0106","notes","只授权此 PK 按冻结来源行执行 write_action；除 review_status 外，写入语义列必须与 source_path 中该 PK 完全一致。package_review、independent_signoff 与 freeze_binding_status 由本签字和三项冻结哈希闭合。","只授权此 PK 按冻结来源行执行 write_action；除 review_status 外，写入语义列必须与 source_path 中该 PK 完全一致。package_review、independent_signoff 与 freeze_binding_status 由本签字和三项冻结哈希闭合。rebase_binding=AWS-SIGNOFF-REBASE-GOOGLE-SOURCE-GATE-20260813","true"
"AWS-SIGN-0107","formal_baseline_aggregate_sha256","0b4c6106bde7e2a62b1ffd6a0df7246ded62177d941c7fb9303a2cbac62f92bf","97ebb17a2518e3a43b18a382dcfc879c1f5e2b08118a6149c8fa984e65017453","true"
"AWS-SIGN-0107","notes","只授权此 PK 按冻结来源行执行 write_action；除 review_status 外，写入语义列必须与 source_path 中该 PK 完全一致。package_review、independent_signoff 与 freeze_binding_status 由本签字和三项冻结哈希闭合。","只授权此 PK 按冻结来源行执行 write_action；除 review_status 外，写入语义列必须与 source_path 中该 PK 完全一致。package_review、independent_signoff 与 freeze_binding_status 由本签字和三项冻结哈希闭合。rebase_binding=AWS-SIGNOFF-REBASE-GOOGLE-SOURCE-GATE-20260813","true"
"AWS-SIGN-0108","formal_baseline_aggregate_sha256","0b4c6106bde7e2a62b1ffd6a0df7246ded62177d941c7fb9303a2cbac62f92bf","97ebb17a2518e3a43b18a382dcfc879c1f5e2b08118a6149c8fa984e65017453","true"
"AWS-SIGN-0108","notes","只授权此 PK 按冻结来源行执行 write_action；除 review_status 外，写入语义列必须与 source_path 中该 PK 完全一致。package_review、independent_signoff 与 freeze_binding_status 由本签字和三项冻结哈希闭合。","只授权此 PK 按冻结来源行执行 write_action；除 review_status 外，写入语义列必须与 source_path 中该 PK 完全一致。package_review、independent_signoff 与 freeze_binding_status 由本签字和三项冻结哈希闭合。rebase_binding=AWS-SIGNOFF-REBASE-GOOGLE-SOURCE-GATE-20260813","true"
"AWS-SIGN-0109","formal_baseline_aggregate_sha256","0b4c6106bde7e2a62b1ffd6a0df7246ded62177d941c7fb9303a2cbac62f92bf","97ebb17a2518e3a43b18a382dcfc879c1f5e2b08118a6149c8fa984e65017453","true"
"AWS-SIGN-0109","notes","只授权此 PK 按冻结来源行执行 write_action；除 review_status 外，写入语义列必须与 source_path 中该 PK 完全一致。package_review、independent_signoff 与 freeze_binding_status 由本签字和三项冻结哈希闭合。","只授权此 PK 按冻结来源行执行 write_action；除 review_status 外，写入语义列必须与 source_path 中该 PK 完全一致。package_review、independent_signoff 与 freeze_binding_status 由本签字和三项冻结哈希闭合。rebase_binding=AWS-SIGNOFF-REBASE-GOOGLE-SOURCE-GATE-20260813","true"
"AWS-SIGN-0110","formal_baseline_aggregate_sha256","0b4c6106bde7e2a62b1ffd6a0df7246ded62177d941c7fb9303a2cbac62f92bf","97ebb17a2518e3a43b18a382dcfc879c1f5e2b08118a6149c8fa984e65017453","true"
"AWS-SIGN-0110","notes","只授权此 PK 按冻结来源行执行 write_action；除 review_status 外，写入语义列必须与 source_path 中该 PK 完全一致。package_review、independent_signoff 与 freeze_binding_status 由本签字和三项冻结哈希闭合。","只授权此 PK 按冻结来源行执行 write_action；除 review_status 外，写入语义列必须与 source_path 中该 PK 完全一致。package_review、independent_signoff 与 freeze_binding_status 由本签字和三项冻结哈希闭合。rebase_binding=AWS-SIGNOFF-REBASE-GOOGLE-SOURCE-GATE-20260813","true"
"AWS-SIGN-0111","formal_baseline_aggregate_sha256","0b4c6106bde7e2a62b1ffd6a0df7246ded62177d941c7fb9303a2cbac62f92bf","97ebb17a2518e3a43b18a382dcfc879c1f5e2b08118a6149c8fa984e65017453","true"
"AWS-SIGN-0111","notes","只授权此 PK 按冻结来源行执行 write_action；除 review_status 外，写入语义列必须与 source_path 中该 PK 完全一致。package_review、independent_signoff 与 freeze_binding_status 由本签字和三项冻结哈希闭合。","只授权此 PK 按冻结来源行执行 write_action；除 review_status 外，写入语义列必须与 source_path 中该 PK 完全一致。package_review、independent_signoff 与 freeze_binding_status 由本签字和三项冻结哈希闭合。rebase_binding=AWS-SIGNOFF-REBASE-GOOGLE-SOURCE-GATE-20260813","true"
"AWS-SIGN-0112","formal_baseline_aggregate_sha256","0b4c6106bde7e2a62b1ffd6a0df7246ded62177d941c7fb9303a2cbac62f92bf","97ebb17a2518e3a43b18a382dcfc879c1f5e2b08118a6149c8fa984e65017453","true"
"AWS-SIGN-0112","notes","只授权此 PK 按冻结来源行执行 write_action；除 review_status 外，写入语义列必须与 source_path 中该 PK 完全一致。package_review、independent_signoff 与 freeze_binding_status 由本签字和三项冻结哈希闭合。","只授权此 PK 按冻结来源行执行 write_action；除 review_status 外，写入语义列必须与 source_path 中该 PK 完全一致。package_review、independent_signoff 与 freeze_binding_status 由本签字和三项冻结哈希闭合。rebase_binding=AWS-SIGNOFF-REBASE-GOOGLE-SOURCE-GATE-20260813","true"
"AWS-SIGN-0113","formal_baseline_aggregate_sha256","0b4c6106bde7e2a62b1ffd6a0df7246ded62177d941c7fb9303a2cbac62f92bf","97ebb17a2518e3a43b18a382dcfc879c1f5e2b08118a6149c8fa984e65017453","true"
"AWS-SIGN-0113","notes","只授权此 PK 按冻结来源行执行 write_action；除 review_status 外，写入语义列必须与 source_path 中该 PK 完全一致。package_review、independent_signoff 与 freeze_binding_status 由本签字和三项冻结哈希闭合。","只授权此 PK 按冻结来源行执行 write_action；除 review_status 外，写入语义列必须与 source_path 中该 PK 完全一致。package_review、independent_signoff 与 freeze_binding_status 由本签字和三项冻结哈希闭合。rebase_binding=AWS-SIGNOFF-REBASE-GOOGLE-SOURCE-GATE-20260813","true"
"AWS-SIGN-0114","formal_baseline_aggregate_sha256","0b4c6106bde7e2a62b1ffd6a0df7246ded62177d941c7fb9303a2cbac62f92bf","97ebb17a2518e3a43b18a382dcfc879c1f5e2b08118a6149c8fa984e65017453","true"
"AWS-SIGN-0114","notes","只授权此 PK 按冻结来源行执行 write_action；除 review_status 外，写入语义列必须与 source_path 中该 PK 完全一致。package_review、independent_signoff 与 freeze_binding_status 由本签字和三项冻结哈希闭合。","只授权此 PK 按冻结来源行执行 write_action；除 review_status 外，写入语义列必须与 source_path 中该 PK 完全一致。package_review、independent_signoff 与 freeze_binding_status 由本签字和三项冻结哈希闭合。rebase_binding=AWS-SIGNOFF-REBASE-GOOGLE-SOURCE-GATE-20260813","true"
"AWS-SIGN-0115","formal_baseline_aggregate_sha256","0b4c6106bde7e2a62b1ffd6a0df7246ded62177d941c7fb9303a2cbac62f92bf","97ebb17a2518e3a43b18a382dcfc879c1f5e2b08118a6149c8fa984e65017453","true"
"AWS-SIGN-0115","notes","只授权此 PK 按冻结来源行执行 write_action；除 review_status 外，写入语义列必须与 source_path 中该 PK 完全一致。package_review、independent_signoff 与 freeze_binding_status 由本签字和三项冻结哈希闭合。","只授权此 PK 按冻结来源行执行 write_action；除 review_status 外，写入语义列必须与 source_path 中该 PK 完全一致。package_review、independent_signoff 与 freeze_binding_status 由本签字和三项冻结哈希闭合。rebase_binding=AWS-SIGNOFF-REBASE-GOOGLE-SOURCE-GATE-20260813","true"
"AWS-SIGN-0116","formal_baseline_aggregate_sha256","0b4c6106bde7e2a62b1ffd6a0df7246ded62177d941c7fb9303a2cbac62f92bf","97ebb17a2518e3a43b18a382dcfc879c1f5e2b08118a6149c8fa984e65017453","true"
"AWS-SIGN-0116","notes","只授权此 PK 按冻结来源行执行 write_action；除 review_status 外，写入语义列必须与 source_path 中该 PK 完全一致。package_review、independent_signoff 与 freeze_binding_status 由本签字和三项冻结哈希闭合。","只授权此 PK 按冻结来源行执行 write_action；除 review_status 外，写入语义列必须与 source_path 中该 PK 完全一致。package_review、independent_signoff 与 freeze_binding_status 由本签字和三项冻结哈希闭合。rebase_binding=AWS-SIGNOFF-REBASE-GOOGLE-SOURCE-GATE-20260813","true"
"AWS-SIGN-0117","formal_baseline_aggregate_sha256","0b4c6106bde7e2a62b1ffd6a0df7246ded62177d941c7fb9303a2cbac62f92bf","97ebb17a2518e3a43b18a382dcfc879c1f5e2b08118a6149c8fa984e65017453","true"
"AWS-SIGN-0117","notes","只授权此 PK 按冻结来源行执行 write_action；除 review_status 外，写入语义列必须与 source_path 中该 PK 完全一致。package_review、independent_signoff 与 freeze_binding_status 由本签字和三项冻结哈希闭合。","只授权此 PK 按冻结来源行执行 write_action；除 review_status 外，写入语义列必须与 source_path 中该 PK 完全一致。package_review、independent_signoff 与 freeze_binding_status 由本签字和三项冻结哈希闭合。rebase_binding=AWS-SIGNOFF-REBASE-GOOGLE-SOURCE-GATE-20260813","true"
"AWS-SIGN-0118","formal_baseline_aggregate_sha256","0b4c6106bde7e2a62b1ffd6a0df7246ded62177d941c7fb9303a2cbac62f92bf","97ebb17a2518e3a43b18a382dcfc879c1f5e2b08118a6149c8fa984e65017453","true"
"AWS-SIGN-0118","notes","只授权此 PK 按冻结来源行执行 write_action；除 review_status 外，写入语义列必须与 source_path 中该 PK 完全一致。package_review、independent_signoff 与 freeze_binding_status 由本签字和三项冻结哈希闭合。","只授权此 PK 按冻结来源行执行 write_action；除 review_status 外，写入语义列必须与 source_path 中该 PK 完全一致。package_review、independent_signoff 与 freeze_binding_status 由本签字和三项冻结哈希闭合。rebase_binding=AWS-SIGNOFF-REBASE-GOOGLE-SOURCE-GATE-20260813","true"
"AWS-SIGN-0119","formal_baseline_aggregate_sha256","0b4c6106bde7e2a62b1ffd6a0df7246ded62177d941c7fb9303a2cbac62f92bf","97ebb17a2518e3a43b18a382dcfc879c1f5e2b08118a6149c8fa984e65017453","true"
"AWS-SIGN-0119","notes","只授权此 PK 按冻结来源行执行 write_action；除 review_status 外，写入语义列必须与 source_path 中该 PK 完全一致。package_review、independent_signoff 与 freeze_binding_status 由本签字和三项冻结哈希闭合。","只授权此 PK 按冻结来源行执行 write_action；除 review_status 外，写入语义列必须与 source_path 中该 PK 完全一致。package_review、independent_signoff 与 freeze_binding_status 由本签字和三项冻结哈希闭合。rebase_binding=AWS-SIGNOFF-REBASE-GOOGLE-SOURCE-GATE-20260813","true"
"AWS-SIGN-0120","formal_baseline_aggregate_sha256","0b4c6106bde7e2a62b1ffd6a0df7246ded62177d941c7fb9303a2cbac62f92bf","97ebb17a2518e3a43b18a382dcfc879c1f5e2b08118a6149c8fa984e65017453","true"
"AWS-SIGN-0120","notes","只授权此 PK 按冻结来源行执行 write_action；除 review_status 外，写入语义列必须与 source_path 中该 PK 完全一致。package_review、independent_signoff 与 freeze_binding_status 由本签字和三项冻结哈希闭合。","只授权此 PK 按冻结来源行执行 write_action；除 review_status 外，写入语义列必须与 source_path 中该 PK 完全一致。package_review、independent_signoff 与 freeze_binding_status 由本签字和三项冻结哈希闭合。rebase_binding=AWS-SIGNOFF-REBASE-GOOGLE-SOURCE-GATE-20260813","true"
"AWS-SIGN-0121","formal_baseline_aggregate_sha256","0b4c6106bde7e2a62b1ffd6a0df7246ded62177d941c7fb9303a2cbac62f92bf","97ebb17a2518e3a43b18a382dcfc879c1f5e2b08118a6149c8fa984e65017453","true"
"AWS-SIGN-0121","notes","只授权此 PK 按冻结来源行执行 write_action；除 review_status 外，写入语义列必须与 source_path 中该 PK 完全一致。package_review、independent_signoff 与 freeze_binding_status 由本签字和三项冻结哈希闭合。","只授权此 PK 按冻结来源行执行 write_action；除 review_status 外，写入语义列必须与 source_path 中该 PK 完全一致。package_review、independent_signoff 与 freeze_binding_status 由本签字和三项冻结哈希闭合。rebase_binding=AWS-SIGNOFF-REBASE-GOOGLE-SOURCE-GATE-20260813","true"
"AWS-SIGN-0122","formal_baseline_aggregate_sha256","0b4c6106bde7e2a62b1ffd6a0df7246ded62177d941c7fb9303a2cbac62f92bf","97ebb17a2518e3a43b18a382dcfc879c1f5e2b08118a6149c8fa984e65017453","true"
"AWS-SIGN-0122","notes","只授权此 PK 按冻结来源行执行 write_action；除 review_status 外，写入语义列必须与 source_path 中该 PK 完全一致。package_review、independent_signoff 与 freeze_binding_status 由本签字和三项冻结哈希闭合。","只授权此 PK 按冻结来源行执行 write_action；除 review_status 外，写入语义列必须与 source_path 中该 PK 完全一致。package_review、independent_signoff 与 freeze_binding_status 由本签字和三项冻结哈希闭合。rebase_binding=AWS-SIGNOFF-REBASE-GOOGLE-SOURCE-GATE-20260813","true"
"AWS-SIGN-0123","formal_baseline_aggregate_sha256","0b4c6106bde7e2a62b1ffd6a0df7246ded62177d941c7fb9303a2cbac62f92bf","97ebb17a2518e3a43b18a382dcfc879c1f5e2b08118a6149c8fa984e65017453","true"
"AWS-SIGN-0123","notes","只授权此 PK 按冻结来源行执行 write_action；除 review_status 外，写入语义列必须与 source_path 中该 PK 完全一致。package_review、independent_signoff 与 freeze_binding_status 由本签字和三项冻结哈希闭合。","只授权此 PK 按冻结来源行执行 write_action；除 review_status 外，写入语义列必须与 source_path 中该 PK 完全一致。package_review、independent_signoff 与 freeze_binding_status 由本签字和三项冻结哈希闭合。rebase_binding=AWS-SIGNOFF-REBASE-GOOGLE-SOURCE-GATE-20260813","true"
"AWS-SIGN-0124","formal_baseline_aggregate_sha256","0b4c6106bde7e2a62b1ffd6a0df7246ded62177d941c7fb9303a2cbac62f92bf","97ebb17a2518e3a43b18a382dcfc879c1f5e2b08118a6149c8fa984e65017453","true"
"AWS-SIGN-0124","notes","只授权此 PK 按冻结来源行执行 write_action；除 review_status 外，写入语义列必须与 source_path 中该 PK 完全一致。package_review、independent_signoff 与 freeze_binding_status 由本签字和三项冻结哈希闭合。","只授权此 PK 按冻结来源行执行 write_action；除 review_status 外，写入语义列必须与 source_path 中该 PK 完全一致。package_review、independent_signoff 与 freeze_binding_status 由本签字和三项冻结哈希闭合。rebase_binding=AWS-SIGNOFF-REBASE-GOOGLE-SOURCE-GATE-20260813","true"
"AWS-SIGN-0125","formal_baseline_aggregate_sha256","0b4c6106bde7e2a62b1ffd6a0df7246ded62177d941c7fb9303a2cbac62f92bf","97ebb17a2518e3a43b18a382dcfc879c1f5e2b08118a6149c8fa984e65017453","true"
"AWS-SIGN-0125","notes","只授权此 PK 按冻结来源行执行 write_action；除 review_status 外，写入语义列必须与 source_path 中该 PK 完全一致。package_review、independent_signoff 与 freeze_binding_status 由本签字和三项冻结哈希闭合。","只授权此 PK 按冻结来源行执行 write_action；除 review_status 外，写入语义列必须与 source_path 中该 PK 完全一致。package_review、independent_signoff 与 freeze_binding_status 由本签字和三项冻结哈希闭合。rebase_binding=AWS-SIGNOFF-REBASE-GOOGLE-SOURCE-GATE-20260813","true"
"AWS-SIGN-0126","formal_baseline_aggregate_sha256","0b4c6106bde7e2a62b1ffd6a0df7246ded62177d941c7fb9303a2cbac62f92bf","97ebb17a2518e3a43b18a382dcfc879c1f5e2b08118a6149c8fa984e65017453","true"
"AWS-SIGN-0126","notes","只授权此 PK 按冻结来源行执行 write_action；除 review_status 外，写入语义列必须与 source_path 中该 PK 完全一致。package_review、independent_signoff 与 freeze_binding_status 由本签字和三项冻结哈希闭合。","只授权此 PK 按冻结来源行执行 write_action；除 review_status 外，写入语义列必须与 source_path 中该 PK 完全一致。package_review、independent_signoff 与 freeze_binding_status 由本签字和三项冻结哈希闭合。rebase_binding=AWS-SIGNOFF-REBASE-GOOGLE-SOURCE-GATE-20260813","true"
"AWS-SIGN-0127","formal_baseline_aggregate_sha256","0b4c6106bde7e2a62b1ffd6a0df7246ded62177d941c7fb9303a2cbac62f92bf","97ebb17a2518e3a43b18a382dcfc879c1f5e2b08118a6149c8fa984e65017453","true"
"AWS-SIGN-0127","notes","只授权此 PK 按冻结来源行执行 write_action；除 review_status 外，写入语义列必须与 source_path 中该 PK 完全一致。package_review、independent_signoff 与 freeze_binding_status 由本签字和三项冻结哈希闭合。","只授权此 PK 按冻结来源行执行 write_action；除 review_status 外，写入语义列必须与 source_path 中该 PK 完全一致。package_review、independent_signoff 与 freeze_binding_status 由本签字和三项冻结哈希闭合。rebase_binding=AWS-SIGNOFF-REBASE-GOOGLE-SOURCE-GATE-20260813","true"
"AWS-SIGN-0128","formal_baseline_aggregate_sha256","0b4c6106bde7e2a62b1ffd6a0df7246ded62177d941c7fb9303a2cbac62f92bf","97ebb17a2518e3a43b18a382dcfc879c1f5e2b08118a6149c8fa984e65017453","true"
"AWS-SIGN-0128","notes","只授权此 PK 按冻结来源行执行 write_action；除 review_status 外，写入语义列必须与 source_path 中该 PK 完全一致。package_review、independent_signoff 与 freeze_binding_status 由本签字和三项冻结哈希闭合。","只授权此 PK 按冻结来源行执行 write_action；除 review_status 外，写入语义列必须与 source_path 中该 PK 完全一致。package_review、independent_signoff 与 freeze_binding_status 由本签字和三项冻结哈希闭合。rebase_binding=AWS-SIGNOFF-REBASE-GOOGLE-SOURCE-GATE-20260813","true"
"AWS-SIGN-0129","formal_baseline_aggregate_sha256","0b4c6106bde7e2a62b1ffd6a0df7246ded62177d941c7fb9303a2cbac62f92bf","97ebb17a2518e3a43b18a382dcfc879c1f5e2b08118a6149c8fa984e65017453","true"
"AWS-SIGN-0129","notes","只授权此 PK 按冻结来源行执行 write_action；除 review_status 外，写入语义列必须与 source_path 中该 PK 完全一致。package_review、independent_signoff 与 freeze_binding_status 由本签字和三项冻结哈希闭合。","只授权此 PK 按冻结来源行执行 write_action；除 review_status 外，写入语义列必须与 source_path 中该 PK 完全一致。package_review、independent_signoff 与 freeze_binding_status 由本签字和三项冻结哈希闭合。rebase_binding=AWS-SIGNOFF-REBASE-GOOGLE-SOURCE-GATE-20260813","true"
"AWS-SIGN-0130","formal_baseline_aggregate_sha256","0b4c6106bde7e2a62b1ffd6a0df7246ded62177d941c7fb9303a2cbac62f92bf","97ebb17a2518e3a43b18a382dcfc879c1f5e2b08118a6149c8fa984e65017453","true"
"AWS-SIGN-0130","notes","只授权此 PK 按冻结来源行执行 write_action；除 review_status 外，写入语义列必须与 source_path 中该 PK 完全一致。package_review、independent_signoff 与 freeze_binding_status 由本签字和三项冻结哈希闭合。","只授权此 PK 按冻结来源行执行 write_action；除 review_status 外，写入语义列必须与 source_path 中该 PK 完全一致。package_review、independent_signoff 与 freeze_binding_status 由本签字和三项冻结哈希闭合。rebase_binding=AWS-SIGNOFF-REBASE-GOOGLE-SOURCE-GATE-20260813","true"
"AWS-SIGN-0131","formal_baseline_aggregate_sha256","0b4c6106bde7e2a62b1ffd6a0df7246ded62177d941c7fb9303a2cbac62f92bf","97ebb17a2518e3a43b18a382dcfc879c1f5e2b08118a6149c8fa984e65017453","true"
"AWS-SIGN-0131","notes","只授权此 PK 按冻结来源行执行 write_action；除 review_status 外，写入语义列必须与 source_path 中该 PK 完全一致。package_review、independent_signoff 与 freeze_binding_status 由本签字和三项冻结哈希闭合。","只授权此 PK 按冻结来源行执行 write_action；除 review_status 外，写入语义列必须与 source_path 中该 PK 完全一致。package_review、independent_signoff 与 freeze_binding_status 由本签字和三项冻结哈希闭合。rebase_binding=AWS-SIGNOFF-REBASE-GOOGLE-SOURCE-GATE-20260813","true"
"AWS-SIGN-0132","formal_baseline_aggregate_sha256","0b4c6106bde7e2a62b1ffd6a0df7246ded62177d941c7fb9303a2cbac62f92bf","97ebb17a2518e3a43b18a382dcfc879c1f5e2b08118a6149c8fa984e65017453","true"
"AWS-SIGN-0132","notes","只授权此 PK 按冻结来源行执行 write_action；除 review_status 外，写入语义列必须与 source_path 中该 PK 完全一致。package_review、independent_signoff 与 freeze_binding_status 由本签字和三项冻结哈希闭合。","只授权此 PK 按冻结来源行执行 write_action；除 review_status 外，写入语义列必须与 source_path 中该 PK 完全一致。package_review、independent_signoff 与 freeze_binding_status 由本签字和三项冻结哈希闭合。rebase_binding=AWS-SIGNOFF-REBASE-GOOGLE-SOURCE-GATE-20260813","true"
"AWS-SIGN-0133","formal_baseline_aggregate_sha256","0b4c6106bde7e2a62b1ffd6a0df7246ded62177d941c7fb9303a2cbac62f92bf","97ebb17a2518e3a43b18a382dcfc879c1f5e2b08118a6149c8fa984e65017453","true"
"AWS-SIGN-0133","notes","只授权此 PK 按冻结来源行执行 write_action；除 review_status 外，写入语义列必须与 source_path 中该 PK 完全一致。package_review、independent_signoff 与 freeze_binding_status 由本签字和三项冻结哈希闭合。","只授权此 PK 按冻结来源行执行 write_action；除 review_status 外，写入语义列必须与 source_path 中该 PK 完全一致。package_review、independent_signoff 与 freeze_binding_status 由本签字和三项冻结哈希闭合。rebase_binding=AWS-SIGNOFF-REBASE-GOOGLE-SOURCE-GATE-20260813","true"
"AWS-SIGN-0134","formal_baseline_aggregate_sha256","0b4c6106bde7e2a62b1ffd6a0df7246ded62177d941c7fb9303a2cbac62f92bf","97ebb17a2518e3a43b18a382dcfc879c1f5e2b08118a6149c8fa984e65017453","true"
"AWS-SIGN-0134","notes","只授权此 PK 按冻结来源行执行 write_action；除 review_status 外，写入语义列必须与 source_path 中该 PK 完全一致。package_review、independent_signoff 与 freeze_binding_status 由本签字和三项冻结哈希闭合。","只授权此 PK 按冻结来源行执行 write_action；除 review_status 外，写入语义列必须与 source_path 中该 PK 完全一致。package_review、independent_signoff 与 freeze_binding_status 由本签字和三项冻结哈希闭合。rebase_binding=AWS-SIGNOFF-REBASE-GOOGLE-SOURCE-GATE-20260813","true"
"AWS-SIGN-0135","formal_baseline_aggregate_sha256","0b4c6106bde7e2a62b1ffd6a0df7246ded62177d941c7fb9303a2cbac62f92bf","97ebb17a2518e3a43b18a382dcfc879c1f5e2b08118a6149c8fa984e65017453","true"
"AWS-SIGN-0135","notes","只授权此 PK 按冻结来源行执行 write_action；除 review_status 外，写入语义列必须与 source_path 中该 PK 完全一致。package_review、independent_signoff 与 freeze_binding_status 由本签字和三项冻结哈希闭合。","只授权此 PK 按冻结来源行执行 write_action；除 review_status 外，写入语义列必须与 source_path 中该 PK 完全一致。package_review、independent_signoff 与 freeze_binding_status 由本签字和三项冻结哈希闭合。rebase_binding=AWS-SIGNOFF-REBASE-GOOGLE-SOURCE-GATE-20260813","true"
"AWS-SIGN-0136","formal_baseline_aggregate_sha256","0b4c6106bde7e2a62b1ffd6a0df7246ded62177d941c7fb9303a2cbac62f92bf","97ebb17a2518e3a43b18a382dcfc879c1f5e2b08118a6149c8fa984e65017453","true"
"AWS-SIGN-0136","notes","只授权此 PK 按冻结来源行执行 write_action；除 review_status 外，写入语义列必须与 source_path 中该 PK 完全一致。package_review、independent_signoff 与 freeze_binding_status 由本签字和三项冻结哈希闭合。","只授权此 PK 按冻结来源行执行 write_action；除 review_status 外，写入语义列必须与 source_path 中该 PK 完全一致。package_review、independent_signoff 与 freeze_binding_status 由本签字和三项冻结哈希闭合。rebase_binding=AWS-SIGNOFF-REBASE-GOOGLE-SOURCE-GATE-20260813","true"
"AWS-SIGN-0137","formal_baseline_aggregate_sha256","0b4c6106bde7e2a62b1ffd6a0df7246ded62177d941c7fb9303a2cbac62f92bf","97ebb17a2518e3a43b18a382dcfc879c1f5e2b08118a6149c8fa984e65017453","true"
"AWS-SIGN-0137","notes","只授权此 PK 按冻结来源行执行 write_action；除 review_status 外，写入语义列必须与 source_path 中该 PK 完全一致。package_review、independent_signoff 与 freeze_binding_status 由本签字和三项冻结哈希闭合。","只授权此 PK 按冻结来源行执行 write_action；除 review_status 外，写入语义列必须与 source_path 中该 PK 完全一致。package_review、independent_signoff 与 freeze_binding_status 由本签字和三项冻结哈希闭合。rebase_binding=AWS-SIGNOFF-REBASE-GOOGLE-SOURCE-GATE-20260813","true"
"AWS-SIGN-0138","formal_baseline_aggregate_sha256","0b4c6106bde7e2a62b1ffd6a0df7246ded62177d941c7fb9303a2cbac62f92bf","97ebb17a2518e3a43b18a382dcfc879c1f5e2b08118a6149c8fa984e65017453","true"
"AWS-SIGN-0138","notes","只授权此 PK 按冻结来源行执行 write_action；除 review_status 外，写入语义列必须与 source_path 中该 PK 完全一致。package_review、independent_signoff 与 freeze_binding_status 由本签字和三项冻结哈希闭合。","只授权此 PK 按冻结来源行执行 write_action；除 review_status 外，写入语义列必须与 source_path 中该 PK 完全一致。package_review、independent_signoff 与 freeze_binding_status 由本签字和三项冻结哈希闭合。rebase_binding=AWS-SIGNOFF-REBASE-GOOGLE-SOURCE-GATE-20260813","true"
"AWS-SIGN-0139","formal_baseline_aggregate_sha256","0b4c6106bde7e2a62b1ffd6a0df7246ded62177d941c7fb9303a2cbac62f92bf","97ebb17a2518e3a43b18a382dcfc879c1f5e2b08118a6149c8fa984e65017453","true"
"AWS-SIGN-0139","notes","只授权此 PK 按冻结来源行执行 write_action；除 review_status 外，写入语义列必须与 source_path 中该 PK 完全一致。package_review、independent_signoff 与 freeze_binding_status 由本签字和三项冻结哈希闭合。","只授权此 PK 按冻结来源行执行 write_action；除 review_status 外，写入语义列必须与 source_path 中该 PK 完全一致。package_review、independent_signoff 与 freeze_binding_status 由本签字和三项冻结哈希闭合。rebase_binding=AWS-SIGNOFF-REBASE-GOOGLE-SOURCE-GATE-20260813","true"
"AWS-SIGN-0140","formal_baseline_aggregate_sha256","0b4c6106bde7e2a62b1ffd6a0df7246ded62177d941c7fb9303a2cbac62f92bf","97ebb17a2518e3a43b18a382dcfc879c1f5e2b08118a6149c8fa984e65017453","true"
"AWS-SIGN-0140","notes","只授权此 PK 按冻结来源行执行 write_action；除 review_status 外，写入语义列必须与 source_path 中该 PK 完全一致。package_review、independent_signoff 与 freeze_binding_status 由本签字和三项冻结哈希闭合。","只授权此 PK 按冻结来源行执行 write_action；除 review_status 外，写入语义列必须与 source_path 中该 PK 完全一致。package_review、independent_signoff 与 freeze_binding_status 由本签字和三项冻结哈希闭合。rebase_binding=AWS-SIGNOFF-REBASE-GOOGLE-SOURCE-GATE-20260813","true"
"AWS-SIGN-0141","formal_baseline_aggregate_sha256","0b4c6106bde7e2a62b1ffd6a0df7246ded62177d941c7fb9303a2cbac62f92bf","97ebb17a2518e3a43b18a382dcfc879c1f5e2b08118a6149c8fa984e65017453","true"
"AWS-SIGN-0141","notes","只授权此 PK 按冻结来源行执行 write_action；除 review_status 外，写入语义列必须与 source_path 中该 PK 完全一致。package_review、independent_signoff 与 freeze_binding_status 由本签字和三项冻结哈希闭合。","只授权此 PK 按冻结来源行执行 write_action；除 review_status 外，写入语义列必须与 source_path 中该 PK 完全一致。package_review、independent_signoff 与 freeze_binding_status 由本签字和三项冻结哈希闭合。rebase_binding=AWS-SIGNOFF-REBASE-GOOGLE-SOURCE-GATE-20260813","true"
"AWS-SIGN-0142","formal_baseline_aggregate_sha256","0b4c6106bde7e2a62b1ffd6a0df7246ded62177d941c7fb9303a2cbac62f92bf","97ebb17a2518e3a43b18a382dcfc879c1f5e2b08118a6149c8fa984e65017453","true"
"AWS-SIGN-0142","notes","只授权此 PK 按冻结来源行执行 write_action；除 review_status 外，写入语义列必须与 source_path 中该 PK 完全一致。package_review、independent_signoff 与 freeze_binding_status 由本签字和三项冻结哈希闭合。","只授权此 PK 按冻结来源行执行 write_action；除 review_status 外，写入语义列必须与 source_path 中该 PK 完全一致。package_review、independent_signoff 与 freeze_binding_status 由本签字和三项冻结哈希闭合。rebase_binding=AWS-SIGNOFF-REBASE-GOOGLE-SOURCE-GATE-20260813","true"
"AWS-SIGN-0143","formal_baseline_aggregate_sha256","0b4c6106bde7e2a62b1ffd6a0df7246ded62177d941c7fb9303a2cbac62f92bf","97ebb17a2518e3a43b18a382dcfc879c1f5e2b08118a6149c8fa984e65017453","true"
"AWS-SIGN-0143","notes","只授权此 PK 按冻结来源行执行 write_action；除 review_status 外，写入语义列必须与 source_path 中该 PK 完全一致。package_review、independent_signoff 与 freeze_binding_status 由本签字和三项冻结哈希闭合。","只授权此 PK 按冻结来源行执行 write_action；除 review_status 外，写入语义列必须与 source_path 中该 PK 完全一致。package_review、independent_signoff 与 freeze_binding_status 由本签字和三项冻结哈希闭合。rebase_binding=AWS-SIGNOFF-REBASE-GOOGLE-SOURCE-GATE-20260813","true"
"AWS-SIGN-0144","formal_baseline_aggregate_sha256","0b4c6106bde7e2a62b1ffd6a0df7246ded62177d941c7fb9303a2cbac62f92bf","97ebb17a2518e3a43b18a382dcfc879c1f5e2b08118a6149c8fa984e65017453","true"
"AWS-SIGN-0144","notes","只授权此 PK 按冻结来源行执行 write_action；除 review_status 外，写入语义列必须与 source_path 中该 PK 完全一致。package_review、independent_signoff 与 freeze_binding_status 由本签字和三项冻结哈希闭合。","只授权此 PK 按冻结来源行执行 write_action；除 review_status 外，写入语义列必须与 source_path 中该 PK 完全一致。package_review、independent_signoff 与 freeze_binding_status 由本签字和三项冻结哈希闭合。rebase_binding=AWS-SIGNOFF-REBASE-GOOGLE-SOURCE-GATE-20260813","true"
"AWS-SIGN-0145","formal_baseline_aggregate_sha256","0b4c6106bde7e2a62b1ffd6a0df7246ded62177d941c7fb9303a2cbac62f92bf","97ebb17a2518e3a43b18a382dcfc879c1f5e2b08118a6149c8fa984e65017453","true"
"AWS-SIGN-0145","notes","只授权此 PK 按冻结来源行执行 write_action；除 review_status 外，写入语义列必须与 source_path 中该 PK 完全一致。package_review、independent_signoff 与 freeze_binding_status 由本签字和三项冻结哈希闭合。","只授权此 PK 按冻结来源行执行 write_action；除 review_status 外，写入语义列必须与 source_path 中该 PK 完全一致。package_review、independent_signoff 与 freeze_binding_status 由本签字和三项冻结哈希闭合。rebase_binding=AWS-SIGNOFF-REBASE-GOOGLE-SOURCE-GATE-20260813","true"
"AWS-SIGN-0146","formal_baseline_aggregate_sha256","0b4c6106bde7e2a62b1ffd6a0df7246ded62177d941c7fb9303a2cbac62f92bf","97ebb17a2518e3a43b18a382dcfc879c1f5e2b08118a6149c8fa984e65017453","true"
"AWS-SIGN-0146","notes","只授权此 PK 按冻结来源行执行 write_action；除 review_status 外，写入语义列必须与 source_path 中该 PK 完全一致。package_review、independent_signoff 与 freeze_binding_status 由本签字和三项冻结哈希闭合。","只授权此 PK 按冻结来源行执行 write_action；除 review_status 外，写入语义列必须与 source_path 中该 PK 完全一致。package_review、independent_signoff 与 freeze_binding_status 由本签字和三项冻结哈希闭合。rebase_binding=AWS-SIGNOFF-REBASE-GOOGLE-SOURCE-GATE-20260813","true"
"AWS-SIGN-0147","formal_baseline_aggregate_sha256","0b4c6106bde7e2a62b1ffd6a0df7246ded62177d941c7fb9303a2cbac62f92bf","97ebb17a2518e3a43b18a382dcfc879c1f5e2b08118a6149c8fa984e65017453","true"
"AWS-SIGN-0147","notes","只授权此 PK 按冻结来源行执行 write_action；除 review_status 外，写入语义列必须与 source_path 中该 PK 完全一致。package_review、independent_signoff 与 freeze_binding_status 由本签字和三项冻结哈希闭合。","只授权此 PK 按冻结来源行执行 write_action；除 review_status 外，写入语义列必须与 source_path 中该 PK 完全一致。package_review、independent_signoff 与 freeze_binding_status 由本签字和三项冻结哈希闭合。rebase_binding=AWS-SIGNOFF-REBASE-GOOGLE-SOURCE-GATE-20260813","true"
"AWS-SIGN-0148","formal_baseline_aggregate_sha256","0b4c6106bde7e2a62b1ffd6a0df7246ded62177d941c7fb9303a2cbac62f92bf","97ebb17a2518e3a43b18a382dcfc879c1f5e2b08118a6149c8fa984e65017453","true"
"AWS-SIGN-0148","notes","只授权此 PK 按冻结来源行执行 write_action；除 review_status 外，写入语义列必须与 source_path 中该 PK 完全一致。package_review、independent_signoff 与 freeze_binding_status 由本签字和三项冻结哈希闭合。","只授权此 PK 按冻结来源行执行 write_action；除 review_status 外，写入语义列必须与 source_path 中该 PK 完全一致。package_review、independent_signoff 与 freeze_binding_status 由本签字和三项冻结哈希闭合。rebase_binding=AWS-SIGNOFF-REBASE-GOOGLE-SOURCE-GATE-20260813","true"
"AWS-SIGN-0149","formal_baseline_aggregate_sha256","0b4c6106bde7e2a62b1ffd6a0df7246ded62177d941c7fb9303a2cbac62f92bf","97ebb17a2518e3a43b18a382dcfc879c1f5e2b08118a6149c8fa984e65017453","true"
"AWS-SIGN-0149","notes","只授权此 PK 按冻结来源行执行 write_action；除 review_status 外，写入语义列必须与 source_path 中该 PK 完全一致。package_review、independent_signoff 与 freeze_binding_status 由本签字和三项冻结哈希闭合。","只授权此 PK 按冻结来源行执行 write_action；除 review_status 外，写入语义列必须与 source_path 中该 PK 完全一致。package_review、independent_signoff 与 freeze_binding_status 由本签字和三项冻结哈希闭合。rebase_binding=AWS-SIGNOFF-REBASE-GOOGLE-SOURCE-GATE-20260813","true"
"AWS-SIGN-0150","formal_baseline_aggregate_sha256","0b4c6106bde7e2a62b1ffd6a0df7246ded62177d941c7fb9303a2cbac62f92bf","97ebb17a2518e3a43b18a382dcfc879c1f5e2b08118a6149c8fa984e65017453","true"
"AWS-SIGN-0150","notes","只授权此 PK 按冻结来源行执行 write_action；除 review_status 外，写入语义列必须与 source_path 中该 PK 完全一致。package_review、independent_signoff 与 freeze_binding_status 由本签字和三项冻结哈希闭合。","只授权此 PK 按冻结来源行执行 write_action；除 review_status 外，写入语义列必须与 source_path 中该 PK 完全一致。package_review、independent_signoff 与 freeze_binding_status 由本签字和三项冻结哈希闭合。rebase_binding=AWS-SIGNOFF-REBASE-GOOGLE-SOURCE-GATE-20260813","true"
"AWS-SIGN-0151","formal_baseline_aggregate_sha256","0b4c6106bde7e2a62b1ffd6a0df7246ded62177d941c7fb9303a2cbac62f92bf","97ebb17a2518e3a43b18a382dcfc879c1f5e2b08118a6149c8fa984e65017453","true"
"AWS-SIGN-0151","notes","只授权此 PK 按冻结来源行执行 write_action；除 review_status 外，写入语义列必须与 source_path 中该 PK 完全一致。package_review、independent_signoff 与 freeze_binding_status 由本签字和三项冻结哈希闭合。","只授权此 PK 按冻结来源行执行 write_action；除 review_status 外，写入语义列必须与 source_path 中该 PK 完全一致。package_review、independent_signoff 与 freeze_binding_status 由本签字和三项冻结哈希闭合。rebase_binding=AWS-SIGNOFF-REBASE-GOOGLE-SOURCE-GATE-20260813","true"
"AWS-SIGN-0152","formal_baseline_aggregate_sha256","0b4c6106bde7e2a62b1ffd6a0df7246ded62177d941c7fb9303a2cbac62f92bf","97ebb17a2518e3a43b18a382dcfc879c1f5e2b08118a6149c8fa984e65017453","true"
"AWS-SIGN-0152","notes","只授权此 PK 按冻结来源行执行 write_action；除 review_status 外，写入语义列必须与 source_path 中该 PK 完全一致。package_review、independent_signoff 与 freeze_binding_status 由本签字和三项冻结哈希闭合。","只授权此 PK 按冻结来源行执行 write_action；除 review_status 外，写入语义列必须与 source_path 中该 PK 完全一致。package_review、independent_signoff 与 freeze_binding_status 由本签字和三项冻结哈希闭合。rebase_binding=AWS-SIGNOFF-REBASE-GOOGLE-SOURCE-GATE-20260813","true"
"AWS-SIGN-0153","formal_baseline_aggregate_sha256","0b4c6106bde7e2a62b1ffd6a0df7246ded62177d941c7fb9303a2cbac62f92bf","97ebb17a2518e3a43b18a382dcfc879c1f5e2b08118a6149c8fa984e65017453","true"
"AWS-SIGN-0153","notes","只授权此 PK 按冻结来源行执行 write_action；除 review_status 外，写入语义列必须与 source_path 中该 PK 完全一致。package_review、independent_signoff 与 freeze_binding_status 由本签字和三项冻结哈希闭合。","只授权此 PK 按冻结来源行执行 write_action；除 review_status 外，写入语义列必须与 source_path 中该 PK 完全一致。package_review、independent_signoff 与 freeze_binding_status 由本签字和三项冻结哈希闭合。rebase_binding=AWS-SIGNOFF-REBASE-GOOGLE-SOURCE-GATE-20260813","true"
"AWS-SIGN-0154","formal_baseline_aggregate_sha256","0b4c6106bde7e2a62b1ffd6a0df7246ded62177d941c7fb9303a2cbac62f92bf","97ebb17a2518e3a43b18a382dcfc879c1f5e2b08118a6149c8fa984e65017453","true"
"AWS-SIGN-0154","notes","只授权此 PK 按冻结来源行执行 write_action；除 review_status 外，写入语义列必须与 source_path 中该 PK 完全一致。package_review、independent_signoff 与 freeze_binding_status 由本签字和三项冻结哈希闭合。","只授权此 PK 按冻结来源行执行 write_action；除 review_status 外，写入语义列必须与 source_path 中该 PK 完全一致。package_review、independent_signoff 与 freeze_binding_status 由本签字和三项冻结哈希闭合。rebase_binding=AWS-SIGNOFF-REBASE-GOOGLE-SOURCE-GATE-20260813","true"
"AWS-SIGN-0155","formal_baseline_aggregate_sha256","0b4c6106bde7e2a62b1ffd6a0df7246ded62177d941c7fb9303a2cbac62f92bf","97ebb17a2518e3a43b18a382dcfc879c1f5e2b08118a6149c8fa984e65017453","true"
"AWS-SIGN-0155","notes","只授权此 PK 按冻结来源行执行 write_action；除 review_status 外，写入语义列必须与 source_path 中该 PK 完全一致。package_review、independent_signoff 与 freeze_binding_status 由本签字和三项冻结哈希闭合。","只授权此 PK 按冻结来源行执行 write_action；除 review_status 外，写入语义列必须与 source_path 中该 PK 完全一致。package_review、independent_signoff 与 freeze_binding_status 由本签字和三项冻结哈希闭合。rebase_binding=AWS-SIGNOFF-REBASE-GOOGLE-SOURCE-GATE-20260813","true"
"AWS-SIGN-0156","formal_baseline_aggregate_sha256","0b4c6106bde7e2a62b1ffd6a0df7246ded62177d941c7fb9303a2cbac62f92bf","97ebb17a2518e3a43b18a382dcfc879c1f5e2b08118a6149c8fa984e65017453","true"
"AWS-SIGN-0156","notes","只授权此 PK 按冻结来源行执行 write_action；除 review_status 外，写入语义列必须与 source_path 中该 PK 完全一致。package_review、independent_signoff 与 freeze_binding_status 由本签字和三项冻结哈希闭合。","只授权此 PK 按冻结来源行执行 write_action；除 review_status 外，写入语义列必须与 source_path 中该 PK 完全一致。package_review、independent_signoff 与 freeze_binding_status 由本签字和三项冻结哈希闭合。rebase_binding=AWS-SIGNOFF-REBASE-GOOGLE-SOURCE-GATE-20260813","true"
"AWS-SIGN-0157","formal_baseline_aggregate_sha256","0b4c6106bde7e2a62b1ffd6a0df7246ded62177d941c7fb9303a2cbac62f92bf","97ebb17a2518e3a43b18a382dcfc879c1f5e2b08118a6149c8fa984e65017453","true"
"AWS-SIGN-0157","notes","只授权此 PK 按冻结来源行执行 write_action；除 review_status 外，写入语义列必须与 source_path 中该 PK 完全一致。package_review、independent_signoff 与 freeze_binding_status 由本签字和三项冻结哈希闭合。","只授权此 PK 按冻结来源行执行 write_action；除 review_status 外，写入语义列必须与 source_path 中该 PK 完全一致。package_review、independent_signoff 与 freeze_binding_status 由本签字和三项冻结哈希闭合。rebase_binding=AWS-SIGNOFF-REBASE-GOOGLE-SOURCE-GATE-20260813","true"
"AWS-SIGN-0158","formal_baseline_aggregate_sha256","0b4c6106bde7e2a62b1ffd6a0df7246ded62177d941c7fb9303a2cbac62f92bf","97ebb17a2518e3a43b18a382dcfc879c1f5e2b08118a6149c8fa984e65017453","true"
"AWS-SIGN-0158","notes","只授权此 PK 按冻结来源行执行 write_action；除 review_status 外，写入语义列必须与 source_path 中该 PK 完全一致。package_review、independent_signoff 与 freeze_binding_status 由本签字和三项冻结哈希闭合。","只授权此 PK 按冻结来源行执行 write_action；除 review_status 外，写入语义列必须与 source_path 中该 PK 完全一致。package_review、independent_signoff 与 freeze_binding_status 由本签字和三项冻结哈希闭合。rebase_binding=AWS-SIGNOFF-REBASE-GOOGLE-SOURCE-GATE-20260813","true"
"AWS-SIGN-0159","formal_baseline_aggregate_sha256","0b4c6106bde7e2a62b1ffd6a0df7246ded62177d941c7fb9303a2cbac62f92bf","97ebb17a2518e3a43b18a382dcfc879c1f5e2b08118a6149c8fa984e65017453","true"
"AWS-SIGN-0159","notes","只授权此 PK 按冻结来源行执行 write_action；除 review_status 外，写入语义列必须与 source_path 中该 PK 完全一致。package_review、independent_signoff 与 freeze_binding_status 由本签字和三项冻结哈希闭合。","只授权此 PK 按冻结来源行执行 write_action；除 review_status 外，写入语义列必须与 source_path 中该 PK 完全一致。package_review、independent_signoff 与 freeze_binding_status 由本签字和三项冻结哈希闭合。rebase_binding=AWS-SIGNOFF-REBASE-GOOGLE-SOURCE-GATE-20260813","true"
"AWS-SIGN-0160","formal_baseline_aggregate_sha256","0b4c6106bde7e2a62b1ffd6a0df7246ded62177d941c7fb9303a2cbac62f92bf","97ebb17a2518e3a43b18a382dcfc879c1f5e2b08118a6149c8fa984e65017453","true"
"AWS-SIGN-0160","notes","只授权此 PK 按冻结来源行执行 write_action；除 review_status 外，写入语义列必须与 source_path 中该 PK 完全一致。package_review、independent_signoff 与 freeze_binding_status 由本签字和三项冻结哈希闭合。","只授权此 PK 按冻结来源行执行 write_action；除 review_status 外，写入语义列必须与 source_path 中该 PK 完全一致。package_review、independent_signoff 与 freeze_binding_status 由本签字和三项冻结哈希闭合。rebase_binding=AWS-SIGNOFF-REBASE-GOOGLE-SOURCE-GATE-20260813","true"
"AWS-SIGN-0161","formal_baseline_aggregate_sha256","0b4c6106bde7e2a62b1ffd6a0df7246ded62177d941c7fb9303a2cbac62f92bf","97ebb17a2518e3a43b18a382dcfc879c1f5e2b08118a6149c8fa984e65017453","true"
"AWS-SIGN-0161","notes","只授权此 PK 按冻结来源行执行 write_action；除 review_status 外，写入语义列必须与 source_path 中该 PK 完全一致。package_review、independent_signoff 与 freeze_binding_status 由本签字和三项冻结哈希闭合。","只授权此 PK 按冻结来源行执行 write_action；除 review_status 外，写入语义列必须与 source_path 中该 PK 完全一致。package_review、independent_signoff 与 freeze_binding_status 由本签字和三项冻结哈希闭合。rebase_binding=AWS-SIGNOFF-REBASE-GOOGLE-SOURCE-GATE-20260813","true"
"AWS-SIGN-0162","formal_baseline_aggregate_sha256","0b4c6106bde7e2a62b1ffd6a0df7246ded62177d941c7fb9303a2cbac62f92bf","97ebb17a2518e3a43b18a382dcfc879c1f5e2b08118a6149c8fa984e65017453","true"
"AWS-SIGN-0162","notes","只授权此 PK 按冻结来源行执行 write_action；除 review_status 外，写入语义列必须与 source_path 中该 PK 完全一致。package_review、independent_signoff 与 freeze_binding_status 由本签字和三项冻结哈希闭合。","只授权此 PK 按冻结来源行执行 write_action；除 review_status 外，写入语义列必须与 source_path 中该 PK 完全一致。package_review、independent_signoff 与 freeze_binding_status 由本签字和三项冻结哈希闭合。rebase_binding=AWS-SIGNOFF-REBASE-GOOGLE-SOURCE-GATE-20260813","true"
"AWS-SIGN-0163","formal_baseline_aggregate_sha256","0b4c6106bde7e2a62b1ffd6a0df7246ded62177d941c7fb9303a2cbac62f92bf","97ebb17a2518e3a43b18a382dcfc879c1f5e2b08118a6149c8fa984e65017453","true"
"AWS-SIGN-0163","notes","只授权此 PK 按冻结来源行执行 write_action；除 review_status 外，写入语义列必须与 source_path 中该 PK 完全一致。package_review、independent_signoff 与 freeze_binding_status 由本签字和三项冻结哈希闭合。","只授权此 PK 按冻结来源行执行 write_action；除 review_status 外，写入语义列必须与 source_path 中该 PK 完全一致。package_review、independent_signoff 与 freeze_binding_status 由本签字和三项冻结哈希闭合。rebase_binding=AWS-SIGNOFF-REBASE-GOOGLE-SOURCE-GATE-20260813","true"
"AWS-SIGN-0164","formal_baseline_aggregate_sha256","0b4c6106bde7e2a62b1ffd6a0df7246ded62177d941c7fb9303a2cbac62f92bf","97ebb17a2518e3a43b18a382dcfc879c1f5e2b08118a6149c8fa984e65017453","true"
"AWS-SIGN-0164","notes","只授权此 PK 按冻结来源行执行 write_action；除 review_status 外，写入语义列必须与 source_path 中该 PK 完全一致。package_review、independent_signoff 与 freeze_binding_status 由本签字和三项冻结哈希闭合。","只授权此 PK 按冻结来源行执行 write_action；除 review_status 外，写入语义列必须与 source_path 中该 PK 完全一致。package_review、independent_signoff 与 freeze_binding_status 由本签字和三项冻结哈希闭合。rebase_binding=AWS-SIGNOFF-REBASE-GOOGLE-SOURCE-GATE-20260813","true"
"AWS-SIGN-0165","formal_baseline_aggregate_sha256","0b4c6106bde7e2a62b1ffd6a0df7246ded62177d941c7fb9303a2cbac62f92bf","97ebb17a2518e3a43b18a382dcfc879c1f5e2b08118a6149c8fa984e65017453","true"
"AWS-SIGN-0165","notes","只授权此 PK 按冻结来源行执行 write_action；除 review_status 外，写入语义列必须与 source_path 中该 PK 完全一致。package_review、independent_signoff 与 freeze_binding_status 由本签字和三项冻结哈希闭合。","只授权此 PK 按冻结来源行执行 write_action；除 review_status 外，写入语义列必须与 source_path 中该 PK 完全一致。package_review、independent_signoff 与 freeze_binding_status 由本签字和三项冻结哈希闭合。rebase_binding=AWS-SIGNOFF-REBASE-GOOGLE-SOURCE-GATE-20260813","true"
"AWS-SIGN-0166","formal_baseline_aggregate_sha256","0b4c6106bde7e2a62b1ffd6a0df7246ded62177d941c7fb9303a2cbac62f92bf","97ebb17a2518e3a43b18a382dcfc879c1f5e2b08118a6149c8fa984e65017453","true"
"AWS-SIGN-0166","notes","只授权此 PK 按冻结来源行执行 write_action；除 review_status 外，写入语义列必须与 source_path 中该 PK 完全一致。package_review、independent_signoff 与 freeze_binding_status 由本签字和三项冻结哈希闭合。","只授权此 PK 按冻结来源行执行 write_action；除 review_status 外，写入语义列必须与 source_path 中该 PK 完全一致。package_review、independent_signoff 与 freeze_binding_status 由本签字和三项冻结哈希闭合。rebase_binding=AWS-SIGNOFF-REBASE-GOOGLE-SOURCE-GATE-20260813","true"
"AWS-SIGN-0167","formal_baseline_aggregate_sha256","0b4c6106bde7e2a62b1ffd6a0df7246ded62177d941c7fb9303a2cbac62f92bf","97ebb17a2518e3a43b18a382dcfc879c1f5e2b08118a6149c8fa984e65017453","true"
"AWS-SIGN-0167","notes","只授权此 PK 按冻结来源行执行 write_action；除 review_status 外，写入语义列必须与 source_path 中该 PK 完全一致。package_review、independent_signoff 与 freeze_binding_status 由本签字和三项冻结哈希闭合。","只授权此 PK 按冻结来源行执行 write_action；除 review_status 外，写入语义列必须与 source_path 中该 PK 完全一致。package_review、independent_signoff 与 freeze_binding_status 由本签字和三项冻结哈希闭合。rebase_binding=AWS-SIGNOFF-REBASE-GOOGLE-SOURCE-GATE-20260813","true"
"AWS-SIGN-0168","formal_baseline_aggregate_sha256","0b4c6106bde7e2a62b1ffd6a0df7246ded62177d941c7fb9303a2cbac62f92bf","97ebb17a2518e3a43b18a382dcfc879c1f5e2b08118a6149c8fa984e65017453","true"
"AWS-SIGN-0168","notes","只授权此 PK 按冻结来源行执行 write_action；除 review_status 外，写入语义列必须与 source_path 中该 PK 完全一致。package_review、independent_signoff 与 freeze_binding_status 由本签字和三项冻结哈希闭合。","只授权此 PK 按冻结来源行执行 write_action；除 review_status 外，写入语义列必须与 source_path 中该 PK 完全一致。package_review、independent_signoff 与 freeze_binding_status 由本签字和三项冻结哈希闭合。rebase_binding=AWS-SIGNOFF-REBASE-GOOGLE-SOURCE-GATE-20260813","true"
"AWS-SIGN-0169","formal_baseline_aggregate_sha256","0b4c6106bde7e2a62b1ffd6a0df7246ded62177d941c7fb9303a2cbac62f92bf","97ebb17a2518e3a43b18a382dcfc879c1f5e2b08118a6149c8fa984e65017453","true"
"AWS-SIGN-0169","notes","只授权此 PK 按冻结来源行执行 write_action；除 review_status 外，写入语义列必须与 source_path 中该 PK 完全一致。package_review、independent_signoff 与 freeze_binding_status 由本签字和三项冻结哈希闭合。","只授权此 PK 按冻结来源行执行 write_action；除 review_status 外，写入语义列必须与 source_path 中该 PK 完全一致。package_review、independent_signoff 与 freeze_binding_status 由本签字和三项冻结哈希闭合。rebase_binding=AWS-SIGNOFF-REBASE-GOOGLE-SOURCE-GATE-20260813","true"
"AWS-SIGN-0170","formal_baseline_aggregate_sha256","0b4c6106bde7e2a62b1ffd6a0df7246ded62177d941c7fb9303a2cbac62f92bf","97ebb17a2518e3a43b18a382dcfc879c1f5e2b08118a6149c8fa984e65017453","true"
"AWS-SIGN-0170","notes","只授权此 PK 按冻结来源行执行 write_action；除 review_status 外，写入语义列必须与 source_path 中该 PK 完全一致。package_review、independent_signoff 与 freeze_binding_status 由本签字和三项冻结哈希闭合。","只授权此 PK 按冻结来源行执行 write_action；除 review_status 外，写入语义列必须与 source_path 中该 PK 完全一致。package_review、independent_signoff 与 freeze_binding_status 由本签字和三项冻结哈希闭合。rebase_binding=AWS-SIGNOFF-REBASE-GOOGLE-SOURCE-GATE-20260813","true"
"AWS-SIGN-0171","formal_baseline_aggregate_sha256","0b4c6106bde7e2a62b1ffd6a0df7246ded62177d941c7fb9303a2cbac62f92bf","97ebb17a2518e3a43b18a382dcfc879c1f5e2b08118a6149c8fa984e65017453","true"
"AWS-SIGN-0171","notes","只授权此 PK 按冻结来源行执行 write_action；除 review_status 外，写入语义列必须与 source_path 中该 PK 完全一致。package_review、independent_signoff 与 freeze_binding_status 由本签字和三项冻结哈希闭合。","只授权此 PK 按冻结来源行执行 write_action；除 review_status 外，写入语义列必须与 source_path 中该 PK 完全一致。package_review、independent_signoff 与 freeze_binding_status 由本签字和三项冻结哈希闭合。rebase_binding=AWS-SIGNOFF-REBASE-GOOGLE-SOURCE-GATE-20260813","true"
"AWS-SIGN-0172","formal_baseline_aggregate_sha256","0b4c6106bde7e2a62b1ffd6a0df7246ded62177d941c7fb9303a2cbac62f92bf","97ebb17a2518e3a43b18a382dcfc879c1f5e2b08118a6149c8fa984e65017453","true"
"AWS-SIGN-0172","notes","只授权此 PK 按冻结来源行执行 write_action；除 review_status 外，写入语义列必须与 source_path 中该 PK 完全一致。package_review、independent_signoff 与 freeze_binding_status 由本签字和三项冻结哈希闭合。","只授权此 PK 按冻结来源行执行 write_action；除 review_status 外，写入语义列必须与 source_path 中该 PK 完全一致。package_review、independent_signoff 与 freeze_binding_status 由本签字和三项冻结哈希闭合。rebase_binding=AWS-SIGNOFF-REBASE-GOOGLE-SOURCE-GATE-20260813","true"
"AWS-SIGN-0173","formal_baseline_aggregate_sha256","0b4c6106bde7e2a62b1ffd6a0df7246ded62177d941c7fb9303a2cbac62f92bf","97ebb17a2518e3a43b18a382dcfc879c1f5e2b08118a6149c8fa984e65017453","true"
"AWS-SIGN-0173","notes","只授权此 PK 按冻结来源行执行 write_action；除 review_status 外，写入语义列必须与 source_path 中该 PK 完全一致。package_review、independent_signoff 与 freeze_binding_status 由本签字和三项冻结哈希闭合。","只授权此 PK 按冻结来源行执行 write_action；除 review_status 外，写入语义列必须与 source_path 中该 PK 完全一致。package_review、independent_signoff 与 freeze_binding_status 由本签字和三项冻结哈希闭合。rebase_binding=AWS-SIGNOFF-REBASE-GOOGLE-SOURCE-GATE-20260813","true"
"AWS-SIGN-0174","formal_baseline_aggregate_sha256","0b4c6106bde7e2a62b1ffd6a0df7246ded62177d941c7fb9303a2cbac62f92bf","97ebb17a2518e3a43b18a382dcfc879c1f5e2b08118a6149c8fa984e65017453","true"
"AWS-SIGN-0174","notes","只授权此 PK 按冻结来源行执行 write_action；除 review_status 外，写入语义列必须与 source_path 中该 PK 完全一致。package_review、independent_signoff 与 freeze_binding_status 由本签字和三项冻结哈希闭合。","只授权此 PK 按冻结来源行执行 write_action；除 review_status 外，写入语义列必须与 source_path 中该 PK 完全一致。package_review、independent_signoff 与 freeze_binding_status 由本签字和三项冻结哈希闭合。rebase_binding=AWS-SIGNOFF-REBASE-GOOGLE-SOURCE-GATE-20260813","true"
"AWS-SIGN-0175","formal_baseline_aggregate_sha256","0b4c6106bde7e2a62b1ffd6a0df7246ded62177d941c7fb9303a2cbac62f92bf","97ebb17a2518e3a43b18a382dcfc879c1f5e2b08118a6149c8fa984e65017453","true"
"AWS-SIGN-0175","notes","只授权此 PK 按冻结来源行执行 write_action；除 review_status 外，写入语义列必须与 source_path 中该 PK 完全一致。package_review、independent_signoff 与 freeze_binding_status 由本签字和三项冻结哈希闭合。","只授权此 PK 按冻结来源行执行 write_action；除 review_status 外，写入语义列必须与 source_path 中该 PK 完全一致。package_review、independent_signoff 与 freeze_binding_status 由本签字和三项冻结哈希闭合。rebase_binding=AWS-SIGNOFF-REBASE-GOOGLE-SOURCE-GATE-20260813","true"
"AWS-SIGN-0176","formal_baseline_aggregate_sha256","0b4c6106bde7e2a62b1ffd6a0df7246ded62177d941c7fb9303a2cbac62f92bf","97ebb17a2518e3a43b18a382dcfc879c1f5e2b08118a6149c8fa984e65017453","true"
"AWS-SIGN-0176","notes","只授权此 PK 按冻结来源行执行 write_action；除 review_status 外，写入语义列必须与 source_path 中该 PK 完全一致。package_review、independent_signoff 与 freeze_binding_status 由本签字和三项冻结哈希闭合。","只授权此 PK 按冻结来源行执行 write_action；除 review_status 外，写入语义列必须与 source_path 中该 PK 完全一致。package_review、independent_signoff 与 freeze_binding_status 由本签字和三项冻结哈希闭合。rebase_binding=AWS-SIGNOFF-REBASE-GOOGLE-SOURCE-GATE-20260813","true"
"AWS-SIGN-0177","formal_baseline_aggregate_sha256","0b4c6106bde7e2a62b1ffd6a0df7246ded62177d941c7fb9303a2cbac62f92bf","97ebb17a2518e3a43b18a382dcfc879c1f5e2b08118a6149c8fa984e65017453","true"
"AWS-SIGN-0177","notes","只授权此 PK 按冻结来源行执行 write_action；除 review_status 外，写入语义列必须与 source_path 中该 PK 完全一致。package_review、independent_signoff 与 freeze_binding_status 由本签字和三项冻结哈希闭合。","只授权此 PK 按冻结来源行执行 write_action；除 review_status 外，写入语义列必须与 source_path 中该 PK 完全一致。package_review、independent_signoff 与 freeze_binding_status 由本签字和三项冻结哈希闭合。rebase_binding=AWS-SIGNOFF-REBASE-GOOGLE-SOURCE-GATE-20260813","true"
"AWS-SIGN-0178","formal_baseline_aggregate_sha256","0b4c6106bde7e2a62b1ffd6a0df7246ded62177d941c7fb9303a2cbac62f92bf","97ebb17a2518e3a43b18a382dcfc879c1f5e2b08118a6149c8fa984e65017453","true"
"AWS-SIGN-0178","notes","只授权此 PK 按冻结来源行执行 write_action；除 review_status 外，写入语义列必须与 source_path 中该 PK 完全一致。package_review、independent_signoff 与 freeze_binding_status 由本签字和三项冻结哈希闭合。","只授权此 PK 按冻结来源行执行 write_action；除 review_status 外，写入语义列必须与 source_path 中该 PK 完全一致。package_review、independent_signoff 与 freeze_binding_status 由本签字和三项冻结哈希闭合。rebase_binding=AWS-SIGNOFF-REBASE-GOOGLE-SOURCE-GATE-20260813","true"
"AWS-SIGN-0179","formal_baseline_aggregate_sha256","0b4c6106bde7e2a62b1ffd6a0df7246ded62177d941c7fb9303a2cbac62f92bf","97ebb17a2518e3a43b18a382dcfc879c1f5e2b08118a6149c8fa984e65017453","true"
"AWS-SIGN-0179","notes","只授权此 PK 按冻结来源行执行 write_action；除 review_status 外，写入语义列必须与 source_path 中该 PK 完全一致。package_review、independent_signoff 与 freeze_binding_status 由本签字和三项冻结哈希闭合。","只授权此 PK 按冻结来源行执行 write_action；除 review_status 外，写入语义列必须与 source_path 中该 PK 完全一致。package_review、independent_signoff 与 freeze_binding_status 由本签字和三项冻结哈希闭合。rebase_binding=AWS-SIGNOFF-REBASE-GOOGLE-SOURCE-GATE-20260813","true"
"AWS-SIGN-0180","formal_baseline_aggregate_sha256","0b4c6106bde7e2a62b1ffd6a0df7246ded62177d941c7fb9303a2cbac62f92bf","97ebb17a2518e3a43b18a382dcfc879c1f5e2b08118a6149c8fa984e65017453","true"
"AWS-SIGN-0180","notes","只授权此 PK 按冻结来源行执行 write_action；除 review_status 外，写入语义列必须与 source_path 中该 PK 完全一致。package_review、independent_signoff 与 freeze_binding_status 由本签字和三项冻结哈希闭合。","只授权此 PK 按冻结来源行执行 write_action；除 review_status 外，写入语义列必须与 source_path 中该 PK 完全一致。package_review、independent_signoff 与 freeze_binding_status 由本签字和三项冻结哈希闭合。rebase_binding=AWS-SIGNOFF-REBASE-GOOGLE-SOURCE-GATE-20260813","true"
"AWS-SIGN-0181","formal_baseline_aggregate_sha256","0b4c6106bde7e2a62b1ffd6a0df7246ded62177d941c7fb9303a2cbac62f92bf","97ebb17a2518e3a43b18a382dcfc879c1f5e2b08118a6149c8fa984e65017453","true"
"AWS-SIGN-0181","notes","只授权此 PK 按冻结来源行执行 write_action；除 review_status 外，写入语义列必须与 source_path 中该 PK 完全一致。package_review、independent_signoff 与 freeze_binding_status 由本签字和三项冻结哈希闭合。","只授权此 PK 按冻结来源行执行 write_action；除 review_status 外，写入语义列必须与 source_path 中该 PK 完全一致。package_review、independent_signoff 与 freeze_binding_status 由本签字和三项冻结哈希闭合。rebase_binding=AWS-SIGNOFF-REBASE-GOOGLE-SOURCE-GATE-20260813","true"
"AWS-SIGN-0182","formal_baseline_aggregate_sha256","0b4c6106bde7e2a62b1ffd6a0df7246ded62177d941c7fb9303a2cbac62f92bf","97ebb17a2518e3a43b18a382dcfc879c1f5e2b08118a6149c8fa984e65017453","true"
"AWS-SIGN-0182","notes","只授权此 PK 按冻结来源行执行 write_action；除 review_status 外，写入语义列必须与 source_path 中该 PK 完全一致。package_review、independent_signoff 与 freeze_binding_status 由本签字和三项冻结哈希闭合。","只授权此 PK 按冻结来源行执行 write_action；除 review_status 外，写入语义列必须与 source_path 中该 PK 完全一致。package_review、independent_signoff 与 freeze_binding_status 由本签字和三项冻结哈希闭合。rebase_binding=AWS-SIGNOFF-REBASE-GOOGLE-SOURCE-GATE-20260813","true"
"AWS-SIGN-0183","formal_baseline_aggregate_sha256","0b4c6106bde7e2a62b1ffd6a0df7246ded62177d941c7fb9303a2cbac62f92bf","97ebb17a2518e3a43b18a382dcfc879c1f5e2b08118a6149c8fa984e65017453","true"
"AWS-SIGN-0183","notes","只授权此 PK 按冻结来源行执行 write_action；除 review_status 外，写入语义列必须与 source_path 中该 PK 完全一致。package_review、independent_signoff 与 freeze_binding_status 由本签字和三项冻结哈希闭合。","只授权此 PK 按冻结来源行执行 write_action；除 review_status 外，写入语义列必须与 source_path 中该 PK 完全一致。package_review、independent_signoff 与 freeze_binding_status 由本签字和三项冻结哈希闭合。rebase_binding=AWS-SIGNOFF-REBASE-GOOGLE-SOURCE-GATE-20260813","true"
"AWS-SIGN-0184","formal_baseline_aggregate_sha256","0b4c6106bde7e2a62b1ffd6a0df7246ded62177d941c7fb9303a2cbac62f92bf","97ebb17a2518e3a43b18a382dcfc879c1f5e2b08118a6149c8fa984e65017453","true"
"AWS-SIGN-0184","notes","只授权此 PK 按冻结来源行执行 write_action；除 review_status 外，写入语义列必须与 source_path 中该 PK 完全一致。package_review、independent_signoff 与 freeze_binding_status 由本签字和三项冻结哈希闭合。","只授权此 PK 按冻结来源行执行 write_action；除 review_status 外，写入语义列必须与 source_path 中该 PK 完全一致。package_review、independent_signoff 与 freeze_binding_status 由本签字和三项冻结哈希闭合。rebase_binding=AWS-SIGNOFF-REBASE-GOOGLE-SOURCE-GATE-20260813","true"
"AWS-SIGN-0185","formal_baseline_aggregate_sha256","0b4c6106bde7e2a62b1ffd6a0df7246ded62177d941c7fb9303a2cbac62f92bf","97ebb17a2518e3a43b18a382dcfc879c1f5e2b08118a6149c8fa984e65017453","true"
"AWS-SIGN-0185","notes","只授权此 PK 按冻结来源行执行 write_action；除 review_status 外，写入语义列必须与 source_path 中该 PK 完全一致。package_review、independent_signoff 与 freeze_binding_status 由本签字和三项冻结哈希闭合。","只授权此 PK 按冻结来源行执行 write_action；除 review_status 外，写入语义列必须与 source_path 中该 PK 完全一致。package_review、independent_signoff 与 freeze_binding_status 由本签字和三项冻结哈希闭合。rebase_binding=AWS-SIGNOFF-REBASE-GOOGLE-SOURCE-GATE-20260813","true"
"AWS-SIGN-0186","formal_baseline_aggregate_sha256","0b4c6106bde7e2a62b1ffd6a0df7246ded62177d941c7fb9303a2cbac62f92bf","97ebb17a2518e3a43b18a382dcfc879c1f5e2b08118a6149c8fa984e65017453","true"
"AWS-SIGN-0186","notes","只授权此 PK 按冻结来源行执行 write_action；除 review_status 外，写入语义列必须与 source_path 中该 PK 完全一致。package_review、independent_signoff 与 freeze_binding_status 由本签字和三项冻结哈希闭合。","只授权此 PK 按冻结来源行执行 write_action；除 review_status 外，写入语义列必须与 source_path 中该 PK 完全一致。package_review、independent_signoff 与 freeze_binding_status 由本签字和三项冻结哈希闭合。rebase_binding=AWS-SIGNOFF-REBASE-GOOGLE-SOURCE-GATE-20260813","true"
"AWS-SIGN-0187","formal_baseline_aggregate_sha256","0b4c6106bde7e2a62b1ffd6a0df7246ded62177d941c7fb9303a2cbac62f92bf","97ebb17a2518e3a43b18a382dcfc879c1f5e2b08118a6149c8fa984e65017453","true"
"AWS-SIGN-0187","notes","只授权此 PK 按冻结来源行执行 write_action；除 review_status 外，写入语义列必须与 source_path 中该 PK 完全一致。package_review、independent_signoff 与 freeze_binding_status 由本签字和三项冻结哈希闭合。","只授权此 PK 按冻结来源行执行 write_action；除 review_status 外，写入语义列必须与 source_path 中该 PK 完全一致。package_review、independent_signoff 与 freeze_binding_status 由本签字和三项冻结哈希闭合。rebase_binding=AWS-SIGNOFF-REBASE-GOOGLE-SOURCE-GATE-20260813","true"
"AWS-SIGN-0188","formal_baseline_aggregate_sha256","0b4c6106bde7e2a62b1ffd6a0df7246ded62177d941c7fb9303a2cbac62f92bf","97ebb17a2518e3a43b18a382dcfc879c1f5e2b08118a6149c8fa984e65017453","true"
"AWS-SIGN-0188","notes","只授权此 PK 按冻结来源行执行 write_action；除 review_status 外，写入语义列必须与 source_path 中该 PK 完全一致。package_review、independent_signoff 与 freeze_binding_status 由本签字和三项冻结哈希闭合。","只授权此 PK 按冻结来源行执行 write_action；除 review_status 外，写入语义列必须与 source_path 中该 PK 完全一致。package_review、independent_signoff 与 freeze_binding_status 由本签字和三项冻结哈希闭合。rebase_binding=AWS-SIGNOFF-REBASE-GOOGLE-SOURCE-GATE-20260813","true"
"AWS-SIGN-0189","formal_baseline_aggregate_sha256","0b4c6106bde7e2a62b1ffd6a0df7246ded62177d941c7fb9303a2cbac62f92bf","97ebb17a2518e3a43b18a382dcfc879c1f5e2b08118a6149c8fa984e65017453","true"
"AWS-SIGN-0189","notes","只授权此 PK 按冻结来源行执行 write_action；除 review_status 外，写入语义列必须与 source_path 中该 PK 完全一致。package_review、independent_signoff 与 freeze_binding_status 由本签字和三项冻结哈希闭合。","只授权此 PK 按冻结来源行执行 write_action；除 review_status 外，写入语义列必须与 source_path 中该 PK 完全一致。package_review、independent_signoff 与 freeze_binding_status 由本签字和三项冻结哈希闭合。rebase_binding=AWS-SIGNOFF-REBASE-GOOGLE-SOURCE-GATE-20260813","true"
"AWS-SIGN-0190","formal_baseline_aggregate_sha256","0b4c6106bde7e2a62b1ffd6a0df7246ded62177d941c7fb9303a2cbac62f92bf","97ebb17a2518e3a43b18a382dcfc879c1f5e2b08118a6149c8fa984e65017453","true"
"AWS-SIGN-0190","notes","只授权此 PK 按冻结来源行执行 write_action；除 review_status 外，写入语义列必须与 source_path 中该 PK 完全一致。package_review、independent_signoff 与 freeze_binding_status 由本签字和三项冻结哈希闭合。","只授权此 PK 按冻结来源行执行 write_action；除 review_status 外，写入语义列必须与 source_path 中该 PK 完全一致。package_review、independent_signoff 与 freeze_binding_status 由本签字和三项冻结哈希闭合。rebase_binding=AWS-SIGNOFF-REBASE-GOOGLE-SOURCE-GATE-20260813","true"
"AWS-SIGN-0191","formal_baseline_aggregate_sha256","0b4c6106bde7e2a62b1ffd6a0df7246ded62177d941c7fb9303a2cbac62f92bf","97ebb17a2518e3a43b18a382dcfc879c1f5e2b08118a6149c8fa984e65017453","true"
"AWS-SIGN-0191","notes","只授权此 PK 按冻结来源行执行 write_action；除 review_status 外，写入语义列必须与 source_path 中该 PK 完全一致。package_review、independent_signoff 与 freeze_binding_status 由本签字和三项冻结哈希闭合。","只授权此 PK 按冻结来源行执行 write_action；除 review_status 外，写入语义列必须与 source_path 中该 PK 完全一致。package_review、independent_signoff 与 freeze_binding_status 由本签字和三项冻结哈希闭合。rebase_binding=AWS-SIGNOFF-REBASE-GOOGLE-SOURCE-GATE-20260813","true"
"AWS-SIGN-0192","formal_baseline_aggregate_sha256","0b4c6106bde7e2a62b1ffd6a0df7246ded62177d941c7fb9303a2cbac62f92bf","97ebb17a2518e3a43b18a382dcfc879c1f5e2b08118a6149c8fa984e65017453","true"
"AWS-SIGN-0192","notes","只授权此 PK 按冻结来源行执行 write_action；除 review_status 外，写入语义列必须与 source_path 中该 PK 完全一致。package_review、independent_signoff 与 freeze_binding_status 由本签字和三项冻结哈希闭合。","只授权此 PK 按冻结来源行执行 write_action；除 review_status 外，写入语义列必须与 source_path 中该 PK 完全一致。package_review、independent_signoff 与 freeze_binding_status 由本签字和三项冻结哈希闭合。rebase_binding=AWS-SIGNOFF-REBASE-GOOGLE-SOURCE-GATE-20260813","true"
"AWS-SIGN-0193","formal_baseline_aggregate_sha256","0b4c6106bde7e2a62b1ffd6a0df7246ded62177d941c7fb9303a2cbac62f92bf","97ebb17a2518e3a43b18a382dcfc879c1f5e2b08118a6149c8fa984e65017453","true"
"AWS-SIGN-0193","notes","只授权此 PK 按冻结来源行执行 write_action；除 review_status 外，写入语义列必须与 source_path 中该 PK 完全一致。package_review、independent_signoff 与 freeze_binding_status 由本签字和三项冻结哈希闭合。","只授权此 PK 按冻结来源行执行 write_action；除 review_status 外，写入语义列必须与 source_path 中该 PK 完全一致。package_review、independent_signoff 与 freeze_binding_status 由本签字和三项冻结哈希闭合。rebase_binding=AWS-SIGNOFF-REBASE-GOOGLE-SOURCE-GATE-20260813","true"
"AWS-SIGN-0194","formal_baseline_aggregate_sha256","0b4c6106bde7e2a62b1ffd6a0df7246ded62177d941c7fb9303a2cbac62f92bf","97ebb17a2518e3a43b18a382dcfc879c1f5e2b08118a6149c8fa984e65017453","true"
"AWS-SIGN-0194","notes","只授权此 PK 按冻结来源行执行 write_action；除 review_status 外，写入语义列必须与 source_path 中该 PK 完全一致。package_review、independent_signoff 与 freeze_binding_status 由本签字和三项冻结哈希闭合。","只授权此 PK 按冻结来源行执行 write_action；除 review_status 外，写入语义列必须与 source_path 中该 PK 完全一致。package_review、independent_signoff 与 freeze_binding_status 由本签字和三项冻结哈希闭合。rebase_binding=AWS-SIGNOFF-REBASE-GOOGLE-SOURCE-GATE-20260813","true"
"AWS-SIGN-0195","formal_baseline_aggregate_sha256","0b4c6106bde7e2a62b1ffd6a0df7246ded62177d941c7fb9303a2cbac62f92bf","97ebb17a2518e3a43b18a382dcfc879c1f5e2b08118a6149c8fa984e65017453","true"
"AWS-SIGN-0195","notes","只授权此 PK 按冻结来源行执行 write_action；除 review_status 外，写入语义列必须与 source_path 中该 PK 完全一致。package_review、independent_signoff 与 freeze_binding_status 由本签字和三项冻结哈希闭合。","只授权此 PK 按冻结来源行执行 write_action；除 review_status 外，写入语义列必须与 source_path 中该 PK 完全一致。package_review、independent_signoff 与 freeze_binding_status 由本签字和三项冻结哈希闭合。rebase_binding=AWS-SIGNOFF-REBASE-GOOGLE-SOURCE-GATE-20260813","true"
"AWS-SIGN-0196","formal_baseline_aggregate_sha256","0b4c6106bde7e2a62b1ffd6a0df7246ded62177d941c7fb9303a2cbac62f92bf","97ebb17a2518e3a43b18a382dcfc879c1f5e2b08118a6149c8fa984e65017453","true"
"AWS-SIGN-0196","notes","只授权此 PK 按冻结来源行执行 write_action；除 review_status 外，写入语义列必须与 source_path 中该 PK 完全一致。package_review、independent_signoff 与 freeze_binding_status 由本签字和三项冻结哈希闭合。","只授权此 PK 按冻结来源行执行 write_action；除 review_status 外，写入语义列必须与 source_path 中该 PK 完全一致。package_review、independent_signoff 与 freeze_binding_status 由本签字和三项冻结哈希闭合。rebase_binding=AWS-SIGNOFF-REBASE-GOOGLE-SOURCE-GATE-20260813","true"
"AWS-SIGN-0197","formal_baseline_aggregate_sha256","0b4c6106bde7e2a62b1ffd6a0df7246ded62177d941c7fb9303a2cbac62f92bf","97ebb17a2518e3a43b18a382dcfc879c1f5e2b08118a6149c8fa984e65017453","true"
"AWS-SIGN-0197","notes","只授权此 PK 按冻结来源行执行 write_action；除 review_status 外，写入语义列必须与 source_path 中该 PK 完全一致。package_review、independent_signoff 与 freeze_binding_status 由本签字和三项冻结哈希闭合。","只授权此 PK 按冻结来源行执行 write_action；除 review_status 外，写入语义列必须与 source_path 中该 PK 完全一致。package_review、independent_signoff 与 freeze_binding_status 由本签字和三项冻结哈希闭合。rebase_binding=AWS-SIGNOFF-REBASE-GOOGLE-SOURCE-GATE-20260813","true"
"AWS-SIGN-0198","formal_baseline_aggregate_sha256","0b4c6106bde7e2a62b1ffd6a0df7246ded62177d941c7fb9303a2cbac62f92bf","97ebb17a2518e3a43b18a382dcfc879c1f5e2b08118a6149c8fa984e65017453","true"
"AWS-SIGN-0198","notes","只授权此 PK 按冻结来源行执行 write_action；除 review_status 外，写入语义列必须与 source_path 中该 PK 完全一致。package_review、independent_signoff 与 freeze_binding_status 由本签字和三项冻结哈希闭合。","只授权此 PK 按冻结来源行执行 write_action；除 review_status 外，写入语义列必须与 source_path 中该 PK 完全一致。package_review、independent_signoff 与 freeze_binding_status 由本签字和三项冻结哈希闭合。rebase_binding=AWS-SIGNOFF-REBASE-GOOGLE-SOURCE-GATE-20260813","true"
"AWS-SIGN-0199","formal_baseline_aggregate_sha256","0b4c6106bde7e2a62b1ffd6a0df7246ded62177d941c7fb9303a2cbac62f92bf","97ebb17a2518e3a43b18a382dcfc879c1f5e2b08118a6149c8fa984e65017453","true"
"AWS-SIGN-0199","notes","只授权此 PK 按冻结来源行执行 write_action；除 review_status 外，写入语义列必须与 source_path 中该 PK 完全一致。package_review、independent_signoff 与 freeze_binding_status 由本签字和三项冻结哈希闭合。","只授权此 PK 按冻结来源行执行 write_action；除 review_status 外，写入语义列必须与 source_path 中该 PK 完全一致。package_review、independent_signoff 与 freeze_binding_status 由本签字和三项冻结哈希闭合。rebase_binding=AWS-SIGNOFF-REBASE-GOOGLE-SOURCE-GATE-20260813","true"
"AWS-SIGN-0200","formal_baseline_aggregate_sha256","0b4c6106bde7e2a62b1ffd6a0df7246ded62177d941c7fb9303a2cbac62f92bf","97ebb17a2518e3a43b18a382dcfc879c1f5e2b08118a6149c8fa984e65017453","true"
"AWS-SIGN-0200","notes","只授权此 PK 按冻结来源行执行 write_action；除 review_status 外，写入语义列必须与 source_path 中该 PK 完全一致。package_review、independent_signoff 与 freeze_binding_status 由本签字和三项冻结哈希闭合。","只授权此 PK 按冻结来源行执行 write_action；除 review_status 外，写入语义列必须与 source_path 中该 PK 完全一致。package_review、independent_signoff 与 freeze_binding_status 由本签字和三项冻结哈希闭合。rebase_binding=AWS-SIGNOFF-REBASE-GOOGLE-SOURCE-GATE-20260813","true"
"AWS-SIGN-0201","formal_baseline_aggregate_sha256","0b4c6106bde7e2a62b1ffd6a0df7246ded62177d941c7fb9303a2cbac62f92bf","97ebb17a2518e3a43b18a382dcfc879c1f5e2b08118a6149c8fa984e65017453","true"
"AWS-SIGN-0201","notes","只授权此 PK 按冻结来源行执行 write_action；除 review_status 外，写入语义列必须与 source_path 中该 PK 完全一致。package_review、independent_signoff 与 freeze_binding_status 由本签字和三项冻结哈希闭合。","只授权此 PK 按冻结来源行执行 write_action；除 review_status 外，写入语义列必须与 source_path 中该 PK 完全一致。package_review、independent_signoff 与 freeze_binding_status 由本签字和三项冻结哈希闭合。rebase_binding=AWS-SIGNOFF-REBASE-GOOGLE-SOURCE-GATE-20260813","true"
"AWS-SIGN-0202","formal_baseline_aggregate_sha256","0b4c6106bde7e2a62b1ffd6a0df7246ded62177d941c7fb9303a2cbac62f92bf","97ebb17a2518e3a43b18a382dcfc879c1f5e2b08118a6149c8fa984e65017453","true"
"AWS-SIGN-0202","notes","只授权此 PK 按冻结来源行执行 write_action；除 review_status 外，写入语义列必须与 source_path 中该 PK 完全一致。package_review、independent_signoff 与 freeze_binding_status 由本签字和三项冻结哈希闭合。","只授权此 PK 按冻结来源行执行 write_action；除 review_status 外，写入语义列必须与 source_path 中该 PK 完全一致。package_review、independent_signoff 与 freeze_binding_status 由本签字和三项冻结哈希闭合。rebase_binding=AWS-SIGNOFF-REBASE-GOOGLE-SOURCE-GATE-20260813","true"
"AWS-SIGN-0203","formal_baseline_aggregate_sha256","0b4c6106bde7e2a62b1ffd6a0df7246ded62177d941c7fb9303a2cbac62f92bf","97ebb17a2518e3a43b18a382dcfc879c1f5e2b08118a6149c8fa984e65017453","true"
"AWS-SIGN-0203","notes","只授权此 PK 按冻结来源行执行 write_action；除 review_status 外，写入语义列必须与 source_path 中该 PK 完全一致。package_review、independent_signoff 与 freeze_binding_status 由本签字和三项冻结哈希闭合。","只授权此 PK 按冻结来源行执行 write_action；除 review_status 外，写入语义列必须与 source_path 中该 PK 完全一致。package_review、independent_signoff 与 freeze_binding_status 由本签字和三项冻结哈希闭合。rebase_binding=AWS-SIGNOFF-REBASE-GOOGLE-SOURCE-GATE-20260813","true"
"AWS-SIGN-0204","formal_baseline_aggregate_sha256","0b4c6106bde7e2a62b1ffd6a0df7246ded62177d941c7fb9303a2cbac62f92bf","97ebb17a2518e3a43b18a382dcfc879c1f5e2b08118a6149c8fa984e65017453","true"
"AWS-SIGN-0204","notes","只授权此 PK 按冻结来源行执行 write_action；除 review_status 外，写入语义列必须与 source_path 中该 PK 完全一致。package_review、independent_signoff 与 freeze_binding_status 由本签字和三项冻结哈希闭合。","只授权此 PK 按冻结来源行执行 write_action；除 review_status 外，写入语义列必须与 source_path 中该 PK 完全一致。package_review、independent_signoff 与 freeze_binding_status 由本签字和三项冻结哈希闭合。rebase_binding=AWS-SIGNOFF-REBASE-GOOGLE-SOURCE-GATE-20260813","true"
"AWS-SIGN-0205","formal_baseline_aggregate_sha256","0b4c6106bde7e2a62b1ffd6a0df7246ded62177d941c7fb9303a2cbac62f92bf","97ebb17a2518e3a43b18a382dcfc879c1f5e2b08118a6149c8fa984e65017453","true"
"AWS-SIGN-0205","notes","只授权此 PK 按冻结来源行执行 write_action；除 review_status 外，写入语义列必须与 source_path 中该 PK 完全一致。package_review、independent_signoff 与 freeze_binding_status 由本签字和三项冻结哈希闭合。","只授权此 PK 按冻结来源行执行 write_action；除 review_status 外，写入语义列必须与 source_path 中该 PK 完全一致。package_review、independent_signoff 与 freeze_binding_status 由本签字和三项冻结哈希闭合。rebase_binding=AWS-SIGNOFF-REBASE-GOOGLE-SOURCE-GATE-20260813","true"
"AWS-SIGN-0206","formal_baseline_aggregate_sha256","0b4c6106bde7e2a62b1ffd6a0df7246ded62177d941c7fb9303a2cbac62f92bf","97ebb17a2518e3a43b18a382dcfc879c1f5e2b08118a6149c8fa984e65017453","true"
"AWS-SIGN-0206","notes","只授权此 PK 按冻结来源行执行 write_action；除 review_status 外，写入语义列必须与 source_path 中该 PK 完全一致。package_review、independent_signoff 与 freeze_binding_status 由本签字和三项冻结哈希闭合。","只授权此 PK 按冻结来源行执行 write_action；除 review_status 外，写入语义列必须与 source_path 中该 PK 完全一致。package_review、independent_signoff 与 freeze_binding_status 由本签字和三项冻结哈希闭合。rebase_binding=AWS-SIGNOFF-REBASE-GOOGLE-SOURCE-GATE-20260813","true"
"AWS-SIGN-0207","formal_baseline_aggregate_sha256","0b4c6106bde7e2a62b1ffd6a0df7246ded62177d941c7fb9303a2cbac62f92bf","97ebb17a2518e3a43b18a382dcfc879c1f5e2b08118a6149c8fa984e65017453","true"
"AWS-SIGN-0207","notes","只授权此 PK 按冻结来源行执行 write_action；除 review_status 外，写入语义列必须与 source_path 中该 PK 完全一致。package_review、independent_signoff 与 freeze_binding_status 由本签字和三项冻结哈希闭合。","只授权此 PK 按冻结来源行执行 write_action；除 review_status 外，写入语义列必须与 source_path 中该 PK 完全一致。package_review、independent_signoff 与 freeze_binding_status 由本签字和三项冻结哈希闭合。rebase_binding=AWS-SIGNOFF-REBASE-GOOGLE-SOURCE-GATE-20260813","true"
"AWS-SIGN-0208","formal_baseline_aggregate_sha256","0b4c6106bde7e2a62b1ffd6a0df7246ded62177d941c7fb9303a2cbac62f92bf","97ebb17a2518e3a43b18a382dcfc879c1f5e2b08118a6149c8fa984e65017453","true"
"AWS-SIGN-0208","notes","只授权此 PK 按冻结来源行执行 write_action；除 review_status 外，写入语义列必须与 source_path 中该 PK 完全一致。package_review、independent_signoff 与 freeze_binding_status 由本签字和三项冻结哈希闭合。","只授权此 PK 按冻结来源行执行 write_action；除 review_status 外，写入语义列必须与 source_path 中该 PK 完全一致。package_review、independent_signoff 与 freeze_binding_status 由本签字和三项冻结哈希闭合。rebase_binding=AWS-SIGNOFF-REBASE-GOOGLE-SOURCE-GATE-20260813","true"
"AWS-SIGN-0209","formal_baseline_aggregate_sha256","0b4c6106bde7e2a62b1ffd6a0df7246ded62177d941c7fb9303a2cbac62f92bf","97ebb17a2518e3a43b18a382dcfc879c1f5e2b08118a6149c8fa984e65017453","true"
"AWS-SIGN-0209","notes","只授权此 PK 按冻结来源行执行 write_action；除 review_status 外，写入语义列必须与 source_path 中该 PK 完全一致。package_review、independent_signoff 与 freeze_binding_status 由本签字和三项冻结哈希闭合。","只授权此 PK 按冻结来源行执行 write_action；除 review_status 外，写入语义列必须与 source_path 中该 PK 完全一致。package_review、independent_signoff 与 freeze_binding_status 由本签字和三项冻结哈希闭合。rebase_binding=AWS-SIGNOFF-REBASE-GOOGLE-SOURCE-GATE-20260813","true"
"AWS-SIGN-0210","formal_baseline_aggregate_sha256","0b4c6106bde7e2a62b1ffd6a0df7246ded62177d941c7fb9303a2cbac62f92bf","97ebb17a2518e3a43b18a382dcfc879c1f5e2b08118a6149c8fa984e65017453","true"
"AWS-SIGN-0210","notes","只授权此 PK 按冻结来源行执行 write_action；除 review_status 外，写入语义列必须与 source_path 中该 PK 完全一致。package_review、independent_signoff 与 freeze_binding_status 由本签字和三项冻结哈希闭合。","只授权此 PK 按冻结来源行执行 write_action；除 review_status 外，写入语义列必须与 source_path 中该 PK 完全一致。package_review、independent_signoff 与 freeze_binding_status 由本签字和三项冻结哈希闭合。rebase_binding=AWS-SIGNOFF-REBASE-GOOGLE-SOURCE-GATE-20260813","true"
"AWS-SIGN-0211","formal_baseline_aggregate_sha256","0b4c6106bde7e2a62b1ffd6a0df7246ded62177d941c7fb9303a2cbac62f92bf","97ebb17a2518e3a43b18a382dcfc879c1f5e2b08118a6149c8fa984e65017453","true"
"AWS-SIGN-0211","notes","只授权此 PK 按冻结来源行执行 write_action；除 review_status 外，写入语义列必须与 source_path 中该 PK 完全一致。package_review、independent_signoff 与 freeze_binding_status 由本签字和三项冻结哈希闭合。","只授权此 PK 按冻结来源行执行 write_action；除 review_status 外，写入语义列必须与 source_path 中该 PK 完全一致。package_review、independent_signoff 与 freeze_binding_status 由本签字和三项冻结哈希闭合。rebase_binding=AWS-SIGNOFF-REBASE-GOOGLE-SOURCE-GATE-20260813","true"
"AWS-SIGN-0212","formal_baseline_aggregate_sha256","0b4c6106bde7e2a62b1ffd6a0df7246ded62177d941c7fb9303a2cbac62f92bf","97ebb17a2518e3a43b18a382dcfc879c1f5e2b08118a6149c8fa984e65017453","true"
"AWS-SIGN-0212","notes","只授权此 PK 按冻结来源行执行 write_action；除 review_status 外，写入语义列必须与 source_path 中该 PK 完全一致。package_review、independent_signoff 与 freeze_binding_status 由本签字和三项冻结哈希闭合。","只授权此 PK 按冻结来源行执行 write_action；除 review_status 外，写入语义列必须与 source_path 中该 PK 完全一致。package_review、independent_signoff 与 freeze_binding_status 由本签字和三项冻结哈希闭合。rebase_binding=AWS-SIGNOFF-REBASE-GOOGLE-SOURCE-GATE-20260813","true"
"AWS-SIGN-0213","formal_baseline_aggregate_sha256","0b4c6106bde7e2a62b1ffd6a0df7246ded62177d941c7fb9303a2cbac62f92bf","97ebb17a2518e3a43b18a382dcfc879c1f5e2b08118a6149c8fa984e65017453","true"
"AWS-SIGN-0213","notes","只授权此 PK 按冻结来源行执行 write_action；除 review_status 外，写入语义列必须与 source_path 中该 PK 完全一致。package_review、independent_signoff 与 freeze_binding_status 由本签字和三项冻结哈希闭合。","只授权此 PK 按冻结来源行执行 write_action；除 review_status 外，写入语义列必须与 source_path 中该 PK 完全一致。package_review、independent_signoff 与 freeze_binding_status 由本签字和三项冻结哈希闭合。rebase_binding=AWS-SIGNOFF-REBASE-GOOGLE-SOURCE-GATE-20260813","true"
"AWS-SIGN-0214","formal_baseline_aggregate_sha256","0b4c6106bde7e2a62b1ffd6a0df7246ded62177d941c7fb9303a2cbac62f92bf","97ebb17a2518e3a43b18a382dcfc879c1f5e2b08118a6149c8fa984e65017453","true"
"AWS-SIGN-0214","notes","只授权此 PK 按冻结来源行执行 write_action；除 review_status 外，写入语义列必须与 source_path 中该 PK 完全一致。package_review、independent_signoff 与 freeze_binding_status 由本签字和三项冻结哈希闭合。","只授权此 PK 按冻结来源行执行 write_action；除 review_status 外，写入语义列必须与 source_path 中该 PK 完全一致。package_review、independent_signoff 与 freeze_binding_status 由本签字和三项冻结哈希闭合。rebase_binding=AWS-SIGNOFF-REBASE-GOOGLE-SOURCE-GATE-20260813","true"
"AWS-SIGN-0215","formal_baseline_aggregate_sha256","0b4c6106bde7e2a62b1ffd6a0df7246ded62177d941c7fb9303a2cbac62f92bf","97ebb17a2518e3a43b18a382dcfc879c1f5e2b08118a6149c8fa984e65017453","true"
"AWS-SIGN-0215","notes","只授权此 PK 按冻结来源行执行 write_action；除 review_status 外，写入语义列必须与 source_path 中该 PK 完全一致。package_review、independent_signoff 与 freeze_binding_status 由本签字和三项冻结哈希闭合。","只授权此 PK 按冻结来源行执行 write_action；除 review_status 外，写入语义列必须与 source_path 中该 PK 完全一致。package_review、independent_signoff 与 freeze_binding_status 由本签字和三项冻结哈希闭合。rebase_binding=AWS-SIGNOFF-REBASE-GOOGLE-SOURCE-GATE-20260813","true"
"AWS-SIGN-0216","formal_baseline_aggregate_sha256","0b4c6106bde7e2a62b1ffd6a0df7246ded62177d941c7fb9303a2cbac62f92bf","97ebb17a2518e3a43b18a382dcfc879c1f5e2b08118a6149c8fa984e65017453","true"
"AWS-SIGN-0216","notes","只授权此 PK 按冻结来源行执行 write_action；除 review_status 外，写入语义列必须与 source_path 中该 PK 完全一致。package_review、independent_signoff 与 freeze_binding_status 由本签字和三项冻结哈希闭合。","只授权此 PK 按冻结来源行执行 write_action；除 review_status 外，写入语义列必须与 source_path 中该 PK 完全一致。package_review、independent_signoff 与 freeze_binding_status 由本签字和三项冻结哈希闭合。rebase_binding=AWS-SIGNOFF-REBASE-GOOGLE-SOURCE-GATE-20260813","true"
"AWS-SIGN-0217","formal_baseline_aggregate_sha256","0b4c6106bde7e2a62b1ffd6a0df7246ded62177d941c7fb9303a2cbac62f92bf","97ebb17a2518e3a43b18a382dcfc879c1f5e2b08118a6149c8fa984e65017453","true"
"AWS-SIGN-0217","notes","只授权此 PK 按冻结来源行执行 write_action；除 review_status 外，写入语义列必须与 source_path 中该 PK 完全一致。package_review、independent_signoff 与 freeze_binding_status 由本签字和三项冻结哈希闭合。","只授权此 PK 按冻结来源行执行 write_action；除 review_status 外，写入语义列必须与 source_path 中该 PK 完全一致。package_review、independent_signoff 与 freeze_binding_status 由本签字和三项冻结哈希闭合。rebase_binding=AWS-SIGNOFF-REBASE-GOOGLE-SOURCE-GATE-20260813","true"
"AWS-SIGN-0218","formal_baseline_aggregate_sha256","0b4c6106bde7e2a62b1ffd6a0df7246ded62177d941c7fb9303a2cbac62f92bf","97ebb17a2518e3a43b18a382dcfc879c1f5e2b08118a6149c8fa984e65017453","true"
"AWS-SIGN-0218","notes","只授权此 PK 按冻结来源行执行 write_action；除 review_status 外，写入语义列必须与 source_path 中该 PK 完全一致。package_review、independent_signoff 与 freeze_binding_status 由本签字和三项冻结哈希闭合。","只授权此 PK 按冻结来源行执行 write_action；除 review_status 外，写入语义列必须与 source_path 中该 PK 完全一致。package_review、independent_signoff 与 freeze_binding_status 由本签字和三项冻结哈希闭合。rebase_binding=AWS-SIGNOFF-REBASE-GOOGLE-SOURCE-GATE-20260813","true"
"AWS-SIGN-0219","formal_baseline_aggregate_sha256","0b4c6106bde7e2a62b1ffd6a0df7246ded62177d941c7fb9303a2cbac62f92bf","97ebb17a2518e3a43b18a382dcfc879c1f5e2b08118a6149c8fa984e65017453","true"
"AWS-SIGN-0219","notes","只授权此 PK 按冻结来源行执行 write_action；除 review_status 外，写入语义列必须与 source_path 中该 PK 完全一致。package_review、independent_signoff 与 freeze_binding_status 由本签字和三项冻结哈希闭合。","只授权此 PK 按冻结来源行执行 write_action；除 review_status 外，写入语义列必须与 source_path 中该 PK 完全一致。package_review、independent_signoff 与 freeze_binding_status 由本签字和三项冻结哈希闭合。rebase_binding=AWS-SIGNOFF-REBASE-GOOGLE-SOURCE-GATE-20260813","true"
"AWS-SIGN-0220","formal_baseline_aggregate_sha256","0b4c6106bde7e2a62b1ffd6a0df7246ded62177d941c7fb9303a2cbac62f92bf","97ebb17a2518e3a43b18a382dcfc879c1f5e2b08118a6149c8fa984e65017453","true"
"AWS-SIGN-0220","notes","只授权此 PK 按冻结来源行执行 write_action；除 review_status 外，写入语义列必须与 source_path 中该 PK 完全一致。package_review、independent_signoff 与 freeze_binding_status 由本签字和三项冻结哈希闭合。","只授权此 PK 按冻结来源行执行 write_action；除 review_status 外，写入语义列必须与 source_path 中该 PK 完全一致。package_review、independent_signoff 与 freeze_binding_status 由本签字和三项冻结哈希闭合。rebase_binding=AWS-SIGNOFF-REBASE-GOOGLE-SOURCE-GATE-20260813","true"
"AWS-SIGN-0221","formal_baseline_aggregate_sha256","0b4c6106bde7e2a62b1ffd6a0df7246ded62177d941c7fb9303a2cbac62f92bf","97ebb17a2518e3a43b18a382dcfc879c1f5e2b08118a6149c8fa984e65017453","true"
"AWS-SIGN-0221","notes","只授权此 PK 按冻结来源行执行 write_action；除 review_status 外，写入语义列必须与 source_path 中该 PK 完全一致。package_review、independent_signoff 与 freeze_binding_status 由本签字和三项冻结哈希闭合。","只授权此 PK 按冻结来源行执行 write_action；除 review_status 外，写入语义列必须与 source_path 中该 PK 完全一致。package_review、independent_signoff 与 freeze_binding_status 由本签字和三项冻结哈希闭合。rebase_binding=AWS-SIGNOFF-REBASE-GOOGLE-SOURCE-GATE-20260813","true"
"AWS-SIGN-0222","formal_baseline_aggregate_sha256","0b4c6106bde7e2a62b1ffd6a0df7246ded62177d941c7fb9303a2cbac62f92bf","97ebb17a2518e3a43b18a382dcfc879c1f5e2b08118a6149c8fa984e65017453","true"
"AWS-SIGN-0222","notes","只授权此 PK 按冻结来源行执行 write_action；除 review_status 外，写入语义列必须与 source_path 中该 PK 完全一致。package_review、independent_signoff 与 freeze_binding_status 由本签字和三项冻结哈希闭合。","只授权此 PK 按冻结来源行执行 write_action；除 review_status 外，写入语义列必须与 source_path 中该 PK 完全一致。package_review、independent_signoff 与 freeze_binding_status 由本签字和三项冻结哈希闭合。rebase_binding=AWS-SIGNOFF-REBASE-GOOGLE-SOURCE-GATE-20260813","true"
"AWS-SIGN-0223","formal_baseline_aggregate_sha256","0b4c6106bde7e2a62b1ffd6a0df7246ded62177d941c7fb9303a2cbac62f92bf","97ebb17a2518e3a43b18a382dcfc879c1f5e2b08118a6149c8fa984e65017453","true"
"AWS-SIGN-0223","notes","只授权此 PK 按冻结来源行执行 write_action；除 review_status 外，写入语义列必须与 source_path 中该 PK 完全一致。package_review、independent_signoff 与 freeze_binding_status 由本签字和三项冻结哈希闭合。","只授权此 PK 按冻结来源行执行 write_action；除 review_status 外，写入语义列必须与 source_path 中该 PK 完全一致。package_review、independent_signoff 与 freeze_binding_status 由本签字和三项冻结哈希闭合。rebase_binding=AWS-SIGNOFF-REBASE-GOOGLE-SOURCE-GATE-20260813","true"
"AWS-SIGN-0224","formal_baseline_aggregate_sha256","0b4c6106bde7e2a62b1ffd6a0df7246ded62177d941c7fb9303a2cbac62f92bf","97ebb17a2518e3a43b18a382dcfc879c1f5e2b08118a6149c8fa984e65017453","true"
"AWS-SIGN-0224","notes","只授权此 PK 按冻结来源行执行 write_action；除 review_status 外，写入语义列必须与 source_path 中该 PK 完全一致。package_review、independent_signoff 与 freeze_binding_status 由本签字和三项冻结哈希闭合。","只授权此 PK 按冻结来源行执行 write_action；除 review_status 外，写入语义列必须与 source_path 中该 PK 完全一致。package_review、independent_signoff 与 freeze_binding_status 由本签字和三项冻结哈希闭合。rebase_binding=AWS-SIGNOFF-REBASE-GOOGLE-SOURCE-GATE-20260813","true"
"AWS-SIGN-0225","formal_baseline_aggregate_sha256","0b4c6106bde7e2a62b1ffd6a0df7246ded62177d941c7fb9303a2cbac62f92bf","97ebb17a2518e3a43b18a382dcfc879c1f5e2b08118a6149c8fa984e65017453","true"
"AWS-SIGN-0225","notes","只授权此 PK 按冻结来源行执行 write_action；除 review_status 外，写入语义列必须与 source_path 中该 PK 完全一致。package_review、independent_signoff 与 freeze_binding_status 由本签字和三项冻结哈希闭合。","只授权此 PK 按冻结来源行执行 write_action；除 review_status 外，写入语义列必须与 source_path 中该 PK 完全一致。package_review、independent_signoff 与 freeze_binding_status 由本签字和三项冻结哈希闭合。rebase_binding=AWS-SIGNOFF-REBASE-GOOGLE-SOURCE-GATE-20260813","true"
"AWS-SIGN-0226","formal_baseline_aggregate_sha256","0b4c6106bde7e2a62b1ffd6a0df7246ded62177d941c7fb9303a2cbac62f92bf","97ebb17a2518e3a43b18a382dcfc879c1f5e2b08118a6149c8fa984e65017453","true"
"AWS-SIGN-0226","notes","只授权此 PK 按冻结来源行执行 write_action；除 review_status 外，写入语义列必须与 source_path 中该 PK 完全一致。package_review、independent_signoff 与 freeze_binding_status 由本签字和三项冻结哈希闭合。","只授权此 PK 按冻结来源行执行 write_action；除 review_status 外，写入语义列必须与 source_path 中该 PK 完全一致。package_review、independent_signoff 与 freeze_binding_status 由本签字和三项冻结哈希闭合。rebase_binding=AWS-SIGNOFF-REBASE-GOOGLE-SOURCE-GATE-20260813","true"
"AWS-SIGN-0227","formal_baseline_aggregate_sha256","0b4c6106bde7e2a62b1ffd6a0df7246ded62177d941c7fb9303a2cbac62f92bf","97ebb17a2518e3a43b18a382dcfc879c1f5e2b08118a6149c8fa984e65017453","true"
"AWS-SIGN-0227","notes","只授权此 PK 按冻结来源行执行 write_action；除 review_status 外，写入语义列必须与 source_path 中该 PK 完全一致。package_review、independent_signoff 与 freeze_binding_status 由本签字和三项冻结哈希闭合。","只授权此 PK 按冻结来源行执行 write_action；除 review_status 外，写入语义列必须与 source_path 中该 PK 完全一致。package_review、independent_signoff 与 freeze_binding_status 由本签字和三项冻结哈希闭合。rebase_binding=AWS-SIGNOFF-REBASE-GOOGLE-SOURCE-GATE-20260813","true"
"AWS-SIGN-0228","formal_baseline_aggregate_sha256","0b4c6106bde7e2a62b1ffd6a0df7246ded62177d941c7fb9303a2cbac62f92bf","97ebb17a2518e3a43b18a382dcfc879c1f5e2b08118a6149c8fa984e65017453","true"
"AWS-SIGN-0228","notes","只授权此 PK 按冻结来源行执行 write_action；除 review_status 外，写入语义列必须与 source_path 中该 PK 完全一致。package_review、independent_signoff 与 freeze_binding_status 由本签字和三项冻结哈希闭合。","只授权此 PK 按冻结来源行执行 write_action；除 review_status 外，写入语义列必须与 source_path 中该 PK 完全一致。package_review、independent_signoff 与 freeze_binding_status 由本签字和三项冻结哈希闭合。rebase_binding=AWS-SIGNOFF-REBASE-GOOGLE-SOURCE-GATE-20260813","true"
"AWS-SIGN-0229","formal_baseline_aggregate_sha256","0b4c6106bde7e2a62b1ffd6a0df7246ded62177d941c7fb9303a2cbac62f92bf","97ebb17a2518e3a43b18a382dcfc879c1f5e2b08118a6149c8fa984e65017453","true"
"AWS-SIGN-0229","notes","只授权此 PK 按冻结来源行执行 write_action；除 review_status 外，写入语义列必须与 source_path 中该 PK 完全一致。package_review、independent_signoff 与 freeze_binding_status 由本签字和三项冻结哈希闭合。","只授权此 PK 按冻结来源行执行 write_action；除 review_status 外，写入语义列必须与 source_path 中该 PK 完全一致。package_review、independent_signoff 与 freeze_binding_status 由本签字和三项冻结哈希闭合。rebase_binding=AWS-SIGNOFF-REBASE-GOOGLE-SOURCE-GATE-20260813","true"
"AWS-SIGN-0230","formal_baseline_aggregate_sha256","0b4c6106bde7e2a62b1ffd6a0df7246ded62177d941c7fb9303a2cbac62f92bf","97ebb17a2518e3a43b18a382dcfc879c1f5e2b08118a6149c8fa984e65017453","true"
"AWS-SIGN-0230","notes","只授权此 PK 按冻结来源行执行 write_action；除 review_status 外，写入语义列必须与 source_path 中该 PK 完全一致。package_review、independent_signoff 与 freeze_binding_status 由本签字和三项冻结哈希闭合。","只授权此 PK 按冻结来源行执行 write_action；除 review_status 外，写入语义列必须与 source_path 中该 PK 完全一致。package_review、independent_signoff 与 freeze_binding_status 由本签字和三项冻结哈希闭合。rebase_binding=AWS-SIGNOFF-REBASE-GOOGLE-SOURCE-GATE-20260813","true"
"AWS-SIGN-0231","formal_baseline_aggregate_sha256","0b4c6106bde7e2a62b1ffd6a0df7246ded62177d941c7fb9303a2cbac62f92bf","97ebb17a2518e3a43b18a382dcfc879c1f5e2b08118a6149c8fa984e65017453","true"
"AWS-SIGN-0231","notes","只授权此 PK 按冻结来源行执行 write_action；除 review_status 外，写入语义列必须与 source_path 中该 PK 完全一致。package_review、independent_signoff 与 freeze_binding_status 由本签字和三项冻结哈希闭合。","只授权此 PK 按冻结来源行执行 write_action；除 review_status 外，写入语义列必须与 source_path 中该 PK 完全一致。package_review、independent_signoff 与 freeze_binding_status 由本签字和三项冻结哈希闭合。rebase_binding=AWS-SIGNOFF-REBASE-GOOGLE-SOURCE-GATE-20260813","true"
"AWS-SIGN-0232","formal_baseline_aggregate_sha256","0b4c6106bde7e2a62b1ffd6a0df7246ded62177d941c7fb9303a2cbac62f92bf","97ebb17a2518e3a43b18a382dcfc879c1f5e2b08118a6149c8fa984e65017453","true"
"AWS-SIGN-0232","notes","只授权此 PK 按冻结来源行执行 write_action；除 review_status 外，写入语义列必须与 source_path 中该 PK 完全一致。package_review、independent_signoff 与 freeze_binding_status 由本签字和三项冻结哈希闭合。","只授权此 PK 按冻结来源行执行 write_action；除 review_status 外，写入语义列必须与 source_path 中该 PK 完全一致。package_review、independent_signoff 与 freeze_binding_status 由本签字和三项冻结哈希闭合。rebase_binding=AWS-SIGNOFF-REBASE-GOOGLE-SOURCE-GATE-20260813","true"
"AWS-SIGN-0233","formal_baseline_aggregate_sha256","0b4c6106bde7e2a62b1ffd6a0df7246ded62177d941c7fb9303a2cbac62f92bf","97ebb17a2518e3a43b18a382dcfc879c1f5e2b08118a6149c8fa984e65017453","true"
"AWS-SIGN-0233","notes","只授权此 PK 按冻结来源行执行 write_action；除 review_status 外，写入语义列必须与 source_path 中该 PK 完全一致。package_review、independent_signoff 与 freeze_binding_status 由本签字和三项冻结哈希闭合。","只授权此 PK 按冻结来源行执行 write_action；除 review_status 外，写入语义列必须与 source_path 中该 PK 完全一致。package_review、independent_signoff 与 freeze_binding_status 由本签字和三项冻结哈希闭合。rebase_binding=AWS-SIGNOFF-REBASE-GOOGLE-SOURCE-GATE-20260813","true"
"AWS-SIGN-0234","formal_baseline_aggregate_sha256","0b4c6106bde7e2a62b1ffd6a0df7246ded62177d941c7fb9303a2cbac62f92bf","97ebb17a2518e3a43b18a382dcfc879c1f5e2b08118a6149c8fa984e65017453","true"
"AWS-SIGN-0234","notes","只授权此 PK 按冻结来源行执行 write_action；除 review_status 外，写入语义列必须与 source_path 中该 PK 完全一致。package_review、independent_signoff 与 freeze_binding_status 由本签字和三项冻结哈希闭合。","只授权此 PK 按冻结来源行执行 write_action；除 review_status 外，写入语义列必须与 source_path 中该 PK 完全一致。package_review、independent_signoff 与 freeze_binding_status 由本签字和三项冻结哈希闭合。rebase_binding=AWS-SIGNOFF-REBASE-GOOGLE-SOURCE-GATE-20260813","true"
"AWS-SIGN-0235","formal_baseline_aggregate_sha256","0b4c6106bde7e2a62b1ffd6a0df7246ded62177d941c7fb9303a2cbac62f92bf","97ebb17a2518e3a43b18a382dcfc879c1f5e2b08118a6149c8fa984e65017453","true"
"AWS-SIGN-0235","notes","只授权此 PK 按冻结来源行执行 write_action；除 review_status 外，写入语义列必须与 source_path 中该 PK 完全一致。package_review、independent_signoff 与 freeze_binding_status 由本签字和三项冻结哈希闭合。","只授权此 PK 按冻结来源行执行 write_action；除 review_status 外，写入语义列必须与 source_path 中该 PK 完全一致。package_review、independent_signoff 与 freeze_binding_status 由本签字和三项冻结哈希闭合。rebase_binding=AWS-SIGNOFF-REBASE-GOOGLE-SOURCE-GATE-20260813","true"
"AWS-SIGN-0236","formal_baseline_aggregate_sha256","0b4c6106bde7e2a62b1ffd6a0df7246ded62177d941c7fb9303a2cbac62f92bf","97ebb17a2518e3a43b18a382dcfc879c1f5e2b08118a6149c8fa984e65017453","true"
"AWS-SIGN-0236","notes","只授权此 PK 按冻结来源行执行 write_action；除 review_status 外，写入语义列必须与 source_path 中该 PK 完全一致。package_review、independent_signoff 与 freeze_binding_status 由本签字和三项冻结哈希闭合。","只授权此 PK 按冻结来源行执行 write_action；除 review_status 外，写入语义列必须与 source_path 中该 PK 完全一致。package_review、independent_signoff 与 freeze_binding_status 由本签字和三项冻结哈希闭合。rebase_binding=AWS-SIGNOFF-REBASE-GOOGLE-SOURCE-GATE-20260813","true"
"AWS-SIGN-0237","formal_baseline_aggregate_sha256","0b4c6106bde7e2a62b1ffd6a0df7246ded62177d941c7fb9303a2cbac62f92bf","97ebb17a2518e3a43b18a382dcfc879c1f5e2b08118a6149c8fa984e65017453","true"
"AWS-SIGN-0237","notes","只授权此 PK 按冻结来源行执行 write_action；除 review_status 外，写入语义列必须与 source_path 中该 PK 完全一致。package_review、independent_signoff 与 freeze_binding_status 由本签字和三项冻结哈希闭合。","只授权此 PK 按冻结来源行执行 write_action；除 review_status 外，写入语义列必须与 source_path 中该 PK 完全一致。package_review、independent_signoff 与 freeze_binding_status 由本签字和三项冻结哈希闭合。rebase_binding=AWS-SIGNOFF-REBASE-GOOGLE-SOURCE-GATE-20260813","true"
"AWS-SIGN-0238","formal_baseline_aggregate_sha256","0b4c6106bde7e2a62b1ffd6a0df7246ded62177d941c7fb9303a2cbac62f92bf","97ebb17a2518e3a43b18a382dcfc879c1f5e2b08118a6149c8fa984e65017453","true"
"AWS-SIGN-0238","notes","只授权此 PK 按冻结来源行执行 write_action；除 review_status 外，写入语义列必须与 source_path 中该 PK 完全一致。package_review、independent_signoff 与 freeze_binding_status 由本签字和三项冻结哈希闭合。","只授权此 PK 按冻结来源行执行 write_action；除 review_status 外，写入语义列必须与 source_path 中该 PK 完全一致。package_review、independent_signoff 与 freeze_binding_status 由本签字和三项冻结哈希闭合。rebase_binding=AWS-SIGNOFF-REBASE-GOOGLE-SOURCE-GATE-20260813","true"
"AWS-SIGN-0239","formal_baseline_aggregate_sha256","0b4c6106bde7e2a62b1ffd6a0df7246ded62177d941c7fb9303a2cbac62f92bf","97ebb17a2518e3a43b18a382dcfc879c1f5e2b08118a6149c8fa984e65017453","true"
"AWS-SIGN-0239","notes","只授权此 PK 按冻结来源行执行 write_action；除 review_status 外，写入语义列必须与 source_path 中该 PK 完全一致。package_review、independent_signoff 与 freeze_binding_status 由本签字和三项冻结哈希闭合。","只授权此 PK 按冻结来源行执行 write_action；除 review_status 外，写入语义列必须与 source_path 中该 PK 完全一致。package_review、independent_signoff 与 freeze_binding_status 由本签字和三项冻结哈希闭合。rebase_binding=AWS-SIGNOFF-REBASE-GOOGLE-SOURCE-GATE-20260813","true"
"AWS-SIGN-0240","formal_baseline_aggregate_sha256","0b4c6106bde7e2a62b1ffd6a0df7246ded62177d941c7fb9303a2cbac62f92bf","97ebb17a2518e3a43b18a382dcfc879c1f5e2b08118a6149c8fa984e65017453","true"
"AWS-SIGN-0240","notes","只授权此 PK 按冻结来源行执行 write_action；除 review_status 外，写入语义列必须与 source_path 中该 PK 完全一致。package_review、independent_signoff 与 freeze_binding_status 由本签字和三项冻结哈希闭合。","只授权此 PK 按冻结来源行执行 write_action；除 review_status 外，写入语义列必须与 source_path 中该 PK 完全一致。package_review、independent_signoff 与 freeze_binding_status 由本签字和三项冻结哈希闭合。rebase_binding=AWS-SIGNOFF-REBASE-GOOGLE-SOURCE-GATE-20260813","true"
"AWS-SIGN-0241","formal_baseline_aggregate_sha256","0b4c6106bde7e2a62b1ffd6a0df7246ded62177d941c7fb9303a2cbac62f92bf","97ebb17a2518e3a43b18a382dcfc879c1f5e2b08118a6149c8fa984e65017453","true"
"AWS-SIGN-0241","notes","只授权此 PK 按冻结来源行执行 write_action；除 review_status 外，写入语义列必须与 source_path 中该 PK 完全一致。package_review、independent_signoff 与 freeze_binding_status 由本签字和三项冻结哈希闭合。","只授权此 PK 按冻结来源行执行 write_action；除 review_status 外，写入语义列必须与 source_path 中该 PK 完全一致。package_review、independent_signoff 与 freeze_binding_status 由本签字和三项冻结哈希闭合。rebase_binding=AWS-SIGNOFF-REBASE-GOOGLE-SOURCE-GATE-20260813","true"
"AWS-SIGN-0242","formal_baseline_aggregate_sha256","0b4c6106bde7e2a62b1ffd6a0df7246ded62177d941c7fb9303a2cbac62f92bf","97ebb17a2518e3a43b18a382dcfc879c1f5e2b08118a6149c8fa984e65017453","true"
"AWS-SIGN-0242","notes","只授权此 PK 按冻结来源行执行 write_action；除 review_status 外，写入语义列必须与 source_path 中该 PK 完全一致。package_review、independent_signoff 与 freeze_binding_status 由本签字和三项冻结哈希闭合。","只授权此 PK 按冻结来源行执行 write_action；除 review_status 外，写入语义列必须与 source_path 中该 PK 完全一致。package_review、independent_signoff 与 freeze_binding_status 由本签字和三项冻结哈希闭合。rebase_binding=AWS-SIGNOFF-REBASE-GOOGLE-SOURCE-GATE-20260813","true"
"AWS-SIGN-0243","formal_baseline_aggregate_sha256","0b4c6106bde7e2a62b1ffd6a0df7246ded62177d941c7fb9303a2cbac62f92bf","97ebb17a2518e3a43b18a382dcfc879c1f5e2b08118a6149c8fa984e65017453","true"
"AWS-SIGN-0243","notes","只授权此 PK 按冻结来源行执行 write_action；除 review_status 外，写入语义列必须与 source_path 中该 PK 完全一致。package_review、independent_signoff 与 freeze_binding_status 由本签字和三项冻结哈希闭合。","只授权此 PK 按冻结来源行执行 write_action；除 review_status 外，写入语义列必须与 source_path 中该 PK 完全一致。package_review、independent_signoff 与 freeze_binding_status 由本签字和三项冻结哈希闭合。rebase_binding=AWS-SIGNOFF-REBASE-GOOGLE-SOURCE-GATE-20260813","true"
"AWS-SIGN-0244","formal_baseline_aggregate_sha256","0b4c6106bde7e2a62b1ffd6a0df7246ded62177d941c7fb9303a2cbac62f92bf","97ebb17a2518e3a43b18a382dcfc879c1f5e2b08118a6149c8fa984e65017453","true"
"AWS-SIGN-0244","notes","只授权此 PK 按冻结来源行执行 write_action；除 review_status 外，写入语义列必须与 source_path 中该 PK 完全一致。package_review、independent_signoff 与 freeze_binding_status 由本签字和三项冻结哈希闭合。","只授权此 PK 按冻结来源行执行 write_action；除 review_status 外，写入语义列必须与 source_path 中该 PK 完全一致。package_review、independent_signoff 与 freeze_binding_status 由本签字和三项冻结哈希闭合。rebase_binding=AWS-SIGNOFF-REBASE-GOOGLE-SOURCE-GATE-20260813","true"
"AWS-SIGN-0245","formal_baseline_aggregate_sha256","0b4c6106bde7e2a62b1ffd6a0df7246ded62177d941c7fb9303a2cbac62f92bf","97ebb17a2518e3a43b18a382dcfc879c1f5e2b08118a6149c8fa984e65017453","true"
"AWS-SIGN-0245","notes","只授权此 PK 按冻结来源行执行 write_action；除 review_status 外，写入语义列必须与 source_path 中该 PK 完全一致。package_review、independent_signoff 与 freeze_binding_status 由本签字和三项冻结哈希闭合。","只授权此 PK 按冻结来源行执行 write_action；除 review_status 外，写入语义列必须与 source_path 中该 PK 完全一致。package_review、independent_signoff 与 freeze_binding_status 由本签字和三项冻结哈希闭合。rebase_binding=AWS-SIGNOFF-REBASE-GOOGLE-SOURCE-GATE-20260813","true"
"AWS-SIGN-0246","formal_baseline_aggregate_sha256","0b4c6106bde7e2a62b1ffd6a0df7246ded62177d941c7fb9303a2cbac62f92bf","97ebb17a2518e3a43b18a382dcfc879c1f5e2b08118a6149c8fa984e65017453","true"
"AWS-SIGN-0246","notes","只授权此 PK 按冻结来源行执行 write_action；除 review_status 外，写入语义列必须与 source_path 中该 PK 完全一致。package_review、independent_signoff 与 freeze_binding_status 由本签字和三项冻结哈希闭合。","只授权此 PK 按冻结来源行执行 write_action；除 review_status 外，写入语义列必须与 source_path 中该 PK 完全一致。package_review、independent_signoff 与 freeze_binding_status 由本签字和三项冻结哈希闭合。rebase_binding=AWS-SIGNOFF-REBASE-GOOGLE-SOURCE-GATE-20260813","true"
"AWS-SIGN-0247","formal_baseline_aggregate_sha256","0b4c6106bde7e2a62b1ffd6a0df7246ded62177d941c7fb9303a2cbac62f92bf","97ebb17a2518e3a43b18a382dcfc879c1f5e2b08118a6149c8fa984e65017453","true"
"AWS-SIGN-0247","notes","只授权此 PK 按冻结来源行执行 write_action；除 review_status 外，写入语义列必须与 source_path 中该 PK 完全一致。package_review、independent_signoff 与 freeze_binding_status 由本签字和三项冻结哈希闭合。","只授权此 PK 按冻结来源行执行 write_action；除 review_status 外，写入语义列必须与 source_path 中该 PK 完全一致。package_review、independent_signoff 与 freeze_binding_status 由本签字和三项冻结哈希闭合。rebase_binding=AWS-SIGNOFF-REBASE-GOOGLE-SOURCE-GATE-20260813","true"
"AWS-SIGN-0248","formal_baseline_aggregate_sha256","0b4c6106bde7e2a62b1ffd6a0df7246ded62177d941c7fb9303a2cbac62f92bf","97ebb17a2518e3a43b18a382dcfc879c1f5e2b08118a6149c8fa984e65017453","true"
"AWS-SIGN-0248","notes","只授权此 PK 按冻结来源行执行 write_action；除 review_status 外，写入语义列必须与 source_path 中该 PK 完全一致。package_review、independent_signoff 与 freeze_binding_status 由本签字和三项冻结哈希闭合。","只授权此 PK 按冻结来源行执行 write_action；除 review_status 外，写入语义列必须与 source_path 中该 PK 完全一致。package_review、independent_signoff 与 freeze_binding_status 由本签字和三项冻结哈希闭合。rebase_binding=AWS-SIGNOFF-REBASE-GOOGLE-SOURCE-GATE-20260813","true"
"AWS-SIGN-0249","formal_baseline_aggregate_sha256","0b4c6106bde7e2a62b1ffd6a0df7246ded62177d941c7fb9303a2cbac62f92bf","97ebb17a2518e3a43b18a382dcfc879c1f5e2b08118a6149c8fa984e65017453","true"
"AWS-SIGN-0249","notes","只授权此 PK 按冻结来源行执行 write_action；除 review_status 外，写入语义列必须与 source_path 中该 PK 完全一致。package_review、independent_signoff 与 freeze_binding_status 由本签字和三项冻结哈希闭合。","只授权此 PK 按冻结来源行执行 write_action；除 review_status 外，写入语义列必须与 source_path 中该 PK 完全一致。package_review、independent_signoff 与 freeze_binding_status 由本签字和三项冻结哈希闭合。rebase_binding=AWS-SIGNOFF-REBASE-GOOGLE-SOURCE-GATE-20260813","true"
"AWS-SIGN-0250","formal_baseline_aggregate_sha256","0b4c6106bde7e2a62b1ffd6a0df7246ded62177d941c7fb9303a2cbac62f92bf","97ebb17a2518e3a43b18a382dcfc879c1f5e2b08118a6149c8fa984e65017453","true"
"AWS-SIGN-0250","notes","只授权此 PK 按冻结来源行执行 write_action；除 review_status 外，写入语义列必须与 source_path 中该 PK 完全一致。package_review、independent_signoff 与 freeze_binding_status 由本签字和三项冻结哈希闭合。","只授权此 PK 按冻结来源行执行 write_action；除 review_status 外，写入语义列必须与 source_path 中该 PK 完全一致。package_review、independent_signoff 与 freeze_binding_status 由本签字和三项冻结哈希闭合。rebase_binding=AWS-SIGNOFF-REBASE-GOOGLE-SOURCE-GATE-20260813","true"
"AWS-SIGN-0251","formal_baseline_aggregate_sha256","0b4c6106bde7e2a62b1ffd6a0df7246ded62177d941c7fb9303a2cbac62f92bf","97ebb17a2518e3a43b18a382dcfc879c1f5e2b08118a6149c8fa984e65017453","true"
"AWS-SIGN-0251","notes","只授权此 PK 按冻结来源行执行 write_action；除 review_status 外，写入语义列必须与 source_path 中该 PK 完全一致。package_review、independent_signoff 与 freeze_binding_status 由本签字和三项冻结哈希闭合。","只授权此 PK 按冻结来源行执行 write_action；除 review_status 外，写入语义列必须与 source_path 中该 PK 完全一致。package_review、independent_signoff 与 freeze_binding_status 由本签字和三项冻结哈希闭合。rebase_binding=AWS-SIGNOFF-REBASE-GOOGLE-SOURCE-GATE-20260813","true"
"AWS-SIGN-0252","formal_baseline_aggregate_sha256","0b4c6106bde7e2a62b1ffd6a0df7246ded62177d941c7fb9303a2cbac62f92bf","97ebb17a2518e3a43b18a382dcfc879c1f5e2b08118a6149c8fa984e65017453","true"
"AWS-SIGN-0252","notes","只授权此 PK 按冻结来源行执行 write_action；除 review_status 外，写入语义列必须与 source_path 中该 PK 完全一致。package_review、independent_signoff 与 freeze_binding_status 由本签字和三项冻结哈希闭合。","只授权此 PK 按冻结来源行执行 write_action；除 review_status 外，写入语义列必须与 source_path 中该 PK 完全一致。package_review、independent_signoff 与 freeze_binding_status 由本签字和三项冻结哈希闭合。rebase_binding=AWS-SIGNOFF-REBASE-GOOGLE-SOURCE-GATE-20260813","true"
"AWS-SIGN-0253","formal_baseline_aggregate_sha256","0b4c6106bde7e2a62b1ffd6a0df7246ded62177d941c7fb9303a2cbac62f92bf","97ebb17a2518e3a43b18a382dcfc879c1f5e2b08118a6149c8fa984e65017453","true"
"AWS-SIGN-0253","notes","只授权此 PK 按冻结来源行执行 write_action；除 review_status 外，写入语义列必须与 source_path 中该 PK 完全一致。package_review、independent_signoff 与 freeze_binding_status 由本签字和三项冻结哈希闭合。","只授权此 PK 按冻结来源行执行 write_action；除 review_status 外，写入语义列必须与 source_path 中该 PK 完全一致。package_review、independent_signoff 与 freeze_binding_status 由本签字和三项冻结哈希闭合。rebase_binding=AWS-SIGNOFF-REBASE-GOOGLE-SOURCE-GATE-20260813","true"
"AWS-SIGN-0254","formal_baseline_aggregate_sha256","0b4c6106bde7e2a62b1ffd6a0df7246ded62177d941c7fb9303a2cbac62f92bf","97ebb17a2518e3a43b18a382dcfc879c1f5e2b08118a6149c8fa984e65017453","true"
"AWS-SIGN-0254","notes","只授权此 PK 按冻结来源行执行 write_action；除 review_status 外，写入语义列必须与 source_path 中该 PK 完全一致。package_review、independent_signoff 与 freeze_binding_status 由本签字和三项冻结哈希闭合。","只授权此 PK 按冻结来源行执行 write_action；除 review_status 外，写入语义列必须与 source_path 中该 PK 完全一致。package_review、independent_signoff 与 freeze_binding_status 由本签字和三项冻结哈希闭合。rebase_binding=AWS-SIGNOFF-REBASE-GOOGLE-SOURCE-GATE-20260813","true"
"AWS-SIGN-0255","formal_baseline_aggregate_sha256","0b4c6106bde7e2a62b1ffd6a0df7246ded62177d941c7fb9303a2cbac62f92bf","97ebb17a2518e3a43b18a382dcfc879c1f5e2b08118a6149c8fa984e65017453","true"
"AWS-SIGN-0255","notes","只授权此 PK 按冻结来源行执行 write_action；除 review_status 外，写入语义列必须与 source_path 中该 PK 完全一致。package_review、independent_signoff 与 freeze_binding_status 由本签字和三项冻结哈希闭合。","只授权此 PK 按冻结来源行执行 write_action；除 review_status 外，写入语义列必须与 source_path 中该 PK 完全一致。package_review、independent_signoff 与 freeze_binding_status 由本签字和三项冻结哈希闭合。rebase_binding=AWS-SIGNOFF-REBASE-GOOGLE-SOURCE-GATE-20260813","true"
"AWS-SIGN-0256","formal_baseline_aggregate_sha256","0b4c6106bde7e2a62b1ffd6a0df7246ded62177d941c7fb9303a2cbac62f92bf","97ebb17a2518e3a43b18a382dcfc879c1f5e2b08118a6149c8fa984e65017453","true"
"AWS-SIGN-0256","notes","只授权此 PK 按冻结来源行执行 write_action；除 review_status 外，写入语义列必须与 source_path 中该 PK 完全一致。package_review、independent_signoff 与 freeze_binding_status 由本签字和三项冻结哈希闭合。","只授权此 PK 按冻结来源行执行 write_action；除 review_status 外，写入语义列必须与 source_path 中该 PK 完全一致。package_review、independent_signoff 与 freeze_binding_status 由本签字和三项冻结哈希闭合。rebase_binding=AWS-SIGNOFF-REBASE-GOOGLE-SOURCE-GATE-20260813","true"
"AWS-SIGN-0257","formal_baseline_aggregate_sha256","0b4c6106bde7e2a62b1ffd6a0df7246ded62177d941c7fb9303a2cbac62f92bf","97ebb17a2518e3a43b18a382dcfc879c1f5e2b08118a6149c8fa984e65017453","true"
"AWS-SIGN-0257","notes","只授权此 PK 按冻结来源行执行 write_action；除 review_status 外，写入语义列必须与 source_path 中该 PK 完全一致。package_review、independent_signoff 与 freeze_binding_status 由本签字和三项冻结哈希闭合。","只授权此 PK 按冻结来源行执行 write_action；除 review_status 外，写入语义列必须与 source_path 中该 PK 完全一致。package_review、independent_signoff 与 freeze_binding_status 由本签字和三项冻结哈希闭合。rebase_binding=AWS-SIGNOFF-REBASE-GOOGLE-SOURCE-GATE-20260813","true"
"AWS-SIGN-0258","formal_baseline_aggregate_sha256","0b4c6106bde7e2a62b1ffd6a0df7246ded62177d941c7fb9303a2cbac62f92bf","97ebb17a2518e3a43b18a382dcfc879c1f5e2b08118a6149c8fa984e65017453","true"
"AWS-SIGN-0258","notes","只授权此 PK 按冻结来源行执行 write_action；除 review_status 外，写入语义列必须与 source_path 中该 PK 完全一致。package_review、independent_signoff 与 freeze_binding_status 由本签字和三项冻结哈希闭合。","只授权此 PK 按冻结来源行执行 write_action；除 review_status 外，写入语义列必须与 source_path 中该 PK 完全一致。package_review、independent_signoff 与 freeze_binding_status 由本签字和三项冻结哈希闭合。rebase_binding=AWS-SIGNOFF-REBASE-GOOGLE-SOURCE-GATE-20260813","true"
"AWS-SIGN-0259","formal_baseline_aggregate_sha256","0b4c6106bde7e2a62b1ffd6a0df7246ded62177d941c7fb9303a2cbac62f92bf","97ebb17a2518e3a43b18a382dcfc879c1f5e2b08118a6149c8fa984e65017453","true"
"AWS-SIGN-0259","notes","只授权此 PK 按冻结来源行执行 write_action；除 review_status 外，写入语义列必须与 source_path 中该 PK 完全一致。package_review、independent_signoff 与 freeze_binding_status 由本签字和三项冻结哈希闭合。","只授权此 PK 按冻结来源行执行 write_action；除 review_status 外，写入语义列必须与 source_path 中该 PK 完全一致。package_review、independent_signoff 与 freeze_binding_status 由本签字和三项冻结哈希闭合。rebase_binding=AWS-SIGNOFF-REBASE-GOOGLE-SOURCE-GATE-20260813","true"
"AWS-SIGN-0260","formal_baseline_aggregate_sha256","0b4c6106bde7e2a62b1ffd6a0df7246ded62177d941c7fb9303a2cbac62f92bf","97ebb17a2518e3a43b18a382dcfc879c1f5e2b08118a6149c8fa984e65017453","true"
"AWS-SIGN-0260","notes","只授权此 PK 按冻结来源行执行 write_action；除 review_status 外，写入语义列必须与 source_path 中该 PK 完全一致。package_review、independent_signoff 与 freeze_binding_status 由本签字和三项冻结哈希闭合。","只授权此 PK 按冻结来源行执行 write_action；除 review_status 外，写入语义列必须与 source_path 中该 PK 完全一致。package_review、independent_signoff 与 freeze_binding_status 由本签字和三项冻结哈希闭合。rebase_binding=AWS-SIGNOFF-REBASE-GOOGLE-SOURCE-GATE-20260813","true"
"AWS-SIGN-0261","formal_baseline_aggregate_sha256","0b4c6106bde7e2a62b1ffd6a0df7246ded62177d941c7fb9303a2cbac62f92bf","97ebb17a2518e3a43b18a382dcfc879c1f5e2b08118a6149c8fa984e65017453","true"
"AWS-SIGN-0261","notes","只授权此 PK 按冻结来源行执行 write_action；除 review_status 外，写入语义列必须与 source_path 中该 PK 完全一致。package_review、independent_signoff 与 freeze_binding_status 由本签字和三项冻结哈希闭合。","只授权此 PK 按冻结来源行执行 write_action；除 review_status 外，写入语义列必须与 source_path 中该 PK 完全一致。package_review、independent_signoff 与 freeze_binding_status 由本签字和三项冻结哈希闭合。rebase_binding=AWS-SIGNOFF-REBASE-GOOGLE-SOURCE-GATE-20260813","true"
"AWS-SIGN-0262","formal_baseline_aggregate_sha256","0b4c6106bde7e2a62b1ffd6a0df7246ded62177d941c7fb9303a2cbac62f92bf","97ebb17a2518e3a43b18a382dcfc879c1f5e2b08118a6149c8fa984e65017453","true"
"AWS-SIGN-0262","notes","只授权此 PK 按冻结来源行执行 write_action；除 review_status 外，写入语义列必须与 source_path 中该 PK 完全一致。package_review、independent_signoff 与 freeze_binding_status 由本签字和三项冻结哈希闭合。","只授权此 PK 按冻结来源行执行 write_action；除 review_status 外，写入语义列必须与 source_path 中该 PK 完全一致。package_review、independent_signoff 与 freeze_binding_status 由本签字和三项冻结哈希闭合。rebase_binding=AWS-SIGNOFF-REBASE-GOOGLE-SOURCE-GATE-20260813","true"
"AWS-SIGN-0263","formal_baseline_aggregate_sha256","0b4c6106bde7e2a62b1ffd6a0df7246ded62177d941c7fb9303a2cbac62f92bf","97ebb17a2518e3a43b18a382dcfc879c1f5e2b08118a6149c8fa984e65017453","true"
"AWS-SIGN-0263","notes","只授权此 PK 按冻结来源行执行 write_action；除 review_status 外，写入语义列必须与 source_path 中该 PK 完全一致。package_review、independent_signoff 与 freeze_binding_status 由本签字和三项冻结哈希闭合。","只授权此 PK 按冻结来源行执行 write_action；除 review_status 外，写入语义列必须与 source_path 中该 PK 完全一致。package_review、independent_signoff 与 freeze_binding_status 由本签字和三项冻结哈希闭合。rebase_binding=AWS-SIGNOFF-REBASE-GOOGLE-SOURCE-GATE-20260813","true"
"AWS-SIGN-0264","formal_baseline_aggregate_sha256","0b4c6106bde7e2a62b1ffd6a0df7246ded62177d941c7fb9303a2cbac62f92bf","97ebb17a2518e3a43b18a382dcfc879c1f5e2b08118a6149c8fa984e65017453","true"
"AWS-SIGN-0264","notes","只授权此 PK 按冻结来源行执行 write_action；除 review_status 外，写入语义列必须与 source_path 中该 PK 完全一致。package_review、independent_signoff 与 freeze_binding_status 由本签字和三项冻结哈希闭合。","只授权此 PK 按冻结来源行执行 write_action；除 review_status 外，写入语义列必须与 source_path 中该 PK 完全一致。package_review、independent_signoff 与 freeze_binding_status 由本签字和三项冻结哈希闭合。rebase_binding=AWS-SIGNOFF-REBASE-GOOGLE-SOURCE-GATE-20260813","true"
"AWS-SIGN-0265","formal_baseline_aggregate_sha256","0b4c6106bde7e2a62b1ffd6a0df7246ded62177d941c7fb9303a2cbac62f92bf","97ebb17a2518e3a43b18a382dcfc879c1f5e2b08118a6149c8fa984e65017453","true"
"AWS-SIGN-0265","notes","只授权此 PK 按冻结来源行执行 write_action；除 review_status 外，写入语义列必须与 source_path 中该 PK 完全一致。package_review、independent_signoff 与 freeze_binding_status 由本签字和三项冻结哈希闭合。","只授权此 PK 按冻结来源行执行 write_action；除 review_status 外，写入语义列必须与 source_path 中该 PK 完全一致。package_review、independent_signoff 与 freeze_binding_status 由本签字和三项冻结哈希闭合。rebase_binding=AWS-SIGNOFF-REBASE-GOOGLE-SOURCE-GATE-20260813","true"
"AWS-SIGN-0266","formal_baseline_aggregate_sha256","0b4c6106bde7e2a62b1ffd6a0df7246ded62177d941c7fb9303a2cbac62f92bf","97ebb17a2518e3a43b18a382dcfc879c1f5e2b08118a6149c8fa984e65017453","true"
"AWS-SIGN-0266","notes","只授权此 PK 按冻结来源行执行 write_action；除 review_status 外，写入语义列必须与 source_path 中该 PK 完全一致。package_review、independent_signoff 与 freeze_binding_status 由本签字和三项冻结哈希闭合。","只授权此 PK 按冻结来源行执行 write_action；除 review_status 外，写入语义列必须与 source_path 中该 PK 完全一致。package_review、independent_signoff 与 freeze_binding_status 由本签字和三项冻结哈希闭合。rebase_binding=AWS-SIGNOFF-REBASE-GOOGLE-SOURCE-GATE-20260813","true"
"AWS-SIGN-0267","formal_baseline_aggregate_sha256","0b4c6106bde7e2a62b1ffd6a0df7246ded62177d941c7fb9303a2cbac62f92bf","97ebb17a2518e3a43b18a382dcfc879c1f5e2b08118a6149c8fa984e65017453","true"
"AWS-SIGN-0267","notes","只授权此 PK 按冻结来源行执行 write_action；除 review_status 外，写入语义列必须与 source_path 中该 PK 完全一致。package_review、independent_signoff 与 freeze_binding_status 由本签字和三项冻结哈希闭合。","只授权此 PK 按冻结来源行执行 write_action；除 review_status 外，写入语义列必须与 source_path 中该 PK 完全一致。package_review、independent_signoff 与 freeze_binding_status 由本签字和三项冻结哈希闭合。rebase_binding=AWS-SIGNOFF-REBASE-GOOGLE-SOURCE-GATE-20260813","true"
"AWS-SIGN-0268","formal_baseline_aggregate_sha256","0b4c6106bde7e2a62b1ffd6a0df7246ded62177d941c7fb9303a2cbac62f92bf","97ebb17a2518e3a43b18a382dcfc879c1f5e2b08118a6149c8fa984e65017453","true"
"AWS-SIGN-0268","notes","只授权此 PK 按冻结来源行执行 write_action；除 review_status 外，写入语义列必须与 source_path 中该 PK 完全一致。package_review、independent_signoff 与 freeze_binding_status 由本签字和三项冻结哈希闭合。","只授权此 PK 按冻结来源行执行 write_action；除 review_status 外，写入语义列必须与 source_path 中该 PK 完全一致。package_review、independent_signoff 与 freeze_binding_status 由本签字和三项冻结哈希闭合。rebase_binding=AWS-SIGNOFF-REBASE-GOOGLE-SOURCE-GATE-20260813","true"
"AWS-SIGN-0269","formal_baseline_aggregate_sha256","0b4c6106bde7e2a62b1ffd6a0df7246ded62177d941c7fb9303a2cbac62f92bf","97ebb17a2518e3a43b18a382dcfc879c1f5e2b08118a6149c8fa984e65017453","true"
"AWS-SIGN-0269","notes","只授权此 PK 按冻结来源行执行 write_action；除 review_status 外，写入语义列必须与 source_path 中该 PK 完全一致。package_review、independent_signoff 与 freeze_binding_status 由本签字和三项冻结哈希闭合。","只授权此 PK 按冻结来源行执行 write_action；除 review_status 外，写入语义列必须与 source_path 中该 PK 完全一致。package_review、independent_signoff 与 freeze_binding_status 由本签字和三项冻结哈希闭合。rebase_binding=AWS-SIGNOFF-REBASE-GOOGLE-SOURCE-GATE-20260813","true"
"AWS-SIGN-0270","formal_baseline_aggregate_sha256","0b4c6106bde7e2a62b1ffd6a0df7246ded62177d941c7fb9303a2cbac62f92bf","97ebb17a2518e3a43b18a382dcfc879c1f5e2b08118a6149c8fa984e65017453","true"
"AWS-SIGN-0270","notes","只授权此 PK 按冻结来源行执行 write_action；除 review_status 外，写入语义列必须与 source_path 中该 PK 完全一致。package_review、independent_signoff 与 freeze_binding_status 由本签字和三项冻结哈希闭合。","只授权此 PK 按冻结来源行执行 write_action；除 review_status 外，写入语义列必须与 source_path 中该 PK 完全一致。package_review、independent_signoff 与 freeze_binding_status 由本签字和三项冻结哈希闭合。rebase_binding=AWS-SIGNOFF-REBASE-GOOGLE-SOURCE-GATE-20260813","true"
"AWS-SIGN-0271","formal_baseline_aggregate_sha256","0b4c6106bde7e2a62b1ffd6a0df7246ded62177d941c7fb9303a2cbac62f92bf","97ebb17a2518e3a43b18a382dcfc879c1f5e2b08118a6149c8fa984e65017453","true"
"AWS-SIGN-0271","notes","只授权此 PK 按冻结来源行执行 write_action；除 review_status 外，写入语义列必须与 source_path 中该 PK 完全一致。package_review、independent_signoff 与 freeze_binding_status 由本签字和三项冻结哈希闭合。","只授权此 PK 按冻结来源行执行 write_action；除 review_status 外，写入语义列必须与 source_path 中该 PK 完全一致。package_review、independent_signoff 与 freeze_binding_status 由本签字和三项冻结哈希闭合。rebase_binding=AWS-SIGNOFF-REBASE-GOOGLE-SOURCE-GATE-20260813","true"
"AWS-SIGN-0272","formal_baseline_aggregate_sha256","0b4c6106bde7e2a62b1ffd6a0df7246ded62177d941c7fb9303a2cbac62f92bf","97ebb17a2518e3a43b18a382dcfc879c1f5e2b08118a6149c8fa984e65017453","true"
"AWS-SIGN-0272","notes","只授权此 PK 按冻结来源行执行 write_action；除 review_status 外，写入语义列必须与 source_path 中该 PK 完全一致。package_review、independent_signoff 与 freeze_binding_status 由本签字和三项冻结哈希闭合。","只授权此 PK 按冻结来源行执行 write_action；除 review_status 外，写入语义列必须与 source_path 中该 PK 完全一致。package_review、independent_signoff 与 freeze_binding_status 由本签字和三项冻结哈希闭合。rebase_binding=AWS-SIGNOFF-REBASE-GOOGLE-SOURCE-GATE-20260813","true"
"AWS-SIGN-0273","formal_baseline_aggregate_sha256","0b4c6106bde7e2a62b1ffd6a0df7246ded62177d941c7fb9303a2cbac62f92bf","97ebb17a2518e3a43b18a382dcfc879c1f5e2b08118a6149c8fa984e65017453","true"
"AWS-SIGN-0273","notes","只授权此 PK 按冻结来源行执行 write_action；除 review_status 外，写入语义列必须与 source_path 中该 PK 完全一致。package_review、independent_signoff 与 freeze_binding_status 由本签字和三项冻结哈希闭合。","只授权此 PK 按冻结来源行执行 write_action；除 review_status 外，写入语义列必须与 source_path 中该 PK 完全一致。package_review、independent_signoff 与 freeze_binding_status 由本签字和三项冻结哈希闭合。rebase_binding=AWS-SIGNOFF-REBASE-GOOGLE-SOURCE-GATE-20260813","true"
"AWS-SIGN-0274","formal_baseline_aggregate_sha256","0b4c6106bde7e2a62b1ffd6a0df7246ded62177d941c7fb9303a2cbac62f92bf","97ebb17a2518e3a43b18a382dcfc879c1f5e2b08118a6149c8fa984e65017453","true"
"AWS-SIGN-0274","notes","只授权此 PK 按冻结来源行执行 write_action；除 review_status 外，写入语义列必须与 source_path 中该 PK 完全一致。package_review、independent_signoff 与 freeze_binding_status 由本签字和三项冻结哈希闭合。","只授权此 PK 按冻结来源行执行 write_action；除 review_status 外，写入语义列必须与 source_path 中该 PK 完全一致。package_review、independent_signoff 与 freeze_binding_status 由本签字和三项冻结哈希闭合。rebase_binding=AWS-SIGNOFF-REBASE-GOOGLE-SOURCE-GATE-20260813","true"
"AWS-SIGN-0275","formal_baseline_aggregate_sha256","0b4c6106bde7e2a62b1ffd6a0df7246ded62177d941c7fb9303a2cbac62f92bf","97ebb17a2518e3a43b18a382dcfc879c1f5e2b08118a6149c8fa984e65017453","true"
"AWS-SIGN-0275","notes","只授权此 PK 按冻结来源行执行 write_action；除 review_status 外，写入语义列必须与 source_path 中该 PK 完全一致。package_review、independent_signoff 与 freeze_binding_status 由本签字和三项冻结哈希闭合。","只授权此 PK 按冻结来源行执行 write_action；除 review_status 外，写入语义列必须与 source_path 中该 PK 完全一致。package_review、independent_signoff 与 freeze_binding_status 由本签字和三项冻结哈希闭合。rebase_binding=AWS-SIGNOFF-REBASE-GOOGLE-SOURCE-GATE-20260813","true"
"AWS-SIGN-0276","formal_baseline_aggregate_sha256","0b4c6106bde7e2a62b1ffd6a0df7246ded62177d941c7fb9303a2cbac62f92bf","97ebb17a2518e3a43b18a382dcfc879c1f5e2b08118a6149c8fa984e65017453","true"
"AWS-SIGN-0276","notes","只授权此 PK 按冻结来源行执行 write_action；除 review_status 外，写入语义列必须与 source_path 中该 PK 完全一致。package_review、independent_signoff 与 freeze_binding_status 由本签字和三项冻结哈希闭合。","只授权此 PK 按冻结来源行执行 write_action；除 review_status 外，写入语义列必须与 source_path 中该 PK 完全一致。package_review、independent_signoff 与 freeze_binding_status 由本签字和三项冻结哈希闭合。rebase_binding=AWS-SIGNOFF-REBASE-GOOGLE-SOURCE-GATE-20260813","true"
"AWS-SIGN-0277","formal_baseline_aggregate_sha256","0b4c6106bde7e2a62b1ffd6a0df7246ded62177d941c7fb9303a2cbac62f92bf","97ebb17a2518e3a43b18a382dcfc879c1f5e2b08118a6149c8fa984e65017453","true"
"AWS-SIGN-0277","notes","只授权此 PK 按冻结来源行执行 write_action；除 review_status 外，写入语义列必须与 source_path 中该 PK 完全一致。package_review、independent_signoff 与 freeze_binding_status 由本签字和三项冻结哈希闭合。","只授权此 PK 按冻结来源行执行 write_action；除 review_status 外，写入语义列必须与 source_path 中该 PK 完全一致。package_review、independent_signoff 与 freeze_binding_status 由本签字和三项冻结哈希闭合。rebase_binding=AWS-SIGNOFF-REBASE-GOOGLE-SOURCE-GATE-20260813","true"
"AWS-SIGN-0278","formal_baseline_aggregate_sha256","0b4c6106bde7e2a62b1ffd6a0df7246ded62177d941c7fb9303a2cbac62f92bf","97ebb17a2518e3a43b18a382dcfc879c1f5e2b08118a6149c8fa984e65017453","true"
"AWS-SIGN-0278","notes","只授权此 PK 按冻结来源行执行 write_action；除 review_status 外，写入语义列必须与 source_path 中该 PK 完全一致。package_review、independent_signoff 与 freeze_binding_status 由本签字和三项冻结哈希闭合。","只授权此 PK 按冻结来源行执行 write_action；除 review_status 外，写入语义列必须与 source_path 中该 PK 完全一致。package_review、independent_signoff 与 freeze_binding_status 由本签字和三项冻结哈希闭合。rebase_binding=AWS-SIGNOFF-REBASE-GOOGLE-SOURCE-GATE-20260813","true"
"AWS-SIGN-0279","formal_baseline_aggregate_sha256","0b4c6106bde7e2a62b1ffd6a0df7246ded62177d941c7fb9303a2cbac62f92bf","97ebb17a2518e3a43b18a382dcfc879c1f5e2b08118a6149c8fa984e65017453","true"
"AWS-SIGN-0279","notes","只授权此 PK 按冻结来源行执行 write_action；除 review_status 外，写入语义列必须与 source_path 中该 PK 完全一致。package_review、independent_signoff 与 freeze_binding_status 由本签字和三项冻结哈希闭合。","只授权此 PK 按冻结来源行执行 write_action；除 review_status 外，写入语义列必须与 source_path 中该 PK 完全一致。package_review、independent_signoff 与 freeze_binding_status 由本签字和三项冻结哈希闭合。rebase_binding=AWS-SIGNOFF-REBASE-GOOGLE-SOURCE-GATE-20260813","true"
"AWS-SIGN-0280","formal_baseline_aggregate_sha256","0b4c6106bde7e2a62b1ffd6a0df7246ded62177d941c7fb9303a2cbac62f92bf","97ebb17a2518e3a43b18a382dcfc879c1f5e2b08118a6149c8fa984e65017453","true"
"AWS-SIGN-0280","notes","只授权此 PK 按冻结来源行执行 write_action；除 review_status 外，写入语义列必须与 source_path 中该 PK 完全一致。package_review、independent_signoff 与 freeze_binding_status 由本签字和三项冻结哈希闭合。","只授权此 PK 按冻结来源行执行 write_action；除 review_status 外，写入语义列必须与 source_path 中该 PK 完全一致。package_review、independent_signoff 与 freeze_binding_status 由本签字和三项冻结哈希闭合。rebase_binding=AWS-SIGNOFF-REBASE-GOOGLE-SOURCE-GATE-20260813","true"
"AWS-SIGN-0281","formal_baseline_aggregate_sha256","0b4c6106bde7e2a62b1ffd6a0df7246ded62177d941c7fb9303a2cbac62f92bf","97ebb17a2518e3a43b18a382dcfc879c1f5e2b08118a6149c8fa984e65017453","true"
"AWS-SIGN-0281","notes","只授权此 PK 按冻结来源行执行 write_action；除 review_status 外，写入语义列必须与 source_path 中该 PK 完全一致。package_review、independent_signoff 与 freeze_binding_status 由本签字和三项冻结哈希闭合。","只授权此 PK 按冻结来源行执行 write_action；除 review_status 外，写入语义列必须与 source_path 中该 PK 完全一致。package_review、independent_signoff 与 freeze_binding_status 由本签字和三项冻结哈希闭合。rebase_binding=AWS-SIGNOFF-REBASE-GOOGLE-SOURCE-GATE-20260813","true"
"AWS-SIGN-0282","formal_baseline_aggregate_sha256","0b4c6106bde7e2a62b1ffd6a0df7246ded62177d941c7fb9303a2cbac62f92bf","97ebb17a2518e3a43b18a382dcfc879c1f5e2b08118a6149c8fa984e65017453","true"
"AWS-SIGN-0282","notes","只授权此 PK 按冻结来源行执行 write_action；除 review_status 外，写入语义列必须与 source_path 中该 PK 完全一致。package_review、independent_signoff 与 freeze_binding_status 由本签字和三项冻结哈希闭合。","只授权此 PK 按冻结来源行执行 write_action；除 review_status 外，写入语义列必须与 source_path 中该 PK 完全一致。package_review、independent_signoff 与 freeze_binding_status 由本签字和三项冻结哈希闭合。rebase_binding=AWS-SIGNOFF-REBASE-GOOGLE-SOURCE-GATE-20260813","true"
"AWS-SIGN-0283","formal_baseline_aggregate_sha256","0b4c6106bde7e2a62b1ffd6a0df7246ded62177d941c7fb9303a2cbac62f92bf","97ebb17a2518e3a43b18a382dcfc879c1f5e2b08118a6149c8fa984e65017453","true"
"AWS-SIGN-0283","notes","只授权此 PK 按冻结来源行执行 write_action；除 review_status 外，写入语义列必须与 source_path 中该 PK 完全一致。package_review、independent_signoff 与 freeze_binding_status 由本签字和三项冻结哈希闭合。","只授权此 PK 按冻结来源行执行 write_action；除 review_status 外，写入语义列必须与 source_path 中该 PK 完全一致。package_review、independent_signoff 与 freeze_binding_status 由本签字和三项冻结哈希闭合。rebase_binding=AWS-SIGNOFF-REBASE-GOOGLE-SOURCE-GATE-20260813","true"
"AWS-SIGN-0284","formal_baseline_aggregate_sha256","0b4c6106bde7e2a62b1ffd6a0df7246ded62177d941c7fb9303a2cbac62f92bf","97ebb17a2518e3a43b18a382dcfc879c1f5e2b08118a6149c8fa984e65017453","true"
"AWS-SIGN-0284","notes","只授权此 PK 按冻结来源行执行 write_action；除 review_status 外，写入语义列必须与 source_path 中该 PK 完全一致。package_review、independent_signoff 与 freeze_binding_status 由本签字和三项冻结哈希闭合。","只授权此 PK 按冻结来源行执行 write_action；除 review_status 外，写入语义列必须与 source_path 中该 PK 完全一致。package_review、independent_signoff 与 freeze_binding_status 由本签字和三项冻结哈希闭合。rebase_binding=AWS-SIGNOFF-REBASE-GOOGLE-SOURCE-GATE-20260813","true"
"AWS-SIGN-0285","formal_baseline_aggregate_sha256","0b4c6106bde7e2a62b1ffd6a0df7246ded62177d941c7fb9303a2cbac62f92bf","97ebb17a2518e3a43b18a382dcfc879c1f5e2b08118a6149c8fa984e65017453","true"
"AWS-SIGN-0285","notes","只授权此 PK 按冻结来源行执行 write_action；除 review_status 外，写入语义列必须与 source_path 中该 PK 完全一致。package_review、independent_signoff 与 freeze_binding_status 由本签字和三项冻结哈希闭合。","只授权此 PK 按冻结来源行执行 write_action；除 review_status 外，写入语义列必须与 source_path 中该 PK 完全一致。package_review、independent_signoff 与 freeze_binding_status 由本签字和三项冻结哈希闭合。rebase_binding=AWS-SIGNOFF-REBASE-GOOGLE-SOURCE-GATE-20260813","true"
"AWS-SIGN-0286","formal_baseline_aggregate_sha256","0b4c6106bde7e2a62b1ffd6a0df7246ded62177d941c7fb9303a2cbac62f92bf","97ebb17a2518e3a43b18a382dcfc879c1f5e2b08118a6149c8fa984e65017453","true"
"AWS-SIGN-0286","notes","只授权此 PK 按冻结来源行执行 write_action；除 review_status 外，写入语义列必须与 source_path 中该 PK 完全一致。package_review、independent_signoff 与 freeze_binding_status 由本签字和三项冻结哈希闭合。","只授权此 PK 按冻结来源行执行 write_action；除 review_status 外，写入语义列必须与 source_path 中该 PK 完全一致。package_review、independent_signoff 与 freeze_binding_status 由本签字和三项冻结哈希闭合。rebase_binding=AWS-SIGNOFF-REBASE-GOOGLE-SOURCE-GATE-20260813","true"
"AWS-SIGN-0287","formal_baseline_aggregate_sha256","0b4c6106bde7e2a62b1ffd6a0df7246ded62177d941c7fb9303a2cbac62f92bf","97ebb17a2518e3a43b18a382dcfc879c1f5e2b08118a6149c8fa984e65017453","true"
"AWS-SIGN-0287","notes","只授权此 PK 按冻结来源行执行 write_action；除 review_status 外，写入语义列必须与 source_path 中该 PK 完全一致。package_review、independent_signoff 与 freeze_binding_status 由本签字和三项冻结哈希闭合。","只授权此 PK 按冻结来源行执行 write_action；除 review_status 外，写入语义列必须与 source_path 中该 PK 完全一致。package_review、independent_signoff 与 freeze_binding_status 由本签字和三项冻结哈希闭合。rebase_binding=AWS-SIGNOFF-REBASE-GOOGLE-SOURCE-GATE-20260813","true"
"AWS-SIGN-0288","formal_baseline_aggregate_sha256","0b4c6106bde7e2a62b1ffd6a0df7246ded62177d941c7fb9303a2cbac62f92bf","97ebb17a2518e3a43b18a382dcfc879c1f5e2b08118a6149c8fa984e65017453","true"
"AWS-SIGN-0288","notes","只授权此 PK 按冻结来源行执行 write_action；除 review_status 外，写入语义列必须与 source_path 中该 PK 完全一致。package_review、independent_signoff 与 freeze_binding_status 由本签字和三项冻结哈希闭合。","只授权此 PK 按冻结来源行执行 write_action；除 review_status 外，写入语义列必须与 source_path 中该 PK 完全一致。package_review、independent_signoff 与 freeze_binding_status 由本签字和三项冻结哈希闭合。rebase_binding=AWS-SIGNOFF-REBASE-GOOGLE-SOURCE-GATE-20260813","true"
"AWS-SIGN-0289","formal_baseline_aggregate_sha256","0b4c6106bde7e2a62b1ffd6a0df7246ded62177d941c7fb9303a2cbac62f92bf","97ebb17a2518e3a43b18a382dcfc879c1f5e2b08118a6149c8fa984e65017453","true"
"AWS-SIGN-0289","notes","只授权此 PK 按冻结来源行执行 write_action；除 review_status 外，写入语义列必须与 source_path 中该 PK 完全一致。package_review、independent_signoff 与 freeze_binding_status 由本签字和三项冻结哈希闭合。","只授权此 PK 按冻结来源行执行 write_action；除 review_status 外，写入语义列必须与 source_path 中该 PK 完全一致。package_review、independent_signoff 与 freeze_binding_status 由本签字和三项冻结哈希闭合。rebase_binding=AWS-SIGNOFF-REBASE-GOOGLE-SOURCE-GATE-20260813","true"
"AWS-SIGN-0290","formal_baseline_aggregate_sha256","0b4c6106bde7e2a62b1ffd6a0df7246ded62177d941c7fb9303a2cbac62f92bf","97ebb17a2518e3a43b18a382dcfc879c1f5e2b08118a6149c8fa984e65017453","true"
"AWS-SIGN-0290","notes","只授权此 PK 按冻结来源行执行 write_action；除 review_status 外，写入语义列必须与 source_path 中该 PK 完全一致。package_review、independent_signoff 与 freeze_binding_status 由本签字和三项冻结哈希闭合。","只授权此 PK 按冻结来源行执行 write_action；除 review_status 外，写入语义列必须与 source_path 中该 PK 完全一致。package_review、independent_signoff 与 freeze_binding_status 由本签字和三项冻结哈希闭合。rebase_binding=AWS-SIGNOFF-REBASE-GOOGLE-SOURCE-GATE-20260813","true"
"AWS-SIGN-0291","formal_baseline_aggregate_sha256","0b4c6106bde7e2a62b1ffd6a0df7246ded62177d941c7fb9303a2cbac62f92bf","97ebb17a2518e3a43b18a382dcfc879c1f5e2b08118a6149c8fa984e65017453","true"
"AWS-SIGN-0291","notes","只授权此 PK 按冻结来源行执行 write_action；除 review_status 外，写入语义列必须与 source_path 中该 PK 完全一致。package_review、independent_signoff 与 freeze_binding_status 由本签字和三项冻结哈希闭合。","只授权此 PK 按冻结来源行执行 write_action；除 review_status 外，写入语义列必须与 source_path 中该 PK 完全一致。package_review、independent_signoff 与 freeze_binding_status 由本签字和三项冻结哈希闭合。rebase_binding=AWS-SIGNOFF-REBASE-GOOGLE-SOURCE-GATE-20260813","true"
"AWS-SIGN-0292","formal_baseline_aggregate_sha256","0b4c6106bde7e2a62b1ffd6a0df7246ded62177d941c7fb9303a2cbac62f92bf","97ebb17a2518e3a43b18a382dcfc879c1f5e2b08118a6149c8fa984e65017453","true"
"AWS-SIGN-0292","notes","只授权此 PK 按冻结来源行执行 write_action；除 review_status 外，写入语义列必须与 source_path 中该 PK 完全一致。package_review、independent_signoff 与 freeze_binding_status 由本签字和三项冻结哈希闭合。","只授权此 PK 按冻结来源行执行 write_action；除 review_status 外，写入语义列必须与 source_path 中该 PK 完全一致。package_review、independent_signoff 与 freeze_binding_status 由本签字和三项冻结哈希闭合。rebase_binding=AWS-SIGNOFF-REBASE-GOOGLE-SOURCE-GATE-20260813","true"
"AWS-SIGN-0293","formal_baseline_aggregate_sha256","0b4c6106bde7e2a62b1ffd6a0df7246ded62177d941c7fb9303a2cbac62f92bf","97ebb17a2518e3a43b18a382dcfc879c1f5e2b08118a6149c8fa984e65017453","true"
"AWS-SIGN-0293","notes","只授权此 PK 按冻结来源行执行 write_action；除 review_status 外，写入语义列必须与 source_path 中该 PK 完全一致。package_review、independent_signoff 与 freeze_binding_status 由本签字和三项冻结哈希闭合。","只授权此 PK 按冻结来源行执行 write_action；除 review_status 外，写入语义列必须与 source_path 中该 PK 完全一致。package_review、independent_signoff 与 freeze_binding_status 由本签字和三项冻结哈希闭合。rebase_binding=AWS-SIGNOFF-REBASE-GOOGLE-SOURCE-GATE-20260813","true"
"AWS-SIGN-0294","formal_baseline_aggregate_sha256","0b4c6106bde7e2a62b1ffd6a0df7246ded62177d941c7fb9303a2cbac62f92bf","97ebb17a2518e3a43b18a382dcfc879c1f5e2b08118a6149c8fa984e65017453","true"
"AWS-SIGN-0294","notes","只授权此 PK 按冻结来源行执行 write_action；除 review_status 外，写入语义列必须与 source_path 中该 PK 完全一致。package_review、independent_signoff 与 freeze_binding_status 由本签字和三项冻结哈希闭合。","只授权此 PK 按冻结来源行执行 write_action；除 review_status 外，写入语义列必须与 source_path 中该 PK 完全一致。package_review、independent_signoff 与 freeze_binding_status 由本签字和三项冻结哈希闭合。rebase_binding=AWS-SIGNOFF-REBASE-GOOGLE-SOURCE-GATE-20260813","true"
"AWS-SIGN-0295","formal_baseline_aggregate_sha256","0b4c6106bde7e2a62b1ffd6a0df7246ded62177d941c7fb9303a2cbac62f92bf","97ebb17a2518e3a43b18a382dcfc879c1f5e2b08118a6149c8fa984e65017453","true"
"AWS-SIGN-0295","notes","只授权此 PK 按冻结来源行执行 write_action；除 review_status 外，写入语义列必须与 source_path 中该 PK 完全一致。package_review、independent_signoff 与 freeze_binding_status 由本签字和三项冻结哈希闭合。","只授权此 PK 按冻结来源行执行 write_action；除 review_status 外，写入语义列必须与 source_path 中该 PK 完全一致。package_review、independent_signoff 与 freeze_binding_status 由本签字和三项冻结哈希闭合。rebase_binding=AWS-SIGNOFF-REBASE-GOOGLE-SOURCE-GATE-20260813","true"
"AWS-SIGN-0296","formal_baseline_aggregate_sha256","0b4c6106bde7e2a62b1ffd6a0df7246ded62177d941c7fb9303a2cbac62f92bf","97ebb17a2518e3a43b18a382dcfc879c1f5e2b08118a6149c8fa984e65017453","true"
"AWS-SIGN-0296","notes","只授权此 PK 按冻结来源行执行 write_action；除 review_status 外，写入语义列必须与 source_path 中该 PK 完全一致。package_review、independent_signoff 与 freeze_binding_status 由本签字和三项冻结哈希闭合。","只授权此 PK 按冻结来源行执行 write_action；除 review_status 外，写入语义列必须与 source_path 中该 PK 完全一致。package_review、independent_signoff 与 freeze_binding_status 由本签字和三项冻结哈希闭合。rebase_binding=AWS-SIGNOFF-REBASE-GOOGLE-SOURCE-GATE-20260813","true"
"AWS-SIGN-0297","formal_baseline_aggregate_sha256","0b4c6106bde7e2a62b1ffd6a0df7246ded62177d941c7fb9303a2cbac62f92bf","97ebb17a2518e3a43b18a382dcfc879c1f5e2b08118a6149c8fa984e65017453","true"
"AWS-SIGN-0297","notes","只授权此 PK 按冻结来源行执行 write_action；除 review_status 外，写入语义列必须与 source_path 中该 PK 完全一致。package_review、independent_signoff 与 freeze_binding_status 由本签字和三项冻结哈希闭合。","只授权此 PK 按冻结来源行执行 write_action；除 review_status 外，写入语义列必须与 source_path 中该 PK 完全一致。package_review、independent_signoff 与 freeze_binding_status 由本签字和三项冻结哈希闭合。rebase_binding=AWS-SIGNOFF-REBASE-GOOGLE-SOURCE-GATE-20260813","true"
"AWS-SIGN-0298","formal_baseline_aggregate_sha256","0b4c6106bde7e2a62b1ffd6a0df7246ded62177d941c7fb9303a2cbac62f92bf","97ebb17a2518e3a43b18a382dcfc879c1f5e2b08118a6149c8fa984e65017453","true"
"AWS-SIGN-0298","notes","只授权此 PK 按冻结来源行执行 write_action；除 review_status 外，写入语义列必须与 source_path 中该 PK 完全一致。package_review、independent_signoff 与 freeze_binding_status 由本签字和三项冻结哈希闭合。","只授权此 PK 按冻结来源行执行 write_action；除 review_status 外，写入语义列必须与 source_path 中该 PK 完全一致。package_review、independent_signoff 与 freeze_binding_status 由本签字和三项冻结哈希闭合。rebase_binding=AWS-SIGNOFF-REBASE-GOOGLE-SOURCE-GATE-20260813","true"
"AWS-SIGN-0299","formal_baseline_aggregate_sha256","0b4c6106bde7e2a62b1ffd6a0df7246ded62177d941c7fb9303a2cbac62f92bf","97ebb17a2518e3a43b18a382dcfc879c1f5e2b08118a6149c8fa984e65017453","true"
"AWS-SIGN-0299","notes","只授权此 PK 按冻结来源行执行 write_action；除 review_status 外，写入语义列必须与 source_path 中该 PK 完全一致。package_review、independent_signoff 与 freeze_binding_status 由本签字和三项冻结哈希闭合。","只授权此 PK 按冻结来源行执行 write_action；除 review_status 外，写入语义列必须与 source_path 中该 PK 完全一致。package_review、independent_signoff 与 freeze_binding_status 由本签字和三项冻结哈希闭合。rebase_binding=AWS-SIGNOFF-REBASE-GOOGLE-SOURCE-GATE-20260813","true"
"AWS-SIGN-0300","formal_baseline_aggregate_sha256","0b4c6106bde7e2a62b1ffd6a0df7246ded62177d941c7fb9303a2cbac62f92bf","97ebb17a2518e3a43b18a382dcfc879c1f5e2b08118a6149c8fa984e65017453","true"
"AWS-SIGN-0300","notes","只授权此 PK 按冻结来源行执行 write_action；除 review_status 外，写入语义列必须与 source_path 中该 PK 完全一致。package_review、independent_signoff 与 freeze_binding_status 由本签字和三项冻结哈希闭合。","只授权此 PK 按冻结来源行执行 write_action；除 review_status 外，写入语义列必须与 source_path 中该 PK 完全一致。package_review、independent_signoff 与 freeze_binding_status 由本签字和三项冻结哈希闭合。rebase_binding=AWS-SIGNOFF-REBASE-GOOGLE-SOURCE-GATE-20260813","true"
"AWS-SIGN-0301","formal_baseline_aggregate_sha256","0b4c6106bde7e2a62b1ffd6a0df7246ded62177d941c7fb9303a2cbac62f92bf","97ebb17a2518e3a43b18a382dcfc879c1f5e2b08118a6149c8fa984e65017453","true"
"AWS-SIGN-0301","notes","只授权此 PK 按冻结来源行执行 write_action；除 review_status 外，写入语义列必须与 source_path 中该 PK 完全一致。package_review、independent_signoff 与 freeze_binding_status 由本签字和三项冻结哈希闭合。","只授权此 PK 按冻结来源行执行 write_action；除 review_status 外，写入语义列必须与 source_path 中该 PK 完全一致。package_review、independent_signoff 与 freeze_binding_status 由本签字和三项冻结哈希闭合。rebase_binding=AWS-SIGNOFF-REBASE-GOOGLE-SOURCE-GATE-20260813","true"
"AWS-SIGN-0302","formal_baseline_aggregate_sha256","0b4c6106bde7e2a62b1ffd6a0df7246ded62177d941c7fb9303a2cbac62f92bf","97ebb17a2518e3a43b18a382dcfc879c1f5e2b08118a6149c8fa984e65017453","true"
"AWS-SIGN-0302","notes","只授权此 PK 按冻结来源行执行 write_action；除 review_status 外，写入语义列必须与 source_path 中该 PK 完全一致。package_review、independent_signoff 与 freeze_binding_status 由本签字和三项冻结哈希闭合。","只授权此 PK 按冻结来源行执行 write_action；除 review_status 外，写入语义列必须与 source_path 中该 PK 完全一致。package_review、independent_signoff 与 freeze_binding_status 由本签字和三项冻结哈希闭合。rebase_binding=AWS-SIGNOFF-REBASE-GOOGLE-SOURCE-GATE-20260813","true"
"AWS-SIGN-0303","formal_baseline_aggregate_sha256","0b4c6106bde7e2a62b1ffd6a0df7246ded62177d941c7fb9303a2cbac62f92bf","97ebb17a2518e3a43b18a382dcfc879c1f5e2b08118a6149c8fa984e65017453","true"
"AWS-SIGN-0303","notes","只授权此 PK 按冻结来源行执行 write_action；除 review_status 外，写入语义列必须与 source_path 中该 PK 完全一致。package_review、independent_signoff 与 freeze_binding_status 由本签字和三项冻结哈希闭合。","只授权此 PK 按冻结来源行执行 write_action；除 review_status 外，写入语义列必须与 source_path 中该 PK 完全一致。package_review、independent_signoff 与 freeze_binding_status 由本签字和三项冻结哈希闭合。rebase_binding=AWS-SIGNOFF-REBASE-GOOGLE-SOURCE-GATE-20260813","true"
"AWS-SIGN-0304","formal_baseline_aggregate_sha256","0b4c6106bde7e2a62b1ffd6a0df7246ded62177d941c7fb9303a2cbac62f92bf","97ebb17a2518e3a43b18a382dcfc879c1f5e2b08118a6149c8fa984e65017453","true"
"AWS-SIGN-0304","notes","只授权此 PK 按冻结来源行执行 write_action；除 review_status 外，写入语义列必须与 source_path 中该 PK 完全一致。package_review、independent_signoff 与 freeze_binding_status 由本签字和三项冻结哈希闭合。","只授权此 PK 按冻结来源行执行 write_action；除 review_status 外，写入语义列必须与 source_path 中该 PK 完全一致。package_review、independent_signoff 与 freeze_binding_status 由本签字和三项冻结哈希闭合。rebase_binding=AWS-SIGNOFF-REBASE-GOOGLE-SOURCE-GATE-20260813","true"
"AWS-SIGN-0305","formal_baseline_aggregate_sha256","0b4c6106bde7e2a62b1ffd6a0df7246ded62177d941c7fb9303a2cbac62f92bf","97ebb17a2518e3a43b18a382dcfc879c1f5e2b08118a6149c8fa984e65017453","true"
"AWS-SIGN-0305","notes","只授权此 PK 按冻结来源行执行 write_action；除 review_status 外，写入语义列必须与 source_path 中该 PK 完全一致。package_review、independent_signoff 与 freeze_binding_status 由本签字和三项冻结哈希闭合。","只授权此 PK 按冻结来源行执行 write_action；除 review_status 外，写入语义列必须与 source_path 中该 PK 完全一致。package_review、independent_signoff 与 freeze_binding_status 由本签字和三项冻结哈希闭合。rebase_binding=AWS-SIGNOFF-REBASE-GOOGLE-SOURCE-GATE-20260813","true"
"AWS-SIGN-0306","formal_baseline_aggregate_sha256","0b4c6106bde7e2a62b1ffd6a0df7246ded62177d941c7fb9303a2cbac62f92bf","97ebb17a2518e3a43b18a382dcfc879c1f5e2b08118a6149c8fa984e65017453","true"
"AWS-SIGN-0306","notes","只授权此 PK 按冻结来源行执行 write_action；除 review_status 外，写入语义列必须与 source_path 中该 PK 完全一致。package_review、independent_signoff 与 freeze_binding_status 由本签字和三项冻结哈希闭合。","只授权此 PK 按冻结来源行执行 write_action；除 review_status 外，写入语义列必须与 source_path 中该 PK 完全一致。package_review、independent_signoff 与 freeze_binding_status 由本签字和三项冻结哈希闭合。rebase_binding=AWS-SIGNOFF-REBASE-GOOGLE-SOURCE-GATE-20260813","true"
"AWS-SIGN-0307","formal_baseline_aggregate_sha256","0b4c6106bde7e2a62b1ffd6a0df7246ded62177d941c7fb9303a2cbac62f92bf","97ebb17a2518e3a43b18a382dcfc879c1f5e2b08118a6149c8fa984e65017453","true"
"AWS-SIGN-0307","notes","只授权此 PK 按冻结来源行执行 write_action；除 review_status 外，写入语义列必须与 source_path 中该 PK 完全一致。package_review、independent_signoff 与 freeze_binding_status 由本签字和三项冻结哈希闭合。","只授权此 PK 按冻结来源行执行 write_action；除 review_status 外，写入语义列必须与 source_path 中该 PK 完全一致。package_review、independent_signoff 与 freeze_binding_status 由本签字和三项冻结哈希闭合。rebase_binding=AWS-SIGNOFF-REBASE-GOOGLE-SOURCE-GATE-20260813","true"
"AWS-SIGN-0308","formal_baseline_aggregate_sha256","0b4c6106bde7e2a62b1ffd6a0df7246ded62177d941c7fb9303a2cbac62f92bf","97ebb17a2518e3a43b18a382dcfc879c1f5e2b08118a6149c8fa984e65017453","true"
"AWS-SIGN-0308","notes","只授权此 PK 按冻结来源行执行 write_action；除 review_status 外，写入语义列必须与 source_path 中该 PK 完全一致。package_review、independent_signoff 与 freeze_binding_status 由本签字和三项冻结哈希闭合。","只授权此 PK 按冻结来源行执行 write_action；除 review_status 外，写入语义列必须与 source_path 中该 PK 完全一致。package_review、independent_signoff 与 freeze_binding_status 由本签字和三项冻结哈希闭合。rebase_binding=AWS-SIGNOFF-REBASE-GOOGLE-SOURCE-GATE-20260813","true"
"AWS-SIGN-0309","formal_baseline_aggregate_sha256","0b4c6106bde7e2a62b1ffd6a0df7246ded62177d941c7fb9303a2cbac62f92bf","97ebb17a2518e3a43b18a382dcfc879c1f5e2b08118a6149c8fa984e65017453","true"
"AWS-SIGN-0309","notes","只授权此 PK 按冻结来源行执行 write_action；除 review_status 外，写入语义列必须与 source_path 中该 PK 完全一致。package_review、independent_signoff 与 freeze_binding_status 由本签字和三项冻结哈希闭合。","只授权此 PK 按冻结来源行执行 write_action；除 review_status 外，写入语义列必须与 source_path 中该 PK 完全一致。package_review、independent_signoff 与 freeze_binding_status 由本签字和三项冻结哈希闭合。rebase_binding=AWS-SIGNOFF-REBASE-GOOGLE-SOURCE-GATE-20260813","true"
"AWS-SIGN-0310","formal_baseline_aggregate_sha256","0b4c6106bde7e2a62b1ffd6a0df7246ded62177d941c7fb9303a2cbac62f92bf","97ebb17a2518e3a43b18a382dcfc879c1f5e2b08118a6149c8fa984e65017453","true"
"AWS-SIGN-0310","notes","只授权此 PK 按冻结来源行执行 write_action；除 review_status 外，写入语义列必须与 source_path 中该 PK 完全一致。package_review、independent_signoff 与 freeze_binding_status 由本签字和三项冻结哈希闭合。","只授权此 PK 按冻结来源行执行 write_action；除 review_status 外，写入语义列必须与 source_path 中该 PK 完全一致。package_review、independent_signoff 与 freeze_binding_status 由本签字和三项冻结哈希闭合。rebase_binding=AWS-SIGNOFF-REBASE-GOOGLE-SOURCE-GATE-20260813","true"
"AWS-SIGN-0311","formal_baseline_aggregate_sha256","0b4c6106bde7e2a62b1ffd6a0df7246ded62177d941c7fb9303a2cbac62f92bf","97ebb17a2518e3a43b18a382dcfc879c1f5e2b08118a6149c8fa984e65017453","true"
"AWS-SIGN-0311","notes","只授权此 PK 按冻结来源行执行 write_action；除 review_status 外，写入语义列必须与 source_path 中该 PK 完全一致。package_review、independent_signoff 与 freeze_binding_status 由本签字和三项冻结哈希闭合。","只授权此 PK 按冻结来源行执行 write_action；除 review_status 外，写入语义列必须与 source_path 中该 PK 完全一致。package_review、independent_signoff 与 freeze_binding_status 由本签字和三项冻结哈希闭合。rebase_binding=AWS-SIGNOFF-REBASE-GOOGLE-SOURCE-GATE-20260813","true"
"AWS-SIGN-0312","formal_baseline_aggregate_sha256","0b4c6106bde7e2a62b1ffd6a0df7246ded62177d941c7fb9303a2cbac62f92bf","97ebb17a2518e3a43b18a382dcfc879c1f5e2b08118a6149c8fa984e65017453","true"
"AWS-SIGN-0312","notes","只授权此 PK 按冻结来源行执行 write_action；除 review_status 外，写入语义列必须与 source_path 中该 PK 完全一致。package_review、independent_signoff 与 freeze_binding_status 由本签字和三项冻结哈希闭合。","只授权此 PK 按冻结来源行执行 write_action；除 review_status 外，写入语义列必须与 source_path 中该 PK 完全一致。package_review、independent_signoff 与 freeze_binding_status 由本签字和三项冻结哈希闭合。rebase_binding=AWS-SIGNOFF-REBASE-GOOGLE-SOURCE-GATE-20260813","true"
"AWS-SIGN-0313","formal_baseline_aggregate_sha256","0b4c6106bde7e2a62b1ffd6a0df7246ded62177d941c7fb9303a2cbac62f92bf","97ebb17a2518e3a43b18a382dcfc879c1f5e2b08118a6149c8fa984e65017453","true"
"AWS-SIGN-0313","notes","只授权此 PK 按冻结来源行执行 write_action；除 review_status 外，写入语义列必须与 source_path 中该 PK 完全一致。package_review、independent_signoff 与 freeze_binding_status 由本签字和三项冻结哈希闭合。","只授权此 PK 按冻结来源行执行 write_action；除 review_status 外，写入语义列必须与 source_path 中该 PK 完全一致。package_review、independent_signoff 与 freeze_binding_status 由本签字和三项冻结哈希闭合。rebase_binding=AWS-SIGNOFF-REBASE-GOOGLE-SOURCE-GATE-20260813","true"
"AWS-SIGN-0314","formal_baseline_aggregate_sha256","0b4c6106bde7e2a62b1ffd6a0df7246ded62177d941c7fb9303a2cbac62f92bf","97ebb17a2518e3a43b18a382dcfc879c1f5e2b08118a6149c8fa984e65017453","true"
"AWS-SIGN-0314","notes","只授权此 PK 按冻结来源行执行 write_action；除 review_status 外，写入语义列必须与 source_path 中该 PK 完全一致。package_review、independent_signoff 与 freeze_binding_status 由本签字和三项冻结哈希闭合。","只授权此 PK 按冻结来源行执行 write_action；除 review_status 外，写入语义列必须与 source_path 中该 PK 完全一致。package_review、independent_signoff 与 freeze_binding_status 由本签字和三项冻结哈希闭合。rebase_binding=AWS-SIGNOFF-REBASE-GOOGLE-SOURCE-GATE-20260813","true"
"AWS-SIGN-0315","formal_baseline_aggregate_sha256","0b4c6106bde7e2a62b1ffd6a0df7246ded62177d941c7fb9303a2cbac62f92bf","97ebb17a2518e3a43b18a382dcfc879c1f5e2b08118a6149c8fa984e65017453","true"
"AWS-SIGN-0315","notes","只授权此 PK 按冻结来源行执行 write_action；除 review_status 外，写入语义列必须与 source_path 中该 PK 完全一致。package_review、independent_signoff 与 freeze_binding_status 由本签字和三项冻结哈希闭合。","只授权此 PK 按冻结来源行执行 write_action；除 review_status 外，写入语义列必须与 source_path 中该 PK 完全一致。package_review、independent_signoff 与 freeze_binding_status 由本签字和三项冻结哈希闭合。rebase_binding=AWS-SIGNOFF-REBASE-GOOGLE-SOURCE-GATE-20260813","true"
"AWS-SIGN-0316","formal_baseline_aggregate_sha256","0b4c6106bde7e2a62b1ffd6a0df7246ded62177d941c7fb9303a2cbac62f92bf","97ebb17a2518e3a43b18a382dcfc879c1f5e2b08118a6149c8fa984e65017453","true"
"AWS-SIGN-0316","notes","只授权此 PK 按冻结来源行执行 write_action；除 review_status 外，写入语义列必须与 source_path 中该 PK 完全一致。package_review、independent_signoff 与 freeze_binding_status 由本签字和三项冻结哈希闭合。","只授权此 PK 按冻结来源行执行 write_action；除 review_status 外，写入语义列必须与 source_path 中该 PK 完全一致。package_review、independent_signoff 与 freeze_binding_status 由本签字和三项冻结哈希闭合。rebase_binding=AWS-SIGNOFF-REBASE-GOOGLE-SOURCE-GATE-20260813","true"
"AWS-SIGN-0317","formal_baseline_aggregate_sha256","0b4c6106bde7e2a62b1ffd6a0df7246ded62177d941c7fb9303a2cbac62f92bf","97ebb17a2518e3a43b18a382dcfc879c1f5e2b08118a6149c8fa984e65017453","true"
"AWS-SIGN-0317","notes","只授权此 PK 按冻结来源行执行 write_action；除 review_status 外，写入语义列必须与 source_path 中该 PK 完全一致。package_review、independent_signoff 与 freeze_binding_status 由本签字和三项冻结哈希闭合。","只授权此 PK 按冻结来源行执行 write_action；除 review_status 外，写入语义列必须与 source_path 中该 PK 完全一致。package_review、independent_signoff 与 freeze_binding_status 由本签字和三项冻结哈希闭合。rebase_binding=AWS-SIGNOFF-REBASE-GOOGLE-SOURCE-GATE-20260813","true"
"AWS-SIGN-0318","formal_baseline_aggregate_sha256","0b4c6106bde7e2a62b1ffd6a0df7246ded62177d941c7fb9303a2cbac62f92bf","97ebb17a2518e3a43b18a382dcfc879c1f5e2b08118a6149c8fa984e65017453","true"
"AWS-SIGN-0318","notes","只授权此 PK 按冻结来源行执行 write_action；除 review_status 外，写入语义列必须与 source_path 中该 PK 完全一致。package_review、independent_signoff 与 freeze_binding_status 由本签字和三项冻结哈希闭合。","只授权此 PK 按冻结来源行执行 write_action；除 review_status 外，写入语义列必须与 source_path 中该 PK 完全一致。package_review、independent_signoff 与 freeze_binding_status 由本签字和三项冻结哈希闭合。rebase_binding=AWS-SIGNOFF-REBASE-GOOGLE-SOURCE-GATE-20260813","true"
"AWS-SIGN-0319","formal_baseline_aggregate_sha256","0b4c6106bde7e2a62b1ffd6a0df7246ded62177d941c7fb9303a2cbac62f92bf","97ebb17a2518e3a43b18a382dcfc879c1f5e2b08118a6149c8fa984e65017453","true"
"AWS-SIGN-0319","notes","只授权此 PK 按冻结来源行执行 write_action；除 review_status 外，写入语义列必须与 source_path 中该 PK 完全一致。package_review、independent_signoff 与 freeze_binding_status 由本签字和三项冻结哈希闭合。","只授权此 PK 按冻结来源行执行 write_action；除 review_status 外，写入语义列必须与 source_path 中该 PK 完全一致。package_review、independent_signoff 与 freeze_binding_status 由本签字和三项冻结哈希闭合。rebase_binding=AWS-SIGNOFF-REBASE-GOOGLE-SOURCE-GATE-20260813","true"
"AWS-SIGN-0320","formal_baseline_aggregate_sha256","0b4c6106bde7e2a62b1ffd6a0df7246ded62177d941c7fb9303a2cbac62f92bf","97ebb17a2518e3a43b18a382dcfc879c1f5e2b08118a6149c8fa984e65017453","true"
"AWS-SIGN-0320","notes","只授权此 PK 按冻结来源行执行 write_action；除 review_status 外，写入语义列必须与 source_path 中该 PK 完全一致。package_review、independent_signoff 与 freeze_binding_status 由本签字和三项冻结哈希闭合。","只授权此 PK 按冻结来源行执行 write_action；除 review_status 外，写入语义列必须与 source_path 中该 PK 完全一致。package_review、independent_signoff 与 freeze_binding_status 由本签字和三项冻结哈希闭合。rebase_binding=AWS-SIGNOFF-REBASE-GOOGLE-SOURCE-GATE-20260813","true"
"AWS-SIGN-0321","formal_baseline_aggregate_sha256","0b4c6106bde7e2a62b1ffd6a0df7246ded62177d941c7fb9303a2cbac62f92bf","97ebb17a2518e3a43b18a382dcfc879c1f5e2b08118a6149c8fa984e65017453","true"
"AWS-SIGN-0321","notes","只授权此 PK 按冻结来源行执行 write_action；除 review_status 外，写入语义列必须与 source_path 中该 PK 完全一致。package_review、independent_signoff 与 freeze_binding_status 由本签字和三项冻结哈希闭合。","只授权此 PK 按冻结来源行执行 write_action；除 review_status 外，写入语义列必须与 source_path 中该 PK 完全一致。package_review、independent_signoff 与 freeze_binding_status 由本签字和三项冻结哈希闭合。rebase_binding=AWS-SIGNOFF-REBASE-GOOGLE-SOURCE-GATE-20260813","true"
"AWS-SIGN-0322","formal_baseline_aggregate_sha256","0b4c6106bde7e2a62b1ffd6a0df7246ded62177d941c7fb9303a2cbac62f92bf","97ebb17a2518e3a43b18a382dcfc879c1f5e2b08118a6149c8fa984e65017453","true"
"AWS-SIGN-0322","notes","只授权此 PK 按冻结来源行执行 write_action；除 review_status 外，写入语义列必须与 source_path 中该 PK 完全一致。package_review、independent_signoff 与 freeze_binding_status 由本签字和三项冻结哈希闭合。","只授权此 PK 按冻结来源行执行 write_action；除 review_status 外，写入语义列必须与 source_path 中该 PK 完全一致。package_review、independent_signoff 与 freeze_binding_status 由本签字和三项冻结哈希闭合。rebase_binding=AWS-SIGNOFF-REBASE-GOOGLE-SOURCE-GATE-20260813","true"
"AWS-SIGN-0323","formal_baseline_aggregate_sha256","0b4c6106bde7e2a62b1ffd6a0df7246ded62177d941c7fb9303a2cbac62f92bf","97ebb17a2518e3a43b18a382dcfc879c1f5e2b08118a6149c8fa984e65017453","true"
"AWS-SIGN-0323","notes","只授权此 PK 按冻结来源行执行 write_action；除 review_status 外，写入语义列必须与 source_path 中该 PK 完全一致。package_review、independent_signoff 与 freeze_binding_status 由本签字和三项冻结哈希闭合。","只授权此 PK 按冻结来源行执行 write_action；除 review_status 外，写入语义列必须与 source_path 中该 PK 完全一致。package_review、independent_signoff 与 freeze_binding_status 由本签字和三项冻结哈希闭合。rebase_binding=AWS-SIGNOFF-REBASE-GOOGLE-SOURCE-GATE-20260813","true"
"AWS-SIGN-0324","formal_baseline_aggregate_sha256","0b4c6106bde7e2a62b1ffd6a0df7246ded62177d941c7fb9303a2cbac62f92bf","97ebb17a2518e3a43b18a382dcfc879c1f5e2b08118a6149c8fa984e65017453","true"
"AWS-SIGN-0324","notes","只授权此 PK 按冻结来源行执行 write_action；除 review_status 外，写入语义列必须与 source_path 中该 PK 完全一致。package_review、independent_signoff 与 freeze_binding_status 由本签字和三项冻结哈希闭合。","只授权此 PK 按冻结来源行执行 write_action；除 review_status 外，写入语义列必须与 source_path 中该 PK 完全一致。package_review、independent_signoff 与 freeze_binding_status 由本签字和三项冻结哈希闭合。rebase_binding=AWS-SIGNOFF-REBASE-GOOGLE-SOURCE-GATE-20260813","true"
"AWS-SIGN-0325","formal_baseline_aggregate_sha256","0b4c6106bde7e2a62b1ffd6a0df7246ded62177d941c7fb9303a2cbac62f92bf","97ebb17a2518e3a43b18a382dcfc879c1f5e2b08118a6149c8fa984e65017453","true"
"AWS-SIGN-0325","notes","只授权此 PK 按冻结来源行执行 write_action；除 review_status 外，写入语义列必须与 source_path 中该 PK 完全一致。package_review、independent_signoff 与 freeze_binding_status 由本签字和三项冻结哈希闭合。","只授权此 PK 按冻结来源行执行 write_action；除 review_status 外，写入语义列必须与 source_path 中该 PK 完全一致。package_review、independent_signoff 与 freeze_binding_status 由本签字和三项冻结哈希闭合。rebase_binding=AWS-SIGNOFF-REBASE-GOOGLE-SOURCE-GATE-20260813","true"
"AWS-SIGN-0326","formal_baseline_aggregate_sha256","0b4c6106bde7e2a62b1ffd6a0df7246ded62177d941c7fb9303a2cbac62f92bf","97ebb17a2518e3a43b18a382dcfc879c1f5e2b08118a6149c8fa984e65017453","true"
"AWS-SIGN-0326","notes","只授权此 PK 按冻结来源行执行 write_action；除 review_status 外，写入语义列必须与 source_path 中该 PK 完全一致。package_review、independent_signoff 与 freeze_binding_status 由本签字和三项冻结哈希闭合。","只授权此 PK 按冻结来源行执行 write_action；除 review_status 外，写入语义列必须与 source_path 中该 PK 完全一致。package_review、independent_signoff 与 freeze_binding_status 由本签字和三项冻结哈希闭合。rebase_binding=AWS-SIGNOFF-REBASE-GOOGLE-SOURCE-GATE-20260813","true"
"AWS-SIGN-0327","formal_baseline_aggregate_sha256","0b4c6106bde7e2a62b1ffd6a0df7246ded62177d941c7fb9303a2cbac62f92bf","97ebb17a2518e3a43b18a382dcfc879c1f5e2b08118a6149c8fa984e65017453","true"
"AWS-SIGN-0327","notes","只授权此 PK 按冻结来源行执行 write_action；除 review_status 外，写入语义列必须与 source_path 中该 PK 完全一致。package_review、independent_signoff 与 freeze_binding_status 由本签字和三项冻结哈希闭合。","只授权此 PK 按冻结来源行执行 write_action；除 review_status 外，写入语义列必须与 source_path 中该 PK 完全一致。package_review、independent_signoff 与 freeze_binding_status 由本签字和三项冻结哈希闭合。rebase_binding=AWS-SIGNOFF-REBASE-GOOGLE-SOURCE-GATE-20260813","true"
"AWS-SIGN-0328","formal_baseline_aggregate_sha256","0b4c6106bde7e2a62b1ffd6a0df7246ded62177d941c7fb9303a2cbac62f92bf","97ebb17a2518e3a43b18a382dcfc879c1f5e2b08118a6149c8fa984e65017453","true"
"AWS-SIGN-0328","notes","只授权此 PK 按冻结来源行执行 write_action；除 review_status 外，写入语义列必须与 source_path 中该 PK 完全一致。package_review、independent_signoff 与 freeze_binding_status 由本签字和三项冻结哈希闭合。","只授权此 PK 按冻结来源行执行 write_action；除 review_status 外，写入语义列必须与 source_path 中该 PK 完全一致。package_review、independent_signoff 与 freeze_binding_status 由本签字和三项冻结哈希闭合。rebase_binding=AWS-SIGNOFF-REBASE-GOOGLE-SOURCE-GATE-20260813","true"
"AWS-SIGN-0329","formal_baseline_aggregate_sha256","0b4c6106bde7e2a62b1ffd6a0df7246ded62177d941c7fb9303a2cbac62f92bf","97ebb17a2518e3a43b18a382dcfc879c1f5e2b08118a6149c8fa984e65017453","true"
"AWS-SIGN-0329","notes","只授权此 PK 按冻结来源行执行 write_action；除 review_status 外，写入语义列必须与 source_path 中该 PK 完全一致。package_review、independent_signoff 与 freeze_binding_status 由本签字和三项冻结哈希闭合。","只授权此 PK 按冻结来源行执行 write_action；除 review_status 外，写入语义列必须与 source_path 中该 PK 完全一致。package_review、independent_signoff 与 freeze_binding_status 由本签字和三项冻结哈希闭合。rebase_binding=AWS-SIGNOFF-REBASE-GOOGLE-SOURCE-GATE-20260813","true"
"AWS-SIGN-0330","formal_baseline_aggregate_sha256","0b4c6106bde7e2a62b1ffd6a0df7246ded62177d941c7fb9303a2cbac62f92bf","97ebb17a2518e3a43b18a382dcfc879c1f5e2b08118a6149c8fa984e65017453","true"
"AWS-SIGN-0330","notes","只授权此 PK 按冻结来源行执行 write_action；除 review_status 外，写入语义列必须与 source_path 中该 PK 完全一致。package_review、independent_signoff 与 freeze_binding_status 由本签字和三项冻结哈希闭合。","只授权此 PK 按冻结来源行执行 write_action；除 review_status 外，写入语义列必须与 source_path 中该 PK 完全一致。package_review、independent_signoff 与 freeze_binding_status 由本签字和三项冻结哈希闭合。rebase_binding=AWS-SIGNOFF-REBASE-GOOGLE-SOURCE-GATE-20260813","true"
"AWS-SIGN-0331","formal_baseline_aggregate_sha256","0b4c6106bde7e2a62b1ffd6a0df7246ded62177d941c7fb9303a2cbac62f92bf","97ebb17a2518e3a43b18a382dcfc879c1f5e2b08118a6149c8fa984e65017453","true"
"AWS-SIGN-0331","notes","只授权此 PK 按冻结来源行执行 write_action；除 review_status 外，写入语义列必须与 source_path 中该 PK 完全一致。package_review、independent_signoff 与 freeze_binding_status 由本签字和三项冻结哈希闭合。","只授权此 PK 按冻结来源行执行 write_action；除 review_status 外，写入语义列必须与 source_path 中该 PK 完全一致。package_review、independent_signoff 与 freeze_binding_status 由本签字和三项冻结哈希闭合。rebase_binding=AWS-SIGNOFF-REBASE-GOOGLE-SOURCE-GATE-20260813","true"
"AWS-SIGN-0332","formal_baseline_aggregate_sha256","0b4c6106bde7e2a62b1ffd6a0df7246ded62177d941c7fb9303a2cbac62f92bf","97ebb17a2518e3a43b18a382dcfc879c1f5e2b08118a6149c8fa984e65017453","true"
"AWS-SIGN-0332","notes","只授权此 PK 按冻结来源行执行 write_action；除 review_status 外，写入语义列必须与 source_path 中该 PK 完全一致。package_review、independent_signoff 与 freeze_binding_status 由本签字和三项冻结哈希闭合。","只授权此 PK 按冻结来源行执行 write_action；除 review_status 外，写入语义列必须与 source_path 中该 PK 完全一致。package_review、independent_signoff 与 freeze_binding_status 由本签字和三项冻结哈希闭合。rebase_binding=AWS-SIGNOFF-REBASE-GOOGLE-SOURCE-GATE-20260813","true"
"AWS-SIGN-0333","formal_baseline_aggregate_sha256","0b4c6106bde7e2a62b1ffd6a0df7246ded62177d941c7fb9303a2cbac62f92bf","97ebb17a2518e3a43b18a382dcfc879c1f5e2b08118a6149c8fa984e65017453","true"
"AWS-SIGN-0333","notes","只授权此 PK 按冻结来源行执行 write_action；除 review_status 外，写入语义列必须与 source_path 中该 PK 完全一致。package_review、independent_signoff 与 freeze_binding_status 由本签字和三项冻结哈希闭合。","只授权此 PK 按冻结来源行执行 write_action；除 review_status 外，写入语义列必须与 source_path 中该 PK 完全一致。package_review、independent_signoff 与 freeze_binding_status 由本签字和三项冻结哈希闭合。rebase_binding=AWS-SIGNOFF-REBASE-GOOGLE-SOURCE-GATE-20260813","true"
"AWS-SIGN-0334","formal_baseline_aggregate_sha256","0b4c6106bde7e2a62b1ffd6a0df7246ded62177d941c7fb9303a2cbac62f92bf","97ebb17a2518e3a43b18a382dcfc879c1f5e2b08118a6149c8fa984e65017453","true"
"AWS-SIGN-0334","notes","只授权此 PK 按冻结来源行执行 write_action；除 review_status 外，写入语义列必须与 source_path 中该 PK 完全一致。package_review、independent_signoff 与 freeze_binding_status 由本签字和三项冻结哈希闭合。","只授权此 PK 按冻结来源行执行 write_action；除 review_status 外，写入语义列必须与 source_path 中该 PK 完全一致。package_review、independent_signoff 与 freeze_binding_status 由本签字和三项冻结哈希闭合。rebase_binding=AWS-SIGNOFF-REBASE-GOOGLE-SOURCE-GATE-20260813","true"
"AWS-SIGN-0335","formal_baseline_aggregate_sha256","0b4c6106bde7e2a62b1ffd6a0df7246ded62177d941c7fb9303a2cbac62f92bf","97ebb17a2518e3a43b18a382dcfc879c1f5e2b08118a6149c8fa984e65017453","true"
"AWS-SIGN-0335","notes","只授权此 PK 按冻结来源行执行 write_action；除 review_status 外，写入语义列必须与 source_path 中该 PK 完全一致。package_review、independent_signoff 与 freeze_binding_status 由本签字和三项冻结哈希闭合。","只授权此 PK 按冻结来源行执行 write_action；除 review_status 外，写入语义列必须与 source_path 中该 PK 完全一致。package_review、independent_signoff 与 freeze_binding_status 由本签字和三项冻结哈希闭合。rebase_binding=AWS-SIGNOFF-REBASE-GOOGLE-SOURCE-GATE-20260813","true"
"AWS-SIGN-0336","formal_baseline_aggregate_sha256","0b4c6106bde7e2a62b1ffd6a0df7246ded62177d941c7fb9303a2cbac62f92bf","97ebb17a2518e3a43b18a382dcfc879c1f5e2b08118a6149c8fa984e65017453","true"
"AWS-SIGN-0336","notes","只授权此 PK 按冻结来源行执行 write_action；除 review_status 外，写入语义列必须与 source_path 中该 PK 完全一致。package_review、independent_signoff 与 freeze_binding_status 由本签字和三项冻结哈希闭合。","只授权此 PK 按冻结来源行执行 write_action；除 review_status 外，写入语义列必须与 source_path 中该 PK 完全一致。package_review、independent_signoff 与 freeze_binding_status 由本签字和三项冻结哈希闭合。rebase_binding=AWS-SIGNOFF-REBASE-GOOGLE-SOURCE-GATE-20260813","true"
"AWS-SIGN-0337","formal_baseline_aggregate_sha256","0b4c6106bde7e2a62b1ffd6a0df7246ded62177d941c7fb9303a2cbac62f92bf","97ebb17a2518e3a43b18a382dcfc879c1f5e2b08118a6149c8fa984e65017453","true"
"AWS-SIGN-0337","notes","只授权此 PK 按冻结来源行执行 write_action；除 review_status 外，写入语义列必须与 source_path 中该 PK 完全一致。package_review、independent_signoff 与 freeze_binding_status 由本签字和三项冻结哈希闭合。","只授权此 PK 按冻结来源行执行 write_action；除 review_status 外，写入语义列必须与 source_path 中该 PK 完全一致。package_review、independent_signoff 与 freeze_binding_status 由本签字和三项冻结哈希闭合。rebase_binding=AWS-SIGNOFF-REBASE-GOOGLE-SOURCE-GATE-20260813","true"
"AWS-SIGN-0338","formal_baseline_aggregate_sha256","0b4c6106bde7e2a62b1ffd6a0df7246ded62177d941c7fb9303a2cbac62f92bf","97ebb17a2518e3a43b18a382dcfc879c1f5e2b08118a6149c8fa984e65017453","true"
"AWS-SIGN-0338","notes","只授权此 PK 按冻结来源行执行 write_action；除 review_status 外，写入语义列必须与 source_path 中该 PK 完全一致。package_review、independent_signoff 与 freeze_binding_status 由本签字和三项冻结哈希闭合。","只授权此 PK 按冻结来源行执行 write_action；除 review_status 外，写入语义列必须与 source_path 中该 PK 完全一致。package_review、independent_signoff 与 freeze_binding_status 由本签字和三项冻结哈希闭合。rebase_binding=AWS-SIGNOFF-REBASE-GOOGLE-SOURCE-GATE-20260813","true"
"AWS-SIGN-0339","formal_baseline_aggregate_sha256","0b4c6106bde7e2a62b1ffd6a0df7246ded62177d941c7fb9303a2cbac62f92bf","97ebb17a2518e3a43b18a382dcfc879c1f5e2b08118a6149c8fa984e65017453","true"
"AWS-SIGN-0339","notes","只授权此 PK 按冻结来源行执行 write_action；除 review_status 外，写入语义列必须与 source_path 中该 PK 完全一致。package_review、independent_signoff 与 freeze_binding_status 由本签字和三项冻结哈希闭合。","只授权此 PK 按冻结来源行执行 write_action；除 review_status 外，写入语义列必须与 source_path 中该 PK 完全一致。package_review、independent_signoff 与 freeze_binding_status 由本签字和三项冻结哈希闭合。rebase_binding=AWS-SIGNOFF-REBASE-GOOGLE-SOURCE-GATE-20260813","true"
"AWS-SIGN-0340","formal_baseline_aggregate_sha256","0b4c6106bde7e2a62b1ffd6a0df7246ded62177d941c7fb9303a2cbac62f92bf","97ebb17a2518e3a43b18a382dcfc879c1f5e2b08118a6149c8fa984e65017453","true"
"AWS-SIGN-0340","notes","只授权此 PK 按冻结来源行执行 write_action；除 review_status 外，写入语义列必须与 source_path 中该 PK 完全一致。package_review、independent_signoff 与 freeze_binding_status 由本签字和三项冻结哈希闭合。","只授权此 PK 按冻结来源行执行 write_action；除 review_status 外，写入语义列必须与 source_path 中该 PK 完全一致。package_review、independent_signoff 与 freeze_binding_status 由本签字和三项冻结哈希闭合。rebase_binding=AWS-SIGNOFF-REBASE-GOOGLE-SOURCE-GATE-20260813","true"
"AWS-SIGN-0341","formal_baseline_aggregate_sha256","0b4c6106bde7e2a62b1ffd6a0df7246ded62177d941c7fb9303a2cbac62f92bf","97ebb17a2518e3a43b18a382dcfc879c1f5e2b08118a6149c8fa984e65017453","true"
"AWS-SIGN-0341","notes","只授权此 PK 按冻结来源行执行 write_action；除 review_status 外，写入语义列必须与 source_path 中该 PK 完全一致。package_review、independent_signoff 与 freeze_binding_status 由本签字和三项冻结哈希闭合。","只授权此 PK 按冻结来源行执行 write_action；除 review_status 外，写入语义列必须与 source_path 中该 PK 完全一致。package_review、independent_signoff 与 freeze_binding_status 由本签字和三项冻结哈希闭合。rebase_binding=AWS-SIGNOFF-REBASE-GOOGLE-SOURCE-GATE-20260813","true"
"AWS-SIGN-0342","formal_baseline_aggregate_sha256","0b4c6106bde7e2a62b1ffd6a0df7246ded62177d941c7fb9303a2cbac62f92bf","97ebb17a2518e3a43b18a382dcfc879c1f5e2b08118a6149c8fa984e65017453","true"
"AWS-SIGN-0342","notes","只授权此 PK 按冻结来源行执行 write_action；除 review_status 外，写入语义列必须与 source_path 中该 PK 完全一致。package_review、independent_signoff 与 freeze_binding_status 由本签字和三项冻结哈希闭合。","只授权此 PK 按冻结来源行执行 write_action；除 review_status 外，写入语义列必须与 source_path 中该 PK 完全一致。package_review、independent_signoff 与 freeze_binding_status 由本签字和三项冻结哈希闭合。rebase_binding=AWS-SIGNOFF-REBASE-GOOGLE-SOURCE-GATE-20260813","true"
"AWS-SIGN-0343","formal_baseline_aggregate_sha256","0b4c6106bde7e2a62b1ffd6a0df7246ded62177d941c7fb9303a2cbac62f92bf","97ebb17a2518e3a43b18a382dcfc879c1f5e2b08118a6149c8fa984e65017453","true"
"AWS-SIGN-0343","notes","只授权此 PK 按冻结来源行执行 write_action；除 review_status 外，写入语义列必须与 source_path 中该 PK 完全一致。package_review、independent_signoff 与 freeze_binding_status 由本签字和三项冻结哈希闭合。","只授权此 PK 按冻结来源行执行 write_action；除 review_status 外，写入语义列必须与 source_path 中该 PK 完全一致。package_review、independent_signoff 与 freeze_binding_status 由本签字和三项冻结哈希闭合。rebase_binding=AWS-SIGNOFF-REBASE-GOOGLE-SOURCE-GATE-20260813","true"
"AWS-SIGN-0344","formal_baseline_aggregate_sha256","0b4c6106bde7e2a62b1ffd6a0df7246ded62177d941c7fb9303a2cbac62f92bf","97ebb17a2518e3a43b18a382dcfc879c1f5e2b08118a6149c8fa984e65017453","true"
"AWS-SIGN-0344","notes","只授权此 PK 按冻结来源行执行 write_action；除 review_status 外，写入语义列必须与 source_path 中该 PK 完全一致。package_review、independent_signoff 与 freeze_binding_status 由本签字和三项冻结哈希闭合。","只授权此 PK 按冻结来源行执行 write_action；除 review_status 外，写入语义列必须与 source_path 中该 PK 完全一致。package_review、independent_signoff 与 freeze_binding_status 由本签字和三项冻结哈希闭合。rebase_binding=AWS-SIGNOFF-REBASE-GOOGLE-SOURCE-GATE-20260813","true"
"AWS-SIGN-0345","formal_baseline_aggregate_sha256","0b4c6106bde7e2a62b1ffd6a0df7246ded62177d941c7fb9303a2cbac62f92bf","97ebb17a2518e3a43b18a382dcfc879c1f5e2b08118a6149c8fa984e65017453","true"
"AWS-SIGN-0345","notes","只授权此 PK 按冻结来源行执行 write_action；除 review_status 外，写入语义列必须与 source_path 中该 PK 完全一致。package_review、independent_signoff 与 freeze_binding_status 由本签字和三项冻结哈希闭合。","只授权此 PK 按冻结来源行执行 write_action；除 review_status 外，写入语义列必须与 source_path 中该 PK 完全一致。package_review、independent_signoff 与 freeze_binding_status 由本签字和三项冻结哈希闭合。rebase_binding=AWS-SIGNOFF-REBASE-GOOGLE-SOURCE-GATE-20260813","true"
"AWS-SIGN-0346","formal_baseline_aggregate_sha256","0b4c6106bde7e2a62b1ffd6a0df7246ded62177d941c7fb9303a2cbac62f92bf","97ebb17a2518e3a43b18a382dcfc879c1f5e2b08118a6149c8fa984e65017453","true"
"AWS-SIGN-0346","notes","只授权此 PK 按冻结来源行执行 write_action；除 review_status 外，写入语义列必须与 source_path 中该 PK 完全一致。package_review、independent_signoff 与 freeze_binding_status 由本签字和三项冻结哈希闭合。","只授权此 PK 按冻结来源行执行 write_action；除 review_status 外，写入语义列必须与 source_path 中该 PK 完全一致。package_review、independent_signoff 与 freeze_binding_status 由本签字和三项冻结哈希闭合。rebase_binding=AWS-SIGNOFF-REBASE-GOOGLE-SOURCE-GATE-20260813","true"
"AWS-SIGN-0347","formal_baseline_aggregate_sha256","0b4c6106bde7e2a62b1ffd6a0df7246ded62177d941c7fb9303a2cbac62f92bf","97ebb17a2518e3a43b18a382dcfc879c1f5e2b08118a6149c8fa984e65017453","true"
"AWS-SIGN-0347","notes","只授权此 PK 按冻结来源行执行 write_action；除 review_status 外，写入语义列必须与 source_path 中该 PK 完全一致。package_review、independent_signoff 与 freeze_binding_status 由本签字和三项冻结哈希闭合。","只授权此 PK 按冻结来源行执行 write_action；除 review_status 外，写入语义列必须与 source_path 中该 PK 完全一致。package_review、independent_signoff 与 freeze_binding_status 由本签字和三项冻结哈希闭合。rebase_binding=AWS-SIGNOFF-REBASE-GOOGLE-SOURCE-GATE-20260813","true"
"AWS-SIGN-0348","formal_baseline_aggregate_sha256","0b4c6106bde7e2a62b1ffd6a0df7246ded62177d941c7fb9303a2cbac62f92bf","97ebb17a2518e3a43b18a382dcfc879c1f5e2b08118a6149c8fa984e65017453","true"
"AWS-SIGN-0348","notes","只授权此 PK 按冻结来源行执行 write_action；除 review_status 外，写入语义列必须与 source_path 中该 PK 完全一致。package_review、independent_signoff 与 freeze_binding_status 由本签字和三项冻结哈希闭合。","只授权此 PK 按冻结来源行执行 write_action；除 review_status 外，写入语义列必须与 source_path 中该 PK 完全一致。package_review、independent_signoff 与 freeze_binding_status 由本签字和三项冻结哈希闭合。rebase_binding=AWS-SIGNOFF-REBASE-GOOGLE-SOURCE-GATE-20260813","true"
"AWS-SIGN-0349","formal_baseline_aggregate_sha256","0b4c6106bde7e2a62b1ffd6a0df7246ded62177d941c7fb9303a2cbac62f92bf","97ebb17a2518e3a43b18a382dcfc879c1f5e2b08118a6149c8fa984e65017453","true"
"AWS-SIGN-0349","notes","只授权此 PK 按冻结来源行执行 write_action；除 review_status 外，写入语义列必须与 source_path 中该 PK 完全一致。package_review、independent_signoff 与 freeze_binding_status 由本签字和三项冻结哈希闭合。","只授权此 PK 按冻结来源行执行 write_action；除 review_status 外，写入语义列必须与 source_path 中该 PK 完全一致。package_review、independent_signoff 与 freeze_binding_status 由本签字和三项冻结哈希闭合。rebase_binding=AWS-SIGNOFF-REBASE-GOOGLE-SOURCE-GATE-20260813","true"
"AWS-SIGN-0350","formal_baseline_aggregate_sha256","0b4c6106bde7e2a62b1ffd6a0df7246ded62177d941c7fb9303a2cbac62f92bf","97ebb17a2518e3a43b18a382dcfc879c1f5e2b08118a6149c8fa984e65017453","true"
"AWS-SIGN-0350","notes","只授权此 PK 按冻结来源行执行 write_action；除 review_status 外，写入语义列必须与 source_path 中该 PK 完全一致。package_review、independent_signoff 与 freeze_binding_status 由本签字和三项冻结哈希闭合。","只授权此 PK 按冻结来源行执行 write_action；除 review_status 外，写入语义列必须与 source_path 中该 PK 完全一致。package_review、independent_signoff 与 freeze_binding_status 由本签字和三项冻结哈希闭合。rebase_binding=AWS-SIGNOFF-REBASE-GOOGLE-SOURCE-GATE-20260813","true"
"AWS-SIGN-0351","formal_baseline_aggregate_sha256","0b4c6106bde7e2a62b1ffd6a0df7246ded62177d941c7fb9303a2cbac62f92bf","97ebb17a2518e3a43b18a382dcfc879c1f5e2b08118a6149c8fa984e65017453","true"
"AWS-SIGN-0351","notes","只授权此 PK 按冻结来源行执行 write_action；除 review_status 外，写入语义列必须与 source_path 中该 PK 完全一致。package_review、independent_signoff 与 freeze_binding_status 由本签字和三项冻结哈希闭合。","只授权此 PK 按冻结来源行执行 write_action；除 review_status 外，写入语义列必须与 source_path 中该 PK 完全一致。package_review、independent_signoff 与 freeze_binding_status 由本签字和三项冻结哈希闭合。rebase_binding=AWS-SIGNOFF-REBASE-GOOGLE-SOURCE-GATE-20260813","true"
"AWS-SIGN-0352","formal_baseline_aggregate_sha256","0b4c6106bde7e2a62b1ffd6a0df7246ded62177d941c7fb9303a2cbac62f92bf","97ebb17a2518e3a43b18a382dcfc879c1f5e2b08118a6149c8fa984e65017453","true"
"AWS-SIGN-0352","notes","只授权此 PK 按冻结来源行执行 write_action；除 review_status 外，写入语义列必须与 source_path 中该 PK 完全一致。package_review、independent_signoff 与 freeze_binding_status 由本签字和三项冻结哈希闭合。","只授权此 PK 按冻结来源行执行 write_action；除 review_status 外，写入语义列必须与 source_path 中该 PK 完全一致。package_review、independent_signoff 与 freeze_binding_status 由本签字和三项冻结哈希闭合。rebase_binding=AWS-SIGNOFF-REBASE-GOOGLE-SOURCE-GATE-20260813","true"
"AWS-SIGN-0353","formal_baseline_aggregate_sha256","0b4c6106bde7e2a62b1ffd6a0df7246ded62177d941c7fb9303a2cbac62f92bf","97ebb17a2518e3a43b18a382dcfc879c1f5e2b08118a6149c8fa984e65017453","true"
"AWS-SIGN-0353","notes","只授权此 PK 按冻结来源行执行 write_action；除 review_status 外，写入语义列必须与 source_path 中该 PK 完全一致。package_review、independent_signoff 与 freeze_binding_status 由本签字和三项冻结哈希闭合。","只授权此 PK 按冻结来源行执行 write_action；除 review_status 外，写入语义列必须与 source_path 中该 PK 完全一致。package_review、independent_signoff 与 freeze_binding_status 由本签字和三项冻结哈希闭合。rebase_binding=AWS-SIGNOFF-REBASE-GOOGLE-SOURCE-GATE-20260813","true"
"AWS-SIGN-0354","formal_baseline_aggregate_sha256","0b4c6106bde7e2a62b1ffd6a0df7246ded62177d941c7fb9303a2cbac62f92bf","97ebb17a2518e3a43b18a382dcfc879c1f5e2b08118a6149c8fa984e65017453","true"
"AWS-SIGN-0354","notes","只授权此 PK 按冻结来源行执行 write_action；除 review_status 外，写入语义列必须与 source_path 中该 PK 完全一致。package_review、independent_signoff 与 freeze_binding_status 由本签字和三项冻结哈希闭合。","只授权此 PK 按冻结来源行执行 write_action；除 review_status 外，写入语义列必须与 source_path 中该 PK 完全一致。package_review、independent_signoff 与 freeze_binding_status 由本签字和三项冻结哈希闭合。rebase_binding=AWS-SIGNOFF-REBASE-GOOGLE-SOURCE-GATE-20260813","true"
"AWS-SIGN-0355","formal_baseline_aggregate_sha256","0b4c6106bde7e2a62b1ffd6a0df7246ded62177d941c7fb9303a2cbac62f92bf","97ebb17a2518e3a43b18a382dcfc879c1f5e2b08118a6149c8fa984e65017453","true"
"AWS-SIGN-0355","notes","只授权此 PK 按冻结来源行执行 write_action；除 review_status 外，写入语义列必须与 source_path 中该 PK 完全一致。package_review、independent_signoff 与 freeze_binding_status 由本签字和三项冻结哈希闭合。","只授权此 PK 按冻结来源行执行 write_action；除 review_status 外，写入语义列必须与 source_path 中该 PK 完全一致。package_review、independent_signoff 与 freeze_binding_status 由本签字和三项冻结哈希闭合。rebase_binding=AWS-SIGNOFF-REBASE-GOOGLE-SOURCE-GATE-20260813","true"
"AWS-SIGN-0356","formal_baseline_aggregate_sha256","0b4c6106bde7e2a62b1ffd6a0df7246ded62177d941c7fb9303a2cbac62f92bf","97ebb17a2518e3a43b18a382dcfc879c1f5e2b08118a6149c8fa984e65017453","true"
"AWS-SIGN-0356","notes","只授权此 PK 按冻结来源行执行 write_action；除 review_status 外，写入语义列必须与 source_path 中该 PK 完全一致。package_review、independent_signoff 与 freeze_binding_status 由本签字和三项冻结哈希闭合。","只授权此 PK 按冻结来源行执行 write_action；除 review_status 外，写入语义列必须与 source_path 中该 PK 完全一致。package_review、independent_signoff 与 freeze_binding_status 由本签字和三项冻结哈希闭合。rebase_binding=AWS-SIGNOFF-REBASE-GOOGLE-SOURCE-GATE-20260813","true"
"AWS-SIGN-0357","formal_baseline_aggregate_sha256","0b4c6106bde7e2a62b1ffd6a0df7246ded62177d941c7fb9303a2cbac62f92bf","97ebb17a2518e3a43b18a382dcfc879c1f5e2b08118a6149c8fa984e65017453","true"
"AWS-SIGN-0357","notes","只授权此 PK 按冻结来源行执行 write_action；除 review_status 外，写入语义列必须与 source_path 中该 PK 完全一致。package_review、independent_signoff 与 freeze_binding_status 由本签字和三项冻结哈希闭合。","只授权此 PK 按冻结来源行执行 write_action；除 review_status 外，写入语义列必须与 source_path 中该 PK 完全一致。package_review、independent_signoff 与 freeze_binding_status 由本签字和三项冻结哈希闭合。rebase_binding=AWS-SIGNOFF-REBASE-GOOGLE-SOURCE-GATE-20260813","true"
"AWS-SIGN-0358","formal_baseline_aggregate_sha256","0b4c6106bde7e2a62b1ffd6a0df7246ded62177d941c7fb9303a2cbac62f92bf","97ebb17a2518e3a43b18a382dcfc879c1f5e2b08118a6149c8fa984e65017453","true"
"AWS-SIGN-0358","notes","只授权此 PK 按冻结来源行执行 write_action；除 review_status 外，写入语义列必须与 source_path 中该 PK 完全一致。package_review、independent_signoff 与 freeze_binding_status 由本签字和三项冻结哈希闭合。","只授权此 PK 按冻结来源行执行 write_action；除 review_status 外，写入语义列必须与 source_path 中该 PK 完全一致。package_review、independent_signoff 与 freeze_binding_status 由本签字和三项冻结哈希闭合。rebase_binding=AWS-SIGNOFF-REBASE-GOOGLE-SOURCE-GATE-20260813","true"
"AWS-SIGN-0359","formal_baseline_aggregate_sha256","0b4c6106bde7e2a62b1ffd6a0df7246ded62177d941c7fb9303a2cbac62f92bf","97ebb17a2518e3a43b18a382dcfc879c1f5e2b08118a6149c8fa984e65017453","true"
"AWS-SIGN-0359","notes","只授权此 PK 按冻结来源行执行 write_action；除 review_status 外，写入语义列必须与 source_path 中该 PK 完全一致。package_review、independent_signoff 与 freeze_binding_status 由本签字和三项冻结哈希闭合。","只授权此 PK 按冻结来源行执行 write_action；除 review_status 外，写入语义列必须与 source_path 中该 PK 完全一致。package_review、independent_signoff 与 freeze_binding_status 由本签字和三项冻结哈希闭合。rebase_binding=AWS-SIGNOFF-REBASE-GOOGLE-SOURCE-GATE-20260813","true"
"AWS-SIGN-0360","formal_baseline_aggregate_sha256","0b4c6106bde7e2a62b1ffd6a0df7246ded62177d941c7fb9303a2cbac62f92bf","97ebb17a2518e3a43b18a382dcfc879c1f5e2b08118a6149c8fa984e65017453","true"
"AWS-SIGN-0360","notes","只授权此 PK 按冻结来源行执行 write_action；除 review_status 外，写入语义列必须与 source_path 中该 PK 完全一致。package_review、independent_signoff 与 freeze_binding_status 由本签字和三项冻结哈希闭合。","只授权此 PK 按冻结来源行执行 write_action；除 review_status 外，写入语义列必须与 source_path 中该 PK 完全一致。package_review、independent_signoff 与 freeze_binding_status 由本签字和三项冻结哈希闭合。rebase_binding=AWS-SIGNOFF-REBASE-GOOGLE-SOURCE-GATE-20260813","true"
"AWS-SIGN-0361","formal_baseline_aggregate_sha256","0b4c6106bde7e2a62b1ffd6a0df7246ded62177d941c7fb9303a2cbac62f92bf","97ebb17a2518e3a43b18a382dcfc879c1f5e2b08118a6149c8fa984e65017453","true"
"AWS-SIGN-0361","notes","只授权此 PK 按冻结来源行执行 write_action；除 review_status 外，写入语义列必须与 source_path 中该 PK 完全一致。package_review、independent_signoff 与 freeze_binding_status 由本签字和三项冻结哈希闭合。","只授权此 PK 按冻结来源行执行 write_action；除 review_status 外，写入语义列必须与 source_path 中该 PK 完全一致。package_review、independent_signoff 与 freeze_binding_status 由本签字和三项冻结哈希闭合。rebase_binding=AWS-SIGNOFF-REBASE-GOOGLE-SOURCE-GATE-20260813","true"
"AWS-SIGN-0362","formal_baseline_aggregate_sha256","0b4c6106bde7e2a62b1ffd6a0df7246ded62177d941c7fb9303a2cbac62f92bf","97ebb17a2518e3a43b18a382dcfc879c1f5e2b08118a6149c8fa984e65017453","true"
"AWS-SIGN-0362","notes","只授权此 PK 按冻结来源行执行 write_action；除 review_status 外，写入语义列必须与 source_path 中该 PK 完全一致。package_review、independent_signoff 与 freeze_binding_status 由本签字和三项冻结哈希闭合。","只授权此 PK 按冻结来源行执行 write_action；除 review_status 外，写入语义列必须与 source_path 中该 PK 完全一致。package_review、independent_signoff 与 freeze_binding_status 由本签字和三项冻结哈希闭合。rebase_binding=AWS-SIGNOFF-REBASE-GOOGLE-SOURCE-GATE-20260813","true"
"AWS-SIGN-0363","formal_baseline_aggregate_sha256","0b4c6106bde7e2a62b1ffd6a0df7246ded62177d941c7fb9303a2cbac62f92bf","97ebb17a2518e3a43b18a382dcfc879c1f5e2b08118a6149c8fa984e65017453","true"
"AWS-SIGN-0363","notes","只授权此 PK 按冻结来源行执行 write_action；除 review_status 外，写入语义列必须与 source_path 中该 PK 完全一致。package_review、independent_signoff 与 freeze_binding_status 由本签字和三项冻结哈希闭合。","只授权此 PK 按冻结来源行执行 write_action；除 review_status 外，写入语义列必须与 source_path 中该 PK 完全一致。package_review、independent_signoff 与 freeze_binding_status 由本签字和三项冻结哈希闭合。rebase_binding=AWS-SIGNOFF-REBASE-GOOGLE-SOURCE-GATE-20260813","true"
"AWS-SIGN-0364","formal_baseline_aggregate_sha256","0b4c6106bde7e2a62b1ffd6a0df7246ded62177d941c7fb9303a2cbac62f92bf","97ebb17a2518e3a43b18a382dcfc879c1f5e2b08118a6149c8fa984e65017453","true"
"AWS-SIGN-0364","notes","只授权此 PK 按冻结来源行执行 write_action；除 review_status 外，写入语义列必须与 source_path 中该 PK 完全一致。package_review、independent_signoff 与 freeze_binding_status 由本签字和三项冻结哈希闭合。","只授权此 PK 按冻结来源行执行 write_action；除 review_status 外，写入语义列必须与 source_path 中该 PK 完全一致。package_review、independent_signoff 与 freeze_binding_status 由本签字和三项冻结哈希闭合。rebase_binding=AWS-SIGNOFF-REBASE-GOOGLE-SOURCE-GATE-20260813","true"
"AWS-SIGN-0365","formal_baseline_aggregate_sha256","0b4c6106bde7e2a62b1ffd6a0df7246ded62177d941c7fb9303a2cbac62f92bf","97ebb17a2518e3a43b18a382dcfc879c1f5e2b08118a6149c8fa984e65017453","true"
"AWS-SIGN-0365","notes","只授权此 PK 按冻结来源行执行 write_action；除 review_status 外，写入语义列必须与 source_path 中该 PK 完全一致。package_review、independent_signoff 与 freeze_binding_status 由本签字和三项冻结哈希闭合。","只授权此 PK 按冻结来源行执行 write_action；除 review_status 外，写入语义列必须与 source_path 中该 PK 完全一致。package_review、independent_signoff 与 freeze_binding_status 由本签字和三项冻结哈希闭合。rebase_binding=AWS-SIGNOFF-REBASE-GOOGLE-SOURCE-GATE-20260813","true"
"AWS-SIGN-0366","formal_baseline_aggregate_sha256","0b4c6106bde7e2a62b1ffd6a0df7246ded62177d941c7fb9303a2cbac62f92bf","97ebb17a2518e3a43b18a382dcfc879c1f5e2b08118a6149c8fa984e65017453","true"
"AWS-SIGN-0366","notes","只授权此 PK 按冻结来源行执行 write_action；除 review_status 外，写入语义列必须与 source_path 中该 PK 完全一致。package_review、independent_signoff 与 freeze_binding_status 由本签字和三项冻结哈希闭合。","只授权此 PK 按冻结来源行执行 write_action；除 review_status 外，写入语义列必须与 source_path 中该 PK 完全一致。package_review、independent_signoff 与 freeze_binding_status 由本签字和三项冻结哈希闭合。rebase_binding=AWS-SIGNOFF-REBASE-GOOGLE-SOURCE-GATE-20260813","true"
"AWS-SIGN-0367","formal_baseline_aggregate_sha256","0b4c6106bde7e2a62b1ffd6a0df7246ded62177d941c7fb9303a2cbac62f92bf","97ebb17a2518e3a43b18a382dcfc879c1f5e2b08118a6149c8fa984e65017453","true"
"AWS-SIGN-0367","notes","只授权此 PK 按冻结来源行执行 write_action；除 review_status 外，写入语义列必须与 source_path 中该 PK 完全一致。package_review、independent_signoff 与 freeze_binding_status 由本签字和三项冻结哈希闭合。","只授权此 PK 按冻结来源行执行 write_action；除 review_status 外，写入语义列必须与 source_path 中该 PK 完全一致。package_review、independent_signoff 与 freeze_binding_status 由本签字和三项冻结哈希闭合。rebase_binding=AWS-SIGNOFF-REBASE-GOOGLE-SOURCE-GATE-20260813","true"
"AWS-SIGN-0368","formal_baseline_aggregate_sha256","0b4c6106bde7e2a62b1ffd6a0df7246ded62177d941c7fb9303a2cbac62f92bf","97ebb17a2518e3a43b18a382dcfc879c1f5e2b08118a6149c8fa984e65017453","true"
"AWS-SIGN-0368","notes","只授权此 PK 按冻结来源行执行 write_action；除 review_status 外，写入语义列必须与 source_path 中该 PK 完全一致。package_review、independent_signoff 与 freeze_binding_status 由本签字和三项冻结哈希闭合。","只授权此 PK 按冻结来源行执行 write_action；除 review_status 外，写入语义列必须与 source_path 中该 PK 完全一致。package_review、independent_signoff 与 freeze_binding_status 由本签字和三项冻结哈希闭合。rebase_binding=AWS-SIGNOFF-REBASE-GOOGLE-SOURCE-GATE-20260813","true"
"AWS-SIGN-0369","formal_baseline_aggregate_sha256","0b4c6106bde7e2a62b1ffd6a0df7246ded62177d941c7fb9303a2cbac62f92bf","97ebb17a2518e3a43b18a382dcfc879c1f5e2b08118a6149c8fa984e65017453","true"
"AWS-SIGN-0369","notes","只授权此 PK 按冻结来源行执行 write_action；除 review_status 外，写入语义列必须与 source_path 中该 PK 完全一致。package_review、independent_signoff 与 freeze_binding_status 由本签字和三项冻结哈希闭合。","只授权此 PK 按冻结来源行执行 write_action；除 review_status 外，写入语义列必须与 source_path 中该 PK 完全一致。package_review、independent_signoff 与 freeze_binding_status 由本签字和三项冻结哈希闭合。rebase_binding=AWS-SIGNOFF-REBASE-GOOGLE-SOURCE-GATE-20260813","true"
"AWS-SIGN-0370","formal_baseline_aggregate_sha256","0b4c6106bde7e2a62b1ffd6a0df7246ded62177d941c7fb9303a2cbac62f92bf","97ebb17a2518e3a43b18a382dcfc879c1f5e2b08118a6149c8fa984e65017453","true"
"AWS-SIGN-0370","notes","只授权此 PK 按冻结来源行执行 write_action；除 review_status 外，写入语义列必须与 source_path 中该 PK 完全一致。package_review、independent_signoff 与 freeze_binding_status 由本签字和三项冻结哈希闭合。","只授权此 PK 按冻结来源行执行 write_action；除 review_status 外，写入语义列必须与 source_path 中该 PK 完全一致。package_review、independent_signoff 与 freeze_binding_status 由本签字和三项冻结哈希闭合。rebase_binding=AWS-SIGNOFF-REBASE-GOOGLE-SOURCE-GATE-20260813","true"
"AWS-SIGN-0371","formal_baseline_aggregate_sha256","0b4c6106bde7e2a62b1ffd6a0df7246ded62177d941c7fb9303a2cbac62f92bf","97ebb17a2518e3a43b18a382dcfc879c1f5e2b08118a6149c8fa984e65017453","true"
"AWS-SIGN-0371","notes","只授权此 PK 按冻结来源行执行 write_action；除 review_status 外，写入语义列必须与 source_path 中该 PK 完全一致。package_review、independent_signoff 与 freeze_binding_status 由本签字和三项冻结哈希闭合。","只授权此 PK 按冻结来源行执行 write_action；除 review_status 外，写入语义列必须与 source_path 中该 PK 完全一致。package_review、independent_signoff 与 freeze_binding_status 由本签字和三项冻结哈希闭合。rebase_binding=AWS-SIGNOFF-REBASE-GOOGLE-SOURCE-GATE-20260813","true"
"AWS-SIGN-0372","formal_baseline_aggregate_sha256","0b4c6106bde7e2a62b1ffd6a0df7246ded62177d941c7fb9303a2cbac62f92bf","97ebb17a2518e3a43b18a382dcfc879c1f5e2b08118a6149c8fa984e65017453","true"
"AWS-SIGN-0372","notes","只授权此 PK 按冻结来源行执行 write_action；除 review_status 外，写入语义列必须与 source_path 中该 PK 完全一致。package_review、independent_signoff 与 freeze_binding_status 由本签字和三项冻结哈希闭合。","只授权此 PK 按冻结来源行执行 write_action；除 review_status 外，写入语义列必须与 source_path 中该 PK 完全一致。package_review、independent_signoff 与 freeze_binding_status 由本签字和三项冻结哈希闭合。rebase_binding=AWS-SIGNOFF-REBASE-GOOGLE-SOURCE-GATE-20260813","true"
"AWS-SIGN-0373","formal_baseline_aggregate_sha256","0b4c6106bde7e2a62b1ffd6a0df7246ded62177d941c7fb9303a2cbac62f92bf","97ebb17a2518e3a43b18a382dcfc879c1f5e2b08118a6149c8fa984e65017453","true"
"AWS-SIGN-0373","notes","只授权此 PK 按冻结来源行执行 write_action；除 review_status 外，写入语义列必须与 source_path 中该 PK 完全一致。package_review、independent_signoff 与 freeze_binding_status 由本签字和三项冻结哈希闭合。","只授权此 PK 按冻结来源行执行 write_action；除 review_status 外，写入语义列必须与 source_path 中该 PK 完全一致。package_review、independent_signoff 与 freeze_binding_status 由本签字和三项冻结哈希闭合。rebase_binding=AWS-SIGNOFF-REBASE-GOOGLE-SOURCE-GATE-20260813","true"
"AWS-SIGN-0374","formal_baseline_aggregate_sha256","0b4c6106bde7e2a62b1ffd6a0df7246ded62177d941c7fb9303a2cbac62f92bf","97ebb17a2518e3a43b18a382dcfc879c1f5e2b08118a6149c8fa984e65017453","true"
"AWS-SIGN-0374","notes","只授权此 PK 按冻结来源行执行 write_action；除 review_status 外，写入语义列必须与 source_path 中该 PK 完全一致。package_review、independent_signoff 与 freeze_binding_status 由本签字和三项冻结哈希闭合。","只授权此 PK 按冻结来源行执行 write_action；除 review_status 外，写入语义列必须与 source_path 中该 PK 完全一致。package_review、independent_signoff 与 freeze_binding_status 由本签字和三项冻结哈希闭合。rebase_binding=AWS-SIGNOFF-REBASE-GOOGLE-SOURCE-GATE-20260813","true"
"AWS-SIGN-0375","formal_baseline_aggregate_sha256","0b4c6106bde7e2a62b1ffd6a0df7246ded62177d941c7fb9303a2cbac62f92bf","97ebb17a2518e3a43b18a382dcfc879c1f5e2b08118a6149c8fa984e65017453","true"
"AWS-SIGN-0375","notes","只授权此 PK 按冻结来源行执行 write_action；除 review_status 外，写入语义列必须与 source_path 中该 PK 完全一致。package_review、independent_signoff 与 freeze_binding_status 由本签字和三项冻结哈希闭合。","只授权此 PK 按冻结来源行执行 write_action；除 review_status 外，写入语义列必须与 source_path 中该 PK 完全一致。package_review、independent_signoff 与 freeze_binding_status 由本签字和三项冻结哈希闭合。rebase_binding=AWS-SIGNOFF-REBASE-GOOGLE-SOURCE-GATE-20260813","true"
"AWS-SIGN-0376","formal_baseline_aggregate_sha256","0b4c6106bde7e2a62b1ffd6a0df7246ded62177d941c7fb9303a2cbac62f92bf","97ebb17a2518e3a43b18a382dcfc879c1f5e2b08118a6149c8fa984e65017453","true"
"AWS-SIGN-0376","notes","只授权此 PK 按冻结来源行执行 write_action；除 review_status 外，写入语义列必须与 source_path 中该 PK 完全一致。package_review、independent_signoff 与 freeze_binding_status 由本签字和三项冻结哈希闭合。","只授权此 PK 按冻结来源行执行 write_action；除 review_status 外，写入语义列必须与 source_path 中该 PK 完全一致。package_review、independent_signoff 与 freeze_binding_status 由本签字和三项冻结哈希闭合。rebase_binding=AWS-SIGNOFF-REBASE-GOOGLE-SOURCE-GATE-20260813","true"
"AWS-SIGN-0377","formal_baseline_aggregate_sha256","0b4c6106bde7e2a62b1ffd6a0df7246ded62177d941c7fb9303a2cbac62f92bf","97ebb17a2518e3a43b18a382dcfc879c1f5e2b08118a6149c8fa984e65017453","true"
"AWS-SIGN-0377","notes","只授权此 PK 按冻结来源行执行 write_action；除 review_status 外，写入语义列必须与 source_path 中该 PK 完全一致。package_review、independent_signoff 与 freeze_binding_status 由本签字和三项冻结哈希闭合。","只授权此 PK 按冻结来源行执行 write_action；除 review_status 外，写入语义列必须与 source_path 中该 PK 完全一致。package_review、independent_signoff 与 freeze_binding_status 由本签字和三项冻结哈希闭合。rebase_binding=AWS-SIGNOFF-REBASE-GOOGLE-SOURCE-GATE-20260813","true"
"AWS-SIGN-0378","formal_baseline_aggregate_sha256","0b4c6106bde7e2a62b1ffd6a0df7246ded62177d941c7fb9303a2cbac62f92bf","97ebb17a2518e3a43b18a382dcfc879c1f5e2b08118a6149c8fa984e65017453","true"
"AWS-SIGN-0378","notes","只授权此 PK 按冻结来源行执行 write_action；除 review_status 外，写入语义列必须与 source_path 中该 PK 完全一致。package_review、independent_signoff 与 freeze_binding_status 由本签字和三项冻结哈希闭合。","只授权此 PK 按冻结来源行执行 write_action；除 review_status 外，写入语义列必须与 source_path 中该 PK 完全一致。package_review、independent_signoff 与 freeze_binding_status 由本签字和三项冻结哈希闭合。rebase_binding=AWS-SIGNOFF-REBASE-GOOGLE-SOURCE-GATE-20260813","true"
"AWS-SIGN-0379","formal_baseline_aggregate_sha256","0b4c6106bde7e2a62b1ffd6a0df7246ded62177d941c7fb9303a2cbac62f92bf","97ebb17a2518e3a43b18a382dcfc879c1f5e2b08118a6149c8fa984e65017453","true"
"AWS-SIGN-0379","notes","只授权此 PK 按冻结来源行执行 write_action；除 review_status 外，写入语义列必须与 source_path 中该 PK 完全一致。package_review、independent_signoff 与 freeze_binding_status 由本签字和三项冻结哈希闭合。","只授权此 PK 按冻结来源行执行 write_action；除 review_status 外，写入语义列必须与 source_path 中该 PK 完全一致。package_review、independent_signoff 与 freeze_binding_status 由本签字和三项冻结哈希闭合。rebase_binding=AWS-SIGNOFF-REBASE-GOOGLE-SOURCE-GATE-20260813","true"
"AWS-SIGN-0380","formal_baseline_aggregate_sha256","0b4c6106bde7e2a62b1ffd6a0df7246ded62177d941c7fb9303a2cbac62f92bf","97ebb17a2518e3a43b18a382dcfc879c1f5e2b08118a6149c8fa984e65017453","true"
"AWS-SIGN-0380","notes","只授权此 PK 按冻结来源行执行 write_action；除 review_status 外，写入语义列必须与 source_path 中该 PK 完全一致。package_review、independent_signoff 与 freeze_binding_status 由本签字和三项冻结哈希闭合。","只授权此 PK 按冻结来源行执行 write_action；除 review_status 外，写入语义列必须与 source_path 中该 PK 完全一致。package_review、independent_signoff 与 freeze_binding_status 由本签字和三项冻结哈希闭合。rebase_binding=AWS-SIGNOFF-REBASE-GOOGLE-SOURCE-GATE-20260813","true"
"AWS-SIGN-0381","formal_baseline_aggregate_sha256","0b4c6106bde7e2a62b1ffd6a0df7246ded62177d941c7fb9303a2cbac62f92bf","97ebb17a2518e3a43b18a382dcfc879c1f5e2b08118a6149c8fa984e65017453","true"
"AWS-SIGN-0381","notes","只授权此 PK 按冻结来源行执行 write_action；除 review_status 外，写入语义列必须与 source_path 中该 PK 完全一致。package_review、independent_signoff 与 freeze_binding_status 由本签字和三项冻结哈希闭合。","只授权此 PK 按冻结来源行执行 write_action；除 review_status 外，写入语义列必须与 source_path 中该 PK 完全一致。package_review、independent_signoff 与 freeze_binding_status 由本签字和三项冻结哈希闭合。rebase_binding=AWS-SIGNOFF-REBASE-GOOGLE-SOURCE-GATE-20260813","true"
"AWS-SIGN-0382","formal_baseline_aggregate_sha256","0b4c6106bde7e2a62b1ffd6a0df7246ded62177d941c7fb9303a2cbac62f92bf","97ebb17a2518e3a43b18a382dcfc879c1f5e2b08118a6149c8fa984e65017453","true"
"AWS-SIGN-0382","notes","只授权此 PK 按冻结来源行执行 write_action；除 review_status 外，写入语义列必须与 source_path 中该 PK 完全一致。package_review、independent_signoff 与 freeze_binding_status 由本签字和三项冻结哈希闭合。","只授权此 PK 按冻结来源行执行 write_action；除 review_status 外，写入语义列必须与 source_path 中该 PK 完全一致。package_review、independent_signoff 与 freeze_binding_status 由本签字和三项冻结哈希闭合。rebase_binding=AWS-SIGNOFF-REBASE-GOOGLE-SOURCE-GATE-20260813","true"
"AWS-SIGN-0383","formal_baseline_aggregate_sha256","0b4c6106bde7e2a62b1ffd6a0df7246ded62177d941c7fb9303a2cbac62f92bf","97ebb17a2518e3a43b18a382dcfc879c1f5e2b08118a6149c8fa984e65017453","true"
"AWS-SIGN-0383","notes","只授权此 PK 按冻结来源行执行 write_action；除 review_status 外，写入语义列必须与 source_path 中该 PK 完全一致。package_review、independent_signoff 与 freeze_binding_status 由本签字和三项冻结哈希闭合。","只授权此 PK 按冻结来源行执行 write_action；除 review_status 外，写入语义列必须与 source_path 中该 PK 完全一致。package_review、independent_signoff 与 freeze_binding_status 由本签字和三项冻结哈希闭合。rebase_binding=AWS-SIGNOFF-REBASE-GOOGLE-SOURCE-GATE-20260813","true"
"AWS-SIGN-0384","formal_baseline_aggregate_sha256","0b4c6106bde7e2a62b1ffd6a0df7246ded62177d941c7fb9303a2cbac62f92bf","97ebb17a2518e3a43b18a382dcfc879c1f5e2b08118a6149c8fa984e65017453","true"
"AWS-SIGN-0384","notes","只授权此 PK 按冻结来源行执行 write_action；除 review_status 外，写入语义列必须与 source_path 中该 PK 完全一致。package_review、independent_signoff 与 freeze_binding_status 由本签字和三项冻结哈希闭合。","只授权此 PK 按冻结来源行执行 write_action；除 review_status 外，写入语义列必须与 source_path 中该 PK 完全一致。package_review、independent_signoff 与 freeze_binding_status 由本签字和三项冻结哈希闭合。rebase_binding=AWS-SIGNOFF-REBASE-GOOGLE-SOURCE-GATE-20260813","true"
"AWS-SIGN-0385","formal_baseline_aggregate_sha256","0b4c6106bde7e2a62b1ffd6a0df7246ded62177d941c7fb9303a2cbac62f92bf","97ebb17a2518e3a43b18a382dcfc879c1f5e2b08118a6149c8fa984e65017453","true"
"AWS-SIGN-0385","notes","只授权此 PK 按冻结来源行执行 write_action；除 review_status 外，写入语义列必须与 source_path 中该 PK 完全一致。package_review、independent_signoff 与 freeze_binding_status 由本签字和三项冻结哈希闭合。","只授权此 PK 按冻结来源行执行 write_action；除 review_status 外，写入语义列必须与 source_path 中该 PK 完全一致。package_review、independent_signoff 与 freeze_binding_status 由本签字和三项冻结哈希闭合。rebase_binding=AWS-SIGNOFF-REBASE-GOOGLE-SOURCE-GATE-20260813","true"
"AWS-SIGN-0386","formal_baseline_aggregate_sha256","0b4c6106bde7e2a62b1ffd6a0df7246ded62177d941c7fb9303a2cbac62f92bf","97ebb17a2518e3a43b18a382dcfc879c1f5e2b08118a6149c8fa984e65017453","true"
"AWS-SIGN-0386","notes","只授权此 PK 按冻结来源行执行 write_action；除 review_status 外，写入语义列必须与 source_path 中该 PK 完全一致。package_review、independent_signoff 与 freeze_binding_status 由本签字和三项冻结哈希闭合。","只授权此 PK 按冻结来源行执行 write_action；除 review_status 外，写入语义列必须与 source_path 中该 PK 完全一致。package_review、independent_signoff 与 freeze_binding_status 由本签字和三项冻结哈希闭合。rebase_binding=AWS-SIGNOFF-REBASE-GOOGLE-SOURCE-GATE-20260813","true"
"AWS-SIGN-0387","formal_baseline_aggregate_sha256","0b4c6106bde7e2a62b1ffd6a0df7246ded62177d941c7fb9303a2cbac62f92bf","97ebb17a2518e3a43b18a382dcfc879c1f5e2b08118a6149c8fa984e65017453","true"
"AWS-SIGN-0387","notes","只授权此 PK 按冻结来源行执行 write_action；除 review_status 外，写入语义列必须与 source_path 中该 PK 完全一致。package_review、independent_signoff 与 freeze_binding_status 由本签字和三项冻结哈希闭合。","只授权此 PK 按冻结来源行执行 write_action；除 review_status 外，写入语义列必须与 source_path 中该 PK 完全一致。package_review、independent_signoff 与 freeze_binding_status 由本签字和三项冻结哈希闭合。rebase_binding=AWS-SIGNOFF-REBASE-GOOGLE-SOURCE-GATE-20260813","true"
"AWS-SIGN-0388","formal_baseline_aggregate_sha256","0b4c6106bde7e2a62b1ffd6a0df7246ded62177d941c7fb9303a2cbac62f92bf","97ebb17a2518e3a43b18a382dcfc879c1f5e2b08118a6149c8fa984e65017453","true"
"AWS-SIGN-0388","notes","只授权此 PK 按冻结来源行执行 write_action；除 review_status 外，写入语义列必须与 source_path 中该 PK 完全一致。package_review、independent_signoff 与 freeze_binding_status 由本签字和三项冻结哈希闭合。","只授权此 PK 按冻结来源行执行 write_action；除 review_status 外，写入语义列必须与 source_path 中该 PK 完全一致。package_review、independent_signoff 与 freeze_binding_status 由本签字和三项冻结哈希闭合。rebase_binding=AWS-SIGNOFF-REBASE-GOOGLE-SOURCE-GATE-20260813","true"
"AWS-SIGN-0389","formal_baseline_aggregate_sha256","0b4c6106bde7e2a62b1ffd6a0df7246ded62177d941c7fb9303a2cbac62f92bf","97ebb17a2518e3a43b18a382dcfc879c1f5e2b08118a6149c8fa984e65017453","true"
"AWS-SIGN-0389","notes","只授权此 PK 按冻结来源行执行 write_action；除 review_status 外，写入语义列必须与 source_path 中该 PK 完全一致。package_review、independent_signoff 与 freeze_binding_status 由本签字和三项冻结哈希闭合。","只授权此 PK 按冻结来源行执行 write_action；除 review_status 外，写入语义列必须与 source_path 中该 PK 完全一致。package_review、independent_signoff 与 freeze_binding_status 由本签字和三项冻结哈希闭合。rebase_binding=AWS-SIGNOFF-REBASE-GOOGLE-SOURCE-GATE-20260813","true"
"AWS-SIGN-0390","formal_baseline_aggregate_sha256","0b4c6106bde7e2a62b1ffd6a0df7246ded62177d941c7fb9303a2cbac62f92bf","97ebb17a2518e3a43b18a382dcfc879c1f5e2b08118a6149c8fa984e65017453","true"
"AWS-SIGN-0390","notes","只授权此 PK 按冻结来源行执行 write_action；除 review_status 外，写入语义列必须与 source_path 中该 PK 完全一致。package_review、independent_signoff 与 freeze_binding_status 由本签字和三项冻结哈希闭合。","只授权此 PK 按冻结来源行执行 write_action；除 review_status 外，写入语义列必须与 source_path 中该 PK 完全一致。package_review、independent_signoff 与 freeze_binding_status 由本签字和三项冻结哈希闭合。rebase_binding=AWS-SIGNOFF-REBASE-GOOGLE-SOURCE-GATE-20260813","true"
"AWS-SIGN-0391","formal_baseline_aggregate_sha256","0b4c6106bde7e2a62b1ffd6a0df7246ded62177d941c7fb9303a2cbac62f92bf","97ebb17a2518e3a43b18a382dcfc879c1f5e2b08118a6149c8fa984e65017453","true"
"AWS-SIGN-0391","notes","只授权此 PK 按冻结来源行执行 write_action；除 review_status 外，写入语义列必须与 source_path 中该 PK 完全一致。package_review、independent_signoff 与 freeze_binding_status 由本签字和三项冻结哈希闭合。","只授权此 PK 按冻结来源行执行 write_action；除 review_status 外，写入语义列必须与 source_path 中该 PK 完全一致。package_review、independent_signoff 与 freeze_binding_status 由本签字和三项冻结哈希闭合。rebase_binding=AWS-SIGNOFF-REBASE-GOOGLE-SOURCE-GATE-20260813","true"
"AWS-SIGN-0392","formal_baseline_aggregate_sha256","0b4c6106bde7e2a62b1ffd6a0df7246ded62177d941c7fb9303a2cbac62f92bf","97ebb17a2518e3a43b18a382dcfc879c1f5e2b08118a6149c8fa984e65017453","true"
"AWS-SIGN-0392","notes","只授权此 PK 按冻结来源行执行 write_action；除 review_status 外，写入语义列必须与 source_path 中该 PK 完全一致。package_review、independent_signoff 与 freeze_binding_status 由本签字和三项冻结哈希闭合。","只授权此 PK 按冻结来源行执行 write_action；除 review_status 外，写入语义列必须与 source_path 中该 PK 完全一致。package_review、independent_signoff 与 freeze_binding_status 由本签字和三项冻结哈希闭合。rebase_binding=AWS-SIGNOFF-REBASE-GOOGLE-SOURCE-GATE-20260813","true"
"AWS-SIGN-0393","formal_baseline_aggregate_sha256","0b4c6106bde7e2a62b1ffd6a0df7246ded62177d941c7fb9303a2cbac62f92bf","97ebb17a2518e3a43b18a382dcfc879c1f5e2b08118a6149c8fa984e65017453","true"
"AWS-SIGN-0393","notes","只授权此 PK 按冻结来源行执行 write_action；除 review_status 外，写入语义列必须与 source_path 中该 PK 完全一致。package_review、independent_signoff 与 freeze_binding_status 由本签字和三项冻结哈希闭合。","只授权此 PK 按冻结来源行执行 write_action；除 review_status 外，写入语义列必须与 source_path 中该 PK 完全一致。package_review、independent_signoff 与 freeze_binding_status 由本签字和三项冻结哈希闭合。rebase_binding=AWS-SIGNOFF-REBASE-GOOGLE-SOURCE-GATE-20260813","true"
"AWS-SIGN-0394","formal_baseline_aggregate_sha256","0b4c6106bde7e2a62b1ffd6a0df7246ded62177d941c7fb9303a2cbac62f92bf","97ebb17a2518e3a43b18a382dcfc879c1f5e2b08118a6149c8fa984e65017453","true"
"AWS-SIGN-0394","notes","只授权此 PK 按冻结来源行执行 write_action；除 review_status 外，写入语义列必须与 source_path 中该 PK 完全一致。package_review、independent_signoff 与 freeze_binding_status 由本签字和三项冻结哈希闭合。","只授权此 PK 按冻结来源行执行 write_action；除 review_status 外，写入语义列必须与 source_path 中该 PK 完全一致。package_review、independent_signoff 与 freeze_binding_status 由本签字和三项冻结哈希闭合。rebase_binding=AWS-SIGNOFF-REBASE-GOOGLE-SOURCE-GATE-20260813","true"
"AWS-SIGN-0395","formal_baseline_aggregate_sha256","0b4c6106bde7e2a62b1ffd6a0df7246ded62177d941c7fb9303a2cbac62f92bf","97ebb17a2518e3a43b18a382dcfc879c1f5e2b08118a6149c8fa984e65017453","true"
"AWS-SIGN-0395","notes","只授权此 PK 按冻结来源行执行 write_action；除 review_status 外，写入语义列必须与 source_path 中该 PK 完全一致。package_review、independent_signoff 与 freeze_binding_status 由本签字和三项冻结哈希闭合。","只授权此 PK 按冻结来源行执行 write_action；除 review_status 外，写入语义列必须与 source_path 中该 PK 完全一致。package_review、independent_signoff 与 freeze_binding_status 由本签字和三项冻结哈希闭合。rebase_binding=AWS-SIGNOFF-REBASE-GOOGLE-SOURCE-GATE-20260813","true"
"AWS-SIGN-0396","formal_baseline_aggregate_sha256","0b4c6106bde7e2a62b1ffd6a0df7246ded62177d941c7fb9303a2cbac62f92bf","97ebb17a2518e3a43b18a382dcfc879c1f5e2b08118a6149c8fa984e65017453","true"
"AWS-SIGN-0396","notes","只授权此 PK 按冻结来源行执行 write_action；除 review_status 外，写入语义列必须与 source_path 中该 PK 完全一致。package_review、independent_signoff 与 freeze_binding_status 由本签字和三项冻结哈希闭合。","只授权此 PK 按冻结来源行执行 write_action；除 review_status 外，写入语义列必须与 source_path 中该 PK 完全一致。package_review、independent_signoff 与 freeze_binding_status 由本签字和三项冻结哈希闭合。rebase_binding=AWS-SIGNOFF-REBASE-GOOGLE-SOURCE-GATE-20260813","true"
"AWS-SIGN-0397","formal_baseline_aggregate_sha256","0b4c6106bde7e2a62b1ffd6a0df7246ded62177d941c7fb9303a2cbac62f92bf","97ebb17a2518e3a43b18a382dcfc879c1f5e2b08118a6149c8fa984e65017453","true"
"AWS-SIGN-0397","notes","只授权此 PK 按冻结来源行执行 write_action；除 review_status 外，写入语义列必须与 source_path 中该 PK 完全一致。package_review、independent_signoff 与 freeze_binding_status 由本签字和三项冻结哈希闭合。","只授权此 PK 按冻结来源行执行 write_action；除 review_status 外，写入语义列必须与 source_path 中该 PK 完全一致。package_review、independent_signoff 与 freeze_binding_status 由本签字和三项冻结哈希闭合。rebase_binding=AWS-SIGNOFF-REBASE-GOOGLE-SOURCE-GATE-20260813","true"
"AWS-SIGN-0398","formal_baseline_aggregate_sha256","0b4c6106bde7e2a62b1ffd6a0df7246ded62177d941c7fb9303a2cbac62f92bf","97ebb17a2518e3a43b18a382dcfc879c1f5e2b08118a6149c8fa984e65017453","true"
"AWS-SIGN-0398","notes","只授权此 PK 按冻结来源行执行 write_action；除 review_status 外，写入语义列必须与 source_path 中该 PK 完全一致。package_review、independent_signoff 与 freeze_binding_status 由本签字和三项冻结哈希闭合。","只授权此 PK 按冻结来源行执行 write_action；除 review_status 外，写入语义列必须与 source_path 中该 PK 完全一致。package_review、independent_signoff 与 freeze_binding_status 由本签字和三项冻结哈希闭合。rebase_binding=AWS-SIGNOFF-REBASE-GOOGLE-SOURCE-GATE-20260813","true"
"AWS-SIGN-0399","formal_baseline_aggregate_sha256","0b4c6106bde7e2a62b1ffd6a0df7246ded62177d941c7fb9303a2cbac62f92bf","97ebb17a2518e3a43b18a382dcfc879c1f5e2b08118a6149c8fa984e65017453","true"
"AWS-SIGN-0399","notes","只授权此 PK 按冻结来源行执行 write_action；除 review_status 外，写入语义列必须与 source_path 中该 PK 完全一致。package_review、independent_signoff 与 freeze_binding_status 由本签字和三项冻结哈希闭合。","只授权此 PK 按冻结来源行执行 write_action；除 review_status 外，写入语义列必须与 source_path 中该 PK 完全一致。package_review、independent_signoff 与 freeze_binding_status 由本签字和三项冻结哈希闭合。rebase_binding=AWS-SIGNOFF-REBASE-GOOGLE-SOURCE-GATE-20260813","true"
"AWS-SIGN-0400","formal_baseline_aggregate_sha256","0b4c6106bde7e2a62b1ffd6a0df7246ded62177d941c7fb9303a2cbac62f92bf","97ebb17a2518e3a43b18a382dcfc879c1f5e2b08118a6149c8fa984e65017453","true"
"AWS-SIGN-0400","notes","只授权此 PK 按冻结来源行执行 write_action；除 review_status 外，写入语义列必须与 source_path 中该 PK 完全一致。package_review、independent_signoff 与 freeze_binding_status 由本签字和三项冻结哈希闭合。","只授权此 PK 按冻结来源行执行 write_action；除 review_status 外，写入语义列必须与 source_path 中该 PK 完全一致。package_review、independent_signoff 与 freeze_binding_status 由本签字和三项冻结哈希闭合。rebase_binding=AWS-SIGNOFF-REBASE-GOOGLE-SOURCE-GATE-20260813","true"
"AWS-SIGN-0401","formal_baseline_aggregate_sha256","0b4c6106bde7e2a62b1ffd6a0df7246ded62177d941c7fb9303a2cbac62f92bf","97ebb17a2518e3a43b18a382dcfc879c1f5e2b08118a6149c8fa984e65017453","true"
"AWS-SIGN-0401","notes","只授权此 PK 按冻结来源行执行 write_action；除 review_status 外，写入语义列必须与 source_path 中该 PK 完全一致。package_review、independent_signoff 与 freeze_binding_status 由本签字和三项冻结哈希闭合。","只授权此 PK 按冻结来源行执行 write_action；除 review_status 外，写入语义列必须与 source_path 中该 PK 完全一致。package_review、independent_signoff 与 freeze_binding_status 由本签字和三项冻结哈希闭合。rebase_binding=AWS-SIGNOFF-REBASE-GOOGLE-SOURCE-GATE-20260813","true"
"AWS-SIGN-0402","formal_baseline_aggregate_sha256","0b4c6106bde7e2a62b1ffd6a0df7246ded62177d941c7fb9303a2cbac62f92bf","97ebb17a2518e3a43b18a382dcfc879c1f5e2b08118a6149c8fa984e65017453","true"
"AWS-SIGN-0402","notes","只授权此 PK 按冻结来源行执行 write_action；除 review_status 外，写入语义列必须与 source_path 中该 PK 完全一致。package_review、independent_signoff 与 freeze_binding_status 由本签字和三项冻结哈希闭合。","只授权此 PK 按冻结来源行执行 write_action；除 review_status 外，写入语义列必须与 source_path 中该 PK 完全一致。package_review、independent_signoff 与 freeze_binding_status 由本签字和三项冻结哈希闭合。rebase_binding=AWS-SIGNOFF-REBASE-GOOGLE-SOURCE-GATE-20260813","true"
"AWS-SIGN-0403","formal_baseline_aggregate_sha256","0b4c6106bde7e2a62b1ffd6a0df7246ded62177d941c7fb9303a2cbac62f92bf","97ebb17a2518e3a43b18a382dcfc879c1f5e2b08118a6149c8fa984e65017453","true"
"AWS-SIGN-0403","notes","只授权此 PK 按冻结来源行执行 write_action；除 review_status 外，写入语义列必须与 source_path 中该 PK 完全一致。package_review、independent_signoff 与 freeze_binding_status 由本签字和三项冻结哈希闭合。","只授权此 PK 按冻结来源行执行 write_action；除 review_status 外，写入语义列必须与 source_path 中该 PK 完全一致。package_review、independent_signoff 与 freeze_binding_status 由本签字和三项冻结哈希闭合。rebase_binding=AWS-SIGNOFF-REBASE-GOOGLE-SOURCE-GATE-20260813","true"
"AWS-SIGN-0404","formal_baseline_aggregate_sha256","0b4c6106bde7e2a62b1ffd6a0df7246ded62177d941c7fb9303a2cbac62f92bf","97ebb17a2518e3a43b18a382dcfc879c1f5e2b08118a6149c8fa984e65017453","true"
"AWS-SIGN-0404","notes","只授权此 PK 按冻结来源行执行 write_action；除 review_status 外，写入语义列必须与 source_path 中该 PK 完全一致。package_review、independent_signoff 与 freeze_binding_status 由本签字和三项冻结哈希闭合。","只授权此 PK 按冻结来源行执行 write_action；除 review_status 外，写入语义列必须与 source_path 中该 PK 完全一致。package_review、independent_signoff 与 freeze_binding_status 由本签字和三项冻结哈希闭合。rebase_binding=AWS-SIGNOFF-REBASE-GOOGLE-SOURCE-GATE-20260813","true"
"AWS-SIGN-0405","formal_baseline_aggregate_sha256","0b4c6106bde7e2a62b1ffd6a0df7246ded62177d941c7fb9303a2cbac62f92bf","97ebb17a2518e3a43b18a382dcfc879c1f5e2b08118a6149c8fa984e65017453","true"
"AWS-SIGN-0405","notes","只授权此 PK 按冻结来源行执行 write_action；除 review_status 外，写入语义列必须与 source_path 中该 PK 完全一致。package_review、independent_signoff 与 freeze_binding_status 由本签字和三项冻结哈希闭合。","只授权此 PK 按冻结来源行执行 write_action；除 review_status 外，写入语义列必须与 source_path 中该 PK 完全一致。package_review、independent_signoff 与 freeze_binding_status 由本签字和三项冻结哈希闭合。rebase_binding=AWS-SIGNOFF-REBASE-GOOGLE-SOURCE-GATE-20260813","true"
"AWS-SIGN-0406","formal_baseline_aggregate_sha256","0b4c6106bde7e2a62b1ffd6a0df7246ded62177d941c7fb9303a2cbac62f92bf","97ebb17a2518e3a43b18a382dcfc879c1f5e2b08118a6149c8fa984e65017453","true"
"AWS-SIGN-0406","notes","只授权此 PK 按冻结来源行执行 write_action；除 review_status 外，写入语义列必须与 source_path 中该 PK 完全一致。package_review、independent_signoff 与 freeze_binding_status 由本签字和三项冻结哈希闭合。","只授权此 PK 按冻结来源行执行 write_action；除 review_status 外，写入语义列必须与 source_path 中该 PK 完全一致。package_review、independent_signoff 与 freeze_binding_status 由本签字和三项冻结哈希闭合。rebase_binding=AWS-SIGNOFF-REBASE-GOOGLE-SOURCE-GATE-20260813","true"
"AWS-SIGN-0407","formal_baseline_aggregate_sha256","0b4c6106bde7e2a62b1ffd6a0df7246ded62177d941c7fb9303a2cbac62f92bf","97ebb17a2518e3a43b18a382dcfc879c1f5e2b08118a6149c8fa984e65017453","true"
"AWS-SIGN-0407","notes","只授权此 PK 按冻结来源行执行 write_action；除 review_status 外，写入语义列必须与 source_path 中该 PK 完全一致。package_review、independent_signoff 与 freeze_binding_status 由本签字和三项冻结哈希闭合。","只授权此 PK 按冻结来源行执行 write_action；除 review_status 外，写入语义列必须与 source_path 中该 PK 完全一致。package_review、independent_signoff 与 freeze_binding_status 由本签字和三项冻结哈希闭合。rebase_binding=AWS-SIGNOFF-REBASE-GOOGLE-SOURCE-GATE-20260813","true"
"AWS-SIGN-0408","formal_baseline_aggregate_sha256","0b4c6106bde7e2a62b1ffd6a0df7246ded62177d941c7fb9303a2cbac62f92bf","97ebb17a2518e3a43b18a382dcfc879c1f5e2b08118a6149c8fa984e65017453","true"
"AWS-SIGN-0408","notes","只授权此 PK 按冻结来源行执行 write_action；除 review_status 外，写入语义列必须与 source_path 中该 PK 完全一致。package_review、independent_signoff 与 freeze_binding_status 由本签字和三项冻结哈希闭合。","只授权此 PK 按冻结来源行执行 write_action；除 review_status 外，写入语义列必须与 source_path 中该 PK 完全一致。package_review、independent_signoff 与 freeze_binding_status 由本签字和三项冻结哈希闭合。rebase_binding=AWS-SIGNOFF-REBASE-GOOGLE-SOURCE-GATE-20260813","true"
"AWS-SIGN-0409","formal_baseline_aggregate_sha256","0b4c6106bde7e2a62b1ffd6a0df7246ded62177d941c7fb9303a2cbac62f92bf","97ebb17a2518e3a43b18a382dcfc879c1f5e2b08118a6149c8fa984e65017453","true"
"AWS-SIGN-0409","notes","只授权此 PK 按冻结来源行执行 write_action；除 review_status 外，写入语义列必须与 source_path 中该 PK 完全一致。package_review、independent_signoff 与 freeze_binding_status 由本签字和三项冻结哈希闭合。","只授权此 PK 按冻结来源行执行 write_action；除 review_status 外，写入语义列必须与 source_path 中该 PK 完全一致。package_review、independent_signoff 与 freeze_binding_status 由本签字和三项冻结哈希闭合。rebase_binding=AWS-SIGNOFF-REBASE-GOOGLE-SOURCE-GATE-20260813","true"
"AWS-SIGN-0410","formal_baseline_aggregate_sha256","0b4c6106bde7e2a62b1ffd6a0df7246ded62177d941c7fb9303a2cbac62f92bf","97ebb17a2518e3a43b18a382dcfc879c1f5e2b08118a6149c8fa984e65017453","true"
"AWS-SIGN-0410","notes","只授权此 PK 按冻结来源行执行 write_action；除 review_status 外，写入语义列必须与 source_path 中该 PK 完全一致。package_review、independent_signoff 与 freeze_binding_status 由本签字和三项冻结哈希闭合。","只授权此 PK 按冻结来源行执行 write_action；除 review_status 外，写入语义列必须与 source_path 中该 PK 完全一致。package_review、independent_signoff 与 freeze_binding_status 由本签字和三项冻结哈希闭合。rebase_binding=AWS-SIGNOFF-REBASE-GOOGLE-SOURCE-GATE-20260813","true"
"AWS-SIGN-0411","formal_baseline_aggregate_sha256","0b4c6106bde7e2a62b1ffd6a0df7246ded62177d941c7fb9303a2cbac62f92bf","97ebb17a2518e3a43b18a382dcfc879c1f5e2b08118a6149c8fa984e65017453","true"
"AWS-SIGN-0411","notes","只授权此 PK 按冻结来源行执行 write_action；除 review_status 外，写入语义列必须与 source_path 中该 PK 完全一致。package_review、independent_signoff 与 freeze_binding_status 由本签字和三项冻结哈希闭合。","只授权此 PK 按冻结来源行执行 write_action；除 review_status 外，写入语义列必须与 source_path 中该 PK 完全一致。package_review、independent_signoff 与 freeze_binding_status 由本签字和三项冻结哈希闭合。rebase_binding=AWS-SIGNOFF-REBASE-GOOGLE-SOURCE-GATE-20260813","true"
"AWS-SIGN-0412","formal_baseline_aggregate_sha256","0b4c6106bde7e2a62b1ffd6a0df7246ded62177d941c7fb9303a2cbac62f92bf","97ebb17a2518e3a43b18a382dcfc879c1f5e2b08118a6149c8fa984e65017453","true"
"AWS-SIGN-0412","notes","只授权此 PK 按冻结来源行执行 write_action；除 review_status 外，写入语义列必须与 source_path 中该 PK 完全一致。package_review、independent_signoff 与 freeze_binding_status 由本签字和三项冻结哈希闭合。","只授权此 PK 按冻结来源行执行 write_action；除 review_status 外，写入语义列必须与 source_path 中该 PK 完全一致。package_review、independent_signoff 与 freeze_binding_status 由本签字和三项冻结哈希闭合。rebase_binding=AWS-SIGNOFF-REBASE-GOOGLE-SOURCE-GATE-20260813","true"
"AWS-SIGN-0413","formal_baseline_aggregate_sha256","0b4c6106bde7e2a62b1ffd6a0df7246ded62177d941c7fb9303a2cbac62f92bf","97ebb17a2518e3a43b18a382dcfc879c1f5e2b08118a6149c8fa984e65017453","true"
"AWS-SIGN-0413","notes","只授权此 PK 按冻结来源行执行 write_action；除 review_status 外，写入语义列必须与 source_path 中该 PK 完全一致。package_review、independent_signoff 与 freeze_binding_status 由本签字和三项冻结哈希闭合。","只授权此 PK 按冻结来源行执行 write_action；除 review_status 外，写入语义列必须与 source_path 中该 PK 完全一致。package_review、independent_signoff 与 freeze_binding_status 由本签字和三项冻结哈希闭合。rebase_binding=AWS-SIGNOFF-REBASE-GOOGLE-SOURCE-GATE-20260813","true"
"AWS-SIGN-0414","formal_target_premerge_sha256","b67292934c9f58a6512175c9852ec28814885adf2f15c13fb7155e9a7b64d025","652c53647108701eddaf2e1f998417570f852acce78f2b8a2714497baff13035","true"
"AWS-SIGN-0414","formal_baseline_aggregate_sha256","0b4c6106bde7e2a62b1ffd6a0df7246ded62177d941c7fb9303a2cbac62f92bf","97ebb17a2518e3a43b18a382dcfc879c1f5e2b08118a6149c8fa984e65017453","true"
"AWS-SIGN-0414","notes","只授权此 PK 按冻结来源行执行 write_action；除 review_status 外，写入语义列必须与 source_path 中该 PK 完全一致。package_review、independent_signoff 与 freeze_binding_status 由本签字和三项冻结哈希闭合。","只授权此 PK 按冻结来源行执行 write_action；除 review_status 外，写入语义列必须与 source_path 中该 PK 完全一致。package_review、independent_signoff 与 freeze_binding_status 由本签字和三项冻结哈希闭合。rebase_binding=AWS-SIGNOFF-REBASE-GOOGLE-SOURCE-GATE-20260813","true"
"AWS-SIGN-0415","formal_target_premerge_sha256","b67292934c9f58a6512175c9852ec28814885adf2f15c13fb7155e9a7b64d025","652c53647108701eddaf2e1f998417570f852acce78f2b8a2714497baff13035","true"
"AWS-SIGN-0415","formal_baseline_aggregate_sha256","0b4c6106bde7e2a62b1ffd6a0df7246ded62177d941c7fb9303a2cbac62f92bf","97ebb17a2518e3a43b18a382dcfc879c1f5e2b08118a6149c8fa984e65017453","true"
"AWS-SIGN-0415","notes","只授权此 PK 按冻结来源行执行 write_action；除 review_status 外，写入语义列必须与 source_path 中该 PK 完全一致。package_review、independent_signoff 与 freeze_binding_status 由本签字和三项冻结哈希闭合。","只授权此 PK 按冻结来源行执行 write_action；除 review_status 外，写入语义列必须与 source_path 中该 PK 完全一致。package_review、independent_signoff 与 freeze_binding_status 由本签字和三项冻结哈希闭合。rebase_binding=AWS-SIGNOFF-REBASE-GOOGLE-SOURCE-GATE-20260813","true"
"AWS-SIGN-0416","formal_target_premerge_sha256","b67292934c9f58a6512175c9852ec28814885adf2f15c13fb7155e9a7b64d025","652c53647108701eddaf2e1f998417570f852acce78f2b8a2714497baff13035","true"
"AWS-SIGN-0416","formal_baseline_aggregate_sha256","0b4c6106bde7e2a62b1ffd6a0df7246ded62177d941c7fb9303a2cbac62f92bf","97ebb17a2518e3a43b18a382dcfc879c1f5e2b08118a6149c8fa984e65017453","true"
"AWS-SIGN-0416","notes","只授权此 PK 按冻结来源行执行 write_action；除 review_status 外，写入语义列必须与 source_path 中该 PK 完全一致。package_review、independent_signoff 与 freeze_binding_status 由本签字和三项冻结哈希闭合。","只授权此 PK 按冻结来源行执行 write_action；除 review_status 外，写入语义列必须与 source_path 中该 PK 完全一致。package_review、independent_signoff 与 freeze_binding_status 由本签字和三项冻结哈希闭合。rebase_binding=AWS-SIGNOFF-REBASE-GOOGLE-SOURCE-GATE-20260813","true"
"AWS-SIGN-0417","formal_target_premerge_sha256","b67292934c9f58a6512175c9852ec28814885adf2f15c13fb7155e9a7b64d025","652c53647108701eddaf2e1f998417570f852acce78f2b8a2714497baff13035","true"
"AWS-SIGN-0417","formal_baseline_aggregate_sha256","0b4c6106bde7e2a62b1ffd6a0df7246ded62177d941c7fb9303a2cbac62f92bf","97ebb17a2518e3a43b18a382dcfc879c1f5e2b08118a6149c8fa984e65017453","true"
"AWS-SIGN-0417","notes","只授权此 PK 按冻结来源行执行 write_action；除 review_status 外，写入语义列必须与 source_path 中该 PK 完全一致。package_review、independent_signoff 与 freeze_binding_status 由本签字和三项冻结哈希闭合。","只授权此 PK 按冻结来源行执行 write_action；除 review_status 外，写入语义列必须与 source_path 中该 PK 完全一致。package_review、independent_signoff 与 freeze_binding_status 由本签字和三项冻结哈希闭合。rebase_binding=AWS-SIGNOFF-REBASE-GOOGLE-SOURCE-GATE-20260813","true"
"AWS-SIGN-0418","formal_target_premerge_sha256","b67292934c9f58a6512175c9852ec28814885adf2f15c13fb7155e9a7b64d025","652c53647108701eddaf2e1f998417570f852acce78f2b8a2714497baff13035","true"
"AWS-SIGN-0418","formal_baseline_aggregate_sha256","0b4c6106bde7e2a62b1ffd6a0df7246ded62177d941c7fb9303a2cbac62f92bf","97ebb17a2518e3a43b18a382dcfc879c1f5e2b08118a6149c8fa984e65017453","true"
"AWS-SIGN-0418","notes","只授权此 PK 按冻结来源行执行 write_action；除 review_status 外，写入语义列必须与 source_path 中该 PK 完全一致。package_review、independent_signoff 与 freeze_binding_status 由本签字和三项冻结哈希闭合。","只授权此 PK 按冻结来源行执行 write_action；除 review_status 外，写入语义列必须与 source_path 中该 PK 完全一致。package_review、independent_signoff 与 freeze_binding_status 由本签字和三项冻结哈希闭合。rebase_binding=AWS-SIGNOFF-REBASE-GOOGLE-SOURCE-GATE-20260813","true"
"AWS-SIGN-0419","formal_target_premerge_sha256","b67292934c9f58a6512175c9852ec28814885adf2f15c13fb7155e9a7b64d025","652c53647108701eddaf2e1f998417570f852acce78f2b8a2714497baff13035","true"
"AWS-SIGN-0419","formal_baseline_aggregate_sha256","0b4c6106bde7e2a62b1ffd6a0df7246ded62177d941c7fb9303a2cbac62f92bf","97ebb17a2518e3a43b18a382dcfc879c1f5e2b08118a6149c8fa984e65017453","true"
"AWS-SIGN-0419","notes","只授权此 PK 按冻结来源行执行 write_action；除 review_status 外，写入语义列必须与 source_path 中该 PK 完全一致。package_review、independent_signoff 与 freeze_binding_status 由本签字和三项冻结哈希闭合。","只授权此 PK 按冻结来源行执行 write_action；除 review_status 外，写入语义列必须与 source_path 中该 PK 完全一致。package_review、independent_signoff 与 freeze_binding_status 由本签字和三项冻结哈希闭合。rebase_binding=AWS-SIGNOFF-REBASE-GOOGLE-SOURCE-GATE-20260813","true"
"AWS-SIGN-0420","formal_target_premerge_sha256","b67292934c9f58a6512175c9852ec28814885adf2f15c13fb7155e9a7b64d025","652c53647108701eddaf2e1f998417570f852acce78f2b8a2714497baff13035","true"
"AWS-SIGN-0420","formal_baseline_aggregate_sha256","0b4c6106bde7e2a62b1ffd6a0df7246ded62177d941c7fb9303a2cbac62f92bf","97ebb17a2518e3a43b18a382dcfc879c1f5e2b08118a6149c8fa984e65017453","true"
"AWS-SIGN-0420","notes","只授权此 PK 按冻结来源行执行 write_action；除 review_status 外，写入语义列必须与 source_path 中该 PK 完全一致。package_review、independent_signoff 与 freeze_binding_status 由本签字和三项冻结哈希闭合。","只授权此 PK 按冻结来源行执行 write_action；除 review_status 外，写入语义列必须与 source_path 中该 PK 完全一致。package_review、independent_signoff 与 freeze_binding_status 由本签字和三项冻结哈希闭合。rebase_binding=AWS-SIGNOFF-REBASE-GOOGLE-SOURCE-GATE-20260813","true"
"AWS-SIGN-0421","formal_target_premerge_sha256","b67292934c9f58a6512175c9852ec28814885adf2f15c13fb7155e9a7b64d025","652c53647108701eddaf2e1f998417570f852acce78f2b8a2714497baff13035","true"
"AWS-SIGN-0421","formal_baseline_aggregate_sha256","0b4c6106bde7e2a62b1ffd6a0df7246ded62177d941c7fb9303a2cbac62f92bf","97ebb17a2518e3a43b18a382dcfc879c1f5e2b08118a6149c8fa984e65017453","true"
"AWS-SIGN-0421","notes","只授权此 PK 按冻结来源行执行 write_action；除 review_status 外，写入语义列必须与 source_path 中该 PK 完全一致。package_review、independent_signoff 与 freeze_binding_status 由本签字和三项冻结哈希闭合。","只授权此 PK 按冻结来源行执行 write_action；除 review_status 外，写入语义列必须与 source_path 中该 PK 完全一致。package_review、independent_signoff 与 freeze_binding_status 由本签字和三项冻结哈希闭合。rebase_binding=AWS-SIGNOFF-REBASE-GOOGLE-SOURCE-GATE-20260813","true"
"AWS-SIGN-0422","formal_target_premerge_sha256","b67292934c9f58a6512175c9852ec28814885adf2f15c13fb7155e9a7b64d025","652c53647108701eddaf2e1f998417570f852acce78f2b8a2714497baff13035","true"
"AWS-SIGN-0422","formal_baseline_aggregate_sha256","0b4c6106bde7e2a62b1ffd6a0df7246ded62177d941c7fb9303a2cbac62f92bf","97ebb17a2518e3a43b18a382dcfc879c1f5e2b08118a6149c8fa984e65017453","true"
"AWS-SIGN-0422","notes","只授权此 PK 按冻结来源行执行 write_action；除 review_status 外，写入语义列必须与 source_path 中该 PK 完全一致。package_review、independent_signoff 与 freeze_binding_status 由本签字和三项冻结哈希闭合。","只授权此 PK 按冻结来源行执行 write_action；除 review_status 外，写入语义列必须与 source_path 中该 PK 完全一致。package_review、independent_signoff 与 freeze_binding_status 由本签字和三项冻结哈希闭合。rebase_binding=AWS-SIGNOFF-REBASE-GOOGLE-SOURCE-GATE-20260813","true"
"AWS-SIGN-0423","formal_target_premerge_sha256","b67292934c9f58a6512175c9852ec28814885adf2f15c13fb7155e9a7b64d025","652c53647108701eddaf2e1f998417570f852acce78f2b8a2714497baff13035","true"
"AWS-SIGN-0423","formal_baseline_aggregate_sha256","0b4c6106bde7e2a62b1ffd6a0df7246ded62177d941c7fb9303a2cbac62f92bf","97ebb17a2518e3a43b18a382dcfc879c1f5e2b08118a6149c8fa984e65017453","true"
"AWS-SIGN-0423","notes","只授权此 PK 按冻结来源行执行 write_action；除 review_status 外，写入语义列必须与 source_path 中该 PK 完全一致。package_review、independent_signoff 与 freeze_binding_status 由本签字和三项冻结哈希闭合。","只授权此 PK 按冻结来源行执行 write_action；除 review_status 外，写入语义列必须与 source_path 中该 PK 完全一致。package_review、independent_signoff 与 freeze_binding_status 由本签字和三项冻结哈希闭合。rebase_binding=AWS-SIGNOFF-REBASE-GOOGLE-SOURCE-GATE-20260813","true"
"AWS-SIGN-0424","formal_target_premerge_sha256","b67292934c9f58a6512175c9852ec28814885adf2f15c13fb7155e9a7b64d025","652c53647108701eddaf2e1f998417570f852acce78f2b8a2714497baff13035","true"
"AWS-SIGN-0424","formal_baseline_aggregate_sha256","0b4c6106bde7e2a62b1ffd6a0df7246ded62177d941c7fb9303a2cbac62f92bf","97ebb17a2518e3a43b18a382dcfc879c1f5e2b08118a6149c8fa984e65017453","true"
"AWS-SIGN-0424","notes","只授权此 PK 按冻结来源行执行 write_action；除 review_status 外，写入语义列必须与 source_path 中该 PK 完全一致。package_review、independent_signoff 与 freeze_binding_status 由本签字和三项冻结哈希闭合。","只授权此 PK 按冻结来源行执行 write_action；除 review_status 外，写入语义列必须与 source_path 中该 PK 完全一致。package_review、independent_signoff 与 freeze_binding_status 由本签字和三项冻结哈希闭合。rebase_binding=AWS-SIGNOFF-REBASE-GOOGLE-SOURCE-GATE-20260813","true"
"AWS-SIGN-0425","formal_baseline_aggregate_sha256","0b4c6106bde7e2a62b1ffd6a0df7246ded62177d941c7fb9303a2cbac62f92bf","97ebb17a2518e3a43b18a382dcfc879c1f5e2b08118a6149c8fa984e65017453","true"
"AWS-SIGN-0425","notes","只授权此 PK 按冻结来源行执行 write_action；除 review_status 外，写入语义列必须与 source_path 中该 PK 完全一致。package_review、independent_signoff 与 freeze_binding_status 由本签字和三项冻结哈希闭合。","只授权此 PK 按冻结来源行执行 write_action；除 review_status 外，写入语义列必须与 source_path 中该 PK 完全一致。package_review、independent_signoff 与 freeze_binding_status 由本签字和三项冻结哈希闭合。rebase_binding=AWS-SIGNOFF-REBASE-GOOGLE-SOURCE-GATE-20260813","true"
"AWS-SIGN-0426","formal_baseline_aggregate_sha256","0b4c6106bde7e2a62b1ffd6a0df7246ded62177d941c7fb9303a2cbac62f92bf","97ebb17a2518e3a43b18a382dcfc879c1f5e2b08118a6149c8fa984e65017453","true"
"AWS-SIGN-0426","notes","只授权此 PK 按冻结来源行执行 write_action；除 review_status 外，写入语义列必须与 source_path 中该 PK 完全一致。package_review、independent_signoff 与 freeze_binding_status 由本签字和三项冻结哈希闭合。","只授权此 PK 按冻结来源行执行 write_action；除 review_status 外，写入语义列必须与 source_path 中该 PK 完全一致。package_review、independent_signoff 与 freeze_binding_status 由本签字和三项冻结哈希闭合。rebase_binding=AWS-SIGNOFF-REBASE-GOOGLE-SOURCE-GATE-20260813","true"
"AWS-SIGN-0427","formal_baseline_aggregate_sha256","0b4c6106bde7e2a62b1ffd6a0df7246ded62177d941c7fb9303a2cbac62f92bf","97ebb17a2518e3a43b18a382dcfc879c1f5e2b08118a6149c8fa984e65017453","true"
"AWS-SIGN-0427","notes","只授权此 PK 按冻结来源行执行 write_action；除 review_status 外，写入语义列必须与 source_path 中该 PK 完全一致。package_review、independent_signoff 与 freeze_binding_status 由本签字和三项冻结哈希闭合。","只授权此 PK 按冻结来源行执行 write_action；除 review_status 外，写入语义列必须与 source_path 中该 PK 完全一致。package_review、independent_signoff 与 freeze_binding_status 由本签字和三项冻结哈希闭合。rebase_binding=AWS-SIGNOFF-REBASE-GOOGLE-SOURCE-GATE-20260813","true"
"AWS-SIGN-0428","formal_baseline_aggregate_sha256","0b4c6106bde7e2a62b1ffd6a0df7246ded62177d941c7fb9303a2cbac62f92bf","97ebb17a2518e3a43b18a382dcfc879c1f5e2b08118a6149c8fa984e65017453","true"
"AWS-SIGN-0428","notes","只授权此 PK 按冻结来源行执行 write_action；除 review_status 外，写入语义列必须与 source_path 中该 PK 完全一致。package_review、independent_signoff 与 freeze_binding_status 由本签字和三项冻结哈希闭合。","只授权此 PK 按冻结来源行执行 write_action；除 review_status 外，写入语义列必须与 source_path 中该 PK 完全一致。package_review、independent_signoff 与 freeze_binding_status 由本签字和三项冻结哈希闭合。rebase_binding=AWS-SIGNOFF-REBASE-GOOGLE-SOURCE-GATE-20260813","true"
"AWS-SIGN-0429","formal_baseline_aggregate_sha256","0b4c6106bde7e2a62b1ffd6a0df7246ded62177d941c7fb9303a2cbac62f92bf","97ebb17a2518e3a43b18a382dcfc879c1f5e2b08118a6149c8fa984e65017453","true"
"AWS-SIGN-0429","notes","只授权此 PK 按冻结来源行执行 write_action；除 review_status 外，写入语义列必须与 source_path 中该 PK 完全一致。package_review、independent_signoff 与 freeze_binding_status 由本签字和三项冻结哈希闭合。","只授权此 PK 按冻结来源行执行 write_action；除 review_status 外，写入语义列必须与 source_path 中该 PK 完全一致。package_review、independent_signoff 与 freeze_binding_status 由本签字和三项冻结哈希闭合。rebase_binding=AWS-SIGNOFF-REBASE-GOOGLE-SOURCE-GATE-20260813","true"
"AWS-SIGN-0430","formal_baseline_aggregate_sha256","0b4c6106bde7e2a62b1ffd6a0df7246ded62177d941c7fb9303a2cbac62f92bf","97ebb17a2518e3a43b18a382dcfc879c1f5e2b08118a6149c8fa984e65017453","true"
"AWS-SIGN-0430","notes","只授权此 PK 按冻结来源行执行 write_action；除 review_status 外，写入语义列必须与 source_path 中该 PK 完全一致。package_review、independent_signoff 与 freeze_binding_status 由本签字和三项冻结哈希闭合。","只授权此 PK 按冻结来源行执行 write_action；除 review_status 外，写入语义列必须与 source_path 中该 PK 完全一致。package_review、independent_signoff 与 freeze_binding_status 由本签字和三项冻结哈希闭合。rebase_binding=AWS-SIGNOFF-REBASE-GOOGLE-SOURCE-GATE-20260813","true"
"AWS-SIGN-0431","formal_baseline_aggregate_sha256","0b4c6106bde7e2a62b1ffd6a0df7246ded62177d941c7fb9303a2cbac62f92bf","97ebb17a2518e3a43b18a382dcfc879c1f5e2b08118a6149c8fa984e65017453","true"
"AWS-SIGN-0431","notes","只授权此 PK 按冻结来源行执行 write_action；除 review_status 外，写入语义列必须与 source_path 中该 PK 完全一致。package_review、independent_signoff 与 freeze_binding_status 由本签字和三项冻结哈希闭合。","只授权此 PK 按冻结来源行执行 write_action；除 review_status 外，写入语义列必须与 source_path 中该 PK 完全一致。package_review、independent_signoff 与 freeze_binding_status 由本签字和三项冻结哈希闭合。rebase_binding=AWS-SIGNOFF-REBASE-GOOGLE-SOURCE-GATE-20260813","true"
"AWS-SIGN-0432","formal_baseline_aggregate_sha256","0b4c6106bde7e2a62b1ffd6a0df7246ded62177d941c7fb9303a2cbac62f92bf","97ebb17a2518e3a43b18a382dcfc879c1f5e2b08118a6149c8fa984e65017453","true"
"AWS-SIGN-0432","notes","只授权此 PK 按冻结来源行执行 write_action；除 review_status 外，写入语义列必须与 source_path 中该 PK 完全一致。package_review、independent_signoff 与 freeze_binding_status 由本签字和三项冻结哈希闭合。","只授权此 PK 按冻结来源行执行 write_action；除 review_status 外，写入语义列必须与 source_path 中该 PK 完全一致。package_review、independent_signoff 与 freeze_binding_status 由本签字和三项冻结哈希闭合。rebase_binding=AWS-SIGNOFF-REBASE-GOOGLE-SOURCE-GATE-20260813","true"
"AWS-SIGN-0433","formal_baseline_aggregate_sha256","0b4c6106bde7e2a62b1ffd6a0df7246ded62177d941c7fb9303a2cbac62f92bf","97ebb17a2518e3a43b18a382dcfc879c1f5e2b08118a6149c8fa984e65017453","true"
"AWS-SIGN-0433","notes","只授权此 PK 按冻结来源行执行 write_action；除 review_status 外，写入语义列必须与 source_path 中该 PK 完全一致。package_review、independent_signoff 与 freeze_binding_status 由本签字和三项冻结哈希闭合。","只授权此 PK 按冻结来源行执行 write_action；除 review_status 外，写入语义列必须与 source_path 中该 PK 完全一致。package_review、independent_signoff 与 freeze_binding_status 由本签字和三项冻结哈希闭合。rebase_binding=AWS-SIGNOFF-REBASE-GOOGLE-SOURCE-GATE-20260813","true"
"AWS-SIGN-0434","formal_baseline_aggregate_sha256","0b4c6106bde7e2a62b1ffd6a0df7246ded62177d941c7fb9303a2cbac62f92bf","97ebb17a2518e3a43b18a382dcfc879c1f5e2b08118a6149c8fa984e65017453","true"
"AWS-SIGN-0434","notes","只授权此 PK 按冻结来源行执行 write_action；除 review_status 外，写入语义列必须与 source_path 中该 PK 完全一致。package_review、independent_signoff 与 freeze_binding_status 由本签字和三项冻结哈希闭合。","只授权此 PK 按冻结来源行执行 write_action；除 review_status 外，写入语义列必须与 source_path 中该 PK 完全一致。package_review、independent_signoff 与 freeze_binding_status 由本签字和三项冻结哈希闭合。rebase_binding=AWS-SIGNOFF-REBASE-GOOGLE-SOURCE-GATE-20260813","true"
"AWS-SIGN-0435","formal_baseline_aggregate_sha256","0b4c6106bde7e2a62b1ffd6a0df7246ded62177d941c7fb9303a2cbac62f92bf","97ebb17a2518e3a43b18a382dcfc879c1f5e2b08118a6149c8fa984e65017453","true"
"AWS-SIGN-0435","notes","只授权此 PK 按冻结来源行执行 write_action；除 review_status 外，写入语义列必须与 source_path 中该 PK 完全一致。package_review、independent_signoff 与 freeze_binding_status 由本签字和三项冻结哈希闭合。","只授权此 PK 按冻结来源行执行 write_action；除 review_status 外，写入语义列必须与 source_path 中该 PK 完全一致。package_review、independent_signoff 与 freeze_binding_status 由本签字和三项冻结哈希闭合。rebase_binding=AWS-SIGNOFF-REBASE-GOOGLE-SOURCE-GATE-20260813","true"
"AWS-SIGN-0436","formal_baseline_aggregate_sha256","0b4c6106bde7e2a62b1ffd6a0df7246ded62177d941c7fb9303a2cbac62f92bf","97ebb17a2518e3a43b18a382dcfc879c1f5e2b08118a6149c8fa984e65017453","true"
"AWS-SIGN-0436","notes","只授权此 PK 按冻结来源行执行 write_action；除 review_status 外，写入语义列必须与 source_path 中该 PK 完全一致。package_review、independent_signoff 与 freeze_binding_status 由本签字和三项冻结哈希闭合。","只授权此 PK 按冻结来源行执行 write_action；除 review_status 外，写入语义列必须与 source_path 中该 PK 完全一致。package_review、independent_signoff 与 freeze_binding_status 由本签字和三项冻结哈希闭合。rebase_binding=AWS-SIGNOFF-REBASE-GOOGLE-SOURCE-GATE-20260813","true"
"AWS-SIGN-0437","formal_baseline_aggregate_sha256","0b4c6106bde7e2a62b1ffd6a0df7246ded62177d941c7fb9303a2cbac62f92bf","97ebb17a2518e3a43b18a382dcfc879c1f5e2b08118a6149c8fa984e65017453","true"
"AWS-SIGN-0437","notes","只授权此 PK 按冻结来源行执行 write_action；除 review_status 外，写入语义列必须与 source_path 中该 PK 完全一致。package_review、independent_signoff 与 freeze_binding_status 由本签字和三项冻结哈希闭合。","只授权此 PK 按冻结来源行执行 write_action；除 review_status 外，写入语义列必须与 source_path 中该 PK 完全一致。package_review、independent_signoff 与 freeze_binding_status 由本签字和三项冻结哈希闭合。rebase_binding=AWS-SIGNOFF-REBASE-GOOGLE-SOURCE-GATE-20260813","true"
"AWS-SIGN-0438","formal_baseline_aggregate_sha256","0b4c6106bde7e2a62b1ffd6a0df7246ded62177d941c7fb9303a2cbac62f92bf","97ebb17a2518e3a43b18a382dcfc879c1f5e2b08118a6149c8fa984e65017453","true"
"AWS-SIGN-0438","notes","只授权此 PK 按冻结来源行执行 write_action；除 review_status 外，写入语义列必须与 source_path 中该 PK 完全一致。package_review、independent_signoff 与 freeze_binding_status 由本签字和三项冻结哈希闭合。","只授权此 PK 按冻结来源行执行 write_action；除 review_status 外，写入语义列必须与 source_path 中该 PK 完全一致。package_review、independent_signoff 与 freeze_binding_status 由本签字和三项冻结哈希闭合。rebase_binding=AWS-SIGNOFF-REBASE-GOOGLE-SOURCE-GATE-20260813","true"
"AWS-SIGN-0439","formal_target_premerge_sha256","ca56ab7b2148de280b784589340eec97187156e068a7f8d97f519c0a35272294","eba3f8a3c4a49e526a42a2bb1b5db0cfbf3930edd211fb2158db3c6a8b6b6208","true"
"AWS-SIGN-0439","formal_baseline_aggregate_sha256","0b4c6106bde7e2a62b1ffd6a0df7246ded62177d941c7fb9303a2cbac62f92bf","97ebb17a2518e3a43b18a382dcfc879c1f5e2b08118a6149c8fa984e65017453","true"
"AWS-SIGN-0439","notes","只授权此 PK 按冻结来源行执行 write_action；除 review_status 外，写入语义列必须与 source_path 中该 PK 完全一致。package_review、independent_signoff 与 freeze_binding_status 由本签字和三项冻结哈希闭合。","只授权此 PK 按冻结来源行执行 write_action；除 review_status 外，写入语义列必须与 source_path 中该 PK 完全一致。package_review、independent_signoff 与 freeze_binding_status 由本签字和三项冻结哈希闭合。rebase_binding=AWS-SIGNOFF-REBASE-GOOGLE-SOURCE-GATE-20260813","true"
"AWS-SIGN-0440","formal_target_premerge_sha256","ca56ab7b2148de280b784589340eec97187156e068a7f8d97f519c0a35272294","eba3f8a3c4a49e526a42a2bb1b5db0cfbf3930edd211fb2158db3c6a8b6b6208","true"
"AWS-SIGN-0440","formal_baseline_aggregate_sha256","0b4c6106bde7e2a62b1ffd6a0df7246ded62177d941c7fb9303a2cbac62f92bf","97ebb17a2518e3a43b18a382dcfc879c1f5e2b08118a6149c8fa984e65017453","true"
"AWS-SIGN-0440","notes","只授权此 PK 按冻结来源行执行 write_action；除 review_status 外，写入语义列必须与 source_path 中该 PK 完全一致。package_review、independent_signoff 与 freeze_binding_status 由本签字和三项冻结哈希闭合。","只授权此 PK 按冻结来源行执行 write_action；除 review_status 外，写入语义列必须与 source_path 中该 PK 完全一致。package_review、independent_signoff 与 freeze_binding_status 由本签字和三项冻结哈希闭合。rebase_binding=AWS-SIGNOFF-REBASE-GOOGLE-SOURCE-GATE-20260813","true"
"AWS-SIGN-0441","formal_target_premerge_sha256","ca56ab7b2148de280b784589340eec97187156e068a7f8d97f519c0a35272294","eba3f8a3c4a49e526a42a2bb1b5db0cfbf3930edd211fb2158db3c6a8b6b6208","true"
"AWS-SIGN-0441","formal_baseline_aggregate_sha256","0b4c6106bde7e2a62b1ffd6a0df7246ded62177d941c7fb9303a2cbac62f92bf","97ebb17a2518e3a43b18a382dcfc879c1f5e2b08118a6149c8fa984e65017453","true"
"AWS-SIGN-0441","notes","只授权此 PK 按冻结来源行执行 write_action；除 review_status 外，写入语义列必须与 source_path 中该 PK 完全一致。package_review、independent_signoff 与 freeze_binding_status 由本签字和三项冻结哈希闭合。","只授权此 PK 按冻结来源行执行 write_action；除 review_status 外，写入语义列必须与 source_path 中该 PK 完全一致。package_review、independent_signoff 与 freeze_binding_status 由本签字和三项冻结哈希闭合。rebase_binding=AWS-SIGNOFF-REBASE-GOOGLE-SOURCE-GATE-20260813","true"
"AWS-SIGN-0442","formal_target_premerge_sha256","ca56ab7b2148de280b784589340eec97187156e068a7f8d97f519c0a35272294","eba3f8a3c4a49e526a42a2bb1b5db0cfbf3930edd211fb2158db3c6a8b6b6208","true"
"AWS-SIGN-0442","formal_baseline_aggregate_sha256","0b4c6106bde7e2a62b1ffd6a0df7246ded62177d941c7fb9303a2cbac62f92bf","97ebb17a2518e3a43b18a382dcfc879c1f5e2b08118a6149c8fa984e65017453","true"
"AWS-SIGN-0442","notes","只授权此 PK 按冻结来源行执行 write_action；除 review_status 外，写入语义列必须与 source_path 中该 PK 完全一致。package_review、independent_signoff 与 freeze_binding_status 由本签字和三项冻结哈希闭合。","只授权此 PK 按冻结来源行执行 write_action；除 review_status 外，写入语义列必须与 source_path 中该 PK 完全一致。package_review、independent_signoff 与 freeze_binding_status 由本签字和三项冻结哈希闭合。rebase_binding=AWS-SIGNOFF-REBASE-GOOGLE-SOURCE-GATE-20260813","true"
"AWS-SIGN-0443","formal_target_premerge_sha256","ca56ab7b2148de280b784589340eec97187156e068a7f8d97f519c0a35272294","eba3f8a3c4a49e526a42a2bb1b5db0cfbf3930edd211fb2158db3c6a8b6b6208","true"
"AWS-SIGN-0443","formal_baseline_aggregate_sha256","0b4c6106bde7e2a62b1ffd6a0df7246ded62177d941c7fb9303a2cbac62f92bf","97ebb17a2518e3a43b18a382dcfc879c1f5e2b08118a6149c8fa984e65017453","true"
"AWS-SIGN-0443","notes","只授权此 PK 按冻结来源行执行 write_action；除 review_status 外，写入语义列必须与 source_path 中该 PK 完全一致。package_review、independent_signoff 与 freeze_binding_status 由本签字和三项冻结哈希闭合。","只授权此 PK 按冻结来源行执行 write_action；除 review_status 外，写入语义列必须与 source_path 中该 PK 完全一致。package_review、independent_signoff 与 freeze_binding_status 由本签字和三项冻结哈希闭合。rebase_binding=AWS-SIGNOFF-REBASE-GOOGLE-SOURCE-GATE-20260813","true"
"AWS-SIGN-0444","formal_target_premerge_sha256","ca56ab7b2148de280b784589340eec97187156e068a7f8d97f519c0a35272294","eba3f8a3c4a49e526a42a2bb1b5db0cfbf3930edd211fb2158db3c6a8b6b6208","true"
"AWS-SIGN-0444","formal_baseline_aggregate_sha256","0b4c6106bde7e2a62b1ffd6a0df7246ded62177d941c7fb9303a2cbac62f92bf","97ebb17a2518e3a43b18a382dcfc879c1f5e2b08118a6149c8fa984e65017453","true"
"AWS-SIGN-0444","notes","只授权此 PK 按冻结来源行执行 write_action；除 review_status 外，写入语义列必须与 source_path 中该 PK 完全一致。package_review、independent_signoff 与 freeze_binding_status 由本签字和三项冻结哈希闭合。","只授权此 PK 按冻结来源行执行 write_action；除 review_status 外，写入语义列必须与 source_path 中该 PK 完全一致。package_review、independent_signoff 与 freeze_binding_status 由本签字和三项冻结哈希闭合。rebase_binding=AWS-SIGNOFF-REBASE-GOOGLE-SOURCE-GATE-20260813","true"
"AWS-SIGN-0445","formal_target_premerge_sha256","ca56ab7b2148de280b784589340eec97187156e068a7f8d97f519c0a35272294","eba3f8a3c4a49e526a42a2bb1b5db0cfbf3930edd211fb2158db3c6a8b6b6208","true"
"AWS-SIGN-0445","formal_baseline_aggregate_sha256","0b4c6106bde7e2a62b1ffd6a0df7246ded62177d941c7fb9303a2cbac62f92bf","97ebb17a2518e3a43b18a382dcfc879c1f5e2b08118a6149c8fa984e65017453","true"
"AWS-SIGN-0445","notes","只授权此 PK 按冻结来源行执行 write_action；除 review_status 外，写入语义列必须与 source_path 中该 PK 完全一致。package_review、independent_signoff 与 freeze_binding_status 由本签字和三项冻结哈希闭合。","只授权此 PK 按冻结来源行执行 write_action；除 review_status 外，写入语义列必须与 source_path 中该 PK 完全一致。package_review、independent_signoff 与 freeze_binding_status 由本签字和三项冻结哈希闭合。rebase_binding=AWS-SIGNOFF-REBASE-GOOGLE-SOURCE-GATE-20260813","true"
"AWS-SIGN-0446","formal_target_premerge_sha256","ca56ab7b2148de280b784589340eec97187156e068a7f8d97f519c0a35272294","eba3f8a3c4a49e526a42a2bb1b5db0cfbf3930edd211fb2158db3c6a8b6b6208","true"
"AWS-SIGN-0446","formal_baseline_aggregate_sha256","0b4c6106bde7e2a62b1ffd6a0df7246ded62177d941c7fb9303a2cbac62f92bf","97ebb17a2518e3a43b18a382dcfc879c1f5e2b08118a6149c8fa984e65017453","true"
"AWS-SIGN-0446","notes","只授权此 PK 按冻结来源行执行 write_action；除 review_status 外，写入语义列必须与 source_path 中该 PK 完全一致。package_review、independent_signoff 与 freeze_binding_status 由本签字和三项冻结哈希闭合。","只授权此 PK 按冻结来源行执行 write_action；除 review_status 外，写入语义列必须与 source_path 中该 PK 完全一致。package_review、independent_signoff 与 freeze_binding_status 由本签字和三项冻结哈希闭合。rebase_binding=AWS-SIGNOFF-REBASE-GOOGLE-SOURCE-GATE-20260813","true"
"AWS-SIGN-0447","formal_target_premerge_sha256","ca56ab7b2148de280b784589340eec97187156e068a7f8d97f519c0a35272294","eba3f8a3c4a49e526a42a2bb1b5db0cfbf3930edd211fb2158db3c6a8b6b6208","true"
"AWS-SIGN-0447","formal_baseline_aggregate_sha256","0b4c6106bde7e2a62b1ffd6a0df7246ded62177d941c7fb9303a2cbac62f92bf","97ebb17a2518e3a43b18a382dcfc879c1f5e2b08118a6149c8fa984e65017453","true"
"AWS-SIGN-0447","notes","只授权此 PK 按冻结来源行执行 write_action；除 review_status 外，写入语义列必须与 source_path 中该 PK 完全一致。package_review、independent_signoff 与 freeze_binding_status 由本签字和三项冻结哈希闭合。","只授权此 PK 按冻结来源行执行 write_action；除 review_status 外，写入语义列必须与 source_path 中该 PK 完全一致。package_review、independent_signoff 与 freeze_binding_status 由本签字和三项冻结哈希闭合。rebase_binding=AWS-SIGNOFF-REBASE-GOOGLE-SOURCE-GATE-20260813","true"
"AWS-SIGN-0448","formal_target_premerge_sha256","b67292934c9f58a6512175c9852ec28814885adf2f15c13fb7155e9a7b64d025","652c53647108701eddaf2e1f998417570f852acce78f2b8a2714497baff13035","true"
"AWS-SIGN-0448","formal_baseline_aggregate_sha256","0b4c6106bde7e2a62b1ffd6a0df7246ded62177d941c7fb9303a2cbac62f92bf","97ebb17a2518e3a43b18a382dcfc879c1f5e2b08118a6149c8fa984e65017453","true"
"AWS-SIGN-0448","notes","只授权此 PK 按冻结来源行执行 write_action；除 review_status 外，写入语义列必须与 source_path 中该 PK 完全一致。package_review、independent_signoff 与 freeze_binding_status 由本签字和三项冻结哈希闭合。","只授权此 PK 按冻结来源行执行 write_action；除 review_status 外，写入语义列必须与 source_path 中该 PK 完全一致。package_review、independent_signoff 与 freeze_binding_status 由本签字和三项冻结哈希闭合。rebase_binding=AWS-SIGNOFF-REBASE-GOOGLE-SOURCE-GATE-20260813","true"
"AWS-SIGN-0449","formal_target_premerge_sha256","b67292934c9f58a6512175c9852ec28814885adf2f15c13fb7155e9a7b64d025","652c53647108701eddaf2e1f998417570f852acce78f2b8a2714497baff13035","true"
"AWS-SIGN-0449","formal_baseline_aggregate_sha256","0b4c6106bde7e2a62b1ffd6a0df7246ded62177d941c7fb9303a2cbac62f92bf","97ebb17a2518e3a43b18a382dcfc879c1f5e2b08118a6149c8fa984e65017453","true"
"AWS-SIGN-0449","notes","只授权此 PK 按冻结来源行执行 write_action；除 review_status 外，写入语义列必须与 source_path 中该 PK 完全一致。package_review、independent_signoff 与 freeze_binding_status 由本签字和三项冻结哈希闭合。","只授权此 PK 按冻结来源行执行 write_action；除 review_status 外，写入语义列必须与 source_path 中该 PK 完全一致。package_review、independent_signoff 与 freeze_binding_status 由本签字和三项冻结哈希闭合。rebase_binding=AWS-SIGNOFF-REBASE-GOOGLE-SOURCE-GATE-20260813","true"
"AWS-SIGN-0450","formal_target_premerge_sha256","b67292934c9f58a6512175c9852ec28814885adf2f15c13fb7155e9a7b64d025","652c53647108701eddaf2e1f998417570f852acce78f2b8a2714497baff13035","true"
"AWS-SIGN-0450","formal_baseline_aggregate_sha256","0b4c6106bde7e2a62b1ffd6a0df7246ded62177d941c7fb9303a2cbac62f92bf","97ebb17a2518e3a43b18a382dcfc879c1f5e2b08118a6149c8fa984e65017453","true"
"AWS-SIGN-0450","notes","只授权此 PK 按冻结来源行执行 write_action；除 review_status 外，写入语义列必须与 source_path 中该 PK 完全一致。package_review、independent_signoff 与 freeze_binding_status 由本签字和三项冻结哈希闭合。","只授权此 PK 按冻结来源行执行 write_action；除 review_status 外，写入语义列必须与 source_path 中该 PK 完全一致。package_review、independent_signoff 与 freeze_binding_status 由本签字和三项冻结哈希闭合。rebase_binding=AWS-SIGNOFF-REBASE-GOOGLE-SOURCE-GATE-20260813","true"
"AWS-SIGN-0451","formal_target_premerge_sha256","b67292934c9f58a6512175c9852ec28814885adf2f15c13fb7155e9a7b64d025","652c53647108701eddaf2e1f998417570f852acce78f2b8a2714497baff13035","true"
"AWS-SIGN-0451","formal_baseline_aggregate_sha256","0b4c6106bde7e2a62b1ffd6a0df7246ded62177d941c7fb9303a2cbac62f92bf","97ebb17a2518e3a43b18a382dcfc879c1f5e2b08118a6149c8fa984e65017453","true"
"AWS-SIGN-0451","notes","只授权此 PK 按冻结来源行执行 write_action；除 review_status 外，写入语义列必须与 source_path 中该 PK 完全一致。package_review、independent_signoff 与 freeze_binding_status 由本签字和三项冻结哈希闭合。","只授权此 PK 按冻结来源行执行 write_action；除 review_status 外，写入语义列必须与 source_path 中该 PK 完全一致。package_review、independent_signoff 与 freeze_binding_status 由本签字和三项冻结哈希闭合。rebase_binding=AWS-SIGNOFF-REBASE-GOOGLE-SOURCE-GATE-20260813","true"
"AWS-SIGN-0452","formal_target_premerge_sha256","b67292934c9f58a6512175c9852ec28814885adf2f15c13fb7155e9a7b64d025","652c53647108701eddaf2e1f998417570f852acce78f2b8a2714497baff13035","true"
"AWS-SIGN-0452","formal_baseline_aggregate_sha256","0b4c6106bde7e2a62b1ffd6a0df7246ded62177d941c7fb9303a2cbac62f92bf","97ebb17a2518e3a43b18a382dcfc879c1f5e2b08118a6149c8fa984e65017453","true"
"AWS-SIGN-0452","notes","只授权此 PK 按冻结来源行执行 write_action；除 review_status 外，写入语义列必须与 source_path 中该 PK 完全一致。package_review、independent_signoff 与 freeze_binding_status 由本签字和三项冻结哈希闭合。","只授权此 PK 按冻结来源行执行 write_action；除 review_status 外，写入语义列必须与 source_path 中该 PK 完全一致。package_review、independent_signoff 与 freeze_binding_status 由本签字和三项冻结哈希闭合。rebase_binding=AWS-SIGNOFF-REBASE-GOOGLE-SOURCE-GATE-20260813","true"
"AWS-SIGN-0453","formal_target_premerge_sha256","b67292934c9f58a6512175c9852ec28814885adf2f15c13fb7155e9a7b64d025","652c53647108701eddaf2e1f998417570f852acce78f2b8a2714497baff13035","true"
"AWS-SIGN-0453","formal_baseline_aggregate_sha256","0b4c6106bde7e2a62b1ffd6a0df7246ded62177d941c7fb9303a2cbac62f92bf","97ebb17a2518e3a43b18a382dcfc879c1f5e2b08118a6149c8fa984e65017453","true"
"AWS-SIGN-0453","notes","只授权此 PK 按冻结来源行执行 write_action；除 review_status 外，写入语义列必须与 source_path 中该 PK 完全一致。package_review、independent_signoff 与 freeze_binding_status 由本签字和三项冻结哈希闭合。","只授权此 PK 按冻结来源行执行 write_action；除 review_status 外，写入语义列必须与 source_path 中该 PK 完全一致。package_review、independent_signoff 与 freeze_binding_status 由本签字和三项冻结哈希闭合。rebase_binding=AWS-SIGNOFF-REBASE-GOOGLE-SOURCE-GATE-20260813","true"
"AWS-SIGN-0454","formal_target_premerge_sha256","b67292934c9f58a6512175c9852ec28814885adf2f15c13fb7155e9a7b64d025","652c53647108701eddaf2e1f998417570f852acce78f2b8a2714497baff13035","true"
"AWS-SIGN-0454","formal_baseline_aggregate_sha256","0b4c6106bde7e2a62b1ffd6a0df7246ded62177d941c7fb9303a2cbac62f92bf","97ebb17a2518e3a43b18a382dcfc879c1f5e2b08118a6149c8fa984e65017453","true"
"AWS-SIGN-0454","notes","只授权此 PK 按冻结来源行执行 write_action；除 review_status 外，写入语义列必须与 source_path 中该 PK 完全一致。package_review、independent_signoff 与 freeze_binding_status 由本签字和三项冻结哈希闭合。","只授权此 PK 按冻结来源行执行 write_action；除 review_status 外，写入语义列必须与 source_path 中该 PK 完全一致。package_review、independent_signoff 与 freeze_binding_status 由本签字和三项冻结哈希闭合。rebase_binding=AWS-SIGNOFF-REBASE-GOOGLE-SOURCE-GATE-20260813","true"
"AWS-SIGN-0455","formal_target_premerge_sha256","b67292934c9f58a6512175c9852ec28814885adf2f15c13fb7155e9a7b64d025","652c53647108701eddaf2e1f998417570f852acce78f2b8a2714497baff13035","true"
"AWS-SIGN-0455","formal_baseline_aggregate_sha256","0b4c6106bde7e2a62b1ffd6a0df7246ded62177d941c7fb9303a2cbac62f92bf","97ebb17a2518e3a43b18a382dcfc879c1f5e2b08118a6149c8fa984e65017453","true"
"AWS-SIGN-0455","notes","只授权此 PK 按冻结来源行执行 write_action；除 review_status 外，写入语义列必须与 source_path 中该 PK 完全一致。package_review、independent_signoff 与 freeze_binding_status 由本签字和三项冻结哈希闭合。","只授权此 PK 按冻结来源行执行 write_action；除 review_status 外，写入语义列必须与 source_path 中该 PK 完全一致。package_review、independent_signoff 与 freeze_binding_status 由本签字和三项冻结哈希闭合。rebase_binding=AWS-SIGNOFF-REBASE-GOOGLE-SOURCE-GATE-20260813","true"
"AWS-SIGN-0456","formal_target_premerge_sha256","b67292934c9f58a6512175c9852ec28814885adf2f15c13fb7155e9a7b64d025","652c53647108701eddaf2e1f998417570f852acce78f2b8a2714497baff13035","true"
"AWS-SIGN-0456","formal_baseline_aggregate_sha256","0b4c6106bde7e2a62b1ffd6a0df7246ded62177d941c7fb9303a2cbac62f92bf","97ebb17a2518e3a43b18a382dcfc879c1f5e2b08118a6149c8fa984e65017453","true"
"AWS-SIGN-0456","notes","只授权此 PK 按冻结来源行执行 write_action；除 review_status 外，写入语义列必须与 source_path 中该 PK 完全一致。package_review、independent_signoff 与 freeze_binding_status 由本签字和三项冻结哈希闭合。","只授权此 PK 按冻结来源行执行 write_action；除 review_status 外，写入语义列必须与 source_path 中该 PK 完全一致。package_review、independent_signoff 与 freeze_binding_status 由本签字和三项冻结哈希闭合。rebase_binding=AWS-SIGNOFF-REBASE-GOOGLE-SOURCE-GATE-20260813","true"
"AWS-SIGN-0457","formal_baseline_aggregate_sha256","0b4c6106bde7e2a62b1ffd6a0df7246ded62177d941c7fb9303a2cbac62f92bf","97ebb17a2518e3a43b18a382dcfc879c1f5e2b08118a6149c8fa984e65017453","true"
"AWS-SIGN-0457","notes","只授权此 PK 按冻结来源行执行 write_action；除 review_status 外，写入语义列必须与 source_path 中该 PK 完全一致。package_review、independent_signoff 与 freeze_binding_status 由本签字和三项冻结哈希闭合。","只授权此 PK 按冻结来源行执行 write_action；除 review_status 外，写入语义列必须与 source_path 中该 PK 完全一致。package_review、independent_signoff 与 freeze_binding_status 由本签字和三项冻结哈希闭合。rebase_binding=AWS-SIGNOFF-REBASE-GOOGLE-SOURCE-GATE-20260813","true"
"AWS-SIGN-0458","formal_baseline_aggregate_sha256","0b4c6106bde7e2a62b1ffd6a0df7246ded62177d941c7fb9303a2cbac62f92bf","97ebb17a2518e3a43b18a382dcfc879c1f5e2b08118a6149c8fa984e65017453","true"
"AWS-SIGN-0458","notes","只允许 allowed_subject_kinds 从 object 改为 object;component；其余列逐字不变。不得据此加入 precision_path，也不得声称全库 132 条主体不匹配已经闭合。","只允许 allowed_subject_kinds 从 object 改为 object;component；其余列逐字不变。不得据此加入 precision_path，也不得声称全库 132 条主体不匹配已经闭合。rebase_binding=AWS-SIGNOFF-REBASE-GOOGLE-SOURCE-GATE-20260813","true"
"AWS-SIGN-0459","formal_baseline_aggregate_sha256","0b4c6106bde7e2a62b1ffd6a0df7246ded62177d941c7fb9303a2cbac62f92bf","97ebb17a2518e3a43b18a382dcfc879c1f5e2b08118a6149c8fa984e65017453","true"
"AWS-SIGN-0459","notes","生命周期行先把 review_status 设为 reviewed；随后只把业务 status 改为 reviewed、reviewer 改为 m2_final_review_aws_package，并把 notes 末句“等待独立复核。”替换为“最终独立复核已通过。”。其余列不变。八个 selection member 的 review_status 已分别由本清单对应的八条 lifecycle_pk_write 授权为 reviewed。","生命周期行先把 review_status 设为 reviewed；随后只把业务 status 改为 reviewed、reviewer 改为 m2_final_review_aws_package，并把 notes 末句“等待独立复核。”替换为“最终独立复核已通过。”。其余列不变。八个 selection member 的 review_status 已分别由本清单对应的八条 lifecycle_pk_write 授权为 reviewed。rebase_binding=AWS-SIGNOFF-REBASE-GOOGLE-SOURCE-GATE-20260813","true"
"AWS-SIGN-0460","formal_baseline_aggregate_sha256","0b4c6106bde7e2a62b1ffd6a0df7246ded62177d941c7fb9303a2cbac62f92bf","97ebb17a2518e3a43b18a382dcfc879c1f5e2b08118a6149c8fa984e65017453","true"
"AWS-SIGN-0460","notes","生命周期行先把 review_status 设为 reviewed；随后只把 completeness_status 从 needs_review 改为 complete，把 assessor 从 m2_w2_aws_package_facts 改为 m2_final_review_aws_package，并把 notes 改为本行 semantic_status_after 给出的全文。其余列不变。lifecycle manifest 不改版：它仍只负责 review_status，三项业务收口由本独立签字单独授权。","生命周期行先把 review_status 设为 reviewed；随后只把 completeness_status 从 needs_review 改为 complete，把 assessor 从 m2_w2_aws_package_facts 改为 m2_final_review_aws_package，并把 notes 改为本行 semantic_status_after 给出的全文。其余列不变。lifecycle manifest 不改版：它仍只负责 review_status，三项业务收口由本独立签字单独授权。rebase_binding=AWS-SIGNOFF-REBASE-GOOGLE-SOURCE-GATE-20260813","true"
"AWS-SIGN-0461","formal_baseline_aggregate_sha256","0b4c6106bde7e2a62b1ffd6a0df7246ded62177d941c7fb9303a2cbac62f92bf","97ebb17a2518e3a43b18a382dcfc879c1f5e2b08118a6149c8fa984e65017453","true"
"AWS-SIGN-0461","notes","生命周期行先把 review_status 设为 reviewed；随后只把 completeness_status 从 needs_review 改为 complete，把 assessor 从 m2_w2_aws_package_facts 改为 m2_final_review_aws_package，并把 notes 改为本行 semantic_status_after 给出的全文。其余列不变。lifecycle manifest 不改版：它仍只负责 review_status，三项业务收口由本独立签字单独授权。","生命周期行先把 review_status 设为 reviewed；随后只把 completeness_status 从 needs_review 改为 complete，把 assessor 从 m2_w2_aws_package_facts 改为 m2_final_review_aws_package，并把 notes 改为本行 semantic_status_after 给出的全文。其余列不变。lifecycle manifest 不改版：它仍只负责 review_status，三项业务收口由本独立签字单独授权。rebase_binding=AWS-SIGNOFF-REBASE-GOOGLE-SOURCE-GATE-20260813","true"
"AWS-SIGN-0462","formal_baseline_aggregate_sha256","0b4c6106bde7e2a62b1ffd6a0df7246ded62177d941c7fb9303a2cbac62f92bf","97ebb17a2518e3a43b18a382dcfc879c1f5e2b08118a6149c8fa984e65017453","true"
"AWS-SIGN-0462","notes","生命周期行先把 review_status 设为 reviewed；随后只把 completeness_status 从 needs_review 改为 complete，把 assessor 从 m2_w2_aws_package_facts 改为 m2_final_review_aws_package，并把 notes 改为本行 semantic_status_after 给出的全文。其余列不变。lifecycle manifest 不改版：它仍只负责 review_status，三项业务收口由本独立签字单独授权。","生命周期行先把 review_status 设为 reviewed；随后只把 completeness_status 从 needs_review 改为 complete，把 assessor 从 m2_w2_aws_package_facts 改为 m2_final_review_aws_package，并把 notes 改为本行 semantic_status_after 给出的全文。其余列不变。lifecycle manifest 不改版：它仍只负责 review_status，三项业务收口由本独立签字单独授权。rebase_binding=AWS-SIGNOFF-REBASE-GOOGLE-SOURCE-GATE-20260813","true"
"AWS-SIGN-0463","formal_baseline_aggregate_sha256","0b4c6106bde7e2a62b1ffd6a0df7246ded62177d941c7fb9303a2cbac62f92bf","97ebb17a2518e3a43b18a382dcfc879c1f5e2b08118a6149c8fa984e65017453","true"
"AWS-SIGN-0463","notes","生命周期行先把 review_status 设为 reviewed；随后只把 completeness_status 从 needs_review 改为 complete，把 assessor 从 m2_w2_aws_package_facts 改为 m2_final_review_aws_package，并把 notes 改为本行 semantic_status_after 给出的全文。其余列不变。lifecycle manifest 不改版：它仍只负责 review_status，三项业务收口由本独立签字单独授权。","生命周期行先把 review_status 设为 reviewed；随后只把 completeness_status 从 needs_review 改为 complete，把 assessor 从 m2_w2_aws_package_facts 改为 m2_final_review_aws_package，并把 notes 改为本行 semantic_status_after 给出的全文。其余列不变。lifecycle manifest 不改版：它仍只负责 review_status，三项业务收口由本独立签字单独授权。rebase_binding=AWS-SIGNOFF-REBASE-GOOGLE-SOURCE-GATE-20260813","true"
"AWS-SIGN-0464","formal_baseline_aggregate_sha256","0b4c6106bde7e2a62b1ffd6a0df7246ded62177d941c7fb9303a2cbac62f92bf","97ebb17a2518e3a43b18a382dcfc879c1f5e2b08118a6149c8fa984e65017453","true"
"AWS-SIGN-0464","notes","只允许逐字节复制到指定 local_path；目标存在时停止，不得覆盖；复制后必须复算 expected_output_sha256。","只允许逐字节复制到指定 local_path；目标存在时停止，不得覆盖；复制后必须复算 expected_output_sha256。rebase_binding=AWS-SIGNOFF-REBASE-GOOGLE-SOURCE-GATE-20260813","true"
"AWS-SIGN-0465","formal_baseline_aggregate_sha256","0b4c6106bde7e2a62b1ffd6a0df7246ded62177d941c7fb9303a2cbac62f92bf","97ebb17a2518e3a43b18a382dcfc879c1f5e2b08118a6149c8fa984e65017453","true"
"AWS-SIGN-0465","notes","只允许逐字节复制到指定 local_path；目标存在时停止，不得覆盖；复制后必须复算 expected_output_sha256。","只允许逐字节复制到指定 local_path；目标存在时停止，不得覆盖；复制后必须复算 expected_output_sha256。rebase_binding=AWS-SIGNOFF-REBASE-GOOGLE-SOURCE-GATE-20260813","true"
"AWS-SIGN-0466","formal_baseline_aggregate_sha256","0b4c6106bde7e2a62b1ffd6a0df7246ded62177d941c7fb9303a2cbac62f92bf","97ebb17a2518e3a43b18a382dcfc879c1f5e2b08118a6149c8fa984e65017453","true"
"AWS-SIGN-0466","notes","只允许逐字节复制到指定 local_path；目标存在时停止，不得覆盖；复制后必须复算 expected_output_sha256。","只允许逐字节复制到指定 local_path；目标存在时停止，不得覆盖；复制后必须复算 expected_output_sha256。rebase_binding=AWS-SIGNOFF-REBASE-GOOGLE-SOURCE-GATE-20260813","true"
"AWS-SIGN-0467","formal_baseline_aggregate_sha256","0b4c6106bde7e2a62b1ffd6a0df7246ded62177d941c7fb9303a2cbac62f92bf","97ebb17a2518e3a43b18a382dcfc879c1f5e2b08118a6149c8fa984e65017453","true"
"AWS-SIGN-0467","notes","只允许逐字节复制到指定 local_path；目标存在时停止，不得覆盖；复制后必须复算 expected_output_sha256。","只允许逐字节复制到指定 local_path；目标存在时停止，不得覆盖；复制后必须复算 expected_output_sha256。rebase_binding=AWS-SIGNOFF-REBASE-GOOGLE-SOURCE-GATE-20260813","true"
"AWS-SIGN-0468","formal_baseline_aggregate_sha256","0b4c6106bde7e2a62b1ffd6a0df7246ded62177d941c7fb9303a2cbac62f92bf","97ebb17a2518e3a43b18a382dcfc879c1f5e2b08118a6149c8fa984e65017453","true"
"AWS-SIGN-0468","notes","只允许逐字节复制到指定 local_path；目标存在时停止，不得覆盖；复制后必须复算 expected_output_sha256。","只允许逐字节复制到指定 local_path；目标存在时停止，不得覆盖；复制后必须复算 expected_output_sha256。rebase_binding=AWS-SIGNOFF-REBASE-GOOGLE-SOURCE-GATE-20260813","true"
"AWS-SIGN-0469","formal_baseline_aggregate_sha256","0b4c6106bde7e2a62b1ffd6a0df7246ded62177d941c7fb9303a2cbac62f92bf","97ebb17a2518e3a43b18a382dcfc879c1f5e2b08118a6149c8fa984e65017453","true"
"AWS-SIGN-0469","notes","只允许逐字节复制到指定 local_path；目标存在时停止，不得覆盖；复制后必须复算 expected_output_sha256。","只允许逐字节复制到指定 local_path；目标存在时停止，不得覆盖；复制后必须复算 expected_output_sha256。rebase_binding=AWS-SIGNOFF-REBASE-GOOGLE-SOURCE-GATE-20260813","true"
"AWS-SIGN-0470","formal_baseline_aggregate_sha256","0b4c6106bde7e2a62b1ffd6a0df7246ded62177d941c7fb9303a2cbac62f92bf","97ebb17a2518e3a43b18a382dcfc879c1f5e2b08118a6149c8fa984e65017453","true"
"AWS-SIGN-0470","notes","只允许逐字节复制到指定 local_path；目标存在时停止，不得覆盖；复制后必须复算 expected_output_sha256。","只允许逐字节复制到指定 local_path；目标存在时停止，不得覆盖；复制后必须复算 expected_output_sha256。rebase_binding=AWS-SIGNOFF-REBASE-GOOGLE-SOURCE-GATE-20260813","true"
"AWS-SIGN-0471","formal_baseline_aggregate_sha256","0b4c6106bde7e2a62b1ffd6a0df7246ded62177d941c7fb9303a2cbac62f92bf","97ebb17a2518e3a43b18a382dcfc879c1f5e2b08118a6149c8fa984e65017453","true"
"AWS-SIGN-0471","notes","只允许逐字节复制到指定 local_path；目标存在时停止，不得覆盖；复制后必须复算 expected_output_sha256。","只允许逐字节复制到指定 local_path；目标存在时停止，不得覆盖；复制后必须复算 expected_output_sha256。rebase_binding=AWS-SIGNOFF-REBASE-GOOGLE-SOURCE-GATE-20260813","true"
"AWS-SIGN-0472","formal_baseline_aggregate_sha256","0b4c6106bde7e2a62b1ffd6a0df7246ded62177d941c7fb9303a2cbac62f92bf","97ebb17a2518e3a43b18a382dcfc879c1f5e2b08118a6149c8fa984e65017453","true"
"AWS-SIGN-0472","notes","只允许逐字节复制到指定 local_path；目标存在时停止，不得覆盖；复制后必须复算 expected_output_sha256。","只允许逐字节复制到指定 local_path；目标存在时停止，不得覆盖；复制后必须复算 expected_output_sha256。rebase_binding=AWS-SIGNOFF-REBASE-GOOGLE-SOURCE-GATE-20260813","true"
"AWS-SIGN-0473","formal_baseline_aggregate_sha256","0b4c6106bde7e2a62b1ffd6a0df7246ded62177d941c7fb9303a2cbac62f92bf","97ebb17a2518e3a43b18a382dcfc879c1f5e2b08118a6149c8fa984e65017453","true"
"AWS-SIGN-0473","notes","只允许逐字节复制到指定 local_path；目标存在时停止，不得覆盖；复制后必须复算 expected_output_sha256。","只允许逐字节复制到指定 local_path；目标存在时停止，不得覆盖；复制后必须复算 expected_output_sha256。rebase_binding=AWS-SIGNOFF-REBASE-GOOGLE-SOURCE-GATE-20260813","true"
"AWS-SIGN-0474","formal_baseline_aggregate_sha256","0b4c6106bde7e2a62b1ffd6a0df7246ded62177d941c7fb9303a2cbac62f92bf","97ebb17a2518e3a43b18a382dcfc879c1f5e2b08118a6149c8fa984e65017453","true"
"AWS-SIGN-0474","notes","只允许逐字节复制到指定 local_path；目标存在时停止，不得覆盖；复制后必须复算 expected_output_sha256。","只允许逐字节复制到指定 local_path；目标存在时停止，不得覆盖；复制后必须复算 expected_output_sha256。rebase_binding=AWS-SIGNOFF-REBASE-GOOGLE-SOURCE-GATE-20260813","true"
"AWS-SIGN-0475","formal_baseline_aggregate_sha256","0b4c6106bde7e2a62b1ffd6a0df7246ded62177d941c7fb9303a2cbac62f92bf","97ebb17a2518e3a43b18a382dcfc879c1f5e2b08118a6149c8fa984e65017453","true"
"AWS-SIGN-0475","notes","只允许把 source_path 指定的已签最终字节复制到 target_path。目标已存在时停止，不得覆盖；复制后必须同时命中 expected_output_sha256 与 expected_output_bytes。不得在合并时重新执行字面替换或自行改写卡片。","只允许把 source_path 指定的已签最终字节复制到 target_path。目标已存在时停止，不得覆盖；复制后必须同时命中 expected_output_sha256 与 expected_output_bytes。不得在合并时重新执行字面替换或自行改写卡片。rebase_binding=AWS-SIGNOFF-REBASE-GOOGLE-SOURCE-GATE-20260813","true"
"AWS-SIGN-0476","formal_baseline_aggregate_sha256","0b4c6106bde7e2a62b1ffd6a0df7246ded62177d941c7fb9303a2cbac62f92bf","97ebb17a2518e3a43b18a382dcfc879c1f5e2b08118a6149c8fa984e65017453","true"
"AWS-SIGN-0476","notes","只允许把 source_path 指定的已签最终字节复制到 target_path。目标已存在时停止，不得覆盖；复制后必须同时命中 expected_output_sha256 与 expected_output_bytes。不得在合并时重新执行字面替换或自行改写卡片。","只允许把 source_path 指定的已签最终字节复制到 target_path。目标已存在时停止，不得覆盖；复制后必须同时命中 expected_output_sha256 与 expected_output_bytes。不得在合并时重新执行字面替换或自行改写卡片。rebase_binding=AWS-SIGNOFF-REBASE-GOOGLE-SOURCE-GATE-20260813","true"
"AWS-SIGN-0477","formal_baseline_aggregate_sha256","0b4c6106bde7e2a62b1ffd6a0df7246ded62177d941c7fb9303a2cbac62f92bf","97ebb17a2518e3a43b18a382dcfc879c1f5e2b08118a6149c8fa984e65017453","true"
"AWS-SIGN-0477","notes","只允许把 source_path 指定的已签最终字节复制到 target_path。目标已存在时停止，不得覆盖；复制后必须同时命中 expected_output_sha256 与 expected_output_bytes。不得在合并时重新执行字面替换或自行改写卡片。","只允许把 source_path 指定的已签最终字节复制到 target_path。目标已存在时停止，不得覆盖；复制后必须同时命中 expected_output_sha256 与 expected_output_bytes。不得在合并时重新执行字面替换或自行改写卡片。rebase_binding=AWS-SIGNOFF-REBASE-GOOGLE-SOURCE-GATE-20260813","true"
"AWS-SIGN-0478","formal_baseline_aggregate_sha256","0b4c6106bde7e2a62b1ffd6a0df7246ded62177d941c7fb9303a2cbac62f92bf","97ebb17a2518e3a43b18a382dcfc879c1f5e2b08118a6149c8fa984e65017453","true"
"AWS-SIGN-0478","notes","只允许把 source_path 指定的已签最终字节复制到 target_path。目标已存在时停止，不得覆盖；复制后必须同时命中 expected_output_sha256 与 expected_output_bytes。不得在合并时重新执行字面替换或自行改写卡片。","只允许把 source_path 指定的已签最终字节复制到 target_path。目标已存在时停止，不得覆盖；复制后必须同时命中 expected_output_sha256 与 expected_output_bytes。不得在合并时重新执行字面替换或自行改写卡片。rebase_binding=AWS-SIGNOFF-REBASE-GOOGLE-SOURCE-GATE-20260813","true"
"AWS-SIGN-0479","formal_baseline_aggregate_sha256","0b4c6106bde7e2a62b1ffd6a0df7246ded62177d941c7fb9303a2cbac62f92bf","97ebb17a2518e3a43b18a382dcfc879c1f5e2b08118a6149c8fa984e65017453","true"
"AWS-SIGN-0479","notes","这是禁止写入的边界，不是变更授权。单器件事实边界成立，但 package 只是保守归属容器；裸片、芯粒、基板、外形和订货形态仍无一手证据，因此继续 needs_resolution。","这是禁止写入的边界，不是变更授权。单器件事实边界成立，但 package 只是保守归属容器；裸片、芯粒、基板、外形和订货形态仍无一手证据，因此继续 needs_resolution。rebase_binding=AWS-SIGNOFF-REBASE-GOOGLE-SOURCE-GATE-20260813","true"
"AWS-SIGN-0480","formal_baseline_aggregate_sha256","0b4c6106bde7e2a62b1ffd6a0df7246ded62177d941c7fb9303a2cbac62f92bf","97ebb17a2518e3a43b18a382dcfc879c1f5e2b08118a6149c8fa984e65017453","true"
"AWS-SIGN-0480","notes","这是禁止写入的边界，不是变更授权。单器件事实边界成立，但 package 只是保守归属容器；裸片、芯粒、基板、外形和订货形态仍无一手证据，因此继续 needs_resolution。","这是禁止写入的边界，不是变更授权。单器件事实边界成立，但 package 只是保守归属容器；裸片、芯粒、基板、外形和订货形态仍无一手证据，因此继续 needs_resolution。rebase_binding=AWS-SIGNOFF-REBASE-GOOGLE-SOURCE-GATE-20260813","true"
"AWS-SIGN-0481","formal_baseline_aggregate_sha256","0b4c6106bde7e2a62b1ffd6a0df7246ded62177d941c7fb9303a2cbac62f92bf","97ebb17a2518e3a43b18a382dcfc879c1f5e2b08118a6149c8fa984e65017453","true"
"AWS-SIGN-0481","notes","这是禁止写入的边界，不是变更授权。单器件事实边界成立，但 package 只是保守归属容器；裸片、芯粒、基板、外形和订货形态仍无一手证据，因此继续 needs_resolution。","这是禁止写入的边界，不是变更授权。单器件事实边界成立，但 package 只是保守归属容器；裸片、芯粒、基板、外形和订货形态仍无一手证据，因此继续 needs_resolution。rebase_binding=AWS-SIGNOFF-REBASE-GOOGLE-SOURCE-GATE-20260813","true"
"AWS-SIGN-0482","formal_baseline_aggregate_sha256","0b4c6106bde7e2a62b1ffd6a0df7246ded62177d941c7fb9303a2cbac62f92bf","97ebb17a2518e3a43b18a382dcfc879c1f5e2b08118a6149c8fa984e65017453","true"
"AWS-SIGN-0482","notes","这是禁止写入的边界，不是变更授权。单器件事实边界成立，但 package 只是保守归属容器；裸片、芯粒、基板、外形和订货形态仍无一手证据，因此继续 needs_resolution。","这是禁止写入的边界，不是变更授权。单器件事实边界成立，但 package 只是保守归属容器；裸片、芯粒、基板、外形和订货形态仍无一手证据，因此继续 needs_resolution。rebase_binding=AWS-SIGNOFF-REBASE-GOOGLE-SOURCE-GATE-20260813","true"
"AWS-SIGN-0483","formal_baseline_aggregate_sha256","0b4c6106bde7e2a62b1ffd6a0df7246ded62177d941c7fb9303a2cbac62f92bf","97ebb17a2518e3a43b18a382dcfc879c1f5e2b08118a6149c8fa984e65017453","true"
"AWS-SIGN-0483","notes","这是禁止写入的边界，不是变更授权。关系方向可用于事实复用，但其主体仍是保守 package 容器；本包不把容器物理身份的不确定性静默升级为 reviewed。","这是禁止写入的边界，不是变更授权。关系方向可用于事实复用，但其主体仍是保守 package 容器；本包不把容器物理身份的不确定性静默升级为 reviewed。rebase_binding=AWS-SIGNOFF-REBASE-GOOGLE-SOURCE-GATE-20260813","true"
"AWS-SIGN-0484","formal_baseline_aggregate_sha256","0b4c6106bde7e2a62b1ffd6a0df7246ded62177d941c7fb9303a2cbac62f92bf","97ebb17a2518e3a43b18a382dcfc879c1f5e2b08118a6149c8fa984e65017453","true"
"AWS-SIGN-0484","notes","这是禁止写入的边界，不是变更授权。关系方向可用于事实复用，但其主体仍是保守 package 容器；本包不把容器物理身份的不确定性静默升级为 reviewed。","这是禁止写入的边界，不是变更授权。关系方向可用于事实复用，但其主体仍是保守 package 容器；本包不把容器物理身份的不确定性静默升级为 reviewed。rebase_binding=AWS-SIGNOFF-REBASE-GOOGLE-SOURCE-GATE-20260813","true"
"AWS-SIGN-0485","formal_baseline_aggregate_sha256","0b4c6106bde7e2a62b1ffd6a0df7246ded62177d941c7fb9303a2cbac62f92bf","97ebb17a2518e3a43b18a382dcfc879c1f5e2b08118a6149c8fa984e65017453","true"
"AWS-SIGN-0485","notes","这是禁止写入的边界，不是变更授权。关系方向可用于事实复用，但其主体仍是保守 package 容器；本包不把容器物理身份的不确定性静默升级为 reviewed。","这是禁止写入的边界，不是变更授权。关系方向可用于事实复用，但其主体仍是保守 package 容器；本包不把容器物理身份的不确定性静默升级为 reviewed。rebase_binding=AWS-SIGNOFF-REBASE-GOOGLE-SOURCE-GATE-20260813","true"
"AWS-SIGN-0486","formal_baseline_aggregate_sha256","0b4c6106bde7e2a62b1ffd6a0df7246ded62177d941c7fb9303a2cbac62f92bf","97ebb17a2518e3a43b18a382dcfc879c1f5e2b08118a6149c8fa984e65017453","true"
"AWS-SIGN-0486","notes","这是禁止写入的边界，不是变更授权。关系方向可用于事实复用，但其主体仍是保守 package 容器；本包不把容器物理身份的不确定性静默升级为 reviewed。","这是禁止写入的边界，不是变更授权。关系方向可用于事实复用，但其主体仍是保守 package 容器；本包不把容器物理身份的不确定性静默升级为 reviewed。rebase_binding=AWS-SIGNOFF-REBASE-GOOGLE-SOURCE-GATE-20260813","true"
