"signoff_row_id","target_path","pk_column","pk_value","source_path","source_sha256","source_bytes","source_review_status","authorized_review_status","semantic_status_column","semantic_status_before","semantic_status_after","signed_source_line_sha256","canonical_source_row_sha256","canonical_authorized_row_sha256","formal_premerge_sha256","formal_premerge_bytes"
"ASC950-SIGN-0001","数据/card-completeness.csv","card_completeness_id","CC-M2W3-HUAWEI-ASC950-DIE-IDENTITY","审计/子代理交接/m2_staging/M2-W3-HUAWEI-ASCEND950-PHYSICAL/structured/card-completeness.csv","c58424d5e9af992122aa2421516be5c64c4570ce8ad60d9c9bf5d773cf1b5de3","6444","draft","reviewed","","","","61bab9667fec6008640a5181c9bcd52141b925cf63e9614bca3ad1bd79e91839","61bab9667fec6008640a5181c9bcd52141b925cf63e9614bca3ad1bd79e91839","e36a24e57da45a50c71decc82bb6e66dd4b0a3f61348933b19d345943868ef4c","a046bf3d9c7c88d1204a2f12e24c1ea654aa9ddd85115b2089c50f2de21c738b","74967"
"ASC950-SIGN-0002","数据/card-completeness.csv","card_completeness_id","CC-M2W3-HUAWEI-ASC950-DIE-PHYSICAL","审计/子代理交接/m2_staging/M2-W3-HUAWEI-ASCEND950-PHYSICAL/structured/card-completeness.csv","c58424d5e9af992122aa2421516be5c64c4570ce8ad60d9c9bf5d773cf1b5de3","6444","draft","reviewed","","","","eec3f97bcf12fea166b1d2f1528181b57b9c0b4b6363522283828abac3690596","eec3f97bcf12fea166b1d2f1528181b57b9c0b4b6363522283828abac3690596","f9b44b958bb9ba2f099d4f390eb41ec97bc2b1bdd1d0edc648b78a31cee740fe","a046bf3d9c7c88d1204a2f12e24c1ea654aa9ddd85115b2089c50f2de21c738b","74967"
"ASC950-SIGN-0003","数据/card-completeness.csv","card_completeness_id","CC-M2W3-HUAWEI-ASC950-DIE-COMPUTE","审计/子代理交接/m2_staging/M2-W3-HUAWEI-ASCEND950-PHYSICAL/structured/card-completeness.csv","c58424d5e9af992122aa2421516be5c64c4570ce8ad60d9c9bf5d773cf1b5de3","6444","draft","reviewed","","","","9f77994e4370bc242d6a806f30dd39fe14a24c64ece7c534dfa5457d88a728c7","9f77994e4370bc242d6a806f30dd39fe14a24c64ece7c534dfa5457d88a728c7","7b0365261d5d5ff2e5a461cec3aa5143274a5fa84210e61d1b712f6108bb22b3","a046bf3d9c7c88d1204a2f12e24c1ea654aa9ddd85115b2089c50f2de21c738b","74967"
"ASC950-SIGN-0004","数据/card-completeness.csv","card_completeness_id","CC-M2W3-HUAWEI-ASC950-DIE-NUMERICS","审计/子代理交接/m2_staging/M2-W3-HUAWEI-ASCEND950-PHYSICAL/structured/card-completeness.csv","c58424d5e9af992122aa2421516be5c64c4570ce8ad60d9c9bf5d773cf1b5de3","6444","draft","reviewed","","","","ea9d6c481eb966eaf045aa6b2a9125f7b5a4a1636c1d9439c9569d32cefa3971","ea9d6c481eb966eaf045aa6b2a9125f7b5a4a1636c1d9439c9569d32cefa3971","1f5d9c792dffa367827611f77f174660d22bfd64f6a20fd5ae3c007bac125b31","a046bf3d9c7c88d1204a2f12e24c1ea654aa9ddd85115b2089c50f2de21c738b","74967"
"ASC950-SIGN-0005","数据/card-completeness.csv","card_completeness_id","CC-M2W3-HUAWEI-ASC950-DIE-MEMORY","审计/子代理交接/m2_staging/M2-W3-HUAWEI-ASCEND950-PHYSICAL/structured/card-completeness.csv","c58424d5e9af992122aa2421516be5c64c4570ce8ad60d9c9bf5d773cf1b5de3","6444","draft","reviewed","","","","349c5e502565af46d6b1a18e97d32516fb9d2189ebc9a8a82436d34a54854423","349c5e502565af46d6b1a18e97d32516fb9d2189ebc9a8a82436d34a54854423","6f667917a793b8b38eb0ca858db1e23e68ec24e18f96a04eadde7d7478a62a14","a046bf3d9c7c88d1204a2f12e24c1ea654aa9ddd85115b2089c50f2de21c738b","74967"
"ASC950-SIGN-0006","数据/card-completeness.csv","card_completeness_id","CC-M2W3-HUAWEI-ASC950-DIE-INTERCONNECT","审计/子代理交接/m2_staging/M2-W3-HUAWEI-ASCEND950-PHYSICAL/structured/card-completeness.csv","c58424d5e9af992122aa2421516be5c64c4570ce8ad60d9c9bf5d773cf1b5de3","6444","draft","reviewed","","","","515946e5ffd0b2ee4fc93beda1d1c01be5bb4ebb5a789e8059bd86282d5255e0","515946e5ffd0b2ee4fc93beda1d1c01be5bb4ebb5a789e8059bd86282d5255e0","d4abdfea205564dd254944dc44a35fe2db52d04f487f46097948acbae02acc28","a046bf3d9c7c88d1204a2f12e24c1ea654aa9ddd85115b2089c50f2de21c738b","74967"
"ASC950-SIGN-0007","数据/card-completeness.csv","card_completeness_id","CC-M2W3-HUAWEI-ASC950-DIE-SPECIAL_ENGINES","审计/子代理交接/m2_staging/M2-W3-HUAWEI-ASCEND950-PHYSICAL/structured/card-completeness.csv","c58424d5e9af992122aa2421516be5c64c4570ce8ad60d9c9bf5d773cf1b5de3","6444","draft","reviewed","","","","9a896019ecb6323e5efd2ccc4a9d0e5d52a3445bf20121115ec5e5550a38fc73","9a896019ecb6323e5efd2ccc4a9d0e5d52a3445bf20121115ec5e5550a38fc73","89c78f0a43c5ddb83dd12632c78ea61244121bd3bad1d80501556b060771f8f8","a046bf3d9c7c88d1204a2f12e24c1ea654aa9ddd85115b2089c50f2de21c738b","74967"
"ASC950-SIGN-0008","数据/card-completeness.csv","card_completeness_id","CC-M2W3-HUAWEI-ASC950-DIE-SOFTWARE","审计/子代理交接/m2_staging/M2-W3-HUAWEI-ASCEND950-PHYSICAL/structured/card-completeness.csv","c58424d5e9af992122aa2421516be5c64c4570ce8ad60d9c9bf5d773cf1b5de3","6444","draft","reviewed","","","","af5d055e0cc5539dcc4158cfbe72559f0faeb2ab7ec94886f1b23ec53e093dc2","af5d055e0cc5539dcc4158cfbe72559f0faeb2ab7ec94886f1b23ec53e093dc2","d0d6a024780a95b6f51f352259b45b2063df163766b915bdafa10efa4a72513c","a046bf3d9c7c88d1204a2f12e24c1ea654aa9ddd85115b2089c50f2de21c738b","74967"
"ASC950-SIGN-0009","数据/card-completeness.csv","card_completeness_id","CC-M2W3-HUAWEI-ASC950-DIE-EVIDENCE","审计/子代理交接/m2_staging/M2-W3-HUAWEI-ASCEND950-PHYSICAL/structured/card-completeness.csv","c58424d5e9af992122aa2421516be5c64c4570ce8ad60d9c9bf5d773cf1b5de3","6444","draft","reviewed","","","","7c021a34a2bcf0bf0c1feda6625642f1732eedcb10a90cb8bd54c8f8568925d7","7c021a34a2bcf0bf0c1feda6625642f1732eedcb10a90cb8bd54c8f8568925d7","8aad0469cb17f9b9b4a11855b53e3ba5bc1b16ab1ecae0980c508fdf2a64ad94","a046bf3d9c7c88d1204a2f12e24c1ea654aa9ddd85115b2089c50f2de21c738b","74967"
"ASC950-SIGN-0010","数据/card-completeness.csv","card_completeness_id","CC-M2W3-HUAWEI-ASC950-PR-IDENTITY","审计/子代理交接/m2_staging/M2-W3-HUAWEI-ASCEND950-PHYSICAL/structured/card-completeness.csv","c58424d5e9af992122aa2421516be5c64c4570ce8ad60d9c9bf5d773cf1b5de3","6444","draft","reviewed","","","","4401c821206a940322dc567a7cef921ce00bc3e756a0e8fb52ae9f591961ebc4","4401c821206a940322dc567a7cef921ce00bc3e756a0e8fb52ae9f591961ebc4","1046dd0b1da1e8e42bc7709483b3c790091430dd7f3712044c4581e8cf92f3de","a046bf3d9c7c88d1204a2f12e24c1ea654aa9ddd85115b2089c50f2de21c738b","74967"
"ASC950-SIGN-0011","数据/card-completeness.csv","card_completeness_id","CC-M2W3-HUAWEI-ASC950-PR-PHYSICAL","审计/子代理交接/m2_staging/M2-W3-HUAWEI-ASCEND950-PHYSICAL/structured/card-completeness.csv","c58424d5e9af992122aa2421516be5c64c4570ce8ad60d9c9bf5d773cf1b5de3","6444","draft","reviewed","","","","147aefb2edf748d6e71afa2c6730f1eabf344b09520a0553ef90d5ec679500eb","147aefb2edf748d6e71afa2c6730f1eabf344b09520a0553ef90d5ec679500eb","9c44bbb17da2ad1889cf57e0f7bb56b959de6cd33b5783da9cc5c03a119088eb","a046bf3d9c7c88d1204a2f12e24c1ea654aa9ddd85115b2089c50f2de21c738b","74967"
"ASC950-SIGN-0012","数据/card-completeness.csv","card_completeness_id","CC-M2W3-HUAWEI-ASC950-PR-COMPUTE","审计/子代理交接/m2_staging/M2-W3-HUAWEI-ASCEND950-PHYSICAL/structured/card-completeness.csv","c58424d5e9af992122aa2421516be5c64c4570ce8ad60d9c9bf5d773cf1b5de3","6444","draft","reviewed","","","","7560b178a723eb3edef233776b86ea5259d7d5d41a38190bfa22aac7dfb2f20b","7560b178a723eb3edef233776b86ea5259d7d5d41a38190bfa22aac7dfb2f20b","9190919f4ed0fef13ee3680e5d138f399e3a83ba4d93a0726368e61e19151ac2","a046bf3d9c7c88d1204a2f12e24c1ea654aa9ddd85115b2089c50f2de21c738b","74967"
"ASC950-SIGN-0013","数据/card-completeness.csv","card_completeness_id","CC-M2W3-HUAWEI-ASC950-PR-NUMERICS","审计/子代理交接/m2_staging/M2-W3-HUAWEI-ASCEND950-PHYSICAL/structured/card-completeness.csv","c58424d5e9af992122aa2421516be5c64c4570ce8ad60d9c9bf5d773cf1b5de3","6444","draft","reviewed","","","","27c6135905720ca812c594d372e7d0aaef646b540a4b13b7caa560c3df07bfb5","27c6135905720ca812c594d372e7d0aaef646b540a4b13b7caa560c3df07bfb5","e1caeeed59b59835022be564b458046269b151afc56d23288f9b13150fb48ed7","a046bf3d9c7c88d1204a2f12e24c1ea654aa9ddd85115b2089c50f2de21c738b","74967"
"ASC950-SIGN-0014","数据/card-completeness.csv","card_completeness_id","CC-M2W3-HUAWEI-ASC950-PR-MEMORY","审计/子代理交接/m2_staging/M2-W3-HUAWEI-ASCEND950-PHYSICAL/structured/card-completeness.csv","c58424d5e9af992122aa2421516be5c64c4570ce8ad60d9c9bf5d773cf1b5de3","6444","draft","reviewed","","","","5f0bb2485385f034fe4f7caba9360935a20ef76287c67fe8d4ef7c730918bbef","5f0bb2485385f034fe4f7caba9360935a20ef76287c67fe8d4ef7c730918bbef","32afea2c4def7dce67a4166f2f1727c81b86719a0d5354ae066fd1c89f31a8a7","a046bf3d9c7c88d1204a2f12e24c1ea654aa9ddd85115b2089c50f2de21c738b","74967"
"ASC950-SIGN-0015","数据/card-completeness.csv","card_completeness_id","CC-M2W3-HUAWEI-ASC950-PR-INTERCONNECT","审计/子代理交接/m2_staging/M2-W3-HUAWEI-ASCEND950-PHYSICAL/structured/card-completeness.csv","c58424d5e9af992122aa2421516be5c64c4570ce8ad60d9c9bf5d773cf1b5de3","6444","draft","reviewed","","","","c30a44f18e84c4680804d5b2771b4883ce6521b4c55c5af05d90282e3f01a1ac","c30a44f18e84c4680804d5b2771b4883ce6521b4c55c5af05d90282e3f01a1ac","63342c4078264ef40c6ef999039fa5928f2e201d4bf90252ac039f5072b47d79","a046bf3d9c7c88d1204a2f12e24c1ea654aa9ddd85115b2089c50f2de21c738b","74967"
"ASC950-SIGN-0016","数据/card-completeness.csv","card_completeness_id","CC-M2W3-HUAWEI-ASC950-PR-SPECIAL_ENGINES","审计/子代理交接/m2_staging/M2-W3-HUAWEI-ASCEND950-PHYSICAL/structured/card-completeness.csv","c58424d5e9af992122aa2421516be5c64c4570ce8ad60d9c9bf5d773cf1b5de3","6444","draft","reviewed","","","","3b08b619f3c5ee80b9a076ee4a11f65705700cd0a2deb254b58f6de6959d7883","3b08b619f3c5ee80b9a076ee4a11f65705700cd0a2deb254b58f6de6959d7883","39b9a858b990b4e20aada6cb6d0e061c54aba92a559274c22b61cc868336ff3a","a046bf3d9c7c88d1204a2f12e24c1ea654aa9ddd85115b2089c50f2de21c738b","74967"
"ASC950-SIGN-0017","数据/card-completeness.csv","card_completeness_id","CC-M2W3-HUAWEI-ASC950-PR-SOFTWARE","审计/子代理交接/m2_staging/M2-W3-HUAWEI-ASCEND950-PHYSICAL/structured/card-completeness.csv","c58424d5e9af992122aa2421516be5c64c4570ce8ad60d9c9bf5d773cf1b5de3","6444","draft","reviewed","","","","a022354262d1a87089abc0aeb8a90379094e00a9b6a7e8b3aee59cc8f2fd7a32","a022354262d1a87089abc0aeb8a90379094e00a9b6a7e8b3aee59cc8f2fd7a32","ce6b6daf79fb987fe7463356e93c96c22846f9908c865b9a5294abc82b148b4b","a046bf3d9c7c88d1204a2f12e24c1ea654aa9ddd85115b2089c50f2de21c738b","74967"
"ASC950-SIGN-0018","数据/card-completeness.csv","card_completeness_id","CC-M2W3-HUAWEI-ASC950-PR-EVIDENCE","审计/子代理交接/m2_staging/M2-W3-HUAWEI-ASCEND950-PHYSICAL/structured/card-completeness.csv","c58424d5e9af992122aa2421516be5c64c4570ce8ad60d9c9bf5d773cf1b5de3","6444","draft","reviewed","","","","7c5add810a7ddbb981db339b631a329be1f9d3dec2d7495082784f2abb4a7b1a","7c5add810a7ddbb981db339b631a329be1f9d3dec2d7495082784f2abb4a7b1a","0601b0a5178e3d481415b5f918264cd49f025ba97eca75e243296da27e5227e7","a046bf3d9c7c88d1204a2f12e24c1ea654aa9ddd85115b2089c50f2de21c738b","74967"
"ASC950-SIGN-0019","数据/card-completeness.csv","card_completeness_id","CC-M2W3-HUAWEI-ASC950-DT-IDENTITY","审计/子代理交接/m2_staging/M2-W3-HUAWEI-ASCEND950-PHYSICAL/structured/card-completeness.csv","c58424d5e9af992122aa2421516be5c64c4570ce8ad60d9c9bf5d773cf1b5de3","6444","draft","reviewed","","","","a53ad46f3e45b1312fd1590a787b71a6a48215ae3da12516d7f41ffdeb23d5e8","a53ad46f3e45b1312fd1590a787b71a6a48215ae3da12516d7f41ffdeb23d5e8","ee928b7a2e2f9c9f488b440061df7976434a33ab82f835a9a3729a4cf2f0e1b2","a046bf3d9c7c88d1204a2f12e24c1ea654aa9ddd85115b2089c50f2de21c738b","74967"
"ASC950-SIGN-0020","数据/card-completeness.csv","card_completeness_id","CC-M2W3-HUAWEI-ASC950-DT-PHYSICAL","审计/子代理交接/m2_staging/M2-W3-HUAWEI-ASCEND950-PHYSICAL/structured/card-completeness.csv","c58424d5e9af992122aa2421516be5c64c4570ce8ad60d9c9bf5d773cf1b5de3","6444","draft","reviewed","","","","689ae51853b01139af23e2a506c3ba74f68440e8ba12ec0ab264ca5227c34857","689ae51853b01139af23e2a506c3ba74f68440e8ba12ec0ab264ca5227c34857","e6d5f3fa4ed13f6dbcb084c974d23cca4e5c11555c397e26bdf07c9a0c462761","a046bf3d9c7c88d1204a2f12e24c1ea654aa9ddd85115b2089c50f2de21c738b","74967"
"ASC950-SIGN-0021","数据/card-completeness.csv","card_completeness_id","CC-M2W3-HUAWEI-ASC950-DT-COMPUTE","审计/子代理交接/m2_staging/M2-W3-HUAWEI-ASCEND950-PHYSICAL/structured/card-completeness.csv","c58424d5e9af992122aa2421516be5c64c4570ce8ad60d9c9bf5d773cf1b5de3","6444","draft","reviewed","","","","93ee2af0a542108113014c5155594c3b4c478d84845af8bcd2c75a74aa25a3e8","93ee2af0a542108113014c5155594c3b4c478d84845af8bcd2c75a74aa25a3e8","20feb6ad06ed7e8003c34cf278003439fb2cb593284db1f6ecee6e504ad68a85","a046bf3d9c7c88d1204a2f12e24c1ea654aa9ddd85115b2089c50f2de21c738b","74967"
"ASC950-SIGN-0022","数据/card-completeness.csv","card_completeness_id","CC-M2W3-HUAWEI-ASC950-DT-NUMERICS","审计/子代理交接/m2_staging/M2-W3-HUAWEI-ASCEND950-PHYSICAL/structured/card-completeness.csv","c58424d5e9af992122aa2421516be5c64c4570ce8ad60d9c9bf5d773cf1b5de3","6444","draft","reviewed","","","","da29a4e2dca79d9995858fcb7c2153f2820b7f1157e2cadc8508810de6f2d433","da29a4e2dca79d9995858fcb7c2153f2820b7f1157e2cadc8508810de6f2d433","15284919dfd758ef84198d761e1e4590551215d60710f3c5191a03d3c496b074","a046bf3d9c7c88d1204a2f12e24c1ea654aa9ddd85115b2089c50f2de21c738b","74967"
"ASC950-SIGN-0023","数据/card-completeness.csv","card_completeness_id","CC-M2W3-HUAWEI-ASC950-DT-MEMORY","审计/子代理交接/m2_staging/M2-W3-HUAWEI-ASCEND950-PHYSICAL/structured/card-completeness.csv","c58424d5e9af992122aa2421516be5c64c4570ce8ad60d9c9bf5d773cf1b5de3","6444","draft","reviewed","","","","b5697e33c702e98d3c3670a3ef3efcab7379fd2d4e132889fe5b2f5b4956e9e3","b5697e33c702e98d3c3670a3ef3efcab7379fd2d4e132889fe5b2f5b4956e9e3","c540b0eef42530d480c545fd64c6bb532e6049d7ff7e679c56c02034fca358d3","a046bf3d9c7c88d1204a2f12e24c1ea654aa9ddd85115b2089c50f2de21c738b","74967"
"ASC950-SIGN-0024","数据/card-completeness.csv","card_completeness_id","CC-M2W3-HUAWEI-ASC950-DT-INTERCONNECT","审计/子代理交接/m2_staging/M2-W3-HUAWEI-ASCEND950-PHYSICAL/structured/card-completeness.csv","c58424d5e9af992122aa2421516be5c64c4570ce8ad60d9c9bf5d773cf1b5de3","6444","draft","reviewed","","","","e225eb20ae3966eb03a047044aafd19e3572ab9686c758ff7c03724ed0af6f32","e225eb20ae3966eb03a047044aafd19e3572ab9686c758ff7c03724ed0af6f32","18ac2cbd3cea8268e83040c22e9625f755a5241785fe3d33c07cad26ef302fc6","a046bf3d9c7c88d1204a2f12e24c1ea654aa9ddd85115b2089c50f2de21c738b","74967"
"ASC950-SIGN-0025","数据/card-completeness.csv","card_completeness_id","CC-M2W3-HUAWEI-ASC950-DT-SPECIAL_ENGINES","审计/子代理交接/m2_staging/M2-W3-HUAWEI-ASCEND950-PHYSICAL/structured/card-completeness.csv","c58424d5e9af992122aa2421516be5c64c4570ce8ad60d9c9bf5d773cf1b5de3","6444","draft","reviewed","","","","8b6e8b501084fd16d063b2af72594268347860ad4dc8345ced5f484334a557b1","8b6e8b501084fd16d063b2af72594268347860ad4dc8345ced5f484334a557b1","18b3fc78ea819a66fa0d3ba220a881bf8349b2a8016c6e204f032d378a1da977","a046bf3d9c7c88d1204a2f12e24c1ea654aa9ddd85115b2089c50f2de21c738b","74967"
"ASC950-SIGN-0026","数据/card-completeness.csv","card_completeness_id","CC-M2W3-HUAWEI-ASC950-DT-SOFTWARE","审计/子代理交接/m2_staging/M2-W3-HUAWEI-ASCEND950-PHYSICAL/structured/card-completeness.csv","c58424d5e9af992122aa2421516be5c64c4570ce8ad60d9c9bf5d773cf1b5de3","6444","draft","reviewed","","","","7b81e1c6f3e57eec3e27218522f01be4fcfebb023cbbb03753a29fe6422ac860","7b81e1c6f3e57eec3e27218522f01be4fcfebb023cbbb03753a29fe6422ac860","43e7e857a6be060bf88e76f4af635e5be88ee0fb04a55be5e924649348ea27b0","a046bf3d9c7c88d1204a2f12e24c1ea654aa9ddd85115b2089c50f2de21c738b","74967"
"ASC950-SIGN-0027","数据/card-completeness.csv","card_completeness_id","CC-M2W3-HUAWEI-ASC950-DT-EVIDENCE","审计/子代理交接/m2_staging/M2-W3-HUAWEI-ASCEND950-PHYSICAL/structured/card-completeness.csv","c58424d5e9af992122aa2421516be5c64c4570ce8ad60d9c9bf5d773cf1b5de3","6444","draft","reviewed","","","","49db66fa397ff34e5a922dab0a693a45875ad27569520573ec79448fb870621d","49db66fa397ff34e5a922dab0a693a45875ad27569520573ec79448fb870621d","9a583af2a2f662b91110dfe6574cded1b4f41abfb6aa655ec97c2cddc6813e0f","a046bf3d9c7c88d1204a2f12e24c1ea654aa9ddd85115b2089c50f2de21c738b","74967"
"ASC950-SIGN-0028","数据/components.csv","component_id","COMP-M2W3-HUAWEI-ASC950-DIE-AI-PEAK","审计/子代理交接/m2_staging/M2-W3-HUAWEI-ASCEND950-PHYSICAL/structured/components.csv","a5a7989496d1c687328925502cfe81aeaaf975fa8f7f1dce50e85d0de8b70abd","1269","draft","reviewed","","","","bfeb0d7b48d0ec4933af64f886ab94dfcadc5ae665694f8fb4f35f1c95529d4a","bfeb0d7b48d0ec4933af64f886ab94dfcadc5ae665694f8fb4f35f1c95529d4a","162a75c06805224a820d397acb4398288628e0f90ea17e8c2384feb76a6a9e5f","506243dd2d4f48b281197d5113133e6591f19d14c4c818e0ef140c5039088cd6","43819"
"ASC950-SIGN-0029","数据/components.csv","component_id","COMP-M2W3-HUAWEI-ASC950-DIE-VECTOR","审计/子代理交接/m2_staging/M2-W3-HUAWEI-ASCEND950-PHYSICAL/structured/components.csv","a5a7989496d1c687328925502cfe81aeaaf975fa8f7f1dce50e85d0de8b70abd","1269","draft","reviewed","","","","da90633bd8453700dac67d5655c0dfe1d804c197039099588b79b325a79e7e7d","da90633bd8453700dac67d5655c0dfe1d804c197039099588b79b325a79e7e7d","ad194c2dc7e7c5154ba820be741857c5f80be0cdaf708ecf7971b447f080a4d0","506243dd2d4f48b281197d5113133e6591f19d14c4c818e0ef140c5039088cd6","43819"
"ASC950-SIGN-0030","数据/components.csv","component_id","COMP-M2W3-HUAWEI-ASC950-DIE-MEMACCESS","审计/子代理交接/m2_staging/M2-W3-HUAWEI-ASCEND950-PHYSICAL/structured/components.csv","a5a7989496d1c687328925502cfe81aeaaf975fa8f7f1dce50e85d0de8b70abd","1269","draft","reviewed","","","","d4d73bc53f888144434b1e03467772fcd21883a0a73e7a8132a17f5b1a8c80be","d4d73bc53f888144434b1e03467772fcd21883a0a73e7a8132a17f5b1a8c80be","8d16bc386987a2e5549bb770d7427794b3c5b681a95a0966c631e57ceb36d460","506243dd2d4f48b281197d5113133e6591f19d14c4c818e0ef140c5039088cd6","43819"
"ASC950-SIGN-0031","数据/components.csv","component_id","COMP-M2W3-HUAWEI-ASC950PR-VENDOR-PEAK","审计/子代理交接/m2_staging/M2-W3-HUAWEI-ASCEND950-PHYSICAL/structured/components.csv","a5a7989496d1c687328925502cfe81aeaaf975fa8f7f1dce50e85d0de8b70abd","1269","draft","reviewed","","","","b35353ee1c816f37cac7f6119f6c3ef8729b80dcb35b2d7baca6021264a9b580","b35353ee1c816f37cac7f6119f6c3ef8729b80dcb35b2d7baca6021264a9b580","48c5044183708b37119d73d94652f01ea8b92fd740b22be2c8649a3a72190f45","506243dd2d4f48b281197d5113133e6591f19d14c4c818e0ef140c5039088cd6","43819"
"ASC950-SIGN-0032","数据/components.csv","component_id","COMP-M2W3-HUAWEI-ASC950PR-HIBL1","审计/子代理交接/m2_staging/M2-W3-HUAWEI-ASCEND950-PHYSICAL/structured/components.csv","a5a7989496d1c687328925502cfe81aeaaf975fa8f7f1dce50e85d0de8b70abd","1269","draft","reviewed","","","","ca37b7131fb80cedb924cc912f8756bdf26d6dd26985d50aef705724da6ecc8e","ca37b7131fb80cedb924cc912f8756bdf26d6dd26985d50aef705724da6ecc8e","7004acaae7b7d9637d430ac5348766a966ac4cbf994606bbf5f83a4dfdfe787f","506243dd2d4f48b281197d5113133e6591f19d14c4c818e0ef140c5039088cd6","43819"
"ASC950-SIGN-0033","数据/components.csv","component_id","COMP-M2W3-HUAWEI-ASC950DT-HIZQ2","审计/子代理交接/m2_staging/M2-W3-HUAWEI-ASCEND950-PHYSICAL/structured/components.csv","a5a7989496d1c687328925502cfe81aeaaf975fa8f7f1dce50e85d0de8b70abd","1269","draft","reviewed","","","","797af98417ea91312494019c015f60d807b091d840084fe151ecc5a243385331","797af98417ea91312494019c015f60d807b091d840084fe151ecc5a243385331","66bd4b4357eb76601ea2c0eab85ec8c3f59a48da4817264cdc82d47ac8a069c1","506243dd2d4f48b281197d5113133e6591f19d14c4c818e0ef140c5039088cd6","43819"
"ASC950-SIGN-0034","数据/condition-sets.csv","condition_set_id","COND-M2W3-HUAWEI-ASC950-DIE-FP8-ROADMAP","审计/子代理交接/m2_staging/M2-W3-HUAWEI-ASCEND950-PHYSICAL/structured/condition-sets.csv","fd41c740e82fe579a2c40f116b6749ea599031aaaf2b849284f2672d9b07aaac","4634","needs_resolution","needs_resolution","","","","6bc0ee22bc66422fe3e33b42ad6d9c15d6c7095746303d3d26bd55f4a9d8bea9","6bc0ee22bc66422fe3e33b42ad6d9c15d6c7095746303d3d26bd55f4a9d8bea9","6bc0ee22bc66422fe3e33b42ad6d9c15d6c7095746303d3d26bd55f4a9d8bea9","c80a2e5e5cf98e90a2902c871ca64093d3e9f572a871eedfa1f806d304bd94c3","59126"
"ASC950-SIGN-0035","数据/condition-sets.csv","condition_set_id","COND-M2W3-HUAWEI-ASC950-DIE-MXFP8-ROADMAP","审计/子代理交接/m2_staging/M2-W3-HUAWEI-ASCEND950-PHYSICAL/structured/condition-sets.csv","fd41c740e82fe579a2c40f116b6749ea599031aaaf2b849284f2672d9b07aaac","4634","needs_resolution","needs_resolution","","","","bd97b5a1e5523b0e1a76dff9c37f1674bc7dabb2a8edf3995c5b888f1bb64107","bd97b5a1e5523b0e1a76dff9c37f1674bc7dabb2a8edf3995c5b888f1bb64107","bd97b5a1e5523b0e1a76dff9c37f1674bc7dabb2a8edf3995c5b888f1bb64107","c80a2e5e5cf98e90a2902c871ca64093d3e9f572a871eedfa1f806d304bd94c3","59126"
"ASC950-SIGN-0036","数据/condition-sets.csv","condition_set_id","COND-M2W3-HUAWEI-ASC950-DIE-HIF8-ROADMAP","审计/子代理交接/m2_staging/M2-W3-HUAWEI-ASCEND950-PHYSICAL/structured/condition-sets.csv","fd41c740e82fe579a2c40f116b6749ea599031aaaf2b849284f2672d9b07aaac","4634","needs_resolution","needs_resolution","","","","b5a9edcefd249a3a1c92facd29241020d1ba27af38a5054b63c99a6965383d27","b5a9edcefd249a3a1c92facd29241020d1ba27af38a5054b63c99a6965383d27","b5a9edcefd249a3a1c92facd29241020d1ba27af38a5054b63c99a6965383d27","c80a2e5e5cf98e90a2902c871ca64093d3e9f572a871eedfa1f806d304bd94c3","59126"
"ASC950-SIGN-0037","数据/condition-sets.csv","condition_set_id","COND-M2W3-HUAWEI-ASC950-DIE-MXFP4-ROADMAP","审计/子代理交接/m2_staging/M2-W3-HUAWEI-ASCEND950-PHYSICAL/structured/condition-sets.csv","fd41c740e82fe579a2c40f116b6749ea599031aaaf2b849284f2672d9b07aaac","4634","needs_resolution","needs_resolution","","","","3f167ee7c38d25c5207f853ed79e0fc22b3afc2819090ecbc345ba640c868cbd","3f167ee7c38d25c5207f853ed79e0fc22b3afc2819090ecbc345ba640c868cbd","3f167ee7c38d25c5207f853ed79e0fc22b3afc2819090ecbc345ba640c868cbd","c80a2e5e5cf98e90a2902c871ca64093d3e9f572a871eedfa1f806d304bd94c3","59126"
"ASC950-SIGN-0038","数据/condition-sets.csv","condition_set_id","COND-M2W3-HUAWEI-ASC950-DIE-MECHANISM-ROADMAP","审计/子代理交接/m2_staging/M2-W3-HUAWEI-ASCEND950-PHYSICAL/structured/condition-sets.csv","fd41c740e82fe579a2c40f116b6749ea599031aaaf2b849284f2672d9b07aaac","4634","needs_resolution","needs_resolution","","","","0fe5ec57536ce37aab809cc0c29a7479df32228a5755e7b52ee6a159b7d83ecc","0fe5ec57536ce37aab809cc0c29a7479df32228a5755e7b52ee6a159b7d83ecc","0fe5ec57536ce37aab809cc0c29a7479df32228a5755e7b52ee6a159b7d83ecc","c80a2e5e5cf98e90a2902c871ca64093d3e9f572a871eedfa1f806d304bd94c3","59126"
"ASC950-SIGN-0039","数据/condition-sets.csv","condition_set_id","COND-M2W3-HUAWEI-ASC950-DIE-INTERCONNECT-ROADMAP","审计/子代理交接/m2_staging/M2-W3-HUAWEI-ASCEND950-PHYSICAL/structured/condition-sets.csv","fd41c740e82fe579a2c40f116b6749ea599031aaaf2b849284f2672d9b07aaac","4634","needs_resolution","needs_resolution","","","","2cdcdb63e4e2d4dbdd02e299f7ca6713312b6e90a81513335e931342cf5a07a3","2cdcdb63e4e2d4dbdd02e299f7ca6713312b6e90a81513335e931342cf5a07a3","2cdcdb63e4e2d4dbdd02e299f7ca6713312b6e90a81513335e931342cf5a07a3","c80a2e5e5cf98e90a2902c871ca64093d3e9f572a871eedfa1f806d304bd94c3","59126"
"ASC950-SIGN-0040","数据/condition-sets.csv","condition_set_id","COND-M2W3-HUAWEI-ASC950PR-EMBEDDED-STATUS-20260320","审计/子代理交接/m2_staging/M2-W3-HUAWEI-ASCEND950-PHYSICAL/structured/condition-sets.csv","fd41c740e82fe579a2c40f116b6749ea599031aaaf2b849284f2672d9b07aaac","4634","needs_resolution","needs_resolution","","","","391efb32fc2839a7a747d5d919a733d16b4c3e449b7d07a59b5f58ee73e5a1a5","391efb32fc2839a7a747d5d919a733d16b4c3e449b7d07a59b5f58ee73e5a1a5","391efb32fc2839a7a747d5d919a733d16b4c3e449b7d07a59b5f58ee73e5a1a5","c80a2e5e5cf98e90a2902c871ca64093d3e9f572a871eedfa1f806d304bd94c3","59126"
"ASC950-SIGN-0041","数据/condition-sets.csv","condition_set_id","COND-M2W3-HUAWEI-ASC950PR-MEMORY-CURRENT-20260813","审计/子代理交接/m2_staging/M2-W3-HUAWEI-ASCEND950-PHYSICAL/structured/condition-sets.csv","fd41c740e82fe579a2c40f116b6749ea599031aaaf2b849284f2672d9b07aaac","4634","draft","reviewed","","","","775a05980b43e2fb1c75f1951157816193f01274e021b357ff3fb3acef0c4d93","775a05980b43e2fb1c75f1951157816193f01274e021b357ff3fb3acef0c4d93","deb771eacdfe8abab0834e0aee7f026351186db1356b1e98d650d0b9df0faa4e","c80a2e5e5cf98e90a2902c871ca64093d3e9f572a871eedfa1f806d304bd94c3","59126"
"ASC950-SIGN-0042","数据/condition-sets.csv","condition_set_id","COND-M2W3-HUAWEI-ASC950PR-VENDOR-MAX-CURRENT-20260813","审计/子代理交接/m2_staging/M2-W3-HUAWEI-ASCEND950-PHYSICAL/structured/condition-sets.csv","fd41c740e82fe579a2c40f116b6749ea599031aaaf2b849284f2672d9b07aaac","4634","needs_resolution","needs_resolution","","","","5aabd01f668545832ffe77d69a836237c1dae233e25f208a5e43e6fc823f137f","5aabd01f668545832ffe77d69a836237c1dae233e25f208a5e43e6fc823f137f","5aabd01f668545832ffe77d69a836237c1dae233e25f208a5e43e6fc823f137f","c80a2e5e5cf98e90a2902c871ca64093d3e9f572a871eedfa1f806d304bd94c3","59126"
"ASC950-SIGN-0043","数据/condition-sets.csv","condition_set_id","COND-M2W3-HUAWEI-ASC950PR-LINGQU2-CURRENT-20260813","审计/子代理交接/m2_staging/M2-W3-HUAWEI-ASCEND950-PHYSICAL/structured/condition-sets.csv","fd41c740e82fe579a2c40f116b6749ea599031aaaf2b849284f2672d9b07aaac","4634","draft","reviewed","","","","adef313e9a4b820ddeb99e776d33cd55f7a8e7ce37fe2ea93c89421d2a67ba24","adef313e9a4b820ddeb99e776d33cd55f7a8e7ce37fe2ea93c89421d2a67ba24","362ddddcc7b109dab52ef9226fb2f81b0f844590543f61098d22d52855338a7e","c80a2e5e5cf98e90a2902c871ca64093d3e9f572a871eedfa1f806d304bd94c3","59126"
"ASC950-SIGN-0044","数据/condition-sets.csv","condition_set_id","COND-M2W3-HUAWEI-ASC950DT-ROADMAP-20250918","审计/子代理交接/m2_staging/M2-W3-HUAWEI-ASCEND950-PHYSICAL/structured/condition-sets.csv","fd41c740e82fe579a2c40f116b6749ea599031aaaf2b849284f2672d9b07aaac","4634","needs_resolution","needs_resolution","","","","3b10a6e767f3703d6af93dfeb7d1312e9b300a6dc477dfbb0b65b37823bb11ad","3b10a6e767f3703d6af93dfeb7d1312e9b300a6dc477dfbb0b65b37823bb11ad","3b10a6e767f3703d6af93dfeb7d1312e9b300a6dc477dfbb0b65b37823bb11ad","c80a2e5e5cf98e90a2902c871ca64093d3e9f572a871eedfa1f806d304bd94c3","59126"
"ASC950-SIGN-0045","最小参考资料库/fact-assertions.csv","assertion_id","ASSERT-M2W3-HUAWEI-DIE-VENDOR-H2","审计/子代理交接/m2_staging/M2-W3-HUAWEI-ASCEND950-PHYSICAL/structured/fact-assertions.csv","e170e4925fabb45fa7f8b73a9e54e3f07fe3d26af66ac3f99f19735bcca03d25","27207","draft","reviewed","","","","bc1d54670a902cbabeb7b50ffc9fbc81c87b1c3d1e584f90be05de18423e7fba","bc1d54670a902cbabeb7b50ffc9fbc81c87b1c3d1e584f90be05de18423e7fba","dc235988e1a7ff1a0e1a8e7a1c04e7d5d4c0bd686c448f09c4419631c8210893","7066ed9c845dadb801047b9e4cbd2ea50f7af1c9f6d0836a9d5a5115d40fc92b","344531"
"ASC950-SIGN-0046","最小参考资料库/fact-assertions.csv","assertion_id","ASSERT-M2W3-HUAWEI-DIE-FAMILY-H2","审计/子代理交接/m2_staging/M2-W3-HUAWEI-ASCEND950-PHYSICAL/structured/fact-assertions.csv","e170e4925fabb45fa7f8b73a9e54e3f07fe3d26af66ac3f99f19735bcca03d25","27207","draft","reviewed","","","","1dd32a48a199d51b20142719a5787722ee30c441eab1631448663efa31994461","1dd32a48a199d51b20142719a5787722ee30c441eab1631448663efa31994461","5d05da63a1b58af96b7dec84c6ec4a2704d1c33ae6807087710c6cce91db6bec","7066ed9c845dadb801047b9e4cbd2ea50f7af1c9f6d0836a9d5a5115d40fc92b","344531"
"ASC950-SIGN-0047","最小参考资料库/fact-assertions.csv","assertion_id","ASSERT-M2W3-HUAWEI-DIE-NAME-H2","审计/子代理交接/m2_staging/M2-W3-HUAWEI-ASCEND950-PHYSICAL/structured/fact-assertions.csv","e170e4925fabb45fa7f8b73a9e54e3f07fe3d26af66ac3f99f19735bcca03d25","27207","draft","reviewed","","","","0b72b85641826bc9fb84064152db7ea055570fb6909668365b67cdf91d34daa0","0b72b85641826bc9fb84064152db7ea055570fb6909668365b67cdf91d34daa0","15b3cbe39cacbc3631206f1236bcbb9e29f3f090100fe708c6a3f5e7a3c288b3","7066ed9c845dadb801047b9e4cbd2ea50f7af1c9f6d0836a9d5a5115d40fc92b","344531"
"ASC950-SIGN-0048","最小参考资料库/fact-assertions.csv","assertion_id","ASSERT-M2W3-HUAWEI-DIE-TYPE-H2","审计/子代理交接/m2_staging/M2-W3-HUAWEI-ASCEND950-PHYSICAL/structured/fact-assertions.csv","e170e4925fabb45fa7f8b73a9e54e3f07fe3d26af66ac3f99f19735bcca03d25","27207","draft","reviewed","","","","f34608d06ebf3cd3ac7035ea937cbef0eec09a7e4c38ff2e0565a14d8137457a","f34608d06ebf3cd3ac7035ea937cbef0eec09a7e4c38ff2e0565a14d8137457a","5b05526d7ce1d01feb4f043cbcbf4d6b64940f64b0b97cdd2d826583408f3697","7066ed9c845dadb801047b9e4cbd2ea50f7af1c9f6d0836a9d5a5115d40fc92b","344531"
"ASC950-SIGN-0049","最小参考资料库/fact-assertions.csv","assertion_id","ASSERT-M2W3-HUAWEI-DIE-RELEASE-H2","审计/子代理交接/m2_staging/M2-W3-HUAWEI-ASCEND950-PHYSICAL/structured/fact-assertions.csv","e170e4925fabb45fa7f8b73a9e54e3f07fe3d26af66ac3f99f19735bcca03d25","27207","draft","reviewed","","","","2cd39d6542ac5e2d1dd551341d749f4133a0d149daec82859c90bcafe3c58a41","2cd39d6542ac5e2d1dd551341d749f4133a0d149daec82859c90bcafe3c58a41","391ba2bf00ec7bbe917f0c03c17a1e7222efa24309b62959ce862d75f6a0f112","7066ed9c845dadb801047b9e4cbd2ea50f7af1c9f6d0836a9d5a5115d40fc92b","344531"
"ASC950-SIGN-0050","最小参考资料库/fact-assertions.csv","assertion_id","ASSERT-M2W3-HUAWEI-DIE-FP8-H2","审计/子代理交接/m2_staging/M2-W3-HUAWEI-ASCEND950-PHYSICAL/structured/fact-assertions.csv","e170e4925fabb45fa7f8b73a9e54e3f07fe3d26af66ac3f99f19735bcca03d25","27207","draft","reviewed","","","","260200c593cced606a2d26212979684b5bdc8bdabb5cf16cc6028e07bdbcc76a","260200c593cced606a2d26212979684b5bdc8bdabb5cf16cc6028e07bdbcc76a","473fe141cdece5f6bd2ddc7edb88869378f6dd0c2baf1cf5b714f72f55db1275","7066ed9c845dadb801047b9e4cbd2ea50f7af1c9f6d0836a9d5a5115d40fc92b","344531"
"ASC950-SIGN-0051","最小参考资料库/fact-assertions.csv","assertion_id","ASSERT-M2W3-HUAWEI-DIE-MXFP8-H2","审计/子代理交接/m2_staging/M2-W3-HUAWEI-ASCEND950-PHYSICAL/structured/fact-assertions.csv","e170e4925fabb45fa7f8b73a9e54e3f07fe3d26af66ac3f99f19735bcca03d25","27207","draft","reviewed","","","","5b8776c00f88b4d62994eb69cf29da29eb5fa3e3ab5e2365dd5f436b0059debd","5b8776c00f88b4d62994eb69cf29da29eb5fa3e3ab5e2365dd5f436b0059debd","04c926ca96093264085be0d24c1c1ebbb1d80dae5bb8fbcb455d7ecb8259f1e0","7066ed9c845dadb801047b9e4cbd2ea50f7af1c9f6d0836a9d5a5115d40fc92b","344531"
"ASC950-SIGN-0052","最小参考资料库/fact-assertions.csv","assertion_id","ASSERT-M2W3-HUAWEI-DIE-HIF8-H2","审计/子代理交接/m2_staging/M2-W3-HUAWEI-ASCEND950-PHYSICAL/structured/fact-assertions.csv","e170e4925fabb45fa7f8b73a9e54e3f07fe3d26af66ac3f99f19735bcca03d25","27207","draft","reviewed","","","","647c4be71202b62f83374823a1f5ccbce70bf6ca1aed4d50fa38b574c5059bd3","647c4be71202b62f83374823a1f5ccbce70bf6ca1aed4d50fa38b574c5059bd3","6dec5ed9dd5a2c3eb666893db7b81983cdade7b3b5ab792a3b6bf9e165c41447","7066ed9c845dadb801047b9e4cbd2ea50f7af1c9f6d0836a9d5a5115d40fc92b","344531"
"ASC950-SIGN-0053","最小参考资料库/fact-assertions.csv","assertion_id","ASSERT-M2W3-HUAWEI-DIE-MXFP4-H2","审计/子代理交接/m2_staging/M2-W3-HUAWEI-ASCEND950-PHYSICAL/structured/fact-assertions.csv","e170e4925fabb45fa7f8b73a9e54e3f07fe3d26af66ac3f99f19735bcca03d25","27207","draft","reviewed","","","","9bf8369f19520672fcc2f79a925dc47291e261205229d338bc19a8977072f31e","9bf8369f19520672fcc2f79a925dc47291e261205229d338bc19a8977072f31e","f0076546b4c4741d750c462714c19decb1babff6e060ce6b513d7916d44aa279","7066ed9c845dadb801047b9e4cbd2ea50f7af1c9f6d0836a9d5a5115d40fc92b","344531"
"ASC950-SIGN-0054","最小参考资料库/fact-assertions.csv","assertion_id","ASSERT-M2W3-HUAWEI-DIE-VECTOR-H2","审计/子代理交接/m2_staging/M2-W3-HUAWEI-ASCEND950-PHYSICAL/structured/fact-assertions.csv","e170e4925fabb45fa7f8b73a9e54e3f07fe3d26af66ac3f99f19735bcca03d25","27207","draft","reviewed","","","","e65e022485901976232a4ecd19818167dd0934b9dcea7125660fdf74aac1a91c","e65e022485901976232a4ecd19818167dd0934b9dcea7125660fdf74aac1a91c","1f12add4baa79e6398f8c2b7a16ac35ff72f9af887b5aaccce3ac2f28de32959","7066ed9c845dadb801047b9e4cbd2ea50f7af1c9f6d0836a9d5a5115d40fc92b","344531"
"ASC950-SIGN-0055","最小参考资料库/fact-assertions.csv","assertion_id","ASSERT-M2W3-HUAWEI-DIE-GRAN-H2","审计/子代理交接/m2_staging/M2-W3-HUAWEI-ASCEND950-PHYSICAL/structured/fact-assertions.csv","e170e4925fabb45fa7f8b73a9e54e3f07fe3d26af66ac3f99f19735bcca03d25","27207","draft","reviewed","","","","ef68147199e170cf688f435826814dfbf5327d57930a71581ebdbab4b370f90f","ef68147199e170cf688f435826814dfbf5327d57930a71581ebdbab4b370f90f","26ec9405994e7c38747b92e206c8a75c604e45c45f1446ac36df28807416a217","7066ed9c845dadb801047b9e4cbd2ea50f7af1c9f6d0836a9d5a5115d40fc92b","344531"
"ASC950-SIGN-0056","最小参考资料库/fact-assertions.csv","assertion_id","ASSERT-M2W3-HUAWEI-DIE-LINK-H2","审计/子代理交接/m2_staging/M2-W3-HUAWEI-ASCEND950-PHYSICAL/structured/fact-assertions.csv","e170e4925fabb45fa7f8b73a9e54e3f07fe3d26af66ac3f99f19735bcca03d25","27207","draft","reviewed","","","","559856d1ecab7474b030aa0b1de2c274a96a083bfb528343b0e744739fc2cc85","559856d1ecab7474b030aa0b1de2c274a96a083bfb528343b0e744739fc2cc85","348e46c27f96a4f194be8073f996d67b44f00e868de52e2168ce42e1e8d716fe","7066ed9c845dadb801047b9e4cbd2ea50f7af1c9f6d0836a9d5a5115d40fc92b","344531"
"ASC950-SIGN-0057","最小参考资料库/fact-assertions.csv","assertion_id","ASSERT-M2W3-HUAWEI-PR-VENDOR-H2","审计/子代理交接/m2_staging/M2-W3-HUAWEI-ASCEND950-PHYSICAL/structured/fact-assertions.csv","e170e4925fabb45fa7f8b73a9e54e3f07fe3d26af66ac3f99f19735bcca03d25","27207","draft","reviewed","","","","d13df3cd68a5705a8016003292b219bbff843ef22b95a4b9d1180adcae934e41","d13df3cd68a5705a8016003292b219bbff843ef22b95a4b9d1180adcae934e41","c9917d18906d89ea602887fc54140c7fdab45784c6b120dd9fed0d2b9bb6a228","7066ed9c845dadb801047b9e4cbd2ea50f7af1c9f6d0836a9d5a5115d40fc92b","344531"
"ASC950-SIGN-0058","最小参考资料库/fact-assertions.csv","assertion_id","ASSERT-M2W3-HUAWEI-PR-VENDOR-H6","审计/子代理交接/m2_staging/M2-W3-HUAWEI-ASCEND950-PHYSICAL/structured/fact-assertions.csv","e170e4925fabb45fa7f8b73a9e54e3f07fe3d26af66ac3f99f19735bcca03d25","27207","draft","reviewed","","","","c4018bccfef2c7c9356e2f069fee777c646f70d21b66d7d5719715a42a2037d6","c4018bccfef2c7c9356e2f069fee777c646f70d21b66d7d5719715a42a2037d6","be3c3f1da47d798f23a0f24b9635c441893efcd84cad39c9fccf572644e2d09f","7066ed9c845dadb801047b9e4cbd2ea50f7af1c9f6d0836a9d5a5115d40fc92b","344531"
"ASC950-SIGN-0059","最小参考资料库/fact-assertions.csv","assertion_id","ASSERT-M2W3-HUAWEI-PR-FAMILY-H2","审计/子代理交接/m2_staging/M2-W3-HUAWEI-ASCEND950-PHYSICAL/structured/fact-assertions.csv","e170e4925fabb45fa7f8b73a9e54e3f07fe3d26af66ac3f99f19735bcca03d25","27207","draft","reviewed","","","","4064bdc20441b159e6ba0e96e7ae4087efa8c479a1b5aea1840707b4817d04ac","4064bdc20441b159e6ba0e96e7ae4087efa8c479a1b5aea1840707b4817d04ac","68b0f43fe3c4dadd68e02969081fce10e5cc310cb8cec3ea77785f7989016b73","7066ed9c845dadb801047b9e4cbd2ea50f7af1c9f6d0836a9d5a5115d40fc92b","344531"
"ASC950-SIGN-0060","最小参考资料库/fact-assertions.csv","assertion_id","ASSERT-M2W3-HUAWEI-PR-NAME-H2","审计/子代理交接/m2_staging/M2-W3-HUAWEI-ASCEND950-PHYSICAL/structured/fact-assertions.csv","e170e4925fabb45fa7f8b73a9e54e3f07fe3d26af66ac3f99f19735bcca03d25","27207","draft","reviewed","","","","b72ae0971b61bfe3dcb0c525d42179a4f6a6090bccd39c8081fffd230a757cc7","b72ae0971b61bfe3dcb0c525d42179a4f6a6090bccd39c8081fffd230a757cc7","81048bf378e172448d5e3fb81b909d3d1fa1a314da3b4b178f232a400c4ac28e","7066ed9c845dadb801047b9e4cbd2ea50f7af1c9f6d0836a9d5a5115d40fc92b","344531"
"ASC950-SIGN-0061","最小参考资料库/fact-assertions.csv","assertion_id","ASSERT-M2W3-HUAWEI-PR-SKU-H2","审计/子代理交接/m2_staging/M2-W3-HUAWEI-ASCEND950-PHYSICAL/structured/fact-assertions.csv","e170e4925fabb45fa7f8b73a9e54e3f07fe3d26af66ac3f99f19735bcca03d25","27207","draft","reviewed","","","","54592132f91c4f3ba0491f4554f54469270bd58367e1d8aa21feb0df73624949","54592132f91c4f3ba0491f4554f54469270bd58367e1d8aa21feb0df73624949","eb8da33218365d3ff0a5d6ddfe0cacc0a76e578bab176d04c08b0b9c88eadc9f","7066ed9c845dadb801047b9e4cbd2ea50f7af1c9f6d0836a9d5a5115d40fc92b","344531"
"ASC950-SIGN-0062","最小参考资料库/fact-assertions.csv","assertion_id","ASSERT-M2W3-HUAWEI-PR-NAME-H6","审计/子代理交接/m2_staging/M2-W3-HUAWEI-ASCEND950-PHYSICAL/structured/fact-assertions.csv","e170e4925fabb45fa7f8b73a9e54e3f07fe3d26af66ac3f99f19735bcca03d25","27207","draft","reviewed","","","","9d78e479df757fe53f524cd6d797f56eb192d8858cbc070b9443157707eb2639","9d78e479df757fe53f524cd6d797f56eb192d8858cbc070b9443157707eb2639","dcbcce722f3ecc18dbd6956792b935ab0af18e11793af0e77d51370527232988","7066ed9c845dadb801047b9e4cbd2ea50f7af1c9f6d0836a9d5a5115d40fc92b","344531"
"ASC950-SIGN-0063","最小参考资料库/fact-assertions.csv","assertion_id","ASSERT-M2W3-HUAWEI-PR-SKU-H6","审计/子代理交接/m2_staging/M2-W3-HUAWEI-ASCEND950-PHYSICAL/structured/fact-assertions.csv","e170e4925fabb45fa7f8b73a9e54e3f07fe3d26af66ac3f99f19735bcca03d25","27207","draft","reviewed","","","","f43e2c1568f37a3b6d44176b3fd7277482c7aee85aca3c8cd855bd1128fba7dc","f43e2c1568f37a3b6d44176b3fd7277482c7aee85aca3c8cd855bd1128fba7dc","9c2a3751a0b187c47e93527020d1efd34f74f176b310828a377dd0dcbbbc3a2f","7066ed9c845dadb801047b9e4cbd2ea50f7af1c9f6d0836a9d5a5115d40fc92b","344531"
"ASC950-SIGN-0064","最小参考资料库/fact-assertions.csv","assertion_id","ASSERT-M2W3-HUAWEI-PR-NAME-H12","审计/子代理交接/m2_staging/M2-W3-HUAWEI-ASCEND950-PHYSICAL/structured/fact-assertions.csv","e170e4925fabb45fa7f8b73a9e54e3f07fe3d26af66ac3f99f19735bcca03d25","27207","draft","reviewed","","","","b1a89a3a9ade5bc4a4c896a1aaab1f7c8331307539b8c8c566dcb64bd33135ee","b1a89a3a9ade5bc4a4c896a1aaab1f7c8331307539b8c8c566dcb64bd33135ee","670e6077908d38f7d27d6b1d53fdcbbcaa66fbd49293e8232ae93a6b2a1cdf58","7066ed9c845dadb801047b9e4cbd2ea50f7af1c9f6d0836a9d5a5115d40fc92b","344531"
"ASC950-SIGN-0065","最小参考资料库/fact-assertions.csv","assertion_id","ASSERT-M2W3-HUAWEI-PR-SKU-H12","审计/子代理交接/m2_staging/M2-W3-HUAWEI-ASCEND950-PHYSICAL/structured/fact-assertions.csv","e170e4925fabb45fa7f8b73a9e54e3f07fe3d26af66ac3f99f19735bcca03d25","27207","draft","reviewed","","","","21296954c8d51e3e4b9e4651983ea993c62136a2f24eecc401334216f80718bb","21296954c8d51e3e4b9e4651983ea993c62136a2f24eecc401334216f80718bb","a4970a995b454f3d17eef230083f129fb671bcd899d6d1061efa322f70df4d80","7066ed9c845dadb801047b9e4cbd2ea50f7af1c9f6d0836a9d5a5115d40fc92b","344531"
"ASC950-SIGN-0066","最小参考资料库/fact-assertions.csv","assertion_id","ASSERT-M2W3-HUAWEI-PR-TYPE-H2","审计/子代理交接/m2_staging/M2-W3-HUAWEI-ASCEND950-PHYSICAL/structured/fact-assertions.csv","e170e4925fabb45fa7f8b73a9e54e3f07fe3d26af66ac3f99f19735bcca03d25","27207","draft","reviewed","","","","97f33455d1f741c69689eaa79450ffd0ed7c18420b10058cf99abb7e3612bee4","97f33455d1f741c69689eaa79450ffd0ed7c18420b10058cf99abb7e3612bee4","8991e789b91c7cd94a25c4b99104586c491547b0e8c39da2c263eaf06db76c21","7066ed9c845dadb801047b9e4cbd2ea50f7af1c9f6d0836a9d5a5115d40fc92b","344531"
"ASC950-SIGN-0067","最小参考资料库/fact-assertions.csv","assertion_id","ASSERT-M2W3-HUAWEI-PR-RELEASE-H2","审计/子代理交接/m2_staging/M2-W3-HUAWEI-ASCEND950-PHYSICAL/structured/fact-assertions.csv","e170e4925fabb45fa7f8b73a9e54e3f07fe3d26af66ac3f99f19735bcca03d25","27207","draft","reviewed","","","","3d370a5add96eee66190d34ce6a310e20a91465498762c50afdfd50a3f2c2c98","3d370a5add96eee66190d34ce6a310e20a91465498762c50afdfd50a3f2c2c98","c47dcedcfee9cac26245f8775c9b45150306e214a9744ab1fd80a63aee509bf6","7066ed9c845dadb801047b9e4cbd2ea50f7af1c9f6d0836a9d5a5115d40fc92b","344531"
"ASC950-SIGN-0068","最小参考资料库/fact-assertions.csv","assertion_id","ASSERT-M2W3-HUAWEI-PR-STATUS-H2","审计/子代理交接/m2_staging/M2-W3-HUAWEI-ASCEND950-PHYSICAL/structured/fact-assertions.csv","e170e4925fabb45fa7f8b73a9e54e3f07fe3d26af66ac3f99f19735bcca03d25","27207","draft","reviewed","","","","d5d66c37b99b4f9f50ab7ef373811cff3144701ac7359deea8365222b8e644e9","d5d66c37b99b4f9f50ab7ef373811cff3144701ac7359deea8365222b8e644e9","fff41b270217619cc80123ff2d99c7eaf10b006a0d89f91fc5c8ff250f0006ad","7066ed9c845dadb801047b9e4cbd2ea50f7af1c9f6d0836a9d5a5115d40fc92b","344531"
"ASC950-SIGN-0069","最小参考资料库/fact-assertions.csv","assertion_id","ASSERT-M2W3-HUAWEI-PR-STATUS-H12","审计/子代理交接/m2_staging/M2-W3-HUAWEI-ASCEND950-PHYSICAL/structured/fact-assertions.csv","e170e4925fabb45fa7f8b73a9e54e3f07fe3d26af66ac3f99f19735bcca03d25","27207","draft","reviewed","","","","16c729920950c38d9d24363467a8c19baef74a086132f524e9e3a3189914a4b6","16c729920950c38d9d24363467a8c19baef74a086132f524e9e3a3189914a4b6","143ef46144038e78a232a6fdd04612e576a9757e558eb9e0481c4dbfa9a47fe5","7066ed9c845dadb801047b9e4cbd2ea50f7af1c9f6d0836a9d5a5115d40fc92b","344531"
"ASC950-SIGN-0070","最小参考资料库/fact-assertions.csv","assertion_id","ASSERT-M2W3-HUAWEI-PR-POS-H2","审计/子代理交接/m2_staging/M2-W3-HUAWEI-ASCEND950-PHYSICAL/structured/fact-assertions.csv","e170e4925fabb45fa7f8b73a9e54e3f07fe3d26af66ac3f99f19735bcca03d25","27207","draft","reviewed","","","","b391380d7eaf4909395f8e570eb878198fb995f729bcc3a6513dea5ad77156f8","b391380d7eaf4909395f8e570eb878198fb995f729bcc3a6513dea5ad77156f8","b0a1afdadd3738fe4f8bc9cb07b05a14226cdc98bba3b2ffebf310d09e78ff19","7066ed9c845dadb801047b9e4cbd2ea50f7af1c9f6d0836a9d5a5115d40fc92b","344531"
"ASC950-SIGN-0071","最小参考资料库/fact-assertions.csv","assertion_id","ASSERT-M2W3-HUAWEI-PR-POS-H6","审计/子代理交接/m2_staging/M2-W3-HUAWEI-ASCEND950-PHYSICAL/structured/fact-assertions.csv","e170e4925fabb45fa7f8b73a9e54e3f07fe3d26af66ac3f99f19735bcca03d25","27207","draft","reviewed","","","","7c37e4d0918bfdba06286feab5cedc65685149de5a490b2e6787b3554e648b9d","7c37e4d0918bfdba06286feab5cedc65685149de5a490b2e6787b3554e648b9d","099db81ccf8deb3e0eab9313a9173817bccb77901a20eb0da36d42d2f7ad9633","7066ed9c845dadb801047b9e4cbd2ea50f7af1c9f6d0836a9d5a5115d40fc92b","344531"
"ASC950-SIGN-0072","最小参考资料库/fact-assertions.csv","assertion_id","ASSERT-M2W3-HUAWEI-PR-DEPLOY-H12","审计/子代理交接/m2_staging/M2-W3-HUAWEI-ASCEND950-PHYSICAL/structured/fact-assertions.csv","e170e4925fabb45fa7f8b73a9e54e3f07fe3d26af66ac3f99f19735bcca03d25","27207","draft","reviewed","","","","c0f055ef0f63c0c068da971e1af865808da2dcf8831414f78185fea158edb824","c0f055ef0f63c0c068da971e1af865808da2dcf8831414f78185fea158edb824","4a2018d408f305cbbb41b5a51843cecb1d01457bc8151f3d4b6da32bb556621b","7066ed9c845dadb801047b9e4cbd2ea50f7af1c9f6d0836a9d5a5115d40fc92b","344531"
"ASC950-SIGN-0073","最小参考资料库/fact-assertions.csv","assertion_id","ASSERT-M2W3-HUAWEI-PR-PKG-H2","审计/子代理交接/m2_staging/M2-W3-HUAWEI-ASCEND950-PHYSICAL/structured/fact-assertions.csv","e170e4925fabb45fa7f8b73a9e54e3f07fe3d26af66ac3f99f19735bcca03d25","27207","draft","reviewed","","","","2f77a4eef576885be319fd4592335e6d375fe19ba8960a695dada701fa9c89f4","2f77a4eef576885be319fd4592335e6d375fe19ba8960a695dada701fa9c89f4","d9ce5ff94d73afae07e5d802defa5ed06cc98f7cfad404af5ea44361396a9582","7066ed9c845dadb801047b9e4cbd2ea50f7af1c9f6d0836a9d5a5115d40fc92b","344531"
"ASC950-SIGN-0074","最小参考资料库/fact-assertions.csv","assertion_id","ASSERT-M2W3-HUAWEI-PR-MEMNAME-H2","审计/子代理交接/m2_staging/M2-W3-HUAWEI-ASCEND950-PHYSICAL/structured/fact-assertions.csv","e170e4925fabb45fa7f8b73a9e54e3f07fe3d26af66ac3f99f19735bcca03d25","27207","draft","reviewed","","","","a8859ce7406e95e2053705b866389b326b33bfbd8e69e15ce0a482e8378547f6","a8859ce7406e95e2053705b866389b326b33bfbd8e69e15ce0a482e8378547f6","4398407b2c7b2f1f846cdff748ead176a2030a8910e7fc37fd61f162d7729dac","7066ed9c845dadb801047b9e4cbd2ea50f7af1c9f6d0836a9d5a5115d40fc92b","344531"
"ASC950-SIGN-0075","最小参考资料库/fact-assertions.csv","assertion_id","ASSERT-M2W3-HUAWEI-PR-MEMCAP-H6","审计/子代理交接/m2_staging/M2-W3-HUAWEI-ASCEND950-PHYSICAL/structured/fact-assertions.csv","e170e4925fabb45fa7f8b73a9e54e3f07fe3d26af66ac3f99f19735bcca03d25","27207","draft","reviewed","","","","d0110936394770e614d3a618d19115546f53ba92b913c4c8cb238b3b640f3a48","d0110936394770e614d3a618d19115546f53ba92b913c4c8cb238b3b640f3a48","55f6b4bfa9020e1a08b8fc4a7b819092de5ca5c8b4747f938702c5ae0c6e1c12","7066ed9c845dadb801047b9e4cbd2ea50f7af1c9f6d0836a9d5a5115d40fc92b","344531"
"ASC950-SIGN-0076","最小参考资料库/fact-assertions.csv","assertion_id","ASSERT-M2W3-HUAWEI-PR-MEMBW-H6","审计/子代理交接/m2_staging/M2-W3-HUAWEI-ASCEND950-PHYSICAL/structured/fact-assertions.csv","e170e4925fabb45fa7f8b73a9e54e3f07fe3d26af66ac3f99f19735bcca03d25","27207","draft","reviewed","","","","04e1ddc795aaf431f5866626fa6f4f0ec62c64d7ed50a6d2e858da0524a4765a","04e1ddc795aaf431f5866626fa6f4f0ec62c64d7ed50a6d2e858da0524a4765a","0e65550ee65245938b27b728f9c273c91b3443911527682d6b2fc6152f44dda0","7066ed9c845dadb801047b9e4cbd2ea50f7af1c9f6d0836a9d5a5115d40fc92b","344531"
"ASC950-SIGN-0077","最小参考资料库/fact-assertions.csv","assertion_id","ASSERT-M2W3-HUAWEI-PR-PEAK-H6","审计/子代理交接/m2_staging/M2-W3-HUAWEI-ASCEND950-PHYSICAL/structured/fact-assertions.csv","e170e4925fabb45fa7f8b73a9e54e3f07fe3d26af66ac3f99f19735bcca03d25","27207","draft","reviewed","","","","9377acedc5b7672cc801fac215522826b1109d3b449b93c794b6ed104436451e","9377acedc5b7672cc801fac215522826b1109d3b449b93c794b6ed104436451e","58f74f403c88a97fd3cb8c85f99cf3211778600d9c62c7330b8ed7924553cde7","7066ed9c845dadb801047b9e4cbd2ea50f7af1c9f6d0836a9d5a5115d40fc92b","344531"
"ASC950-SIGN-0078","最小参考资料库/fact-assertions.csv","assertion_id","ASSERT-M2W3-HUAWEI-PR-PROTOCOL-H6","审计/子代理交接/m2_staging/M2-W3-HUAWEI-ASCEND950-PHYSICAL/structured/fact-assertions.csv","e170e4925fabb45fa7f8b73a9e54e3f07fe3d26af66ac3f99f19735bcca03d25","27207","draft","reviewed","","","","c6ba32a3a7863836c1a5da5af037d53e1d1bce6349f78460026f59ab586d81bf","c6ba32a3a7863836c1a5da5af037d53e1d1bce6349f78460026f59ab586d81bf","5923e2d4744fb48e1d7253dc69ea17690206fd77a75431feeaef895ef46b78e4","7066ed9c845dadb801047b9e4cbd2ea50f7af1c9f6d0836a9d5a5115d40fc92b","344531"
"ASC950-SIGN-0079","最小参考资料库/fact-assertions.csv","assertion_id","ASSERT-M2W3-HUAWEI-PR-LINK-H6","审计/子代理交接/m2_staging/M2-W3-HUAWEI-ASCEND950-PHYSICAL/structured/fact-assertions.csv","e170e4925fabb45fa7f8b73a9e54e3f07fe3d26af66ac3f99f19735bcca03d25","27207","draft","reviewed","","","","9f25dc8df7045916fc410748aa0e4fc60370625b2e9a8cdb33bb008f55840704","9f25dc8df7045916fc410748aa0e4fc60370625b2e9a8cdb33bb008f55840704","f9f5ec0797f3e71f32090d9772c9c76697478b920645620a63e0d555322ad2b2","7066ed9c845dadb801047b9e4cbd2ea50f7af1c9f6d0836a9d5a5115d40fc92b","344531"
"ASC950-SIGN-0080","最小参考资料库/fact-assertions.csv","assertion_id","ASSERT-M2W3-HUAWEI-DT-VENDOR-H2","审计/子代理交接/m2_staging/M2-W3-HUAWEI-ASCEND950-PHYSICAL/structured/fact-assertions.csv","e170e4925fabb45fa7f8b73a9e54e3f07fe3d26af66ac3f99f19735bcca03d25","27207","draft","reviewed","","","","c497529eeda1675ccb00d36c9c73078ea82a5d8029b87f3ec31c84d08f34ccc9","c497529eeda1675ccb00d36c9c73078ea82a5d8029b87f3ec31c84d08f34ccc9","0a43928d60dc6164e85d38b7a172ffddfca4ff7121920d5b59a095771a11a3a8","7066ed9c845dadb801047b9e4cbd2ea50f7af1c9f6d0836a9d5a5115d40fc92b","344531"
"ASC950-SIGN-0081","最小参考资料库/fact-assertions.csv","assertion_id","ASSERT-M2W3-HUAWEI-DT-FAMILY-H2","审计/子代理交接/m2_staging/M2-W3-HUAWEI-ASCEND950-PHYSICAL/structured/fact-assertions.csv","e170e4925fabb45fa7f8b73a9e54e3f07fe3d26af66ac3f99f19735bcca03d25","27207","draft","reviewed","","","","2ed74aae024066f08c4ffd5fb4731adfb890eea16281c75942a8f2a66e37128d","2ed74aae024066f08c4ffd5fb4731adfb890eea16281c75942a8f2a66e37128d","0ccde65072876d0f4b4f0f39e8b7325007792b6b5aa1f9b60df4df66fba0bf28","7066ed9c845dadb801047b9e4cbd2ea50f7af1c9f6d0836a9d5a5115d40fc92b","344531"
"ASC950-SIGN-0082","最小参考资料库/fact-assertions.csv","assertion_id","ASSERT-M2W3-HUAWEI-DT-NAME-H2","审计/子代理交接/m2_staging/M2-W3-HUAWEI-ASCEND950-PHYSICAL/structured/fact-assertions.csv","e170e4925fabb45fa7f8b73a9e54e3f07fe3d26af66ac3f99f19735bcca03d25","27207","draft","reviewed","","","","ecd542b54df4d4233754bd93a1edb4ee8b117f7543781760ed4bbcadf570b0ac","ecd542b54df4d4233754bd93a1edb4ee8b117f7543781760ed4bbcadf570b0ac","6ae6e8c0ae1364364501b1560ce8437bf9e49f9b4f56180fad8f0c60cc32d090","7066ed9c845dadb801047b9e4cbd2ea50f7af1c9f6d0836a9d5a5115d40fc92b","344531"
"ASC950-SIGN-0083","最小参考资料库/fact-assertions.csv","assertion_id","ASSERT-M2W3-HUAWEI-DT-NAME-H6","审计/子代理交接/m2_staging/M2-W3-HUAWEI-ASCEND950-PHYSICAL/structured/fact-assertions.csv","e170e4925fabb45fa7f8b73a9e54e3f07fe3d26af66ac3f99f19735bcca03d25","27207","draft","reviewed","","","","471e4d8bc0b72bec9e8816c214034a524f4f40441b18333749e213b5fbff6430","471e4d8bc0b72bec9e8816c214034a524f4f40441b18333749e213b5fbff6430","f860b463686fdbac4ba47478517166454570ee1a8af5d30e151a082c58753d79","7066ed9c845dadb801047b9e4cbd2ea50f7af1c9f6d0836a9d5a5115d40fc92b","344531"
"ASC950-SIGN-0084","最小参考资料库/fact-assertions.csv","assertion_id","ASSERT-M2W3-HUAWEI-DT-SKU-H2","审计/子代理交接/m2_staging/M2-W3-HUAWEI-ASCEND950-PHYSICAL/structured/fact-assertions.csv","e170e4925fabb45fa7f8b73a9e54e3f07fe3d26af66ac3f99f19735bcca03d25","27207","draft","reviewed","","","","ecc3d0f24a9fffc1b45c245326c7a84f78a5100f618713b2aecb96b2b97ccceb","ecc3d0f24a9fffc1b45c245326c7a84f78a5100f618713b2aecb96b2b97ccceb","cc7655d00540a619699134a1fc1eacc3af28f524a7fe74899ded3c665edb1980","7066ed9c845dadb801047b9e4cbd2ea50f7af1c9f6d0836a9d5a5115d40fc92b","344531"
"ASC950-SIGN-0085","最小参考资料库/fact-assertions.csv","assertion_id","ASSERT-M2W3-HUAWEI-DT-SKU-H6","审计/子代理交接/m2_staging/M2-W3-HUAWEI-ASCEND950-PHYSICAL/structured/fact-assertions.csv","e170e4925fabb45fa7f8b73a9e54e3f07fe3d26af66ac3f99f19735bcca03d25","27207","draft","reviewed","","","","4a1c47f2b99b26f43b0d0eba244d2966ccc5932acef0bc4f12fcd23fdfbd71e9","4a1c47f2b99b26f43b0d0eba244d2966ccc5932acef0bc4f12fcd23fdfbd71e9","4a5cf10296d41a52aa53b4d0528ec18a2eb4b25ffa5088f9d363017e4385f852","7066ed9c845dadb801047b9e4cbd2ea50f7af1c9f6d0836a9d5a5115d40fc92b","344531"
"ASC950-SIGN-0086","最小参考资料库/fact-assertions.csv","assertion_id","ASSERT-M2W3-HUAWEI-DT-TYPE-H2","审计/子代理交接/m2_staging/M2-W3-HUAWEI-ASCEND950-PHYSICAL/structured/fact-assertions.csv","e170e4925fabb45fa7f8b73a9e54e3f07fe3d26af66ac3f99f19735bcca03d25","27207","draft","reviewed","","","","c8446f9dfbfe345d868c22626cf3ea39817a5766f7e793c4caf7f6c918c5bfdd","c8446f9dfbfe345d868c22626cf3ea39817a5766f7e793c4caf7f6c918c5bfdd","f11d3e9d2916b8b42e11e5a7df2487b8f58744f81c422b97858baa9af1e0f313","7066ed9c845dadb801047b9e4cbd2ea50f7af1c9f6d0836a9d5a5115d40fc92b","344531"
"ASC950-SIGN-0087","最小参考资料库/fact-assertions.csv","assertion_id","ASSERT-M2W3-HUAWEI-DT-RELEASE-H2","审计/子代理交接/m2_staging/M2-W3-HUAWEI-ASCEND950-PHYSICAL/structured/fact-assertions.csv","e170e4925fabb45fa7f8b73a9e54e3f07fe3d26af66ac3f99f19735bcca03d25","27207","draft","reviewed","","","","bd22bf64c95b1186a36d5a4a957061f56593c8c6b1366fe3b1880461dec0fabd","bd22bf64c95b1186a36d5a4a957061f56593c8c6b1366fe3b1880461dec0fabd","996e00a27ec318fab105e8ed3695ff6d51a6d085924476a08fe45329ffb17453","7066ed9c845dadb801047b9e4cbd2ea50f7af1c9f6d0836a9d5a5115d40fc92b","344531"
"ASC950-SIGN-0088","最小参考资料库/fact-assertions.csv","assertion_id","ASSERT-M2W3-HUAWEI-DT-STATUS-H2","审计/子代理交接/m2_staging/M2-W3-HUAWEI-ASCEND950-PHYSICAL/structured/fact-assertions.csv","e170e4925fabb45fa7f8b73a9e54e3f07fe3d26af66ac3f99f19735bcca03d25","27207","draft","reviewed","","","","0842ed2d32b372e9364edfb540d65c189c5487e7c8c0d170d7d53746462dc1aa","0842ed2d32b372e9364edfb540d65c189c5487e7c8c0d170d7d53746462dc1aa","576299695f5b8fd9bd23444559f1d3d29498ad1ca73656840b55a52770676253","7066ed9c845dadb801047b9e4cbd2ea50f7af1c9f6d0836a9d5a5115d40fc92b","344531"
"ASC950-SIGN-0089","最小参考资料库/fact-assertions.csv","assertion_id","ASSERT-M2W3-HUAWEI-DT-POS-H2","审计/子代理交接/m2_staging/M2-W3-HUAWEI-ASCEND950-PHYSICAL/structured/fact-assertions.csv","e170e4925fabb45fa7f8b73a9e54e3f07fe3d26af66ac3f99f19735bcca03d25","27207","draft","reviewed","","","","1dedff29424d7a9aa5039d379dab2d09228200f3081c1a708c7efbdb9c78ea7d","1dedff29424d7a9aa5039d379dab2d09228200f3081c1a708c7efbdb9c78ea7d","bb30674fff392af8a16c5991f9c1bf718c629db7da5df3c33ac6e41f0332c936","7066ed9c845dadb801047b9e4cbd2ea50f7af1c9f6d0836a9d5a5115d40fc92b","344531"
"ASC950-SIGN-0090","最小参考资料库/fact-assertions.csv","assertion_id","ASSERT-M2W3-HUAWEI-DT-PKG-H2","审计/子代理交接/m2_staging/M2-W3-HUAWEI-ASCEND950-PHYSICAL/structured/fact-assertions.csv","e170e4925fabb45fa7f8b73a9e54e3f07fe3d26af66ac3f99f19735bcca03d25","27207","draft","reviewed","","","","68a6ea090a3518cd6b52161ea03adfd176e2434e33d315319086e3219184ca64","68a6ea090a3518cd6b52161ea03adfd176e2434e33d315319086e3219184ca64","a29bea074a2fd490ecc393d7e3c2efcea3f7dd5db8bf7600e5e27a7bbd674802","7066ed9c845dadb801047b9e4cbd2ea50f7af1c9f6d0836a9d5a5115d40fc92b","344531"
"ASC950-SIGN-0091","最小参考资料库/fact-assertions.csv","assertion_id","ASSERT-M2W3-HUAWEI-DT-MEMNAME-H2","审计/子代理交接/m2_staging/M2-W3-HUAWEI-ASCEND950-PHYSICAL/structured/fact-assertions.csv","e170e4925fabb45fa7f8b73a9e54e3f07fe3d26af66ac3f99f19735bcca03d25","27207","draft","reviewed","","","","1194250fcaacd7f427b2697a5f6603d832cb61a23f9a84bffea9ab1241da77a5","1194250fcaacd7f427b2697a5f6603d832cb61a23f9a84bffea9ab1241da77a5","c299e56b5ca98e27eabfa4f6aaf6cb581056acebf0edab9901c34decd2e2ebf1","7066ed9c845dadb801047b9e4cbd2ea50f7af1c9f6d0836a9d5a5115d40fc92b","344531"
"ASC950-SIGN-0092","最小参考资料库/fact-assertions.csv","assertion_id","ASSERT-M2W3-HUAWEI-DT-MEMCAP-H2","审计/子代理交接/m2_staging/M2-W3-HUAWEI-ASCEND950-PHYSICAL/structured/fact-assertions.csv","e170e4925fabb45fa7f8b73a9e54e3f07fe3d26af66ac3f99f19735bcca03d25","27207","draft","reviewed","","","","11170ea9a0b1b710e76eccb8f08b43c2584a2bf3f6ecefeee3687c10af999f0e","11170ea9a0b1b710e76eccb8f08b43c2584a2bf3f6ecefeee3687c10af999f0e","dd0d0a6969a4c582a429d72d79074cdd5c48e4480943bd950abc21f92b892fb7","7066ed9c845dadb801047b9e4cbd2ea50f7af1c9f6d0836a9d5a5115d40fc92b","344531"
"ASC950-SIGN-0093","最小参考资料库/fact-assertions.csv","assertion_id","ASSERT-M2W3-HUAWEI-DT-MEMBW-H2","审计/子代理交接/m2_staging/M2-W3-HUAWEI-ASCEND950-PHYSICAL/structured/fact-assertions.csv","e170e4925fabb45fa7f8b73a9e54e3f07fe3d26af66ac3f99f19735bcca03d25","27207","draft","reviewed","","","","be982ca1d5b0c468447fd1399e4a019a9e4988baf3cefcdca4e64d7bf8586aeb","be982ca1d5b0c468447fd1399e4a019a9e4988baf3cefcdca4e64d7bf8586aeb","1d8f8633d1e0c02d2c4a29c4f56962532eebb9585bab25ae137d28227ed21cb3","7066ed9c845dadb801047b9e4cbd2ea50f7af1c9f6d0836a9d5a5115d40fc92b","344531"
"ASC950-SIGN-0094","最小参考资料库/fact-assertions.csv","assertion_id","ASSERT-M2W3-HUAWEI-DT-LINK-H2","审计/子代理交接/m2_staging/M2-W3-HUAWEI-ASCEND950-PHYSICAL/structured/fact-assertions.csv","e170e4925fabb45fa7f8b73a9e54e3f07fe3d26af66ac3f99f19735bcca03d25","27207","draft","reviewed","","","","30e7889ce8f65cf42b9474b4a76eb2e07a5e98a2af2721daa4fdd5acb66776b2","30e7889ce8f65cf42b9474b4a76eb2e07a5e98a2af2721daa4fdd5acb66776b2","1ac4b9a89512b87f21afddf51f9576f88c51d3ec8ca4f91973e784d06ca6a551","7066ed9c845dadb801047b9e4cbd2ea50f7af1c9f6d0836a9d5a5115d40fc92b","344531"
"ASC950-SIGN-0095","数据/facts.csv","fact_id","FACT-M2W3-HUAWEI-ASC950-DIE-VENDOR","审计/子代理交接/m2_staging/M2-W3-HUAWEI-ASCEND950-PHYSICAL/structured/facts.csv","6dcdefbf9b27ba05cedb1bc0004e919742abca9fe7c1aaa6fdf708a561fae38f","18317","draft","reviewed","","","","fd3019da6aab0aa4a5c41997f22d39725c19903015caed9681b1aa9b81b4a1ea","fd3019da6aab0aa4a5c41997f22d39725c19903015caed9681b1aa9b81b4a1ea","ad53f2ffcf61c07055ae76fede3dcf3691231022fba90918066c0ba6c6c48976","7886e76bac608e8cfd0131a15d93922596bb5a0d8b16508a696c7d91877c50ea","277845"
"ASC950-SIGN-0096","数据/facts.csv","fact_id","FACT-M2W3-HUAWEI-ASC950-DIE-FAMILY","审计/子代理交接/m2_staging/M2-W3-HUAWEI-ASCEND950-PHYSICAL/structured/facts.csv","6dcdefbf9b27ba05cedb1bc0004e919742abca9fe7c1aaa6fdf708a561fae38f","18317","draft","reviewed","","","","b27cffce30dbb4ec57e3e6fc3fbd754f4e6eedcfee61c5b83511664d7fe2e62b","b27cffce30dbb4ec57e3e6fc3fbd754f4e6eedcfee61c5b83511664d7fe2e62b","9019663256c8c751ac74409bbf5a38738b28c2751175863dc2fb551cd32c21a2","7886e76bac608e8cfd0131a15d93922596bb5a0d8b16508a696c7d91877c50ea","277845"
"ASC950-SIGN-0097","数据/facts.csv","fact_id","FACT-M2W3-HUAWEI-ASC950-DIE-NAME","审计/子代理交接/m2_staging/M2-W3-HUAWEI-ASCEND950-PHYSICAL/structured/facts.csv","6dcdefbf9b27ba05cedb1bc0004e919742abca9fe7c1aaa6fdf708a561fae38f","18317","draft","reviewed","","","","6fda50470be9851669faa3ac4efa5f4d12a252777d7039400ebcdc5caada9fe9","6fda50470be9851669faa3ac4efa5f4d12a252777d7039400ebcdc5caada9fe9","278786926fd9a08b655c5164d9d123eb01c44781c9281f7c3772e6e48764ec54","7886e76bac608e8cfd0131a15d93922596bb5a0d8b16508a696c7d91877c50ea","277845"
"ASC950-SIGN-0098","数据/facts.csv","fact_id","FACT-M2W3-HUAWEI-ASC950-DIE-OBJECT-TYPE","审计/子代理交接/m2_staging/M2-W3-HUAWEI-ASCEND950-PHYSICAL/structured/facts.csv","6dcdefbf9b27ba05cedb1bc0004e919742abca9fe7c1aaa6fdf708a561fae38f","18317","draft","reviewed","","","","2715c699e1f33e252a926dbb1c6aeefa24a40ed15b851d51b744f1418aa631e9","2715c699e1f33e252a926dbb1c6aeefa24a40ed15b851d51b744f1418aa631e9","0622cae5c9b67efed1d55515e1aee85606656287203a0636288d10f23abf3c36","7886e76bac608e8cfd0131a15d93922596bb5a0d8b16508a696c7d91877c50ea","277845"
"ASC950-SIGN-0099","数据/facts.csv","fact_id","FACT-M2W3-HUAWEI-ASC950-DIE-RELEASE-DATE","审计/子代理交接/m2_staging/M2-W3-HUAWEI-ASCEND950-PHYSICAL/structured/facts.csv","6dcdefbf9b27ba05cedb1bc0004e919742abca9fe7c1aaa6fdf708a561fae38f","18317","draft","reviewed","","","","50238190d7b63dd87100750ee2746177c39c3fec5162f50b2305bda77eb2848b","50238190d7b63dd87100750ee2746177c39c3fec5162f50b2305bda77eb2848b","c6b00dca1e3d3fd939139556b7ee397e62d9d75bee001a43d3fe764d1c13da90","7886e76bac608e8cfd0131a15d93922596bb5a0d8b16508a696c7d91877c50ea","277845"
"ASC950-SIGN-0100","数据/facts.csv","fact_id","FACT-M2W3-HUAWEI-ASC950-DIE-FP8-THROUGHPUT","审计/子代理交接/m2_staging/M2-W3-HUAWEI-ASCEND950-PHYSICAL/structured/facts.csv","6dcdefbf9b27ba05cedb1bc0004e919742abca9fe7c1aaa6fdf708a561fae38f","18317","draft","reviewed","","","","78ed29d2fd415efcc9b9e2da5e0d85234ffc5f6c402500789dd275b2a3cc08e3","78ed29d2fd415efcc9b9e2da5e0d85234ffc5f6c402500789dd275b2a3cc08e3","ba0858879d4240c2a780a716dddd101adf141fe26bcef20d494a878e77f1a337","7886e76bac608e8cfd0131a15d93922596bb5a0d8b16508a696c7d91877c50ea","277845"
"ASC950-SIGN-0101","数据/facts.csv","fact_id","FACT-M2W3-HUAWEI-ASC950-DIE-MXFP8-THROUGHPUT","审计/子代理交接/m2_staging/M2-W3-HUAWEI-ASCEND950-PHYSICAL/structured/facts.csv","6dcdefbf9b27ba05cedb1bc0004e919742abca9fe7c1aaa6fdf708a561fae38f","18317","draft","reviewed","","","","0f1b0e8fea870116fdaa67dab7e5000dcb72022140bbddddb48121cf85bea1bb","0f1b0e8fea870116fdaa67dab7e5000dcb72022140bbddddb48121cf85bea1bb","dec8b93d3d3c976027e970e01221ada5c0a72300e4aa025b914f5263a03343fd","7886e76bac608e8cfd0131a15d93922596bb5a0d8b16508a696c7d91877c50ea","277845"
"ASC950-SIGN-0102","数据/facts.csv","fact_id","FACT-M2W3-HUAWEI-ASC950-DIE-HIF8-THROUGHPUT","审计/子代理交接/m2_staging/M2-W3-HUAWEI-ASCEND950-PHYSICAL/structured/facts.csv","6dcdefbf9b27ba05cedb1bc0004e919742abca9fe7c1aaa6fdf708a561fae38f","18317","draft","reviewed","","","","458561904d10ae0976ae6cb89e05d0627397a612077283167e146e729eddfb3d","458561904d10ae0976ae6cb89e05d0627397a612077283167e146e729eddfb3d","a15749b6ff5c77f315fe5afe342198c2e8f18521d6342d226defd1d6185d052f","7886e76bac608e8cfd0131a15d93922596bb5a0d8b16508a696c7d91877c50ea","277845"
"ASC950-SIGN-0103","数据/facts.csv","fact_id","FACT-M2W3-HUAWEI-ASC950-DIE-MXFP4-THROUGHPUT","审计/子代理交接/m2_staging/M2-W3-HUAWEI-ASCEND950-PHYSICAL/structured/facts.csv","6dcdefbf9b27ba05cedb1bc0004e919742abca9fe7c1aaa6fdf708a561fae38f","18317","draft","reviewed","","","","a2f10302223118ea63ca044ff7baf657a94fe67b28a2d46440ce84c59fdf0da0","a2f10302223118ea63ca044ff7baf657a94fe67b28a2d46440ce84c59fdf0da0","67a168f304f39135c5d73944ded10fb64b3dc14ce9b607e55778734f86f67b4e","7886e76bac608e8cfd0131a15d93922596bb5a0d8b16508a696c7d91877c50ea","277845"
"ASC950-SIGN-0104","数据/facts.csv","fact_id","FACT-M2W3-HUAWEI-ASC950-DIE-VECTOR-EXECUTION","审计/子代理交接/m2_staging/M2-W3-HUAWEI-ASCEND950-PHYSICAL/structured/facts.csv","6dcdefbf9b27ba05cedb1bc0004e919742abca9fe7c1aaa6fdf708a561fae38f","18317","draft","reviewed","","","","3fd0788db95d568a2d2f85b22eed1ab44a6821974000295f80326de57b000851","3fd0788db95d568a2d2f85b22eed1ab44a6821974000295f80326de57b000851","f2635e3fa420a95dfd762ccf545b19e7842d949252f90f6c610fdac2845c8267","7886e76bac608e8cfd0131a15d93922596bb5a0d8b16508a696c7d91877c50ea","277845"
"ASC950-SIGN-0105","数据/facts.csv","fact_id","FACT-M2W3-HUAWEI-ASC950-DIE-MEM-GRANULARITY","审计/子代理交接/m2_staging/M2-W3-HUAWEI-ASCEND950-PHYSICAL/structured/facts.csv","6dcdefbf9b27ba05cedb1bc0004e919742abca9fe7c1aaa6fdf708a561fae38f","18317","draft","reviewed","","","","ebf989a9fc0cd0bacd96c79431614d8562c00f1fdeb056bc85aada3ce9657146","ebf989a9fc0cd0bacd96c79431614d8562c00f1fdeb056bc85aada3ce9657146","29be806a721729d50954cc22cadb4fbec0fb0d673be3d2bf51a81a05e1e434b4","7886e76bac608e8cfd0131a15d93922596bb5a0d8b16508a696c7d91877c50ea","277845"
"ASC950-SIGN-0106","数据/facts.csv","fact_id","FACT-M2W3-HUAWEI-ASC950-DIE-INTERCONNECT-BW","审计/子代理交接/m2_staging/M2-W3-HUAWEI-ASCEND950-PHYSICAL/structured/facts.csv","6dcdefbf9b27ba05cedb1bc0004e919742abca9fe7c1aaa6fdf708a561fae38f","18317","draft","reviewed","","","","f9989ab28dc50f064959b9472be1e16a2f6c5cce21cfcf9a13c38148015f99d3","f9989ab28dc50f064959b9472be1e16a2f6c5cce21cfcf9a13c38148015f99d3","d5fad74e925bae1a4970d0f682dfc1c4be6e87a5557e64149f02e493f76859d6","7886e76bac608e8cfd0131a15d93922596bb5a0d8b16508a696c7d91877c50ea","277845"
"ASC950-SIGN-0107","数据/facts.csv","fact_id","FACT-M2W3-HUAWEI-ASC950PR-VENDOR","审计/子代理交接/m2_staging/M2-W3-HUAWEI-ASCEND950-PHYSICAL/structured/facts.csv","6dcdefbf9b27ba05cedb1bc0004e919742abca9fe7c1aaa6fdf708a561fae38f","18317","draft","reviewed","","","","d5a12aae8916992b54b84be36da9b92ab1a1d2b535958bc44bc1c96d301c6289","d5a12aae8916992b54b84be36da9b92ab1a1d2b535958bc44bc1c96d301c6289","425b25e85dfe47d8b1b5dc22632237166e7d20ff2a12f703cced63d065e85dc6","7886e76bac608e8cfd0131a15d93922596bb5a0d8b16508a696c7d91877c50ea","277845"
"ASC950-SIGN-0108","数据/facts.csv","fact_id","FACT-M2W3-HUAWEI-ASC950PR-FAMILY","审计/子代理交接/m2_staging/M2-W3-HUAWEI-ASCEND950-PHYSICAL/structured/facts.csv","6dcdefbf9b27ba05cedb1bc0004e919742abca9fe7c1aaa6fdf708a561fae38f","18317","draft","reviewed","","","","744076faf88326b788d45b2337fb31cbf4b86c0698ecdad7bfc5f154f4ddcbb2","744076faf88326b788d45b2337fb31cbf4b86c0698ecdad7bfc5f154f4ddcbb2","23efc8c25bee659b28980ef9efa8b108b963ce466617e70ecd944c32657b65cd","7886e76bac608e8cfd0131a15d93922596bb5a0d8b16508a696c7d91877c50ea","277845"
"ASC950-SIGN-0109","数据/facts.csv","fact_id","FACT-M2W3-HUAWEI-ASC950PR-NAME","审计/子代理交接/m2_staging/M2-W3-HUAWEI-ASCEND950-PHYSICAL/structured/facts.csv","6dcdefbf9b27ba05cedb1bc0004e919742abca9fe7c1aaa6fdf708a561fae38f","18317","draft","reviewed","","","","384b361ae24f8a01232e1d90758892d077278a6af1de7b47f72e28bb03509cdd","384b361ae24f8a01232e1d90758892d077278a6af1de7b47f72e28bb03509cdd","f542a1f5461f93c2efefcd197cdee9ef1b1d1ceb26150aa896c318b27ebecb40","7886e76bac608e8cfd0131a15d93922596bb5a0d8b16508a696c7d91877c50ea","277845"
"ASC950-SIGN-0110","数据/facts.csv","fact_id","FACT-M2W3-HUAWEI-ASC950PR-SKU","审计/子代理交接/m2_staging/M2-W3-HUAWEI-ASCEND950-PHYSICAL/structured/facts.csv","6dcdefbf9b27ba05cedb1bc0004e919742abca9fe7c1aaa6fdf708a561fae38f","18317","draft","reviewed","","","","936774e7bf04aa0a0442d7bc23a44542bc5137f85009a22728e46d67cd171f95","936774e7bf04aa0a0442d7bc23a44542bc5137f85009a22728e46d67cd171f95","e93d7db5197c39f468ce5bb4961d45c77a6dd36621c0a19e5e9100db60987897","7886e76bac608e8cfd0131a15d93922596bb5a0d8b16508a696c7d91877c50ea","277845"
"ASC950-SIGN-0111","数据/facts.csv","fact_id","FACT-M2W3-HUAWEI-ASC950PR-OBJECT-TYPE","审计/子代理交接/m2_staging/M2-W3-HUAWEI-ASCEND950-PHYSICAL/structured/facts.csv","6dcdefbf9b27ba05cedb1bc0004e919742abca9fe7c1aaa6fdf708a561fae38f","18317","draft","reviewed","","","","5f8196d96013ec72f274d8cced78faa27f5d3ad577329097fa61d731db5af92b","5f8196d96013ec72f274d8cced78faa27f5d3ad577329097fa61d731db5af92b","dabe59b436437aadee84816d8d89bb06e66b72c068bf1688995a53c2ba96db62","7886e76bac608e8cfd0131a15d93922596bb5a0d8b16508a696c7d91877c50ea","277845"
"ASC950-SIGN-0112","数据/facts.csv","fact_id","FACT-M2W3-HUAWEI-ASC950PR-RELEASE-DATE","审计/子代理交接/m2_staging/M2-W3-HUAWEI-ASCEND950-PHYSICAL/structured/facts.csv","6dcdefbf9b27ba05cedb1bc0004e919742abca9fe7c1aaa6fdf708a561fae38f","18317","draft","reviewed","","","","cce88a3f91a79a92d893dee3c4953559025983a2fce008662d04564747649376","cce88a3f91a79a92d893dee3c4953559025983a2fce008662d04564747649376","4fe94395353f87668e73e1f16f498ed61afcafe67491d4cd797c3aadfbbd0cf7","7886e76bac608e8cfd0131a15d93922596bb5a0d8b16508a696c7d91877c50ea","277845"
"ASC950-SIGN-0113","数据/facts.csv","fact_id","FACT-M2W3-HUAWEI-ASC950PR-STATUS","审计/子代理交接/m2_staging/M2-W3-HUAWEI-ASCEND950-PHYSICAL/structured/facts.csv","6dcdefbf9b27ba05cedb1bc0004e919742abca9fe7c1aaa6fdf708a561fae38f","18317","draft","reviewed","","","","2fd8272dd4075cab3ab85973af872335e737804578042d29d1d8868ab8140363","2fd8272dd4075cab3ab85973af872335e737804578042d29d1d8868ab8140363","a10d4e5cf6c35607bc5f384c671a8203a26e729415c5753fb2a18c5eb287b226","7886e76bac608e8cfd0131a15d93922596bb5a0d8b16508a696c7d91877c50ea","277845"
"ASC950-SIGN-0114","数据/facts.csv","fact_id","FACT-M2W3-HUAWEI-ASC950PR-POSITIONING","审计/子代理交接/m2_staging/M2-W3-HUAWEI-ASCEND950-PHYSICAL/structured/facts.csv","6dcdefbf9b27ba05cedb1bc0004e919742abca9fe7c1aaa6fdf708a561fae38f","18317","draft","reviewed","","","","f936fe7bfcc76267356daa6a06fb826c3bf14a15686920d4f9fe00a2ab29f505","f936fe7bfcc76267356daa6a06fb826c3bf14a15686920d4f9fe00a2ab29f505","6c3c8d7474c849319c497d3fd6a104fb13fd72bb5348883bd7e150ccce7d379f","7886e76bac608e8cfd0131a15d93922596bb5a0d8b16508a696c7d91877c50ea","277845"
"ASC950-SIGN-0115","数据/facts.csv","fact_id","FACT-M2W3-HUAWEI-ASC950PR-DEPLOYMENT","审计/子代理交接/m2_staging/M2-W3-HUAWEI-ASCEND950-PHYSICAL/structured/facts.csv","6dcdefbf9b27ba05cedb1bc0004e919742abca9fe7c1aaa6fdf708a561fae38f","18317","draft","reviewed","","","","4b00ce7f5c8f3fec0e837d0026a138e021080b2f80c6e10f0e272a9583891e98","4b00ce7f5c8f3fec0e837d0026a138e021080b2f80c6e10f0e272a9583891e98","9895175eba49a7c7005d32246e0103fc6af469ae18807ec838432c1e76ef7d1c","7886e76bac608e8cfd0131a15d93922596bb5a0d8b16508a696c7d91877c50ea","277845"
"ASC950-SIGN-0116","数据/facts.csv","fact_id","FACT-M2W3-HUAWEI-ASC950PR-PACKAGE","审计/子代理交接/m2_staging/M2-W3-HUAWEI-ASCEND950-PHYSICAL/structured/facts.csv","6dcdefbf9b27ba05cedb1bc0004e919742abca9fe7c1aaa6fdf708a561fae38f","18317","draft","reviewed","","","","25a9247caa4417dd28e15c4ed66e0047a3662c2b03bc22f56d15f35bcaa737d5","25a9247caa4417dd28e15c4ed66e0047a3662c2b03bc22f56d15f35bcaa737d5","7c6594c10fa0a85e084e492952183941375303c806c0c89f9d3dbfb1b82395c9","7886e76bac608e8cfd0131a15d93922596bb5a0d8b16508a696c7d91877c50ea","277845"
"ASC950-SIGN-0117","数据/facts.csv","fact_id","FACT-M2W3-HUAWEI-ASC950PR-MEM-NAME","审计/子代理交接/m2_staging/M2-W3-HUAWEI-ASCEND950-PHYSICAL/structured/facts.csv","6dcdefbf9b27ba05cedb1bc0004e919742abca9fe7c1aaa6fdf708a561fae38f","18317","draft","reviewed","","","","8b409feaf5b67c0e8e5f2ca04156fd4ae0d0090446d4c2541e1867599ae1341f","8b409feaf5b67c0e8e5f2ca04156fd4ae0d0090446d4c2541e1867599ae1341f","7a0699b17ab2b8d6351486384c428b312e8fa0fff47f7dbcccd8ba8b8377dcec","7886e76bac608e8cfd0131a15d93922596bb5a0d8b16508a696c7d91877c50ea","277845"
"ASC950-SIGN-0118","数据/facts.csv","fact_id","FACT-M2W3-HUAWEI-ASC950PR-MEM-CAPACITY","审计/子代理交接/m2_staging/M2-W3-HUAWEI-ASCEND950-PHYSICAL/structured/facts.csv","6dcdefbf9b27ba05cedb1bc0004e919742abca9fe7c1aaa6fdf708a561fae38f","18317","draft","reviewed","","","","07d2ed8f8511d96cfb1faf2990288b68d2c9ef371d7b3bd588e24f9a71e7e5fc","07d2ed8f8511d96cfb1faf2990288b68d2c9ef371d7b3bd588e24f9a71e7e5fc","06ebe1f223f124b671cb6816296d95d204d29f486c10ddf00ebc2f77a16801d7","7886e76bac608e8cfd0131a15d93922596bb5a0d8b16508a696c7d91877c50ea","277845"
"ASC950-SIGN-0119","数据/facts.csv","fact_id","FACT-M2W3-HUAWEI-ASC950PR-MEM-BW","审计/子代理交接/m2_staging/M2-W3-HUAWEI-ASCEND950-PHYSICAL/structured/facts.csv","6dcdefbf9b27ba05cedb1bc0004e919742abca9fe7c1aaa6fdf708a561fae38f","18317","draft","reviewed","","","","177145f5967d46e2bc926e4b7ff9f09c9135937f4a5722501ea4f6968d00bb6a","177145f5967d46e2bc926e4b7ff9f09c9135937f4a5722501ea4f6968d00bb6a","18c005fa0f6a4305a9490508f23c6f557937964b5fcf175ac97f8812114a9bee","7886e76bac608e8cfd0131a15d93922596bb5a0d8b16508a696c7d91877c50ea","277845"
"ASC950-SIGN-0120","数据/facts.csv","fact_id","FACT-M2W3-HUAWEI-ASC950PR-VENDOR-MAX-THROUGHPUT","审计/子代理交接/m2_staging/M2-W3-HUAWEI-ASCEND950-PHYSICAL/structured/facts.csv","6dcdefbf9b27ba05cedb1bc0004e919742abca9fe7c1aaa6fdf708a561fae38f","18317","draft","reviewed","","","","ab2df6b017a62b2fc1cb39f6bbffd54cc1f6aa6b9753c26aa57993c981d79adb","ab2df6b017a62b2fc1cb39f6bbffd54cc1f6aa6b9753c26aa57993c981d79adb","3996298010f5a72857e8d47391c7db967fb38fea2b4f2915b71571a79f95c6b7","7886e76bac608e8cfd0131a15d93922596bb5a0d8b16508a696c7d91877c50ea","277845"
"ASC950-SIGN-0121","数据/facts.csv","fact_id","FACT-M2W3-HUAWEI-ASC950PR-INTERCONNECT-PROTOCOL","审计/子代理交接/m2_staging/M2-W3-HUAWEI-ASCEND950-PHYSICAL/structured/facts.csv","6dcdefbf9b27ba05cedb1bc0004e919742abca9fe7c1aaa6fdf708a561fae38f","18317","draft","reviewed","","","","9d810ca421cf99dc866661edc308ad3f2bf8adaf9360715ace45abc34446985b","9d810ca421cf99dc866661edc308ad3f2bf8adaf9360715ace45abc34446985b","3dfafd07889169607643bd8a9862ff26b87cb36b50c59254b7ecf1f3c08369d2","7886e76bac608e8cfd0131a15d93922596bb5a0d8b16508a696c7d91877c50ea","277845"
"ASC950-SIGN-0122","数据/facts.csv","fact_id","FACT-M2W3-HUAWEI-ASC950PR-INTERCONNECT-BW","审计/子代理交接/m2_staging/M2-W3-HUAWEI-ASCEND950-PHYSICAL/structured/facts.csv","6dcdefbf9b27ba05cedb1bc0004e919742abca9fe7c1aaa6fdf708a561fae38f","18317","draft","reviewed","","","","dae33d59613a04974c86497b80b0a465e427f5d258802d3fe7983a06b2d900c7","dae33d59613a04974c86497b80b0a465e427f5d258802d3fe7983a06b2d900c7","4695f257d3ad82ec7f96f73014440a400f056b424901e593443f35014b11e412","7886e76bac608e8cfd0131a15d93922596bb5a0d8b16508a696c7d91877c50ea","277845"
"ASC950-SIGN-0123","数据/facts.csv","fact_id","FACT-M2W3-HUAWEI-ASC950DT-VENDOR","审计/子代理交接/m2_staging/M2-W3-HUAWEI-ASCEND950-PHYSICAL/structured/facts.csv","6dcdefbf9b27ba05cedb1bc0004e919742abca9fe7c1aaa6fdf708a561fae38f","18317","draft","reviewed","","","","a57835c1f9b10f3c6a986c612e3db7195cd80949658a65e9f83e838b159c83d1","a57835c1f9b10f3c6a986c612e3db7195cd80949658a65e9f83e838b159c83d1","3a96a1eb3079dd33d0108dedec27a2ca8e750686802ce2aa4f45477a28665120","7886e76bac608e8cfd0131a15d93922596bb5a0d8b16508a696c7d91877c50ea","277845"
"ASC950-SIGN-0124","数据/facts.csv","fact_id","FACT-M2W3-HUAWEI-ASC950DT-FAMILY","审计/子代理交接/m2_staging/M2-W3-HUAWEI-ASCEND950-PHYSICAL/structured/facts.csv","6dcdefbf9b27ba05cedb1bc0004e919742abca9fe7c1aaa6fdf708a561fae38f","18317","draft","reviewed","","","","ac45e9f484f3de1ac36791f5f0c060328a3fdb5d1d391afdd2c9bee2da4a9887","ac45e9f484f3de1ac36791f5f0c060328a3fdb5d1d391afdd2c9bee2da4a9887","65c6d6cfab9d91cb1eb72620f110a8168d097c4507dd830cf824807db874227a","7886e76bac608e8cfd0131a15d93922596bb5a0d8b16508a696c7d91877c50ea","277845"
"ASC950-SIGN-0125","数据/facts.csv","fact_id","FACT-M2W3-HUAWEI-ASC950DT-NAME","审计/子代理交接/m2_staging/M2-W3-HUAWEI-ASCEND950-PHYSICAL/structured/facts.csv","6dcdefbf9b27ba05cedb1bc0004e919742abca9fe7c1aaa6fdf708a561fae38f","18317","draft","reviewed","","","","a4ded4acf115657b52a2223daf69a425a8ceb7f8cae313da127160c3a9c13321","a4ded4acf115657b52a2223daf69a425a8ceb7f8cae313da127160c3a9c13321","098f0f77ae86dfbc9eee7616ad617bdfaa7077dad718a081cf96c7957057b8d0","7886e76bac608e8cfd0131a15d93922596bb5a0d8b16508a696c7d91877c50ea","277845"
"ASC950-SIGN-0126","数据/facts.csv","fact_id","FACT-M2W3-HUAWEI-ASC950DT-SKU","审计/子代理交接/m2_staging/M2-W3-HUAWEI-ASCEND950-PHYSICAL/structured/facts.csv","6dcdefbf9b27ba05cedb1bc0004e919742abca9fe7c1aaa6fdf708a561fae38f","18317","draft","reviewed","","","","285f6f8764f4041f829e16f191bd8c9e13df0611df2daec4000cab353c03ad78","285f6f8764f4041f829e16f191bd8c9e13df0611df2daec4000cab353c03ad78","d06f783bfce011b53c27d7957989e40388ada89525bb38d3f144f71f74832786","7886e76bac608e8cfd0131a15d93922596bb5a0d8b16508a696c7d91877c50ea","277845"
"ASC950-SIGN-0127","数据/facts.csv","fact_id","FACT-M2W3-HUAWEI-ASC950DT-OBJECT-TYPE","审计/子代理交接/m2_staging/M2-W3-HUAWEI-ASCEND950-PHYSICAL/structured/facts.csv","6dcdefbf9b27ba05cedb1bc0004e919742abca9fe7c1aaa6fdf708a561fae38f","18317","draft","reviewed","","","","0d206c517ab2699da9817ec2aa847d88795ed9c05041b4d730b913c50e4bfd51","0d206c517ab2699da9817ec2aa847d88795ed9c05041b4d730b913c50e4bfd51","5e9ae5e8215b1f69c9d054a0ef8046799af86ec64c708a7241bf29e1e310088c","7886e76bac608e8cfd0131a15d93922596bb5a0d8b16508a696c7d91877c50ea","277845"
"ASC950-SIGN-0128","数据/facts.csv","fact_id","FACT-M2W3-HUAWEI-ASC950DT-RELEASE-DATE","审计/子代理交接/m2_staging/M2-W3-HUAWEI-ASCEND950-PHYSICAL/structured/facts.csv","6dcdefbf9b27ba05cedb1bc0004e919742abca9fe7c1aaa6fdf708a561fae38f","18317","draft","reviewed","","","","abe61f93073d791cbd6e2ae09ddff724527cfcf86f89792e9fdef08041e7cba1","abe61f93073d791cbd6e2ae09ddff724527cfcf86f89792e9fdef08041e7cba1","f51fd062d7b58064a21a25c27e3f49fb7134a55bc92e987679fa3740090cceb6","7886e76bac608e8cfd0131a15d93922596bb5a0d8b16508a696c7d91877c50ea","277845"
"ASC950-SIGN-0129","数据/facts.csv","fact_id","FACT-M2W3-HUAWEI-ASC950DT-STATUS","审计/子代理交接/m2_staging/M2-W3-HUAWEI-ASCEND950-PHYSICAL/structured/facts.csv","6dcdefbf9b27ba05cedb1bc0004e919742abca9fe7c1aaa6fdf708a561fae38f","18317","draft","reviewed","","","","8e90595bef3dae087b271bc45c7b29f9ef3069e7691f34229e10ead821ba5c7d","8e90595bef3dae087b271bc45c7b29f9ef3069e7691f34229e10ead821ba5c7d","b98b1edad1b32bfe0d733e7ea74f07777acb63c76d679f90b323e7bc8ff79694","7886e76bac608e8cfd0131a15d93922596bb5a0d8b16508a696c7d91877c50ea","277845"
"ASC950-SIGN-0130","数据/facts.csv","fact_id","FACT-M2W3-HUAWEI-ASC950DT-POSITIONING","审计/子代理交接/m2_staging/M2-W3-HUAWEI-ASCEND950-PHYSICAL/structured/facts.csv","6dcdefbf9b27ba05cedb1bc0004e919742abca9fe7c1aaa6fdf708a561fae38f","18317","draft","reviewed","","","","2293f2bf3c5bd0db7c105b215e3feefc21144588c998618d13c829e05851eab4","2293f2bf3c5bd0db7c105b215e3feefc21144588c998618d13c829e05851eab4","2eb99b3a02926eb2189bce7616bf96015c212885ed48fb38759806989954d212","7886e76bac608e8cfd0131a15d93922596bb5a0d8b16508a696c7d91877c50ea","277845"
"ASC950-SIGN-0131","数据/facts.csv","fact_id","FACT-M2W3-HUAWEI-ASC950DT-PACKAGE","审计/子代理交接/m2_staging/M2-W3-HUAWEI-ASCEND950-PHYSICAL/structured/facts.csv","6dcdefbf9b27ba05cedb1bc0004e919742abca9fe7c1aaa6fdf708a561fae38f","18317","draft","reviewed","","","","92480f1d40327be083a539bdf7a3af6962004dd827e30b4bddf5f5fbaa90dbb1","92480f1d40327be083a539bdf7a3af6962004dd827e30b4bddf5f5fbaa90dbb1","f0420e6c321b006c3c58e491749d5442845d22297ee31b383912346a16dbed68","7886e76bac608e8cfd0131a15d93922596bb5a0d8b16508a696c7d91877c50ea","277845"
"ASC950-SIGN-0132","数据/facts.csv","fact_id","FACT-M2W3-HUAWEI-ASC950DT-MEM-NAME","审计/子代理交接/m2_staging/M2-W3-HUAWEI-ASCEND950-PHYSICAL/structured/facts.csv","6dcdefbf9b27ba05cedb1bc0004e919742abca9fe7c1aaa6fdf708a561fae38f","18317","draft","reviewed","","","","0758c5fd311936fbbaa5b261a1ebb2cc94b34e9995c903bd49a6bb90c4d36673","0758c5fd311936fbbaa5b261a1ebb2cc94b34e9995c903bd49a6bb90c4d36673","7c7b492a15fdd651b739325e9cd93f36896a6cd7096c05a68d39436b90d89a05","7886e76bac608e8cfd0131a15d93922596bb5a0d8b16508a696c7d91877c50ea","277845"
"ASC950-SIGN-0133","数据/facts.csv","fact_id","FACT-M2W3-HUAWEI-ASC950DT-MEM-CAPACITY","审计/子代理交接/m2_staging/M2-W3-HUAWEI-ASCEND950-PHYSICAL/structured/facts.csv","6dcdefbf9b27ba05cedb1bc0004e919742abca9fe7c1aaa6fdf708a561fae38f","18317","draft","reviewed","","","","25eff347dd3ef7b53ef10493889dfc07acf8489c0472ae6e8f9eb968586223d9","25eff347dd3ef7b53ef10493889dfc07acf8489c0472ae6e8f9eb968586223d9","ec67a340ffd7b97d8e2debc4cd4f0bb986f74451ed55fadcdf984f75ae2dbca0","7886e76bac608e8cfd0131a15d93922596bb5a0d8b16508a696c7d91877c50ea","277845"
"ASC950-SIGN-0134","数据/facts.csv","fact_id","FACT-M2W3-HUAWEI-ASC950DT-MEM-BW","审计/子代理交接/m2_staging/M2-W3-HUAWEI-ASCEND950-PHYSICAL/structured/facts.csv","6dcdefbf9b27ba05cedb1bc0004e919742abca9fe7c1aaa6fdf708a561fae38f","18317","draft","reviewed","","","","79263f1c0122fea6740ab63ec8933d98a1b469dcf1fed1b6ba76bd562830833e","79263f1c0122fea6740ab63ec8933d98a1b469dcf1fed1b6ba76bd562830833e","ab8022b12b031d22beae07fd182befc6832fe68ef6ae2b0f0957299e153cdde2","7886e76bac608e8cfd0131a15d93922596bb5a0d8b16508a696c7d91877c50ea","277845"
"ASC950-SIGN-0135","数据/facts.csv","fact_id","FACT-M2W3-HUAWEI-ASC950DT-INTERCONNECT-BW","审计/子代理交接/m2_staging/M2-W3-HUAWEI-ASCEND950-PHYSICAL/structured/facts.csv","6dcdefbf9b27ba05cedb1bc0004e919742abca9fe7c1aaa6fdf708a561fae38f","18317","draft","reviewed","","","","05d733e8b53ea2f33e18750f3fba1b12cbd8593557d9faf1b6db60506304f86e","05d733e8b53ea2f33e18750f3fba1b12cbd8593557d9faf1b6db60506304f86e","340ab6681ed71c6ad5888a2c6b7c1a5430bd06dd900f8af8e8e3fcea4835fbb3","7886e76bac608e8cfd0131a15d93922596bb5a0d8b16508a696c7d91877c50ea","277845"
"ASC950-SIGN-0136","数据/field-requirements.csv","requirement_id","REQ-M2W3-HUAWEI-ASC950-DIE-VENDOR","审计/子代理交接/m2_staging/M2-W3-HUAWEI-ASCEND950-PHYSICAL/structured/field-requirements.csv","4f1dcb01672b18cd45a8a3a803d314921e7812a39c80ca95d5baae6ca5603bd6","32593","draft","reviewed","","","","be8c862aefc01afdaeac6275677e0e85ae8cc85c0ee48cf254bb06ce1922f70e","be8c862aefc01afdaeac6275677e0e85ae8cc85c0ee48cf254bb06ce1922f70e","edca9d2d71900aab1575fae5bc382ff2894bae1e671a24c99034fa289e26590e","de19ee1e1a3beecdf3658d4c8b302e60d43eaaf9e58acfbd369388992eb9afb2","302574"
"ASC950-SIGN-0137","数据/field-requirements.csv","requirement_id","REQ-M2W3-HUAWEI-ASC950-DIE-FAMILY","审计/子代理交接/m2_staging/M2-W3-HUAWEI-ASCEND950-PHYSICAL/structured/field-requirements.csv","4f1dcb01672b18cd45a8a3a803d314921e7812a39c80ca95d5baae6ca5603bd6","32593","draft","reviewed","","","","418534ed034b9f4fe9ab42585c72df8c8c54221e761ca1e3d41ea87917079e2e","418534ed034b9f4fe9ab42585c72df8c8c54221e761ca1e3d41ea87917079e2e","6c201c610e8c028cc9d61337fa792bbee96fb11047939ba81021cd3470e640a3","de19ee1e1a3beecdf3658d4c8b302e60d43eaaf9e58acfbd369388992eb9afb2","302574"
"ASC950-SIGN-0138","数据/field-requirements.csv","requirement_id","REQ-M2W3-HUAWEI-ASC950-DIE-NAME","审计/子代理交接/m2_staging/M2-W3-HUAWEI-ASCEND950-PHYSICAL/structured/field-requirements.csv","4f1dcb01672b18cd45a8a3a803d314921e7812a39c80ca95d5baae6ca5603bd6","32593","draft","reviewed","","","","eda11bc5973c47c842aaca33415960eb2e982b78cdca37720d37d1d4f4034088","eda11bc5973c47c842aaca33415960eb2e982b78cdca37720d37d1d4f4034088","a620ec8d18f33f07ff7a6838f8bbcc64564620d8c0c96bd1d45b4c3090568c01","de19ee1e1a3beecdf3658d4c8b302e60d43eaaf9e58acfbd369388992eb9afb2","302574"
"ASC950-SIGN-0139","数据/field-requirements.csv","requirement_id","REQ-M2W3-HUAWEI-ASC950-DIE-OBJECT-TYPE","审计/子代理交接/m2_staging/M2-W3-HUAWEI-ASCEND950-PHYSICAL/structured/field-requirements.csv","4f1dcb01672b18cd45a8a3a803d314921e7812a39c80ca95d5baae6ca5603bd6","32593","draft","reviewed","","","","ae814c62a8a540a4d3f2a96fc8c358e61faf449ad928a800aefd244ef5ebcd3f","ae814c62a8a540a4d3f2a96fc8c358e61faf449ad928a800aefd244ef5ebcd3f","d5f9e69ba37606ace95ba44992c6770a989e28a2504ad1f9da628af1bbf13912","de19ee1e1a3beecdf3658d4c8b302e60d43eaaf9e58acfbd369388992eb9afb2","302574"
"ASC950-SIGN-0140","数据/field-requirements.csv","requirement_id","REQ-M2W3-HUAWEI-ASC950-DIE-RELEASE-DATE","审计/子代理交接/m2_staging/M2-W3-HUAWEI-ASCEND950-PHYSICAL/structured/field-requirements.csv","4f1dcb01672b18cd45a8a3a803d314921e7812a39c80ca95d5baae6ca5603bd6","32593","draft","reviewed","","","","da2d4c5fea377bfe764c3917aad9e71213764907f12d3ae66bb5a0cb3bd05248","da2d4c5fea377bfe764c3917aad9e71213764907f12d3ae66bb5a0cb3bd05248","dde9ea7590744f68b01818fe3d61307eb79ae9755d5e5c567783c297021c4ef8","de19ee1e1a3beecdf3658d4c8b302e60d43eaaf9e58acfbd369388992eb9afb2","302574"
"ASC950-SIGN-0141","数据/field-requirements.csv","requirement_id","REQ-M2W3-HUAWEI-ASC950-DIE-FP8-THROUGHPUT","审计/子代理交接/m2_staging/M2-W3-HUAWEI-ASCEND950-PHYSICAL/structured/field-requirements.csv","4f1dcb01672b18cd45a8a3a803d314921e7812a39c80ca95d5baae6ca5603bd6","32593","draft","reviewed","","","","ea93609d9df527f0185c234ebff44990c3cc4d74ceebd9c2d0ea4b5cdd392334","ea93609d9df527f0185c234ebff44990c3cc4d74ceebd9c2d0ea4b5cdd392334","152c9d309c584ad281e98abf44e6f520256e7929846102112eae565961840e6c","de19ee1e1a3beecdf3658d4c8b302e60d43eaaf9e58acfbd369388992eb9afb2","302574"
"ASC950-SIGN-0142","数据/field-requirements.csv","requirement_id","REQ-M2W3-HUAWEI-ASC950-DIE-MXFP8-THROUGHPUT","审计/子代理交接/m2_staging/M2-W3-HUAWEI-ASCEND950-PHYSICAL/structured/field-requirements.csv","4f1dcb01672b18cd45a8a3a803d314921e7812a39c80ca95d5baae6ca5603bd6","32593","draft","reviewed","","","","c89ad2e5e22ef117478889d854faadde11fc28c8f4d3d23975d759fa4d814598","c89ad2e5e22ef117478889d854faadde11fc28c8f4d3d23975d759fa4d814598","6a6609c5cff55b06cbf0b9a1c9fdc3843927356679d349ba3204ff33a073a40f","de19ee1e1a3beecdf3658d4c8b302e60d43eaaf9e58acfbd369388992eb9afb2","302574"
"ASC950-SIGN-0143","数据/field-requirements.csv","requirement_id","REQ-M2W3-HUAWEI-ASC950-DIE-HIF8-THROUGHPUT","审计/子代理交接/m2_staging/M2-W3-HUAWEI-ASCEND950-PHYSICAL/structured/field-requirements.csv","4f1dcb01672b18cd45a8a3a803d314921e7812a39c80ca95d5baae6ca5603bd6","32593","draft","reviewed","","","","ba5b86c7e13006f598398a4a78ef36609cd7d23ea6e80b14ec8ac8d033bbcf21","ba5b86c7e13006f598398a4a78ef36609cd7d23ea6e80b14ec8ac8d033bbcf21","067389205838225ec55b71fdbacbb4c6c2082bf05bad963e96e053d6fde723be","de19ee1e1a3beecdf3658d4c8b302e60d43eaaf9e58acfbd369388992eb9afb2","302574"
"ASC950-SIGN-0144","数据/field-requirements.csv","requirement_id","REQ-M2W3-HUAWEI-ASC950-DIE-MXFP4-THROUGHPUT","审计/子代理交接/m2_staging/M2-W3-HUAWEI-ASCEND950-PHYSICAL/structured/field-requirements.csv","4f1dcb01672b18cd45a8a3a803d314921e7812a39c80ca95d5baae6ca5603bd6","32593","draft","reviewed","","","","145480214acd3ae759f708c7d2e5173284fcb2cc2cd085ece7a1d66308b8b417","145480214acd3ae759f708c7d2e5173284fcb2cc2cd085ece7a1d66308b8b417","2187fc47c9b7de28d68ee91dad6d2f0682a7dce4bf1c17b3a254c5f3a92e0d3f","de19ee1e1a3beecdf3658d4c8b302e60d43eaaf9e58acfbd369388992eb9afb2","302574"
"ASC950-SIGN-0145","数据/field-requirements.csv","requirement_id","REQ-M2W3-HUAWEI-ASC950-DIE-VECTOR-EXECUTION","审计/子代理交接/m2_staging/M2-W3-HUAWEI-ASCEND950-PHYSICAL/structured/field-requirements.csv","4f1dcb01672b18cd45a8a3a803d314921e7812a39c80ca95d5baae6ca5603bd6","32593","draft","reviewed","","","","e38bc34f3cc59296eb5e5494802c387e4d242bc4fc688825e4d66feff3b77472","e38bc34f3cc59296eb5e5494802c387e4d242bc4fc688825e4d66feff3b77472","2bebbe289bdbea931ce5479a1665ac08090ed8730c37f8dfbafa8ff3199dceb5","de19ee1e1a3beecdf3658d4c8b302e60d43eaaf9e58acfbd369388992eb9afb2","302574"
"ASC950-SIGN-0146","数据/field-requirements.csv","requirement_id","REQ-M2W3-HUAWEI-ASC950-DIE-MEM-GRANULARITY","审计/子代理交接/m2_staging/M2-W3-HUAWEI-ASCEND950-PHYSICAL/structured/field-requirements.csv","4f1dcb01672b18cd45a8a3a803d314921e7812a39c80ca95d5baae6ca5603bd6","32593","draft","reviewed","","","","f1cbcbd77766ec7c905a1bfb3ff643ddd0e16e1f97f27f0a5eebe84e1ae19065","f1cbcbd77766ec7c905a1bfb3ff643ddd0e16e1f97f27f0a5eebe84e1ae19065","3d35cbd9cb4423179b6d663ce4b18b4f10555c55b0bce466c06fe963cb0e7dff","de19ee1e1a3beecdf3658d4c8b302e60d43eaaf9e58acfbd369388992eb9afb2","302574"
"ASC950-SIGN-0147","数据/field-requirements.csv","requirement_id","REQ-M2W3-HUAWEI-ASC950-DIE-INTERCONNECT-BW","审计/子代理交接/m2_staging/M2-W3-HUAWEI-ASCEND950-PHYSICAL/structured/field-requirements.csv","4f1dcb01672b18cd45a8a3a803d314921e7812a39c80ca95d5baae6ca5603bd6","32593","draft","reviewed","","","","464b7cc46540e61dfadaeefce7d0874611a66f7a0745cb03ce6ae3920824cde6","464b7cc46540e61dfadaeefce7d0874611a66f7a0745cb03ce6ae3920824cde6","2be3841420e8fb51f322ea8b7326a388ee01bd6b277ce7d58ec40eb0851b34fa","de19ee1e1a3beecdf3658d4c8b302e60d43eaaf9e58acfbd369388992eb9afb2","302574"
"ASC950-SIGN-0148","数据/field-requirements.csv","requirement_id","REQ-M2W3-HUAWEI-ASC950PR-VENDOR","审计/子代理交接/m2_staging/M2-W3-HUAWEI-ASCEND950-PHYSICAL/structured/field-requirements.csv","4f1dcb01672b18cd45a8a3a803d314921e7812a39c80ca95d5baae6ca5603bd6","32593","draft","reviewed","","","","bb55e03a975736d92b9de4e3a7488563d62cb3a87cf65b7cd13a7563ef607bde","bb55e03a975736d92b9de4e3a7488563d62cb3a87cf65b7cd13a7563ef607bde","6d02d606aa3fd66062f3de4d9e7626e4aa3a22b67579669b6552b32fbc25a682","de19ee1e1a3beecdf3658d4c8b302e60d43eaaf9e58acfbd369388992eb9afb2","302574"
"ASC950-SIGN-0149","数据/field-requirements.csv","requirement_id","REQ-M2W3-HUAWEI-ASC950PR-FAMILY","审计/子代理交接/m2_staging/M2-W3-HUAWEI-ASCEND950-PHYSICAL/structured/field-requirements.csv","4f1dcb01672b18cd45a8a3a803d314921e7812a39c80ca95d5baae6ca5603bd6","32593","draft","reviewed","","","","f2f3bccb16011ebd686ff6f620780f7acd633d18ebc07d35f109db358729e315","f2f3bccb16011ebd686ff6f620780f7acd633d18ebc07d35f109db358729e315","bf9ebe90d1d6362894a74e9f99473504846a1ff0c1c6812a8f08a6469da9be1a","de19ee1e1a3beecdf3658d4c8b302e60d43eaaf9e58acfbd369388992eb9afb2","302574"
"ASC950-SIGN-0150","数据/field-requirements.csv","requirement_id","REQ-M2W3-HUAWEI-ASC950PR-NAME","审计/子代理交接/m2_staging/M2-W3-HUAWEI-ASCEND950-PHYSICAL/structured/field-requirements.csv","4f1dcb01672b18cd45a8a3a803d314921e7812a39c80ca95d5baae6ca5603bd6","32593","draft","reviewed","","","","0fc92ed3e8b838aaa1488367dbec72f7f49f313fda8fbeda9ba9dc32eeee368a","0fc92ed3e8b838aaa1488367dbec72f7f49f313fda8fbeda9ba9dc32eeee368a","081a7fcdc3bf40cdcd56015fc5213f662680032ffd3dd2795361ed4f7c84b56a","de19ee1e1a3beecdf3658d4c8b302e60d43eaaf9e58acfbd369388992eb9afb2","302574"
"ASC950-SIGN-0151","数据/field-requirements.csv","requirement_id","REQ-M2W3-HUAWEI-ASC950PR-SKU","审计/子代理交接/m2_staging/M2-W3-HUAWEI-ASCEND950-PHYSICAL/structured/field-requirements.csv","4f1dcb01672b18cd45a8a3a803d314921e7812a39c80ca95d5baae6ca5603bd6","32593","draft","reviewed","","","","63a398e39a9e1134f3e9a03b398f9e06dcb22e02a45a8cb17c4e1e723a5fa0d6","63a398e39a9e1134f3e9a03b398f9e06dcb22e02a45a8cb17c4e1e723a5fa0d6","5a17add1e08f297b9b2814c2042406dd35e936cf166de2fd8c71f11b4e98985d","de19ee1e1a3beecdf3658d4c8b302e60d43eaaf9e58acfbd369388992eb9afb2","302574"
"ASC950-SIGN-0152","数据/field-requirements.csv","requirement_id","REQ-M2W3-HUAWEI-ASC950PR-OBJECT-TYPE","审计/子代理交接/m2_staging/M2-W3-HUAWEI-ASCEND950-PHYSICAL/structured/field-requirements.csv","4f1dcb01672b18cd45a8a3a803d314921e7812a39c80ca95d5baae6ca5603bd6","32593","draft","reviewed","","","","8a51284b5178bdca342e1e9c605774cc3253ff9c540e6359bc51fc813a62b295","8a51284b5178bdca342e1e9c605774cc3253ff9c540e6359bc51fc813a62b295","e6a63835685ccba551d78b1a971cb50bd69a925b904229bea60b76b60c0c17ef","de19ee1e1a3beecdf3658d4c8b302e60d43eaaf9e58acfbd369388992eb9afb2","302574"
"ASC950-SIGN-0153","数据/field-requirements.csv","requirement_id","REQ-M2W3-HUAWEI-ASC950PR-RELEASE-DATE","审计/子代理交接/m2_staging/M2-W3-HUAWEI-ASCEND950-PHYSICAL/structured/field-requirements.csv","4f1dcb01672b18cd45a8a3a803d314921e7812a39c80ca95d5baae6ca5603bd6","32593","draft","reviewed","","","","df2106c551bfef9af1bf72a69cc1d6542240deca9858ff87d8fc0e1c96ecf9fd","df2106c551bfef9af1bf72a69cc1d6542240deca9858ff87d8fc0e1c96ecf9fd","06785618a859b838a4fb5ef7ce256d19c1542a3f0f0b1428c335939d6394d57e","de19ee1e1a3beecdf3658d4c8b302e60d43eaaf9e58acfbd369388992eb9afb2","302574"
"ASC950-SIGN-0154","数据/field-requirements.csv","requirement_id","REQ-M2W3-HUAWEI-ASC950PR-STATUS","审计/子代理交接/m2_staging/M2-W3-HUAWEI-ASCEND950-PHYSICAL/structured/field-requirements.csv","4f1dcb01672b18cd45a8a3a803d314921e7812a39c80ca95d5baae6ca5603bd6","32593","draft","reviewed","","","","dd98daaece381cacd712e72221583a8126f5c302389d1cd2dfff070923a15dce","dd98daaece381cacd712e72221583a8126f5c302389d1cd2dfff070923a15dce","7dd83c386cf05df6bd907624146d1f3559eb6b96c951088ed85382bc90879324","de19ee1e1a3beecdf3658d4c8b302e60d43eaaf9e58acfbd369388992eb9afb2","302574"
"ASC950-SIGN-0155","数据/field-requirements.csv","requirement_id","REQ-M2W3-HUAWEI-ASC950PR-POSITIONING","审计/子代理交接/m2_staging/M2-W3-HUAWEI-ASCEND950-PHYSICAL/structured/field-requirements.csv","4f1dcb01672b18cd45a8a3a803d314921e7812a39c80ca95d5baae6ca5603bd6","32593","draft","reviewed","","","","d822d4ad75514920f9e05c575c4a86499c36632d3ac3cc8aae9ca20a4aac8da2","d822d4ad75514920f9e05c575c4a86499c36632d3ac3cc8aae9ca20a4aac8da2","3441512ea7516c1dc0b99ee266cbc2c41353b76ce63c6e390d092ebc8bf8cb43","de19ee1e1a3beecdf3658d4c8b302e60d43eaaf9e58acfbd369388992eb9afb2","302574"
"ASC950-SIGN-0156","数据/field-requirements.csv","requirement_id","REQ-M2W3-HUAWEI-ASC950PR-DEPLOYMENT","审计/子代理交接/m2_staging/M2-W3-HUAWEI-ASCEND950-PHYSICAL/structured/field-requirements.csv","4f1dcb01672b18cd45a8a3a803d314921e7812a39c80ca95d5baae6ca5603bd6","32593","draft","reviewed","","","","86cba18f680aa84a9c3e07cd18bdec8f6570a4f717de4097f553a462ddefd9ff","86cba18f680aa84a9c3e07cd18bdec8f6570a4f717de4097f553a462ddefd9ff","d80e6194f52f86b53b563ae1ecd4b178dfa8e1c6c6175896cf0a1ac857879c94","de19ee1e1a3beecdf3658d4c8b302e60d43eaaf9e58acfbd369388992eb9afb2","302574"
"ASC950-SIGN-0157","数据/field-requirements.csv","requirement_id","REQ-M2W3-HUAWEI-ASC950PR-PACKAGE","审计/子代理交接/m2_staging/M2-W3-HUAWEI-ASCEND950-PHYSICAL/structured/field-requirements.csv","4f1dcb01672b18cd45a8a3a803d314921e7812a39c80ca95d5baae6ca5603bd6","32593","draft","reviewed","","","","4b04de767400058b35b428a160a59dd81bbe3b85de5ff271a6755cda08f2d68e","4b04de767400058b35b428a160a59dd81bbe3b85de5ff271a6755cda08f2d68e","31faadcf3454bde4d340dff79d3023ddd33ecd13a02d60259e69e9a7094ed02a","de19ee1e1a3beecdf3658d4c8b302e60d43eaaf9e58acfbd369388992eb9afb2","302574"
"ASC950-SIGN-0158","数据/field-requirements.csv","requirement_id","REQ-M2W3-HUAWEI-ASC950PR-MEM-NAME","审计/子代理交接/m2_staging/M2-W3-HUAWEI-ASCEND950-PHYSICAL/structured/field-requirements.csv","4f1dcb01672b18cd45a8a3a803d314921e7812a39c80ca95d5baae6ca5603bd6","32593","draft","reviewed","","","","630dc7e97d9e39e6e0abc9b32114e204ffca34481209f378130a1178675cdaf1","630dc7e97d9e39e6e0abc9b32114e204ffca34481209f378130a1178675cdaf1","4800b940c7c9bb84c044f3e3a66bd0d60a50a586677a3fc117c72ebe0f9e9e00","de19ee1e1a3beecdf3658d4c8b302e60d43eaaf9e58acfbd369388992eb9afb2","302574"
"ASC950-SIGN-0159","数据/field-requirements.csv","requirement_id","REQ-M2W3-HUAWEI-ASC950PR-MEM-CAPACITY","审计/子代理交接/m2_staging/M2-W3-HUAWEI-ASCEND950-PHYSICAL/structured/field-requirements.csv","4f1dcb01672b18cd45a8a3a803d314921e7812a39c80ca95d5baae6ca5603bd6","32593","draft","reviewed","","","","0ded22a47c7631922bd8e759f3ee126d1443b551e950a9413a9c9affea9ef1a4","0ded22a47c7631922bd8e759f3ee126d1443b551e950a9413a9c9affea9ef1a4","1ef20cc7c8e45fbe5b0cd641bbedee29a3e9c34e6a1fe7cc4125432786227780","de19ee1e1a3beecdf3658d4c8b302e60d43eaaf9e58acfbd369388992eb9afb2","302574"
"ASC950-SIGN-0160","数据/field-requirements.csv","requirement_id","REQ-M2W3-HUAWEI-ASC950PR-MEM-BW","审计/子代理交接/m2_staging/M2-W3-HUAWEI-ASCEND950-PHYSICAL/structured/field-requirements.csv","4f1dcb01672b18cd45a8a3a803d314921e7812a39c80ca95d5baae6ca5603bd6","32593","draft","reviewed","","","","d5a56890f9fc672c01b4a53efe61e03c5ba51687bf701a25d94c29b99c7646bb","d5a56890f9fc672c01b4a53efe61e03c5ba51687bf701a25d94c29b99c7646bb","6bcd369294a032d983a1d47c315439ecb20f5ec0391316742165cd63fed11a1b","de19ee1e1a3beecdf3658d4c8b302e60d43eaaf9e58acfbd369388992eb9afb2","302574"
"ASC950-SIGN-0161","数据/field-requirements.csv","requirement_id","REQ-M2W3-HUAWEI-ASC950PR-VENDOR-MAX-THROUGHPUT","审计/子代理交接/m2_staging/M2-W3-HUAWEI-ASCEND950-PHYSICAL/structured/field-requirements.csv","4f1dcb01672b18cd45a8a3a803d314921e7812a39c80ca95d5baae6ca5603bd6","32593","draft","reviewed","","","","9dc8341b87bf3aa004cd363f601d617e9dab74b8ce0ae919d0464ed6886568f1","9dc8341b87bf3aa004cd363f601d617e9dab74b8ce0ae919d0464ed6886568f1","fdc8eb8860c8d8360d617609378b402059479e96b26b5bcce5e55907dc2bbc18","de19ee1e1a3beecdf3658d4c8b302e60d43eaaf9e58acfbd369388992eb9afb2","302574"
"ASC950-SIGN-0162","数据/field-requirements.csv","requirement_id","REQ-M2W3-HUAWEI-ASC950PR-INTERCONNECT-PROTOCOL","审计/子代理交接/m2_staging/M2-W3-HUAWEI-ASCEND950-PHYSICAL/structured/field-requirements.csv","4f1dcb01672b18cd45a8a3a803d314921e7812a39c80ca95d5baae6ca5603bd6","32593","draft","reviewed","","","","d19fb8fc8ff7b30e5509cc213caa15b843e7922d9056b3cb9a9a25871200c6f3","d19fb8fc8ff7b30e5509cc213caa15b843e7922d9056b3cb9a9a25871200c6f3","c548a8696aaa6264affd6a0c68a57af9a999afd55572d6b1e7dd81838af19cd0","de19ee1e1a3beecdf3658d4c8b302e60d43eaaf9e58acfbd369388992eb9afb2","302574"
"ASC950-SIGN-0163","数据/field-requirements.csv","requirement_id","REQ-M2W3-HUAWEI-ASC950PR-INTERCONNECT-BW","审计/子代理交接/m2_staging/M2-W3-HUAWEI-ASCEND950-PHYSICAL/structured/field-requirements.csv","4f1dcb01672b18cd45a8a3a803d314921e7812a39c80ca95d5baae6ca5603bd6","32593","draft","reviewed","","","","19678cbc225786d0f96be62f7c69084e9293c9037950cf3e5d1a33bfb2deef45","19678cbc225786d0f96be62f7c69084e9293c9037950cf3e5d1a33bfb2deef45","e2be5801a86a2be6e48e9f07dbc1f54429eece4e968574662ac5abfb67740205","de19ee1e1a3beecdf3658d4c8b302e60d43eaaf9e58acfbd369388992eb9afb2","302574"
"ASC950-SIGN-0164","数据/field-requirements.csv","requirement_id","REQ-M2W3-HUAWEI-ASC950DT-VENDOR","审计/子代理交接/m2_staging/M2-W3-HUAWEI-ASCEND950-PHYSICAL/structured/field-requirements.csv","4f1dcb01672b18cd45a8a3a803d314921e7812a39c80ca95d5baae6ca5603bd6","32593","draft","reviewed","","","","34dc31bac63dbda5a1ebd5fb14f68b505b5461c26da0baba89035bc268f5d5b0","34dc31bac63dbda5a1ebd5fb14f68b505b5461c26da0baba89035bc268f5d5b0","322c5fe5a2d7f3d5e7844868e9449318794c1368835cbb60513ebbf7562dd31f","de19ee1e1a3beecdf3658d4c8b302e60d43eaaf9e58acfbd369388992eb9afb2","302574"
"ASC950-SIGN-0165","数据/field-requirements.csv","requirement_id","REQ-M2W3-HUAWEI-ASC950DT-FAMILY","审计/子代理交接/m2_staging/M2-W3-HUAWEI-ASCEND950-PHYSICAL/structured/field-requirements.csv","4f1dcb01672b18cd45a8a3a803d314921e7812a39c80ca95d5baae6ca5603bd6","32593","draft","reviewed","","","","61953e26d44e68b4fca4c5635e0953f91bd4bcf179fab2110e34c8098fb4565a","61953e26d44e68b4fca4c5635e0953f91bd4bcf179fab2110e34c8098fb4565a","9c1d034824aa228949396fefc8b0d16ee501fe3f9548580b0572998a71c701b5","de19ee1e1a3beecdf3658d4c8b302e60d43eaaf9e58acfbd369388992eb9afb2","302574"
"ASC950-SIGN-0166","数据/field-requirements.csv","requirement_id","REQ-M2W3-HUAWEI-ASC950DT-NAME","审计/子代理交接/m2_staging/M2-W3-HUAWEI-ASCEND950-PHYSICAL/structured/field-requirements.csv","4f1dcb01672b18cd45a8a3a803d314921e7812a39c80ca95d5baae6ca5603bd6","32593","draft","reviewed","","","","2f63a62d3a2cd71818676a058811f7d629e0a1fb141f0d43896a2718d646b5b3","2f63a62d3a2cd71818676a058811f7d629e0a1fb141f0d43896a2718d646b5b3","e1453cb80ea1052d9f047ec41315754af090d4945bf3d90c62c7675f4eb0ebf0","de19ee1e1a3beecdf3658d4c8b302e60d43eaaf9e58acfbd369388992eb9afb2","302574"
"ASC950-SIGN-0167","数据/field-requirements.csv","requirement_id","REQ-M2W3-HUAWEI-ASC950DT-SKU","审计/子代理交接/m2_staging/M2-W3-HUAWEI-ASCEND950-PHYSICAL/structured/field-requirements.csv","4f1dcb01672b18cd45a8a3a803d314921e7812a39c80ca95d5baae6ca5603bd6","32593","draft","reviewed","","","","3612bbfce7b1351bef39d33899be2b06786f6c8244bf3a4f065a7e8d82f967d7","3612bbfce7b1351bef39d33899be2b06786f6c8244bf3a4f065a7e8d82f967d7","b9dd4a5d9290677ee2802c5bacc948ec4e6fc44dc7edf152cd99a56d36f9e7b7","de19ee1e1a3beecdf3658d4c8b302e60d43eaaf9e58acfbd369388992eb9afb2","302574"
"ASC950-SIGN-0168","数据/field-requirements.csv","requirement_id","REQ-M2W3-HUAWEI-ASC950DT-OBJECT-TYPE","审计/子代理交接/m2_staging/M2-W3-HUAWEI-ASCEND950-PHYSICAL/structured/field-requirements.csv","4f1dcb01672b18cd45a8a3a803d314921e7812a39c80ca95d5baae6ca5603bd6","32593","draft","reviewed","","","","71673bc46e5d3ea60f473aed6a43b8e173b635b40fa191592c8fe2b99877ea9f","71673bc46e5d3ea60f473aed6a43b8e173b635b40fa191592c8fe2b99877ea9f","dd023873df42a2efdb46d327d5dc2d9b5eca5d67ea366f9bfcac436cf971149e","de19ee1e1a3beecdf3658d4c8b302e60d43eaaf9e58acfbd369388992eb9afb2","302574"
"ASC950-SIGN-0169","数据/field-requirements.csv","requirement_id","REQ-M2W3-HUAWEI-ASC950DT-RELEASE-DATE","审计/子代理交接/m2_staging/M2-W3-HUAWEI-ASCEND950-PHYSICAL/structured/field-requirements.csv","4f1dcb01672b18cd45a8a3a803d314921e7812a39c80ca95d5baae6ca5603bd6","32593","draft","reviewed","","","","5b3f2e699685931368736444f220b3ac3f1242b50621114236214cfa22f9d074","5b3f2e699685931368736444f220b3ac3f1242b50621114236214cfa22f9d074","8ac245a6cb5f0110ce0d3b571dc54e3bd6c68c85984d2ff97a11159f48877fe6","de19ee1e1a3beecdf3658d4c8b302e60d43eaaf9e58acfbd369388992eb9afb2","302574"
"ASC950-SIGN-0170","数据/field-requirements.csv","requirement_id","REQ-M2W3-HUAWEI-ASC950DT-STATUS","审计/子代理交接/m2_staging/M2-W3-HUAWEI-ASCEND950-PHYSICAL/structured/field-requirements.csv","4f1dcb01672b18cd45a8a3a803d314921e7812a39c80ca95d5baae6ca5603bd6","32593","draft","reviewed","","","","88d755f5729b249ef4113c7eb8e9616cc2867cb32fd8f11c828eeade980d2f5d","88d755f5729b249ef4113c7eb8e9616cc2867cb32fd8f11c828eeade980d2f5d","a8b0ab80c13e7ee7a522762be3716163f4e4f5766272f9ac3402fd46309a9e95","de19ee1e1a3beecdf3658d4c8b302e60d43eaaf9e58acfbd369388992eb9afb2","302574"
"ASC950-SIGN-0171","数据/field-requirements.csv","requirement_id","REQ-M2W3-HUAWEI-ASC950DT-POSITIONING","审计/子代理交接/m2_staging/M2-W3-HUAWEI-ASCEND950-PHYSICAL/structured/field-requirements.csv","4f1dcb01672b18cd45a8a3a803d314921e7812a39c80ca95d5baae6ca5603bd6","32593","draft","reviewed","","","","4e10a9169a1662a66958f3c90b0cc7a89b01dfdd03cbfbbf3fd1b326daaefd77","4e10a9169a1662a66958f3c90b0cc7a89b01dfdd03cbfbbf3fd1b326daaefd77","4f0f0d997b127995839462e1a4c4e4c4402f09dc74ac090c0dc94f91f6d4eab2","de19ee1e1a3beecdf3658d4c8b302e60d43eaaf9e58acfbd369388992eb9afb2","302574"
"ASC950-SIGN-0172","数据/field-requirements.csv","requirement_id","REQ-M2W3-HUAWEI-ASC950DT-PACKAGE","审计/子代理交接/m2_staging/M2-W3-HUAWEI-ASCEND950-PHYSICAL/structured/field-requirements.csv","4f1dcb01672b18cd45a8a3a803d314921e7812a39c80ca95d5baae6ca5603bd6","32593","draft","reviewed","","","","58a488fda4be61f03810f85f29816234037ed88758bc428409fab0689dd38070","58a488fda4be61f03810f85f29816234037ed88758bc428409fab0689dd38070","216ee1331fcac06e6902bcf2d8e0a222be56be773274067e73fac8285970a27c","de19ee1e1a3beecdf3658d4c8b302e60d43eaaf9e58acfbd369388992eb9afb2","302574"
"ASC950-SIGN-0173","数据/field-requirements.csv","requirement_id","REQ-M2W3-HUAWEI-ASC950DT-MEM-NAME","审计/子代理交接/m2_staging/M2-W3-HUAWEI-ASCEND950-PHYSICAL/structured/field-requirements.csv","4f1dcb01672b18cd45a8a3a803d314921e7812a39c80ca95d5baae6ca5603bd6","32593","draft","reviewed","","","","1c3a902680108f5c23dbe4d511f97b0133667ff13d4ddb8c63c33a944c3891eb","1c3a902680108f5c23dbe4d511f97b0133667ff13d4ddb8c63c33a944c3891eb","32e72b176d714cca2634dc3b859efc93fd7cdd1b287d0f3fd3c18085b6017159","de19ee1e1a3beecdf3658d4c8b302e60d43eaaf9e58acfbd369388992eb9afb2","302574"
"ASC950-SIGN-0174","数据/field-requirements.csv","requirement_id","REQ-M2W3-HUAWEI-ASC950DT-MEM-CAPACITY","审计/子代理交接/m2_staging/M2-W3-HUAWEI-ASCEND950-PHYSICAL/structured/field-requirements.csv","4f1dcb01672b18cd45a8a3a803d314921e7812a39c80ca95d5baae6ca5603bd6","32593","draft","reviewed","","","","0a958cc113a400cf730ed9dce52f8271c8d8c563d9e5ce7d6e7821359def61cd","0a958cc113a400cf730ed9dce52f8271c8d8c563d9e5ce7d6e7821359def61cd","01c97c233917508fd5ebe97b802ea0ecab8e6e5e3b27706003d2f895c2f567c1","de19ee1e1a3beecdf3658d4c8b302e60d43eaaf9e58acfbd369388992eb9afb2","302574"
"ASC950-SIGN-0175","数据/field-requirements.csv","requirement_id","REQ-M2W3-HUAWEI-ASC950DT-MEM-BW","审计/子代理交接/m2_staging/M2-W3-HUAWEI-ASCEND950-PHYSICAL/structured/field-requirements.csv","4f1dcb01672b18cd45a8a3a803d314921e7812a39c80ca95d5baae6ca5603bd6","32593","draft","reviewed","","","","6f21e90b0d6d12d4bb337ac7015e7676bf75562e2a682870e2f5f3b95bb769de","6f21e90b0d6d12d4bb337ac7015e7676bf75562e2a682870e2f5f3b95bb769de","9151f9835de15fcd6d2cb1c4a41874660918e6a15dd43615a9b75dd44ab2d9c4","de19ee1e1a3beecdf3658d4c8b302e60d43eaaf9e58acfbd369388992eb9afb2","302574"
"ASC950-SIGN-0176","数据/field-requirements.csv","requirement_id","REQ-M2W3-HUAWEI-ASC950DT-INTERCONNECT-BW","审计/子代理交接/m2_staging/M2-W3-HUAWEI-ASCEND950-PHYSICAL/structured/field-requirements.csv","4f1dcb01672b18cd45a8a3a803d314921e7812a39c80ca95d5baae6ca5603bd6","32593","draft","reviewed","","","","140be53b852c1eef38515522e6158bc008efa7fdbc908acd10371474609f4b65","140be53b852c1eef38515522e6158bc008efa7fdbc908acd10371474609f4b65","d93c6b60448862df1be8fe64fd7c8e3a1800db54c98519939ec5d3ffd2cd31b7","de19ee1e1a3beecdf3658d4c8b302e60d43eaaf9e58acfbd369388992eb9afb2","302574"
"ASC950-SIGN-0177","数据/field-requirements.csv","requirement_id","REQ-M2W3-HUAWEI-ASC950-DIE-STATUS","审计/子代理交接/m2_staging/M2-W3-HUAWEI-ASCEND950-PHYSICAL/structured/field-requirements.csv","4f1dcb01672b18cd45a8a3a803d314921e7812a39c80ca95d5baae6ca5603bd6","32593","draft","reviewed","","","","62b621421c1e959a45e8f4ade39b51f5053bf32a8e7d62ec1efb105ebbc27399","62b621421c1e959a45e8f4ade39b51f5053bf32a8e7d62ec1efb105ebbc27399","ce8d77b5de9f01187521b043db7322e1628e032e0e5496f72686633ffe1fbe84","de19ee1e1a3beecdf3658d4c8b302e60d43eaaf9e58acfbd369388992eb9afb2","302574"
"ASC950-SIGN-0178","数据/field-requirements.csv","requirement_id","REQ-M2W3-HUAWEI-ASC950-DIE-AVAILABILITY","审计/子代理交接/m2_staging/M2-W3-HUAWEI-ASCEND950-PHYSICAL/structured/field-requirements.csv","4f1dcb01672b18cd45a8a3a803d314921e7812a39c80ca95d5baae6ca5603bd6","32593","draft","reviewed","","","","fa161dabd16ba25da303386f0f67001218855b43f9fdf6d42a0b5010904fcd19","fa161dabd16ba25da303386f0f67001218855b43f9fdf6d42a0b5010904fcd19","e7d6ab193b67bc93459c2a603f6804dcede73058223feba500ce39329b474c5d","de19ee1e1a3beecdf3658d4c8b302e60d43eaaf9e58acfbd369388992eb9afb2","302574"
"ASC950-SIGN-0179","数据/field-requirements.csv","requirement_id","REQ-M2W3-HUAWEI-ASC950-DIE-SKU","审计/子代理交接/m2_staging/M2-W3-HUAWEI-ASCEND950-PHYSICAL/structured/field-requirements.csv","4f1dcb01672b18cd45a8a3a803d314921e7812a39c80ca95d5baae6ca5603bd6","32593","draft","reviewed","","","","fdd5226357cde8ff4e2dc0c4c30539f982bf1ec3e0a4bf682ef316c2ddfd8858","fdd5226357cde8ff4e2dc0c4c30539f982bf1ec3e0a4bf682ef316c2ddfd8858","47c5875a10dc421b9887b2f83af50067e24607f3987d73a77387272d0f55eab8","de19ee1e1a3beecdf3658d4c8b302e60d43eaaf9e58acfbd369388992eb9afb2","302574"
"ASC950-SIGN-0180","数据/field-requirements.csv","requirement_id","REQ-M2W3-HUAWEI-ASC950-DIE-PROCESS","审计/子代理交接/m2_staging/M2-W3-HUAWEI-ASCEND950-PHYSICAL/structured/field-requirements.csv","4f1dcb01672b18cd45a8a3a803d314921e7812a39c80ca95d5baae6ca5603bd6","32593","draft","reviewed","","","","6b9298ff4c9f82624759186056bed756aec857ba21bdb192c8e6cdd01a527928","6b9298ff4c9f82624759186056bed756aec857ba21bdb192c8e6cdd01a527928","555dcd6eaafa80b6233fc91c76fe282813e158bb7028ae1aeea27d642ee7f7a6","de19ee1e1a3beecdf3658d4c8b302e60d43eaaf9e58acfbd369388992eb9afb2","302574"
"ASC950-SIGN-0181","数据/field-requirements.csv","requirement_id","REQ-M2W3-HUAWEI-ASC950-DIE-DIE-AREA","审计/子代理交接/m2_staging/M2-W3-HUAWEI-ASCEND950-PHYSICAL/structured/field-requirements.csv","4f1dcb01672b18cd45a8a3a803d314921e7812a39c80ca95d5baae6ca5603bd6","32593","draft","reviewed","","","","8d9353fa75f0a2feb4e1c436e21d7a4641e6467ec0a23e237f7e80d14a7ac2bc","8d9353fa75f0a2feb4e1c436e21d7a4641e6467ec0a23e237f7e80d14a7ac2bc","0de2d5e3cabf2dcd09b95a0ba78206bca8654cd966c6ad3d6b5b051523dfd22c","de19ee1e1a3beecdf3658d4c8b302e60d43eaaf9e58acfbd369388992eb9afb2","302574"
"ASC950-SIGN-0182","数据/field-requirements.csv","requirement_id","REQ-M2W3-HUAWEI-ASC950-DIE-TRANSISTORS","审计/子代理交接/m2_staging/M2-W3-HUAWEI-ASCEND950-PHYSICAL/structured/field-requirements.csv","4f1dcb01672b18cd45a8a3a803d314921e7812a39c80ca95d5baae6ca5603bd6","32593","draft","reviewed","","","","a3d88d83d26a77623f39c1410d340fd6e8a00035108f9687594686043d57eebb","a3d88d83d26a77623f39c1410d340fd6e8a00035108f9687594686043d57eebb","a03d7c1af56ecf1e4026de2a682d1402400505ac6b1c46644ef07b9ea2127ccc","de19ee1e1a3beecdf3658d4c8b302e60d43eaaf9e58acfbd369388992eb9afb2","302574"
"ASC950-SIGN-0183","数据/field-requirements.csv","requirement_id","REQ-M2W3-HUAWEI-ASC950-DIE-CLOCK","审计/子代理交接/m2_staging/M2-W3-HUAWEI-ASCEND950-PHYSICAL/structured/field-requirements.csv","4f1dcb01672b18cd45a8a3a803d314921e7812a39c80ca95d5baae6ca5603bd6","32593","draft","reviewed","","","","44810179b8e59cbb70613872ce69c954d9498ae5efa6de2e8223472ddd5b561e","44810179b8e59cbb70613872ce69c954d9498ae5efa6de2e8223472ddd5b561e","06600154f5f4e482748e3c79879cc524ec8001d3ff8d92d9c1ba32c516a93b07","de19ee1e1a3beecdf3658d4c8b302e60d43eaaf9e58acfbd369388992eb9afb2","302574"
"ASC950-SIGN-0184","数据/field-requirements.csv","requirement_id","REQ-M2W3-HUAWEI-ASC950-DIE-POWER","审计/子代理交接/m2_staging/M2-W3-HUAWEI-ASCEND950-PHYSICAL/structured/field-requirements.csv","4f1dcb01672b18cd45a8a3a803d314921e7812a39c80ca95d5baae6ca5603bd6","32593","draft","reviewed","","","","a5b494c2a805d7c2972f78ef826f16d215becdc08a11f7235e0f1c20a941fe6b","a5b494c2a805d7c2972f78ef826f16d215becdc08a11f7235e0f1c20a941fe6b","28ff3920c90d4e3b0f26612e8d3e508d2c5e04d7d1ae39441aeeb28d93a31f21","de19ee1e1a3beecdf3658d4c8b302e60d43eaaf9e58acfbd369388992eb9afb2","302574"
"ASC950-SIGN-0185","数据/field-requirements.csv","requirement_id","REQ-M2W3-HUAWEI-ASC950-DIE-VECTOR-THROUGHPUT","审计/子代理交接/m2_staging/M2-W3-HUAWEI-ASCEND950-PHYSICAL/structured/field-requirements.csv","4f1dcb01672b18cd45a8a3a803d314921e7812a39c80ca95d5baae6ca5603bd6","32593","draft","reviewed","","","","a5be924e619d5af9f445e18d9f6186bf91c4a2d9dd77c496c1752e8eb89f0697","a5be924e619d5af9f445e18d9f6186bf91c4a2d9dd77c496c1752e8eb89f0697","9e4ac051e98b1aeecb33212efba3d08b1614f80659d7825c5a181f9f5bb0eca6","de19ee1e1a3beecdf3658d4c8b302e60d43eaaf9e58acfbd369388992eb9afb2","302574"
"ASC950-SIGN-0186","数据/field-requirements.csv","requirement_id","REQ-M2W3-HUAWEI-ASC950-DIE-FP8-ACCUM","审计/子代理交接/m2_staging/M2-W3-HUAWEI-ASCEND950-PHYSICAL/structured/field-requirements.csv","4f1dcb01672b18cd45a8a3a803d314921e7812a39c80ca95d5baae6ca5603bd6","32593","draft","reviewed","","","","7a51384349ae032a06434fe69f092bab76196c714d9d3f8cbecd4373be0d5cb8","7a51384349ae032a06434fe69f092bab76196c714d9d3f8cbecd4373be0d5cb8","516ed634e58021d3ad076c0b3c219494bcb0a92cc3ac0ae60cd5f3df6292bc94","de19ee1e1a3beecdf3658d4c8b302e60d43eaaf9e58acfbd369388992eb9afb2","302574"
"ASC950-SIGN-0187","数据/field-requirements.csv","requirement_id","REQ-M2W3-HUAWEI-ASC950-DIE-FP8-PHYSICAL-ACCUM","审计/子代理交接/m2_staging/M2-W3-HUAWEI-ASCEND950-PHYSICAL/structured/field-requirements.csv","4f1dcb01672b18cd45a8a3a803d314921e7812a39c80ca95d5baae6ca5603bd6","32593","draft","reviewed","","","","9d3c66f7ce87d188aa75ebf5decc8a855e18be77a48dc7958bd6e497114e038d","9d3c66f7ce87d188aa75ebf5decc8a855e18be77a48dc7958bd6e497114e038d","c72e59eb1b1eaaf94a576be1a342177ce2c6ca0288b3f74cb65f8535064b2860","de19ee1e1a3beecdf3658d4c8b302e60d43eaaf9e58acfbd369388992eb9afb2","302574"
"ASC950-SIGN-0188","数据/field-requirements.csv","requirement_id","REQ-M2W3-HUAWEI-ASC950-DIE-MXFP8-ACCUM","审计/子代理交接/m2_staging/M2-W3-HUAWEI-ASCEND950-PHYSICAL/structured/field-requirements.csv","4f1dcb01672b18cd45a8a3a803d314921e7812a39c80ca95d5baae6ca5603bd6","32593","draft","reviewed","","","","a39ee1f19c0a4d64054c4ec6824ec2fb72ef3b71c375f842d44abcf083d270d3","a39ee1f19c0a4d64054c4ec6824ec2fb72ef3b71c375f842d44abcf083d270d3","107ed6ce2c160d47f0ef324473c6ea1a4d83e7a9f1e6c957c35b34e21780e14a","de19ee1e1a3beecdf3658d4c8b302e60d43eaaf9e58acfbd369388992eb9afb2","302574"
"ASC950-SIGN-0189","数据/field-requirements.csv","requirement_id","REQ-M2W3-HUAWEI-ASC950-DIE-MXFP8-PHYSICAL-ACCUM","审计/子代理交接/m2_staging/M2-W3-HUAWEI-ASCEND950-PHYSICAL/structured/field-requirements.csv","4f1dcb01672b18cd45a8a3a803d314921e7812a39c80ca95d5baae6ca5603bd6","32593","draft","reviewed","","","","3a2e145ef3f55d479a1a2c9b1646f5ff3a23ea90f03ac3cc001c6f5989a4d12f","3a2e145ef3f55d479a1a2c9b1646f5ff3a23ea90f03ac3cc001c6f5989a4d12f","1087aec8a78fb6c96466518a9d04b402789713fb0cd95d50b44f119c40615b99","de19ee1e1a3beecdf3658d4c8b302e60d43eaaf9e58acfbd369388992eb9afb2","302574"
"ASC950-SIGN-0190","数据/field-requirements.csv","requirement_id","REQ-M2W3-HUAWEI-ASC950-DIE-HIF8-ACCUM","审计/子代理交接/m2_staging/M2-W3-HUAWEI-ASCEND950-PHYSICAL/structured/field-requirements.csv","4f1dcb01672b18cd45a8a3a803d314921e7812a39c80ca95d5baae6ca5603bd6","32593","draft","reviewed","","","","242d591bf5a45668622e11fc558ca73ae0d2db7ed5ef65d8d50336df1754367e","242d591bf5a45668622e11fc558ca73ae0d2db7ed5ef65d8d50336df1754367e","5fb004bed8478d40dd61201e8e8f222299ee46a980fbf78f3ef976df2c60894d","de19ee1e1a3beecdf3658d4c8b302e60d43eaaf9e58acfbd369388992eb9afb2","302574"
"ASC950-SIGN-0191","数据/field-requirements.csv","requirement_id","REQ-M2W3-HUAWEI-ASC950-DIE-HIF8-PHYSICAL-ACCUM","审计/子代理交接/m2_staging/M2-W3-HUAWEI-ASCEND950-PHYSICAL/structured/field-requirements.csv","4f1dcb01672b18cd45a8a3a803d314921e7812a39c80ca95d5baae6ca5603bd6","32593","draft","reviewed","","","","2b114e4f4d9154f273ee2f96d4fdce7e59912e4961ddc8f54579de3b156e38a2","2b114e4f4d9154f273ee2f96d4fdce7e59912e4961ddc8f54579de3b156e38a2","295ff2639ca78ae0bc126a6136e60a314a1aa48ae047d8a8aed23c53e4b3514e","de19ee1e1a3beecdf3658d4c8b302e60d43eaaf9e58acfbd369388992eb9afb2","302574"
"ASC950-SIGN-0192","数据/field-requirements.csv","requirement_id","REQ-M2W3-HUAWEI-ASC950-DIE-MXFP4-ACCUM","审计/子代理交接/m2_staging/M2-W3-HUAWEI-ASCEND950-PHYSICAL/structured/field-requirements.csv","4f1dcb01672b18cd45a8a3a803d314921e7812a39c80ca95d5baae6ca5603bd6","32593","draft","reviewed","","","","6757fecd926f3db1f0a62e657122af1b0f7a94cbbd2aeec3b6249733b8f8fa6e","6757fecd926f3db1f0a62e657122af1b0f7a94cbbd2aeec3b6249733b8f8fa6e","a0db40447cb43c9954cd7c6c92be67e5e8b97e1c4d11906b4cea6497d71e80bf","de19ee1e1a3beecdf3658d4c8b302e60d43eaaf9e58acfbd369388992eb9afb2","302574"
"ASC950-SIGN-0193","数据/field-requirements.csv","requirement_id","REQ-M2W3-HUAWEI-ASC950-DIE-MXFP4-PHYSICAL-ACCUM","审计/子代理交接/m2_staging/M2-W3-HUAWEI-ASCEND950-PHYSICAL/structured/field-requirements.csv","4f1dcb01672b18cd45a8a3a803d314921e7812a39c80ca95d5baae6ca5603bd6","32593","draft","reviewed","","","","d2b5aa1b9b8c81b44074dd379961ef9b507f10d9ea344f8780bfcdfdfae946bd","d2b5aa1b9b8c81b44074dd379961ef9b507f10d9ea344f8780bfcdfdfae946bd","272a1c4ea4a7efd8260c938f09ca3fc3ca336650cf0e01223a15079795e288bb","de19ee1e1a3beecdf3658d4c8b302e60d43eaaf9e58acfbd369388992eb9afb2","302574"
"ASC950-SIGN-0194","数据/field-requirements.csv","requirement_id","REQ-M2W3-HUAWEI-ASC950-DIE-MEMORY-NAME","审计/子代理交接/m2_staging/M2-W3-HUAWEI-ASCEND950-PHYSICAL/structured/field-requirements.csv","4f1dcb01672b18cd45a8a3a803d314921e7812a39c80ca95d5baae6ca5603bd6","32593","draft","reviewed","","","","54053e1e7595f12f702cd27c0175b4413265926d8dc5efa534914aa1ba6fea20","54053e1e7595f12f702cd27c0175b4413265926d8dc5efa534914aa1ba6fea20","91851c3ed2a5c31645f736b3308b22fde86cd9648c3e2dec4eed9314cae5d3b9","de19ee1e1a3beecdf3658d4c8b302e60d43eaaf9e58acfbd369388992eb9afb2","302574"
"ASC950-SIGN-0195","数据/field-requirements.csv","requirement_id","REQ-M2W3-HUAWEI-ASC950-DIE-MEMORY-CAPACITY","审计/子代理交接/m2_staging/M2-W3-HUAWEI-ASCEND950-PHYSICAL/structured/field-requirements.csv","4f1dcb01672b18cd45a8a3a803d314921e7812a39c80ca95d5baae6ca5603bd6","32593","draft","reviewed","","","","45781f5bb9bc1b85695fc584b166add1fb8f3229ca86c9b254cf548d9b05bccc","45781f5bb9bc1b85695fc584b166add1fb8f3229ca86c9b254cf548d9b05bccc","65207a1e6a2a65849dedb34437a8b9c7b338d5a681622fafc619c57186aecbd9","de19ee1e1a3beecdf3658d4c8b302e60d43eaaf9e58acfbd369388992eb9afb2","302574"
"ASC950-SIGN-0196","数据/field-requirements.csv","requirement_id","REQ-M2W3-HUAWEI-ASC950-DIE-MEMORY-BW","审计/子代理交接/m2_staging/M2-W3-HUAWEI-ASCEND950-PHYSICAL/structured/field-requirements.csv","4f1dcb01672b18cd45a8a3a803d314921e7812a39c80ca95d5baae6ca5603bd6","32593","draft","reviewed","","","","68a80f03fb7a86011f84e8e7ca7f871eacb876ca692f9fe4aa1d131d51d5a4a7","68a80f03fb7a86011f84e8e7ca7f871eacb876ca692f9fe4aa1d131d51d5a4a7","d7db335c6410fbb1ea522d0aa6b369b4d2ed0a32e3d825331ae70b1f760ee298","de19ee1e1a3beecdf3658d4c8b302e60d43eaaf9e58acfbd369388992eb9afb2","302574"
"ASC950-SIGN-0197","数据/field-requirements.csv","requirement_id","REQ-M2W3-HUAWEI-ASC950-DIE-LINK-RATE","审计/子代理交接/m2_staging/M2-W3-HUAWEI-ASCEND950-PHYSICAL/structured/field-requirements.csv","4f1dcb01672b18cd45a8a3a803d314921e7812a39c80ca95d5baae6ca5603bd6","32593","draft","reviewed","","","","58cdf9ef5d33b2939e0c5af18f06ee0f96a09915239eeb0d4cd10e139a6cc1ea","58cdf9ef5d33b2939e0c5af18f06ee0f96a09915239eeb0d4cd10e139a6cc1ea","85618da5292b34a1da0948dfcf9a5d5ed3202bef3f3f97678f510e04c02cf5fc","de19ee1e1a3beecdf3658d4c8b302e60d43eaaf9e58acfbd369388992eb9afb2","302574"
"ASC950-SIGN-0198","数据/field-requirements.csv","requirement_id","REQ-M2W3-HUAWEI-ASC950-DIE-LINK-COUNT","审计/子代理交接/m2_staging/M2-W3-HUAWEI-ASCEND950-PHYSICAL/structured/field-requirements.csv","4f1dcb01672b18cd45a8a3a803d314921e7812a39c80ca95d5baae6ca5603bd6","32593","draft","reviewed","","","","5f6f38547a79fffa50555af8cd1b96aaf8d0345d24aed524cc34d7e5798f54e6","5f6f38547a79fffa50555af8cd1b96aaf8d0345d24aed524cc34d7e5798f54e6","0eaf34c47fb44d5290d6c8301737b73086e5ed163acce43bf097de4cb2911b1c","de19ee1e1a3beecdf3658d4c8b302e60d43eaaf9e58acfbd369388992eb9afb2","302574"
"ASC950-SIGN-0199","数据/field-requirements.csv","requirement_id","REQ-M2W3-HUAWEI-ASC950-DIE-SPECIAL-DETAIL","审计/子代理交接/m2_staging/M2-W3-HUAWEI-ASCEND950-PHYSICAL/structured/field-requirements.csv","4f1dcb01672b18cd45a8a3a803d314921e7812a39c80ca95d5baae6ca5603bd6","32593","draft","reviewed","","","","e7b3afa06801697dd559729c3295e97cb06250517d8ad3886453d9ce611a243e","e7b3afa06801697dd559729c3295e97cb06250517d8ad3886453d9ce611a243e","14a3ab1a5676bdd371e2198508f562943bfb413c5c17c60aa28bbfadc0f56f04","de19ee1e1a3beecdf3658d4c8b302e60d43eaaf9e58acfbd369388992eb9afb2","302574"
"ASC950-SIGN-0200","数据/field-requirements.csv","requirement_id","REQ-M2W3-HUAWEI-ASC950-DIE-COMPILER","审计/子代理交接/m2_staging/M2-W3-HUAWEI-ASCEND950-PHYSICAL/structured/field-requirements.csv","4f1dcb01672b18cd45a8a3a803d314921e7812a39c80ca95d5baae6ca5603bd6","32593","draft","reviewed","","","","cd31074ff55495a2fa7a745e1a5d013a71cdbb7883c8ffbc2f5b179e7221e677","cd31074ff55495a2fa7a745e1a5d013a71cdbb7883c8ffbc2f5b179e7221e677","a78b57fe1a9fb43dacb70905a02097ba617494478827ed4c5e094a5addedbd5f","de19ee1e1a3beecdf3658d4c8b302e60d43eaaf9e58acfbd369388992eb9afb2","302574"
"ASC950-SIGN-0201","数据/field-requirements.csv","requirement_id","REQ-M2W3-HUAWEI-ASC950-DIE-RUNTIME","审计/子代理交接/m2_staging/M2-W3-HUAWEI-ASCEND950-PHYSICAL/structured/field-requirements.csv","4f1dcb01672b18cd45a8a3a803d314921e7812a39c80ca95d5baae6ca5603bd6","32593","draft","reviewed","","","","96f0c4ebce5e815049b88443ba3e80cd80ceef87de13e838b1ada76681aff02f","96f0c4ebce5e815049b88443ba3e80cd80ceef87de13e838b1ada76681aff02f","664eb89a4bc939a0b4d62c5c891c517e378cf7c2a0a16ce28df78c7e7cb78068","de19ee1e1a3beecdf3658d4c8b302e60d43eaaf9e58acfbd369388992eb9afb2","302574"
"ASC950-SIGN-0202","数据/field-requirements.csv","requirement_id","REQ-M2W3-HUAWEI-ASC950PR-AVAILABILITY","审计/子代理交接/m2_staging/M2-W3-HUAWEI-ASCEND950-PHYSICAL/structured/field-requirements.csv","4f1dcb01672b18cd45a8a3a803d314921e7812a39c80ca95d5baae6ca5603bd6","32593","draft","reviewed","","","","db95e1a26f51e49bed1fe25c302a96dc612bc7ad855301df40ead62371bdfee4","db95e1a26f51e49bed1fe25c302a96dc612bc7ad855301df40ead62371bdfee4","6dd988bb403741f7b12216ecb4e7911910efb1ca12c0b905e7be00019687a3be","de19ee1e1a3beecdf3658d4c8b302e60d43eaaf9e58acfbd369388992eb9afb2","302574"
"ASC950-SIGN-0203","数据/field-requirements.csv","requirement_id","REQ-M2W3-HUAWEI-ASC950PR-PROCESS","审计/子代理交接/m2_staging/M2-W3-HUAWEI-ASCEND950-PHYSICAL/structured/field-requirements.csv","4f1dcb01672b18cd45a8a3a803d314921e7812a39c80ca95d5baae6ca5603bd6","32593","draft","reviewed","","","","02a45d118fedf3d3872154019072ab9cad86066c2be43eab9430043dc089d0e1","02a45d118fedf3d3872154019072ab9cad86066c2be43eab9430043dc089d0e1","582b00d6d439cab18127f74b90366be10de37f105455a16dd81bb7a551e563b0","de19ee1e1a3beecdf3658d4c8b302e60d43eaaf9e58acfbd369388992eb9afb2","302574"
"ASC950-SIGN-0204","数据/field-requirements.csv","requirement_id","REQ-M2W3-HUAWEI-ASC950PR-DIE-AREA","审计/子代理交接/m2_staging/M2-W3-HUAWEI-ASCEND950-PHYSICAL/structured/field-requirements.csv","4f1dcb01672b18cd45a8a3a803d314921e7812a39c80ca95d5baae6ca5603bd6","32593","draft","reviewed","","","","b44ebbc27dcdffd17bea3a97a0ff5bb0cd14ca2a3cb5ae9576391e625509492e","b44ebbc27dcdffd17bea3a97a0ff5bb0cd14ca2a3cb5ae9576391e625509492e","6f420bcb2313ca886af60ca2cc0be3d093f3104476ec17eae5ce28e716bed295","de19ee1e1a3beecdf3658d4c8b302e60d43eaaf9e58acfbd369388992eb9afb2","302574"
"ASC950-SIGN-0205","数据/field-requirements.csv","requirement_id","REQ-M2W3-HUAWEI-ASC950PR-TRANSISTORS","审计/子代理交接/m2_staging/M2-W3-HUAWEI-ASCEND950-PHYSICAL/structured/field-requirements.csv","4f1dcb01672b18cd45a8a3a803d314921e7812a39c80ca95d5baae6ca5603bd6","32593","draft","reviewed","","","","2555f0449fddc4d61f477710bd4d44975ddf47b0afa66cb1df7720a7d408fa3c","2555f0449fddc4d61f477710bd4d44975ddf47b0afa66cb1df7720a7d408fa3c","2ffc9261c3cbac64035a0d9819d4b3486b0643ff251839ddeedd64c1f45bd26c","de19ee1e1a3beecdf3658d4c8b302e60d43eaaf9e58acfbd369388992eb9afb2","302574"
"ASC950-SIGN-0206","数据/field-requirements.csv","requirement_id","REQ-M2W3-HUAWEI-ASC950PR-DIE-COUNT","审计/子代理交接/m2_staging/M2-W3-HUAWEI-ASCEND950-PHYSICAL/structured/field-requirements.csv","4f1dcb01672b18cd45a8a3a803d314921e7812a39c80ca95d5baae6ca5603bd6","32593","draft","reviewed","","","","9f51f80bc0e694956d458d141b54f0d1bb7b55442cb6063f41ce2dd8c5c03592","9f51f80bc0e694956d458d141b54f0d1bb7b55442cb6063f41ce2dd8c5c03592","0aa8f70cb839c3305e43c83857adb9cd19840cf56df30a83c342ddc539ee2c0c","de19ee1e1a3beecdf3658d4c8b302e60d43eaaf9e58acfbd369388992eb9afb2","302574"
"ASC950-SIGN-0207","数据/field-requirements.csv","requirement_id","REQ-M2W3-HUAWEI-ASC950PR-HBM-STACKS","审计/子代理交接/m2_staging/M2-W3-HUAWEI-ASCEND950-PHYSICAL/structured/field-requirements.csv","4f1dcb01672b18cd45a8a3a803d314921e7812a39c80ca95d5baae6ca5603bd6","32593","draft","reviewed","","","","ecc6dbee91f91768eee6bb436e40418de7f8270a81011b3de9bbcb4533b7aced","ecc6dbee91f91768eee6bb436e40418de7f8270a81011b3de9bbcb4533b7aced","a708cd8e2b7d852adec33d8f1413cbf821f8d9add2aef6c766996d54cf1c5c0c","de19ee1e1a3beecdf3658d4c8b302e60d43eaaf9e58acfbd369388992eb9afb2","302574"
"ASC950-SIGN-0208","数据/field-requirements.csv","requirement_id","REQ-M2W3-HUAWEI-ASC950PR-HBM-INTERFACE","审计/子代理交接/m2_staging/M2-W3-HUAWEI-ASCEND950-PHYSICAL/structured/field-requirements.csv","4f1dcb01672b18cd45a8a3a803d314921e7812a39c80ca95d5baae6ca5603bd6","32593","draft","reviewed","","","","cd91857ad64f3c81f20dacebea9be9b840dbed73310c2c4b75e33b1e15912b35","cd91857ad64f3c81f20dacebea9be9b840dbed73310c2c4b75e33b1e15912b35","0f26c6534ed39a372e1e811f7274c3fb1a909176b001a70f064d4b761ddf1c75","de19ee1e1a3beecdf3658d4c8b302e60d43eaaf9e58acfbd369388992eb9afb2","302574"
"ASC950-SIGN-0209","数据/field-requirements.csv","requirement_id","REQ-M2W3-HUAWEI-ASC950PR-INTERPOSER","审计/子代理交接/m2_staging/M2-W3-HUAWEI-ASCEND950-PHYSICAL/structured/field-requirements.csv","4f1dcb01672b18cd45a8a3a803d314921e7812a39c80ca95d5baae6ca5603bd6","32593","draft","reviewed","","","","0631eb554534daadf10b61d9ee54b1d9bbed7ec1fb1baeb2d7a358f853e44de1","0631eb554534daadf10b61d9ee54b1d9bbed7ec1fb1baeb2d7a358f853e44de1","a586df1916962cab7036cf7fe8912d9763b1c5c72418c21aa6de11847f683fc0","de19ee1e1a3beecdf3658d4c8b302e60d43eaaf9e58acfbd369388992eb9afb2","302574"
"ASC950-SIGN-0210","数据/field-requirements.csv","requirement_id","REQ-M2W3-HUAWEI-ASC950PR-POWER","审计/子代理交接/m2_staging/M2-W3-HUAWEI-ASCEND950-PHYSICAL/structured/field-requirements.csv","4f1dcb01672b18cd45a8a3a803d314921e7812a39c80ca95d5baae6ca5603bd6","32593","draft","reviewed","","","","7831ff120e8557d1fe9c76addbd1968180b31b4a0539888bd4c6122d6cc1ab1a","7831ff120e8557d1fe9c76addbd1968180b31b4a0539888bd4c6122d6cc1ab1a","9268d3f74cef30cb645b1df94f882dbd502c7ee0e89b9fa361f10f736904ef03","de19ee1e1a3beecdf3658d4c8b302e60d43eaaf9e58acfbd369388992eb9afb2","302574"
"ASC950-SIGN-0211","数据/field-requirements.csv","requirement_id","REQ-M2W3-HUAWEI-ASC950PR-COOLING","审计/子代理交接/m2_staging/M2-W3-HUAWEI-ASCEND950-PHYSICAL/structured/field-requirements.csv","4f1dcb01672b18cd45a8a3a803d314921e7812a39c80ca95d5baae6ca5603bd6","32593","draft","reviewed","","","","eddbe8405dc339cf52f0aea78f1a9732c6f840933c3f4ced07fa6b077f0bc16f","eddbe8405dc339cf52f0aea78f1a9732c6f840933c3f4ced07fa6b077f0bc16f","36eecfe81b61bb2a3e1c6aaacf739532bfb96f662b1b048a60f4ecb6818b099c","de19ee1e1a3beecdf3658d4c8b302e60d43eaaf9e58acfbd369388992eb9afb2","302574"
"ASC950-SIGN-0212","数据/field-requirements.csv","requirement_id","REQ-M2W3-HUAWEI-ASC950PR-MEM-LATENCY","审计/子代理交接/m2_staging/M2-W3-HUAWEI-ASCEND950-PHYSICAL/structured/field-requirements.csv","4f1dcb01672b18cd45a8a3a803d314921e7812a39c80ca95d5baae6ca5603bd6","32593","draft","reviewed","","","","ef1d45b02c71cd3b99d27496b14c7bb1ed4f18e7dba5e18d0e01324ecc3e7a20","ef1d45b02c71cd3b99d27496b14c7bb1ed4f18e7dba5e18d0e01324ecc3e7a20","9293b87cf4bc1425c000eb26c2cb6bf9c28c662b414ae5598efded0b03eda73a","de19ee1e1a3beecdf3658d4c8b302e60d43eaaf9e58acfbd369388992eb9afb2","302574"
"ASC950-SIGN-0213","数据/field-requirements.csv","requirement_id","REQ-M2W3-HUAWEI-ASC950PR-MEM-RW-MODEL","审计/子代理交接/m2_staging/M2-W3-HUAWEI-ASCEND950-PHYSICAL/structured/field-requirements.csv","4f1dcb01672b18cd45a8a3a803d314921e7812a39c80ca95d5baae6ca5603bd6","32593","draft","reviewed","","","","d3bd20258295e25a12ae136553bfdda6020e17030fbbc701dd70daeb4a6dba5e","d3bd20258295e25a12ae136553bfdda6020e17030fbbc701dd70daeb4a6dba5e","0e6ff9c4e457f8a72bfe26377d00f1d44a2cd086ac9b97a1819164b0ac0c1435","de19ee1e1a3beecdf3658d4c8b302e60d43eaaf9e58acfbd369388992eb9afb2","302574"
"ASC950-SIGN-0214","数据/field-requirements.csv","requirement_id","REQ-M2W3-HUAWEI-ASC950PR-LINK-RATE","审计/子代理交接/m2_staging/M2-W3-HUAWEI-ASCEND950-PHYSICAL/structured/field-requirements.csv","4f1dcb01672b18cd45a8a3a803d314921e7812a39c80ca95d5baae6ca5603bd6","32593","draft","reviewed","","","","b14441b97ff9e2a01fbf787717e2386d3dabee573027920e943a86789333d167","b14441b97ff9e2a01fbf787717e2386d3dabee573027920e943a86789333d167","275e41e340ab17bb0c5055fa87ad003690423853f225ed31c7616b8114958707","de19ee1e1a3beecdf3658d4c8b302e60d43eaaf9e58acfbd369388992eb9afb2","302574"
"ASC950-SIGN-0215","数据/field-requirements.csv","requirement_id","REQ-M2W3-HUAWEI-ASC950PR-LINK-COUNT","审计/子代理交接/m2_staging/M2-W3-HUAWEI-ASCEND950-PHYSICAL/structured/field-requirements.csv","4f1dcb01672b18cd45a8a3a803d314921e7812a39c80ca95d5baae6ca5603bd6","32593","draft","reviewed","","","","b85b41c4b83ed271b13fc77b715bb6d634ec13a1b46b1b7c7d07eda109e3a9cd","b85b41c4b83ed271b13fc77b715bb6d634ec13a1b46b1b7c7d07eda109e3a9cd","cb080b93236f5753a2caec48f316b95d6033a512fbaee8459cb3d66748e1171d","de19ee1e1a3beecdf3658d4c8b302e60d43eaaf9e58acfbd369388992eb9afb2","302574"
"ASC950-SIGN-0216","数据/field-requirements.csv","requirement_id","REQ-M2W3-HUAWEI-ASC950PR-TOPOLOGY","审计/子代理交接/m2_staging/M2-W3-HUAWEI-ASCEND950-PHYSICAL/structured/field-requirements.csv","4f1dcb01672b18cd45a8a3a803d314921e7812a39c80ca95d5baae6ca5603bd6","32593","draft","reviewed","","","","4fbae8c58b64556f7d1c761b7b1dc2e2d8e8047db1ba9172f00267d61508c7aa","4fbae8c58b64556f7d1c761b7b1dc2e2d8e8047db1ba9172f00267d61508c7aa","5543033a0ed2ce682d7494e48965e00f2380a5552afa47b0d15b38232dfc07bd","de19ee1e1a3beecdf3658d4c8b302e60d43eaaf9e58acfbd369388992eb9afb2","302574"
"ASC950-SIGN-0217","数据/field-requirements.csv","requirement_id","REQ-M2W3-HUAWEI-ASC950PR-SPECIAL-DETAIL","审计/子代理交接/m2_staging/M2-W3-HUAWEI-ASCEND950-PHYSICAL/structured/field-requirements.csv","4f1dcb01672b18cd45a8a3a803d314921e7812a39c80ca95d5baae6ca5603bd6","32593","draft","reviewed","","","","e2fd6f96280370ee0abe76fde01f171bcec3fb7449eb21708fb4900c2f9f31d7","e2fd6f96280370ee0abe76fde01f171bcec3fb7449eb21708fb4900c2f9f31d7","7d5176ad94ccf056c4265f10bf7deb3d1fe14a225504dae82deb82b9badf7032","de19ee1e1a3beecdf3658d4c8b302e60d43eaaf9e58acfbd369388992eb9afb2","302574"
"ASC950-SIGN-0218","数据/field-requirements.csv","requirement_id","REQ-M2W3-HUAWEI-ASC950PR-COMPILER","审计/子代理交接/m2_staging/M2-W3-HUAWEI-ASCEND950-PHYSICAL/structured/field-requirements.csv","4f1dcb01672b18cd45a8a3a803d314921e7812a39c80ca95d5baae6ca5603bd6","32593","draft","reviewed","","","","bb674ecf314ba3e8604de6ee4ee505b5599887a4129fc094d04a0936588723b8","bb674ecf314ba3e8604de6ee4ee505b5599887a4129fc094d04a0936588723b8","4d0ace98d0c0b88dedb23d2efb22e14e3fd6f38d1276ab569eaa1f834c192c08","de19ee1e1a3beecdf3658d4c8b302e60d43eaaf9e58acfbd369388992eb9afb2","302574"
"ASC950-SIGN-0219","数据/field-requirements.csv","requirement_id","REQ-M2W3-HUAWEI-ASC950PR-RUNTIME","审计/子代理交接/m2_staging/M2-W3-HUAWEI-ASCEND950-PHYSICAL/structured/field-requirements.csv","4f1dcb01672b18cd45a8a3a803d314921e7812a39c80ca95d5baae6ca5603bd6","32593","draft","reviewed","","","","ac36e84276e506057dad1be7510f0dedf5ab4efa1e929ec164afdc6bf97257f6","ac36e84276e506057dad1be7510f0dedf5ab4efa1e929ec164afdc6bf97257f6","7ff347462442357942eecf33bcbb7278ce0b9a9a91ec74f85b40ec278cb18dc7","de19ee1e1a3beecdf3658d4c8b302e60d43eaaf9e58acfbd369388992eb9afb2","302574"
"ASC950-SIGN-0220","数据/field-requirements.csv","requirement_id","REQ-M2W3-HUAWEI-ASC950PR-ACCUM","审计/子代理交接/m2_staging/M2-W3-HUAWEI-ASCEND950-PHYSICAL/structured/field-requirements.csv","4f1dcb01672b18cd45a8a3a803d314921e7812a39c80ca95d5baae6ca5603bd6","32593","draft","reviewed","","","","f758f78e37115b1c56957b7d2d497fac2aed8aa6bcbdb351a6ae36bbdcd75f86","f758f78e37115b1c56957b7d2d497fac2aed8aa6bcbdb351a6ae36bbdcd75f86","e556a71e52711b8e38971b66e9ec60d50a24d66606a82725cac9ebdfdb28a056","de19ee1e1a3beecdf3658d4c8b302e60d43eaaf9e58acfbd369388992eb9afb2","302574"
"ASC950-SIGN-0221","数据/field-requirements.csv","requirement_id","REQ-M2W3-HUAWEI-ASC950PR-PHYSICAL-ACCUM","审计/子代理交接/m2_staging/M2-W3-HUAWEI-ASCEND950-PHYSICAL/structured/field-requirements.csv","4f1dcb01672b18cd45a8a3a803d314921e7812a39c80ca95d5baae6ca5603bd6","32593","draft","reviewed","","","","e72cc10279392b18e85e56094dc7bdee23286e66c160d20ddb8117c5a0c7e72e","e72cc10279392b18e85e56094dc7bdee23286e66c160d20ddb8117c5a0c7e72e","f383b133eb61c555adac6dd0b71301bae08e809dbed8f902dc4da22861e3d89d","de19ee1e1a3beecdf3658d4c8b302e60d43eaaf9e58acfbd369388992eb9afb2","302574"
"ASC950-SIGN-0222","数据/field-requirements.csv","requirement_id","REQ-M2W3-HUAWEI-ASC950DT-AVAILABILITY","审计/子代理交接/m2_staging/M2-W3-HUAWEI-ASCEND950-PHYSICAL/structured/field-requirements.csv","4f1dcb01672b18cd45a8a3a803d314921e7812a39c80ca95d5baae6ca5603bd6","32593","draft","reviewed","","","","fc21a54e579ac26e30d1e3f47462d160aacc950a63adb34aaeb24ea65632898d","fc21a54e579ac26e30d1e3f47462d160aacc950a63adb34aaeb24ea65632898d","58ad4eaa478536870f204235e1398862da467bf6d0cad791299915ca4f4b6efa","de19ee1e1a3beecdf3658d4c8b302e60d43eaaf9e58acfbd369388992eb9afb2","302574"
"ASC950-SIGN-0223","数据/field-requirements.csv","requirement_id","REQ-M2W3-HUAWEI-ASC950DT-PROCESS","审计/子代理交接/m2_staging/M2-W3-HUAWEI-ASCEND950-PHYSICAL/structured/field-requirements.csv","4f1dcb01672b18cd45a8a3a803d314921e7812a39c80ca95d5baae6ca5603bd6","32593","draft","reviewed","","","","64ec1aa24e342e2480c8992b2d3a5ec166f90d49f7e03d280794acc3fdc7c1f4","64ec1aa24e342e2480c8992b2d3a5ec166f90d49f7e03d280794acc3fdc7c1f4","3024fc7142d0151ec750639d817ef821df06cc27477df4f8a3fd40c9249ec75c","de19ee1e1a3beecdf3658d4c8b302e60d43eaaf9e58acfbd369388992eb9afb2","302574"
"ASC950-SIGN-0224","数据/field-requirements.csv","requirement_id","REQ-M2W3-HUAWEI-ASC950DT-DIE-AREA","审计/子代理交接/m2_staging/M2-W3-HUAWEI-ASCEND950-PHYSICAL/structured/field-requirements.csv","4f1dcb01672b18cd45a8a3a803d314921e7812a39c80ca95d5baae6ca5603bd6","32593","draft","reviewed","","","","7d3c4048e33be1d2ab6ade8f73d2c807072fa6171337b70555ed3dedf9beded2","7d3c4048e33be1d2ab6ade8f73d2c807072fa6171337b70555ed3dedf9beded2","8e2f04f8eb6f56522e3e8443ddaa990ade22ccdc046880059380f7693cbcbfd2","de19ee1e1a3beecdf3658d4c8b302e60d43eaaf9e58acfbd369388992eb9afb2","302574"
"ASC950-SIGN-0225","数据/field-requirements.csv","requirement_id","REQ-M2W3-HUAWEI-ASC950DT-TRANSISTORS","审计/子代理交接/m2_staging/M2-W3-HUAWEI-ASCEND950-PHYSICAL/structured/field-requirements.csv","4f1dcb01672b18cd45a8a3a803d314921e7812a39c80ca95d5baae6ca5603bd6","32593","draft","reviewed","","","","bf9792c0f99804e1577b6b026991d4f0a19aff4a3b6bb9ed40d0d55825bbc0ff","bf9792c0f99804e1577b6b026991d4f0a19aff4a3b6bb9ed40d0d55825bbc0ff","f286f513dc9c818a40c72651eca768d2d1a4391195ea3b41780e2a4f21f362f2","de19ee1e1a3beecdf3658d4c8b302e60d43eaaf9e58acfbd369388992eb9afb2","302574"
"ASC950-SIGN-0226","数据/field-requirements.csv","requirement_id","REQ-M2W3-HUAWEI-ASC950DT-DIE-COUNT","审计/子代理交接/m2_staging/M2-W3-HUAWEI-ASCEND950-PHYSICAL/structured/field-requirements.csv","4f1dcb01672b18cd45a8a3a803d314921e7812a39c80ca95d5baae6ca5603bd6","32593","draft","reviewed","","","","d1136931823018249cfef8db2f3f53da538ab69c77eb2da69f40710b9656b0f4","d1136931823018249cfef8db2f3f53da538ab69c77eb2da69f40710b9656b0f4","35162650a7292f0a7196dcc49b601d9e869f78536d1c82f107ca8acfe47e2253","de19ee1e1a3beecdf3658d4c8b302e60d43eaaf9e58acfbd369388992eb9afb2","302574"
"ASC950-SIGN-0227","数据/field-requirements.csv","requirement_id","REQ-M2W3-HUAWEI-ASC950DT-HBM-STACKS","审计/子代理交接/m2_staging/M2-W3-HUAWEI-ASCEND950-PHYSICAL/structured/field-requirements.csv","4f1dcb01672b18cd45a8a3a803d314921e7812a39c80ca95d5baae6ca5603bd6","32593","draft","reviewed","","","","e8a8ba01b341fcf315c4d9bc09a1550096262e05ca2b5464fff11360a2df64e7","e8a8ba01b341fcf315c4d9bc09a1550096262e05ca2b5464fff11360a2df64e7","47781026a173290b650433afc2d30bbfcd2238d838c74a60647f7c7501b03803","de19ee1e1a3beecdf3658d4c8b302e60d43eaaf9e58acfbd369388992eb9afb2","302574"
"ASC950-SIGN-0228","数据/field-requirements.csv","requirement_id","REQ-M2W3-HUAWEI-ASC950DT-HBM-INTERFACE","审计/子代理交接/m2_staging/M2-W3-HUAWEI-ASCEND950-PHYSICAL/structured/field-requirements.csv","4f1dcb01672b18cd45a8a3a803d314921e7812a39c80ca95d5baae6ca5603bd6","32593","draft","reviewed","","","","df9ee5bc6670f9b392f98dc04ab25f17795687539ef2972359a6891d53fc3421","df9ee5bc6670f9b392f98dc04ab25f17795687539ef2972359a6891d53fc3421","7a025b290c9f7e7da172835687f0ee2fcff12d98dbcd2d3f82b4faa8d74f99a7","de19ee1e1a3beecdf3658d4c8b302e60d43eaaf9e58acfbd369388992eb9afb2","302574"
"ASC950-SIGN-0229","数据/field-requirements.csv","requirement_id","REQ-M2W3-HUAWEI-ASC950DT-INTERPOSER","审计/子代理交接/m2_staging/M2-W3-HUAWEI-ASCEND950-PHYSICAL/structured/field-requirements.csv","4f1dcb01672b18cd45a8a3a803d314921e7812a39c80ca95d5baae6ca5603bd6","32593","draft","reviewed","","","","7dffac6399defa951f23d683723965e4dc8195c3a4c85abae09e35902743405a","7dffac6399defa951f23d683723965e4dc8195c3a4c85abae09e35902743405a","be3773c393e366d299fa98cd2c7431522d022fa76f675b60800a71bae5de0862","de19ee1e1a3beecdf3658d4c8b302e60d43eaaf9e58acfbd369388992eb9afb2","302574"
"ASC950-SIGN-0230","数据/field-requirements.csv","requirement_id","REQ-M2W3-HUAWEI-ASC950DT-POWER","审计/子代理交接/m2_staging/M2-W3-HUAWEI-ASCEND950-PHYSICAL/structured/field-requirements.csv","4f1dcb01672b18cd45a8a3a803d314921e7812a39c80ca95d5baae6ca5603bd6","32593","draft","reviewed","","","","774f87d7dced6705886df4aedeb459671ea673530bd097c119e1a77be3a04cc5","774f87d7dced6705886df4aedeb459671ea673530bd097c119e1a77be3a04cc5","bab0543ea70d617513881040d9d8b0922501a87c1c26b3c58f715cf13107dc14","de19ee1e1a3beecdf3658d4c8b302e60d43eaaf9e58acfbd369388992eb9afb2","302574"
"ASC950-SIGN-0231","数据/field-requirements.csv","requirement_id","REQ-M2W3-HUAWEI-ASC950DT-COOLING","审计/子代理交接/m2_staging/M2-W3-HUAWEI-ASCEND950-PHYSICAL/structured/field-requirements.csv","4f1dcb01672b18cd45a8a3a803d314921e7812a39c80ca95d5baae6ca5603bd6","32593","draft","reviewed","","","","985abf6159b2ed1e30a4f61edab97f5bdd16a38acbacda3d451baf8b7db9dacc","985abf6159b2ed1e30a4f61edab97f5bdd16a38acbacda3d451baf8b7db9dacc","c306789322afa7908a6dbc4d7589d1d3afae0fe7354872c18b2a085ef3680818","de19ee1e1a3beecdf3658d4c8b302e60d43eaaf9e58acfbd369388992eb9afb2","302574"
"ASC950-SIGN-0232","数据/field-requirements.csv","requirement_id","REQ-M2W3-HUAWEI-ASC950DT-MEM-LATENCY","审计/子代理交接/m2_staging/M2-W3-HUAWEI-ASCEND950-PHYSICAL/structured/field-requirements.csv","4f1dcb01672b18cd45a8a3a803d314921e7812a39c80ca95d5baae6ca5603bd6","32593","draft","reviewed","","","","6948dcb050c741b1942b9c551549ef4e496def2de73848a0d675e75d26e381b2","6948dcb050c741b1942b9c551549ef4e496def2de73848a0d675e75d26e381b2","d5b34e3b623231ff9bbff81e29601398f3546b2a86000bb590069bedb872225e","de19ee1e1a3beecdf3658d4c8b302e60d43eaaf9e58acfbd369388992eb9afb2","302574"
"ASC950-SIGN-0233","数据/field-requirements.csv","requirement_id","REQ-M2W3-HUAWEI-ASC950DT-MEM-RW-MODEL","审计/子代理交接/m2_staging/M2-W3-HUAWEI-ASCEND950-PHYSICAL/structured/field-requirements.csv","4f1dcb01672b18cd45a8a3a803d314921e7812a39c80ca95d5baae6ca5603bd6","32593","draft","reviewed","","","","3bf4a8892762e1fe5682716f6bde932ee1a150653f6dae55308b196c0a6d9699","3bf4a8892762e1fe5682716f6bde932ee1a150653f6dae55308b196c0a6d9699","f80c941dc6c3ec23d64350cb375b4d66439becadc90e3818e9afe5a9bfb02c40","de19ee1e1a3beecdf3658d4c8b302e60d43eaaf9e58acfbd369388992eb9afb2","302574"
"ASC950-SIGN-0234","数据/field-requirements.csv","requirement_id","REQ-M2W3-HUAWEI-ASC950DT-LINK-RATE","审计/子代理交接/m2_staging/M2-W3-HUAWEI-ASCEND950-PHYSICAL/structured/field-requirements.csv","4f1dcb01672b18cd45a8a3a803d314921e7812a39c80ca95d5baae6ca5603bd6","32593","draft","reviewed","","","","1b00ca5d803c8829e8b5f1ae38c230e27a782063dcbd28fe3d49408dd43cde16","1b00ca5d803c8829e8b5f1ae38c230e27a782063dcbd28fe3d49408dd43cde16","58a41ad029e948b522ee9ac4ec2af6ed88d56b549044450f55f80c358eca1811","de19ee1e1a3beecdf3658d4c8b302e60d43eaaf9e58acfbd369388992eb9afb2","302574"
"ASC950-SIGN-0235","数据/field-requirements.csv","requirement_id","REQ-M2W3-HUAWEI-ASC950DT-LINK-COUNT","审计/子代理交接/m2_staging/M2-W3-HUAWEI-ASCEND950-PHYSICAL/structured/field-requirements.csv","4f1dcb01672b18cd45a8a3a803d314921e7812a39c80ca95d5baae6ca5603bd6","32593","draft","reviewed","","","","10173c093e3fe4f791d4516918bae66ec793ff523b516b50e1e675947f858c6f","10173c093e3fe4f791d4516918bae66ec793ff523b516b50e1e675947f858c6f","9f8fda031ad1d2f2461b3b7db2d9cb83aac167fbbf01157efe761a6b92aee506","de19ee1e1a3beecdf3658d4c8b302e60d43eaaf9e58acfbd369388992eb9afb2","302574"
"ASC950-SIGN-0236","数据/field-requirements.csv","requirement_id","REQ-M2W3-HUAWEI-ASC950DT-TOPOLOGY","审计/子代理交接/m2_staging/M2-W3-HUAWEI-ASCEND950-PHYSICAL/structured/field-requirements.csv","4f1dcb01672b18cd45a8a3a803d314921e7812a39c80ca95d5baae6ca5603bd6","32593","draft","reviewed","","","","e515c5b324860cb089b58639828f0faedd8980dc995bb2dd8158e085d6d00cdf","e515c5b324860cb089b58639828f0faedd8980dc995bb2dd8158e085d6d00cdf","1ce41e5dde418ad7a6d260128a4ade19bc83d43fbb4d880f2d73e65b0c1517c8","de19ee1e1a3beecdf3658d4c8b302e60d43eaaf9e58acfbd369388992eb9afb2","302574"
"ASC950-SIGN-0237","数据/field-requirements.csv","requirement_id","REQ-M2W3-HUAWEI-ASC950DT-SPECIAL-DETAIL","审计/子代理交接/m2_staging/M2-W3-HUAWEI-ASCEND950-PHYSICAL/structured/field-requirements.csv","4f1dcb01672b18cd45a8a3a803d314921e7812a39c80ca95d5baae6ca5603bd6","32593","draft","reviewed","","","","40588b23c4792713309dec3612d2e4c70d95060785b349c93cdc24b96209d31a","40588b23c4792713309dec3612d2e4c70d95060785b349c93cdc24b96209d31a","15989bd426fe3de08e4e59a042995d1a48241031e10379c0d3d2c4ec4ca48a15","de19ee1e1a3beecdf3658d4c8b302e60d43eaaf9e58acfbd369388992eb9afb2","302574"
"ASC950-SIGN-0238","数据/field-requirements.csv","requirement_id","REQ-M2W3-HUAWEI-ASC950DT-COMPILER","审计/子代理交接/m2_staging/M2-W3-HUAWEI-ASCEND950-PHYSICAL/structured/field-requirements.csv","4f1dcb01672b18cd45a8a3a803d314921e7812a39c80ca95d5baae6ca5603bd6","32593","draft","reviewed","","","","6d1482f08498d785169a83f789df618614fca3abb92adc4918be942a9b9371bc","6d1482f08498d785169a83f789df618614fca3abb92adc4918be942a9b9371bc","2e6d806836604726027f6b9f838d224cda2dd613fdcea44e96df2861896d6391","de19ee1e1a3beecdf3658d4c8b302e60d43eaaf9e58acfbd369388992eb9afb2","302574"
"ASC950-SIGN-0239","数据/field-requirements.csv","requirement_id","REQ-M2W3-HUAWEI-ASC950DT-RUNTIME","审计/子代理交接/m2_staging/M2-W3-HUAWEI-ASCEND950-PHYSICAL/structured/field-requirements.csv","4f1dcb01672b18cd45a8a3a803d314921e7812a39c80ca95d5baae6ca5603bd6","32593","draft","reviewed","","","","681bd8aa735d4ce521df2a441144b4e53a3dd8658eaad0dd7ee4e6f7f778d586","681bd8aa735d4ce521df2a441144b4e53a3dd8658eaad0dd7ee4e6f7f778d586","d6a4b68a2c1f363bd8d4e3845a91513f4522599eb2b3175783e3b52a6d843d36","de19ee1e1a3beecdf3658d4c8b302e60d43eaaf9e58acfbd369388992eb9afb2","302574"
"ASC950-SIGN-0240","数据/field-requirements.csv","requirement_id","REQ-M2W3-HUAWEI-ASC950DT-ACCUM","审计/子代理交接/m2_staging/M2-W3-HUAWEI-ASCEND950-PHYSICAL/structured/field-requirements.csv","4f1dcb01672b18cd45a8a3a803d314921e7812a39c80ca95d5baae6ca5603bd6","32593","draft","reviewed","","","","89c35f8da3d6969ae131dbc3012cffb67d19a3ddd8e1d0de748d72b98d6162eb","89c35f8da3d6969ae131dbc3012cffb67d19a3ddd8e1d0de748d72b98d6162eb","f2fae1845dea2d05e6d713cd97a64d568f046afbf799b34cf1d220444ef350b3","de19ee1e1a3beecdf3658d4c8b302e60d43eaaf9e58acfbd369388992eb9afb2","302574"
"ASC950-SIGN-0241","数据/field-requirements.csv","requirement_id","REQ-M2W3-HUAWEI-ASC950DT-PHYSICAL-ACCUM","审计/子代理交接/m2_staging/M2-W3-HUAWEI-ASCEND950-PHYSICAL/structured/field-requirements.csv","4f1dcb01672b18cd45a8a3a803d314921e7812a39c80ca95d5baae6ca5603bd6","32593","draft","reviewed","","","","ec3a97c72405da41b797005b361b254c840e44e4609f52eb9fc61d7e593ab548","ec3a97c72405da41b797005b361b254c840e44e4609f52eb9fc61d7e593ab548","7f92b2e87a00b107a131bf76b4eab75d1064792efb54a96df1a445a66bdf5a4e","de19ee1e1a3beecdf3658d4c8b302e60d43eaaf9e58acfbd369388992eb9afb2","302574"
"ASC950-SIGN-0242","数据/links.csv","link_id","LINK-M2W3-HUAWEI-ASC950-DIE-INTERCONNECT","审计/子代理交接/m2_staging/M2-W3-HUAWEI-ASCEND950-PHYSICAL/structured/links.csv","b15920476bd9255289c410880dafa710eb00f307ef789135c5d183b3f5233134","719","draft","reviewed","","","","7853da85bb7ba6c2b6b14bd4269eba9afc8f4dfdb465119ed0bd2aa306ece473","7853da85bb7ba6c2b6b14bd4269eba9afc8f4dfdb465119ed0bd2aa306ece473","021f2b0fd7c237b22f48898ee60d89ea1a41e529a419a994c54b54334d8bca46","71dc144abeae14c1607c75ef060f0305aa910e05823159ce4dca1b5105e9b51e","8129"
"ASC950-SIGN-0243","数据/links.csv","link_id","LINK-M2W3-HUAWEI-ASC950PR-LINGQU2","审计/子代理交接/m2_staging/M2-W3-HUAWEI-ASCEND950-PHYSICAL/structured/links.csv","b15920476bd9255289c410880dafa710eb00f307ef789135c5d183b3f5233134","719","draft","reviewed","","","","933f812ae5b7a41ded307ed1d4464e29cbb2b94ca97a548bf5a6d9b7675e657c","933f812ae5b7a41ded307ed1d4464e29cbb2b94ca97a548bf5a6d9b7675e657c","db1f83a5d81d238c44b26d7fc0cddc45f7b4de636c8804372d5007302e4d6dad","71dc144abeae14c1607c75ef060f0305aa910e05823159ce4dca1b5105e9b51e","8129"
"ASC950-SIGN-0244","数据/links.csv","link_id","LINK-M2W3-HUAWEI-ASC950DT-INTERCONNECT","审计/子代理交接/m2_staging/M2-W3-HUAWEI-ASCEND950-PHYSICAL/structured/links.csv","b15920476bd9255289c410880dafa710eb00f307ef789135c5d183b3f5233134","719","draft","reviewed","","","","01419bce620177e26e6ddc0f5cdf9f45f15232dbf321ffc5b0ef1402f2a89be3","01419bce620177e26e6ddc0f5cdf9f45f15232dbf321ffc5b0ef1402f2a89be3","7f9e3d8983e632f4f2cb3ffa768e957d6f5d480d4fbeea953c21671d5baef32f","71dc144abeae14c1607c75ef060f0305aa910e05823159ce4dca1b5105e9b51e","8129"
"ASC950-SIGN-0245","数据/memory-levels.csv","memory_level_id","COMP-M2W3-HUAWEI-ASC950PR-HIBL1","审计/子代理交接/m2_staging/M2-W3-HUAWEI-ASCEND950-PHYSICAL/structured/memory-levels.csv","58e2312ff9eebb1963948ac8aa134508ed3f925c8f5cfcbd2a05d0984544def4","344","draft","reviewed","","","","82d377e9e7c323ee2514a1ae17bbeeaabc73091dd6ef09f7860fc4e59bf4c7a4","82d377e9e7c323ee2514a1ae17bbeeaabc73091dd6ef09f7860fc4e59bf4c7a4","178d6bad5ff103894cbd9852fcdf9782ca5f75fafc49fbd0f44b61a637fb45af","e1e6f95da738de7ae3c673ebd66707e2ddf13c411afd72c6383fd375697398fa","11348"
"ASC950-SIGN-0246","数据/memory-levels.csv","memory_level_id","COMP-M2W3-HUAWEI-ASC950DT-HIZQ2","审计/子代理交接/m2_staging/M2-W3-HUAWEI-ASCEND950-PHYSICAL/structured/memory-levels.csv","58e2312ff9eebb1963948ac8aa134508ed3f925c8f5cfcbd2a05d0984544def4","344","draft","reviewed","","","","b12e57db07ccce91bfa1e240f444772bc635ec3ee3100750f7b4045f390f95e7","b12e57db07ccce91bfa1e240f444772bc635ec3ee3100750f7b4045f390f95e7","35223805a924423111a2ddf779cdca580d0a819e5dba1ce358f36aa5e5ea9541","e1e6f95da738de7ae3c673ebd66707e2ddf13c411afd72c6383fd375697398fa","11348"
"ASC950-SIGN-0247","数据/precision-paths.csv","precision_path_id","PPATH-M2W3-HUAWEI-ASC950-DIE-FP8","审计/子代理交接/m2_staging/M2-W3-HUAWEI-ASCEND950-PHYSICAL/structured/precision-paths.csv","40c02224b49f672eb90782fc530d3aca99bbefa0b9c55ae5b93eb5612c0567d1","1191","needs_resolution","needs_resolution","","","","c11c589de15a992f4d1a47a2ba729aee2bd4075183112e5341e8b4fa3fb3508d","c11c589de15a992f4d1a47a2ba729aee2bd4075183112e5341e8b4fa3fb3508d","c11c589de15a992f4d1a47a2ba729aee2bd4075183112e5341e8b4fa3fb3508d","477cc547e061fd7fd2d418c38ee4c74eb56c17ec70df956666040fde04292431","23468"
"ASC950-SIGN-0248","数据/precision-paths.csv","precision_path_id","PPATH-M2W3-HUAWEI-ASC950-DIE-MXFP8","审计/子代理交接/m2_staging/M2-W3-HUAWEI-ASCEND950-PHYSICAL/structured/precision-paths.csv","40c02224b49f672eb90782fc530d3aca99bbefa0b9c55ae5b93eb5612c0567d1","1191","needs_resolution","needs_resolution","","","","45e9ad88189bbc649b52a9dbb0473c5fe51bf6177c773a23fb94de82fa10cb98","45e9ad88189bbc649b52a9dbb0473c5fe51bf6177c773a23fb94de82fa10cb98","45e9ad88189bbc649b52a9dbb0473c5fe51bf6177c773a23fb94de82fa10cb98","477cc547e061fd7fd2d418c38ee4c74eb56c17ec70df956666040fde04292431","23468"
"ASC950-SIGN-0249","数据/precision-paths.csv","precision_path_id","PPATH-M2W3-HUAWEI-ASC950-DIE-HIF8","审计/子代理交接/m2_staging/M2-W3-HUAWEI-ASCEND950-PHYSICAL/structured/precision-paths.csv","40c02224b49f672eb90782fc530d3aca99bbefa0b9c55ae5b93eb5612c0567d1","1191","needs_resolution","needs_resolution","","","","a53e9f46aa34368cda79bcf525418e277d21ddae38871388246f41ccdf497f0b","a53e9f46aa34368cda79bcf525418e277d21ddae38871388246f41ccdf497f0b","a53e9f46aa34368cda79bcf525418e277d21ddae38871388246f41ccdf497f0b","477cc547e061fd7fd2d418c38ee4c74eb56c17ec70df956666040fde04292431","23468"
"ASC950-SIGN-0250","数据/precision-paths.csv","precision_path_id","PPATH-M2W3-HUAWEI-ASC950-DIE-MXFP4","审计/子代理交接/m2_staging/M2-W3-HUAWEI-ASCEND950-PHYSICAL/structured/precision-paths.csv","40c02224b49f672eb90782fc530d3aca99bbefa0b9c55ae5b93eb5612c0567d1","1191","needs_resolution","needs_resolution","","","","6141f518b55c99a65704f1e868b236bc1be9a903ccebd2e5f12bbf248dd8528b","6141f518b55c99a65704f1e868b236bc1be9a903ccebd2e5f12bbf248dd8528b","6141f518b55c99a65704f1e868b236bc1be9a903ccebd2e5f12bbf248dd8528b","477cc547e061fd7fd2d418c38ee4c74eb56c17ec70df956666040fde04292431","23468"
"ASC950-SIGN-0251","数据/precision-paths.csv","precision_path_id","PPATH-M2W3-HUAWEI-ASC950PR-VENDOR-MAX","审计/子代理交接/m2_staging/M2-W3-HUAWEI-ASCEND950-PHYSICAL/structured/precision-paths.csv","40c02224b49f672eb90782fc530d3aca99bbefa0b9c55ae5b93eb5612c0567d1","1191","needs_resolution","needs_resolution","","","","301b658abeea778a5e9b295cb3f99184dc0a84396873433967cabd84c5b2bdc7","301b658abeea778a5e9b295cb3f99184dc0a84396873433967cabd84c5b2bdc7","301b658abeea778a5e9b295cb3f99184dc0a84396873433967cabd84c5b2bdc7","477cc547e061fd7fd2d418c38ee4c74eb56c17ec70df956666040fde04292431","23468"
"ASC950-SIGN-0252","最小参考资料库/requirement-evidence.csv","requirement_evidence_id","REVID-M2W3-HUAWEI-ASC950DT-AVAILABILITY-H2","审计/子代理交接/m2_staging/M2-W3-HUAWEI-ASCEND950-PHYSICAL/structured/requirement-evidence.csv","74928ea999d8984d487b07953c9cd8b143dd3689f26f72f29fcb4c535f8f0fdf","603","draft","reviewed","","","","6c59f26231135b77c53907843f24071469147d264a7a28199b8ac0c93a7e720b","6c59f26231135b77c53907843f24071469147d264a7a28199b8ac0c93a7e720b","75ae2c29658a4223ff219e6caff3d5ffd6918dda29a1d1731a7fe35e19e6db3a","8adb26e1df3e020d1a02ab3217b894b3c489a3ecfa030d186d3615c927c95b50","23331"
"ASC950-SIGN-0253","最小参考资料库/search-log.csv","search_id","SEARCH-M2W3-HUAWEI-ASC950-DIE-PROCESS","审计/子代理交接/m2_staging/M2-W3-HUAWEI-ASCEND950-PHYSICAL/structured/search-log.csv","8aa6b59c5a6dbb920d01387042fbbbf9c3df78d68a4aeb602243ff62eed76169","20905","draft","reviewed","","","","0e6b2959491a35a7dd3ba002fff0f81a37af76335e4eab9085855fbe300297aa","0e6b2959491a35a7dd3ba002fff0f81a37af76335e4eab9085855fbe300297aa","da81168096c3da31fb0399f3ea3b1ec73bb560205e715e727b1002a0ce3de6f3","f7c501584f0b685b26aaaa913a9fd975e4d94474a9fac38b95d74fe0513bc23d","114039"
"ASC950-SIGN-0254","最小参考资料库/search-log.csv","search_id","SEARCH-M2W3-HUAWEI-ASC950-DIE-DIE-AREA","审计/子代理交接/m2_staging/M2-W3-HUAWEI-ASCEND950-PHYSICAL/structured/search-log.csv","8aa6b59c5a6dbb920d01387042fbbbf9c3df78d68a4aeb602243ff62eed76169","20905","draft","reviewed","","","","390e6fc4c47c648404fda603188aa9d327348e9621b7f9eed28c1c6661d1a090","390e6fc4c47c648404fda603188aa9d327348e9621b7f9eed28c1c6661d1a090","586638d6226779849c4efa113e336d8822360768f6809e1a5cc959322e69e77a","f7c501584f0b685b26aaaa913a9fd975e4d94474a9fac38b95d74fe0513bc23d","114039"
"ASC950-SIGN-0255","最小参考资料库/search-log.csv","search_id","SEARCH-M2W3-HUAWEI-ASC950-DIE-TRANSISTORS","审计/子代理交接/m2_staging/M2-W3-HUAWEI-ASCEND950-PHYSICAL/structured/search-log.csv","8aa6b59c5a6dbb920d01387042fbbbf9c3df78d68a4aeb602243ff62eed76169","20905","draft","reviewed","","","","7e01396129aab0a0a552f6947e318218273b5c516cbc2004a058ed433b927d67","7e01396129aab0a0a552f6947e318218273b5c516cbc2004a058ed433b927d67","f2cfac176bbb804e615c5a0bc773c00b964134e6ca60b33ef68b6f24e3686aa8","f7c501584f0b685b26aaaa913a9fd975e4d94474a9fac38b95d74fe0513bc23d","114039"
"ASC950-SIGN-0256","最小参考资料库/search-log.csv","search_id","SEARCH-M2W3-HUAWEI-ASC950-DIE-CLOCK","审计/子代理交接/m2_staging/M2-W3-HUAWEI-ASCEND950-PHYSICAL/structured/search-log.csv","8aa6b59c5a6dbb920d01387042fbbbf9c3df78d68a4aeb602243ff62eed76169","20905","draft","reviewed","","","","a5c582646c64ac80854f10672069e872740c075bdb9129ef6a7b3fc8a49e10da","a5c582646c64ac80854f10672069e872740c075bdb9129ef6a7b3fc8a49e10da","b50677635469bfc9d1515b18483c6f5fae4e9a28ecb67ac8c38093e821c564ce","f7c501584f0b685b26aaaa913a9fd975e4d94474a9fac38b95d74fe0513bc23d","114039"
"ASC950-SIGN-0257","最小参考资料库/search-log.csv","search_id","SEARCH-M2W3-HUAWEI-ASC950-DIE-POWER","审计/子代理交接/m2_staging/M2-W3-HUAWEI-ASCEND950-PHYSICAL/structured/search-log.csv","8aa6b59c5a6dbb920d01387042fbbbf9c3df78d68a4aeb602243ff62eed76169","20905","draft","reviewed","","","","3aff1ade6befd8554e361541a62e5af67932b95feff210b8ee38844a51e91ff2","3aff1ade6befd8554e361541a62e5af67932b95feff210b8ee38844a51e91ff2","c1f5c377d8f6f792b662db3b7ef7073862ea5c2f4d891fc4991c4b431f0390e7","f7c501584f0b685b26aaaa913a9fd975e4d94474a9fac38b95d74fe0513bc23d","114039"
"ASC950-SIGN-0258","最小参考资料库/search-log.csv","search_id","SEARCH-M2W3-HUAWEI-ASC950-DIE-VECTOR-THROUGHPUT","审计/子代理交接/m2_staging/M2-W3-HUAWEI-ASCEND950-PHYSICAL/structured/search-log.csv","8aa6b59c5a6dbb920d01387042fbbbf9c3df78d68a4aeb602243ff62eed76169","20905","draft","reviewed","","","","ab80035a2291a07f1ed63eb9a78e6948d8cac649ea44f1d78b0ca02ad0e36e92","ab80035a2291a07f1ed63eb9a78e6948d8cac649ea44f1d78b0ca02ad0e36e92","1e836c4a996e4a118a74b03d1d4743c8c1c5ecdac1c2bc1403501734b361ddc2","f7c501584f0b685b26aaaa913a9fd975e4d94474a9fac38b95d74fe0513bc23d","114039"
"ASC950-SIGN-0259","最小参考资料库/search-log.csv","search_id","SEARCH-M2W3-HUAWEI-ASC950-DIE-FP8-ACCUM","审计/子代理交接/m2_staging/M2-W3-HUAWEI-ASCEND950-PHYSICAL/structured/search-log.csv","8aa6b59c5a6dbb920d01387042fbbbf9c3df78d68a4aeb602243ff62eed76169","20905","draft","reviewed","","","","9537d0087d1ff134313be530b6fbaf61c2fd51ac7f41d79a9469cfd78271172a","9537d0087d1ff134313be530b6fbaf61c2fd51ac7f41d79a9469cfd78271172a","9a5294c73e90334e4623cfb0f8e88b53fd440067ddf0260bc846dd985d11837c","f7c501584f0b685b26aaaa913a9fd975e4d94474a9fac38b95d74fe0513bc23d","114039"
"ASC950-SIGN-0260","最小参考资料库/search-log.csv","search_id","SEARCH-M2W3-HUAWEI-ASC950-DIE-FP8-PHYSICAL-ACCUM","审计/子代理交接/m2_staging/M2-W3-HUAWEI-ASCEND950-PHYSICAL/structured/search-log.csv","8aa6b59c5a6dbb920d01387042fbbbf9c3df78d68a4aeb602243ff62eed76169","20905","draft","reviewed","","","","c3a03fcb96e8dbad22c98457f0976fe87c6d0a49611906848b807b187e6672c7","c3a03fcb96e8dbad22c98457f0976fe87c6d0a49611906848b807b187e6672c7","bcfcafa8f94f5b56a04166d3905f68a7b5c19b49f0365db522542a1403001adf","f7c501584f0b685b26aaaa913a9fd975e4d94474a9fac38b95d74fe0513bc23d","114039"
"ASC950-SIGN-0261","最小参考资料库/search-log.csv","search_id","SEARCH-M2W3-HUAWEI-ASC950-DIE-MXFP8-ACCUM","审计/子代理交接/m2_staging/M2-W3-HUAWEI-ASCEND950-PHYSICAL/structured/search-log.csv","8aa6b59c5a6dbb920d01387042fbbbf9c3df78d68a4aeb602243ff62eed76169","20905","draft","reviewed","","","","42f41330251c4ae912bab0b151c7ebcc7ace494bf3519417f33f0cafe3a72e95","42f41330251c4ae912bab0b151c7ebcc7ace494bf3519417f33f0cafe3a72e95","f7ead02f67ed3cce43a41212c1bb2d4737030b3cb28531dce389ab7031dc0b8b","f7c501584f0b685b26aaaa913a9fd975e4d94474a9fac38b95d74fe0513bc23d","114039"
"ASC950-SIGN-0262","最小参考资料库/search-log.csv","search_id","SEARCH-M2W3-HUAWEI-ASC950-DIE-MXFP8-PHYSICAL-ACCUM","审计/子代理交接/m2_staging/M2-W3-HUAWEI-ASCEND950-PHYSICAL/structured/search-log.csv","8aa6b59c5a6dbb920d01387042fbbbf9c3df78d68a4aeb602243ff62eed76169","20905","draft","reviewed","","","","d143761cbddd8c7df0807ded74a7e6e0fbd0e3df7d0a77b4502994dfc7377b70","d143761cbddd8c7df0807ded74a7e6e0fbd0e3df7d0a77b4502994dfc7377b70","3a115caccd32bd6e9ddad17f4e5e53ec9326b60d3a46ab0f1164add8c831d7ab","f7c501584f0b685b26aaaa913a9fd975e4d94474a9fac38b95d74fe0513bc23d","114039"
"ASC950-SIGN-0263","最小参考资料库/search-log.csv","search_id","SEARCH-M2W3-HUAWEI-ASC950-DIE-HIF8-ACCUM","审计/子代理交接/m2_staging/M2-W3-HUAWEI-ASCEND950-PHYSICAL/structured/search-log.csv","8aa6b59c5a6dbb920d01387042fbbbf9c3df78d68a4aeb602243ff62eed76169","20905","draft","reviewed","","","","45e31315769f7542f413b445c3083fb3cdfedb6e9c280bf4ed266a01ed8d3737","45e31315769f7542f413b445c3083fb3cdfedb6e9c280bf4ed266a01ed8d3737","04f4fec44949521a910482f68b8c418376cb117511c1874c2b5482a24cd84e47","f7c501584f0b685b26aaaa913a9fd975e4d94474a9fac38b95d74fe0513bc23d","114039"
"ASC950-SIGN-0264","最小参考资料库/search-log.csv","search_id","SEARCH-M2W3-HUAWEI-ASC950-DIE-HIF8-PHYSICAL-ACCUM","审计/子代理交接/m2_staging/M2-W3-HUAWEI-ASCEND950-PHYSICAL/structured/search-log.csv","8aa6b59c5a6dbb920d01387042fbbbf9c3df78d68a4aeb602243ff62eed76169","20905","draft","reviewed","","","","409c62a3da0b583cb266652d0525f591bc02b8635894c2f7a366878d26311a44","409c62a3da0b583cb266652d0525f591bc02b8635894c2f7a366878d26311a44","5fc2539179080e5d4f6b5f23cc37101cc3be7c69d741a91a77d57c0bb3b66202","f7c501584f0b685b26aaaa913a9fd975e4d94474a9fac38b95d74fe0513bc23d","114039"
"ASC950-SIGN-0265","最小参考资料库/search-log.csv","search_id","SEARCH-M2W3-HUAWEI-ASC950-DIE-MXFP4-ACCUM","审计/子代理交接/m2_staging/M2-W3-HUAWEI-ASCEND950-PHYSICAL/structured/search-log.csv","8aa6b59c5a6dbb920d01387042fbbbf9c3df78d68a4aeb602243ff62eed76169","20905","draft","reviewed","","","","543826b2d688e609c7ad926be8627b9c99a562b0946bdb4496f0ce91d6866fdb","543826b2d688e609c7ad926be8627b9c99a562b0946bdb4496f0ce91d6866fdb","8816ba559678e78ea5e0bbd7774102cdff4da61fc8db508c1a627087da4e014e","f7c501584f0b685b26aaaa913a9fd975e4d94474a9fac38b95d74fe0513bc23d","114039"
"ASC950-SIGN-0266","最小参考资料库/search-log.csv","search_id","SEARCH-M2W3-HUAWEI-ASC950-DIE-MXFP4-PHYSICAL-ACCUM","审计/子代理交接/m2_staging/M2-W3-HUAWEI-ASCEND950-PHYSICAL/structured/search-log.csv","8aa6b59c5a6dbb920d01387042fbbbf9c3df78d68a4aeb602243ff62eed76169","20905","draft","reviewed","","","","521d34924ba35aaa00f21b11cb5a474e4a485f3456de82f3bb2b498b10b35eb6","521d34924ba35aaa00f21b11cb5a474e4a485f3456de82f3bb2b498b10b35eb6","b8d9fd600290a44b493075666632469532e7c437dc0a1d1cd9bdd9fbe7fbfa78","f7c501584f0b685b26aaaa913a9fd975e4d94474a9fac38b95d74fe0513bc23d","114039"
"ASC950-SIGN-0267","最小参考资料库/search-log.csv","search_id","SEARCH-M2W3-HUAWEI-ASC950-DIE-MEMORY-NAME","审计/子代理交接/m2_staging/M2-W3-HUAWEI-ASCEND950-PHYSICAL/structured/search-log.csv","8aa6b59c5a6dbb920d01387042fbbbf9c3df78d68a4aeb602243ff62eed76169","20905","draft","reviewed","","","","f5dbe8d2bafe3828ef277f1b5bcb980441c2e280392abfff0d5b20f162c6b074","f5dbe8d2bafe3828ef277f1b5bcb980441c2e280392abfff0d5b20f162c6b074","964f56393bdc759ea90736c8000df16183a0eb3d63e2a2648ce2b9ca57adac06","f7c501584f0b685b26aaaa913a9fd975e4d94474a9fac38b95d74fe0513bc23d","114039"
"ASC950-SIGN-0268","最小参考资料库/search-log.csv","search_id","SEARCH-M2W3-HUAWEI-ASC950-DIE-MEMORY-CAPACITY","审计/子代理交接/m2_staging/M2-W3-HUAWEI-ASCEND950-PHYSICAL/structured/search-log.csv","8aa6b59c5a6dbb920d01387042fbbbf9c3df78d68a4aeb602243ff62eed76169","20905","draft","reviewed","","","","c7e6afb6b6b556ba3416b2c0de178c730b78ee7c0a2182cedf7a7bd7c015db59","c7e6afb6b6b556ba3416b2c0de178c730b78ee7c0a2182cedf7a7bd7c015db59","8a04f0c91b1cde7b5c0d4f40e7957a46fb8c39f28687e7eec6e77803e66ba84b","f7c501584f0b685b26aaaa913a9fd975e4d94474a9fac38b95d74fe0513bc23d","114039"
"ASC950-SIGN-0269","最小参考资料库/search-log.csv","search_id","SEARCH-M2W3-HUAWEI-ASC950-DIE-MEMORY-BW","审计/子代理交接/m2_staging/M2-W3-HUAWEI-ASCEND950-PHYSICAL/structured/search-log.csv","8aa6b59c5a6dbb920d01387042fbbbf9c3df78d68a4aeb602243ff62eed76169","20905","draft","reviewed","","","","c51eae61816022626600e7234617b62486f6d67cc73fd3eda11840a6a9bd259e","c51eae61816022626600e7234617b62486f6d67cc73fd3eda11840a6a9bd259e","fcc3ac2e81bbd71a32f4cfe5302495aac95cf1098a2e2db0530425691b4d8962","f7c501584f0b685b26aaaa913a9fd975e4d94474a9fac38b95d74fe0513bc23d","114039"
"ASC950-SIGN-0270","最小参考资料库/search-log.csv","search_id","SEARCH-M2W3-HUAWEI-ASC950-DIE-LINK-RATE","审计/子代理交接/m2_staging/M2-W3-HUAWEI-ASCEND950-PHYSICAL/structured/search-log.csv","8aa6b59c5a6dbb920d01387042fbbbf9c3df78d68a4aeb602243ff62eed76169","20905","draft","reviewed","","","","5e990714b4e8c18e74bc3b099ca4928b412b24170b06cb7e2725b7603633571c","5e990714b4e8c18e74bc3b099ca4928b412b24170b06cb7e2725b7603633571c","bbdb9e690e796d4c8aba6bc4065784c1e2b7ef51846433f6969197a573ecf0fd","f7c501584f0b685b26aaaa913a9fd975e4d94474a9fac38b95d74fe0513bc23d","114039"
"ASC950-SIGN-0271","最小参考资料库/search-log.csv","search_id","SEARCH-M2W3-HUAWEI-ASC950-DIE-LINK-COUNT","审计/子代理交接/m2_staging/M2-W3-HUAWEI-ASCEND950-PHYSICAL/structured/search-log.csv","8aa6b59c5a6dbb920d01387042fbbbf9c3df78d68a4aeb602243ff62eed76169","20905","draft","reviewed","","","","c28e5904696e1296b88dae1b0fbf5fd8d49e4f2c9c8507334d3ff169977eabc0","c28e5904696e1296b88dae1b0fbf5fd8d49e4f2c9c8507334d3ff169977eabc0","d96da481cd0df4865828d2535fc0908f415c6eda4cc2a723398317a77f92b31e","f7c501584f0b685b26aaaa913a9fd975e4d94474a9fac38b95d74fe0513bc23d","114039"
"ASC950-SIGN-0272","最小参考资料库/search-log.csv","search_id","SEARCH-M2W3-HUAWEI-ASC950-DIE-SPECIAL-DETAIL","审计/子代理交接/m2_staging/M2-W3-HUAWEI-ASCEND950-PHYSICAL/structured/search-log.csv","8aa6b59c5a6dbb920d01387042fbbbf9c3df78d68a4aeb602243ff62eed76169","20905","draft","reviewed","","","","03703a2dbe41fc62657f61baca6ede50508966e7f4ae20ad499f41a8ebe1ebca","03703a2dbe41fc62657f61baca6ede50508966e7f4ae20ad499f41a8ebe1ebca","211f527b17112670b78792ba97a998e511b0c1936292606523b1af1a0c0169a6","f7c501584f0b685b26aaaa913a9fd975e4d94474a9fac38b95d74fe0513bc23d","114039"
"ASC950-SIGN-0273","最小参考资料库/search-log.csv","search_id","SEARCH-M2W3-HUAWEI-ASC950-DIE-COMPILER","审计/子代理交接/m2_staging/M2-W3-HUAWEI-ASCEND950-PHYSICAL/structured/search-log.csv","8aa6b59c5a6dbb920d01387042fbbbf9c3df78d68a4aeb602243ff62eed76169","20905","draft","reviewed","","","","29fa035d03e49cebc522b0987a9d4082da1fbc348491c621024ca8110fdd7f07","29fa035d03e49cebc522b0987a9d4082da1fbc348491c621024ca8110fdd7f07","103a5c815eb640bcf7bc9c1c9455d7433dbcba625e1214e214c215ba69bdb3a5","f7c501584f0b685b26aaaa913a9fd975e4d94474a9fac38b95d74fe0513bc23d","114039"
"ASC950-SIGN-0274","最小参考资料库/search-log.csv","search_id","SEARCH-M2W3-HUAWEI-ASC950-DIE-RUNTIME","审计/子代理交接/m2_staging/M2-W3-HUAWEI-ASCEND950-PHYSICAL/structured/search-log.csv","8aa6b59c5a6dbb920d01387042fbbbf9c3df78d68a4aeb602243ff62eed76169","20905","draft","reviewed","","","","40f5702f5b651a2773f657dbebd171da6fe18d81e5bc463642a37183dd1a7a1e","40f5702f5b651a2773f657dbebd171da6fe18d81e5bc463642a37183dd1a7a1e","b56e9011b998614cc8e28e73111dd4c5cedd2733e31b7bc5f17873ded5facd46","f7c501584f0b685b26aaaa913a9fd975e4d94474a9fac38b95d74fe0513bc23d","114039"
"ASC950-SIGN-0275","最小参考资料库/search-log.csv","search_id","SEARCH-M2W3-HUAWEI-ASC950PR-AVAILABILITY","审计/子代理交接/m2_staging/M2-W3-HUAWEI-ASCEND950-PHYSICAL/structured/search-log.csv","8aa6b59c5a6dbb920d01387042fbbbf9c3df78d68a4aeb602243ff62eed76169","20905","draft","reviewed","","","","c75a9141fe05e3aa35b74508e5aaf363cf99aa3f3ad17aca8f1ebbb25c3dcbb9","c75a9141fe05e3aa35b74508e5aaf363cf99aa3f3ad17aca8f1ebbb25c3dcbb9","8bdd0efa34d7c7a67220e997460b6e345c48a5cd2d8b96a660cf849942ad389c","f7c501584f0b685b26aaaa913a9fd975e4d94474a9fac38b95d74fe0513bc23d","114039"
"ASC950-SIGN-0276","最小参考资料库/search-log.csv","search_id","SEARCH-M2W3-HUAWEI-ASC950PR-DIE-COUNT","审计/子代理交接/m2_staging/M2-W3-HUAWEI-ASCEND950-PHYSICAL/structured/search-log.csv","8aa6b59c5a6dbb920d01387042fbbbf9c3df78d68a4aeb602243ff62eed76169","20905","draft","reviewed","","","","85758a43908b11f133107eaf137ae5fd19caaea5f35719aec4879c22a98467ef","85758a43908b11f133107eaf137ae5fd19caaea5f35719aec4879c22a98467ef","32835160f432ebe873e50d5c2817e40f05096f240768150dfa29a2cbf4655f3c","f7c501584f0b685b26aaaa913a9fd975e4d94474a9fac38b95d74fe0513bc23d","114039"
"ASC950-SIGN-0277","最小参考资料库/search-log.csv","search_id","SEARCH-M2W3-HUAWEI-ASC950PR-HBM-STACKS","审计/子代理交接/m2_staging/M2-W3-HUAWEI-ASCEND950-PHYSICAL/structured/search-log.csv","8aa6b59c5a6dbb920d01387042fbbbf9c3df78d68a4aeb602243ff62eed76169","20905","draft","reviewed","","","","a7418826970e64852cf259fb94d6e9ba34770002f76b33c10364190e2383a4ba","a7418826970e64852cf259fb94d6e9ba34770002f76b33c10364190e2383a4ba","dc8f602bd538dd8509bdd51aabba3e4086d87c1b9cfc7434d2dd16478087b990","f7c501584f0b685b26aaaa913a9fd975e4d94474a9fac38b95d74fe0513bc23d","114039"
"ASC950-SIGN-0278","最小参考资料库/search-log.csv","search_id","SEARCH-M2W3-HUAWEI-ASC950PR-HBM-INTERFACE","审计/子代理交接/m2_staging/M2-W3-HUAWEI-ASCEND950-PHYSICAL/structured/search-log.csv","8aa6b59c5a6dbb920d01387042fbbbf9c3df78d68a4aeb602243ff62eed76169","20905","draft","reviewed","","","","dfa87508cb72a3319da0c9323b039fac69f539adb078fcb3313341125f1e2d63","dfa87508cb72a3319da0c9323b039fac69f539adb078fcb3313341125f1e2d63","be95f29e2c394b56a814c2fc7ddb76b584c7842edce8a82fc4843883a470af12","f7c501584f0b685b26aaaa913a9fd975e4d94474a9fac38b95d74fe0513bc23d","114039"
"ASC950-SIGN-0279","最小参考资料库/search-log.csv","search_id","SEARCH-M2W3-HUAWEI-ASC950PR-INTERPOSER","审计/子代理交接/m2_staging/M2-W3-HUAWEI-ASCEND950-PHYSICAL/structured/search-log.csv","8aa6b59c5a6dbb920d01387042fbbbf9c3df78d68a4aeb602243ff62eed76169","20905","draft","reviewed","","","","c751b7bfbe87431ad9c02577c9dfcb1b4fc94564f210ff06932a75a6782104fc","c751b7bfbe87431ad9c02577c9dfcb1b4fc94564f210ff06932a75a6782104fc","99bae4add5a0267353655b591a89d63ba711e4704b49738a604b2218f0814e66","f7c501584f0b685b26aaaa913a9fd975e4d94474a9fac38b95d74fe0513bc23d","114039"
"ASC950-SIGN-0280","最小参考资料库/search-log.csv","search_id","SEARCH-M2W3-HUAWEI-ASC950PR-POWER","审计/子代理交接/m2_staging/M2-W3-HUAWEI-ASCEND950-PHYSICAL/structured/search-log.csv","8aa6b59c5a6dbb920d01387042fbbbf9c3df78d68a4aeb602243ff62eed76169","20905","draft","reviewed","","","","ffb3520d8620d58d347202183e316e1c01086c5c04c06c7c1ce50691af9c1203","ffb3520d8620d58d347202183e316e1c01086c5c04c06c7c1ce50691af9c1203","2a08fcee8ba7a83aaab046c1d6a90646bb46c5c6452cd89971d5c2bb80e531c0","f7c501584f0b685b26aaaa913a9fd975e4d94474a9fac38b95d74fe0513bc23d","114039"
"ASC950-SIGN-0281","最小参考资料库/search-log.csv","search_id","SEARCH-M2W3-HUAWEI-ASC950PR-MEM-LATENCY","审计/子代理交接/m2_staging/M2-W3-HUAWEI-ASCEND950-PHYSICAL/structured/search-log.csv","8aa6b59c5a6dbb920d01387042fbbbf9c3df78d68a4aeb602243ff62eed76169","20905","draft","reviewed","","","","bc5d8a208b8e0e3ca4b4b4495b82bf2e2de66ec976ba32ab9ffc7d038e36a28a","bc5d8a208b8e0e3ca4b4b4495b82bf2e2de66ec976ba32ab9ffc7d038e36a28a","24fa7de3c8adf70a85b231abb17f751aa83141b258b9c451d68b0fa0892cb08e","f7c501584f0b685b26aaaa913a9fd975e4d94474a9fac38b95d74fe0513bc23d","114039"
"ASC950-SIGN-0282","最小参考资料库/search-log.csv","search_id","SEARCH-M2W3-HUAWEI-ASC950PR-MEM-RW-MODEL","审计/子代理交接/m2_staging/M2-W3-HUAWEI-ASCEND950-PHYSICAL/structured/search-log.csv","8aa6b59c5a6dbb920d01387042fbbbf9c3df78d68a4aeb602243ff62eed76169","20905","draft","reviewed","","","","61b7b395cb2443c9cdc2fba6b9fb76926c26a815f89c35d9602565012f4e99c5","61b7b395cb2443c9cdc2fba6b9fb76926c26a815f89c35d9602565012f4e99c5","e814adb1dd064b1e64671e869d69b3d35f405cff7c35c187b2b382ab134aeb5d","f7c501584f0b685b26aaaa913a9fd975e4d94474a9fac38b95d74fe0513bc23d","114039"
"ASC950-SIGN-0283","最小参考资料库/search-log.csv","search_id","SEARCH-M2W3-HUAWEI-ASC950PR-LINK-RATE","审计/子代理交接/m2_staging/M2-W3-HUAWEI-ASCEND950-PHYSICAL/structured/search-log.csv","8aa6b59c5a6dbb920d01387042fbbbf9c3df78d68a4aeb602243ff62eed76169","20905","draft","reviewed","","","","7390994629659b407967be7eab43bea9899653493f4d44cad6141eca2887445a","7390994629659b407967be7eab43bea9899653493f4d44cad6141eca2887445a","952b8b892ddaf73711971faa85171d7219af74cb22c258de2e15181e46467287","f7c501584f0b685b26aaaa913a9fd975e4d94474a9fac38b95d74fe0513bc23d","114039"
"ASC950-SIGN-0284","最小参考资料库/search-log.csv","search_id","SEARCH-M2W3-HUAWEI-ASC950PR-LINK-COUNT","审计/子代理交接/m2_staging/M2-W3-HUAWEI-ASCEND950-PHYSICAL/structured/search-log.csv","8aa6b59c5a6dbb920d01387042fbbbf9c3df78d68a4aeb602243ff62eed76169","20905","draft","reviewed","","","","25b269ab69ab9939c812ea0dd033412933537ee8db517374e011f048734d3fd6","25b269ab69ab9939c812ea0dd033412933537ee8db517374e011f048734d3fd6","3bead5a8dbe013197141c2f55f2b542e7ff1ba106f6e645df89fb901f0b83d28","f7c501584f0b685b26aaaa913a9fd975e4d94474a9fac38b95d74fe0513bc23d","114039"
"ASC950-SIGN-0285","最小参考资料库/search-log.csv","search_id","SEARCH-M2W3-HUAWEI-ASC950PR-TOPOLOGY","审计/子代理交接/m2_staging/M2-W3-HUAWEI-ASCEND950-PHYSICAL/structured/search-log.csv","8aa6b59c5a6dbb920d01387042fbbbf9c3df78d68a4aeb602243ff62eed76169","20905","draft","reviewed","","","","a1f214efbf7f3128c626d55463d628a6a522658cf23b0b0de82ad5bb584fb5c2","a1f214efbf7f3128c626d55463d628a6a522658cf23b0b0de82ad5bb584fb5c2","4f7f2b5f8e9f380089f980031518f081e2dd37200f9aac4bf20f8257f0a8e1d8","f7c501584f0b685b26aaaa913a9fd975e4d94474a9fac38b95d74fe0513bc23d","114039"
"ASC950-SIGN-0286","最小参考资料库/search-log.csv","search_id","SEARCH-M2W3-HUAWEI-ASC950PR-SPECIAL-DETAIL","审计/子代理交接/m2_staging/M2-W3-HUAWEI-ASCEND950-PHYSICAL/structured/search-log.csv","8aa6b59c5a6dbb920d01387042fbbbf9c3df78d68a4aeb602243ff62eed76169","20905","draft","reviewed","","","","1be30188d7e4be60b9fa147c987bf99d23373709c4e6fe6e14a8c002a498a807","1be30188d7e4be60b9fa147c987bf99d23373709c4e6fe6e14a8c002a498a807","cdcba749afc81015a44f83beefbbeab725350cb3e124290f9fcf875a073130ef","f7c501584f0b685b26aaaa913a9fd975e4d94474a9fac38b95d74fe0513bc23d","114039"
"ASC950-SIGN-0287","最小参考资料库/search-log.csv","search_id","SEARCH-M2W3-HUAWEI-ASC950PR-COMPILER","审计/子代理交接/m2_staging/M2-W3-HUAWEI-ASCEND950-PHYSICAL/structured/search-log.csv","8aa6b59c5a6dbb920d01387042fbbbf9c3df78d68a4aeb602243ff62eed76169","20905","draft","reviewed","","","","82e9efc61e982fa8a6e7187ffa041bc7327ddd2fd599cfd97e2c74e43ffefe3f","82e9efc61e982fa8a6e7187ffa041bc7327ddd2fd599cfd97e2c74e43ffefe3f","c5c3520c823a8041d4c607bd46d1627c6d7c308a0eb9b4bb2ddbd71b48a4892f","f7c501584f0b685b26aaaa913a9fd975e4d94474a9fac38b95d74fe0513bc23d","114039"
"ASC950-SIGN-0288","最小参考资料库/search-log.csv","search_id","SEARCH-M2W3-HUAWEI-ASC950PR-RUNTIME","审计/子代理交接/m2_staging/M2-W3-HUAWEI-ASCEND950-PHYSICAL/structured/search-log.csv","8aa6b59c5a6dbb920d01387042fbbbf9c3df78d68a4aeb602243ff62eed76169","20905","draft","reviewed","","","","c18e67c99255a281c77585d47592c0d64130678aa6e799dfe59e2b6e9a1b970c","c18e67c99255a281c77585d47592c0d64130678aa6e799dfe59e2b6e9a1b970c","79820eb26147f64ce66a384e964c9d99dab2fc46801ca8c4a7bb45189c93916c","f7c501584f0b685b26aaaa913a9fd975e4d94474a9fac38b95d74fe0513bc23d","114039"
"ASC950-SIGN-0289","最小参考资料库/search-log.csv","search_id","SEARCH-M2W3-HUAWEI-ASC950PR-ACCUM","审计/子代理交接/m2_staging/M2-W3-HUAWEI-ASCEND950-PHYSICAL/structured/search-log.csv","8aa6b59c5a6dbb920d01387042fbbbf9c3df78d68a4aeb602243ff62eed76169","20905","draft","reviewed","","","","a8f53015850bb7e5a2b4167836d7bf63edd5e0654e275cc6c2242b8cc593722a","a8f53015850bb7e5a2b4167836d7bf63edd5e0654e275cc6c2242b8cc593722a","fdca3f6810282c216e76dd56637b710807f9a26115f3e933f9c4a3c53e6843e8","f7c501584f0b685b26aaaa913a9fd975e4d94474a9fac38b95d74fe0513bc23d","114039"
"ASC950-SIGN-0290","最小参考资料库/search-log.csv","search_id","SEARCH-M2W3-HUAWEI-ASC950PR-PHYSICAL-ACCUM","审计/子代理交接/m2_staging/M2-W3-HUAWEI-ASCEND950-PHYSICAL/structured/search-log.csv","8aa6b59c5a6dbb920d01387042fbbbf9c3df78d68a4aeb602243ff62eed76169","20905","draft","reviewed","","","","844fea481cc89649e278ded758cd59999d391ed9cabc7658839c3ba31288ff99","844fea481cc89649e278ded758cd59999d391ed9cabc7658839c3ba31288ff99","62ec66a0b6da143f67154803d71f171798dee2c3cf328db1546f75d3c8ac5abc","f7c501584f0b685b26aaaa913a9fd975e4d94474a9fac38b95d74fe0513bc23d","114039"
"ASC950-SIGN-0291","最小参考资料库/search-log.csv","search_id","SEARCH-M2W3-HUAWEI-ASC950DT-DIE-COUNT","审计/子代理交接/m2_staging/M2-W3-HUAWEI-ASCEND950-PHYSICAL/structured/search-log.csv","8aa6b59c5a6dbb920d01387042fbbbf9c3df78d68a4aeb602243ff62eed76169","20905","draft","reviewed","","","","efafbc02274835cfa53685536498b5440ab6864397a6d447dc1228d32c5fa3e9","efafbc02274835cfa53685536498b5440ab6864397a6d447dc1228d32c5fa3e9","658823ff05441ead4304c4cb5e7bca65abc7d6b85920c0e0ba4ae0b494fa7aa1","f7c501584f0b685b26aaaa913a9fd975e4d94474a9fac38b95d74fe0513bc23d","114039"
"ASC950-SIGN-0292","最小参考资料库/search-log.csv","search_id","SEARCH-M2W3-HUAWEI-ASC950DT-HBM-STACKS","审计/子代理交接/m2_staging/M2-W3-HUAWEI-ASCEND950-PHYSICAL/structured/search-log.csv","8aa6b59c5a6dbb920d01387042fbbbf9c3df78d68a4aeb602243ff62eed76169","20905","draft","reviewed","","","","64faf9376f388cb2494b741587762e65580cd1e394b99f2b254729aa2eb5d565","64faf9376f388cb2494b741587762e65580cd1e394b99f2b254729aa2eb5d565","5d5f000fcc219833e7d3d8739cd28cd595b544c3d364e34ecef2606b2000baaa","f7c501584f0b685b26aaaa913a9fd975e4d94474a9fac38b95d74fe0513bc23d","114039"
"ASC950-SIGN-0293","最小参考资料库/search-log.csv","search_id","SEARCH-M2W3-HUAWEI-ASC950DT-HBM-INTERFACE","审计/子代理交接/m2_staging/M2-W3-HUAWEI-ASCEND950-PHYSICAL/structured/search-log.csv","8aa6b59c5a6dbb920d01387042fbbbf9c3df78d68a4aeb602243ff62eed76169","20905","draft","reviewed","","","","45b7ba18ec24269f1fd84b245aca9c19f1738bedb2ee8331c988b11eeb34159f","45b7ba18ec24269f1fd84b245aca9c19f1738bedb2ee8331c988b11eeb34159f","7bc7ecad5760bea1f00f417a05d86ee642994f88869894c5e09ebd739874daab","f7c501584f0b685b26aaaa913a9fd975e4d94474a9fac38b95d74fe0513bc23d","114039"
"ASC950-SIGN-0294","最小参考资料库/search-log.csv","search_id","SEARCH-M2W3-HUAWEI-ASC950DT-INTERPOSER","审计/子代理交接/m2_staging/M2-W3-HUAWEI-ASCEND950-PHYSICAL/structured/search-log.csv","8aa6b59c5a6dbb920d01387042fbbbf9c3df78d68a4aeb602243ff62eed76169","20905","draft","reviewed","","","","e49a986dd210dc7d6afbd5afe57d9d6b9de0bb7f9834995191453e1a95b164fa","e49a986dd210dc7d6afbd5afe57d9d6b9de0bb7f9834995191453e1a95b164fa","93b558a79b824703d5d6bb239bcb966054e514bea08a35214d7f2ae779722551","f7c501584f0b685b26aaaa913a9fd975e4d94474a9fac38b95d74fe0513bc23d","114039"
"ASC950-SIGN-0295","最小参考资料库/search-log.csv","search_id","SEARCH-M2W3-HUAWEI-ASC950DT-POWER","审计/子代理交接/m2_staging/M2-W3-HUAWEI-ASCEND950-PHYSICAL/structured/search-log.csv","8aa6b59c5a6dbb920d01387042fbbbf9c3df78d68a4aeb602243ff62eed76169","20905","draft","reviewed","","","","eb6d29dfea845edf94684fc9d8274bf85d6a0f9f1f2b148e52e89f5b57dd142b","eb6d29dfea845edf94684fc9d8274bf85d6a0f9f1f2b148e52e89f5b57dd142b","a4e07709257ac0af0d23317f5c557c9779ff376ccfbf45ec7fcbdcea4978406f","f7c501584f0b685b26aaaa913a9fd975e4d94474a9fac38b95d74fe0513bc23d","114039"
"ASC950-SIGN-0296","最小参考资料库/search-log.csv","search_id","SEARCH-M2W3-HUAWEI-ASC950DT-MEM-LATENCY","审计/子代理交接/m2_staging/M2-W3-HUAWEI-ASCEND950-PHYSICAL/structured/search-log.csv","8aa6b59c5a6dbb920d01387042fbbbf9c3df78d68a4aeb602243ff62eed76169","20905","draft","reviewed","","","","d99f3c9614758459fac02358ff0aa0381806a342a944f7360db0f11430dd2feb","d99f3c9614758459fac02358ff0aa0381806a342a944f7360db0f11430dd2feb","c89f45b6a62dffb6df6dfa5129f00101603333283dcc6c77191ad8fb310fb307","f7c501584f0b685b26aaaa913a9fd975e4d94474a9fac38b95d74fe0513bc23d","114039"
"ASC950-SIGN-0297","最小参考资料库/search-log.csv","search_id","SEARCH-M2W3-HUAWEI-ASC950DT-MEM-RW-MODEL","审计/子代理交接/m2_staging/M2-W3-HUAWEI-ASCEND950-PHYSICAL/structured/search-log.csv","8aa6b59c5a6dbb920d01387042fbbbf9c3df78d68a4aeb602243ff62eed76169","20905","draft","reviewed","","","","ce106beeefac3435005bd071a5cb765f2e5ffdb38a841ce7974f970b3cfe2088","ce106beeefac3435005bd071a5cb765f2e5ffdb38a841ce7974f970b3cfe2088","151cc5ce70fdc853fe555ae3fd2f4e28032ab4e846ffce57c2aa3b5d8e9de8ed","f7c501584f0b685b26aaaa913a9fd975e4d94474a9fac38b95d74fe0513bc23d","114039"
"ASC950-SIGN-0298","最小参考资料库/search-log.csv","search_id","SEARCH-M2W3-HUAWEI-ASC950DT-LINK-RATE","审计/子代理交接/m2_staging/M2-W3-HUAWEI-ASCEND950-PHYSICAL/structured/search-log.csv","8aa6b59c5a6dbb920d01387042fbbbf9c3df78d68a4aeb602243ff62eed76169","20905","draft","reviewed","","","","55678116722d82bd200642428aa0ac667333ffcc34c7a24cfa11b8868a5e5e13","55678116722d82bd200642428aa0ac667333ffcc34c7a24cfa11b8868a5e5e13","d000e77db6a83fd52c3f04b6672f292fcd25cf57f647fcb79217a2277ac288a8","f7c501584f0b685b26aaaa913a9fd975e4d94474a9fac38b95d74fe0513bc23d","114039"
"ASC950-SIGN-0299","最小参考资料库/search-log.csv","search_id","SEARCH-M2W3-HUAWEI-ASC950DT-LINK-COUNT","审计/子代理交接/m2_staging/M2-W3-HUAWEI-ASCEND950-PHYSICAL/structured/search-log.csv","8aa6b59c5a6dbb920d01387042fbbbf9c3df78d68a4aeb602243ff62eed76169","20905","draft","reviewed","","","","49a8338f31a5dad12f7336e26d858fe349dc45e7768e1d8fa94843b077cf9d00","49a8338f31a5dad12f7336e26d858fe349dc45e7768e1d8fa94843b077cf9d00","aecb94e172376987863e3086f0f828e2b78c47363c7af9aebbba8dbf1df58639","f7c501584f0b685b26aaaa913a9fd975e4d94474a9fac38b95d74fe0513bc23d","114039"
"ASC950-SIGN-0300","最小参考资料库/search-log.csv","search_id","SEARCH-M2W3-HUAWEI-ASC950DT-TOPOLOGY","审计/子代理交接/m2_staging/M2-W3-HUAWEI-ASCEND950-PHYSICAL/structured/search-log.csv","8aa6b59c5a6dbb920d01387042fbbbf9c3df78d68a4aeb602243ff62eed76169","20905","draft","reviewed","","","","91b6affb541834470b84b444d372563c882a299de4f09b375a45fc2cfef04ee0","91b6affb541834470b84b444d372563c882a299de4f09b375a45fc2cfef04ee0","a6197fff0f62e1c46bb463cc97e851969337cc8e5e8cdcd87462bc6916652f1e","f7c501584f0b685b26aaaa913a9fd975e4d94474a9fac38b95d74fe0513bc23d","114039"
"ASC950-SIGN-0301","最小参考资料库/search-log.csv","search_id","SEARCH-M2W3-HUAWEI-ASC950DT-SPECIAL-DETAIL","审计/子代理交接/m2_staging/M2-W3-HUAWEI-ASCEND950-PHYSICAL/structured/search-log.csv","8aa6b59c5a6dbb920d01387042fbbbf9c3df78d68a4aeb602243ff62eed76169","20905","draft","reviewed","","","","81f48d0cdbffdcdd6ba79acdbb27e0331bb3134bb099263412f50554b4f07940","81f48d0cdbffdcdd6ba79acdbb27e0331bb3134bb099263412f50554b4f07940","d5463faea1b8b1f8c04c8875967baba62b8cbd8c51f6a02a19fc95b0b1f1b618","f7c501584f0b685b26aaaa913a9fd975e4d94474a9fac38b95d74fe0513bc23d","114039"
"ASC950-SIGN-0302","最小参考资料库/search-log.csv","search_id","SEARCH-M2W3-HUAWEI-ASC950DT-COMPILER","审计/子代理交接/m2_staging/M2-W3-HUAWEI-ASCEND950-PHYSICAL/structured/search-log.csv","8aa6b59c5a6dbb920d01387042fbbbf9c3df78d68a4aeb602243ff62eed76169","20905","draft","reviewed","","","","5d2d1ca92f9994222e278dea5fcbfb36ad8cedc2e58b297c71dcda5bca387660","5d2d1ca92f9994222e278dea5fcbfb36ad8cedc2e58b297c71dcda5bca387660","8178ded0a52a26f9863583c0b13d045766eff6e293d20c83f10901cb025475dc","f7c501584f0b685b26aaaa913a9fd975e4d94474a9fac38b95d74fe0513bc23d","114039"
"ASC950-SIGN-0303","最小参考资料库/search-log.csv","search_id","SEARCH-M2W3-HUAWEI-ASC950DT-RUNTIME","审计/子代理交接/m2_staging/M2-W3-HUAWEI-ASCEND950-PHYSICAL/structured/search-log.csv","8aa6b59c5a6dbb920d01387042fbbbf9c3df78d68a4aeb602243ff62eed76169","20905","draft","reviewed","","","","07696a5a780b73fe344e210566bcf4c8817ee477ee81d997480c8110e7976cc6","07696a5a780b73fe344e210566bcf4c8817ee477ee81d997480c8110e7976cc6","1b3ccce29ee0dc31f0ae46a23895b44ae8f584cdc43431a9d6a25ca146b28f28","f7c501584f0b685b26aaaa913a9fd975e4d94474a9fac38b95d74fe0513bc23d","114039"
"ASC950-SIGN-0304","最小参考资料库/search-log.csv","search_id","SEARCH-M2W3-HUAWEI-ASC950DT-ACCUM","审计/子代理交接/m2_staging/M2-W3-HUAWEI-ASCEND950-PHYSICAL/structured/search-log.csv","8aa6b59c5a6dbb920d01387042fbbbf9c3df78d68a4aeb602243ff62eed76169","20905","draft","reviewed","","","","929c5ea1bad4f86ff85a2c84c0e1656a82f6a653f1d9e936e1e413b634cfb5bb","929c5ea1bad4f86ff85a2c84c0e1656a82f6a653f1d9e936e1e413b634cfb5bb","a1941f95c7607044f2a3171f637aa78a7ed601e17f5b77e31851b605a0a7d04c","f7c501584f0b685b26aaaa913a9fd975e4d94474a9fac38b95d74fe0513bc23d","114039"
"ASC950-SIGN-0305","最小参考资料库/search-log.csv","search_id","SEARCH-M2W3-HUAWEI-ASC950DT-PHYSICAL-ACCUM","审计/子代理交接/m2_staging/M2-W3-HUAWEI-ASCEND950-PHYSICAL/structured/search-log.csv","8aa6b59c5a6dbb920d01387042fbbbf9c3df78d68a4aeb602243ff62eed76169","20905","draft","reviewed","","","","6e311381f4d3032a2f84ac5f494534977a92ff6fcc77853de4b61c1c217ad6b6","6e311381f4d3032a2f84ac5f494534977a92ff6fcc77853de4b61c1c217ad6b6","0c27b4288de18828659b73cee065ae37185c261b30a5d14c67318fb5f3d3696c","f7c501584f0b685b26aaaa913a9fd975e4d94474a9fac38b95d74fe0513bc23d","114039"
"ASC950-SIGN-0306","最小参考资料库/search-results.csv","search_result_id","SRESULT-M2W3-HUAWEI-ASC950-DIE-PROCESS-H2","审计/子代理交接/m2_staging/M2-W3-HUAWEI-ASCEND950-PHYSICAL/structured/search-results.csv","64402aab5d564822cd65b94018b1784250a38b824e1cda0625cca2b90b3727ba","48932","draft","reviewed","","","","c4a048eabad90687521fbc1b6ef52ec288b90447086e2bbe3712ddc792040783","c4a048eabad90687521fbc1b6ef52ec288b90447086e2bbe3712ddc792040783","4a532b00b2a520d0f16c0b06831244203e753984e9aa4b9d8b43aeabd0251ddf","92aec74a85406ffa96c826348ffe298dba702639ecdf956160bf655db48cc40f","77301"
"ASC950-SIGN-0307","最小参考资料库/search-results.csv","search_result_id","SRESULT-M2W3-HUAWEI-ASC950-DIE-PROCESS-H6","审计/子代理交接/m2_staging/M2-W3-HUAWEI-ASCEND950-PHYSICAL/structured/search-results.csv","64402aab5d564822cd65b94018b1784250a38b824e1cda0625cca2b90b3727ba","48932","draft","reviewed","","","","08eac6d723caf4a16b3bbd4fd9a522af474786a5583563437af47b44535f6ba6","08eac6d723caf4a16b3bbd4fd9a522af474786a5583563437af47b44535f6ba6","dfd2bf4714e0a5ced4606840869bbacd27400be7dbdf965ef5e2705df43d6285","92aec74a85406ffa96c826348ffe298dba702639ecdf956160bf655db48cc40f","77301"
"ASC950-SIGN-0308","最小参考资料库/search-results.csv","search_result_id","SRESULT-M2W3-HUAWEI-ASC950-DIE-PROCESS-H7","审计/子代理交接/m2_staging/M2-W3-HUAWEI-ASCEND950-PHYSICAL/structured/search-results.csv","64402aab5d564822cd65b94018b1784250a38b824e1cda0625cca2b90b3727ba","48932","draft","reviewed","","","","c49dce7291cb03d96d4e2f1633fb637ffa597a8574406d85b944b02f35f646e3","c49dce7291cb03d96d4e2f1633fb637ffa597a8574406d85b944b02f35f646e3","1213c0643d0e35e774123614781dedb98a5cb5711e4b003a2a7106f4b0fc8a3e","92aec74a85406ffa96c826348ffe298dba702639ecdf956160bf655db48cc40f","77301"
"ASC950-SIGN-0309","最小参考资料库/search-results.csv","search_result_id","SRESULT-M2W3-HUAWEI-ASC950-DIE-PROCESS-H12","审计/子代理交接/m2_staging/M2-W3-HUAWEI-ASCEND950-PHYSICAL/structured/search-results.csv","64402aab5d564822cd65b94018b1784250a38b824e1cda0625cca2b90b3727ba","48932","draft","reviewed","","","","91422e8a14fe618fb86161831c0f165ce4d06488bf0cd3ba9c6de9391f49f19a","91422e8a14fe618fb86161831c0f165ce4d06488bf0cd3ba9c6de9391f49f19a","713f3ba4939d703b5038f9462e0be7bd9c54a007cd4e9f8ce11c5af15e5bad57","92aec74a85406ffa96c826348ffe298dba702639ecdf956160bf655db48cc40f","77301"
"ASC950-SIGN-0310","最小参考资料库/search-results.csv","search_result_id","SRESULT-M2W3-HUAWEI-ASC950-DIE-DIE-AREA-H2","审计/子代理交接/m2_staging/M2-W3-HUAWEI-ASCEND950-PHYSICAL/structured/search-results.csv","64402aab5d564822cd65b94018b1784250a38b824e1cda0625cca2b90b3727ba","48932","draft","reviewed","","","","b891080bb115ea31988e921f6f720e76ecbd784c9fb192dcff88d5f651d38842","b891080bb115ea31988e921f6f720e76ecbd784c9fb192dcff88d5f651d38842","b7bcac7f42eea14da2e64a1864cd03fc24676775092d7adf0eba8d6361cd3820","92aec74a85406ffa96c826348ffe298dba702639ecdf956160bf655db48cc40f","77301"
"ASC950-SIGN-0311","最小参考资料库/search-results.csv","search_result_id","SRESULT-M2W3-HUAWEI-ASC950-DIE-DIE-AREA-H6","审计/子代理交接/m2_staging/M2-W3-HUAWEI-ASCEND950-PHYSICAL/structured/search-results.csv","64402aab5d564822cd65b94018b1784250a38b824e1cda0625cca2b90b3727ba","48932","draft","reviewed","","","","8405fbcd4b5a21b86027899f0d5229fe36e98453008569186a89418993433b3a","8405fbcd4b5a21b86027899f0d5229fe36e98453008569186a89418993433b3a","3cd479aea0a604b2a50edea494bc6b66ef595af789551012c4b59212de0f6385","92aec74a85406ffa96c826348ffe298dba702639ecdf956160bf655db48cc40f","77301"
"ASC950-SIGN-0312","最小参考资料库/search-results.csv","search_result_id","SRESULT-M2W3-HUAWEI-ASC950-DIE-DIE-AREA-H7","审计/子代理交接/m2_staging/M2-W3-HUAWEI-ASCEND950-PHYSICAL/structured/search-results.csv","64402aab5d564822cd65b94018b1784250a38b824e1cda0625cca2b90b3727ba","48932","draft","reviewed","","","","b741a82a52150b30296d0ff1279cdece902df448ff51e63b9502e72d9260fd86","b741a82a52150b30296d0ff1279cdece902df448ff51e63b9502e72d9260fd86","b19ae331576db47f83fdc306a17fd4d840016188f5f78618f5f0179e6a0bae22","92aec74a85406ffa96c826348ffe298dba702639ecdf956160bf655db48cc40f","77301"
"ASC950-SIGN-0313","最小参考资料库/search-results.csv","search_result_id","SRESULT-M2W3-HUAWEI-ASC950-DIE-DIE-AREA-H12","审计/子代理交接/m2_staging/M2-W3-HUAWEI-ASCEND950-PHYSICAL/structured/search-results.csv","64402aab5d564822cd65b94018b1784250a38b824e1cda0625cca2b90b3727ba","48932","draft","reviewed","","","","96634bee316d0b1ccfbe4afecdcbf9854af10d709c55966486f2e83fe2b1a108","96634bee316d0b1ccfbe4afecdcbf9854af10d709c55966486f2e83fe2b1a108","1e8e9fc18d4b962a06e5a6e90e0f1fe5a2b7e98f0f849f8fe543894be2dd08eb","92aec74a85406ffa96c826348ffe298dba702639ecdf956160bf655db48cc40f","77301"
"ASC950-SIGN-0314","最小参考资料库/search-results.csv","search_result_id","SRESULT-M2W3-HUAWEI-ASC950-DIE-TRANSISTORS-H2","审计/子代理交接/m2_staging/M2-W3-HUAWEI-ASCEND950-PHYSICAL/structured/search-results.csv","64402aab5d564822cd65b94018b1784250a38b824e1cda0625cca2b90b3727ba","48932","draft","reviewed","","","","1799d076233223051b0d21fcfdd015eae102f732b227131dcae78af4b2438f6b","1799d076233223051b0d21fcfdd015eae102f732b227131dcae78af4b2438f6b","646d7ca17932277fa4b82921625849a29f63af9c26784aa12b9545843114669c","92aec74a85406ffa96c826348ffe298dba702639ecdf956160bf655db48cc40f","77301"
"ASC950-SIGN-0315","最小参考资料库/search-results.csv","search_result_id","SRESULT-M2W3-HUAWEI-ASC950-DIE-TRANSISTORS-H6","审计/子代理交接/m2_staging/M2-W3-HUAWEI-ASCEND950-PHYSICAL/structured/search-results.csv","64402aab5d564822cd65b94018b1784250a38b824e1cda0625cca2b90b3727ba","48932","draft","reviewed","","","","26b99a2e88d4ed464424f8ef66fa73d83d08acec39e1deae42818590f6582093","26b99a2e88d4ed464424f8ef66fa73d83d08acec39e1deae42818590f6582093","6f210a5622174dd560477e47e6c7354aac80cb03b703acce668bdcac90e53a90","92aec74a85406ffa96c826348ffe298dba702639ecdf956160bf655db48cc40f","77301"
"ASC950-SIGN-0316","最小参考资料库/search-results.csv","search_result_id","SRESULT-M2W3-HUAWEI-ASC950-DIE-TRANSISTORS-H7","审计/子代理交接/m2_staging/M2-W3-HUAWEI-ASCEND950-PHYSICAL/structured/search-results.csv","64402aab5d564822cd65b94018b1784250a38b824e1cda0625cca2b90b3727ba","48932","draft","reviewed","","","","e2e51d761b27c3fb02637fc7a9563dbe71149b43db6fd34edbb60fc76d7a6b63","e2e51d761b27c3fb02637fc7a9563dbe71149b43db6fd34edbb60fc76d7a6b63","6d420df72e879b2c887de5a7366d862ced7842ea38f7aa220e9bc66ea77ea454","92aec74a85406ffa96c826348ffe298dba702639ecdf956160bf655db48cc40f","77301"
"ASC950-SIGN-0317","最小参考资料库/search-results.csv","search_result_id","SRESULT-M2W3-HUAWEI-ASC950-DIE-TRANSISTORS-H12","审计/子代理交接/m2_staging/M2-W3-HUAWEI-ASCEND950-PHYSICAL/structured/search-results.csv","64402aab5d564822cd65b94018b1784250a38b824e1cda0625cca2b90b3727ba","48932","draft","reviewed","","","","aae186baea359fb95153fab84327eb2661fff0014c037a035d32f62cd571e6ad","aae186baea359fb95153fab84327eb2661fff0014c037a035d32f62cd571e6ad","1f213af211cf9dc031c993ee0ab5664dd69fadf2e3f4bf8b66c4e0c2edb7e8e5","92aec74a85406ffa96c826348ffe298dba702639ecdf956160bf655db48cc40f","77301"
"ASC950-SIGN-0318","最小参考资料库/search-results.csv","search_result_id","SRESULT-M2W3-HUAWEI-ASC950-DIE-CLOCK-H2","审计/子代理交接/m2_staging/M2-W3-HUAWEI-ASCEND950-PHYSICAL/structured/search-results.csv","64402aab5d564822cd65b94018b1784250a38b824e1cda0625cca2b90b3727ba","48932","draft","reviewed","","","","9fddf7a8cfb1d4dc646e50d136616aee90031c32960c4bb87748b061017a9849","9fddf7a8cfb1d4dc646e50d136616aee90031c32960c4bb87748b061017a9849","69334cfd6448690cb15610d958eb79ddcaed181b1b3489a82e321fc797d0c1e6","92aec74a85406ffa96c826348ffe298dba702639ecdf956160bf655db48cc40f","77301"
"ASC950-SIGN-0319","最小参考资料库/search-results.csv","search_result_id","SRESULT-M2W3-HUAWEI-ASC950-DIE-CLOCK-H6","审计/子代理交接/m2_staging/M2-W3-HUAWEI-ASCEND950-PHYSICAL/structured/search-results.csv","64402aab5d564822cd65b94018b1784250a38b824e1cda0625cca2b90b3727ba","48932","draft","reviewed","","","","4c1e518c01b4c07d9cbff03e6976ea0ce55a7c70c084e062a65ed04cd5c3fc9b","4c1e518c01b4c07d9cbff03e6976ea0ce55a7c70c084e062a65ed04cd5c3fc9b","922f039bfc9a51078455acd186d4ff65d9f42d9db74d3c73a3e378ad2163a2df","92aec74a85406ffa96c826348ffe298dba702639ecdf956160bf655db48cc40f","77301"
"ASC950-SIGN-0320","最小参考资料库/search-results.csv","search_result_id","SRESULT-M2W3-HUAWEI-ASC950-DIE-CLOCK-H7","审计/子代理交接/m2_staging/M2-W3-HUAWEI-ASCEND950-PHYSICAL/structured/search-results.csv","64402aab5d564822cd65b94018b1784250a38b824e1cda0625cca2b90b3727ba","48932","draft","reviewed","","","","4c98fd8594e5caa36ceb98310d370a7050ca9f4546b1652fe6fbc0316f186a49","4c98fd8594e5caa36ceb98310d370a7050ca9f4546b1652fe6fbc0316f186a49","c48afb5543e30d71b58859e7f338da2de02a87748df4e42e60b516d0b6921f58","92aec74a85406ffa96c826348ffe298dba702639ecdf956160bf655db48cc40f","77301"
"ASC950-SIGN-0321","最小参考资料库/search-results.csv","search_result_id","SRESULT-M2W3-HUAWEI-ASC950-DIE-CLOCK-H12","审计/子代理交接/m2_staging/M2-W3-HUAWEI-ASCEND950-PHYSICAL/structured/search-results.csv","64402aab5d564822cd65b94018b1784250a38b824e1cda0625cca2b90b3727ba","48932","draft","reviewed","","","","67c903d0d71cbb49c2e98541f74b9933726350f1b60916fc1d085c4e2f86e67a","67c903d0d71cbb49c2e98541f74b9933726350f1b60916fc1d085c4e2f86e67a","0adac2b274934509df14bce3c6518855c129b10755861ed58106ea879618fc5e","92aec74a85406ffa96c826348ffe298dba702639ecdf956160bf655db48cc40f","77301"
"ASC950-SIGN-0322","最小参考资料库/search-results.csv","search_result_id","SRESULT-M2W3-HUAWEI-ASC950-DIE-POWER-H2","审计/子代理交接/m2_staging/M2-W3-HUAWEI-ASCEND950-PHYSICAL/structured/search-results.csv","64402aab5d564822cd65b94018b1784250a38b824e1cda0625cca2b90b3727ba","48932","draft","reviewed","","","","28424d6e00e9df5f2324d9e6d723cd4f5873d65bfe3970e04cd1c607914e62b8","28424d6e00e9df5f2324d9e6d723cd4f5873d65bfe3970e04cd1c607914e62b8","a4acd34dba7d605f7f0f3bc2575ab09a63e60c017102f0162ed84b99c6e4bf4a","92aec74a85406ffa96c826348ffe298dba702639ecdf956160bf655db48cc40f","77301"
"ASC950-SIGN-0323","最小参考资料库/search-results.csv","search_result_id","SRESULT-M2W3-HUAWEI-ASC950-DIE-POWER-H6","审计/子代理交接/m2_staging/M2-W3-HUAWEI-ASCEND950-PHYSICAL/structured/search-results.csv","64402aab5d564822cd65b94018b1784250a38b824e1cda0625cca2b90b3727ba","48932","draft","reviewed","","","","5d175afb01b978b11361f2574314237692aaa9a83c54dc7eb032e4c9a8fbead5","5d175afb01b978b11361f2574314237692aaa9a83c54dc7eb032e4c9a8fbead5","91d3d542156974d07b87d86e4ff6b52fb731352b14d36620ff86fc0a5bda270a","92aec74a85406ffa96c826348ffe298dba702639ecdf956160bf655db48cc40f","77301"
"ASC950-SIGN-0324","最小参考资料库/search-results.csv","search_result_id","SRESULT-M2W3-HUAWEI-ASC950-DIE-POWER-H7","审计/子代理交接/m2_staging/M2-W3-HUAWEI-ASCEND950-PHYSICAL/structured/search-results.csv","64402aab5d564822cd65b94018b1784250a38b824e1cda0625cca2b90b3727ba","48932","draft","reviewed","","","","ae07ee212dc8c093608257f9e5218340be75ed788553f979e2499de183125eac","ae07ee212dc8c093608257f9e5218340be75ed788553f979e2499de183125eac","384b47ce8b8fe6a9e5136b77772ae488878da2476cebea1bd7b3e40dcaf4fe4c","92aec74a85406ffa96c826348ffe298dba702639ecdf956160bf655db48cc40f","77301"
"ASC950-SIGN-0325","最小参考资料库/search-results.csv","search_result_id","SRESULT-M2W3-HUAWEI-ASC950-DIE-POWER-H12","审计/子代理交接/m2_staging/M2-W3-HUAWEI-ASCEND950-PHYSICAL/structured/search-results.csv","64402aab5d564822cd65b94018b1784250a38b824e1cda0625cca2b90b3727ba","48932","draft","reviewed","","","","20fcc2e5ca1c5bc880f7e65d45f6e7fcd3c689fcd91d1f8b46c20ded9dde4809","20fcc2e5ca1c5bc880f7e65d45f6e7fcd3c689fcd91d1f8b46c20ded9dde4809","60f06abe5fb6393b2594c52ba6d248674dfc7631e25af0a489cccef605785bc5","92aec74a85406ffa96c826348ffe298dba702639ecdf956160bf655db48cc40f","77301"
"ASC950-SIGN-0326","最小参考资料库/search-results.csv","search_result_id","SRESULT-M2W3-HUAWEI-ASC950-DIE-VECTOR-THROUGHPUT-H2","审计/子代理交接/m2_staging/M2-W3-HUAWEI-ASCEND950-PHYSICAL/structured/search-results.csv","64402aab5d564822cd65b94018b1784250a38b824e1cda0625cca2b90b3727ba","48932","draft","reviewed","","","","48520956c779dd5fe1b14b55932a2fa7356c065fe5e457a5c05cada3755ec701","48520956c779dd5fe1b14b55932a2fa7356c065fe5e457a5c05cada3755ec701","81a1d7eb64f12dd9b6988d220cf8235f07b24f1f50c41c999f54f8fbb09dbe48","92aec74a85406ffa96c826348ffe298dba702639ecdf956160bf655db48cc40f","77301"
"ASC950-SIGN-0327","最小参考资料库/search-results.csv","search_result_id","SRESULT-M2W3-HUAWEI-ASC950-DIE-VECTOR-THROUGHPUT-H6","审计/子代理交接/m2_staging/M2-W3-HUAWEI-ASCEND950-PHYSICAL/structured/search-results.csv","64402aab5d564822cd65b94018b1784250a38b824e1cda0625cca2b90b3727ba","48932","draft","reviewed","","","","9a507d0ee76e593a74f9eb0efe741f76a049890755232e1e849df651d82278c3","9a507d0ee76e593a74f9eb0efe741f76a049890755232e1e849df651d82278c3","bd22ffc02799c078fa8662283055ef2943e0edc2612a19ded3180566f425a024","92aec74a85406ffa96c826348ffe298dba702639ecdf956160bf655db48cc40f","77301"
"ASC950-SIGN-0328","最小参考资料库/search-results.csv","search_result_id","SRESULT-M2W3-HUAWEI-ASC950-DIE-VECTOR-THROUGHPUT-H7","审计/子代理交接/m2_staging/M2-W3-HUAWEI-ASCEND950-PHYSICAL/structured/search-results.csv","64402aab5d564822cd65b94018b1784250a38b824e1cda0625cca2b90b3727ba","48932","draft","reviewed","","","","6f58e85c7024fd0edfdc3d418d24ec55e908e6ee94b0d9bb8e151ccb54f7bf17","6f58e85c7024fd0edfdc3d418d24ec55e908e6ee94b0d9bb8e151ccb54f7bf17","0da37150ad0c5ac1833466521175366ae1da538e2a39c34d465685727a82369b","92aec74a85406ffa96c826348ffe298dba702639ecdf956160bf655db48cc40f","77301"
"ASC950-SIGN-0329","最小参考资料库/search-results.csv","search_result_id","SRESULT-M2W3-HUAWEI-ASC950-DIE-VECTOR-THROUGHPUT-H12","审计/子代理交接/m2_staging/M2-W3-HUAWEI-ASCEND950-PHYSICAL/structured/search-results.csv","64402aab5d564822cd65b94018b1784250a38b824e1cda0625cca2b90b3727ba","48932","draft","reviewed","","","","99537a2fd5a0399806e38f3e82fb04cda8da8aaffd95373cc24006893f797e86","99537a2fd5a0399806e38f3e82fb04cda8da8aaffd95373cc24006893f797e86","d11b5ef971a8bff6d550258ece78253919e0aa60a498398257107d63f351404f","92aec74a85406ffa96c826348ffe298dba702639ecdf956160bf655db48cc40f","77301"
"ASC950-SIGN-0330","最小参考资料库/search-results.csv","search_result_id","SRESULT-M2W3-HUAWEI-ASC950-DIE-FP8-ACCUM-H2","审计/子代理交接/m2_staging/M2-W3-HUAWEI-ASCEND950-PHYSICAL/structured/search-results.csv","64402aab5d564822cd65b94018b1784250a38b824e1cda0625cca2b90b3727ba","48932","draft","reviewed","","","","32fd1f2d3cfab3086f1f0d5ef86ff59f03edbb883849d5de05c7e30f98cb5725","32fd1f2d3cfab3086f1f0d5ef86ff59f03edbb883849d5de05c7e30f98cb5725","2d4c3aff54729a058b6d7d54b4f4ef7fe498cf2f9a589030dd44841b4da87c8d","92aec74a85406ffa96c826348ffe298dba702639ecdf956160bf655db48cc40f","77301"
"ASC950-SIGN-0331","最小参考资料库/search-results.csv","search_result_id","SRESULT-M2W3-HUAWEI-ASC950-DIE-FP8-ACCUM-H6","审计/子代理交接/m2_staging/M2-W3-HUAWEI-ASCEND950-PHYSICAL/structured/search-results.csv","64402aab5d564822cd65b94018b1784250a38b824e1cda0625cca2b90b3727ba","48932","draft","reviewed","","","","f9b4d3091250f422777d93e023d812f232807a9bc69166abaca91aa3c4361fc0","f9b4d3091250f422777d93e023d812f232807a9bc69166abaca91aa3c4361fc0","835fc6dccbcad249610b34beb4462ca6f6bda8d741b949f0553dbbad65386c1b","92aec74a85406ffa96c826348ffe298dba702639ecdf956160bf655db48cc40f","77301"
"ASC950-SIGN-0332","最小参考资料库/search-results.csv","search_result_id","SRESULT-M2W3-HUAWEI-ASC950-DIE-FP8-ACCUM-H7","审计/子代理交接/m2_staging/M2-W3-HUAWEI-ASCEND950-PHYSICAL/structured/search-results.csv","64402aab5d564822cd65b94018b1784250a38b824e1cda0625cca2b90b3727ba","48932","draft","reviewed","","","","d749a8218f5e71db5f30c78e034e6b6e75841a22d4456f502b7c2ddf8bc3399b","d749a8218f5e71db5f30c78e034e6b6e75841a22d4456f502b7c2ddf8bc3399b","261e622c9576306c589e42d0fadb6322124cab39d017d1cf7a13f84bb8a649ee","92aec74a85406ffa96c826348ffe298dba702639ecdf956160bf655db48cc40f","77301"
"ASC950-SIGN-0333","最小参考资料库/search-results.csv","search_result_id","SRESULT-M2W3-HUAWEI-ASC950-DIE-FP8-ACCUM-H12","审计/子代理交接/m2_staging/M2-W3-HUAWEI-ASCEND950-PHYSICAL/structured/search-results.csv","64402aab5d564822cd65b94018b1784250a38b824e1cda0625cca2b90b3727ba","48932","draft","reviewed","","","","d907d75f8f8b7b06b952e270ec43b17ca3ea45ba0e19cb9f0e8217a9bd47a1a2","d907d75f8f8b7b06b952e270ec43b17ca3ea45ba0e19cb9f0e8217a9bd47a1a2","fe2eae35c18e1131662dbda87e05f66528d4ef9910a6f2911de2786a0970e47e","92aec74a85406ffa96c826348ffe298dba702639ecdf956160bf655db48cc40f","77301"
"ASC950-SIGN-0334","最小参考资料库/search-results.csv","search_result_id","SRESULT-M2W3-HUAWEI-ASC950-DIE-FP8-PHYSICAL-ACCUM-H2","审计/子代理交接/m2_staging/M2-W3-HUAWEI-ASCEND950-PHYSICAL/structured/search-results.csv","64402aab5d564822cd65b94018b1784250a38b824e1cda0625cca2b90b3727ba","48932","draft","reviewed","","","","0c7d207021b611211bed2661550092ae5375f24059bcc76253c3b9ffe19b575e","0c7d207021b611211bed2661550092ae5375f24059bcc76253c3b9ffe19b575e","c3579813bb51623574cd3a423d4c7322042fdcd813755923677a125387ef5a9f","92aec74a85406ffa96c826348ffe298dba702639ecdf956160bf655db48cc40f","77301"
"ASC950-SIGN-0335","最小参考资料库/search-results.csv","search_result_id","SRESULT-M2W3-HUAWEI-ASC950-DIE-FP8-PHYSICAL-ACCUM-H6","审计/子代理交接/m2_staging/M2-W3-HUAWEI-ASCEND950-PHYSICAL/structured/search-results.csv","64402aab5d564822cd65b94018b1784250a38b824e1cda0625cca2b90b3727ba","48932","draft","reviewed","","","","3084f65bb8d31aa4d46c5ffd25473c93748bcfdca93342f82f726ef5ab864cc5","3084f65bb8d31aa4d46c5ffd25473c93748bcfdca93342f82f726ef5ab864cc5","9d59cbc9da0235a006ba48eae50c96e98bba5bd1c2f91ee63e53f157216086e8","92aec74a85406ffa96c826348ffe298dba702639ecdf956160bf655db48cc40f","77301"
"ASC950-SIGN-0336","最小参考资料库/search-results.csv","search_result_id","SRESULT-M2W3-HUAWEI-ASC950-DIE-FP8-PHYSICAL-ACCUM-H7","审计/子代理交接/m2_staging/M2-W3-HUAWEI-ASCEND950-PHYSICAL/structured/search-results.csv","64402aab5d564822cd65b94018b1784250a38b824e1cda0625cca2b90b3727ba","48932","draft","reviewed","","","","2c4734261f090b18cf9a0805289df1ce86cc254c18bef8620358297695f322ae","2c4734261f090b18cf9a0805289df1ce86cc254c18bef8620358297695f322ae","fd5e019591eda0bc439a74962e547cfdeded0f92ef6f4beafe8216c00d54e4f5","92aec74a85406ffa96c826348ffe298dba702639ecdf956160bf655db48cc40f","77301"
"ASC950-SIGN-0337","最小参考资料库/search-results.csv","search_result_id","SRESULT-M2W3-HUAWEI-ASC950-DIE-FP8-PHYSICAL-ACCUM-H12","审计/子代理交接/m2_staging/M2-W3-HUAWEI-ASCEND950-PHYSICAL/structured/search-results.csv","64402aab5d564822cd65b94018b1784250a38b824e1cda0625cca2b90b3727ba","48932","draft","reviewed","","","","c5873f46ce8560e5e64ec6c3e782a17a3263ec1c0e3733dc808af55ed4a73b01","c5873f46ce8560e5e64ec6c3e782a17a3263ec1c0e3733dc808af55ed4a73b01","bd9ea0d2f2c9c3f4a43372d41d17c73fbfb82b18e98f3286d0c3de3a280c63b2","92aec74a85406ffa96c826348ffe298dba702639ecdf956160bf655db48cc40f","77301"
"ASC950-SIGN-0338","最小参考资料库/search-results.csv","search_result_id","SRESULT-M2W3-HUAWEI-ASC950-DIE-MXFP8-ACCUM-H2","审计/子代理交接/m2_staging/M2-W3-HUAWEI-ASCEND950-PHYSICAL/structured/search-results.csv","64402aab5d564822cd65b94018b1784250a38b824e1cda0625cca2b90b3727ba","48932","draft","reviewed","","","","2615015959cdab9699f1cf09a61531c11a469125302df7319d5f7296151d1824","2615015959cdab9699f1cf09a61531c11a469125302df7319d5f7296151d1824","e60421a4c17236fd222ff3a0fa7e49e1753a805148f6826760366bd761772c43","92aec74a85406ffa96c826348ffe298dba702639ecdf956160bf655db48cc40f","77301"
"ASC950-SIGN-0339","最小参考资料库/search-results.csv","search_result_id","SRESULT-M2W3-HUAWEI-ASC950-DIE-MXFP8-ACCUM-H6","审计/子代理交接/m2_staging/M2-W3-HUAWEI-ASCEND950-PHYSICAL/structured/search-results.csv","64402aab5d564822cd65b94018b1784250a38b824e1cda0625cca2b90b3727ba","48932","draft","reviewed","","","","4be22001acfdeb21d307e456b16c9f4ed8478798f3a2263df5e70600593088ac","4be22001acfdeb21d307e456b16c9f4ed8478798f3a2263df5e70600593088ac","50eb34ce29a63116bf3846185834b3c8509bb57b8f551d26a8586f1627c4d7e3","92aec74a85406ffa96c826348ffe298dba702639ecdf956160bf655db48cc40f","77301"
"ASC950-SIGN-0340","最小参考资料库/search-results.csv","search_result_id","SRESULT-M2W3-HUAWEI-ASC950-DIE-MXFP8-ACCUM-H7","审计/子代理交接/m2_staging/M2-W3-HUAWEI-ASCEND950-PHYSICAL/structured/search-results.csv","64402aab5d564822cd65b94018b1784250a38b824e1cda0625cca2b90b3727ba","48932","draft","reviewed","","","","8152b627ef9065f83cbd6a2714de0f0f7dce4920506f4048f9accb88b6eb4964","8152b627ef9065f83cbd6a2714de0f0f7dce4920506f4048f9accb88b6eb4964","45ec8e508f5143bdcb36948b12b5b9a665a74e64c149604ffa5f92ce0ab13060","92aec74a85406ffa96c826348ffe298dba702639ecdf956160bf655db48cc40f","77301"
"ASC950-SIGN-0341","最小参考资料库/search-results.csv","search_result_id","SRESULT-M2W3-HUAWEI-ASC950-DIE-MXFP8-ACCUM-H12","审计/子代理交接/m2_staging/M2-W3-HUAWEI-ASCEND950-PHYSICAL/structured/search-results.csv","64402aab5d564822cd65b94018b1784250a38b824e1cda0625cca2b90b3727ba","48932","draft","reviewed","","","","d389747d0d4bb25cd972310996fa6b5bcca300db3dda9f825e2b0527a0594047","d389747d0d4bb25cd972310996fa6b5bcca300db3dda9f825e2b0527a0594047","f65245cb14a20974007c772243f6b588c25338d032fff3363c19f1227298d664","92aec74a85406ffa96c826348ffe298dba702639ecdf956160bf655db48cc40f","77301"
"ASC950-SIGN-0342","最小参考资料库/search-results.csv","search_result_id","SRESULT-M2W3-HUAWEI-ASC950-DIE-MXFP8-PHYSICAL-ACCUM-H2","审计/子代理交接/m2_staging/M2-W3-HUAWEI-ASCEND950-PHYSICAL/structured/search-results.csv","64402aab5d564822cd65b94018b1784250a38b824e1cda0625cca2b90b3727ba","48932","draft","reviewed","","","","08f2940b88413446b1028b1cdf7367cd06ce04451703201f6637cf6e18300bae","08f2940b88413446b1028b1cdf7367cd06ce04451703201f6637cf6e18300bae","7a011c66c0922bfc43a185c74d2194d7e131ea4c9dcc10d830e33be116997746","92aec74a85406ffa96c826348ffe298dba702639ecdf956160bf655db48cc40f","77301"
"ASC950-SIGN-0343","最小参考资料库/search-results.csv","search_result_id","SRESULT-M2W3-HUAWEI-ASC950-DIE-MXFP8-PHYSICAL-ACCUM-H6","审计/子代理交接/m2_staging/M2-W3-HUAWEI-ASCEND950-PHYSICAL/structured/search-results.csv","64402aab5d564822cd65b94018b1784250a38b824e1cda0625cca2b90b3727ba","48932","draft","reviewed","","","","d8a265daa1ccc3c7bf9068b75df37aeefa04195171b0f4ded72ba27acc467026","d8a265daa1ccc3c7bf9068b75df37aeefa04195171b0f4ded72ba27acc467026","64e19f06149003db6e4659ad48d385638ad93641a7f381db847576b0ccf75ebd","92aec74a85406ffa96c826348ffe298dba702639ecdf956160bf655db48cc40f","77301"
"ASC950-SIGN-0344","最小参考资料库/search-results.csv","search_result_id","SRESULT-M2W3-HUAWEI-ASC950-DIE-MXFP8-PHYSICAL-ACCUM-H7","审计/子代理交接/m2_staging/M2-W3-HUAWEI-ASCEND950-PHYSICAL/structured/search-results.csv","64402aab5d564822cd65b94018b1784250a38b824e1cda0625cca2b90b3727ba","48932","draft","reviewed","","","","7062eb4882d2b46978c6c9ac09011ff999f6fa3dccdfca4eecfe59cde4dbde04","7062eb4882d2b46978c6c9ac09011ff999f6fa3dccdfca4eecfe59cde4dbde04","915adfea8bafe7dd336e22343fdca001942f2fddee08e919277bece0274e621b","92aec74a85406ffa96c826348ffe298dba702639ecdf956160bf655db48cc40f","77301"
"ASC950-SIGN-0345","最小参考资料库/search-results.csv","search_result_id","SRESULT-M2W3-HUAWEI-ASC950-DIE-MXFP8-PHYSICAL-ACCUM-H12","审计/子代理交接/m2_staging/M2-W3-HUAWEI-ASCEND950-PHYSICAL/structured/search-results.csv","64402aab5d564822cd65b94018b1784250a38b824e1cda0625cca2b90b3727ba","48932","draft","reviewed","","","","4cf90609520e1b513dcbb16eb676a741188d7bf488e1341c8495adba0c7cafeb","4cf90609520e1b513dcbb16eb676a741188d7bf488e1341c8495adba0c7cafeb","d04af144ee72f1d291af31658626524f41895fd01f93eaa7c0e806b63a48bdb6","92aec74a85406ffa96c826348ffe298dba702639ecdf956160bf655db48cc40f","77301"
"ASC950-SIGN-0346","最小参考资料库/search-results.csv","search_result_id","SRESULT-M2W3-HUAWEI-ASC950-DIE-HIF8-ACCUM-H2","审计/子代理交接/m2_staging/M2-W3-HUAWEI-ASCEND950-PHYSICAL/structured/search-results.csv","64402aab5d564822cd65b94018b1784250a38b824e1cda0625cca2b90b3727ba","48932","draft","reviewed","","","","a6ab91a862c46edbc174ab454bc7dc03e15c5f4927546a505874a411735950ad","a6ab91a862c46edbc174ab454bc7dc03e15c5f4927546a505874a411735950ad","3a028011032ead7e7e39b1d452d4e7e6821190e287a26893ae9eb23727b2e52a","92aec74a85406ffa96c826348ffe298dba702639ecdf956160bf655db48cc40f","77301"
"ASC950-SIGN-0347","最小参考资料库/search-results.csv","search_result_id","SRESULT-M2W3-HUAWEI-ASC950-DIE-HIF8-ACCUM-H6","审计/子代理交接/m2_staging/M2-W3-HUAWEI-ASCEND950-PHYSICAL/structured/search-results.csv","64402aab5d564822cd65b94018b1784250a38b824e1cda0625cca2b90b3727ba","48932","draft","reviewed","","","","732a3ef1f08a1d50c50400ef7c4d5c1069a9e3627fc541d723d2a76e8b9e7e3f","732a3ef1f08a1d50c50400ef7c4d5c1069a9e3627fc541d723d2a76e8b9e7e3f","54e3a25155198862e81a2b353a17cc2bb0cca76f62f0499b896bafd47e889fdc","92aec74a85406ffa96c826348ffe298dba702639ecdf956160bf655db48cc40f","77301"
"ASC950-SIGN-0348","最小参考资料库/search-results.csv","search_result_id","SRESULT-M2W3-HUAWEI-ASC950-DIE-HIF8-ACCUM-H7","审计/子代理交接/m2_staging/M2-W3-HUAWEI-ASCEND950-PHYSICAL/structured/search-results.csv","64402aab5d564822cd65b94018b1784250a38b824e1cda0625cca2b90b3727ba","48932","draft","reviewed","","","","26c8b2bbfa08cee19a3f1bc3304b8f14aa4f0d3d0680b00399047a5c264dd5ab","26c8b2bbfa08cee19a3f1bc3304b8f14aa4f0d3d0680b00399047a5c264dd5ab","443b862a17eb0a0022250a4dec320016972ada7eca81ae56e6e8da42fcf2c2d8","92aec74a85406ffa96c826348ffe298dba702639ecdf956160bf655db48cc40f","77301"
"ASC950-SIGN-0349","最小参考资料库/search-results.csv","search_result_id","SRESULT-M2W3-HUAWEI-ASC950-DIE-HIF8-ACCUM-H12","审计/子代理交接/m2_staging/M2-W3-HUAWEI-ASCEND950-PHYSICAL/structured/search-results.csv","64402aab5d564822cd65b94018b1784250a38b824e1cda0625cca2b90b3727ba","48932","draft","reviewed","","","","f88d720537a541f7c4e30082bef2730b9f4d897e4f2e3d2f36773269103527a5","f88d720537a541f7c4e30082bef2730b9f4d897e4f2e3d2f36773269103527a5","87d479990793453ba2d8502f4d36f60d939a68fe131035884f830bfe3b3237e2","92aec74a85406ffa96c826348ffe298dba702639ecdf956160bf655db48cc40f","77301"
"ASC950-SIGN-0350","最小参考资料库/search-results.csv","search_result_id","SRESULT-M2W3-HUAWEI-ASC950-DIE-HIF8-PHYSICAL-ACCUM-H2","审计/子代理交接/m2_staging/M2-W3-HUAWEI-ASCEND950-PHYSICAL/structured/search-results.csv","64402aab5d564822cd65b94018b1784250a38b824e1cda0625cca2b90b3727ba","48932","draft","reviewed","","","","b48c988348a8c7e1969ae9005c373ba10b06c980aeeb33979ff21fd00e13892b","b48c988348a8c7e1969ae9005c373ba10b06c980aeeb33979ff21fd00e13892b","f9345bd771dae42c3bb2772f8d12d23a6656c3ffbbfb68951d7f232fd7a1b1c6","92aec74a85406ffa96c826348ffe298dba702639ecdf956160bf655db48cc40f","77301"
"ASC950-SIGN-0351","最小参考资料库/search-results.csv","search_result_id","SRESULT-M2W3-HUAWEI-ASC950-DIE-HIF8-PHYSICAL-ACCUM-H6","审计/子代理交接/m2_staging/M2-W3-HUAWEI-ASCEND950-PHYSICAL/structured/search-results.csv","64402aab5d564822cd65b94018b1784250a38b824e1cda0625cca2b90b3727ba","48932","draft","reviewed","","","","8f041a6661c3c6a920359cb60f0be4f27126e8e7796379c9c403314745bfac6f","8f041a6661c3c6a920359cb60f0be4f27126e8e7796379c9c403314745bfac6f","f218a8640c9705e685d9ae93d0622ac4d4307174db50549ae9ce31240b734137","92aec74a85406ffa96c826348ffe298dba702639ecdf956160bf655db48cc40f","77301"
"ASC950-SIGN-0352","最小参考资料库/search-results.csv","search_result_id","SRESULT-M2W3-HUAWEI-ASC950-DIE-HIF8-PHYSICAL-ACCUM-H7","审计/子代理交接/m2_staging/M2-W3-HUAWEI-ASCEND950-PHYSICAL/structured/search-results.csv","64402aab5d564822cd65b94018b1784250a38b824e1cda0625cca2b90b3727ba","48932","draft","reviewed","","","","8eba7610234a9e71b16a469b1a5f3ada77916b623f6994e06e211464148951d3","8eba7610234a9e71b16a469b1a5f3ada77916b623f6994e06e211464148951d3","98f9851d8148c44ed35aca2fa1e075a7211f49f13a8e57cbe14628ebd8549d3f","92aec74a85406ffa96c826348ffe298dba702639ecdf956160bf655db48cc40f","77301"
"ASC950-SIGN-0353","最小参考资料库/search-results.csv","search_result_id","SRESULT-M2W3-HUAWEI-ASC950-DIE-HIF8-PHYSICAL-ACCUM-H12","审计/子代理交接/m2_staging/M2-W3-HUAWEI-ASCEND950-PHYSICAL/structured/search-results.csv","64402aab5d564822cd65b94018b1784250a38b824e1cda0625cca2b90b3727ba","48932","draft","reviewed","","","","1868882497ad79fdfeade7e4f0955322db62646b131a62bfe936f10c86af4c6f","1868882497ad79fdfeade7e4f0955322db62646b131a62bfe936f10c86af4c6f","e4be1b386af2f16ae368e7b4344dab0289cba89162d4146e69b36c5e0a5a14d6","92aec74a85406ffa96c826348ffe298dba702639ecdf956160bf655db48cc40f","77301"
"ASC950-SIGN-0354","最小参考资料库/search-results.csv","search_result_id","SRESULT-M2W3-HUAWEI-ASC950-DIE-MXFP4-ACCUM-H2","审计/子代理交接/m2_staging/M2-W3-HUAWEI-ASCEND950-PHYSICAL/structured/search-results.csv","64402aab5d564822cd65b94018b1784250a38b824e1cda0625cca2b90b3727ba","48932","draft","reviewed","","","","5f4d6fc3d8f268fc2e5506d84b42d4d233d28160e43fcf95beac6fbc119f3bc8","5f4d6fc3d8f268fc2e5506d84b42d4d233d28160e43fcf95beac6fbc119f3bc8","88bd9bca05ef479b2833583eb0e973440abd84adb6d5b3cd5e35e4a101cc03be","92aec74a85406ffa96c826348ffe298dba702639ecdf956160bf655db48cc40f","77301"
"ASC950-SIGN-0355","最小参考资料库/search-results.csv","search_result_id","SRESULT-M2W3-HUAWEI-ASC950-DIE-MXFP4-ACCUM-H6","审计/子代理交接/m2_staging/M2-W3-HUAWEI-ASCEND950-PHYSICAL/structured/search-results.csv","64402aab5d564822cd65b94018b1784250a38b824e1cda0625cca2b90b3727ba","48932","draft","reviewed","","","","1ab6a1f31e74a7c2f45445605b35b4f11aa050e2908ca6bca53b7099bb01830d","1ab6a1f31e74a7c2f45445605b35b4f11aa050e2908ca6bca53b7099bb01830d","87ab3932f8a5e3f302844b882f08f38ac1d5ddacc7057102ab009df1f5a8b775","92aec74a85406ffa96c826348ffe298dba702639ecdf956160bf655db48cc40f","77301"
"ASC950-SIGN-0356","最小参考资料库/search-results.csv","search_result_id","SRESULT-M2W3-HUAWEI-ASC950-DIE-MXFP4-ACCUM-H7","审计/子代理交接/m2_staging/M2-W3-HUAWEI-ASCEND950-PHYSICAL/structured/search-results.csv","64402aab5d564822cd65b94018b1784250a38b824e1cda0625cca2b90b3727ba","48932","draft","reviewed","","","","887978fed78f5b6bb62bcd7ea1add0ad408c5b060679513e4116ab8cc6f86afc","887978fed78f5b6bb62bcd7ea1add0ad408c5b060679513e4116ab8cc6f86afc","8bbab23dce33abd333451a09280e28d98ab4745121d81b0b5b6e26fd20e2a31d","92aec74a85406ffa96c826348ffe298dba702639ecdf956160bf655db48cc40f","77301"
"ASC950-SIGN-0357","最小参考资料库/search-results.csv","search_result_id","SRESULT-M2W3-HUAWEI-ASC950-DIE-MXFP4-ACCUM-H12","审计/子代理交接/m2_staging/M2-W3-HUAWEI-ASCEND950-PHYSICAL/structured/search-results.csv","64402aab5d564822cd65b94018b1784250a38b824e1cda0625cca2b90b3727ba","48932","draft","reviewed","","","","99416c5f28673baefc06e9c58e266fd05771d1278cfb567f0c1a4de68e3faf72","99416c5f28673baefc06e9c58e266fd05771d1278cfb567f0c1a4de68e3faf72","de265fed22ca064ad46f1c53b6f8cbf59b93b2c2aa059c73101a902186320952","92aec74a85406ffa96c826348ffe298dba702639ecdf956160bf655db48cc40f","77301"
"ASC950-SIGN-0358","最小参考资料库/search-results.csv","search_result_id","SRESULT-M2W3-HUAWEI-ASC950-DIE-MXFP4-PHYSICAL-ACCUM-H2","审计/子代理交接/m2_staging/M2-W3-HUAWEI-ASCEND950-PHYSICAL/structured/search-results.csv","64402aab5d564822cd65b94018b1784250a38b824e1cda0625cca2b90b3727ba","48932","draft","reviewed","","","","cdee6572afdadb891b96abb1a7c21b5fd18afe7ce9d12fb007b052c1b750ca15","cdee6572afdadb891b96abb1a7c21b5fd18afe7ce9d12fb007b052c1b750ca15","d518473961993294a6f0c5e363257b746c560c17ed24ef73c1ac1482d48f24d8","92aec74a85406ffa96c826348ffe298dba702639ecdf956160bf655db48cc40f","77301"
"ASC950-SIGN-0359","最小参考资料库/search-results.csv","search_result_id","SRESULT-M2W3-HUAWEI-ASC950-DIE-MXFP4-PHYSICAL-ACCUM-H6","审计/子代理交接/m2_staging/M2-W3-HUAWEI-ASCEND950-PHYSICAL/structured/search-results.csv","64402aab5d564822cd65b94018b1784250a38b824e1cda0625cca2b90b3727ba","48932","draft","reviewed","","","","8130813d4bc363feca0af89d5a5d70ec94b95490d4d0d368dbcfe0bf98889a10","8130813d4bc363feca0af89d5a5d70ec94b95490d4d0d368dbcfe0bf98889a10","29d1f8824a115ada36738a666f66742a0226ef9aa542a2a2f86235155e8fb79d","92aec74a85406ffa96c826348ffe298dba702639ecdf956160bf655db48cc40f","77301"
"ASC950-SIGN-0360","最小参考资料库/search-results.csv","search_result_id","SRESULT-M2W3-HUAWEI-ASC950-DIE-MXFP4-PHYSICAL-ACCUM-H7","审计/子代理交接/m2_staging/M2-W3-HUAWEI-ASCEND950-PHYSICAL/structured/search-results.csv","64402aab5d564822cd65b94018b1784250a38b824e1cda0625cca2b90b3727ba","48932","draft","reviewed","","","","ca27e2c11336f1d4b504fef7e4612f83a3a209d000d3d7c49840644c8dd8179d","ca27e2c11336f1d4b504fef7e4612f83a3a209d000d3d7c49840644c8dd8179d","a3e100e31349819e9c7613ff254085d3c353ed04ca5efd1fb5a53c17d4897d6b","92aec74a85406ffa96c826348ffe298dba702639ecdf956160bf655db48cc40f","77301"
"ASC950-SIGN-0361","最小参考资料库/search-results.csv","search_result_id","SRESULT-M2W3-HUAWEI-ASC950-DIE-MXFP4-PHYSICAL-ACCUM-H12","审计/子代理交接/m2_staging/M2-W3-HUAWEI-ASCEND950-PHYSICAL/structured/search-results.csv","64402aab5d564822cd65b94018b1784250a38b824e1cda0625cca2b90b3727ba","48932","draft","reviewed","","","","711a74662b6b0f52bd332d073bf7bd53040de1e2fb7df4029f8d219022a4bde2","711a74662b6b0f52bd332d073bf7bd53040de1e2fb7df4029f8d219022a4bde2","813efc9d1ba4362a38131b8021f348260526dcbfb5a51824a5ba070ee4e77574","92aec74a85406ffa96c826348ffe298dba702639ecdf956160bf655db48cc40f","77301"
"ASC950-SIGN-0362","最小参考资料库/search-results.csv","search_result_id","SRESULT-M2W3-HUAWEI-ASC950-DIE-MEMORY-NAME-H2","审计/子代理交接/m2_staging/M2-W3-HUAWEI-ASCEND950-PHYSICAL/structured/search-results.csv","64402aab5d564822cd65b94018b1784250a38b824e1cda0625cca2b90b3727ba","48932","draft","reviewed","","","","d859d19926f1fbeaba07e0046dc748f7c2f93c512f69d11bc55785a92c5f5697","d859d19926f1fbeaba07e0046dc748f7c2f93c512f69d11bc55785a92c5f5697","78146b18a24f9c3a1b42ec8cb703c5d4baac74a89b48ea3f88136aa24547a935","92aec74a85406ffa96c826348ffe298dba702639ecdf956160bf655db48cc40f","77301"
"ASC950-SIGN-0363","最小参考资料库/search-results.csv","search_result_id","SRESULT-M2W3-HUAWEI-ASC950-DIE-MEMORY-NAME-H6","审计/子代理交接/m2_staging/M2-W3-HUAWEI-ASCEND950-PHYSICAL/structured/search-results.csv","64402aab5d564822cd65b94018b1784250a38b824e1cda0625cca2b90b3727ba","48932","draft","reviewed","","","","d2c89e0ef850c6dab3294b3883215cc689afdd563887462e41a470ca30996461","d2c89e0ef850c6dab3294b3883215cc689afdd563887462e41a470ca30996461","1ef82ff7ed4e05f9279296090a0ea6d112e93ebda867e0f4dfaa76d7d86b00bb","92aec74a85406ffa96c826348ffe298dba702639ecdf956160bf655db48cc40f","77301"
"ASC950-SIGN-0364","最小参考资料库/search-results.csv","search_result_id","SRESULT-M2W3-HUAWEI-ASC950-DIE-MEMORY-NAME-H7","审计/子代理交接/m2_staging/M2-W3-HUAWEI-ASCEND950-PHYSICAL/structured/search-results.csv","64402aab5d564822cd65b94018b1784250a38b824e1cda0625cca2b90b3727ba","48932","draft","reviewed","","","","711f6928239c0e4b0f10fa6187c1fda406b0293b91af33ff421b2a15183625e7","711f6928239c0e4b0f10fa6187c1fda406b0293b91af33ff421b2a15183625e7","736f410e3219c1a5d69f11ef4a31ee9adde97dda35c020b4941ccedd71d581ff","92aec74a85406ffa96c826348ffe298dba702639ecdf956160bf655db48cc40f","77301"
"ASC950-SIGN-0365","最小参考资料库/search-results.csv","search_result_id","SRESULT-M2W3-HUAWEI-ASC950-DIE-MEMORY-NAME-H12","审计/子代理交接/m2_staging/M2-W3-HUAWEI-ASCEND950-PHYSICAL/structured/search-results.csv","64402aab5d564822cd65b94018b1784250a38b824e1cda0625cca2b90b3727ba","48932","draft","reviewed","","","","3e0af6327e1d785ed1419a71ff4df56f6e986b73860e5f4632e8098f8fff220c","3e0af6327e1d785ed1419a71ff4df56f6e986b73860e5f4632e8098f8fff220c","23dfe1598635506873c1ef46e134df52bed3fbf6da389c1c73c685af2527423b","92aec74a85406ffa96c826348ffe298dba702639ecdf956160bf655db48cc40f","77301"
"ASC950-SIGN-0366","最小参考资料库/search-results.csv","search_result_id","SRESULT-M2W3-HUAWEI-ASC950-DIE-MEMORY-CAPACITY-H2","审计/子代理交接/m2_staging/M2-W3-HUAWEI-ASCEND950-PHYSICAL/structured/search-results.csv","64402aab5d564822cd65b94018b1784250a38b824e1cda0625cca2b90b3727ba","48932","draft","reviewed","","","","3972e00f5e77d5d3e0aed7e96a9af3b32d87ccdd3c024699a18f16fe7b4fa573","3972e00f5e77d5d3e0aed7e96a9af3b32d87ccdd3c024699a18f16fe7b4fa573","843a31be24d20841043af4176dc7314f29183e2062ec2f2e776a5c00cd703483","92aec74a85406ffa96c826348ffe298dba702639ecdf956160bf655db48cc40f","77301"
"ASC950-SIGN-0367","最小参考资料库/search-results.csv","search_result_id","SRESULT-M2W3-HUAWEI-ASC950-DIE-MEMORY-CAPACITY-H6","审计/子代理交接/m2_staging/M2-W3-HUAWEI-ASCEND950-PHYSICAL/structured/search-results.csv","64402aab5d564822cd65b94018b1784250a38b824e1cda0625cca2b90b3727ba","48932","draft","reviewed","","","","2ca0ebd778972fa03269822210701c3004ce18a3ee03012e96e77f368f77b0f8","2ca0ebd778972fa03269822210701c3004ce18a3ee03012e96e77f368f77b0f8","9438466a1f53aa28016c0a32ec7e45cc07ae33a8f8ae0f1b4d9391ce3639aa3d","92aec74a85406ffa96c826348ffe298dba702639ecdf956160bf655db48cc40f","77301"
"ASC950-SIGN-0368","最小参考资料库/search-results.csv","search_result_id","SRESULT-M2W3-HUAWEI-ASC950-DIE-MEMORY-CAPACITY-H7","审计/子代理交接/m2_staging/M2-W3-HUAWEI-ASCEND950-PHYSICAL/structured/search-results.csv","64402aab5d564822cd65b94018b1784250a38b824e1cda0625cca2b90b3727ba","48932","draft","reviewed","","","","4001f8c294c6262f91c5764d2b707c57405f29d2b2411f61e133c4dc70be0b2a","4001f8c294c6262f91c5764d2b707c57405f29d2b2411f61e133c4dc70be0b2a","e4e2cd75b9491af19adea0b4de4da247827d0f2d751a0fb3d0429dc4b9e84cf0","92aec74a85406ffa96c826348ffe298dba702639ecdf956160bf655db48cc40f","77301"
"ASC950-SIGN-0369","最小参考资料库/search-results.csv","search_result_id","SRESULT-M2W3-HUAWEI-ASC950-DIE-MEMORY-CAPACITY-H12","审计/子代理交接/m2_staging/M2-W3-HUAWEI-ASCEND950-PHYSICAL/structured/search-results.csv","64402aab5d564822cd65b94018b1784250a38b824e1cda0625cca2b90b3727ba","48932","draft","reviewed","","","","9806595a0df78d8f616bc20508055c17cf972e7f4ddd617446a2fce8f396323c","9806595a0df78d8f616bc20508055c17cf972e7f4ddd617446a2fce8f396323c","04f77eec9fdefc4b97b2e55ee59a16677600421e826fed2d74ef088dcd6284c6","92aec74a85406ffa96c826348ffe298dba702639ecdf956160bf655db48cc40f","77301"
"ASC950-SIGN-0370","最小参考资料库/search-results.csv","search_result_id","SRESULT-M2W3-HUAWEI-ASC950-DIE-MEMORY-BW-H2","审计/子代理交接/m2_staging/M2-W3-HUAWEI-ASCEND950-PHYSICAL/structured/search-results.csv","64402aab5d564822cd65b94018b1784250a38b824e1cda0625cca2b90b3727ba","48932","draft","reviewed","","","","40613e9275490044547cd5b9744c51c516d0b231b4574c20fe262773a5d601c4","40613e9275490044547cd5b9744c51c516d0b231b4574c20fe262773a5d601c4","1f8ded0f80eb0faa4566d601109709ed66672da4cf2f447f0bd360066ab5417d","92aec74a85406ffa96c826348ffe298dba702639ecdf956160bf655db48cc40f","77301"
"ASC950-SIGN-0371","最小参考资料库/search-results.csv","search_result_id","SRESULT-M2W3-HUAWEI-ASC950-DIE-MEMORY-BW-H6","审计/子代理交接/m2_staging/M2-W3-HUAWEI-ASCEND950-PHYSICAL/structured/search-results.csv","64402aab5d564822cd65b94018b1784250a38b824e1cda0625cca2b90b3727ba","48932","draft","reviewed","","","","3d51ba6302678dcc8ffde7f91fba77f312cc9fa6d6a76558d96ab735f93fe31c","3d51ba6302678dcc8ffde7f91fba77f312cc9fa6d6a76558d96ab735f93fe31c","02d86908541676ad8ed69d913cb1bd0c131f076a3859534d3505217fcc96e03c","92aec74a85406ffa96c826348ffe298dba702639ecdf956160bf655db48cc40f","77301"
"ASC950-SIGN-0372","最小参考资料库/search-results.csv","search_result_id","SRESULT-M2W3-HUAWEI-ASC950-DIE-MEMORY-BW-H7","审计/子代理交接/m2_staging/M2-W3-HUAWEI-ASCEND950-PHYSICAL/structured/search-results.csv","64402aab5d564822cd65b94018b1784250a38b824e1cda0625cca2b90b3727ba","48932","draft","reviewed","","","","0ef41c1a885de911302ffe95b12c831f3bc6eab136679a04096c58e5d3f51710","0ef41c1a885de911302ffe95b12c831f3bc6eab136679a04096c58e5d3f51710","39feda5389f9a2c5e45adf200f5ee6674898e28808a7ddb7bfc9dc8dd0b3f8b3","92aec74a85406ffa96c826348ffe298dba702639ecdf956160bf655db48cc40f","77301"
"ASC950-SIGN-0373","最小参考资料库/search-results.csv","search_result_id","SRESULT-M2W3-HUAWEI-ASC950-DIE-MEMORY-BW-H12","审计/子代理交接/m2_staging/M2-W3-HUAWEI-ASCEND950-PHYSICAL/structured/search-results.csv","64402aab5d564822cd65b94018b1784250a38b824e1cda0625cca2b90b3727ba","48932","draft","reviewed","","","","18199cb9a81dfc787bb84fa9d63561b5ed582d4f6dd0276a4a0869c5cd480651","18199cb9a81dfc787bb84fa9d63561b5ed582d4f6dd0276a4a0869c5cd480651","78db5bb103a93347e1dfc55452bcda11fee984b5fab374583c2d5df90f9fcedc","92aec74a85406ffa96c826348ffe298dba702639ecdf956160bf655db48cc40f","77301"
"ASC950-SIGN-0374","最小参考资料库/search-results.csv","search_result_id","SRESULT-M2W3-HUAWEI-ASC950-DIE-LINK-RATE-H2","审计/子代理交接/m2_staging/M2-W3-HUAWEI-ASCEND950-PHYSICAL/structured/search-results.csv","64402aab5d564822cd65b94018b1784250a38b824e1cda0625cca2b90b3727ba","48932","draft","reviewed","","","","7dba7261631fc1dd60f32673d66f159c90f9fde0aafa1f6eb10fd7dc1632fc86","7dba7261631fc1dd60f32673d66f159c90f9fde0aafa1f6eb10fd7dc1632fc86","82cfb80a73890812f682ef5c301c41ba023908a09b3579580e9c348bb2d6abc7","92aec74a85406ffa96c826348ffe298dba702639ecdf956160bf655db48cc40f","77301"
"ASC950-SIGN-0375","最小参考资料库/search-results.csv","search_result_id","SRESULT-M2W3-HUAWEI-ASC950-DIE-LINK-RATE-H6","审计/子代理交接/m2_staging/M2-W3-HUAWEI-ASCEND950-PHYSICAL/structured/search-results.csv","64402aab5d564822cd65b94018b1784250a38b824e1cda0625cca2b90b3727ba","48932","draft","reviewed","","","","a7d4464a3034cc33d2627195b84838e241b49fe1125e891396216dd861fa9227","a7d4464a3034cc33d2627195b84838e241b49fe1125e891396216dd861fa9227","6096c520e367007df3bf3dd130e215527ec24cf8f1d25571892068f773d370dc","92aec74a85406ffa96c826348ffe298dba702639ecdf956160bf655db48cc40f","77301"
"ASC950-SIGN-0376","最小参考资料库/search-results.csv","search_result_id","SRESULT-M2W3-HUAWEI-ASC950-DIE-LINK-RATE-H7","审计/子代理交接/m2_staging/M2-W3-HUAWEI-ASCEND950-PHYSICAL/structured/search-results.csv","64402aab5d564822cd65b94018b1784250a38b824e1cda0625cca2b90b3727ba","48932","draft","reviewed","","","","07e575aae1ab29815b1f14c351446f826ee0fe6bd9b7ef7d76034cc31f0d6224","07e575aae1ab29815b1f14c351446f826ee0fe6bd9b7ef7d76034cc31f0d6224","9b5dde751a7da2739c455e7ae7356750cec4873af3f2634201ae349b7603928f","92aec74a85406ffa96c826348ffe298dba702639ecdf956160bf655db48cc40f","77301"
"ASC950-SIGN-0377","最小参考资料库/search-results.csv","search_result_id","SRESULT-M2W3-HUAWEI-ASC950-DIE-LINK-RATE-H12","审计/子代理交接/m2_staging/M2-W3-HUAWEI-ASCEND950-PHYSICAL/structured/search-results.csv","64402aab5d564822cd65b94018b1784250a38b824e1cda0625cca2b90b3727ba","48932","draft","reviewed","","","","75a6dd282cc274c93c2c9a4c5c76ed16d80f6d19042aec78ce5fa99656cb1626","75a6dd282cc274c93c2c9a4c5c76ed16d80f6d19042aec78ce5fa99656cb1626","ec425305f6ae378d9ec9a359594388f6d0417917490afa346a4622998e8e2d58","92aec74a85406ffa96c826348ffe298dba702639ecdf956160bf655db48cc40f","77301"
"ASC950-SIGN-0378","最小参考资料库/search-results.csv","search_result_id","SRESULT-M2W3-HUAWEI-ASC950-DIE-LINK-COUNT-H2","审计/子代理交接/m2_staging/M2-W3-HUAWEI-ASCEND950-PHYSICAL/structured/search-results.csv","64402aab5d564822cd65b94018b1784250a38b824e1cda0625cca2b90b3727ba","48932","draft","reviewed","","","","9535adfb28155228801410b715599298cd49d42d561b564b5a767950d9f7d6f4","9535adfb28155228801410b715599298cd49d42d561b564b5a767950d9f7d6f4","898d64d04b3d1de9910052bfd3ae503f283a03d6372aebf8b03634410900bb3c","92aec74a85406ffa96c826348ffe298dba702639ecdf956160bf655db48cc40f","77301"
"ASC950-SIGN-0379","最小参考资料库/search-results.csv","search_result_id","SRESULT-M2W3-HUAWEI-ASC950-DIE-LINK-COUNT-H6","审计/子代理交接/m2_staging/M2-W3-HUAWEI-ASCEND950-PHYSICAL/structured/search-results.csv","64402aab5d564822cd65b94018b1784250a38b824e1cda0625cca2b90b3727ba","48932","draft","reviewed","","","","ada8cf3fae6943cf9d6795a94c6b710a8c952d2e5bad903d1e5981c4df2faa2a","ada8cf3fae6943cf9d6795a94c6b710a8c952d2e5bad903d1e5981c4df2faa2a","d663d1e0319ffd6b14369eecb50cb420db11f951784a1aff0ceae8fb381d5767","92aec74a85406ffa96c826348ffe298dba702639ecdf956160bf655db48cc40f","77301"
"ASC950-SIGN-0380","最小参考资料库/search-results.csv","search_result_id","SRESULT-M2W3-HUAWEI-ASC950-DIE-LINK-COUNT-H7","审计/子代理交接/m2_staging/M2-W3-HUAWEI-ASCEND950-PHYSICAL/structured/search-results.csv","64402aab5d564822cd65b94018b1784250a38b824e1cda0625cca2b90b3727ba","48932","draft","reviewed","","","","6ae98f93d602cdecab2e5efa4d35e03bdd40d3205ba530994d1155369b32956d","6ae98f93d602cdecab2e5efa4d35e03bdd40d3205ba530994d1155369b32956d","4dc062b69302210add79e11c69051f0fe3e60f6dd067062586a5bdd893980d92","92aec74a85406ffa96c826348ffe298dba702639ecdf956160bf655db48cc40f","77301"
"ASC950-SIGN-0381","最小参考资料库/search-results.csv","search_result_id","SRESULT-M2W3-HUAWEI-ASC950-DIE-LINK-COUNT-H12","审计/子代理交接/m2_staging/M2-W3-HUAWEI-ASCEND950-PHYSICAL/structured/search-results.csv","64402aab5d564822cd65b94018b1784250a38b824e1cda0625cca2b90b3727ba","48932","draft","reviewed","","","","d6f85d65d908a103b7cfc2f657ff800144a435d35725096fd6d771c3a04f6b76","d6f85d65d908a103b7cfc2f657ff800144a435d35725096fd6d771c3a04f6b76","0b5da187e0e877aedbce6248de11a1c20883fff48a123620942d4f2e4be0416a","92aec74a85406ffa96c826348ffe298dba702639ecdf956160bf655db48cc40f","77301"
"ASC950-SIGN-0382","最小参考资料库/search-results.csv","search_result_id","SRESULT-M2W3-HUAWEI-ASC950-DIE-SPECIAL-DETAIL-H2","审计/子代理交接/m2_staging/M2-W3-HUAWEI-ASCEND950-PHYSICAL/structured/search-results.csv","64402aab5d564822cd65b94018b1784250a38b824e1cda0625cca2b90b3727ba","48932","draft","reviewed","","","","ee89d2687897a49552d9e1bcf435089c0bb71e085344ca6515b8a56f932cac0d","ee89d2687897a49552d9e1bcf435089c0bb71e085344ca6515b8a56f932cac0d","475868ba2f1a24f2a6a72783c3857b00de39335bea4441426ba5ee097e152951","92aec74a85406ffa96c826348ffe298dba702639ecdf956160bf655db48cc40f","77301"
"ASC950-SIGN-0383","最小参考资料库/search-results.csv","search_result_id","SRESULT-M2W3-HUAWEI-ASC950-DIE-SPECIAL-DETAIL-H6","审计/子代理交接/m2_staging/M2-W3-HUAWEI-ASCEND950-PHYSICAL/structured/search-results.csv","64402aab5d564822cd65b94018b1784250a38b824e1cda0625cca2b90b3727ba","48932","draft","reviewed","","","","16be3b8d900afe5895f0ff5da7489f870c80201621fef4fd5f6d2aa3a17398dc","16be3b8d900afe5895f0ff5da7489f870c80201621fef4fd5f6d2aa3a17398dc","5e66f17fbb5334d7ee2fc6a6b6be1ff0b1f74cf4a98a5aabd4cb508a090812bd","92aec74a85406ffa96c826348ffe298dba702639ecdf956160bf655db48cc40f","77301"
"ASC950-SIGN-0384","最小参考资料库/search-results.csv","search_result_id","SRESULT-M2W3-HUAWEI-ASC950-DIE-SPECIAL-DETAIL-H7","审计/子代理交接/m2_staging/M2-W3-HUAWEI-ASCEND950-PHYSICAL/structured/search-results.csv","64402aab5d564822cd65b94018b1784250a38b824e1cda0625cca2b90b3727ba","48932","draft","reviewed","","","","67bdd57c285c0bfb2a79bf0031e5b1e5fd9f2a72c31e9ce1bb18d3bb640301c3","67bdd57c285c0bfb2a79bf0031e5b1e5fd9f2a72c31e9ce1bb18d3bb640301c3","e762b4be1001d530d6552a012d22600c4a85f63c89efacb31b10949e1c13dfe3","92aec74a85406ffa96c826348ffe298dba702639ecdf956160bf655db48cc40f","77301"
"ASC950-SIGN-0385","最小参考资料库/search-results.csv","search_result_id","SRESULT-M2W3-HUAWEI-ASC950-DIE-SPECIAL-DETAIL-H12","审计/子代理交接/m2_staging/M2-W3-HUAWEI-ASCEND950-PHYSICAL/structured/search-results.csv","64402aab5d564822cd65b94018b1784250a38b824e1cda0625cca2b90b3727ba","48932","draft","reviewed","","","","ead20b53d7d6276d34c67be00fba5d7877fe61e9c14dbf87dee9ea733c63c393","ead20b53d7d6276d34c67be00fba5d7877fe61e9c14dbf87dee9ea733c63c393","709646eb6855950add012283dd3441673224a2df32acad4a3b69b7cfa974d0bc","92aec74a85406ffa96c826348ffe298dba702639ecdf956160bf655db48cc40f","77301"
"ASC950-SIGN-0386","最小参考资料库/search-results.csv","search_result_id","SRESULT-M2W3-HUAWEI-ASC950-DIE-COMPILER-H2","审计/子代理交接/m2_staging/M2-W3-HUAWEI-ASCEND950-PHYSICAL/structured/search-results.csv","64402aab5d564822cd65b94018b1784250a38b824e1cda0625cca2b90b3727ba","48932","draft","reviewed","","","","205c900ec895d6ba8f2dc89dea5e4b3fbcbd70ae9463a0def32fbc9c1515d5f8","205c900ec895d6ba8f2dc89dea5e4b3fbcbd70ae9463a0def32fbc9c1515d5f8","6fc28f0bfcda8cf2040e8ff28a51228f3df1aeb6488778f9f0902be36604710f","92aec74a85406ffa96c826348ffe298dba702639ecdf956160bf655db48cc40f","77301"
"ASC950-SIGN-0387","最小参考资料库/search-results.csv","search_result_id","SRESULT-M2W3-HUAWEI-ASC950-DIE-COMPILER-H6","审计/子代理交接/m2_staging/M2-W3-HUAWEI-ASCEND950-PHYSICAL/structured/search-results.csv","64402aab5d564822cd65b94018b1784250a38b824e1cda0625cca2b90b3727ba","48932","draft","reviewed","","","","7a02aa3e73f480a307f6857eddc543e19db86e5c604dcc0c0e0f7cfe6bd6f4d3","7a02aa3e73f480a307f6857eddc543e19db86e5c604dcc0c0e0f7cfe6bd6f4d3","ef52d6444798721b50acd6f529bff3c0dfe6b4c1f83070bc8ba778066bd47c99","92aec74a85406ffa96c826348ffe298dba702639ecdf956160bf655db48cc40f","77301"
"ASC950-SIGN-0388","最小参考资料库/search-results.csv","search_result_id","SRESULT-M2W3-HUAWEI-ASC950-DIE-COMPILER-H7","审计/子代理交接/m2_staging/M2-W3-HUAWEI-ASCEND950-PHYSICAL/structured/search-results.csv","64402aab5d564822cd65b94018b1784250a38b824e1cda0625cca2b90b3727ba","48932","draft","reviewed","","","","98b59ab754bd8ab3e2913755acb69f44be931e27a695f6ad49cd1632ece0fda2","98b59ab754bd8ab3e2913755acb69f44be931e27a695f6ad49cd1632ece0fda2","666d7b2888426683c872a83cc2429d4e1529356023c1e019cd62cc02e503dc24","92aec74a85406ffa96c826348ffe298dba702639ecdf956160bf655db48cc40f","77301"
"ASC950-SIGN-0389","最小参考资料库/search-results.csv","search_result_id","SRESULT-M2W3-HUAWEI-ASC950-DIE-COMPILER-H12","审计/子代理交接/m2_staging/M2-W3-HUAWEI-ASCEND950-PHYSICAL/structured/search-results.csv","64402aab5d564822cd65b94018b1784250a38b824e1cda0625cca2b90b3727ba","48932","draft","reviewed","","","","0a25e0da08d75683955d40dd0f3a4df69b769f31da29f97f9caa7ec8c5b189a8","0a25e0da08d75683955d40dd0f3a4df69b769f31da29f97f9caa7ec8c5b189a8","72f1ce2d2d2e4bbf6e03339588f678b67f706ac9abefc1d660a7b936a5e30200","92aec74a85406ffa96c826348ffe298dba702639ecdf956160bf655db48cc40f","77301"
"ASC950-SIGN-0390","最小参考资料库/search-results.csv","search_result_id","SRESULT-M2W3-HUAWEI-ASC950-DIE-RUNTIME-H2","审计/子代理交接/m2_staging/M2-W3-HUAWEI-ASCEND950-PHYSICAL/structured/search-results.csv","64402aab5d564822cd65b94018b1784250a38b824e1cda0625cca2b90b3727ba","48932","draft","reviewed","","","","6935496ad44179274bb6ca1b9e851d2898abce30c60667e339161116d2bdece8","6935496ad44179274bb6ca1b9e851d2898abce30c60667e339161116d2bdece8","a275e1199925e10a429c43160945afbfa2e3bcddb91384386c023077e97a5d9d","92aec74a85406ffa96c826348ffe298dba702639ecdf956160bf655db48cc40f","77301"
"ASC950-SIGN-0391","最小参考资料库/search-results.csv","search_result_id","SRESULT-M2W3-HUAWEI-ASC950-DIE-RUNTIME-H6","审计/子代理交接/m2_staging/M2-W3-HUAWEI-ASCEND950-PHYSICAL/structured/search-results.csv","64402aab5d564822cd65b94018b1784250a38b824e1cda0625cca2b90b3727ba","48932","draft","reviewed","","","","da9d370c605a24ed6e413fe810241d6d36732d28eb137bcac64932fd71fa1869","da9d370c605a24ed6e413fe810241d6d36732d28eb137bcac64932fd71fa1869","4cc0cfac2c0007d777ccaab2ae25436a5e1cee2852394b3b573b30c3a0989f32","92aec74a85406ffa96c826348ffe298dba702639ecdf956160bf655db48cc40f","77301"
"ASC950-SIGN-0392","最小参考资料库/search-results.csv","search_result_id","SRESULT-M2W3-HUAWEI-ASC950-DIE-RUNTIME-H7","审计/子代理交接/m2_staging/M2-W3-HUAWEI-ASCEND950-PHYSICAL/structured/search-results.csv","64402aab5d564822cd65b94018b1784250a38b824e1cda0625cca2b90b3727ba","48932","draft","reviewed","","","","b6b14584de616f319cc1fd47e77e233f86884fe1a436c89684cdaa56bffba672","b6b14584de616f319cc1fd47e77e233f86884fe1a436c89684cdaa56bffba672","85b5ea06b638a83eb998077257293c9594129673a4fa4557d6cfe98d35095962","92aec74a85406ffa96c826348ffe298dba702639ecdf956160bf655db48cc40f","77301"
"ASC950-SIGN-0393","最小参考资料库/search-results.csv","search_result_id","SRESULT-M2W3-HUAWEI-ASC950-DIE-RUNTIME-H12","审计/子代理交接/m2_staging/M2-W3-HUAWEI-ASCEND950-PHYSICAL/structured/search-results.csv","64402aab5d564822cd65b94018b1784250a38b824e1cda0625cca2b90b3727ba","48932","draft","reviewed","","","","b2a9037fcb7635a7029f8128f23da1269a763332577b7d44800a433348a3fb3d","b2a9037fcb7635a7029f8128f23da1269a763332577b7d44800a433348a3fb3d","dfd01d89feb6e2988f3d7b5b4f9aed8eb84c2ff60c14984573c937bd29830e58","92aec74a85406ffa96c826348ffe298dba702639ecdf956160bf655db48cc40f","77301"
"ASC950-SIGN-0394","最小参考资料库/search-results.csv","search_result_id","SRESULT-M2W3-HUAWEI-ASC950PR-AVAILABILITY-H2","审计/子代理交接/m2_staging/M2-W3-HUAWEI-ASCEND950-PHYSICAL/structured/search-results.csv","64402aab5d564822cd65b94018b1784250a38b824e1cda0625cca2b90b3727ba","48932","draft","reviewed","","","","5bd9926ecdaad6bba98bf7a12c8622371a5e69a98976cf6a832af1920d77049f","5bd9926ecdaad6bba98bf7a12c8622371a5e69a98976cf6a832af1920d77049f","edd32869a93e436a1c7c8f1133dba4e827ffbdd03347e443c648597b3263de50","92aec74a85406ffa96c826348ffe298dba702639ecdf956160bf655db48cc40f","77301"
"ASC950-SIGN-0395","最小参考资料库/search-results.csv","search_result_id","SRESULT-M2W3-HUAWEI-ASC950PR-AVAILABILITY-H6","审计/子代理交接/m2_staging/M2-W3-HUAWEI-ASCEND950-PHYSICAL/structured/search-results.csv","64402aab5d564822cd65b94018b1784250a38b824e1cda0625cca2b90b3727ba","48932","draft","reviewed","","","","ffd0ac05ad3051d48a4559029a01b6fd1364c3e318e923218a9cc3da5873a919","ffd0ac05ad3051d48a4559029a01b6fd1364c3e318e923218a9cc3da5873a919","1f7d88d2e6dcf9f96b677f36700ec20b5d13d09207c97817224c5d3b178ad925","92aec74a85406ffa96c826348ffe298dba702639ecdf956160bf655db48cc40f","77301"
"ASC950-SIGN-0396","最小参考资料库/search-results.csv","search_result_id","SRESULT-M2W3-HUAWEI-ASC950PR-AVAILABILITY-H7","审计/子代理交接/m2_staging/M2-W3-HUAWEI-ASCEND950-PHYSICAL/structured/search-results.csv","64402aab5d564822cd65b94018b1784250a38b824e1cda0625cca2b90b3727ba","48932","draft","reviewed","","","","38865a4b6b03d9876fc3711971e958e4ebb65a0bf4fec214ae0b4f78c9bab95d","38865a4b6b03d9876fc3711971e958e4ebb65a0bf4fec214ae0b4f78c9bab95d","b60617165c0eeecb3282a26f39c99610744bb933bf13a92fea22baf8548c5560","92aec74a85406ffa96c826348ffe298dba702639ecdf956160bf655db48cc40f","77301"
"ASC950-SIGN-0397","最小参考资料库/search-results.csv","search_result_id","SRESULT-M2W3-HUAWEI-ASC950PR-AVAILABILITY-H12","审计/子代理交接/m2_staging/M2-W3-HUAWEI-ASCEND950-PHYSICAL/structured/search-results.csv","64402aab5d564822cd65b94018b1784250a38b824e1cda0625cca2b90b3727ba","48932","draft","reviewed","","","","3645ff4722508cf858b82120300a889a06f6c9d27bcc51293d7b4ac17b6cd62d","3645ff4722508cf858b82120300a889a06f6c9d27bcc51293d7b4ac17b6cd62d","7c3ace095780b2a30efa3c3429a2efa3da1dc4d9c30166808b2c238f2334699a","92aec74a85406ffa96c826348ffe298dba702639ecdf956160bf655db48cc40f","77301"
"ASC950-SIGN-0398","最小参考资料库/search-results.csv","search_result_id","SRESULT-M2W3-HUAWEI-ASC950PR-DIE-COUNT-H2","审计/子代理交接/m2_staging/M2-W3-HUAWEI-ASCEND950-PHYSICAL/structured/search-results.csv","64402aab5d564822cd65b94018b1784250a38b824e1cda0625cca2b90b3727ba","48932","draft","reviewed","","","","ad832c12dbf9e254d2774a224d2f6c40619dd8ae712953b9cc0afc2e0e2129f4","ad832c12dbf9e254d2774a224d2f6c40619dd8ae712953b9cc0afc2e0e2129f4","00eccecd296c98bce8e7523ca42c120f913c9c1394c38a95f687dc42e7c6ce0a","92aec74a85406ffa96c826348ffe298dba702639ecdf956160bf655db48cc40f","77301"
"ASC950-SIGN-0399","最小参考资料库/search-results.csv","search_result_id","SRESULT-M2W3-HUAWEI-ASC950PR-DIE-COUNT-H6","审计/子代理交接/m2_staging/M2-W3-HUAWEI-ASCEND950-PHYSICAL/structured/search-results.csv","64402aab5d564822cd65b94018b1784250a38b824e1cda0625cca2b90b3727ba","48932","draft","reviewed","","","","48b50720c44c24b687adfebc255709050afc074ad4d5f06180cd01821bbfe1ea","48b50720c44c24b687adfebc255709050afc074ad4d5f06180cd01821bbfe1ea","efb02a3d20e8508035dc12d6a0f9432c07a2359aef2d2ccb12ea9d354179aca5","92aec74a85406ffa96c826348ffe298dba702639ecdf956160bf655db48cc40f","77301"
"ASC950-SIGN-0400","最小参考资料库/search-results.csv","search_result_id","SRESULT-M2W3-HUAWEI-ASC950PR-DIE-COUNT-H7","审计/子代理交接/m2_staging/M2-W3-HUAWEI-ASCEND950-PHYSICAL/structured/search-results.csv","64402aab5d564822cd65b94018b1784250a38b824e1cda0625cca2b90b3727ba","48932","draft","reviewed","","","","379a43e8951ed3c088d3406e25d72ba57a83b52a8328063271d6e6c72025d4ed","379a43e8951ed3c088d3406e25d72ba57a83b52a8328063271d6e6c72025d4ed","78cb613124afd8ed54a0ad805f4ef1899498d40b1c44a6422c212c30f76ea4db","92aec74a85406ffa96c826348ffe298dba702639ecdf956160bf655db48cc40f","77301"
"ASC950-SIGN-0401","最小参考资料库/search-results.csv","search_result_id","SRESULT-M2W3-HUAWEI-ASC950PR-DIE-COUNT-H12","审计/子代理交接/m2_staging/M2-W3-HUAWEI-ASCEND950-PHYSICAL/structured/search-results.csv","64402aab5d564822cd65b94018b1784250a38b824e1cda0625cca2b90b3727ba","48932","draft","reviewed","","","","c01c7a7d67c90066c99666851661dfb87231c0cc10242c80a6f71e45be83ae20","c01c7a7d67c90066c99666851661dfb87231c0cc10242c80a6f71e45be83ae20","5cda470cfc6e526348efc70750f7fb371a0e61fa381502be6853ac75089fd678","92aec74a85406ffa96c826348ffe298dba702639ecdf956160bf655db48cc40f","77301"
"ASC950-SIGN-0402","最小参考资料库/search-results.csv","search_result_id","SRESULT-M2W3-HUAWEI-ASC950PR-HBM-STACKS-H2","审计/子代理交接/m2_staging/M2-W3-HUAWEI-ASCEND950-PHYSICAL/structured/search-results.csv","64402aab5d564822cd65b94018b1784250a38b824e1cda0625cca2b90b3727ba","48932","draft","reviewed","","","","fa5c212868595dddaebe6e1a7cdadc984abc53d133cf0eeda690322f8f2bd39a","fa5c212868595dddaebe6e1a7cdadc984abc53d133cf0eeda690322f8f2bd39a","c29c4ff972f2b67fcba20d0cf61e1a809775d0e8d59fd299ad71dddd4c5742c4","92aec74a85406ffa96c826348ffe298dba702639ecdf956160bf655db48cc40f","77301"
"ASC950-SIGN-0403","最小参考资料库/search-results.csv","search_result_id","SRESULT-M2W3-HUAWEI-ASC950PR-HBM-STACKS-H6","审计/子代理交接/m2_staging/M2-W3-HUAWEI-ASCEND950-PHYSICAL/structured/search-results.csv","64402aab5d564822cd65b94018b1784250a38b824e1cda0625cca2b90b3727ba","48932","draft","reviewed","","","","f35a7f049767c8ace88445bba9bc7ea5576e0946c10b8e1ba8f3f0d689882b21","f35a7f049767c8ace88445bba9bc7ea5576e0946c10b8e1ba8f3f0d689882b21","541ef29df6f403606ab94f87e64eac1923c258576620fd3b421fe26ae77d5e0d","92aec74a85406ffa96c826348ffe298dba702639ecdf956160bf655db48cc40f","77301"
"ASC950-SIGN-0404","最小参考资料库/search-results.csv","search_result_id","SRESULT-M2W3-HUAWEI-ASC950PR-HBM-STACKS-H7","审计/子代理交接/m2_staging/M2-W3-HUAWEI-ASCEND950-PHYSICAL/structured/search-results.csv","64402aab5d564822cd65b94018b1784250a38b824e1cda0625cca2b90b3727ba","48932","draft","reviewed","","","","815ec9d0c403c7c259a844838b040db0fe5e5daea92c374a705a91872bbe3fe4","815ec9d0c403c7c259a844838b040db0fe5e5daea92c374a705a91872bbe3fe4","b3985e59ebbdfaf46c87a7ce652a87ad10e1670845060f99977d7a7f044d329f","92aec74a85406ffa96c826348ffe298dba702639ecdf956160bf655db48cc40f","77301"
"ASC950-SIGN-0405","最小参考资料库/search-results.csv","search_result_id","SRESULT-M2W3-HUAWEI-ASC950PR-HBM-STACKS-H12","审计/子代理交接/m2_staging/M2-W3-HUAWEI-ASCEND950-PHYSICAL/structured/search-results.csv","64402aab5d564822cd65b94018b1784250a38b824e1cda0625cca2b90b3727ba","48932","draft","reviewed","","","","a737118fcc2dc2398d1b73320990e09e978676a6d11e530d4e469e5c9734bd8f","a737118fcc2dc2398d1b73320990e09e978676a6d11e530d4e469e5c9734bd8f","725d28069519928df645d5f3919f2291f719504ac912c1cfd6cc0e30e825925c","92aec74a85406ffa96c826348ffe298dba702639ecdf956160bf655db48cc40f","77301"
"ASC950-SIGN-0406","最小参考资料库/search-results.csv","search_result_id","SRESULT-M2W3-HUAWEI-ASC950PR-HBM-INTERFACE-H2","审计/子代理交接/m2_staging/M2-W3-HUAWEI-ASCEND950-PHYSICAL/structured/search-results.csv","64402aab5d564822cd65b94018b1784250a38b824e1cda0625cca2b90b3727ba","48932","draft","reviewed","","","","5ecc1908513da7b0ada89a0afe4f8f82e0bfa7f85df4b969f0a947a8dbcef600","5ecc1908513da7b0ada89a0afe4f8f82e0bfa7f85df4b969f0a947a8dbcef600","96168226fa414e996b3543dedf491a0cf8cbd93e3694dac7096c74ae973876b7","92aec74a85406ffa96c826348ffe298dba702639ecdf956160bf655db48cc40f","77301"
"ASC950-SIGN-0407","最小参考资料库/search-results.csv","search_result_id","SRESULT-M2W3-HUAWEI-ASC950PR-HBM-INTERFACE-H6","审计/子代理交接/m2_staging/M2-W3-HUAWEI-ASCEND950-PHYSICAL/structured/search-results.csv","64402aab5d564822cd65b94018b1784250a38b824e1cda0625cca2b90b3727ba","48932","draft","reviewed","","","","b8e3d84a2fb0cbbce91a7340ccc6e1c413b83e0ea025c719e67c7f01186023c6","b8e3d84a2fb0cbbce91a7340ccc6e1c413b83e0ea025c719e67c7f01186023c6","454811399eb44956477a4f2506143d9b3dae65950e23ac7949462361db009cf1","92aec74a85406ffa96c826348ffe298dba702639ecdf956160bf655db48cc40f","77301"
"ASC950-SIGN-0408","最小参考资料库/search-results.csv","search_result_id","SRESULT-M2W3-HUAWEI-ASC950PR-HBM-INTERFACE-H7","审计/子代理交接/m2_staging/M2-W3-HUAWEI-ASCEND950-PHYSICAL/structured/search-results.csv","64402aab5d564822cd65b94018b1784250a38b824e1cda0625cca2b90b3727ba","48932","draft","reviewed","","","","5f0183558b5f755ad7f7fcf5d4091eaf2317787506b5f5fbc1e4b99ee6cb90f0","5f0183558b5f755ad7f7fcf5d4091eaf2317787506b5f5fbc1e4b99ee6cb90f0","cd700cca6f55e97bb98e784f5e94a2d070089a63e9aa44991b264f1574a7fd71","92aec74a85406ffa96c826348ffe298dba702639ecdf956160bf655db48cc40f","77301"
"ASC950-SIGN-0409","最小参考资料库/search-results.csv","search_result_id","SRESULT-M2W3-HUAWEI-ASC950PR-HBM-INTERFACE-H12","审计/子代理交接/m2_staging/M2-W3-HUAWEI-ASCEND950-PHYSICAL/structured/search-results.csv","64402aab5d564822cd65b94018b1784250a38b824e1cda0625cca2b90b3727ba","48932","draft","reviewed","","","","5890911c5976215b2cffaee19aec1369bafa435fdb5fe996f3c0cae86b499708","5890911c5976215b2cffaee19aec1369bafa435fdb5fe996f3c0cae86b499708","ea2a513ffa521f15a3206d630552bc12dc31cfb26157579b52e77c47d27056ad","92aec74a85406ffa96c826348ffe298dba702639ecdf956160bf655db48cc40f","77301"
"ASC950-SIGN-0410","最小参考资料库/search-results.csv","search_result_id","SRESULT-M2W3-HUAWEI-ASC950PR-INTERPOSER-H2","审计/子代理交接/m2_staging/M2-W3-HUAWEI-ASCEND950-PHYSICAL/structured/search-results.csv","64402aab5d564822cd65b94018b1784250a38b824e1cda0625cca2b90b3727ba","48932","draft","reviewed","","","","f8c628d1a3670ba155e5fcb3375c389ec159a5dc6e119e1f765c8711ae376a84","f8c628d1a3670ba155e5fcb3375c389ec159a5dc6e119e1f765c8711ae376a84","ac69719dd16b8a4156091a2358198a97832b14ae75554dacf19c2ea17e52f48f","92aec74a85406ffa96c826348ffe298dba702639ecdf956160bf655db48cc40f","77301"
"ASC950-SIGN-0411","最小参考资料库/search-results.csv","search_result_id","SRESULT-M2W3-HUAWEI-ASC950PR-INTERPOSER-H6","审计/子代理交接/m2_staging/M2-W3-HUAWEI-ASCEND950-PHYSICAL/structured/search-results.csv","64402aab5d564822cd65b94018b1784250a38b824e1cda0625cca2b90b3727ba","48932","draft","reviewed","","","","33873ec2d1b03371d35e02505508f2aa9412d98ad143e5c924ccf80fc97a0611","33873ec2d1b03371d35e02505508f2aa9412d98ad143e5c924ccf80fc97a0611","a0f4d0db93ce8e6838e3eb9cb8ffe5ae66266e099f98e324e1548d2140a03c87","92aec74a85406ffa96c826348ffe298dba702639ecdf956160bf655db48cc40f","77301"
"ASC950-SIGN-0412","最小参考资料库/search-results.csv","search_result_id","SRESULT-M2W3-HUAWEI-ASC950PR-INTERPOSER-H7","审计/子代理交接/m2_staging/M2-W3-HUAWEI-ASCEND950-PHYSICAL/structured/search-results.csv","64402aab5d564822cd65b94018b1784250a38b824e1cda0625cca2b90b3727ba","48932","draft","reviewed","","","","5b6cf8a12d82061356aa17c271980382623cb78b8c4f055be69855add02afeeb","5b6cf8a12d82061356aa17c271980382623cb78b8c4f055be69855add02afeeb","4e604b3e05e075a39a292a710a349f45f0805f1597ae3fba0afa13625664dd77","92aec74a85406ffa96c826348ffe298dba702639ecdf956160bf655db48cc40f","77301"
"ASC950-SIGN-0413","最小参考资料库/search-results.csv","search_result_id","SRESULT-M2W3-HUAWEI-ASC950PR-INTERPOSER-H12","审计/子代理交接/m2_staging/M2-W3-HUAWEI-ASCEND950-PHYSICAL/structured/search-results.csv","64402aab5d564822cd65b94018b1784250a38b824e1cda0625cca2b90b3727ba","48932","draft","reviewed","","","","659e188b92db51a199da473769d011608de9ddecd015cf1298cbd13146225d19","659e188b92db51a199da473769d011608de9ddecd015cf1298cbd13146225d19","6b97836c81bfd89e82c7423d72d82d6de103a3e6c8061241838d88cac2815457","92aec74a85406ffa96c826348ffe298dba702639ecdf956160bf655db48cc40f","77301"
"ASC950-SIGN-0414","最小参考资料库/search-results.csv","search_result_id","SRESULT-M2W3-HUAWEI-ASC950PR-POWER-H2","审计/子代理交接/m2_staging/M2-W3-HUAWEI-ASCEND950-PHYSICAL/structured/search-results.csv","64402aab5d564822cd65b94018b1784250a38b824e1cda0625cca2b90b3727ba","48932","draft","reviewed","","","","3698575265b96b8478f85d52f79f1750c7043a599e282e5795bbf28e58fd4ab5","3698575265b96b8478f85d52f79f1750c7043a599e282e5795bbf28e58fd4ab5","a20d973789a0c2e08c0b845327e43b28abe14495cd288ed2c808f2d3b195dfc1","92aec74a85406ffa96c826348ffe298dba702639ecdf956160bf655db48cc40f","77301"
"ASC950-SIGN-0415","最小参考资料库/search-results.csv","search_result_id","SRESULT-M2W3-HUAWEI-ASC950PR-POWER-H6","审计/子代理交接/m2_staging/M2-W3-HUAWEI-ASCEND950-PHYSICAL/structured/search-results.csv","64402aab5d564822cd65b94018b1784250a38b824e1cda0625cca2b90b3727ba","48932","draft","reviewed","","","","4c56c859cb2a34224f5c9d268d46452ed6cf5439adaf23cb115f9ee68195b378","4c56c859cb2a34224f5c9d268d46452ed6cf5439adaf23cb115f9ee68195b378","8aea9973b56dd8a2a44d76788c275e68f7c0822231b805406c690e7064bacb16","92aec74a85406ffa96c826348ffe298dba702639ecdf956160bf655db48cc40f","77301"
"ASC950-SIGN-0416","最小参考资料库/search-results.csv","search_result_id","SRESULT-M2W3-HUAWEI-ASC950PR-POWER-H7","审计/子代理交接/m2_staging/M2-W3-HUAWEI-ASCEND950-PHYSICAL/structured/search-results.csv","64402aab5d564822cd65b94018b1784250a38b824e1cda0625cca2b90b3727ba","48932","draft","reviewed","","","","9c13233674d8da1484f949608ff5d337b9d8d22dbbfb12f10049bb41ee39cbd5","9c13233674d8da1484f949608ff5d337b9d8d22dbbfb12f10049bb41ee39cbd5","cc89d03ce573cb438fad89b67be0e1b914b05c447593dc131971f2bf713a78f2","92aec74a85406ffa96c826348ffe298dba702639ecdf956160bf655db48cc40f","77301"
"ASC950-SIGN-0417","最小参考资料库/search-results.csv","search_result_id","SRESULT-M2W3-HUAWEI-ASC950PR-POWER-H12","审计/子代理交接/m2_staging/M2-W3-HUAWEI-ASCEND950-PHYSICAL/structured/search-results.csv","64402aab5d564822cd65b94018b1784250a38b824e1cda0625cca2b90b3727ba","48932","draft","reviewed","","","","4343317086cffd23630eacf87ad85549f3208cbc301b7d2b55bb31b378507315","4343317086cffd23630eacf87ad85549f3208cbc301b7d2b55bb31b378507315","463552ac7fd75ad27fe5f7efb588149abcd8f12aeecebcec8434771fd2c8e59a","92aec74a85406ffa96c826348ffe298dba702639ecdf956160bf655db48cc40f","77301"
"ASC950-SIGN-0418","最小参考资料库/search-results.csv","search_result_id","SRESULT-M2W3-HUAWEI-ASC950PR-MEM-LATENCY-H2","审计/子代理交接/m2_staging/M2-W3-HUAWEI-ASCEND950-PHYSICAL/structured/search-results.csv","64402aab5d564822cd65b94018b1784250a38b824e1cda0625cca2b90b3727ba","48932","draft","reviewed","","","","4223fc38f915bf083cd0cd2dce327a9c70956d00c5d90b5c61259b8d66f3aa20","4223fc38f915bf083cd0cd2dce327a9c70956d00c5d90b5c61259b8d66f3aa20","49fb50f645cc835e083ae9ec2b683ca29850e48c3b8dc5090e20e8e87cfe44a8","92aec74a85406ffa96c826348ffe298dba702639ecdf956160bf655db48cc40f","77301"
"ASC950-SIGN-0419","最小参考资料库/search-results.csv","search_result_id","SRESULT-M2W3-HUAWEI-ASC950PR-MEM-LATENCY-H6","审计/子代理交接/m2_staging/M2-W3-HUAWEI-ASCEND950-PHYSICAL/structured/search-results.csv","64402aab5d564822cd65b94018b1784250a38b824e1cda0625cca2b90b3727ba","48932","draft","reviewed","","","","ce95948700878722fa90a1e58bc8419afc1c6b5b87361b7a3ebfb5d6c8083e0c","ce95948700878722fa90a1e58bc8419afc1c6b5b87361b7a3ebfb5d6c8083e0c","cc41a9a3e15847e29fc48a6d2760f614ce96e7a47aaf47e9f4a57d13b7a76308","92aec74a85406ffa96c826348ffe298dba702639ecdf956160bf655db48cc40f","77301"
"ASC950-SIGN-0420","最小参考资料库/search-results.csv","search_result_id","SRESULT-M2W3-HUAWEI-ASC950PR-MEM-LATENCY-H7","审计/子代理交接/m2_staging/M2-W3-HUAWEI-ASCEND950-PHYSICAL/structured/search-results.csv","64402aab5d564822cd65b94018b1784250a38b824e1cda0625cca2b90b3727ba","48932","draft","reviewed","","","","12ecfdb7ea4692700a5cf76dfc93abe397838ec37226f5229b90a546ad494124","12ecfdb7ea4692700a5cf76dfc93abe397838ec37226f5229b90a546ad494124","8849eaa4f499592deff443ad6b0345bcd6c4a18f542e98eaa350098ceb48b1cc","92aec74a85406ffa96c826348ffe298dba702639ecdf956160bf655db48cc40f","77301"
"ASC950-SIGN-0421","最小参考资料库/search-results.csv","search_result_id","SRESULT-M2W3-HUAWEI-ASC950PR-MEM-LATENCY-H12","审计/子代理交接/m2_staging/M2-W3-HUAWEI-ASCEND950-PHYSICAL/structured/search-results.csv","64402aab5d564822cd65b94018b1784250a38b824e1cda0625cca2b90b3727ba","48932","draft","reviewed","","","","b1550d4f136cea9cae27d0021ef2cebf3464290ccc62c3a14335dde6bfe7a6e0","b1550d4f136cea9cae27d0021ef2cebf3464290ccc62c3a14335dde6bfe7a6e0","3e438580d832a0c87eb53596205c4108d489a16852d0a213d19fbe5552c81449","92aec74a85406ffa96c826348ffe298dba702639ecdf956160bf655db48cc40f","77301"
"ASC950-SIGN-0422","最小参考资料库/search-results.csv","search_result_id","SRESULT-M2W3-HUAWEI-ASC950PR-MEM-RW-MODEL-H2","审计/子代理交接/m2_staging/M2-W3-HUAWEI-ASCEND950-PHYSICAL/structured/search-results.csv","64402aab5d564822cd65b94018b1784250a38b824e1cda0625cca2b90b3727ba","48932","draft","reviewed","","","","5d0dd711e5a444fa493f94bb7ffef93ba1384cb031c6b58bab3fa5724dd6946d","5d0dd711e5a444fa493f94bb7ffef93ba1384cb031c6b58bab3fa5724dd6946d","157ed50d9a092f416d46651b7d67ffe66b9259fc3ebf14c71a6c09ea9d0a150e","92aec74a85406ffa96c826348ffe298dba702639ecdf956160bf655db48cc40f","77301"
"ASC950-SIGN-0423","最小参考资料库/search-results.csv","search_result_id","SRESULT-M2W3-HUAWEI-ASC950PR-MEM-RW-MODEL-H6","审计/子代理交接/m2_staging/M2-W3-HUAWEI-ASCEND950-PHYSICAL/structured/search-results.csv","64402aab5d564822cd65b94018b1784250a38b824e1cda0625cca2b90b3727ba","48932","draft","reviewed","","","","177337e6a6a20fddfdf8083ca3787e5811b37755951f6a9a1369bf8276d25901","177337e6a6a20fddfdf8083ca3787e5811b37755951f6a9a1369bf8276d25901","b89de76c5b84217eda9b015f526c78dcf34bba9e6c09e1d57d3328b170c25546","92aec74a85406ffa96c826348ffe298dba702639ecdf956160bf655db48cc40f","77301"
"ASC950-SIGN-0424","最小参考资料库/search-results.csv","search_result_id","SRESULT-M2W3-HUAWEI-ASC950PR-MEM-RW-MODEL-H7","审计/子代理交接/m2_staging/M2-W3-HUAWEI-ASCEND950-PHYSICAL/structured/search-results.csv","64402aab5d564822cd65b94018b1784250a38b824e1cda0625cca2b90b3727ba","48932","draft","reviewed","","","","1d037c3f4322913a6d8631635c0cb25da4950eaff3bddd665201a8c8f30dacdd","1d037c3f4322913a6d8631635c0cb25da4950eaff3bddd665201a8c8f30dacdd","cc1631adcf15d2899a5bd4a357a58d13a8964c53fa8dfd11d313d69df75ebd72","92aec74a85406ffa96c826348ffe298dba702639ecdf956160bf655db48cc40f","77301"
"ASC950-SIGN-0425","最小参考资料库/search-results.csv","search_result_id","SRESULT-M2W3-HUAWEI-ASC950PR-MEM-RW-MODEL-H12","审计/子代理交接/m2_staging/M2-W3-HUAWEI-ASCEND950-PHYSICAL/structured/search-results.csv","64402aab5d564822cd65b94018b1784250a38b824e1cda0625cca2b90b3727ba","48932","draft","reviewed","","","","360a8900aec2a5361cd0ebd77f81af1f6dd11270e28d5d3da4770031f20c984f","360a8900aec2a5361cd0ebd77f81af1f6dd11270e28d5d3da4770031f20c984f","2c207ff9352c35dc8bc42bd0403ac6e597ecce0532ce1c6d36cc6e1a5733245c","92aec74a85406ffa96c826348ffe298dba702639ecdf956160bf655db48cc40f","77301"
"ASC950-SIGN-0426","最小参考资料库/search-results.csv","search_result_id","SRESULT-M2W3-HUAWEI-ASC950PR-LINK-RATE-H2","审计/子代理交接/m2_staging/M2-W3-HUAWEI-ASCEND950-PHYSICAL/structured/search-results.csv","64402aab5d564822cd65b94018b1784250a38b824e1cda0625cca2b90b3727ba","48932","draft","reviewed","","","","e873c8ef551c95860ada18334b1a2423bd582a992985e261804b54f2991d9539","e873c8ef551c95860ada18334b1a2423bd582a992985e261804b54f2991d9539","2a21238e10e46e76951f2b89f4ca7f17909c43bf27eb98e23827c490e074bddc","92aec74a85406ffa96c826348ffe298dba702639ecdf956160bf655db48cc40f","77301"
"ASC950-SIGN-0427","最小参考资料库/search-results.csv","search_result_id","SRESULT-M2W3-HUAWEI-ASC950PR-LINK-RATE-H6","审计/子代理交接/m2_staging/M2-W3-HUAWEI-ASCEND950-PHYSICAL/structured/search-results.csv","64402aab5d564822cd65b94018b1784250a38b824e1cda0625cca2b90b3727ba","48932","draft","reviewed","","","","b7f6464e49143b5444badc77145b564aab6cbcaf87ffbe0a8e8518ccac413de0","b7f6464e49143b5444badc77145b564aab6cbcaf87ffbe0a8e8518ccac413de0","ba484bdb965a4324d4618429807873efba6f930c593fe0c53cd024135ae866fc","92aec74a85406ffa96c826348ffe298dba702639ecdf956160bf655db48cc40f","77301"
"ASC950-SIGN-0428","最小参考资料库/search-results.csv","search_result_id","SRESULT-M2W3-HUAWEI-ASC950PR-LINK-RATE-H7","审计/子代理交接/m2_staging/M2-W3-HUAWEI-ASCEND950-PHYSICAL/structured/search-results.csv","64402aab5d564822cd65b94018b1784250a38b824e1cda0625cca2b90b3727ba","48932","draft","reviewed","","","","ac85657eec2c7c7e905bfcd2168ae09769b21f9431916b6d8d894467023cd983","ac85657eec2c7c7e905bfcd2168ae09769b21f9431916b6d8d894467023cd983","89f68f8fce493d5d8a4827a631c10e7679d5836c9a4f02b630d92dc4edb7d6bc","92aec74a85406ffa96c826348ffe298dba702639ecdf956160bf655db48cc40f","77301"
"ASC950-SIGN-0429","最小参考资料库/search-results.csv","search_result_id","SRESULT-M2W3-HUAWEI-ASC950PR-LINK-RATE-H12","审计/子代理交接/m2_staging/M2-W3-HUAWEI-ASCEND950-PHYSICAL/structured/search-results.csv","64402aab5d564822cd65b94018b1784250a38b824e1cda0625cca2b90b3727ba","48932","draft","reviewed","","","","9b5b1518a809b8961a544f5f0b5939d7ab415d5c7d9cb6abd21f80258b6211cf","9b5b1518a809b8961a544f5f0b5939d7ab415d5c7d9cb6abd21f80258b6211cf","8150a9c01a7459abf15b7fda0a661495f6aa31babb797ad4bca820ff55f732aa","92aec74a85406ffa96c826348ffe298dba702639ecdf956160bf655db48cc40f","77301"
"ASC950-SIGN-0430","最小参考资料库/search-results.csv","search_result_id","SRESULT-M2W3-HUAWEI-ASC950PR-LINK-COUNT-H2","审计/子代理交接/m2_staging/M2-W3-HUAWEI-ASCEND950-PHYSICAL/structured/search-results.csv","64402aab5d564822cd65b94018b1784250a38b824e1cda0625cca2b90b3727ba","48932","draft","reviewed","","","","21bb13f1e0811bdb895650e9b3b5cf003aa8327016c9630c13062ac3abeacaf1","21bb13f1e0811bdb895650e9b3b5cf003aa8327016c9630c13062ac3abeacaf1","3e0413f3abcd2b3fef518c8b5c6e77361a46f63602b804c4880bb4b57fd2c9dd","92aec74a85406ffa96c826348ffe298dba702639ecdf956160bf655db48cc40f","77301"
"ASC950-SIGN-0431","最小参考资料库/search-results.csv","search_result_id","SRESULT-M2W3-HUAWEI-ASC950PR-LINK-COUNT-H6","审计/子代理交接/m2_staging/M2-W3-HUAWEI-ASCEND950-PHYSICAL/structured/search-results.csv","64402aab5d564822cd65b94018b1784250a38b824e1cda0625cca2b90b3727ba","48932","draft","reviewed","","","","2706a62b3957250a9342fab0cfd6e71d6e42aa9b131e4088db32fcb63ae9ca38","2706a62b3957250a9342fab0cfd6e71d6e42aa9b131e4088db32fcb63ae9ca38","d3dda86fee95560c2379db93ed486003857f384ba2353873de5bb86831b08644","92aec74a85406ffa96c826348ffe298dba702639ecdf956160bf655db48cc40f","77301"
"ASC950-SIGN-0432","最小参考资料库/search-results.csv","search_result_id","SRESULT-M2W3-HUAWEI-ASC950PR-LINK-COUNT-H7","审计/子代理交接/m2_staging/M2-W3-HUAWEI-ASCEND950-PHYSICAL/structured/search-results.csv","64402aab5d564822cd65b94018b1784250a38b824e1cda0625cca2b90b3727ba","48932","draft","reviewed","","","","4ad5dfe3a0fe22b4a3b249d6ee607fc589771040110c9cd060caf9a3e0aff7e2","4ad5dfe3a0fe22b4a3b249d6ee607fc589771040110c9cd060caf9a3e0aff7e2","f824ed33aec297a3e53a29924b14b4221375178b495d3a74c65e216a46d231ca","92aec74a85406ffa96c826348ffe298dba702639ecdf956160bf655db48cc40f","77301"
"ASC950-SIGN-0433","最小参考资料库/search-results.csv","search_result_id","SRESULT-M2W3-HUAWEI-ASC950PR-LINK-COUNT-H12","审计/子代理交接/m2_staging/M2-W3-HUAWEI-ASCEND950-PHYSICAL/structured/search-results.csv","64402aab5d564822cd65b94018b1784250a38b824e1cda0625cca2b90b3727ba","48932","draft","reviewed","","","","f3a9eb5ef2b8f687d7863d764f6bd417bced0c9a5f78c1e00b17ab5f0275f80c","f3a9eb5ef2b8f687d7863d764f6bd417bced0c9a5f78c1e00b17ab5f0275f80c","2262ff8343511755bca7c7e1264d7a9824f8cf523b4f15c3c78ed3b29625cd44","92aec74a85406ffa96c826348ffe298dba702639ecdf956160bf655db48cc40f","77301"
"ASC950-SIGN-0434","最小参考资料库/search-results.csv","search_result_id","SRESULT-M2W3-HUAWEI-ASC950PR-TOPOLOGY-H2","审计/子代理交接/m2_staging/M2-W3-HUAWEI-ASCEND950-PHYSICAL/structured/search-results.csv","64402aab5d564822cd65b94018b1784250a38b824e1cda0625cca2b90b3727ba","48932","draft","reviewed","","","","6954058ab0413ae3f9e60116b7d4d1aa2c5516da497423cb80f560ab3783be1d","6954058ab0413ae3f9e60116b7d4d1aa2c5516da497423cb80f560ab3783be1d","df9fbf2fbdab681f9eba302cface4153fa69e44d0004f6806f312f76bf240b5a","92aec74a85406ffa96c826348ffe298dba702639ecdf956160bf655db48cc40f","77301"
"ASC950-SIGN-0435","最小参考资料库/search-results.csv","search_result_id","SRESULT-M2W3-HUAWEI-ASC950PR-TOPOLOGY-H6","审计/子代理交接/m2_staging/M2-W3-HUAWEI-ASCEND950-PHYSICAL/structured/search-results.csv","64402aab5d564822cd65b94018b1784250a38b824e1cda0625cca2b90b3727ba","48932","draft","reviewed","","","","cdacabe19017e343d895e7571944b52dd266972ef8398857b6c21947d9afa3c0","cdacabe19017e343d895e7571944b52dd266972ef8398857b6c21947d9afa3c0","a9423b4fcb0764a3c1fe55f92485ce582994471b6c8a47f6f951c5e63741b0bc","92aec74a85406ffa96c826348ffe298dba702639ecdf956160bf655db48cc40f","77301"
"ASC950-SIGN-0436","最小参考资料库/search-results.csv","search_result_id","SRESULT-M2W3-HUAWEI-ASC950PR-TOPOLOGY-H7","审计/子代理交接/m2_staging/M2-W3-HUAWEI-ASCEND950-PHYSICAL/structured/search-results.csv","64402aab5d564822cd65b94018b1784250a38b824e1cda0625cca2b90b3727ba","48932","draft","reviewed","","","","2c6254e0223920b05da590f3324a27475a51b63763fb371680945fbcf79e7a01","2c6254e0223920b05da590f3324a27475a51b63763fb371680945fbcf79e7a01","18937eef934becaea35508b7033df248ea1aab0200bd647313c06237330ffb23","92aec74a85406ffa96c826348ffe298dba702639ecdf956160bf655db48cc40f","77301"
"ASC950-SIGN-0437","最小参考资料库/search-results.csv","search_result_id","SRESULT-M2W3-HUAWEI-ASC950PR-TOPOLOGY-H12","审计/子代理交接/m2_staging/M2-W3-HUAWEI-ASCEND950-PHYSICAL/structured/search-results.csv","64402aab5d564822cd65b94018b1784250a38b824e1cda0625cca2b90b3727ba","48932","draft","reviewed","","","","14892842a21c6aceff2a237a4b766e868c271c8059a0bf3f9375d13bf8ffc4b6","14892842a21c6aceff2a237a4b766e868c271c8059a0bf3f9375d13bf8ffc4b6","40a2e37bf459baf24c8e71cc8c7f2c8acc0bc62c1598a032c666638732401873","92aec74a85406ffa96c826348ffe298dba702639ecdf956160bf655db48cc40f","77301"
"ASC950-SIGN-0438","最小参考资料库/search-results.csv","search_result_id","SRESULT-M2W3-HUAWEI-ASC950PR-SPECIAL-DETAIL-H2","审计/子代理交接/m2_staging/M2-W3-HUAWEI-ASCEND950-PHYSICAL/structured/search-results.csv","64402aab5d564822cd65b94018b1784250a38b824e1cda0625cca2b90b3727ba","48932","draft","reviewed","","","","4485f921f0138bf35407117ba34375da49c3d23d0a3aee8b8cf9ceb03b24a788","4485f921f0138bf35407117ba34375da49c3d23d0a3aee8b8cf9ceb03b24a788","08b02cdd7ff9bf697023053dd542a45a7af5267cd86f9979313fa9f0dec6f169","92aec74a85406ffa96c826348ffe298dba702639ecdf956160bf655db48cc40f","77301"
"ASC950-SIGN-0439","最小参考资料库/search-results.csv","search_result_id","SRESULT-M2W3-HUAWEI-ASC950PR-SPECIAL-DETAIL-H6","审计/子代理交接/m2_staging/M2-W3-HUAWEI-ASCEND950-PHYSICAL/structured/search-results.csv","64402aab5d564822cd65b94018b1784250a38b824e1cda0625cca2b90b3727ba","48932","draft","reviewed","","","","903378b791939c7b5b7dc551f885036052138ed86b4d5a250ca40110beff0f05","903378b791939c7b5b7dc551f885036052138ed86b4d5a250ca40110beff0f05","3508fa8d644ace8a3458c3f253006de64c9c3407a7a41ddf3a9e82aa9fb59e3e","92aec74a85406ffa96c826348ffe298dba702639ecdf956160bf655db48cc40f","77301"
"ASC950-SIGN-0440","最小参考资料库/search-results.csv","search_result_id","SRESULT-M2W3-HUAWEI-ASC950PR-SPECIAL-DETAIL-H7","审计/子代理交接/m2_staging/M2-W3-HUAWEI-ASCEND950-PHYSICAL/structured/search-results.csv","64402aab5d564822cd65b94018b1784250a38b824e1cda0625cca2b90b3727ba","48932","draft","reviewed","","","","cdf702723591581c701b15c257355903d443d1be8241b8688cf10b7620e866d6","cdf702723591581c701b15c257355903d443d1be8241b8688cf10b7620e866d6","fef23f053258e4683a8ca0811e7b375de99ae2783138ce1bd2c62c6037b8be9d","92aec74a85406ffa96c826348ffe298dba702639ecdf956160bf655db48cc40f","77301"
"ASC950-SIGN-0441","最小参考资料库/search-results.csv","search_result_id","SRESULT-M2W3-HUAWEI-ASC950PR-SPECIAL-DETAIL-H12","审计/子代理交接/m2_staging/M2-W3-HUAWEI-ASCEND950-PHYSICAL/structured/search-results.csv","64402aab5d564822cd65b94018b1784250a38b824e1cda0625cca2b90b3727ba","48932","draft","reviewed","","","","3f27e8385d0bff4e9210c5643576fe966dcc6db407b065b6f05fd2b66246c4b8","3f27e8385d0bff4e9210c5643576fe966dcc6db407b065b6f05fd2b66246c4b8","9744dab84849b2cd97e7073805b4e18864e62fe568c7243cdb01570e26412da6","92aec74a85406ffa96c826348ffe298dba702639ecdf956160bf655db48cc40f","77301"
"ASC950-SIGN-0442","最小参考资料库/search-results.csv","search_result_id","SRESULT-M2W3-HUAWEI-ASC950PR-COMPILER-H2","审计/子代理交接/m2_staging/M2-W3-HUAWEI-ASCEND950-PHYSICAL/structured/search-results.csv","64402aab5d564822cd65b94018b1784250a38b824e1cda0625cca2b90b3727ba","48932","draft","reviewed","","","","09f40a555e9e324fac0ba89b317100d562317ffbdbe171aec8a87695738c906d","09f40a555e9e324fac0ba89b317100d562317ffbdbe171aec8a87695738c906d","e222a2259a1d366d02e242932316f0fe8ec4c12fb6a000a27a7dfb58edc00574","92aec74a85406ffa96c826348ffe298dba702639ecdf956160bf655db48cc40f","77301"
"ASC950-SIGN-0443","最小参考资料库/search-results.csv","search_result_id","SRESULT-M2W3-HUAWEI-ASC950PR-COMPILER-H6","审计/子代理交接/m2_staging/M2-W3-HUAWEI-ASCEND950-PHYSICAL/structured/search-results.csv","64402aab5d564822cd65b94018b1784250a38b824e1cda0625cca2b90b3727ba","48932","draft","reviewed","","","","fff8aa22dc7ffcd788a428e11aa22575f14f6eb869fbbb86539e7f4e87380f9e","fff8aa22dc7ffcd788a428e11aa22575f14f6eb869fbbb86539e7f4e87380f9e","5b4abea0190d1d60a46e937e151b6a3f0d59d7afcdb965d5f4abc3e6eac96373","92aec74a85406ffa96c826348ffe298dba702639ecdf956160bf655db48cc40f","77301"
"ASC950-SIGN-0444","最小参考资料库/search-results.csv","search_result_id","SRESULT-M2W3-HUAWEI-ASC950PR-COMPILER-H7","审计/子代理交接/m2_staging/M2-W3-HUAWEI-ASCEND950-PHYSICAL/structured/search-results.csv","64402aab5d564822cd65b94018b1784250a38b824e1cda0625cca2b90b3727ba","48932","draft","reviewed","","","","b7f7aa03b2950ab1f13e1c16cca489149f9c69c2f123cb6732cbe2e8a9079665","b7f7aa03b2950ab1f13e1c16cca489149f9c69c2f123cb6732cbe2e8a9079665","4bdf446a2d8e2c667538e5b898bf735bb94107374aa08da96f2326cc107ea8e6","92aec74a85406ffa96c826348ffe298dba702639ecdf956160bf655db48cc40f","77301"
"ASC950-SIGN-0445","最小参考资料库/search-results.csv","search_result_id","SRESULT-M2W3-HUAWEI-ASC950PR-COMPILER-H12","审计/子代理交接/m2_staging/M2-W3-HUAWEI-ASCEND950-PHYSICAL/structured/search-results.csv","64402aab5d564822cd65b94018b1784250a38b824e1cda0625cca2b90b3727ba","48932","draft","reviewed","","","","91f74ae1fdec3696eb2b7600f027c2e23bb3ad10fb06699ae55e84248e525380","91f74ae1fdec3696eb2b7600f027c2e23bb3ad10fb06699ae55e84248e525380","1d94a2b9fc709adf4d04d5db915ed41fbabb4a955e5e5ff3c203a77f1676a41e","92aec74a85406ffa96c826348ffe298dba702639ecdf956160bf655db48cc40f","77301"
"ASC950-SIGN-0446","最小参考资料库/search-results.csv","search_result_id","SRESULT-M2W3-HUAWEI-ASC950PR-RUNTIME-H2","审计/子代理交接/m2_staging/M2-W3-HUAWEI-ASCEND950-PHYSICAL/structured/search-results.csv","64402aab5d564822cd65b94018b1784250a38b824e1cda0625cca2b90b3727ba","48932","draft","reviewed","","","","0bf979cb81cfb57cfdf9ede24d84d18038a4f4e26a66b1159da105270e229986","0bf979cb81cfb57cfdf9ede24d84d18038a4f4e26a66b1159da105270e229986","673f0ca787741c23efa021d616a39ce9e8ed02ded28d983289c487424af4f17a","92aec74a85406ffa96c826348ffe298dba702639ecdf956160bf655db48cc40f","77301"
"ASC950-SIGN-0447","最小参考资料库/search-results.csv","search_result_id","SRESULT-M2W3-HUAWEI-ASC950PR-RUNTIME-H6","审计/子代理交接/m2_staging/M2-W3-HUAWEI-ASCEND950-PHYSICAL/structured/search-results.csv","64402aab5d564822cd65b94018b1784250a38b824e1cda0625cca2b90b3727ba","48932","draft","reviewed","","","","39e338ac2ab59f36db6d04af6684024e67b16edfe13e7341ccc3212e2fd1bee1","39e338ac2ab59f36db6d04af6684024e67b16edfe13e7341ccc3212e2fd1bee1","6a80356d07c598ea993fea1fc8e58d275af23cb4ad5d372e6c8ada3bff9ce5ae","92aec74a85406ffa96c826348ffe298dba702639ecdf956160bf655db48cc40f","77301"
"ASC950-SIGN-0448","最小参考资料库/search-results.csv","search_result_id","SRESULT-M2W3-HUAWEI-ASC950PR-RUNTIME-H7","审计/子代理交接/m2_staging/M2-W3-HUAWEI-ASCEND950-PHYSICAL/structured/search-results.csv","64402aab5d564822cd65b94018b1784250a38b824e1cda0625cca2b90b3727ba","48932","draft","reviewed","","","","f0ea768328988aa8fcdd96504f9b36dfdc080fc5055fc7685e752eaa4c6c72c2","f0ea768328988aa8fcdd96504f9b36dfdc080fc5055fc7685e752eaa4c6c72c2","9b023238e711917474885ff5dc73cf9cfc41dc3d38a15db795169f9641ad1d1c","92aec74a85406ffa96c826348ffe298dba702639ecdf956160bf655db48cc40f","77301"
"ASC950-SIGN-0449","最小参考资料库/search-results.csv","search_result_id","SRESULT-M2W3-HUAWEI-ASC950PR-RUNTIME-H12","审计/子代理交接/m2_staging/M2-W3-HUAWEI-ASCEND950-PHYSICAL/structured/search-results.csv","64402aab5d564822cd65b94018b1784250a38b824e1cda0625cca2b90b3727ba","48932","draft","reviewed","","","","e578a23fb1d2359e64cf43ea5a11af40cbc14bc57bb613c40ab4f7f038e1dddc","e578a23fb1d2359e64cf43ea5a11af40cbc14bc57bb613c40ab4f7f038e1dddc","0c25d0a37bd22349e329a7d836989e451c824f8b9b15e3ad8d6f8cf67d93ac15","92aec74a85406ffa96c826348ffe298dba702639ecdf956160bf655db48cc40f","77301"
"ASC950-SIGN-0450","最小参考资料库/search-results.csv","search_result_id","SRESULT-M2W3-HUAWEI-ASC950PR-ACCUM-H2","审计/子代理交接/m2_staging/M2-W3-HUAWEI-ASCEND950-PHYSICAL/structured/search-results.csv","64402aab5d564822cd65b94018b1784250a38b824e1cda0625cca2b90b3727ba","48932","draft","reviewed","","","","aca5df302c2ee741cb47e548bb6fc4b511890ca70f4d88dd55e9faecd796ba65","aca5df302c2ee741cb47e548bb6fc4b511890ca70f4d88dd55e9faecd796ba65","ca67f2279ef446dc1fc6346371758d01c7d7412e6cf0f79a1edd9659d0ff65db","92aec74a85406ffa96c826348ffe298dba702639ecdf956160bf655db48cc40f","77301"
"ASC950-SIGN-0451","最小参考资料库/search-results.csv","search_result_id","SRESULT-M2W3-HUAWEI-ASC950PR-ACCUM-H6","审计/子代理交接/m2_staging/M2-W3-HUAWEI-ASCEND950-PHYSICAL/structured/search-results.csv","64402aab5d564822cd65b94018b1784250a38b824e1cda0625cca2b90b3727ba","48932","draft","reviewed","","","","75ed5ea390e7a67faca604a22970a13a18811d65a26c6fe8d98fc01707e4d87c","75ed5ea390e7a67faca604a22970a13a18811d65a26c6fe8d98fc01707e4d87c","677f1ef3b5128d6090662afba2e958565810a34e2766587df09a118ec16cc518","92aec74a85406ffa96c826348ffe298dba702639ecdf956160bf655db48cc40f","77301"
"ASC950-SIGN-0452","最小参考资料库/search-results.csv","search_result_id","SRESULT-M2W3-HUAWEI-ASC950PR-ACCUM-H7","审计/子代理交接/m2_staging/M2-W3-HUAWEI-ASCEND950-PHYSICAL/structured/search-results.csv","64402aab5d564822cd65b94018b1784250a38b824e1cda0625cca2b90b3727ba","48932","draft","reviewed","","","","e0bfb8e13bc0a8898a46fa8b36fbbfed851d2cac2aa5374d8e74b7722680aa0f","e0bfb8e13bc0a8898a46fa8b36fbbfed851d2cac2aa5374d8e74b7722680aa0f","f7f4ed201b03abceb5f6c4032721ece8c12fccb32332366babf2da14274ead02","92aec74a85406ffa96c826348ffe298dba702639ecdf956160bf655db48cc40f","77301"
"ASC950-SIGN-0453","最小参考资料库/search-results.csv","search_result_id","SRESULT-M2W3-HUAWEI-ASC950PR-ACCUM-H12","审计/子代理交接/m2_staging/M2-W3-HUAWEI-ASCEND950-PHYSICAL/structured/search-results.csv","64402aab5d564822cd65b94018b1784250a38b824e1cda0625cca2b90b3727ba","48932","draft","reviewed","","","","51ab4e1adb2e35cf3bc9054ab3b44becca091a5baeec192a9595137916f21261","51ab4e1adb2e35cf3bc9054ab3b44becca091a5baeec192a9595137916f21261","cdc412c1db2c84741735326aadda0e0ae0aa9503b053a14fc8786542f89b8a10","92aec74a85406ffa96c826348ffe298dba702639ecdf956160bf655db48cc40f","77301"
"ASC950-SIGN-0454","最小参考资料库/search-results.csv","search_result_id","SRESULT-M2W3-HUAWEI-ASC950PR-PHYSICAL-ACCUM-H2","审计/子代理交接/m2_staging/M2-W3-HUAWEI-ASCEND950-PHYSICAL/structured/search-results.csv","64402aab5d564822cd65b94018b1784250a38b824e1cda0625cca2b90b3727ba","48932","draft","reviewed","","","","30a1906f3dc8a39ab7739c7d4e70ca5a72388308679057a2685f29720e7f941a","30a1906f3dc8a39ab7739c7d4e70ca5a72388308679057a2685f29720e7f941a","05733e6b6913420e354c2a62c6e135c517c59ba1d6051a97fc266e891fa14ed1","92aec74a85406ffa96c826348ffe298dba702639ecdf956160bf655db48cc40f","77301"
"ASC950-SIGN-0455","最小参考资料库/search-results.csv","search_result_id","SRESULT-M2W3-HUAWEI-ASC950PR-PHYSICAL-ACCUM-H6","审计/子代理交接/m2_staging/M2-W3-HUAWEI-ASCEND950-PHYSICAL/structured/search-results.csv","64402aab5d564822cd65b94018b1784250a38b824e1cda0625cca2b90b3727ba","48932","draft","reviewed","","","","c67177fef4860cd811bf4b0ce37582520c582b81f2a216d34cf2319282cd3a52","c67177fef4860cd811bf4b0ce37582520c582b81f2a216d34cf2319282cd3a52","9a8cef95a52882c5b0587a9665e8ee5bdb9154e8ca268e49341d89b79360f13a","92aec74a85406ffa96c826348ffe298dba702639ecdf956160bf655db48cc40f","77301"
"ASC950-SIGN-0456","最小参考资料库/search-results.csv","search_result_id","SRESULT-M2W3-HUAWEI-ASC950PR-PHYSICAL-ACCUM-H7","审计/子代理交接/m2_staging/M2-W3-HUAWEI-ASCEND950-PHYSICAL/structured/search-results.csv","64402aab5d564822cd65b94018b1784250a38b824e1cda0625cca2b90b3727ba","48932","draft","reviewed","","","","b80744c2eba8e542514dc48aa21278a47d4f156e8ca180b00e7b5e3a6b3564fb","b80744c2eba8e542514dc48aa21278a47d4f156e8ca180b00e7b5e3a6b3564fb","528b36b6f33692f85e3bc31bfead258965d6c04d92c6bb935a3f7344cce270d2","92aec74a85406ffa96c826348ffe298dba702639ecdf956160bf655db48cc40f","77301"
"ASC950-SIGN-0457","最小参考资料库/search-results.csv","search_result_id","SRESULT-M2W3-HUAWEI-ASC950PR-PHYSICAL-ACCUM-H12","审计/子代理交接/m2_staging/M2-W3-HUAWEI-ASCEND950-PHYSICAL/structured/search-results.csv","64402aab5d564822cd65b94018b1784250a38b824e1cda0625cca2b90b3727ba","48932","draft","reviewed","","","","8c9300548edbc2c4db641ee68d3ab74ee5a48d5ad5f68810e69796682c821745","8c9300548edbc2c4db641ee68d3ab74ee5a48d5ad5f68810e69796682c821745","cb5be534f0a770e23d2bdec749fdc7726a5286e995a4101b3e7fd25395d8b1b3","92aec74a85406ffa96c826348ffe298dba702639ecdf956160bf655db48cc40f","77301"
"ASC950-SIGN-0458","最小参考资料库/search-results.csv","search_result_id","SRESULT-M2W3-HUAWEI-ASC950DT-DIE-COUNT-H2","审计/子代理交接/m2_staging/M2-W3-HUAWEI-ASCEND950-PHYSICAL/structured/search-results.csv","64402aab5d564822cd65b94018b1784250a38b824e1cda0625cca2b90b3727ba","48932","draft","reviewed","","","","7e437d2c00e88a24c9c91a94cf44fc023a3b0d3daf03b5b2a213158260593912","7e437d2c00e88a24c9c91a94cf44fc023a3b0d3daf03b5b2a213158260593912","5156a5c57a515c6c90696e1c7cd7675c4db8af616144ff766325e5677631af1f","92aec74a85406ffa96c826348ffe298dba702639ecdf956160bf655db48cc40f","77301"
"ASC950-SIGN-0459","最小参考资料库/search-results.csv","search_result_id","SRESULT-M2W3-HUAWEI-ASC950DT-DIE-COUNT-H6","审计/子代理交接/m2_staging/M2-W3-HUAWEI-ASCEND950-PHYSICAL/structured/search-results.csv","64402aab5d564822cd65b94018b1784250a38b824e1cda0625cca2b90b3727ba","48932","draft","reviewed","","","","8075bb539c0db377a939ae58d5152c22d36374cc3f5084c0677a73a2e70d1b56","8075bb539c0db377a939ae58d5152c22d36374cc3f5084c0677a73a2e70d1b56","3f6fd2c91531e3a40de5308dcc3e4f4d32c10cf56166314ec697162c19e6fc0e","92aec74a85406ffa96c826348ffe298dba702639ecdf956160bf655db48cc40f","77301"
"ASC950-SIGN-0460","最小参考资料库/search-results.csv","search_result_id","SRESULT-M2W3-HUAWEI-ASC950DT-DIE-COUNT-H7","审计/子代理交接/m2_staging/M2-W3-HUAWEI-ASCEND950-PHYSICAL/structured/search-results.csv","64402aab5d564822cd65b94018b1784250a38b824e1cda0625cca2b90b3727ba","48932","draft","reviewed","","","","3a0440721847e380c7075cd3b66b7c5401137dd6fda7ef21aec5bb71ee2c87c0","3a0440721847e380c7075cd3b66b7c5401137dd6fda7ef21aec5bb71ee2c87c0","5d3fe2597caea0aaf37aa3fb3abc7dcdabf7acc903fa643e57e885ac9dd29a95","92aec74a85406ffa96c826348ffe298dba702639ecdf956160bf655db48cc40f","77301"
"ASC950-SIGN-0461","最小参考资料库/search-results.csv","search_result_id","SRESULT-M2W3-HUAWEI-ASC950DT-DIE-COUNT-H12","审计/子代理交接/m2_staging/M2-W3-HUAWEI-ASCEND950-PHYSICAL/structured/search-results.csv","64402aab5d564822cd65b94018b1784250a38b824e1cda0625cca2b90b3727ba","48932","draft","reviewed","","","","b5aef307dc9c2bcb64e39099293da3c9885e86e0166ef71a9325d3acce6635b8","b5aef307dc9c2bcb64e39099293da3c9885e86e0166ef71a9325d3acce6635b8","a49de249e805a3414b3e84c0dc39645fb2681d6b9976315347df6f3ad2000350","92aec74a85406ffa96c826348ffe298dba702639ecdf956160bf655db48cc40f","77301"
"ASC950-SIGN-0462","最小参考资料库/search-results.csv","search_result_id","SRESULT-M2W3-HUAWEI-ASC950DT-HBM-STACKS-H2","审计/子代理交接/m2_staging/M2-W3-HUAWEI-ASCEND950-PHYSICAL/structured/search-results.csv","64402aab5d564822cd65b94018b1784250a38b824e1cda0625cca2b90b3727ba","48932","draft","reviewed","","","","a8121996abdfb7b1dc160587e5ae959f142500cadcb98d6c7f987ea5685b7c1d","a8121996abdfb7b1dc160587e5ae959f142500cadcb98d6c7f987ea5685b7c1d","d381242b83df1111c1ee6ca632b45b16ee09527d0612f43947ce770e838e3541","92aec74a85406ffa96c826348ffe298dba702639ecdf956160bf655db48cc40f","77301"
"ASC950-SIGN-0463","最小参考资料库/search-results.csv","search_result_id","SRESULT-M2W3-HUAWEI-ASC950DT-HBM-STACKS-H6","审计/子代理交接/m2_staging/M2-W3-HUAWEI-ASCEND950-PHYSICAL/structured/search-results.csv","64402aab5d564822cd65b94018b1784250a38b824e1cda0625cca2b90b3727ba","48932","draft","reviewed","","","","e4d487dab91d7ceab1ac92dc6139e21494724cc0a0eac31d0871df93a5eee9c0","e4d487dab91d7ceab1ac92dc6139e21494724cc0a0eac31d0871df93a5eee9c0","4b126a4b56e6e5f66f991afa1c70f88670567f9be9e5d0d1846c8c921a34de26","92aec74a85406ffa96c826348ffe298dba702639ecdf956160bf655db48cc40f","77301"
"ASC950-SIGN-0464","最小参考资料库/search-results.csv","search_result_id","SRESULT-M2W3-HUAWEI-ASC950DT-HBM-STACKS-H7","审计/子代理交接/m2_staging/M2-W3-HUAWEI-ASCEND950-PHYSICAL/structured/search-results.csv","64402aab5d564822cd65b94018b1784250a38b824e1cda0625cca2b90b3727ba","48932","draft","reviewed","","","","467831403156480278bd44c5c5997c5930f863a813fba9d53f661f3c273ff4cd","467831403156480278bd44c5c5997c5930f863a813fba9d53f661f3c273ff4cd","0c76b8baa6cbe7d0a398186ea694adc88d51d79577752b18e969cce0642cfeb1","92aec74a85406ffa96c826348ffe298dba702639ecdf956160bf655db48cc40f","77301"
"ASC950-SIGN-0465","最小参考资料库/search-results.csv","search_result_id","SRESULT-M2W3-HUAWEI-ASC950DT-HBM-STACKS-H12","审计/子代理交接/m2_staging/M2-W3-HUAWEI-ASCEND950-PHYSICAL/structured/search-results.csv","64402aab5d564822cd65b94018b1784250a38b824e1cda0625cca2b90b3727ba","48932","draft","reviewed","","","","bac8cfd679bb0c465ecb02f53e8b9faa07c78eced18d679cd20b8d91e2bf71d0","bac8cfd679bb0c465ecb02f53e8b9faa07c78eced18d679cd20b8d91e2bf71d0","be41152fb039563c50bcf338894b8120ad96a79fb72b97dca0bb6ce81ecc938e","92aec74a85406ffa96c826348ffe298dba702639ecdf956160bf655db48cc40f","77301"
"ASC950-SIGN-0466","最小参考资料库/search-results.csv","search_result_id","SRESULT-M2W3-HUAWEI-ASC950DT-HBM-INTERFACE-H2","审计/子代理交接/m2_staging/M2-W3-HUAWEI-ASCEND950-PHYSICAL/structured/search-results.csv","64402aab5d564822cd65b94018b1784250a38b824e1cda0625cca2b90b3727ba","48932","draft","reviewed","","","","468e85d66ffd271afd2b03fee3622f3548239ce5bd2a3943022758f3466cd423","468e85d66ffd271afd2b03fee3622f3548239ce5bd2a3943022758f3466cd423","06dde5e5bc13d4f37e8c9165aef57a675299e9ea14c945e5bb3cf7ac00f454d1","92aec74a85406ffa96c826348ffe298dba702639ecdf956160bf655db48cc40f","77301"
"ASC950-SIGN-0467","最小参考资料库/search-results.csv","search_result_id","SRESULT-M2W3-HUAWEI-ASC950DT-HBM-INTERFACE-H6","审计/子代理交接/m2_staging/M2-W3-HUAWEI-ASCEND950-PHYSICAL/structured/search-results.csv","64402aab5d564822cd65b94018b1784250a38b824e1cda0625cca2b90b3727ba","48932","draft","reviewed","","","","78e4f0ba1c8c1aebbe31dd8104881bc8cd3508c00f47534383968e711fd90810","78e4f0ba1c8c1aebbe31dd8104881bc8cd3508c00f47534383968e711fd90810","596f72280c3eb5a30cb9421e1ec8e80d3cd003e790c16488be1435da21fd7be1","92aec74a85406ffa96c826348ffe298dba702639ecdf956160bf655db48cc40f","77301"
"ASC950-SIGN-0468","最小参考资料库/search-results.csv","search_result_id","SRESULT-M2W3-HUAWEI-ASC950DT-HBM-INTERFACE-H7","审计/子代理交接/m2_staging/M2-W3-HUAWEI-ASCEND950-PHYSICAL/structured/search-results.csv","64402aab5d564822cd65b94018b1784250a38b824e1cda0625cca2b90b3727ba","48932","draft","reviewed","","","","562f462086228ac5c84ae9bec8dfdd60d5b89b0cf652c7205984075a81ce3d2c","562f462086228ac5c84ae9bec8dfdd60d5b89b0cf652c7205984075a81ce3d2c","00aab379a06d749e45e0b039669c355a1e64f4595bdc35cd9ec848e4f67bf496","92aec74a85406ffa96c826348ffe298dba702639ecdf956160bf655db48cc40f","77301"
"ASC950-SIGN-0469","最小参考资料库/search-results.csv","search_result_id","SRESULT-M2W3-HUAWEI-ASC950DT-HBM-INTERFACE-H12","审计/子代理交接/m2_staging/M2-W3-HUAWEI-ASCEND950-PHYSICAL/structured/search-results.csv","64402aab5d564822cd65b94018b1784250a38b824e1cda0625cca2b90b3727ba","48932","draft","reviewed","","","","833c733540267801cd9ac67b9bcfe91cf77aaa9ea7bd73a19ca3985c57d4708b","833c733540267801cd9ac67b9bcfe91cf77aaa9ea7bd73a19ca3985c57d4708b","dc3a67da4290e2cdacab877b01c50d09c3714143153252627898d0193a09f3d2","92aec74a85406ffa96c826348ffe298dba702639ecdf956160bf655db48cc40f","77301"
"ASC950-SIGN-0470","最小参考资料库/search-results.csv","search_result_id","SRESULT-M2W3-HUAWEI-ASC950DT-INTERPOSER-H2","审计/子代理交接/m2_staging/M2-W3-HUAWEI-ASCEND950-PHYSICAL/structured/search-results.csv","64402aab5d564822cd65b94018b1784250a38b824e1cda0625cca2b90b3727ba","48932","draft","reviewed","","","","85a80df78c490b169fa8a8fd72d6a875cc8a12323b5f20acad38a899f550c725","85a80df78c490b169fa8a8fd72d6a875cc8a12323b5f20acad38a899f550c725","5934bdfeba082da7cce6964b2174721b61ce00e78fdfa57c431b13c199de02dc","92aec74a85406ffa96c826348ffe298dba702639ecdf956160bf655db48cc40f","77301"
"ASC950-SIGN-0471","最小参考资料库/search-results.csv","search_result_id","SRESULT-M2W3-HUAWEI-ASC950DT-INTERPOSER-H6","审计/子代理交接/m2_staging/M2-W3-HUAWEI-ASCEND950-PHYSICAL/structured/search-results.csv","64402aab5d564822cd65b94018b1784250a38b824e1cda0625cca2b90b3727ba","48932","draft","reviewed","","","","85557227f047f1ace623e491e94179ac49b6892c3e384d59b96f1a9a772473de","85557227f047f1ace623e491e94179ac49b6892c3e384d59b96f1a9a772473de","df6985584cbf525468a1d1c87d8805b3cde2ba8bcab8f5faf8a756807267c503","92aec74a85406ffa96c826348ffe298dba702639ecdf956160bf655db48cc40f","77301"
"ASC950-SIGN-0472","最小参考资料库/search-results.csv","search_result_id","SRESULT-M2W3-HUAWEI-ASC950DT-INTERPOSER-H7","审计/子代理交接/m2_staging/M2-W3-HUAWEI-ASCEND950-PHYSICAL/structured/search-results.csv","64402aab5d564822cd65b94018b1784250a38b824e1cda0625cca2b90b3727ba","48932","draft","reviewed","","","","a0d9b6d9dd1d8252b249b71857a85683f86cd1916f8a90d2ea348ea224278f8f","a0d9b6d9dd1d8252b249b71857a85683f86cd1916f8a90d2ea348ea224278f8f","6863ea55944f2ff6373091027d0b785db8c6337830b4a05f78ad810ad4d1f7da","92aec74a85406ffa96c826348ffe298dba702639ecdf956160bf655db48cc40f","77301"
"ASC950-SIGN-0473","最小参考资料库/search-results.csv","search_result_id","SRESULT-M2W3-HUAWEI-ASC950DT-INTERPOSER-H12","审计/子代理交接/m2_staging/M2-W3-HUAWEI-ASCEND950-PHYSICAL/structured/search-results.csv","64402aab5d564822cd65b94018b1784250a38b824e1cda0625cca2b90b3727ba","48932","draft","reviewed","","","","112fb5bc12d638e8d4ad7dab0c18460bf01bbce07a418335b22f432e696ca396","112fb5bc12d638e8d4ad7dab0c18460bf01bbce07a418335b22f432e696ca396","194b60785a19cc82dd914d64f879a1667aa9773f62a96480e59ca41d79ac9af8","92aec74a85406ffa96c826348ffe298dba702639ecdf956160bf655db48cc40f","77301"
"ASC950-SIGN-0474","最小参考资料库/search-results.csv","search_result_id","SRESULT-M2W3-HUAWEI-ASC950DT-POWER-H2","审计/子代理交接/m2_staging/M2-W3-HUAWEI-ASCEND950-PHYSICAL/structured/search-results.csv","64402aab5d564822cd65b94018b1784250a38b824e1cda0625cca2b90b3727ba","48932","draft","reviewed","","","","de58f5290bd60aac5c8c505a8f877fa16742d0a78762215e729498451f690384","de58f5290bd60aac5c8c505a8f877fa16742d0a78762215e729498451f690384","2ed8fab9b0b40d1dd8a88ad11ea57a9c1bf18f4eabb68d671a2ffb3697cd8a73","92aec74a85406ffa96c826348ffe298dba702639ecdf956160bf655db48cc40f","77301"
"ASC950-SIGN-0475","最小参考资料库/search-results.csv","search_result_id","SRESULT-M2W3-HUAWEI-ASC950DT-POWER-H6","审计/子代理交接/m2_staging/M2-W3-HUAWEI-ASCEND950-PHYSICAL/structured/search-results.csv","64402aab5d564822cd65b94018b1784250a38b824e1cda0625cca2b90b3727ba","48932","draft","reviewed","","","","a85f0fac4d50e546680f808f46996645d339fb15ff2c9eda838bd6be02f22a50","a85f0fac4d50e546680f808f46996645d339fb15ff2c9eda838bd6be02f22a50","b23b2530e9a635f5616d2d527cff61ea42247f92e0e43d46193cd6b82159aff6","92aec74a85406ffa96c826348ffe298dba702639ecdf956160bf655db48cc40f","77301"
"ASC950-SIGN-0476","最小参考资料库/search-results.csv","search_result_id","SRESULT-M2W3-HUAWEI-ASC950DT-POWER-H7","审计/子代理交接/m2_staging/M2-W3-HUAWEI-ASCEND950-PHYSICAL/structured/search-results.csv","64402aab5d564822cd65b94018b1784250a38b824e1cda0625cca2b90b3727ba","48932","draft","reviewed","","","","92e1eabb9a216b653e9a0f2cc8d758f1f893b09856a6e826ce9de88d661f600f","92e1eabb9a216b653e9a0f2cc8d758f1f893b09856a6e826ce9de88d661f600f","a64666c0c13e7eb40986dd06c14042170c6110f5e31f1950e182964a00b1cd3a","92aec74a85406ffa96c826348ffe298dba702639ecdf956160bf655db48cc40f","77301"
"ASC950-SIGN-0477","最小参考资料库/search-results.csv","search_result_id","SRESULT-M2W3-HUAWEI-ASC950DT-POWER-H12","审计/子代理交接/m2_staging/M2-W3-HUAWEI-ASCEND950-PHYSICAL/structured/search-results.csv","64402aab5d564822cd65b94018b1784250a38b824e1cda0625cca2b90b3727ba","48932","draft","reviewed","","","","f06ebcbf83e42a2c6a89f22b72ba3a867f2238f9471844fbbac25627d29e0e28","f06ebcbf83e42a2c6a89f22b72ba3a867f2238f9471844fbbac25627d29e0e28","ce662db738c6d5c96ac599b8636195b9b5553058244cc3b807d41b7cdda5ed81","92aec74a85406ffa96c826348ffe298dba702639ecdf956160bf655db48cc40f","77301"
"ASC950-SIGN-0478","最小参考资料库/search-results.csv","search_result_id","SRESULT-M2W3-HUAWEI-ASC950DT-MEM-LATENCY-H2","审计/子代理交接/m2_staging/M2-W3-HUAWEI-ASCEND950-PHYSICAL/structured/search-results.csv","64402aab5d564822cd65b94018b1784250a38b824e1cda0625cca2b90b3727ba","48932","draft","reviewed","","","","70ed1475d8fa7c9045f665d4302ca1b35bdeaf691939c4bc541b35636cf16135","70ed1475d8fa7c9045f665d4302ca1b35bdeaf691939c4bc541b35636cf16135","7b152708ff65b15145c75826b5c480e2920b1dbce051805105f4d3cdc2d938bf","92aec74a85406ffa96c826348ffe298dba702639ecdf956160bf655db48cc40f","77301"
"ASC950-SIGN-0479","最小参考资料库/search-results.csv","search_result_id","SRESULT-M2W3-HUAWEI-ASC950DT-MEM-LATENCY-H6","审计/子代理交接/m2_staging/M2-W3-HUAWEI-ASCEND950-PHYSICAL/structured/search-results.csv","64402aab5d564822cd65b94018b1784250a38b824e1cda0625cca2b90b3727ba","48932","draft","reviewed","","","","7082b15e206218640692b0faeca1aea346d750701adc57eb99afe0a6ea955888","7082b15e206218640692b0faeca1aea346d750701adc57eb99afe0a6ea955888","d7bd46defecf75d5324a2098247d51d6f0f1864e3a145d72eafbdd7b44b2f213","92aec74a85406ffa96c826348ffe298dba702639ecdf956160bf655db48cc40f","77301"
"ASC950-SIGN-0480","最小参考资料库/search-results.csv","search_result_id","SRESULT-M2W3-HUAWEI-ASC950DT-MEM-LATENCY-H7","审计/子代理交接/m2_staging/M2-W3-HUAWEI-ASCEND950-PHYSICAL/structured/search-results.csv","64402aab5d564822cd65b94018b1784250a38b824e1cda0625cca2b90b3727ba","48932","draft","reviewed","","","","38bd361993d2e6ac0d9fa27ec3f74b936a2589a09b5bf53a4f3a46619932a15d","38bd361993d2e6ac0d9fa27ec3f74b936a2589a09b5bf53a4f3a46619932a15d","7f24d16c185375887f1f14e5bee14a2dcb05364b8dd02d4939f53d229be54a8d","92aec74a85406ffa96c826348ffe298dba702639ecdf956160bf655db48cc40f","77301"
"ASC950-SIGN-0481","最小参考资料库/search-results.csv","search_result_id","SRESULT-M2W3-HUAWEI-ASC950DT-MEM-LATENCY-H12","审计/子代理交接/m2_staging/M2-W3-HUAWEI-ASCEND950-PHYSICAL/structured/search-results.csv","64402aab5d564822cd65b94018b1784250a38b824e1cda0625cca2b90b3727ba","48932","draft","reviewed","","","","bf1ca09ead9c023a0a444864ddc98e465ddd604e53811e30863d02e354495a15","bf1ca09ead9c023a0a444864ddc98e465ddd604e53811e30863d02e354495a15","2467ac148174fbe8ce068f0ea693345d3094c874be76f446c3fa0ad1ba974a83","92aec74a85406ffa96c826348ffe298dba702639ecdf956160bf655db48cc40f","77301"
"ASC950-SIGN-0482","最小参考资料库/search-results.csv","search_result_id","SRESULT-M2W3-HUAWEI-ASC950DT-MEM-RW-MODEL-H2","审计/子代理交接/m2_staging/M2-W3-HUAWEI-ASCEND950-PHYSICAL/structured/search-results.csv","64402aab5d564822cd65b94018b1784250a38b824e1cda0625cca2b90b3727ba","48932","draft","reviewed","","","","bd61f835229070cf9d9e5aae21b1d98cb065c465785aaa6938f55bf6741d22b6","bd61f835229070cf9d9e5aae21b1d98cb065c465785aaa6938f55bf6741d22b6","90578b871f70af26b4b803468e36fe92e0ee2fac00e31682033e1ada20915561","92aec74a85406ffa96c826348ffe298dba702639ecdf956160bf655db48cc40f","77301"
"ASC950-SIGN-0483","最小参考资料库/search-results.csv","search_result_id","SRESULT-M2W3-HUAWEI-ASC950DT-MEM-RW-MODEL-H6","审计/子代理交接/m2_staging/M2-W3-HUAWEI-ASCEND950-PHYSICAL/structured/search-results.csv","64402aab5d564822cd65b94018b1784250a38b824e1cda0625cca2b90b3727ba","48932","draft","reviewed","","","","2166ae3e77c2b432f1e0299fb58d7eabaa0010ab53a4f76862601d7f2132d818","2166ae3e77c2b432f1e0299fb58d7eabaa0010ab53a4f76862601d7f2132d818","eac21ec134e52236a5b2c62339fcf1c93181c224cc91965dff0c6be0be3f7d6d","92aec74a85406ffa96c826348ffe298dba702639ecdf956160bf655db48cc40f","77301"
"ASC950-SIGN-0484","最小参考资料库/search-results.csv","search_result_id","SRESULT-M2W3-HUAWEI-ASC950DT-MEM-RW-MODEL-H7","审计/子代理交接/m2_staging/M2-W3-HUAWEI-ASCEND950-PHYSICAL/structured/search-results.csv","64402aab5d564822cd65b94018b1784250a38b824e1cda0625cca2b90b3727ba","48932","draft","reviewed","","","","98889c2ad18d7bd4d8ef6bdd3febc71aec28e7c6d4ba9d58a40812509374279d","98889c2ad18d7bd4d8ef6bdd3febc71aec28e7c6d4ba9d58a40812509374279d","54918ab7246f2826d3d6de0b0180ba0e16dfa324f405570f2ad4966abf7023ad","92aec74a85406ffa96c826348ffe298dba702639ecdf956160bf655db48cc40f","77301"
"ASC950-SIGN-0485","最小参考资料库/search-results.csv","search_result_id","SRESULT-M2W3-HUAWEI-ASC950DT-MEM-RW-MODEL-H12","审计/子代理交接/m2_staging/M2-W3-HUAWEI-ASCEND950-PHYSICAL/structured/search-results.csv","64402aab5d564822cd65b94018b1784250a38b824e1cda0625cca2b90b3727ba","48932","draft","reviewed","","","","27dd1fb8288bfa8451467cf3e1b45fc38c59075a3ead0b480c6a9c7c30289e11","27dd1fb8288bfa8451467cf3e1b45fc38c59075a3ead0b480c6a9c7c30289e11","3b3915c5b4b6335bf0e16df54421d62eba94facd84cb3d44d23c886ee36db47d","92aec74a85406ffa96c826348ffe298dba702639ecdf956160bf655db48cc40f","77301"
"ASC950-SIGN-0486","最小参考资料库/search-results.csv","search_result_id","SRESULT-M2W3-HUAWEI-ASC950DT-LINK-RATE-H2","审计/子代理交接/m2_staging/M2-W3-HUAWEI-ASCEND950-PHYSICAL/structured/search-results.csv","64402aab5d564822cd65b94018b1784250a38b824e1cda0625cca2b90b3727ba","48932","draft","reviewed","","","","0cc662bb3f1ab97701d0576ab9943a9f51d5257726080747b03c4d7a4e482783","0cc662bb3f1ab97701d0576ab9943a9f51d5257726080747b03c4d7a4e482783","4259f067d9a76391f1bbec66cd66be8918e1cc8f39054a1c7a12809002e29105","92aec74a85406ffa96c826348ffe298dba702639ecdf956160bf655db48cc40f","77301"
"ASC950-SIGN-0487","最小参考资料库/search-results.csv","search_result_id","SRESULT-M2W3-HUAWEI-ASC950DT-LINK-RATE-H6","审计/子代理交接/m2_staging/M2-W3-HUAWEI-ASCEND950-PHYSICAL/structured/search-results.csv","64402aab5d564822cd65b94018b1784250a38b824e1cda0625cca2b90b3727ba","48932","draft","reviewed","","","","00110d0ba3dea7630fdbf54922836fd01523e3bfd60c3dd9b132b9cd0ec97ad2","00110d0ba3dea7630fdbf54922836fd01523e3bfd60c3dd9b132b9cd0ec97ad2","f31780b9f13128c8a690a2b5c29e7ac651d16ef1f76f230788b163044f8558b9","92aec74a85406ffa96c826348ffe298dba702639ecdf956160bf655db48cc40f","77301"
"ASC950-SIGN-0488","最小参考资料库/search-results.csv","search_result_id","SRESULT-M2W3-HUAWEI-ASC950DT-LINK-RATE-H7","审计/子代理交接/m2_staging/M2-W3-HUAWEI-ASCEND950-PHYSICAL/structured/search-results.csv","64402aab5d564822cd65b94018b1784250a38b824e1cda0625cca2b90b3727ba","48932","draft","reviewed","","","","b2a1a33c3b060b53f6c2fc9988909196a94ac9a81af56ec1437bc040b053c936","b2a1a33c3b060b53f6c2fc9988909196a94ac9a81af56ec1437bc040b053c936","e1b3d287db8db7ecdb4851b07b71e626d16044f3a44eee46e735febf761c3f6b","92aec74a85406ffa96c826348ffe298dba702639ecdf956160bf655db48cc40f","77301"
"ASC950-SIGN-0489","最小参考资料库/search-results.csv","search_result_id","SRESULT-M2W3-HUAWEI-ASC950DT-LINK-RATE-H12","审计/子代理交接/m2_staging/M2-W3-HUAWEI-ASCEND950-PHYSICAL/structured/search-results.csv","64402aab5d564822cd65b94018b1784250a38b824e1cda0625cca2b90b3727ba","48932","draft","reviewed","","","","daafff36eaf2e09811391c0c4c30475119e034bcc5236f3f59ef7b7bb88000f6","daafff36eaf2e09811391c0c4c30475119e034bcc5236f3f59ef7b7bb88000f6","f2dd4fc73ae7b55e01dc62d171ee30eee10ee1361a1a410426ebbb4f1f9e2675","92aec74a85406ffa96c826348ffe298dba702639ecdf956160bf655db48cc40f","77301"
"ASC950-SIGN-0490","最小参考资料库/search-results.csv","search_result_id","SRESULT-M2W3-HUAWEI-ASC950DT-LINK-COUNT-H2","审计/子代理交接/m2_staging/M2-W3-HUAWEI-ASCEND950-PHYSICAL/structured/search-results.csv","64402aab5d564822cd65b94018b1784250a38b824e1cda0625cca2b90b3727ba","48932","draft","reviewed","","","","584682bca5dd7b7c9cf36d75fccfe293b13f19830eff47ab495f84ad18975c8a","584682bca5dd7b7c9cf36d75fccfe293b13f19830eff47ab495f84ad18975c8a","27797560f60b198b5ae599fdf098d45b1d77fb4317274d404f11a31f43845b83","92aec74a85406ffa96c826348ffe298dba702639ecdf956160bf655db48cc40f","77301"
"ASC950-SIGN-0491","最小参考资料库/search-results.csv","search_result_id","SRESULT-M2W3-HUAWEI-ASC950DT-LINK-COUNT-H6","审计/子代理交接/m2_staging/M2-W3-HUAWEI-ASCEND950-PHYSICAL/structured/search-results.csv","64402aab5d564822cd65b94018b1784250a38b824e1cda0625cca2b90b3727ba","48932","draft","reviewed","","","","cab0e4d16a445cad9af8146286f973f0cc79fd2495a749f5869c0ad2a5d9ff91","cab0e4d16a445cad9af8146286f973f0cc79fd2495a749f5869c0ad2a5d9ff91","bf79fde35d3f2e89e8ffcad77c9a1a88e5a76f15f5875310385a0f5af7dc7a3a","92aec74a85406ffa96c826348ffe298dba702639ecdf956160bf655db48cc40f","77301"
"ASC950-SIGN-0492","最小参考资料库/search-results.csv","search_result_id","SRESULT-M2W3-HUAWEI-ASC950DT-LINK-COUNT-H7","审计/子代理交接/m2_staging/M2-W3-HUAWEI-ASCEND950-PHYSICAL/structured/search-results.csv","64402aab5d564822cd65b94018b1784250a38b824e1cda0625cca2b90b3727ba","48932","draft","reviewed","","","","89cca594c8fc071007c0e95b13cbe11e9428d9905efcf80ac03d13e9b9ee264c","89cca594c8fc071007c0e95b13cbe11e9428d9905efcf80ac03d13e9b9ee264c","dc9987f91facc4a5394fd24fcceecbac60c5956c83491c14753379ce8d341176","92aec74a85406ffa96c826348ffe298dba702639ecdf956160bf655db48cc40f","77301"
"ASC950-SIGN-0493","最小参考资料库/search-results.csv","search_result_id","SRESULT-M2W3-HUAWEI-ASC950DT-LINK-COUNT-H12","审计/子代理交接/m2_staging/M2-W3-HUAWEI-ASCEND950-PHYSICAL/structured/search-results.csv","64402aab5d564822cd65b94018b1784250a38b824e1cda0625cca2b90b3727ba","48932","draft","reviewed","","","","1be08e0c5a330856ebf6d5f9ef6a499457adca1c7a5cbd9ed12c07dacbb5f2d1","1be08e0c5a330856ebf6d5f9ef6a499457adca1c7a5cbd9ed12c07dacbb5f2d1","12a5d6c1075ef257374b5123d7ad81cfc6861d0b2700009d004e02ed3727b6a3","92aec74a85406ffa96c826348ffe298dba702639ecdf956160bf655db48cc40f","77301"
"ASC950-SIGN-0494","最小参考资料库/search-results.csv","search_result_id","SRESULT-M2W3-HUAWEI-ASC950DT-TOPOLOGY-H2","审计/子代理交接/m2_staging/M2-W3-HUAWEI-ASCEND950-PHYSICAL/structured/search-results.csv","64402aab5d564822cd65b94018b1784250a38b824e1cda0625cca2b90b3727ba","48932","draft","reviewed","","","","ea0b75b739666f65adc707ccd161ab50219c668b586a35ead6fcfef8f6a3fe3f","ea0b75b739666f65adc707ccd161ab50219c668b586a35ead6fcfef8f6a3fe3f","b65d1d5fef6a1f6530564fc5e55786e821af03c98835984597b9eda0bfa6a7f1","92aec74a85406ffa96c826348ffe298dba702639ecdf956160bf655db48cc40f","77301"
"ASC950-SIGN-0495","最小参考资料库/search-results.csv","search_result_id","SRESULT-M2W3-HUAWEI-ASC950DT-TOPOLOGY-H6","审计/子代理交接/m2_staging/M2-W3-HUAWEI-ASCEND950-PHYSICAL/structured/search-results.csv","64402aab5d564822cd65b94018b1784250a38b824e1cda0625cca2b90b3727ba","48932","draft","reviewed","","","","42461d75b7af1da490cf4dd12f204f9582cc21169948f0b1d99f425fa91eb43d","42461d75b7af1da490cf4dd12f204f9582cc21169948f0b1d99f425fa91eb43d","66e77eea9988d5ee023f584151cad163a6cfcc5f01cff0ebfbfc29be254bad3d","92aec74a85406ffa96c826348ffe298dba702639ecdf956160bf655db48cc40f","77301"
"ASC950-SIGN-0496","最小参考资料库/search-results.csv","search_result_id","SRESULT-M2W3-HUAWEI-ASC950DT-TOPOLOGY-H7","审计/子代理交接/m2_staging/M2-W3-HUAWEI-ASCEND950-PHYSICAL/structured/search-results.csv","64402aab5d564822cd65b94018b1784250a38b824e1cda0625cca2b90b3727ba","48932","draft","reviewed","","","","ea1d90605e6b066ff1330254471739d8d09d485d70deff2beb59ba008c6a02fa","ea1d90605e6b066ff1330254471739d8d09d485d70deff2beb59ba008c6a02fa","11d6de2838db1d4265de160a8926451ea399e16eb7b26abedd09d106b1c9ac4d","92aec74a85406ffa96c826348ffe298dba702639ecdf956160bf655db48cc40f","77301"
"ASC950-SIGN-0497","最小参考资料库/search-results.csv","search_result_id","SRESULT-M2W3-HUAWEI-ASC950DT-TOPOLOGY-H12","审计/子代理交接/m2_staging/M2-W3-HUAWEI-ASCEND950-PHYSICAL/structured/search-results.csv","64402aab5d564822cd65b94018b1784250a38b824e1cda0625cca2b90b3727ba","48932","draft","reviewed","","","","ef43daf4d99e570269f4e73dadceea7f12a942059741624c8b0485040778a9cf","ef43daf4d99e570269f4e73dadceea7f12a942059741624c8b0485040778a9cf","9aeb319b312cefbc294b323a889a302283768193180a3ea749ffab62c5c1447e","92aec74a85406ffa96c826348ffe298dba702639ecdf956160bf655db48cc40f","77301"
"ASC950-SIGN-0498","最小参考资料库/search-results.csv","search_result_id","SRESULT-M2W3-HUAWEI-ASC950DT-SPECIAL-DETAIL-H2","审计/子代理交接/m2_staging/M2-W3-HUAWEI-ASCEND950-PHYSICAL/structured/search-results.csv","64402aab5d564822cd65b94018b1784250a38b824e1cda0625cca2b90b3727ba","48932","draft","reviewed","","","","c0163fa9bb5a588fde18e8f2ac02f5cdbe97bc20918b413cf6fbb4a1a911811c","c0163fa9bb5a588fde18e8f2ac02f5cdbe97bc20918b413cf6fbb4a1a911811c","134a761518322360115006b4680d98b0545331cccdf0bd9327b6fc0ba8f7bd87","92aec74a85406ffa96c826348ffe298dba702639ecdf956160bf655db48cc40f","77301"
"ASC950-SIGN-0499","最小参考资料库/search-results.csv","search_result_id","SRESULT-M2W3-HUAWEI-ASC950DT-SPECIAL-DETAIL-H6","审计/子代理交接/m2_staging/M2-W3-HUAWEI-ASCEND950-PHYSICAL/structured/search-results.csv","64402aab5d564822cd65b94018b1784250a38b824e1cda0625cca2b90b3727ba","48932","draft","reviewed","","","","3f073190d17cf94250649c0cb1e2b49cee36617fdabb91da169d6be88cdb6d31","3f073190d17cf94250649c0cb1e2b49cee36617fdabb91da169d6be88cdb6d31","3bf231c52614077bd433cbe9660aa3c8811d49ee5c86386772b465274de130db","92aec74a85406ffa96c826348ffe298dba702639ecdf956160bf655db48cc40f","77301"
"ASC950-SIGN-0500","最小参考资料库/search-results.csv","search_result_id","SRESULT-M2W3-HUAWEI-ASC950DT-SPECIAL-DETAIL-H7","审计/子代理交接/m2_staging/M2-W3-HUAWEI-ASCEND950-PHYSICAL/structured/search-results.csv","64402aab5d564822cd65b94018b1784250a38b824e1cda0625cca2b90b3727ba","48932","draft","reviewed","","","","6ccc3bea4e6aab7f757092911af4c43b53754b35dcef8ad4e1c77a2524017865","6ccc3bea4e6aab7f757092911af4c43b53754b35dcef8ad4e1c77a2524017865","8924c668926fe519ab71e5a3f3e7c41695b895c3e01116e1b4f8e21509ab9f66","92aec74a85406ffa96c826348ffe298dba702639ecdf956160bf655db48cc40f","77301"
"ASC950-SIGN-0501","最小参考资料库/search-results.csv","search_result_id","SRESULT-M2W3-HUAWEI-ASC950DT-SPECIAL-DETAIL-H12","审计/子代理交接/m2_staging/M2-W3-HUAWEI-ASCEND950-PHYSICAL/structured/search-results.csv","64402aab5d564822cd65b94018b1784250a38b824e1cda0625cca2b90b3727ba","48932","draft","reviewed","","","","840c7d29e96c40cbe134cbcad38788e63e55df2a186f17917e6797251ccd961c","840c7d29e96c40cbe134cbcad38788e63e55df2a186f17917e6797251ccd961c","eb6b2752c072e1c7c6ea32b30549a615b196d8e0b17f69f33d310da7ea6876fa","92aec74a85406ffa96c826348ffe298dba702639ecdf956160bf655db48cc40f","77301"
"ASC950-SIGN-0502","最小参考资料库/search-results.csv","search_result_id","SRESULT-M2W3-HUAWEI-ASC950DT-COMPILER-H2","审计/子代理交接/m2_staging/M2-W3-HUAWEI-ASCEND950-PHYSICAL/structured/search-results.csv","64402aab5d564822cd65b94018b1784250a38b824e1cda0625cca2b90b3727ba","48932","draft","reviewed","","","","7efdbccd214291f054136b8ca005ff80841043a12eaea46b624ab160793488bb","7efdbccd214291f054136b8ca005ff80841043a12eaea46b624ab160793488bb","f14f18817f6e3936b7ec5e42f32233a7a6db473fb12e291feb9c0c1bc5affbb1","92aec74a85406ffa96c826348ffe298dba702639ecdf956160bf655db48cc40f","77301"
"ASC950-SIGN-0503","最小参考资料库/search-results.csv","search_result_id","SRESULT-M2W3-HUAWEI-ASC950DT-COMPILER-H6","审计/子代理交接/m2_staging/M2-W3-HUAWEI-ASCEND950-PHYSICAL/structured/search-results.csv","64402aab5d564822cd65b94018b1784250a38b824e1cda0625cca2b90b3727ba","48932","draft","reviewed","","","","59eab3a8fda47df3af7c78eb3d016fde02c27e79af0546d18ee9c550c7b53893","59eab3a8fda47df3af7c78eb3d016fde02c27e79af0546d18ee9c550c7b53893","a3fcdcbbfcd3d637cf9e7b5c18bb84da51b6588b55745701b9d03df6fda949ef","92aec74a85406ffa96c826348ffe298dba702639ecdf956160bf655db48cc40f","77301"
"ASC950-SIGN-0504","最小参考资料库/search-results.csv","search_result_id","SRESULT-M2W3-HUAWEI-ASC950DT-COMPILER-H7","审计/子代理交接/m2_staging/M2-W3-HUAWEI-ASCEND950-PHYSICAL/structured/search-results.csv","64402aab5d564822cd65b94018b1784250a38b824e1cda0625cca2b90b3727ba","48932","draft","reviewed","","","","74874d24419a5aa32df58b03e814194a8f017e941440f89214550fd19825da3f","74874d24419a5aa32df58b03e814194a8f017e941440f89214550fd19825da3f","3d21d3a75105f20c57c89e68695a4945870dd79a6c7556e79cd8f6f5d5f86673","92aec74a85406ffa96c826348ffe298dba702639ecdf956160bf655db48cc40f","77301"
"ASC950-SIGN-0505","最小参考资料库/search-results.csv","search_result_id","SRESULT-M2W3-HUAWEI-ASC950DT-COMPILER-H12","审计/子代理交接/m2_staging/M2-W3-HUAWEI-ASCEND950-PHYSICAL/structured/search-results.csv","64402aab5d564822cd65b94018b1784250a38b824e1cda0625cca2b90b3727ba","48932","draft","reviewed","","","","87e27578450dca24f1525594b0847fdf615a375d1da8b592096c732feefcd9c1","87e27578450dca24f1525594b0847fdf615a375d1da8b592096c732feefcd9c1","4c4e6e66844fb114df1ea768caecd317ab6fa7dba7380c3818969fe245035ac0","92aec74a85406ffa96c826348ffe298dba702639ecdf956160bf655db48cc40f","77301"
"ASC950-SIGN-0506","最小参考资料库/search-results.csv","search_result_id","SRESULT-M2W3-HUAWEI-ASC950DT-RUNTIME-H2","审计/子代理交接/m2_staging/M2-W3-HUAWEI-ASCEND950-PHYSICAL/structured/search-results.csv","64402aab5d564822cd65b94018b1784250a38b824e1cda0625cca2b90b3727ba","48932","draft","reviewed","","","","c219ef1db77545d06c41cd32e6c3521daea42b48bdd778aa49084d677c4bef96","c219ef1db77545d06c41cd32e6c3521daea42b48bdd778aa49084d677c4bef96","f6e07912e031a0be5a59e4356f6f3bfecb7991afa14cb03c9bffc9070072faaa","92aec74a85406ffa96c826348ffe298dba702639ecdf956160bf655db48cc40f","77301"
"ASC950-SIGN-0507","最小参考资料库/search-results.csv","search_result_id","SRESULT-M2W3-HUAWEI-ASC950DT-RUNTIME-H6","审计/子代理交接/m2_staging/M2-W3-HUAWEI-ASCEND950-PHYSICAL/structured/search-results.csv","64402aab5d564822cd65b94018b1784250a38b824e1cda0625cca2b90b3727ba","48932","draft","reviewed","","","","018e01e1115c39c7b899c050b5ddcebdcc050d817cbc140480f8f426ea6bddf0","018e01e1115c39c7b899c050b5ddcebdcc050d817cbc140480f8f426ea6bddf0","62616db19a2370500532cd48c8ce684a7922f1800d6f916765b749c04294e593","92aec74a85406ffa96c826348ffe298dba702639ecdf956160bf655db48cc40f","77301"
"ASC950-SIGN-0508","最小参考资料库/search-results.csv","search_result_id","SRESULT-M2W3-HUAWEI-ASC950DT-RUNTIME-H7","审计/子代理交接/m2_staging/M2-W3-HUAWEI-ASCEND950-PHYSICAL/structured/search-results.csv","64402aab5d564822cd65b94018b1784250a38b824e1cda0625cca2b90b3727ba","48932","draft","reviewed","","","","61aa89578468dd4524bd6a6f30d2c9f1b270172a5e4cce81cf2bbdc63791e8c4","61aa89578468dd4524bd6a6f30d2c9f1b270172a5e4cce81cf2bbdc63791e8c4","0120447751d6873886027dacaacaac1f5a230659c50963f51ca3780529c3fec4","92aec74a85406ffa96c826348ffe298dba702639ecdf956160bf655db48cc40f","77301"
"ASC950-SIGN-0509","最小参考资料库/search-results.csv","search_result_id","SRESULT-M2W3-HUAWEI-ASC950DT-RUNTIME-H12","审计/子代理交接/m2_staging/M2-W3-HUAWEI-ASCEND950-PHYSICAL/structured/search-results.csv","64402aab5d564822cd65b94018b1784250a38b824e1cda0625cca2b90b3727ba","48932","draft","reviewed","","","","40c6d25e38a3091083efed5f4036260efb4eca9e1809646610be1fc129157e4b","40c6d25e38a3091083efed5f4036260efb4eca9e1809646610be1fc129157e4b","c7842125fd606b2f493188a2182e8b75524245978821a70aba00858df3cb83ff","92aec74a85406ffa96c826348ffe298dba702639ecdf956160bf655db48cc40f","77301"
"ASC950-SIGN-0510","最小参考资料库/search-results.csv","search_result_id","SRESULT-M2W3-HUAWEI-ASC950DT-ACCUM-H2","审计/子代理交接/m2_staging/M2-W3-HUAWEI-ASCEND950-PHYSICAL/structured/search-results.csv","64402aab5d564822cd65b94018b1784250a38b824e1cda0625cca2b90b3727ba","48932","draft","reviewed","","","","4ce2ee3d74fcc0e41eea35421d169ace8457a15968024cccc58bbe5a5b6dc4e2","4ce2ee3d74fcc0e41eea35421d169ace8457a15968024cccc58bbe5a5b6dc4e2","3a06eada54f87296bc33f5a6508d67a65836d210289c8ae6c9820146fa9671ee","92aec74a85406ffa96c826348ffe298dba702639ecdf956160bf655db48cc40f","77301"
"ASC950-SIGN-0511","最小参考资料库/search-results.csv","search_result_id","SRESULT-M2W3-HUAWEI-ASC950DT-ACCUM-H6","审计/子代理交接/m2_staging/M2-W3-HUAWEI-ASCEND950-PHYSICAL/structured/search-results.csv","64402aab5d564822cd65b94018b1784250a38b824e1cda0625cca2b90b3727ba","48932","draft","reviewed","","","","1dcb113eb83dc42ecb18390e8722a08371ba4dcdb4ea8079ff6caffca9f79b50","1dcb113eb83dc42ecb18390e8722a08371ba4dcdb4ea8079ff6caffca9f79b50","4770bff3434db0398fa025b800c92f226cc28733c3d48a8897ab329e266da2e1","92aec74a85406ffa96c826348ffe298dba702639ecdf956160bf655db48cc40f","77301"
"ASC950-SIGN-0512","最小参考资料库/search-results.csv","search_result_id","SRESULT-M2W3-HUAWEI-ASC950DT-ACCUM-H7","审计/子代理交接/m2_staging/M2-W3-HUAWEI-ASCEND950-PHYSICAL/structured/search-results.csv","64402aab5d564822cd65b94018b1784250a38b824e1cda0625cca2b90b3727ba","48932","draft","reviewed","","","","e20794e3589697194f641a8a17b3e1c9187a14732b4f78e4f1c33d0b175d2724","e20794e3589697194f641a8a17b3e1c9187a14732b4f78e4f1c33d0b175d2724","438afe25fbc4022b03ab842d9ac8da64ad7eb1e02f92a1a37e2fb8300c87976b","92aec74a85406ffa96c826348ffe298dba702639ecdf956160bf655db48cc40f","77301"
"ASC950-SIGN-0513","最小参考资料库/search-results.csv","search_result_id","SRESULT-M2W3-HUAWEI-ASC950DT-ACCUM-H12","审计/子代理交接/m2_staging/M2-W3-HUAWEI-ASCEND950-PHYSICAL/structured/search-results.csv","64402aab5d564822cd65b94018b1784250a38b824e1cda0625cca2b90b3727ba","48932","draft","reviewed","","","","fa369ab9700f927b84258b7e24f12b343402e36df4fa4539a2df8f589dd4c570","fa369ab9700f927b84258b7e24f12b343402e36df4fa4539a2df8f589dd4c570","aedd1a7066b2ceb36f694bca9982a0b958aa151f6b03ef3841e0b99fcef90398","92aec74a85406ffa96c826348ffe298dba702639ecdf956160bf655db48cc40f","77301"
"ASC950-SIGN-0514","最小参考资料库/search-results.csv","search_result_id","SRESULT-M2W3-HUAWEI-ASC950DT-PHYSICAL-ACCUM-H2","审计/子代理交接/m2_staging/M2-W3-HUAWEI-ASCEND950-PHYSICAL/structured/search-results.csv","64402aab5d564822cd65b94018b1784250a38b824e1cda0625cca2b90b3727ba","48932","draft","reviewed","","","","969af2025503b4ca54a4f89820a7e8516dd5445db4ae0b04b75653c406acf89a","969af2025503b4ca54a4f89820a7e8516dd5445db4ae0b04b75653c406acf89a","8ca16c8c595f4d46c2ccc17d1c15e83a44109ab242499f8af19a57ec9566b632","92aec74a85406ffa96c826348ffe298dba702639ecdf956160bf655db48cc40f","77301"
"ASC950-SIGN-0515","最小参考资料库/search-results.csv","search_result_id","SRESULT-M2W3-HUAWEI-ASC950DT-PHYSICAL-ACCUM-H6","审计/子代理交接/m2_staging/M2-W3-HUAWEI-ASCEND950-PHYSICAL/structured/search-results.csv","64402aab5d564822cd65b94018b1784250a38b824e1cda0625cca2b90b3727ba","48932","draft","reviewed","","","","a754bd1e9cb23badc6859eb8363d2119e779f87855a9aeac93ff05f51cec22d8","a754bd1e9cb23badc6859eb8363d2119e779f87855a9aeac93ff05f51cec22d8","e74945de4395c8d3bd22ef9194203757dfeaf3f62e4a38a5723528f39ade14dc","92aec74a85406ffa96c826348ffe298dba702639ecdf956160bf655db48cc40f","77301"
"ASC950-SIGN-0516","最小参考资料库/search-results.csv","search_result_id","SRESULT-M2W3-HUAWEI-ASC950DT-PHYSICAL-ACCUM-H7","审计/子代理交接/m2_staging/M2-W3-HUAWEI-ASCEND950-PHYSICAL/structured/search-results.csv","64402aab5d564822cd65b94018b1784250a38b824e1cda0625cca2b90b3727ba","48932","draft","reviewed","","","","b3a24ea9bc05f9b5d71671a917c817e86b3c81ba20c1ba7f51358746c2d49208","b3a24ea9bc05f9b5d71671a917c817e86b3c81ba20c1ba7f51358746c2d49208","f5c1d7b7d341e6344d7fd0d831dbf026bf947191eb008f7364ca5f383f413a0f","92aec74a85406ffa96c826348ffe298dba702639ecdf956160bf655db48cc40f","77301"
"ASC950-SIGN-0517","最小参考资料库/search-results.csv","search_result_id","SRESULT-M2W3-HUAWEI-ASC950DT-PHYSICAL-ACCUM-H12","审计/子代理交接/m2_staging/M2-W3-HUAWEI-ASCEND950-PHYSICAL/structured/search-results.csv","64402aab5d564822cd65b94018b1784250a38b824e1cda0625cca2b90b3727ba","48932","draft","reviewed","","","","f6e1aa6c5db8dbbb801831c5966638f40bb04ffc7db82a77ccfe402eb7191ae3","f6e1aa6c5db8dbbb801831c5966638f40bb04ffc7db82a77ccfe402eb7191ae3","bf6ed644a609284c4d89621a7e58d04d473f489f79b386be9c12c84f45432d93","92aec74a85406ffa96c826348ffe298dba702639ecdf956160bf655db48cc40f","77301"
"ASC950-SIGN-0518","最小参考资料库/selection-members.csv","selection_member_id","SELMEM-M2W3-HUAWEI-H2","审计/子代理交接/m2_staging/M2-W3-HUAWEI-ASCEND950-PHYSICAL/structured/selection-members.csv","8b2fc1bdfc1ea0ba35bb27827db31f1dd1c05b4cfc44a897d1b5b7f504035755","809","draft","reviewed","","","","c6644cffa19194a9fa98fe401b8c5b234f11494b80f9592b400a48d1dcab6337","c6644cffa19194a9fa98fe401b8c5b234f11494b80f9592b400a48d1dcab6337","75b3939774eab00cc6857ebda98a2999eec40f2df1df32f55092495b58f39128","073cba4b5671f2273f75e99a355259444c7c28c2a2da4006b19535b3f030ce0b","39854"
"ASC950-SIGN-0519","最小参考资料库/selection-members.csv","selection_member_id","SELMEM-M2W3-HUAWEI-H6","审计/子代理交接/m2_staging/M2-W3-HUAWEI-ASCEND950-PHYSICAL/structured/selection-members.csv","8b2fc1bdfc1ea0ba35bb27827db31f1dd1c05b4cfc44a897d1b5b7f504035755","809","draft","reviewed","","","","41a955aa95b439a3d7d60d472fb821b39b19a7991a2986e49e2920c2e56e0f73","41a955aa95b439a3d7d60d472fb821b39b19a7991a2986e49e2920c2e56e0f73","2fed0a111396047bc0026512e7d6c27e9e335696003ab98e6bc6798a8330f673","073cba4b5671f2273f75e99a355259444c7c28c2a2da4006b19535b3f030ce0b","39854"
"ASC950-SIGN-0520","最小参考资料库/selection-members.csv","selection_member_id","SELMEM-M2W3-HUAWEI-H12","审计/子代理交接/m2_staging/M2-W3-HUAWEI-ASCEND950-PHYSICAL/structured/selection-members.csv","8b2fc1bdfc1ea0ba35bb27827db31f1dd1c05b4cfc44a897d1b5b7f504035755","809","draft","reviewed","","","","b46a286b9b470f94941221d614310071693a012a6a1193f21f94f4039a8a7235","b46a286b9b470f94941221d614310071693a012a6a1193f21f94f4039a8a7235","1e557374e2c897407c77ed02b0c1f54eca953a158416f5bef790bbf5dc20f970","073cba4b5671f2273f75e99a355259444c7c28c2a2da4006b19535b3f030ce0b","39854"
"ASC950-SIGN-0521","最小参考资料库/selection-runs.csv","selection_run_id","SELRUN-M2W3-HUAWEI-ASC950-PHYSICAL-20260813","审计/子代理交接/m2_staging/M2-W3-HUAWEI-ASCEND950-PHYSICAL/structured/selection-runs.csv","b8a95a60962a621c62c01b35526975fb1609386d6d8347944dd4987de0141318","427","draft","reviewed","status","draft","reviewed","cadae73320b662be0b8233fbd08901347c9cea97919e8bacb5f3d3babe2d3f30","cadae73320b662be0b8233fbd08901347c9cea97919e8bacb5f3d3babe2d3f30","5cc668baffa5acb5bfac286a47d67440ac8c8ab632756650d21ae85f697c3592","4397260840ab286e7d4274f963eb037eb70a2dfd951ac55d43fdd35aa85e7ee0","3281"
"ASC950-SIGN-0522","最小参考资料库/source-coverage.csv","coverage_id","COV-M2W3-HUAWEI-H7-BY-H12","审计/子代理交接/m2_staging/M2-W3-HUAWEI-ASCEND950-PHYSICAL/structured/source-coverage.csv","31c9e93fe3c8d4631df07c0c2fdd401cc62174f087586c493943d7e1592dad96","539","draft","reviewed","","","","f71ae0f05da1d0dc056712a4a3ff10e11753ea2973b21f0ea290729d4dc740c7","f71ae0f05da1d0dc056712a4a3ff10e11753ea2973b21f0ea290729d4dc740c7","1e65079af7d485a295549216bd0305ca164662bcad78df531a961387a9993b40","88bf789e45a70271bab97a4f1d69034e675418bf340c82d01751d50f07e8ba21","7348"
"ASC950-SIGN-0523","最小参考资料库/source-endpoints.csv","endpoint_id","END-M2W3-HUAWEI-H2-SNAPSHOT","审计/子代理交接/m2_staging/M2-W3-HUAWEI-ASCEND950-PHYSICAL/structured/source-endpoints.csv","6000ca86320d71b8d19a2a8d63eb904e871c404318aac05a69a5b6811bb4cd1c","2453","draft","reviewed","local_path","审计/子代理交接/m2_staging/M2-W3-HUAWEI-ASCEND950-PHYSICAL/fixed-candidates/huawei-connect-2025-ascend-roadmap-2026-08-13.html","最小参考资料库/快照/华为/Ascend950/2026-08-13/huawei-connect-2025-ascend-roadmap-2026-08-13.html","a2a650324830a522b2fd8d0162bad0454c69d8b3dcc20a2e5799ae7a40bfdee7","a2a650324830a522b2fd8d0162bad0454c69d8b3dcc20a2e5799ae7a40bfdee7","2ff6ba74c9ac5b4cf519d0bf7005086bd1249afb23bcbaab59fce7366ef6ff75","644a9dc2249c717c7e16121d5164184bd5dd9804b9be4983019bb1ad48bc9f6f","51203"
"ASC950-SIGN-0524","最小参考资料库/source-endpoints.csv","endpoint_id","END-M2W3-HUAWEI-H6-PR-SNAPSHOT","审计/子代理交接/m2_staging/M2-W3-HUAWEI-ASCEND950-PHYSICAL/structured/source-endpoints.csv","6000ca86320d71b8d19a2a8d63eb904e871c404318aac05a69a5b6811bb4cd1c","2453","draft","reviewed","local_path","审计/子代理交接/m2_staging/M2-W3-HUAWEI-ASCEND950-PHYSICAL/fixed-candidates/hiascend-processor-2026-08-13.html","最小参考资料库/快照/华为/Ascend950/2026-08-13/hiascend-processor-2026-08-13.html","94ddd80c944197b8a205a1567248efb2645e691a897fbbef555f345a3c61912d","94ddd80c944197b8a205a1567248efb2645e691a897fbbef555f345a3c61912d","84db73ee77e2270d6742d8f5f12a449c770c863ec81a5a267c2ea0fdb682ea24","644a9dc2249c717c7e16121d5164184bd5dd9804b9be4983019bb1ad48bc9f6f","51203"
"ASC950-SIGN-0525","最小参考资料库/source-endpoints.csv","endpoint_id","END-M2W3-HUAWEI-H6-DT-ROUTE-SNAPSHOT","审计/子代理交接/m2_staging/M2-W3-HUAWEI-ASCEND950-PHYSICAL/structured/source-endpoints.csv","6000ca86320d71b8d19a2a8d63eb904e871c404318aac05a69a5b6811bb4cd1c","2453","draft","reviewed","local_path","审计/子代理交接/m2_staging/M2-W3-HUAWEI-ASCEND950-PHYSICAL/fixed-candidates/hiascend-processor-950dt-2026-08-13.html","最小参考资料库/快照/华为/Ascend950/2026-08-13/hiascend-processor-950dt-2026-08-13.html","fbdd3565d9498d4d07bfa00c722cbdfe188c5ab37d3064bfab916be0aaa5c8ea","fbdd3565d9498d4d07bfa00c722cbdfe188c5ab37d3064bfab916be0aaa5c8ea","bb9cb3eb51ec836e8645e03a9c920b64623a7c6d14f9b31b62f48f98f6b165f9","644a9dc2249c717c7e16121d5164184bd5dd9804b9be4983019bb1ad48bc9f6f","51203"
"ASC950-SIGN-0526","最小参考资料库/source-endpoints.csv","endpoint_id","END-M2W3-HUAWEI-H7-SNAPSHOT","审计/子代理交接/m2_staging/M2-W3-HUAWEI-ASCEND950-PHYSICAL/structured/source-endpoints.csv","6000ca86320d71b8d19a2a8d63eb904e871c404318aac05a69a5b6811bb4cd1c","2453","draft","reviewed","local_path","审计/子代理交接/m2_staging/M2-W3-HUAWEI-ASCEND950-PHYSICAL/fixed-candidates/hiascend-accelerator-card-2026-08-13.html","最小参考资料库/快照/华为/Ascend950/2026-08-13/hiascend-accelerator-card-2026-08-13.html","5a397caf6aae7548b37da81e0b2382be9b608cb0d9e0181585b309d715608b78","5a397caf6aae7548b37da81e0b2382be9b608cb0d9e0181585b309d715608b78","93ea5784153615ab43731250eaf4fa4cf60ab50f2ffc8f56a480268cddfbb27a","644a9dc2249c717c7e16121d5164184bd5dd9804b9be4983019bb1ad48bc9f6f","51203"
"ASC950-SIGN-0527","最小参考资料库/source-endpoints.csv","endpoint_id","END-M2W3-HUAWEI-H12-SNAPSHOT","审计/子代理交接/m2_staging/M2-W3-HUAWEI-ASCEND950-PHYSICAL/structured/source-endpoints.csv","6000ca86320d71b8d19a2a8d63eb904e871c404318aac05a69a5b6811bb4cd1c","2453","draft","reviewed","local_path","审计/子代理交接/m2_staging/M2-W3-HUAWEI-ASCEND950-PHYSICAL/fixed-candidates/hiascend-atlas350-launch-2026-08-13.html","最小参考资料库/快照/华为/Ascend950/2026-08-13/hiascend-atlas350-launch-2026-08-13.html","9f14bc97aad1c0bdf128bd04b65c7d2b4c7d0bf84c7b3b55e842407fd5bf72ee","9f14bc97aad1c0bdf128bd04b65c7d2b4c7d0bf84c7b3b55e842407fd5bf72ee","095300d3f81dd9c078179f8633d3497787a0d395ba1752c3da9d73a279998830","644a9dc2249c717c7e16121d5164184bd5dd9804b9be4983019bb1ad48bc9f6f","51203"
"ASC950-SIGN-0528","最小参考资料库/source-families.csv","source_family_id","SFAM-M2W3-HUAWEI-H2-ASC950-KEYNOTE","审计/子代理交接/m2_staging/M2-W3-HUAWEI-ASCEND950-PHYSICAL/structured/source-families.csv","dd981f94b4071d5a215d8856d6f517a79005b2d755ab330e3c942cc3242febe3","974","draft","reviewed","","","","651fcc777a62d8c7d00569ff2ae285fd92344202db0aa3368ff22507d71785fc","651fcc777a62d8c7d00569ff2ae285fd92344202db0aa3368ff22507d71785fc","7b25a7983311b617f17df6f9c09ed8075077cffab9d72be03a5a8d4b7c39c7a8","358869eac543ca7769129a0525834a366fb3abb5c3fba858b556bb414ed0b061","14595"
"ASC950-SIGN-0529","最小参考资料库/source-families.csv","source_family_id","SFAM-M2W3-HUAWEI-H6-PROCESSOR","审计/子代理交接/m2_staging/M2-W3-HUAWEI-ASCEND950-PHYSICAL/structured/source-families.csv","dd981f94b4071d5a215d8856d6f517a79005b2d755ab330e3c942cc3242febe3","974","draft","reviewed","","","","3652a110ce71161be8d28ecf5959e971f98c17eb6815080d969d58486a6348af","3652a110ce71161be8d28ecf5959e971f98c17eb6815080d969d58486a6348af","9148488a81c13aba9912feb2e5b8a310caf34eaaf1772777e1a1e773ab58c04f","358869eac543ca7769129a0525834a366fb3abb5c3fba858b556bb414ed0b061","14595"
"ASC950-SIGN-0530","最小参考资料库/source-families.csv","source_family_id","SFAM-M2W3-HUAWEI-H7-ACCELERATOR","审计/子代理交接/m2_staging/M2-W3-HUAWEI-ASCEND950-PHYSICAL/structured/source-families.csv","dd981f94b4071d5a215d8856d6f517a79005b2d755ab330e3c942cc3242febe3","974","draft","reviewed","","","","08a06ff3a0c1d7d3acd75bf8151a2697ad1df7d18a9f8ee3f24452ecb2df8760","08a06ff3a0c1d7d3acd75bf8151a2697ad1df7d18a9f8ee3f24452ecb2df8760","8307e3f4062f9e599e32ca723cd79ac33f6482b54c6b0157c4fdfa337f32021b","358869eac543ca7769129a0525834a366fb3abb5c3fba858b556bb414ed0b061","14595"
"ASC950-SIGN-0531","最小参考资料库/source-families.csv","source_family_id","SFAM-M2W3-HUAWEI-H12-ATLAS350-LAUNCH","审计/子代理交接/m2_staging/M2-W3-HUAWEI-ASCEND950-PHYSICAL/structured/source-families.csv","dd981f94b4071d5a215d8856d6f517a79005b2d755ab330e3c942cc3242febe3","974","draft","reviewed","","","","8921eaabb3424de5a4b83c9a7dc1a3b130444abad2952310850ffe8a6cf79adb","8921eaabb3424de5a4b83c9a7dc1a3b130444abad2952310850ffe8a6cf79adb","a36d79f985339ed27bbeb218638221f921179bd6007f7801f232586e5b469db4","358869eac543ca7769129a0525834a366fb3abb5c3fba858b556bb414ed0b061","14595"
"ASC950-SIGN-0532","最小参考资料库/sources.csv","source_id","SRC-M2W3-HUAWEI-H2-ASC950-KEYNOTE-20250918","审计/子代理交接/m2_staging/M2-W3-HUAWEI-ASCEND950-PHYSICAL/structured/sources.csv","91ff033b810d9ea1e661c6eaf75a4d8b853ff4bf7281e2d7781a54ea980d2a24","1809","draft","reviewed","","","","feb16ab63b1f60311deec363adfdc27a67cd802c6750176da1af13da8475a931","feb16ab63b1f60311deec363adfdc27a67cd802c6750176da1af13da8475a931","931df1cdbe4b2ab0aa4fd45dfbefa00d4d7b9316097c7bed0c14c1fb6a434cb6","43c72603ecf52b78aa0e737840190320accf567b0d3d769c1c8b64ce223a84fc","31741"
"ASC950-SIGN-0533","最小参考资料库/sources.csv","source_id","SRC-M2W3-HUAWEI-H6-PROCESSOR-20260813","审计/子代理交接/m2_staging/M2-W3-HUAWEI-ASCEND950-PHYSICAL/structured/sources.csv","91ff033b810d9ea1e661c6eaf75a4d8b853ff4bf7281e2d7781a54ea980d2a24","1809","draft","reviewed","","","","8bb23c396712c8a57e8d56cf089823f003416fb0058d3b99e4443bbee7302bed","8bb23c396712c8a57e8d56cf089823f003416fb0058d3b99e4443bbee7302bed","29d6959bd4799652456d078f2709b07bd072a75c8f75cb0b71811ec6e50d2cc7","43c72603ecf52b78aa0e737840190320accf567b0d3d769c1c8b64ce223a84fc","31741"
"ASC950-SIGN-0534","最小参考资料库/sources.csv","source_id","SRC-M2W3-HUAWEI-H7-ACCELERATOR-CARD-20260813","审计/子代理交接/m2_staging/M2-W3-HUAWEI-ASCEND950-PHYSICAL/structured/sources.csv","91ff033b810d9ea1e661c6eaf75a4d8b853ff4bf7281e2d7781a54ea980d2a24","1809","draft","reviewed","","","","4d48c4d8f51b2c744c32ed0132e84056b5c69e40289d8554abcf1440e763b7c4","4d48c4d8f51b2c744c32ed0132e84056b5c69e40289d8554abcf1440e763b7c4","c0cb9eabbd337c33a293712e236a1fd8628a1e38574db88f6cf6e6efcd6be0f6","43c72603ecf52b78aa0e737840190320accf567b0d3d769c1c8b64ce223a84fc","31741"
"ASC950-SIGN-0535","最小参考资料库/sources.csv","source_id","SRC-M2W3-HUAWEI-H12-ATLAS350-LAUNCH-20260320","审计/子代理交接/m2_staging/M2-W3-HUAWEI-ASCEND950-PHYSICAL/structured/sources.csv","91ff033b810d9ea1e661c6eaf75a4d8b853ff4bf7281e2d7781a54ea980d2a24","1809","draft","reviewed","","","","0773bc5e31a9e84d1c0e7ef0c84689b5ce5236d5917dd9578cc698bd385f2b1f","0773bc5e31a9e84d1c0e7ef0c84689b5ce5236d5917dd9578cc698bd385f2b1f","c06cd63edb2ebd2c8b708aaaf46e74268c0d90a95d4b8cfb6744a948b1fe6658","43c72603ecf52b78aa0e737840190320accf567b0d3d769c1c8b64ce223a84fc","31741"
"ASC950-SIGN-0536","最小参考资料库/source-screening.csv","screening_id","SCREEN-M2W3-HUAWEI-H2","审计/子代理交接/m2_staging/M2-W3-HUAWEI-ASCEND950-PHYSICAL/structured/source-screening.csv","1ce3f4a05f511809a1332efd39c5c91a1cc5f67b4a94c19219ff54f0c9443140","1563","draft","reviewed","","","","046dc5325503ba9b95e50cb3c3ea825554982a8386fe79668bb6f183351613ad","046dc5325503ba9b95e50cb3c3ea825554982a8386fe79668bb6f183351613ad","3c2880b0ac7a169b5da6b3c6391bef3fa6ef7d589b23373f80131186ef14ed83","b4d12751bc347739b415feb2349d56297920a0cd2deab9887cb0c7b5a9377823","30961"
"ASC950-SIGN-0537","最小参考资料库/source-screening.csv","screening_id","SCREEN-M2W3-HUAWEI-H6","审计/子代理交接/m2_staging/M2-W3-HUAWEI-ASCEND950-PHYSICAL/structured/source-screening.csv","1ce3f4a05f511809a1332efd39c5c91a1cc5f67b4a94c19219ff54f0c9443140","1563","draft","reviewed","","","","2bb44388df5e3daba9e033b3b9091aad75b34102e61cd1e4c4f6a9f7fc762e0f","2bb44388df5e3daba9e033b3b9091aad75b34102e61cd1e4c4f6a9f7fc762e0f","1a6037790796f08a1ae644050cf8aa1ca3162bacdb502c6baf0e4299cb69bcad","b4d12751bc347739b415feb2349d56297920a0cd2deab9887cb0c7b5a9377823","30961"
"ASC950-SIGN-0538","最小参考资料库/source-screening.csv","screening_id","SCREEN-M2W3-HUAWEI-H7","审计/子代理交接/m2_staging/M2-W3-HUAWEI-ASCEND950-PHYSICAL/structured/source-screening.csv","1ce3f4a05f511809a1332efd39c5c91a1cc5f67b4a94c19219ff54f0c9443140","1563","draft","reviewed","","","","c46ca7abfdec70d633b4364f75634a1d41fc771b5954c641057484b103597669","c46ca7abfdec70d633b4364f75634a1d41fc771b5954c641057484b103597669","5bd62cf6e451687fea11a9a0049de4747c7c7d54552fa4fe1e3428c6e882f222","b4d12751bc347739b415feb2349d56297920a0cd2deab9887cb0c7b5a9377823","30961"
"ASC950-SIGN-0539","最小参考资料库/source-screening.csv","screening_id","SCREEN-M2W3-HUAWEI-H12","审计/子代理交接/m2_staging/M2-W3-HUAWEI-ASCEND950-PHYSICAL/structured/source-screening.csv","1ce3f4a05f511809a1332efd39c5c91a1cc5f67b4a94c19219ff54f0c9443140","1563","draft","reviewed","","","","9e50a00b9d62f5bf0b7f10f2420924cedceaf4952795a1960572b3cb083662a0","9e50a00b9d62f5bf0b7f10f2420924cedceaf4952795a1960572b3cb083662a0","22f208c2ca57891a271380f38877d7a57ef8360d1ecfae58f2eb492ef348df93","b4d12751bc347739b415feb2349d56297920a0cd2deab9887cb0c7b5a9377823","30961"
"ASC950-SIGN-0540","最小参考资料库/source-selected-roles.csv","source_selected_role_id","M2W3-HUAWEI-SROLE-H2-ID","审计/子代理交接/m2_staging/M2-W3-HUAWEI-ASCEND950-PHYSICAL/structured/source-selected-roles.csv","c1fa706d798fc2ab53b415bd46f8c81fc45790272d74ffff55896800a156dc8f","1149","draft","reviewed","","","","8f6def23985ca271e86f560acf58b74e360dcafb4fa1a47abe0694bd54784e19","8f6def23985ca271e86f560acf58b74e360dcafb4fa1a47abe0694bd54784e19","0ccd1dfd901d63f6918675106efe6f78e870c0024e7308371c0bdaeeed5ee7a0","5974d3615274baf78482815586f0fed10da3639532b7e8ba681a16ac59af2c57","21670"
"ASC950-SIGN-0541","最小参考资料库/source-selected-roles.csv","source_selected_role_id","M2W3-HUAWEI-SROLE-H2-CORE","审计/子代理交接/m2_staging/M2-W3-HUAWEI-ASCEND950-PHYSICAL/structured/source-selected-roles.csv","c1fa706d798fc2ab53b415bd46f8c81fc45790272d74ffff55896800a156dc8f","1149","draft","reviewed","","","","746969b678762c37ea808cf9b8db443f9360f09d49695a4e96f2e16427b86df2","746969b678762c37ea808cf9b8db443f9360f09d49695a4e96f2e16427b86df2","1c18b45f9972773b2d8d62b72db15579966fba7e4f2f9845bb56a413c4513249","5974d3615274baf78482815586f0fed10da3639532b7e8ba681a16ac59af2c57","21670"
"ASC950-SIGN-0542","最小参考资料库/source-selected-roles.csv","source_selected_role_id","M2W3-HUAWEI-SROLE-H2-STATUS","审计/子代理交接/m2_staging/M2-W3-HUAWEI-ASCEND950-PHYSICAL/structured/source-selected-roles.csv","c1fa706d798fc2ab53b415bd46f8c81fc45790272d74ffff55896800a156dc8f","1149","draft","reviewed","","","","e200a3c50622b07d201115c0fb6c1577a7b5a7db091d55800942e2190f4ea79e","e200a3c50622b07d201115c0fb6c1577a7b5a7db091d55800942e2190f4ea79e","abf49100da11025e3d7339c5aec4a78dd96cb55ebbe72d74959b60001d03e21a","5974d3615274baf78482815586f0fed10da3639532b7e8ba681a16ac59af2c57","21670"
"ASC950-SIGN-0543","最小参考资料库/source-selected-roles.csv","source_selected_role_id","M2W3-HUAWEI-SROLE-H6-ID","审计/子代理交接/m2_staging/M2-W3-HUAWEI-ASCEND950-PHYSICAL/structured/source-selected-roles.csv","c1fa706d798fc2ab53b415bd46f8c81fc45790272d74ffff55896800a156dc8f","1149","draft","reviewed","","","","7523dce5b3019c5502aad78f302cd53c6bd866d84bb3489ebfc1ff3c3c435174","7523dce5b3019c5502aad78f302cd53c6bd866d84bb3489ebfc1ff3c3c435174","89f454f76ef46fb9c5c8240c6a8ec7c56bbf6fa5b71f016e6c739cd933cd725b","5974d3615274baf78482815586f0fed10da3639532b7e8ba681a16ac59af2c57","21670"
"ASC950-SIGN-0544","最小参考资料库/source-selected-roles.csv","source_selected_role_id","M2W3-HUAWEI-SROLE-H6-CORE","审计/子代理交接/m2_staging/M2-W3-HUAWEI-ASCEND950-PHYSICAL/structured/source-selected-roles.csv","c1fa706d798fc2ab53b415bd46f8c81fc45790272d74ffff55896800a156dc8f","1149","draft","reviewed","","","","4354b22b9540177f12f986acdb932654d8773298ca972b36c5835a80983d37d4","4354b22b9540177f12f986acdb932654d8773298ca972b36c5835a80983d37d4","b2434dc84ccd48815187f8cd606ec71c8e3a143a033b8a333f5ab6be657e2dc8","5974d3615274baf78482815586f0fed10da3639532b7e8ba681a16ac59af2c57","21670"
"ASC950-SIGN-0545","最小参考资料库/source-selected-roles.csv","source_selected_role_id","M2W3-HUAWEI-SROLE-H12-STATUS","审计/子代理交接/m2_staging/M2-W3-HUAWEI-ASCEND950-PHYSICAL/structured/source-selected-roles.csv","c1fa706d798fc2ab53b415bd46f8c81fc45790272d74ffff55896800a156dc8f","1149","draft","reviewed","","","","7ff44b1abb6865b581ecc774fd79de16af38347ce7cf0306cd04add13872652c","7ff44b1abb6865b581ecc774fd79de16af38347ce7cf0306cd04add13872652c","c0a18ca4e6b34f20bc04755310c2bdc6ecec8c050c7523dc3042cd41d8e44db6","5974d3615274baf78482815586f0fed10da3639532b7e8ba681a16ac59af2c57","21670"
