"requirement_id","object_id","component_id","link_id","object_relation_id","precision_path_id","capability_id","topology_id","field_id","requirement_status","applicability_reason","search_status","last_searched_date","requirement_fingerprint","review_status","notes"
"REQ-M2NA-AVAIL-0001","","COMP-M2NA-AMPERE-SM","","","","","","FIELD-COMP-EXECUTION","value_available","At least one staged atomic fact supplies this subject-field pair.","completed","2026-08-12","M2NA|component|COMP-M2NA-AMPERE-SM|FIELD-COMP-EXECUTION","draft","Supporting staged fact_id: FACT-M2NA-AMPERE-SM-EXEC"
"REQ-M2NA-AVAIL-0002","","COMP-M2NA-AMPERE-TENSOR","","","","","","FIELD-COMP-EXECUTION","value_available","At least one staged atomic fact supplies this subject-field pair.","completed","2026-08-12","M2NA|component|COMP-M2NA-AMPERE-TENSOR|FIELD-COMP-EXECUTION","draft","Supporting staged fact_id: FACT-M2NA-AMPERE-TENSOR-EXEC"
"REQ-M2NA-AVAIL-0003","","COMP-M2NA-AMPERE-TENSOR","","","","","","FIELD-COMP-SHARED-RESOURCE","value_available","At least one staged atomic fact supplies this subject-field pair.","completed","2026-08-12","M2NA|component|COMP-M2NA-AMPERE-TENSOR|FIELD-COMP-SHARED-RESOURCE","draft","Supporting staged fact_id: FACT-M2NA-AMPERE-TENSOR-FORMATS"
"REQ-M2NA-AVAIL-0004","","COMP-M2NA-AMPERE-CUDA","","","","","","FIELD-COMP-EXECUTION","value_available","At least one staged atomic fact supplies this subject-field pair.","completed","2026-08-12","M2NA|component|COMP-M2NA-AMPERE-CUDA|FIELD-COMP-EXECUTION","needs_resolution","Supporting staged fact_id: FACT-M2NA-AMPERE-CUDA-EXEC"
"REQ-M2NA-AVAIL-0005","","COMP-M2NA-AMPERE-ASYNC-COPY","","","","","","FIELD-COMP-EXECUTION","value_available","At least one staged atomic fact supplies this subject-field pair.","completed","2026-08-12","M2NA|component|COMP-M2NA-AMPERE-ASYNC-COPY|FIELD-COMP-EXECUTION","draft","Supporting staged fact_id: FACT-M2NA-AMPERE-ASYNC-EXEC"
"REQ-M2NA-AVAIL-0006","","COMP-M2NA-AMPERE-L1SMEM","","","","","","FIELD-MEM-MANAGEMENT","value_available","At least one staged atomic fact supplies this subject-field pair.","completed","2026-08-12","M2NA|component|COMP-M2NA-AMPERE-L1SMEM|FIELD-MEM-MANAGEMENT","draft","Supporting staged fact_id: FACT-M2NA-AMPERE-L1SMEM-MGMT"
"REQ-M2NA-AVAIL-0007","","COMP-M2NA-AMPERE-L1SMEM","","","","","","FIELD-MEM-LOCALITY-SCOPE","value_available","At least one staged atomic fact supplies this subject-field pair.","completed","2026-08-12","M2NA|component|COMP-M2NA-AMPERE-L1SMEM|FIELD-MEM-LOCALITY-SCOPE","draft","Supporting staged fact_id: FACT-M2NA-AMPERE-L1SMEM-SCOPE"
"REQ-M2NA-AVAIL-0008","","","","","PPATH-M2NA-AMPERE-TENSOR-FP16","","","FIELD-NUM-OPERAND-A","value_available","At least one staged atomic fact supplies this subject-field pair.","completed","2026-08-12","M2NA|precision_path|PPATH-M2NA-AMPERE-TENSOR-FP16|FIELD-NUM-OPERAND-A","draft","Supporting staged fact_id: FACT-M2NA-AMPERE-FP16-A"
"REQ-M2NA-AVAIL-0009","","","","","PPATH-M2NA-AMPERE-TENSOR-FP16","","","FIELD-NUM-OPERAND-B","value_available","At least one staged atomic fact supplies this subject-field pair.","completed","2026-08-12","M2NA|precision_path|PPATH-M2NA-AMPERE-TENSOR-FP16|FIELD-NUM-OPERAND-B","draft","Supporting staged fact_id: FACT-M2NA-AMPERE-FP16-B"
"REQ-M2NA-AVAIL-0010","","","","","PPATH-M2NA-AMPERE-TENSOR-FP16","","","FIELD-NUM-ACCUMULATION","value_available","At least one staged atomic fact supplies this subject-field pair.","completed","2026-08-12","M2NA|precision_path|PPATH-M2NA-AMPERE-TENSOR-FP16|FIELD-NUM-ACCUMULATION","draft","Supporting staged fact_id: FACT-M2NA-AMPERE-FP16-ACC"
"REQ-M2NA-AVAIL-0011","","","","","PPATH-M2NA-AMPERE-TENSOR-BF16","","","FIELD-NUM-OPERAND-A","value_available","At least one staged atomic fact supplies this subject-field pair.","completed","2026-08-12","M2NA|precision_path|PPATH-M2NA-AMPERE-TENSOR-BF16|FIELD-NUM-OPERAND-A","draft","Supporting staged fact_id: FACT-M2NA-AMPERE-BF16-A"
"REQ-M2NA-AVAIL-0012","","","","","PPATH-M2NA-AMPERE-TENSOR-BF16","","","FIELD-NUM-ACCUMULATION","value_available","At least one staged atomic fact supplies this subject-field pair.","completed","2026-08-12","M2NA|precision_path|PPATH-M2NA-AMPERE-TENSOR-BF16|FIELD-NUM-ACCUMULATION","draft","Supporting staged fact_id: FACT-M2NA-AMPERE-BF16-ACC"
"REQ-M2NA-AVAIL-0013","","","","","PPATH-M2NA-AMPERE-TENSOR-TF32","","","FIELD-NUM-OPERAND-A","value_available","At least one staged atomic fact supplies this subject-field pair.","completed","2026-08-12","M2NA|precision_path|PPATH-M2NA-AMPERE-TENSOR-TF32|FIELD-NUM-OPERAND-A","draft","Supporting staged fact_id: FACT-M2NA-AMPERE-TF32-A"
"REQ-M2NA-AVAIL-0014","","","","","PPATH-M2NA-AMPERE-TENSOR-TF32","","","FIELD-NUM-ACCUMULATION","value_available","At least one staged atomic fact supplies this subject-field pair.","completed","2026-08-12","M2NA|precision_path|PPATH-M2NA-AMPERE-TENSOR-TF32|FIELD-NUM-ACCUMULATION","draft","Supporting staged fact_id: FACT-M2NA-AMPERE-TF32-ACC"
"REQ-M2NA-AVAIL-0015","","","","","PPATH-M2NA-AMPERE-TENSOR-FP64","","","FIELD-NUM-OPERAND-A","value_available","At least one staged atomic fact supplies this subject-field pair.","completed","2026-08-12","M2NA|precision_path|PPATH-M2NA-AMPERE-TENSOR-FP64|FIELD-NUM-OPERAND-A","draft","Supporting staged fact_id: FACT-M2NA-AMPERE-FP64-A"
"REQ-M2NA-AVAIL-0016","","","","","PPATH-M2NA-AMPERE-TENSOR-INT8","","","FIELD-NUM-OPERAND-A","value_available","At least one staged atomic fact supplies this subject-field pair.","completed","2026-08-12","M2NA|precision_path|PPATH-M2NA-AMPERE-TENSOR-INT8|FIELD-NUM-OPERAND-A","draft","Supporting staged fact_id: FACT-M2NA-AMPERE-INT-A"
"REQ-M2NA-AVAIL-0017","","","","","","CAP-M2NA-AMPERE-SPARSE","","FIELD-CAP-IMPLEMENTATION-LEVEL","value_available","At least one staged atomic fact supplies this subject-field pair.","completed","2026-08-12","M2NA|capability|CAP-M2NA-AMPERE-SPARSE|FIELD-CAP-IMPLEMENTATION-LEVEL","draft","Supporting staged fact_id: FACT-M2NA-AMPERE-SPARSE-LEVEL"
"REQ-M2NA-AVAIL-0018","","","","","","CAP-M2NA-AMPERE-SPARSE","","FIELD-CAP-IMPLEMENTATION-DETAIL","value_available","At least one staged atomic fact supplies this subject-field pair.","completed","2026-08-12","M2NA|capability|CAP-M2NA-AMPERE-SPARSE|FIELD-CAP-IMPLEMENTATION-DETAIL","draft","Supporting staged fact_id: FACT-M2NA-AMPERE-SPARSE-DETAIL"
"REQ-M2NA-AVAIL-0019","","","","","","CAP-M2NA-AMPERE-ASYNC","","FIELD-CAP-IMPLEMENTATION-LEVEL","value_available","At least one staged atomic fact supplies this subject-field pair.","completed","2026-08-12","M2NA|capability|CAP-M2NA-AMPERE-ASYNC|FIELD-CAP-IMPLEMENTATION-LEVEL","draft","Supporting staged fact_id: FACT-M2NA-AMPERE-ASYNC-LEVEL"
"REQ-M2NA-AVAIL-0020","","","LINK-M2NA-AMPERE-NVLINK3","","","","","FIELD-INT-PROTOCOL","value_available","At least one staged atomic fact supplies this subject-field pair.","completed","2026-08-12","M2NA|link|LINK-M2NA-AMPERE-NVLINK3|FIELD-INT-PROTOCOL","draft","Supporting staged fact_id: FACT-M2NA-AMPERE-NVLINK-PROTOCOL"
"REQ-M2NA-AVAIL-0021","OBJ-NVIDIA-AMPERE-ARCH","","","","","","","FIELD-SW-PROGRAMMING-MODEL","value_available","At least one staged atomic fact supplies this subject-field pair.","completed","2026-08-12","M2NA|object|OBJ-NVIDIA-AMPERE-ARCH|FIELD-SW-PROGRAMMING-MODEL","draft","Supporting staged fact_id: FACT-M2NA-AMPERE-SW"
"REQ-M2NA-AVAIL-0022","","COMP-M2NA-ADA-SM","","","","","","FIELD-COMP-EXECUTION","value_available","At least one staged atomic fact supplies this subject-field pair.","completed","2026-08-12","M2NA|component|COMP-M2NA-ADA-SM|FIELD-COMP-EXECUTION","draft","Supporting staged fact_id: FACT-M2NA-ADA-SM-EXEC"
"REQ-M2NA-AVAIL-0023","","COMP-M2NA-ADA-TENSOR","","","","","","FIELD-COMP-EXECUTION","value_available","At least one staged atomic fact supplies this subject-field pair.","completed","2026-08-12","M2NA|component|COMP-M2NA-ADA-TENSOR|FIELD-COMP-EXECUTION","draft","Supporting staged fact_id: FACT-M2NA-ADA-TENSOR-EXEC"
"REQ-M2NA-AVAIL-0024","","COMP-M2NA-ADA-TENSOR","","","","","","FIELD-COMP-SHARED-RESOURCE","value_available","At least one staged atomic fact supplies this subject-field pair.","completed","2026-08-12","M2NA|component|COMP-M2NA-ADA-TENSOR|FIELD-COMP-SHARED-RESOURCE","draft","Supporting staged fact_id: FACT-M2NA-ADA-TENSOR-FORMATS"
"REQ-M2NA-AVAIL-0025","","COMP-M2NA-ADA-L1SMEM","","","","","","FIELD-MEM-MANAGEMENT","value_available","At least one staged atomic fact supplies this subject-field pair.","completed","2026-08-12","M2NA|component|COMP-M2NA-ADA-L1SMEM|FIELD-MEM-MANAGEMENT","draft","Supporting staged fact_id: FACT-M2NA-ADA-L1SMEM-MGMT"
"REQ-M2NA-AVAIL-0026","","COMP-M2NA-ADA-L1SMEM","","","","","","FIELD-MEM-LOCALITY-SCOPE","value_available","At least one staged atomic fact supplies this subject-field pair.","completed","2026-08-12","M2NA|component|COMP-M2NA-ADA-L1SMEM|FIELD-MEM-LOCALITY-SCOPE","draft","Supporting staged fact_id: FACT-M2NA-ADA-L1SMEM-SCOPE"
"REQ-M2NA-AVAIL-0027","","","","","PPATH-M2NA-ADA-TENSOR-FP8","","","FIELD-NUM-OPERAND-A","value_available","At least one staged atomic fact supplies this subject-field pair.","completed","2026-08-12","M2NA|precision_path|PPATH-M2NA-ADA-TENSOR-FP8|FIELD-NUM-OPERAND-A","draft","Supporting staged fact_id: FACT-M2NA-ADA-FP8-A"
"REQ-M2NA-AVAIL-0028","","","","","PPATH-M2NA-ADA-TENSOR-FP8","","","FIELD-NUM-ACCUMULATION","value_available","At least one staged atomic fact supplies this subject-field pair.","completed","2026-08-12","M2NA|precision_path|PPATH-M2NA-ADA-TENSOR-FP8|FIELD-NUM-ACCUMULATION","draft","Supporting staged fact_id: FACT-M2NA-ADA-FP8-ACC"
"REQ-M2NA-AVAIL-0029","","","","","PPATH-M2NA-ADA-TENSOR-FP16","","","FIELD-NUM-ACCUMULATION","value_available","At least one staged atomic fact supplies this subject-field pair.","completed","2026-08-12","M2NA|precision_path|PPATH-M2NA-ADA-TENSOR-FP16|FIELD-NUM-ACCUMULATION","draft","Supporting staged fact_id: FACT-M2NA-ADA-FP16-ACC"
"REQ-M2NA-AVAIL-0030","","","","","PPATH-M2NA-ADA-TENSOR-BF16","","","FIELD-NUM-ACCUMULATION","value_available","At least one staged atomic fact supplies this subject-field pair.","completed","2026-08-12","M2NA|precision_path|PPATH-M2NA-ADA-TENSOR-BF16|FIELD-NUM-ACCUMULATION","draft","Supporting staged fact_id: FACT-M2NA-ADA-BF16-ACC"
"REQ-M2NA-AVAIL-0031","","","","","PPATH-M2NA-ADA-TENSOR-TF32","","","FIELD-NUM-OPERAND-A","value_available","At least one staged atomic fact supplies this subject-field pair.","completed","2026-08-12","M2NA|precision_path|PPATH-M2NA-ADA-TENSOR-TF32|FIELD-NUM-OPERAND-A","draft","Supporting staged fact_id: FACT-M2NA-ADA-TF32-A"
"REQ-M2NA-AVAIL-0032","","","","","PPATH-M2NA-ADA-TENSOR-INT8","","","FIELD-NUM-OPERAND-A","value_available","At least one staged atomic fact supplies this subject-field pair.","completed","2026-08-12","M2NA|precision_path|PPATH-M2NA-ADA-TENSOR-INT8|FIELD-NUM-OPERAND-A","draft","Supporting staged fact_id: FACT-M2NA-ADA-INT-A"
"REQ-M2NA-AVAIL-0033","","","","","","CAP-M2NA-ADA-SPARSE","","FIELD-CAP-IMPLEMENTATION-LEVEL","value_available","At least one staged atomic fact supplies this subject-field pair.","completed","2026-08-12","M2NA|capability|CAP-M2NA-ADA-SPARSE|FIELD-CAP-IMPLEMENTATION-LEVEL","draft","Supporting staged fact_id: FACT-M2NA-ADA-SPARSE-LEVEL"
"REQ-M2NA-AVAIL-0034","OBJ-NVIDIA-ADA-LOVELACE-ARCH","","","","","","","FIELD-SW-PROGRAMMING-MODEL","not_found","The selected Ada architecture whitepaper does not make a directly locatable programming-model statement; CUDA Core naming is not sufficient evidence for this field.","completed","2026-08-12","M2NA|object|OBJ-NVIDIA-ADA-LOVELACE-ARCH|FIELD-SW-PROGRAMMING-MODEL","needs_resolution","Former supporting fact FACT-M2NA-ADA-SW was removed during assertion-evidence remediation. See SEARCH-M2NA-0126."
"REQ-M2NA-AVAIL-0035","","COMP-M2NA-BLACKWELL-TENSOR","","","","","","FIELD-COMP-EXECUTION","value_available","At least one staged atomic fact supplies this subject-field pair.","completed","2026-08-12","M2NA|component|COMP-M2NA-BLACKWELL-TENSOR|FIELD-COMP-EXECUTION","draft","Supporting staged fact_id: FACT-M2NA-BLACKWELL-TENSOR-EXEC"
"REQ-M2NA-AVAIL-0036","","COMP-M2NA-BLACKWELL-TENSOR","","","","","","FIELD-COMP-SHARED-RESOURCE","value_available","At least one staged atomic fact supplies this subject-field pair.","completed","2026-08-12","M2NA|component|COMP-M2NA-BLACKWELL-TENSOR|FIELD-COMP-SHARED-RESOURCE","draft","Supporting staged fact_id: FACT-M2NA-BLACKWELL-TENSOR-FORMATS"
"REQ-M2NA-AVAIL-0037","","","","","PPATH-M2NA-BLACKWELL-TENSOR-FP4","","","FIELD-NUM-OPERAND-A","value_available","At least one staged atomic fact supplies this subject-field pair.","completed","2026-08-12","M2NA|precision_path|PPATH-M2NA-BLACKWELL-TENSOR-FP4|FIELD-NUM-OPERAND-A","draft","Supporting staged fact_id: FACT-M2NA-BLACKWELL-FP4-A"
"REQ-M2NA-AVAIL-0038","","","","","PPATH-M2NA-BLACKWELL-TENSOR-FP4","","","FIELD-NUM-SCALING-MODE","value_available","At least one staged atomic fact supplies this subject-field pair.","completed","2026-08-12","M2NA|precision_path|PPATH-M2NA-BLACKWELL-TENSOR-FP4|FIELD-NUM-SCALING-MODE","draft","Supporting staged fact_id: FACT-M2NA-BLACKWELL-FP4-SCALE"
"REQ-M2NA-AVAIL-0039","","","","","PPATH-M2NA-BLACKWELL-TENSOR-FP4","","","FIELD-NUM-SCALING-GRANULARITY","value_available","At least one staged atomic fact supplies this subject-field pair.","completed","2026-08-12","M2NA|precision_path|PPATH-M2NA-BLACKWELL-TENSOR-FP4|FIELD-NUM-SCALING-GRANULARITY","draft","Supporting staged fact_id: FACT-M2NA-BLACKWELL-FP4-GRAN"
"REQ-M2NA-AVAIL-0040","","","","","PPATH-M2NA-BLACKWELL-TENSOR-FP6","","","FIELD-NUM-OPERAND-A","value_available","At least one staged atomic fact supplies this subject-field pair.","completed","2026-08-12","M2NA|precision_path|PPATH-M2NA-BLACKWELL-TENSOR-FP6|FIELD-NUM-OPERAND-A","draft","Supporting staged fact_id: FACT-M2NA-BLACKWELL-FP6-A"
"REQ-M2NA-AVAIL-0041","","","","","PPATH-M2NA-BLACKWELL-TENSOR-FP8","","","FIELD-NUM-OPERAND-A","value_available","At least one staged atomic fact supplies this subject-field pair.","completed","2026-08-12","M2NA|precision_path|PPATH-M2NA-BLACKWELL-TENSOR-FP8|FIELD-NUM-OPERAND-A","draft","Supporting staged fact_id: FACT-M2NA-BLACKWELL-FP8-A"
"REQ-M2NA-AVAIL-0042","","","","","PPATH-M2NA-BLACKWELL-TENSOR-FP16BF16","","","FIELD-NUM-OPERAND-A","value_available","At least one staged atomic fact supplies this subject-field pair.","completed","2026-08-12","M2NA|precision_path|PPATH-M2NA-BLACKWELL-TENSOR-FP16BF16|FIELD-NUM-OPERAND-A","draft","Supporting staged fact_id: FACT-M2NA-BLACKWELL-FP16-A"
"REQ-M2NA-AVAIL-0043","","","","","PPATH-M2NA-BLACKWELL-TENSOR-HIGH","","","FIELD-NUM-OPERAND-A","value_available","At least one staged atomic fact supplies this subject-field pair.","completed","2026-08-12","M2NA|precision_path|PPATH-M2NA-BLACKWELL-TENSOR-HIGH|FIELD-NUM-OPERAND-A","draft","Supporting staged fact_id: FACT-M2NA-BLACKWELL-HIGH-A"
"REQ-M2NA-AVAIL-0044","","","","","PPATH-M2NA-BLACKWELL-TENSOR-SPARSE","","","FIELD-NUM-SPARSITY","value_available","At least one staged atomic fact supplies this subject-field pair.","completed","2026-08-12","M2NA|precision_path|PPATH-M2NA-BLACKWELL-TENSOR-SPARSE|FIELD-NUM-SPARSITY","draft","Supporting staged fact_id: FACT-M2NA-BLACKWELL-SPARSE-MODE"
"REQ-M2NA-AVAIL-0045","","COMP-M2NA-BLACKWELL-TMEM","","","","","","FIELD-MEM-MANAGEMENT","value_available","At least one staged atomic fact supplies this subject-field pair.","completed","2026-08-12","M2NA|component|COMP-M2NA-BLACKWELL-TMEM|FIELD-MEM-MANAGEMENT","draft","Supporting staged fact_id: FACT-M2NA-BLACKWELL-TMEM-MGMT"
"REQ-M2NA-AVAIL-0046","","COMP-M2NA-BLACKWELL-TMEM","","","","","","FIELD-MEM-CAPACITY","value_available","At least one staged atomic fact supplies this subject-field pair.","completed","2026-08-12","M2NA|component|COMP-M2NA-BLACKWELL-TMEM|FIELD-MEM-CAPACITY","draft","Supporting staged fact_id: FACT-M2NA-BLACKWELL-TMEM-LOGICAL-SPACE. Direct canonical-unit normalization: 512 columns × 128 rows × 32 bit/cell ÷ 8 bit/byte = 262144 byte per CTA logical address space; this is not physical SRAM capacity."
"REQ-M2NA-AVAIL-0047","","COMP-M2NA-BLACKWELL-TMEM","","","","","","FIELD-MEM-GRANULARITY","value_available","At least one staged atomic fact supplies this subject-field pair.","completed","2026-08-12","M2NA|component|COMP-M2NA-BLACKWELL-TMEM|FIELD-MEM-GRANULARITY","draft","Supporting staged fact_id: FACT-M2NA-BLACKWELL-TMEM-GRAN"
"REQ-M2NA-AVAIL-0048","","COMP-M2NA-BLACKWELL-TMA","","","","","","FIELD-COMP-EXECUTION","value_available","At least one staged atomic fact supplies this subject-field pair.","completed","2026-08-12","M2NA|component|COMP-M2NA-BLACKWELL-TMA|FIELD-COMP-EXECUTION","draft","Supporting staged fact_id: FACT-M2NA-BLACKWELL-TMA-EXEC"
"REQ-M2NA-AVAIL-0049","","","LINK-M2NA-BLACKWELL-NVHBI","","","","","FIELD-INT-PROTOCOL","value_available","At least one staged atomic fact supplies this subject-field pair.","completed","2026-08-12","M2NA|link|LINK-M2NA-BLACKWELL-NVHBI|FIELD-INT-PROTOCOL","draft","Supporting staged fact_id: FACT-M2NA-BLACKWELL-NVHBI-PROTOCOL"
"REQ-M2NA-AVAIL-0050","","","LINK-M2NA-BLACKWELL-NVLINK5","","","","","FIELD-INT-PROTOCOL","value_available","At least one staged atomic fact supplies this subject-field pair.","completed","2026-08-12","M2NA|link|LINK-M2NA-BLACKWELL-NVLINK5|FIELD-INT-PROTOCOL","draft","Supporting staged fact_id: FACT-M2NA-BLACKWELL-NVLINK5-PROTOCOL"
"REQ-M2NA-AVAIL-0051","","","","","","CAP-M2NA-BLACKWELL-TE","","FIELD-CAP-IMPLEMENTATION-LEVEL","value_available","At least one staged atomic fact supplies this subject-field pair.","completed","2026-08-12","M2NA|capability|CAP-M2NA-BLACKWELL-TE|FIELD-CAP-IMPLEMENTATION-LEVEL","draft","Supporting staged fact_id: FACT-M2NA-BLACKWELL-TE-LEVEL"
"REQ-M2NA-AVAIL-0052","","","","","","CAP-M2NA-BLACKWELL-TE","","FIELD-CAP-IMPLEMENTATION-DETAIL","value_available","At least one staged atomic fact supplies this subject-field pair.","completed","2026-08-12","M2NA|capability|CAP-M2NA-BLACKWELL-TE|FIELD-CAP-IMPLEMENTATION-DETAIL","draft","Supporting staged fact_id: FACT-M2NA-BLACKWELL-TE-DETAIL"
"REQ-M2NA-AVAIL-0053","","","","","","CAP-M2NA-BLACKWELL-SPARSE","","FIELD-CAP-IMPLEMENTATION-LEVEL","value_available","At least one staged atomic fact supplies this subject-field pair.","completed","2026-08-12","M2NA|capability|CAP-M2NA-BLACKWELL-SPARSE|FIELD-CAP-IMPLEMENTATION-LEVEL","draft","Supporting staged fact_id: FACT-M2NA-BLACKWELL-SPARSE-LEVEL"
"REQ-M2NA-AVAIL-0054","","","","","","CAP-M2NA-BLACKWELL-TMA","","FIELD-CAP-IMPLEMENTATION-LEVEL","value_available","At least one staged atomic fact supplies this subject-field pair.","completed","2026-08-12","M2NA|capability|CAP-M2NA-BLACKWELL-TMA|FIELD-CAP-IMPLEMENTATION-LEVEL","draft","Supporting staged fact_id: FACT-M2NA-BLACKWELL-TMA-LEVEL"
"REQ-M2NA-AVAIL-0055","","","","","","CAP-M2NA-BLACKWELL-TMA","","FIELD-CAP-IMPLEMENTATION-DETAIL","value_available","At least one staged atomic fact supplies this subject-field pair.","completed","2026-08-12","M2NA|capability|CAP-M2NA-BLACKWELL-TMA|FIELD-CAP-IMPLEMENTATION-DETAIL","draft","Supporting staged fact_id: FACT-M2NA-BLACKWELL-TMA-DETAIL"
"REQ-M2NA-AVAIL-0056","OBJ-NVIDIA-BLACKWELL-ARCH","","","","","","","FIELD-RAS-CAPABILITY","value_available","At least one staged atomic fact supplies this subject-field pair.","completed","2026-08-12","M2NA|object|OBJ-NVIDIA-BLACKWELL-ARCH|FIELD-RAS-CAPABILITY","draft","Supporting staged fact_id: FACT-M2NA-BLACKWELL-RAS"
"REQ-M2NA-AVAIL-0057","OBJ-NVIDIA-BLACKWELL-ARCH","","","","","","","FIELD-SW-PROGRAMMING-MODEL","value_available","At least one staged atomic fact supplies this subject-field pair.","completed","2026-08-12","M2NA|object|OBJ-NVIDIA-BLACKWELL-ARCH|FIELD-SW-PROGRAMMING-MODEL","draft","Supporting staged fact_id: FACT-M2NA-BLACKWELL-SW"
"REQ-M2NA-AVAIL-0058","","COMP-M2NA-BLACKWELL-ULTRA-SFU","","","","","","FIELD-COMP-EXECUTION","value_available","At least one staged atomic fact supplies this subject-field pair.","completed","2026-08-12","M2NA|component|COMP-M2NA-BLACKWELL-ULTRA-SFU|FIELD-COMP-EXECUTION","draft","Supporting staged fact_id: FACT-M2NA-ULTRA-SFU-EXEC"
"REQ-M2NA-AVAIL-0059","","","","","PPATH-M2NA-BLACKWELL-ULTRA-EXP","","","FIELD-COMP-THROUGHPUT","value_available","At least one staged atomic fact supplies this subject-field pair.","completed","2026-08-12","M2NA|precision_path|PPATH-M2NA-BLACKWELL-ULTRA-EXP|FIELD-COMP-THROUGHPUT","draft","Supporting staged fact_id: FACT-M2NA-ULTRA-EXP-REL"
"REQ-M2NA-AVAIL-0060","","","","","","CAP-M2NA-BLACKWELL-ULTRA-SOFTMAX","","FIELD-CAP-IMPLEMENTATION-LEVEL","value_available","At least one staged atomic fact supplies this subject-field pair.","completed","2026-08-12","M2NA|capability|CAP-M2NA-BLACKWELL-ULTRA-SOFTMAX|FIELD-CAP-IMPLEMENTATION-LEVEL","draft","Supporting staged fact_id: FACT-M2NA-ULTRA-SOFTMAX-LEVEL"
"REQ-M2NA-AVAIL-0061","","","","","","CAP-M2NA-BLACKWELL-ULTRA-SOFTMAX","","FIELD-CAP-IMPLEMENTATION-DETAIL","value_available","At least one staged atomic fact supplies this subject-field pair.","completed","2026-08-12","M2NA|capability|CAP-M2NA-BLACKWELL-ULTRA-SOFTMAX|FIELD-CAP-IMPLEMENTATION-DETAIL","draft","Supporting staged fact_id: FACT-M2NA-ULTRA-SOFTMAX-DETAIL"
"REQ-M2NA-AVAIL-0062","","COMP-M2NA-RUBIN-TENSOR","","","","","","FIELD-COMP-EXECUTION","value_available","At least one staged atomic fact supplies this subject-field pair.","completed","2026-08-12","M2NA|component|COMP-M2NA-RUBIN-TENSOR|FIELD-COMP-EXECUTION","draft","Supporting staged fact_id: FACT-M2NA-RUBIN-TENSOR-EXEC"
"REQ-M2NA-AVAIL-0063","","","","","PPATH-M2NA-RUBIN-LUT3","","","FIELD-NUM-OPERAND-B","value_available","At least one staged atomic fact supplies this subject-field pair.","completed","2026-08-12","M2NA|precision_path|PPATH-M2NA-RUBIN-LUT3|FIELD-NUM-OPERAND-B","draft","Supporting staged fact_id: FACT-M2NA-RUBIN-LUT3-B"
"REQ-M2NA-AVAIL-0064","","","","","PPATH-M2NA-RUBIN-ACT-SPARSE","","","FIELD-NUM-SPARSITY","value_available","At least one staged atomic fact supplies this subject-field pair.","completed","2026-08-12","M2NA|precision_path|PPATH-M2NA-RUBIN-ACT-SPARSE|FIELD-NUM-SPARSITY","draft","Supporting staged fact_id: FACT-M2NA-RUBIN-SPARSE-MODE"
"REQ-M2NA-AVAIL-0065","","COMP-M2NA-RUBIN-TMA","","","","","","FIELD-COMP-EXECUTION","value_available","At least one staged atomic fact supplies this subject-field pair.","completed","2026-08-12","M2NA|component|COMP-M2NA-RUBIN-TMA|FIELD-COMP-EXECUTION","draft","Supporting staged fact_id: FACT-M2NA-RUBIN-TMA-EXEC"
"REQ-M2NA-AVAIL-0066","","COMP-M2NA-RUBIN-SFU","","","","","","FIELD-COMP-EXECUTION","value_available","At least one staged atomic fact supplies this subject-field pair.","completed","2026-08-12","M2NA|component|COMP-M2NA-RUBIN-SFU|FIELD-COMP-EXECUTION","draft","Supporting staged fact_id: FACT-M2NA-RUBIN-SFU-EXEC"
"REQ-M2NA-AVAIL-0067","","COMP-M2NA-RUBIN-COMPRESS","","","","","","FIELD-COMP-EXECUTION","value_available","At least one staged atomic fact supplies this subject-field pair.","completed","2026-08-12","M2NA|component|COMP-M2NA-RUBIN-COMPRESS|FIELD-COMP-EXECUTION","draft","Supporting staged fact_id: FACT-M2NA-RUBIN-COMPRESS-EXEC"
"REQ-M2NA-AVAIL-0069","","","LINK-M2NA-RUBIN-NVLINK","","","","","FIELD-INT-PROTOCOL","value_available","At least one staged atomic fact supplies this subject-field pair.","completed","2026-08-12","M2NA|link|LINK-M2NA-RUBIN-NVLINK|FIELD-INT-PROTOCOL","draft","Supporting staged fact_id: FACT-M2NA-RUBIN-NVLINK-PROTOCOL"
"REQ-M2NA-AVAIL-0070","","","","","","CAP-M2NA-RUBIN-TMA","","FIELD-CAP-IMPLEMENTATION-LEVEL","value_available","At least one staged atomic fact supplies this subject-field pair.","completed","2026-08-12","M2NA|capability|CAP-M2NA-RUBIN-TMA|FIELD-CAP-IMPLEMENTATION-LEVEL","draft","Supporting staged fact_id: FACT-M2NA-RUBIN-TMA-LEVEL"
"REQ-M2NA-AVAIL-0071","","","","","","CAP-M2NA-RUBIN-SPARSE","","FIELD-CAP-IMPLEMENTATION-LEVEL","value_available","At least one staged atomic fact supplies this subject-field pair.","completed","2026-08-12","M2NA|capability|CAP-M2NA-RUBIN-SPARSE|FIELD-CAP-IMPLEMENTATION-LEVEL","draft","Supporting staged fact_id: FACT-M2NA-RUBIN-SPARSE-LEVEL"
"REQ-M2NA-AVAIL-0072","","","","","","CAP-M2NA-RUBIN-COMPRESS","","FIELD-CAP-IMPLEMENTATION-LEVEL","value_available","At least one staged atomic fact supplies this subject-field pair.","completed","2026-08-12","M2NA|capability|CAP-M2NA-RUBIN-COMPRESS|FIELD-CAP-IMPLEMENTATION-LEVEL","needs_resolution","Supporting staged fact_id: FACT-M2NA-RUBIN-COMPRESS-LEVEL"
"REQ-M2NA-AVAIL-0073","OBJ-NVIDIA-RUBIN-ARCH","","","","","","","FIELD-SW-PROGRAMMING-MODEL","not_found","The fixed official Rubin architecture article does not state a CUDA or other programming-model mapping for this architecture-level object.","completed","2026-08-12","M2NA|object|OBJ-NVIDIA-RUBIN-ARCH|FIELD-SW-PROGRAMMING-MODEL","needs_resolution","Removed unsupported FACT-M2NA-RUBIN-SW; retain the field as a documented evidence gap."
"REQ-M2NA-AVAIL-0074","","COMP-M2NA-CDNA2-CU","","","","","","FIELD-COMP-EXECUTION","value_available","At least one staged atomic fact supplies this subject-field pair.","completed","2026-08-12","M2NA|component|COMP-M2NA-CDNA2-CU|FIELD-COMP-EXECUTION","draft","Supporting staged fact_id: FACT-M2NA-CDNA2-CU-EXEC"
"REQ-M2NA-AVAIL-0075","","COMP-M2NA-CDNA2-VECTOR","","","","","","FIELD-COMP-UNIT-COUNT","value_available","At least one staged atomic fact supplies this subject-field pair.","completed","2026-08-12","M2NA|component|COMP-M2NA-CDNA2-VECTOR|FIELD-COMP-UNIT-COUNT","draft","Supporting staged fact_id: FACT-M2NA-CDNA2-VECTOR-COUNT"
"REQ-M2NA-AVAIL-0076","","COMP-M2NA-CDNA2-VECTOR","","","","","","FIELD-COMP-ISSUE-WIDTH","value_available","At least one staged atomic fact supplies this subject-field pair.","completed","2026-08-12","M2NA|component|COMP-M2NA-CDNA2-VECTOR|FIELD-COMP-ISSUE-WIDTH","draft","Supporting staged fact_id: FACT-M2NA-CDNA2-VECTOR-WIDTH"
"REQ-M2NA-AVAIL-0077","","COMP-M2NA-CDNA2-VECTOR","","","","","","FIELD-COMP-EXECUTION","value_available","At least one staged atomic fact supplies this subject-field pair.","completed","2026-08-12","M2NA|component|COMP-M2NA-CDNA2-VECTOR|FIELD-COMP-EXECUTION","draft","Supporting staged fact_id: FACT-M2NA-CDNA2-VECTOR-EXEC"
"REQ-M2NA-AVAIL-0078","","COMP-M2NA-CDNA2-MATRIX","","","","","","FIELD-COMP-EXECUTION","value_available","At least one staged atomic fact supplies this subject-field pair.","completed","2026-08-12","M2NA|component|COMP-M2NA-CDNA2-MATRIX|FIELD-COMP-EXECUTION","draft","Supporting staged fact_id: FACT-M2NA-CDNA2-MATRIX-EXEC"
"REQ-M2NA-AVAIL-0079","","","","","PPATH-M2NA-CDNA2-VECTOR-FP64","","","FIELD-COMP-THROUGHPUT","value_available","At least one staged atomic fact supplies this subject-field pair.","completed","2026-08-12","M2NA|precision_path|PPATH-M2NA-CDNA2-VECTOR-FP64|FIELD-COMP-THROUGHPUT","draft","Supporting staged fact_id: FACT-M2NA-CDNA2-VFP64-THR"
"REQ-M2NA-AVAIL-0080","","","","","PPATH-M2NA-CDNA2-VECTOR-PACKED-FP32","","","FIELD-COMP-THROUGHPUT","value_available","At least one staged atomic fact supplies this subject-field pair.","completed","2026-08-12","M2NA|precision_path|PPATH-M2NA-CDNA2-VECTOR-PACKED-FP32|FIELD-COMP-THROUGHPUT","draft","Supporting staged fact_id: FACT-M2NA-CDNA2-PFP32-THR"
"REQ-M2NA-AVAIL-0081","","","","","PPATH-M2NA-CDNA2-MFMA-FP64","","","FIELD-COMP-INSTRUCTION-TILE","value_available","At least one staged atomic fact supplies this subject-field pair.","completed","2026-08-12","M2NA|precision_path|PPATH-M2NA-CDNA2-MFMA-FP64|FIELD-COMP-INSTRUCTION-TILE","draft","Supporting staged fact_id: FACT-M2NA-CDNA2-FP64-TILE"
"REQ-M2NA-AVAIL-0082","","","","","PPATH-M2NA-CDNA2-MFMA-FP64","","","FIELD-NUM-OPERAND-A","value_available","At least one staged atomic fact supplies this subject-field pair.","completed","2026-08-12","M2NA|precision_path|PPATH-M2NA-CDNA2-MFMA-FP64|FIELD-NUM-OPERAND-A","draft","Supporting staged fact_id: FACT-M2NA-CDNA2-FP64-A"
"REQ-M2NA-AVAIL-0083","","","","","PPATH-M2NA-CDNA2-MFMA-FP16","","","FIELD-NUM-OPERAND-A","value_available","At least one staged atomic fact supplies this subject-field pair.","completed","2026-08-12","M2NA|precision_path|PPATH-M2NA-CDNA2-MFMA-FP16|FIELD-NUM-OPERAND-A","draft","Supporting staged fact_id: FACT-M2NA-CDNA2-FP16-A"
"REQ-M2NA-AVAIL-0084","","","","","PPATH-M2NA-CDNA2-MFMA-FP16","","","FIELD-NUM-ACCUMULATION","value_available","At least one staged atomic fact supplies this subject-field pair.","completed","2026-08-12","M2NA|precision_path|PPATH-M2NA-CDNA2-MFMA-FP16|FIELD-NUM-ACCUMULATION","draft","Supporting staged fact_id: FACT-M2NA-CDNA2-FP16-ACC"
"REQ-M2NA-AVAIL-0085","","","","","PPATH-M2NA-CDNA2-MFMA-BF16","","","FIELD-NUM-OPERAND-A","value_available","At least one staged atomic fact supplies this subject-field pair.","completed","2026-08-12","M2NA|precision_path|PPATH-M2NA-CDNA2-MFMA-BF16|FIELD-NUM-OPERAND-A","draft","Supporting staged fact_id: FACT-M2NA-CDNA2-BF16-A"
"REQ-M2NA-AVAIL-0086","","","","","PPATH-M2NA-CDNA2-MFMA-BF16","","","FIELD-NUM-ACCUMULATION","value_available","At least one staged atomic fact supplies this subject-field pair.","completed","2026-08-12","M2NA|precision_path|PPATH-M2NA-CDNA2-MFMA-BF16|FIELD-NUM-ACCUMULATION","draft","Supporting staged fact_id: FACT-M2NA-CDNA2-BF16-ACC"
"REQ-M2NA-AVAIL-0087","","COMP-M2NA-CDNA2-LDS","","","","","","FIELD-MEM-MANAGEMENT","value_available","At least one staged atomic fact supplies this subject-field pair.","completed","2026-08-12","M2NA|component|COMP-M2NA-CDNA2-LDS|FIELD-MEM-MANAGEMENT","draft","Supporting staged fact_id: FACT-M2NA-CDNA2-LDS-MGMT"
"REQ-M2NA-AVAIL-0088","","COMP-M2NA-CDNA2-LDS","","","","","","FIELD-MEM-DMA","value_available","At least one staged atomic fact supplies this subject-field pair.","completed","2026-08-12","M2NA|component|COMP-M2NA-CDNA2-LDS|FIELD-MEM-DMA","draft","Supporting staged fact_id: FACT-M2NA-CDNA2-LDS-DMA"
"REQ-M2NA-AVAIL-0089","","","LINK-M2NA-CDNA2-IF-PKG","","","","","FIELD-INT-PROTOCOL","value_available","At least one staged atomic fact supplies this subject-field pair.","completed","2026-08-12","M2NA|link|LINK-M2NA-CDNA2-IF-PKG|FIELD-INT-PROTOCOL","draft","Supporting staged fact_id: FACT-M2NA-CDNA2-IF-PROTOCOL"
"REQ-M2NA-AVAIL-0090","OBJ-AMD-CDNA2-ARCH","","","","","","","FIELD-SW-PROGRAMMING-MODEL","value_available","At least one staged atomic fact supplies this subject-field pair.","completed","2026-08-12","M2NA|object|OBJ-AMD-CDNA2-ARCH|FIELD-SW-PROGRAMMING-MODEL","draft","Supporting staged fact_id: FACT-M2NA-CDNA2-SW"
"REQ-M2NA-AVAIL-0091","","COMP-M2NA-CDNA3-CU","","","","","","FIELD-COMP-EXECUTION","value_available","At least one staged atomic fact supplies this subject-field pair.","completed","2026-08-12","M2NA|component|COMP-M2NA-CDNA3-CU|FIELD-COMP-EXECUTION","draft","Supporting staged fact_id: FACT-M2NA-CDNA3-CU-EXEC"
"REQ-M2NA-AVAIL-0092","","COMP-M2NA-CDNA3-MATRIX","","","","","","FIELD-COMP-EXECUTION","value_available","At least one staged atomic fact supplies this subject-field pair.","completed","2026-08-12","M2NA|component|COMP-M2NA-CDNA3-MATRIX|FIELD-COMP-EXECUTION","draft","Supporting staged fact_id: FACT-M2NA-CDNA3-MATRIX-EXEC"
"REQ-M2NA-AVAIL-0093","","COMP-M2NA-CDNA3-MATRIX","","","","","","FIELD-COMP-SHARED-RESOURCE","value_available","At least one staged atomic fact supplies this subject-field pair.","completed","2026-08-12","M2NA|component|COMP-M2NA-CDNA3-MATRIX|FIELD-COMP-SHARED-RESOURCE","draft","Supporting staged fact_id: FACT-M2NA-CDNA3-MATRIX-FORMATS"
"REQ-M2NA-AVAIL-0094","","","","","PPATH-M2NA-CDNA3-MFMA-FP8","","","FIELD-NUM-OPERAND-A","value_available","At least one staged atomic fact supplies this subject-field pair.","completed","2026-08-12","M2NA|precision_path|PPATH-M2NA-CDNA3-MFMA-FP8|FIELD-NUM-OPERAND-A","draft","Supporting staged fact_id: FACT-M2NA-CDNA3-FP8-A"
"REQ-M2NA-AVAIL-0095","","","","","PPATH-M2NA-CDNA3-MFMA-FP8","","","FIELD-NUM-ACCUMULATION","value_available","At least one staged atomic fact supplies this subject-field pair.","completed","2026-08-12","M2NA|precision_path|PPATH-M2NA-CDNA3-MFMA-FP8|FIELD-NUM-ACCUMULATION","draft","Supporting staged fact_id: FACT-M2NA-CDNA3-FP8-ACC"
"REQ-M2NA-AVAIL-0096","","","","","PPATH-M2NA-CDNA3-MFMA-FP16BF16","","","FIELD-NUM-OPERAND-A","value_available","At least one staged atomic fact supplies this subject-field pair.","completed","2026-08-12","M2NA|precision_path|PPATH-M2NA-CDNA3-MFMA-FP16BF16|FIELD-NUM-OPERAND-A","draft","Supporting staged fact_id: FACT-M2NA-CDNA3-FP16-A"
"REQ-M2NA-AVAIL-0097","","","","","PPATH-M2NA-CDNA3-MFMA-FP16BF16","","","FIELD-NUM-ACCUMULATION","value_available","At least one staged atomic fact supplies this subject-field pair.","completed","2026-08-12","M2NA|precision_path|PPATH-M2NA-CDNA3-MFMA-FP16BF16|FIELD-NUM-ACCUMULATION","draft","Supporting staged fact_id: FACT-M2NA-CDNA3-FP16-ACC"
"REQ-M2NA-AVAIL-0098","","","","","PPATH-M2NA-CDNA3-MFMA-INT8","","","FIELD-NUM-OPERAND-A","value_available","At least one staged atomic fact supplies this subject-field pair.","completed","2026-08-12","M2NA|precision_path|PPATH-M2NA-CDNA3-MFMA-INT8|FIELD-NUM-OPERAND-A","draft","Supporting staged fact_id: FACT-M2NA-CDNA3-INT8-A"
"REQ-M2NA-AVAIL-0099","","","","","PPATH-M2NA-CDNA3-MFMA-INT8","","","FIELD-NUM-ACCUMULATION","value_available","At least one staged atomic fact supplies this subject-field pair.","completed","2026-08-12","M2NA|precision_path|PPATH-M2NA-CDNA3-MFMA-INT8|FIELD-NUM-ACCUMULATION","draft","Supporting staged fact_id: FACT-M2NA-CDNA3-INT8-ACC"
"REQ-M2NA-AVAIL-0100","","","","","PPATH-M2NA-CDNA3-MFMA-HIGH","","","FIELD-NUM-OPERAND-A","value_available","At least one staged atomic fact supplies this subject-field pair.","completed","2026-08-12","M2NA|precision_path|PPATH-M2NA-CDNA3-MFMA-HIGH|FIELD-NUM-OPERAND-A","draft","Supporting staged fact_id: FACT-M2NA-CDNA3-HIGH-A"
"REQ-M2NA-AVAIL-0101","","","","","PPATH-M2NA-CDNA3-SMFMAC","","","FIELD-NUM-SPARSITY","value_available","At least one staged atomic fact supplies this subject-field pair.","completed","2026-08-12","M2NA|precision_path|PPATH-M2NA-CDNA3-SMFMAC|FIELD-NUM-SPARSITY","draft","Supporting staged fact_id: FACT-M2NA-CDNA3-SPARSE-MODE"
"REQ-M2NA-AVAIL-0102","","","","","","CAP-M2NA-CDNA3-SPARSE","","FIELD-CAP-IMPLEMENTATION-LEVEL","value_available","At least one staged atomic fact supplies this subject-field pair.","completed","2026-08-12","M2NA|capability|CAP-M2NA-CDNA3-SPARSE|FIELD-CAP-IMPLEMENTATION-LEVEL","draft","Supporting staged fact_id: FACT-M2NA-CDNA3-SPARSE-LEVEL"
"REQ-M2NA-AVAIL-0103","","","","","","CAP-M2NA-CDNA3-SPARSE","","FIELD-CAP-IMPLEMENTATION-DETAIL","value_available","At least one staged atomic fact supplies this subject-field pair.","completed","2026-08-12","M2NA|capability|CAP-M2NA-CDNA3-SPARSE|FIELD-CAP-IMPLEMENTATION-DETAIL","draft","Supporting staged fact_id: FACT-M2NA-CDNA3-SPARSE-DETAIL"
"REQ-M2NA-AVAIL-0104","","COMP-M2NA-CDNA3-LDS","","","","","","FIELD-MEM-CAPACITY","value_available","At least one staged atomic fact supplies this subject-field pair.","completed","2026-08-12","M2NA|component|COMP-M2NA-CDNA3-LDS|FIELD-MEM-CAPACITY","draft","Supporting staged fact_id: FACT-M2NA-CDNA3-LDS-CAP"
"REQ-M2NA-AVAIL-0105","","COMP-M2NA-CDNA3-LDS","","","","","","FIELD-MEM-MANAGEMENT","value_available","At least one staged atomic fact supplies this subject-field pair.","completed","2026-08-12","M2NA|component|COMP-M2NA-CDNA3-LDS|FIELD-MEM-MANAGEMENT","draft","Supporting staged fact_id: FACT-M2NA-CDNA3-LDS-MGMT"
"REQ-M2NA-AVAIL-0106","","COMP-M2NA-CDNA3-L1","","","","","","FIELD-MEM-CAPACITY","value_available","At least one staged atomic fact supplies this subject-field pair.","completed","2026-08-12","M2NA|component|COMP-M2NA-CDNA3-L1|FIELD-MEM-CAPACITY","draft","Supporting staged fact_id: FACT-M2NA-CDNA3-L1-CAP"
"REQ-M2NA-AVAIL-0107","","COMP-M2NA-CDNA3-L1","","","","","","FIELD-MEM-GRANULARITY","value_available","At least one staged atomic fact supplies this subject-field pair.","completed","2026-08-12","M2NA|component|COMP-M2NA-CDNA3-L1|FIELD-MEM-GRANULARITY","draft","Supporting staged fact_id: FACT-M2NA-CDNA3-L1-GRAN"
"REQ-M2NA-AVAIL-0108","","COMP-M2NA-CDNA3-L1","","","","","","FIELD-MEM-MANAGEMENT","value_available","At least one staged atomic fact supplies this subject-field pair.","completed","2026-08-12","M2NA|component|COMP-M2NA-CDNA3-L1|FIELD-MEM-MANAGEMENT","draft","Supporting staged fact_id: FACT-M2NA-CDNA3-L1-MGMT"
"REQ-M2NA-AVAIL-0109","","COMP-M2NA-CDNA3-L2","","","","","","FIELD-MEM-CAPACITY","value_available","At least one staged atomic fact supplies this subject-field pair.","completed","2026-08-12","M2NA|component|COMP-M2NA-CDNA3-L2|FIELD-MEM-CAPACITY","draft","Supporting staged fact_id: FACT-M2NA-CDNA3-L2-CAP"
"REQ-M2NA-AVAIL-0110","","COMP-M2NA-CDNA3-L2","","","","","","FIELD-MEM-READ-TRANSFER-PER-CYCLE","value_available","At least one staged atomic fact supplies this subject-field pair.","completed","2026-08-12","M2NA|component|COMP-M2NA-CDNA3-L2|FIELD-MEM-READ-TRANSFER-PER-CYCLE","draft","Supporting staged fact_id: FACT-M2NA-CDNA3-L2-READ. The fact uses canonical byte/cycle; COND-M2NA-CDNA3-L2-XCD retains the per-XCD scope."
"REQ-M2NA-AVAIL-0111","","COMP-M2NA-CDNA3-L2","","","","","","FIELD-MEM-MANAGEMENT","value_available","At least one staged atomic fact supplies this subject-field pair.","completed","2026-08-12","M2NA|component|COMP-M2NA-CDNA3-L2|FIELD-MEM-MANAGEMENT","draft","Supporting staged fact_id: FACT-M2NA-CDNA3-L2-MGMT"
"REQ-M2NA-AVAIL-0112","","COMP-M2NA-CDNA3-ICACHE","","","","","","FIELD-MEM-MANAGEMENT","value_available","At least one staged atomic fact supplies this subject-field pair.","completed","2026-08-12","M2NA|component|COMP-M2NA-CDNA3-ICACHE|FIELD-MEM-MANAGEMENT","draft","Supporting staged fact_id: FACT-M2NA-CDNA3-ICACHE-MGMT"
"REQ-M2NA-AVAIL-0113","","COMP-M2NA-CDNA3-ICACHE","","","","","","FIELD-MEM-CONSISTENCY","value_available","At least one staged atomic fact supplies this subject-field pair.","completed","2026-08-12","M2NA|component|COMP-M2NA-CDNA3-ICACHE|FIELD-MEM-CONSISTENCY","draft","Supporting staged fact_id: FACT-M2NA-CDNA3-ICACHE-CONSISTENCY"
"REQ-M2NA-AVAIL-0114","","","LINK-M2NA-CDNA3-IF-PKG","","","","","FIELD-INT-PROTOCOL","value_available","At least one staged atomic fact supplies this subject-field pair.","completed","2026-08-12","M2NA|link|LINK-M2NA-CDNA3-IF-PKG|FIELD-INT-PROTOCOL","draft","Supporting staged fact_id: FACT-M2NA-CDNA3-IF-PROTOCOL"
"REQ-M2NA-AVAIL-0115","OBJ-AMD-CDNA3-ARCH","","","","","","","FIELD-SW-PROGRAMMING-MODEL","value_available","At least one staged atomic fact supplies this subject-field pair.","completed","2026-08-12","M2NA|object|OBJ-AMD-CDNA3-ARCH|FIELD-SW-PROGRAMMING-MODEL","draft","Supporting staged fact_id: FACT-M2NA-CDNA3-SW"
"REQ-M2NA-AVAIL-0116","","COMP-M2NA-CDNA4-CU","","","","","","FIELD-COMP-EXECUTION","value_available","At least one staged atomic fact supplies this subject-field pair.","completed","2026-08-12","M2NA|component|COMP-M2NA-CDNA4-CU|FIELD-COMP-EXECUTION","draft","Supporting staged fact_id: FACT-M2NA-CDNA4-CU-EXEC"
"REQ-M2NA-AVAIL-0117","","COMP-M2NA-CDNA4-MATRIX","","","","","","FIELD-COMP-EXECUTION","value_available","At least one staged atomic fact supplies this subject-field pair.","completed","2026-08-12","M2NA|component|COMP-M2NA-CDNA4-MATRIX|FIELD-COMP-EXECUTION","draft","Supporting staged fact_id: FACT-M2NA-CDNA4-MATRIX-EXEC"
"REQ-M2NA-AVAIL-0118","","","","","PPATH-M2NA-CDNA4-MX","","","FIELD-NUM-OPERAND-A","value_available","At least one staged atomic fact supplies this subject-field pair.","completed","2026-08-12","M2NA|precision_path|PPATH-M2NA-CDNA4-MX|FIELD-NUM-OPERAND-A","draft","Supporting staged fact_id: FACT-M2NA-CDNA4-MX-A"
"REQ-M2NA-AVAIL-0119","","","","","PPATH-M2NA-CDNA4-MX","","","FIELD-NUM-SCALING-MODE","value_available","At least one staged atomic fact supplies this subject-field pair.","completed","2026-08-12","M2NA|precision_path|PPATH-M2NA-CDNA4-MX|FIELD-NUM-SCALING-MODE","draft","Supporting staged fact_id: FACT-M2NA-CDNA4-MX-SCALE"
"REQ-M2NA-AVAIL-0120","","","","","PPATH-M2NA-CDNA4-MX","","","FIELD-NUM-SCALING-GRANULARITY","value_available","At least one staged atomic fact supplies this subject-field pair.","completed","2026-08-12","M2NA|precision_path|PPATH-M2NA-CDNA4-MX|FIELD-NUM-SCALING-GRANULARITY","draft","Supporting staged fact_id: FACT-M2NA-CDNA4-MX-GRAN"
"REQ-M2NA-AVAIL-0121","","","","","PPATH-M2NA-CDNA4-MFMA-FP8","","","FIELD-NUM-OPERAND-A","value_available","At least one staged atomic fact supplies this subject-field pair.","completed","2026-08-12","M2NA|precision_path|PPATH-M2NA-CDNA4-MFMA-FP8|FIELD-NUM-OPERAND-A","draft","Supporting staged fact_id: FACT-M2NA-CDNA4-FP8-A"
"REQ-M2NA-AVAIL-0122","","","","","PPATH-M2NA-CDNA4-MFMA-FP8","","","FIELD-NUM-ACCUMULATION","value_available","At least one staged atomic fact supplies this subject-field pair.","completed","2026-08-12","M2NA|precision_path|PPATH-M2NA-CDNA4-MFMA-FP8|FIELD-NUM-ACCUMULATION","draft","Supporting staged fact_id: FACT-M2NA-CDNA4-FP8-ACC"
"REQ-M2NA-AVAIL-0123","","","","","PPATH-M2NA-CDNA4-MFMA-FP16BF16","","","FIELD-NUM-OPERAND-A","value_available","At least one staged atomic fact supplies this subject-field pair.","completed","2026-08-12","M2NA|precision_path|PPATH-M2NA-CDNA4-MFMA-FP16BF16|FIELD-NUM-OPERAND-A","draft","Supporting staged fact_id: FACT-M2NA-CDNA4-FP16-A"
"REQ-M2NA-AVAIL-0124","","","","","PPATH-M2NA-CDNA4-MFMA-FP16BF16","","","FIELD-NUM-ACCUMULATION","value_available","At least one staged atomic fact supplies this subject-field pair.","completed","2026-08-12","M2NA|precision_path|PPATH-M2NA-CDNA4-MFMA-FP16BF16|FIELD-NUM-ACCUMULATION","draft","Supporting staged fact_id: FACT-M2NA-CDNA4-FP16-ACC"
"REQ-M2NA-AVAIL-0125","","","","","PPATH-M2NA-CDNA4-MFMA-INT8","","","FIELD-NUM-OPERAND-A","value_available","At least one staged atomic fact supplies this subject-field pair.","completed","2026-08-12","M2NA|precision_path|PPATH-M2NA-CDNA4-MFMA-INT8|FIELD-NUM-OPERAND-A","draft","Supporting staged fact_id: FACT-M2NA-CDNA4-INT8-A"
"REQ-M2NA-AVAIL-0126","","","","","PPATH-M2NA-CDNA4-MFMA-INT8","","","FIELD-NUM-ACCUMULATION","value_available","At least one staged atomic fact supplies this subject-field pair.","completed","2026-08-12","M2NA|precision_path|PPATH-M2NA-CDNA4-MFMA-INT8|FIELD-NUM-ACCUMULATION","draft","Supporting staged fact_id: FACT-M2NA-CDNA4-INT8-ACC"
"REQ-M2NA-AVAIL-0127","","","","","PPATH-M2NA-CDNA4-TF32-EMU","","","FIELD-NUM-CONVERSION","value_available","At least one staged atomic fact supplies this subject-field pair.","completed","2026-08-12","M2NA|precision_path|PPATH-M2NA-CDNA4-TF32-EMU|FIELD-NUM-CONVERSION","draft","Supporting staged fact_id: FACT-M2NA-CDNA4-TF32-CONV"
"REQ-M2NA-AVAIL-0128","","","","","PPATH-M2NA-CDNA4-MFMA-FP16BF16","","","FIELD-COMP-THROUGHPUT","value_available","At least one staged atomic fact supplies this subject-field pair.","completed","2026-08-12","M2NA|precision_path|PPATH-M2NA-CDNA4-MFMA-FP16BF16|FIELD-COMP-THROUGHPUT","draft","Supporting staged fact_id: FACT-M2NA-CDNA4-MFP16-THR"
"REQ-M2NA-AVAIL-0129","","","","","PPATH-M2NA-CDNA4-MFMA-FP32","","","FIELD-COMP-THROUGHPUT","value_available","At least one staged atomic fact supplies this subject-field pair.","completed","2026-08-12","M2NA|precision_path|PPATH-M2NA-CDNA4-MFMA-FP32|FIELD-COMP-THROUGHPUT","draft","Supporting staged fact_id: FACT-M2NA-CDNA4-MFP32-THR"
"REQ-M2NA-AVAIL-0130","","","","","PPATH-M2NA-CDNA4-MFMA-FP64","","","FIELD-COMP-THROUGHPUT","value_available","At least one staged atomic fact supplies this subject-field pair.","completed","2026-08-12","M2NA|precision_path|PPATH-M2NA-CDNA4-MFMA-FP64|FIELD-COMP-THROUGHPUT","draft","Supporting staged fact_id: FACT-M2NA-CDNA4-MFP64-THR"
"REQ-M2NA-AVAIL-0131","","","","","PPATH-M2NA-CDNA4-VECTOR-FP16","","","FIELD-COMP-THROUGHPUT","value_available","At least one staged atomic fact supplies this subject-field pair.","completed","2026-08-12","M2NA|precision_path|PPATH-M2NA-CDNA4-VECTOR-FP16|FIELD-COMP-THROUGHPUT","draft","Supporting staged fact_id: FACT-M2NA-CDNA4-VFP16-THR"
"REQ-M2NA-AVAIL-0132","","","","","PPATH-M2NA-CDNA4-VECTOR-FP32","","","FIELD-COMP-THROUGHPUT","value_available","At least one staged atomic fact supplies this subject-field pair.","completed","2026-08-12","M2NA|precision_path|PPATH-M2NA-CDNA4-VECTOR-FP32|FIELD-COMP-THROUGHPUT","draft","Supporting staged fact_id: FACT-M2NA-CDNA4-VFP32-THR"
"REQ-M2NA-AVAIL-0133","","","","","PPATH-M2NA-CDNA4-VECTOR-FP64","","","FIELD-COMP-THROUGHPUT","value_available","At least one staged atomic fact supplies this subject-field pair.","completed","2026-08-12","M2NA|precision_path|PPATH-M2NA-CDNA4-VECTOR-FP64|FIELD-COMP-THROUGHPUT","draft","Supporting staged fact_id: FACT-M2NA-CDNA4-VFP64-THR"
"REQ-M2NA-AVAIL-0134","","COMP-M2NA-CDNA4-TRANS","","","","","","FIELD-COMP-EXECUTION","value_available","At least one staged atomic fact supplies this subject-field pair.","completed","2026-08-12","M2NA|component|COMP-M2NA-CDNA4-TRANS|FIELD-COMP-EXECUTION","draft","Supporting staged fact_id: FACT-M2NA-CDNA4-TRANS-EXEC"
"REQ-M2NA-AVAIL-0135","","COMP-M2NA-CDNA4-CONVERT","","","","","","FIELD-COMP-EXECUTION","value_available","At least one staged atomic fact supplies this subject-field pair.","completed","2026-08-12","M2NA|component|COMP-M2NA-CDNA4-CONVERT|FIELD-COMP-EXECUTION","draft","Supporting staged fact_id: FACT-M2NA-CDNA4-CONVERT-EXEC"
"REQ-M2NA-AVAIL-0136","","COMP-M2NA-CDNA4-LDS","","","","","","FIELD-MEM-CAPACITY","value_available","At least one staged atomic fact supplies this subject-field pair.","completed","2026-08-12","M2NA|component|COMP-M2NA-CDNA4-LDS|FIELD-MEM-CAPACITY","draft","Supporting staged fact_id: FACT-M2NA-CDNA4-LDS-CAP"
"REQ-M2NA-AVAIL-0137","","COMP-M2NA-CDNA4-LDS","","","","","","FIELD-MEM-READ-TRANSFER-PER-CYCLE","value_available","At least one staged atomic fact supplies this subject-field pair.","completed","2026-08-12","M2NA|component|COMP-M2NA-CDNA4-LDS|FIELD-MEM-READ-TRANSFER-PER-CYCLE","draft","Supporting staged fact_id: FACT-M2NA-CDNA4-LDS-READ. The fact uses canonical byte/cycle; COND-M2NA-CDNA4-LDS-READ retains the per-CU scope."
"REQ-M2NA-AVAIL-0138","","COMP-M2NA-CDNA4-LDS","","","","","","FIELD-MEM-MANAGEMENT","value_available","At least one staged atomic fact supplies this subject-field pair.","completed","2026-08-12","M2NA|component|COMP-M2NA-CDNA4-LDS|FIELD-MEM-MANAGEMENT","draft","Supporting staged fact_id: FACT-M2NA-CDNA4-LDS-MGMT"
"REQ-M2NA-AVAIL-0139","","COMP-M2NA-CDNA4-LDS","","","","","","FIELD-MEM-DMA","value_available","At least one staged atomic fact supplies this subject-field pair.","completed","2026-08-12","M2NA|component|COMP-M2NA-CDNA4-LDS|FIELD-MEM-DMA","draft","Supporting staged fact_id: FACT-M2NA-CDNA4-LDS-DMA"
"REQ-M2NA-AVAIL-0140","","COMP-M2NA-CDNA4-L1","","","","","","FIELD-MEM-CAPACITY","value_available","At least one staged atomic fact supplies this subject-field pair.","completed","2026-08-12","M2NA|component|COMP-M2NA-CDNA4-L1|FIELD-MEM-CAPACITY","draft","Supporting staged fact_id: FACT-M2NA-CDNA4-L1-CAP"
"REQ-M2NA-AVAIL-0141","","COMP-M2NA-CDNA4-L1","","","","","","FIELD-MEM-GRANULARITY","value_available","At least one staged atomic fact supplies this subject-field pair.","completed","2026-08-12","M2NA|component|COMP-M2NA-CDNA4-L1|FIELD-MEM-GRANULARITY","draft","Supporting staged fact_id: FACT-M2NA-CDNA4-L1-GRAN"
"REQ-M2NA-AVAIL-0142","","COMP-M2NA-CDNA4-L1","","","","","","FIELD-MEM-MANAGEMENT","value_available","At least one staged atomic fact supplies this subject-field pair.","completed","2026-08-12","M2NA|component|COMP-M2NA-CDNA4-L1|FIELD-MEM-MANAGEMENT","draft","Supporting staged fact_id: FACT-M2NA-CDNA4-L1-MGMT"
"REQ-M2NA-AVAIL-0143","","COMP-M2NA-CDNA4-L2","","","","","","FIELD-MEM-CAPACITY","value_available","At least one staged atomic fact supplies this subject-field pair.","completed","2026-08-12","M2NA|component|COMP-M2NA-CDNA4-L2|FIELD-MEM-CAPACITY","draft","Supporting staged fact_id: FACT-M2NA-CDNA4-L2-CAP"
"REQ-M2NA-AVAIL-0144","","COMP-M2NA-CDNA4-L2","","","","","","FIELD-MEM-BANKS","not_found","The whitepaper states 16 parallel L2 channels and 16-way associativity; neither term is an L2 bank count.","completed","2026-08-12","M2NA|component|COMP-M2NA-CDNA4-L2|FIELD-MEM-BANKS","needs_resolution","Removed FACT-M2NA-CDNA4-L2-BANKS because it misclassified channel count as bank count; see SEARCH-M2NA-0128."
"REQ-M2NA-AVAIL-0145","","COMP-M2NA-CDNA4-L2","","","","","","FIELD-MEM-READ-TRANSFER-PER-CYCLE","value_available","At least one staged atomic fact supplies this subject-field pair.","completed","2026-08-12","M2NA|component|COMP-M2NA-CDNA4-L2|FIELD-MEM-READ-TRANSFER-PER-CYCLE","draft","Supporting staged fact_id: FACT-M2NA-CDNA4-L2-READ. The fact uses canonical byte/cycle; COND-M2NA-CDNA4-L2-READ retains the per-channel scope."
"REQ-M2NA-AVAIL-0146","","COMP-M2NA-CDNA4-L2","","","","","","FIELD-MEM-WRITE-TRANSFER-PER-CYCLE","value_available","At least one staged atomic fact supplies this subject-field pair.","completed","2026-08-12","M2NA|component|COMP-M2NA-CDNA4-L2|FIELD-MEM-WRITE-TRANSFER-PER-CYCLE","draft","Supporting staged fact_id: FACT-M2NA-CDNA4-L2-WRITE. The fact uses canonical byte/cycle; COND-M2NA-CDNA4-L2-WRITE retains the per-channel scope."
"REQ-M2NA-AVAIL-0147","","COMP-M2NA-CDNA4-L2","","","","","","FIELD-MEM-CONSISTENCY","value_available","At least one staged atomic fact supplies this subject-field pair.","completed","2026-08-12","M2NA|component|COMP-M2NA-CDNA4-L2|FIELD-MEM-CONSISTENCY","draft","Supporting staged fact_id: FACT-M2NA-CDNA4-L2-CONSISTENCY"
"REQ-M2NA-AVAIL-0148","","","","","","CAP-M2NA-CDNA4-SPARSE","","FIELD-CAP-IMPLEMENTATION-LEVEL","value_available","At least one staged atomic fact supplies this subject-field pair.","completed","2026-08-12","M2NA|capability|CAP-M2NA-CDNA4-SPARSE|FIELD-CAP-IMPLEMENTATION-LEVEL","draft","Supporting staged fact_id: FACT-M2NA-CDNA4-SPARSE-LEVEL"
"REQ-M2NA-AVAIL-0149","","","","","","CAP-M2NA-CDNA4-SOFTMAX","","FIELD-CAP-IMPLEMENTATION-LEVEL","value_available","At least one staged atomic fact supplies this subject-field pair.","completed","2026-08-12","M2NA|capability|CAP-M2NA-CDNA4-SOFTMAX|FIELD-CAP-IMPLEMENTATION-LEVEL","draft","Supporting staged fact_id: FACT-M2NA-CDNA4-SOFTMAX-LEVEL"
"REQ-M2NA-AVAIL-0150","","","","","","CAP-M2NA-CDNA4-SOFTMAX","","FIELD-CAP-IMPLEMENTATION-DETAIL","value_available","At least one staged atomic fact supplies this subject-field pair.","completed","2026-08-12","M2NA|capability|CAP-M2NA-CDNA4-SOFTMAX|FIELD-CAP-IMPLEMENTATION-DETAIL","draft","Supporting staged fact_id: FACT-M2NA-CDNA4-SOFTMAX-DETAIL"
"REQ-M2NA-AVAIL-0151","","","","","","CAP-M2NA-CDNA4-CONVERT","","FIELD-CAP-IMPLEMENTATION-LEVEL","value_available","At least one staged atomic fact supplies this subject-field pair.","completed","2026-08-12","M2NA|capability|CAP-M2NA-CDNA4-CONVERT|FIELD-CAP-IMPLEMENTATION-LEVEL","draft","Supporting staged fact_id: FACT-M2NA-CDNA4-CONVERT-LEVEL"
"REQ-M2NA-AVAIL-0152","","","LINK-M2NA-CDNA4-IF-PKG","","","","","FIELD-INT-PROTOCOL","value_available","At least one staged atomic fact supplies this subject-field pair.","completed","2026-08-12","M2NA|link|LINK-M2NA-CDNA4-IF-PKG|FIELD-INT-PROTOCOL","draft","Supporting staged fact_id: FACT-M2NA-CDNA4-IF-PROTOCOL"
"REQ-M2NA-AVAIL-0153","OBJ-AMD-CDNA4-ARCH","","","","","","","FIELD-SW-PROGRAMMING-MODEL","value_available","At least one staged atomic fact supplies this subject-field pair.","completed","2026-08-12","M2NA|object|OBJ-AMD-CDNA4-ARCH|FIELD-SW-PROGRAMMING-MODEL","draft","Supporting staged fact_id: FACT-M2NA-CDNA4-SW"
"REQ-M2NA-AVAIL-0154","","COMP-M2NA-CDNA5-WGP","","","","","","FIELD-COMP-EXECUTION","value_available","At least one staged atomic fact supplies this subject-field pair.","completed","2026-08-12","M2NA|component|COMP-M2NA-CDNA5-WGP|FIELD-COMP-EXECUTION","draft","Supporting staged fact_id: FACT-M2NA-CDNA5-WGP-EXEC"
"REQ-M2NA-AVAIL-0155","","COMP-M2NA-CDNA5-VECTOR","","","","","","FIELD-COMP-UNIT-COUNT","value_available","At least one staged atomic fact supplies this subject-field pair.","completed","2026-08-12","M2NA|component|COMP-M2NA-CDNA5-VECTOR|FIELD-COMP-UNIT-COUNT","draft","Supporting staged fact_id: FACT-M2NA-CDNA5-VECTOR-COUNT"
"REQ-M2NA-AVAIL-0156","","COMP-M2NA-CDNA5-VECTOR","","","","","","FIELD-COMP-ISSUE-WIDTH","value_available","At least one staged atomic fact supplies this subject-field pair.","completed","2026-08-12","M2NA|component|COMP-M2NA-CDNA5-VECTOR|FIELD-COMP-ISSUE-WIDTH","draft","Supporting staged fact_id: FACT-M2NA-CDNA5-VECTOR-WIDTH"
"REQ-M2NA-AVAIL-0157","","COMP-M2NA-CDNA5-SCALAR","","","","","","FIELD-COMP-UNIT-COUNT","value_available","At least one staged atomic fact supplies this subject-field pair.","completed","2026-08-12","M2NA|component|COMP-M2NA-CDNA5-SCALAR|FIELD-COMP-UNIT-COUNT","draft","Supporting staged fact_id: FACT-M2NA-CDNA5-SCALAR-COUNT"
"REQ-M2NA-AVAIL-0158","","COMP-M2NA-CDNA5-MATRIX","","","","","","FIELD-COMP-EXECUTION","value_available","At least one staged atomic fact supplies this subject-field pair.","completed","2026-08-12","M2NA|component|COMP-M2NA-CDNA5-MATRIX|FIELD-COMP-EXECUTION","draft","Supporting staged fact_id: FACT-M2NA-CDNA5-MATRIX-EXEC"
"REQ-M2NA-AVAIL-0159","","","","","PPATH-M2NA-CDNA5-WMMA-FP4","","","FIELD-NUM-OPERAND-A","value_available","At least one staged atomic fact supplies this subject-field pair.","completed","2026-08-12","M2NA|precision_path|PPATH-M2NA-CDNA5-WMMA-FP4|FIELD-NUM-OPERAND-A","draft","Supporting staged fact_id: FACT-M2NA-CDNA5-FP4-A"
"REQ-M2NA-AVAIL-0160","","","","","PPATH-M2NA-CDNA5-WMMA-FP4","","","FIELD-NUM-ACCUMULATION","value_available","At least one staged atomic fact supplies this subject-field pair.","completed","2026-08-12","M2NA|precision_path|PPATH-M2NA-CDNA5-WMMA-FP4|FIELD-NUM-ACCUMULATION","draft","Supporting staged fact_id: FACT-M2NA-CDNA5-FP4-ACC"
"REQ-M2NA-AVAIL-0161","","","","","PPATH-M2NA-CDNA5-WMMA-FP4","","","FIELD-NUM-SCALING-MODE","value_available","At least one staged atomic fact supplies this subject-field pair.","completed","2026-08-12","M2NA|precision_path|PPATH-M2NA-CDNA5-WMMA-FP4|FIELD-NUM-SCALING-MODE","draft","Supporting staged fact_id: FACT-M2NA-CDNA5-FP4-SCALE"
"REQ-M2NA-AVAIL-0162","","","","","PPATH-M2NA-CDNA5-WMMA-FP4","","","FIELD-NUM-SCALING-GRANULARITY","value_available","At least one staged atomic fact supplies this subject-field pair.","completed","2026-08-12","M2NA|precision_path|PPATH-M2NA-CDNA5-WMMA-FP4|FIELD-NUM-SCALING-GRANULARITY","draft","Supporting staged fact_id: FACT-M2NA-CDNA5-FP4-GRAN"
"REQ-M2NA-AVAIL-0163","","","","","PPATH-M2NA-CDNA5-WMMA-FP4","","","FIELD-NUM-ROUNDING","value_available","At least one staged atomic fact supplies this subject-field pair.","completed","2026-08-12","M2NA|precision_path|PPATH-M2NA-CDNA5-WMMA-FP4|FIELD-NUM-ROUNDING","draft","Supporting staged fact_id: FACT-M2NA-CDNA5-FP4-ROUND"
"REQ-M2NA-AVAIL-0164","","","","","PPATH-M2NA-CDNA5-WMMA-FP8-F32","","","FIELD-NUM-OPERAND-A","value_available","At least one staged atomic fact supplies this subject-field pair.","completed","2026-08-12","M2NA|precision_path|PPATH-M2NA-CDNA5-WMMA-FP8-F32|FIELD-NUM-OPERAND-A","draft","Supporting staged fact_id: FACT-M2NA-CDNA5-FP8-A"
"REQ-M2NA-AVAIL-0165","","","","","PPATH-M2NA-CDNA5-WMMA-FP8-F32","","","FIELD-NUM-ACCUMULATION","value_available","At least one staged atomic fact supplies this subject-field pair.","completed","2026-08-12","M2NA|precision_path|PPATH-M2NA-CDNA5-WMMA-FP8-F32|FIELD-NUM-ACCUMULATION","draft","Supporting staged fact_id: FACT-M2NA-CDNA5-FP8-ACC32"
"REQ-M2NA-AVAIL-0166","","","","","PPATH-M2NA-CDNA5-WMMA-FP8-F16","","","FIELD-NUM-ACCUMULATION","value_available","At least one staged atomic fact supplies this subject-field pair.","completed","2026-08-12","M2NA|precision_path|PPATH-M2NA-CDNA5-WMMA-FP8-F16|FIELD-NUM-ACCUMULATION","draft","Supporting staged fact_id: FACT-M2NA-CDNA5-FP8-ACC16"
"REQ-M2NA-AVAIL-0167","","","","","PPATH-M2NA-CDNA5-WMMA-INT8","","","FIELD-NUM-OPERAND-A","value_available","At least one staged atomic fact supplies this subject-field pair.","completed","2026-08-12","M2NA|precision_path|PPATH-M2NA-CDNA5-WMMA-INT8|FIELD-NUM-OPERAND-A","draft","Supporting staged fact_id: FACT-M2NA-CDNA5-INT8-A"
"REQ-M2NA-AVAIL-0168","","","","","PPATH-M2NA-CDNA5-WMMA-INT8","","","FIELD-NUM-ACCUMULATION","value_available","At least one staged atomic fact supplies this subject-field pair.","completed","2026-08-12","M2NA|precision_path|PPATH-M2NA-CDNA5-WMMA-INT8|FIELD-NUM-ACCUMULATION","draft","Supporting staged fact_id: FACT-M2NA-CDNA5-INT8-ACC"
"REQ-M2NA-AVAIL-0169","","","","","PPATH-M2NA-CDNA5-SWMMAC","","","FIELD-NUM-SPARSITY","value_available","At least one staged atomic fact supplies this subject-field pair.","completed","2026-08-12","M2NA|precision_path|PPATH-M2NA-CDNA5-SWMMAC|FIELD-NUM-SPARSITY","draft","Supporting staged fact_id: FACT-M2NA-CDNA5-SPARSE-MODE"
"REQ-M2NA-AVAIL-0170","","","","","","CAP-M2NA-CDNA5-SPARSE","","FIELD-CAP-IMPLEMENTATION-LEVEL","value_available","At least one staged atomic fact supplies this subject-field pair.","completed","2026-08-12","M2NA|capability|CAP-M2NA-CDNA5-SPARSE|FIELD-CAP-IMPLEMENTATION-LEVEL","draft","Supporting staged fact_id: FACT-M2NA-CDNA5-SPARSE-LEVEL"
"REQ-M2NA-AVAIL-0171","","","","","","CAP-M2NA-CDNA5-SPARSE","","FIELD-CAP-IMPLEMENTATION-DETAIL","value_available","At least one staged atomic fact supplies this subject-field pair.","completed","2026-08-12","M2NA|capability|CAP-M2NA-CDNA5-SPARSE|FIELD-CAP-IMPLEMENTATION-DETAIL","draft","Supporting staged fact_id: FACT-M2NA-CDNA5-SPARSE-DETAIL"
"REQ-M2NA-AVAIL-0172","","","","","PPATH-M2NA-CDNA5-VECTOR-BF16","","","FIELD-NUM-OPERAND-A","value_available","At least one staged atomic fact supplies this subject-field pair.","completed","2026-08-12","M2NA|precision_path|PPATH-M2NA-CDNA5-VECTOR-BF16|FIELD-NUM-OPERAND-A","draft","Supporting staged fact_id: FACT-M2NA-CDNA5-VBF16-A"
"REQ-M2NA-AVAIL-0173","","COMP-M2NA-CDNA5-TRANS","","","","","","FIELD-COMP-EXECUTION","value_available","At least one staged atomic fact supplies this subject-field pair.","completed","2026-08-12","M2NA|component|COMP-M2NA-CDNA5-TRANS|FIELD-COMP-EXECUTION","draft","Supporting staged fact_id: FACT-M2NA-CDNA5-TRANS-EXEC"
"REQ-M2NA-AVAIL-0174","","COMP-M2NA-CDNA5-TDM","","","","","","FIELD-COMP-EXECUTION","value_available","At least one staged atomic fact supplies this subject-field pair.","completed","2026-08-12","M2NA|component|COMP-M2NA-CDNA5-TDM|FIELD-COMP-EXECUTION","draft","Supporting staged fact_id: FACT-M2NA-CDNA5-TDM-EXEC"
"REQ-M2NA-AVAIL-0175","","COMP-M2NA-CDNA5-TDM","","","","","","FIELD-MEM-DMA","value_available","At least one staged atomic fact supplies this subject-field pair.","completed","2026-08-12","M2NA|component|COMP-M2NA-CDNA5-TDM|FIELD-MEM-DMA","draft","Supporting staged fact_id: FACT-M2NA-CDNA5-TDM-DMA"
"REQ-M2NA-AVAIL-0176","","COMP-M2NA-CDNA5-LDS","","","","","","FIELD-MEM-CAPACITY","value_available","At least one staged atomic fact supplies this subject-field pair.","completed","2026-08-12","M2NA|component|COMP-M2NA-CDNA5-LDS|FIELD-MEM-CAPACITY","draft","Supporting staged fact_id: FACT-M2NA-CDNA5-LDS-CAP"
"REQ-M2NA-AVAIL-0177","","COMP-M2NA-CDNA5-LDS","","","","","","FIELD-MEM-MANAGEMENT","value_available","At least one staged atomic fact supplies this subject-field pair.","completed","2026-08-12","M2NA|component|COMP-M2NA-CDNA5-LDS|FIELD-MEM-MANAGEMENT","draft","Supporting staged fact_id: FACT-M2NA-CDNA5-LDS-MGMT"
"REQ-M2NA-AVAIL-0178","","COMP-M2NA-CDNA5-VCACHE","","","","","","FIELD-MEM-CAPACITY","value_available","At least one staged atomic fact supplies this subject-field pair.","completed","2026-08-12","M2NA|component|COMP-M2NA-CDNA5-VCACHE|FIELD-MEM-CAPACITY","draft","Supporting staged fact_id: FACT-M2NA-CDNA5-VCACHE-CAP"
"REQ-M2NA-AVAIL-0179","","COMP-M2NA-CDNA5-VCACHE","","","","","","FIELD-MEM-MANAGEMENT","value_available","At least one staged atomic fact supplies this subject-field pair.","completed","2026-08-12","M2NA|component|COMP-M2NA-CDNA5-VCACHE|FIELD-MEM-MANAGEMENT","draft","Supporting staged fact_id: FACT-M2NA-CDNA5-VCACHE-MGMT"
"REQ-M2NA-AVAIL-0180","","COMP-M2NA-CDNA5-CCACHE","","","","","","FIELD-MEM-CAPACITY","value_available","At least one staged atomic fact supplies this subject-field pair.","completed","2026-08-12","M2NA|component|COMP-M2NA-CDNA5-CCACHE|FIELD-MEM-CAPACITY","draft","Supporting staged fact_id: FACT-M2NA-CDNA5-CCACHE-CAP"
"REQ-M2NA-AVAIL-0181","","COMP-M2NA-CDNA5-ICACHE","","","","","","FIELD-MEM-CAPACITY","value_available","At least one staged atomic fact supplies this subject-field pair.","completed","2026-08-12","M2NA|component|COMP-M2NA-CDNA5-ICACHE|FIELD-MEM-CAPACITY","draft","Supporting staged fact_id: FACT-M2NA-CDNA5-ICACHE-CAP"
"REQ-M2NA-AVAIL-0182","","","","","","CAP-M2NA-CDNA5-SOFTMAX","","FIELD-CAP-IMPLEMENTATION-LEVEL","value_available","At least one staged atomic fact supplies this subject-field pair.","completed","2026-08-12","M2NA|capability|CAP-M2NA-CDNA5-SOFTMAX|FIELD-CAP-IMPLEMENTATION-LEVEL","draft","Supporting staged fact_id: FACT-M2NA-CDNA5-SOFTMAX-LEVEL"
"REQ-M2NA-AVAIL-0183","","","","","","CAP-M2NA-CDNA5-TDM","","FIELD-CAP-IMPLEMENTATION-LEVEL","value_available","At least one staged atomic fact supplies this subject-field pair.","completed","2026-08-12","M2NA|capability|CAP-M2NA-CDNA5-TDM|FIELD-CAP-IMPLEMENTATION-LEVEL","draft","Supporting staged fact_id: FACT-M2NA-CDNA5-TDM-LEVEL"
"REQ-M2NA-AVAIL-0184","","","","","","CAP-M2NA-CDNA5-TDM","","FIELD-CAP-IMPLEMENTATION-DETAIL","value_available","At least one staged atomic fact supplies this subject-field pair.","completed","2026-08-12","M2NA|capability|CAP-M2NA-CDNA5-TDM|FIELD-CAP-IMPLEMENTATION-DETAIL","draft","Supporting staged fact_id: FACT-M2NA-CDNA5-TDM-DETAIL"
"REQ-M2NA-AVAIL-0185","","","LINK-M2NA-CDNA5-IF-PKG","","","","","FIELD-INT-PROTOCOL","value_available","At least one staged atomic fact supplies this subject-field pair.","completed","2026-08-12","M2NA|link|LINK-M2NA-CDNA5-IF-PKG|FIELD-INT-PROTOCOL","draft","Supporting staged fact_id: FACT-M2NA-CDNA5-IF-PROTOCOL"
"REQ-M2NA-AVAIL-0186","OBJ-AMD-CDNA5-ARCH","","","","","","","FIELD-SW-PROGRAMMING-MODEL","value_available","At least one staged atomic fact supplies this subject-field pair.","completed","2026-08-12","M2NA|object|OBJ-AMD-CDNA5-ARCH|FIELD-SW-PROGRAMMING-MODEL","draft","Supporting staged fact_id: FACT-M2NA-CDNA5-SW"
"REQ-M2NA-AVAIL-0187","OBJ-AMD-CDNA6-ARCH","","","","","","","FIELD-ID-NAME","value_available","At least one staged atomic fact supplies this subject-field pair.","completed","2026-08-12","M2NA|object|OBJ-AMD-CDNA6-ARCH|FIELD-ID-NAME","draft","Supporting staged fact_id: FACT-M2NA-CDNA6-NAME"
"REQ-M2NA-AVAIL-0188","OBJ-AMD-CDNA6-ARCH","","","","","","","FIELD-ID-STATUS","value_available","At least one staged atomic fact supplies this subject-field pair.","completed","2026-08-12","M2NA|object|OBJ-AMD-CDNA6-ARCH|FIELD-ID-STATUS","draft","Supporting staged fact_id: FACT-M2NA-CDNA6-STATUS"
"REQ-M2NA-AVAIL-0190","OBJ-AMD-CDNA4-ARCH","","","","","","","FIELD-DER-MATRIX-VECTOR","value_available","At least one staged atomic fact supplies this subject-field pair.","completed","2026-08-12","M2NA|object|OBJ-AMD-CDNA4-ARCH|FIELD-DER-MATRIX-VECTOR","draft","Supporting staged fact_id: FACT-M2NA-CDNA4-DER-FP16-MATRIX-VECTOR"
"REQ-M2NA-GAP-0001","OBJ-NVIDIA-AMPERE-ARCH","","","","","","","FIELD-COMP-VENDOR-AI-TOPS","not_applicable","A generation-level architecture does not have one implementation-independent total accelerator peak; totals belong to a die, package, module, card or system object.","completed","2026-08-12","M2NA|object|OBJ-NVIDIA-AMPERE-ARCH|FIELD-COMP-VENDOR-AI-TOPS","draft","Do not promote product aggregate TOPS/TFLOPS into the architecture object."
"REQ-M2NA-GAP-0002","OBJ-NVIDIA-AMPERE-ARCH","","","","","","","FIELD-PHY-PROCESS","not_applicable","Process, die count and package composition describe a physical implementation rather than the architecture-generation object.","completed","2026-08-12","M2NA|object|OBJ-NVIDIA-AMPERE-ARCH|FIELD-PHY-PROCESS","draft","Physical implementation values remain in later object packages or the implementation backlog."
"REQ-M2NA-GAP-0003","OBJ-NVIDIA-AMPERE-ARCH","","","","","","","FIELD-PHY-DIE-COUNT","not_applicable","Process, die count and package composition describe a physical implementation rather than the architecture-generation object.","completed","2026-08-12","M2NA|object|OBJ-NVIDIA-AMPERE-ARCH|FIELD-PHY-DIE-COUNT","draft","Physical implementation values remain in later object packages or the implementation backlog."
"REQ-M2NA-GAP-0004","OBJ-NVIDIA-AMPERE-ARCH","","","","","","","FIELD-PHY-PACKAGE","not_applicable","Process, die count and package composition describe a physical implementation rather than the architecture-generation object.","completed","2026-08-12","M2NA|object|OBJ-NVIDIA-AMPERE-ARCH|FIELD-PHY-PACKAGE","draft","Physical implementation values remain in later object packages or the implementation backlog."
"REQ-M2NA-GAP-0005","OBJ-NVIDIA-AMPERE-ARCH","","","","","","","FIELD-DER-COMPUTE-BW-SPEC","not_found","No same-precision, same-scope architecture compute and memory-bandwidth pair survived the object-boundary and condition checks.","completed","2026-08-12","M2NA|object|OBJ-NVIDIA-AMPERE-ARCH|FIELD-DER-COMPUTE-BW-SPEC","draft","Unknown is not zero; product totals and mismatched scopes were excluded."
"REQ-M2NA-GAP-0006","OBJ-NVIDIA-AMPERE-ARCH","","","","","","","FIELD-DER-MATRIX-VECTOR","not_found","No aligned matrix/vector throughput pair with compatible precision, scope and operation-count convention was found.","completed","2026-08-12","M2NA|object|OBJ-NVIDIA-AMPERE-ARCH|FIELD-DER-MATRIX-VECTOR","draft","CDNA 4 is populated by a separate derived fact and therefore is skipped by key de-duplication."
"REQ-M2NA-GAP-0007","OBJ-NVIDIA-ADA-LOVELACE-ARCH","","","","","","","FIELD-COMP-VENDOR-AI-TOPS","not_applicable","A generation-level architecture does not have one implementation-independent total accelerator peak; totals belong to a die, package, module, card or system object.","completed","2026-08-12","M2NA|object|OBJ-NVIDIA-ADA-LOVELACE-ARCH|FIELD-COMP-VENDOR-AI-TOPS","draft","Do not promote product aggregate TOPS/TFLOPS into the architecture object."
"REQ-M2NA-GAP-0008","OBJ-NVIDIA-ADA-LOVELACE-ARCH","","","","","","","FIELD-PHY-PROCESS","not_applicable","Process, die count and package composition describe a physical implementation rather than the architecture-generation object.","completed","2026-08-12","M2NA|object|OBJ-NVIDIA-ADA-LOVELACE-ARCH|FIELD-PHY-PROCESS","draft","Physical implementation values remain in later object packages or the implementation backlog."
"REQ-M2NA-GAP-0009","OBJ-NVIDIA-ADA-LOVELACE-ARCH","","","","","","","FIELD-PHY-DIE-COUNT","not_applicable","Process, die count and package composition describe a physical implementation rather than the architecture-generation object.","completed","2026-08-12","M2NA|object|OBJ-NVIDIA-ADA-LOVELACE-ARCH|FIELD-PHY-DIE-COUNT","draft","Physical implementation values remain in later object packages or the implementation backlog."
"REQ-M2NA-GAP-0010","OBJ-NVIDIA-ADA-LOVELACE-ARCH","","","","","","","FIELD-PHY-PACKAGE","not_applicable","Process, die count and package composition describe a physical implementation rather than the architecture-generation object.","completed","2026-08-12","M2NA|object|OBJ-NVIDIA-ADA-LOVELACE-ARCH|FIELD-PHY-PACKAGE","draft","Physical implementation values remain in later object packages or the implementation backlog."
"REQ-M2NA-GAP-0011","OBJ-NVIDIA-ADA-LOVELACE-ARCH","","","","","","","FIELD-DER-COMPUTE-BW-SPEC","not_found","No same-precision, same-scope architecture compute and memory-bandwidth pair survived the object-boundary and condition checks.","completed","2026-08-12","M2NA|object|OBJ-NVIDIA-ADA-LOVELACE-ARCH|FIELD-DER-COMPUTE-BW-SPEC","draft","Unknown is not zero; product totals and mismatched scopes were excluded."
"REQ-M2NA-GAP-0012","OBJ-NVIDIA-ADA-LOVELACE-ARCH","","","","","","","FIELD-DER-MATRIX-VECTOR","not_found","No aligned matrix/vector throughput pair with compatible precision, scope and operation-count convention was found.","completed","2026-08-12","M2NA|object|OBJ-NVIDIA-ADA-LOVELACE-ARCH|FIELD-DER-MATRIX-VECTOR","draft","CDNA 4 is populated by a separate derived fact and therefore is skipped by key de-duplication."
"REQ-M2NA-GAP-0013","OBJ-NVIDIA-BLACKWELL-ARCH","","","","","","","FIELD-COMP-VENDOR-AI-TOPS","not_applicable","A generation-level architecture does not have one implementation-independent total accelerator peak; totals belong to a die, package, module, card or system object.","completed","2026-08-12","M2NA|object|OBJ-NVIDIA-BLACKWELL-ARCH|FIELD-COMP-VENDOR-AI-TOPS","draft","Do not promote product aggregate TOPS/TFLOPS into the architecture object."
"REQ-M2NA-GAP-0014","OBJ-NVIDIA-BLACKWELL-ARCH","","","","","","","FIELD-PHY-PROCESS","not_applicable","Process, die count and package composition describe a physical implementation rather than the architecture-generation object.","completed","2026-08-12","M2NA|object|OBJ-NVIDIA-BLACKWELL-ARCH|FIELD-PHY-PROCESS","draft","Physical implementation values remain in later object packages or the implementation backlog."
"REQ-M2NA-GAP-0015","OBJ-NVIDIA-BLACKWELL-ARCH","","","","","","","FIELD-PHY-DIE-COUNT","not_applicable","Process, die count and package composition describe a physical implementation rather than the architecture-generation object.","completed","2026-08-12","M2NA|object|OBJ-NVIDIA-BLACKWELL-ARCH|FIELD-PHY-DIE-COUNT","draft","Physical implementation values remain in later object packages or the implementation backlog."
"REQ-M2NA-GAP-0016","OBJ-NVIDIA-BLACKWELL-ARCH","","","","","","","FIELD-PHY-PACKAGE","not_applicable","Process, die count and package composition describe a physical implementation rather than the architecture-generation object.","completed","2026-08-12","M2NA|object|OBJ-NVIDIA-BLACKWELL-ARCH|FIELD-PHY-PACKAGE","draft","Physical implementation values remain in later object packages or the implementation backlog."
"REQ-M2NA-GAP-0017","OBJ-NVIDIA-BLACKWELL-ARCH","","","","","","","FIELD-DER-COMPUTE-BW-SPEC","not_found","No same-precision, same-scope architecture compute and memory-bandwidth pair survived the object-boundary and condition checks.","completed","2026-08-12","M2NA|object|OBJ-NVIDIA-BLACKWELL-ARCH|FIELD-DER-COMPUTE-BW-SPEC","draft","Unknown is not zero; product totals and mismatched scopes were excluded."
"REQ-M2NA-GAP-0018","OBJ-NVIDIA-BLACKWELL-ARCH","","","","","","","FIELD-DER-MATRIX-VECTOR","not_found","No aligned matrix/vector throughput pair with compatible precision, scope and operation-count convention was found.","completed","2026-08-12","M2NA|object|OBJ-NVIDIA-BLACKWELL-ARCH|FIELD-DER-MATRIX-VECTOR","draft","CDNA 4 is populated by a separate derived fact and therefore is skipped by key de-duplication."
"REQ-M2NA-GAP-0019","OBJ-NVIDIA-BLACKWELL-ULTRA-ARCH","","","","","","","FIELD-COMP-VENDOR-AI-TOPS","not_applicable","A generation-level architecture does not have one implementation-independent total accelerator peak; totals belong to a die, package, module, card or system object.","completed","2026-08-12","M2NA|object|OBJ-NVIDIA-BLACKWELL-ULTRA-ARCH|FIELD-COMP-VENDOR-AI-TOPS","draft","Do not promote product aggregate TOPS/TFLOPS into the architecture object."
"REQ-M2NA-GAP-0020","OBJ-NVIDIA-BLACKWELL-ULTRA-ARCH","","","","","","","FIELD-PHY-PROCESS","not_applicable","Process, die count and package composition describe a physical implementation rather than the architecture-generation object.","completed","2026-08-12","M2NA|object|OBJ-NVIDIA-BLACKWELL-ULTRA-ARCH|FIELD-PHY-PROCESS","draft","Physical implementation values remain in later object packages or the implementation backlog."
"REQ-M2NA-GAP-0021","OBJ-NVIDIA-BLACKWELL-ULTRA-ARCH","","","","","","","FIELD-PHY-DIE-COUNT","not_applicable","Process, die count and package composition describe a physical implementation rather than the architecture-generation object.","completed","2026-08-12","M2NA|object|OBJ-NVIDIA-BLACKWELL-ULTRA-ARCH|FIELD-PHY-DIE-COUNT","draft","Physical implementation values remain in later object packages or the implementation backlog."
"REQ-M2NA-GAP-0022","OBJ-NVIDIA-BLACKWELL-ULTRA-ARCH","","","","","","","FIELD-PHY-PACKAGE","not_applicable","Process, die count and package composition describe a physical implementation rather than the architecture-generation object.","completed","2026-08-12","M2NA|object|OBJ-NVIDIA-BLACKWELL-ULTRA-ARCH|FIELD-PHY-PACKAGE","draft","Physical implementation values remain in later object packages or the implementation backlog."
"REQ-M2NA-GAP-0023","OBJ-NVIDIA-BLACKWELL-ULTRA-ARCH","","","","","","","FIELD-DER-COMPUTE-BW-SPEC","not_found","This delta-only card has no directly disclosed matching compute and memory-bandwidth pair, and no formal relation authorizes reuse from Blackwell.","completed","2026-08-12","M2NA|object|OBJ-NVIDIA-BLACKWELL-ULTRA-ARCH|FIELD-DER-COMPUTE-BW-SPEC","draft","Do not reuse Blackwell inputs without a formal object relation."
"REQ-M2NA-GAP-0024","OBJ-NVIDIA-BLACKWELL-ULTRA-ARCH","","","","","","","FIELD-DER-MATRIX-VECTOR","not_found","This delta-only card has no directly disclosed aligned matrix/vector throughput pair, and no formal relation authorizes reuse from Blackwell.","completed","2026-08-12","M2NA|object|OBJ-NVIDIA-BLACKWELL-ULTRA-ARCH|FIELD-DER-MATRIX-VECTOR","draft","No implicit inheritance from Blackwell."
"REQ-M2NA-GAP-0025","OBJ-NVIDIA-RUBIN-ARCH","","","","","","","FIELD-COMP-VENDOR-AI-TOPS","not_applicable","A generation-level architecture does not have one implementation-independent total accelerator peak; totals belong to a die, package, module, card or system object.","completed","2026-08-12","M2NA|object|OBJ-NVIDIA-RUBIN-ARCH|FIELD-COMP-VENDOR-AI-TOPS","draft","Do not promote product aggregate TOPS/TFLOPS into the architecture object."
"REQ-M2NA-GAP-0026","OBJ-NVIDIA-RUBIN-ARCH","","","","","","","FIELD-PHY-PROCESS","not_applicable","Process, die count and package composition describe a physical implementation rather than the architecture-generation object.","completed","2026-08-12","M2NA|object|OBJ-NVIDIA-RUBIN-ARCH|FIELD-PHY-PROCESS","draft","Physical implementation values remain in later object packages or the implementation backlog."
"REQ-M2NA-GAP-0027","OBJ-NVIDIA-RUBIN-ARCH","","","","","","","FIELD-PHY-DIE-COUNT","not_applicable","Process, die count and package composition describe a physical implementation rather than the architecture-generation object.","completed","2026-08-12","M2NA|object|OBJ-NVIDIA-RUBIN-ARCH|FIELD-PHY-DIE-COUNT","draft","Physical implementation values remain in later object packages or the implementation backlog."
"REQ-M2NA-GAP-0028","OBJ-NVIDIA-RUBIN-ARCH","","","","","","","FIELD-PHY-PACKAGE","not_applicable","Process, die count and package composition describe a physical implementation rather than the architecture-generation object.","completed","2026-08-12","M2NA|object|OBJ-NVIDIA-RUBIN-ARCH|FIELD-PHY-PACKAGE","draft","Physical implementation values remain in later object packages or the implementation backlog."
"REQ-M2NA-GAP-0029","OBJ-NVIDIA-RUBIN-ARCH","","","","","","","FIELD-DER-COMPUTE-BW-SPEC","pending_verification","A matching architecture-level compute peak and memory-bandwidth pair is not yet available in fixed official architecture documentation.","in_progress","2026-08-12","M2NA|object|OBJ-NVIDIA-RUBIN-ARCH|FIELD-DER-COMPUTE-BW-SPEC","needs_resolution","Observation-stage object; do not derive from product implementation announcements."
"REQ-M2NA-GAP-0030","OBJ-NVIDIA-RUBIN-ARCH","","","","","","","FIELD-DER-MATRIX-VECTOR","pending_verification","Aligned matrix and vector throughput values are not yet available in fixed official architecture documentation.","in_progress","2026-08-12","M2NA|object|OBJ-NVIDIA-RUBIN-ARCH|FIELD-DER-MATRIX-VECTOR","needs_resolution","Observation-stage object."
"REQ-M2NA-GAP-0031","OBJ-AMD-CDNA2-ARCH","","","","","","","FIELD-COMP-VENDOR-AI-TOPS","not_applicable","A generation-level architecture does not have one implementation-independent total accelerator peak; totals belong to a die, package, module, card or system object.","completed","2026-08-12","M2NA|object|OBJ-AMD-CDNA2-ARCH|FIELD-COMP-VENDOR-AI-TOPS","draft","Do not promote product aggregate TOPS/TFLOPS into the architecture object."
"REQ-M2NA-GAP-0032","OBJ-AMD-CDNA2-ARCH","","","","","","","FIELD-PHY-PROCESS","not_applicable","Process, die count and package composition describe a physical implementation rather than the architecture-generation object.","completed","2026-08-12","M2NA|object|OBJ-AMD-CDNA2-ARCH|FIELD-PHY-PROCESS","draft","Physical implementation values remain in later object packages or the implementation backlog."
"REQ-M2NA-GAP-0033","OBJ-AMD-CDNA2-ARCH","","","","","","","FIELD-PHY-DIE-COUNT","not_applicable","Process, die count and package composition describe a physical implementation rather than the architecture-generation object.","completed","2026-08-12","M2NA|object|OBJ-AMD-CDNA2-ARCH|FIELD-PHY-DIE-COUNT","draft","Physical implementation values remain in later object packages or the implementation backlog."
"REQ-M2NA-GAP-0034","OBJ-AMD-CDNA2-ARCH","","","","","","","FIELD-PHY-PACKAGE","not_applicable","Process, die count and package composition describe a physical implementation rather than the architecture-generation object.","completed","2026-08-12","M2NA|object|OBJ-AMD-CDNA2-ARCH|FIELD-PHY-PACKAGE","draft","Physical implementation values remain in later object packages or the implementation backlog."
"REQ-M2NA-GAP-0035","OBJ-AMD-CDNA2-ARCH","","","","","","","FIELD-DER-COMPUTE-BW-SPEC","not_found","No same-precision, same-scope architecture compute and memory-bandwidth pair survived the object-boundary and condition checks.","completed","2026-08-12","M2NA|object|OBJ-AMD-CDNA2-ARCH|FIELD-DER-COMPUTE-BW-SPEC","draft","Unknown is not zero; product totals and mismatched scopes were excluded."
"REQ-M2NA-GAP-0036","OBJ-AMD-CDNA2-ARCH","","","","","","","FIELD-DER-MATRIX-VECTOR","not_found","No aligned matrix/vector throughput pair with compatible precision, scope and operation-count convention was found.","completed","2026-08-12","M2NA|object|OBJ-AMD-CDNA2-ARCH|FIELD-DER-MATRIX-VECTOR","draft","CDNA 4 is populated by a separate derived fact and therefore is skipped by key de-duplication."
"REQ-M2NA-GAP-0037","OBJ-AMD-CDNA3-ARCH","","","","","","","FIELD-COMP-VENDOR-AI-TOPS","not_applicable","A generation-level architecture does not have one implementation-independent total accelerator peak; totals belong to a die, package, module, card or system object.","completed","2026-08-12","M2NA|object|OBJ-AMD-CDNA3-ARCH|FIELD-COMP-VENDOR-AI-TOPS","draft","Do not promote product aggregate TOPS/TFLOPS into the architecture object."
"REQ-M2NA-GAP-0038","OBJ-AMD-CDNA3-ARCH","","","","","","","FIELD-PHY-PROCESS","not_applicable","Process, die count and package composition describe a physical implementation rather than the architecture-generation object.","completed","2026-08-12","M2NA|object|OBJ-AMD-CDNA3-ARCH|FIELD-PHY-PROCESS","draft","Physical implementation values remain in later object packages or the implementation backlog."
"REQ-M2NA-GAP-0039","OBJ-AMD-CDNA3-ARCH","","","","","","","FIELD-PHY-DIE-COUNT","not_applicable","Process, die count and package composition describe a physical implementation rather than the architecture-generation object.","completed","2026-08-12","M2NA|object|OBJ-AMD-CDNA3-ARCH|FIELD-PHY-DIE-COUNT","draft","Physical implementation values remain in later object packages or the implementation backlog."
"REQ-M2NA-GAP-0040","OBJ-AMD-CDNA3-ARCH","","","","","","","FIELD-PHY-PACKAGE","not_applicable","Process, die count and package composition describe a physical implementation rather than the architecture-generation object.","completed","2026-08-12","M2NA|object|OBJ-AMD-CDNA3-ARCH|FIELD-PHY-PACKAGE","draft","Physical implementation values remain in later object packages or the implementation backlog."
"REQ-M2NA-GAP-0041","OBJ-AMD-CDNA3-ARCH","","","","","","","FIELD-DER-COMPUTE-BW-SPEC","not_found","No same-precision, same-scope architecture compute and memory-bandwidth pair survived the object-boundary and condition checks.","completed","2026-08-12","M2NA|object|OBJ-AMD-CDNA3-ARCH|FIELD-DER-COMPUTE-BW-SPEC","draft","Unknown is not zero; product totals and mismatched scopes were excluded."
"REQ-M2NA-GAP-0042","OBJ-AMD-CDNA3-ARCH","","","","","","","FIELD-DER-MATRIX-VECTOR","not_found","No aligned matrix/vector throughput pair with compatible precision, scope and operation-count convention was found.","completed","2026-08-12","M2NA|object|OBJ-AMD-CDNA3-ARCH|FIELD-DER-MATRIX-VECTOR","draft","CDNA 4 is populated by a separate derived fact and therefore is skipped by key de-duplication."
"REQ-M2NA-GAP-0043","OBJ-AMD-CDNA4-ARCH","","","","","","","FIELD-COMP-VENDOR-AI-TOPS","not_applicable","A generation-level architecture does not have one implementation-independent total accelerator peak; totals belong to a die, package, module, card or system object.","completed","2026-08-12","M2NA|object|OBJ-AMD-CDNA4-ARCH|FIELD-COMP-VENDOR-AI-TOPS","draft","Do not promote product aggregate TOPS/TFLOPS into the architecture object."
"REQ-M2NA-GAP-0044","OBJ-AMD-CDNA4-ARCH","","","","","","","FIELD-PHY-PROCESS","not_applicable","Process, die count and package composition describe a physical implementation rather than the architecture-generation object.","completed","2026-08-12","M2NA|object|OBJ-AMD-CDNA4-ARCH|FIELD-PHY-PROCESS","draft","Physical implementation values remain in later object packages or the implementation backlog."
"REQ-M2NA-GAP-0045","OBJ-AMD-CDNA4-ARCH","","","","","","","FIELD-PHY-DIE-COUNT","not_applicable","Process, die count and package composition describe a physical implementation rather than the architecture-generation object.","completed","2026-08-12","M2NA|object|OBJ-AMD-CDNA4-ARCH|FIELD-PHY-DIE-COUNT","draft","Physical implementation values remain in later object packages or the implementation backlog."
"REQ-M2NA-GAP-0046","OBJ-AMD-CDNA4-ARCH","","","","","","","FIELD-PHY-PACKAGE","not_applicable","Process, die count and package composition describe a physical implementation rather than the architecture-generation object.","completed","2026-08-12","M2NA|object|OBJ-AMD-CDNA4-ARCH|FIELD-PHY-PACKAGE","draft","Physical implementation values remain in later object packages or the implementation backlog."
"REQ-M2NA-GAP-0047","OBJ-AMD-CDNA5-ARCH","","","","","","","FIELD-COMP-VENDOR-AI-TOPS","not_applicable","A generation-level architecture does not have one implementation-independent total accelerator peak; totals belong to a die, package, module, card or system object.","completed","2026-08-12","M2NA|object|OBJ-AMD-CDNA5-ARCH|FIELD-COMP-VENDOR-AI-TOPS","draft","Do not promote product aggregate TOPS/TFLOPS into the architecture object."
"REQ-M2NA-GAP-0048","OBJ-AMD-CDNA5-ARCH","","","","","","","FIELD-PHY-PROCESS","not_applicable","Process, die count and package composition describe a physical implementation rather than the architecture-generation object.","completed","2026-08-12","M2NA|object|OBJ-AMD-CDNA5-ARCH|FIELD-PHY-PROCESS","draft","Physical implementation values remain in later object packages or the implementation backlog."
"REQ-M2NA-GAP-0049","OBJ-AMD-CDNA5-ARCH","","","","","","","FIELD-PHY-DIE-COUNT","not_applicable","Process, die count and package composition describe a physical implementation rather than the architecture-generation object.","completed","2026-08-12","M2NA|object|OBJ-AMD-CDNA5-ARCH|FIELD-PHY-DIE-COUNT","draft","Physical implementation values remain in later object packages or the implementation backlog."
"REQ-M2NA-GAP-0050","OBJ-AMD-CDNA5-ARCH","","","","","","","FIELD-PHY-PACKAGE","not_applicable","Process, die count and package composition describe a physical implementation rather than the architecture-generation object.","completed","2026-08-12","M2NA|object|OBJ-AMD-CDNA5-ARCH|FIELD-PHY-PACKAGE","draft","Physical implementation values remain in later object packages or the implementation backlog."
"REQ-M2NA-GAP-0051","OBJ-AMD-CDNA5-ARCH","","","","","","","FIELD-DER-COMPUTE-BW-SPEC","not_found","No same-precision, same-scope architecture compute and memory-bandwidth pair survived the object-boundary and condition checks.","completed","2026-08-12","M2NA|object|OBJ-AMD-CDNA5-ARCH|FIELD-DER-COMPUTE-BW-SPEC","draft","Unknown is not zero; product totals and mismatched scopes were excluded."
"REQ-M2NA-GAP-0052","OBJ-AMD-CDNA5-ARCH","","","","","","","FIELD-DER-MATRIX-VECTOR","not_found","No aligned matrix/vector throughput pair with compatible precision, scope and operation-count convention was found.","completed","2026-08-12","M2NA|object|OBJ-AMD-CDNA5-ARCH|FIELD-DER-MATRIX-VECTOR","draft","CDNA 4 is populated by a separate derived fact and therefore is skipped by key de-duplication."
"REQ-M2NA-GAP-0053","OBJ-AMD-CDNA6-ARCH","","","","","","","FIELD-COMP-VENDOR-AI-TOPS","not_applicable","A generation-level architecture does not have one implementation-independent total accelerator peak; totals belong to a die, package, module, card or system object.","completed","2026-08-12","M2NA|object|OBJ-AMD-CDNA6-ARCH|FIELD-COMP-VENDOR-AI-TOPS","draft","Do not promote product aggregate TOPS/TFLOPS into the architecture object."
"REQ-M2NA-GAP-0054","OBJ-AMD-CDNA6-ARCH","","","","","","","FIELD-PHY-PROCESS","not_applicable","Process, die count and package composition describe a physical implementation rather than the architecture-generation object.","completed","2026-08-12","M2NA|object|OBJ-AMD-CDNA6-ARCH|FIELD-PHY-PROCESS","draft","Physical implementation values remain in later object packages or the implementation backlog."
"REQ-M2NA-GAP-0055","OBJ-AMD-CDNA6-ARCH","","","","","","","FIELD-PHY-DIE-COUNT","not_applicable","Process, die count and package composition describe a physical implementation rather than the architecture-generation object.","completed","2026-08-12","M2NA|object|OBJ-AMD-CDNA6-ARCH|FIELD-PHY-DIE-COUNT","draft","Physical implementation values remain in later object packages or the implementation backlog."
"REQ-M2NA-GAP-0056","OBJ-AMD-CDNA6-ARCH","","","","","","","FIELD-PHY-PACKAGE","not_applicable","Process, die count and package composition describe a physical implementation rather than the architecture-generation object.","completed","2026-08-12","M2NA|object|OBJ-AMD-CDNA6-ARCH|FIELD-PHY-PACKAGE","draft","Physical implementation values remain in later object packages or the implementation backlog."
"REQ-M2NA-GAP-0057","OBJ-AMD-CDNA6-ARCH","","","","","","","FIELD-DER-COMPUTE-BW-SPEC","pending_verification","A matching architecture-level compute peak and memory-bandwidth pair is not yet available in fixed official architecture documentation.","in_progress","2026-08-12","M2NA|object|OBJ-AMD-CDNA6-ARCH|FIELD-DER-COMPUTE-BW-SPEC","needs_resolution","Observation-stage object; do not derive from product implementation announcements."
"REQ-M2NA-GAP-0058","OBJ-AMD-CDNA6-ARCH","","","","","","","FIELD-DER-MATRIX-VECTOR","pending_verification","Aligned matrix and vector throughput values are not yet available in fixed official architecture documentation.","in_progress","2026-08-12","M2NA|object|OBJ-AMD-CDNA6-ARCH|FIELD-DER-MATRIX-VECTOR","needs_resolution","Observation-stage object."
"REQ-M2NA-GAP-0059","","","","","PPATH-M2NA-AMPERE-TENSOR-FP16","","","FIELD-NUM-PHYSICAL-ACCUM","not_found","Selected official architecture and ISA sources expose programmer-visible accumulation formats but not the physical accumulator width.","completed","2026-08-12","M2NA|precision_path|PPATH-M2NA-AMPERE-TENSOR-FP16|FIELD-NUM-PHYSICAL-ACCUM","draft","Do not equate C/D format with hidden physical datapath width."
"REQ-M2NA-GAP-0060","","","","","PPATH-M2NA-AMPERE-TENSOR-BF16","","","FIELD-NUM-PHYSICAL-ACCUM","not_found","Selected official architecture and ISA sources expose programmer-visible accumulation formats but not the physical accumulator width.","completed","2026-08-12","M2NA|precision_path|PPATH-M2NA-AMPERE-TENSOR-BF16|FIELD-NUM-PHYSICAL-ACCUM","draft","Do not equate C/D format with hidden physical datapath width."
"REQ-M2NA-GAP-0061","","","","","PPATH-M2NA-AMPERE-TENSOR-TF32","","","FIELD-NUM-PHYSICAL-ACCUM","not_found","Selected official architecture and ISA sources expose programmer-visible accumulation formats but not the physical accumulator width.","completed","2026-08-12","M2NA|precision_path|PPATH-M2NA-AMPERE-TENSOR-TF32|FIELD-NUM-PHYSICAL-ACCUM","draft","Do not equate C/D format with hidden physical datapath width."
"REQ-M2NA-GAP-0062","","","","","PPATH-M2NA-AMPERE-TENSOR-FP64","","","FIELD-NUM-PHYSICAL-ACCUM","not_found","Selected official architecture and ISA sources expose programmer-visible accumulation formats but not the physical accumulator width.","completed","2026-08-12","M2NA|precision_path|PPATH-M2NA-AMPERE-TENSOR-FP64|FIELD-NUM-PHYSICAL-ACCUM","draft","Do not equate C/D format with hidden physical datapath width."
"REQ-M2NA-GAP-0063","","","","","PPATH-M2NA-AMPERE-TENSOR-INT8","","","FIELD-NUM-PHYSICAL-ACCUM","not_found","Selected official architecture and ISA sources expose programmer-visible accumulation formats but not the physical accumulator width.","completed","2026-08-12","M2NA|precision_path|PPATH-M2NA-AMPERE-TENSOR-INT8|FIELD-NUM-PHYSICAL-ACCUM","draft","Do not equate C/D format with hidden physical datapath width."
"REQ-M2NA-GAP-0064","","","","","PPATH-M2NA-AMPERE-CUDA-FP32","","","FIELD-NUM-PHYSICAL-ACCUM","not_applicable","This scalar or special-function path is not modeled as a matrix/vector accumulation path.","completed","2026-08-12","M2NA|precision_path|PPATH-M2NA-AMPERE-CUDA-FP32|FIELD-NUM-PHYSICAL-ACCUM","draft","Programmer-visible result format remains in the path facts where available."
"REQ-M2NA-GAP-0065","","","","","PPATH-M2NA-ADA-TENSOR-FP8","","","FIELD-NUM-PHYSICAL-ACCUM","not_found","Selected official architecture and ISA sources expose programmer-visible accumulation formats but not the physical accumulator width.","completed","2026-08-12","M2NA|precision_path|PPATH-M2NA-ADA-TENSOR-FP8|FIELD-NUM-PHYSICAL-ACCUM","draft","Do not equate C/D format with hidden physical datapath width."
"REQ-M2NA-GAP-0066","","","","","PPATH-M2NA-ADA-TENSOR-FP16","","","FIELD-NUM-PHYSICAL-ACCUM","not_found","Selected official architecture and ISA sources expose programmer-visible accumulation formats but not the physical accumulator width.","completed","2026-08-12","M2NA|precision_path|PPATH-M2NA-ADA-TENSOR-FP16|FIELD-NUM-PHYSICAL-ACCUM","draft","Do not equate C/D format with hidden physical datapath width."
"REQ-M2NA-GAP-0067","","","","","PPATH-M2NA-ADA-TENSOR-BF16","","","FIELD-NUM-PHYSICAL-ACCUM","not_found","Selected official architecture and ISA sources expose programmer-visible accumulation formats but not the physical accumulator width.","completed","2026-08-12","M2NA|precision_path|PPATH-M2NA-ADA-TENSOR-BF16|FIELD-NUM-PHYSICAL-ACCUM","draft","Do not equate C/D format with hidden physical datapath width."
"REQ-M2NA-GAP-0068","","","","","PPATH-M2NA-ADA-TENSOR-TF32","","","FIELD-NUM-PHYSICAL-ACCUM","not_found","Selected official architecture and ISA sources expose programmer-visible accumulation formats but not the physical accumulator width.","completed","2026-08-12","M2NA|precision_path|PPATH-M2NA-ADA-TENSOR-TF32|FIELD-NUM-PHYSICAL-ACCUM","draft","Do not equate C/D format with hidden physical datapath width."
"REQ-M2NA-GAP-0069","","","","","PPATH-M2NA-ADA-TENSOR-INT8","","","FIELD-NUM-PHYSICAL-ACCUM","not_found","Selected official architecture and ISA sources expose programmer-visible accumulation formats but not the physical accumulator width.","completed","2026-08-12","M2NA|precision_path|PPATH-M2NA-ADA-TENSOR-INT8|FIELD-NUM-PHYSICAL-ACCUM","draft","Do not equate C/D format with hidden physical datapath width."
"REQ-M2NA-GAP-0070","","","","","PPATH-M2NA-ADA-CUDA-FP32","","","FIELD-NUM-PHYSICAL-ACCUM","not_applicable","This scalar or special-function path is not modeled as a matrix/vector accumulation path.","completed","2026-08-12","M2NA|precision_path|PPATH-M2NA-ADA-CUDA-FP32|FIELD-NUM-PHYSICAL-ACCUM","draft","Programmer-visible result format remains in the path facts where available."
"REQ-M2NA-GAP-0071","","","","","PPATH-M2NA-BLACKWELL-TENSOR-FP4","","","FIELD-NUM-PHYSICAL-ACCUM","not_found","Selected official architecture and ISA sources expose programmer-visible accumulation formats but not the physical accumulator width.","completed","2026-08-12","M2NA|precision_path|PPATH-M2NA-BLACKWELL-TENSOR-FP4|FIELD-NUM-PHYSICAL-ACCUM","draft","Do not equate C/D format with hidden physical datapath width."
"REQ-M2NA-GAP-0072","","","","","PPATH-M2NA-BLACKWELL-TENSOR-FP6","","","FIELD-NUM-PHYSICAL-ACCUM","not_found","Selected official architecture and ISA sources expose programmer-visible accumulation formats but not the physical accumulator width.","completed","2026-08-12","M2NA|precision_path|PPATH-M2NA-BLACKWELL-TENSOR-FP6|FIELD-NUM-PHYSICAL-ACCUM","draft","Do not equate C/D format with hidden physical datapath width."
"REQ-M2NA-GAP-0073","","","","","PPATH-M2NA-BLACKWELL-TENSOR-FP8","","","FIELD-NUM-PHYSICAL-ACCUM","not_found","Selected official architecture and ISA sources expose programmer-visible accumulation formats but not the physical accumulator width.","completed","2026-08-12","M2NA|precision_path|PPATH-M2NA-BLACKWELL-TENSOR-FP8|FIELD-NUM-PHYSICAL-ACCUM","draft","Do not equate C/D format with hidden physical datapath width."
"REQ-M2NA-GAP-0074","","","","","PPATH-M2NA-BLACKWELL-TENSOR-FP16BF16","","","FIELD-NUM-PHYSICAL-ACCUM","not_found","Selected official architecture and ISA sources expose programmer-visible accumulation formats but not the physical accumulator width.","completed","2026-08-12","M2NA|precision_path|PPATH-M2NA-BLACKWELL-TENSOR-FP16BF16|FIELD-NUM-PHYSICAL-ACCUM","draft","Do not equate C/D format with hidden physical datapath width."
"REQ-M2NA-GAP-0075","","","","","PPATH-M2NA-BLACKWELL-TENSOR-HIGH","","","FIELD-NUM-PHYSICAL-ACCUM","not_found","Selected official architecture and ISA sources expose programmer-visible accumulation formats but not the physical accumulator width.","completed","2026-08-12","M2NA|precision_path|PPATH-M2NA-BLACKWELL-TENSOR-HIGH|FIELD-NUM-PHYSICAL-ACCUM","draft","Do not equate C/D format with hidden physical datapath width."
"REQ-M2NA-GAP-0076","","","","","PPATH-M2NA-BLACKWELL-TENSOR-SPARSE","","","FIELD-NUM-PHYSICAL-ACCUM","not_found","Selected official architecture and ISA sources expose programmer-visible accumulation formats but not the physical accumulator width.","completed","2026-08-12","M2NA|precision_path|PPATH-M2NA-BLACKWELL-TENSOR-SPARSE|FIELD-NUM-PHYSICAL-ACCUM","draft","Do not equate C/D format with hidden physical datapath width."
"REQ-M2NA-GAP-0077","","","","","PPATH-M2NA-BLACKWELL-CUDA","","","FIELD-NUM-PHYSICAL-ACCUM","not_applicable","This scalar or special-function path is not modeled as a matrix/vector accumulation path.","completed","2026-08-12","M2NA|precision_path|PPATH-M2NA-BLACKWELL-CUDA|FIELD-NUM-PHYSICAL-ACCUM","draft","Programmer-visible result format remains in the path facts where available."
"REQ-M2NA-GAP-0078","","","","","PPATH-M2NA-BLACKWELL-ULTRA-EXP","","","FIELD-NUM-PHYSICAL-ACCUM","not_applicable","This scalar or special-function path is not modeled as a matrix/vector accumulation path.","completed","2026-08-12","M2NA|precision_path|PPATH-M2NA-BLACKWELL-ULTRA-EXP|FIELD-NUM-PHYSICAL-ACCUM","draft","Programmer-visible result format remains in the path facts where available."
"REQ-M2NA-GAP-0079","","","","","PPATH-M2NA-RUBIN-LUT3","","","FIELD-NUM-PHYSICAL-ACCUM","pending_verification","The observation-stage Rubin article does not expose physical accumulator width.","in_progress","2026-08-12","M2NA|precision_path|PPATH-M2NA-RUBIN-LUT3|FIELD-NUM-PHYSICAL-ACCUM","needs_resolution","Await a fixed Rubin architecture/ISA source."
"REQ-M2NA-GAP-0080","","","","","PPATH-M2NA-RUBIN-ACT-SPARSE","","","FIELD-NUM-PHYSICAL-ACCUM","pending_verification","The observation-stage Rubin article does not expose physical accumulator width.","in_progress","2026-08-12","M2NA|precision_path|PPATH-M2NA-RUBIN-ACT-SPARSE|FIELD-NUM-PHYSICAL-ACCUM","needs_resolution","Await a fixed Rubin architecture/ISA source."
"REQ-M2NA-GAP-0081","","","","","PPATH-M2NA-RUBIN-EXP","","","FIELD-NUM-PHYSICAL-ACCUM","not_applicable","This scalar or special-function path is not modeled as a matrix/vector accumulation path.","completed","2026-08-12","M2NA|precision_path|PPATH-M2NA-RUBIN-EXP|FIELD-NUM-PHYSICAL-ACCUM","draft","Programmer-visible result format remains in the path facts where available."
"REQ-M2NA-GAP-0082","","","","","PPATH-M2NA-CDNA2-MFMA-FP64","","","FIELD-NUM-PHYSICAL-ACCUM","not_found","Selected official architecture and ISA sources expose programmer-visible accumulation formats but not the physical accumulator width.","completed","2026-08-12","M2NA|precision_path|PPATH-M2NA-CDNA2-MFMA-FP64|FIELD-NUM-PHYSICAL-ACCUM","draft","Do not equate C/D format with hidden physical datapath width."
"REQ-M2NA-GAP-0083","","","","","PPATH-M2NA-CDNA2-MFMA-FP16","","","FIELD-NUM-PHYSICAL-ACCUM","not_found","Selected official architecture and ISA sources expose programmer-visible accumulation formats but not the physical accumulator width.","completed","2026-08-12","M2NA|precision_path|PPATH-M2NA-CDNA2-MFMA-FP16|FIELD-NUM-PHYSICAL-ACCUM","draft","Do not equate C/D format with hidden physical datapath width."
"REQ-M2NA-GAP-0084","","","","","PPATH-M2NA-CDNA2-MFMA-BF16","","","FIELD-NUM-PHYSICAL-ACCUM","not_found","Selected official architecture and ISA sources expose programmer-visible accumulation formats but not the physical accumulator width.","completed","2026-08-12","M2NA|precision_path|PPATH-M2NA-CDNA2-MFMA-BF16|FIELD-NUM-PHYSICAL-ACCUM","draft","Do not equate C/D format with hidden physical datapath width."
"REQ-M2NA-GAP-0085","","","","","PPATH-M2NA-CDNA2-VECTOR-FP64","","","FIELD-NUM-PHYSICAL-ACCUM","not_found","Selected official architecture and ISA sources expose programmer-visible accumulation formats but not the physical accumulator width.","completed","2026-08-12","M2NA|precision_path|PPATH-M2NA-CDNA2-VECTOR-FP64|FIELD-NUM-PHYSICAL-ACCUM","draft","Do not equate C/D format with hidden physical datapath width."
"REQ-M2NA-GAP-0086","","","","","PPATH-M2NA-CDNA2-VECTOR-PACKED-FP32","","","FIELD-NUM-PHYSICAL-ACCUM","not_found","Selected official architecture and ISA sources expose programmer-visible accumulation formats but not the physical accumulator width.","completed","2026-08-12","M2NA|precision_path|PPATH-M2NA-CDNA2-VECTOR-PACKED-FP32|FIELD-NUM-PHYSICAL-ACCUM","draft","Do not equate C/D format with hidden physical datapath width."
"REQ-M2NA-GAP-0087","","","","","PPATH-M2NA-CDNA3-MFMA-FP8","","","FIELD-NUM-PHYSICAL-ACCUM","not_found","Selected official architecture and ISA sources expose programmer-visible accumulation formats but not the physical accumulator width.","completed","2026-08-12","M2NA|precision_path|PPATH-M2NA-CDNA3-MFMA-FP8|FIELD-NUM-PHYSICAL-ACCUM","draft","Do not equate C/D format with hidden physical datapath width."
"REQ-M2NA-GAP-0088","","","","","PPATH-M2NA-CDNA3-MFMA-FP16BF16","","","FIELD-NUM-PHYSICAL-ACCUM","not_found","Selected official architecture and ISA sources expose programmer-visible accumulation formats but not the physical accumulator width.","completed","2026-08-12","M2NA|precision_path|PPATH-M2NA-CDNA3-MFMA-FP16BF16|FIELD-NUM-PHYSICAL-ACCUM","draft","Do not equate C/D format with hidden physical datapath width."
"REQ-M2NA-GAP-0089","","","","","PPATH-M2NA-CDNA3-MFMA-INT8","","","FIELD-NUM-PHYSICAL-ACCUM","not_found","Selected official architecture and ISA sources expose programmer-visible accumulation formats but not the physical accumulator width.","completed","2026-08-12","M2NA|precision_path|PPATH-M2NA-CDNA3-MFMA-INT8|FIELD-NUM-PHYSICAL-ACCUM","draft","Do not equate C/D format with hidden physical datapath width."
"REQ-M2NA-GAP-0090","","","","","PPATH-M2NA-CDNA3-MFMA-HIGH","","","FIELD-NUM-PHYSICAL-ACCUM","not_found","Selected official architecture and ISA sources expose programmer-visible accumulation formats but not the physical accumulator width.","completed","2026-08-12","M2NA|precision_path|PPATH-M2NA-CDNA3-MFMA-HIGH|FIELD-NUM-PHYSICAL-ACCUM","draft","Do not equate C/D format with hidden physical datapath width."
"REQ-M2NA-GAP-0091","","","","","PPATH-M2NA-CDNA3-SMFMAC","","","FIELD-NUM-PHYSICAL-ACCUM","not_found","Selected official architecture and ISA sources expose programmer-visible accumulation formats but not the physical accumulator width.","completed","2026-08-12","M2NA|precision_path|PPATH-M2NA-CDNA3-SMFMAC|FIELD-NUM-PHYSICAL-ACCUM","draft","Do not equate C/D format with hidden physical datapath width."
"REQ-M2NA-GAP-0092","","","","","PPATH-M2NA-CDNA3-VECTOR","","","FIELD-NUM-PHYSICAL-ACCUM","not_found","Selected official architecture and ISA sources expose programmer-visible accumulation formats but not the physical accumulator width.","completed","2026-08-12","M2NA|precision_path|PPATH-M2NA-CDNA3-VECTOR|FIELD-NUM-PHYSICAL-ACCUM","draft","Do not equate C/D format with hidden physical datapath width."
"REQ-M2NA-GAP-0093","","","","","PPATH-M2NA-CDNA4-MX","","","FIELD-NUM-PHYSICAL-ACCUM","not_found","Selected official architecture and ISA sources expose programmer-visible accumulation formats but not the physical accumulator width.","completed","2026-08-12","M2NA|precision_path|PPATH-M2NA-CDNA4-MX|FIELD-NUM-PHYSICAL-ACCUM","draft","Do not equate C/D format with hidden physical datapath width."
"REQ-M2NA-GAP-0094","","","","","PPATH-M2NA-CDNA4-MFMA-FP8","","","FIELD-NUM-PHYSICAL-ACCUM","not_found","Selected official architecture and ISA sources expose programmer-visible accumulation formats but not the physical accumulator width.","completed","2026-08-12","M2NA|precision_path|PPATH-M2NA-CDNA4-MFMA-FP8|FIELD-NUM-PHYSICAL-ACCUM","draft","Do not equate C/D format with hidden physical datapath width."
"REQ-M2NA-GAP-0095","","","","","PPATH-M2NA-CDNA4-MFMA-FP16BF16","","","FIELD-NUM-PHYSICAL-ACCUM","not_found","Selected official architecture and ISA sources expose programmer-visible accumulation formats but not the physical accumulator width.","completed","2026-08-12","M2NA|precision_path|PPATH-M2NA-CDNA4-MFMA-FP16BF16|FIELD-NUM-PHYSICAL-ACCUM","draft","Do not equate C/D format with hidden physical datapath width."
"REQ-M2NA-GAP-0096","","","","","PPATH-M2NA-CDNA4-MFMA-INT8","","","FIELD-NUM-PHYSICAL-ACCUM","not_found","Selected official architecture and ISA sources expose programmer-visible accumulation formats but not the physical accumulator width.","completed","2026-08-12","M2NA|precision_path|PPATH-M2NA-CDNA4-MFMA-INT8|FIELD-NUM-PHYSICAL-ACCUM","draft","Do not equate C/D format with hidden physical datapath width."
"REQ-M2NA-GAP-0097","","","","","PPATH-M2NA-CDNA4-MFMA-FP32","","","FIELD-NUM-PHYSICAL-ACCUM","not_found","Selected official architecture and ISA sources expose programmer-visible accumulation formats but not the physical accumulator width.","completed","2026-08-12","M2NA|precision_path|PPATH-M2NA-CDNA4-MFMA-FP32|FIELD-NUM-PHYSICAL-ACCUM","draft","Do not equate C/D format with hidden physical datapath width."
"REQ-M2NA-GAP-0098","","","","","PPATH-M2NA-CDNA4-MFMA-FP64","","","FIELD-NUM-PHYSICAL-ACCUM","not_found","Selected official architecture and ISA sources expose programmer-visible accumulation formats but not the physical accumulator width.","completed","2026-08-12","M2NA|precision_path|PPATH-M2NA-CDNA4-MFMA-FP64|FIELD-NUM-PHYSICAL-ACCUM","draft","Do not equate C/D format with hidden physical datapath width."
"REQ-M2NA-GAP-0099","","","","","PPATH-M2NA-CDNA4-TF32-EMU","","","FIELD-NUM-PHYSICAL-ACCUM","not_found","Selected official architecture and ISA sources expose programmer-visible accumulation formats but not the physical accumulator width.","completed","2026-08-12","M2NA|precision_path|PPATH-M2NA-CDNA4-TF32-EMU|FIELD-NUM-PHYSICAL-ACCUM","draft","Do not equate C/D format with hidden physical datapath width."
"REQ-M2NA-GAP-0100","","","","","PPATH-M2NA-CDNA4-VECTOR-FP16","","","FIELD-NUM-PHYSICAL-ACCUM","not_found","Selected official architecture and ISA sources expose programmer-visible accumulation formats but not the physical accumulator width.","completed","2026-08-12","M2NA|precision_path|PPATH-M2NA-CDNA4-VECTOR-FP16|FIELD-NUM-PHYSICAL-ACCUM","draft","Do not equate C/D format with hidden physical datapath width."
"REQ-M2NA-GAP-0101","","","","","PPATH-M2NA-CDNA4-VECTOR-FP32","","","FIELD-NUM-PHYSICAL-ACCUM","not_found","Selected official architecture and ISA sources expose programmer-visible accumulation formats but not the physical accumulator width.","completed","2026-08-12","M2NA|precision_path|PPATH-M2NA-CDNA4-VECTOR-FP32|FIELD-NUM-PHYSICAL-ACCUM","draft","Do not equate C/D format with hidden physical datapath width."
"REQ-M2NA-GAP-0102","","","","","PPATH-M2NA-CDNA4-VECTOR-FP64","","","FIELD-NUM-PHYSICAL-ACCUM","not_found","Selected official architecture and ISA sources expose programmer-visible accumulation formats but not the physical accumulator width.","completed","2026-08-12","M2NA|precision_path|PPATH-M2NA-CDNA4-VECTOR-FP64|FIELD-NUM-PHYSICAL-ACCUM","draft","Do not equate C/D format with hidden physical datapath width."
"REQ-M2NA-GAP-0103","","","","","PPATH-M2NA-CDNA5-WMMA-FP4","","","FIELD-NUM-PHYSICAL-ACCUM","not_found","Selected official architecture and ISA sources expose programmer-visible accumulation formats but not the physical accumulator width.","completed","2026-08-12","M2NA|precision_path|PPATH-M2NA-CDNA5-WMMA-FP4|FIELD-NUM-PHYSICAL-ACCUM","draft","Do not equate C/D format with hidden physical datapath width."
"REQ-M2NA-GAP-0104","","","","","PPATH-M2NA-CDNA5-WMMA-FP8-F32","","","FIELD-NUM-PHYSICAL-ACCUM","not_found","Selected official architecture and ISA sources expose programmer-visible accumulation formats but not the physical accumulator width.","completed","2026-08-12","M2NA|precision_path|PPATH-M2NA-CDNA5-WMMA-FP8-F32|FIELD-NUM-PHYSICAL-ACCUM","draft","Do not equate C/D format with hidden physical datapath width."
"REQ-M2NA-GAP-0105","","","","","PPATH-M2NA-CDNA5-WMMA-FP8-F16","","","FIELD-NUM-PHYSICAL-ACCUM","not_found","Selected official architecture and ISA sources expose programmer-visible accumulation formats but not the physical accumulator width.","completed","2026-08-12","M2NA|precision_path|PPATH-M2NA-CDNA5-WMMA-FP8-F16|FIELD-NUM-PHYSICAL-ACCUM","draft","Do not equate C/D format with hidden physical datapath width."
"REQ-M2NA-GAP-0106","","","","","PPATH-M2NA-CDNA5-WMMA-INT8","","","FIELD-NUM-PHYSICAL-ACCUM","not_found","Selected official architecture and ISA sources expose programmer-visible accumulation formats but not the physical accumulator width.","completed","2026-08-12","M2NA|precision_path|PPATH-M2NA-CDNA5-WMMA-INT8|FIELD-NUM-PHYSICAL-ACCUM","draft","Do not equate C/D format with hidden physical datapath width."
"REQ-M2NA-GAP-0107","","","","","PPATH-M2NA-CDNA5-SWMMAC","","","FIELD-NUM-PHYSICAL-ACCUM","not_found","Selected official architecture and ISA sources expose programmer-visible accumulation formats but not the physical accumulator width.","completed","2026-08-12","M2NA|precision_path|PPATH-M2NA-CDNA5-SWMMAC|FIELD-NUM-PHYSICAL-ACCUM","draft","Do not equate C/D format with hidden physical datapath width."
"REQ-M2NA-GAP-0108","","","","","PPATH-M2NA-CDNA5-VECTOR-BF16","","","FIELD-NUM-PHYSICAL-ACCUM","not_found","Selected official architecture and ISA sources expose programmer-visible accumulation formats but not the physical accumulator width.","completed","2026-08-12","M2NA|precision_path|PPATH-M2NA-CDNA5-VECTOR-BF16|FIELD-NUM-PHYSICAL-ACCUM","draft","Do not equate C/D format with hidden physical datapath width."
"REQ-M2NA-GAP-0109","","COMP-M2NA-AMPERE-REG","","","","","","FIELD-MEM-READ-BW","not_found","Architecture source set was checked for an implementation-independent read-bandwidth value at this memory level.","completed","2026-08-12","M2NA|component|COMP-M2NA-AMPERE-REG|FIELD-MEM-READ-BW","draft","Existing value_available rows take precedence through key de-duplication."
"REQ-M2NA-GAP-0110","","COMP-M2NA-AMPERE-REG","","","","","","FIELD-MEM-WRITE-BW","not_found","Architecture source set was checked for an implementation-independent write-bandwidth value at this memory level.","completed","2026-08-12","M2NA|component|COMP-M2NA-AMPERE-REG|FIELD-MEM-WRITE-BW","draft","Existing value_available rows take precedence through key de-duplication."
"REQ-M2NA-GAP-0111","","COMP-M2NA-AMPERE-L1SMEM","","","","","","FIELD-MEM-READ-BW","not_found","Architecture source set was checked for an implementation-independent read-bandwidth value at this memory level.","completed","2026-08-12","M2NA|component|COMP-M2NA-AMPERE-L1SMEM|FIELD-MEM-READ-BW","draft","Existing value_available rows take precedence through key de-duplication."
"REQ-M2NA-GAP-0112","","COMP-M2NA-AMPERE-L1SMEM","","","","","","FIELD-MEM-WRITE-BW","not_found","Architecture source set was checked for an implementation-independent write-bandwidth value at this memory level.","completed","2026-08-12","M2NA|component|COMP-M2NA-AMPERE-L1SMEM|FIELD-MEM-WRITE-BW","draft","Existing value_available rows take precedence through key de-duplication."
"REQ-M2NA-GAP-0113","","COMP-M2NA-AMPERE-L2","","","","","","FIELD-MEM-READ-BW","not_found","Architecture source set was checked for an implementation-independent read-bandwidth value at this memory level.","completed","2026-08-12","M2NA|component|COMP-M2NA-AMPERE-L2|FIELD-MEM-READ-BW","draft","Existing value_available rows take precedence through key de-duplication."
"REQ-M2NA-GAP-0114","","COMP-M2NA-AMPERE-L2","","","","","","FIELD-MEM-WRITE-BW","not_found","Architecture source set was checked for an implementation-independent write-bandwidth value at this memory level.","completed","2026-08-12","M2NA|component|COMP-M2NA-AMPERE-L2|FIELD-MEM-WRITE-BW","draft","Existing value_available rows take precedence through key de-duplication."
"REQ-M2NA-GAP-0115","","COMP-M2NA-ADA-L1SMEM","","","","","","FIELD-MEM-READ-BW","not_found","Architecture source set was checked for an implementation-independent read-bandwidth value at this memory level.","completed","2026-08-12","M2NA|component|COMP-M2NA-ADA-L1SMEM|FIELD-MEM-READ-BW","draft","Existing value_available rows take precedence through key de-duplication."
"REQ-M2NA-GAP-0116","","COMP-M2NA-ADA-L1SMEM","","","","","","FIELD-MEM-WRITE-BW","not_found","Architecture source set was checked for an implementation-independent write-bandwidth value at this memory level.","completed","2026-08-12","M2NA|component|COMP-M2NA-ADA-L1SMEM|FIELD-MEM-WRITE-BW","draft","Existing value_available rows take precedence through key de-duplication."
"REQ-M2NA-GAP-0117","","COMP-M2NA-ADA-L2","","","","","","FIELD-MEM-READ-BW","not_found","Architecture source set was checked for an implementation-independent read-bandwidth value at this memory level.","completed","2026-08-12","M2NA|component|COMP-M2NA-ADA-L2|FIELD-MEM-READ-BW","draft","Existing value_available rows take precedence through key de-duplication."
"REQ-M2NA-GAP-0118","","COMP-M2NA-ADA-L2","","","","","","FIELD-MEM-WRITE-BW","not_found","Architecture source set was checked for an implementation-independent write-bandwidth value at this memory level.","completed","2026-08-12","M2NA|component|COMP-M2NA-ADA-L2|FIELD-MEM-WRITE-BW","draft","Existing value_available rows take precedence through key de-duplication."
"REQ-M2NA-GAP-0119","","COMP-M2NA-BLACKWELL-TMEM","","","","","","FIELD-MEM-READ-BW","not_found","Architecture source set was checked for an implementation-independent read-bandwidth value at this memory level.","completed","2026-08-12","M2NA|component|COMP-M2NA-BLACKWELL-TMEM|FIELD-MEM-READ-BW","draft","Existing value_available rows take precedence through key de-duplication."
"REQ-M2NA-GAP-0120","","COMP-M2NA-BLACKWELL-TMEM","","","","","","FIELD-MEM-WRITE-BW","not_found","Architecture source set was checked for an implementation-independent write-bandwidth value at this memory level.","completed","2026-08-12","M2NA|component|COMP-M2NA-BLACKWELL-TMEM|FIELD-MEM-WRITE-BW","draft","Existing value_available rows take precedence through key de-duplication."
"REQ-M2NA-GAP-0121","","COMP-M2NA-BLACKWELL-L1SMEM","","","","","","FIELD-MEM-READ-BW","not_found","Architecture source set was checked for an implementation-independent read-bandwidth value at this memory level.","completed","2026-08-12","M2NA|component|COMP-M2NA-BLACKWELL-L1SMEM|FIELD-MEM-READ-BW","draft","Existing value_available rows take precedence through key de-duplication."
"REQ-M2NA-GAP-0122","","COMP-M2NA-BLACKWELL-L1SMEM","","","","","","FIELD-MEM-WRITE-BW","not_found","Architecture source set was checked for an implementation-independent write-bandwidth value at this memory level.","completed","2026-08-12","M2NA|component|COMP-M2NA-BLACKWELL-L1SMEM|FIELD-MEM-WRITE-BW","draft","Existing value_available rows take precedence through key de-duplication."
"REQ-M2NA-GAP-0123","","COMP-M2NA-BLACKWELL-L2","","","","","","FIELD-MEM-READ-BW","not_found","Architecture source set was checked for an implementation-independent read-bandwidth value at this memory level.","completed","2026-08-12","M2NA|component|COMP-M2NA-BLACKWELL-L2|FIELD-MEM-READ-BW","draft","Existing value_available rows take precedence through key de-duplication."
"REQ-M2NA-GAP-0124","","COMP-M2NA-BLACKWELL-L2","","","","","","FIELD-MEM-WRITE-BW","not_found","Architecture source set was checked for an implementation-independent write-bandwidth value at this memory level.","completed","2026-08-12","M2NA|component|COMP-M2NA-BLACKWELL-L2|FIELD-MEM-WRITE-BW","draft","Existing value_available rows take precedence through key de-duplication."
"REQ-M2NA-GAP-0125","","COMP-M2NA-CDNA2-LDS","","","","","","FIELD-MEM-READ-BW","not_found","Architecture source set was checked for an implementation-independent read-bandwidth value at this memory level.","completed","2026-08-12","M2NA|component|COMP-M2NA-CDNA2-LDS|FIELD-MEM-READ-BW","draft","Existing value_available rows take precedence through key de-duplication."
"REQ-M2NA-GAP-0126","","COMP-M2NA-CDNA2-LDS","","","","","","FIELD-MEM-WRITE-BW","not_found","Architecture source set was checked for an implementation-independent write-bandwidth value at this memory level.","completed","2026-08-12","M2NA|component|COMP-M2NA-CDNA2-LDS|FIELD-MEM-WRITE-BW","draft","Existing value_available rows take precedence through key de-duplication."
"REQ-M2NA-GAP-0127","","COMP-M2NA-CDNA2-L1","","","","","","FIELD-MEM-READ-BW","not_found","Architecture source set was checked for an implementation-independent read-bandwidth value at this memory level.","completed","2026-08-12","M2NA|component|COMP-M2NA-CDNA2-L1|FIELD-MEM-READ-BW","draft","Existing value_available rows take precedence through key de-duplication."
"REQ-M2NA-GAP-0128","","COMP-M2NA-CDNA2-L1","","","","","","FIELD-MEM-WRITE-BW","not_found","Architecture source set was checked for an implementation-independent write-bandwidth value at this memory level.","completed","2026-08-12","M2NA|component|COMP-M2NA-CDNA2-L1|FIELD-MEM-WRITE-BW","draft","Existing value_available rows take precedence through key de-duplication."
"REQ-M2NA-GAP-0129","","COMP-M2NA-CDNA2-L2","","","","","","FIELD-MEM-READ-BW","not_found","Architecture source set was checked for an implementation-independent read-bandwidth value at this memory level.","completed","2026-08-12","M2NA|component|COMP-M2NA-CDNA2-L2|FIELD-MEM-READ-BW","draft","Existing value_available rows take precedence through key de-duplication."
"REQ-M2NA-GAP-0130","","COMP-M2NA-CDNA2-L2","","","","","","FIELD-MEM-WRITE-BW","not_found","Architecture source set was checked for an implementation-independent write-bandwidth value at this memory level.","completed","2026-08-12","M2NA|component|COMP-M2NA-CDNA2-L2|FIELD-MEM-WRITE-BW","draft","Existing value_available rows take precedence through key de-duplication."
"REQ-M2NA-GAP-0131","","COMP-M2NA-CDNA3-LDS","","","","","","FIELD-MEM-READ-BW","not_found","Architecture source set was checked for an implementation-independent read-bandwidth value at this memory level.","completed","2026-08-12","M2NA|component|COMP-M2NA-CDNA3-LDS|FIELD-MEM-READ-BW","draft","Existing value_available rows take precedence through key de-duplication."
"REQ-M2NA-GAP-0132","","COMP-M2NA-CDNA3-LDS","","","","","","FIELD-MEM-WRITE-BW","not_found","Architecture source set was checked for an implementation-independent write-bandwidth value at this memory level.","completed","2026-08-12","M2NA|component|COMP-M2NA-CDNA3-LDS|FIELD-MEM-WRITE-BW","draft","Existing value_available rows take precedence through key de-duplication."
"REQ-M2NA-GAP-0133","","COMP-M2NA-CDNA3-L1","","","","","","FIELD-MEM-READ-BW","not_found","Architecture source set was checked for an implementation-independent read-bandwidth value at this memory level.","completed","2026-08-12","M2NA|component|COMP-M2NA-CDNA3-L1|FIELD-MEM-READ-BW","draft","Existing value_available rows take precedence through key de-duplication."
"REQ-M2NA-GAP-0134","","COMP-M2NA-CDNA3-L1","","","","","","FIELD-MEM-WRITE-BW","not_found","Architecture source set was checked for an implementation-independent write-bandwidth value at this memory level.","completed","2026-08-12","M2NA|component|COMP-M2NA-CDNA3-L1|FIELD-MEM-WRITE-BW","draft","Existing value_available rows take precedence through key de-duplication."
"REQ-M2NA-GAP-0135","","COMP-M2NA-CDNA3-L2","","","","","","FIELD-MEM-WRITE-BW","not_found","Architecture source set was checked for an implementation-independent write-bandwidth value at this memory level.","completed","2026-08-12","M2NA|component|COMP-M2NA-CDNA3-L2|FIELD-MEM-WRITE-BW","draft","Existing value_available rows take precedence through key de-duplication."
"REQ-M2NA-GAP-0136","","COMP-M2NA-CDNA3-ICACHE","","","","","","FIELD-MEM-READ-BW","not_found","Architecture source set was checked for an implementation-independent read-bandwidth value at this memory level.","completed","2026-08-12","M2NA|component|COMP-M2NA-CDNA3-ICACHE|FIELD-MEM-READ-BW","draft","Existing value_available rows take precedence through key de-duplication."
"REQ-M2NA-GAP-0137","","COMP-M2NA-CDNA3-ICACHE","","","","","","FIELD-MEM-WRITE-BW","not_found","Architecture source set was checked for an implementation-independent write-bandwidth value at this memory level.","completed","2026-08-12","M2NA|component|COMP-M2NA-CDNA3-ICACHE|FIELD-MEM-WRITE-BW","draft","Existing value_available rows take precedence through key de-duplication."
"REQ-M2NA-GAP-0138","","COMP-M2NA-CDNA4-LDS","","","","","","FIELD-MEM-WRITE-BW","not_found","Architecture source set was checked for an implementation-independent write-bandwidth value at this memory level.","completed","2026-08-12","M2NA|component|COMP-M2NA-CDNA4-LDS|FIELD-MEM-WRITE-BW","draft","Existing value_available rows take precedence through key de-duplication."
"REQ-M2NA-GAP-0139","","COMP-M2NA-CDNA4-L1","","","","","","FIELD-MEM-READ-BW","not_found","Architecture source set was checked for an implementation-independent read-bandwidth value at this memory level.","completed","2026-08-12","M2NA|component|COMP-M2NA-CDNA4-L1|FIELD-MEM-READ-BW","draft","Existing value_available rows take precedence through key de-duplication."
"REQ-M2NA-GAP-0140","","COMP-M2NA-CDNA4-L1","","","","","","FIELD-MEM-WRITE-BW","not_found","Architecture source set was checked for an implementation-independent write-bandwidth value at this memory level.","completed","2026-08-12","M2NA|component|COMP-M2NA-CDNA4-L1|FIELD-MEM-WRITE-BW","draft","Existing value_available rows take precedence through key de-duplication."
"REQ-M2NA-GAP-0141","","COMP-M2NA-CDNA4-ICACHE","","","","","","FIELD-MEM-READ-BW","not_found","Architecture source set was checked for an implementation-independent read-bandwidth value at this memory level.","completed","2026-08-12","M2NA|component|COMP-M2NA-CDNA4-ICACHE|FIELD-MEM-READ-BW","draft","Existing value_available rows take precedence through key de-duplication."
"REQ-M2NA-GAP-0142","","COMP-M2NA-CDNA4-ICACHE","","","","","","FIELD-MEM-WRITE-BW","not_found","Architecture source set was checked for an implementation-independent write-bandwidth value at this memory level.","completed","2026-08-12","M2NA|component|COMP-M2NA-CDNA4-ICACHE|FIELD-MEM-WRITE-BW","draft","Existing value_available rows take precedence through key de-duplication."
"REQ-M2NA-GAP-0143","","COMP-M2NA-CDNA5-LDS","","","","","","FIELD-MEM-READ-BW","not_found","Architecture source set was checked for an implementation-independent read-bandwidth value at this memory level.","completed","2026-08-12","M2NA|component|COMP-M2NA-CDNA5-LDS|FIELD-MEM-READ-BW","draft","Existing value_available rows take precedence through key de-duplication."
"REQ-M2NA-GAP-0144","","COMP-M2NA-CDNA5-LDS","","","","","","FIELD-MEM-WRITE-BW","not_found","Architecture source set was checked for an implementation-independent write-bandwidth value at this memory level.","completed","2026-08-12","M2NA|component|COMP-M2NA-CDNA5-LDS|FIELD-MEM-WRITE-BW","draft","Existing value_available rows take precedence through key de-duplication."
"REQ-M2NA-GAP-0145","","COMP-M2NA-CDNA5-VCACHE","","","","","","FIELD-MEM-READ-BW","not_found","Architecture source set was checked for an implementation-independent read-bandwidth value at this memory level.","completed","2026-08-12","M2NA|component|COMP-M2NA-CDNA5-VCACHE|FIELD-MEM-READ-BW","draft","Existing value_available rows take precedence through key de-duplication."
"REQ-M2NA-GAP-0146","","COMP-M2NA-CDNA5-VCACHE","","","","","","FIELD-MEM-WRITE-BW","not_found","Architecture source set was checked for an implementation-independent write-bandwidth value at this memory level.","completed","2026-08-12","M2NA|component|COMP-M2NA-CDNA5-VCACHE|FIELD-MEM-WRITE-BW","draft","Existing value_available rows take precedence through key de-duplication."
"REQ-M2NA-GAP-0147","","COMP-M2NA-CDNA5-CCACHE","","","","","","FIELD-MEM-READ-BW","not_found","Architecture source set was checked for an implementation-independent read-bandwidth value at this memory level.","completed","2026-08-12","M2NA|component|COMP-M2NA-CDNA5-CCACHE|FIELD-MEM-READ-BW","draft","Existing value_available rows take precedence through key de-duplication."
"REQ-M2NA-GAP-0148","","COMP-M2NA-CDNA5-CCACHE","","","","","","FIELD-MEM-WRITE-BW","not_found","Architecture source set was checked for an implementation-independent write-bandwidth value at this memory level.","completed","2026-08-12","M2NA|component|COMP-M2NA-CDNA5-CCACHE|FIELD-MEM-WRITE-BW","draft","Existing value_available rows take precedence through key de-duplication."
"REQ-M2NA-GAP-0149","","COMP-M2NA-CDNA5-ICACHE","","","","","","FIELD-MEM-READ-BW","not_found","Architecture source set was checked for an implementation-independent read-bandwidth value at this memory level.","completed","2026-08-12","M2NA|component|COMP-M2NA-CDNA5-ICACHE|FIELD-MEM-READ-BW","draft","Existing value_available rows take precedence through key de-duplication."
"REQ-M2NA-GAP-0150","","COMP-M2NA-CDNA5-ICACHE","","","","","","FIELD-MEM-WRITE-BW","not_found","Architecture source set was checked for an implementation-independent write-bandwidth value at this memory level.","completed","2026-08-12","M2NA|component|COMP-M2NA-CDNA5-ICACHE|FIELD-MEM-WRITE-BW","draft","Existing value_available rows take precedence through key de-duplication."
"REQ-M2NA-GAP-0151","","","LINK-M2NA-AMPERE-NVLINK3","","","","","FIELD-INT-AGGREGATE-BW","not_applicable","The link record captures an architecture-level mechanism; published aggregate bandwidths in the checked sources are tied to a physical package, device or system implementation.","completed","2026-08-12","M2NA|link|LINK-M2NA-AMPERE-NVLINK3|FIELD-INT-AGGREGATE-BW","draft","Keep the protocol/mechanism definition; stage numeric implementation values separately."
"REQ-M2NA-GAP-0152","","","LINK-M2NA-BLACKWELL-NVHBI","","","","","FIELD-INT-AGGREGATE-BW","not_applicable","The link record captures an architecture-level mechanism; published aggregate bandwidths in the checked sources are tied to a physical package, device or system implementation.","completed","2026-08-12","M2NA|link|LINK-M2NA-BLACKWELL-NVHBI|FIELD-INT-AGGREGATE-BW","draft","Keep the protocol/mechanism definition; stage numeric implementation values separately."
"REQ-M2NA-GAP-0153","","","LINK-M2NA-BLACKWELL-NVLINK5","","","","","FIELD-INT-AGGREGATE-BW","not_applicable","The link record captures an architecture-level mechanism; published aggregate bandwidths in the checked sources are tied to a physical package, device or system implementation.","completed","2026-08-12","M2NA|link|LINK-M2NA-BLACKWELL-NVLINK5|FIELD-INT-AGGREGATE-BW","draft","Keep the protocol/mechanism definition; stage numeric implementation values separately."
"REQ-M2NA-GAP-0155","","","LINK-M2NA-RUBIN-NVLINK","","","","","FIELD-INT-AGGREGATE-BW","not_applicable","The link record captures an architecture-level mechanism; published aggregate bandwidths in the checked sources are tied to a physical package, device or system implementation.","completed","2026-08-12","M2NA|link|LINK-M2NA-RUBIN-NVLINK|FIELD-INT-AGGREGATE-BW","draft","Keep the protocol/mechanism definition; stage numeric implementation values separately."
"REQ-M2NA-GAP-0156","","","LINK-M2NA-CDNA2-IF-PKG","","","","","FIELD-INT-AGGREGATE-BW","not_applicable","The link record captures an architecture-level mechanism; published aggregate bandwidths in the checked sources are tied to a physical package, device or system implementation.","completed","2026-08-12","M2NA|link|LINK-M2NA-CDNA2-IF-PKG|FIELD-INT-AGGREGATE-BW","draft","Keep the protocol/mechanism definition; stage numeric implementation values separately."
"REQ-M2NA-GAP-0157","","","LINK-M2NA-CDNA2-IF-P2P","","","","","FIELD-INT-AGGREGATE-BW","not_applicable","The link record captures an architecture-level mechanism; published aggregate bandwidths in the checked sources are tied to a physical package, device or system implementation.","completed","2026-08-12","M2NA|link|LINK-M2NA-CDNA2-IF-P2P|FIELD-INT-AGGREGATE-BW","draft","Keep the protocol/mechanism definition; stage numeric implementation values separately."
"REQ-M2NA-GAP-0158","","","LINK-M2NA-CDNA3-IF-PKG","","","","","FIELD-INT-AGGREGATE-BW","not_applicable","The link record captures an architecture-level mechanism; published aggregate bandwidths in the checked sources are tied to a physical package, device or system implementation.","completed","2026-08-12","M2NA|link|LINK-M2NA-CDNA3-IF-PKG|FIELD-INT-AGGREGATE-BW","draft","Keep the protocol/mechanism definition; stage numeric implementation values separately."
"REQ-M2NA-GAP-0159","","","LINK-M2NA-CDNA3-IF-P2P","","","","","FIELD-INT-AGGREGATE-BW","not_applicable","The link record captures an architecture-level mechanism; published aggregate bandwidths in the checked sources are tied to a physical package, device or system implementation.","completed","2026-08-12","M2NA|link|LINK-M2NA-CDNA3-IF-P2P|FIELD-INT-AGGREGATE-BW","draft","Keep the protocol/mechanism definition; stage numeric implementation values separately."
"REQ-M2NA-GAP-0160","","","LINK-M2NA-CDNA4-IF-PKG","","","","","FIELD-INT-AGGREGATE-BW","not_applicable","The link record captures an architecture-level mechanism; published aggregate bandwidths in the checked sources are tied to a physical package, device or system implementation.","completed","2026-08-12","M2NA|link|LINK-M2NA-CDNA4-IF-PKG|FIELD-INT-AGGREGATE-BW","draft","Keep the protocol/mechanism definition; stage numeric implementation values separately."
"REQ-M2NA-GAP-0161","","","LINK-M2NA-CDNA4-IF-P2P","","","","","FIELD-INT-AGGREGATE-BW","not_applicable","The link record captures an architecture-level mechanism; published aggregate bandwidths in the checked sources are tied to a physical package, device or system implementation.","completed","2026-08-12","M2NA|link|LINK-M2NA-CDNA4-IF-P2P|FIELD-INT-AGGREGATE-BW","draft","Keep the protocol/mechanism definition; stage numeric implementation values separately."
"REQ-M2NA-GAP-0162","","","LINK-M2NA-CDNA5-IF-PKG","","","","","FIELD-INT-AGGREGATE-BW","not_applicable","The link record captures an architecture-level mechanism; published aggregate bandwidths in the checked sources are tied to a physical package, device or system implementation.","completed","2026-08-12","M2NA|link|LINK-M2NA-CDNA5-IF-PKG|FIELD-INT-AGGREGATE-BW","draft","Keep the protocol/mechanism definition; stage numeric implementation values separately."
"REQ-M2NA-GAP-0163","","","","","","CAP-M2NA-AMPERE-MOE","","FIELD-CAP-IMPLEMENTATION-LEVEL","not_found","Checked for a dedicated MoE-routing or top-k module/instruction rather than a software implementation on general compute.","completed","2026-08-12","M2NA|capability|CAP-M2NA-AMPERE-MOE|FIELD-CAP-IMPLEMENTATION-LEVEL","draft","No dedicated implementation is claimed unless a first-party source states it explicitly."
"REQ-M2NA-GAP-0164","","","","","","CAP-M2NA-AMPERE-TOPK","","FIELD-CAP-IMPLEMENTATION-LEVEL","not_found","Checked for a dedicated MoE-routing or top-k module/instruction rather than a software implementation on general compute.","completed","2026-08-12","M2NA|capability|CAP-M2NA-AMPERE-TOPK|FIELD-CAP-IMPLEMENTATION-LEVEL","draft","No dedicated implementation is claimed unless a first-party source states it explicitly."
"REQ-M2NA-GAP-0165","","","","","","CAP-M2NA-ADA-MOE","","FIELD-CAP-IMPLEMENTATION-LEVEL","not_found","Checked for a dedicated MoE-routing or top-k module/instruction rather than a software implementation on general compute.","completed","2026-08-12","M2NA|capability|CAP-M2NA-ADA-MOE|FIELD-CAP-IMPLEMENTATION-LEVEL","draft","No dedicated implementation is claimed unless a first-party source states it explicitly."
"REQ-M2NA-GAP-0166","","","","","","CAP-M2NA-ADA-TOPK","","FIELD-CAP-IMPLEMENTATION-LEVEL","not_found","Checked for a dedicated MoE-routing or top-k module/instruction rather than a software implementation on general compute.","completed","2026-08-12","M2NA|capability|CAP-M2NA-ADA-TOPK|FIELD-CAP-IMPLEMENTATION-LEVEL","draft","No dedicated implementation is claimed unless a first-party source states it explicitly."
"REQ-M2NA-GAP-0167","","","","","","CAP-M2NA-BLACKWELL-MOE","","FIELD-CAP-IMPLEMENTATION-LEVEL","not_found","Checked for a dedicated MoE-routing or top-k module/instruction rather than a software implementation on general compute.","completed","2026-08-12","M2NA|capability|CAP-M2NA-BLACKWELL-MOE|FIELD-CAP-IMPLEMENTATION-LEVEL","draft","No dedicated implementation is claimed unless a first-party source states it explicitly."
"REQ-M2NA-GAP-0168","","","","","","CAP-M2NA-BLACKWELL-TOPK","","FIELD-CAP-IMPLEMENTATION-LEVEL","not_found","Checked for a dedicated MoE-routing or top-k module/instruction rather than a software implementation on general compute.","completed","2026-08-12","M2NA|capability|CAP-M2NA-BLACKWELL-TOPK|FIELD-CAP-IMPLEMENTATION-LEVEL","draft","No dedicated implementation is claimed unless a first-party source states it explicitly."
"REQ-M2NA-GAP-0169","","","","","","CAP-M2NA-BLACKWELL-ULTRA-MOE","","FIELD-CAP-IMPLEMENTATION-LEVEL","not_found","Checked for a dedicated MoE-routing or top-k module/instruction rather than a software implementation on general compute.","completed","2026-08-12","M2NA|capability|CAP-M2NA-BLACKWELL-ULTRA-MOE|FIELD-CAP-IMPLEMENTATION-LEVEL","draft","No dedicated implementation is claimed unless a first-party source states it explicitly."
"REQ-M2NA-GAP-0170","","","","","","CAP-M2NA-BLACKWELL-ULTRA-TOPK","","FIELD-CAP-IMPLEMENTATION-LEVEL","not_found","Checked for a dedicated MoE-routing or top-k module/instruction rather than a software implementation on general compute.","completed","2026-08-12","M2NA|capability|CAP-M2NA-BLACKWELL-ULTRA-TOPK|FIELD-CAP-IMPLEMENTATION-LEVEL","draft","No dedicated implementation is claimed unless a first-party source states it explicitly."
"REQ-M2NA-GAP-0171","","","","","","CAP-M2NA-RUBIN-MOE","","FIELD-CAP-IMPLEMENTATION-LEVEL","pending_verification","Checked for a dedicated MoE-routing or top-k module/instruction rather than a software implementation on general compute.","in_progress","2026-08-12","M2NA|capability|CAP-M2NA-RUBIN-MOE|FIELD-CAP-IMPLEMENTATION-LEVEL","needs_resolution","No dedicated implementation is claimed unless a first-party source states it explicitly."
"REQ-M2NA-GAP-0172","","","","","","CAP-M2NA-RUBIN-TOPK","","FIELD-CAP-IMPLEMENTATION-LEVEL","pending_verification","Checked for a dedicated MoE-routing or top-k module/instruction rather than a software implementation on general compute.","in_progress","2026-08-12","M2NA|capability|CAP-M2NA-RUBIN-TOPK|FIELD-CAP-IMPLEMENTATION-LEVEL","needs_resolution","No dedicated implementation is claimed unless a first-party source states it explicitly."
"REQ-M2NA-GAP-0173","","","","","","CAP-M2NA-CDNA2-MOE","","FIELD-CAP-IMPLEMENTATION-LEVEL","not_found","Checked for a dedicated MoE-routing or top-k module/instruction rather than a software implementation on general compute.","completed","2026-08-12","M2NA|capability|CAP-M2NA-CDNA2-MOE|FIELD-CAP-IMPLEMENTATION-LEVEL","draft","No dedicated implementation is claimed unless a first-party source states it explicitly."
"REQ-M2NA-GAP-0174","","","","","","CAP-M2NA-CDNA2-TOPK","","FIELD-CAP-IMPLEMENTATION-LEVEL","not_found","Checked for a dedicated MoE-routing or top-k module/instruction rather than a software implementation on general compute.","completed","2026-08-12","M2NA|capability|CAP-M2NA-CDNA2-TOPK|FIELD-CAP-IMPLEMENTATION-LEVEL","draft","No dedicated implementation is claimed unless a first-party source states it explicitly."
"REQ-M2NA-GAP-0175","","","","","","CAP-M2NA-CDNA3-MOE","","FIELD-CAP-IMPLEMENTATION-LEVEL","not_found","Checked for a dedicated MoE-routing or top-k module/instruction rather than a software implementation on general compute.","completed","2026-08-12","M2NA|capability|CAP-M2NA-CDNA3-MOE|FIELD-CAP-IMPLEMENTATION-LEVEL","draft","No dedicated implementation is claimed unless a first-party source states it explicitly."
"REQ-M2NA-GAP-0176","","","","","","CAP-M2NA-CDNA3-TOPK","","FIELD-CAP-IMPLEMENTATION-LEVEL","not_found","Checked for a dedicated MoE-routing or top-k module/instruction rather than a software implementation on general compute.","completed","2026-08-12","M2NA|capability|CAP-M2NA-CDNA3-TOPK|FIELD-CAP-IMPLEMENTATION-LEVEL","draft","No dedicated implementation is claimed unless a first-party source states it explicitly."
"REQ-M2NA-GAP-0177","","","","","","CAP-M2NA-CDNA4-MOE","","FIELD-CAP-IMPLEMENTATION-LEVEL","not_found","Checked for a dedicated MoE-routing or top-k module/instruction rather than a software implementation on general compute.","completed","2026-08-12","M2NA|capability|CAP-M2NA-CDNA4-MOE|FIELD-CAP-IMPLEMENTATION-LEVEL","draft","No dedicated implementation is claimed unless a first-party source states it explicitly."
"REQ-M2NA-GAP-0178","","","","","","CAP-M2NA-CDNA4-TOPK","","FIELD-CAP-IMPLEMENTATION-LEVEL","not_found","Checked for a dedicated MoE-routing or top-k module/instruction rather than a software implementation on general compute.","completed","2026-08-12","M2NA|capability|CAP-M2NA-CDNA4-TOPK|FIELD-CAP-IMPLEMENTATION-LEVEL","draft","No dedicated implementation is claimed unless a first-party source states it explicitly."
"REQ-M2NA-GAP-0179","","","","","","CAP-M2NA-CDNA5-MOE","","FIELD-CAP-IMPLEMENTATION-LEVEL","not_found","Checked for a dedicated MoE-routing or top-k module/instruction rather than a software implementation on general compute.","completed","2026-08-12","M2NA|capability|CAP-M2NA-CDNA5-MOE|FIELD-CAP-IMPLEMENTATION-LEVEL","draft","No dedicated implementation is claimed unless a first-party source states it explicitly."
"REQ-M2NA-GAP-0180","","","","","","CAP-M2NA-CDNA5-TOPK","","FIELD-CAP-IMPLEMENTATION-LEVEL","not_found","Checked for a dedicated MoE-routing or top-k module/instruction rather than a software implementation on general compute.","completed","2026-08-12","M2NA|capability|CAP-M2NA-CDNA5-TOPK|FIELD-CAP-IMPLEMENTATION-LEVEL","draft","No dedicated implementation is claimed unless a first-party source states it explicitly."
"REQ-M2NA-GAP-0181","","","","","","CAP-M2NA-CDNA6-MOE","","FIELD-CAP-IMPLEMENTATION-LEVEL","pending_verification","Checked for a dedicated MoE-routing or top-k module/instruction rather than a software implementation on general compute.","in_progress","2026-08-12","M2NA|capability|CAP-M2NA-CDNA6-MOE|FIELD-CAP-IMPLEMENTATION-LEVEL","needs_resolution","No dedicated implementation is claimed unless a first-party source states it explicitly."
"REQ-M2NA-GAP-0182","","","","","","CAP-M2NA-CDNA6-TOPK","","FIELD-CAP-IMPLEMENTATION-LEVEL","pending_verification","Checked for a dedicated MoE-routing or top-k module/instruction rather than a software implementation on general compute.","in_progress","2026-08-12","M2NA|capability|CAP-M2NA-CDNA6-TOPK|FIELD-CAP-IMPLEMENTATION-LEVEL","needs_resolution","No dedicated implementation is claimed unless a first-party source states it explicitly."
