"signoff_row_id","authorization_scope","action_type","target_path","pk_column","pk_value","source_path","source_sha256","formal_target_premerge_sha256","formal_premerge_presence","formal_existing_review_status","candidate_pre_review_status","authorized_review_status","semantic_status_after","semantic_status_preserved","expected_output_sha256","expected_output_bytes","binding_id","freeze_aggregate_sha256","freeze_manifest_sha256","lifecycle_candidate_sha256","formal_baseline_aggregate_sha256","reviewer","review_date","verdict","notes"
"AWS-SIGN-0001","lifecycle_pk_write","append_then_promote_review_status","数据/card-completeness.csv","card_completeness_id","COMPLETE-M2W2-AWS-INF1-IDENTITY","审计/子代理交接/m2_staging/M2-W2-AWS-PACKAGE-FACTS-REMEDIATED/structured/card-completeness.csv","8da6b5bac7dee7c4ded02ee0bb2bcf881e01638e5d2dfb31a457917ba3eb5dc4","bc0c35e1dd5cc166cbfd65ea0f1fe5525c5340005e1005ab059e85061976f6cc","absent","","draft","reviewed","completeness_status=partial","true","","","LCM-M2W2-AWS-PKG-0001","46fd41d8b19a82dc22c24ddee5c1b4e3534cacfe56bc4258cd1c9756ed67b552","74fe487790a0d2fbcaf012c1d60b409fd065dad5480a769843c28dab070036c4","f2682bdaf3ee4bee58aa95e20aa60461cc96a1f1fbc20a04b93bdcd2e98bc880","d10ad305a820f0fc1db7f2bf7030ca149ea7b556ceacd0a32d593f08a7cc01ff","m2_final_review_aws_package","2026-08-13","accept","只授权此 PK 按冻结来源行执行 write_action；除 review_status 外，写入语义列必须与 source_path 中该 PK 完全一致。package_review、independent_signoff 与 freeze_binding_status 由本签字和三项冻结哈希闭合。rebase_binding=AWS-SIGNOFF-REBASE-GOOGLE-SOURCE-GATE-20260813;post_field_rebase_binding=AWS-SIGNOFF-POST-FIELD-CONTRACT-20260813"
"AWS-SIGN-0002","lifecycle_pk_write","append_then_promote_review_status","数据/card-completeness.csv","card_completeness_id","COMPLETE-M2W2-AWS-INF1-PHYSICAL","审计/子代理交接/m2_staging/M2-W2-AWS-PACKAGE-FACTS-REMEDIATED/structured/card-completeness.csv","8da6b5bac7dee7c4ded02ee0bb2bcf881e01638e5d2dfb31a457917ba3eb5dc4","bc0c35e1dd5cc166cbfd65ea0f1fe5525c5340005e1005ab059e85061976f6cc","absent","","draft","reviewed","completeness_status=missing_public_data","true","","","LCM-M2W2-AWS-PKG-0002","46fd41d8b19a82dc22c24ddee5c1b4e3534cacfe56bc4258cd1c9756ed67b552","74fe487790a0d2fbcaf012c1d60b409fd065dad5480a769843c28dab070036c4","f2682bdaf3ee4bee58aa95e20aa60461cc96a1f1fbc20a04b93bdcd2e98bc880","d10ad305a820f0fc1db7f2bf7030ca149ea7b556ceacd0a32d593f08a7cc01ff","m2_final_review_aws_package","2026-08-13","accept","只授权此 PK 按冻结来源行执行 write_action；除 review_status 外，写入语义列必须与 source_path 中该 PK 完全一致。package_review、independent_signoff 与 freeze_binding_status 由本签字和三项冻结哈希闭合。rebase_binding=AWS-SIGNOFF-REBASE-GOOGLE-SOURCE-GATE-20260813;post_field_rebase_binding=AWS-SIGNOFF-POST-FIELD-CONTRACT-20260813"
"AWS-SIGN-0003","lifecycle_pk_write","append_then_promote_review_status","数据/card-completeness.csv","card_completeness_id","COMPLETE-M2W2-AWS-INF1-COMPUTE","审计/子代理交接/m2_staging/M2-W2-AWS-PACKAGE-FACTS-REMEDIATED/structured/card-completeness.csv","8da6b5bac7dee7c4ded02ee0bb2bcf881e01638e5d2dfb31a457917ba3eb5dc4","bc0c35e1dd5cc166cbfd65ea0f1fe5525c5340005e1005ab059e85061976f6cc","absent","","draft","reviewed","completeness_status=partial","true","","","LCM-M2W2-AWS-PKG-0003","46fd41d8b19a82dc22c24ddee5c1b4e3534cacfe56bc4258cd1c9756ed67b552","74fe487790a0d2fbcaf012c1d60b409fd065dad5480a769843c28dab070036c4","f2682bdaf3ee4bee58aa95e20aa60461cc96a1f1fbc20a04b93bdcd2e98bc880","d10ad305a820f0fc1db7f2bf7030ca149ea7b556ceacd0a32d593f08a7cc01ff","m2_final_review_aws_package","2026-08-13","accept","只授权此 PK 按冻结来源行执行 write_action；除 review_status 外，写入语义列必须与 source_path 中该 PK 完全一致。package_review、independent_signoff 与 freeze_binding_status 由本签字和三项冻结哈希闭合。rebase_binding=AWS-SIGNOFF-REBASE-GOOGLE-SOURCE-GATE-20260813;post_field_rebase_binding=AWS-SIGNOFF-POST-FIELD-CONTRACT-20260813"
"AWS-SIGN-0004","lifecycle_pk_write","append_then_promote_review_status","数据/card-completeness.csv","card_completeness_id","COMPLETE-M2W2-AWS-INF1-NUMERICS","审计/子代理交接/m2_staging/M2-W2-AWS-PACKAGE-FACTS-REMEDIATED/structured/card-completeness.csv","8da6b5bac7dee7c4ded02ee0bb2bcf881e01638e5d2dfb31a457917ba3eb5dc4","bc0c35e1dd5cc166cbfd65ea0f1fe5525c5340005e1005ab059e85061976f6cc","absent","","draft","reviewed","completeness_status=partial","true","","","LCM-M2W2-AWS-PKG-0004","46fd41d8b19a82dc22c24ddee5c1b4e3534cacfe56bc4258cd1c9756ed67b552","74fe487790a0d2fbcaf012c1d60b409fd065dad5480a769843c28dab070036c4","f2682bdaf3ee4bee58aa95e20aa60461cc96a1f1fbc20a04b93bdcd2e98bc880","d10ad305a820f0fc1db7f2bf7030ca149ea7b556ceacd0a32d593f08a7cc01ff","m2_final_review_aws_package","2026-08-13","accept","只授权此 PK 按冻结来源行执行 write_action；除 review_status 外，写入语义列必须与 source_path 中该 PK 完全一致。package_review、independent_signoff 与 freeze_binding_status 由本签字和三项冻结哈希闭合。rebase_binding=AWS-SIGNOFF-REBASE-GOOGLE-SOURCE-GATE-20260813;post_field_rebase_binding=AWS-SIGNOFF-POST-FIELD-CONTRACT-20260813"
"AWS-SIGN-0005","lifecycle_pk_write","append_then_promote_review_status","数据/card-completeness.csv","card_completeness_id","COMPLETE-M2W2-AWS-INF1-MEMORY","审计/子代理交接/m2_staging/M2-W2-AWS-PACKAGE-FACTS-REMEDIATED/structured/card-completeness.csv","8da6b5bac7dee7c4ded02ee0bb2bcf881e01638e5d2dfb31a457917ba3eb5dc4","bc0c35e1dd5cc166cbfd65ea0f1fe5525c5340005e1005ab059e85061976f6cc","absent","","draft","reviewed","completeness_status=partial","true","","","LCM-M2W2-AWS-PKG-0005","46fd41d8b19a82dc22c24ddee5c1b4e3534cacfe56bc4258cd1c9756ed67b552","74fe487790a0d2fbcaf012c1d60b409fd065dad5480a769843c28dab070036c4","f2682bdaf3ee4bee58aa95e20aa60461cc96a1f1fbc20a04b93bdcd2e98bc880","d10ad305a820f0fc1db7f2bf7030ca149ea7b556ceacd0a32d593f08a7cc01ff","m2_final_review_aws_package","2026-08-13","accept","只授权此 PK 按冻结来源行执行 write_action；除 review_status 外，写入语义列必须与 source_path 中该 PK 完全一致。package_review、independent_signoff 与 freeze_binding_status 由本签字和三项冻结哈希闭合。rebase_binding=AWS-SIGNOFF-REBASE-GOOGLE-SOURCE-GATE-20260813;post_field_rebase_binding=AWS-SIGNOFF-POST-FIELD-CONTRACT-20260813"
"AWS-SIGN-0006","lifecycle_pk_write","append_then_promote_review_status","数据/card-completeness.csv","card_completeness_id","COMPLETE-M2W2-AWS-INF1-INTERCONNECT","审计/子代理交接/m2_staging/M2-W2-AWS-PACKAGE-FACTS-REMEDIATED/structured/card-completeness.csv","8da6b5bac7dee7c4ded02ee0bb2bcf881e01638e5d2dfb31a457917ba3eb5dc4","bc0c35e1dd5cc166cbfd65ea0f1fe5525c5340005e1005ab059e85061976f6cc","absent","","draft","reviewed","completeness_status=missing_public_data","true","","","LCM-M2W2-AWS-PKG-0006","46fd41d8b19a82dc22c24ddee5c1b4e3534cacfe56bc4258cd1c9756ed67b552","74fe487790a0d2fbcaf012c1d60b409fd065dad5480a769843c28dab070036c4","f2682bdaf3ee4bee58aa95e20aa60461cc96a1f1fbc20a04b93bdcd2e98bc880","d10ad305a820f0fc1db7f2bf7030ca149ea7b556ceacd0a32d593f08a7cc01ff","m2_final_review_aws_package","2026-08-13","accept","只授权此 PK 按冻结来源行执行 write_action；除 review_status 外，写入语义列必须与 source_path 中该 PK 完全一致。package_review、independent_signoff 与 freeze_binding_status 由本签字和三项冻结哈希闭合。rebase_binding=AWS-SIGNOFF-REBASE-GOOGLE-SOURCE-GATE-20260813;post_field_rebase_binding=AWS-SIGNOFF-POST-FIELD-CONTRACT-20260813"
"AWS-SIGN-0007","lifecycle_pk_write","append_then_promote_review_status","数据/card-completeness.csv","card_completeness_id","COMPLETE-M2W2-AWS-INF1-SPECIAL_ENGINES","审计/子代理交接/m2_staging/M2-W2-AWS-PACKAGE-FACTS-REMEDIATED/structured/card-completeness.csv","8da6b5bac7dee7c4ded02ee0bb2bcf881e01638e5d2dfb31a457917ba3eb5dc4","bc0c35e1dd5cc166cbfd65ea0f1fe5525c5340005e1005ab059e85061976f6cc","absent","","draft","reviewed","completeness_status=missing_public_data","true","","","LCM-M2W2-AWS-PKG-0007","46fd41d8b19a82dc22c24ddee5c1b4e3534cacfe56bc4258cd1c9756ed67b552","74fe487790a0d2fbcaf012c1d60b409fd065dad5480a769843c28dab070036c4","f2682bdaf3ee4bee58aa95e20aa60461cc96a1f1fbc20a04b93bdcd2e98bc880","d10ad305a820f0fc1db7f2bf7030ca149ea7b556ceacd0a32d593f08a7cc01ff","m2_final_review_aws_package","2026-08-13","accept","只授权此 PK 按冻结来源行执行 write_action；除 review_status 外，写入语义列必须与 source_path 中该 PK 完全一致。package_review、independent_signoff 与 freeze_binding_status 由本签字和三项冻结哈希闭合。rebase_binding=AWS-SIGNOFF-REBASE-GOOGLE-SOURCE-GATE-20260813;post_field_rebase_binding=AWS-SIGNOFF-POST-FIELD-CONTRACT-20260813"
"AWS-SIGN-0008","lifecycle_pk_write","append_then_promote_review_status","数据/card-completeness.csv","card_completeness_id","COMPLETE-M2W2-AWS-INF1-SOFTWARE","审计/子代理交接/m2_staging/M2-W2-AWS-PACKAGE-FACTS-REMEDIATED/structured/card-completeness.csv","8da6b5bac7dee7c4ded02ee0bb2bcf881e01638e5d2dfb31a457917ba3eb5dc4","bc0c35e1dd5cc166cbfd65ea0f1fe5525c5340005e1005ab059e85061976f6cc","absent","","draft","reviewed","completeness_status=not_applicable","true","","","LCM-M2W2-AWS-PKG-0008","46fd41d8b19a82dc22c24ddee5c1b4e3534cacfe56bc4258cd1c9756ed67b552","74fe487790a0d2fbcaf012c1d60b409fd065dad5480a769843c28dab070036c4","f2682bdaf3ee4bee58aa95e20aa60461cc96a1f1fbc20a04b93bdcd2e98bc880","d10ad305a820f0fc1db7f2bf7030ca149ea7b556ceacd0a32d593f08a7cc01ff","m2_final_review_aws_package","2026-08-13","accept","只授权此 PK 按冻结来源行执行 write_action；除 review_status 外，写入语义列必须与 source_path 中该 PK 完全一致。package_review、independent_signoff 与 freeze_binding_status 由本签字和三项冻结哈希闭合。rebase_binding=AWS-SIGNOFF-REBASE-GOOGLE-SOURCE-GATE-20260813;post_field_rebase_binding=AWS-SIGNOFF-POST-FIELD-CONTRACT-20260813"
"AWS-SIGN-0009","lifecycle_pk_write","append_then_promote_review_status","数据/card-completeness.csv","card_completeness_id","COMPLETE-M2W2-AWS-INF1-EVIDENCE","审计/子代理交接/m2_staging/M2-W2-AWS-PACKAGE-FACTS-REMEDIATED/structured/card-completeness.csv","8da6b5bac7dee7c4ded02ee0bb2bcf881e01638e5d2dfb31a457917ba3eb5dc4","bc0c35e1dd5cc166cbfd65ea0f1fe5525c5340005e1005ab059e85061976f6cc","absent","","draft","reviewed","completeness_status=needs_review","true","","","LCM-M2W2-AWS-PKG-0009","46fd41d8b19a82dc22c24ddee5c1b4e3534cacfe56bc4258cd1c9756ed67b552","74fe487790a0d2fbcaf012c1d60b409fd065dad5480a769843c28dab070036c4","f2682bdaf3ee4bee58aa95e20aa60461cc96a1f1fbc20a04b93bdcd2e98bc880","d10ad305a820f0fc1db7f2bf7030ca149ea7b556ceacd0a32d593f08a7cc01ff","m2_final_review_aws_package","2026-08-13","accept","只授权此 PK 按冻结来源行执行 write_action；除 review_status 外，写入语义列必须与 source_path 中该 PK 完全一致。package_review、independent_signoff 与 freeze_binding_status 由本签字和三项冻结哈希闭合。rebase_binding=AWS-SIGNOFF-REBASE-GOOGLE-SOURCE-GATE-20260813;post_field_rebase_binding=AWS-SIGNOFF-POST-FIELD-CONTRACT-20260813"
"AWS-SIGN-0010","lifecycle_pk_write","append_then_promote_review_status","数据/card-completeness.csv","card_completeness_id","COMPLETE-M2W2-AWS-TRN1-IDENTITY","审计/子代理交接/m2_staging/M2-W2-AWS-PACKAGE-FACTS-REMEDIATED/structured/card-completeness.csv","8da6b5bac7dee7c4ded02ee0bb2bcf881e01638e5d2dfb31a457917ba3eb5dc4","bc0c35e1dd5cc166cbfd65ea0f1fe5525c5340005e1005ab059e85061976f6cc","absent","","draft","reviewed","completeness_status=partial","true","","","LCM-M2W2-AWS-PKG-0010","46fd41d8b19a82dc22c24ddee5c1b4e3534cacfe56bc4258cd1c9756ed67b552","74fe487790a0d2fbcaf012c1d60b409fd065dad5480a769843c28dab070036c4","f2682bdaf3ee4bee58aa95e20aa60461cc96a1f1fbc20a04b93bdcd2e98bc880","d10ad305a820f0fc1db7f2bf7030ca149ea7b556ceacd0a32d593f08a7cc01ff","m2_final_review_aws_package","2026-08-13","accept","只授权此 PK 按冻结来源行执行 write_action；除 review_status 外，写入语义列必须与 source_path 中该 PK 完全一致。package_review、independent_signoff 与 freeze_binding_status 由本签字和三项冻结哈希闭合。rebase_binding=AWS-SIGNOFF-REBASE-GOOGLE-SOURCE-GATE-20260813;post_field_rebase_binding=AWS-SIGNOFF-POST-FIELD-CONTRACT-20260813"
"AWS-SIGN-0011","lifecycle_pk_write","append_then_promote_review_status","数据/card-completeness.csv","card_completeness_id","COMPLETE-M2W2-AWS-TRN1-PHYSICAL","审计/子代理交接/m2_staging/M2-W2-AWS-PACKAGE-FACTS-REMEDIATED/structured/card-completeness.csv","8da6b5bac7dee7c4ded02ee0bb2bcf881e01638e5d2dfb31a457917ba3eb5dc4","bc0c35e1dd5cc166cbfd65ea0f1fe5525c5340005e1005ab059e85061976f6cc","absent","","draft","reviewed","completeness_status=missing_public_data","true","","","LCM-M2W2-AWS-PKG-0011","46fd41d8b19a82dc22c24ddee5c1b4e3534cacfe56bc4258cd1c9756ed67b552","74fe487790a0d2fbcaf012c1d60b409fd065dad5480a769843c28dab070036c4","f2682bdaf3ee4bee58aa95e20aa60461cc96a1f1fbc20a04b93bdcd2e98bc880","d10ad305a820f0fc1db7f2bf7030ca149ea7b556ceacd0a32d593f08a7cc01ff","m2_final_review_aws_package","2026-08-13","accept","只授权此 PK 按冻结来源行执行 write_action；除 review_status 外，写入语义列必须与 source_path 中该 PK 完全一致。package_review、independent_signoff 与 freeze_binding_status 由本签字和三项冻结哈希闭合。rebase_binding=AWS-SIGNOFF-REBASE-GOOGLE-SOURCE-GATE-20260813;post_field_rebase_binding=AWS-SIGNOFF-POST-FIELD-CONTRACT-20260813"
"AWS-SIGN-0012","lifecycle_pk_write","append_then_promote_review_status","数据/card-completeness.csv","card_completeness_id","COMPLETE-M2W2-AWS-TRN1-COMPUTE","审计/子代理交接/m2_staging/M2-W2-AWS-PACKAGE-FACTS-REMEDIATED/structured/card-completeness.csv","8da6b5bac7dee7c4ded02ee0bb2bcf881e01638e5d2dfb31a457917ba3eb5dc4","bc0c35e1dd5cc166cbfd65ea0f1fe5525c5340005e1005ab059e85061976f6cc","absent","","draft","reviewed","completeness_status=partial","true","","","LCM-M2W2-AWS-PKG-0012","46fd41d8b19a82dc22c24ddee5c1b4e3534cacfe56bc4258cd1c9756ed67b552","74fe487790a0d2fbcaf012c1d60b409fd065dad5480a769843c28dab070036c4","f2682bdaf3ee4bee58aa95e20aa60461cc96a1f1fbc20a04b93bdcd2e98bc880","d10ad305a820f0fc1db7f2bf7030ca149ea7b556ceacd0a32d593f08a7cc01ff","m2_final_review_aws_package","2026-08-13","accept","只授权此 PK 按冻结来源行执行 write_action；除 review_status 外，写入语义列必须与 source_path 中该 PK 完全一致。package_review、independent_signoff 与 freeze_binding_status 由本签字和三项冻结哈希闭合。rebase_binding=AWS-SIGNOFF-REBASE-GOOGLE-SOURCE-GATE-20260813;post_field_rebase_binding=AWS-SIGNOFF-POST-FIELD-CONTRACT-20260813"
"AWS-SIGN-0013","lifecycle_pk_write","append_then_promote_review_status","数据/card-completeness.csv","card_completeness_id","COMPLETE-M2W2-AWS-TRN1-NUMERICS","审计/子代理交接/m2_staging/M2-W2-AWS-PACKAGE-FACTS-REMEDIATED/structured/card-completeness.csv","8da6b5bac7dee7c4ded02ee0bb2bcf881e01638e5d2dfb31a457917ba3eb5dc4","bc0c35e1dd5cc166cbfd65ea0f1fe5525c5340005e1005ab059e85061976f6cc","absent","","draft","reviewed","completeness_status=partial","true","","","LCM-M2W2-AWS-PKG-0013","46fd41d8b19a82dc22c24ddee5c1b4e3534cacfe56bc4258cd1c9756ed67b552","74fe487790a0d2fbcaf012c1d60b409fd065dad5480a769843c28dab070036c4","f2682bdaf3ee4bee58aa95e20aa60461cc96a1f1fbc20a04b93bdcd2e98bc880","d10ad305a820f0fc1db7f2bf7030ca149ea7b556ceacd0a32d593f08a7cc01ff","m2_final_review_aws_package","2026-08-13","accept","只授权此 PK 按冻结来源行执行 write_action；除 review_status 外，写入语义列必须与 source_path 中该 PK 完全一致。package_review、independent_signoff 与 freeze_binding_status 由本签字和三项冻结哈希闭合。rebase_binding=AWS-SIGNOFF-REBASE-GOOGLE-SOURCE-GATE-20260813;post_field_rebase_binding=AWS-SIGNOFF-POST-FIELD-CONTRACT-20260813"
"AWS-SIGN-0014","lifecycle_pk_write","append_then_promote_review_status","数据/card-completeness.csv","card_completeness_id","COMPLETE-M2W2-AWS-TRN1-MEMORY","审计/子代理交接/m2_staging/M2-W2-AWS-PACKAGE-FACTS-REMEDIATED/structured/card-completeness.csv","8da6b5bac7dee7c4ded02ee0bb2bcf881e01638e5d2dfb31a457917ba3eb5dc4","bc0c35e1dd5cc166cbfd65ea0f1fe5525c5340005e1005ab059e85061976f6cc","absent","","draft","reviewed","completeness_status=partial","true","","","LCM-M2W2-AWS-PKG-0014","46fd41d8b19a82dc22c24ddee5c1b4e3534cacfe56bc4258cd1c9756ed67b552","74fe487790a0d2fbcaf012c1d60b409fd065dad5480a769843c28dab070036c4","f2682bdaf3ee4bee58aa95e20aa60461cc96a1f1fbc20a04b93bdcd2e98bc880","d10ad305a820f0fc1db7f2bf7030ca149ea7b556ceacd0a32d593f08a7cc01ff","m2_final_review_aws_package","2026-08-13","accept","只授权此 PK 按冻结来源行执行 write_action；除 review_status 外，写入语义列必须与 source_path 中该 PK 完全一致。package_review、independent_signoff 与 freeze_binding_status 由本签字和三项冻结哈希闭合。rebase_binding=AWS-SIGNOFF-REBASE-GOOGLE-SOURCE-GATE-20260813;post_field_rebase_binding=AWS-SIGNOFF-POST-FIELD-CONTRACT-20260813"
"AWS-SIGN-0015","lifecycle_pk_write","append_then_promote_review_status","数据/card-completeness.csv","card_completeness_id","COMPLETE-M2W2-AWS-TRN1-INTERCONNECT","审计/子代理交接/m2_staging/M2-W2-AWS-PACKAGE-FACTS-REMEDIATED/structured/card-completeness.csv","8da6b5bac7dee7c4ded02ee0bb2bcf881e01638e5d2dfb31a457917ba3eb5dc4","bc0c35e1dd5cc166cbfd65ea0f1fe5525c5340005e1005ab059e85061976f6cc","absent","","draft","reviewed","completeness_status=partial","true","","","LCM-M2W2-AWS-PKG-0015","46fd41d8b19a82dc22c24ddee5c1b4e3534cacfe56bc4258cd1c9756ed67b552","74fe487790a0d2fbcaf012c1d60b409fd065dad5480a769843c28dab070036c4","f2682bdaf3ee4bee58aa95e20aa60461cc96a1f1fbc20a04b93bdcd2e98bc880","d10ad305a820f0fc1db7f2bf7030ca149ea7b556ceacd0a32d593f08a7cc01ff","m2_final_review_aws_package","2026-08-13","accept","只授权此 PK 按冻结来源行执行 write_action；除 review_status 外，写入语义列必须与 source_path 中该 PK 完全一致。package_review、independent_signoff 与 freeze_binding_status 由本签字和三项冻结哈希闭合。rebase_binding=AWS-SIGNOFF-REBASE-GOOGLE-SOURCE-GATE-20260813;post_field_rebase_binding=AWS-SIGNOFF-POST-FIELD-CONTRACT-20260813"
"AWS-SIGN-0016","lifecycle_pk_write","append_then_promote_review_status","数据/card-completeness.csv","card_completeness_id","COMPLETE-M2W2-AWS-TRN1-SPECIAL_ENGINES","审计/子代理交接/m2_staging/M2-W2-AWS-PACKAGE-FACTS-REMEDIATED/structured/card-completeness.csv","8da6b5bac7dee7c4ded02ee0bb2bcf881e01638e5d2dfb31a457917ba3eb5dc4","bc0c35e1dd5cc166cbfd65ea0f1fe5525c5340005e1005ab059e85061976f6cc","absent","","draft","reviewed","completeness_status=partial","true","","","LCM-M2W2-AWS-PKG-0016","46fd41d8b19a82dc22c24ddee5c1b4e3534cacfe56bc4258cd1c9756ed67b552","74fe487790a0d2fbcaf012c1d60b409fd065dad5480a769843c28dab070036c4","f2682bdaf3ee4bee58aa95e20aa60461cc96a1f1fbc20a04b93bdcd2e98bc880","d10ad305a820f0fc1db7f2bf7030ca149ea7b556ceacd0a32d593f08a7cc01ff","m2_final_review_aws_package","2026-08-13","accept","只授权此 PK 按冻结来源行执行 write_action；除 review_status 外，写入语义列必须与 source_path 中该 PK 完全一致。package_review、independent_signoff 与 freeze_binding_status 由本签字和三项冻结哈希闭合。rebase_binding=AWS-SIGNOFF-REBASE-GOOGLE-SOURCE-GATE-20260813;post_field_rebase_binding=AWS-SIGNOFF-POST-FIELD-CONTRACT-20260813"
"AWS-SIGN-0017","lifecycle_pk_write","append_then_promote_review_status","数据/card-completeness.csv","card_completeness_id","COMPLETE-M2W2-AWS-TRN1-SOFTWARE","审计/子代理交接/m2_staging/M2-W2-AWS-PACKAGE-FACTS-REMEDIATED/structured/card-completeness.csv","8da6b5bac7dee7c4ded02ee0bb2bcf881e01638e5d2dfb31a457917ba3eb5dc4","bc0c35e1dd5cc166cbfd65ea0f1fe5525c5340005e1005ab059e85061976f6cc","absent","","draft","reviewed","completeness_status=not_applicable","true","","","LCM-M2W2-AWS-PKG-0017","46fd41d8b19a82dc22c24ddee5c1b4e3534cacfe56bc4258cd1c9756ed67b552","74fe487790a0d2fbcaf012c1d60b409fd065dad5480a769843c28dab070036c4","f2682bdaf3ee4bee58aa95e20aa60461cc96a1f1fbc20a04b93bdcd2e98bc880","d10ad305a820f0fc1db7f2bf7030ca149ea7b556ceacd0a32d593f08a7cc01ff","m2_final_review_aws_package","2026-08-13","accept","只授权此 PK 按冻结来源行执行 write_action；除 review_status 外，写入语义列必须与 source_path 中该 PK 完全一致。package_review、independent_signoff 与 freeze_binding_status 由本签字和三项冻结哈希闭合。rebase_binding=AWS-SIGNOFF-REBASE-GOOGLE-SOURCE-GATE-20260813;post_field_rebase_binding=AWS-SIGNOFF-POST-FIELD-CONTRACT-20260813"
"AWS-SIGN-0018","lifecycle_pk_write","append_then_promote_review_status","数据/card-completeness.csv","card_completeness_id","COMPLETE-M2W2-AWS-TRN1-EVIDENCE","审计/子代理交接/m2_staging/M2-W2-AWS-PACKAGE-FACTS-REMEDIATED/structured/card-completeness.csv","8da6b5bac7dee7c4ded02ee0bb2bcf881e01638e5d2dfb31a457917ba3eb5dc4","bc0c35e1dd5cc166cbfd65ea0f1fe5525c5340005e1005ab059e85061976f6cc","absent","","draft","reviewed","completeness_status=needs_review","true","","","LCM-M2W2-AWS-PKG-0018","46fd41d8b19a82dc22c24ddee5c1b4e3534cacfe56bc4258cd1c9756ed67b552","74fe487790a0d2fbcaf012c1d60b409fd065dad5480a769843c28dab070036c4","f2682bdaf3ee4bee58aa95e20aa60461cc96a1f1fbc20a04b93bdcd2e98bc880","d10ad305a820f0fc1db7f2bf7030ca149ea7b556ceacd0a32d593f08a7cc01ff","m2_final_review_aws_package","2026-08-13","accept","只授权此 PK 按冻结来源行执行 write_action；除 review_status 外，写入语义列必须与 source_path 中该 PK 完全一致。package_review、independent_signoff 与 freeze_binding_status 由本签字和三项冻结哈希闭合。rebase_binding=AWS-SIGNOFF-REBASE-GOOGLE-SOURCE-GATE-20260813;post_field_rebase_binding=AWS-SIGNOFF-POST-FIELD-CONTRACT-20260813"
"AWS-SIGN-0019","lifecycle_pk_write","append_then_promote_review_status","数据/card-completeness.csv","card_completeness_id","COMPLETE-M2W2-AWS-INF2-IDENTITY","审计/子代理交接/m2_staging/M2-W2-AWS-PACKAGE-FACTS-REMEDIATED/structured/card-completeness.csv","8da6b5bac7dee7c4ded02ee0bb2bcf881e01638e5d2dfb31a457917ba3eb5dc4","bc0c35e1dd5cc166cbfd65ea0f1fe5525c5340005e1005ab059e85061976f6cc","absent","","draft","reviewed","completeness_status=partial","true","","","LCM-M2W2-AWS-PKG-0019","46fd41d8b19a82dc22c24ddee5c1b4e3534cacfe56bc4258cd1c9756ed67b552","74fe487790a0d2fbcaf012c1d60b409fd065dad5480a769843c28dab070036c4","f2682bdaf3ee4bee58aa95e20aa60461cc96a1f1fbc20a04b93bdcd2e98bc880","d10ad305a820f0fc1db7f2bf7030ca149ea7b556ceacd0a32d593f08a7cc01ff","m2_final_review_aws_package","2026-08-13","accept","只授权此 PK 按冻结来源行执行 write_action；除 review_status 外，写入语义列必须与 source_path 中该 PK 完全一致。package_review、independent_signoff 与 freeze_binding_status 由本签字和三项冻结哈希闭合。rebase_binding=AWS-SIGNOFF-REBASE-GOOGLE-SOURCE-GATE-20260813;post_field_rebase_binding=AWS-SIGNOFF-POST-FIELD-CONTRACT-20260813"
"AWS-SIGN-0020","lifecycle_pk_write","append_then_promote_review_status","数据/card-completeness.csv","card_completeness_id","COMPLETE-M2W2-AWS-INF2-PHYSICAL","审计/子代理交接/m2_staging/M2-W2-AWS-PACKAGE-FACTS-REMEDIATED/structured/card-completeness.csv","8da6b5bac7dee7c4ded02ee0bb2bcf881e01638e5d2dfb31a457917ba3eb5dc4","bc0c35e1dd5cc166cbfd65ea0f1fe5525c5340005e1005ab059e85061976f6cc","absent","","draft","reviewed","completeness_status=missing_public_data","true","","","LCM-M2W2-AWS-PKG-0020","46fd41d8b19a82dc22c24ddee5c1b4e3534cacfe56bc4258cd1c9756ed67b552","74fe487790a0d2fbcaf012c1d60b409fd065dad5480a769843c28dab070036c4","f2682bdaf3ee4bee58aa95e20aa60461cc96a1f1fbc20a04b93bdcd2e98bc880","d10ad305a820f0fc1db7f2bf7030ca149ea7b556ceacd0a32d593f08a7cc01ff","m2_final_review_aws_package","2026-08-13","accept","只授权此 PK 按冻结来源行执行 write_action；除 review_status 外，写入语义列必须与 source_path 中该 PK 完全一致。package_review、independent_signoff 与 freeze_binding_status 由本签字和三项冻结哈希闭合。rebase_binding=AWS-SIGNOFF-REBASE-GOOGLE-SOURCE-GATE-20260813;post_field_rebase_binding=AWS-SIGNOFF-POST-FIELD-CONTRACT-20260813"
"AWS-SIGN-0021","lifecycle_pk_write","append_then_promote_review_status","数据/card-completeness.csv","card_completeness_id","COMPLETE-M2W2-AWS-INF2-COMPUTE","审计/子代理交接/m2_staging/M2-W2-AWS-PACKAGE-FACTS-REMEDIATED/structured/card-completeness.csv","8da6b5bac7dee7c4ded02ee0bb2bcf881e01638e5d2dfb31a457917ba3eb5dc4","bc0c35e1dd5cc166cbfd65ea0f1fe5525c5340005e1005ab059e85061976f6cc","absent","","draft","reviewed","completeness_status=partial","true","","","LCM-M2W2-AWS-PKG-0021","46fd41d8b19a82dc22c24ddee5c1b4e3534cacfe56bc4258cd1c9756ed67b552","74fe487790a0d2fbcaf012c1d60b409fd065dad5480a769843c28dab070036c4","f2682bdaf3ee4bee58aa95e20aa60461cc96a1f1fbc20a04b93bdcd2e98bc880","d10ad305a820f0fc1db7f2bf7030ca149ea7b556ceacd0a32d593f08a7cc01ff","m2_final_review_aws_package","2026-08-13","accept","只授权此 PK 按冻结来源行执行 write_action；除 review_status 外，写入语义列必须与 source_path 中该 PK 完全一致。package_review、independent_signoff 与 freeze_binding_status 由本签字和三项冻结哈希闭合。rebase_binding=AWS-SIGNOFF-REBASE-GOOGLE-SOURCE-GATE-20260813;post_field_rebase_binding=AWS-SIGNOFF-POST-FIELD-CONTRACT-20260813"
"AWS-SIGN-0022","lifecycle_pk_write","append_then_promote_review_status","数据/card-completeness.csv","card_completeness_id","COMPLETE-M2W2-AWS-INF2-NUMERICS","审计/子代理交接/m2_staging/M2-W2-AWS-PACKAGE-FACTS-REMEDIATED/structured/card-completeness.csv","8da6b5bac7dee7c4ded02ee0bb2bcf881e01638e5d2dfb31a457917ba3eb5dc4","bc0c35e1dd5cc166cbfd65ea0f1fe5525c5340005e1005ab059e85061976f6cc","absent","","draft","reviewed","completeness_status=partial","true","","","LCM-M2W2-AWS-PKG-0022","46fd41d8b19a82dc22c24ddee5c1b4e3534cacfe56bc4258cd1c9756ed67b552","74fe487790a0d2fbcaf012c1d60b409fd065dad5480a769843c28dab070036c4","f2682bdaf3ee4bee58aa95e20aa60461cc96a1f1fbc20a04b93bdcd2e98bc880","d10ad305a820f0fc1db7f2bf7030ca149ea7b556ceacd0a32d593f08a7cc01ff","m2_final_review_aws_package","2026-08-13","accept","只授权此 PK 按冻结来源行执行 write_action；除 review_status 外，写入语义列必须与 source_path 中该 PK 完全一致。package_review、independent_signoff 与 freeze_binding_status 由本签字和三项冻结哈希闭合。rebase_binding=AWS-SIGNOFF-REBASE-GOOGLE-SOURCE-GATE-20260813;post_field_rebase_binding=AWS-SIGNOFF-POST-FIELD-CONTRACT-20260813"
"AWS-SIGN-0023","lifecycle_pk_write","append_then_promote_review_status","数据/card-completeness.csv","card_completeness_id","COMPLETE-M2W2-AWS-INF2-MEMORY","审计/子代理交接/m2_staging/M2-W2-AWS-PACKAGE-FACTS-REMEDIATED/structured/card-completeness.csv","8da6b5bac7dee7c4ded02ee0bb2bcf881e01638e5d2dfb31a457917ba3eb5dc4","bc0c35e1dd5cc166cbfd65ea0f1fe5525c5340005e1005ab059e85061976f6cc","absent","","draft","reviewed","completeness_status=partial","true","","","LCM-M2W2-AWS-PKG-0023","46fd41d8b19a82dc22c24ddee5c1b4e3534cacfe56bc4258cd1c9756ed67b552","74fe487790a0d2fbcaf012c1d60b409fd065dad5480a769843c28dab070036c4","f2682bdaf3ee4bee58aa95e20aa60461cc96a1f1fbc20a04b93bdcd2e98bc880","d10ad305a820f0fc1db7f2bf7030ca149ea7b556ceacd0a32d593f08a7cc01ff","m2_final_review_aws_package","2026-08-13","accept","只授权此 PK 按冻结来源行执行 write_action；除 review_status 外，写入语义列必须与 source_path 中该 PK 完全一致。package_review、independent_signoff 与 freeze_binding_status 由本签字和三项冻结哈希闭合。rebase_binding=AWS-SIGNOFF-REBASE-GOOGLE-SOURCE-GATE-20260813;post_field_rebase_binding=AWS-SIGNOFF-POST-FIELD-CONTRACT-20260813"
"AWS-SIGN-0024","lifecycle_pk_write","append_then_promote_review_status","数据/card-completeness.csv","card_completeness_id","COMPLETE-M2W2-AWS-INF2-INTERCONNECT","审计/子代理交接/m2_staging/M2-W2-AWS-PACKAGE-FACTS-REMEDIATED/structured/card-completeness.csv","8da6b5bac7dee7c4ded02ee0bb2bcf881e01638e5d2dfb31a457917ba3eb5dc4","bc0c35e1dd5cc166cbfd65ea0f1fe5525c5340005e1005ab059e85061976f6cc","absent","","draft","reviewed","completeness_status=partial","true","","","LCM-M2W2-AWS-PKG-0024","46fd41d8b19a82dc22c24ddee5c1b4e3534cacfe56bc4258cd1c9756ed67b552","74fe487790a0d2fbcaf012c1d60b409fd065dad5480a769843c28dab070036c4","f2682bdaf3ee4bee58aa95e20aa60461cc96a1f1fbc20a04b93bdcd2e98bc880","d10ad305a820f0fc1db7f2bf7030ca149ea7b556ceacd0a32d593f08a7cc01ff","m2_final_review_aws_package","2026-08-13","accept","只授权此 PK 按冻结来源行执行 write_action；除 review_status 外，写入语义列必须与 source_path 中该 PK 完全一致。package_review、independent_signoff 与 freeze_binding_status 由本签字和三项冻结哈希闭合。rebase_binding=AWS-SIGNOFF-REBASE-GOOGLE-SOURCE-GATE-20260813;post_field_rebase_binding=AWS-SIGNOFF-POST-FIELD-CONTRACT-20260813"
"AWS-SIGN-0025","lifecycle_pk_write","append_then_promote_review_status","数据/card-completeness.csv","card_completeness_id","COMPLETE-M2W2-AWS-INF2-SPECIAL_ENGINES","审计/子代理交接/m2_staging/M2-W2-AWS-PACKAGE-FACTS-REMEDIATED/structured/card-completeness.csv","8da6b5bac7dee7c4ded02ee0bb2bcf881e01638e5d2dfb31a457917ba3eb5dc4","bc0c35e1dd5cc166cbfd65ea0f1fe5525c5340005e1005ab059e85061976f6cc","absent","","draft","reviewed","completeness_status=partial","true","","","LCM-M2W2-AWS-PKG-0025","46fd41d8b19a82dc22c24ddee5c1b4e3534cacfe56bc4258cd1c9756ed67b552","74fe487790a0d2fbcaf012c1d60b409fd065dad5480a769843c28dab070036c4","f2682bdaf3ee4bee58aa95e20aa60461cc96a1f1fbc20a04b93bdcd2e98bc880","d10ad305a820f0fc1db7f2bf7030ca149ea7b556ceacd0a32d593f08a7cc01ff","m2_final_review_aws_package","2026-08-13","accept","只授权此 PK 按冻结来源行执行 write_action；除 review_status 外，写入语义列必须与 source_path 中该 PK 完全一致。package_review、independent_signoff 与 freeze_binding_status 由本签字和三项冻结哈希闭合。rebase_binding=AWS-SIGNOFF-REBASE-GOOGLE-SOURCE-GATE-20260813;post_field_rebase_binding=AWS-SIGNOFF-POST-FIELD-CONTRACT-20260813"
"AWS-SIGN-0026","lifecycle_pk_write","append_then_promote_review_status","数据/card-completeness.csv","card_completeness_id","COMPLETE-M2W2-AWS-INF2-SOFTWARE","审计/子代理交接/m2_staging/M2-W2-AWS-PACKAGE-FACTS-REMEDIATED/structured/card-completeness.csv","8da6b5bac7dee7c4ded02ee0bb2bcf881e01638e5d2dfb31a457917ba3eb5dc4","bc0c35e1dd5cc166cbfd65ea0f1fe5525c5340005e1005ab059e85061976f6cc","absent","","draft","reviewed","completeness_status=not_applicable","true","","","LCM-M2W2-AWS-PKG-0026","46fd41d8b19a82dc22c24ddee5c1b4e3534cacfe56bc4258cd1c9756ed67b552","74fe487790a0d2fbcaf012c1d60b409fd065dad5480a769843c28dab070036c4","f2682bdaf3ee4bee58aa95e20aa60461cc96a1f1fbc20a04b93bdcd2e98bc880","d10ad305a820f0fc1db7f2bf7030ca149ea7b556ceacd0a32d593f08a7cc01ff","m2_final_review_aws_package","2026-08-13","accept","只授权此 PK 按冻结来源行执行 write_action；除 review_status 外，写入语义列必须与 source_path 中该 PK 完全一致。package_review、independent_signoff 与 freeze_binding_status 由本签字和三项冻结哈希闭合。rebase_binding=AWS-SIGNOFF-REBASE-GOOGLE-SOURCE-GATE-20260813;post_field_rebase_binding=AWS-SIGNOFF-POST-FIELD-CONTRACT-20260813"
"AWS-SIGN-0027","lifecycle_pk_write","append_then_promote_review_status","数据/card-completeness.csv","card_completeness_id","COMPLETE-M2W2-AWS-INF2-EVIDENCE","审计/子代理交接/m2_staging/M2-W2-AWS-PACKAGE-FACTS-REMEDIATED/structured/card-completeness.csv","8da6b5bac7dee7c4ded02ee0bb2bcf881e01638e5d2dfb31a457917ba3eb5dc4","bc0c35e1dd5cc166cbfd65ea0f1fe5525c5340005e1005ab059e85061976f6cc","absent","","draft","reviewed","completeness_status=needs_review","true","","","LCM-M2W2-AWS-PKG-0027","46fd41d8b19a82dc22c24ddee5c1b4e3534cacfe56bc4258cd1c9756ed67b552","74fe487790a0d2fbcaf012c1d60b409fd065dad5480a769843c28dab070036c4","f2682bdaf3ee4bee58aa95e20aa60461cc96a1f1fbc20a04b93bdcd2e98bc880","d10ad305a820f0fc1db7f2bf7030ca149ea7b556ceacd0a32d593f08a7cc01ff","m2_final_review_aws_package","2026-08-13","accept","只授权此 PK 按冻结来源行执行 write_action；除 review_status 外，写入语义列必须与 source_path 中该 PK 完全一致。package_review、independent_signoff 与 freeze_binding_status 由本签字和三项冻结哈希闭合。rebase_binding=AWS-SIGNOFF-REBASE-GOOGLE-SOURCE-GATE-20260813;post_field_rebase_binding=AWS-SIGNOFF-POST-FIELD-CONTRACT-20260813"
"AWS-SIGN-0028","lifecycle_pk_write","append_then_promote_review_status","数据/card-completeness.csv","card_completeness_id","COMPLETE-M2W2-AWS-TRN3-IDENTITY","审计/子代理交接/m2_staging/M2-W2-AWS-PACKAGE-FACTS-REMEDIATED/structured/card-completeness.csv","8da6b5bac7dee7c4ded02ee0bb2bcf881e01638e5d2dfb31a457917ba3eb5dc4","bc0c35e1dd5cc166cbfd65ea0f1fe5525c5340005e1005ab059e85061976f6cc","absent","","draft","reviewed","completeness_status=partial","true","","","LCM-M2W2-AWS-PKG-0028","46fd41d8b19a82dc22c24ddee5c1b4e3534cacfe56bc4258cd1c9756ed67b552","74fe487790a0d2fbcaf012c1d60b409fd065dad5480a769843c28dab070036c4","f2682bdaf3ee4bee58aa95e20aa60461cc96a1f1fbc20a04b93bdcd2e98bc880","d10ad305a820f0fc1db7f2bf7030ca149ea7b556ceacd0a32d593f08a7cc01ff","m2_final_review_aws_package","2026-08-13","accept","只授权此 PK 按冻结来源行执行 write_action；除 review_status 外，写入语义列必须与 source_path 中该 PK 完全一致。package_review、independent_signoff 与 freeze_binding_status 由本签字和三项冻结哈希闭合。rebase_binding=AWS-SIGNOFF-REBASE-GOOGLE-SOURCE-GATE-20260813;post_field_rebase_binding=AWS-SIGNOFF-POST-FIELD-CONTRACT-20260813"
"AWS-SIGN-0029","lifecycle_pk_write","append_then_promote_review_status","数据/card-completeness.csv","card_completeness_id","COMPLETE-M2W2-AWS-TRN3-PHYSICAL","审计/子代理交接/m2_staging/M2-W2-AWS-PACKAGE-FACTS-REMEDIATED/structured/card-completeness.csv","8da6b5bac7dee7c4ded02ee0bb2bcf881e01638e5d2dfb31a457917ba3eb5dc4","bc0c35e1dd5cc166cbfd65ea0f1fe5525c5340005e1005ab059e85061976f6cc","absent","","draft","reviewed","completeness_status=partial","true","","","LCM-M2W2-AWS-PKG-0029","46fd41d8b19a82dc22c24ddee5c1b4e3534cacfe56bc4258cd1c9756ed67b552","74fe487790a0d2fbcaf012c1d60b409fd065dad5480a769843c28dab070036c4","f2682bdaf3ee4bee58aa95e20aa60461cc96a1f1fbc20a04b93bdcd2e98bc880","d10ad305a820f0fc1db7f2bf7030ca149ea7b556ceacd0a32d593f08a7cc01ff","m2_final_review_aws_package","2026-08-13","accept","只授权此 PK 按冻结来源行执行 write_action；除 review_status 外，写入语义列必须与 source_path 中该 PK 完全一致。package_review、independent_signoff 与 freeze_binding_status 由本签字和三项冻结哈希闭合。rebase_binding=AWS-SIGNOFF-REBASE-GOOGLE-SOURCE-GATE-20260813;post_field_rebase_binding=AWS-SIGNOFF-POST-FIELD-CONTRACT-20260813"
"AWS-SIGN-0030","lifecycle_pk_write","append_then_promote_review_status","数据/card-completeness.csv","card_completeness_id","COMPLETE-M2W2-AWS-TRN3-COMPUTE","审计/子代理交接/m2_staging/M2-W2-AWS-PACKAGE-FACTS-REMEDIATED/structured/card-completeness.csv","8da6b5bac7dee7c4ded02ee0bb2bcf881e01638e5d2dfb31a457917ba3eb5dc4","bc0c35e1dd5cc166cbfd65ea0f1fe5525c5340005e1005ab059e85061976f6cc","absent","","draft","reviewed","completeness_status=partial","true","","","LCM-M2W2-AWS-PKG-0030","46fd41d8b19a82dc22c24ddee5c1b4e3534cacfe56bc4258cd1c9756ed67b552","74fe487790a0d2fbcaf012c1d60b409fd065dad5480a769843c28dab070036c4","f2682bdaf3ee4bee58aa95e20aa60461cc96a1f1fbc20a04b93bdcd2e98bc880","d10ad305a820f0fc1db7f2bf7030ca149ea7b556ceacd0a32d593f08a7cc01ff","m2_final_review_aws_package","2026-08-13","accept","只授权此 PK 按冻结来源行执行 write_action；除 review_status 外，写入语义列必须与 source_path 中该 PK 完全一致。package_review、independent_signoff 与 freeze_binding_status 由本签字和三项冻结哈希闭合。rebase_binding=AWS-SIGNOFF-REBASE-GOOGLE-SOURCE-GATE-20260813;post_field_rebase_binding=AWS-SIGNOFF-POST-FIELD-CONTRACT-20260813"
"AWS-SIGN-0031","lifecycle_pk_write","append_then_promote_review_status","数据/card-completeness.csv","card_completeness_id","COMPLETE-M2W2-AWS-TRN3-NUMERICS","审计/子代理交接/m2_staging/M2-W2-AWS-PACKAGE-FACTS-REMEDIATED/structured/card-completeness.csv","8da6b5bac7dee7c4ded02ee0bb2bcf881e01638e5d2dfb31a457917ba3eb5dc4","bc0c35e1dd5cc166cbfd65ea0f1fe5525c5340005e1005ab059e85061976f6cc","absent","","draft","reviewed","completeness_status=partial","true","","","LCM-M2W2-AWS-PKG-0031","46fd41d8b19a82dc22c24ddee5c1b4e3534cacfe56bc4258cd1c9756ed67b552","74fe487790a0d2fbcaf012c1d60b409fd065dad5480a769843c28dab070036c4","f2682bdaf3ee4bee58aa95e20aa60461cc96a1f1fbc20a04b93bdcd2e98bc880","d10ad305a820f0fc1db7f2bf7030ca149ea7b556ceacd0a32d593f08a7cc01ff","m2_final_review_aws_package","2026-08-13","accept","只授权此 PK 按冻结来源行执行 write_action；除 review_status 外，写入语义列必须与 source_path 中该 PK 完全一致。package_review、independent_signoff 与 freeze_binding_status 由本签字和三项冻结哈希闭合。rebase_binding=AWS-SIGNOFF-REBASE-GOOGLE-SOURCE-GATE-20260813;post_field_rebase_binding=AWS-SIGNOFF-POST-FIELD-CONTRACT-20260813"
"AWS-SIGN-0032","lifecycle_pk_write","append_then_promote_review_status","数据/card-completeness.csv","card_completeness_id","COMPLETE-M2W2-AWS-TRN3-MEMORY","审计/子代理交接/m2_staging/M2-W2-AWS-PACKAGE-FACTS-REMEDIATED/structured/card-completeness.csv","8da6b5bac7dee7c4ded02ee0bb2bcf881e01638e5d2dfb31a457917ba3eb5dc4","bc0c35e1dd5cc166cbfd65ea0f1fe5525c5340005e1005ab059e85061976f6cc","absent","","draft","reviewed","completeness_status=partial","true","","","LCM-M2W2-AWS-PKG-0032","46fd41d8b19a82dc22c24ddee5c1b4e3534cacfe56bc4258cd1c9756ed67b552","74fe487790a0d2fbcaf012c1d60b409fd065dad5480a769843c28dab070036c4","f2682bdaf3ee4bee58aa95e20aa60461cc96a1f1fbc20a04b93bdcd2e98bc880","d10ad305a820f0fc1db7f2bf7030ca149ea7b556ceacd0a32d593f08a7cc01ff","m2_final_review_aws_package","2026-08-13","accept","只授权此 PK 按冻结来源行执行 write_action；除 review_status 外，写入语义列必须与 source_path 中该 PK 完全一致。package_review、independent_signoff 与 freeze_binding_status 由本签字和三项冻结哈希闭合。rebase_binding=AWS-SIGNOFF-REBASE-GOOGLE-SOURCE-GATE-20260813;post_field_rebase_binding=AWS-SIGNOFF-POST-FIELD-CONTRACT-20260813"
"AWS-SIGN-0033","lifecycle_pk_write","append_then_promote_review_status","数据/card-completeness.csv","card_completeness_id","COMPLETE-M2W2-AWS-TRN3-INTERCONNECT","审计/子代理交接/m2_staging/M2-W2-AWS-PACKAGE-FACTS-REMEDIATED/structured/card-completeness.csv","8da6b5bac7dee7c4ded02ee0bb2bcf881e01638e5d2dfb31a457917ba3eb5dc4","bc0c35e1dd5cc166cbfd65ea0f1fe5525c5340005e1005ab059e85061976f6cc","absent","","draft","reviewed","completeness_status=partial","true","","","LCM-M2W2-AWS-PKG-0033","46fd41d8b19a82dc22c24ddee5c1b4e3534cacfe56bc4258cd1c9756ed67b552","74fe487790a0d2fbcaf012c1d60b409fd065dad5480a769843c28dab070036c4","f2682bdaf3ee4bee58aa95e20aa60461cc96a1f1fbc20a04b93bdcd2e98bc880","d10ad305a820f0fc1db7f2bf7030ca149ea7b556ceacd0a32d593f08a7cc01ff","m2_final_review_aws_package","2026-08-13","accept","只授权此 PK 按冻结来源行执行 write_action；除 review_status 外，写入语义列必须与 source_path 中该 PK 完全一致。package_review、independent_signoff 与 freeze_binding_status 由本签字和三项冻结哈希闭合。rebase_binding=AWS-SIGNOFF-REBASE-GOOGLE-SOURCE-GATE-20260813;post_field_rebase_binding=AWS-SIGNOFF-POST-FIELD-CONTRACT-20260813"
"AWS-SIGN-0034","lifecycle_pk_write","append_then_promote_review_status","数据/card-completeness.csv","card_completeness_id","COMPLETE-M2W2-AWS-TRN3-SPECIAL_ENGINES","审计/子代理交接/m2_staging/M2-W2-AWS-PACKAGE-FACTS-REMEDIATED/structured/card-completeness.csv","8da6b5bac7dee7c4ded02ee0bb2bcf881e01638e5d2dfb31a457917ba3eb5dc4","bc0c35e1dd5cc166cbfd65ea0f1fe5525c5340005e1005ab059e85061976f6cc","absent","","draft","reviewed","completeness_status=partial","true","","","LCM-M2W2-AWS-PKG-0034","46fd41d8b19a82dc22c24ddee5c1b4e3534cacfe56bc4258cd1c9756ed67b552","74fe487790a0d2fbcaf012c1d60b409fd065dad5480a769843c28dab070036c4","f2682bdaf3ee4bee58aa95e20aa60461cc96a1f1fbc20a04b93bdcd2e98bc880","d10ad305a820f0fc1db7f2bf7030ca149ea7b556ceacd0a32d593f08a7cc01ff","m2_final_review_aws_package","2026-08-13","accept","只授权此 PK 按冻结来源行执行 write_action；除 review_status 外，写入语义列必须与 source_path 中该 PK 完全一致。package_review、independent_signoff 与 freeze_binding_status 由本签字和三项冻结哈希闭合。rebase_binding=AWS-SIGNOFF-REBASE-GOOGLE-SOURCE-GATE-20260813;post_field_rebase_binding=AWS-SIGNOFF-POST-FIELD-CONTRACT-20260813"
"AWS-SIGN-0035","lifecycle_pk_write","append_then_promote_review_status","数据/card-completeness.csv","card_completeness_id","COMPLETE-M2W2-AWS-TRN3-SOFTWARE","审计/子代理交接/m2_staging/M2-W2-AWS-PACKAGE-FACTS-REMEDIATED/structured/card-completeness.csv","8da6b5bac7dee7c4ded02ee0bb2bcf881e01638e5d2dfb31a457917ba3eb5dc4","bc0c35e1dd5cc166cbfd65ea0f1fe5525c5340005e1005ab059e85061976f6cc","absent","","draft","reviewed","completeness_status=not_applicable","true","","","LCM-M2W2-AWS-PKG-0035","46fd41d8b19a82dc22c24ddee5c1b4e3534cacfe56bc4258cd1c9756ed67b552","74fe487790a0d2fbcaf012c1d60b409fd065dad5480a769843c28dab070036c4","f2682bdaf3ee4bee58aa95e20aa60461cc96a1f1fbc20a04b93bdcd2e98bc880","d10ad305a820f0fc1db7f2bf7030ca149ea7b556ceacd0a32d593f08a7cc01ff","m2_final_review_aws_package","2026-08-13","accept","只授权此 PK 按冻结来源行执行 write_action；除 review_status 外，写入语义列必须与 source_path 中该 PK 完全一致。package_review、independent_signoff 与 freeze_binding_status 由本签字和三项冻结哈希闭合。rebase_binding=AWS-SIGNOFF-REBASE-GOOGLE-SOURCE-GATE-20260813;post_field_rebase_binding=AWS-SIGNOFF-POST-FIELD-CONTRACT-20260813"
"AWS-SIGN-0036","lifecycle_pk_write","append_then_promote_review_status","数据/card-completeness.csv","card_completeness_id","COMPLETE-M2W2-AWS-TRN3-EVIDENCE","审计/子代理交接/m2_staging/M2-W2-AWS-PACKAGE-FACTS-REMEDIATED/structured/card-completeness.csv","8da6b5bac7dee7c4ded02ee0bb2bcf881e01638e5d2dfb31a457917ba3eb5dc4","bc0c35e1dd5cc166cbfd65ea0f1fe5525c5340005e1005ab059e85061976f6cc","absent","","draft","reviewed","completeness_status=needs_review","true","","","LCM-M2W2-AWS-PKG-0036","46fd41d8b19a82dc22c24ddee5c1b4e3534cacfe56bc4258cd1c9756ed67b552","74fe487790a0d2fbcaf012c1d60b409fd065dad5480a769843c28dab070036c4","f2682bdaf3ee4bee58aa95e20aa60461cc96a1f1fbc20a04b93bdcd2e98bc880","d10ad305a820f0fc1db7f2bf7030ca149ea7b556ceacd0a32d593f08a7cc01ff","m2_final_review_aws_package","2026-08-13","accept","只授权此 PK 按冻结来源行执行 write_action；除 review_status 外，写入语义列必须与 source_path 中该 PK 完全一致。package_review、independent_signoff 与 freeze_binding_status 由本签字和三项冻结哈希闭合。rebase_binding=AWS-SIGNOFF-REBASE-GOOGLE-SOURCE-GATE-20260813;post_field_rebase_binding=AWS-SIGNOFF-POST-FIELD-CONTRACT-20260813"
"AWS-SIGN-0037","lifecycle_pk_write","append_then_promote_review_status","数据/components.csv","component_id","CMP-M2W2-AWS-INF1-NCV1","审计/子代理交接/m2_staging/M2-W2-AWS-PACKAGE-FACTS-REMEDIATED/structured/components.csv","c07df8d6b474002093e3da889a0714cdaee87b16609daadcf7bcb8f66fc50b40","b7d7e6ccaeefad98dd6b92724eba60390b06f2da66d820e6441e15b32485d380","absent","","draft","reviewed","","true","","","LCM-M2W2-AWS-PKG-0037","46fd41d8b19a82dc22c24ddee5c1b4e3534cacfe56bc4258cd1c9756ed67b552","74fe487790a0d2fbcaf012c1d60b409fd065dad5480a769843c28dab070036c4","f2682bdaf3ee4bee58aa95e20aa60461cc96a1f1fbc20a04b93bdcd2e98bc880","d10ad305a820f0fc1db7f2bf7030ca149ea7b556ceacd0a32d593f08a7cc01ff","m2_final_review_aws_package","2026-08-13","accept","只授权此 PK 按冻结来源行执行 write_action；除 review_status 外，写入语义列必须与 source_path 中该 PK 完全一致。package_review、independent_signoff 与 freeze_binding_status 由本签字和三项冻结哈希闭合。rebase_binding=AWS-SIGNOFF-REBASE-GOOGLE-SOURCE-GATE-20260813;post_field_rebase_binding=AWS-SIGNOFF-POST-FIELD-CONTRACT-20260813"
"AWS-SIGN-0038","lifecycle_pk_write","append_then_promote_review_status","数据/components.csv","component_id","CMP-M2W2-AWS-INF1-TENSOR","审计/子代理交接/m2_staging/M2-W2-AWS-PACKAGE-FACTS-REMEDIATED/structured/components.csv","c07df8d6b474002093e3da889a0714cdaee87b16609daadcf7bcb8f66fc50b40","b7d7e6ccaeefad98dd6b92724eba60390b06f2da66d820e6441e15b32485d380","absent","","draft","reviewed","","true","","","LCM-M2W2-AWS-PKG-0038","46fd41d8b19a82dc22c24ddee5c1b4e3534cacfe56bc4258cd1c9756ed67b552","74fe487790a0d2fbcaf012c1d60b409fd065dad5480a769843c28dab070036c4","f2682bdaf3ee4bee58aa95e20aa60461cc96a1f1fbc20a04b93bdcd2e98bc880","d10ad305a820f0fc1db7f2bf7030ca149ea7b556ceacd0a32d593f08a7cc01ff","m2_final_review_aws_package","2026-08-13","accept","只授权此 PK 按冻结来源行执行 write_action；除 review_status 外，写入语义列必须与 source_path 中该 PK 完全一致。package_review、independent_signoff 与 freeze_binding_status 由本签字和三项冻结哈希闭合。rebase_binding=AWS-SIGNOFF-REBASE-GOOGLE-SOURCE-GATE-20260813;post_field_rebase_binding=AWS-SIGNOFF-POST-FIELD-CONTRACT-20260813"
"AWS-SIGN-0039","lifecycle_pk_write","append_then_promote_review_status","数据/components.csv","component_id","CMP-M2W2-AWS-INF1-VECTOR","审计/子代理交接/m2_staging/M2-W2-AWS-PACKAGE-FACTS-REMEDIATED/structured/components.csv","c07df8d6b474002093e3da889a0714cdaee87b16609daadcf7bcb8f66fc50b40","b7d7e6ccaeefad98dd6b92724eba60390b06f2da66d820e6441e15b32485d380","absent","","draft","reviewed","","true","","","LCM-M2W2-AWS-PKG-0039","46fd41d8b19a82dc22c24ddee5c1b4e3534cacfe56bc4258cd1c9756ed67b552","74fe487790a0d2fbcaf012c1d60b409fd065dad5480a769843c28dab070036c4","f2682bdaf3ee4bee58aa95e20aa60461cc96a1f1fbc20a04b93bdcd2e98bc880","d10ad305a820f0fc1db7f2bf7030ca149ea7b556ceacd0a32d593f08a7cc01ff","m2_final_review_aws_package","2026-08-13","accept","只授权此 PK 按冻结来源行执行 write_action；除 review_status 外，写入语义列必须与 source_path 中该 PK 完全一致。package_review、independent_signoff 与 freeze_binding_status 由本签字和三项冻结哈希闭合。rebase_binding=AWS-SIGNOFF-REBASE-GOOGLE-SOURCE-GATE-20260813;post_field_rebase_binding=AWS-SIGNOFF-POST-FIELD-CONTRACT-20260813"
"AWS-SIGN-0040","lifecycle_pk_write","append_then_promote_review_status","数据/components.csv","component_id","CMP-M2W2-AWS-INF1-SCALAR","审计/子代理交接/m2_staging/M2-W2-AWS-PACKAGE-FACTS-REMEDIATED/structured/components.csv","c07df8d6b474002093e3da889a0714cdaee87b16609daadcf7bcb8f66fc50b40","b7d7e6ccaeefad98dd6b92724eba60390b06f2da66d820e6441e15b32485d380","absent","","draft","reviewed","","true","","","LCM-M2W2-AWS-PKG-0040","46fd41d8b19a82dc22c24ddee5c1b4e3534cacfe56bc4258cd1c9756ed67b552","74fe487790a0d2fbcaf012c1d60b409fd065dad5480a769843c28dab070036c4","f2682bdaf3ee4bee58aa95e20aa60461cc96a1f1fbc20a04b93bdcd2e98bc880","d10ad305a820f0fc1db7f2bf7030ca149ea7b556ceacd0a32d593f08a7cc01ff","m2_final_review_aws_package","2026-08-13","accept","只授权此 PK 按冻结来源行执行 write_action；除 review_status 外，写入语义列必须与 source_path 中该 PK 完全一致。package_review、independent_signoff 与 freeze_binding_status 由本签字和三项冻结哈希闭合。rebase_binding=AWS-SIGNOFF-REBASE-GOOGLE-SOURCE-GATE-20260813;post_field_rebase_binding=AWS-SIGNOFF-POST-FIELD-CONTRACT-20260813"
"AWS-SIGN-0041","lifecycle_pk_write","append_then_promote_review_status","数据/components.csv","component_id","CMP-M2W2-AWS-INF1-CHIP-TENSOR","审计/子代理交接/m2_staging/M2-W2-AWS-PACKAGE-FACTS-REMEDIATED/structured/components.csv","c07df8d6b474002093e3da889a0714cdaee87b16609daadcf7bcb8f66fc50b40","b7d7e6ccaeefad98dd6b92724eba60390b06f2da66d820e6441e15b32485d380","absent","","draft","reviewed","","true","","","LCM-M2W2-AWS-PKG-0041","46fd41d8b19a82dc22c24ddee5c1b4e3534cacfe56bc4258cd1c9756ed67b552","74fe487790a0d2fbcaf012c1d60b409fd065dad5480a769843c28dab070036c4","f2682bdaf3ee4bee58aa95e20aa60461cc96a1f1fbc20a04b93bdcd2e98bc880","d10ad305a820f0fc1db7f2bf7030ca149ea7b556ceacd0a32d593f08a7cc01ff","m2_final_review_aws_package","2026-08-13","accept","只授权此 PK 按冻结来源行执行 write_action；除 review_status 外，写入语义列必须与 source_path 中该 PK 完全一致。package_review、independent_signoff 与 freeze_binding_status 由本签字和三项冻结哈希闭合。rebase_binding=AWS-SIGNOFF-REBASE-GOOGLE-SOURCE-GATE-20260813;post_field_rebase_binding=AWS-SIGNOFF-POST-FIELD-CONTRACT-20260813"
"AWS-SIGN-0042","lifecycle_pk_write","append_then_promote_review_status","数据/components.csv","component_id","CMP-M2W2-AWS-INF1-DRAM","审计/子代理交接/m2_staging/M2-W2-AWS-PACKAGE-FACTS-REMEDIATED/structured/components.csv","c07df8d6b474002093e3da889a0714cdaee87b16609daadcf7bcb8f66fc50b40","b7d7e6ccaeefad98dd6b92724eba60390b06f2da66d820e6441e15b32485d380","absent","","draft","reviewed","","true","","","LCM-M2W2-AWS-PKG-0042","46fd41d8b19a82dc22c24ddee5c1b4e3534cacfe56bc4258cd1c9756ed67b552","74fe487790a0d2fbcaf012c1d60b409fd065dad5480a769843c28dab070036c4","f2682bdaf3ee4bee58aa95e20aa60461cc96a1f1fbc20a04b93bdcd2e98bc880","d10ad305a820f0fc1db7f2bf7030ca149ea7b556ceacd0a32d593f08a7cc01ff","m2_final_review_aws_package","2026-08-13","accept","只授权此 PK 按冻结来源行执行 write_action；除 review_status 外，写入语义列必须与 source_path 中该 PK 完全一致。package_review、independent_signoff 与 freeze_binding_status 由本签字和三项冻结哈希闭合。rebase_binding=AWS-SIGNOFF-REBASE-GOOGLE-SOURCE-GATE-20260813;post_field_rebase_binding=AWS-SIGNOFF-POST-FIELD-CONTRACT-20260813"
"AWS-SIGN-0043","lifecycle_pk_write","append_then_promote_review_status","数据/components.csv","component_id","CMP-M2W2-AWS-TRN1-NCV2","审计/子代理交接/m2_staging/M2-W2-AWS-PACKAGE-FACTS-REMEDIATED/structured/components.csv","c07df8d6b474002093e3da889a0714cdaee87b16609daadcf7bcb8f66fc50b40","b7d7e6ccaeefad98dd6b92724eba60390b06f2da66d820e6441e15b32485d380","absent","","draft","reviewed","","true","","","LCM-M2W2-AWS-PKG-0043","46fd41d8b19a82dc22c24ddee5c1b4e3534cacfe56bc4258cd1c9756ed67b552","74fe487790a0d2fbcaf012c1d60b409fd065dad5480a769843c28dab070036c4","f2682bdaf3ee4bee58aa95e20aa60461cc96a1f1fbc20a04b93bdcd2e98bc880","d10ad305a820f0fc1db7f2bf7030ca149ea7b556ceacd0a32d593f08a7cc01ff","m2_final_review_aws_package","2026-08-13","accept","只授权此 PK 按冻结来源行执行 write_action；除 review_status 外，写入语义列必须与 source_path 中该 PK 完全一致。package_review、independent_signoff 与 freeze_binding_status 由本签字和三项冻结哈希闭合。rebase_binding=AWS-SIGNOFF-REBASE-GOOGLE-SOURCE-GATE-20260813;post_field_rebase_binding=AWS-SIGNOFF-POST-FIELD-CONTRACT-20260813"
"AWS-SIGN-0044","lifecycle_pk_write","append_then_promote_review_status","数据/components.csv","component_id","CMP-M2W2-AWS-TRN1-CHIP-TENSOR","审计/子代理交接/m2_staging/M2-W2-AWS-PACKAGE-FACTS-REMEDIATED/structured/components.csv","c07df8d6b474002093e3da889a0714cdaee87b16609daadcf7bcb8f66fc50b40","b7d7e6ccaeefad98dd6b92724eba60390b06f2da66d820e6441e15b32485d380","absent","","draft","reviewed","","true","","","LCM-M2W2-AWS-PKG-0044","46fd41d8b19a82dc22c24ddee5c1b4e3534cacfe56bc4258cd1c9756ed67b552","74fe487790a0d2fbcaf012c1d60b409fd065dad5480a769843c28dab070036c4","f2682bdaf3ee4bee58aa95e20aa60461cc96a1f1fbc20a04b93bdcd2e98bc880","d10ad305a820f0fc1db7f2bf7030ca149ea7b556ceacd0a32d593f08a7cc01ff","m2_final_review_aws_package","2026-08-13","accept","只授权此 PK 按冻结来源行执行 write_action；除 review_status 外，写入语义列必须与 source_path 中该 PK 完全一致。package_review、independent_signoff 与 freeze_binding_status 由本签字和三项冻结哈希闭合。rebase_binding=AWS-SIGNOFF-REBASE-GOOGLE-SOURCE-GATE-20260813;post_field_rebase_binding=AWS-SIGNOFF-POST-FIELD-CONTRACT-20260813"
"AWS-SIGN-0045","lifecycle_pk_write","append_without_review_promotion","数据/components.csv","component_id","CMP-M2W2-AWS-TRN1-HBM","审计/子代理交接/m2_staging/M2-W2-AWS-PACKAGE-FACTS-REMEDIATED/structured/components.csv","c07df8d6b474002093e3da889a0714cdaee87b16609daadcf7bcb8f66fc50b40","b7d7e6ccaeefad98dd6b92724eba60390b06f2da66d820e6441e15b32485d380","absent","","needs_resolution","needs_resolution","","true","","","LCM-M2W2-AWS-PKG-0045","46fd41d8b19a82dc22c24ddee5c1b4e3534cacfe56bc4258cd1c9756ed67b552","74fe487790a0d2fbcaf012c1d60b409fd065dad5480a769843c28dab070036c4","f2682bdaf3ee4bee58aa95e20aa60461cc96a1f1fbc20a04b93bdcd2e98bc880","d10ad305a820f0fc1db7f2bf7030ca149ea7b556ceacd0a32d593f08a7cc01ff","m2_final_review_aws_package","2026-08-13","accept","只授权此 PK 按冻结来源行执行 write_action；除 review_status 外，写入语义列必须与 source_path 中该 PK 完全一致。package_review、independent_signoff 与 freeze_binding_status 由本签字和三项冻结哈希闭合。rebase_binding=AWS-SIGNOFF-REBASE-GOOGLE-SOURCE-GATE-20260813;post_field_rebase_binding=AWS-SIGNOFF-POST-FIELD-CONTRACT-20260813"
"AWS-SIGN-0046","lifecycle_pk_write","append_then_promote_review_status","数据/components.csv","component_id","CMP-M2W2-AWS-TRN1-DMA","审计/子代理交接/m2_staging/M2-W2-AWS-PACKAGE-FACTS-REMEDIATED/structured/components.csv","c07df8d6b474002093e3da889a0714cdaee87b16609daadcf7bcb8f66fc50b40","b7d7e6ccaeefad98dd6b92724eba60390b06f2da66d820e6441e15b32485d380","absent","","draft","reviewed","","true","","","LCM-M2W2-AWS-PKG-0046","46fd41d8b19a82dc22c24ddee5c1b4e3534cacfe56bc4258cd1c9756ed67b552","74fe487790a0d2fbcaf012c1d60b409fd065dad5480a769843c28dab070036c4","f2682bdaf3ee4bee58aa95e20aa60461cc96a1f1fbc20a04b93bdcd2e98bc880","d10ad305a820f0fc1db7f2bf7030ca149ea7b556ceacd0a32d593f08a7cc01ff","m2_final_review_aws_package","2026-08-13","accept","只授权此 PK 按冻结来源行执行 write_action；除 review_status 外，写入语义列必须与 source_path 中该 PK 完全一致。package_review、independent_signoff 与 freeze_binding_status 由本签字和三项冻结哈希闭合。rebase_binding=AWS-SIGNOFF-REBASE-GOOGLE-SOURCE-GATE-20260813;post_field_rebase_binding=AWS-SIGNOFF-POST-FIELD-CONTRACT-20260813"
"AWS-SIGN-0047","lifecycle_pk_write","append_then_promote_review_status","数据/components.csv","component_id","CMP-M2W2-AWS-INF2-NCV2","审计/子代理交接/m2_staging/M2-W2-AWS-PACKAGE-FACTS-REMEDIATED/structured/components.csv","c07df8d6b474002093e3da889a0714cdaee87b16609daadcf7bcb8f66fc50b40","b7d7e6ccaeefad98dd6b92724eba60390b06f2da66d820e6441e15b32485d380","absent","","draft","reviewed","","true","","","LCM-M2W2-AWS-PKG-0047","46fd41d8b19a82dc22c24ddee5c1b4e3534cacfe56bc4258cd1c9756ed67b552","74fe487790a0d2fbcaf012c1d60b409fd065dad5480a769843c28dab070036c4","f2682bdaf3ee4bee58aa95e20aa60461cc96a1f1fbc20a04b93bdcd2e98bc880","d10ad305a820f0fc1db7f2bf7030ca149ea7b556ceacd0a32d593f08a7cc01ff","m2_final_review_aws_package","2026-08-13","accept","只授权此 PK 按冻结来源行执行 write_action；除 review_status 外，写入语义列必须与 source_path 中该 PK 完全一致。package_review、independent_signoff 与 freeze_binding_status 由本签字和三项冻结哈希闭合。rebase_binding=AWS-SIGNOFF-REBASE-GOOGLE-SOURCE-GATE-20260813;post_field_rebase_binding=AWS-SIGNOFF-POST-FIELD-CONTRACT-20260813"
"AWS-SIGN-0048","lifecycle_pk_write","append_then_promote_review_status","数据/components.csv","component_id","CMP-M2W2-AWS-INF2-CHIP-TENSOR","审计/子代理交接/m2_staging/M2-W2-AWS-PACKAGE-FACTS-REMEDIATED/structured/components.csv","c07df8d6b474002093e3da889a0714cdaee87b16609daadcf7bcb8f66fc50b40","b7d7e6ccaeefad98dd6b92724eba60390b06f2da66d820e6441e15b32485d380","absent","","draft","reviewed","","true","","","LCM-M2W2-AWS-PKG-0048","46fd41d8b19a82dc22c24ddee5c1b4e3534cacfe56bc4258cd1c9756ed67b552","74fe487790a0d2fbcaf012c1d60b409fd065dad5480a769843c28dab070036c4","f2682bdaf3ee4bee58aa95e20aa60461cc96a1f1fbc20a04b93bdcd2e98bc880","d10ad305a820f0fc1db7f2bf7030ca149ea7b556ceacd0a32d593f08a7cc01ff","m2_final_review_aws_package","2026-08-13","accept","只授权此 PK 按冻结来源行执行 write_action；除 review_status 外，写入语义列必须与 source_path 中该 PK 完全一致。package_review、independent_signoff 与 freeze_binding_status 由本签字和三项冻结哈希闭合。rebase_binding=AWS-SIGNOFF-REBASE-GOOGLE-SOURCE-GATE-20260813;post_field_rebase_binding=AWS-SIGNOFF-POST-FIELD-CONTRACT-20260813"
"AWS-SIGN-0049","lifecycle_pk_write","append_without_review_promotion","数据/components.csv","component_id","CMP-M2W2-AWS-INF2-HBM","审计/子代理交接/m2_staging/M2-W2-AWS-PACKAGE-FACTS-REMEDIATED/structured/components.csv","c07df8d6b474002093e3da889a0714cdaee87b16609daadcf7bcb8f66fc50b40","b7d7e6ccaeefad98dd6b92724eba60390b06f2da66d820e6441e15b32485d380","absent","","needs_resolution","needs_resolution","","true","","","LCM-M2W2-AWS-PKG-0049","46fd41d8b19a82dc22c24ddee5c1b4e3534cacfe56bc4258cd1c9756ed67b552","74fe487790a0d2fbcaf012c1d60b409fd065dad5480a769843c28dab070036c4","f2682bdaf3ee4bee58aa95e20aa60461cc96a1f1fbc20a04b93bdcd2e98bc880","d10ad305a820f0fc1db7f2bf7030ca149ea7b556ceacd0a32d593f08a7cc01ff","m2_final_review_aws_package","2026-08-13","accept","只授权此 PK 按冻结来源行执行 write_action；除 review_status 外，写入语义列必须与 source_path 中该 PK 完全一致。package_review、independent_signoff 与 freeze_binding_status 由本签字和三项冻结哈希闭合。rebase_binding=AWS-SIGNOFF-REBASE-GOOGLE-SOURCE-GATE-20260813;post_field_rebase_binding=AWS-SIGNOFF-POST-FIELD-CONTRACT-20260813"
"AWS-SIGN-0050","lifecycle_pk_write","append_then_promote_review_status","数据/components.csv","component_id","CMP-M2W2-AWS-INF2-DMA","审计/子代理交接/m2_staging/M2-W2-AWS-PACKAGE-FACTS-REMEDIATED/structured/components.csv","c07df8d6b474002093e3da889a0714cdaee87b16609daadcf7bcb8f66fc50b40","b7d7e6ccaeefad98dd6b92724eba60390b06f2da66d820e6441e15b32485d380","absent","","draft","reviewed","","true","","","LCM-M2W2-AWS-PKG-0050","46fd41d8b19a82dc22c24ddee5c1b4e3534cacfe56bc4258cd1c9756ed67b552","74fe487790a0d2fbcaf012c1d60b409fd065dad5480a769843c28dab070036c4","f2682bdaf3ee4bee58aa95e20aa60461cc96a1f1fbc20a04b93bdcd2e98bc880","d10ad305a820f0fc1db7f2bf7030ca149ea7b556ceacd0a32d593f08a7cc01ff","m2_final_review_aws_package","2026-08-13","accept","只授权此 PK 按冻结来源行执行 write_action；除 review_status 外，写入语义列必须与 source_path 中该 PK 完全一致。package_review、independent_signoff 与 freeze_binding_status 由本签字和三项冻结哈希闭合。rebase_binding=AWS-SIGNOFF-REBASE-GOOGLE-SOURCE-GATE-20260813;post_field_rebase_binding=AWS-SIGNOFF-POST-FIELD-CONTRACT-20260813"
"AWS-SIGN-0051","lifecycle_pk_write","append_then_promote_review_status","数据/components.csv","component_id","CMP-M2W2-AWS-TRN3-NCV4","审计/子代理交接/m2_staging/M2-W2-AWS-PACKAGE-FACTS-REMEDIATED/structured/components.csv","c07df8d6b474002093e3da889a0714cdaee87b16609daadcf7bcb8f66fc50b40","b7d7e6ccaeefad98dd6b92724eba60390b06f2da66d820e6441e15b32485d380","absent","","draft","reviewed","","true","","","LCM-M2W2-AWS-PKG-0051","46fd41d8b19a82dc22c24ddee5c1b4e3534cacfe56bc4258cd1c9756ed67b552","74fe487790a0d2fbcaf012c1d60b409fd065dad5480a769843c28dab070036c4","f2682bdaf3ee4bee58aa95e20aa60461cc96a1f1fbc20a04b93bdcd2e98bc880","d10ad305a820f0fc1db7f2bf7030ca149ea7b556ceacd0a32d593f08a7cc01ff","m2_final_review_aws_package","2026-08-13","accept","只授权此 PK 按冻结来源行执行 write_action；除 review_status 外，写入语义列必须与 source_path 中该 PK 完全一致。package_review、independent_signoff 与 freeze_binding_status 由本签字和三项冻结哈希闭合。rebase_binding=AWS-SIGNOFF-REBASE-GOOGLE-SOURCE-GATE-20260813;post_field_rebase_binding=AWS-SIGNOFF-POST-FIELD-CONTRACT-20260813"
"AWS-SIGN-0052","lifecycle_pk_write","append_then_promote_review_status","数据/components.csv","component_id","CMP-M2W2-AWS-TRN3-TENSOR","审计/子代理交接/m2_staging/M2-W2-AWS-PACKAGE-FACTS-REMEDIATED/structured/components.csv","c07df8d6b474002093e3da889a0714cdaee87b16609daadcf7bcb8f66fc50b40","b7d7e6ccaeefad98dd6b92724eba60390b06f2da66d820e6441e15b32485d380","absent","","draft","reviewed","","true","","","LCM-M2W2-AWS-PKG-0052","46fd41d8b19a82dc22c24ddee5c1b4e3534cacfe56bc4258cd1c9756ed67b552","74fe487790a0d2fbcaf012c1d60b409fd065dad5480a769843c28dab070036c4","f2682bdaf3ee4bee58aa95e20aa60461cc96a1f1fbc20a04b93bdcd2e98bc880","d10ad305a820f0fc1db7f2bf7030ca149ea7b556ceacd0a32d593f08a7cc01ff","m2_final_review_aws_package","2026-08-13","accept","只授权此 PK 按冻结来源行执行 write_action；除 review_status 外，写入语义列必须与 source_path 中该 PK 完全一致。package_review、independent_signoff 与 freeze_binding_status 由本签字和三项冻结哈希闭合。rebase_binding=AWS-SIGNOFF-REBASE-GOOGLE-SOURCE-GATE-20260813;post_field_rebase_binding=AWS-SIGNOFF-POST-FIELD-CONTRACT-20260813"
"AWS-SIGN-0053","lifecycle_pk_write","append_then_promote_review_status","数据/components.csv","component_id","CMP-M2W2-AWS-TRN3-VECTOR","审计/子代理交接/m2_staging/M2-W2-AWS-PACKAGE-FACTS-REMEDIATED/structured/components.csv","c07df8d6b474002093e3da889a0714cdaee87b16609daadcf7bcb8f66fc50b40","b7d7e6ccaeefad98dd6b92724eba60390b06f2da66d820e6441e15b32485d380","absent","","draft","reviewed","","true","","","LCM-M2W2-AWS-PKG-0053","46fd41d8b19a82dc22c24ddee5c1b4e3534cacfe56bc4258cd1c9756ed67b552","74fe487790a0d2fbcaf012c1d60b409fd065dad5480a769843c28dab070036c4","f2682bdaf3ee4bee58aa95e20aa60461cc96a1f1fbc20a04b93bdcd2e98bc880","d10ad305a820f0fc1db7f2bf7030ca149ea7b556ceacd0a32d593f08a7cc01ff","m2_final_review_aws_package","2026-08-13","accept","只授权此 PK 按冻结来源行执行 write_action；除 review_status 外，写入语义列必须与 source_path 中该 PK 完全一致。package_review、independent_signoff 与 freeze_binding_status 由本签字和三项冻结哈希闭合。rebase_binding=AWS-SIGNOFF-REBASE-GOOGLE-SOURCE-GATE-20260813;post_field_rebase_binding=AWS-SIGNOFF-POST-FIELD-CONTRACT-20260813"
"AWS-SIGN-0054","lifecycle_pk_write","append_then_promote_review_status","数据/components.csv","component_id","CMP-M2W2-AWS-TRN3-SCALAR","审计/子代理交接/m2_staging/M2-W2-AWS-PACKAGE-FACTS-REMEDIATED/structured/components.csv","c07df8d6b474002093e3da889a0714cdaee87b16609daadcf7bcb8f66fc50b40","b7d7e6ccaeefad98dd6b92724eba60390b06f2da66d820e6441e15b32485d380","absent","","draft","reviewed","","true","","","LCM-M2W2-AWS-PKG-0054","46fd41d8b19a82dc22c24ddee5c1b4e3534cacfe56bc4258cd1c9756ed67b552","74fe487790a0d2fbcaf012c1d60b409fd065dad5480a769843c28dab070036c4","f2682bdaf3ee4bee58aa95e20aa60461cc96a1f1fbc20a04b93bdcd2e98bc880","d10ad305a820f0fc1db7f2bf7030ca149ea7b556ceacd0a32d593f08a7cc01ff","m2_final_review_aws_package","2026-08-13","accept","只授权此 PK 按冻结来源行执行 write_action；除 review_status 外，写入语义列必须与 source_path 中该 PK 完全一致。package_review、independent_signoff 与 freeze_binding_status 由本签字和三项冻结哈希闭合。rebase_binding=AWS-SIGNOFF-REBASE-GOOGLE-SOURCE-GATE-20260813;post_field_rebase_binding=AWS-SIGNOFF-POST-FIELD-CONTRACT-20260813"
"AWS-SIGN-0055","lifecycle_pk_write","append_then_promote_review_status","数据/components.csv","component_id","CMP-M2W2-AWS-TRN3-CHIP-TENSOR","审计/子代理交接/m2_staging/M2-W2-AWS-PACKAGE-FACTS-REMEDIATED/structured/components.csv","c07df8d6b474002093e3da889a0714cdaee87b16609daadcf7bcb8f66fc50b40","b7d7e6ccaeefad98dd6b92724eba60390b06f2da66d820e6441e15b32485d380","absent","","draft","reviewed","","true","","","LCM-M2W2-AWS-PKG-0055","46fd41d8b19a82dc22c24ddee5c1b4e3534cacfe56bc4258cd1c9756ed67b552","74fe487790a0d2fbcaf012c1d60b409fd065dad5480a769843c28dab070036c4","f2682bdaf3ee4bee58aa95e20aa60461cc96a1f1fbc20a04b93bdcd2e98bc880","d10ad305a820f0fc1db7f2bf7030ca149ea7b556ceacd0a32d593f08a7cc01ff","m2_final_review_aws_package","2026-08-13","accept","只授权此 PK 按冻结来源行执行 write_action；除 review_status 外，写入语义列必须与 source_path 中该 PK 完全一致。package_review、independent_signoff 与 freeze_binding_status 由本签字和三项冻结哈希闭合。rebase_binding=AWS-SIGNOFF-REBASE-GOOGLE-SOURCE-GATE-20260813;post_field_rebase_binding=AWS-SIGNOFF-POST-FIELD-CONTRACT-20260813"
"AWS-SIGN-0056","lifecycle_pk_write","append_then_promote_review_status","数据/components.csv","component_id","CMP-M2W2-AWS-TRN3-SBUF","审计/子代理交接/m2_staging/M2-W2-AWS-PACKAGE-FACTS-REMEDIATED/structured/components.csv","c07df8d6b474002093e3da889a0714cdaee87b16609daadcf7bcb8f66fc50b40","b7d7e6ccaeefad98dd6b92724eba60390b06f2da66d820e6441e15b32485d380","absent","","draft","reviewed","","true","","","LCM-M2W2-AWS-PKG-0056","46fd41d8b19a82dc22c24ddee5c1b4e3534cacfe56bc4258cd1c9756ed67b552","74fe487790a0d2fbcaf012c1d60b409fd065dad5480a769843c28dab070036c4","f2682bdaf3ee4bee58aa95e20aa60461cc96a1f1fbc20a04b93bdcd2e98bc880","d10ad305a820f0fc1db7f2bf7030ca149ea7b556ceacd0a32d593f08a7cc01ff","m2_final_review_aws_package","2026-08-13","accept","只授权此 PK 按冻结来源行执行 write_action；除 review_status 外，写入语义列必须与 source_path 中该 PK 完全一致。package_review、independent_signoff 与 freeze_binding_status 由本签字和三项冻结哈希闭合。rebase_binding=AWS-SIGNOFF-REBASE-GOOGLE-SOURCE-GATE-20260813;post_field_rebase_binding=AWS-SIGNOFF-POST-FIELD-CONTRACT-20260813"
"AWS-SIGN-0057","lifecycle_pk_write","append_then_promote_review_status","数据/components.csv","component_id","CMP-M2W2-AWS-TRN3-PSUM","审计/子代理交接/m2_staging/M2-W2-AWS-PACKAGE-FACTS-REMEDIATED/structured/components.csv","c07df8d6b474002093e3da889a0714cdaee87b16609daadcf7bcb8f66fc50b40","b7d7e6ccaeefad98dd6b92724eba60390b06f2da66d820e6441e15b32485d380","absent","","draft","reviewed","","true","","","LCM-M2W2-AWS-PKG-0057","46fd41d8b19a82dc22c24ddee5c1b4e3534cacfe56bc4258cd1c9756ed67b552","74fe487790a0d2fbcaf012c1d60b409fd065dad5480a769843c28dab070036c4","f2682bdaf3ee4bee58aa95e20aa60461cc96a1f1fbc20a04b93bdcd2e98bc880","d10ad305a820f0fc1db7f2bf7030ca149ea7b556ceacd0a32d593f08a7cc01ff","m2_final_review_aws_package","2026-08-13","accept","只授权此 PK 按冻结来源行执行 write_action；除 review_status 外，写入语义列必须与 source_path 中该 PK 完全一致。package_review、independent_signoff 与 freeze_binding_status 由本签字和三项冻结哈希闭合。rebase_binding=AWS-SIGNOFF-REBASE-GOOGLE-SOURCE-GATE-20260813;post_field_rebase_binding=AWS-SIGNOFF-POST-FIELD-CONTRACT-20260813"
"AWS-SIGN-0058","lifecycle_pk_write","append_without_review_promotion","数据/components.csv","component_id","CMP-M2W2-AWS-TRN3-HBM","审计/子代理交接/m2_staging/M2-W2-AWS-PACKAGE-FACTS-REMEDIATED/structured/components.csv","c07df8d6b474002093e3da889a0714cdaee87b16609daadcf7bcb8f66fc50b40","b7d7e6ccaeefad98dd6b92724eba60390b06f2da66d820e6441e15b32485d380","absent","","needs_resolution","needs_resolution","","true","","","LCM-M2W2-AWS-PKG-0058","46fd41d8b19a82dc22c24ddee5c1b4e3534cacfe56bc4258cd1c9756ed67b552","74fe487790a0d2fbcaf012c1d60b409fd065dad5480a769843c28dab070036c4","f2682bdaf3ee4bee58aa95e20aa60461cc96a1f1fbc20a04b93bdcd2e98bc880","d10ad305a820f0fc1db7f2bf7030ca149ea7b556ceacd0a32d593f08a7cc01ff","m2_final_review_aws_package","2026-08-13","accept","只授权此 PK 按冻结来源行执行 write_action；除 review_status 外，写入语义列必须与 source_path 中该 PK 完全一致。package_review、independent_signoff 与 freeze_binding_status 由本签字和三项冻结哈希闭合。rebase_binding=AWS-SIGNOFF-REBASE-GOOGLE-SOURCE-GATE-20260813;post_field_rebase_binding=AWS-SIGNOFF-POST-FIELD-CONTRACT-20260813"
"AWS-SIGN-0059","lifecycle_pk_write","append_then_promote_review_status","数据/components.csv","component_id","CMP-M2W2-AWS-TRN3-DMA","审计/子代理交接/m2_staging/M2-W2-AWS-PACKAGE-FACTS-REMEDIATED/structured/components.csv","c07df8d6b474002093e3da889a0714cdaee87b16609daadcf7bcb8f66fc50b40","b7d7e6ccaeefad98dd6b92724eba60390b06f2da66d820e6441e15b32485d380","absent","","draft","reviewed","","true","","","LCM-M2W2-AWS-PKG-0059","46fd41d8b19a82dc22c24ddee5c1b4e3534cacfe56bc4258cd1c9756ed67b552","74fe487790a0d2fbcaf012c1d60b409fd065dad5480a769843c28dab070036c4","f2682bdaf3ee4bee58aa95e20aa60461cc96a1f1fbc20a04b93bdcd2e98bc880","d10ad305a820f0fc1db7f2bf7030ca149ea7b556ceacd0a32d593f08a7cc01ff","m2_final_review_aws_package","2026-08-13","accept","只授权此 PK 按冻结来源行执行 write_action；除 review_status 外，写入语义列必须与 source_path 中该 PK 完全一致。package_review、independent_signoff 与 freeze_binding_status 由本签字和三项冻结哈希闭合。rebase_binding=AWS-SIGNOFF-REBASE-GOOGLE-SOURCE-GATE-20260813;post_field_rebase_binding=AWS-SIGNOFF-POST-FIELD-CONTRACT-20260813"
"AWS-SIGN-0060","lifecycle_pk_write","append_without_review_promotion","数据/components.csv","component_id","CMP-M2W2-AWS-TRN3-CC","审计/子代理交接/m2_staging/M2-W2-AWS-PACKAGE-FACTS-REMEDIATED/structured/components.csv","c07df8d6b474002093e3da889a0714cdaee87b16609daadcf7bcb8f66fc50b40","b7d7e6ccaeefad98dd6b92724eba60390b06f2da66d820e6441e15b32485d380","absent","","needs_resolution","needs_resolution","","true","","","LCM-M2W2-AWS-PKG-0060","46fd41d8b19a82dc22c24ddee5c1b4e3534cacfe56bc4258cd1c9756ed67b552","74fe487790a0d2fbcaf012c1d60b409fd065dad5480a769843c28dab070036c4","f2682bdaf3ee4bee58aa95e20aa60461cc96a1f1fbc20a04b93bdcd2e98bc880","d10ad305a820f0fc1db7f2bf7030ca149ea7b556ceacd0a32d593f08a7cc01ff","m2_final_review_aws_package","2026-08-13","accept","只授权此 PK 按冻结来源行执行 write_action；除 review_status 外，写入语义列必须与 source_path 中该 PK 完全一致。package_review、independent_signoff 与 freeze_binding_status 由本签字和三项冻结哈希闭合。rebase_binding=AWS-SIGNOFF-REBASE-GOOGLE-SOURCE-GATE-20260813;post_field_rebase_binding=AWS-SIGNOFF-POST-FIELD-CONTRACT-20260813"
"AWS-SIGN-0061","lifecycle_pk_write","append_then_promote_review_status","数据/components.csv","component_id","CMP-M2W2-AWS-TRN1-CC","审计/子代理交接/m2_staging/M2-W2-AWS-PACKAGE-FACTS-REMEDIATED/structured/components.csv","c07df8d6b474002093e3da889a0714cdaee87b16609daadcf7bcb8f66fc50b40","b7d7e6ccaeefad98dd6b92724eba60390b06f2da66d820e6441e15b32485d380","absent","","draft","reviewed","","true","","","LCM-M2W2-AWS-PKG-0061","46fd41d8b19a82dc22c24ddee5c1b4e3534cacfe56bc4258cd1c9756ed67b552","74fe487790a0d2fbcaf012c1d60b409fd065dad5480a769843c28dab070036c4","f2682bdaf3ee4bee58aa95e20aa60461cc96a1f1fbc20a04b93bdcd2e98bc880","d10ad305a820f0fc1db7f2bf7030ca149ea7b556ceacd0a32d593f08a7cc01ff","m2_final_review_aws_package","2026-08-13","accept","只授权此 PK 按冻结来源行执行 write_action；除 review_status 外，写入语义列必须与 source_path 中该 PK 完全一致。package_review、independent_signoff 与 freeze_binding_status 由本签字和三项冻结哈希闭合。rebase_binding=AWS-SIGNOFF-REBASE-GOOGLE-SOURCE-GATE-20260813;post_field_rebase_binding=AWS-SIGNOFF-POST-FIELD-CONTRACT-20260813"
"AWS-SIGN-0062","lifecycle_pk_write","append_then_promote_review_status","数据/components.csv","component_id","CMP-M2W2-AWS-INF2-CC","审计/子代理交接/m2_staging/M2-W2-AWS-PACKAGE-FACTS-REMEDIATED/structured/components.csv","c07df8d6b474002093e3da889a0714cdaee87b16609daadcf7bcb8f66fc50b40","b7d7e6ccaeefad98dd6b92724eba60390b06f2da66d820e6441e15b32485d380","absent","","draft","reviewed","","true","","","LCM-M2W2-AWS-PKG-0062","46fd41d8b19a82dc22c24ddee5c1b4e3534cacfe56bc4258cd1c9756ed67b552","74fe487790a0d2fbcaf012c1d60b409fd065dad5480a769843c28dab070036c4","f2682bdaf3ee4bee58aa95e20aa60461cc96a1f1fbc20a04b93bdcd2e98bc880","d10ad305a820f0fc1db7f2bf7030ca149ea7b556ceacd0a32d593f08a7cc01ff","m2_final_review_aws_package","2026-08-13","accept","只授权此 PK 按冻结来源行执行 write_action；除 review_status 外，写入语义列必须与 source_path 中该 PK 完全一致。package_review、independent_signoff 与 freeze_binding_status 由本签字和三项冻结哈希闭合。rebase_binding=AWS-SIGNOFF-REBASE-GOOGLE-SOURCE-GATE-20260813;post_field_rebase_binding=AWS-SIGNOFF-POST-FIELD-CONTRACT-20260813"
"AWS-SIGN-0063","lifecycle_pk_write","append_then_promote_review_status","数据/components.csv","component_id","CMP-M2W2-AWS-TRN3-CHIP-COMPUTE","审计/子代理交接/m2_staging/M2-W2-AWS-PACKAGE-FACTS-REMEDIATED/structured/components.csv","c07df8d6b474002093e3da889a0714cdaee87b16609daadcf7bcb8f66fc50b40","b7d7e6ccaeefad98dd6b92724eba60390b06f2da66d820e6441e15b32485d380","absent","","draft","reviewed","","true","","","LCM-M2W2-AWS-PKG-0063","46fd41d8b19a82dc22c24ddee5c1b4e3534cacfe56bc4258cd1c9756ed67b552","74fe487790a0d2fbcaf012c1d60b409fd065dad5480a769843c28dab070036c4","f2682bdaf3ee4bee58aa95e20aa60461cc96a1f1fbc20a04b93bdcd2e98bc880","d10ad305a820f0fc1db7f2bf7030ca149ea7b556ceacd0a32d593f08a7cc01ff","m2_final_review_aws_package","2026-08-13","accept","只授权此 PK 按冻结来源行执行 write_action；除 review_status 外，写入语义列必须与 source_path 中该 PK 完全一致。package_review、independent_signoff 与 freeze_binding_status 由本签字和三项冻结哈希闭合。rebase_binding=AWS-SIGNOFF-REBASE-GOOGLE-SOURCE-GATE-20260813;post_field_rebase_binding=AWS-SIGNOFF-POST-FIELD-CONTRACT-20260813"
"AWS-SIGN-0064","lifecycle_pk_write","append_then_promote_review_status","数据/condition-sets.csv","condition_set_id","COND-M2W2-AWS-INF1-CHIP-INT8","审计/子代理交接/m2_staging/M2-W2-AWS-PACKAGE-FACTS-REMEDIATED/structured/condition-sets.csv","42b65a66d24429505b2e829bd79f7ee33ecc867f49606bf2ca1c1e500713e7dc","9bb6717de7c6a038674d563164e40cf94dfe1f1d923fe787339299e77a057ac5","absent","","draft","reviewed","","true","","","LCM-M2W2-AWS-PKG-0064","46fd41d8b19a82dc22c24ddee5c1b4e3534cacfe56bc4258cd1c9756ed67b552","74fe487790a0d2fbcaf012c1d60b409fd065dad5480a769843c28dab070036c4","f2682bdaf3ee4bee58aa95e20aa60461cc96a1f1fbc20a04b93bdcd2e98bc880","d10ad305a820f0fc1db7f2bf7030ca149ea7b556ceacd0a32d593f08a7cc01ff","m2_final_review_aws_package","2026-08-13","accept","只授权此 PK 按冻结来源行执行 write_action；除 review_status 外，写入语义列必须与 source_path 中该 PK 完全一致。package_review、independent_signoff 与 freeze_binding_status 由本签字和三项冻结哈希闭合。rebase_binding=AWS-SIGNOFF-REBASE-GOOGLE-SOURCE-GATE-20260813;post_field_rebase_binding=AWS-SIGNOFF-POST-FIELD-CONTRACT-20260813"
"AWS-SIGN-0065","lifecycle_pk_write","append_then_promote_review_status","数据/condition-sets.csv","condition_set_id","COND-M2W2-AWS-INF1-CHIP-FP","审计/子代理交接/m2_staging/M2-W2-AWS-PACKAGE-FACTS-REMEDIATED/structured/condition-sets.csv","42b65a66d24429505b2e829bd79f7ee33ecc867f49606bf2ca1c1e500713e7dc","9bb6717de7c6a038674d563164e40cf94dfe1f1d923fe787339299e77a057ac5","absent","","draft","reviewed","","true","","","LCM-M2W2-AWS-PKG-0065","46fd41d8b19a82dc22c24ddee5c1b4e3534cacfe56bc4258cd1c9756ed67b552","74fe487790a0d2fbcaf012c1d60b409fd065dad5480a769843c28dab070036c4","f2682bdaf3ee4bee58aa95e20aa60461cc96a1f1fbc20a04b93bdcd2e98bc880","d10ad305a820f0fc1db7f2bf7030ca149ea7b556ceacd0a32d593f08a7cc01ff","m2_final_review_aws_package","2026-08-13","accept","只授权此 PK 按冻结来源行执行 write_action；除 review_status 外，写入语义列必须与 source_path 中该 PK 完全一致。package_review、independent_signoff 与 freeze_binding_status 由本签字和三项冻结哈希闭合。rebase_binding=AWS-SIGNOFF-REBASE-GOOGLE-SOURCE-GATE-20260813;post_field_rebase_binding=AWS-SIGNOFF-POST-FIELD-CONTRACT-20260813"
"AWS-SIGN-0066","lifecycle_pk_write","append_then_promote_review_status","数据/condition-sets.csv","condition_set_id","COND-M2W2-AWS-INF1-CORE-FP","审计/子代理交接/m2_staging/M2-W2-AWS-PACKAGE-FACTS-REMEDIATED/structured/condition-sets.csv","42b65a66d24429505b2e829bd79f7ee33ecc867f49606bf2ca1c1e500713e7dc","9bb6717de7c6a038674d563164e40cf94dfe1f1d923fe787339299e77a057ac5","absent","","draft","reviewed","","true","","","LCM-M2W2-AWS-PKG-0066","46fd41d8b19a82dc22c24ddee5c1b4e3534cacfe56bc4258cd1c9756ed67b552","74fe487790a0d2fbcaf012c1d60b409fd065dad5480a769843c28dab070036c4","f2682bdaf3ee4bee58aa95e20aa60461cc96a1f1fbc20a04b93bdcd2e98bc880","d10ad305a820f0fc1db7f2bf7030ca149ea7b556ceacd0a32d593f08a7cc01ff","m2_final_review_aws_package","2026-08-13","accept","只授权此 PK 按冻结来源行执行 write_action；除 review_status 外，写入语义列必须与 source_path 中该 PK 完全一致。package_review、independent_signoff 与 freeze_binding_status 由本签字和三项冻结哈希闭合。rebase_binding=AWS-SIGNOFF-REBASE-GOOGLE-SOURCE-GATE-20260813;post_field_rebase_binding=AWS-SIGNOFF-POST-FIELD-CONTRACT-20260813"
"AWS-SIGN-0067","lifecycle_pk_write","append_then_promote_review_status","数据/condition-sets.csv","condition_set_id","COND-M2W2-AWS-INF1-CORE-VECTOR","审计/子代理交接/m2_staging/M2-W2-AWS-PACKAGE-FACTS-REMEDIATED/structured/condition-sets.csv","42b65a66d24429505b2e829bd79f7ee33ecc867f49606bf2ca1c1e500713e7dc","9bb6717de7c6a038674d563164e40cf94dfe1f1d923fe787339299e77a057ac5","absent","","draft","reviewed","","true","","","LCM-M2W2-AWS-PKG-0067","46fd41d8b19a82dc22c24ddee5c1b4e3534cacfe56bc4258cd1c9756ed67b552","74fe487790a0d2fbcaf012c1d60b409fd065dad5480a769843c28dab070036c4","f2682bdaf3ee4bee58aa95e20aa60461cc96a1f1fbc20a04b93bdcd2e98bc880","d10ad305a820f0fc1db7f2bf7030ca149ea7b556ceacd0a32d593f08a7cc01ff","m2_final_review_aws_package","2026-08-13","accept","只授权此 PK 按冻结来源行执行 write_action；除 review_status 外，写入语义列必须与 source_path 中该 PK 完全一致。package_review、independent_signoff 与 freeze_binding_status 由本签字和三项冻结哈希闭合。rebase_binding=AWS-SIGNOFF-REBASE-GOOGLE-SOURCE-GATE-20260813;post_field_rebase_binding=AWS-SIGNOFF-POST-FIELD-CONTRACT-20260813"
"AWS-SIGN-0068","lifecycle_pk_write","append_then_promote_review_status","数据/condition-sets.csv","condition_set_id","COND-M2W2-AWS-INF1-CORE-SCALAR","审计/子代理交接/m2_staging/M2-W2-AWS-PACKAGE-FACTS-REMEDIATED/structured/condition-sets.csv","42b65a66d24429505b2e829bd79f7ee33ecc867f49606bf2ca1c1e500713e7dc","9bb6717de7c6a038674d563164e40cf94dfe1f1d923fe787339299e77a057ac5","absent","","draft","reviewed","","true","","","LCM-M2W2-AWS-PKG-0068","46fd41d8b19a82dc22c24ddee5c1b4e3534cacfe56bc4258cd1c9756ed67b552","74fe487790a0d2fbcaf012c1d60b409fd065dad5480a769843c28dab070036c4","f2682bdaf3ee4bee58aa95e20aa60461cc96a1f1fbc20a04b93bdcd2e98bc880","d10ad305a820f0fc1db7f2bf7030ca149ea7b556ceacd0a32d593f08a7cc01ff","m2_final_review_aws_package","2026-08-13","accept","只授权此 PK 按冻结来源行执行 write_action；除 review_status 外，写入语义列必须与 source_path 中该 PK 完全一致。package_review、independent_signoff 与 freeze_binding_status 由本签字和三项冻结哈希闭合。rebase_binding=AWS-SIGNOFF-REBASE-GOOGLE-SOURCE-GATE-20260813;post_field_rebase_binding=AWS-SIGNOFF-POST-FIELD-CONTRACT-20260813"
"AWS-SIGN-0069","lifecycle_pk_write","append_then_promote_review_status","数据/condition-sets.csv","condition_set_id","COND-M2W2-AWS-INF1-DEVICE-BW","审计/子代理交接/m2_staging/M2-W2-AWS-PACKAGE-FACTS-REMEDIATED/structured/condition-sets.csv","42b65a66d24429505b2e829bd79f7ee33ecc867f49606bf2ca1c1e500713e7dc","9bb6717de7c6a038674d563164e40cf94dfe1f1d923fe787339299e77a057ac5","absent","","draft","reviewed","","true","","","LCM-M2W2-AWS-PKG-0069","46fd41d8b19a82dc22c24ddee5c1b4e3534cacfe56bc4258cd1c9756ed67b552","74fe487790a0d2fbcaf012c1d60b409fd065dad5480a769843c28dab070036c4","f2682bdaf3ee4bee58aa95e20aa60461cc96a1f1fbc20a04b93bdcd2e98bc880","d10ad305a820f0fc1db7f2bf7030ca149ea7b556ceacd0a32d593f08a7cc01ff","m2_final_review_aws_package","2026-08-13","accept","只授权此 PK 按冻结来源行执行 write_action；除 review_status 外，写入语义列必须与 source_path 中该 PK 完全一致。package_review、independent_signoff 与 freeze_binding_status 由本签字和三项冻结哈希闭合。rebase_binding=AWS-SIGNOFF-REBASE-GOOGLE-SOURCE-GATE-20260813;post_field_rebase_binding=AWS-SIGNOFF-POST-FIELD-CONTRACT-20260813"
"AWS-SIGN-0070","lifecycle_pk_write","append_then_promote_review_status","数据/condition-sets.csv","condition_set_id","COND-M2W2-AWS-TRN1-CHIP-INT8","审计/子代理交接/m2_staging/M2-W2-AWS-PACKAGE-FACTS-REMEDIATED/structured/condition-sets.csv","42b65a66d24429505b2e829bd79f7ee33ecc867f49606bf2ca1c1e500713e7dc","9bb6717de7c6a038674d563164e40cf94dfe1f1d923fe787339299e77a057ac5","absent","","draft","reviewed","","true","","","LCM-M2W2-AWS-PKG-0070","46fd41d8b19a82dc22c24ddee5c1b4e3534cacfe56bc4258cd1c9756ed67b552","74fe487790a0d2fbcaf012c1d60b409fd065dad5480a769843c28dab070036c4","f2682bdaf3ee4bee58aa95e20aa60461cc96a1f1fbc20a04b93bdcd2e98bc880","d10ad305a820f0fc1db7f2bf7030ca149ea7b556ceacd0a32d593f08a7cc01ff","m2_final_review_aws_package","2026-08-13","accept","只授权此 PK 按冻结来源行执行 write_action；除 review_status 外，写入语义列必须与 source_path 中该 PK 完全一致。package_review、independent_signoff 与 freeze_binding_status 由本签字和三项冻结哈希闭合。rebase_binding=AWS-SIGNOFF-REBASE-GOOGLE-SOURCE-GATE-20260813;post_field_rebase_binding=AWS-SIGNOFF-POST-FIELD-CONTRACT-20260813"
"AWS-SIGN-0071","lifecycle_pk_write","append_then_promote_review_status","数据/condition-sets.csv","condition_set_id","COND-M2W2-AWS-TRN1-CHIP-MIXED","审计/子代理交接/m2_staging/M2-W2-AWS-PACKAGE-FACTS-REMEDIATED/structured/condition-sets.csv","42b65a66d24429505b2e829bd79f7ee33ecc867f49606bf2ca1c1e500713e7dc","9bb6717de7c6a038674d563164e40cf94dfe1f1d923fe787339299e77a057ac5","absent","","draft","reviewed","","true","","","LCM-M2W2-AWS-PKG-0071","46fd41d8b19a82dc22c24ddee5c1b4e3534cacfe56bc4258cd1c9756ed67b552","74fe487790a0d2fbcaf012c1d60b409fd065dad5480a769843c28dab070036c4","f2682bdaf3ee4bee58aa95e20aa60461cc96a1f1fbc20a04b93bdcd2e98bc880","d10ad305a820f0fc1db7f2bf7030ca149ea7b556ceacd0a32d593f08a7cc01ff","m2_final_review_aws_package","2026-08-13","accept","只授权此 PK 按冻结来源行执行 write_action；除 review_status 外，写入语义列必须与 source_path 中该 PK 完全一致。package_review、independent_signoff 与 freeze_binding_status 由本签字和三项冻结哈希闭合。rebase_binding=AWS-SIGNOFF-REBASE-GOOGLE-SOURCE-GATE-20260813;post_field_rebase_binding=AWS-SIGNOFF-POST-FIELD-CONTRACT-20260813"
"AWS-SIGN-0072","lifecycle_pk_write","append_then_promote_review_status","数据/condition-sets.csv","condition_set_id","COND-M2W2-AWS-TRN1-CHIP-FP32","审计/子代理交接/m2_staging/M2-W2-AWS-PACKAGE-FACTS-REMEDIATED/structured/condition-sets.csv","42b65a66d24429505b2e829bd79f7ee33ecc867f49606bf2ca1c1e500713e7dc","9bb6717de7c6a038674d563164e40cf94dfe1f1d923fe787339299e77a057ac5","absent","","draft","reviewed","","true","","","LCM-M2W2-AWS-PKG-0072","46fd41d8b19a82dc22c24ddee5c1b4e3534cacfe56bc4258cd1c9756ed67b552","74fe487790a0d2fbcaf012c1d60b409fd065dad5480a769843c28dab070036c4","f2682bdaf3ee4bee58aa95e20aa60461cc96a1f1fbc20a04b93bdcd2e98bc880","d10ad305a820f0fc1db7f2bf7030ca149ea7b556ceacd0a32d593f08a7cc01ff","m2_final_review_aws_package","2026-08-13","accept","只授权此 PK 按冻结来源行执行 write_action；除 review_status 外，写入语义列必须与 source_path 中该 PK 完全一致。package_review、independent_signoff 与 freeze_binding_status 由本签字和三项冻结哈希闭合。rebase_binding=AWS-SIGNOFF-REBASE-GOOGLE-SOURCE-GATE-20260813;post_field_rebase_binding=AWS-SIGNOFF-POST-FIELD-CONTRACT-20260813"
"AWS-SIGN-0073","lifecycle_pk_write","append_then_promote_review_status","数据/condition-sets.csv","condition_set_id","COND-M2W2-AWS-TRN1-DEVICE-BW","审计/子代理交接/m2_staging/M2-W2-AWS-PACKAGE-FACTS-REMEDIATED/structured/condition-sets.csv","42b65a66d24429505b2e829bd79f7ee33ecc867f49606bf2ca1c1e500713e7dc","9bb6717de7c6a038674d563164e40cf94dfe1f1d923fe787339299e77a057ac5","absent","","draft","reviewed","","true","","","LCM-M2W2-AWS-PKG-0073","46fd41d8b19a82dc22c24ddee5c1b4e3534cacfe56bc4258cd1c9756ed67b552","74fe487790a0d2fbcaf012c1d60b409fd065dad5480a769843c28dab070036c4","f2682bdaf3ee4bee58aa95e20aa60461cc96a1f1fbc20a04b93bdcd2e98bc880","d10ad305a820f0fc1db7f2bf7030ca149ea7b556ceacd0a32d593f08a7cc01ff","m2_final_review_aws_package","2026-08-13","accept","只授权此 PK 按冻结来源行执行 write_action；除 review_status 外，写入语义列必须与 source_path 中该 PK 完全一致。package_review、independent_signoff 与 freeze_binding_status 由本签字和三项冻结哈希闭合。rebase_binding=AWS-SIGNOFF-REBASE-GOOGLE-SOURCE-GATE-20260813;post_field_rebase_binding=AWS-SIGNOFF-POST-FIELD-CONTRACT-20260813"
"AWS-SIGN-0074","lifecycle_pk_write","append_then_promote_review_status","数据/condition-sets.csv","condition_set_id","COND-M2W2-AWS-TRN1-DMA-BW","审计/子代理交接/m2_staging/M2-W2-AWS-PACKAGE-FACTS-REMEDIATED/structured/condition-sets.csv","42b65a66d24429505b2e829bd79f7ee33ecc867f49606bf2ca1c1e500713e7dc","9bb6717de7c6a038674d563164e40cf94dfe1f1d923fe787339299e77a057ac5","absent","","draft","reviewed","","true","","","LCM-M2W2-AWS-PKG-0074","46fd41d8b19a82dc22c24ddee5c1b4e3534cacfe56bc4258cd1c9756ed67b552","74fe487790a0d2fbcaf012c1d60b409fd065dad5480a769843c28dab070036c4","f2682bdaf3ee4bee58aa95e20aa60461cc96a1f1fbc20a04b93bdcd2e98bc880","d10ad305a820f0fc1db7f2bf7030ca149ea7b556ceacd0a32d593f08a7cc01ff","m2_final_review_aws_package","2026-08-13","accept","只授权此 PK 按冻结来源行执行 write_action；除 review_status 外，写入语义列必须与 source_path 中该 PK 完全一致。package_review、independent_signoff 与 freeze_binding_status 由本签字和三项冻结哈希闭合。rebase_binding=AWS-SIGNOFF-REBASE-GOOGLE-SOURCE-GATE-20260813;post_field_rebase_binding=AWS-SIGNOFF-POST-FIELD-CONTRACT-20260813"
"AWS-SIGN-0075","lifecycle_pk_write","append_then_promote_review_status","数据/condition-sets.csv","condition_set_id","COND-M2W2-AWS-INF2-CHIP-INT8","审计/子代理交接/m2_staging/M2-W2-AWS-PACKAGE-FACTS-REMEDIATED/structured/condition-sets.csv","42b65a66d24429505b2e829bd79f7ee33ecc867f49606bf2ca1c1e500713e7dc","9bb6717de7c6a038674d563164e40cf94dfe1f1d923fe787339299e77a057ac5","absent","","draft","reviewed","","true","","","LCM-M2W2-AWS-PKG-0075","46fd41d8b19a82dc22c24ddee5c1b4e3534cacfe56bc4258cd1c9756ed67b552","74fe487790a0d2fbcaf012c1d60b409fd065dad5480a769843c28dab070036c4","f2682bdaf3ee4bee58aa95e20aa60461cc96a1f1fbc20a04b93bdcd2e98bc880","d10ad305a820f0fc1db7f2bf7030ca149ea7b556ceacd0a32d593f08a7cc01ff","m2_final_review_aws_package","2026-08-13","accept","只授权此 PK 按冻结来源行执行 write_action；除 review_status 外，写入语义列必须与 source_path 中该 PK 完全一致。package_review、independent_signoff 与 freeze_binding_status 由本签字和三项冻结哈希闭合。rebase_binding=AWS-SIGNOFF-REBASE-GOOGLE-SOURCE-GATE-20260813;post_field_rebase_binding=AWS-SIGNOFF-POST-FIELD-CONTRACT-20260813"
"AWS-SIGN-0076","lifecycle_pk_write","append_then_promote_review_status","数据/condition-sets.csv","condition_set_id","COND-M2W2-AWS-INF2-CHIP-MIXED","审计/子代理交接/m2_staging/M2-W2-AWS-PACKAGE-FACTS-REMEDIATED/structured/condition-sets.csv","42b65a66d24429505b2e829bd79f7ee33ecc867f49606bf2ca1c1e500713e7dc","9bb6717de7c6a038674d563164e40cf94dfe1f1d923fe787339299e77a057ac5","absent","","draft","reviewed","","true","","","LCM-M2W2-AWS-PKG-0076","46fd41d8b19a82dc22c24ddee5c1b4e3534cacfe56bc4258cd1c9756ed67b552","74fe487790a0d2fbcaf012c1d60b409fd065dad5480a769843c28dab070036c4","f2682bdaf3ee4bee58aa95e20aa60461cc96a1f1fbc20a04b93bdcd2e98bc880","d10ad305a820f0fc1db7f2bf7030ca149ea7b556ceacd0a32d593f08a7cc01ff","m2_final_review_aws_package","2026-08-13","accept","只授权此 PK 按冻结来源行执行 write_action；除 review_status 外，写入语义列必须与 source_path 中该 PK 完全一致。package_review、independent_signoff 与 freeze_binding_status 由本签字和三项冻结哈希闭合。rebase_binding=AWS-SIGNOFF-REBASE-GOOGLE-SOURCE-GATE-20260813;post_field_rebase_binding=AWS-SIGNOFF-POST-FIELD-CONTRACT-20260813"
"AWS-SIGN-0077","lifecycle_pk_write","append_then_promote_review_status","数据/condition-sets.csv","condition_set_id","COND-M2W2-AWS-INF2-CHIP-FP32","审计/子代理交接/m2_staging/M2-W2-AWS-PACKAGE-FACTS-REMEDIATED/structured/condition-sets.csv","42b65a66d24429505b2e829bd79f7ee33ecc867f49606bf2ca1c1e500713e7dc","9bb6717de7c6a038674d563164e40cf94dfe1f1d923fe787339299e77a057ac5","absent","","draft","reviewed","","true","","","LCM-M2W2-AWS-PKG-0077","46fd41d8b19a82dc22c24ddee5c1b4e3534cacfe56bc4258cd1c9756ed67b552","74fe487790a0d2fbcaf012c1d60b409fd065dad5480a769843c28dab070036c4","f2682bdaf3ee4bee58aa95e20aa60461cc96a1f1fbc20a04b93bdcd2e98bc880","d10ad305a820f0fc1db7f2bf7030ca149ea7b556ceacd0a32d593f08a7cc01ff","m2_final_review_aws_package","2026-08-13","accept","只授权此 PK 按冻结来源行执行 write_action；除 review_status 外，写入语义列必须与 source_path 中该 PK 完全一致。package_review、independent_signoff 与 freeze_binding_status 由本签字和三项冻结哈希闭合。rebase_binding=AWS-SIGNOFF-REBASE-GOOGLE-SOURCE-GATE-20260813;post_field_rebase_binding=AWS-SIGNOFF-POST-FIELD-CONTRACT-20260813"
"AWS-SIGN-0078","lifecycle_pk_write","append_then_promote_review_status","数据/condition-sets.csv","condition_set_id","COND-M2W2-AWS-INF2-DEVICE-BW","审计/子代理交接/m2_staging/M2-W2-AWS-PACKAGE-FACTS-REMEDIATED/structured/condition-sets.csv","42b65a66d24429505b2e829bd79f7ee33ecc867f49606bf2ca1c1e500713e7dc","9bb6717de7c6a038674d563164e40cf94dfe1f1d923fe787339299e77a057ac5","absent","","draft","reviewed","","true","","","LCM-M2W2-AWS-PKG-0078","46fd41d8b19a82dc22c24ddee5c1b4e3534cacfe56bc4258cd1c9756ed67b552","74fe487790a0d2fbcaf012c1d60b409fd065dad5480a769843c28dab070036c4","f2682bdaf3ee4bee58aa95e20aa60461cc96a1f1fbc20a04b93bdcd2e98bc880","d10ad305a820f0fc1db7f2bf7030ca149ea7b556ceacd0a32d593f08a7cc01ff","m2_final_review_aws_package","2026-08-13","accept","只授权此 PK 按冻结来源行执行 write_action；除 review_status 外，写入语义列必须与 source_path 中该 PK 完全一致。package_review、independent_signoff 与 freeze_binding_status 由本签字和三项冻结哈希闭合。rebase_binding=AWS-SIGNOFF-REBASE-GOOGLE-SOURCE-GATE-20260813;post_field_rebase_binding=AWS-SIGNOFF-POST-FIELD-CONTRACT-20260813"
"AWS-SIGN-0079","lifecycle_pk_write","append_then_promote_review_status","数据/condition-sets.csv","condition_set_id","COND-M2W2-AWS-INF2-DMA-BW","审计/子代理交接/m2_staging/M2-W2-AWS-PACKAGE-FACTS-REMEDIATED/structured/condition-sets.csv","42b65a66d24429505b2e829bd79f7ee33ecc867f49606bf2ca1c1e500713e7dc","9bb6717de7c6a038674d563164e40cf94dfe1f1d923fe787339299e77a057ac5","absent","","draft","reviewed","","true","","","LCM-M2W2-AWS-PKG-0079","46fd41d8b19a82dc22c24ddee5c1b4e3534cacfe56bc4258cd1c9756ed67b552","74fe487790a0d2fbcaf012c1d60b409fd065dad5480a769843c28dab070036c4","f2682bdaf3ee4bee58aa95e20aa60461cc96a1f1fbc20a04b93bdcd2e98bc880","d10ad305a820f0fc1db7f2bf7030ca149ea7b556ceacd0a32d593f08a7cc01ff","m2_final_review_aws_package","2026-08-13","accept","只授权此 PK 按冻结来源行执行 write_action；除 review_status 外，写入语义列必须与 source_path 中该 PK 完全一致。package_review、independent_signoff 与 freeze_binding_status 由本签字和三项冻结哈希闭合。rebase_binding=AWS-SIGNOFF-REBASE-GOOGLE-SOURCE-GATE-20260813;post_field_rebase_binding=AWS-SIGNOFF-POST-FIELD-CONTRACT-20260813"
"AWS-SIGN-0080","lifecycle_pk_write","append_then_promote_review_status","数据/condition-sets.csv","condition_set_id","COND-M2W2-AWS-TRN3-CHIP-MX","审计/子代理交接/m2_staging/M2-W2-AWS-PACKAGE-FACTS-REMEDIATED/structured/condition-sets.csv","42b65a66d24429505b2e829bd79f7ee33ecc867f49606bf2ca1c1e500713e7dc","9bb6717de7c6a038674d563164e40cf94dfe1f1d923fe787339299e77a057ac5","absent","","draft","reviewed","","true","","","LCM-M2W2-AWS-PKG-0080","46fd41d8b19a82dc22c24ddee5c1b4e3534cacfe56bc4258cd1c9756ed67b552","74fe487790a0d2fbcaf012c1d60b409fd065dad5480a769843c28dab070036c4","f2682bdaf3ee4bee58aa95e20aa60461cc96a1f1fbc20a04b93bdcd2e98bc880","d10ad305a820f0fc1db7f2bf7030ca149ea7b556ceacd0a32d593f08a7cc01ff","m2_final_review_aws_package","2026-08-13","accept","只授权此 PK 按冻结来源行执行 write_action；除 review_status 外，写入语义列必须与 source_path 中该 PK 完全一致。package_review、independent_signoff 与 freeze_binding_status 由本签字和三项冻结哈希闭合。rebase_binding=AWS-SIGNOFF-REBASE-GOOGLE-SOURCE-GATE-20260813;post_field_rebase_binding=AWS-SIGNOFF-POST-FIELD-CONTRACT-20260813"
"AWS-SIGN-0081","lifecycle_pk_write","append_then_promote_review_status","数据/condition-sets.csv","condition_set_id","COND-M2W2-AWS-TRN3-CHIP-MIXED","审计/子代理交接/m2_staging/M2-W2-AWS-PACKAGE-FACTS-REMEDIATED/structured/condition-sets.csv","42b65a66d24429505b2e829bd79f7ee33ecc867f49606bf2ca1c1e500713e7dc","9bb6717de7c6a038674d563164e40cf94dfe1f1d923fe787339299e77a057ac5","absent","","draft","reviewed","","true","","","LCM-M2W2-AWS-PKG-0081","46fd41d8b19a82dc22c24ddee5c1b4e3534cacfe56bc4258cd1c9756ed67b552","74fe487790a0d2fbcaf012c1d60b409fd065dad5480a769843c28dab070036c4","f2682bdaf3ee4bee58aa95e20aa60461cc96a1f1fbc20a04b93bdcd2e98bc880","d10ad305a820f0fc1db7f2bf7030ca149ea7b556ceacd0a32d593f08a7cc01ff","m2_final_review_aws_package","2026-08-13","accept","只授权此 PK 按冻结来源行执行 write_action；除 review_status 外，写入语义列必须与 source_path 中该 PK 完全一致。package_review、independent_signoff 与 freeze_binding_status 由本签字和三项冻结哈希闭合。rebase_binding=AWS-SIGNOFF-REBASE-GOOGLE-SOURCE-GATE-20260813;post_field_rebase_binding=AWS-SIGNOFF-POST-FIELD-CONTRACT-20260813"
"AWS-SIGN-0082","lifecycle_pk_write","append_then_promote_review_status","数据/condition-sets.csv","condition_set_id","COND-M2W2-AWS-TRN3-CHIP-SPARSE","审计/子代理交接/m2_staging/M2-W2-AWS-PACKAGE-FACTS-REMEDIATED/structured/condition-sets.csv","42b65a66d24429505b2e829bd79f7ee33ecc867f49606bf2ca1c1e500713e7dc","9bb6717de7c6a038674d563164e40cf94dfe1f1d923fe787339299e77a057ac5","absent","","draft","reviewed","","true","","","LCM-M2W2-AWS-PKG-0082","46fd41d8b19a82dc22c24ddee5c1b4e3534cacfe56bc4258cd1c9756ed67b552","74fe487790a0d2fbcaf012c1d60b409fd065dad5480a769843c28dab070036c4","f2682bdaf3ee4bee58aa95e20aa60461cc96a1f1fbc20a04b93bdcd2e98bc880","d10ad305a820f0fc1db7f2bf7030ca149ea7b556ceacd0a32d593f08a7cc01ff","m2_final_review_aws_package","2026-08-13","accept","只授权此 PK 按冻结来源行执行 write_action；除 review_status 外，写入语义列必须与 source_path 中该 PK 完全一致。package_review、independent_signoff 与 freeze_binding_status 由本签字和三项冻结哈希闭合。rebase_binding=AWS-SIGNOFF-REBASE-GOOGLE-SOURCE-GATE-20260813;post_field_rebase_binding=AWS-SIGNOFF-POST-FIELD-CONTRACT-20260813"
"AWS-SIGN-0083","lifecycle_pk_write","append_then_promote_review_status","数据/condition-sets.csv","condition_set_id","COND-M2W2-AWS-TRN3-CHIP-FP32","审计/子代理交接/m2_staging/M2-W2-AWS-PACKAGE-FACTS-REMEDIATED/structured/condition-sets.csv","42b65a66d24429505b2e829bd79f7ee33ecc867f49606bf2ca1c1e500713e7dc","9bb6717de7c6a038674d563164e40cf94dfe1f1d923fe787339299e77a057ac5","absent","","draft","reviewed","","true","","","LCM-M2W2-AWS-PKG-0083","46fd41d8b19a82dc22c24ddee5c1b4e3534cacfe56bc4258cd1c9756ed67b552","74fe487790a0d2fbcaf012c1d60b409fd065dad5480a769843c28dab070036c4","f2682bdaf3ee4bee58aa95e20aa60461cc96a1f1fbc20a04b93bdcd2e98bc880","d10ad305a820f0fc1db7f2bf7030ca149ea7b556ceacd0a32d593f08a7cc01ff","m2_final_review_aws_package","2026-08-13","accept","只授权此 PK 按冻结来源行执行 write_action；除 review_status 外，写入语义列必须与 source_path 中该 PK 完全一致。package_review、independent_signoff 与 freeze_binding_status 由本签字和三项冻结哈希闭合。rebase_binding=AWS-SIGNOFF-REBASE-GOOGLE-SOURCE-GATE-20260813;post_field_rebase_binding=AWS-SIGNOFF-POST-FIELD-CONTRACT-20260813"
"AWS-SIGN-0084","lifecycle_pk_write","append_then_promote_review_status","数据/condition-sets.csv","condition_set_id","COND-M2W2-AWS-TRN3-CORE-MX","审计/子代理交接/m2_staging/M2-W2-AWS-PACKAGE-FACTS-REMEDIATED/structured/condition-sets.csv","42b65a66d24429505b2e829bd79f7ee33ecc867f49606bf2ca1c1e500713e7dc","9bb6717de7c6a038674d563164e40cf94dfe1f1d923fe787339299e77a057ac5","absent","","draft","reviewed","","true","","","LCM-M2W2-AWS-PKG-0084","46fd41d8b19a82dc22c24ddee5c1b4e3534cacfe56bc4258cd1c9756ed67b552","74fe487790a0d2fbcaf012c1d60b409fd065dad5480a769843c28dab070036c4","f2682bdaf3ee4bee58aa95e20aa60461cc96a1f1fbc20a04b93bdcd2e98bc880","d10ad305a820f0fc1db7f2bf7030ca149ea7b556ceacd0a32d593f08a7cc01ff","m2_final_review_aws_package","2026-08-13","accept","只授权此 PK 按冻结来源行执行 write_action；除 review_status 外，写入语义列必须与 source_path 中该 PK 完全一致。package_review、independent_signoff 与 freeze_binding_status 由本签字和三项冻结哈希闭合。rebase_binding=AWS-SIGNOFF-REBASE-GOOGLE-SOURCE-GATE-20260813;post_field_rebase_binding=AWS-SIGNOFF-POST-FIELD-CONTRACT-20260813"
"AWS-SIGN-0085","lifecycle_pk_write","append_then_promote_review_status","数据/condition-sets.csv","condition_set_id","COND-M2W2-AWS-TRN3-CORE-MIXED","审计/子代理交接/m2_staging/M2-W2-AWS-PACKAGE-FACTS-REMEDIATED/structured/condition-sets.csv","42b65a66d24429505b2e829bd79f7ee33ecc867f49606bf2ca1c1e500713e7dc","9bb6717de7c6a038674d563164e40cf94dfe1f1d923fe787339299e77a057ac5","absent","","draft","reviewed","","true","","","LCM-M2W2-AWS-PKG-0085","46fd41d8b19a82dc22c24ddee5c1b4e3534cacfe56bc4258cd1c9756ed67b552","74fe487790a0d2fbcaf012c1d60b409fd065dad5480a769843c28dab070036c4","f2682bdaf3ee4bee58aa95e20aa60461cc96a1f1fbc20a04b93bdcd2e98bc880","d10ad305a820f0fc1db7f2bf7030ca149ea7b556ceacd0a32d593f08a7cc01ff","m2_final_review_aws_package","2026-08-13","accept","只授权此 PK 按冻结来源行执行 write_action；除 review_status 外，写入语义列必须与 source_path 中该 PK 完全一致。package_review、independent_signoff 与 freeze_binding_status 由本签字和三项冻结哈希闭合。rebase_binding=AWS-SIGNOFF-REBASE-GOOGLE-SOURCE-GATE-20260813;post_field_rebase_binding=AWS-SIGNOFF-POST-FIELD-CONTRACT-20260813"
"AWS-SIGN-0086","lifecycle_pk_write","append_then_promote_review_status","数据/condition-sets.csv","condition_set_id","COND-M2W2-AWS-TRN3-CORE-FP32","审计/子代理交接/m2_staging/M2-W2-AWS-PACKAGE-FACTS-REMEDIATED/structured/condition-sets.csv","42b65a66d24429505b2e829bd79f7ee33ecc867f49606bf2ca1c1e500713e7dc","9bb6717de7c6a038674d563164e40cf94dfe1f1d923fe787339299e77a057ac5","absent","","draft","reviewed","","true","","","LCM-M2W2-AWS-PKG-0086","46fd41d8b19a82dc22c24ddee5c1b4e3534cacfe56bc4258cd1c9756ed67b552","74fe487790a0d2fbcaf012c1d60b409fd065dad5480a769843c28dab070036c4","f2682bdaf3ee4bee58aa95e20aa60461cc96a1f1fbc20a04b93bdcd2e98bc880","d10ad305a820f0fc1db7f2bf7030ca149ea7b556ceacd0a32d593f08a7cc01ff","m2_final_review_aws_package","2026-08-13","accept","只授权此 PK 按冻结来源行执行 write_action；除 review_status 外，写入语义列必须与 source_path 中该 PK 完全一致。package_review、independent_signoff 与 freeze_binding_status 由本签字和三项冻结哈希闭合。rebase_binding=AWS-SIGNOFF-REBASE-GOOGLE-SOURCE-GATE-20260813;post_field_rebase_binding=AWS-SIGNOFF-POST-FIELD-CONTRACT-20260813"
"AWS-SIGN-0087","lifecycle_pk_write","append_then_promote_review_status","数据/condition-sets.csv","condition_set_id","COND-M2W2-AWS-TRN3-CORE-VECTOR","审计/子代理交接/m2_staging/M2-W2-AWS-PACKAGE-FACTS-REMEDIATED/structured/condition-sets.csv","42b65a66d24429505b2e829bd79f7ee33ecc867f49606bf2ca1c1e500713e7dc","9bb6717de7c6a038674d563164e40cf94dfe1f1d923fe787339299e77a057ac5","absent","","draft","reviewed","","true","","","LCM-M2W2-AWS-PKG-0087","46fd41d8b19a82dc22c24ddee5c1b4e3534cacfe56bc4258cd1c9756ed67b552","74fe487790a0d2fbcaf012c1d60b409fd065dad5480a769843c28dab070036c4","f2682bdaf3ee4bee58aa95e20aa60461cc96a1f1fbc20a04b93bdcd2e98bc880","d10ad305a820f0fc1db7f2bf7030ca149ea7b556ceacd0a32d593f08a7cc01ff","m2_final_review_aws_package","2026-08-13","accept","只授权此 PK 按冻结来源行执行 write_action；除 review_status 外，写入语义列必须与 source_path 中该 PK 完全一致。package_review、independent_signoff 与 freeze_binding_status 由本签字和三项冻结哈希闭合。rebase_binding=AWS-SIGNOFF-REBASE-GOOGLE-SOURCE-GATE-20260813;post_field_rebase_binding=AWS-SIGNOFF-POST-FIELD-CONTRACT-20260813"
"AWS-SIGN-0088","lifecycle_pk_write","append_then_promote_review_status","数据/condition-sets.csv","condition_set_id","COND-M2W2-AWS-TRN3-CORE-SCALAR","审计/子代理交接/m2_staging/M2-W2-AWS-PACKAGE-FACTS-REMEDIATED/structured/condition-sets.csv","42b65a66d24429505b2e829bd79f7ee33ecc867f49606bf2ca1c1e500713e7dc","9bb6717de7c6a038674d563164e40cf94dfe1f1d923fe787339299e77a057ac5","absent","","draft","reviewed","","true","","","LCM-M2W2-AWS-PKG-0088","46fd41d8b19a82dc22c24ddee5c1b4e3534cacfe56bc4258cd1c9756ed67b552","74fe487790a0d2fbcaf012c1d60b409fd065dad5480a769843c28dab070036c4","f2682bdaf3ee4bee58aa95e20aa60461cc96a1f1fbc20a04b93bdcd2e98bc880","d10ad305a820f0fc1db7f2bf7030ca149ea7b556ceacd0a32d593f08a7cc01ff","m2_final_review_aws_package","2026-08-13","accept","只授权此 PK 按冻结来源行执行 write_action；除 review_status 外，写入语义列必须与 source_path 中该 PK 完全一致。package_review、independent_signoff 与 freeze_binding_status 由本签字和三项冻结哈希闭合。rebase_binding=AWS-SIGNOFF-REBASE-GOOGLE-SOURCE-GATE-20260813;post_field_rebase_binding=AWS-SIGNOFF-POST-FIELD-CONTRACT-20260813"
"AWS-SIGN-0089","lifecycle_pk_write","append_then_promote_review_status","数据/condition-sets.csv","condition_set_id","COND-M2W2-AWS-TRN3-DEVICE-BW","审计/子代理交接/m2_staging/M2-W2-AWS-PACKAGE-FACTS-REMEDIATED/structured/condition-sets.csv","42b65a66d24429505b2e829bd79f7ee33ecc867f49606bf2ca1c1e500713e7dc","9bb6717de7c6a038674d563164e40cf94dfe1f1d923fe787339299e77a057ac5","absent","","draft","reviewed","","true","","","LCM-M2W2-AWS-PKG-0089","46fd41d8b19a82dc22c24ddee5c1b4e3534cacfe56bc4258cd1c9756ed67b552","74fe487790a0d2fbcaf012c1d60b409fd065dad5480a769843c28dab070036c4","f2682bdaf3ee4bee58aa95e20aa60461cc96a1f1fbc20a04b93bdcd2e98bc880","d10ad305a820f0fc1db7f2bf7030ca149ea7b556ceacd0a32d593f08a7cc01ff","m2_final_review_aws_package","2026-08-13","accept","只授权此 PK 按冻结来源行执行 write_action；除 review_status 外，写入语义列必须与 source_path 中该 PK 完全一致。package_review、independent_signoff 与 freeze_binding_status 由本签字和三项冻结哈希闭合。rebase_binding=AWS-SIGNOFF-REBASE-GOOGLE-SOURCE-GATE-20260813;post_field_rebase_binding=AWS-SIGNOFF-POST-FIELD-CONTRACT-20260813"
"AWS-SIGN-0090","lifecycle_pk_write","append_then_promote_review_status","数据/condition-sets.csv","condition_set_id","COND-M2W2-AWS-TRN3-DMA-BW","审计/子代理交接/m2_staging/M2-W2-AWS-PACKAGE-FACTS-REMEDIATED/structured/condition-sets.csv","42b65a66d24429505b2e829bd79f7ee33ecc867f49606bf2ca1c1e500713e7dc","9bb6717de7c6a038674d563164e40cf94dfe1f1d923fe787339299e77a057ac5","absent","","draft","reviewed","","true","","","LCM-M2W2-AWS-PKG-0090","46fd41d8b19a82dc22c24ddee5c1b4e3534cacfe56bc4258cd1c9756ed67b552","74fe487790a0d2fbcaf012c1d60b409fd065dad5480a769843c28dab070036c4","f2682bdaf3ee4bee58aa95e20aa60461cc96a1f1fbc20a04b93bdcd2e98bc880","d10ad305a820f0fc1db7f2bf7030ca149ea7b556ceacd0a32d593f08a7cc01ff","m2_final_review_aws_package","2026-08-13","accept","只授权此 PK 按冻结来源行执行 write_action；除 review_status 外，写入语义列必须与 source_path 中该 PK 完全一致。package_review、independent_signoff 与 freeze_binding_status 由本签字和三项冻结哈希闭合。rebase_binding=AWS-SIGNOFF-REBASE-GOOGLE-SOURCE-GATE-20260813;post_field_rebase_binding=AWS-SIGNOFF-POST-FIELD-CONTRACT-20260813"
"AWS-SIGN-0091","lifecycle_pk_write","append_then_promote_review_status","数据/condition-sets.csv","condition_set_id","COND-M2W2-AWS-TRN3-NEURONLINK-BW","审计/子代理交接/m2_staging/M2-W2-AWS-PACKAGE-FACTS-REMEDIATED/structured/condition-sets.csv","42b65a66d24429505b2e829bd79f7ee33ecc867f49606bf2ca1c1e500713e7dc","9bb6717de7c6a038674d563164e40cf94dfe1f1d923fe787339299e77a057ac5","absent","","draft","reviewed","","true","","","LCM-M2W2-AWS-PKG-0091","46fd41d8b19a82dc22c24ddee5c1b4e3534cacfe56bc4258cd1c9756ed67b552","74fe487790a0d2fbcaf012c1d60b409fd065dad5480a769843c28dab070036c4","f2682bdaf3ee4bee58aa95e20aa60461cc96a1f1fbc20a04b93bdcd2e98bc880","d10ad305a820f0fc1db7f2bf7030ca149ea7b556ceacd0a32d593f08a7cc01ff","m2_final_review_aws_package","2026-08-13","accept","只授权此 PK 按冻结来源行执行 write_action；除 review_status 外，写入语义列必须与 source_path 中该 PK 完全一致。package_review、independent_signoff 与 freeze_binding_status 由本签字和三项冻结哈希闭合。rebase_binding=AWS-SIGNOFF-REBASE-GOOGLE-SOURCE-GATE-20260813;post_field_rebase_binding=AWS-SIGNOFF-POST-FIELD-CONTRACT-20260813"
"AWS-SIGN-0092","lifecycle_pk_write","append_then_promote_review_status","数据/condition-sets.csv","condition_set_id","COND-M2W2-AWS-TRN3-CHIP-FP8-GENERIC","审计/子代理交接/m2_staging/M2-W2-AWS-PACKAGE-FACTS-REMEDIATED/structured/condition-sets.csv","42b65a66d24429505b2e829bd79f7ee33ecc867f49606bf2ca1c1e500713e7dc","9bb6717de7c6a038674d563164e40cf94dfe1f1d923fe787339299e77a057ac5","absent","","draft","reviewed","","true","","","LCM-M2W2-AWS-PKG-0092","46fd41d8b19a82dc22c24ddee5c1b4e3534cacfe56bc4258cd1c9756ed67b552","74fe487790a0d2fbcaf012c1d60b409fd065dad5480a769843c28dab070036c4","f2682bdaf3ee4bee58aa95e20aa60461cc96a1f1fbc20a04b93bdcd2e98bc880","d10ad305a820f0fc1db7f2bf7030ca149ea7b556ceacd0a32d593f08a7cc01ff","m2_final_review_aws_package","2026-08-13","accept","只授权此 PK 按冻结来源行执行 write_action；除 review_status 外，写入语义列必须与 source_path 中该 PK 完全一致。package_review、independent_signoff 与 freeze_binding_status 由本签字和三项冻结哈希闭合。rebase_binding=AWS-SIGNOFF-REBASE-GOOGLE-SOURCE-GATE-20260813;post_field_rebase_binding=AWS-SIGNOFF-POST-FIELD-CONTRACT-20260813"
"AWS-SIGN-0093","lifecycle_pk_write","append_then_promote_review_status","数据/facts.csv","fact_id","FACT-M2W2-AWS-INF1-NCV1-COUNT","审计/子代理交接/m2_staging/M2-W2-AWS-PACKAGE-FACTS-REMEDIATED/structured/facts.csv","78b5250fd5512e99bdae7424fec29084abfc1247caff5d5b49f5cd3bd4f4a543","55a75c496c304062371ce38e566ee839060ee0706259b0b6e24442fb70b9ae3d","absent","","draft","reviewed","resolution_state=provisional;evidence_state=single_source","true","","","LCM-M2W2-AWS-PKG-0093","46fd41d8b19a82dc22c24ddee5c1b4e3534cacfe56bc4258cd1c9756ed67b552","74fe487790a0d2fbcaf012c1d60b409fd065dad5480a769843c28dab070036c4","f2682bdaf3ee4bee58aa95e20aa60461cc96a1f1fbc20a04b93bdcd2e98bc880","d10ad305a820f0fc1db7f2bf7030ca149ea7b556ceacd0a32d593f08a7cc01ff","m2_final_review_aws_package","2026-08-13","accept","只授权此 PK 按冻结来源行执行 write_action；除 review_status 外，写入语义列必须与 source_path 中该 PK 完全一致。package_review、independent_signoff 与 freeze_binding_status 由本签字和三项冻结哈希闭合。rebase_binding=AWS-SIGNOFF-REBASE-GOOGLE-SOURCE-GATE-20260813;post_field_rebase_binding=AWS-SIGNOFF-POST-FIELD-CONTRACT-20260813"
"AWS-SIGN-0094","lifecycle_pk_write","append_then_promote_review_status","数据/facts.csv","fact_id","FACT-M2W2-AWS-INF1-CHIP-INT8-PEAK","审计/子代理交接/m2_staging/M2-W2-AWS-PACKAGE-FACTS-REMEDIATED/structured/facts.csv","78b5250fd5512e99bdae7424fec29084abfc1247caff5d5b49f5cd3bd4f4a543","55a75c496c304062371ce38e566ee839060ee0706259b0b6e24442fb70b9ae3d","absent","","draft","reviewed","resolution_state=provisional;evidence_state=single_source","true","","","LCM-M2W2-AWS-PKG-0094","46fd41d8b19a82dc22c24ddee5c1b4e3534cacfe56bc4258cd1c9756ed67b552","74fe487790a0d2fbcaf012c1d60b409fd065dad5480a769843c28dab070036c4","f2682bdaf3ee4bee58aa95e20aa60461cc96a1f1fbc20a04b93bdcd2e98bc880","d10ad305a820f0fc1db7f2bf7030ca149ea7b556ceacd0a32d593f08a7cc01ff","m2_final_review_aws_package","2026-08-13","accept","只授权此 PK 按冻结来源行执行 write_action；除 review_status 外，写入语义列必须与 source_path 中该 PK 完全一致。package_review、independent_signoff 与 freeze_binding_status 由本签字和三项冻结哈希闭合。rebase_binding=AWS-SIGNOFF-REBASE-GOOGLE-SOURCE-GATE-20260813;post_field_rebase_binding=AWS-SIGNOFF-POST-FIELD-CONTRACT-20260813"
"AWS-SIGN-0095","lifecycle_pk_write","append_then_promote_review_status","数据/facts.csv","fact_id","FACT-M2W2-AWS-INF1-CHIP-FP16BF16-PEAK","审计/子代理交接/m2_staging/M2-W2-AWS-PACKAGE-FACTS-REMEDIATED/structured/facts.csv","78b5250fd5512e99bdae7424fec29084abfc1247caff5d5b49f5cd3bd4f4a543","55a75c496c304062371ce38e566ee839060ee0706259b0b6e24442fb70b9ae3d","absent","","draft","reviewed","resolution_state=provisional;evidence_state=single_source","true","","","LCM-M2W2-AWS-PKG-0095","46fd41d8b19a82dc22c24ddee5c1b4e3534cacfe56bc4258cd1c9756ed67b552","74fe487790a0d2fbcaf012c1d60b409fd065dad5480a769843c28dab070036c4","f2682bdaf3ee4bee58aa95e20aa60461cc96a1f1fbc20a04b93bdcd2e98bc880","d10ad305a820f0fc1db7f2bf7030ca149ea7b556ceacd0a32d593f08a7cc01ff","m2_final_review_aws_package","2026-08-13","accept","只授权此 PK 按冻结来源行执行 write_action；除 review_status 外，写入语义列必须与 source_path 中该 PK 完全一致。package_review、independent_signoff 与 freeze_binding_status 由本签字和三项冻结哈希闭合。rebase_binding=AWS-SIGNOFF-REBASE-GOOGLE-SOURCE-GATE-20260813;post_field_rebase_binding=AWS-SIGNOFF-POST-FIELD-CONTRACT-20260813"
"AWS-SIGN-0096","lifecycle_pk_write","append_then_promote_review_status","数据/facts.csv","fact_id","FACT-M2W2-AWS-INF1-DRAM-CAPACITY","审计/子代理交接/m2_staging/M2-W2-AWS-PACKAGE-FACTS-REMEDIATED/structured/facts.csv","78b5250fd5512e99bdae7424fec29084abfc1247caff5d5b49f5cd3bd4f4a543","55a75c496c304062371ce38e566ee839060ee0706259b0b6e24442fb70b9ae3d","absent","","draft","reviewed","resolution_state=provisional;evidence_state=single_source","true","","","LCM-M2W2-AWS-PKG-0096","46fd41d8b19a82dc22c24ddee5c1b4e3534cacfe56bc4258cd1c9756ed67b552","74fe487790a0d2fbcaf012c1d60b409fd065dad5480a769843c28dab070036c4","f2682bdaf3ee4bee58aa95e20aa60461cc96a1f1fbc20a04b93bdcd2e98bc880","d10ad305a820f0fc1db7f2bf7030ca149ea7b556ceacd0a32d593f08a7cc01ff","m2_final_review_aws_package","2026-08-13","accept","只授权此 PK 按冻结来源行执行 write_action；除 review_status 外，写入语义列必须与 source_path 中该 PK 完全一致。package_review、independent_signoff 与 freeze_binding_status 由本签字和三项冻结哈希闭合。rebase_binding=AWS-SIGNOFF-REBASE-GOOGLE-SOURCE-GATE-20260813;post_field_rebase_binding=AWS-SIGNOFF-POST-FIELD-CONTRACT-20260813"
"AWS-SIGN-0097","lifecycle_pk_write","append_then_promote_review_status","数据/facts.csv","fact_id","FACT-M2W2-AWS-INF1-DRAM-BW","审计/子代理交接/m2_staging/M2-W2-AWS-PACKAGE-FACTS-REMEDIATED/structured/facts.csv","78b5250fd5512e99bdae7424fec29084abfc1247caff5d5b49f5cd3bd4f4a543","55a75c496c304062371ce38e566ee839060ee0706259b0b6e24442fb70b9ae3d","absent","","draft","reviewed","resolution_state=provisional;evidence_state=single_source","true","","","LCM-M2W2-AWS-PKG-0097","46fd41d8b19a82dc22c24ddee5c1b4e3534cacfe56bc4258cd1c9756ed67b552","74fe487790a0d2fbcaf012c1d60b409fd065dad5480a769843c28dab070036c4","f2682bdaf3ee4bee58aa95e20aa60461cc96a1f1fbc20a04b93bdcd2e98bc880","d10ad305a820f0fc1db7f2bf7030ca149ea7b556ceacd0a32d593f08a7cc01ff","m2_final_review_aws_package","2026-08-13","accept","只授权此 PK 按冻结来源行执行 write_action；除 review_status 外，写入语义列必须与 source_path 中该 PK 完全一致。package_review、independent_signoff 与 freeze_binding_status 由本签字和三项冻结哈希闭合。rebase_binding=AWS-SIGNOFF-REBASE-GOOGLE-SOURCE-GATE-20260813;post_field_rebase_binding=AWS-SIGNOFF-POST-FIELD-CONTRACT-20260813"
"AWS-SIGN-0098","lifecycle_pk_write","append_then_promote_review_status","数据/facts.csv","fact_id","FACT-M2W2-AWS-INF1-NCV1-TENSOR-FP16BF16","审计/子代理交接/m2_staging/M2-W2-AWS-PACKAGE-FACTS-REMEDIATED/structured/facts.csv","78b5250fd5512e99bdae7424fec29084abfc1247caff5d5b49f5cd3bd4f4a543","55a75c496c304062371ce38e566ee839060ee0706259b0b6e24442fb70b9ae3d","absent","","draft","reviewed","resolution_state=provisional;evidence_state=single_source","true","","","LCM-M2W2-AWS-PKG-0098","46fd41d8b19a82dc22c24ddee5c1b4e3534cacfe56bc4258cd1c9756ed67b552","74fe487790a0d2fbcaf012c1d60b409fd065dad5480a769843c28dab070036c4","f2682bdaf3ee4bee58aa95e20aa60461cc96a1f1fbc20a04b93bdcd2e98bc880","d10ad305a820f0fc1db7f2bf7030ca149ea7b556ceacd0a32d593f08a7cc01ff","m2_final_review_aws_package","2026-08-13","accept","只授权此 PK 按冻结来源行执行 write_action；除 review_status 外，写入语义列必须与 source_path 中该 PK 完全一致。package_review、independent_signoff 与 freeze_binding_status 由本签字和三项冻结哈希闭合。rebase_binding=AWS-SIGNOFF-REBASE-GOOGLE-SOURCE-GATE-20260813;post_field_rebase_binding=AWS-SIGNOFF-POST-FIELD-CONTRACT-20260813"
"AWS-SIGN-0099","lifecycle_pk_write","append_then_promote_review_status","数据/facts.csv","fact_id","FACT-M2W2-AWS-INF1-NCV1-VECTOR-OPS-CYCLE","审计/子代理交接/m2_staging/M2-W2-AWS-PACKAGE-FACTS-REMEDIATED/structured/facts.csv","78b5250fd5512e99bdae7424fec29084abfc1247caff5d5b49f5cd3bd4f4a543","55a75c496c304062371ce38e566ee839060ee0706259b0b6e24442fb70b9ae3d","absent","","draft","reviewed","resolution_state=provisional;evidence_state=single_source","true","","","LCM-M2W2-AWS-PKG-0099","46fd41d8b19a82dc22c24ddee5c1b4e3534cacfe56bc4258cd1c9756ed67b552","74fe487790a0d2fbcaf012c1d60b409fd065dad5480a769843c28dab070036c4","f2682bdaf3ee4bee58aa95e20aa60461cc96a1f1fbc20a04b93bdcd2e98bc880","d10ad305a820f0fc1db7f2bf7030ca149ea7b556ceacd0a32d593f08a7cc01ff","m2_final_review_aws_package","2026-08-13","accept","只授权此 PK 按冻结来源行执行 write_action；除 review_status 外，写入语义列必须与 source_path 中该 PK 完全一致。package_review、independent_signoff 与 freeze_binding_status 由本签字和三项冻结哈希闭合。rebase_binding=AWS-SIGNOFF-REBASE-GOOGLE-SOURCE-GATE-20260813;post_field_rebase_binding=AWS-SIGNOFF-POST-FIELD-CONTRACT-20260813"
"AWS-SIGN-0100","lifecycle_pk_write","append_then_promote_review_status","数据/facts.csv","fact_id","FACT-M2W2-AWS-INF1-NCV1-SCALAR-OPS-CYCLE","审计/子代理交接/m2_staging/M2-W2-AWS-PACKAGE-FACTS-REMEDIATED/structured/facts.csv","78b5250fd5512e99bdae7424fec29084abfc1247caff5d5b49f5cd3bd4f4a543","55a75c496c304062371ce38e566ee839060ee0706259b0b6e24442fb70b9ae3d","absent","","draft","reviewed","resolution_state=provisional;evidence_state=single_source","true","","","LCM-M2W2-AWS-PKG-0100","46fd41d8b19a82dc22c24ddee5c1b4e3534cacfe56bc4258cd1c9756ed67b552","74fe487790a0d2fbcaf012c1d60b409fd065dad5480a769843c28dab070036c4","f2682bdaf3ee4bee58aa95e20aa60461cc96a1f1fbc20a04b93bdcd2e98bc880","d10ad305a820f0fc1db7f2bf7030ca149ea7b556ceacd0a32d593f08a7cc01ff","m2_final_review_aws_package","2026-08-13","accept","只授权此 PK 按冻结来源行执行 write_action；除 review_status 外，写入语义列必须与 source_path 中该 PK 完全一致。package_review、independent_signoff 与 freeze_binding_status 由本签字和三项冻结哈希闭合。rebase_binding=AWS-SIGNOFF-REBASE-GOOGLE-SOURCE-GATE-20260813;post_field_rebase_binding=AWS-SIGNOFF-POST-FIELD-CONTRACT-20260813"
"AWS-SIGN-0101","lifecycle_pk_write","append_then_promote_review_status","数据/facts.csv","fact_id","FACT-M2W2-AWS-TRN1-NCV2-COUNT","审计/子代理交接/m2_staging/M2-W2-AWS-PACKAGE-FACTS-REMEDIATED/structured/facts.csv","78b5250fd5512e99bdae7424fec29084abfc1247caff5d5b49f5cd3bd4f4a543","55a75c496c304062371ce38e566ee839060ee0706259b0b6e24442fb70b9ae3d","absent","","draft","reviewed","resolution_state=provisional;evidence_state=corroborated","true","","","LCM-M2W2-AWS-PKG-0101","46fd41d8b19a82dc22c24ddee5c1b4e3534cacfe56bc4258cd1c9756ed67b552","74fe487790a0d2fbcaf012c1d60b409fd065dad5480a769843c28dab070036c4","f2682bdaf3ee4bee58aa95e20aa60461cc96a1f1fbc20a04b93bdcd2e98bc880","d10ad305a820f0fc1db7f2bf7030ca149ea7b556ceacd0a32d593f08a7cc01ff","m2_final_review_aws_package","2026-08-13","accept","只授权此 PK 按冻结来源行执行 write_action；除 review_status 外，写入语义列必须与 source_path 中该 PK 完全一致。package_review、independent_signoff 与 freeze_binding_status 由本签字和三项冻结哈希闭合。rebase_binding=AWS-SIGNOFF-REBASE-GOOGLE-SOURCE-GATE-20260813;post_field_rebase_binding=AWS-SIGNOFF-POST-FIELD-CONTRACT-20260813"
"AWS-SIGN-0102","lifecycle_pk_write","append_then_promote_review_status","数据/facts.csv","fact_id","FACT-M2W2-AWS-TRN1-CHIP-INT8-PEAK","审计/子代理交接/m2_staging/M2-W2-AWS-PACKAGE-FACTS-REMEDIATED/structured/facts.csv","78b5250fd5512e99bdae7424fec29084abfc1247caff5d5b49f5cd3bd4f4a543","55a75c496c304062371ce38e566ee839060ee0706259b0b6e24442fb70b9ae3d","absent","","draft","reviewed","resolution_state=provisional;evidence_state=single_source","true","","","LCM-M2W2-AWS-PKG-0102","46fd41d8b19a82dc22c24ddee5c1b4e3534cacfe56bc4258cd1c9756ed67b552","74fe487790a0d2fbcaf012c1d60b409fd065dad5480a769843c28dab070036c4","f2682bdaf3ee4bee58aa95e20aa60461cc96a1f1fbc20a04b93bdcd2e98bc880","d10ad305a820f0fc1db7f2bf7030ca149ea7b556ceacd0a32d593f08a7cc01ff","m2_final_review_aws_package","2026-08-13","accept","只授权此 PK 按冻结来源行执行 write_action；除 review_status 外，写入语义列必须与 source_path 中该 PK 完全一致。package_review、independent_signoff 与 freeze_binding_status 由本签字和三项冻结哈希闭合。rebase_binding=AWS-SIGNOFF-REBASE-GOOGLE-SOURCE-GATE-20260813;post_field_rebase_binding=AWS-SIGNOFF-POST-FIELD-CONTRACT-20260813"
"AWS-SIGN-0103","lifecycle_pk_write","append_then_promote_review_status","数据/facts.csv","fact_id","FACT-M2W2-AWS-TRN1-CHIP-MIXED-PEAK","审计/子代理交接/m2_staging/M2-W2-AWS-PACKAGE-FACTS-REMEDIATED/structured/facts.csv","78b5250fd5512e99bdae7424fec29084abfc1247caff5d5b49f5cd3bd4f4a543","55a75c496c304062371ce38e566ee839060ee0706259b0b6e24442fb70b9ae3d","absent","","draft","reviewed","resolution_state=provisional;evidence_state=single_source","true","","","LCM-M2W2-AWS-PKG-0103","46fd41d8b19a82dc22c24ddee5c1b4e3534cacfe56bc4258cd1c9756ed67b552","74fe487790a0d2fbcaf012c1d60b409fd065dad5480a769843c28dab070036c4","f2682bdaf3ee4bee58aa95e20aa60461cc96a1f1fbc20a04b93bdcd2e98bc880","d10ad305a820f0fc1db7f2bf7030ca149ea7b556ceacd0a32d593f08a7cc01ff","m2_final_review_aws_package","2026-08-13","accept","只授权此 PK 按冻结来源行执行 write_action；除 review_status 外，写入语义列必须与 source_path 中该 PK 完全一致。package_review、independent_signoff 与 freeze_binding_status 由本签字和三项冻结哈希闭合。rebase_binding=AWS-SIGNOFF-REBASE-GOOGLE-SOURCE-GATE-20260813;post_field_rebase_binding=AWS-SIGNOFF-POST-FIELD-CONTRACT-20260813"
"AWS-SIGN-0104","lifecycle_pk_write","append_then_promote_review_status","数据/facts.csv","fact_id","FACT-M2W2-AWS-TRN1-CHIP-FP32-PEAK","审计/子代理交接/m2_staging/M2-W2-AWS-PACKAGE-FACTS-REMEDIATED/structured/facts.csv","78b5250fd5512e99bdae7424fec29084abfc1247caff5d5b49f5cd3bd4f4a543","55a75c496c304062371ce38e566ee839060ee0706259b0b6e24442fb70b9ae3d","absent","","draft","reviewed","resolution_state=provisional;evidence_state=single_source","true","","","LCM-M2W2-AWS-PKG-0104","46fd41d8b19a82dc22c24ddee5c1b4e3534cacfe56bc4258cd1c9756ed67b552","74fe487790a0d2fbcaf012c1d60b409fd065dad5480a769843c28dab070036c4","f2682bdaf3ee4bee58aa95e20aa60461cc96a1f1fbc20a04b93bdcd2e98bc880","d10ad305a820f0fc1db7f2bf7030ca149ea7b556ceacd0a32d593f08a7cc01ff","m2_final_review_aws_package","2026-08-13","accept","只授权此 PK 按冻结来源行执行 write_action；除 review_status 外，写入语义列必须与 source_path 中该 PK 完全一致。package_review、independent_signoff 与 freeze_binding_status 由本签字和三项冻结哈希闭合。rebase_binding=AWS-SIGNOFF-REBASE-GOOGLE-SOURCE-GATE-20260813;post_field_rebase_binding=AWS-SIGNOFF-POST-FIELD-CONTRACT-20260813"
"AWS-SIGN-0105","lifecycle_pk_write","append_then_promote_review_status","数据/facts.csv","fact_id","FACT-M2W2-AWS-TRN1-HBM-CAPACITY","审计/子代理交接/m2_staging/M2-W2-AWS-PACKAGE-FACTS-REMEDIATED/structured/facts.csv","78b5250fd5512e99bdae7424fec29084abfc1247caff5d5b49f5cd3bd4f4a543","55a75c496c304062371ce38e566ee839060ee0706259b0b6e24442fb70b9ae3d","absent","","draft","reviewed","resolution_state=provisional;evidence_state=corroborated","true","","","LCM-M2W2-AWS-PKG-0105","46fd41d8b19a82dc22c24ddee5c1b4e3534cacfe56bc4258cd1c9756ed67b552","74fe487790a0d2fbcaf012c1d60b409fd065dad5480a769843c28dab070036c4","f2682bdaf3ee4bee58aa95e20aa60461cc96a1f1fbc20a04b93bdcd2e98bc880","d10ad305a820f0fc1db7f2bf7030ca149ea7b556ceacd0a32d593f08a7cc01ff","m2_final_review_aws_package","2026-08-13","accept","只授权此 PK 按冻结来源行执行 write_action；除 review_status 外，写入语义列必须与 source_path 中该 PK 完全一致。package_review、independent_signoff 与 freeze_binding_status 由本签字和三项冻结哈希闭合。rebase_binding=AWS-SIGNOFF-REBASE-GOOGLE-SOURCE-GATE-20260813;post_field_rebase_binding=AWS-SIGNOFF-POST-FIELD-CONTRACT-20260813"
"AWS-SIGN-0106","lifecycle_pk_write","append_without_review_promotion","数据/facts.csv","fact_id","FACT-M2W2-AWS-TRN1-HBM-BW-GIB","审计/子代理交接/m2_staging/M2-W2-AWS-PACKAGE-FACTS-REMEDIATED/structured/facts.csv","78b5250fd5512e99bdae7424fec29084abfc1247caff5d5b49f5cd3bd4f4a543","55a75c496c304062371ce38e566ee839060ee0706259b0b6e24442fb70b9ae3d","absent","","needs_resolution","needs_resolution","resolution_state=conflict_member;evidence_state=source_with_caveat","true","","","LCM-M2W2-AWS-PKG-0106","46fd41d8b19a82dc22c24ddee5c1b4e3534cacfe56bc4258cd1c9756ed67b552","74fe487790a0d2fbcaf012c1d60b409fd065dad5480a769843c28dab070036c4","f2682bdaf3ee4bee58aa95e20aa60461cc96a1f1fbc20a04b93bdcd2e98bc880","d10ad305a820f0fc1db7f2bf7030ca149ea7b556ceacd0a32d593f08a7cc01ff","m2_final_review_aws_package","2026-08-13","accept","只授权此 PK 按冻结来源行执行 write_action；除 review_status 外，写入语义列必须与 source_path 中该 PK 完全一致。package_review、independent_signoff 与 freeze_binding_status 由本签字和三项冻结哈希闭合。rebase_binding=AWS-SIGNOFF-REBASE-GOOGLE-SOURCE-GATE-20260813;post_field_rebase_binding=AWS-SIGNOFF-POST-FIELD-CONTRACT-20260813"
"AWS-SIGN-0107","lifecycle_pk_write","append_without_review_promotion","数据/facts.csv","fact_id","FACT-M2W2-AWS-TRN1-HBM-BW-GB","审计/子代理交接/m2_staging/M2-W2-AWS-PACKAGE-FACTS-REMEDIATED/structured/facts.csv","78b5250fd5512e99bdae7424fec29084abfc1247caff5d5b49f5cd3bd4f4a543","55a75c496c304062371ce38e566ee839060ee0706259b0b6e24442fb70b9ae3d","absent","","needs_resolution","needs_resolution","resolution_state=conflict_member;evidence_state=source_with_caveat","true","","","LCM-M2W2-AWS-PKG-0107","46fd41d8b19a82dc22c24ddee5c1b4e3534cacfe56bc4258cd1c9756ed67b552","74fe487790a0d2fbcaf012c1d60b409fd065dad5480a769843c28dab070036c4","f2682bdaf3ee4bee58aa95e20aa60461cc96a1f1fbc20a04b93bdcd2e98bc880","d10ad305a820f0fc1db7f2bf7030ca149ea7b556ceacd0a32d593f08a7cc01ff","m2_final_review_aws_package","2026-08-13","accept","只授权此 PK 按冻结来源行执行 write_action；除 review_status 外，写入语义列必须与 source_path 中该 PK 完全一致。package_review、independent_signoff 与 freeze_binding_status 由本签字和三项冻结哈希闭合。rebase_binding=AWS-SIGNOFF-REBASE-GOOGLE-SOURCE-GATE-20260813;post_field_rebase_binding=AWS-SIGNOFF-POST-FIELD-CONTRACT-20260813"
"AWS-SIGN-0108","lifecycle_pk_write","append_then_promote_review_status","数据/facts.csv","fact_id","FACT-M2W2-AWS-TRN1-DMA-BW","审计/子代理交接/m2_staging/M2-W2-AWS-PACKAGE-FACTS-REMEDIATED/structured/facts.csv","78b5250fd5512e99bdae7424fec29084abfc1247caff5d5b49f5cd3bd4f4a543","55a75c496c304062371ce38e566ee839060ee0706259b0b6e24442fb70b9ae3d","absent","","draft","reviewed","resolution_state=provisional;evidence_state=single_source","true","","","LCM-M2W2-AWS-PKG-0108","46fd41d8b19a82dc22c24ddee5c1b4e3534cacfe56bc4258cd1c9756ed67b552","74fe487790a0d2fbcaf012c1d60b409fd065dad5480a769843c28dab070036c4","f2682bdaf3ee4bee58aa95e20aa60461cc96a1f1fbc20a04b93bdcd2e98bc880","d10ad305a820f0fc1db7f2bf7030ca149ea7b556ceacd0a32d593f08a7cc01ff","m2_final_review_aws_package","2026-08-13","accept","只授权此 PK 按冻结来源行执行 write_action；除 review_status 外，写入语义列必须与 source_path 中该 PK 完全一致。package_review、independent_signoff 与 freeze_binding_status 由本签字和三项冻结哈希闭合。rebase_binding=AWS-SIGNOFF-REBASE-GOOGLE-SOURCE-GATE-20260813;post_field_rebase_binding=AWS-SIGNOFF-POST-FIELD-CONTRACT-20260813"
"AWS-SIGN-0109","lifecycle_pk_write","append_then_promote_review_status","数据/facts.csv","fact_id","FACT-M2W2-AWS-TRN1-DMA-COUNT","审计/子代理交接/m2_staging/M2-W2-AWS-PACKAGE-FACTS-REMEDIATED/structured/facts.csv","78b5250fd5512e99bdae7424fec29084abfc1247caff5d5b49f5cd3bd4f4a543","55a75c496c304062371ce38e566ee839060ee0706259b0b6e24442fb70b9ae3d","absent","","draft","reviewed","resolution_state=provisional;evidence_state=single_source","true","","","LCM-M2W2-AWS-PKG-0109","46fd41d8b19a82dc22c24ddee5c1b4e3534cacfe56bc4258cd1c9756ed67b552","74fe487790a0d2fbcaf012c1d60b409fd065dad5480a769843c28dab070036c4","f2682bdaf3ee4bee58aa95e20aa60461cc96a1f1fbc20a04b93bdcd2e98bc880","d10ad305a820f0fc1db7f2bf7030ca149ea7b556ceacd0a32d593f08a7cc01ff","m2_final_review_aws_package","2026-08-13","accept","只授权此 PK 按冻结来源行执行 write_action；除 review_status 外，写入语义列必须与 source_path 中该 PK 完全一致。package_review、independent_signoff 与 freeze_binding_status 由本签字和三项冻结哈希闭合。rebase_binding=AWS-SIGNOFF-REBASE-GOOGLE-SOURCE-GATE-20260813;post_field_rebase_binding=AWS-SIGNOFF-POST-FIELD-CONTRACT-20260813"
"AWS-SIGN-0110","lifecycle_pk_write","append_then_promote_review_status","数据/facts.csv","fact_id","FACT-M2W2-AWS-TRN1-CC-COUNT","审计/子代理交接/m2_staging/M2-W2-AWS-PACKAGE-FACTS-REMEDIATED/structured/facts.csv","78b5250fd5512e99bdae7424fec29084abfc1247caff5d5b49f5cd3bd4f4a543","55a75c496c304062371ce38e566ee839060ee0706259b0b6e24442fb70b9ae3d","absent","","draft","reviewed","resolution_state=provisional;evidence_state=single_source","true","","","LCM-M2W2-AWS-PKG-0110","46fd41d8b19a82dc22c24ddee5c1b4e3534cacfe56bc4258cd1c9756ed67b552","74fe487790a0d2fbcaf012c1d60b409fd065dad5480a769843c28dab070036c4","f2682bdaf3ee4bee58aa95e20aa60461cc96a1f1fbc20a04b93bdcd2e98bc880","d10ad305a820f0fc1db7f2bf7030ca149ea7b556ceacd0a32d593f08a7cc01ff","m2_final_review_aws_package","2026-08-13","accept","只授权此 PK 按冻结来源行执行 write_action；除 review_status 外，写入语义列必须与 source_path 中该 PK 完全一致。package_review、independent_signoff 与 freeze_binding_status 由本签字和三项冻结哈希闭合。rebase_binding=AWS-SIGNOFF-REBASE-GOOGLE-SOURCE-GATE-20260813;post_field_rebase_binding=AWS-SIGNOFF-POST-FIELD-CONTRACT-20260813"
"AWS-SIGN-0111","lifecycle_pk_write","append_then_promote_review_status","数据/facts.csv","fact_id","FACT-M2W2-AWS-TRN1-NEURONLINK-COUNT","审计/子代理交接/m2_staging/M2-W2-AWS-PACKAGE-FACTS-REMEDIATED/structured/facts.csv","78b5250fd5512e99bdae7424fec29084abfc1247caff5d5b49f5cd3bd4f4a543","55a75c496c304062371ce38e566ee839060ee0706259b0b6e24442fb70b9ae3d","absent","","draft","reviewed","resolution_state=provisional;evidence_state=single_source","true","","","LCM-M2W2-AWS-PKG-0111","46fd41d8b19a82dc22c24ddee5c1b4e3534cacfe56bc4258cd1c9756ed67b552","74fe487790a0d2fbcaf012c1d60b409fd065dad5480a769843c28dab070036c4","f2682bdaf3ee4bee58aa95e20aa60461cc96a1f1fbc20a04b93bdcd2e98bc880","d10ad305a820f0fc1db7f2bf7030ca149ea7b556ceacd0a32d593f08a7cc01ff","m2_final_review_aws_package","2026-08-13","accept","只授权此 PK 按冻结来源行执行 write_action；除 review_status 外，写入语义列必须与 source_path 中该 PK 完全一致。package_review、independent_signoff 与 freeze_binding_status 由本签字和三项冻结哈希闭合。rebase_binding=AWS-SIGNOFF-REBASE-GOOGLE-SOURCE-GATE-20260813;post_field_rebase_binding=AWS-SIGNOFF-POST-FIELD-CONTRACT-20260813"
"AWS-SIGN-0112","lifecycle_pk_write","append_then_promote_review_status","数据/facts.csv","fact_id","FACT-M2W2-AWS-INF2-NCV2-COUNT","审计/子代理交接/m2_staging/M2-W2-AWS-PACKAGE-FACTS-REMEDIATED/structured/facts.csv","78b5250fd5512e99bdae7424fec29084abfc1247caff5d5b49f5cd3bd4f4a543","55a75c496c304062371ce38e566ee839060ee0706259b0b6e24442fb70b9ae3d","absent","","draft","reviewed","resolution_state=provisional;evidence_state=corroborated","true","","","LCM-M2W2-AWS-PKG-0112","46fd41d8b19a82dc22c24ddee5c1b4e3534cacfe56bc4258cd1c9756ed67b552","74fe487790a0d2fbcaf012c1d60b409fd065dad5480a769843c28dab070036c4","f2682bdaf3ee4bee58aa95e20aa60461cc96a1f1fbc20a04b93bdcd2e98bc880","d10ad305a820f0fc1db7f2bf7030ca149ea7b556ceacd0a32d593f08a7cc01ff","m2_final_review_aws_package","2026-08-13","accept","只授权此 PK 按冻结来源行执行 write_action；除 review_status 外，写入语义列必须与 source_path 中该 PK 完全一致。package_review、independent_signoff 与 freeze_binding_status 由本签字和三项冻结哈希闭合。rebase_binding=AWS-SIGNOFF-REBASE-GOOGLE-SOURCE-GATE-20260813;post_field_rebase_binding=AWS-SIGNOFF-POST-FIELD-CONTRACT-20260813"
"AWS-SIGN-0113","lifecycle_pk_write","append_then_promote_review_status","数据/facts.csv","fact_id","FACT-M2W2-AWS-INF2-CHIP-INT8-PEAK","审计/子代理交接/m2_staging/M2-W2-AWS-PACKAGE-FACTS-REMEDIATED/structured/facts.csv","78b5250fd5512e99bdae7424fec29084abfc1247caff5d5b49f5cd3bd4f4a543","55a75c496c304062371ce38e566ee839060ee0706259b0b6e24442fb70b9ae3d","absent","","draft","reviewed","resolution_state=provisional;evidence_state=single_source","true","","","LCM-M2W2-AWS-PKG-0113","46fd41d8b19a82dc22c24ddee5c1b4e3534cacfe56bc4258cd1c9756ed67b552","74fe487790a0d2fbcaf012c1d60b409fd065dad5480a769843c28dab070036c4","f2682bdaf3ee4bee58aa95e20aa60461cc96a1f1fbc20a04b93bdcd2e98bc880","d10ad305a820f0fc1db7f2bf7030ca149ea7b556ceacd0a32d593f08a7cc01ff","m2_final_review_aws_package","2026-08-13","accept","只授权此 PK 按冻结来源行执行 write_action；除 review_status 外，写入语义列必须与 source_path 中该 PK 完全一致。package_review、independent_signoff 与 freeze_binding_status 由本签字和三项冻结哈希闭合。rebase_binding=AWS-SIGNOFF-REBASE-GOOGLE-SOURCE-GATE-20260813;post_field_rebase_binding=AWS-SIGNOFF-POST-FIELD-CONTRACT-20260813"
"AWS-SIGN-0114","lifecycle_pk_write","append_then_promote_review_status","数据/facts.csv","fact_id","FACT-M2W2-AWS-INF2-CHIP-MIXED-PEAK","审计/子代理交接/m2_staging/M2-W2-AWS-PACKAGE-FACTS-REMEDIATED/structured/facts.csv","78b5250fd5512e99bdae7424fec29084abfc1247caff5d5b49f5cd3bd4f4a543","55a75c496c304062371ce38e566ee839060ee0706259b0b6e24442fb70b9ae3d","absent","","draft","reviewed","resolution_state=provisional;evidence_state=single_source","true","","","LCM-M2W2-AWS-PKG-0114","46fd41d8b19a82dc22c24ddee5c1b4e3534cacfe56bc4258cd1c9756ed67b552","74fe487790a0d2fbcaf012c1d60b409fd065dad5480a769843c28dab070036c4","f2682bdaf3ee4bee58aa95e20aa60461cc96a1f1fbc20a04b93bdcd2e98bc880","d10ad305a820f0fc1db7f2bf7030ca149ea7b556ceacd0a32d593f08a7cc01ff","m2_final_review_aws_package","2026-08-13","accept","只授权此 PK 按冻结来源行执行 write_action；除 review_status 外，写入语义列必须与 source_path 中该 PK 完全一致。package_review、independent_signoff 与 freeze_binding_status 由本签字和三项冻结哈希闭合。rebase_binding=AWS-SIGNOFF-REBASE-GOOGLE-SOURCE-GATE-20260813;post_field_rebase_binding=AWS-SIGNOFF-POST-FIELD-CONTRACT-20260813"
"AWS-SIGN-0115","lifecycle_pk_write","append_then_promote_review_status","数据/facts.csv","fact_id","FACT-M2W2-AWS-INF2-CHIP-FP32-PEAK","审计/子代理交接/m2_staging/M2-W2-AWS-PACKAGE-FACTS-REMEDIATED/structured/facts.csv","78b5250fd5512e99bdae7424fec29084abfc1247caff5d5b49f5cd3bd4f4a543","55a75c496c304062371ce38e566ee839060ee0706259b0b6e24442fb70b9ae3d","absent","","draft","reviewed","resolution_state=provisional;evidence_state=single_source","true","","","LCM-M2W2-AWS-PKG-0115","46fd41d8b19a82dc22c24ddee5c1b4e3534cacfe56bc4258cd1c9756ed67b552","74fe487790a0d2fbcaf012c1d60b409fd065dad5480a769843c28dab070036c4","f2682bdaf3ee4bee58aa95e20aa60461cc96a1f1fbc20a04b93bdcd2e98bc880","d10ad305a820f0fc1db7f2bf7030ca149ea7b556ceacd0a32d593f08a7cc01ff","m2_final_review_aws_package","2026-08-13","accept","只授权此 PK 按冻结来源行执行 write_action；除 review_status 外，写入语义列必须与 source_path 中该 PK 完全一致。package_review、independent_signoff 与 freeze_binding_status 由本签字和三项冻结哈希闭合。rebase_binding=AWS-SIGNOFF-REBASE-GOOGLE-SOURCE-GATE-20260813;post_field_rebase_binding=AWS-SIGNOFF-POST-FIELD-CONTRACT-20260813"
"AWS-SIGN-0116","lifecycle_pk_write","append_then_promote_review_status","数据/facts.csv","fact_id","FACT-M2W2-AWS-INF2-HBM-CAPACITY","审计/子代理交接/m2_staging/M2-W2-AWS-PACKAGE-FACTS-REMEDIATED/structured/facts.csv","78b5250fd5512e99bdae7424fec29084abfc1247caff5d5b49f5cd3bd4f4a543","55a75c496c304062371ce38e566ee839060ee0706259b0b6e24442fb70b9ae3d","absent","","draft","reviewed","resolution_state=provisional;evidence_state=corroborated","true","","","LCM-M2W2-AWS-PKG-0116","46fd41d8b19a82dc22c24ddee5c1b4e3534cacfe56bc4258cd1c9756ed67b552","74fe487790a0d2fbcaf012c1d60b409fd065dad5480a769843c28dab070036c4","f2682bdaf3ee4bee58aa95e20aa60461cc96a1f1fbc20a04b93bdcd2e98bc880","d10ad305a820f0fc1db7f2bf7030ca149ea7b556ceacd0a32d593f08a7cc01ff","m2_final_review_aws_package","2026-08-13","accept","只授权此 PK 按冻结来源行执行 write_action；除 review_status 外，写入语义列必须与 source_path 中该 PK 完全一致。package_review、independent_signoff 与 freeze_binding_status 由本签字和三项冻结哈希闭合。rebase_binding=AWS-SIGNOFF-REBASE-GOOGLE-SOURCE-GATE-20260813;post_field_rebase_binding=AWS-SIGNOFF-POST-FIELD-CONTRACT-20260813"
"AWS-SIGN-0117","lifecycle_pk_write","append_without_review_promotion","数据/facts.csv","fact_id","FACT-M2W2-AWS-INF2-HBM-BW-GIB","审计/子代理交接/m2_staging/M2-W2-AWS-PACKAGE-FACTS-REMEDIATED/structured/facts.csv","78b5250fd5512e99bdae7424fec29084abfc1247caff5d5b49f5cd3bd4f4a543","55a75c496c304062371ce38e566ee839060ee0706259b0b6e24442fb70b9ae3d","absent","","needs_resolution","needs_resolution","resolution_state=conflict_member;evidence_state=source_with_caveat","true","","","LCM-M2W2-AWS-PKG-0117","46fd41d8b19a82dc22c24ddee5c1b4e3534cacfe56bc4258cd1c9756ed67b552","74fe487790a0d2fbcaf012c1d60b409fd065dad5480a769843c28dab070036c4","f2682bdaf3ee4bee58aa95e20aa60461cc96a1f1fbc20a04b93bdcd2e98bc880","d10ad305a820f0fc1db7f2bf7030ca149ea7b556ceacd0a32d593f08a7cc01ff","m2_final_review_aws_package","2026-08-13","accept","只授权此 PK 按冻结来源行执行 write_action；除 review_status 外，写入语义列必须与 source_path 中该 PK 完全一致。package_review、independent_signoff 与 freeze_binding_status 由本签字和三项冻结哈希闭合。rebase_binding=AWS-SIGNOFF-REBASE-GOOGLE-SOURCE-GATE-20260813;post_field_rebase_binding=AWS-SIGNOFF-POST-FIELD-CONTRACT-20260813"
"AWS-SIGN-0118","lifecycle_pk_write","append_without_review_promotion","数据/facts.csv","fact_id","FACT-M2W2-AWS-INF2-HBM-BW-GB","审计/子代理交接/m2_staging/M2-W2-AWS-PACKAGE-FACTS-REMEDIATED/structured/facts.csv","78b5250fd5512e99bdae7424fec29084abfc1247caff5d5b49f5cd3bd4f4a543","55a75c496c304062371ce38e566ee839060ee0706259b0b6e24442fb70b9ae3d","absent","","needs_resolution","needs_resolution","resolution_state=conflict_member;evidence_state=source_with_caveat","true","","","LCM-M2W2-AWS-PKG-0118","46fd41d8b19a82dc22c24ddee5c1b4e3534cacfe56bc4258cd1c9756ed67b552","74fe487790a0d2fbcaf012c1d60b409fd065dad5480a769843c28dab070036c4","f2682bdaf3ee4bee58aa95e20aa60461cc96a1f1fbc20a04b93bdcd2e98bc880","d10ad305a820f0fc1db7f2bf7030ca149ea7b556ceacd0a32d593f08a7cc01ff","m2_final_review_aws_package","2026-08-13","accept","只授权此 PK 按冻结来源行执行 write_action；除 review_status 外，写入语义列必须与 source_path 中该 PK 完全一致。package_review、independent_signoff 与 freeze_binding_status 由本签字和三项冻结哈希闭合。rebase_binding=AWS-SIGNOFF-REBASE-GOOGLE-SOURCE-GATE-20260813;post_field_rebase_binding=AWS-SIGNOFF-POST-FIELD-CONTRACT-20260813"
"AWS-SIGN-0119","lifecycle_pk_write","append_then_promote_review_status","数据/facts.csv","fact_id","FACT-M2W2-AWS-INF2-DMA-BW","审计/子代理交接/m2_staging/M2-W2-AWS-PACKAGE-FACTS-REMEDIATED/structured/facts.csv","78b5250fd5512e99bdae7424fec29084abfc1247caff5d5b49f5cd3bd4f4a543","55a75c496c304062371ce38e566ee839060ee0706259b0b6e24442fb70b9ae3d","absent","","draft","reviewed","resolution_state=provisional;evidence_state=single_source","true","","","LCM-M2W2-AWS-PKG-0119","46fd41d8b19a82dc22c24ddee5c1b4e3534cacfe56bc4258cd1c9756ed67b552","74fe487790a0d2fbcaf012c1d60b409fd065dad5480a769843c28dab070036c4","f2682bdaf3ee4bee58aa95e20aa60461cc96a1f1fbc20a04b93bdcd2e98bc880","d10ad305a820f0fc1db7f2bf7030ca149ea7b556ceacd0a32d593f08a7cc01ff","m2_final_review_aws_package","2026-08-13","accept","只授权此 PK 按冻结来源行执行 write_action；除 review_status 外，写入语义列必须与 source_path 中该 PK 完全一致。package_review、independent_signoff 与 freeze_binding_status 由本签字和三项冻结哈希闭合。rebase_binding=AWS-SIGNOFF-REBASE-GOOGLE-SOURCE-GATE-20260813;post_field_rebase_binding=AWS-SIGNOFF-POST-FIELD-CONTRACT-20260813"
"AWS-SIGN-0120","lifecycle_pk_write","append_then_promote_review_status","数据/facts.csv","fact_id","FACT-M2W2-AWS-INF2-DMA-COUNT","审计/子代理交接/m2_staging/M2-W2-AWS-PACKAGE-FACTS-REMEDIATED/structured/facts.csv","78b5250fd5512e99bdae7424fec29084abfc1247caff5d5b49f5cd3bd4f4a543","55a75c496c304062371ce38e566ee839060ee0706259b0b6e24442fb70b9ae3d","absent","","draft","reviewed","resolution_state=provisional;evidence_state=single_source","true","","","LCM-M2W2-AWS-PKG-0120","46fd41d8b19a82dc22c24ddee5c1b4e3534cacfe56bc4258cd1c9756ed67b552","74fe487790a0d2fbcaf012c1d60b409fd065dad5480a769843c28dab070036c4","f2682bdaf3ee4bee58aa95e20aa60461cc96a1f1fbc20a04b93bdcd2e98bc880","d10ad305a820f0fc1db7f2bf7030ca149ea7b556ceacd0a32d593f08a7cc01ff","m2_final_review_aws_package","2026-08-13","accept","只授权此 PK 按冻结来源行执行 write_action；除 review_status 外，写入语义列必须与 source_path 中该 PK 完全一致。package_review、independent_signoff 与 freeze_binding_status 由本签字和三项冻结哈希闭合。rebase_binding=AWS-SIGNOFF-REBASE-GOOGLE-SOURCE-GATE-20260813;post_field_rebase_binding=AWS-SIGNOFF-POST-FIELD-CONTRACT-20260813"
"AWS-SIGN-0121","lifecycle_pk_write","append_then_promote_review_status","数据/facts.csv","fact_id","FACT-M2W2-AWS-INF2-CC-COUNT","审计/子代理交接/m2_staging/M2-W2-AWS-PACKAGE-FACTS-REMEDIATED/structured/facts.csv","78b5250fd5512e99bdae7424fec29084abfc1247caff5d5b49f5cd3bd4f4a543","55a75c496c304062371ce38e566ee839060ee0706259b0b6e24442fb70b9ae3d","absent","","draft","reviewed","resolution_state=provisional;evidence_state=single_source","true","","","LCM-M2W2-AWS-PKG-0121","46fd41d8b19a82dc22c24ddee5c1b4e3534cacfe56bc4258cd1c9756ed67b552","74fe487790a0d2fbcaf012c1d60b409fd065dad5480a769843c28dab070036c4","f2682bdaf3ee4bee58aa95e20aa60461cc96a1f1fbc20a04b93bdcd2e98bc880","d10ad305a820f0fc1db7f2bf7030ca149ea7b556ceacd0a32d593f08a7cc01ff","m2_final_review_aws_package","2026-08-13","accept","只授权此 PK 按冻结来源行执行 write_action；除 review_status 外，写入语义列必须与 source_path 中该 PK 完全一致。package_review、independent_signoff 与 freeze_binding_status 由本签字和三项冻结哈希闭合。rebase_binding=AWS-SIGNOFF-REBASE-GOOGLE-SOURCE-GATE-20260813;post_field_rebase_binding=AWS-SIGNOFF-POST-FIELD-CONTRACT-20260813"
"AWS-SIGN-0122","lifecycle_pk_write","append_then_promote_review_status","数据/facts.csv","fact_id","FACT-M2W2-AWS-INF2-NEURONLINK-COUNT","审计/子代理交接/m2_staging/M2-W2-AWS-PACKAGE-FACTS-REMEDIATED/structured/facts.csv","78b5250fd5512e99bdae7424fec29084abfc1247caff5d5b49f5cd3bd4f4a543","55a75c496c304062371ce38e566ee839060ee0706259b0b6e24442fb70b9ae3d","absent","","draft","reviewed","resolution_state=provisional;evidence_state=single_source","true","","","LCM-M2W2-AWS-PKG-0122","46fd41d8b19a82dc22c24ddee5c1b4e3534cacfe56bc4258cd1c9756ed67b552","74fe487790a0d2fbcaf012c1d60b409fd065dad5480a769843c28dab070036c4","f2682bdaf3ee4bee58aa95e20aa60461cc96a1f1fbc20a04b93bdcd2e98bc880","d10ad305a820f0fc1db7f2bf7030ca149ea7b556ceacd0a32d593f08a7cc01ff","m2_final_review_aws_package","2026-08-13","accept","只授权此 PK 按冻结来源行执行 write_action；除 review_status 外，写入语义列必须与 source_path 中该 PK 完全一致。package_review、independent_signoff 与 freeze_binding_status 由本签字和三项冻结哈希闭合。rebase_binding=AWS-SIGNOFF-REBASE-GOOGLE-SOURCE-GATE-20260813;post_field_rebase_binding=AWS-SIGNOFF-POST-FIELD-CONTRACT-20260813"
"AWS-SIGN-0123","lifecycle_pk_write","append_then_promote_review_status","数据/facts.csv","fact_id","FACT-M2W2-AWS-TRN3-NCV4-COUNT","审计/子代理交接/m2_staging/M2-W2-AWS-PACKAGE-FACTS-REMEDIATED/structured/facts.csv","78b5250fd5512e99bdae7424fec29084abfc1247caff5d5b49f5cd3bd4f4a543","55a75c496c304062371ce38e566ee839060ee0706259b0b6e24442fb70b9ae3d","absent","","draft","reviewed","resolution_state=provisional;evidence_state=corroborated","true","","","LCM-M2W2-AWS-PKG-0123","46fd41d8b19a82dc22c24ddee5c1b4e3534cacfe56bc4258cd1c9756ed67b552","74fe487790a0d2fbcaf012c1d60b409fd065dad5480a769843c28dab070036c4","f2682bdaf3ee4bee58aa95e20aa60461cc96a1f1fbc20a04b93bdcd2e98bc880","d10ad305a820f0fc1db7f2bf7030ca149ea7b556ceacd0a32d593f08a7cc01ff","m2_final_review_aws_package","2026-08-13","accept","只授权此 PK 按冻结来源行执行 write_action；除 review_status 外，写入语义列必须与 source_path 中该 PK 完全一致。package_review、independent_signoff 与 freeze_binding_status 由本签字和三项冻结哈希闭合。rebase_binding=AWS-SIGNOFF-REBASE-GOOGLE-SOURCE-GATE-20260813;post_field_rebase_binding=AWS-SIGNOFF-POST-FIELD-CONTRACT-20260813"
"AWS-SIGN-0124","lifecycle_pk_write","append_then_promote_review_status","数据/facts.csv","fact_id","FACT-M2W2-AWS-TRN3-CHIP-MX-PEAK","审计/子代理交接/m2_staging/M2-W2-AWS-PACKAGE-FACTS-REMEDIATED/structured/facts.csv","78b5250fd5512e99bdae7424fec29084abfc1247caff5d5b49f5cd3bd4f4a543","55a75c496c304062371ce38e566ee839060ee0706259b0b6e24442fb70b9ae3d","absent","","draft","reviewed","resolution_state=provisional;evidence_state=single_source","true","","","LCM-M2W2-AWS-PKG-0124","46fd41d8b19a82dc22c24ddee5c1b4e3534cacfe56bc4258cd1c9756ed67b552","74fe487790a0d2fbcaf012c1d60b409fd065dad5480a769843c28dab070036c4","f2682bdaf3ee4bee58aa95e20aa60461cc96a1f1fbc20a04b93bdcd2e98bc880","d10ad305a820f0fc1db7f2bf7030ca149ea7b556ceacd0a32d593f08a7cc01ff","m2_final_review_aws_package","2026-08-13","accept","只授权此 PK 按冻结来源行执行 write_action；除 review_status 外，写入语义列必须与 source_path 中该 PK 完全一致。package_review、independent_signoff 与 freeze_binding_status 由本签字和三项冻结哈希闭合。rebase_binding=AWS-SIGNOFF-REBASE-GOOGLE-SOURCE-GATE-20260813;post_field_rebase_binding=AWS-SIGNOFF-POST-FIELD-CONTRACT-20260813"
"AWS-SIGN-0125","lifecycle_pk_write","append_then_promote_review_status","数据/facts.csv","fact_id","FACT-M2W2-AWS-TRN3-CHIP-MIXED-PEAK","审计/子代理交接/m2_staging/M2-W2-AWS-PACKAGE-FACTS-REMEDIATED/structured/facts.csv","78b5250fd5512e99bdae7424fec29084abfc1247caff5d5b49f5cd3bd4f4a543","55a75c496c304062371ce38e566ee839060ee0706259b0b6e24442fb70b9ae3d","absent","","draft","reviewed","resolution_state=provisional;evidence_state=single_source","true","","","LCM-M2W2-AWS-PKG-0125","46fd41d8b19a82dc22c24ddee5c1b4e3534cacfe56bc4258cd1c9756ed67b552","74fe487790a0d2fbcaf012c1d60b409fd065dad5480a769843c28dab070036c4","f2682bdaf3ee4bee58aa95e20aa60461cc96a1f1fbc20a04b93bdcd2e98bc880","d10ad305a820f0fc1db7f2bf7030ca149ea7b556ceacd0a32d593f08a7cc01ff","m2_final_review_aws_package","2026-08-13","accept","只授权此 PK 按冻结来源行执行 write_action；除 review_status 外，写入语义列必须与 source_path 中该 PK 完全一致。package_review、independent_signoff 与 freeze_binding_status 由本签字和三项冻结哈希闭合。rebase_binding=AWS-SIGNOFF-REBASE-GOOGLE-SOURCE-GATE-20260813;post_field_rebase_binding=AWS-SIGNOFF-POST-FIELD-CONTRACT-20260813"
"AWS-SIGN-0126","lifecycle_pk_write","append_then_promote_review_status","数据/facts.csv","fact_id","FACT-M2W2-AWS-TRN3-CHIP-SPARSE-PEAK","审计/子代理交接/m2_staging/M2-W2-AWS-PACKAGE-FACTS-REMEDIATED/structured/facts.csv","78b5250fd5512e99bdae7424fec29084abfc1247caff5d5b49f5cd3bd4f4a543","55a75c496c304062371ce38e566ee839060ee0706259b0b6e24442fb70b9ae3d","absent","","draft","reviewed","resolution_state=provisional;evidence_state=single_source","true","","","LCM-M2W2-AWS-PKG-0126","46fd41d8b19a82dc22c24ddee5c1b4e3534cacfe56bc4258cd1c9756ed67b552","74fe487790a0d2fbcaf012c1d60b409fd065dad5480a769843c28dab070036c4","f2682bdaf3ee4bee58aa95e20aa60461cc96a1f1fbc20a04b93bdcd2e98bc880","d10ad305a820f0fc1db7f2bf7030ca149ea7b556ceacd0a32d593f08a7cc01ff","m2_final_review_aws_package","2026-08-13","accept","只授权此 PK 按冻结来源行执行 write_action；除 review_status 外，写入语义列必须与 source_path 中该 PK 完全一致。package_review、independent_signoff 与 freeze_binding_status 由本签字和三项冻结哈希闭合。rebase_binding=AWS-SIGNOFF-REBASE-GOOGLE-SOURCE-GATE-20260813;post_field_rebase_binding=AWS-SIGNOFF-POST-FIELD-CONTRACT-20260813"
"AWS-SIGN-0127","lifecycle_pk_write","append_then_promote_review_status","数据/facts.csv","fact_id","FACT-M2W2-AWS-TRN3-CHIP-FP32-PEAK","审计/子代理交接/m2_staging/M2-W2-AWS-PACKAGE-FACTS-REMEDIATED/structured/facts.csv","78b5250fd5512e99bdae7424fec29084abfc1247caff5d5b49f5cd3bd4f4a543","55a75c496c304062371ce38e566ee839060ee0706259b0b6e24442fb70b9ae3d","absent","","draft","reviewed","resolution_state=provisional;evidence_state=single_source","true","","","LCM-M2W2-AWS-PKG-0127","46fd41d8b19a82dc22c24ddee5c1b4e3534cacfe56bc4258cd1c9756ed67b552","74fe487790a0d2fbcaf012c1d60b409fd065dad5480a769843c28dab070036c4","f2682bdaf3ee4bee58aa95e20aa60461cc96a1f1fbc20a04b93bdcd2e98bc880","d10ad305a820f0fc1db7f2bf7030ca149ea7b556ceacd0a32d593f08a7cc01ff","m2_final_review_aws_package","2026-08-13","accept","只授权此 PK 按冻结来源行执行 write_action；除 review_status 外，写入语义列必须与 source_path 中该 PK 完全一致。package_review、independent_signoff 与 freeze_binding_status 由本签字和三项冻结哈希闭合。rebase_binding=AWS-SIGNOFF-REBASE-GOOGLE-SOURCE-GATE-20260813;post_field_rebase_binding=AWS-SIGNOFF-POST-FIELD-CONTRACT-20260813"
"AWS-SIGN-0128","lifecycle_pk_write","append_then_promote_review_status","数据/facts.csv","fact_id","FACT-M2W2-AWS-TRN3-NCV4-TENSOR-MX","审计/子代理交接/m2_staging/M2-W2-AWS-PACKAGE-FACTS-REMEDIATED/structured/facts.csv","78b5250fd5512e99bdae7424fec29084abfc1247caff5d5b49f5cd3bd4f4a543","55a75c496c304062371ce38e566ee839060ee0706259b0b6e24442fb70b9ae3d","absent","","draft","reviewed","resolution_state=provisional;evidence_state=corroborated","true","","","LCM-M2W2-AWS-PKG-0128","46fd41d8b19a82dc22c24ddee5c1b4e3534cacfe56bc4258cd1c9756ed67b552","74fe487790a0d2fbcaf012c1d60b409fd065dad5480a769843c28dab070036c4","f2682bdaf3ee4bee58aa95e20aa60461cc96a1f1fbc20a04b93bdcd2e98bc880","d10ad305a820f0fc1db7f2bf7030ca149ea7b556ceacd0a32d593f08a7cc01ff","m2_final_review_aws_package","2026-08-13","accept","只授权此 PK 按冻结来源行执行 write_action；除 review_status 外，写入语义列必须与 source_path 中该 PK 完全一致。package_review、independent_signoff 与 freeze_binding_status 由本签字和三项冻结哈希闭合。rebase_binding=AWS-SIGNOFF-REBASE-GOOGLE-SOURCE-GATE-20260813;post_field_rebase_binding=AWS-SIGNOFF-POST-FIELD-CONTRACT-20260813"
"AWS-SIGN-0129","lifecycle_pk_write","append_then_promote_review_status","数据/facts.csv","fact_id","FACT-M2W2-AWS-TRN3-NCV4-TENSOR-MIXED","审计/子代理交接/m2_staging/M2-W2-AWS-PACKAGE-FACTS-REMEDIATED/structured/facts.csv","78b5250fd5512e99bdae7424fec29084abfc1247caff5d5b49f5cd3bd4f4a543","55a75c496c304062371ce38e566ee839060ee0706259b0b6e24442fb70b9ae3d","absent","","draft","reviewed","resolution_state=provisional;evidence_state=corroborated","true","","","LCM-M2W2-AWS-PKG-0129","46fd41d8b19a82dc22c24ddee5c1b4e3534cacfe56bc4258cd1c9756ed67b552","74fe487790a0d2fbcaf012c1d60b409fd065dad5480a769843c28dab070036c4","f2682bdaf3ee4bee58aa95e20aa60461cc96a1f1fbc20a04b93bdcd2e98bc880","d10ad305a820f0fc1db7f2bf7030ca149ea7b556ceacd0a32d593f08a7cc01ff","m2_final_review_aws_package","2026-08-13","accept","只授权此 PK 按冻结来源行执行 write_action；除 review_status 外，写入语义列必须与 source_path 中该 PK 完全一致。package_review、independent_signoff 与 freeze_binding_status 由本签字和三项冻结哈希闭合。rebase_binding=AWS-SIGNOFF-REBASE-GOOGLE-SOURCE-GATE-20260813;post_field_rebase_binding=AWS-SIGNOFF-POST-FIELD-CONTRACT-20260813"
"AWS-SIGN-0130","lifecycle_pk_write","append_then_promote_review_status","数据/facts.csv","fact_id","FACT-M2W2-AWS-TRN3-NCV4-TENSOR-FP32","审计/子代理交接/m2_staging/M2-W2-AWS-PACKAGE-FACTS-REMEDIATED/structured/facts.csv","78b5250fd5512e99bdae7424fec29084abfc1247caff5d5b49f5cd3bd4f4a543","55a75c496c304062371ce38e566ee839060ee0706259b0b6e24442fb70b9ae3d","absent","","draft","reviewed","resolution_state=provisional;evidence_state=corroborated","true","","","LCM-M2W2-AWS-PKG-0130","46fd41d8b19a82dc22c24ddee5c1b4e3534cacfe56bc4258cd1c9756ed67b552","74fe487790a0d2fbcaf012c1d60b409fd065dad5480a769843c28dab070036c4","f2682bdaf3ee4bee58aa95e20aa60461cc96a1f1fbc20a04b93bdcd2e98bc880","d10ad305a820f0fc1db7f2bf7030ca149ea7b556ceacd0a32d593f08a7cc01ff","m2_final_review_aws_package","2026-08-13","accept","只授权此 PK 按冻结来源行执行 write_action；除 review_status 外，写入语义列必须与 source_path 中该 PK 完全一致。package_review、independent_signoff 与 freeze_binding_status 由本签字和三项冻结哈希闭合。rebase_binding=AWS-SIGNOFF-REBASE-GOOGLE-SOURCE-GATE-20260813;post_field_rebase_binding=AWS-SIGNOFF-POST-FIELD-CONTRACT-20260813"
"AWS-SIGN-0131","lifecycle_pk_write","append_then_promote_review_status","数据/facts.csv","fact_id","FACT-M2W2-AWS-TRN3-NCV4-VECTOR-FP32","审计/子代理交接/m2_staging/M2-W2-AWS-PACKAGE-FACTS-REMEDIATED/structured/facts.csv","78b5250fd5512e99bdae7424fec29084abfc1247caff5d5b49f5cd3bd4f4a543","55a75c496c304062371ce38e566ee839060ee0706259b0b6e24442fb70b9ae3d","absent","","draft","reviewed","resolution_state=provisional;evidence_state=corroborated","true","","","LCM-M2W2-AWS-PKG-0131","46fd41d8b19a82dc22c24ddee5c1b4e3534cacfe56bc4258cd1c9756ed67b552","74fe487790a0d2fbcaf012c1d60b409fd065dad5480a769843c28dab070036c4","f2682bdaf3ee4bee58aa95e20aa60461cc96a1f1fbc20a04b93bdcd2e98bc880","d10ad305a820f0fc1db7f2bf7030ca149ea7b556ceacd0a32d593f08a7cc01ff","m2_final_review_aws_package","2026-08-13","accept","只授权此 PK 按冻结来源行执行 write_action；除 review_status 外，写入语义列必须与 source_path 中该 PK 完全一致。package_review、independent_signoff 与 freeze_binding_status 由本签字和三项冻结哈希闭合。rebase_binding=AWS-SIGNOFF-REBASE-GOOGLE-SOURCE-GATE-20260813;post_field_rebase_binding=AWS-SIGNOFF-POST-FIELD-CONTRACT-20260813"
"AWS-SIGN-0132","lifecycle_pk_write","append_then_promote_review_status","数据/facts.csv","fact_id","FACT-M2W2-AWS-TRN3-NCV4-SCALAR-FP32","审计/子代理交接/m2_staging/M2-W2-AWS-PACKAGE-FACTS-REMEDIATED/structured/facts.csv","78b5250fd5512e99bdae7424fec29084abfc1247caff5d5b49f5cd3bd4f4a543","55a75c496c304062371ce38e566ee839060ee0706259b0b6e24442fb70b9ae3d","absent","","draft","reviewed","resolution_state=provisional;evidence_state=corroborated","true","","","LCM-M2W2-AWS-PKG-0132","46fd41d8b19a82dc22c24ddee5c1b4e3534cacfe56bc4258cd1c9756ed67b552","74fe487790a0d2fbcaf012c1d60b409fd065dad5480a769843c28dab070036c4","f2682bdaf3ee4bee58aa95e20aa60461cc96a1f1fbc20a04b93bdcd2e98bc880","d10ad305a820f0fc1db7f2bf7030ca149ea7b556ceacd0a32d593f08a7cc01ff","m2_final_review_aws_package","2026-08-13","accept","只授权此 PK 按冻结来源行执行 write_action；除 review_status 外，写入语义列必须与 source_path 中该 PK 完全一致。package_review、independent_signoff 与 freeze_binding_status 由本签字和三项冻结哈希闭合。rebase_binding=AWS-SIGNOFF-REBASE-GOOGLE-SOURCE-GATE-20260813;post_field_rebase_binding=AWS-SIGNOFF-POST-FIELD-CONTRACT-20260813"
"AWS-SIGN-0133","lifecycle_pk_write","append_then_promote_review_status","数据/facts.csv","fact_id","FACT-M2W2-AWS-TRN3-NCV4-TENSOR-CLOCK","审计/子代理交接/m2_staging/M2-W2-AWS-PACKAGE-FACTS-REMEDIATED/structured/facts.csv","78b5250fd5512e99bdae7424fec29084abfc1247caff5d5b49f5cd3bd4f4a543","55a75c496c304062371ce38e566ee839060ee0706259b0b6e24442fb70b9ae3d","absent","","draft","reviewed","resolution_state=provisional;evidence_state=single_source","true","","","LCM-M2W2-AWS-PKG-0133","46fd41d8b19a82dc22c24ddee5c1b4e3534cacfe56bc4258cd1c9756ed67b552","74fe487790a0d2fbcaf012c1d60b409fd065dad5480a769843c28dab070036c4","f2682bdaf3ee4bee58aa95e20aa60461cc96a1f1fbc20a04b93bdcd2e98bc880","d10ad305a820f0fc1db7f2bf7030ca149ea7b556ceacd0a32d593f08a7cc01ff","m2_final_review_aws_package","2026-08-13","accept","只授权此 PK 按冻结来源行执行 write_action；除 review_status 外，写入语义列必须与 source_path 中该 PK 完全一致。package_review、independent_signoff 与 freeze_binding_status 由本签字和三项冻结哈希闭合。rebase_binding=AWS-SIGNOFF-REBASE-GOOGLE-SOURCE-GATE-20260813;post_field_rebase_binding=AWS-SIGNOFF-POST-FIELD-CONTRACT-20260813"
"AWS-SIGN-0134","lifecycle_pk_write","append_then_promote_review_status","数据/facts.csv","fact_id","FACT-M2W2-AWS-TRN3-SBUF-CAPACITY","审计/子代理交接/m2_staging/M2-W2-AWS-PACKAGE-FACTS-REMEDIATED/structured/facts.csv","78b5250fd5512e99bdae7424fec29084abfc1247caff5d5b49f5cd3bd4f4a543","55a75c496c304062371ce38e566ee839060ee0706259b0b6e24442fb70b9ae3d","absent","","draft","reviewed","resolution_state=provisional;evidence_state=single_source","true","","","LCM-M2W2-AWS-PKG-0134","46fd41d8b19a82dc22c24ddee5c1b4e3534cacfe56bc4258cd1c9756ed67b552","74fe487790a0d2fbcaf012c1d60b409fd065dad5480a769843c28dab070036c4","f2682bdaf3ee4bee58aa95e20aa60461cc96a1f1fbc20a04b93bdcd2e98bc880","d10ad305a820f0fc1db7f2bf7030ca149ea7b556ceacd0a32d593f08a7cc01ff","m2_final_review_aws_package","2026-08-13","accept","只授权此 PK 按冻结来源行执行 write_action；除 review_status 外，写入语义列必须与 source_path 中该 PK 完全一致。package_review、independent_signoff 与 freeze_binding_status 由本签字和三项冻结哈希闭合。rebase_binding=AWS-SIGNOFF-REBASE-GOOGLE-SOURCE-GATE-20260813;post_field_rebase_binding=AWS-SIGNOFF-POST-FIELD-CONTRACT-20260813"
"AWS-SIGN-0135","lifecycle_pk_write","append_then_promote_review_status","数据/facts.csv","fact_id","FACT-M2W2-AWS-TRN3-PSUM-CAPACITY","审计/子代理交接/m2_staging/M2-W2-AWS-PACKAGE-FACTS-REMEDIATED/structured/facts.csv","78b5250fd5512e99bdae7424fec29084abfc1247caff5d5b49f5cd3bd4f4a543","55a75c496c304062371ce38e566ee839060ee0706259b0b6e24442fb70b9ae3d","absent","","draft","reviewed","resolution_state=provisional;evidence_state=single_source","true","","","LCM-M2W2-AWS-PKG-0135","46fd41d8b19a82dc22c24ddee5c1b4e3534cacfe56bc4258cd1c9756ed67b552","74fe487790a0d2fbcaf012c1d60b409fd065dad5480a769843c28dab070036c4","f2682bdaf3ee4bee58aa95e20aa60461cc96a1f1fbc20a04b93bdcd2e98bc880","d10ad305a820f0fc1db7f2bf7030ca149ea7b556ceacd0a32d593f08a7cc01ff","m2_final_review_aws_package","2026-08-13","accept","只授权此 PK 按冻结来源行执行 write_action；除 review_status 外，写入语义列必须与 source_path 中该 PK 完全一致。package_review、independent_signoff 与 freeze_binding_status 由本签字和三项冻结哈希闭合。rebase_binding=AWS-SIGNOFF-REBASE-GOOGLE-SOURCE-GATE-20260813;post_field_rebase_binding=AWS-SIGNOFF-POST-FIELD-CONTRACT-20260813"
"AWS-SIGN-0136","lifecycle_pk_write","append_without_review_promotion","数据/facts.csv","fact_id","FACT-M2W2-AWS-TRN3-HBM-CAPACITY-GIB","审计/子代理交接/m2_staging/M2-W2-AWS-PACKAGE-FACTS-REMEDIATED/structured/facts.csv","78b5250fd5512e99bdae7424fec29084abfc1247caff5d5b49f5cd3bd4f4a543","55a75c496c304062371ce38e566ee839060ee0706259b0b6e24442fb70b9ae3d","absent","","needs_resolution","needs_resolution","resolution_state=conflict_member;evidence_state=source_with_caveat","true","","","LCM-M2W2-AWS-PKG-0136","46fd41d8b19a82dc22c24ddee5c1b4e3534cacfe56bc4258cd1c9756ed67b552","74fe487790a0d2fbcaf012c1d60b409fd065dad5480a769843c28dab070036c4","f2682bdaf3ee4bee58aa95e20aa60461cc96a1f1fbc20a04b93bdcd2e98bc880","d10ad305a820f0fc1db7f2bf7030ca149ea7b556ceacd0a32d593f08a7cc01ff","m2_final_review_aws_package","2026-08-13","accept","只授权此 PK 按冻结来源行执行 write_action；除 review_status 外，写入语义列必须与 source_path 中该 PK 完全一致。package_review、independent_signoff 与 freeze_binding_status 由本签字和三项冻结哈希闭合。rebase_binding=AWS-SIGNOFF-REBASE-GOOGLE-SOURCE-GATE-20260813;post_field_rebase_binding=AWS-SIGNOFF-POST-FIELD-CONTRACT-20260813"
"AWS-SIGN-0137","lifecycle_pk_write","append_without_review_promotion","数据/facts.csv","fact_id","FACT-M2W2-AWS-TRN3-HBM-CAPACITY-GB","审计/子代理交接/m2_staging/M2-W2-AWS-PACKAGE-FACTS-REMEDIATED/structured/facts.csv","78b5250fd5512e99bdae7424fec29084abfc1247caff5d5b49f5cd3bd4f4a543","55a75c496c304062371ce38e566ee839060ee0706259b0b6e24442fb70b9ae3d","absent","","needs_resolution","needs_resolution","resolution_state=conflict_member;evidence_state=source_with_caveat","true","","","LCM-M2W2-AWS-PKG-0137","46fd41d8b19a82dc22c24ddee5c1b4e3534cacfe56bc4258cd1c9756ed67b552","74fe487790a0d2fbcaf012c1d60b409fd065dad5480a769843c28dab070036c4","f2682bdaf3ee4bee58aa95e20aa60461cc96a1f1fbc20a04b93bdcd2e98bc880","d10ad305a820f0fc1db7f2bf7030ca149ea7b556ceacd0a32d593f08a7cc01ff","m2_final_review_aws_package","2026-08-13","accept","只授权此 PK 按冻结来源行执行 write_action；除 review_status 外，写入语义列必须与 source_path 中该 PK 完全一致。package_review、independent_signoff 与 freeze_binding_status 由本签字和三项冻结哈希闭合。rebase_binding=AWS-SIGNOFF-REBASE-GOOGLE-SOURCE-GATE-20260813;post_field_rebase_binding=AWS-SIGNOFF-POST-FIELD-CONTRACT-20260813"
"AWS-SIGN-0138","lifecycle_pk_write","append_without_review_promotion","数据/facts.csv","fact_id","FACT-M2W2-AWS-TRN3-HBM-BW-49","审计/子代理交接/m2_staging/M2-W2-AWS-PACKAGE-FACTS-REMEDIATED/structured/facts.csv","78b5250fd5512e99bdae7424fec29084abfc1247caff5d5b49f5cd3bd4f4a543","55a75c496c304062371ce38e566ee839060ee0706259b0b6e24442fb70b9ae3d","absent","","needs_resolution","needs_resolution","resolution_state=conflict_member;evidence_state=source_with_caveat","true","","","LCM-M2W2-AWS-PKG-0138","46fd41d8b19a82dc22c24ddee5c1b4e3534cacfe56bc4258cd1c9756ed67b552","74fe487790a0d2fbcaf012c1d60b409fd065dad5480a769843c28dab070036c4","f2682bdaf3ee4bee58aa95e20aa60461cc96a1f1fbc20a04b93bdcd2e98bc880","d10ad305a820f0fc1db7f2bf7030ca149ea7b556ceacd0a32d593f08a7cc01ff","m2_final_review_aws_package","2026-08-13","accept","只授权此 PK 按冻结来源行执行 write_action；除 review_status 外，写入语义列必须与 source_path 中该 PK 完全一致。package_review、independent_signoff 与 freeze_binding_status 由本签字和三项冻结哈希闭合。rebase_binding=AWS-SIGNOFF-REBASE-GOOGLE-SOURCE-GATE-20260813;post_field_rebase_binding=AWS-SIGNOFF-POST-FIELD-CONTRACT-20260813"
"AWS-SIGN-0139","lifecycle_pk_write","append_without_review_promotion","数据/facts.csv","fact_id","FACT-M2W2-AWS-TRN3-HBM-BW-47","审计/子代理交接/m2_staging/M2-W2-AWS-PACKAGE-FACTS-REMEDIATED/structured/facts.csv","78b5250fd5512e99bdae7424fec29084abfc1247caff5d5b49f5cd3bd4f4a543","55a75c496c304062371ce38e566ee839060ee0706259b0b6e24442fb70b9ae3d","absent","","needs_resolution","needs_resolution","resolution_state=conflict_member;evidence_state=source_with_caveat","true","","","LCM-M2W2-AWS-PKG-0139","46fd41d8b19a82dc22c24ddee5c1b4e3534cacfe56bc4258cd1c9756ed67b552","74fe487790a0d2fbcaf012c1d60b409fd065dad5480a769843c28dab070036c4","f2682bdaf3ee4bee58aa95e20aa60461cc96a1f1fbc20a04b93bdcd2e98bc880","d10ad305a820f0fc1db7f2bf7030ca149ea7b556ceacd0a32d593f08a7cc01ff","m2_final_review_aws_package","2026-08-13","accept","只授权此 PK 按冻结来源行执行 write_action；除 review_status 外，写入语义列必须与 source_path 中该 PK 完全一致。package_review、independent_signoff 与 freeze_binding_status 由本签字和三项冻结哈希闭合。rebase_binding=AWS-SIGNOFF-REBASE-GOOGLE-SOURCE-GATE-20260813;post_field_rebase_binding=AWS-SIGNOFF-POST-FIELD-CONTRACT-20260813"
"AWS-SIGN-0140","lifecycle_pk_write","append_then_promote_review_status","数据/facts.csv","fact_id","FACT-M2W2-AWS-TRN3-HBM-STACKS","审计/子代理交接/m2_staging/M2-W2-AWS-PACKAGE-FACTS-REMEDIATED/structured/facts.csv","78b5250fd5512e99bdae7424fec29084abfc1247caff5d5b49f5cd3bd4f4a543","55a75c496c304062371ce38e566ee839060ee0706259b0b6e24442fb70b9ae3d","absent","","draft","reviewed","resolution_state=provisional;evidence_state=single_source","true","","","LCM-M2W2-AWS-PKG-0140","46fd41d8b19a82dc22c24ddee5c1b4e3534cacfe56bc4258cd1c9756ed67b552","74fe487790a0d2fbcaf012c1d60b409fd065dad5480a769843c28dab070036c4","f2682bdaf3ee4bee58aa95e20aa60461cc96a1f1fbc20a04b93bdcd2e98bc880","d10ad305a820f0fc1db7f2bf7030ca149ea7b556ceacd0a32d593f08a7cc01ff","m2_final_review_aws_package","2026-08-13","accept","只授权此 PK 按冻结来源行执行 write_action；除 review_status 外，写入语义列必须与 source_path 中该 PK 完全一致。package_review、independent_signoff 与 freeze_binding_status 由本签字和三项冻结哈希闭合。rebase_binding=AWS-SIGNOFF-REBASE-GOOGLE-SOURCE-GATE-20260813;post_field_rebase_binding=AWS-SIGNOFF-POST-FIELD-CONTRACT-20260813"
"AWS-SIGN-0141","lifecycle_pk_write","append_then_promote_review_status","数据/facts.csv","fact_id","FACT-M2W2-AWS-TRN3-DMA-COUNT","审计/子代理交接/m2_staging/M2-W2-AWS-PACKAGE-FACTS-REMEDIATED/structured/facts.csv","78b5250fd5512e99bdae7424fec29084abfc1247caff5d5b49f5cd3bd4f4a543","55a75c496c304062371ce38e566ee839060ee0706259b0b6e24442fb70b9ae3d","absent","","draft","reviewed","resolution_state=provisional;evidence_state=single_source","true","","","LCM-M2W2-AWS-PKG-0141","46fd41d8b19a82dc22c24ddee5c1b4e3534cacfe56bc4258cd1c9756ed67b552","74fe487790a0d2fbcaf012c1d60b409fd065dad5480a769843c28dab070036c4","f2682bdaf3ee4bee58aa95e20aa60461cc96a1f1fbc20a04b93bdcd2e98bc880","d10ad305a820f0fc1db7f2bf7030ca149ea7b556ceacd0a32d593f08a7cc01ff","m2_final_review_aws_package","2026-08-13","accept","只授权此 PK 按冻结来源行执行 write_action；除 review_status 外，写入语义列必须与 source_path 中该 PK 完全一致。package_review、independent_signoff 与 freeze_binding_status 由本签字和三项冻结哈希闭合。rebase_binding=AWS-SIGNOFF-REBASE-GOOGLE-SOURCE-GATE-20260813;post_field_rebase_binding=AWS-SIGNOFF-POST-FIELD-CONTRACT-20260813"
"AWS-SIGN-0142","lifecycle_pk_write","append_then_promote_review_status","数据/facts.csv","fact_id","FACT-M2W2-AWS-TRN3-DMA-BW","审计/子代理交接/m2_staging/M2-W2-AWS-PACKAGE-FACTS-REMEDIATED/structured/facts.csv","78b5250fd5512e99bdae7424fec29084abfc1247caff5d5b49f5cd3bd4f4a543","55a75c496c304062371ce38e566ee839060ee0706259b0b6e24442fb70b9ae3d","absent","","draft","reviewed","resolution_state=provisional;evidence_state=single_source","true","","","LCM-M2W2-AWS-PKG-0142","46fd41d8b19a82dc22c24ddee5c1b4e3534cacfe56bc4258cd1c9756ed67b552","74fe487790a0d2fbcaf012c1d60b409fd065dad5480a769843c28dab070036c4","f2682bdaf3ee4bee58aa95e20aa60461cc96a1f1fbc20a04b93bdcd2e98bc880","d10ad305a820f0fc1db7f2bf7030ca149ea7b556ceacd0a32d593f08a7cc01ff","m2_final_review_aws_package","2026-08-13","accept","只授权此 PK 按冻结来源行执行 write_action；除 review_status 外，写入语义列必须与 source_path 中该 PK 完全一致。package_review、independent_signoff 与 freeze_binding_status 由本签字和三项冻结哈希闭合。rebase_binding=AWS-SIGNOFF-REBASE-GOOGLE-SOURCE-GATE-20260813;post_field_rebase_binding=AWS-SIGNOFF-POST-FIELD-CONTRACT-20260813"
"AWS-SIGN-0143","lifecycle_pk_write","append_without_review_promotion","数据/facts.csv","fact_id","FACT-M2W2-AWS-TRN3-CC-COUNT-16","审计/子代理交接/m2_staging/M2-W2-AWS-PACKAGE-FACTS-REMEDIATED/structured/facts.csv","78b5250fd5512e99bdae7424fec29084abfc1247caff5d5b49f5cd3bd4f4a543","55a75c496c304062371ce38e566ee839060ee0706259b0b6e24442fb70b9ae3d","absent","","needs_resolution","needs_resolution","resolution_state=conflict_member;evidence_state=source_with_caveat","true","","","LCM-M2W2-AWS-PKG-0143","46fd41d8b19a82dc22c24ddee5c1b4e3534cacfe56bc4258cd1c9756ed67b552","74fe487790a0d2fbcaf012c1d60b409fd065dad5480a769843c28dab070036c4","f2682bdaf3ee4bee58aa95e20aa60461cc96a1f1fbc20a04b93bdcd2e98bc880","d10ad305a820f0fc1db7f2bf7030ca149ea7b556ceacd0a32d593f08a7cc01ff","m2_final_review_aws_package","2026-08-13","accept","只授权此 PK 按冻结来源行执行 write_action；除 review_status 外，写入语义列必须与 source_path 中该 PK 完全一致。package_review、independent_signoff 与 freeze_binding_status 由本签字和三项冻结哈希闭合。rebase_binding=AWS-SIGNOFF-REBASE-GOOGLE-SOURCE-GATE-20260813;post_field_rebase_binding=AWS-SIGNOFF-POST-FIELD-CONTRACT-20260813"
"AWS-SIGN-0144","lifecycle_pk_write","append_without_review_promotion","数据/facts.csv","fact_id","FACT-M2W2-AWS-TRN3-CC-COUNT-20","审计/子代理交接/m2_staging/M2-W2-AWS-PACKAGE-FACTS-REMEDIATED/structured/facts.csv","78b5250fd5512e99bdae7424fec29084abfc1247caff5d5b49f5cd3bd4f4a543","55a75c496c304062371ce38e566ee839060ee0706259b0b6e24442fb70b9ae3d","absent","","needs_resolution","needs_resolution","resolution_state=conflict_member;evidence_state=source_with_caveat","true","","","LCM-M2W2-AWS-PKG-0144","46fd41d8b19a82dc22c24ddee5c1b4e3534cacfe56bc4258cd1c9756ed67b552","74fe487790a0d2fbcaf012c1d60b409fd065dad5480a769843c28dab070036c4","f2682bdaf3ee4bee58aa95e20aa60461cc96a1f1fbc20a04b93bdcd2e98bc880","d10ad305a820f0fc1db7f2bf7030ca149ea7b556ceacd0a32d593f08a7cc01ff","m2_final_review_aws_package","2026-08-13","accept","只授权此 PK 按冻结来源行执行 write_action；除 review_status 外，写入语义列必须与 source_path 中该 PK 完全一致。package_review、independent_signoff 与 freeze_binding_status 由本签字和三项冻结哈希闭合。rebase_binding=AWS-SIGNOFF-REBASE-GOOGLE-SOURCE-GATE-20260813;post_field_rebase_binding=AWS-SIGNOFF-POST-FIELD-CONTRACT-20260813"
"AWS-SIGN-0145","lifecycle_pk_write","append_then_promote_review_status","数据/facts.csv","fact_id","FACT-M2W2-AWS-TRN3-NEURONLINK-COUNT","审计/子代理交接/m2_staging/M2-W2-AWS-PACKAGE-FACTS-REMEDIATED/structured/facts.csv","78b5250fd5512e99bdae7424fec29084abfc1247caff5d5b49f5cd3bd4f4a543","55a75c496c304062371ce38e566ee839060ee0706259b0b6e24442fb70b9ae3d","absent","","draft","reviewed","resolution_state=provisional;evidence_state=single_source","true","","","LCM-M2W2-AWS-PKG-0145","46fd41d8b19a82dc22c24ddee5c1b4e3534cacfe56bc4258cd1c9756ed67b552","74fe487790a0d2fbcaf012c1d60b409fd065dad5480a769843c28dab070036c4","f2682bdaf3ee4bee58aa95e20aa60461cc96a1f1fbc20a04b93bdcd2e98bc880","d10ad305a820f0fc1db7f2bf7030ca149ea7b556ceacd0a32d593f08a7cc01ff","m2_final_review_aws_package","2026-08-13","accept","只授权此 PK 按冻结来源行执行 write_action；除 review_status 外，写入语义列必须与 source_path 中该 PK 完全一致。package_review、independent_signoff 与 freeze_binding_status 由本签字和三项冻结哈希闭合。rebase_binding=AWS-SIGNOFF-REBASE-GOOGLE-SOURCE-GATE-20260813;post_field_rebase_binding=AWS-SIGNOFF-POST-FIELD-CONTRACT-20260813"
"AWS-SIGN-0146","lifecycle_pk_write","append_then_promote_review_status","数据/facts.csv","fact_id","FACT-M2W2-AWS-TRN3-NEURONLINK-BW","审计/子代理交接/m2_staging/M2-W2-AWS-PACKAGE-FACTS-REMEDIATED/structured/facts.csv","78b5250fd5512e99bdae7424fec29084abfc1247caff5d5b49f5cd3bd4f4a543","55a75c496c304062371ce38e566ee839060ee0706259b0b6e24442fb70b9ae3d","absent","","draft","reviewed","resolution_state=provisional;evidence_state=single_source","true","","","LCM-M2W2-AWS-PKG-0146","46fd41d8b19a82dc22c24ddee5c1b4e3534cacfe56bc4258cd1c9756ed67b552","74fe487790a0d2fbcaf012c1d60b409fd065dad5480a769843c28dab070036c4","f2682bdaf3ee4bee58aa95e20aa60461cc96a1f1fbc20a04b93bdcd2e98bc880","d10ad305a820f0fc1db7f2bf7030ca149ea7b556ceacd0a32d593f08a7cc01ff","m2_final_review_aws_package","2026-08-13","accept","只授权此 PK 按冻结来源行执行 write_action；除 review_status 外，写入语义列必须与 source_path 中该 PK 完全一致。package_review、independent_signoff 与 freeze_binding_status 由本签字和三项冻结哈希闭合。rebase_binding=AWS-SIGNOFF-REBASE-GOOGLE-SOURCE-GATE-20260813;post_field_rebase_binding=AWS-SIGNOFF-POST-FIELD-CONTRACT-20260813"
"AWS-SIGN-0147","lifecycle_pk_write","append_then_promote_review_status","数据/facts.csv","fact_id","FACT-M2W2-AWS-TRN3-PROCESS","审计/子代理交接/m2_staging/M2-W2-AWS-PACKAGE-FACTS-REMEDIATED/structured/facts.csv","78b5250fd5512e99bdae7424fec29084abfc1247caff5d5b49f5cd3bd4f4a543","55a75c496c304062371ce38e566ee839060ee0706259b0b6e24442fb70b9ae3d","absent","","draft","reviewed","resolution_state=provisional;evidence_state=single_source","true","","","LCM-M2W2-AWS-PKG-0147","46fd41d8b19a82dc22c24ddee5c1b4e3534cacfe56bc4258cd1c9756ed67b552","74fe487790a0d2fbcaf012c1d60b409fd065dad5480a769843c28dab070036c4","f2682bdaf3ee4bee58aa95e20aa60461cc96a1f1fbc20a04b93bdcd2e98bc880","d10ad305a820f0fc1db7f2bf7030ca149ea7b556ceacd0a32d593f08a7cc01ff","m2_final_review_aws_package","2026-08-13","accept","只授权此 PK 按冻结来源行执行 write_action；除 review_status 外，写入语义列必须与 source_path 中该 PK 完全一致。package_review、independent_signoff 与 freeze_binding_status 由本签字和三项冻结哈希闭合。rebase_binding=AWS-SIGNOFF-REBASE-GOOGLE-SOURCE-GATE-20260813;post_field_rebase_binding=AWS-SIGNOFF-POST-FIELD-CONTRACT-20260813"
"AWS-SIGN-0148","lifecycle_pk_write","append_then_promote_review_status","数据/facts.csv","fact_id","FACT-M2W2-AWS-TRN3-HBM-TYPE","审计/子代理交接/m2_staging/M2-W2-AWS-PACKAGE-FACTS-REMEDIATED/structured/facts.csv","78b5250fd5512e99bdae7424fec29084abfc1247caff5d5b49f5cd3bd4f4a543","55a75c496c304062371ce38e566ee839060ee0706259b0b6e24442fb70b9ae3d","absent","","draft","reviewed","resolution_state=provisional;evidence_state=single_source","true","","","LCM-M2W2-AWS-PKG-0148","46fd41d8b19a82dc22c24ddee5c1b4e3534cacfe56bc4258cd1c9756ed67b552","74fe487790a0d2fbcaf012c1d60b409fd065dad5480a769843c28dab070036c4","f2682bdaf3ee4bee58aa95e20aa60461cc96a1f1fbc20a04b93bdcd2e98bc880","d10ad305a820f0fc1db7f2bf7030ca149ea7b556ceacd0a32d593f08a7cc01ff","m2_final_review_aws_package","2026-08-13","accept","只授权此 PK 按冻结来源行执行 write_action；除 review_status 外，写入语义列必须与 source_path 中该 PK 完全一致。package_review、independent_signoff 与 freeze_binding_status 由本签字和三项冻结哈希闭合。rebase_binding=AWS-SIGNOFF-REBASE-GOOGLE-SOURCE-GATE-20260813;post_field_rebase_binding=AWS-SIGNOFF-POST-FIELD-CONTRACT-20260813"
"AWS-SIGN-0149","lifecycle_pk_write","append_then_promote_review_status","数据/facts.csv","fact_id","FACT-M2W2-AWS-TRN3-CHIP-FP8-GENERIC","审计/子代理交接/m2_staging/M2-W2-AWS-PACKAGE-FACTS-REMEDIATED/structured/facts.csv","78b5250fd5512e99bdae7424fec29084abfc1247caff5d5b49f5cd3bd4f4a543","55a75c496c304062371ce38e566ee839060ee0706259b0b6e24442fb70b9ae3d","absent","","draft","reviewed","resolution_state=provisional;evidence_state=single_source","true","","","LCM-M2W2-AWS-PKG-0149","46fd41d8b19a82dc22c24ddee5c1b4e3534cacfe56bc4258cd1c9756ed67b552","74fe487790a0d2fbcaf012c1d60b409fd065dad5480a769843c28dab070036c4","f2682bdaf3ee4bee58aa95e20aa60461cc96a1f1fbc20a04b93bdcd2e98bc880","d10ad305a820f0fc1db7f2bf7030ca149ea7b556ceacd0a32d593f08a7cc01ff","m2_final_review_aws_package","2026-08-13","accept","只授权此 PK 按冻结来源行执行 write_action；除 review_status 外，写入语义列必须与 source_path 中该 PK 完全一致。package_review、independent_signoff 与 freeze_binding_status 由本签字和三项冻结哈希闭合。rebase_binding=AWS-SIGNOFF-REBASE-GOOGLE-SOURCE-GATE-20260813;post_field_rebase_binding=AWS-SIGNOFF-POST-FIELD-CONTRACT-20260813"
"AWS-SIGN-0150","lifecycle_pk_write","append_then_promote_review_status","数据/field-requirements.csv","requirement_id","REQ-M2W2-AWS-PKG-001","审计/子代理交接/m2_staging/M2-W2-AWS-PACKAGE-FACTS-REMEDIATED/structured/field-requirements.csv","ced6829dd1ce7a2b84551cb20d2274e23762eb35906e903aad12519c119199b3","93c27127b6124331368e24ccec97c48620d2e85f08057d14d049d87edb91d347","absent","","draft","reviewed","requirement_status=value_available;search_status=completed","true","","","LCM-M2W2-AWS-PKG-0150","46fd41d8b19a82dc22c24ddee5c1b4e3534cacfe56bc4258cd1c9756ed67b552","74fe487790a0d2fbcaf012c1d60b409fd065dad5480a769843c28dab070036c4","f2682bdaf3ee4bee58aa95e20aa60461cc96a1f1fbc20a04b93bdcd2e98bc880","d10ad305a820f0fc1db7f2bf7030ca149ea7b556ceacd0a32d593f08a7cc01ff","m2_final_review_aws_package","2026-08-13","accept","只授权此 PK 按冻结来源行执行 write_action；除 review_status 外，写入语义列必须与 source_path 中该 PK 完全一致。package_review、independent_signoff 与 freeze_binding_status 由本签字和三项冻结哈希闭合。rebase_binding=AWS-SIGNOFF-REBASE-GOOGLE-SOURCE-GATE-20260813;post_field_rebase_binding=AWS-SIGNOFF-POST-FIELD-CONTRACT-20260813"
"AWS-SIGN-0151","lifecycle_pk_write","append_then_promote_review_status","数据/field-requirements.csv","requirement_id","REQ-M2W2-AWS-PKG-002","审计/子代理交接/m2_staging/M2-W2-AWS-PACKAGE-FACTS-REMEDIATED/structured/field-requirements.csv","ced6829dd1ce7a2b84551cb20d2274e23762eb35906e903aad12519c119199b3","93c27127b6124331368e24ccec97c48620d2e85f08057d14d049d87edb91d347","absent","","draft","reviewed","requirement_status=value_available;search_status=completed","true","","","LCM-M2W2-AWS-PKG-0151","46fd41d8b19a82dc22c24ddee5c1b4e3534cacfe56bc4258cd1c9756ed67b552","74fe487790a0d2fbcaf012c1d60b409fd065dad5480a769843c28dab070036c4","f2682bdaf3ee4bee58aa95e20aa60461cc96a1f1fbc20a04b93bdcd2e98bc880","d10ad305a820f0fc1db7f2bf7030ca149ea7b556ceacd0a32d593f08a7cc01ff","m2_final_review_aws_package","2026-08-13","accept","只授权此 PK 按冻结来源行执行 write_action；除 review_status 外，写入语义列必须与 source_path 中该 PK 完全一致。package_review、independent_signoff 与 freeze_binding_status 由本签字和三项冻结哈希闭合。rebase_binding=AWS-SIGNOFF-REBASE-GOOGLE-SOURCE-GATE-20260813;post_field_rebase_binding=AWS-SIGNOFF-POST-FIELD-CONTRACT-20260813"
"AWS-SIGN-0152","lifecycle_pk_write","append_then_promote_review_status","数据/field-requirements.csv","requirement_id","REQ-M2W2-AWS-PKG-003","审计/子代理交接/m2_staging/M2-W2-AWS-PACKAGE-FACTS-REMEDIATED/structured/field-requirements.csv","ced6829dd1ce7a2b84551cb20d2274e23762eb35906e903aad12519c119199b3","93c27127b6124331368e24ccec97c48620d2e85f08057d14d049d87edb91d347","absent","","draft","reviewed","requirement_status=value_available;search_status=completed","true","","","LCM-M2W2-AWS-PKG-0152","46fd41d8b19a82dc22c24ddee5c1b4e3534cacfe56bc4258cd1c9756ed67b552","74fe487790a0d2fbcaf012c1d60b409fd065dad5480a769843c28dab070036c4","f2682bdaf3ee4bee58aa95e20aa60461cc96a1f1fbc20a04b93bdcd2e98bc880","d10ad305a820f0fc1db7f2bf7030ca149ea7b556ceacd0a32d593f08a7cc01ff","m2_final_review_aws_package","2026-08-13","accept","只授权此 PK 按冻结来源行执行 write_action；除 review_status 外，写入语义列必须与 source_path 中该 PK 完全一致。package_review、independent_signoff 与 freeze_binding_status 由本签字和三项冻结哈希闭合。rebase_binding=AWS-SIGNOFF-REBASE-GOOGLE-SOURCE-GATE-20260813;post_field_rebase_binding=AWS-SIGNOFF-POST-FIELD-CONTRACT-20260813"
"AWS-SIGN-0153","lifecycle_pk_write","append_then_promote_review_status","数据/field-requirements.csv","requirement_id","REQ-M2W2-AWS-PKG-004","审计/子代理交接/m2_staging/M2-W2-AWS-PACKAGE-FACTS-REMEDIATED/structured/field-requirements.csv","ced6829dd1ce7a2b84551cb20d2274e23762eb35906e903aad12519c119199b3","93c27127b6124331368e24ccec97c48620d2e85f08057d14d049d87edb91d347","absent","","draft","reviewed","requirement_status=value_available;search_status=completed","true","","","LCM-M2W2-AWS-PKG-0153","46fd41d8b19a82dc22c24ddee5c1b4e3534cacfe56bc4258cd1c9756ed67b552","74fe487790a0d2fbcaf012c1d60b409fd065dad5480a769843c28dab070036c4","f2682bdaf3ee4bee58aa95e20aa60461cc96a1f1fbc20a04b93bdcd2e98bc880","d10ad305a820f0fc1db7f2bf7030ca149ea7b556ceacd0a32d593f08a7cc01ff","m2_final_review_aws_package","2026-08-13","accept","只授权此 PK 按冻结来源行执行 write_action；除 review_status 外，写入语义列必须与 source_path 中该 PK 完全一致。package_review、independent_signoff 与 freeze_binding_status 由本签字和三项冻结哈希闭合。rebase_binding=AWS-SIGNOFF-REBASE-GOOGLE-SOURCE-GATE-20260813;post_field_rebase_binding=AWS-SIGNOFF-POST-FIELD-CONTRACT-20260813"
"AWS-SIGN-0154","lifecycle_pk_write","append_then_promote_review_status","数据/field-requirements.csv","requirement_id","REQ-M2W2-AWS-PKG-005","审计/子代理交接/m2_staging/M2-W2-AWS-PACKAGE-FACTS-REMEDIATED/structured/field-requirements.csv","ced6829dd1ce7a2b84551cb20d2274e23762eb35906e903aad12519c119199b3","93c27127b6124331368e24ccec97c48620d2e85f08057d14d049d87edb91d347","absent","","draft","reviewed","requirement_status=value_available;search_status=completed","true","","","LCM-M2W2-AWS-PKG-0154","46fd41d8b19a82dc22c24ddee5c1b4e3534cacfe56bc4258cd1c9756ed67b552","74fe487790a0d2fbcaf012c1d60b409fd065dad5480a769843c28dab070036c4","f2682bdaf3ee4bee58aa95e20aa60461cc96a1f1fbc20a04b93bdcd2e98bc880","d10ad305a820f0fc1db7f2bf7030ca149ea7b556ceacd0a32d593f08a7cc01ff","m2_final_review_aws_package","2026-08-13","accept","只授权此 PK 按冻结来源行执行 write_action；除 review_status 外，写入语义列必须与 source_path 中该 PK 完全一致。package_review、independent_signoff 与 freeze_binding_status 由本签字和三项冻结哈希闭合。rebase_binding=AWS-SIGNOFF-REBASE-GOOGLE-SOURCE-GATE-20260813;post_field_rebase_binding=AWS-SIGNOFF-POST-FIELD-CONTRACT-20260813"
"AWS-SIGN-0155","lifecycle_pk_write","append_then_promote_review_status","数据/field-requirements.csv","requirement_id","REQ-M2W2-AWS-PKG-006","审计/子代理交接/m2_staging/M2-W2-AWS-PACKAGE-FACTS-REMEDIATED/structured/field-requirements.csv","ced6829dd1ce7a2b84551cb20d2274e23762eb35906e903aad12519c119199b3","93c27127b6124331368e24ccec97c48620d2e85f08057d14d049d87edb91d347","absent","","draft","reviewed","requirement_status=value_available;search_status=completed","true","","","LCM-M2W2-AWS-PKG-0155","46fd41d8b19a82dc22c24ddee5c1b4e3534cacfe56bc4258cd1c9756ed67b552","74fe487790a0d2fbcaf012c1d60b409fd065dad5480a769843c28dab070036c4","f2682bdaf3ee4bee58aa95e20aa60461cc96a1f1fbc20a04b93bdcd2e98bc880","d10ad305a820f0fc1db7f2bf7030ca149ea7b556ceacd0a32d593f08a7cc01ff","m2_final_review_aws_package","2026-08-13","accept","只授权此 PK 按冻结来源行执行 write_action；除 review_status 外，写入语义列必须与 source_path 中该 PK 完全一致。package_review、independent_signoff 与 freeze_binding_status 由本签字和三项冻结哈希闭合。rebase_binding=AWS-SIGNOFF-REBASE-GOOGLE-SOURCE-GATE-20260813;post_field_rebase_binding=AWS-SIGNOFF-POST-FIELD-CONTRACT-20260813"
"AWS-SIGN-0156","lifecycle_pk_write","append_then_promote_review_status","数据/field-requirements.csv","requirement_id","REQ-M2W2-AWS-PKG-007","审计/子代理交接/m2_staging/M2-W2-AWS-PACKAGE-FACTS-REMEDIATED/structured/field-requirements.csv","ced6829dd1ce7a2b84551cb20d2274e23762eb35906e903aad12519c119199b3","93c27127b6124331368e24ccec97c48620d2e85f08057d14d049d87edb91d347","absent","","draft","reviewed","requirement_status=value_available;search_status=completed","true","","","LCM-M2W2-AWS-PKG-0156","46fd41d8b19a82dc22c24ddee5c1b4e3534cacfe56bc4258cd1c9756ed67b552","74fe487790a0d2fbcaf012c1d60b409fd065dad5480a769843c28dab070036c4","f2682bdaf3ee4bee58aa95e20aa60461cc96a1f1fbc20a04b93bdcd2e98bc880","d10ad305a820f0fc1db7f2bf7030ca149ea7b556ceacd0a32d593f08a7cc01ff","m2_final_review_aws_package","2026-08-13","accept","只授权此 PK 按冻结来源行执行 write_action；除 review_status 外，写入语义列必须与 source_path 中该 PK 完全一致。package_review、independent_signoff 与 freeze_binding_status 由本签字和三项冻结哈希闭合。rebase_binding=AWS-SIGNOFF-REBASE-GOOGLE-SOURCE-GATE-20260813;post_field_rebase_binding=AWS-SIGNOFF-POST-FIELD-CONTRACT-20260813"
"AWS-SIGN-0157","lifecycle_pk_write","append_then_promote_review_status","数据/field-requirements.csv","requirement_id","REQ-M2W2-AWS-PKG-008","审计/子代理交接/m2_staging/M2-W2-AWS-PACKAGE-FACTS-REMEDIATED/structured/field-requirements.csv","ced6829dd1ce7a2b84551cb20d2274e23762eb35906e903aad12519c119199b3","93c27127b6124331368e24ccec97c48620d2e85f08057d14d049d87edb91d347","absent","","draft","reviewed","requirement_status=value_available;search_status=completed","true","","","LCM-M2W2-AWS-PKG-0157","46fd41d8b19a82dc22c24ddee5c1b4e3534cacfe56bc4258cd1c9756ed67b552","74fe487790a0d2fbcaf012c1d60b409fd065dad5480a769843c28dab070036c4","f2682bdaf3ee4bee58aa95e20aa60461cc96a1f1fbc20a04b93bdcd2e98bc880","d10ad305a820f0fc1db7f2bf7030ca149ea7b556ceacd0a32d593f08a7cc01ff","m2_final_review_aws_package","2026-08-13","accept","只授权此 PK 按冻结来源行执行 write_action；除 review_status 外，写入语义列必须与 source_path 中该 PK 完全一致。package_review、independent_signoff 与 freeze_binding_status 由本签字和三项冻结哈希闭合。rebase_binding=AWS-SIGNOFF-REBASE-GOOGLE-SOURCE-GATE-20260813;post_field_rebase_binding=AWS-SIGNOFF-POST-FIELD-CONTRACT-20260813"
"AWS-SIGN-0158","lifecycle_pk_write","append_then_promote_review_status","数据/field-requirements.csv","requirement_id","REQ-M2W2-AWS-PKG-009","审计/子代理交接/m2_staging/M2-W2-AWS-PACKAGE-FACTS-REMEDIATED/structured/field-requirements.csv","ced6829dd1ce7a2b84551cb20d2274e23762eb35906e903aad12519c119199b3","93c27127b6124331368e24ccec97c48620d2e85f08057d14d049d87edb91d347","absent","","draft","reviewed","requirement_status=value_available;search_status=completed","true","","","LCM-M2W2-AWS-PKG-0158","46fd41d8b19a82dc22c24ddee5c1b4e3534cacfe56bc4258cd1c9756ed67b552","74fe487790a0d2fbcaf012c1d60b409fd065dad5480a769843c28dab070036c4","f2682bdaf3ee4bee58aa95e20aa60461cc96a1f1fbc20a04b93bdcd2e98bc880","d10ad305a820f0fc1db7f2bf7030ca149ea7b556ceacd0a32d593f08a7cc01ff","m2_final_review_aws_package","2026-08-13","accept","只授权此 PK 按冻结来源行执行 write_action；除 review_status 外，写入语义列必须与 source_path 中该 PK 完全一致。package_review、independent_signoff 与 freeze_binding_status 由本签字和三项冻结哈希闭合。rebase_binding=AWS-SIGNOFF-REBASE-GOOGLE-SOURCE-GATE-20260813;post_field_rebase_binding=AWS-SIGNOFF-POST-FIELD-CONTRACT-20260813"
"AWS-SIGN-0159","lifecycle_pk_write","append_then_promote_review_status","数据/field-requirements.csv","requirement_id","REQ-M2W2-AWS-PKG-010","审计/子代理交接/m2_staging/M2-W2-AWS-PACKAGE-FACTS-REMEDIATED/structured/field-requirements.csv","ced6829dd1ce7a2b84551cb20d2274e23762eb35906e903aad12519c119199b3","93c27127b6124331368e24ccec97c48620d2e85f08057d14d049d87edb91d347","absent","","draft","reviewed","requirement_status=value_available;search_status=completed","true","","","LCM-M2W2-AWS-PKG-0159","46fd41d8b19a82dc22c24ddee5c1b4e3534cacfe56bc4258cd1c9756ed67b552","74fe487790a0d2fbcaf012c1d60b409fd065dad5480a769843c28dab070036c4","f2682bdaf3ee4bee58aa95e20aa60461cc96a1f1fbc20a04b93bdcd2e98bc880","d10ad305a820f0fc1db7f2bf7030ca149ea7b556ceacd0a32d593f08a7cc01ff","m2_final_review_aws_package","2026-08-13","accept","只授权此 PK 按冻结来源行执行 write_action；除 review_status 外，写入语义列必须与 source_path 中该 PK 完全一致。package_review、independent_signoff 与 freeze_binding_status 由本签字和三项冻结哈希闭合。rebase_binding=AWS-SIGNOFF-REBASE-GOOGLE-SOURCE-GATE-20260813;post_field_rebase_binding=AWS-SIGNOFF-POST-FIELD-CONTRACT-20260813"
"AWS-SIGN-0160","lifecycle_pk_write","append_then_promote_review_status","数据/field-requirements.csv","requirement_id","REQ-M2W2-AWS-PKG-011","审计/子代理交接/m2_staging/M2-W2-AWS-PACKAGE-FACTS-REMEDIATED/structured/field-requirements.csv","ced6829dd1ce7a2b84551cb20d2274e23762eb35906e903aad12519c119199b3","93c27127b6124331368e24ccec97c48620d2e85f08057d14d049d87edb91d347","absent","","draft","reviewed","requirement_status=value_available;search_status=completed","true","","","LCM-M2W2-AWS-PKG-0160","46fd41d8b19a82dc22c24ddee5c1b4e3534cacfe56bc4258cd1c9756ed67b552","74fe487790a0d2fbcaf012c1d60b409fd065dad5480a769843c28dab070036c4","f2682bdaf3ee4bee58aa95e20aa60461cc96a1f1fbc20a04b93bdcd2e98bc880","d10ad305a820f0fc1db7f2bf7030ca149ea7b556ceacd0a32d593f08a7cc01ff","m2_final_review_aws_package","2026-08-13","accept","只授权此 PK 按冻结来源行执行 write_action；除 review_status 外，写入语义列必须与 source_path 中该 PK 完全一致。package_review、independent_signoff 与 freeze_binding_status 由本签字和三项冻结哈希闭合。rebase_binding=AWS-SIGNOFF-REBASE-GOOGLE-SOURCE-GATE-20260813;post_field_rebase_binding=AWS-SIGNOFF-POST-FIELD-CONTRACT-20260813"
"AWS-SIGN-0161","lifecycle_pk_write","append_then_promote_review_status","数据/field-requirements.csv","requirement_id","REQ-M2W2-AWS-PKG-012","审计/子代理交接/m2_staging/M2-W2-AWS-PACKAGE-FACTS-REMEDIATED/structured/field-requirements.csv","ced6829dd1ce7a2b84551cb20d2274e23762eb35906e903aad12519c119199b3","93c27127b6124331368e24ccec97c48620d2e85f08057d14d049d87edb91d347","absent","","draft","reviewed","requirement_status=value_available;search_status=completed","true","","","LCM-M2W2-AWS-PKG-0161","46fd41d8b19a82dc22c24ddee5c1b4e3534cacfe56bc4258cd1c9756ed67b552","74fe487790a0d2fbcaf012c1d60b409fd065dad5480a769843c28dab070036c4","f2682bdaf3ee4bee58aa95e20aa60461cc96a1f1fbc20a04b93bdcd2e98bc880","d10ad305a820f0fc1db7f2bf7030ca149ea7b556ceacd0a32d593f08a7cc01ff","m2_final_review_aws_package","2026-08-13","accept","只授权此 PK 按冻结来源行执行 write_action；除 review_status 外，写入语义列必须与 source_path 中该 PK 完全一致。package_review、independent_signoff 与 freeze_binding_status 由本签字和三项冻结哈希闭合。rebase_binding=AWS-SIGNOFF-REBASE-GOOGLE-SOURCE-GATE-20260813;post_field_rebase_binding=AWS-SIGNOFF-POST-FIELD-CONTRACT-20260813"
"AWS-SIGN-0162","lifecycle_pk_write","append_then_promote_review_status","数据/field-requirements.csv","requirement_id","REQ-M2W2-AWS-PKG-013","审计/子代理交接/m2_staging/M2-W2-AWS-PACKAGE-FACTS-REMEDIATED/structured/field-requirements.csv","ced6829dd1ce7a2b84551cb20d2274e23762eb35906e903aad12519c119199b3","93c27127b6124331368e24ccec97c48620d2e85f08057d14d049d87edb91d347","absent","","draft","reviewed","requirement_status=value_available;search_status=completed","true","","","LCM-M2W2-AWS-PKG-0162","46fd41d8b19a82dc22c24ddee5c1b4e3534cacfe56bc4258cd1c9756ed67b552","74fe487790a0d2fbcaf012c1d60b409fd065dad5480a769843c28dab070036c4","f2682bdaf3ee4bee58aa95e20aa60461cc96a1f1fbc20a04b93bdcd2e98bc880","d10ad305a820f0fc1db7f2bf7030ca149ea7b556ceacd0a32d593f08a7cc01ff","m2_final_review_aws_package","2026-08-13","accept","只授权此 PK 按冻结来源行执行 write_action；除 review_status 外，写入语义列必须与 source_path 中该 PK 完全一致。package_review、independent_signoff 与 freeze_binding_status 由本签字和三项冻结哈希闭合。rebase_binding=AWS-SIGNOFF-REBASE-GOOGLE-SOURCE-GATE-20260813;post_field_rebase_binding=AWS-SIGNOFF-POST-FIELD-CONTRACT-20260813"
"AWS-SIGN-0163","lifecycle_pk_write","append_without_review_promotion","数据/field-requirements.csv","requirement_id","REQ-M2W2-AWS-PKG-014","审计/子代理交接/m2_staging/M2-W2-AWS-PACKAGE-FACTS-REMEDIATED/structured/field-requirements.csv","ced6829dd1ce7a2b84551cb20d2274e23762eb35906e903aad12519c119199b3","93c27127b6124331368e24ccec97c48620d2e85f08057d14d049d87edb91d347","absent","","needs_resolution","needs_resolution","requirement_status=conflicting_unresolved;search_status=completed","true","","","LCM-M2W2-AWS-PKG-0163","46fd41d8b19a82dc22c24ddee5c1b4e3534cacfe56bc4258cd1c9756ed67b552","74fe487790a0d2fbcaf012c1d60b409fd065dad5480a769843c28dab070036c4","f2682bdaf3ee4bee58aa95e20aa60461cc96a1f1fbc20a04b93bdcd2e98bc880","d10ad305a820f0fc1db7f2bf7030ca149ea7b556ceacd0a32d593f08a7cc01ff","m2_final_review_aws_package","2026-08-13","accept","只授权此 PK 按冻结来源行执行 write_action；除 review_status 外，写入语义列必须与 source_path 中该 PK 完全一致。package_review、independent_signoff 与 freeze_binding_status 由本签字和三项冻结哈希闭合。rebase_binding=AWS-SIGNOFF-REBASE-GOOGLE-SOURCE-GATE-20260813;post_field_rebase_binding=AWS-SIGNOFF-POST-FIELD-CONTRACT-20260813"
"AWS-SIGN-0164","lifecycle_pk_write","append_then_promote_review_status","数据/field-requirements.csv","requirement_id","REQ-M2W2-AWS-PKG-015","审计/子代理交接/m2_staging/M2-W2-AWS-PACKAGE-FACTS-REMEDIATED/structured/field-requirements.csv","ced6829dd1ce7a2b84551cb20d2274e23762eb35906e903aad12519c119199b3","93c27127b6124331368e24ccec97c48620d2e85f08057d14d049d87edb91d347","absent","","draft","reviewed","requirement_status=value_available;search_status=completed","true","","","LCM-M2W2-AWS-PKG-0164","46fd41d8b19a82dc22c24ddee5c1b4e3534cacfe56bc4258cd1c9756ed67b552","74fe487790a0d2fbcaf012c1d60b409fd065dad5480a769843c28dab070036c4","f2682bdaf3ee4bee58aa95e20aa60461cc96a1f1fbc20a04b93bdcd2e98bc880","d10ad305a820f0fc1db7f2bf7030ca149ea7b556ceacd0a32d593f08a7cc01ff","m2_final_review_aws_package","2026-08-13","accept","只授权此 PK 按冻结来源行执行 write_action；除 review_status 外，写入语义列必须与 source_path 中该 PK 完全一致。package_review、independent_signoff 与 freeze_binding_status 由本签字和三项冻结哈希闭合。rebase_binding=AWS-SIGNOFF-REBASE-GOOGLE-SOURCE-GATE-20260813;post_field_rebase_binding=AWS-SIGNOFF-POST-FIELD-CONTRACT-20260813"
"AWS-SIGN-0165","lifecycle_pk_write","append_then_promote_review_status","数据/field-requirements.csv","requirement_id","REQ-M2W2-AWS-PKG-016","审计/子代理交接/m2_staging/M2-W2-AWS-PACKAGE-FACTS-REMEDIATED/structured/field-requirements.csv","ced6829dd1ce7a2b84551cb20d2274e23762eb35906e903aad12519c119199b3","93c27127b6124331368e24ccec97c48620d2e85f08057d14d049d87edb91d347","absent","","draft","reviewed","requirement_status=value_available;search_status=completed","true","","","LCM-M2W2-AWS-PKG-0165","46fd41d8b19a82dc22c24ddee5c1b4e3534cacfe56bc4258cd1c9756ed67b552","74fe487790a0d2fbcaf012c1d60b409fd065dad5480a769843c28dab070036c4","f2682bdaf3ee4bee58aa95e20aa60461cc96a1f1fbc20a04b93bdcd2e98bc880","d10ad305a820f0fc1db7f2bf7030ca149ea7b556ceacd0a32d593f08a7cc01ff","m2_final_review_aws_package","2026-08-13","accept","只授权此 PK 按冻结来源行执行 write_action；除 review_status 外，写入语义列必须与 source_path 中该 PK 完全一致。package_review、independent_signoff 与 freeze_binding_status 由本签字和三项冻结哈希闭合。rebase_binding=AWS-SIGNOFF-REBASE-GOOGLE-SOURCE-GATE-20260813;post_field_rebase_binding=AWS-SIGNOFF-POST-FIELD-CONTRACT-20260813"
"AWS-SIGN-0166","lifecycle_pk_write","append_then_promote_review_status","数据/field-requirements.csv","requirement_id","REQ-M2W2-AWS-PKG-017","审计/子代理交接/m2_staging/M2-W2-AWS-PACKAGE-FACTS-REMEDIATED/structured/field-requirements.csv","ced6829dd1ce7a2b84551cb20d2274e23762eb35906e903aad12519c119199b3","93c27127b6124331368e24ccec97c48620d2e85f08057d14d049d87edb91d347","absent","","draft","reviewed","requirement_status=value_available;search_status=completed","true","","","LCM-M2W2-AWS-PKG-0166","46fd41d8b19a82dc22c24ddee5c1b4e3534cacfe56bc4258cd1c9756ed67b552","74fe487790a0d2fbcaf012c1d60b409fd065dad5480a769843c28dab070036c4","f2682bdaf3ee4bee58aa95e20aa60461cc96a1f1fbc20a04b93bdcd2e98bc880","d10ad305a820f0fc1db7f2bf7030ca149ea7b556ceacd0a32d593f08a7cc01ff","m2_final_review_aws_package","2026-08-13","accept","只授权此 PK 按冻结来源行执行 write_action；除 review_status 外，写入语义列必须与 source_path 中该 PK 完全一致。package_review、independent_signoff 与 freeze_binding_status 由本签字和三项冻结哈希闭合。rebase_binding=AWS-SIGNOFF-REBASE-GOOGLE-SOURCE-GATE-20260813;post_field_rebase_binding=AWS-SIGNOFF-POST-FIELD-CONTRACT-20260813"
"AWS-SIGN-0167","lifecycle_pk_write","append_then_promote_review_status","数据/field-requirements.csv","requirement_id","REQ-M2W2-AWS-PKG-018","审计/子代理交接/m2_staging/M2-W2-AWS-PACKAGE-FACTS-REMEDIATED/structured/field-requirements.csv","ced6829dd1ce7a2b84551cb20d2274e23762eb35906e903aad12519c119199b3","93c27127b6124331368e24ccec97c48620d2e85f08057d14d049d87edb91d347","absent","","draft","reviewed","requirement_status=value_available;search_status=completed","true","","","LCM-M2W2-AWS-PKG-0167","46fd41d8b19a82dc22c24ddee5c1b4e3534cacfe56bc4258cd1c9756ed67b552","74fe487790a0d2fbcaf012c1d60b409fd065dad5480a769843c28dab070036c4","f2682bdaf3ee4bee58aa95e20aa60461cc96a1f1fbc20a04b93bdcd2e98bc880","d10ad305a820f0fc1db7f2bf7030ca149ea7b556ceacd0a32d593f08a7cc01ff","m2_final_review_aws_package","2026-08-13","accept","只授权此 PK 按冻结来源行执行 write_action；除 review_status 外，写入语义列必须与 source_path 中该 PK 完全一致。package_review、independent_signoff 与 freeze_binding_status 由本签字和三项冻结哈希闭合。rebase_binding=AWS-SIGNOFF-REBASE-GOOGLE-SOURCE-GATE-20260813;post_field_rebase_binding=AWS-SIGNOFF-POST-FIELD-CONTRACT-20260813"
"AWS-SIGN-0168","lifecycle_pk_write","append_then_promote_review_status","数据/field-requirements.csv","requirement_id","REQ-M2W2-AWS-PKG-019","审计/子代理交接/m2_staging/M2-W2-AWS-PACKAGE-FACTS-REMEDIATED/structured/field-requirements.csv","ced6829dd1ce7a2b84551cb20d2274e23762eb35906e903aad12519c119199b3","93c27127b6124331368e24ccec97c48620d2e85f08057d14d049d87edb91d347","absent","","draft","reviewed","requirement_status=value_available;search_status=completed","true","","","LCM-M2W2-AWS-PKG-0168","46fd41d8b19a82dc22c24ddee5c1b4e3534cacfe56bc4258cd1c9756ed67b552","74fe487790a0d2fbcaf012c1d60b409fd065dad5480a769843c28dab070036c4","f2682bdaf3ee4bee58aa95e20aa60461cc96a1f1fbc20a04b93bdcd2e98bc880","d10ad305a820f0fc1db7f2bf7030ca149ea7b556ceacd0a32d593f08a7cc01ff","m2_final_review_aws_package","2026-08-13","accept","只授权此 PK 按冻结来源行执行 write_action；除 review_status 外，写入语义列必须与 source_path 中该 PK 完全一致。package_review、independent_signoff 与 freeze_binding_status 由本签字和三项冻结哈希闭合。rebase_binding=AWS-SIGNOFF-REBASE-GOOGLE-SOURCE-GATE-20260813;post_field_rebase_binding=AWS-SIGNOFF-POST-FIELD-CONTRACT-20260813"
"AWS-SIGN-0169","lifecycle_pk_write","append_then_promote_review_status","数据/field-requirements.csv","requirement_id","REQ-M2W2-AWS-PKG-020","审计/子代理交接/m2_staging/M2-W2-AWS-PACKAGE-FACTS-REMEDIATED/structured/field-requirements.csv","ced6829dd1ce7a2b84551cb20d2274e23762eb35906e903aad12519c119199b3","93c27127b6124331368e24ccec97c48620d2e85f08057d14d049d87edb91d347","absent","","draft","reviewed","requirement_status=value_available;search_status=completed","true","","","LCM-M2W2-AWS-PKG-0169","46fd41d8b19a82dc22c24ddee5c1b4e3534cacfe56bc4258cd1c9756ed67b552","74fe487790a0d2fbcaf012c1d60b409fd065dad5480a769843c28dab070036c4","f2682bdaf3ee4bee58aa95e20aa60461cc96a1f1fbc20a04b93bdcd2e98bc880","d10ad305a820f0fc1db7f2bf7030ca149ea7b556ceacd0a32d593f08a7cc01ff","m2_final_review_aws_package","2026-08-13","accept","只授权此 PK 按冻结来源行执行 write_action；除 review_status 外，写入语义列必须与 source_path 中该 PK 完全一致。package_review、independent_signoff 与 freeze_binding_status 由本签字和三项冻结哈希闭合。rebase_binding=AWS-SIGNOFF-REBASE-GOOGLE-SOURCE-GATE-20260813;post_field_rebase_binding=AWS-SIGNOFF-POST-FIELD-CONTRACT-20260813"
"AWS-SIGN-0170","lifecycle_pk_write","append_then_promote_review_status","数据/field-requirements.csv","requirement_id","REQ-M2W2-AWS-PKG-021","审计/子代理交接/m2_staging/M2-W2-AWS-PACKAGE-FACTS-REMEDIATED/structured/field-requirements.csv","ced6829dd1ce7a2b84551cb20d2274e23762eb35906e903aad12519c119199b3","93c27127b6124331368e24ccec97c48620d2e85f08057d14d049d87edb91d347","absent","","draft","reviewed","requirement_status=value_available;search_status=completed","true","","","LCM-M2W2-AWS-PKG-0170","46fd41d8b19a82dc22c24ddee5c1b4e3534cacfe56bc4258cd1c9756ed67b552","74fe487790a0d2fbcaf012c1d60b409fd065dad5480a769843c28dab070036c4","f2682bdaf3ee4bee58aa95e20aa60461cc96a1f1fbc20a04b93bdcd2e98bc880","d10ad305a820f0fc1db7f2bf7030ca149ea7b556ceacd0a32d593f08a7cc01ff","m2_final_review_aws_package","2026-08-13","accept","只授权此 PK 按冻结来源行执行 write_action；除 review_status 外，写入语义列必须与 source_path 中该 PK 完全一致。package_review、independent_signoff 与 freeze_binding_status 由本签字和三项冻结哈希闭合。rebase_binding=AWS-SIGNOFF-REBASE-GOOGLE-SOURCE-GATE-20260813;post_field_rebase_binding=AWS-SIGNOFF-POST-FIELD-CONTRACT-20260813"
"AWS-SIGN-0171","lifecycle_pk_write","append_then_promote_review_status","数据/field-requirements.csv","requirement_id","REQ-M2W2-AWS-PKG-022","审计/子代理交接/m2_staging/M2-W2-AWS-PACKAGE-FACTS-REMEDIATED/structured/field-requirements.csv","ced6829dd1ce7a2b84551cb20d2274e23762eb35906e903aad12519c119199b3","93c27127b6124331368e24ccec97c48620d2e85f08057d14d049d87edb91d347","absent","","draft","reviewed","requirement_status=value_available;search_status=completed","true","","","LCM-M2W2-AWS-PKG-0171","46fd41d8b19a82dc22c24ddee5c1b4e3534cacfe56bc4258cd1c9756ed67b552","74fe487790a0d2fbcaf012c1d60b409fd065dad5480a769843c28dab070036c4","f2682bdaf3ee4bee58aa95e20aa60461cc96a1f1fbc20a04b93bdcd2e98bc880","d10ad305a820f0fc1db7f2bf7030ca149ea7b556ceacd0a32d593f08a7cc01ff","m2_final_review_aws_package","2026-08-13","accept","只授权此 PK 按冻结来源行执行 write_action；除 review_status 外，写入语义列必须与 source_path 中该 PK 完全一致。package_review、independent_signoff 与 freeze_binding_status 由本签字和三项冻结哈希闭合。rebase_binding=AWS-SIGNOFF-REBASE-GOOGLE-SOURCE-GATE-20260813;post_field_rebase_binding=AWS-SIGNOFF-POST-FIELD-CONTRACT-20260813"
"AWS-SIGN-0172","lifecycle_pk_write","append_then_promote_review_status","数据/field-requirements.csv","requirement_id","REQ-M2W2-AWS-PKG-023","审计/子代理交接/m2_staging/M2-W2-AWS-PACKAGE-FACTS-REMEDIATED/structured/field-requirements.csv","ced6829dd1ce7a2b84551cb20d2274e23762eb35906e903aad12519c119199b3","93c27127b6124331368e24ccec97c48620d2e85f08057d14d049d87edb91d347","absent","","draft","reviewed","requirement_status=value_available;search_status=completed","true","","","LCM-M2W2-AWS-PKG-0172","46fd41d8b19a82dc22c24ddee5c1b4e3534cacfe56bc4258cd1c9756ed67b552","74fe487790a0d2fbcaf012c1d60b409fd065dad5480a769843c28dab070036c4","f2682bdaf3ee4bee58aa95e20aa60461cc96a1f1fbc20a04b93bdcd2e98bc880","d10ad305a820f0fc1db7f2bf7030ca149ea7b556ceacd0a32d593f08a7cc01ff","m2_final_review_aws_package","2026-08-13","accept","只授权此 PK 按冻结来源行执行 write_action；除 review_status 外，写入语义列必须与 source_path 中该 PK 完全一致。package_review、independent_signoff 与 freeze_binding_status 由本签字和三项冻结哈希闭合。rebase_binding=AWS-SIGNOFF-REBASE-GOOGLE-SOURCE-GATE-20260813;post_field_rebase_binding=AWS-SIGNOFF-POST-FIELD-CONTRACT-20260813"
"AWS-SIGN-0173","lifecycle_pk_write","append_without_review_promotion","数据/field-requirements.csv","requirement_id","REQ-M2W2-AWS-PKG-024","审计/子代理交接/m2_staging/M2-W2-AWS-PACKAGE-FACTS-REMEDIATED/structured/field-requirements.csv","ced6829dd1ce7a2b84551cb20d2274e23762eb35906e903aad12519c119199b3","93c27127b6124331368e24ccec97c48620d2e85f08057d14d049d87edb91d347","absent","","needs_resolution","needs_resolution","requirement_status=conflicting_unresolved;search_status=completed","true","","","LCM-M2W2-AWS-PKG-0173","46fd41d8b19a82dc22c24ddee5c1b4e3534cacfe56bc4258cd1c9756ed67b552","74fe487790a0d2fbcaf012c1d60b409fd065dad5480a769843c28dab070036c4","f2682bdaf3ee4bee58aa95e20aa60461cc96a1f1fbc20a04b93bdcd2e98bc880","d10ad305a820f0fc1db7f2bf7030ca149ea7b556ceacd0a32d593f08a7cc01ff","m2_final_review_aws_package","2026-08-13","accept","只授权此 PK 按冻结来源行执行 write_action；除 review_status 外，写入语义列必须与 source_path 中该 PK 完全一致。package_review、independent_signoff 与 freeze_binding_status 由本签字和三项冻结哈希闭合。rebase_binding=AWS-SIGNOFF-REBASE-GOOGLE-SOURCE-GATE-20260813;post_field_rebase_binding=AWS-SIGNOFF-POST-FIELD-CONTRACT-20260813"
"AWS-SIGN-0174","lifecycle_pk_write","append_then_promote_review_status","数据/field-requirements.csv","requirement_id","REQ-M2W2-AWS-PKG-025","审计/子代理交接/m2_staging/M2-W2-AWS-PACKAGE-FACTS-REMEDIATED/structured/field-requirements.csv","ced6829dd1ce7a2b84551cb20d2274e23762eb35906e903aad12519c119199b3","93c27127b6124331368e24ccec97c48620d2e85f08057d14d049d87edb91d347","absent","","draft","reviewed","requirement_status=value_available;search_status=completed","true","","","LCM-M2W2-AWS-PKG-0174","46fd41d8b19a82dc22c24ddee5c1b4e3534cacfe56bc4258cd1c9756ed67b552","74fe487790a0d2fbcaf012c1d60b409fd065dad5480a769843c28dab070036c4","f2682bdaf3ee4bee58aa95e20aa60461cc96a1f1fbc20a04b93bdcd2e98bc880","d10ad305a820f0fc1db7f2bf7030ca149ea7b556ceacd0a32d593f08a7cc01ff","m2_final_review_aws_package","2026-08-13","accept","只授权此 PK 按冻结来源行执行 write_action；除 review_status 外，写入语义列必须与 source_path 中该 PK 完全一致。package_review、independent_signoff 与 freeze_binding_status 由本签字和三项冻结哈希闭合。rebase_binding=AWS-SIGNOFF-REBASE-GOOGLE-SOURCE-GATE-20260813;post_field_rebase_binding=AWS-SIGNOFF-POST-FIELD-CONTRACT-20260813"
"AWS-SIGN-0175","lifecycle_pk_write","append_then_promote_review_status","数据/field-requirements.csv","requirement_id","REQ-M2W2-AWS-PKG-026","审计/子代理交接/m2_staging/M2-W2-AWS-PACKAGE-FACTS-REMEDIATED/structured/field-requirements.csv","ced6829dd1ce7a2b84551cb20d2274e23762eb35906e903aad12519c119199b3","93c27127b6124331368e24ccec97c48620d2e85f08057d14d049d87edb91d347","absent","","draft","reviewed","requirement_status=value_available;search_status=completed","true","","","LCM-M2W2-AWS-PKG-0175","46fd41d8b19a82dc22c24ddee5c1b4e3534cacfe56bc4258cd1c9756ed67b552","74fe487790a0d2fbcaf012c1d60b409fd065dad5480a769843c28dab070036c4","f2682bdaf3ee4bee58aa95e20aa60461cc96a1f1fbc20a04b93bdcd2e98bc880","d10ad305a820f0fc1db7f2bf7030ca149ea7b556ceacd0a32d593f08a7cc01ff","m2_final_review_aws_package","2026-08-13","accept","只授权此 PK 按冻结来源行执行 write_action；除 review_status 外，写入语义列必须与 source_path 中该 PK 完全一致。package_review、independent_signoff 与 freeze_binding_status 由本签字和三项冻结哈希闭合。rebase_binding=AWS-SIGNOFF-REBASE-GOOGLE-SOURCE-GATE-20260813;post_field_rebase_binding=AWS-SIGNOFF-POST-FIELD-CONTRACT-20260813"
"AWS-SIGN-0176","lifecycle_pk_write","append_then_promote_review_status","数据/field-requirements.csv","requirement_id","REQ-M2W2-AWS-PKG-027","审计/子代理交接/m2_staging/M2-W2-AWS-PACKAGE-FACTS-REMEDIATED/structured/field-requirements.csv","ced6829dd1ce7a2b84551cb20d2274e23762eb35906e903aad12519c119199b3","93c27127b6124331368e24ccec97c48620d2e85f08057d14d049d87edb91d347","absent","","draft","reviewed","requirement_status=value_available;search_status=completed","true","","","LCM-M2W2-AWS-PKG-0176","46fd41d8b19a82dc22c24ddee5c1b4e3534cacfe56bc4258cd1c9756ed67b552","74fe487790a0d2fbcaf012c1d60b409fd065dad5480a769843c28dab070036c4","f2682bdaf3ee4bee58aa95e20aa60461cc96a1f1fbc20a04b93bdcd2e98bc880","d10ad305a820f0fc1db7f2bf7030ca149ea7b556ceacd0a32d593f08a7cc01ff","m2_final_review_aws_package","2026-08-13","accept","只授权此 PK 按冻结来源行执行 write_action；除 review_status 外，写入语义列必须与 source_path 中该 PK 完全一致。package_review、independent_signoff 与 freeze_binding_status 由本签字和三项冻结哈希闭合。rebase_binding=AWS-SIGNOFF-REBASE-GOOGLE-SOURCE-GATE-20260813;post_field_rebase_binding=AWS-SIGNOFF-POST-FIELD-CONTRACT-20260813"
"AWS-SIGN-0177","lifecycle_pk_write","append_then_promote_review_status","数据/field-requirements.csv","requirement_id","REQ-M2W2-AWS-PKG-028","审计/子代理交接/m2_staging/M2-W2-AWS-PACKAGE-FACTS-REMEDIATED/structured/field-requirements.csv","ced6829dd1ce7a2b84551cb20d2274e23762eb35906e903aad12519c119199b3","93c27127b6124331368e24ccec97c48620d2e85f08057d14d049d87edb91d347","absent","","draft","reviewed","requirement_status=value_available;search_status=completed","true","","","LCM-M2W2-AWS-PKG-0177","46fd41d8b19a82dc22c24ddee5c1b4e3534cacfe56bc4258cd1c9756ed67b552","74fe487790a0d2fbcaf012c1d60b409fd065dad5480a769843c28dab070036c4","f2682bdaf3ee4bee58aa95e20aa60461cc96a1f1fbc20a04b93bdcd2e98bc880","d10ad305a820f0fc1db7f2bf7030ca149ea7b556ceacd0a32d593f08a7cc01ff","m2_final_review_aws_package","2026-08-13","accept","只授权此 PK 按冻结来源行执行 write_action；除 review_status 外，写入语义列必须与 source_path 中该 PK 完全一致。package_review、independent_signoff 与 freeze_binding_status 由本签字和三项冻结哈希闭合。rebase_binding=AWS-SIGNOFF-REBASE-GOOGLE-SOURCE-GATE-20260813;post_field_rebase_binding=AWS-SIGNOFF-POST-FIELD-CONTRACT-20260813"
"AWS-SIGN-0178","lifecycle_pk_write","append_then_promote_review_status","数据/field-requirements.csv","requirement_id","REQ-M2W2-AWS-PKG-029","审计/子代理交接/m2_staging/M2-W2-AWS-PACKAGE-FACTS-REMEDIATED/structured/field-requirements.csv","ced6829dd1ce7a2b84551cb20d2274e23762eb35906e903aad12519c119199b3","93c27127b6124331368e24ccec97c48620d2e85f08057d14d049d87edb91d347","absent","","draft","reviewed","requirement_status=value_available;search_status=completed","true","","","LCM-M2W2-AWS-PKG-0178","46fd41d8b19a82dc22c24ddee5c1b4e3534cacfe56bc4258cd1c9756ed67b552","74fe487790a0d2fbcaf012c1d60b409fd065dad5480a769843c28dab070036c4","f2682bdaf3ee4bee58aa95e20aa60461cc96a1f1fbc20a04b93bdcd2e98bc880","d10ad305a820f0fc1db7f2bf7030ca149ea7b556ceacd0a32d593f08a7cc01ff","m2_final_review_aws_package","2026-08-13","accept","只授权此 PK 按冻结来源行执行 write_action；除 review_status 外，写入语义列必须与 source_path 中该 PK 完全一致。package_review、independent_signoff 与 freeze_binding_status 由本签字和三项冻结哈希闭合。rebase_binding=AWS-SIGNOFF-REBASE-GOOGLE-SOURCE-GATE-20260813;post_field_rebase_binding=AWS-SIGNOFF-POST-FIELD-CONTRACT-20260813"
"AWS-SIGN-0179","lifecycle_pk_write","append_then_promote_review_status","数据/field-requirements.csv","requirement_id","REQ-M2W2-AWS-PKG-030","审计/子代理交接/m2_staging/M2-W2-AWS-PACKAGE-FACTS-REMEDIATED/structured/field-requirements.csv","ced6829dd1ce7a2b84551cb20d2274e23762eb35906e903aad12519c119199b3","93c27127b6124331368e24ccec97c48620d2e85f08057d14d049d87edb91d347","absent","","draft","reviewed","requirement_status=value_available;search_status=completed","true","","","LCM-M2W2-AWS-PKG-0179","46fd41d8b19a82dc22c24ddee5c1b4e3534cacfe56bc4258cd1c9756ed67b552","74fe487790a0d2fbcaf012c1d60b409fd065dad5480a769843c28dab070036c4","f2682bdaf3ee4bee58aa95e20aa60461cc96a1f1fbc20a04b93bdcd2e98bc880","d10ad305a820f0fc1db7f2bf7030ca149ea7b556ceacd0a32d593f08a7cc01ff","m2_final_review_aws_package","2026-08-13","accept","只授权此 PK 按冻结来源行执行 write_action；除 review_status 外，写入语义列必须与 source_path 中该 PK 完全一致。package_review、independent_signoff 与 freeze_binding_status 由本签字和三项冻结哈希闭合。rebase_binding=AWS-SIGNOFF-REBASE-GOOGLE-SOURCE-GATE-20260813;post_field_rebase_binding=AWS-SIGNOFF-POST-FIELD-CONTRACT-20260813"
"AWS-SIGN-0180","lifecycle_pk_write","append_then_promote_review_status","数据/field-requirements.csv","requirement_id","REQ-M2W2-AWS-PKG-031","审计/子代理交接/m2_staging/M2-W2-AWS-PACKAGE-FACTS-REMEDIATED/structured/field-requirements.csv","ced6829dd1ce7a2b84551cb20d2274e23762eb35906e903aad12519c119199b3","93c27127b6124331368e24ccec97c48620d2e85f08057d14d049d87edb91d347","absent","","draft","reviewed","requirement_status=value_available;search_status=completed","true","","","LCM-M2W2-AWS-PKG-0180","46fd41d8b19a82dc22c24ddee5c1b4e3534cacfe56bc4258cd1c9756ed67b552","74fe487790a0d2fbcaf012c1d60b409fd065dad5480a769843c28dab070036c4","f2682bdaf3ee4bee58aa95e20aa60461cc96a1f1fbc20a04b93bdcd2e98bc880","d10ad305a820f0fc1db7f2bf7030ca149ea7b556ceacd0a32d593f08a7cc01ff","m2_final_review_aws_package","2026-08-13","accept","只授权此 PK 按冻结来源行执行 write_action；除 review_status 外，写入语义列必须与 source_path 中该 PK 完全一致。package_review、independent_signoff 与 freeze_binding_status 由本签字和三项冻结哈希闭合。rebase_binding=AWS-SIGNOFF-REBASE-GOOGLE-SOURCE-GATE-20260813;post_field_rebase_binding=AWS-SIGNOFF-POST-FIELD-CONTRACT-20260813"
"AWS-SIGN-0181","lifecycle_pk_write","append_then_promote_review_status","数据/field-requirements.csv","requirement_id","REQ-M2W2-AWS-PKG-032","审计/子代理交接/m2_staging/M2-W2-AWS-PACKAGE-FACTS-REMEDIATED/structured/field-requirements.csv","ced6829dd1ce7a2b84551cb20d2274e23762eb35906e903aad12519c119199b3","93c27127b6124331368e24ccec97c48620d2e85f08057d14d049d87edb91d347","absent","","draft","reviewed","requirement_status=value_available;search_status=completed","true","","","LCM-M2W2-AWS-PKG-0181","46fd41d8b19a82dc22c24ddee5c1b4e3534cacfe56bc4258cd1c9756ed67b552","74fe487790a0d2fbcaf012c1d60b409fd065dad5480a769843c28dab070036c4","f2682bdaf3ee4bee58aa95e20aa60461cc96a1f1fbc20a04b93bdcd2e98bc880","d10ad305a820f0fc1db7f2bf7030ca149ea7b556ceacd0a32d593f08a7cc01ff","m2_final_review_aws_package","2026-08-13","accept","只授权此 PK 按冻结来源行执行 write_action；除 review_status 外，写入语义列必须与 source_path 中该 PK 完全一致。package_review、independent_signoff 与 freeze_binding_status 由本签字和三项冻结哈希闭合。rebase_binding=AWS-SIGNOFF-REBASE-GOOGLE-SOURCE-GATE-20260813;post_field_rebase_binding=AWS-SIGNOFF-POST-FIELD-CONTRACT-20260813"
"AWS-SIGN-0182","lifecycle_pk_write","append_then_promote_review_status","数据/field-requirements.csv","requirement_id","REQ-M2W2-AWS-PKG-033","审计/子代理交接/m2_staging/M2-W2-AWS-PACKAGE-FACTS-REMEDIATED/structured/field-requirements.csv","ced6829dd1ce7a2b84551cb20d2274e23762eb35906e903aad12519c119199b3","93c27127b6124331368e24ccec97c48620d2e85f08057d14d049d87edb91d347","absent","","draft","reviewed","requirement_status=value_available;search_status=completed","true","","","LCM-M2W2-AWS-PKG-0182","46fd41d8b19a82dc22c24ddee5c1b4e3534cacfe56bc4258cd1c9756ed67b552","74fe487790a0d2fbcaf012c1d60b409fd065dad5480a769843c28dab070036c4","f2682bdaf3ee4bee58aa95e20aa60461cc96a1f1fbc20a04b93bdcd2e98bc880","d10ad305a820f0fc1db7f2bf7030ca149ea7b556ceacd0a32d593f08a7cc01ff","m2_final_review_aws_package","2026-08-13","accept","只授权此 PK 按冻结来源行执行 write_action；除 review_status 外，写入语义列必须与 source_path 中该 PK 完全一致。package_review、independent_signoff 与 freeze_binding_status 由本签字和三项冻结哈希闭合。rebase_binding=AWS-SIGNOFF-REBASE-GOOGLE-SOURCE-GATE-20260813;post_field_rebase_binding=AWS-SIGNOFF-POST-FIELD-CONTRACT-20260813"
"AWS-SIGN-0183","lifecycle_pk_write","append_then_promote_review_status","数据/field-requirements.csv","requirement_id","REQ-M2W2-AWS-PKG-034","审计/子代理交接/m2_staging/M2-W2-AWS-PACKAGE-FACTS-REMEDIATED/structured/field-requirements.csv","ced6829dd1ce7a2b84551cb20d2274e23762eb35906e903aad12519c119199b3","93c27127b6124331368e24ccec97c48620d2e85f08057d14d049d87edb91d347","absent","","draft","reviewed","requirement_status=value_available;search_status=completed","true","","","LCM-M2W2-AWS-PKG-0183","46fd41d8b19a82dc22c24ddee5c1b4e3534cacfe56bc4258cd1c9756ed67b552","74fe487790a0d2fbcaf012c1d60b409fd065dad5480a769843c28dab070036c4","f2682bdaf3ee4bee58aa95e20aa60461cc96a1f1fbc20a04b93bdcd2e98bc880","d10ad305a820f0fc1db7f2bf7030ca149ea7b556ceacd0a32d593f08a7cc01ff","m2_final_review_aws_package","2026-08-13","accept","只授权此 PK 按冻结来源行执行 write_action；除 review_status 外，写入语义列必须与 source_path 中该 PK 完全一致。package_review、independent_signoff 与 freeze_binding_status 由本签字和三项冻结哈希闭合。rebase_binding=AWS-SIGNOFF-REBASE-GOOGLE-SOURCE-GATE-20260813;post_field_rebase_binding=AWS-SIGNOFF-POST-FIELD-CONTRACT-20260813"
"AWS-SIGN-0184","lifecycle_pk_write","append_then_promote_review_status","数据/field-requirements.csv","requirement_id","REQ-M2W2-AWS-PKG-035","审计/子代理交接/m2_staging/M2-W2-AWS-PACKAGE-FACTS-REMEDIATED/structured/field-requirements.csv","ced6829dd1ce7a2b84551cb20d2274e23762eb35906e903aad12519c119199b3","93c27127b6124331368e24ccec97c48620d2e85f08057d14d049d87edb91d347","absent","","draft","reviewed","requirement_status=value_available;search_status=completed","true","","","LCM-M2W2-AWS-PKG-0184","46fd41d8b19a82dc22c24ddee5c1b4e3534cacfe56bc4258cd1c9756ed67b552","74fe487790a0d2fbcaf012c1d60b409fd065dad5480a769843c28dab070036c4","f2682bdaf3ee4bee58aa95e20aa60461cc96a1f1fbc20a04b93bdcd2e98bc880","d10ad305a820f0fc1db7f2bf7030ca149ea7b556ceacd0a32d593f08a7cc01ff","m2_final_review_aws_package","2026-08-13","accept","只授权此 PK 按冻结来源行执行 write_action；除 review_status 外，写入语义列必须与 source_path 中该 PK 完全一致。package_review、independent_signoff 与 freeze_binding_status 由本签字和三项冻结哈希闭合。rebase_binding=AWS-SIGNOFF-REBASE-GOOGLE-SOURCE-GATE-20260813;post_field_rebase_binding=AWS-SIGNOFF-POST-FIELD-CONTRACT-20260813"
"AWS-SIGN-0185","lifecycle_pk_write","append_then_promote_review_status","数据/field-requirements.csv","requirement_id","REQ-M2W2-AWS-PKG-036","审计/子代理交接/m2_staging/M2-W2-AWS-PACKAGE-FACTS-REMEDIATED/structured/field-requirements.csv","ced6829dd1ce7a2b84551cb20d2274e23762eb35906e903aad12519c119199b3","93c27127b6124331368e24ccec97c48620d2e85f08057d14d049d87edb91d347","absent","","draft","reviewed","requirement_status=value_available;search_status=completed","true","","","LCM-M2W2-AWS-PKG-0185","46fd41d8b19a82dc22c24ddee5c1b4e3534cacfe56bc4258cd1c9756ed67b552","74fe487790a0d2fbcaf012c1d60b409fd065dad5480a769843c28dab070036c4","f2682bdaf3ee4bee58aa95e20aa60461cc96a1f1fbc20a04b93bdcd2e98bc880","d10ad305a820f0fc1db7f2bf7030ca149ea7b556ceacd0a32d593f08a7cc01ff","m2_final_review_aws_package","2026-08-13","accept","只授权此 PK 按冻结来源行执行 write_action；除 review_status 外，写入语义列必须与 source_path 中该 PK 完全一致。package_review、independent_signoff 与 freeze_binding_status 由本签字和三项冻结哈希闭合。rebase_binding=AWS-SIGNOFF-REBASE-GOOGLE-SOURCE-GATE-20260813;post_field_rebase_binding=AWS-SIGNOFF-POST-FIELD-CONTRACT-20260813"
"AWS-SIGN-0186","lifecycle_pk_write","append_then_promote_review_status","数据/field-requirements.csv","requirement_id","REQ-M2W2-AWS-PKG-037","审计/子代理交接/m2_staging/M2-W2-AWS-PACKAGE-FACTS-REMEDIATED/structured/field-requirements.csv","ced6829dd1ce7a2b84551cb20d2274e23762eb35906e903aad12519c119199b3","93c27127b6124331368e24ccec97c48620d2e85f08057d14d049d87edb91d347","absent","","draft","reviewed","requirement_status=value_available;search_status=completed","true","","","LCM-M2W2-AWS-PKG-0186","46fd41d8b19a82dc22c24ddee5c1b4e3534cacfe56bc4258cd1c9756ed67b552","74fe487790a0d2fbcaf012c1d60b409fd065dad5480a769843c28dab070036c4","f2682bdaf3ee4bee58aa95e20aa60461cc96a1f1fbc20a04b93bdcd2e98bc880","d10ad305a820f0fc1db7f2bf7030ca149ea7b556ceacd0a32d593f08a7cc01ff","m2_final_review_aws_package","2026-08-13","accept","只授权此 PK 按冻结来源行执行 write_action；除 review_status 外，写入语义列必须与 source_path 中该 PK 完全一致。package_review、independent_signoff 与 freeze_binding_status 由本签字和三项冻结哈希闭合。rebase_binding=AWS-SIGNOFF-REBASE-GOOGLE-SOURCE-GATE-20260813;post_field_rebase_binding=AWS-SIGNOFF-POST-FIELD-CONTRACT-20260813"
"AWS-SIGN-0187","lifecycle_pk_write","append_then_promote_review_status","数据/field-requirements.csv","requirement_id","REQ-M2W2-AWS-PKG-038","审计/子代理交接/m2_staging/M2-W2-AWS-PACKAGE-FACTS-REMEDIATED/structured/field-requirements.csv","ced6829dd1ce7a2b84551cb20d2274e23762eb35906e903aad12519c119199b3","93c27127b6124331368e24ccec97c48620d2e85f08057d14d049d87edb91d347","absent","","draft","reviewed","requirement_status=value_available;search_status=completed","true","","","LCM-M2W2-AWS-PKG-0187","46fd41d8b19a82dc22c24ddee5c1b4e3534cacfe56bc4258cd1c9756ed67b552","74fe487790a0d2fbcaf012c1d60b409fd065dad5480a769843c28dab070036c4","f2682bdaf3ee4bee58aa95e20aa60461cc96a1f1fbc20a04b93bdcd2e98bc880","d10ad305a820f0fc1db7f2bf7030ca149ea7b556ceacd0a32d593f08a7cc01ff","m2_final_review_aws_package","2026-08-13","accept","只授权此 PK 按冻结来源行执行 write_action；除 review_status 外，写入语义列必须与 source_path 中该 PK 完全一致。package_review、independent_signoff 与 freeze_binding_status 由本签字和三项冻结哈希闭合。rebase_binding=AWS-SIGNOFF-REBASE-GOOGLE-SOURCE-GATE-20260813;post_field_rebase_binding=AWS-SIGNOFF-POST-FIELD-CONTRACT-20260813"
"AWS-SIGN-0188","lifecycle_pk_write","append_then_promote_review_status","数据/field-requirements.csv","requirement_id","REQ-M2W2-AWS-PKG-039","审计/子代理交接/m2_staging/M2-W2-AWS-PACKAGE-FACTS-REMEDIATED/structured/field-requirements.csv","ced6829dd1ce7a2b84551cb20d2274e23762eb35906e903aad12519c119199b3","93c27127b6124331368e24ccec97c48620d2e85f08057d14d049d87edb91d347","absent","","draft","reviewed","requirement_status=value_available;search_status=completed","true","","","LCM-M2W2-AWS-PKG-0188","46fd41d8b19a82dc22c24ddee5c1b4e3534cacfe56bc4258cd1c9756ed67b552","74fe487790a0d2fbcaf012c1d60b409fd065dad5480a769843c28dab070036c4","f2682bdaf3ee4bee58aa95e20aa60461cc96a1f1fbc20a04b93bdcd2e98bc880","d10ad305a820f0fc1db7f2bf7030ca149ea7b556ceacd0a32d593f08a7cc01ff","m2_final_review_aws_package","2026-08-13","accept","只授权此 PK 按冻结来源行执行 write_action；除 review_status 外，写入语义列必须与 source_path 中该 PK 完全一致。package_review、independent_signoff 与 freeze_binding_status 由本签字和三项冻结哈希闭合。rebase_binding=AWS-SIGNOFF-REBASE-GOOGLE-SOURCE-GATE-20260813;post_field_rebase_binding=AWS-SIGNOFF-POST-FIELD-CONTRACT-20260813"
"AWS-SIGN-0189","lifecycle_pk_write","append_then_promote_review_status","数据/field-requirements.csv","requirement_id","REQ-M2W2-AWS-PKG-040","审计/子代理交接/m2_staging/M2-W2-AWS-PACKAGE-FACTS-REMEDIATED/structured/field-requirements.csv","ced6829dd1ce7a2b84551cb20d2274e23762eb35906e903aad12519c119199b3","93c27127b6124331368e24ccec97c48620d2e85f08057d14d049d87edb91d347","absent","","draft","reviewed","requirement_status=value_available;search_status=completed","true","","","LCM-M2W2-AWS-PKG-0189","46fd41d8b19a82dc22c24ddee5c1b4e3534cacfe56bc4258cd1c9756ed67b552","74fe487790a0d2fbcaf012c1d60b409fd065dad5480a769843c28dab070036c4","f2682bdaf3ee4bee58aa95e20aa60461cc96a1f1fbc20a04b93bdcd2e98bc880","d10ad305a820f0fc1db7f2bf7030ca149ea7b556ceacd0a32d593f08a7cc01ff","m2_final_review_aws_package","2026-08-13","accept","只授权此 PK 按冻结来源行执行 write_action；除 review_status 外，写入语义列必须与 source_path 中该 PK 完全一致。package_review、independent_signoff 与 freeze_binding_status 由本签字和三项冻结哈希闭合。rebase_binding=AWS-SIGNOFF-REBASE-GOOGLE-SOURCE-GATE-20260813;post_field_rebase_binding=AWS-SIGNOFF-POST-FIELD-CONTRACT-20260813"
"AWS-SIGN-0190","lifecycle_pk_write","append_without_review_promotion","数据/field-requirements.csv","requirement_id","REQ-M2W2-AWS-PKG-041","审计/子代理交接/m2_staging/M2-W2-AWS-PACKAGE-FACTS-REMEDIATED/structured/field-requirements.csv","ced6829dd1ce7a2b84551cb20d2274e23762eb35906e903aad12519c119199b3","93c27127b6124331368e24ccec97c48620d2e85f08057d14d049d87edb91d347","absent","","needs_resolution","needs_resolution","requirement_status=conflicting_unresolved;search_status=completed","true","","","LCM-M2W2-AWS-PKG-0190","46fd41d8b19a82dc22c24ddee5c1b4e3534cacfe56bc4258cd1c9756ed67b552","74fe487790a0d2fbcaf012c1d60b409fd065dad5480a769843c28dab070036c4","f2682bdaf3ee4bee58aa95e20aa60461cc96a1f1fbc20a04b93bdcd2e98bc880","d10ad305a820f0fc1db7f2bf7030ca149ea7b556ceacd0a32d593f08a7cc01ff","m2_final_review_aws_package","2026-08-13","accept","只授权此 PK 按冻结来源行执行 write_action；除 review_status 外，写入语义列必须与 source_path 中该 PK 完全一致。package_review、independent_signoff 与 freeze_binding_status 由本签字和三项冻结哈希闭合。rebase_binding=AWS-SIGNOFF-REBASE-GOOGLE-SOURCE-GATE-20260813;post_field_rebase_binding=AWS-SIGNOFF-POST-FIELD-CONTRACT-20260813"
"AWS-SIGN-0191","lifecycle_pk_write","append_without_review_promotion","数据/field-requirements.csv","requirement_id","REQ-M2W2-AWS-PKG-042","审计/子代理交接/m2_staging/M2-W2-AWS-PACKAGE-FACTS-REMEDIATED/structured/field-requirements.csv","ced6829dd1ce7a2b84551cb20d2274e23762eb35906e903aad12519c119199b3","93c27127b6124331368e24ccec97c48620d2e85f08057d14d049d87edb91d347","absent","","needs_resolution","needs_resolution","requirement_status=conflicting_unresolved;search_status=completed","true","","","LCM-M2W2-AWS-PKG-0191","46fd41d8b19a82dc22c24ddee5c1b4e3534cacfe56bc4258cd1c9756ed67b552","74fe487790a0d2fbcaf012c1d60b409fd065dad5480a769843c28dab070036c4","f2682bdaf3ee4bee58aa95e20aa60461cc96a1f1fbc20a04b93bdcd2e98bc880","d10ad305a820f0fc1db7f2bf7030ca149ea7b556ceacd0a32d593f08a7cc01ff","m2_final_review_aws_package","2026-08-13","accept","只授权此 PK 按冻结来源行执行 write_action；除 review_status 外，写入语义列必须与 source_path 中该 PK 完全一致。package_review、independent_signoff 与 freeze_binding_status 由本签字和三项冻结哈希闭合。rebase_binding=AWS-SIGNOFF-REBASE-GOOGLE-SOURCE-GATE-20260813;post_field_rebase_binding=AWS-SIGNOFF-POST-FIELD-CONTRACT-20260813"
"AWS-SIGN-0192","lifecycle_pk_write","append_then_promote_review_status","数据/field-requirements.csv","requirement_id","REQ-M2W2-AWS-PKG-043","审计/子代理交接/m2_staging/M2-W2-AWS-PACKAGE-FACTS-REMEDIATED/structured/field-requirements.csv","ced6829dd1ce7a2b84551cb20d2274e23762eb35906e903aad12519c119199b3","93c27127b6124331368e24ccec97c48620d2e85f08057d14d049d87edb91d347","absent","","draft","reviewed","requirement_status=value_available;search_status=completed","true","","","LCM-M2W2-AWS-PKG-0192","46fd41d8b19a82dc22c24ddee5c1b4e3534cacfe56bc4258cd1c9756ed67b552","74fe487790a0d2fbcaf012c1d60b409fd065dad5480a769843c28dab070036c4","f2682bdaf3ee4bee58aa95e20aa60461cc96a1f1fbc20a04b93bdcd2e98bc880","d10ad305a820f0fc1db7f2bf7030ca149ea7b556ceacd0a32d593f08a7cc01ff","m2_final_review_aws_package","2026-08-13","accept","只授权此 PK 按冻结来源行执行 write_action；除 review_status 外，写入语义列必须与 source_path 中该 PK 完全一致。package_review、independent_signoff 与 freeze_binding_status 由本签字和三项冻结哈希闭合。rebase_binding=AWS-SIGNOFF-REBASE-GOOGLE-SOURCE-GATE-20260813;post_field_rebase_binding=AWS-SIGNOFF-POST-FIELD-CONTRACT-20260813"
"AWS-SIGN-0193","lifecycle_pk_write","append_then_promote_review_status","数据/field-requirements.csv","requirement_id","REQ-M2W2-AWS-PKG-044","审计/子代理交接/m2_staging/M2-W2-AWS-PACKAGE-FACTS-REMEDIATED/structured/field-requirements.csv","ced6829dd1ce7a2b84551cb20d2274e23762eb35906e903aad12519c119199b3","93c27127b6124331368e24ccec97c48620d2e85f08057d14d049d87edb91d347","absent","","draft","reviewed","requirement_status=value_available;search_status=completed","true","","","LCM-M2W2-AWS-PKG-0193","46fd41d8b19a82dc22c24ddee5c1b4e3534cacfe56bc4258cd1c9756ed67b552","74fe487790a0d2fbcaf012c1d60b409fd065dad5480a769843c28dab070036c4","f2682bdaf3ee4bee58aa95e20aa60461cc96a1f1fbc20a04b93bdcd2e98bc880","d10ad305a820f0fc1db7f2bf7030ca149ea7b556ceacd0a32d593f08a7cc01ff","m2_final_review_aws_package","2026-08-13","accept","只授权此 PK 按冻结来源行执行 write_action；除 review_status 外，写入语义列必须与 source_path 中该 PK 完全一致。package_review、independent_signoff 与 freeze_binding_status 由本签字和三项冻结哈希闭合。rebase_binding=AWS-SIGNOFF-REBASE-GOOGLE-SOURCE-GATE-20260813;post_field_rebase_binding=AWS-SIGNOFF-POST-FIELD-CONTRACT-20260813"
"AWS-SIGN-0194","lifecycle_pk_write","append_then_promote_review_status","数据/field-requirements.csv","requirement_id","REQ-M2W2-AWS-PKG-045","审计/子代理交接/m2_staging/M2-W2-AWS-PACKAGE-FACTS-REMEDIATED/structured/field-requirements.csv","ced6829dd1ce7a2b84551cb20d2274e23762eb35906e903aad12519c119199b3","93c27127b6124331368e24ccec97c48620d2e85f08057d14d049d87edb91d347","absent","","draft","reviewed","requirement_status=value_available;search_status=completed","true","","","LCM-M2W2-AWS-PKG-0194","46fd41d8b19a82dc22c24ddee5c1b4e3534cacfe56bc4258cd1c9756ed67b552","74fe487790a0d2fbcaf012c1d60b409fd065dad5480a769843c28dab070036c4","f2682bdaf3ee4bee58aa95e20aa60461cc96a1f1fbc20a04b93bdcd2e98bc880","d10ad305a820f0fc1db7f2bf7030ca149ea7b556ceacd0a32d593f08a7cc01ff","m2_final_review_aws_package","2026-08-13","accept","只授权此 PK 按冻结来源行执行 write_action；除 review_status 外，写入语义列必须与 source_path 中该 PK 完全一致。package_review、independent_signoff 与 freeze_binding_status 由本签字和三项冻结哈希闭合。rebase_binding=AWS-SIGNOFF-REBASE-GOOGLE-SOURCE-GATE-20260813;post_field_rebase_binding=AWS-SIGNOFF-POST-FIELD-CONTRACT-20260813"
"AWS-SIGN-0195","lifecycle_pk_write","append_without_review_promotion","数据/field-requirements.csv","requirement_id","REQ-M2W2-AWS-PKG-046","审计/子代理交接/m2_staging/M2-W2-AWS-PACKAGE-FACTS-REMEDIATED/structured/field-requirements.csv","ced6829dd1ce7a2b84551cb20d2274e23762eb35906e903aad12519c119199b3","93c27127b6124331368e24ccec97c48620d2e85f08057d14d049d87edb91d347","absent","","needs_resolution","needs_resolution","requirement_status=conflicting_unresolved;search_status=completed","true","","","LCM-M2W2-AWS-PKG-0195","46fd41d8b19a82dc22c24ddee5c1b4e3534cacfe56bc4258cd1c9756ed67b552","74fe487790a0d2fbcaf012c1d60b409fd065dad5480a769843c28dab070036c4","f2682bdaf3ee4bee58aa95e20aa60461cc96a1f1fbc20a04b93bdcd2e98bc880","d10ad305a820f0fc1db7f2bf7030ca149ea7b556ceacd0a32d593f08a7cc01ff","m2_final_review_aws_package","2026-08-13","accept","只授权此 PK 按冻结来源行执行 write_action；除 review_status 外，写入语义列必须与 source_path 中该 PK 完全一致。package_review、independent_signoff 与 freeze_binding_status 由本签字和三项冻结哈希闭合。rebase_binding=AWS-SIGNOFF-REBASE-GOOGLE-SOURCE-GATE-20260813;post_field_rebase_binding=AWS-SIGNOFF-POST-FIELD-CONTRACT-20260813"
"AWS-SIGN-0196","lifecycle_pk_write","append_then_promote_review_status","数据/field-requirements.csv","requirement_id","REQ-M2W2-AWS-PKG-047","审计/子代理交接/m2_staging/M2-W2-AWS-PACKAGE-FACTS-REMEDIATED/structured/field-requirements.csv","ced6829dd1ce7a2b84551cb20d2274e23762eb35906e903aad12519c119199b3","93c27127b6124331368e24ccec97c48620d2e85f08057d14d049d87edb91d347","absent","","draft","reviewed","requirement_status=value_available;search_status=completed","true","","","LCM-M2W2-AWS-PKG-0196","46fd41d8b19a82dc22c24ddee5c1b4e3534cacfe56bc4258cd1c9756ed67b552","74fe487790a0d2fbcaf012c1d60b409fd065dad5480a769843c28dab070036c4","f2682bdaf3ee4bee58aa95e20aa60461cc96a1f1fbc20a04b93bdcd2e98bc880","d10ad305a820f0fc1db7f2bf7030ca149ea7b556ceacd0a32d593f08a7cc01ff","m2_final_review_aws_package","2026-08-13","accept","只授权此 PK 按冻结来源行执行 write_action；除 review_status 外，写入语义列必须与 source_path 中该 PK 完全一致。package_review、independent_signoff 与 freeze_binding_status 由本签字和三项冻结哈希闭合。rebase_binding=AWS-SIGNOFF-REBASE-GOOGLE-SOURCE-GATE-20260813;post_field_rebase_binding=AWS-SIGNOFF-POST-FIELD-CONTRACT-20260813"
"AWS-SIGN-0197","lifecycle_pk_write","append_then_promote_review_status","数据/field-requirements.csv","requirement_id","REQ-M2W2-AWS-PKG-048","审计/子代理交接/m2_staging/M2-W2-AWS-PACKAGE-FACTS-REMEDIATED/structured/field-requirements.csv","ced6829dd1ce7a2b84551cb20d2274e23762eb35906e903aad12519c119199b3","93c27127b6124331368e24ccec97c48620d2e85f08057d14d049d87edb91d347","absent","","draft","reviewed","requirement_status=value_available;search_status=completed","true","","","LCM-M2W2-AWS-PKG-0197","46fd41d8b19a82dc22c24ddee5c1b4e3534cacfe56bc4258cd1c9756ed67b552","74fe487790a0d2fbcaf012c1d60b409fd065dad5480a769843c28dab070036c4","f2682bdaf3ee4bee58aa95e20aa60461cc96a1f1fbc20a04b93bdcd2e98bc880","d10ad305a820f0fc1db7f2bf7030ca149ea7b556ceacd0a32d593f08a7cc01ff","m2_final_review_aws_package","2026-08-13","accept","只授权此 PK 按冻结来源行执行 write_action；除 review_status 外，写入语义列必须与 source_path 中该 PK 完全一致。package_review、independent_signoff 与 freeze_binding_status 由本签字和三项冻结哈希闭合。rebase_binding=AWS-SIGNOFF-REBASE-GOOGLE-SOURCE-GATE-20260813;post_field_rebase_binding=AWS-SIGNOFF-POST-FIELD-CONTRACT-20260813"
"AWS-SIGN-0198","lifecycle_pk_write","append_then_promote_review_status","数据/field-requirements.csv","requirement_id","REQ-M2W2-AWS-PKG-049","审计/子代理交接/m2_staging/M2-W2-AWS-PACKAGE-FACTS-REMEDIATED/structured/field-requirements.csv","ced6829dd1ce7a2b84551cb20d2274e23762eb35906e903aad12519c119199b3","93c27127b6124331368e24ccec97c48620d2e85f08057d14d049d87edb91d347","absent","","draft","reviewed","requirement_status=value_available;search_status=completed","true","","","LCM-M2W2-AWS-PKG-0198","46fd41d8b19a82dc22c24ddee5c1b4e3534cacfe56bc4258cd1c9756ed67b552","74fe487790a0d2fbcaf012c1d60b409fd065dad5480a769843c28dab070036c4","f2682bdaf3ee4bee58aa95e20aa60461cc96a1f1fbc20a04b93bdcd2e98bc880","d10ad305a820f0fc1db7f2bf7030ca149ea7b556ceacd0a32d593f08a7cc01ff","m2_final_review_aws_package","2026-08-13","accept","只授权此 PK 按冻结来源行执行 write_action；除 review_status 外，写入语义列必须与 source_path 中该 PK 完全一致。package_review、independent_signoff 与 freeze_binding_status 由本签字和三项冻结哈希闭合。rebase_binding=AWS-SIGNOFF-REBASE-GOOGLE-SOURCE-GATE-20260813;post_field_rebase_binding=AWS-SIGNOFF-POST-FIELD-CONTRACT-20260813"
"AWS-SIGN-0199","lifecycle_pk_write","append_then_promote_review_status","数据/field-requirements.csv","requirement_id","REQ-M2W2-AWS-PKG-050","审计/子代理交接/m2_staging/M2-W2-AWS-PACKAGE-FACTS-REMEDIATED/structured/field-requirements.csv","ced6829dd1ce7a2b84551cb20d2274e23762eb35906e903aad12519c119199b3","93c27127b6124331368e24ccec97c48620d2e85f08057d14d049d87edb91d347","absent","","draft","reviewed","requirement_status=value_available;search_status=completed","true","","","LCM-M2W2-AWS-PKG-0199","46fd41d8b19a82dc22c24ddee5c1b4e3534cacfe56bc4258cd1c9756ed67b552","74fe487790a0d2fbcaf012c1d60b409fd065dad5480a769843c28dab070036c4","f2682bdaf3ee4bee58aa95e20aa60461cc96a1f1fbc20a04b93bdcd2e98bc880","d10ad305a820f0fc1db7f2bf7030ca149ea7b556ceacd0a32d593f08a7cc01ff","m2_final_review_aws_package","2026-08-13","accept","只授权此 PK 按冻结来源行执行 write_action；除 review_status 外，写入语义列必须与 source_path 中该 PK 完全一致。package_review、independent_signoff 与 freeze_binding_status 由本签字和三项冻结哈希闭合。rebase_binding=AWS-SIGNOFF-REBASE-GOOGLE-SOURCE-GATE-20260813;post_field_rebase_binding=AWS-SIGNOFF-POST-FIELD-CONTRACT-20260813"
"AWS-SIGN-0200","lifecycle_pk_write","append_then_promote_review_status","数据/field-requirements.csv","requirement_id","REQ-M2W2-AWS-PKG-051","审计/子代理交接/m2_staging/M2-W2-AWS-PACKAGE-FACTS-REMEDIATED/structured/field-requirements.csv","ced6829dd1ce7a2b84551cb20d2274e23762eb35906e903aad12519c119199b3","93c27127b6124331368e24ccec97c48620d2e85f08057d14d049d87edb91d347","absent","","draft","reviewed","requirement_status=not_found;search_status=completed","true","","","LCM-M2W2-AWS-PKG-0200","46fd41d8b19a82dc22c24ddee5c1b4e3534cacfe56bc4258cd1c9756ed67b552","74fe487790a0d2fbcaf012c1d60b409fd065dad5480a769843c28dab070036c4","f2682bdaf3ee4bee58aa95e20aa60461cc96a1f1fbc20a04b93bdcd2e98bc880","d10ad305a820f0fc1db7f2bf7030ca149ea7b556ceacd0a32d593f08a7cc01ff","m2_final_review_aws_package","2026-08-13","accept","只授权此 PK 按冻结来源行执行 write_action；除 review_status 外，写入语义列必须与 source_path 中该 PK 完全一致。package_review、independent_signoff 与 freeze_binding_status 由本签字和三项冻结哈希闭合。rebase_binding=AWS-SIGNOFF-REBASE-GOOGLE-SOURCE-GATE-20260813;post_field_rebase_binding=AWS-SIGNOFF-POST-FIELD-CONTRACT-20260813"
"AWS-SIGN-0201","lifecycle_pk_write","append_then_promote_review_status","数据/field-requirements.csv","requirement_id","REQ-M2W2-AWS-PKG-052","审计/子代理交接/m2_staging/M2-W2-AWS-PACKAGE-FACTS-REMEDIATED/structured/field-requirements.csv","ced6829dd1ce7a2b84551cb20d2274e23762eb35906e903aad12519c119199b3","93c27127b6124331368e24ccec97c48620d2e85f08057d14d049d87edb91d347","absent","","draft","reviewed","requirement_status=not_found;search_status=completed","true","","","LCM-M2W2-AWS-PKG-0201","46fd41d8b19a82dc22c24ddee5c1b4e3534cacfe56bc4258cd1c9756ed67b552","74fe487790a0d2fbcaf012c1d60b409fd065dad5480a769843c28dab070036c4","f2682bdaf3ee4bee58aa95e20aa60461cc96a1f1fbc20a04b93bdcd2e98bc880","d10ad305a820f0fc1db7f2bf7030ca149ea7b556ceacd0a32d593f08a7cc01ff","m2_final_review_aws_package","2026-08-13","accept","只授权此 PK 按冻结来源行执行 write_action；除 review_status 外，写入语义列必须与 source_path 中该 PK 完全一致。package_review、independent_signoff 与 freeze_binding_status 由本签字和三项冻结哈希闭合。rebase_binding=AWS-SIGNOFF-REBASE-GOOGLE-SOURCE-GATE-20260813;post_field_rebase_binding=AWS-SIGNOFF-POST-FIELD-CONTRACT-20260813"
"AWS-SIGN-0202","lifecycle_pk_write","append_then_promote_review_status","数据/field-requirements.csv","requirement_id","REQ-M2W2-AWS-PKG-053","审计/子代理交接/m2_staging/M2-W2-AWS-PACKAGE-FACTS-REMEDIATED/structured/field-requirements.csv","ced6829dd1ce7a2b84551cb20d2274e23762eb35906e903aad12519c119199b3","93c27127b6124331368e24ccec97c48620d2e85f08057d14d049d87edb91d347","absent","","draft","reviewed","requirement_status=not_found;search_status=completed","true","","","LCM-M2W2-AWS-PKG-0202","46fd41d8b19a82dc22c24ddee5c1b4e3534cacfe56bc4258cd1c9756ed67b552","74fe487790a0d2fbcaf012c1d60b409fd065dad5480a769843c28dab070036c4","f2682bdaf3ee4bee58aa95e20aa60461cc96a1f1fbc20a04b93bdcd2e98bc880","d10ad305a820f0fc1db7f2bf7030ca149ea7b556ceacd0a32d593f08a7cc01ff","m2_final_review_aws_package","2026-08-13","accept","只授权此 PK 按冻结来源行执行 write_action；除 review_status 外，写入语义列必须与 source_path 中该 PK 完全一致。package_review、independent_signoff 与 freeze_binding_status 由本签字和三项冻结哈希闭合。rebase_binding=AWS-SIGNOFF-REBASE-GOOGLE-SOURCE-GATE-20260813;post_field_rebase_binding=AWS-SIGNOFF-POST-FIELD-CONTRACT-20260813"
"AWS-SIGN-0203","lifecycle_pk_write","append_then_promote_review_status","数据/field-requirements.csv","requirement_id","REQ-M2W2-AWS-PKG-054","审计/子代理交接/m2_staging/M2-W2-AWS-PACKAGE-FACTS-REMEDIATED/structured/field-requirements.csv","ced6829dd1ce7a2b84551cb20d2274e23762eb35906e903aad12519c119199b3","93c27127b6124331368e24ccec97c48620d2e85f08057d14d049d87edb91d347","absent","","draft","reviewed","requirement_status=not_found;search_status=completed","true","","","LCM-M2W2-AWS-PKG-0203","46fd41d8b19a82dc22c24ddee5c1b4e3534cacfe56bc4258cd1c9756ed67b552","74fe487790a0d2fbcaf012c1d60b409fd065dad5480a769843c28dab070036c4","f2682bdaf3ee4bee58aa95e20aa60461cc96a1f1fbc20a04b93bdcd2e98bc880","d10ad305a820f0fc1db7f2bf7030ca149ea7b556ceacd0a32d593f08a7cc01ff","m2_final_review_aws_package","2026-08-13","accept","只授权此 PK 按冻结来源行执行 write_action；除 review_status 外，写入语义列必须与 source_path 中该 PK 完全一致。package_review、independent_signoff 与 freeze_binding_status 由本签字和三项冻结哈希闭合。rebase_binding=AWS-SIGNOFF-REBASE-GOOGLE-SOURCE-GATE-20260813;post_field_rebase_binding=AWS-SIGNOFF-POST-FIELD-CONTRACT-20260813"
"AWS-SIGN-0204","lifecycle_pk_write","append_then_promote_review_status","数据/field-requirements.csv","requirement_id","REQ-M2W2-AWS-PKG-055","审计/子代理交接/m2_staging/M2-W2-AWS-PACKAGE-FACTS-REMEDIATED/structured/field-requirements.csv","ced6829dd1ce7a2b84551cb20d2274e23762eb35906e903aad12519c119199b3","93c27127b6124331368e24ccec97c48620d2e85f08057d14d049d87edb91d347","absent","","draft","reviewed","requirement_status=not_found;search_status=completed","true","","","LCM-M2W2-AWS-PKG-0204","46fd41d8b19a82dc22c24ddee5c1b4e3534cacfe56bc4258cd1c9756ed67b552","74fe487790a0d2fbcaf012c1d60b409fd065dad5480a769843c28dab070036c4","f2682bdaf3ee4bee58aa95e20aa60461cc96a1f1fbc20a04b93bdcd2e98bc880","d10ad305a820f0fc1db7f2bf7030ca149ea7b556ceacd0a32d593f08a7cc01ff","m2_final_review_aws_package","2026-08-13","accept","只授权此 PK 按冻结来源行执行 write_action；除 review_status 外，写入语义列必须与 source_path 中该 PK 完全一致。package_review、independent_signoff 与 freeze_binding_status 由本签字和三项冻结哈希闭合。rebase_binding=AWS-SIGNOFF-REBASE-GOOGLE-SOURCE-GATE-20260813;post_field_rebase_binding=AWS-SIGNOFF-POST-FIELD-CONTRACT-20260813"
"AWS-SIGN-0205","lifecycle_pk_write","append_then_promote_review_status","数据/field-requirements.csv","requirement_id","REQ-M2W2-AWS-PKG-056","审计/子代理交接/m2_staging/M2-W2-AWS-PACKAGE-FACTS-REMEDIATED/structured/field-requirements.csv","ced6829dd1ce7a2b84551cb20d2274e23762eb35906e903aad12519c119199b3","93c27127b6124331368e24ccec97c48620d2e85f08057d14d049d87edb91d347","absent","","draft","reviewed","requirement_status=not_found;search_status=completed","true","","","LCM-M2W2-AWS-PKG-0205","46fd41d8b19a82dc22c24ddee5c1b4e3534cacfe56bc4258cd1c9756ed67b552","74fe487790a0d2fbcaf012c1d60b409fd065dad5480a769843c28dab070036c4","f2682bdaf3ee4bee58aa95e20aa60461cc96a1f1fbc20a04b93bdcd2e98bc880","d10ad305a820f0fc1db7f2bf7030ca149ea7b556ceacd0a32d593f08a7cc01ff","m2_final_review_aws_package","2026-08-13","accept","只授权此 PK 按冻结来源行执行 write_action；除 review_status 外，写入语义列必须与 source_path 中该 PK 完全一致。package_review、independent_signoff 与 freeze_binding_status 由本签字和三项冻结哈希闭合。rebase_binding=AWS-SIGNOFF-REBASE-GOOGLE-SOURCE-GATE-20260813;post_field_rebase_binding=AWS-SIGNOFF-POST-FIELD-CONTRACT-20260813"
"AWS-SIGN-0206","lifecycle_pk_write","append_then_promote_review_status","数据/field-requirements.csv","requirement_id","REQ-M2W2-AWS-PKG-057","审计/子代理交接/m2_staging/M2-W2-AWS-PACKAGE-FACTS-REMEDIATED/structured/field-requirements.csv","ced6829dd1ce7a2b84551cb20d2274e23762eb35906e903aad12519c119199b3","93c27127b6124331368e24ccec97c48620d2e85f08057d14d049d87edb91d347","absent","","draft","reviewed","requirement_status=not_found;search_status=completed","true","","","LCM-M2W2-AWS-PKG-0206","46fd41d8b19a82dc22c24ddee5c1b4e3534cacfe56bc4258cd1c9756ed67b552","74fe487790a0d2fbcaf012c1d60b409fd065dad5480a769843c28dab070036c4","f2682bdaf3ee4bee58aa95e20aa60461cc96a1f1fbc20a04b93bdcd2e98bc880","d10ad305a820f0fc1db7f2bf7030ca149ea7b556ceacd0a32d593f08a7cc01ff","m2_final_review_aws_package","2026-08-13","accept","只授权此 PK 按冻结来源行执行 write_action；除 review_status 外，写入语义列必须与 source_path 中该 PK 完全一致。package_review、independent_signoff 与 freeze_binding_status 由本签字和三项冻结哈希闭合。rebase_binding=AWS-SIGNOFF-REBASE-GOOGLE-SOURCE-GATE-20260813;post_field_rebase_binding=AWS-SIGNOFF-POST-FIELD-CONTRACT-20260813"
"AWS-SIGN-0207","lifecycle_pk_write","append_then_promote_review_status","数据/field-requirements.csv","requirement_id","REQ-M2W2-AWS-PKG-058","审计/子代理交接/m2_staging/M2-W2-AWS-PACKAGE-FACTS-REMEDIATED/structured/field-requirements.csv","ced6829dd1ce7a2b84551cb20d2274e23762eb35906e903aad12519c119199b3","93c27127b6124331368e24ccec97c48620d2e85f08057d14d049d87edb91d347","absent","","draft","reviewed","requirement_status=not_found;search_status=completed","true","","","LCM-M2W2-AWS-PKG-0207","46fd41d8b19a82dc22c24ddee5c1b4e3534cacfe56bc4258cd1c9756ed67b552","74fe487790a0d2fbcaf012c1d60b409fd065dad5480a769843c28dab070036c4","f2682bdaf3ee4bee58aa95e20aa60461cc96a1f1fbc20a04b93bdcd2e98bc880","d10ad305a820f0fc1db7f2bf7030ca149ea7b556ceacd0a32d593f08a7cc01ff","m2_final_review_aws_package","2026-08-13","accept","只授权此 PK 按冻结来源行执行 write_action；除 review_status 外，写入语义列必须与 source_path 中该 PK 完全一致。package_review、independent_signoff 与 freeze_binding_status 由本签字和三项冻结哈希闭合。rebase_binding=AWS-SIGNOFF-REBASE-GOOGLE-SOURCE-GATE-20260813;post_field_rebase_binding=AWS-SIGNOFF-POST-FIELD-CONTRACT-20260813"
"AWS-SIGN-0208","lifecycle_pk_write","append_then_promote_review_status","数据/field-requirements.csv","requirement_id","REQ-M2W2-AWS-PKG-059","审计/子代理交接/m2_staging/M2-W2-AWS-PACKAGE-FACTS-REMEDIATED/structured/field-requirements.csv","ced6829dd1ce7a2b84551cb20d2274e23762eb35906e903aad12519c119199b3","93c27127b6124331368e24ccec97c48620d2e85f08057d14d049d87edb91d347","absent","","draft","reviewed","requirement_status=not_found;search_status=completed","true","","","LCM-M2W2-AWS-PKG-0208","46fd41d8b19a82dc22c24ddee5c1b4e3534cacfe56bc4258cd1c9756ed67b552","74fe487790a0d2fbcaf012c1d60b409fd065dad5480a769843c28dab070036c4","f2682bdaf3ee4bee58aa95e20aa60461cc96a1f1fbc20a04b93bdcd2e98bc880","d10ad305a820f0fc1db7f2bf7030ca149ea7b556ceacd0a32d593f08a7cc01ff","m2_final_review_aws_package","2026-08-13","accept","只授权此 PK 按冻结来源行执行 write_action；除 review_status 外，写入语义列必须与 source_path 中该 PK 完全一致。package_review、independent_signoff 与 freeze_binding_status 由本签字和三项冻结哈希闭合。rebase_binding=AWS-SIGNOFF-REBASE-GOOGLE-SOURCE-GATE-20260813;post_field_rebase_binding=AWS-SIGNOFF-POST-FIELD-CONTRACT-20260813"
"AWS-SIGN-0209","lifecycle_pk_write","append_then_promote_review_status","数据/field-requirements.csv","requirement_id","REQ-M2W2-AWS-PKG-060","审计/子代理交接/m2_staging/M2-W2-AWS-PACKAGE-FACTS-REMEDIATED/structured/field-requirements.csv","ced6829dd1ce7a2b84551cb20d2274e23762eb35906e903aad12519c119199b3","93c27127b6124331368e24ccec97c48620d2e85f08057d14d049d87edb91d347","absent","","draft","reviewed","requirement_status=not_found;search_status=completed","true","","","LCM-M2W2-AWS-PKG-0209","46fd41d8b19a82dc22c24ddee5c1b4e3534cacfe56bc4258cd1c9756ed67b552","74fe487790a0d2fbcaf012c1d60b409fd065dad5480a769843c28dab070036c4","f2682bdaf3ee4bee58aa95e20aa60461cc96a1f1fbc20a04b93bdcd2e98bc880","d10ad305a820f0fc1db7f2bf7030ca149ea7b556ceacd0a32d593f08a7cc01ff","m2_final_review_aws_package","2026-08-13","accept","只授权此 PK 按冻结来源行执行 write_action；除 review_status 外，写入语义列必须与 source_path 中该 PK 完全一致。package_review、independent_signoff 与 freeze_binding_status 由本签字和三项冻结哈希闭合。rebase_binding=AWS-SIGNOFF-REBASE-GOOGLE-SOURCE-GATE-20260813;post_field_rebase_binding=AWS-SIGNOFF-POST-FIELD-CONTRACT-20260813"
"AWS-SIGN-0210","lifecycle_pk_write","append_then_promote_review_status","数据/field-requirements.csv","requirement_id","REQ-M2W2-AWS-PKG-061","审计/子代理交接/m2_staging/M2-W2-AWS-PACKAGE-FACTS-REMEDIATED/structured/field-requirements.csv","ced6829dd1ce7a2b84551cb20d2274e23762eb35906e903aad12519c119199b3","93c27127b6124331368e24ccec97c48620d2e85f08057d14d049d87edb91d347","absent","","draft","reviewed","requirement_status=not_found;search_status=completed","true","","","LCM-M2W2-AWS-PKG-0210","46fd41d8b19a82dc22c24ddee5c1b4e3534cacfe56bc4258cd1c9756ed67b552","74fe487790a0d2fbcaf012c1d60b409fd065dad5480a769843c28dab070036c4","f2682bdaf3ee4bee58aa95e20aa60461cc96a1f1fbc20a04b93bdcd2e98bc880","d10ad305a820f0fc1db7f2bf7030ca149ea7b556ceacd0a32d593f08a7cc01ff","m2_final_review_aws_package","2026-08-13","accept","只授权此 PK 按冻结来源行执行 write_action；除 review_status 外，写入语义列必须与 source_path 中该 PK 完全一致。package_review、independent_signoff 与 freeze_binding_status 由本签字和三项冻结哈希闭合。rebase_binding=AWS-SIGNOFF-REBASE-GOOGLE-SOURCE-GATE-20260813;post_field_rebase_binding=AWS-SIGNOFF-POST-FIELD-CONTRACT-20260813"
"AWS-SIGN-0211","lifecycle_pk_write","append_then_promote_review_status","数据/field-requirements.csv","requirement_id","REQ-M2W2-AWS-PKG-062","审计/子代理交接/m2_staging/M2-W2-AWS-PACKAGE-FACTS-REMEDIATED/structured/field-requirements.csv","ced6829dd1ce7a2b84551cb20d2274e23762eb35906e903aad12519c119199b3","93c27127b6124331368e24ccec97c48620d2e85f08057d14d049d87edb91d347","absent","","draft","reviewed","requirement_status=not_found;search_status=completed","true","","","LCM-M2W2-AWS-PKG-0211","46fd41d8b19a82dc22c24ddee5c1b4e3534cacfe56bc4258cd1c9756ed67b552","74fe487790a0d2fbcaf012c1d60b409fd065dad5480a769843c28dab070036c4","f2682bdaf3ee4bee58aa95e20aa60461cc96a1f1fbc20a04b93bdcd2e98bc880","d10ad305a820f0fc1db7f2bf7030ca149ea7b556ceacd0a32d593f08a7cc01ff","m2_final_review_aws_package","2026-08-13","accept","只授权此 PK 按冻结来源行执行 write_action；除 review_status 外，写入语义列必须与 source_path 中该 PK 完全一致。package_review、independent_signoff 与 freeze_binding_status 由本签字和三项冻结哈希闭合。rebase_binding=AWS-SIGNOFF-REBASE-GOOGLE-SOURCE-GATE-20260813;post_field_rebase_binding=AWS-SIGNOFF-POST-FIELD-CONTRACT-20260813"
"AWS-SIGN-0212","lifecycle_pk_write","append_then_promote_review_status","数据/field-requirements.csv","requirement_id","REQ-M2W2-AWS-PKG-063","审计/子代理交接/m2_staging/M2-W2-AWS-PACKAGE-FACTS-REMEDIATED/structured/field-requirements.csv","ced6829dd1ce7a2b84551cb20d2274e23762eb35906e903aad12519c119199b3","93c27127b6124331368e24ccec97c48620d2e85f08057d14d049d87edb91d347","absent","","draft","reviewed","requirement_status=not_found;search_status=completed","true","","","LCM-M2W2-AWS-PKG-0212","46fd41d8b19a82dc22c24ddee5c1b4e3534cacfe56bc4258cd1c9756ed67b552","74fe487790a0d2fbcaf012c1d60b409fd065dad5480a769843c28dab070036c4","f2682bdaf3ee4bee58aa95e20aa60461cc96a1f1fbc20a04b93bdcd2e98bc880","d10ad305a820f0fc1db7f2bf7030ca149ea7b556ceacd0a32d593f08a7cc01ff","m2_final_review_aws_package","2026-08-13","accept","只授权此 PK 按冻结来源行执行 write_action；除 review_status 外，写入语义列必须与 source_path 中该 PK 完全一致。package_review、independent_signoff 与 freeze_binding_status 由本签字和三项冻结哈希闭合。rebase_binding=AWS-SIGNOFF-REBASE-GOOGLE-SOURCE-GATE-20260813;post_field_rebase_binding=AWS-SIGNOFF-POST-FIELD-CONTRACT-20260813"
"AWS-SIGN-0213","lifecycle_pk_write","append_then_promote_review_status","数据/field-requirements.csv","requirement_id","REQ-M2W2-AWS-PKG-064","审计/子代理交接/m2_staging/M2-W2-AWS-PACKAGE-FACTS-REMEDIATED/structured/field-requirements.csv","ced6829dd1ce7a2b84551cb20d2274e23762eb35906e903aad12519c119199b3","93c27127b6124331368e24ccec97c48620d2e85f08057d14d049d87edb91d347","absent","","draft","reviewed","requirement_status=not_found;search_status=completed","true","","","LCM-M2W2-AWS-PKG-0213","46fd41d8b19a82dc22c24ddee5c1b4e3534cacfe56bc4258cd1c9756ed67b552","74fe487790a0d2fbcaf012c1d60b409fd065dad5480a769843c28dab070036c4","f2682bdaf3ee4bee58aa95e20aa60461cc96a1f1fbc20a04b93bdcd2e98bc880","d10ad305a820f0fc1db7f2bf7030ca149ea7b556ceacd0a32d593f08a7cc01ff","m2_final_review_aws_package","2026-08-13","accept","只授权此 PK 按冻结来源行执行 write_action；除 review_status 外，写入语义列必须与 source_path 中该 PK 完全一致。package_review、independent_signoff 与 freeze_binding_status 由本签字和三项冻结哈希闭合。rebase_binding=AWS-SIGNOFF-REBASE-GOOGLE-SOURCE-GATE-20260813;post_field_rebase_binding=AWS-SIGNOFF-POST-FIELD-CONTRACT-20260813"
"AWS-SIGN-0214","lifecycle_pk_write","append_then_promote_review_status","数据/field-requirements.csv","requirement_id","REQ-M2W2-AWS-PKG-065","审计/子代理交接/m2_staging/M2-W2-AWS-PACKAGE-FACTS-REMEDIATED/structured/field-requirements.csv","ced6829dd1ce7a2b84551cb20d2274e23762eb35906e903aad12519c119199b3","93c27127b6124331368e24ccec97c48620d2e85f08057d14d049d87edb91d347","absent","","draft","reviewed","requirement_status=not_found;search_status=completed","true","","","LCM-M2W2-AWS-PKG-0214","46fd41d8b19a82dc22c24ddee5c1b4e3534cacfe56bc4258cd1c9756ed67b552","74fe487790a0d2fbcaf012c1d60b409fd065dad5480a769843c28dab070036c4","f2682bdaf3ee4bee58aa95e20aa60461cc96a1f1fbc20a04b93bdcd2e98bc880","d10ad305a820f0fc1db7f2bf7030ca149ea7b556ceacd0a32d593f08a7cc01ff","m2_final_review_aws_package","2026-08-13","accept","只授权此 PK 按冻结来源行执行 write_action；除 review_status 外，写入语义列必须与 source_path 中该 PK 完全一致。package_review、independent_signoff 与 freeze_binding_status 由本签字和三项冻结哈希闭合。rebase_binding=AWS-SIGNOFF-REBASE-GOOGLE-SOURCE-GATE-20260813;post_field_rebase_binding=AWS-SIGNOFF-POST-FIELD-CONTRACT-20260813"
"AWS-SIGN-0215","lifecycle_pk_write","append_then_promote_review_status","数据/field-requirements.csv","requirement_id","REQ-M2W2-AWS-PKG-066","审计/子代理交接/m2_staging/M2-W2-AWS-PACKAGE-FACTS-REMEDIATED/structured/field-requirements.csv","ced6829dd1ce7a2b84551cb20d2274e23762eb35906e903aad12519c119199b3","93c27127b6124331368e24ccec97c48620d2e85f08057d14d049d87edb91d347","absent","","draft","reviewed","requirement_status=not_found;search_status=completed","true","","","LCM-M2W2-AWS-PKG-0215","46fd41d8b19a82dc22c24ddee5c1b4e3534cacfe56bc4258cd1c9756ed67b552","74fe487790a0d2fbcaf012c1d60b409fd065dad5480a769843c28dab070036c4","f2682bdaf3ee4bee58aa95e20aa60461cc96a1f1fbc20a04b93bdcd2e98bc880","d10ad305a820f0fc1db7f2bf7030ca149ea7b556ceacd0a32d593f08a7cc01ff","m2_final_review_aws_package","2026-08-13","accept","只授权此 PK 按冻结来源行执行 write_action；除 review_status 外，写入语义列必须与 source_path 中该 PK 完全一致。package_review、independent_signoff 与 freeze_binding_status 由本签字和三项冻结哈希闭合。rebase_binding=AWS-SIGNOFF-REBASE-GOOGLE-SOURCE-GATE-20260813;post_field_rebase_binding=AWS-SIGNOFF-POST-FIELD-CONTRACT-20260813"
"AWS-SIGN-0216","lifecycle_pk_write","append_then_promote_review_status","数据/field-requirements.csv","requirement_id","REQ-M2W2-AWS-PKG-067","审计/子代理交接/m2_staging/M2-W2-AWS-PACKAGE-FACTS-REMEDIATED/structured/field-requirements.csv","ced6829dd1ce7a2b84551cb20d2274e23762eb35906e903aad12519c119199b3","93c27127b6124331368e24ccec97c48620d2e85f08057d14d049d87edb91d347","absent","","draft","reviewed","requirement_status=not_found;search_status=completed","true","","","LCM-M2W2-AWS-PKG-0216","46fd41d8b19a82dc22c24ddee5c1b4e3534cacfe56bc4258cd1c9756ed67b552","74fe487790a0d2fbcaf012c1d60b409fd065dad5480a769843c28dab070036c4","f2682bdaf3ee4bee58aa95e20aa60461cc96a1f1fbc20a04b93bdcd2e98bc880","d10ad305a820f0fc1db7f2bf7030ca149ea7b556ceacd0a32d593f08a7cc01ff","m2_final_review_aws_package","2026-08-13","accept","只授权此 PK 按冻结来源行执行 write_action；除 review_status 外，写入语义列必须与 source_path 中该 PK 完全一致。package_review、independent_signoff 与 freeze_binding_status 由本签字和三项冻结哈希闭合。rebase_binding=AWS-SIGNOFF-REBASE-GOOGLE-SOURCE-GATE-20260813;post_field_rebase_binding=AWS-SIGNOFF-POST-FIELD-CONTRACT-20260813"
"AWS-SIGN-0217","lifecycle_pk_write","append_then_promote_review_status","数据/field-requirements.csv","requirement_id","REQ-M2W2-AWS-PKG-068","审计/子代理交接/m2_staging/M2-W2-AWS-PACKAGE-FACTS-REMEDIATED/structured/field-requirements.csv","ced6829dd1ce7a2b84551cb20d2274e23762eb35906e903aad12519c119199b3","93c27127b6124331368e24ccec97c48620d2e85f08057d14d049d87edb91d347","absent","","draft","reviewed","requirement_status=not_found;search_status=completed","true","","","LCM-M2W2-AWS-PKG-0217","46fd41d8b19a82dc22c24ddee5c1b4e3534cacfe56bc4258cd1c9756ed67b552","74fe487790a0d2fbcaf012c1d60b409fd065dad5480a769843c28dab070036c4","f2682bdaf3ee4bee58aa95e20aa60461cc96a1f1fbc20a04b93bdcd2e98bc880","d10ad305a820f0fc1db7f2bf7030ca149ea7b556ceacd0a32d593f08a7cc01ff","m2_final_review_aws_package","2026-08-13","accept","只授权此 PK 按冻结来源行执行 write_action；除 review_status 外，写入语义列必须与 source_path 中该 PK 完全一致。package_review、independent_signoff 与 freeze_binding_status 由本签字和三项冻结哈希闭合。rebase_binding=AWS-SIGNOFF-REBASE-GOOGLE-SOURCE-GATE-20260813;post_field_rebase_binding=AWS-SIGNOFF-POST-FIELD-CONTRACT-20260813"
"AWS-SIGN-0218","lifecycle_pk_write","append_then_promote_review_status","数据/field-requirements.csv","requirement_id","REQ-M2W2-AWS-PKG-069","审计/子代理交接/m2_staging/M2-W2-AWS-PACKAGE-FACTS-REMEDIATED/structured/field-requirements.csv","ced6829dd1ce7a2b84551cb20d2274e23762eb35906e903aad12519c119199b3","93c27127b6124331368e24ccec97c48620d2e85f08057d14d049d87edb91d347","absent","","draft","reviewed","requirement_status=not_found;search_status=completed","true","","","LCM-M2W2-AWS-PKG-0218","46fd41d8b19a82dc22c24ddee5c1b4e3534cacfe56bc4258cd1c9756ed67b552","74fe487790a0d2fbcaf012c1d60b409fd065dad5480a769843c28dab070036c4","f2682bdaf3ee4bee58aa95e20aa60461cc96a1f1fbc20a04b93bdcd2e98bc880","d10ad305a820f0fc1db7f2bf7030ca149ea7b556ceacd0a32d593f08a7cc01ff","m2_final_review_aws_package","2026-08-13","accept","只授权此 PK 按冻结来源行执行 write_action；除 review_status 外，写入语义列必须与 source_path 中该 PK 完全一致。package_review、independent_signoff 与 freeze_binding_status 由本签字和三项冻结哈希闭合。rebase_binding=AWS-SIGNOFF-REBASE-GOOGLE-SOURCE-GATE-20260813;post_field_rebase_binding=AWS-SIGNOFF-POST-FIELD-CONTRACT-20260813"
"AWS-SIGN-0219","lifecycle_pk_write","append_then_promote_review_status","数据/field-requirements.csv","requirement_id","REQ-M2W2-AWS-PKG-070","审计/子代理交接/m2_staging/M2-W2-AWS-PACKAGE-FACTS-REMEDIATED/structured/field-requirements.csv","ced6829dd1ce7a2b84551cb20d2274e23762eb35906e903aad12519c119199b3","93c27127b6124331368e24ccec97c48620d2e85f08057d14d049d87edb91d347","absent","","draft","reviewed","requirement_status=not_found;search_status=completed","true","","","LCM-M2W2-AWS-PKG-0219","46fd41d8b19a82dc22c24ddee5c1b4e3534cacfe56bc4258cd1c9756ed67b552","74fe487790a0d2fbcaf012c1d60b409fd065dad5480a769843c28dab070036c4","f2682bdaf3ee4bee58aa95e20aa60461cc96a1f1fbc20a04b93bdcd2e98bc880","d10ad305a820f0fc1db7f2bf7030ca149ea7b556ceacd0a32d593f08a7cc01ff","m2_final_review_aws_package","2026-08-13","accept","只授权此 PK 按冻结来源行执行 write_action；除 review_status 外，写入语义列必须与 source_path 中该 PK 完全一致。package_review、independent_signoff 与 freeze_binding_status 由本签字和三项冻结哈希闭合。rebase_binding=AWS-SIGNOFF-REBASE-GOOGLE-SOURCE-GATE-20260813;post_field_rebase_binding=AWS-SIGNOFF-POST-FIELD-CONTRACT-20260813"
"AWS-SIGN-0220","lifecycle_pk_write","append_then_promote_review_status","数据/field-requirements.csv","requirement_id","REQ-M2W2-AWS-PKG-071","审计/子代理交接/m2_staging/M2-W2-AWS-PACKAGE-FACTS-REMEDIATED/structured/field-requirements.csv","ced6829dd1ce7a2b84551cb20d2274e23762eb35906e903aad12519c119199b3","93c27127b6124331368e24ccec97c48620d2e85f08057d14d049d87edb91d347","absent","","draft","reviewed","requirement_status=value_available;search_status=completed","true","","","LCM-M2W2-AWS-PKG-0220","46fd41d8b19a82dc22c24ddee5c1b4e3534cacfe56bc4258cd1c9756ed67b552","74fe487790a0d2fbcaf012c1d60b409fd065dad5480a769843c28dab070036c4","f2682bdaf3ee4bee58aa95e20aa60461cc96a1f1fbc20a04b93bdcd2e98bc880","d10ad305a820f0fc1db7f2bf7030ca149ea7b556ceacd0a32d593f08a7cc01ff","m2_final_review_aws_package","2026-08-13","accept","只授权此 PK 按冻结来源行执行 write_action；除 review_status 外，写入语义列必须与 source_path 中该 PK 完全一致。package_review、independent_signoff 与 freeze_binding_status 由本签字和三项冻结哈希闭合。rebase_binding=AWS-SIGNOFF-REBASE-GOOGLE-SOURCE-GATE-20260813;post_field_rebase_binding=AWS-SIGNOFF-POST-FIELD-CONTRACT-20260813"
"AWS-SIGN-0221","lifecycle_pk_write","append_then_promote_review_status","数据/links.csv","link_id","LINK-M2W2-AWS-TRN1-NEURONLINKV2","审计/子代理交接/m2_staging/M2-W2-AWS-PACKAGE-FACTS-REMEDIATED/structured/links.csv","4b589255aea59a874df6208f4f1f2163f93650720648495569d9ad8ece3c1a12","b3b55f4526bfdb9db5ecd848457d87ffc3fa27002d208a109924df40375d0a8d","absent","","draft","reviewed","","true","","","LCM-M2W2-AWS-PKG-0221","46fd41d8b19a82dc22c24ddee5c1b4e3534cacfe56bc4258cd1c9756ed67b552","74fe487790a0d2fbcaf012c1d60b409fd065dad5480a769843c28dab070036c4","f2682bdaf3ee4bee58aa95e20aa60461cc96a1f1fbc20a04b93bdcd2e98bc880","d10ad305a820f0fc1db7f2bf7030ca149ea7b556ceacd0a32d593f08a7cc01ff","m2_final_review_aws_package","2026-08-13","accept","只授权此 PK 按冻结来源行执行 write_action；除 review_status 外，写入语义列必须与 source_path 中该 PK 完全一致。package_review、independent_signoff 与 freeze_binding_status 由本签字和三项冻结哈希闭合。rebase_binding=AWS-SIGNOFF-REBASE-GOOGLE-SOURCE-GATE-20260813;post_field_rebase_binding=AWS-SIGNOFF-POST-FIELD-CONTRACT-20260813"
"AWS-SIGN-0222","lifecycle_pk_write","append_then_promote_review_status","数据/links.csv","link_id","LINK-M2W2-AWS-INF2-NEURONLINKV2","审计/子代理交接/m2_staging/M2-W2-AWS-PACKAGE-FACTS-REMEDIATED/structured/links.csv","4b589255aea59a874df6208f4f1f2163f93650720648495569d9ad8ece3c1a12","b3b55f4526bfdb9db5ecd848457d87ffc3fa27002d208a109924df40375d0a8d","absent","","draft","reviewed","","true","","","LCM-M2W2-AWS-PKG-0222","46fd41d8b19a82dc22c24ddee5c1b4e3534cacfe56bc4258cd1c9756ed67b552","74fe487790a0d2fbcaf012c1d60b409fd065dad5480a769843c28dab070036c4","f2682bdaf3ee4bee58aa95e20aa60461cc96a1f1fbc20a04b93bdcd2e98bc880","d10ad305a820f0fc1db7f2bf7030ca149ea7b556ceacd0a32d593f08a7cc01ff","m2_final_review_aws_package","2026-08-13","accept","只授权此 PK 按冻结来源行执行 write_action；除 review_status 外，写入语义列必须与 source_path 中该 PK 完全一致。package_review、independent_signoff 与 freeze_binding_status 由本签字和三项冻结哈希闭合。rebase_binding=AWS-SIGNOFF-REBASE-GOOGLE-SOURCE-GATE-20260813;post_field_rebase_binding=AWS-SIGNOFF-POST-FIELD-CONTRACT-20260813"
"AWS-SIGN-0223","lifecycle_pk_write","append_then_promote_review_status","数据/links.csv","link_id","LINK-M2W2-AWS-TRN3-NEURONLINKV4","审计/子代理交接/m2_staging/M2-W2-AWS-PACKAGE-FACTS-REMEDIATED/structured/links.csv","4b589255aea59a874df6208f4f1f2163f93650720648495569d9ad8ece3c1a12","b3b55f4526bfdb9db5ecd848457d87ffc3fa27002d208a109924df40375d0a8d","absent","","draft","reviewed","","true","","","LCM-M2W2-AWS-PKG-0223","46fd41d8b19a82dc22c24ddee5c1b4e3534cacfe56bc4258cd1c9756ed67b552","74fe487790a0d2fbcaf012c1d60b409fd065dad5480a769843c28dab070036c4","f2682bdaf3ee4bee58aa95e20aa60461cc96a1f1fbc20a04b93bdcd2e98bc880","d10ad305a820f0fc1db7f2bf7030ca149ea7b556ceacd0a32d593f08a7cc01ff","m2_final_review_aws_package","2026-08-13","accept","只授权此 PK 按冻结来源行执行 write_action；除 review_status 外，写入语义列必须与 source_path 中该 PK 完全一致。package_review、independent_signoff 与 freeze_binding_status 由本签字和三项冻结哈希闭合。rebase_binding=AWS-SIGNOFF-REBASE-GOOGLE-SOURCE-GATE-20260813;post_field_rebase_binding=AWS-SIGNOFF-POST-FIELD-CONTRACT-20260813"
"AWS-SIGN-0224","lifecycle_pk_write","append_then_promote_review_status","数据/memory-levels.csv","memory_level_id","CMP-M2W2-AWS-INF1-DRAM","审计/子代理交接/m2_staging/M2-W2-AWS-PACKAGE-FACTS-REMEDIATED/structured/memory-levels.csv","8ec3436551ac0d88701b94458e303670dbe4dd306e902c9929a4ab60913fcf5c","5fb8e34f3d0a8be541310b1fd14bae4e73e36b3e7801544584edcf0eac36fbe1","absent","","draft","reviewed","","true","","","LCM-M2W2-AWS-PKG-0224","46fd41d8b19a82dc22c24ddee5c1b4e3534cacfe56bc4258cd1c9756ed67b552","74fe487790a0d2fbcaf012c1d60b409fd065dad5480a769843c28dab070036c4","f2682bdaf3ee4bee58aa95e20aa60461cc96a1f1fbc20a04b93bdcd2e98bc880","d10ad305a820f0fc1db7f2bf7030ca149ea7b556ceacd0a32d593f08a7cc01ff","m2_final_review_aws_package","2026-08-13","accept","只授权此 PK 按冻结来源行执行 write_action；除 review_status 外，写入语义列必须与 source_path 中该 PK 完全一致。package_review、independent_signoff 与 freeze_binding_status 由本签字和三项冻结哈希闭合。rebase_binding=AWS-SIGNOFF-REBASE-GOOGLE-SOURCE-GATE-20260813;post_field_rebase_binding=AWS-SIGNOFF-POST-FIELD-CONTRACT-20260813"
"AWS-SIGN-0225","lifecycle_pk_write","append_without_review_promotion","数据/memory-levels.csv","memory_level_id","CMP-M2W2-AWS-TRN1-HBM","审计/子代理交接/m2_staging/M2-W2-AWS-PACKAGE-FACTS-REMEDIATED/structured/memory-levels.csv","8ec3436551ac0d88701b94458e303670dbe4dd306e902c9929a4ab60913fcf5c","5fb8e34f3d0a8be541310b1fd14bae4e73e36b3e7801544584edcf0eac36fbe1","absent","","needs_resolution","needs_resolution","","true","","","LCM-M2W2-AWS-PKG-0225","46fd41d8b19a82dc22c24ddee5c1b4e3534cacfe56bc4258cd1c9756ed67b552","74fe487790a0d2fbcaf012c1d60b409fd065dad5480a769843c28dab070036c4","f2682bdaf3ee4bee58aa95e20aa60461cc96a1f1fbc20a04b93bdcd2e98bc880","d10ad305a820f0fc1db7f2bf7030ca149ea7b556ceacd0a32d593f08a7cc01ff","m2_final_review_aws_package","2026-08-13","accept","只授权此 PK 按冻结来源行执行 write_action；除 review_status 外，写入语义列必须与 source_path 中该 PK 完全一致。package_review、independent_signoff 与 freeze_binding_status 由本签字和三项冻结哈希闭合。rebase_binding=AWS-SIGNOFF-REBASE-GOOGLE-SOURCE-GATE-20260813;post_field_rebase_binding=AWS-SIGNOFF-POST-FIELD-CONTRACT-20260813"
"AWS-SIGN-0226","lifecycle_pk_write","append_without_review_promotion","数据/memory-levels.csv","memory_level_id","CMP-M2W2-AWS-INF2-HBM","审计/子代理交接/m2_staging/M2-W2-AWS-PACKAGE-FACTS-REMEDIATED/structured/memory-levels.csv","8ec3436551ac0d88701b94458e303670dbe4dd306e902c9929a4ab60913fcf5c","5fb8e34f3d0a8be541310b1fd14bae4e73e36b3e7801544584edcf0eac36fbe1","absent","","needs_resolution","needs_resolution","","true","","","LCM-M2W2-AWS-PKG-0226","46fd41d8b19a82dc22c24ddee5c1b4e3534cacfe56bc4258cd1c9756ed67b552","74fe487790a0d2fbcaf012c1d60b409fd065dad5480a769843c28dab070036c4","f2682bdaf3ee4bee58aa95e20aa60461cc96a1f1fbc20a04b93bdcd2e98bc880","d10ad305a820f0fc1db7f2bf7030ca149ea7b556ceacd0a32d593f08a7cc01ff","m2_final_review_aws_package","2026-08-13","accept","只授权此 PK 按冻结来源行执行 write_action；除 review_status 外，写入语义列必须与 source_path 中该 PK 完全一致。package_review、independent_signoff 与 freeze_binding_status 由本签字和三项冻结哈希闭合。rebase_binding=AWS-SIGNOFF-REBASE-GOOGLE-SOURCE-GATE-20260813;post_field_rebase_binding=AWS-SIGNOFF-POST-FIELD-CONTRACT-20260813"
"AWS-SIGN-0227","lifecycle_pk_write","append_without_review_promotion","数据/memory-levels.csv","memory_level_id","CMP-M2W2-AWS-TRN3-HBM","审计/子代理交接/m2_staging/M2-W2-AWS-PACKAGE-FACTS-REMEDIATED/structured/memory-levels.csv","8ec3436551ac0d88701b94458e303670dbe4dd306e902c9929a4ab60913fcf5c","5fb8e34f3d0a8be541310b1fd14bae4e73e36b3e7801544584edcf0eac36fbe1","absent","","needs_resolution","needs_resolution","","true","","","LCM-M2W2-AWS-PKG-0227","46fd41d8b19a82dc22c24ddee5c1b4e3534cacfe56bc4258cd1c9756ed67b552","74fe487790a0d2fbcaf012c1d60b409fd065dad5480a769843c28dab070036c4","f2682bdaf3ee4bee58aa95e20aa60461cc96a1f1fbc20a04b93bdcd2e98bc880","d10ad305a820f0fc1db7f2bf7030ca149ea7b556ceacd0a32d593f08a7cc01ff","m2_final_review_aws_package","2026-08-13","accept","只授权此 PK 按冻结来源行执行 write_action；除 review_status 外，写入语义列必须与 source_path 中该 PK 完全一致。package_review、independent_signoff 与 freeze_binding_status 由本签字和三项冻结哈希闭合。rebase_binding=AWS-SIGNOFF-REBASE-GOOGLE-SOURCE-GATE-20260813;post_field_rebase_binding=AWS-SIGNOFF-POST-FIELD-CONTRACT-20260813"
"AWS-SIGN-0228","lifecycle_pk_write","append_then_promote_review_status","数据/memory-levels.csv","memory_level_id","CMP-M2W2-AWS-TRN3-SBUF","审计/子代理交接/m2_staging/M2-W2-AWS-PACKAGE-FACTS-REMEDIATED/structured/memory-levels.csv","8ec3436551ac0d88701b94458e303670dbe4dd306e902c9929a4ab60913fcf5c","5fb8e34f3d0a8be541310b1fd14bae4e73e36b3e7801544584edcf0eac36fbe1","absent","","draft","reviewed","","true","","","LCM-M2W2-AWS-PKG-0228","46fd41d8b19a82dc22c24ddee5c1b4e3534cacfe56bc4258cd1c9756ed67b552","74fe487790a0d2fbcaf012c1d60b409fd065dad5480a769843c28dab070036c4","f2682bdaf3ee4bee58aa95e20aa60461cc96a1f1fbc20a04b93bdcd2e98bc880","d10ad305a820f0fc1db7f2bf7030ca149ea7b556ceacd0a32d593f08a7cc01ff","m2_final_review_aws_package","2026-08-13","accept","只授权此 PK 按冻结来源行执行 write_action；除 review_status 外，写入语义列必须与 source_path 中该 PK 完全一致。package_review、independent_signoff 与 freeze_binding_status 由本签字和三项冻结哈希闭合。rebase_binding=AWS-SIGNOFF-REBASE-GOOGLE-SOURCE-GATE-20260813;post_field_rebase_binding=AWS-SIGNOFF-POST-FIELD-CONTRACT-20260813"
"AWS-SIGN-0229","lifecycle_pk_write","append_then_promote_review_status","数据/memory-levels.csv","memory_level_id","CMP-M2W2-AWS-TRN3-PSUM","审计/子代理交接/m2_staging/M2-W2-AWS-PACKAGE-FACTS-REMEDIATED/structured/memory-levels.csv","8ec3436551ac0d88701b94458e303670dbe4dd306e902c9929a4ab60913fcf5c","5fb8e34f3d0a8be541310b1fd14bae4e73e36b3e7801544584edcf0eac36fbe1","absent","","draft","reviewed","","true","","","LCM-M2W2-AWS-PKG-0229","46fd41d8b19a82dc22c24ddee5c1b4e3534cacfe56bc4258cd1c9756ed67b552","74fe487790a0d2fbcaf012c1d60b409fd065dad5480a769843c28dab070036c4","f2682bdaf3ee4bee58aa95e20aa60461cc96a1f1fbc20a04b93bdcd2e98bc880","d10ad305a820f0fc1db7f2bf7030ca149ea7b556ceacd0a32d593f08a7cc01ff","m2_final_review_aws_package","2026-08-13","accept","只授权此 PK 按冻结来源行执行 write_action；除 review_status 外，写入语义列必须与 source_path 中该 PK 完全一致。package_review、independent_signoff 与 freeze_binding_status 由本签字和三项冻结哈希闭合。rebase_binding=AWS-SIGNOFF-REBASE-GOOGLE-SOURCE-GATE-20260813;post_field_rebase_binding=AWS-SIGNOFF-POST-FIELD-CONTRACT-20260813"
"AWS-SIGN-0230","lifecycle_pk_write","append_then_promote_review_status","数据/precision-paths.csv","precision_path_id","PP-M2W2-AWS-INF1-CHIP-INT8","审计/子代理交接/m2_staging/M2-W2-AWS-PACKAGE-FACTS-REMEDIATED/structured/precision-paths.csv","aa7f0020bffb9db4dd8b9f19b4770839e25f6ea008b786b8f95f5ab3259017c0","a57944459ff3bb927e5e8b08b119c65e633436dfc59b392f12810420eb2e75b4","absent","","draft","reviewed","","true","","","LCM-M2W2-AWS-PKG-0230","46fd41d8b19a82dc22c24ddee5c1b4e3534cacfe56bc4258cd1c9756ed67b552","74fe487790a0d2fbcaf012c1d60b409fd065dad5480a769843c28dab070036c4","f2682bdaf3ee4bee58aa95e20aa60461cc96a1f1fbc20a04b93bdcd2e98bc880","d10ad305a820f0fc1db7f2bf7030ca149ea7b556ceacd0a32d593f08a7cc01ff","m2_final_review_aws_package","2026-08-13","accept","只授权此 PK 按冻结来源行执行 write_action；除 review_status 外，写入语义列必须与 source_path 中该 PK 完全一致。package_review、independent_signoff 与 freeze_binding_status 由本签字和三项冻结哈希闭合。rebase_binding=AWS-SIGNOFF-REBASE-GOOGLE-SOURCE-GATE-20260813;post_field_rebase_binding=AWS-SIGNOFF-POST-FIELD-CONTRACT-20260813"
"AWS-SIGN-0231","lifecycle_pk_write","append_then_promote_review_status","数据/precision-paths.csv","precision_path_id","PP-M2W2-AWS-INF1-CHIP-FP16BF16","审计/子代理交接/m2_staging/M2-W2-AWS-PACKAGE-FACTS-REMEDIATED/structured/precision-paths.csv","aa7f0020bffb9db4dd8b9f19b4770839e25f6ea008b786b8f95f5ab3259017c0","a57944459ff3bb927e5e8b08b119c65e633436dfc59b392f12810420eb2e75b4","absent","","draft","reviewed","","true","","","LCM-M2W2-AWS-PKG-0231","46fd41d8b19a82dc22c24ddee5c1b4e3534cacfe56bc4258cd1c9756ed67b552","74fe487790a0d2fbcaf012c1d60b409fd065dad5480a769843c28dab070036c4","f2682bdaf3ee4bee58aa95e20aa60461cc96a1f1fbc20a04b93bdcd2e98bc880","d10ad305a820f0fc1db7f2bf7030ca149ea7b556ceacd0a32d593f08a7cc01ff","m2_final_review_aws_package","2026-08-13","accept","只授权此 PK 按冻结来源行执行 write_action；除 review_status 外，写入语义列必须与 source_path 中该 PK 完全一致。package_review、independent_signoff 与 freeze_binding_status 由本签字和三项冻结哈希闭合。rebase_binding=AWS-SIGNOFF-REBASE-GOOGLE-SOURCE-GATE-20260813;post_field_rebase_binding=AWS-SIGNOFF-POST-FIELD-CONTRACT-20260813"
"AWS-SIGN-0232","lifecycle_pk_write","append_then_promote_review_status","数据/precision-paths.csv","precision_path_id","PP-M2W2-AWS-INF1-NCV1-FP16BF16","审计/子代理交接/m2_staging/M2-W2-AWS-PACKAGE-FACTS-REMEDIATED/structured/precision-paths.csv","aa7f0020bffb9db4dd8b9f19b4770839e25f6ea008b786b8f95f5ab3259017c0","a57944459ff3bb927e5e8b08b119c65e633436dfc59b392f12810420eb2e75b4","absent","","draft","reviewed","","true","","","LCM-M2W2-AWS-PKG-0232","46fd41d8b19a82dc22c24ddee5c1b4e3534cacfe56bc4258cd1c9756ed67b552","74fe487790a0d2fbcaf012c1d60b409fd065dad5480a769843c28dab070036c4","f2682bdaf3ee4bee58aa95e20aa60461cc96a1f1fbc20a04b93bdcd2e98bc880","d10ad305a820f0fc1db7f2bf7030ca149ea7b556ceacd0a32d593f08a7cc01ff","m2_final_review_aws_package","2026-08-13","accept","只授权此 PK 按冻结来源行执行 write_action；除 review_status 外，写入语义列必须与 source_path 中该 PK 完全一致。package_review、independent_signoff 与 freeze_binding_status 由本签字和三项冻结哈希闭合。rebase_binding=AWS-SIGNOFF-REBASE-GOOGLE-SOURCE-GATE-20260813;post_field_rebase_binding=AWS-SIGNOFF-POST-FIELD-CONTRACT-20260813"
"AWS-SIGN-0233","lifecycle_pk_write","append_then_promote_review_status","数据/precision-paths.csv","precision_path_id","PP-M2W2-AWS-TRN1-CHIP-INT8","审计/子代理交接/m2_staging/M2-W2-AWS-PACKAGE-FACTS-REMEDIATED/structured/precision-paths.csv","aa7f0020bffb9db4dd8b9f19b4770839e25f6ea008b786b8f95f5ab3259017c0","a57944459ff3bb927e5e8b08b119c65e633436dfc59b392f12810420eb2e75b4","absent","","draft","reviewed","","true","","","LCM-M2W2-AWS-PKG-0233","46fd41d8b19a82dc22c24ddee5c1b4e3534cacfe56bc4258cd1c9756ed67b552","74fe487790a0d2fbcaf012c1d60b409fd065dad5480a769843c28dab070036c4","f2682bdaf3ee4bee58aa95e20aa60461cc96a1f1fbc20a04b93bdcd2e98bc880","d10ad305a820f0fc1db7f2bf7030ca149ea7b556ceacd0a32d593f08a7cc01ff","m2_final_review_aws_package","2026-08-13","accept","只授权此 PK 按冻结来源行执行 write_action；除 review_status 外，写入语义列必须与 source_path 中该 PK 完全一致。package_review、independent_signoff 与 freeze_binding_status 由本签字和三项冻结哈希闭合。rebase_binding=AWS-SIGNOFF-REBASE-GOOGLE-SOURCE-GATE-20260813;post_field_rebase_binding=AWS-SIGNOFF-POST-FIELD-CONTRACT-20260813"
"AWS-SIGN-0234","lifecycle_pk_write","append_then_promote_review_status","数据/precision-paths.csv","precision_path_id","PP-M2W2-AWS-TRN1-CHIP-MIXED","审计/子代理交接/m2_staging/M2-W2-AWS-PACKAGE-FACTS-REMEDIATED/structured/precision-paths.csv","aa7f0020bffb9db4dd8b9f19b4770839e25f6ea008b786b8f95f5ab3259017c0","a57944459ff3bb927e5e8b08b119c65e633436dfc59b392f12810420eb2e75b4","absent","","draft","reviewed","","true","","","LCM-M2W2-AWS-PKG-0234","46fd41d8b19a82dc22c24ddee5c1b4e3534cacfe56bc4258cd1c9756ed67b552","74fe487790a0d2fbcaf012c1d60b409fd065dad5480a769843c28dab070036c4","f2682bdaf3ee4bee58aa95e20aa60461cc96a1f1fbc20a04b93bdcd2e98bc880","d10ad305a820f0fc1db7f2bf7030ca149ea7b556ceacd0a32d593f08a7cc01ff","m2_final_review_aws_package","2026-08-13","accept","只授权此 PK 按冻结来源行执行 write_action；除 review_status 外，写入语义列必须与 source_path 中该 PK 完全一致。package_review、independent_signoff 与 freeze_binding_status 由本签字和三项冻结哈希闭合。rebase_binding=AWS-SIGNOFF-REBASE-GOOGLE-SOURCE-GATE-20260813;post_field_rebase_binding=AWS-SIGNOFF-POST-FIELD-CONTRACT-20260813"
"AWS-SIGN-0235","lifecycle_pk_write","append_then_promote_review_status","数据/precision-paths.csv","precision_path_id","PP-M2W2-AWS-TRN1-CHIP-FP32","审计/子代理交接/m2_staging/M2-W2-AWS-PACKAGE-FACTS-REMEDIATED/structured/precision-paths.csv","aa7f0020bffb9db4dd8b9f19b4770839e25f6ea008b786b8f95f5ab3259017c0","a57944459ff3bb927e5e8b08b119c65e633436dfc59b392f12810420eb2e75b4","absent","","draft","reviewed","","true","","","LCM-M2W2-AWS-PKG-0235","46fd41d8b19a82dc22c24ddee5c1b4e3534cacfe56bc4258cd1c9756ed67b552","74fe487790a0d2fbcaf012c1d60b409fd065dad5480a769843c28dab070036c4","f2682bdaf3ee4bee58aa95e20aa60461cc96a1f1fbc20a04b93bdcd2e98bc880","d10ad305a820f0fc1db7f2bf7030ca149ea7b556ceacd0a32d593f08a7cc01ff","m2_final_review_aws_package","2026-08-13","accept","只授权此 PK 按冻结来源行执行 write_action；除 review_status 外，写入语义列必须与 source_path 中该 PK 完全一致。package_review、independent_signoff 与 freeze_binding_status 由本签字和三项冻结哈希闭合。rebase_binding=AWS-SIGNOFF-REBASE-GOOGLE-SOURCE-GATE-20260813;post_field_rebase_binding=AWS-SIGNOFF-POST-FIELD-CONTRACT-20260813"
"AWS-SIGN-0236","lifecycle_pk_write","append_then_promote_review_status","数据/precision-paths.csv","precision_path_id","PP-M2W2-AWS-INF2-CHIP-INT8","审计/子代理交接/m2_staging/M2-W2-AWS-PACKAGE-FACTS-REMEDIATED/structured/precision-paths.csv","aa7f0020bffb9db4dd8b9f19b4770839e25f6ea008b786b8f95f5ab3259017c0","a57944459ff3bb927e5e8b08b119c65e633436dfc59b392f12810420eb2e75b4","absent","","draft","reviewed","","true","","","LCM-M2W2-AWS-PKG-0236","46fd41d8b19a82dc22c24ddee5c1b4e3534cacfe56bc4258cd1c9756ed67b552","74fe487790a0d2fbcaf012c1d60b409fd065dad5480a769843c28dab070036c4","f2682bdaf3ee4bee58aa95e20aa60461cc96a1f1fbc20a04b93bdcd2e98bc880","d10ad305a820f0fc1db7f2bf7030ca149ea7b556ceacd0a32d593f08a7cc01ff","m2_final_review_aws_package","2026-08-13","accept","只授权此 PK 按冻结来源行执行 write_action；除 review_status 外，写入语义列必须与 source_path 中该 PK 完全一致。package_review、independent_signoff 与 freeze_binding_status 由本签字和三项冻结哈希闭合。rebase_binding=AWS-SIGNOFF-REBASE-GOOGLE-SOURCE-GATE-20260813;post_field_rebase_binding=AWS-SIGNOFF-POST-FIELD-CONTRACT-20260813"
"AWS-SIGN-0237","lifecycle_pk_write","append_then_promote_review_status","数据/precision-paths.csv","precision_path_id","PP-M2W2-AWS-INF2-CHIP-MIXED","审计/子代理交接/m2_staging/M2-W2-AWS-PACKAGE-FACTS-REMEDIATED/structured/precision-paths.csv","aa7f0020bffb9db4dd8b9f19b4770839e25f6ea008b786b8f95f5ab3259017c0","a57944459ff3bb927e5e8b08b119c65e633436dfc59b392f12810420eb2e75b4","absent","","draft","reviewed","","true","","","LCM-M2W2-AWS-PKG-0237","46fd41d8b19a82dc22c24ddee5c1b4e3534cacfe56bc4258cd1c9756ed67b552","74fe487790a0d2fbcaf012c1d60b409fd065dad5480a769843c28dab070036c4","f2682bdaf3ee4bee58aa95e20aa60461cc96a1f1fbc20a04b93bdcd2e98bc880","d10ad305a820f0fc1db7f2bf7030ca149ea7b556ceacd0a32d593f08a7cc01ff","m2_final_review_aws_package","2026-08-13","accept","只授权此 PK 按冻结来源行执行 write_action；除 review_status 外，写入语义列必须与 source_path 中该 PK 完全一致。package_review、independent_signoff 与 freeze_binding_status 由本签字和三项冻结哈希闭合。rebase_binding=AWS-SIGNOFF-REBASE-GOOGLE-SOURCE-GATE-20260813;post_field_rebase_binding=AWS-SIGNOFF-POST-FIELD-CONTRACT-20260813"
"AWS-SIGN-0238","lifecycle_pk_write","append_then_promote_review_status","数据/precision-paths.csv","precision_path_id","PP-M2W2-AWS-INF2-CHIP-FP32","审计/子代理交接/m2_staging/M2-W2-AWS-PACKAGE-FACTS-REMEDIATED/structured/precision-paths.csv","aa7f0020bffb9db4dd8b9f19b4770839e25f6ea008b786b8f95f5ab3259017c0","a57944459ff3bb927e5e8b08b119c65e633436dfc59b392f12810420eb2e75b4","absent","","draft","reviewed","","true","","","LCM-M2W2-AWS-PKG-0238","46fd41d8b19a82dc22c24ddee5c1b4e3534cacfe56bc4258cd1c9756ed67b552","74fe487790a0d2fbcaf012c1d60b409fd065dad5480a769843c28dab070036c4","f2682bdaf3ee4bee58aa95e20aa60461cc96a1f1fbc20a04b93bdcd2e98bc880","d10ad305a820f0fc1db7f2bf7030ca149ea7b556ceacd0a32d593f08a7cc01ff","m2_final_review_aws_package","2026-08-13","accept","只授权此 PK 按冻结来源行执行 write_action；除 review_status 外，写入语义列必须与 source_path 中该 PK 完全一致。package_review、independent_signoff 与 freeze_binding_status 由本签字和三项冻结哈希闭合。rebase_binding=AWS-SIGNOFF-REBASE-GOOGLE-SOURCE-GATE-20260813;post_field_rebase_binding=AWS-SIGNOFF-POST-FIELD-CONTRACT-20260813"
"AWS-SIGN-0239","lifecycle_pk_write","append_then_promote_review_status","数据/precision-paths.csv","precision_path_id","PP-M2W2-AWS-TRN3-CHIP-MX","审计/子代理交接/m2_staging/M2-W2-AWS-PACKAGE-FACTS-REMEDIATED/structured/precision-paths.csv","aa7f0020bffb9db4dd8b9f19b4770839e25f6ea008b786b8f95f5ab3259017c0","a57944459ff3bb927e5e8b08b119c65e633436dfc59b392f12810420eb2e75b4","absent","","draft","reviewed","","true","","","LCM-M2W2-AWS-PKG-0239","46fd41d8b19a82dc22c24ddee5c1b4e3534cacfe56bc4258cd1c9756ed67b552","74fe487790a0d2fbcaf012c1d60b409fd065dad5480a769843c28dab070036c4","f2682bdaf3ee4bee58aa95e20aa60461cc96a1f1fbc20a04b93bdcd2e98bc880","d10ad305a820f0fc1db7f2bf7030ca149ea7b556ceacd0a32d593f08a7cc01ff","m2_final_review_aws_package","2026-08-13","accept","只授权此 PK 按冻结来源行执行 write_action；除 review_status 外，写入语义列必须与 source_path 中该 PK 完全一致。package_review、independent_signoff 与 freeze_binding_status 由本签字和三项冻结哈希闭合。rebase_binding=AWS-SIGNOFF-REBASE-GOOGLE-SOURCE-GATE-20260813;post_field_rebase_binding=AWS-SIGNOFF-POST-FIELD-CONTRACT-20260813"
"AWS-SIGN-0240","lifecycle_pk_write","append_then_promote_review_status","数据/precision-paths.csv","precision_path_id","PP-M2W2-AWS-TRN3-CHIP-MIXED","审计/子代理交接/m2_staging/M2-W2-AWS-PACKAGE-FACTS-REMEDIATED/structured/precision-paths.csv","aa7f0020bffb9db4dd8b9f19b4770839e25f6ea008b786b8f95f5ab3259017c0","a57944459ff3bb927e5e8b08b119c65e633436dfc59b392f12810420eb2e75b4","absent","","draft","reviewed","","true","","","LCM-M2W2-AWS-PKG-0240","46fd41d8b19a82dc22c24ddee5c1b4e3534cacfe56bc4258cd1c9756ed67b552","74fe487790a0d2fbcaf012c1d60b409fd065dad5480a769843c28dab070036c4","f2682bdaf3ee4bee58aa95e20aa60461cc96a1f1fbc20a04b93bdcd2e98bc880","d10ad305a820f0fc1db7f2bf7030ca149ea7b556ceacd0a32d593f08a7cc01ff","m2_final_review_aws_package","2026-08-13","accept","只授权此 PK 按冻结来源行执行 write_action；除 review_status 外，写入语义列必须与 source_path 中该 PK 完全一致。package_review、independent_signoff 与 freeze_binding_status 由本签字和三项冻结哈希闭合。rebase_binding=AWS-SIGNOFF-REBASE-GOOGLE-SOURCE-GATE-20260813;post_field_rebase_binding=AWS-SIGNOFF-POST-FIELD-CONTRACT-20260813"
"AWS-SIGN-0241","lifecycle_pk_write","append_then_promote_review_status","数据/precision-paths.csv","precision_path_id","PP-M2W2-AWS-TRN3-CHIP-FP32","审计/子代理交接/m2_staging/M2-W2-AWS-PACKAGE-FACTS-REMEDIATED/structured/precision-paths.csv","aa7f0020bffb9db4dd8b9f19b4770839e25f6ea008b786b8f95f5ab3259017c0","a57944459ff3bb927e5e8b08b119c65e633436dfc59b392f12810420eb2e75b4","absent","","draft","reviewed","","true","","","LCM-M2W2-AWS-PKG-0241","46fd41d8b19a82dc22c24ddee5c1b4e3534cacfe56bc4258cd1c9756ed67b552","74fe487790a0d2fbcaf012c1d60b409fd065dad5480a769843c28dab070036c4","f2682bdaf3ee4bee58aa95e20aa60461cc96a1f1fbc20a04b93bdcd2e98bc880","d10ad305a820f0fc1db7f2bf7030ca149ea7b556ceacd0a32d593f08a7cc01ff","m2_final_review_aws_package","2026-08-13","accept","只授权此 PK 按冻结来源行执行 write_action；除 review_status 外，写入语义列必须与 source_path 中该 PK 完全一致。package_review、independent_signoff 与 freeze_binding_status 由本签字和三项冻结哈希闭合。rebase_binding=AWS-SIGNOFF-REBASE-GOOGLE-SOURCE-GATE-20260813;post_field_rebase_binding=AWS-SIGNOFF-POST-FIELD-CONTRACT-20260813"
"AWS-SIGN-0242","lifecycle_pk_write","append_then_promote_review_status","数据/precision-paths.csv","precision_path_id","PP-M2W2-AWS-TRN3-NCV4-MX","审计/子代理交接/m2_staging/M2-W2-AWS-PACKAGE-FACTS-REMEDIATED/structured/precision-paths.csv","aa7f0020bffb9db4dd8b9f19b4770839e25f6ea008b786b8f95f5ab3259017c0","a57944459ff3bb927e5e8b08b119c65e633436dfc59b392f12810420eb2e75b4","absent","","draft","reviewed","","true","","","LCM-M2W2-AWS-PKG-0242","46fd41d8b19a82dc22c24ddee5c1b4e3534cacfe56bc4258cd1c9756ed67b552","74fe487790a0d2fbcaf012c1d60b409fd065dad5480a769843c28dab070036c4","f2682bdaf3ee4bee58aa95e20aa60461cc96a1f1fbc20a04b93bdcd2e98bc880","d10ad305a820f0fc1db7f2bf7030ca149ea7b556ceacd0a32d593f08a7cc01ff","m2_final_review_aws_package","2026-08-13","accept","只授权此 PK 按冻结来源行执行 write_action；除 review_status 外，写入语义列必须与 source_path 中该 PK 完全一致。package_review、independent_signoff 与 freeze_binding_status 由本签字和三项冻结哈希闭合。rebase_binding=AWS-SIGNOFF-REBASE-GOOGLE-SOURCE-GATE-20260813;post_field_rebase_binding=AWS-SIGNOFF-POST-FIELD-CONTRACT-20260813"
"AWS-SIGN-0243","lifecycle_pk_write","append_then_promote_review_status","数据/precision-paths.csv","precision_path_id","PP-M2W2-AWS-TRN3-NCV4-MIXED","审计/子代理交接/m2_staging/M2-W2-AWS-PACKAGE-FACTS-REMEDIATED/structured/precision-paths.csv","aa7f0020bffb9db4dd8b9f19b4770839e25f6ea008b786b8f95f5ab3259017c0","a57944459ff3bb927e5e8b08b119c65e633436dfc59b392f12810420eb2e75b4","absent","","draft","reviewed","","true","","","LCM-M2W2-AWS-PKG-0243","46fd41d8b19a82dc22c24ddee5c1b4e3534cacfe56bc4258cd1c9756ed67b552","74fe487790a0d2fbcaf012c1d60b409fd065dad5480a769843c28dab070036c4","f2682bdaf3ee4bee58aa95e20aa60461cc96a1f1fbc20a04b93bdcd2e98bc880","d10ad305a820f0fc1db7f2bf7030ca149ea7b556ceacd0a32d593f08a7cc01ff","m2_final_review_aws_package","2026-08-13","accept","只授权此 PK 按冻结来源行执行 write_action；除 review_status 外，写入语义列必须与 source_path 中该 PK 完全一致。package_review、independent_signoff 与 freeze_binding_status 由本签字和三项冻结哈希闭合。rebase_binding=AWS-SIGNOFF-REBASE-GOOGLE-SOURCE-GATE-20260813;post_field_rebase_binding=AWS-SIGNOFF-POST-FIELD-CONTRACT-20260813"
"AWS-SIGN-0244","lifecycle_pk_write","append_then_promote_review_status","数据/precision-paths.csv","precision_path_id","PP-M2W2-AWS-TRN3-NCV4-FP32","审计/子代理交接/m2_staging/M2-W2-AWS-PACKAGE-FACTS-REMEDIATED/structured/precision-paths.csv","aa7f0020bffb9db4dd8b9f19b4770839e25f6ea008b786b8f95f5ab3259017c0","a57944459ff3bb927e5e8b08b119c65e633436dfc59b392f12810420eb2e75b4","absent","","draft","reviewed","","true","","","LCM-M2W2-AWS-PKG-0244","46fd41d8b19a82dc22c24ddee5c1b4e3534cacfe56bc4258cd1c9756ed67b552","74fe487790a0d2fbcaf012c1d60b409fd065dad5480a769843c28dab070036c4","f2682bdaf3ee4bee58aa95e20aa60461cc96a1f1fbc20a04b93bdcd2e98bc880","d10ad305a820f0fc1db7f2bf7030ca149ea7b556ceacd0a32d593f08a7cc01ff","m2_final_review_aws_package","2026-08-13","accept","只授权此 PK 按冻结来源行执行 write_action；除 review_status 外，写入语义列必须与 source_path 中该 PK 完全一致。package_review、independent_signoff 与 freeze_binding_status 由本签字和三项冻结哈希闭合。rebase_binding=AWS-SIGNOFF-REBASE-GOOGLE-SOURCE-GATE-20260813;post_field_rebase_binding=AWS-SIGNOFF-POST-FIELD-CONTRACT-20260813"
"AWS-SIGN-0245","lifecycle_pk_write","append_then_promote_review_status","数据/precision-paths.csv","precision_path_id","PP-M2W2-AWS-TRN3-NCV4-VECTOR-FP32","审计/子代理交接/m2_staging/M2-W2-AWS-PACKAGE-FACTS-REMEDIATED/structured/precision-paths.csv","aa7f0020bffb9db4dd8b9f19b4770839e25f6ea008b786b8f95f5ab3259017c0","a57944459ff3bb927e5e8b08b119c65e633436dfc59b392f12810420eb2e75b4","absent","","draft","reviewed","","true","","","LCM-M2W2-AWS-PKG-0245","46fd41d8b19a82dc22c24ddee5c1b4e3534cacfe56bc4258cd1c9756ed67b552","74fe487790a0d2fbcaf012c1d60b409fd065dad5480a769843c28dab070036c4","f2682bdaf3ee4bee58aa95e20aa60461cc96a1f1fbc20a04b93bdcd2e98bc880","d10ad305a820f0fc1db7f2bf7030ca149ea7b556ceacd0a32d593f08a7cc01ff","m2_final_review_aws_package","2026-08-13","accept","只授权此 PK 按冻结来源行执行 write_action；除 review_status 外，写入语义列必须与 source_path 中该 PK 完全一致。package_review、independent_signoff 与 freeze_binding_status 由本签字和三项冻结哈希闭合。rebase_binding=AWS-SIGNOFF-REBASE-GOOGLE-SOURCE-GATE-20260813;post_field_rebase_binding=AWS-SIGNOFF-POST-FIELD-CONTRACT-20260813"
"AWS-SIGN-0246","lifecycle_pk_write","append_then_promote_review_status","数据/precision-paths.csv","precision_path_id","PP-M2W2-AWS-TRN3-NCV4-SCALAR-FP32","审计/子代理交接/m2_staging/M2-W2-AWS-PACKAGE-FACTS-REMEDIATED/structured/precision-paths.csv","aa7f0020bffb9db4dd8b9f19b4770839e25f6ea008b786b8f95f5ab3259017c0","a57944459ff3bb927e5e8b08b119c65e633436dfc59b392f12810420eb2e75b4","absent","","draft","reviewed","","true","","","LCM-M2W2-AWS-PKG-0246","46fd41d8b19a82dc22c24ddee5c1b4e3534cacfe56bc4258cd1c9756ed67b552","74fe487790a0d2fbcaf012c1d60b409fd065dad5480a769843c28dab070036c4","f2682bdaf3ee4bee58aa95e20aa60461cc96a1f1fbc20a04b93bdcd2e98bc880","d10ad305a820f0fc1db7f2bf7030ca149ea7b556ceacd0a32d593f08a7cc01ff","m2_final_review_aws_package","2026-08-13","accept","只授权此 PK 按冻结来源行执行 write_action；除 review_status 外，写入语义列必须与 source_path 中该 PK 完全一致。package_review、independent_signoff 与 freeze_binding_status 由本签字和三项冻结哈希闭合。rebase_binding=AWS-SIGNOFF-REBASE-GOOGLE-SOURCE-GATE-20260813;post_field_rebase_binding=AWS-SIGNOFF-POST-FIELD-CONTRACT-20260813"
"AWS-SIGN-0247","lifecycle_pk_write","append_then_promote_review_status","数据/precision-paths.csv","precision_path_id","PP-M2W2-AWS-INF1-NCV1-VECTOR-GENERIC-FLOAT","审计/子代理交接/m2_staging/M2-W2-AWS-PACKAGE-FACTS-REMEDIATED/structured/precision-paths.csv","aa7f0020bffb9db4dd8b9f19b4770839e25f6ea008b786b8f95f5ab3259017c0","a57944459ff3bb927e5e8b08b119c65e633436dfc59b392f12810420eb2e75b4","absent","","draft","reviewed","","true","","","LCM-M2W2-AWS-PKG-0247","46fd41d8b19a82dc22c24ddee5c1b4e3534cacfe56bc4258cd1c9756ed67b552","74fe487790a0d2fbcaf012c1d60b409fd065dad5480a769843c28dab070036c4","f2682bdaf3ee4bee58aa95e20aa60461cc96a1f1fbc20a04b93bdcd2e98bc880","d10ad305a820f0fc1db7f2bf7030ca149ea7b556ceacd0a32d593f08a7cc01ff","m2_final_review_aws_package","2026-08-13","accept","只授权此 PK 按冻结来源行执行 write_action；除 review_status 外，写入语义列必须与 source_path 中该 PK 完全一致。package_review、independent_signoff 与 freeze_binding_status 由本签字和三项冻结哈希闭合。rebase_binding=AWS-SIGNOFF-REBASE-GOOGLE-SOURCE-GATE-20260813;post_field_rebase_binding=AWS-SIGNOFF-POST-FIELD-CONTRACT-20260813"
"AWS-SIGN-0248","lifecycle_pk_write","append_then_promote_review_status","数据/precision-paths.csv","precision_path_id","PP-M2W2-AWS-INF1-NCV1-SCALAR-GENERIC-FLOAT","审计/子代理交接/m2_staging/M2-W2-AWS-PACKAGE-FACTS-REMEDIATED/structured/precision-paths.csv","aa7f0020bffb9db4dd8b9f19b4770839e25f6ea008b786b8f95f5ab3259017c0","a57944459ff3bb927e5e8b08b119c65e633436dfc59b392f12810420eb2e75b4","absent","","draft","reviewed","","true","","","LCM-M2W2-AWS-PKG-0248","46fd41d8b19a82dc22c24ddee5c1b4e3534cacfe56bc4258cd1c9756ed67b552","74fe487790a0d2fbcaf012c1d60b409fd065dad5480a769843c28dab070036c4","f2682bdaf3ee4bee58aa95e20aa60461cc96a1f1fbc20a04b93bdcd2e98bc880","d10ad305a820f0fc1db7f2bf7030ca149ea7b556ceacd0a32d593f08a7cc01ff","m2_final_review_aws_package","2026-08-13","accept","只授权此 PK 按冻结来源行执行 write_action；除 review_status 外，写入语义列必须与 source_path 中该 PK 完全一致。package_review、independent_signoff 与 freeze_binding_status 由本签字和三项冻结哈希闭合。rebase_binding=AWS-SIGNOFF-REBASE-GOOGLE-SOURCE-GATE-20260813;post_field_rebase_binding=AWS-SIGNOFF-POST-FIELD-CONTRACT-20260813"
"AWS-SIGN-0249","lifecycle_pk_write","append_then_promote_review_status","数据/precision-paths.csv","precision_path_id","PP-M2W2-AWS-TRN3-CHIP-FP8-GENERIC","审计/子代理交接/m2_staging/M2-W2-AWS-PACKAGE-FACTS-REMEDIATED/structured/precision-paths.csv","aa7f0020bffb9db4dd8b9f19b4770839e25f6ea008b786b8f95f5ab3259017c0","a57944459ff3bb927e5e8b08b119c65e633436dfc59b392f12810420eb2e75b4","absent","","draft","reviewed","","true","","","LCM-M2W2-AWS-PKG-0249","46fd41d8b19a82dc22c24ddee5c1b4e3534cacfe56bc4258cd1c9756ed67b552","74fe487790a0d2fbcaf012c1d60b409fd065dad5480a769843c28dab070036c4","f2682bdaf3ee4bee58aa95e20aa60461cc96a1f1fbc20a04b93bdcd2e98bc880","d10ad305a820f0fc1db7f2bf7030ca149ea7b556ceacd0a32d593f08a7cc01ff","m2_final_review_aws_package","2026-08-13","accept","只授权此 PK 按冻结来源行执行 write_action；除 review_status 外，写入语义列必须与 source_path 中该 PK 完全一致。package_review、independent_signoff 与 freeze_binding_status 由本签字和三项冻结哈希闭合。rebase_binding=AWS-SIGNOFF-REBASE-GOOGLE-SOURCE-GATE-20260813;post_field_rebase_binding=AWS-SIGNOFF-POST-FIELD-CONTRACT-20260813"
"AWS-SIGN-0250","lifecycle_pk_write","append_without_review_promotion","最小参考资料库/conflict-groups.csv","conflict_group_id","CONFLICT-M2W2-AWS-TRN1-HBM-BW","审计/子代理交接/m2_staging/M2-W2-AWS-PACKAGE-FACTS-REMEDIATED/structured/conflict-groups.csv","1231588c828de9c42a9209769c6d14965f25c868e41a114ea5fc9fe897964af8","370f536b11f893b56fcdccbcc26a3151536a579586ed9ae20b7e2926c4595054","absent","","needs_resolution","needs_resolution","resolution_status=unreviewed","true","","","LCM-M2W2-AWS-PKG-0250","46fd41d8b19a82dc22c24ddee5c1b4e3534cacfe56bc4258cd1c9756ed67b552","74fe487790a0d2fbcaf012c1d60b409fd065dad5480a769843c28dab070036c4","f2682bdaf3ee4bee58aa95e20aa60461cc96a1f1fbc20a04b93bdcd2e98bc880","d10ad305a820f0fc1db7f2bf7030ca149ea7b556ceacd0a32d593f08a7cc01ff","m2_final_review_aws_package","2026-08-13","accept","只授权此 PK 按冻结来源行执行 write_action；除 review_status 外，写入语义列必须与 source_path 中该 PK 完全一致。package_review、independent_signoff 与 freeze_binding_status 由本签字和三项冻结哈希闭合。rebase_binding=AWS-SIGNOFF-REBASE-GOOGLE-SOURCE-GATE-20260813;post_field_rebase_binding=AWS-SIGNOFF-POST-FIELD-CONTRACT-20260813"
"AWS-SIGN-0251","lifecycle_pk_write","append_without_review_promotion","最小参考资料库/conflict-groups.csv","conflict_group_id","CONFLICT-M2W2-AWS-INF2-HBM-BW","审计/子代理交接/m2_staging/M2-W2-AWS-PACKAGE-FACTS-REMEDIATED/structured/conflict-groups.csv","1231588c828de9c42a9209769c6d14965f25c868e41a114ea5fc9fe897964af8","370f536b11f893b56fcdccbcc26a3151536a579586ed9ae20b7e2926c4595054","absent","","needs_resolution","needs_resolution","resolution_status=unreviewed","true","","","LCM-M2W2-AWS-PKG-0251","46fd41d8b19a82dc22c24ddee5c1b4e3534cacfe56bc4258cd1c9756ed67b552","74fe487790a0d2fbcaf012c1d60b409fd065dad5480a769843c28dab070036c4","f2682bdaf3ee4bee58aa95e20aa60461cc96a1f1fbc20a04b93bdcd2e98bc880","d10ad305a820f0fc1db7f2bf7030ca149ea7b556ceacd0a32d593f08a7cc01ff","m2_final_review_aws_package","2026-08-13","accept","只授权此 PK 按冻结来源行执行 write_action；除 review_status 外，写入语义列必须与 source_path 中该 PK 完全一致。package_review、independent_signoff 与 freeze_binding_status 由本签字和三项冻结哈希闭合。rebase_binding=AWS-SIGNOFF-REBASE-GOOGLE-SOURCE-GATE-20260813;post_field_rebase_binding=AWS-SIGNOFF-POST-FIELD-CONTRACT-20260813"
"AWS-SIGN-0252","lifecycle_pk_write","append_without_review_promotion","最小参考资料库/conflict-groups.csv","conflict_group_id","CONFLICT-M2W2-AWS-TRN3-HBM-CAPACITY","审计/子代理交接/m2_staging/M2-W2-AWS-PACKAGE-FACTS-REMEDIATED/structured/conflict-groups.csv","1231588c828de9c42a9209769c6d14965f25c868e41a114ea5fc9fe897964af8","370f536b11f893b56fcdccbcc26a3151536a579586ed9ae20b7e2926c4595054","absent","","needs_resolution","needs_resolution","resolution_status=unreviewed","true","","","LCM-M2W2-AWS-PKG-0252","46fd41d8b19a82dc22c24ddee5c1b4e3534cacfe56bc4258cd1c9756ed67b552","74fe487790a0d2fbcaf012c1d60b409fd065dad5480a769843c28dab070036c4","f2682bdaf3ee4bee58aa95e20aa60461cc96a1f1fbc20a04b93bdcd2e98bc880","d10ad305a820f0fc1db7f2bf7030ca149ea7b556ceacd0a32d593f08a7cc01ff","m2_final_review_aws_package","2026-08-13","accept","只授权此 PK 按冻结来源行执行 write_action；除 review_status 外，写入语义列必须与 source_path 中该 PK 完全一致。package_review、independent_signoff 与 freeze_binding_status 由本签字和三项冻结哈希闭合。rebase_binding=AWS-SIGNOFF-REBASE-GOOGLE-SOURCE-GATE-20260813;post_field_rebase_binding=AWS-SIGNOFF-POST-FIELD-CONTRACT-20260813"
"AWS-SIGN-0253","lifecycle_pk_write","append_without_review_promotion","最小参考资料库/conflict-groups.csv","conflict_group_id","CONFLICT-M2W2-AWS-TRN3-HBM-BW","审计/子代理交接/m2_staging/M2-W2-AWS-PACKAGE-FACTS-REMEDIATED/structured/conflict-groups.csv","1231588c828de9c42a9209769c6d14965f25c868e41a114ea5fc9fe897964af8","370f536b11f893b56fcdccbcc26a3151536a579586ed9ae20b7e2926c4595054","absent","","needs_resolution","needs_resolution","resolution_status=unreviewed","true","","","LCM-M2W2-AWS-PKG-0253","46fd41d8b19a82dc22c24ddee5c1b4e3534cacfe56bc4258cd1c9756ed67b552","74fe487790a0d2fbcaf012c1d60b409fd065dad5480a769843c28dab070036c4","f2682bdaf3ee4bee58aa95e20aa60461cc96a1f1fbc20a04b93bdcd2e98bc880","d10ad305a820f0fc1db7f2bf7030ca149ea7b556ceacd0a32d593f08a7cc01ff","m2_final_review_aws_package","2026-08-13","accept","只授权此 PK 按冻结来源行执行 write_action；除 review_status 外，写入语义列必须与 source_path 中该 PK 完全一致。package_review、independent_signoff 与 freeze_binding_status 由本签字和三项冻结哈希闭合。rebase_binding=AWS-SIGNOFF-REBASE-GOOGLE-SOURCE-GATE-20260813;post_field_rebase_binding=AWS-SIGNOFF-POST-FIELD-CONTRACT-20260813"
"AWS-SIGN-0254","lifecycle_pk_write","append_without_review_promotion","最小参考资料库/conflict-groups.csv","conflict_group_id","CONFLICT-M2W2-AWS-TRN3-CC-COUNT","审计/子代理交接/m2_staging/M2-W2-AWS-PACKAGE-FACTS-REMEDIATED/structured/conflict-groups.csv","1231588c828de9c42a9209769c6d14965f25c868e41a114ea5fc9fe897964af8","370f536b11f893b56fcdccbcc26a3151536a579586ed9ae20b7e2926c4595054","absent","","needs_resolution","needs_resolution","resolution_status=unreviewed","true","","","LCM-M2W2-AWS-PKG-0254","46fd41d8b19a82dc22c24ddee5c1b4e3534cacfe56bc4258cd1c9756ed67b552","74fe487790a0d2fbcaf012c1d60b409fd065dad5480a769843c28dab070036c4","f2682bdaf3ee4bee58aa95e20aa60461cc96a1f1fbc20a04b93bdcd2e98bc880","d10ad305a820f0fc1db7f2bf7030ca149ea7b556ceacd0a32d593f08a7cc01ff","m2_final_review_aws_package","2026-08-13","accept","只授权此 PK 按冻结来源行执行 write_action；除 review_status 外，写入语义列必须与 source_path 中该 PK 完全一致。package_review、independent_signoff 与 freeze_binding_status 由本签字和三项冻结哈希闭合。rebase_binding=AWS-SIGNOFF-REBASE-GOOGLE-SOURCE-GATE-20260813;post_field_rebase_binding=AWS-SIGNOFF-POST-FIELD-CONTRACT-20260813"
"AWS-SIGN-0255","lifecycle_pk_write","append_without_review_promotion","最小参考资料库/conflict-members.csv","conflict_member_id","CONFLICT-M2W2-AWS-TRN1-HBM-BW-A","审计/子代理交接/m2_staging/M2-W2-AWS-PACKAGE-FACTS-REMEDIATED/structured/conflict-members.csv","c521efd91d08d6c9145bc73a2eeb0c6598095eac40fad1414ce306eb5a275c0e","2969fa88cac48a50d6ddd663d22abc7b4888997887efbbfabea28d42d9f98d2d","absent","","needs_resolution","needs_resolution","","true","","","LCM-M2W2-AWS-PKG-0255","46fd41d8b19a82dc22c24ddee5c1b4e3534cacfe56bc4258cd1c9756ed67b552","74fe487790a0d2fbcaf012c1d60b409fd065dad5480a769843c28dab070036c4","f2682bdaf3ee4bee58aa95e20aa60461cc96a1f1fbc20a04b93bdcd2e98bc880","d10ad305a820f0fc1db7f2bf7030ca149ea7b556ceacd0a32d593f08a7cc01ff","m2_final_review_aws_package","2026-08-13","accept","只授权此 PK 按冻结来源行执行 write_action；除 review_status 外，写入语义列必须与 source_path 中该 PK 完全一致。package_review、independent_signoff 与 freeze_binding_status 由本签字和三项冻结哈希闭合。rebase_binding=AWS-SIGNOFF-REBASE-GOOGLE-SOURCE-GATE-20260813;post_field_rebase_binding=AWS-SIGNOFF-POST-FIELD-CONTRACT-20260813"
"AWS-SIGN-0256","lifecycle_pk_write","append_without_review_promotion","最小参考资料库/conflict-members.csv","conflict_member_id","CONFLICT-M2W2-AWS-TRN1-HBM-BW-B","审计/子代理交接/m2_staging/M2-W2-AWS-PACKAGE-FACTS-REMEDIATED/structured/conflict-members.csv","c521efd91d08d6c9145bc73a2eeb0c6598095eac40fad1414ce306eb5a275c0e","2969fa88cac48a50d6ddd663d22abc7b4888997887efbbfabea28d42d9f98d2d","absent","","needs_resolution","needs_resolution","","true","","","LCM-M2W2-AWS-PKG-0256","46fd41d8b19a82dc22c24ddee5c1b4e3534cacfe56bc4258cd1c9756ed67b552","74fe487790a0d2fbcaf012c1d60b409fd065dad5480a769843c28dab070036c4","f2682bdaf3ee4bee58aa95e20aa60461cc96a1f1fbc20a04b93bdcd2e98bc880","d10ad305a820f0fc1db7f2bf7030ca149ea7b556ceacd0a32d593f08a7cc01ff","m2_final_review_aws_package","2026-08-13","accept","只授权此 PK 按冻结来源行执行 write_action；除 review_status 外，写入语义列必须与 source_path 中该 PK 完全一致。package_review、independent_signoff 与 freeze_binding_status 由本签字和三项冻结哈希闭合。rebase_binding=AWS-SIGNOFF-REBASE-GOOGLE-SOURCE-GATE-20260813;post_field_rebase_binding=AWS-SIGNOFF-POST-FIELD-CONTRACT-20260813"
"AWS-SIGN-0257","lifecycle_pk_write","append_without_review_promotion","最小参考资料库/conflict-members.csv","conflict_member_id","CONFLICT-M2W2-AWS-INF2-HBM-BW-A","审计/子代理交接/m2_staging/M2-W2-AWS-PACKAGE-FACTS-REMEDIATED/structured/conflict-members.csv","c521efd91d08d6c9145bc73a2eeb0c6598095eac40fad1414ce306eb5a275c0e","2969fa88cac48a50d6ddd663d22abc7b4888997887efbbfabea28d42d9f98d2d","absent","","needs_resolution","needs_resolution","","true","","","LCM-M2W2-AWS-PKG-0257","46fd41d8b19a82dc22c24ddee5c1b4e3534cacfe56bc4258cd1c9756ed67b552","74fe487790a0d2fbcaf012c1d60b409fd065dad5480a769843c28dab070036c4","f2682bdaf3ee4bee58aa95e20aa60461cc96a1f1fbc20a04b93bdcd2e98bc880","d10ad305a820f0fc1db7f2bf7030ca149ea7b556ceacd0a32d593f08a7cc01ff","m2_final_review_aws_package","2026-08-13","accept","只授权此 PK 按冻结来源行执行 write_action；除 review_status 外，写入语义列必须与 source_path 中该 PK 完全一致。package_review、independent_signoff 与 freeze_binding_status 由本签字和三项冻结哈希闭合。rebase_binding=AWS-SIGNOFF-REBASE-GOOGLE-SOURCE-GATE-20260813;post_field_rebase_binding=AWS-SIGNOFF-POST-FIELD-CONTRACT-20260813"
"AWS-SIGN-0258","lifecycle_pk_write","append_without_review_promotion","最小参考资料库/conflict-members.csv","conflict_member_id","CONFLICT-M2W2-AWS-INF2-HBM-BW-B","审计/子代理交接/m2_staging/M2-W2-AWS-PACKAGE-FACTS-REMEDIATED/structured/conflict-members.csv","c521efd91d08d6c9145bc73a2eeb0c6598095eac40fad1414ce306eb5a275c0e","2969fa88cac48a50d6ddd663d22abc7b4888997887efbbfabea28d42d9f98d2d","absent","","needs_resolution","needs_resolution","","true","","","LCM-M2W2-AWS-PKG-0258","46fd41d8b19a82dc22c24ddee5c1b4e3534cacfe56bc4258cd1c9756ed67b552","74fe487790a0d2fbcaf012c1d60b409fd065dad5480a769843c28dab070036c4","f2682bdaf3ee4bee58aa95e20aa60461cc96a1f1fbc20a04b93bdcd2e98bc880","d10ad305a820f0fc1db7f2bf7030ca149ea7b556ceacd0a32d593f08a7cc01ff","m2_final_review_aws_package","2026-08-13","accept","只授权此 PK 按冻结来源行执行 write_action；除 review_status 外，写入语义列必须与 source_path 中该 PK 完全一致。package_review、independent_signoff 与 freeze_binding_status 由本签字和三项冻结哈希闭合。rebase_binding=AWS-SIGNOFF-REBASE-GOOGLE-SOURCE-GATE-20260813;post_field_rebase_binding=AWS-SIGNOFF-POST-FIELD-CONTRACT-20260813"
"AWS-SIGN-0259","lifecycle_pk_write","append_without_review_promotion","最小参考资料库/conflict-members.csv","conflict_member_id","CONFLICT-M2W2-AWS-TRN3-HBM-CAPACITY-A","审计/子代理交接/m2_staging/M2-W2-AWS-PACKAGE-FACTS-REMEDIATED/structured/conflict-members.csv","c521efd91d08d6c9145bc73a2eeb0c6598095eac40fad1414ce306eb5a275c0e","2969fa88cac48a50d6ddd663d22abc7b4888997887efbbfabea28d42d9f98d2d","absent","","needs_resolution","needs_resolution","","true","","","LCM-M2W2-AWS-PKG-0259","46fd41d8b19a82dc22c24ddee5c1b4e3534cacfe56bc4258cd1c9756ed67b552","74fe487790a0d2fbcaf012c1d60b409fd065dad5480a769843c28dab070036c4","f2682bdaf3ee4bee58aa95e20aa60461cc96a1f1fbc20a04b93bdcd2e98bc880","d10ad305a820f0fc1db7f2bf7030ca149ea7b556ceacd0a32d593f08a7cc01ff","m2_final_review_aws_package","2026-08-13","accept","只授权此 PK 按冻结来源行执行 write_action；除 review_status 外，写入语义列必须与 source_path 中该 PK 完全一致。package_review、independent_signoff 与 freeze_binding_status 由本签字和三项冻结哈希闭合。rebase_binding=AWS-SIGNOFF-REBASE-GOOGLE-SOURCE-GATE-20260813;post_field_rebase_binding=AWS-SIGNOFF-POST-FIELD-CONTRACT-20260813"
"AWS-SIGN-0260","lifecycle_pk_write","append_without_review_promotion","最小参考资料库/conflict-members.csv","conflict_member_id","CONFLICT-M2W2-AWS-TRN3-HBM-CAPACITY-B","审计/子代理交接/m2_staging/M2-W2-AWS-PACKAGE-FACTS-REMEDIATED/structured/conflict-members.csv","c521efd91d08d6c9145bc73a2eeb0c6598095eac40fad1414ce306eb5a275c0e","2969fa88cac48a50d6ddd663d22abc7b4888997887efbbfabea28d42d9f98d2d","absent","","needs_resolution","needs_resolution","","true","","","LCM-M2W2-AWS-PKG-0260","46fd41d8b19a82dc22c24ddee5c1b4e3534cacfe56bc4258cd1c9756ed67b552","74fe487790a0d2fbcaf012c1d60b409fd065dad5480a769843c28dab070036c4","f2682bdaf3ee4bee58aa95e20aa60461cc96a1f1fbc20a04b93bdcd2e98bc880","d10ad305a820f0fc1db7f2bf7030ca149ea7b556ceacd0a32d593f08a7cc01ff","m2_final_review_aws_package","2026-08-13","accept","只授权此 PK 按冻结来源行执行 write_action；除 review_status 外，写入语义列必须与 source_path 中该 PK 完全一致。package_review、independent_signoff 与 freeze_binding_status 由本签字和三项冻结哈希闭合。rebase_binding=AWS-SIGNOFF-REBASE-GOOGLE-SOURCE-GATE-20260813;post_field_rebase_binding=AWS-SIGNOFF-POST-FIELD-CONTRACT-20260813"
"AWS-SIGN-0261","lifecycle_pk_write","append_without_review_promotion","最小参考资料库/conflict-members.csv","conflict_member_id","CONFLICT-M2W2-AWS-TRN3-HBM-BW-A","审计/子代理交接/m2_staging/M2-W2-AWS-PACKAGE-FACTS-REMEDIATED/structured/conflict-members.csv","c521efd91d08d6c9145bc73a2eeb0c6598095eac40fad1414ce306eb5a275c0e","2969fa88cac48a50d6ddd663d22abc7b4888997887efbbfabea28d42d9f98d2d","absent","","needs_resolution","needs_resolution","","true","","","LCM-M2W2-AWS-PKG-0261","46fd41d8b19a82dc22c24ddee5c1b4e3534cacfe56bc4258cd1c9756ed67b552","74fe487790a0d2fbcaf012c1d60b409fd065dad5480a769843c28dab070036c4","f2682bdaf3ee4bee58aa95e20aa60461cc96a1f1fbc20a04b93bdcd2e98bc880","d10ad305a820f0fc1db7f2bf7030ca149ea7b556ceacd0a32d593f08a7cc01ff","m2_final_review_aws_package","2026-08-13","accept","只授权此 PK 按冻结来源行执行 write_action；除 review_status 外，写入语义列必须与 source_path 中该 PK 完全一致。package_review、independent_signoff 与 freeze_binding_status 由本签字和三项冻结哈希闭合。rebase_binding=AWS-SIGNOFF-REBASE-GOOGLE-SOURCE-GATE-20260813;post_field_rebase_binding=AWS-SIGNOFF-POST-FIELD-CONTRACT-20260813"
"AWS-SIGN-0262","lifecycle_pk_write","append_without_review_promotion","最小参考资料库/conflict-members.csv","conflict_member_id","CONFLICT-M2W2-AWS-TRN3-HBM-BW-B","审计/子代理交接/m2_staging/M2-W2-AWS-PACKAGE-FACTS-REMEDIATED/structured/conflict-members.csv","c521efd91d08d6c9145bc73a2eeb0c6598095eac40fad1414ce306eb5a275c0e","2969fa88cac48a50d6ddd663d22abc7b4888997887efbbfabea28d42d9f98d2d","absent","","needs_resolution","needs_resolution","","true","","","LCM-M2W2-AWS-PKG-0262","46fd41d8b19a82dc22c24ddee5c1b4e3534cacfe56bc4258cd1c9756ed67b552","74fe487790a0d2fbcaf012c1d60b409fd065dad5480a769843c28dab070036c4","f2682bdaf3ee4bee58aa95e20aa60461cc96a1f1fbc20a04b93bdcd2e98bc880","d10ad305a820f0fc1db7f2bf7030ca149ea7b556ceacd0a32d593f08a7cc01ff","m2_final_review_aws_package","2026-08-13","accept","只授权此 PK 按冻结来源行执行 write_action；除 review_status 外，写入语义列必须与 source_path 中该 PK 完全一致。package_review、independent_signoff 与 freeze_binding_status 由本签字和三项冻结哈希闭合。rebase_binding=AWS-SIGNOFF-REBASE-GOOGLE-SOURCE-GATE-20260813;post_field_rebase_binding=AWS-SIGNOFF-POST-FIELD-CONTRACT-20260813"
"AWS-SIGN-0263","lifecycle_pk_write","append_without_review_promotion","最小参考资料库/conflict-members.csv","conflict_member_id","CONFLICT-M2W2-AWS-TRN3-CC-COUNT-A","审计/子代理交接/m2_staging/M2-W2-AWS-PACKAGE-FACTS-REMEDIATED/structured/conflict-members.csv","c521efd91d08d6c9145bc73a2eeb0c6598095eac40fad1414ce306eb5a275c0e","2969fa88cac48a50d6ddd663d22abc7b4888997887efbbfabea28d42d9f98d2d","absent","","needs_resolution","needs_resolution","","true","","","LCM-M2W2-AWS-PKG-0263","46fd41d8b19a82dc22c24ddee5c1b4e3534cacfe56bc4258cd1c9756ed67b552","74fe487790a0d2fbcaf012c1d60b409fd065dad5480a769843c28dab070036c4","f2682bdaf3ee4bee58aa95e20aa60461cc96a1f1fbc20a04b93bdcd2e98bc880","d10ad305a820f0fc1db7f2bf7030ca149ea7b556ceacd0a32d593f08a7cc01ff","m2_final_review_aws_package","2026-08-13","accept","只授权此 PK 按冻结来源行执行 write_action；除 review_status 外，写入语义列必须与 source_path 中该 PK 完全一致。package_review、independent_signoff 与 freeze_binding_status 由本签字和三项冻结哈希闭合。rebase_binding=AWS-SIGNOFF-REBASE-GOOGLE-SOURCE-GATE-20260813;post_field_rebase_binding=AWS-SIGNOFF-POST-FIELD-CONTRACT-20260813"
"AWS-SIGN-0264","lifecycle_pk_write","append_without_review_promotion","最小参考资料库/conflict-members.csv","conflict_member_id","CONFLICT-M2W2-AWS-TRN3-CC-COUNT-B","审计/子代理交接/m2_staging/M2-W2-AWS-PACKAGE-FACTS-REMEDIATED/structured/conflict-members.csv","c521efd91d08d6c9145bc73a2eeb0c6598095eac40fad1414ce306eb5a275c0e","2969fa88cac48a50d6ddd663d22abc7b4888997887efbbfabea28d42d9f98d2d","absent","","needs_resolution","needs_resolution","","true","","","LCM-M2W2-AWS-PKG-0264","46fd41d8b19a82dc22c24ddee5c1b4e3534cacfe56bc4258cd1c9756ed67b552","74fe487790a0d2fbcaf012c1d60b409fd065dad5480a769843c28dab070036c4","f2682bdaf3ee4bee58aa95e20aa60461cc96a1f1fbc20a04b93bdcd2e98bc880","d10ad305a820f0fc1db7f2bf7030ca149ea7b556ceacd0a32d593f08a7cc01ff","m2_final_review_aws_package","2026-08-13","accept","只授权此 PK 按冻结来源行执行 write_action；除 review_status 外，写入语义列必须与 source_path 中该 PK 完全一致。package_review、independent_signoff 与 freeze_binding_status 由本签字和三项冻结哈希闭合。rebase_binding=AWS-SIGNOFF-REBASE-GOOGLE-SOURCE-GATE-20260813;post_field_rebase_binding=AWS-SIGNOFF-POST-FIELD-CONTRACT-20260813"
"AWS-SIGN-0265","lifecycle_pk_write","append_then_promote_review_status","最小参考资料库/fact-assertions.csv","assertion_id","ASRT-M2W2-AWS-INF1-NCV1-COUNT-A01-1","审计/子代理交接/m2_staging/M2-W2-AWS-PACKAGE-FACTS-REMEDIATED/structured/fact-assertions.csv","88738405349bc7e5efff1e8dd26bd2b1550a13a94d69d03a4cb16564b52a2f8c","be571472611c65a73ff526f77383631f0df61c70e0b3a57d2bfd6f65cbfb089e","absent","","draft","reviewed","extraction_status=source_checked","true","","","LCM-M2W2-AWS-PKG-0265","46fd41d8b19a82dc22c24ddee5c1b4e3534cacfe56bc4258cd1c9756ed67b552","74fe487790a0d2fbcaf012c1d60b409fd065dad5480a769843c28dab070036c4","f2682bdaf3ee4bee58aa95e20aa60461cc96a1f1fbc20a04b93bdcd2e98bc880","d10ad305a820f0fc1db7f2bf7030ca149ea7b556ceacd0a32d593f08a7cc01ff","m2_final_review_aws_package","2026-08-13","accept","只授权此 PK 按冻结来源行执行 write_action；除 review_status 外，写入语义列必须与 source_path 中该 PK 完全一致。package_review、independent_signoff 与 freeze_binding_status 由本签字和三项冻结哈希闭合。rebase_binding=AWS-SIGNOFF-REBASE-GOOGLE-SOURCE-GATE-20260813;post_field_rebase_binding=AWS-SIGNOFF-POST-FIELD-CONTRACT-20260813"
"AWS-SIGN-0266","lifecycle_pk_write","append_then_promote_review_status","最小参考资料库/fact-assertions.csv","assertion_id","ASRT-M2W2-AWS-INF1-CHIP-INT8-PEAK-A01-1","审计/子代理交接/m2_staging/M2-W2-AWS-PACKAGE-FACTS-REMEDIATED/structured/fact-assertions.csv","88738405349bc7e5efff1e8dd26bd2b1550a13a94d69d03a4cb16564b52a2f8c","be571472611c65a73ff526f77383631f0df61c70e0b3a57d2bfd6f65cbfb089e","absent","","draft","reviewed","extraction_status=source_checked","true","","","LCM-M2W2-AWS-PKG-0266","46fd41d8b19a82dc22c24ddee5c1b4e3534cacfe56bc4258cd1c9756ed67b552","74fe487790a0d2fbcaf012c1d60b409fd065dad5480a769843c28dab070036c4","f2682bdaf3ee4bee58aa95e20aa60461cc96a1f1fbc20a04b93bdcd2e98bc880","d10ad305a820f0fc1db7f2bf7030ca149ea7b556ceacd0a32d593f08a7cc01ff","m2_final_review_aws_package","2026-08-13","accept","只授权此 PK 按冻结来源行执行 write_action；除 review_status 外，写入语义列必须与 source_path 中该 PK 完全一致。package_review、independent_signoff 与 freeze_binding_status 由本签字和三项冻结哈希闭合。rebase_binding=AWS-SIGNOFF-REBASE-GOOGLE-SOURCE-GATE-20260813;post_field_rebase_binding=AWS-SIGNOFF-POST-FIELD-CONTRACT-20260813"
"AWS-SIGN-0267","lifecycle_pk_write","append_then_promote_review_status","最小参考资料库/fact-assertions.csv","assertion_id","ASRT-M2W2-AWS-INF1-CHIP-FP16BF16-PEAK-A01-1","审计/子代理交接/m2_staging/M2-W2-AWS-PACKAGE-FACTS-REMEDIATED/structured/fact-assertions.csv","88738405349bc7e5efff1e8dd26bd2b1550a13a94d69d03a4cb16564b52a2f8c","be571472611c65a73ff526f77383631f0df61c70e0b3a57d2bfd6f65cbfb089e","absent","","draft","reviewed","extraction_status=source_checked","true","","","LCM-M2W2-AWS-PKG-0267","46fd41d8b19a82dc22c24ddee5c1b4e3534cacfe56bc4258cd1c9756ed67b552","74fe487790a0d2fbcaf012c1d60b409fd065dad5480a769843c28dab070036c4","f2682bdaf3ee4bee58aa95e20aa60461cc96a1f1fbc20a04b93bdcd2e98bc880","d10ad305a820f0fc1db7f2bf7030ca149ea7b556ceacd0a32d593f08a7cc01ff","m2_final_review_aws_package","2026-08-13","accept","只授权此 PK 按冻结来源行执行 write_action；除 review_status 外，写入语义列必须与 source_path 中该 PK 完全一致。package_review、independent_signoff 与 freeze_binding_status 由本签字和三项冻结哈希闭合。rebase_binding=AWS-SIGNOFF-REBASE-GOOGLE-SOURCE-GATE-20260813;post_field_rebase_binding=AWS-SIGNOFF-POST-FIELD-CONTRACT-20260813"
"AWS-SIGN-0268","lifecycle_pk_write","append_then_promote_review_status","最小参考资料库/fact-assertions.csv","assertion_id","ASRT-M2W2-AWS-INF1-DRAM-CAPACITY-A01-1","审计/子代理交接/m2_staging/M2-W2-AWS-PACKAGE-FACTS-REMEDIATED/structured/fact-assertions.csv","88738405349bc7e5efff1e8dd26bd2b1550a13a94d69d03a4cb16564b52a2f8c","be571472611c65a73ff526f77383631f0df61c70e0b3a57d2bfd6f65cbfb089e","absent","","draft","reviewed","extraction_status=source_checked","true","","","LCM-M2W2-AWS-PKG-0268","46fd41d8b19a82dc22c24ddee5c1b4e3534cacfe56bc4258cd1c9756ed67b552","74fe487790a0d2fbcaf012c1d60b409fd065dad5480a769843c28dab070036c4","f2682bdaf3ee4bee58aa95e20aa60461cc96a1f1fbc20a04b93bdcd2e98bc880","d10ad305a820f0fc1db7f2bf7030ca149ea7b556ceacd0a32d593f08a7cc01ff","m2_final_review_aws_package","2026-08-13","accept","只授权此 PK 按冻结来源行执行 write_action；除 review_status 外，写入语义列必须与 source_path 中该 PK 完全一致。package_review、independent_signoff 与 freeze_binding_status 由本签字和三项冻结哈希闭合。rebase_binding=AWS-SIGNOFF-REBASE-GOOGLE-SOURCE-GATE-20260813;post_field_rebase_binding=AWS-SIGNOFF-POST-FIELD-CONTRACT-20260813"
"AWS-SIGN-0269","lifecycle_pk_write","append_then_promote_review_status","最小参考资料库/fact-assertions.csv","assertion_id","ASRT-M2W2-AWS-INF1-DRAM-BW-A01-1","审计/子代理交接/m2_staging/M2-W2-AWS-PACKAGE-FACTS-REMEDIATED/structured/fact-assertions.csv","88738405349bc7e5efff1e8dd26bd2b1550a13a94d69d03a4cb16564b52a2f8c","be571472611c65a73ff526f77383631f0df61c70e0b3a57d2bfd6f65cbfb089e","absent","","draft","reviewed","extraction_status=source_checked","true","","","LCM-M2W2-AWS-PKG-0269","46fd41d8b19a82dc22c24ddee5c1b4e3534cacfe56bc4258cd1c9756ed67b552","74fe487790a0d2fbcaf012c1d60b409fd065dad5480a769843c28dab070036c4","f2682bdaf3ee4bee58aa95e20aa60461cc96a1f1fbc20a04b93bdcd2e98bc880","d10ad305a820f0fc1db7f2bf7030ca149ea7b556ceacd0a32d593f08a7cc01ff","m2_final_review_aws_package","2026-08-13","accept","只授权此 PK 按冻结来源行执行 write_action；除 review_status 外，写入语义列必须与 source_path 中该 PK 完全一致。package_review、independent_signoff 与 freeze_binding_status 由本签字和三项冻结哈希闭合。rebase_binding=AWS-SIGNOFF-REBASE-GOOGLE-SOURCE-GATE-20260813;post_field_rebase_binding=AWS-SIGNOFF-POST-FIELD-CONTRACT-20260813"
"AWS-SIGN-0270","lifecycle_pk_write","append_then_promote_review_status","最小参考资料库/fact-assertions.csv","assertion_id","ASRT-M2W2-AWS-INF1-NCV1-TENSOR-FP16BF16-A02-1","审计/子代理交接/m2_staging/M2-W2-AWS-PACKAGE-FACTS-REMEDIATED/structured/fact-assertions.csv","88738405349bc7e5efff1e8dd26bd2b1550a13a94d69d03a4cb16564b52a2f8c","be571472611c65a73ff526f77383631f0df61c70e0b3a57d2bfd6f65cbfb089e","absent","","draft","reviewed","extraction_status=source_checked","true","","","LCM-M2W2-AWS-PKG-0270","46fd41d8b19a82dc22c24ddee5c1b4e3534cacfe56bc4258cd1c9756ed67b552","74fe487790a0d2fbcaf012c1d60b409fd065dad5480a769843c28dab070036c4","f2682bdaf3ee4bee58aa95e20aa60461cc96a1f1fbc20a04b93bdcd2e98bc880","d10ad305a820f0fc1db7f2bf7030ca149ea7b556ceacd0a32d593f08a7cc01ff","m2_final_review_aws_package","2026-08-13","accept","只授权此 PK 按冻结来源行执行 write_action；除 review_status 外，写入语义列必须与 source_path 中该 PK 完全一致。package_review、independent_signoff 与 freeze_binding_status 由本签字和三项冻结哈希闭合。rebase_binding=AWS-SIGNOFF-REBASE-GOOGLE-SOURCE-GATE-20260813;post_field_rebase_binding=AWS-SIGNOFF-POST-FIELD-CONTRACT-20260813"
"AWS-SIGN-0271","lifecycle_pk_write","append_then_promote_review_status","最小参考资料库/fact-assertions.csv","assertion_id","ASRT-M2W2-AWS-INF1-NCV1-VECTOR-OPS-CYCLE-A02-1","审计/子代理交接/m2_staging/M2-W2-AWS-PACKAGE-FACTS-REMEDIATED/structured/fact-assertions.csv","88738405349bc7e5efff1e8dd26bd2b1550a13a94d69d03a4cb16564b52a2f8c","be571472611c65a73ff526f77383631f0df61c70e0b3a57d2bfd6f65cbfb089e","absent","","draft","reviewed","extraction_status=source_checked","true","","","LCM-M2W2-AWS-PKG-0271","46fd41d8b19a82dc22c24ddee5c1b4e3534cacfe56bc4258cd1c9756ed67b552","74fe487790a0d2fbcaf012c1d60b409fd065dad5480a769843c28dab070036c4","f2682bdaf3ee4bee58aa95e20aa60461cc96a1f1fbc20a04b93bdcd2e98bc880","d10ad305a820f0fc1db7f2bf7030ca149ea7b556ceacd0a32d593f08a7cc01ff","m2_final_review_aws_package","2026-08-13","accept","只授权此 PK 按冻结来源行执行 write_action；除 review_status 外，写入语义列必须与 source_path 中该 PK 完全一致。package_review、independent_signoff 与 freeze_binding_status 由本签字和三项冻结哈希闭合。rebase_binding=AWS-SIGNOFF-REBASE-GOOGLE-SOURCE-GATE-20260813;post_field_rebase_binding=AWS-SIGNOFF-POST-FIELD-CONTRACT-20260813"
"AWS-SIGN-0272","lifecycle_pk_write","append_then_promote_review_status","最小参考资料库/fact-assertions.csv","assertion_id","ASRT-M2W2-AWS-INF1-NCV1-SCALAR-OPS-CYCLE-A02-1","审计/子代理交接/m2_staging/M2-W2-AWS-PACKAGE-FACTS-REMEDIATED/structured/fact-assertions.csv","88738405349bc7e5efff1e8dd26bd2b1550a13a94d69d03a4cb16564b52a2f8c","be571472611c65a73ff526f77383631f0df61c70e0b3a57d2bfd6f65cbfb089e","absent","","draft","reviewed","extraction_status=source_checked","true","","","LCM-M2W2-AWS-PKG-0272","46fd41d8b19a82dc22c24ddee5c1b4e3534cacfe56bc4258cd1c9756ed67b552","74fe487790a0d2fbcaf012c1d60b409fd065dad5480a769843c28dab070036c4","f2682bdaf3ee4bee58aa95e20aa60461cc96a1f1fbc20a04b93bdcd2e98bc880","d10ad305a820f0fc1db7f2bf7030ca149ea7b556ceacd0a32d593f08a7cc01ff","m2_final_review_aws_package","2026-08-13","accept","只授权此 PK 按冻结来源行执行 write_action；除 review_status 外，写入语义列必须与 source_path 中该 PK 完全一致。package_review、independent_signoff 与 freeze_binding_status 由本签字和三项冻结哈希闭合。rebase_binding=AWS-SIGNOFF-REBASE-GOOGLE-SOURCE-GATE-20260813;post_field_rebase_binding=AWS-SIGNOFF-POST-FIELD-CONTRACT-20260813"
"AWS-SIGN-0273","lifecycle_pk_write","append_then_promote_review_status","最小参考资料库/fact-assertions.csv","assertion_id","ASRT-M2W2-AWS-TRN1-NCV2-COUNT-A03-1","审计/子代理交接/m2_staging/M2-W2-AWS-PACKAGE-FACTS-REMEDIATED/structured/fact-assertions.csv","88738405349bc7e5efff1e8dd26bd2b1550a13a94d69d03a4cb16564b52a2f8c","be571472611c65a73ff526f77383631f0df61c70e0b3a57d2bfd6f65cbfb089e","absent","","draft","reviewed","extraction_status=source_checked","true","","","LCM-M2W2-AWS-PKG-0273","46fd41d8b19a82dc22c24ddee5c1b4e3534cacfe56bc4258cd1c9756ed67b552","74fe487790a0d2fbcaf012c1d60b409fd065dad5480a769843c28dab070036c4","f2682bdaf3ee4bee58aa95e20aa60461cc96a1f1fbc20a04b93bdcd2e98bc880","d10ad305a820f0fc1db7f2bf7030ca149ea7b556ceacd0a32d593f08a7cc01ff","m2_final_review_aws_package","2026-08-13","accept","只授权此 PK 按冻结来源行执行 write_action；除 review_status 外，写入语义列必须与 source_path 中该 PK 完全一致。package_review、independent_signoff 与 freeze_binding_status 由本签字和三项冻结哈希闭合。rebase_binding=AWS-SIGNOFF-REBASE-GOOGLE-SOURCE-GATE-20260813;post_field_rebase_binding=AWS-SIGNOFF-POST-FIELD-CONTRACT-20260813"
"AWS-SIGN-0274","lifecycle_pk_write","append_then_promote_review_status","最小参考资料库/fact-assertions.csv","assertion_id","ASRT-M2W2-AWS-TRN1-NCV2-COUNT-A05-2","审计/子代理交接/m2_staging/M2-W2-AWS-PACKAGE-FACTS-REMEDIATED/structured/fact-assertions.csv","88738405349bc7e5efff1e8dd26bd2b1550a13a94d69d03a4cb16564b52a2f8c","be571472611c65a73ff526f77383631f0df61c70e0b3a57d2bfd6f65cbfb089e","absent","","draft","reviewed","extraction_status=source_checked","true","","","LCM-M2W2-AWS-PKG-0274","46fd41d8b19a82dc22c24ddee5c1b4e3534cacfe56bc4258cd1c9756ed67b552","74fe487790a0d2fbcaf012c1d60b409fd065dad5480a769843c28dab070036c4","f2682bdaf3ee4bee58aa95e20aa60461cc96a1f1fbc20a04b93bdcd2e98bc880","d10ad305a820f0fc1db7f2bf7030ca149ea7b556ceacd0a32d593f08a7cc01ff","m2_final_review_aws_package","2026-08-13","accept","只授权此 PK 按冻结来源行执行 write_action；除 review_status 外，写入语义列必须与 source_path 中该 PK 完全一致。package_review、independent_signoff 与 freeze_binding_status 由本签字和三项冻结哈希闭合。rebase_binding=AWS-SIGNOFF-REBASE-GOOGLE-SOURCE-GATE-20260813;post_field_rebase_binding=AWS-SIGNOFF-POST-FIELD-CONTRACT-20260813"
"AWS-SIGN-0275","lifecycle_pk_write","append_then_promote_review_status","最小参考资料库/fact-assertions.csv","assertion_id","ASRT-M2W2-AWS-TRN1-CHIP-INT8-PEAK-A03-1","审计/子代理交接/m2_staging/M2-W2-AWS-PACKAGE-FACTS-REMEDIATED/structured/fact-assertions.csv","88738405349bc7e5efff1e8dd26bd2b1550a13a94d69d03a4cb16564b52a2f8c","be571472611c65a73ff526f77383631f0df61c70e0b3a57d2bfd6f65cbfb089e","absent","","draft","reviewed","extraction_status=source_checked","true","","","LCM-M2W2-AWS-PKG-0275","46fd41d8b19a82dc22c24ddee5c1b4e3534cacfe56bc4258cd1c9756ed67b552","74fe487790a0d2fbcaf012c1d60b409fd065dad5480a769843c28dab070036c4","f2682bdaf3ee4bee58aa95e20aa60461cc96a1f1fbc20a04b93bdcd2e98bc880","d10ad305a820f0fc1db7f2bf7030ca149ea7b556ceacd0a32d593f08a7cc01ff","m2_final_review_aws_package","2026-08-13","accept","只授权此 PK 按冻结来源行执行 write_action；除 review_status 外，写入语义列必须与 source_path 中该 PK 完全一致。package_review、independent_signoff 与 freeze_binding_status 由本签字和三项冻结哈希闭合。rebase_binding=AWS-SIGNOFF-REBASE-GOOGLE-SOURCE-GATE-20260813;post_field_rebase_binding=AWS-SIGNOFF-POST-FIELD-CONTRACT-20260813"
"AWS-SIGN-0276","lifecycle_pk_write","append_then_promote_review_status","最小参考资料库/fact-assertions.csv","assertion_id","ASRT-M2W2-AWS-TRN1-CHIP-MIXED-PEAK-A03-1","审计/子代理交接/m2_staging/M2-W2-AWS-PACKAGE-FACTS-REMEDIATED/structured/fact-assertions.csv","88738405349bc7e5efff1e8dd26bd2b1550a13a94d69d03a4cb16564b52a2f8c","be571472611c65a73ff526f77383631f0df61c70e0b3a57d2bfd6f65cbfb089e","absent","","draft","reviewed","extraction_status=source_checked","true","","","LCM-M2W2-AWS-PKG-0276","46fd41d8b19a82dc22c24ddee5c1b4e3534cacfe56bc4258cd1c9756ed67b552","74fe487790a0d2fbcaf012c1d60b409fd065dad5480a769843c28dab070036c4","f2682bdaf3ee4bee58aa95e20aa60461cc96a1f1fbc20a04b93bdcd2e98bc880","d10ad305a820f0fc1db7f2bf7030ca149ea7b556ceacd0a32d593f08a7cc01ff","m2_final_review_aws_package","2026-08-13","accept","只授权此 PK 按冻结来源行执行 write_action；除 review_status 外，写入语义列必须与 source_path 中该 PK 完全一致。package_review、independent_signoff 与 freeze_binding_status 由本签字和三项冻结哈希闭合。rebase_binding=AWS-SIGNOFF-REBASE-GOOGLE-SOURCE-GATE-20260813;post_field_rebase_binding=AWS-SIGNOFF-POST-FIELD-CONTRACT-20260813"
"AWS-SIGN-0277","lifecycle_pk_write","append_then_promote_review_status","最小参考资料库/fact-assertions.csv","assertion_id","ASRT-M2W2-AWS-TRN1-CHIP-FP32-PEAK-A03-1","审计/子代理交接/m2_staging/M2-W2-AWS-PACKAGE-FACTS-REMEDIATED/structured/fact-assertions.csv","88738405349bc7e5efff1e8dd26bd2b1550a13a94d69d03a4cb16564b52a2f8c","be571472611c65a73ff526f77383631f0df61c70e0b3a57d2bfd6f65cbfb089e","absent","","draft","reviewed","extraction_status=source_checked","true","","","LCM-M2W2-AWS-PKG-0277","46fd41d8b19a82dc22c24ddee5c1b4e3534cacfe56bc4258cd1c9756ed67b552","74fe487790a0d2fbcaf012c1d60b409fd065dad5480a769843c28dab070036c4","f2682bdaf3ee4bee58aa95e20aa60461cc96a1f1fbc20a04b93bdcd2e98bc880","d10ad305a820f0fc1db7f2bf7030ca149ea7b556ceacd0a32d593f08a7cc01ff","m2_final_review_aws_package","2026-08-13","accept","只授权此 PK 按冻结来源行执行 write_action；除 review_status 外，写入语义列必须与 source_path 中该 PK 完全一致。package_review、independent_signoff 与 freeze_binding_status 由本签字和三项冻结哈希闭合。rebase_binding=AWS-SIGNOFF-REBASE-GOOGLE-SOURCE-GATE-20260813;post_field_rebase_binding=AWS-SIGNOFF-POST-FIELD-CONTRACT-20260813"
"AWS-SIGN-0278","lifecycle_pk_write","append_then_promote_review_status","最小参考资料库/fact-assertions.csv","assertion_id","ASRT-M2W2-AWS-TRN1-HBM-CAPACITY-A03-1","审计/子代理交接/m2_staging/M2-W2-AWS-PACKAGE-FACTS-REMEDIATED/structured/fact-assertions.csv","88738405349bc7e5efff1e8dd26bd2b1550a13a94d69d03a4cb16564b52a2f8c","be571472611c65a73ff526f77383631f0df61c70e0b3a57d2bfd6f65cbfb089e","absent","","draft","reviewed","extraction_status=source_checked","true","","","LCM-M2W2-AWS-PKG-0278","46fd41d8b19a82dc22c24ddee5c1b4e3534cacfe56bc4258cd1c9756ed67b552","74fe487790a0d2fbcaf012c1d60b409fd065dad5480a769843c28dab070036c4","f2682bdaf3ee4bee58aa95e20aa60461cc96a1f1fbc20a04b93bdcd2e98bc880","d10ad305a820f0fc1db7f2bf7030ca149ea7b556ceacd0a32d593f08a7cc01ff","m2_final_review_aws_package","2026-08-13","accept","只授权此 PK 按冻结来源行执行 write_action；除 review_status 外，写入语义列必须与 source_path 中该 PK 完全一致。package_review、independent_signoff 与 freeze_binding_status 由本签字和三项冻结哈希闭合。rebase_binding=AWS-SIGNOFF-REBASE-GOOGLE-SOURCE-GATE-20260813;post_field_rebase_binding=AWS-SIGNOFF-POST-FIELD-CONTRACT-20260813"
"AWS-SIGN-0279","lifecycle_pk_write","append_then_promote_review_status","最小参考资料库/fact-assertions.csv","assertion_id","ASRT-M2W2-AWS-TRN1-HBM-CAPACITY-A05-2","审计/子代理交接/m2_staging/M2-W2-AWS-PACKAGE-FACTS-REMEDIATED/structured/fact-assertions.csv","88738405349bc7e5efff1e8dd26bd2b1550a13a94d69d03a4cb16564b52a2f8c","be571472611c65a73ff526f77383631f0df61c70e0b3a57d2bfd6f65cbfb089e","absent","","draft","reviewed","extraction_status=source_checked","true","","","LCM-M2W2-AWS-PKG-0279","46fd41d8b19a82dc22c24ddee5c1b4e3534cacfe56bc4258cd1c9756ed67b552","74fe487790a0d2fbcaf012c1d60b409fd065dad5480a769843c28dab070036c4","f2682bdaf3ee4bee58aa95e20aa60461cc96a1f1fbc20a04b93bdcd2e98bc880","d10ad305a820f0fc1db7f2bf7030ca149ea7b556ceacd0a32d593f08a7cc01ff","m2_final_review_aws_package","2026-08-13","accept","只授权此 PK 按冻结来源行执行 write_action；除 review_status 外，写入语义列必须与 source_path 中该 PK 完全一致。package_review、independent_signoff 与 freeze_binding_status 由本签字和三项冻结哈希闭合。rebase_binding=AWS-SIGNOFF-REBASE-GOOGLE-SOURCE-GATE-20260813;post_field_rebase_binding=AWS-SIGNOFF-POST-FIELD-CONTRACT-20260813"
"AWS-SIGN-0280","lifecycle_pk_write","append_without_review_promotion","最小参考资料库/fact-assertions.csv","assertion_id","ASRT-M2W2-AWS-TRN1-HBM-BW-GIB-A03-1","审计/子代理交接/m2_staging/M2-W2-AWS-PACKAGE-FACTS-REMEDIATED/structured/fact-assertions.csv","88738405349bc7e5efff1e8dd26bd2b1550a13a94d69d03a4cb16564b52a2f8c","be571472611c65a73ff526f77383631f0df61c70e0b3a57d2bfd6f65cbfb089e","absent","","needs_resolution","needs_resolution","extraction_status=source_checked","true","","","LCM-M2W2-AWS-PKG-0280","46fd41d8b19a82dc22c24ddee5c1b4e3534cacfe56bc4258cd1c9756ed67b552","74fe487790a0d2fbcaf012c1d60b409fd065dad5480a769843c28dab070036c4","f2682bdaf3ee4bee58aa95e20aa60461cc96a1f1fbc20a04b93bdcd2e98bc880","d10ad305a820f0fc1db7f2bf7030ca149ea7b556ceacd0a32d593f08a7cc01ff","m2_final_review_aws_package","2026-08-13","accept","只授权此 PK 按冻结来源行执行 write_action；除 review_status 外，写入语义列必须与 source_path 中该 PK 完全一致。package_review、independent_signoff 与 freeze_binding_status 由本签字和三项冻结哈希闭合。rebase_binding=AWS-SIGNOFF-REBASE-GOOGLE-SOURCE-GATE-20260813;post_field_rebase_binding=AWS-SIGNOFF-POST-FIELD-CONTRACT-20260813"
"AWS-SIGN-0281","lifecycle_pk_write","append_without_review_promotion","最小参考资料库/fact-assertions.csv","assertion_id","ASRT-M2W2-AWS-TRN1-HBM-BW-GB-A05-1","审计/子代理交接/m2_staging/M2-W2-AWS-PACKAGE-FACTS-REMEDIATED/structured/fact-assertions.csv","88738405349bc7e5efff1e8dd26bd2b1550a13a94d69d03a4cb16564b52a2f8c","be571472611c65a73ff526f77383631f0df61c70e0b3a57d2bfd6f65cbfb089e","absent","","needs_resolution","needs_resolution","extraction_status=source_checked","true","","","LCM-M2W2-AWS-PKG-0281","46fd41d8b19a82dc22c24ddee5c1b4e3534cacfe56bc4258cd1c9756ed67b552","74fe487790a0d2fbcaf012c1d60b409fd065dad5480a769843c28dab070036c4","f2682bdaf3ee4bee58aa95e20aa60461cc96a1f1fbc20a04b93bdcd2e98bc880","d10ad305a820f0fc1db7f2bf7030ca149ea7b556ceacd0a32d593f08a7cc01ff","m2_final_review_aws_package","2026-08-13","accept","只授权此 PK 按冻结来源行执行 write_action；除 review_status 外，写入语义列必须与 source_path 中该 PK 完全一致。package_review、independent_signoff 与 freeze_binding_status 由本签字和三项冻结哈希闭合。rebase_binding=AWS-SIGNOFF-REBASE-GOOGLE-SOURCE-GATE-20260813;post_field_rebase_binding=AWS-SIGNOFF-POST-FIELD-CONTRACT-20260813"
"AWS-SIGN-0282","lifecycle_pk_write","append_then_promote_review_status","最小参考资料库/fact-assertions.csv","assertion_id","ASRT-M2W2-AWS-TRN1-DMA-BW-A03-1","审计/子代理交接/m2_staging/M2-W2-AWS-PACKAGE-FACTS-REMEDIATED/structured/fact-assertions.csv","88738405349bc7e5efff1e8dd26bd2b1550a13a94d69d03a4cb16564b52a2f8c","be571472611c65a73ff526f77383631f0df61c70e0b3a57d2bfd6f65cbfb089e","absent","","draft","reviewed","extraction_status=source_checked","true","","","LCM-M2W2-AWS-PKG-0282","46fd41d8b19a82dc22c24ddee5c1b4e3534cacfe56bc4258cd1c9756ed67b552","74fe487790a0d2fbcaf012c1d60b409fd065dad5480a769843c28dab070036c4","f2682bdaf3ee4bee58aa95e20aa60461cc96a1f1fbc20a04b93bdcd2e98bc880","d10ad305a820f0fc1db7f2bf7030ca149ea7b556ceacd0a32d593f08a7cc01ff","m2_final_review_aws_package","2026-08-13","accept","只授权此 PK 按冻结来源行执行 write_action；除 review_status 外，写入语义列必须与 source_path 中该 PK 完全一致。package_review、independent_signoff 与 freeze_binding_status 由本签字和三项冻结哈希闭合。rebase_binding=AWS-SIGNOFF-REBASE-GOOGLE-SOURCE-GATE-20260813;post_field_rebase_binding=AWS-SIGNOFF-POST-FIELD-CONTRACT-20260813"
"AWS-SIGN-0283","lifecycle_pk_write","append_then_promote_review_status","最小参考资料库/fact-assertions.csv","assertion_id","ASRT-M2W2-AWS-TRN1-DMA-COUNT-A05-1","审计/子代理交接/m2_staging/M2-W2-AWS-PACKAGE-FACTS-REMEDIATED/structured/fact-assertions.csv","88738405349bc7e5efff1e8dd26bd2b1550a13a94d69d03a4cb16564b52a2f8c","be571472611c65a73ff526f77383631f0df61c70e0b3a57d2bfd6f65cbfb089e","absent","","draft","reviewed","extraction_status=source_checked","true","","","LCM-M2W2-AWS-PKG-0283","46fd41d8b19a82dc22c24ddee5c1b4e3534cacfe56bc4258cd1c9756ed67b552","74fe487790a0d2fbcaf012c1d60b409fd065dad5480a769843c28dab070036c4","f2682bdaf3ee4bee58aa95e20aa60461cc96a1f1fbc20a04b93bdcd2e98bc880","d10ad305a820f0fc1db7f2bf7030ca149ea7b556ceacd0a32d593f08a7cc01ff","m2_final_review_aws_package","2026-08-13","accept","只授权此 PK 按冻结来源行执行 write_action；除 review_status 外，写入语义列必须与 source_path 中该 PK 完全一致。package_review、independent_signoff 与 freeze_binding_status 由本签字和三项冻结哈希闭合。rebase_binding=AWS-SIGNOFF-REBASE-GOOGLE-SOURCE-GATE-20260813;post_field_rebase_binding=AWS-SIGNOFF-POST-FIELD-CONTRACT-20260813"
"AWS-SIGN-0284","lifecycle_pk_write","append_then_promote_review_status","最小参考资料库/fact-assertions.csv","assertion_id","ASRT-M2W2-AWS-TRN1-CC-COUNT-A05-1","审计/子代理交接/m2_staging/M2-W2-AWS-PACKAGE-FACTS-REMEDIATED/structured/fact-assertions.csv","88738405349bc7e5efff1e8dd26bd2b1550a13a94d69d03a4cb16564b52a2f8c","be571472611c65a73ff526f77383631f0df61c70e0b3a57d2bfd6f65cbfb089e","absent","","draft","reviewed","extraction_status=source_checked","true","","","LCM-M2W2-AWS-PKG-0284","46fd41d8b19a82dc22c24ddee5c1b4e3534cacfe56bc4258cd1c9756ed67b552","74fe487790a0d2fbcaf012c1d60b409fd065dad5480a769843c28dab070036c4","f2682bdaf3ee4bee58aa95e20aa60461cc96a1f1fbc20a04b93bdcd2e98bc880","d10ad305a820f0fc1db7f2bf7030ca149ea7b556ceacd0a32d593f08a7cc01ff","m2_final_review_aws_package","2026-08-13","accept","只授权此 PK 按冻结来源行执行 write_action；除 review_status 外，写入语义列必须与 source_path 中该 PK 完全一致。package_review、independent_signoff 与 freeze_binding_status 由本签字和三项冻结哈希闭合。rebase_binding=AWS-SIGNOFF-REBASE-GOOGLE-SOURCE-GATE-20260813;post_field_rebase_binding=AWS-SIGNOFF-POST-FIELD-CONTRACT-20260813"
"AWS-SIGN-0285","lifecycle_pk_write","append_then_promote_review_status","最小参考资料库/fact-assertions.csv","assertion_id","ASRT-M2W2-AWS-TRN1-NEURONLINK-COUNT-A05-1","审计/子代理交接/m2_staging/M2-W2-AWS-PACKAGE-FACTS-REMEDIATED/structured/fact-assertions.csv","88738405349bc7e5efff1e8dd26bd2b1550a13a94d69d03a4cb16564b52a2f8c","be571472611c65a73ff526f77383631f0df61c70e0b3a57d2bfd6f65cbfb089e","absent","","draft","reviewed","extraction_status=source_checked","true","","","LCM-M2W2-AWS-PKG-0285","46fd41d8b19a82dc22c24ddee5c1b4e3534cacfe56bc4258cd1c9756ed67b552","74fe487790a0d2fbcaf012c1d60b409fd065dad5480a769843c28dab070036c4","f2682bdaf3ee4bee58aa95e20aa60461cc96a1f1fbc20a04b93bdcd2e98bc880","d10ad305a820f0fc1db7f2bf7030ca149ea7b556ceacd0a32d593f08a7cc01ff","m2_final_review_aws_package","2026-08-13","accept","只授权此 PK 按冻结来源行执行 write_action；除 review_status 外，写入语义列必须与 source_path 中该 PK 完全一致。package_review、independent_signoff 与 freeze_binding_status 由本签字和三项冻结哈希闭合。rebase_binding=AWS-SIGNOFF-REBASE-GOOGLE-SOURCE-GATE-20260813;post_field_rebase_binding=AWS-SIGNOFF-POST-FIELD-CONTRACT-20260813"
"AWS-SIGN-0286","lifecycle_pk_write","append_then_promote_review_status","最小参考资料库/fact-assertions.csv","assertion_id","ASRT-M2W2-AWS-INF2-NCV2-COUNT-A04-1","审计/子代理交接/m2_staging/M2-W2-AWS-PACKAGE-FACTS-REMEDIATED/structured/fact-assertions.csv","88738405349bc7e5efff1e8dd26bd2b1550a13a94d69d03a4cb16564b52a2f8c","be571472611c65a73ff526f77383631f0df61c70e0b3a57d2bfd6f65cbfb089e","absent","","draft","reviewed","extraction_status=source_checked","true","","","LCM-M2W2-AWS-PKG-0286","46fd41d8b19a82dc22c24ddee5c1b4e3534cacfe56bc4258cd1c9756ed67b552","74fe487790a0d2fbcaf012c1d60b409fd065dad5480a769843c28dab070036c4","f2682bdaf3ee4bee58aa95e20aa60461cc96a1f1fbc20a04b93bdcd2e98bc880","d10ad305a820f0fc1db7f2bf7030ca149ea7b556ceacd0a32d593f08a7cc01ff","m2_final_review_aws_package","2026-08-13","accept","只授权此 PK 按冻结来源行执行 write_action；除 review_status 外，写入语义列必须与 source_path 中该 PK 完全一致。package_review、independent_signoff 与 freeze_binding_status 由本签字和三项冻结哈希闭合。rebase_binding=AWS-SIGNOFF-REBASE-GOOGLE-SOURCE-GATE-20260813;post_field_rebase_binding=AWS-SIGNOFF-POST-FIELD-CONTRACT-20260813"
"AWS-SIGN-0287","lifecycle_pk_write","append_then_promote_review_status","最小参考资料库/fact-assertions.csv","assertion_id","ASRT-M2W2-AWS-INF2-NCV2-COUNT-A05-2","审计/子代理交接/m2_staging/M2-W2-AWS-PACKAGE-FACTS-REMEDIATED/structured/fact-assertions.csv","88738405349bc7e5efff1e8dd26bd2b1550a13a94d69d03a4cb16564b52a2f8c","be571472611c65a73ff526f77383631f0df61c70e0b3a57d2bfd6f65cbfb089e","absent","","draft","reviewed","extraction_status=source_checked","true","","","LCM-M2W2-AWS-PKG-0287","46fd41d8b19a82dc22c24ddee5c1b4e3534cacfe56bc4258cd1c9756ed67b552","74fe487790a0d2fbcaf012c1d60b409fd065dad5480a769843c28dab070036c4","f2682bdaf3ee4bee58aa95e20aa60461cc96a1f1fbc20a04b93bdcd2e98bc880","d10ad305a820f0fc1db7f2bf7030ca149ea7b556ceacd0a32d593f08a7cc01ff","m2_final_review_aws_package","2026-08-13","accept","只授权此 PK 按冻结来源行执行 write_action；除 review_status 外，写入语义列必须与 source_path 中该 PK 完全一致。package_review、independent_signoff 与 freeze_binding_status 由本签字和三项冻结哈希闭合。rebase_binding=AWS-SIGNOFF-REBASE-GOOGLE-SOURCE-GATE-20260813;post_field_rebase_binding=AWS-SIGNOFF-POST-FIELD-CONTRACT-20260813"
"AWS-SIGN-0288","lifecycle_pk_write","append_then_promote_review_status","最小参考资料库/fact-assertions.csv","assertion_id","ASRT-M2W2-AWS-INF2-CHIP-INT8-PEAK-A04-1","审计/子代理交接/m2_staging/M2-W2-AWS-PACKAGE-FACTS-REMEDIATED/structured/fact-assertions.csv","88738405349bc7e5efff1e8dd26bd2b1550a13a94d69d03a4cb16564b52a2f8c","be571472611c65a73ff526f77383631f0df61c70e0b3a57d2bfd6f65cbfb089e","absent","","draft","reviewed","extraction_status=source_checked","true","","","LCM-M2W2-AWS-PKG-0288","46fd41d8b19a82dc22c24ddee5c1b4e3534cacfe56bc4258cd1c9756ed67b552","74fe487790a0d2fbcaf012c1d60b409fd065dad5480a769843c28dab070036c4","f2682bdaf3ee4bee58aa95e20aa60461cc96a1f1fbc20a04b93bdcd2e98bc880","d10ad305a820f0fc1db7f2bf7030ca149ea7b556ceacd0a32d593f08a7cc01ff","m2_final_review_aws_package","2026-08-13","accept","只授权此 PK 按冻结来源行执行 write_action；除 review_status 外，写入语义列必须与 source_path 中该 PK 完全一致。package_review、independent_signoff 与 freeze_binding_status 由本签字和三项冻结哈希闭合。rebase_binding=AWS-SIGNOFF-REBASE-GOOGLE-SOURCE-GATE-20260813;post_field_rebase_binding=AWS-SIGNOFF-POST-FIELD-CONTRACT-20260813"
"AWS-SIGN-0289","lifecycle_pk_write","append_then_promote_review_status","最小参考资料库/fact-assertions.csv","assertion_id","ASRT-M2W2-AWS-INF2-CHIP-MIXED-PEAK-A04-1","审计/子代理交接/m2_staging/M2-W2-AWS-PACKAGE-FACTS-REMEDIATED/structured/fact-assertions.csv","88738405349bc7e5efff1e8dd26bd2b1550a13a94d69d03a4cb16564b52a2f8c","be571472611c65a73ff526f77383631f0df61c70e0b3a57d2bfd6f65cbfb089e","absent","","draft","reviewed","extraction_status=source_checked","true","","","LCM-M2W2-AWS-PKG-0289","46fd41d8b19a82dc22c24ddee5c1b4e3534cacfe56bc4258cd1c9756ed67b552","74fe487790a0d2fbcaf012c1d60b409fd065dad5480a769843c28dab070036c4","f2682bdaf3ee4bee58aa95e20aa60461cc96a1f1fbc20a04b93bdcd2e98bc880","d10ad305a820f0fc1db7f2bf7030ca149ea7b556ceacd0a32d593f08a7cc01ff","m2_final_review_aws_package","2026-08-13","accept","只授权此 PK 按冻结来源行执行 write_action；除 review_status 外，写入语义列必须与 source_path 中该 PK 完全一致。package_review、independent_signoff 与 freeze_binding_status 由本签字和三项冻结哈希闭合。rebase_binding=AWS-SIGNOFF-REBASE-GOOGLE-SOURCE-GATE-20260813;post_field_rebase_binding=AWS-SIGNOFF-POST-FIELD-CONTRACT-20260813"
"AWS-SIGN-0290","lifecycle_pk_write","append_then_promote_review_status","最小参考资料库/fact-assertions.csv","assertion_id","ASRT-M2W2-AWS-INF2-CHIP-FP32-PEAK-A04-1","审计/子代理交接/m2_staging/M2-W2-AWS-PACKAGE-FACTS-REMEDIATED/structured/fact-assertions.csv","88738405349bc7e5efff1e8dd26bd2b1550a13a94d69d03a4cb16564b52a2f8c","be571472611c65a73ff526f77383631f0df61c70e0b3a57d2bfd6f65cbfb089e","absent","","draft","reviewed","extraction_status=source_checked","true","","","LCM-M2W2-AWS-PKG-0290","46fd41d8b19a82dc22c24ddee5c1b4e3534cacfe56bc4258cd1c9756ed67b552","74fe487790a0d2fbcaf012c1d60b409fd065dad5480a769843c28dab070036c4","f2682bdaf3ee4bee58aa95e20aa60461cc96a1f1fbc20a04b93bdcd2e98bc880","d10ad305a820f0fc1db7f2bf7030ca149ea7b556ceacd0a32d593f08a7cc01ff","m2_final_review_aws_package","2026-08-13","accept","只授权此 PK 按冻结来源行执行 write_action；除 review_status 外，写入语义列必须与 source_path 中该 PK 完全一致。package_review、independent_signoff 与 freeze_binding_status 由本签字和三项冻结哈希闭合。rebase_binding=AWS-SIGNOFF-REBASE-GOOGLE-SOURCE-GATE-20260813;post_field_rebase_binding=AWS-SIGNOFF-POST-FIELD-CONTRACT-20260813"
"AWS-SIGN-0291","lifecycle_pk_write","append_then_promote_review_status","最小参考资料库/fact-assertions.csv","assertion_id","ASRT-M2W2-AWS-INF2-HBM-CAPACITY-A04-1","审计/子代理交接/m2_staging/M2-W2-AWS-PACKAGE-FACTS-REMEDIATED/structured/fact-assertions.csv","88738405349bc7e5efff1e8dd26bd2b1550a13a94d69d03a4cb16564b52a2f8c","be571472611c65a73ff526f77383631f0df61c70e0b3a57d2bfd6f65cbfb089e","absent","","draft","reviewed","extraction_status=source_checked","true","","","LCM-M2W2-AWS-PKG-0291","46fd41d8b19a82dc22c24ddee5c1b4e3534cacfe56bc4258cd1c9756ed67b552","74fe487790a0d2fbcaf012c1d60b409fd065dad5480a769843c28dab070036c4","f2682bdaf3ee4bee58aa95e20aa60461cc96a1f1fbc20a04b93bdcd2e98bc880","d10ad305a820f0fc1db7f2bf7030ca149ea7b556ceacd0a32d593f08a7cc01ff","m2_final_review_aws_package","2026-08-13","accept","只授权此 PK 按冻结来源行执行 write_action；除 review_status 外，写入语义列必须与 source_path 中该 PK 完全一致。package_review、independent_signoff 与 freeze_binding_status 由本签字和三项冻结哈希闭合。rebase_binding=AWS-SIGNOFF-REBASE-GOOGLE-SOURCE-GATE-20260813;post_field_rebase_binding=AWS-SIGNOFF-POST-FIELD-CONTRACT-20260813"
"AWS-SIGN-0292","lifecycle_pk_write","append_then_promote_review_status","最小参考资料库/fact-assertions.csv","assertion_id","ASRT-M2W2-AWS-INF2-HBM-CAPACITY-A05-2","审计/子代理交接/m2_staging/M2-W2-AWS-PACKAGE-FACTS-REMEDIATED/structured/fact-assertions.csv","88738405349bc7e5efff1e8dd26bd2b1550a13a94d69d03a4cb16564b52a2f8c","be571472611c65a73ff526f77383631f0df61c70e0b3a57d2bfd6f65cbfb089e","absent","","draft","reviewed","extraction_status=source_checked","true","","","LCM-M2W2-AWS-PKG-0292","46fd41d8b19a82dc22c24ddee5c1b4e3534cacfe56bc4258cd1c9756ed67b552","74fe487790a0d2fbcaf012c1d60b409fd065dad5480a769843c28dab070036c4","f2682bdaf3ee4bee58aa95e20aa60461cc96a1f1fbc20a04b93bdcd2e98bc880","d10ad305a820f0fc1db7f2bf7030ca149ea7b556ceacd0a32d593f08a7cc01ff","m2_final_review_aws_package","2026-08-13","accept","只授权此 PK 按冻结来源行执行 write_action；除 review_status 外，写入语义列必须与 source_path 中该 PK 完全一致。package_review、independent_signoff 与 freeze_binding_status 由本签字和三项冻结哈希闭合。rebase_binding=AWS-SIGNOFF-REBASE-GOOGLE-SOURCE-GATE-20260813;post_field_rebase_binding=AWS-SIGNOFF-POST-FIELD-CONTRACT-20260813"
"AWS-SIGN-0293","lifecycle_pk_write","append_without_review_promotion","最小参考资料库/fact-assertions.csv","assertion_id","ASRT-M2W2-AWS-INF2-HBM-BW-GIB-A04-1","审计/子代理交接/m2_staging/M2-W2-AWS-PACKAGE-FACTS-REMEDIATED/structured/fact-assertions.csv","88738405349bc7e5efff1e8dd26bd2b1550a13a94d69d03a4cb16564b52a2f8c","be571472611c65a73ff526f77383631f0df61c70e0b3a57d2bfd6f65cbfb089e","absent","","needs_resolution","needs_resolution","extraction_status=source_checked","true","","","LCM-M2W2-AWS-PKG-0293","46fd41d8b19a82dc22c24ddee5c1b4e3534cacfe56bc4258cd1c9756ed67b552","74fe487790a0d2fbcaf012c1d60b409fd065dad5480a769843c28dab070036c4","f2682bdaf3ee4bee58aa95e20aa60461cc96a1f1fbc20a04b93bdcd2e98bc880","d10ad305a820f0fc1db7f2bf7030ca149ea7b556ceacd0a32d593f08a7cc01ff","m2_final_review_aws_package","2026-08-13","accept","只授权此 PK 按冻结来源行执行 write_action；除 review_status 外，写入语义列必须与 source_path 中该 PK 完全一致。package_review、independent_signoff 与 freeze_binding_status 由本签字和三项冻结哈希闭合。rebase_binding=AWS-SIGNOFF-REBASE-GOOGLE-SOURCE-GATE-20260813;post_field_rebase_binding=AWS-SIGNOFF-POST-FIELD-CONTRACT-20260813"
"AWS-SIGN-0294","lifecycle_pk_write","append_without_review_promotion","最小参考资料库/fact-assertions.csv","assertion_id","ASRT-M2W2-AWS-INF2-HBM-BW-GB-A05-1","审计/子代理交接/m2_staging/M2-W2-AWS-PACKAGE-FACTS-REMEDIATED/structured/fact-assertions.csv","88738405349bc7e5efff1e8dd26bd2b1550a13a94d69d03a4cb16564b52a2f8c","be571472611c65a73ff526f77383631f0df61c70e0b3a57d2bfd6f65cbfb089e","absent","","needs_resolution","needs_resolution","extraction_status=source_checked","true","","","LCM-M2W2-AWS-PKG-0294","46fd41d8b19a82dc22c24ddee5c1b4e3534cacfe56bc4258cd1c9756ed67b552","74fe487790a0d2fbcaf012c1d60b409fd065dad5480a769843c28dab070036c4","f2682bdaf3ee4bee58aa95e20aa60461cc96a1f1fbc20a04b93bdcd2e98bc880","d10ad305a820f0fc1db7f2bf7030ca149ea7b556ceacd0a32d593f08a7cc01ff","m2_final_review_aws_package","2026-08-13","accept","只授权此 PK 按冻结来源行执行 write_action；除 review_status 外，写入语义列必须与 source_path 中该 PK 完全一致。package_review、independent_signoff 与 freeze_binding_status 由本签字和三项冻结哈希闭合。rebase_binding=AWS-SIGNOFF-REBASE-GOOGLE-SOURCE-GATE-20260813;post_field_rebase_binding=AWS-SIGNOFF-POST-FIELD-CONTRACT-20260813"
"AWS-SIGN-0295","lifecycle_pk_write","append_then_promote_review_status","最小参考资料库/fact-assertions.csv","assertion_id","ASRT-M2W2-AWS-INF2-DMA-BW-A04-1","审计/子代理交接/m2_staging/M2-W2-AWS-PACKAGE-FACTS-REMEDIATED/structured/fact-assertions.csv","88738405349bc7e5efff1e8dd26bd2b1550a13a94d69d03a4cb16564b52a2f8c","be571472611c65a73ff526f77383631f0df61c70e0b3a57d2bfd6f65cbfb089e","absent","","draft","reviewed","extraction_status=source_checked","true","","","LCM-M2W2-AWS-PKG-0295","46fd41d8b19a82dc22c24ddee5c1b4e3534cacfe56bc4258cd1c9756ed67b552","74fe487790a0d2fbcaf012c1d60b409fd065dad5480a769843c28dab070036c4","f2682bdaf3ee4bee58aa95e20aa60461cc96a1f1fbc20a04b93bdcd2e98bc880","d10ad305a820f0fc1db7f2bf7030ca149ea7b556ceacd0a32d593f08a7cc01ff","m2_final_review_aws_package","2026-08-13","accept","只授权此 PK 按冻结来源行执行 write_action；除 review_status 外，写入语义列必须与 source_path 中该 PK 完全一致。package_review、independent_signoff 与 freeze_binding_status 由本签字和三项冻结哈希闭合。rebase_binding=AWS-SIGNOFF-REBASE-GOOGLE-SOURCE-GATE-20260813;post_field_rebase_binding=AWS-SIGNOFF-POST-FIELD-CONTRACT-20260813"
"AWS-SIGN-0296","lifecycle_pk_write","append_then_promote_review_status","最小参考资料库/fact-assertions.csv","assertion_id","ASRT-M2W2-AWS-INF2-DMA-COUNT-A05-1","审计/子代理交接/m2_staging/M2-W2-AWS-PACKAGE-FACTS-REMEDIATED/structured/fact-assertions.csv","88738405349bc7e5efff1e8dd26bd2b1550a13a94d69d03a4cb16564b52a2f8c","be571472611c65a73ff526f77383631f0df61c70e0b3a57d2bfd6f65cbfb089e","absent","","draft","reviewed","extraction_status=source_checked","true","","","LCM-M2W2-AWS-PKG-0296","46fd41d8b19a82dc22c24ddee5c1b4e3534cacfe56bc4258cd1c9756ed67b552","74fe487790a0d2fbcaf012c1d60b409fd065dad5480a769843c28dab070036c4","f2682bdaf3ee4bee58aa95e20aa60461cc96a1f1fbc20a04b93bdcd2e98bc880","d10ad305a820f0fc1db7f2bf7030ca149ea7b556ceacd0a32d593f08a7cc01ff","m2_final_review_aws_package","2026-08-13","accept","只授权此 PK 按冻结来源行执行 write_action；除 review_status 外，写入语义列必须与 source_path 中该 PK 完全一致。package_review、independent_signoff 与 freeze_binding_status 由本签字和三项冻结哈希闭合。rebase_binding=AWS-SIGNOFF-REBASE-GOOGLE-SOURCE-GATE-20260813;post_field_rebase_binding=AWS-SIGNOFF-POST-FIELD-CONTRACT-20260813"
"AWS-SIGN-0297","lifecycle_pk_write","append_then_promote_review_status","最小参考资料库/fact-assertions.csv","assertion_id","ASRT-M2W2-AWS-INF2-CC-COUNT-A05-1","审计/子代理交接/m2_staging/M2-W2-AWS-PACKAGE-FACTS-REMEDIATED/structured/fact-assertions.csv","88738405349bc7e5efff1e8dd26bd2b1550a13a94d69d03a4cb16564b52a2f8c","be571472611c65a73ff526f77383631f0df61c70e0b3a57d2bfd6f65cbfb089e","absent","","draft","reviewed","extraction_status=source_checked","true","","","LCM-M2W2-AWS-PKG-0297","46fd41d8b19a82dc22c24ddee5c1b4e3534cacfe56bc4258cd1c9756ed67b552","74fe487790a0d2fbcaf012c1d60b409fd065dad5480a769843c28dab070036c4","f2682bdaf3ee4bee58aa95e20aa60461cc96a1f1fbc20a04b93bdcd2e98bc880","d10ad305a820f0fc1db7f2bf7030ca149ea7b556ceacd0a32d593f08a7cc01ff","m2_final_review_aws_package","2026-08-13","accept","只授权此 PK 按冻结来源行执行 write_action；除 review_status 外，写入语义列必须与 source_path 中该 PK 完全一致。package_review、independent_signoff 与 freeze_binding_status 由本签字和三项冻结哈希闭合。rebase_binding=AWS-SIGNOFF-REBASE-GOOGLE-SOURCE-GATE-20260813;post_field_rebase_binding=AWS-SIGNOFF-POST-FIELD-CONTRACT-20260813"
"AWS-SIGN-0298","lifecycle_pk_write","append_then_promote_review_status","最小参考资料库/fact-assertions.csv","assertion_id","ASRT-M2W2-AWS-INF2-NEURONLINK-COUNT-A05-1","审计/子代理交接/m2_staging/M2-W2-AWS-PACKAGE-FACTS-REMEDIATED/structured/fact-assertions.csv","88738405349bc7e5efff1e8dd26bd2b1550a13a94d69d03a4cb16564b52a2f8c","be571472611c65a73ff526f77383631f0df61c70e0b3a57d2bfd6f65cbfb089e","absent","","draft","reviewed","extraction_status=source_checked","true","","","LCM-M2W2-AWS-PKG-0298","46fd41d8b19a82dc22c24ddee5c1b4e3534cacfe56bc4258cd1c9756ed67b552","74fe487790a0d2fbcaf012c1d60b409fd065dad5480a769843c28dab070036c4","f2682bdaf3ee4bee58aa95e20aa60461cc96a1f1fbc20a04b93bdcd2e98bc880","d10ad305a820f0fc1db7f2bf7030ca149ea7b556ceacd0a32d593f08a7cc01ff","m2_final_review_aws_package","2026-08-13","accept","只授权此 PK 按冻结来源行执行 write_action；除 review_status 外，写入语义列必须与 source_path 中该 PK 完全一致。package_review、independent_signoff 与 freeze_binding_status 由本签字和三项冻结哈希闭合。rebase_binding=AWS-SIGNOFF-REBASE-GOOGLE-SOURCE-GATE-20260813;post_field_rebase_binding=AWS-SIGNOFF-POST-FIELD-CONTRACT-20260813"
"AWS-SIGN-0299","lifecycle_pk_write","append_then_promote_review_status","最小参考资料库/fact-assertions.csv","assertion_id","ASRT-M2W2-AWS-TRN3-NCV4-COUNT-A06-1","审计/子代理交接/m2_staging/M2-W2-AWS-PACKAGE-FACTS-REMEDIATED/structured/fact-assertions.csv","88738405349bc7e5efff1e8dd26bd2b1550a13a94d69d03a4cb16564b52a2f8c","be571472611c65a73ff526f77383631f0df61c70e0b3a57d2bfd6f65cbfb089e","absent","","draft","reviewed","extraction_status=source_checked","true","","","LCM-M2W2-AWS-PKG-0299","46fd41d8b19a82dc22c24ddee5c1b4e3534cacfe56bc4258cd1c9756ed67b552","74fe487790a0d2fbcaf012c1d60b409fd065dad5480a769843c28dab070036c4","f2682bdaf3ee4bee58aa95e20aa60461cc96a1f1fbc20a04b93bdcd2e98bc880","d10ad305a820f0fc1db7f2bf7030ca149ea7b556ceacd0a32d593f08a7cc01ff","m2_final_review_aws_package","2026-08-13","accept","只授权此 PK 按冻结来源行执行 write_action；除 review_status 外，写入语义列必须与 source_path 中该 PK 完全一致。package_review、independent_signoff 与 freeze_binding_status 由本签字和三项冻结哈希闭合。rebase_binding=AWS-SIGNOFF-REBASE-GOOGLE-SOURCE-GATE-20260813;post_field_rebase_binding=AWS-SIGNOFF-POST-FIELD-CONTRACT-20260813"
"AWS-SIGN-0300","lifecycle_pk_write","append_then_promote_review_status","最小参考资料库/fact-assertions.csv","assertion_id","ASRT-M2W2-AWS-TRN3-NCV4-COUNT-A07-2","审计/子代理交接/m2_staging/M2-W2-AWS-PACKAGE-FACTS-REMEDIATED/structured/fact-assertions.csv","88738405349bc7e5efff1e8dd26bd2b1550a13a94d69d03a4cb16564b52a2f8c","be571472611c65a73ff526f77383631f0df61c70e0b3a57d2bfd6f65cbfb089e","absent","","draft","reviewed","extraction_status=source_checked","true","","","LCM-M2W2-AWS-PKG-0300","46fd41d8b19a82dc22c24ddee5c1b4e3534cacfe56bc4258cd1c9756ed67b552","74fe487790a0d2fbcaf012c1d60b409fd065dad5480a769843c28dab070036c4","f2682bdaf3ee4bee58aa95e20aa60461cc96a1f1fbc20a04b93bdcd2e98bc880","d10ad305a820f0fc1db7f2bf7030ca149ea7b556ceacd0a32d593f08a7cc01ff","m2_final_review_aws_package","2026-08-13","accept","只授权此 PK 按冻结来源行执行 write_action；除 review_status 外，写入语义列必须与 source_path 中该 PK 完全一致。package_review、independent_signoff 与 freeze_binding_status 由本签字和三项冻结哈希闭合。rebase_binding=AWS-SIGNOFF-REBASE-GOOGLE-SOURCE-GATE-20260813;post_field_rebase_binding=AWS-SIGNOFF-POST-FIELD-CONTRACT-20260813"
"AWS-SIGN-0301","lifecycle_pk_write","append_then_promote_review_status","最小参考资料库/fact-assertions.csv","assertion_id","ASRT-M2W2-AWS-TRN3-CHIP-MX-PEAK-A06-1","审计/子代理交接/m2_staging/M2-W2-AWS-PACKAGE-FACTS-REMEDIATED/structured/fact-assertions.csv","88738405349bc7e5efff1e8dd26bd2b1550a13a94d69d03a4cb16564b52a2f8c","be571472611c65a73ff526f77383631f0df61c70e0b3a57d2bfd6f65cbfb089e","absent","","draft","reviewed","extraction_status=source_checked","true","","","LCM-M2W2-AWS-PKG-0301","46fd41d8b19a82dc22c24ddee5c1b4e3534cacfe56bc4258cd1c9756ed67b552","74fe487790a0d2fbcaf012c1d60b409fd065dad5480a769843c28dab070036c4","f2682bdaf3ee4bee58aa95e20aa60461cc96a1f1fbc20a04b93bdcd2e98bc880","d10ad305a820f0fc1db7f2bf7030ca149ea7b556ceacd0a32d593f08a7cc01ff","m2_final_review_aws_package","2026-08-13","accept","只授权此 PK 按冻结来源行执行 write_action；除 review_status 外，写入语义列必须与 source_path 中该 PK 完全一致。package_review、independent_signoff 与 freeze_binding_status 由本签字和三项冻结哈希闭合。rebase_binding=AWS-SIGNOFF-REBASE-GOOGLE-SOURCE-GATE-20260813;post_field_rebase_binding=AWS-SIGNOFF-POST-FIELD-CONTRACT-20260813"
"AWS-SIGN-0302","lifecycle_pk_write","append_then_promote_review_status","最小参考资料库/fact-assertions.csv","assertion_id","ASRT-M2W2-AWS-TRN3-CHIP-MIXED-PEAK-A06-1","审计/子代理交接/m2_staging/M2-W2-AWS-PACKAGE-FACTS-REMEDIATED/structured/fact-assertions.csv","88738405349bc7e5efff1e8dd26bd2b1550a13a94d69d03a4cb16564b52a2f8c","be571472611c65a73ff526f77383631f0df61c70e0b3a57d2bfd6f65cbfb089e","absent","","draft","reviewed","extraction_status=source_checked","true","","","LCM-M2W2-AWS-PKG-0302","46fd41d8b19a82dc22c24ddee5c1b4e3534cacfe56bc4258cd1c9756ed67b552","74fe487790a0d2fbcaf012c1d60b409fd065dad5480a769843c28dab070036c4","f2682bdaf3ee4bee58aa95e20aa60461cc96a1f1fbc20a04b93bdcd2e98bc880","d10ad305a820f0fc1db7f2bf7030ca149ea7b556ceacd0a32d593f08a7cc01ff","m2_final_review_aws_package","2026-08-13","accept","只授权此 PK 按冻结来源行执行 write_action；除 review_status 外，写入语义列必须与 source_path 中该 PK 完全一致。package_review、independent_signoff 与 freeze_binding_status 由本签字和三项冻结哈希闭合。rebase_binding=AWS-SIGNOFF-REBASE-GOOGLE-SOURCE-GATE-20260813;post_field_rebase_binding=AWS-SIGNOFF-POST-FIELD-CONTRACT-20260813"
"AWS-SIGN-0303","lifecycle_pk_write","append_then_promote_review_status","最小参考资料库/fact-assertions.csv","assertion_id","ASRT-M2W2-AWS-TRN3-CHIP-SPARSE-PEAK-A06-1","审计/子代理交接/m2_staging/M2-W2-AWS-PACKAGE-FACTS-REMEDIATED/structured/fact-assertions.csv","88738405349bc7e5efff1e8dd26bd2b1550a13a94d69d03a4cb16564b52a2f8c","be571472611c65a73ff526f77383631f0df61c70e0b3a57d2bfd6f65cbfb089e","absent","","draft","reviewed","extraction_status=source_checked","true","","","LCM-M2W2-AWS-PKG-0303","46fd41d8b19a82dc22c24ddee5c1b4e3534cacfe56bc4258cd1c9756ed67b552","74fe487790a0d2fbcaf012c1d60b409fd065dad5480a769843c28dab070036c4","f2682bdaf3ee4bee58aa95e20aa60461cc96a1f1fbc20a04b93bdcd2e98bc880","d10ad305a820f0fc1db7f2bf7030ca149ea7b556ceacd0a32d593f08a7cc01ff","m2_final_review_aws_package","2026-08-13","accept","只授权此 PK 按冻结来源行执行 write_action；除 review_status 外，写入语义列必须与 source_path 中该 PK 完全一致。package_review、independent_signoff 与 freeze_binding_status 由本签字和三项冻结哈希闭合。rebase_binding=AWS-SIGNOFF-REBASE-GOOGLE-SOURCE-GATE-20260813;post_field_rebase_binding=AWS-SIGNOFF-POST-FIELD-CONTRACT-20260813"
"AWS-SIGN-0304","lifecycle_pk_write","append_then_promote_review_status","最小参考资料库/fact-assertions.csv","assertion_id","ASRT-M2W2-AWS-TRN3-CHIP-FP32-PEAK-A06-1","审计/子代理交接/m2_staging/M2-W2-AWS-PACKAGE-FACTS-REMEDIATED/structured/fact-assertions.csv","88738405349bc7e5efff1e8dd26bd2b1550a13a94d69d03a4cb16564b52a2f8c","be571472611c65a73ff526f77383631f0df61c70e0b3a57d2bfd6f65cbfb089e","absent","","draft","reviewed","extraction_status=source_checked","true","","","LCM-M2W2-AWS-PKG-0304","46fd41d8b19a82dc22c24ddee5c1b4e3534cacfe56bc4258cd1c9756ed67b552","74fe487790a0d2fbcaf012c1d60b409fd065dad5480a769843c28dab070036c4","f2682bdaf3ee4bee58aa95e20aa60461cc96a1f1fbc20a04b93bdcd2e98bc880","d10ad305a820f0fc1db7f2bf7030ca149ea7b556ceacd0a32d593f08a7cc01ff","m2_final_review_aws_package","2026-08-13","accept","只授权此 PK 按冻结来源行执行 write_action；除 review_status 外，写入语义列必须与 source_path 中该 PK 完全一致。package_review、independent_signoff 与 freeze_binding_status 由本签字和三项冻结哈希闭合。rebase_binding=AWS-SIGNOFF-REBASE-GOOGLE-SOURCE-GATE-20260813;post_field_rebase_binding=AWS-SIGNOFF-POST-FIELD-CONTRACT-20260813"
"AWS-SIGN-0305","lifecycle_pk_write","append_then_promote_review_status","最小参考资料库/fact-assertions.csv","assertion_id","ASRT-M2W2-AWS-TRN3-NCV4-TENSOR-MX-A07-1","审计/子代理交接/m2_staging/M2-W2-AWS-PACKAGE-FACTS-REMEDIATED/structured/fact-assertions.csv","88738405349bc7e5efff1e8dd26bd2b1550a13a94d69d03a4cb16564b52a2f8c","be571472611c65a73ff526f77383631f0df61c70e0b3a57d2bfd6f65cbfb089e","absent","","draft","reviewed","extraction_status=source_checked","true","","","LCM-M2W2-AWS-PKG-0305","46fd41d8b19a82dc22c24ddee5c1b4e3534cacfe56bc4258cd1c9756ed67b552","74fe487790a0d2fbcaf012c1d60b409fd065dad5480a769843c28dab070036c4","f2682bdaf3ee4bee58aa95e20aa60461cc96a1f1fbc20a04b93bdcd2e98bc880","d10ad305a820f0fc1db7f2bf7030ca149ea7b556ceacd0a32d593f08a7cc01ff","m2_final_review_aws_package","2026-08-13","accept","只授权此 PK 按冻结来源行执行 write_action；除 review_status 外，写入语义列必须与 source_path 中该 PK 完全一致。package_review、independent_signoff 与 freeze_binding_status 由本签字和三项冻结哈希闭合。rebase_binding=AWS-SIGNOFF-REBASE-GOOGLE-SOURCE-GATE-20260813;post_field_rebase_binding=AWS-SIGNOFF-POST-FIELD-CONTRACT-20260813"
"AWS-SIGN-0306","lifecycle_pk_write","append_then_promote_review_status","最小参考资料库/fact-assertions.csv","assertion_id","ASRT-M2W2-AWS-TRN3-NCV4-TENSOR-MX-A10-2","审计/子代理交接/m2_staging/M2-W2-AWS-PACKAGE-FACTS-REMEDIATED/structured/fact-assertions.csv","88738405349bc7e5efff1e8dd26bd2b1550a13a94d69d03a4cb16564b52a2f8c","be571472611c65a73ff526f77383631f0df61c70e0b3a57d2bfd6f65cbfb089e","absent","","draft","reviewed","extraction_status=source_checked","true","","","LCM-M2W2-AWS-PKG-0306","46fd41d8b19a82dc22c24ddee5c1b4e3534cacfe56bc4258cd1c9756ed67b552","74fe487790a0d2fbcaf012c1d60b409fd065dad5480a769843c28dab070036c4","f2682bdaf3ee4bee58aa95e20aa60461cc96a1f1fbc20a04b93bdcd2e98bc880","d10ad305a820f0fc1db7f2bf7030ca149ea7b556ceacd0a32d593f08a7cc01ff","m2_final_review_aws_package","2026-08-13","accept","只授权此 PK 按冻结来源行执行 write_action；除 review_status 外，写入语义列必须与 source_path 中该 PK 完全一致。package_review、independent_signoff 与 freeze_binding_status 由本签字和三项冻结哈希闭合。rebase_binding=AWS-SIGNOFF-REBASE-GOOGLE-SOURCE-GATE-20260813;post_field_rebase_binding=AWS-SIGNOFF-POST-FIELD-CONTRACT-20260813"
"AWS-SIGN-0307","lifecycle_pk_write","append_then_promote_review_status","最小参考资料库/fact-assertions.csv","assertion_id","ASRT-M2W2-AWS-TRN3-NCV4-TENSOR-MIXED-A07-1","审计/子代理交接/m2_staging/M2-W2-AWS-PACKAGE-FACTS-REMEDIATED/structured/fact-assertions.csv","88738405349bc7e5efff1e8dd26bd2b1550a13a94d69d03a4cb16564b52a2f8c","be571472611c65a73ff526f77383631f0df61c70e0b3a57d2bfd6f65cbfb089e","absent","","draft","reviewed","extraction_status=source_checked","true","","","LCM-M2W2-AWS-PKG-0307","46fd41d8b19a82dc22c24ddee5c1b4e3534cacfe56bc4258cd1c9756ed67b552","74fe487790a0d2fbcaf012c1d60b409fd065dad5480a769843c28dab070036c4","f2682bdaf3ee4bee58aa95e20aa60461cc96a1f1fbc20a04b93bdcd2e98bc880","d10ad305a820f0fc1db7f2bf7030ca149ea7b556ceacd0a32d593f08a7cc01ff","m2_final_review_aws_package","2026-08-13","accept","只授权此 PK 按冻结来源行执行 write_action；除 review_status 外，写入语义列必须与 source_path 中该 PK 完全一致。package_review、independent_signoff 与 freeze_binding_status 由本签字和三项冻结哈希闭合。rebase_binding=AWS-SIGNOFF-REBASE-GOOGLE-SOURCE-GATE-20260813;post_field_rebase_binding=AWS-SIGNOFF-POST-FIELD-CONTRACT-20260813"
"AWS-SIGN-0308","lifecycle_pk_write","append_then_promote_review_status","最小参考资料库/fact-assertions.csv","assertion_id","ASRT-M2W2-AWS-TRN3-NCV4-TENSOR-MIXED-A10-2","审计/子代理交接/m2_staging/M2-W2-AWS-PACKAGE-FACTS-REMEDIATED/structured/fact-assertions.csv","88738405349bc7e5efff1e8dd26bd2b1550a13a94d69d03a4cb16564b52a2f8c","be571472611c65a73ff526f77383631f0df61c70e0b3a57d2bfd6f65cbfb089e","absent","","draft","reviewed","extraction_status=source_checked","true","","","LCM-M2W2-AWS-PKG-0308","46fd41d8b19a82dc22c24ddee5c1b4e3534cacfe56bc4258cd1c9756ed67b552","74fe487790a0d2fbcaf012c1d60b409fd065dad5480a769843c28dab070036c4","f2682bdaf3ee4bee58aa95e20aa60461cc96a1f1fbc20a04b93bdcd2e98bc880","d10ad305a820f0fc1db7f2bf7030ca149ea7b556ceacd0a32d593f08a7cc01ff","m2_final_review_aws_package","2026-08-13","accept","只授权此 PK 按冻结来源行执行 write_action；除 review_status 外，写入语义列必须与 source_path 中该 PK 完全一致。package_review、independent_signoff 与 freeze_binding_status 由本签字和三项冻结哈希闭合。rebase_binding=AWS-SIGNOFF-REBASE-GOOGLE-SOURCE-GATE-20260813;post_field_rebase_binding=AWS-SIGNOFF-POST-FIELD-CONTRACT-20260813"
"AWS-SIGN-0309","lifecycle_pk_write","append_then_promote_review_status","最小参考资料库/fact-assertions.csv","assertion_id","ASRT-M2W2-AWS-TRN3-NCV4-TENSOR-FP32-A07-1","审计/子代理交接/m2_staging/M2-W2-AWS-PACKAGE-FACTS-REMEDIATED/structured/fact-assertions.csv","88738405349bc7e5efff1e8dd26bd2b1550a13a94d69d03a4cb16564b52a2f8c","be571472611c65a73ff526f77383631f0df61c70e0b3a57d2bfd6f65cbfb089e","absent","","draft","reviewed","extraction_status=source_checked","true","","","LCM-M2W2-AWS-PKG-0309","46fd41d8b19a82dc22c24ddee5c1b4e3534cacfe56bc4258cd1c9756ed67b552","74fe487790a0d2fbcaf012c1d60b409fd065dad5480a769843c28dab070036c4","f2682bdaf3ee4bee58aa95e20aa60461cc96a1f1fbc20a04b93bdcd2e98bc880","d10ad305a820f0fc1db7f2bf7030ca149ea7b556ceacd0a32d593f08a7cc01ff","m2_final_review_aws_package","2026-08-13","accept","只授权此 PK 按冻结来源行执行 write_action；除 review_status 外，写入语义列必须与 source_path 中该 PK 完全一致。package_review、independent_signoff 与 freeze_binding_status 由本签字和三项冻结哈希闭合。rebase_binding=AWS-SIGNOFF-REBASE-GOOGLE-SOURCE-GATE-20260813;post_field_rebase_binding=AWS-SIGNOFF-POST-FIELD-CONTRACT-20260813"
"AWS-SIGN-0310","lifecycle_pk_write","append_then_promote_review_status","最小参考资料库/fact-assertions.csv","assertion_id","ASRT-M2W2-AWS-TRN3-NCV4-TENSOR-FP32-A10-2","审计/子代理交接/m2_staging/M2-W2-AWS-PACKAGE-FACTS-REMEDIATED/structured/fact-assertions.csv","88738405349bc7e5efff1e8dd26bd2b1550a13a94d69d03a4cb16564b52a2f8c","be571472611c65a73ff526f77383631f0df61c70e0b3a57d2bfd6f65cbfb089e","absent","","draft","reviewed","extraction_status=source_checked","true","","","LCM-M2W2-AWS-PKG-0310","46fd41d8b19a82dc22c24ddee5c1b4e3534cacfe56bc4258cd1c9756ed67b552","74fe487790a0d2fbcaf012c1d60b409fd065dad5480a769843c28dab070036c4","f2682bdaf3ee4bee58aa95e20aa60461cc96a1f1fbc20a04b93bdcd2e98bc880","d10ad305a820f0fc1db7f2bf7030ca149ea7b556ceacd0a32d593f08a7cc01ff","m2_final_review_aws_package","2026-08-13","accept","只授权此 PK 按冻结来源行执行 write_action；除 review_status 外，写入语义列必须与 source_path 中该 PK 完全一致。package_review、independent_signoff 与 freeze_binding_status 由本签字和三项冻结哈希闭合。rebase_binding=AWS-SIGNOFF-REBASE-GOOGLE-SOURCE-GATE-20260813;post_field_rebase_binding=AWS-SIGNOFF-POST-FIELD-CONTRACT-20260813"
"AWS-SIGN-0311","lifecycle_pk_write","append_then_promote_review_status","最小参考资料库/fact-assertions.csv","assertion_id","ASRT-M2W2-AWS-TRN3-NCV4-VECTOR-FP32-A10-1","审计/子代理交接/m2_staging/M2-W2-AWS-PACKAGE-FACTS-REMEDIATED/structured/fact-assertions.csv","88738405349bc7e5efff1e8dd26bd2b1550a13a94d69d03a4cb16564b52a2f8c","be571472611c65a73ff526f77383631f0df61c70e0b3a57d2bfd6f65cbfb089e","absent","","draft","reviewed","extraction_status=source_checked","true","","","LCM-M2W2-AWS-PKG-0311","46fd41d8b19a82dc22c24ddee5c1b4e3534cacfe56bc4258cd1c9756ed67b552","74fe487790a0d2fbcaf012c1d60b409fd065dad5480a769843c28dab070036c4","f2682bdaf3ee4bee58aa95e20aa60461cc96a1f1fbc20a04b93bdcd2e98bc880","d10ad305a820f0fc1db7f2bf7030ca149ea7b556ceacd0a32d593f08a7cc01ff","m2_final_review_aws_package","2026-08-13","accept","只授权此 PK 按冻结来源行执行 write_action；除 review_status 外，写入语义列必须与 source_path 中该 PK 完全一致。package_review、independent_signoff 与 freeze_binding_status 由本签字和三项冻结哈希闭合。rebase_binding=AWS-SIGNOFF-REBASE-GOOGLE-SOURCE-GATE-20260813;post_field_rebase_binding=AWS-SIGNOFF-POST-FIELD-CONTRACT-20260813"
"AWS-SIGN-0312","lifecycle_pk_write","append_then_promote_review_status","最小参考资料库/fact-assertions.csv","assertion_id","ASRT-M2W2-AWS-TRN3-NCV4-SCALAR-FP32-A10-1","审计/子代理交接/m2_staging/M2-W2-AWS-PACKAGE-FACTS-REMEDIATED/structured/fact-assertions.csv","88738405349bc7e5efff1e8dd26bd2b1550a13a94d69d03a4cb16564b52a2f8c","be571472611c65a73ff526f77383631f0df61c70e0b3a57d2bfd6f65cbfb089e","absent","","draft","reviewed","extraction_status=source_checked","true","","","LCM-M2W2-AWS-PKG-0312","46fd41d8b19a82dc22c24ddee5c1b4e3534cacfe56bc4258cd1c9756ed67b552","74fe487790a0d2fbcaf012c1d60b409fd065dad5480a769843c28dab070036c4","f2682bdaf3ee4bee58aa95e20aa60461cc96a1f1fbc20a04b93bdcd2e98bc880","d10ad305a820f0fc1db7f2bf7030ca149ea7b556ceacd0a32d593f08a7cc01ff","m2_final_review_aws_package","2026-08-13","accept","只授权此 PK 按冻结来源行执行 write_action；除 review_status 外，写入语义列必须与 source_path 中该 PK 完全一致。package_review、independent_signoff 与 freeze_binding_status 由本签字和三项冻结哈希闭合。rebase_binding=AWS-SIGNOFF-REBASE-GOOGLE-SOURCE-GATE-20260813;post_field_rebase_binding=AWS-SIGNOFF-POST-FIELD-CONTRACT-20260813"
"AWS-SIGN-0313","lifecycle_pk_write","append_then_promote_review_status","最小参考资料库/fact-assertions.csv","assertion_id","ASRT-M2W2-AWS-TRN3-NCV4-TENSOR-CLOCK-A07-1","审计/子代理交接/m2_staging/M2-W2-AWS-PACKAGE-FACTS-REMEDIATED/structured/fact-assertions.csv","88738405349bc7e5efff1e8dd26bd2b1550a13a94d69d03a4cb16564b52a2f8c","be571472611c65a73ff526f77383631f0df61c70e0b3a57d2bfd6f65cbfb089e","absent","","draft","reviewed","extraction_status=source_checked","true","","","LCM-M2W2-AWS-PKG-0313","46fd41d8b19a82dc22c24ddee5c1b4e3534cacfe56bc4258cd1c9756ed67b552","74fe487790a0d2fbcaf012c1d60b409fd065dad5480a769843c28dab070036c4","f2682bdaf3ee4bee58aa95e20aa60461cc96a1f1fbc20a04b93bdcd2e98bc880","d10ad305a820f0fc1db7f2bf7030ca149ea7b556ceacd0a32d593f08a7cc01ff","m2_final_review_aws_package","2026-08-13","accept","只授权此 PK 按冻结来源行执行 write_action；除 review_status 外，写入语义列必须与 source_path 中该 PK 完全一致。package_review、independent_signoff 与 freeze_binding_status 由本签字和三项冻结哈希闭合。rebase_binding=AWS-SIGNOFF-REBASE-GOOGLE-SOURCE-GATE-20260813;post_field_rebase_binding=AWS-SIGNOFF-POST-FIELD-CONTRACT-20260813"
"AWS-SIGN-0314","lifecycle_pk_write","append_then_promote_review_status","最小参考资料库/fact-assertions.csv","assertion_id","ASRT-M2W2-AWS-TRN3-SBUF-CAPACITY-A07-1","审计/子代理交接/m2_staging/M2-W2-AWS-PACKAGE-FACTS-REMEDIATED/structured/fact-assertions.csv","88738405349bc7e5efff1e8dd26bd2b1550a13a94d69d03a4cb16564b52a2f8c","be571472611c65a73ff526f77383631f0df61c70e0b3a57d2bfd6f65cbfb089e","absent","","draft","reviewed","extraction_status=source_checked","true","","","LCM-M2W2-AWS-PKG-0314","46fd41d8b19a82dc22c24ddee5c1b4e3534cacfe56bc4258cd1c9756ed67b552","74fe487790a0d2fbcaf012c1d60b409fd065dad5480a769843c28dab070036c4","f2682bdaf3ee4bee58aa95e20aa60461cc96a1f1fbc20a04b93bdcd2e98bc880","d10ad305a820f0fc1db7f2bf7030ca149ea7b556ceacd0a32d593f08a7cc01ff","m2_final_review_aws_package","2026-08-13","accept","只授权此 PK 按冻结来源行执行 write_action；除 review_status 外，写入语义列必须与 source_path 中该 PK 完全一致。package_review、independent_signoff 与 freeze_binding_status 由本签字和三项冻结哈希闭合。rebase_binding=AWS-SIGNOFF-REBASE-GOOGLE-SOURCE-GATE-20260813;post_field_rebase_binding=AWS-SIGNOFF-POST-FIELD-CONTRACT-20260813"
"AWS-SIGN-0315","lifecycle_pk_write","append_then_promote_review_status","最小参考资料库/fact-assertions.csv","assertion_id","ASRT-M2W2-AWS-TRN3-PSUM-CAPACITY-A07-1","审计/子代理交接/m2_staging/M2-W2-AWS-PACKAGE-FACTS-REMEDIATED/structured/fact-assertions.csv","88738405349bc7e5efff1e8dd26bd2b1550a13a94d69d03a4cb16564b52a2f8c","be571472611c65a73ff526f77383631f0df61c70e0b3a57d2bfd6f65cbfb089e","absent","","draft","reviewed","extraction_status=source_checked","true","","","LCM-M2W2-AWS-PKG-0315","46fd41d8b19a82dc22c24ddee5c1b4e3534cacfe56bc4258cd1c9756ed67b552","74fe487790a0d2fbcaf012c1d60b409fd065dad5480a769843c28dab070036c4","f2682bdaf3ee4bee58aa95e20aa60461cc96a1f1fbc20a04b93bdcd2e98bc880","d10ad305a820f0fc1db7f2bf7030ca149ea7b556ceacd0a32d593f08a7cc01ff","m2_final_review_aws_package","2026-08-13","accept","只授权此 PK 按冻结来源行执行 write_action；除 review_status 外，写入语义列必须与 source_path 中该 PK 完全一致。package_review、independent_signoff 与 freeze_binding_status 由本签字和三项冻结哈希闭合。rebase_binding=AWS-SIGNOFF-REBASE-GOOGLE-SOURCE-GATE-20260813;post_field_rebase_binding=AWS-SIGNOFF-POST-FIELD-CONTRACT-20260813"
"AWS-SIGN-0316","lifecycle_pk_write","append_without_review_promotion","最小参考资料库/fact-assertions.csv","assertion_id","ASRT-M2W2-AWS-TRN3-HBM-CAPACITY-GIB-A06-1","审计/子代理交接/m2_staging/M2-W2-AWS-PACKAGE-FACTS-REMEDIATED/structured/fact-assertions.csv","88738405349bc7e5efff1e8dd26bd2b1550a13a94d69d03a4cb16564b52a2f8c","be571472611c65a73ff526f77383631f0df61c70e0b3a57d2bfd6f65cbfb089e","absent","","needs_resolution","needs_resolution","extraction_status=source_checked","true","","","LCM-M2W2-AWS-PKG-0316","46fd41d8b19a82dc22c24ddee5c1b4e3534cacfe56bc4258cd1c9756ed67b552","74fe487790a0d2fbcaf012c1d60b409fd065dad5480a769843c28dab070036c4","f2682bdaf3ee4bee58aa95e20aa60461cc96a1f1fbc20a04b93bdcd2e98bc880","d10ad305a820f0fc1db7f2bf7030ca149ea7b556ceacd0a32d593f08a7cc01ff","m2_final_review_aws_package","2026-08-13","accept","只授权此 PK 按冻结来源行执行 write_action；除 review_status 外，写入语义列必须与 source_path 中该 PK 完全一致。package_review、independent_signoff 与 freeze_binding_status 由本签字和三项冻结哈希闭合。rebase_binding=AWS-SIGNOFF-REBASE-GOOGLE-SOURCE-GATE-20260813;post_field_rebase_binding=AWS-SIGNOFF-POST-FIELD-CONTRACT-20260813"
"AWS-SIGN-0317","lifecycle_pk_write","append_without_review_promotion","最小参考资料库/fact-assertions.csv","assertion_id","ASRT-M2W2-AWS-TRN3-HBM-CAPACITY-GIB-A07-2","审计/子代理交接/m2_staging/M2-W2-AWS-PACKAGE-FACTS-REMEDIATED/structured/fact-assertions.csv","88738405349bc7e5efff1e8dd26bd2b1550a13a94d69d03a4cb16564b52a2f8c","be571472611c65a73ff526f77383631f0df61c70e0b3a57d2bfd6f65cbfb089e","absent","","needs_resolution","needs_resolution","extraction_status=source_checked","true","","","LCM-M2W2-AWS-PKG-0317","46fd41d8b19a82dc22c24ddee5c1b4e3534cacfe56bc4258cd1c9756ed67b552","74fe487790a0d2fbcaf012c1d60b409fd065dad5480a769843c28dab070036c4","f2682bdaf3ee4bee58aa95e20aa60461cc96a1f1fbc20a04b93bdcd2e98bc880","d10ad305a820f0fc1db7f2bf7030ca149ea7b556ceacd0a32d593f08a7cc01ff","m2_final_review_aws_package","2026-08-13","accept","只授权此 PK 按冻结来源行执行 write_action；除 review_status 外，写入语义列必须与 source_path 中该 PK 完全一致。package_review、independent_signoff 与 freeze_binding_status 由本签字和三项冻结哈希闭合。rebase_binding=AWS-SIGNOFF-REBASE-GOOGLE-SOURCE-GATE-20260813;post_field_rebase_binding=AWS-SIGNOFF-POST-FIELD-CONTRACT-20260813"
"AWS-SIGN-0318","lifecycle_pk_write","append_without_review_promotion","最小参考资料库/fact-assertions.csv","assertion_id","ASRT-M2W2-AWS-TRN3-HBM-CAPACITY-GB-A08-1","审计/子代理交接/m2_staging/M2-W2-AWS-PACKAGE-FACTS-REMEDIATED/structured/fact-assertions.csv","88738405349bc7e5efff1e8dd26bd2b1550a13a94d69d03a4cb16564b52a2f8c","be571472611c65a73ff526f77383631f0df61c70e0b3a57d2bfd6f65cbfb089e","absent","","needs_resolution","needs_resolution","extraction_status=source_checked","true","","","LCM-M2W2-AWS-PKG-0318","46fd41d8b19a82dc22c24ddee5c1b4e3534cacfe56bc4258cd1c9756ed67b552","74fe487790a0d2fbcaf012c1d60b409fd065dad5480a769843c28dab070036c4","f2682bdaf3ee4bee58aa95e20aa60461cc96a1f1fbc20a04b93bdcd2e98bc880","d10ad305a820f0fc1db7f2bf7030ca149ea7b556ceacd0a32d593f08a7cc01ff","m2_final_review_aws_package","2026-08-13","accept","只授权此 PK 按冻结来源行执行 write_action；除 review_status 外，写入语义列必须与 source_path 中该 PK 完全一致。package_review、independent_signoff 与 freeze_binding_status 由本签字和三项冻结哈希闭合。rebase_binding=AWS-SIGNOFF-REBASE-GOOGLE-SOURCE-GATE-20260813;post_field_rebase_binding=AWS-SIGNOFF-POST-FIELD-CONTRACT-20260813"
"AWS-SIGN-0319","lifecycle_pk_write","append_without_review_promotion","最小参考资料库/fact-assertions.csv","assertion_id","ASRT-M2W2-AWS-TRN3-HBM-BW-49-A06-1","审计/子代理交接/m2_staging/M2-W2-AWS-PACKAGE-FACTS-REMEDIATED/structured/fact-assertions.csv","88738405349bc7e5efff1e8dd26bd2b1550a13a94d69d03a4cb16564b52a2f8c","be571472611c65a73ff526f77383631f0df61c70e0b3a57d2bfd6f65cbfb089e","absent","","needs_resolution","needs_resolution","extraction_status=source_checked","true","","","LCM-M2W2-AWS-PKG-0319","46fd41d8b19a82dc22c24ddee5c1b4e3534cacfe56bc4258cd1c9756ed67b552","74fe487790a0d2fbcaf012c1d60b409fd065dad5480a769843c28dab070036c4","f2682bdaf3ee4bee58aa95e20aa60461cc96a1f1fbc20a04b93bdcd2e98bc880","d10ad305a820f0fc1db7f2bf7030ca149ea7b556ceacd0a32d593f08a7cc01ff","m2_final_review_aws_package","2026-08-13","accept","只授权此 PK 按冻结来源行执行 write_action；除 review_status 外，写入语义列必须与 source_path 中该 PK 完全一致。package_review、independent_signoff 与 freeze_binding_status 由本签字和三项冻结哈希闭合。rebase_binding=AWS-SIGNOFF-REBASE-GOOGLE-SOURCE-GATE-20260813;post_field_rebase_binding=AWS-SIGNOFF-POST-FIELD-CONTRACT-20260813"
"AWS-SIGN-0320","lifecycle_pk_write","append_without_review_promotion","最小参考资料库/fact-assertions.csv","assertion_id","ASRT-M2W2-AWS-TRN3-HBM-BW-49-A08-2","审计/子代理交接/m2_staging/M2-W2-AWS-PACKAGE-FACTS-REMEDIATED/structured/fact-assertions.csv","88738405349bc7e5efff1e8dd26bd2b1550a13a94d69d03a4cb16564b52a2f8c","be571472611c65a73ff526f77383631f0df61c70e0b3a57d2bfd6f65cbfb089e","absent","","needs_resolution","needs_resolution","extraction_status=source_checked","true","","","LCM-M2W2-AWS-PKG-0320","46fd41d8b19a82dc22c24ddee5c1b4e3534cacfe56bc4258cd1c9756ed67b552","74fe487790a0d2fbcaf012c1d60b409fd065dad5480a769843c28dab070036c4","f2682bdaf3ee4bee58aa95e20aa60461cc96a1f1fbc20a04b93bdcd2e98bc880","d10ad305a820f0fc1db7f2bf7030ca149ea7b556ceacd0a32d593f08a7cc01ff","m2_final_review_aws_package","2026-08-13","accept","只授权此 PK 按冻结来源行执行 write_action；除 review_status 外，写入语义列必须与 source_path 中该 PK 完全一致。package_review、independent_signoff 与 freeze_binding_status 由本签字和三项冻结哈希闭合。rebase_binding=AWS-SIGNOFF-REBASE-GOOGLE-SOURCE-GATE-20260813;post_field_rebase_binding=AWS-SIGNOFF-POST-FIELD-CONTRACT-20260813"
"AWS-SIGN-0321","lifecycle_pk_write","append_without_review_promotion","最小参考资料库/fact-assertions.csv","assertion_id","ASRT-M2W2-AWS-TRN3-HBM-BW-47-A07-1","审计/子代理交接/m2_staging/M2-W2-AWS-PACKAGE-FACTS-REMEDIATED/structured/fact-assertions.csv","88738405349bc7e5efff1e8dd26bd2b1550a13a94d69d03a4cb16564b52a2f8c","be571472611c65a73ff526f77383631f0df61c70e0b3a57d2bfd6f65cbfb089e","absent","","needs_resolution","needs_resolution","extraction_status=source_checked","true","","","LCM-M2W2-AWS-PKG-0321","46fd41d8b19a82dc22c24ddee5c1b4e3534cacfe56bc4258cd1c9756ed67b552","74fe487790a0d2fbcaf012c1d60b409fd065dad5480a769843c28dab070036c4","f2682bdaf3ee4bee58aa95e20aa60461cc96a1f1fbc20a04b93bdcd2e98bc880","d10ad305a820f0fc1db7f2bf7030ca149ea7b556ceacd0a32d593f08a7cc01ff","m2_final_review_aws_package","2026-08-13","accept","只授权此 PK 按冻结来源行执行 write_action；除 review_status 外，写入语义列必须与 source_path 中该 PK 完全一致。package_review、independent_signoff 与 freeze_binding_status 由本签字和三项冻结哈希闭合。rebase_binding=AWS-SIGNOFF-REBASE-GOOGLE-SOURCE-GATE-20260813;post_field_rebase_binding=AWS-SIGNOFF-POST-FIELD-CONTRACT-20260813"
"AWS-SIGN-0322","lifecycle_pk_write","append_then_promote_review_status","最小参考资料库/fact-assertions.csv","assertion_id","ASRT-M2W2-AWS-TRN3-HBM-STACKS-A07-1","审计/子代理交接/m2_staging/M2-W2-AWS-PACKAGE-FACTS-REMEDIATED/structured/fact-assertions.csv","88738405349bc7e5efff1e8dd26bd2b1550a13a94d69d03a4cb16564b52a2f8c","be571472611c65a73ff526f77383631f0df61c70e0b3a57d2bfd6f65cbfb089e","absent","","draft","reviewed","extraction_status=source_checked","true","","","LCM-M2W2-AWS-PKG-0322","46fd41d8b19a82dc22c24ddee5c1b4e3534cacfe56bc4258cd1c9756ed67b552","74fe487790a0d2fbcaf012c1d60b409fd065dad5480a769843c28dab070036c4","f2682bdaf3ee4bee58aa95e20aa60461cc96a1f1fbc20a04b93bdcd2e98bc880","d10ad305a820f0fc1db7f2bf7030ca149ea7b556ceacd0a32d593f08a7cc01ff","m2_final_review_aws_package","2026-08-13","accept","只授权此 PK 按冻结来源行执行 write_action；除 review_status 外，写入语义列必须与 source_path 中该 PK 完全一致。package_review、independent_signoff 与 freeze_binding_status 由本签字和三项冻结哈希闭合。rebase_binding=AWS-SIGNOFF-REBASE-GOOGLE-SOURCE-GATE-20260813;post_field_rebase_binding=AWS-SIGNOFF-POST-FIELD-CONTRACT-20260813"
"AWS-SIGN-0323","lifecycle_pk_write","append_then_promote_review_status","最小参考资料库/fact-assertions.csv","assertion_id","ASRT-M2W2-AWS-TRN3-DMA-COUNT-A07-1","审计/子代理交接/m2_staging/M2-W2-AWS-PACKAGE-FACTS-REMEDIATED/structured/fact-assertions.csv","88738405349bc7e5efff1e8dd26bd2b1550a13a94d69d03a4cb16564b52a2f8c","be571472611c65a73ff526f77383631f0df61c70e0b3a57d2bfd6f65cbfb089e","absent","","draft","reviewed","extraction_status=source_checked","true","","","LCM-M2W2-AWS-PKG-0323","46fd41d8b19a82dc22c24ddee5c1b4e3534cacfe56bc4258cd1c9756ed67b552","74fe487790a0d2fbcaf012c1d60b409fd065dad5480a769843c28dab070036c4","f2682bdaf3ee4bee58aa95e20aa60461cc96a1f1fbc20a04b93bdcd2e98bc880","d10ad305a820f0fc1db7f2bf7030ca149ea7b556ceacd0a32d593f08a7cc01ff","m2_final_review_aws_package","2026-08-13","accept","只授权此 PK 按冻结来源行执行 write_action；除 review_status 外，写入语义列必须与 source_path 中该 PK 完全一致。package_review、independent_signoff 与 freeze_binding_status 由本签字和三项冻结哈希闭合。rebase_binding=AWS-SIGNOFF-REBASE-GOOGLE-SOURCE-GATE-20260813;post_field_rebase_binding=AWS-SIGNOFF-POST-FIELD-CONTRACT-20260813"
"AWS-SIGN-0324","lifecycle_pk_write","append_then_promote_review_status","最小参考资料库/fact-assertions.csv","assertion_id","ASRT-M2W2-AWS-TRN3-DMA-BW-A06-1","审计/子代理交接/m2_staging/M2-W2-AWS-PACKAGE-FACTS-REMEDIATED/structured/fact-assertions.csv","88738405349bc7e5efff1e8dd26bd2b1550a13a94d69d03a4cb16564b52a2f8c","be571472611c65a73ff526f77383631f0df61c70e0b3a57d2bfd6f65cbfb089e","absent","","draft","reviewed","extraction_status=source_checked","true","","","LCM-M2W2-AWS-PKG-0324","46fd41d8b19a82dc22c24ddee5c1b4e3534cacfe56bc4258cd1c9756ed67b552","74fe487790a0d2fbcaf012c1d60b409fd065dad5480a769843c28dab070036c4","f2682bdaf3ee4bee58aa95e20aa60461cc96a1f1fbc20a04b93bdcd2e98bc880","d10ad305a820f0fc1db7f2bf7030ca149ea7b556ceacd0a32d593f08a7cc01ff","m2_final_review_aws_package","2026-08-13","accept","只授权此 PK 按冻结来源行执行 write_action；除 review_status 外，写入语义列必须与 source_path 中该 PK 完全一致。package_review、independent_signoff 与 freeze_binding_status 由本签字和三项冻结哈希闭合。rebase_binding=AWS-SIGNOFF-REBASE-GOOGLE-SOURCE-GATE-20260813;post_field_rebase_binding=AWS-SIGNOFF-POST-FIELD-CONTRACT-20260813"
"AWS-SIGN-0325","lifecycle_pk_write","append_without_review_promotion","最小参考资料库/fact-assertions.csv","assertion_id","ASRT-M2W2-AWS-TRN3-CC-COUNT-16-A06-1","审计/子代理交接/m2_staging/M2-W2-AWS-PACKAGE-FACTS-REMEDIATED/structured/fact-assertions.csv","88738405349bc7e5efff1e8dd26bd2b1550a13a94d69d03a4cb16564b52a2f8c","be571472611c65a73ff526f77383631f0df61c70e0b3a57d2bfd6f65cbfb089e","absent","","needs_resolution","needs_resolution","extraction_status=source_checked","true","","","LCM-M2W2-AWS-PKG-0325","46fd41d8b19a82dc22c24ddee5c1b4e3534cacfe56bc4258cd1c9756ed67b552","74fe487790a0d2fbcaf012c1d60b409fd065dad5480a769843c28dab070036c4","f2682bdaf3ee4bee58aa95e20aa60461cc96a1f1fbc20a04b93bdcd2e98bc880","d10ad305a820f0fc1db7f2bf7030ca149ea7b556ceacd0a32d593f08a7cc01ff","m2_final_review_aws_package","2026-08-13","accept","只授权此 PK 按冻结来源行执行 write_action；除 review_status 外，写入语义列必须与 source_path 中该 PK 完全一致。package_review、independent_signoff 与 freeze_binding_status 由本签字和三项冻结哈希闭合。rebase_binding=AWS-SIGNOFF-REBASE-GOOGLE-SOURCE-GATE-20260813;post_field_rebase_binding=AWS-SIGNOFF-POST-FIELD-CONTRACT-20260813"
"AWS-SIGN-0326","lifecycle_pk_write","append_without_review_promotion","最小参考资料库/fact-assertions.csv","assertion_id","ASRT-M2W2-AWS-TRN3-CC-COUNT-20-A07-1","审计/子代理交接/m2_staging/M2-W2-AWS-PACKAGE-FACTS-REMEDIATED/structured/fact-assertions.csv","88738405349bc7e5efff1e8dd26bd2b1550a13a94d69d03a4cb16564b52a2f8c","be571472611c65a73ff526f77383631f0df61c70e0b3a57d2bfd6f65cbfb089e","absent","","needs_resolution","needs_resolution","extraction_status=source_checked","true","","","LCM-M2W2-AWS-PKG-0326","46fd41d8b19a82dc22c24ddee5c1b4e3534cacfe56bc4258cd1c9756ed67b552","74fe487790a0d2fbcaf012c1d60b409fd065dad5480a769843c28dab070036c4","f2682bdaf3ee4bee58aa95e20aa60461cc96a1f1fbc20a04b93bdcd2e98bc880","d10ad305a820f0fc1db7f2bf7030ca149ea7b556ceacd0a32d593f08a7cc01ff","m2_final_review_aws_package","2026-08-13","accept","只授权此 PK 按冻结来源行执行 write_action；除 review_status 外，写入语义列必须与 source_path 中该 PK 完全一致。package_review、independent_signoff 与 freeze_binding_status 由本签字和三项冻结哈希闭合。rebase_binding=AWS-SIGNOFF-REBASE-GOOGLE-SOURCE-GATE-20260813;post_field_rebase_binding=AWS-SIGNOFF-POST-FIELD-CONTRACT-20260813"
"AWS-SIGN-0327","lifecycle_pk_write","append_then_promote_review_status","最小参考资料库/fact-assertions.csv","assertion_id","ASRT-M2W2-AWS-TRN3-NEURONLINK-COUNT-A07-1","审计/子代理交接/m2_staging/M2-W2-AWS-PACKAGE-FACTS-REMEDIATED/structured/fact-assertions.csv","88738405349bc7e5efff1e8dd26bd2b1550a13a94d69d03a4cb16564b52a2f8c","be571472611c65a73ff526f77383631f0df61c70e0b3a57d2bfd6f65cbfb089e","absent","","draft","reviewed","extraction_status=source_checked","true","","","LCM-M2W2-AWS-PKG-0327","46fd41d8b19a82dc22c24ddee5c1b4e3534cacfe56bc4258cd1c9756ed67b552","74fe487790a0d2fbcaf012c1d60b409fd065dad5480a769843c28dab070036c4","f2682bdaf3ee4bee58aa95e20aa60461cc96a1f1fbc20a04b93bdcd2e98bc880","d10ad305a820f0fc1db7f2bf7030ca149ea7b556ceacd0a32d593f08a7cc01ff","m2_final_review_aws_package","2026-08-13","accept","只授权此 PK 按冻结来源行执行 write_action；除 review_status 外，写入语义列必须与 source_path 中该 PK 完全一致。package_review、independent_signoff 与 freeze_binding_status 由本签字和三项冻结哈希闭合。rebase_binding=AWS-SIGNOFF-REBASE-GOOGLE-SOURCE-GATE-20260813;post_field_rebase_binding=AWS-SIGNOFF-POST-FIELD-CONTRACT-20260813"
"AWS-SIGN-0328","lifecycle_pk_write","append_then_promote_review_status","最小参考资料库/fact-assertions.csv","assertion_id","ASRT-M2W2-AWS-TRN3-NEURONLINK-BW-A06-1","审计/子代理交接/m2_staging/M2-W2-AWS-PACKAGE-FACTS-REMEDIATED/structured/fact-assertions.csv","88738405349bc7e5efff1e8dd26bd2b1550a13a94d69d03a4cb16564b52a2f8c","be571472611c65a73ff526f77383631f0df61c70e0b3a57d2bfd6f65cbfb089e","absent","","draft","reviewed","extraction_status=source_checked","true","","","LCM-M2W2-AWS-PKG-0328","46fd41d8b19a82dc22c24ddee5c1b4e3534cacfe56bc4258cd1c9756ed67b552","74fe487790a0d2fbcaf012c1d60b409fd065dad5480a769843c28dab070036c4","f2682bdaf3ee4bee58aa95e20aa60461cc96a1f1fbc20a04b93bdcd2e98bc880","d10ad305a820f0fc1db7f2bf7030ca149ea7b556ceacd0a32d593f08a7cc01ff","m2_final_review_aws_package","2026-08-13","accept","只授权此 PK 按冻结来源行执行 write_action；除 review_status 外，写入语义列必须与 source_path 中该 PK 完全一致。package_review、independent_signoff 与 freeze_binding_status 由本签字和三项冻结哈希闭合。rebase_binding=AWS-SIGNOFF-REBASE-GOOGLE-SOURCE-GATE-20260813;post_field_rebase_binding=AWS-SIGNOFF-POST-FIELD-CONTRACT-20260813"
"AWS-SIGN-0329","lifecycle_pk_write","append_then_promote_review_status","最小参考资料库/fact-assertions.csv","assertion_id","ASRT-M2W2-AWS-TRN3-PROCESS-A08-1","审计/子代理交接/m2_staging/M2-W2-AWS-PACKAGE-FACTS-REMEDIATED/structured/fact-assertions.csv","88738405349bc7e5efff1e8dd26bd2b1550a13a94d69d03a4cb16564b52a2f8c","be571472611c65a73ff526f77383631f0df61c70e0b3a57d2bfd6f65cbfb089e","absent","","draft","reviewed","extraction_status=source_checked","true","","","LCM-M2W2-AWS-PKG-0329","46fd41d8b19a82dc22c24ddee5c1b4e3534cacfe56bc4258cd1c9756ed67b552","74fe487790a0d2fbcaf012c1d60b409fd065dad5480a769843c28dab070036c4","f2682bdaf3ee4bee58aa95e20aa60461cc96a1f1fbc20a04b93bdcd2e98bc880","d10ad305a820f0fc1db7f2bf7030ca149ea7b556ceacd0a32d593f08a7cc01ff","m2_final_review_aws_package","2026-08-13","accept","只授权此 PK 按冻结来源行执行 write_action；除 review_status 外，写入语义列必须与 source_path 中该 PK 完全一致。package_review、independent_signoff 与 freeze_binding_status 由本签字和三项冻结哈希闭合。rebase_binding=AWS-SIGNOFF-REBASE-GOOGLE-SOURCE-GATE-20260813;post_field_rebase_binding=AWS-SIGNOFF-POST-FIELD-CONTRACT-20260813"
"AWS-SIGN-0330","lifecycle_pk_write","append_then_promote_review_status","最小参考资料库/fact-assertions.csv","assertion_id","ASRT-M2W2-AWS-TRN3-HBM-TYPE-A08-1","审计/子代理交接/m2_staging/M2-W2-AWS-PACKAGE-FACTS-REMEDIATED/structured/fact-assertions.csv","88738405349bc7e5efff1e8dd26bd2b1550a13a94d69d03a4cb16564b52a2f8c","be571472611c65a73ff526f77383631f0df61c70e0b3a57d2bfd6f65cbfb089e","absent","","draft","reviewed","extraction_status=source_checked","true","","","LCM-M2W2-AWS-PKG-0330","46fd41d8b19a82dc22c24ddee5c1b4e3534cacfe56bc4258cd1c9756ed67b552","74fe487790a0d2fbcaf012c1d60b409fd065dad5480a769843c28dab070036c4","f2682bdaf3ee4bee58aa95e20aa60461cc96a1f1fbc20a04b93bdcd2e98bc880","d10ad305a820f0fc1db7f2bf7030ca149ea7b556ceacd0a32d593f08a7cc01ff","m2_final_review_aws_package","2026-08-13","accept","只授权此 PK 按冻结来源行执行 write_action；除 review_status 外，写入语义列必须与 source_path 中该 PK 完全一致。package_review、independent_signoff 与 freeze_binding_status 由本签字和三项冻结哈希闭合。rebase_binding=AWS-SIGNOFF-REBASE-GOOGLE-SOURCE-GATE-20260813;post_field_rebase_binding=AWS-SIGNOFF-POST-FIELD-CONTRACT-20260813"
"AWS-SIGN-0331","lifecycle_pk_write","append_then_promote_review_status","最小参考资料库/fact-assertions.csv","assertion_id","ASRT-M2W2-AWS-TRN3-NCV4-VECTOR-FP32-A07-1","审计/子代理交接/m2_staging/M2-W2-AWS-PACKAGE-FACTS-REMEDIATED/structured/fact-assertions.csv","88738405349bc7e5efff1e8dd26bd2b1550a13a94d69d03a4cb16564b52a2f8c","be571472611c65a73ff526f77383631f0df61c70e0b3a57d2bfd6f65cbfb089e","absent","","draft","reviewed","extraction_status=source_checked","true","","","LCM-M2W2-AWS-PKG-0331","46fd41d8b19a82dc22c24ddee5c1b4e3534cacfe56bc4258cd1c9756ed67b552","74fe487790a0d2fbcaf012c1d60b409fd065dad5480a769843c28dab070036c4","f2682bdaf3ee4bee58aa95e20aa60461cc96a1f1fbc20a04b93bdcd2e98bc880","d10ad305a820f0fc1db7f2bf7030ca149ea7b556ceacd0a32d593f08a7cc01ff","m2_final_review_aws_package","2026-08-13","accept","只授权此 PK 按冻结来源行执行 write_action；除 review_status 外，写入语义列必须与 source_path 中该 PK 完全一致。package_review、independent_signoff 与 freeze_binding_status 由本签字和三项冻结哈希闭合。rebase_binding=AWS-SIGNOFF-REBASE-GOOGLE-SOURCE-GATE-20260813;post_field_rebase_binding=AWS-SIGNOFF-POST-FIELD-CONTRACT-20260813"
"AWS-SIGN-0332","lifecycle_pk_write","append_then_promote_review_status","最小参考资料库/fact-assertions.csv","assertion_id","ASRT-M2W2-AWS-TRN3-NCV4-SCALAR-FP32-A07-1","审计/子代理交接/m2_staging/M2-W2-AWS-PACKAGE-FACTS-REMEDIATED/structured/fact-assertions.csv","88738405349bc7e5efff1e8dd26bd2b1550a13a94d69d03a4cb16564b52a2f8c","be571472611c65a73ff526f77383631f0df61c70e0b3a57d2bfd6f65cbfb089e","absent","","draft","reviewed","extraction_status=source_checked","true","","","LCM-M2W2-AWS-PKG-0332","46fd41d8b19a82dc22c24ddee5c1b4e3534cacfe56bc4258cd1c9756ed67b552","74fe487790a0d2fbcaf012c1d60b409fd065dad5480a769843c28dab070036c4","f2682bdaf3ee4bee58aa95e20aa60461cc96a1f1fbc20a04b93bdcd2e98bc880","d10ad305a820f0fc1db7f2bf7030ca149ea7b556ceacd0a32d593f08a7cc01ff","m2_final_review_aws_package","2026-08-13","accept","只授权此 PK 按冻结来源行执行 write_action；除 review_status 外，写入语义列必须与 source_path 中该 PK 完全一致。package_review、independent_signoff 与 freeze_binding_status 由本签字和三项冻结哈希闭合。rebase_binding=AWS-SIGNOFF-REBASE-GOOGLE-SOURCE-GATE-20260813;post_field_rebase_binding=AWS-SIGNOFF-POST-FIELD-CONTRACT-20260813"
"AWS-SIGN-0333","lifecycle_pk_write","append_then_promote_review_status","最小参考资料库/fact-assertions.csv","assertion_id","ASRT-M2W2-AWS-TRN3-CHIP-FP8-GENERIC-A08-1","审计/子代理交接/m2_staging/M2-W2-AWS-PACKAGE-FACTS-REMEDIATED/structured/fact-assertions.csv","88738405349bc7e5efff1e8dd26bd2b1550a13a94d69d03a4cb16564b52a2f8c","be571472611c65a73ff526f77383631f0df61c70e0b3a57d2bfd6f65cbfb089e","absent","","draft","reviewed","extraction_status=source_checked","true","","","LCM-M2W2-AWS-PKG-0333","46fd41d8b19a82dc22c24ddee5c1b4e3534cacfe56bc4258cd1c9756ed67b552","74fe487790a0d2fbcaf012c1d60b409fd065dad5480a769843c28dab070036c4","f2682bdaf3ee4bee58aa95e20aa60461cc96a1f1fbc20a04b93bdcd2e98bc880","d10ad305a820f0fc1db7f2bf7030ca149ea7b556ceacd0a32d593f08a7cc01ff","m2_final_review_aws_package","2026-08-13","accept","只授权此 PK 按冻结来源行执行 write_action；除 review_status 外，写入语义列必须与 source_path 中该 PK 完全一致。package_review、independent_signoff 与 freeze_binding_status 由本签字和三项冻结哈希闭合。rebase_binding=AWS-SIGNOFF-REBASE-GOOGLE-SOURCE-GATE-20260813;post_field_rebase_binding=AWS-SIGNOFF-POST-FIELD-CONTRACT-20260813"
"AWS-SIGN-0334","lifecycle_pk_write","append_then_promote_review_status","最小参考资料库/search-log.csv","search_id","SEARCH-M2W2-AWS-INF1-PACKAGE","审计/子代理交接/m2_staging/M2-W2-AWS-PACKAGE-FACTS-REMEDIATED/structured/search-log.csv","ccf3fd04881774519db36861549811c73fc9126e9e0d57bd660cbc867c5ab3c4","8a15366bb59f960e318491b4f4ccb01887accbefbdf316a535fc07c7f30decca","absent","","draft","reviewed","result_status=no_reliable_result","true","","","LCM-M2W2-AWS-PKG-0334","46fd41d8b19a82dc22c24ddee5c1b4e3534cacfe56bc4258cd1c9756ed67b552","74fe487790a0d2fbcaf012c1d60b409fd065dad5480a769843c28dab070036c4","f2682bdaf3ee4bee58aa95e20aa60461cc96a1f1fbc20a04b93bdcd2e98bc880","d10ad305a820f0fc1db7f2bf7030ca149ea7b556ceacd0a32d593f08a7cc01ff","m2_final_review_aws_package","2026-08-13","accept","只授权此 PK 按冻结来源行执行 write_action；除 review_status 外，写入语义列必须与 source_path 中该 PK 完全一致。package_review、independent_signoff 与 freeze_binding_status 由本签字和三项冻结哈希闭合。rebase_binding=AWS-SIGNOFF-REBASE-GOOGLE-SOURCE-GATE-20260813;post_field_rebase_binding=AWS-SIGNOFF-POST-FIELD-CONTRACT-20260813"
"AWS-SIGN-0335","lifecycle_pk_write","append_then_promote_review_status","最小参考资料库/search-log.csv","search_id","SEARCH-M2W2-AWS-INF1-DIE-COUNT","审计/子代理交接/m2_staging/M2-W2-AWS-PACKAGE-FACTS-REMEDIATED/structured/search-log.csv","ccf3fd04881774519db36861549811c73fc9126e9e0d57bd660cbc867c5ab3c4","8a15366bb59f960e318491b4f4ccb01887accbefbdf316a535fc07c7f30decca","absent","","draft","reviewed","result_status=no_reliable_result","true","","","LCM-M2W2-AWS-PKG-0335","46fd41d8b19a82dc22c24ddee5c1b4e3534cacfe56bc4258cd1c9756ed67b552","74fe487790a0d2fbcaf012c1d60b409fd065dad5480a769843c28dab070036c4","f2682bdaf3ee4bee58aa95e20aa60461cc96a1f1fbc20a04b93bdcd2e98bc880","d10ad305a820f0fc1db7f2bf7030ca149ea7b556ceacd0a32d593f08a7cc01ff","m2_final_review_aws_package","2026-08-13","accept","只授权此 PK 按冻结来源行执行 write_action；除 review_status 外，写入语义列必须与 source_path 中该 PK 完全一致。package_review、independent_signoff 与 freeze_binding_status 由本签字和三项冻结哈希闭合。rebase_binding=AWS-SIGNOFF-REBASE-GOOGLE-SOURCE-GATE-20260813;post_field_rebase_binding=AWS-SIGNOFF-POST-FIELD-CONTRACT-20260813"
"AWS-SIGN-0336","lifecycle_pk_write","append_then_promote_review_status","最小参考资料库/search-log.csv","search_id","SEARCH-M2W2-AWS-INF1-INTERPOSER","审计/子代理交接/m2_staging/M2-W2-AWS-PACKAGE-FACTS-REMEDIATED/structured/search-log.csv","ccf3fd04881774519db36861549811c73fc9126e9e0d57bd660cbc867c5ab3c4","8a15366bb59f960e318491b4f4ccb01887accbefbdf316a535fc07c7f30decca","absent","","draft","reviewed","result_status=no_reliable_result","true","","","LCM-M2W2-AWS-PKG-0336","46fd41d8b19a82dc22c24ddee5c1b4e3534cacfe56bc4258cd1c9756ed67b552","74fe487790a0d2fbcaf012c1d60b409fd065dad5480a769843c28dab070036c4","f2682bdaf3ee4bee58aa95e20aa60461cc96a1f1fbc20a04b93bdcd2e98bc880","d10ad305a820f0fc1db7f2bf7030ca149ea7b556ceacd0a32d593f08a7cc01ff","m2_final_review_aws_package","2026-08-13","accept","只授权此 PK 按冻结来源行执行 write_action；除 review_status 外，写入语义列必须与 source_path 中该 PK 完全一致。package_review、independent_signoff 与 freeze_binding_status 由本签字和三项冻结哈希闭合。rebase_binding=AWS-SIGNOFF-REBASE-GOOGLE-SOURCE-GATE-20260813;post_field_rebase_binding=AWS-SIGNOFF-POST-FIELD-CONTRACT-20260813"
"AWS-SIGN-0337","lifecycle_pk_write","append_then_promote_review_status","最小参考资料库/search-log.csv","search_id","SEARCH-M2W2-AWS-INF1-DIE-AREA","审计/子代理交接/m2_staging/M2-W2-AWS-PACKAGE-FACTS-REMEDIATED/structured/search-log.csv","ccf3fd04881774519db36861549811c73fc9126e9e0d57bd660cbc867c5ab3c4","8a15366bb59f960e318491b4f4ccb01887accbefbdf316a535fc07c7f30decca","absent","","draft","reviewed","result_status=no_reliable_result","true","","","LCM-M2W2-AWS-PKG-0337","46fd41d8b19a82dc22c24ddee5c1b4e3534cacfe56bc4258cd1c9756ed67b552","74fe487790a0d2fbcaf012c1d60b409fd065dad5480a769843c28dab070036c4","f2682bdaf3ee4bee58aa95e20aa60461cc96a1f1fbc20a04b93bdcd2e98bc880","d10ad305a820f0fc1db7f2bf7030ca149ea7b556ceacd0a32d593f08a7cc01ff","m2_final_review_aws_package","2026-08-13","accept","只授权此 PK 按冻结来源行执行 write_action；除 review_status 外，写入语义列必须与 source_path 中该 PK 完全一致。package_review、independent_signoff 与 freeze_binding_status 由本签字和三项冻结哈希闭合。rebase_binding=AWS-SIGNOFF-REBASE-GOOGLE-SOURCE-GATE-20260813;post_field_rebase_binding=AWS-SIGNOFF-POST-FIELD-CONTRACT-20260813"
"AWS-SIGN-0338","lifecycle_pk_write","append_then_promote_review_status","最小参考资料库/search-log.csv","search_id","SEARCH-M2W2-AWS-INF1-TRANSISTORS","审计/子代理交接/m2_staging/M2-W2-AWS-PACKAGE-FACTS-REMEDIATED/structured/search-log.csv","ccf3fd04881774519db36861549811c73fc9126e9e0d57bd660cbc867c5ab3c4","8a15366bb59f960e318491b4f4ccb01887accbefbdf316a535fc07c7f30decca","absent","","draft","reviewed","result_status=no_reliable_result","true","","","LCM-M2W2-AWS-PKG-0338","46fd41d8b19a82dc22c24ddee5c1b4e3534cacfe56bc4258cd1c9756ed67b552","74fe487790a0d2fbcaf012c1d60b409fd065dad5480a769843c28dab070036c4","f2682bdaf3ee4bee58aa95e20aa60461cc96a1f1fbc20a04b93bdcd2e98bc880","d10ad305a820f0fc1db7f2bf7030ca149ea7b556ceacd0a32d593f08a7cc01ff","m2_final_review_aws_package","2026-08-13","accept","只授权此 PK 按冻结来源行执行 write_action；除 review_status 外，写入语义列必须与 source_path 中该 PK 完全一致。package_review、independent_signoff 与 freeze_binding_status 由本签字和三项冻结哈希闭合。rebase_binding=AWS-SIGNOFF-REBASE-GOOGLE-SOURCE-GATE-20260813;post_field_rebase_binding=AWS-SIGNOFF-POST-FIELD-CONTRACT-20260813"
"AWS-SIGN-0339","lifecycle_pk_write","append_then_promote_review_status","最小参考资料库/search-log.csv","search_id","SEARCH-M2W2-AWS-TRN1-PACKAGE","审计/子代理交接/m2_staging/M2-W2-AWS-PACKAGE-FACTS-REMEDIATED/structured/search-log.csv","ccf3fd04881774519db36861549811c73fc9126e9e0d57bd660cbc867c5ab3c4","8a15366bb59f960e318491b4f4ccb01887accbefbdf316a535fc07c7f30decca","absent","","draft","reviewed","result_status=no_reliable_result","true","","","LCM-M2W2-AWS-PKG-0339","46fd41d8b19a82dc22c24ddee5c1b4e3534cacfe56bc4258cd1c9756ed67b552","74fe487790a0d2fbcaf012c1d60b409fd065dad5480a769843c28dab070036c4","f2682bdaf3ee4bee58aa95e20aa60461cc96a1f1fbc20a04b93bdcd2e98bc880","d10ad305a820f0fc1db7f2bf7030ca149ea7b556ceacd0a32d593f08a7cc01ff","m2_final_review_aws_package","2026-08-13","accept","只授权此 PK 按冻结来源行执行 write_action；除 review_status 外，写入语义列必须与 source_path 中该 PK 完全一致。package_review、independent_signoff 与 freeze_binding_status 由本签字和三项冻结哈希闭合。rebase_binding=AWS-SIGNOFF-REBASE-GOOGLE-SOURCE-GATE-20260813;post_field_rebase_binding=AWS-SIGNOFF-POST-FIELD-CONTRACT-20260813"
"AWS-SIGN-0340","lifecycle_pk_write","append_then_promote_review_status","最小参考资料库/search-log.csv","search_id","SEARCH-M2W2-AWS-TRN1-DIE-COUNT","审计/子代理交接/m2_staging/M2-W2-AWS-PACKAGE-FACTS-REMEDIATED/structured/search-log.csv","ccf3fd04881774519db36861549811c73fc9126e9e0d57bd660cbc867c5ab3c4","8a15366bb59f960e318491b4f4ccb01887accbefbdf316a535fc07c7f30decca","absent","","draft","reviewed","result_status=no_reliable_result","true","","","LCM-M2W2-AWS-PKG-0340","46fd41d8b19a82dc22c24ddee5c1b4e3534cacfe56bc4258cd1c9756ed67b552","74fe487790a0d2fbcaf012c1d60b409fd065dad5480a769843c28dab070036c4","f2682bdaf3ee4bee58aa95e20aa60461cc96a1f1fbc20a04b93bdcd2e98bc880","d10ad305a820f0fc1db7f2bf7030ca149ea7b556ceacd0a32d593f08a7cc01ff","m2_final_review_aws_package","2026-08-13","accept","只授权此 PK 按冻结来源行执行 write_action；除 review_status 外，写入语义列必须与 source_path 中该 PK 完全一致。package_review、independent_signoff 与 freeze_binding_status 由本签字和三项冻结哈希闭合。rebase_binding=AWS-SIGNOFF-REBASE-GOOGLE-SOURCE-GATE-20260813;post_field_rebase_binding=AWS-SIGNOFF-POST-FIELD-CONTRACT-20260813"
"AWS-SIGN-0341","lifecycle_pk_write","append_then_promote_review_status","最小参考资料库/search-log.csv","search_id","SEARCH-M2W2-AWS-TRN1-INTERPOSER","审计/子代理交接/m2_staging/M2-W2-AWS-PACKAGE-FACTS-REMEDIATED/structured/search-log.csv","ccf3fd04881774519db36861549811c73fc9126e9e0d57bd660cbc867c5ab3c4","8a15366bb59f960e318491b4f4ccb01887accbefbdf316a535fc07c7f30decca","absent","","draft","reviewed","result_status=no_reliable_result","true","","","LCM-M2W2-AWS-PKG-0341","46fd41d8b19a82dc22c24ddee5c1b4e3534cacfe56bc4258cd1c9756ed67b552","74fe487790a0d2fbcaf012c1d60b409fd065dad5480a769843c28dab070036c4","f2682bdaf3ee4bee58aa95e20aa60461cc96a1f1fbc20a04b93bdcd2e98bc880","d10ad305a820f0fc1db7f2bf7030ca149ea7b556ceacd0a32d593f08a7cc01ff","m2_final_review_aws_package","2026-08-13","accept","只授权此 PK 按冻结来源行执行 write_action；除 review_status 外，写入语义列必须与 source_path 中该 PK 完全一致。package_review、independent_signoff 与 freeze_binding_status 由本签字和三项冻结哈希闭合。rebase_binding=AWS-SIGNOFF-REBASE-GOOGLE-SOURCE-GATE-20260813;post_field_rebase_binding=AWS-SIGNOFF-POST-FIELD-CONTRACT-20260813"
"AWS-SIGN-0342","lifecycle_pk_write","append_then_promote_review_status","最小参考资料库/search-log.csv","search_id","SEARCH-M2W2-AWS-TRN1-DIE-AREA","审计/子代理交接/m2_staging/M2-W2-AWS-PACKAGE-FACTS-REMEDIATED/structured/search-log.csv","ccf3fd04881774519db36861549811c73fc9126e9e0d57bd660cbc867c5ab3c4","8a15366bb59f960e318491b4f4ccb01887accbefbdf316a535fc07c7f30decca","absent","","draft","reviewed","result_status=no_reliable_result","true","","","LCM-M2W2-AWS-PKG-0342","46fd41d8b19a82dc22c24ddee5c1b4e3534cacfe56bc4258cd1c9756ed67b552","74fe487790a0d2fbcaf012c1d60b409fd065dad5480a769843c28dab070036c4","f2682bdaf3ee4bee58aa95e20aa60461cc96a1f1fbc20a04b93bdcd2e98bc880","d10ad305a820f0fc1db7f2bf7030ca149ea7b556ceacd0a32d593f08a7cc01ff","m2_final_review_aws_package","2026-08-13","accept","只授权此 PK 按冻结来源行执行 write_action；除 review_status 外，写入语义列必须与 source_path 中该 PK 完全一致。package_review、independent_signoff 与 freeze_binding_status 由本签字和三项冻结哈希闭合。rebase_binding=AWS-SIGNOFF-REBASE-GOOGLE-SOURCE-GATE-20260813;post_field_rebase_binding=AWS-SIGNOFF-POST-FIELD-CONTRACT-20260813"
"AWS-SIGN-0343","lifecycle_pk_write","append_then_promote_review_status","最小参考资料库/search-log.csv","search_id","SEARCH-M2W2-AWS-TRN1-TRANSISTORS","审计/子代理交接/m2_staging/M2-W2-AWS-PACKAGE-FACTS-REMEDIATED/structured/search-log.csv","ccf3fd04881774519db36861549811c73fc9126e9e0d57bd660cbc867c5ab3c4","8a15366bb59f960e318491b4f4ccb01887accbefbdf316a535fc07c7f30decca","absent","","draft","reviewed","result_status=no_reliable_result","true","","","LCM-M2W2-AWS-PKG-0343","46fd41d8b19a82dc22c24ddee5c1b4e3534cacfe56bc4258cd1c9756ed67b552","74fe487790a0d2fbcaf012c1d60b409fd065dad5480a769843c28dab070036c4","f2682bdaf3ee4bee58aa95e20aa60461cc96a1f1fbc20a04b93bdcd2e98bc880","d10ad305a820f0fc1db7f2bf7030ca149ea7b556ceacd0a32d593f08a7cc01ff","m2_final_review_aws_package","2026-08-13","accept","只授权此 PK 按冻结来源行执行 write_action；除 review_status 外，写入语义列必须与 source_path 中该 PK 完全一致。package_review、independent_signoff 与 freeze_binding_status 由本签字和三项冻结哈希闭合。rebase_binding=AWS-SIGNOFF-REBASE-GOOGLE-SOURCE-GATE-20260813;post_field_rebase_binding=AWS-SIGNOFF-POST-FIELD-CONTRACT-20260813"
"AWS-SIGN-0344","lifecycle_pk_write","append_then_promote_review_status","最小参考资料库/search-log.csv","search_id","SEARCH-M2W2-AWS-INF2-PACKAGE","审计/子代理交接/m2_staging/M2-W2-AWS-PACKAGE-FACTS-REMEDIATED/structured/search-log.csv","ccf3fd04881774519db36861549811c73fc9126e9e0d57bd660cbc867c5ab3c4","8a15366bb59f960e318491b4f4ccb01887accbefbdf316a535fc07c7f30decca","absent","","draft","reviewed","result_status=no_reliable_result","true","","","LCM-M2W2-AWS-PKG-0344","46fd41d8b19a82dc22c24ddee5c1b4e3534cacfe56bc4258cd1c9756ed67b552","74fe487790a0d2fbcaf012c1d60b409fd065dad5480a769843c28dab070036c4","f2682bdaf3ee4bee58aa95e20aa60461cc96a1f1fbc20a04b93bdcd2e98bc880","d10ad305a820f0fc1db7f2bf7030ca149ea7b556ceacd0a32d593f08a7cc01ff","m2_final_review_aws_package","2026-08-13","accept","只授权此 PK 按冻结来源行执行 write_action；除 review_status 外，写入语义列必须与 source_path 中该 PK 完全一致。package_review、independent_signoff 与 freeze_binding_status 由本签字和三项冻结哈希闭合。rebase_binding=AWS-SIGNOFF-REBASE-GOOGLE-SOURCE-GATE-20260813;post_field_rebase_binding=AWS-SIGNOFF-POST-FIELD-CONTRACT-20260813"
"AWS-SIGN-0345","lifecycle_pk_write","append_then_promote_review_status","最小参考资料库/search-log.csv","search_id","SEARCH-M2W2-AWS-INF2-DIE-COUNT","审计/子代理交接/m2_staging/M2-W2-AWS-PACKAGE-FACTS-REMEDIATED/structured/search-log.csv","ccf3fd04881774519db36861549811c73fc9126e9e0d57bd660cbc867c5ab3c4","8a15366bb59f960e318491b4f4ccb01887accbefbdf316a535fc07c7f30decca","absent","","draft","reviewed","result_status=no_reliable_result","true","","","LCM-M2W2-AWS-PKG-0345","46fd41d8b19a82dc22c24ddee5c1b4e3534cacfe56bc4258cd1c9756ed67b552","74fe487790a0d2fbcaf012c1d60b409fd065dad5480a769843c28dab070036c4","f2682bdaf3ee4bee58aa95e20aa60461cc96a1f1fbc20a04b93bdcd2e98bc880","d10ad305a820f0fc1db7f2bf7030ca149ea7b556ceacd0a32d593f08a7cc01ff","m2_final_review_aws_package","2026-08-13","accept","只授权此 PK 按冻结来源行执行 write_action；除 review_status 外，写入语义列必须与 source_path 中该 PK 完全一致。package_review、independent_signoff 与 freeze_binding_status 由本签字和三项冻结哈希闭合。rebase_binding=AWS-SIGNOFF-REBASE-GOOGLE-SOURCE-GATE-20260813;post_field_rebase_binding=AWS-SIGNOFF-POST-FIELD-CONTRACT-20260813"
"AWS-SIGN-0346","lifecycle_pk_write","append_then_promote_review_status","最小参考资料库/search-log.csv","search_id","SEARCH-M2W2-AWS-INF2-INTERPOSER","审计/子代理交接/m2_staging/M2-W2-AWS-PACKAGE-FACTS-REMEDIATED/structured/search-log.csv","ccf3fd04881774519db36861549811c73fc9126e9e0d57bd660cbc867c5ab3c4","8a15366bb59f960e318491b4f4ccb01887accbefbdf316a535fc07c7f30decca","absent","","draft","reviewed","result_status=no_reliable_result","true","","","LCM-M2W2-AWS-PKG-0346","46fd41d8b19a82dc22c24ddee5c1b4e3534cacfe56bc4258cd1c9756ed67b552","74fe487790a0d2fbcaf012c1d60b409fd065dad5480a769843c28dab070036c4","f2682bdaf3ee4bee58aa95e20aa60461cc96a1f1fbc20a04b93bdcd2e98bc880","d10ad305a820f0fc1db7f2bf7030ca149ea7b556ceacd0a32d593f08a7cc01ff","m2_final_review_aws_package","2026-08-13","accept","只授权此 PK 按冻结来源行执行 write_action；除 review_status 外，写入语义列必须与 source_path 中该 PK 完全一致。package_review、independent_signoff 与 freeze_binding_status 由本签字和三项冻结哈希闭合。rebase_binding=AWS-SIGNOFF-REBASE-GOOGLE-SOURCE-GATE-20260813;post_field_rebase_binding=AWS-SIGNOFF-POST-FIELD-CONTRACT-20260813"
"AWS-SIGN-0347","lifecycle_pk_write","append_then_promote_review_status","最小参考资料库/search-log.csv","search_id","SEARCH-M2W2-AWS-INF2-DIE-AREA","审计/子代理交接/m2_staging/M2-W2-AWS-PACKAGE-FACTS-REMEDIATED/structured/search-log.csv","ccf3fd04881774519db36861549811c73fc9126e9e0d57bd660cbc867c5ab3c4","8a15366bb59f960e318491b4f4ccb01887accbefbdf316a535fc07c7f30decca","absent","","draft","reviewed","result_status=no_reliable_result","true","","","LCM-M2W2-AWS-PKG-0347","46fd41d8b19a82dc22c24ddee5c1b4e3534cacfe56bc4258cd1c9756ed67b552","74fe487790a0d2fbcaf012c1d60b409fd065dad5480a769843c28dab070036c4","f2682bdaf3ee4bee58aa95e20aa60461cc96a1f1fbc20a04b93bdcd2e98bc880","d10ad305a820f0fc1db7f2bf7030ca149ea7b556ceacd0a32d593f08a7cc01ff","m2_final_review_aws_package","2026-08-13","accept","只授权此 PK 按冻结来源行执行 write_action；除 review_status 外，写入语义列必须与 source_path 中该 PK 完全一致。package_review、independent_signoff 与 freeze_binding_status 由本签字和三项冻结哈希闭合。rebase_binding=AWS-SIGNOFF-REBASE-GOOGLE-SOURCE-GATE-20260813;post_field_rebase_binding=AWS-SIGNOFF-POST-FIELD-CONTRACT-20260813"
"AWS-SIGN-0348","lifecycle_pk_write","append_then_promote_review_status","最小参考资料库/search-log.csv","search_id","SEARCH-M2W2-AWS-INF2-TRANSISTORS","审计/子代理交接/m2_staging/M2-W2-AWS-PACKAGE-FACTS-REMEDIATED/structured/search-log.csv","ccf3fd04881774519db36861549811c73fc9126e9e0d57bd660cbc867c5ab3c4","8a15366bb59f960e318491b4f4ccb01887accbefbdf316a535fc07c7f30decca","absent","","draft","reviewed","result_status=no_reliable_result","true","","","LCM-M2W2-AWS-PKG-0348","46fd41d8b19a82dc22c24ddee5c1b4e3534cacfe56bc4258cd1c9756ed67b552","74fe487790a0d2fbcaf012c1d60b409fd065dad5480a769843c28dab070036c4","f2682bdaf3ee4bee58aa95e20aa60461cc96a1f1fbc20a04b93bdcd2e98bc880","d10ad305a820f0fc1db7f2bf7030ca149ea7b556ceacd0a32d593f08a7cc01ff","m2_final_review_aws_package","2026-08-13","accept","只授权此 PK 按冻结来源行执行 write_action；除 review_status 外，写入语义列必须与 source_path 中该 PK 完全一致。package_review、independent_signoff 与 freeze_binding_status 由本签字和三项冻结哈希闭合。rebase_binding=AWS-SIGNOFF-REBASE-GOOGLE-SOURCE-GATE-20260813;post_field_rebase_binding=AWS-SIGNOFF-POST-FIELD-CONTRACT-20260813"
"AWS-SIGN-0349","lifecycle_pk_write","append_then_promote_review_status","最小参考资料库/search-log.csv","search_id","SEARCH-M2W2-AWS-TRN3-PACKAGE","审计/子代理交接/m2_staging/M2-W2-AWS-PACKAGE-FACTS-REMEDIATED/structured/search-log.csv","ccf3fd04881774519db36861549811c73fc9126e9e0d57bd660cbc867c5ab3c4","8a15366bb59f960e318491b4f4ccb01887accbefbdf316a535fc07c7f30decca","absent","","draft","reviewed","result_status=no_reliable_result","true","","","LCM-M2W2-AWS-PKG-0349","46fd41d8b19a82dc22c24ddee5c1b4e3534cacfe56bc4258cd1c9756ed67b552","74fe487790a0d2fbcaf012c1d60b409fd065dad5480a769843c28dab070036c4","f2682bdaf3ee4bee58aa95e20aa60461cc96a1f1fbc20a04b93bdcd2e98bc880","d10ad305a820f0fc1db7f2bf7030ca149ea7b556ceacd0a32d593f08a7cc01ff","m2_final_review_aws_package","2026-08-13","accept","只授权此 PK 按冻结来源行执行 write_action；除 review_status 外，写入语义列必须与 source_path 中该 PK 完全一致。package_review、independent_signoff 与 freeze_binding_status 由本签字和三项冻结哈希闭合。rebase_binding=AWS-SIGNOFF-REBASE-GOOGLE-SOURCE-GATE-20260813;post_field_rebase_binding=AWS-SIGNOFF-POST-FIELD-CONTRACT-20260813"
"AWS-SIGN-0350","lifecycle_pk_write","append_then_promote_review_status","最小参考资料库/search-log.csv","search_id","SEARCH-M2W2-AWS-TRN3-DIE-COUNT","审计/子代理交接/m2_staging/M2-W2-AWS-PACKAGE-FACTS-REMEDIATED/structured/search-log.csv","ccf3fd04881774519db36861549811c73fc9126e9e0d57bd660cbc867c5ab3c4","8a15366bb59f960e318491b4f4ccb01887accbefbdf316a535fc07c7f30decca","absent","","draft","reviewed","result_status=no_reliable_result","true","","","LCM-M2W2-AWS-PKG-0350","46fd41d8b19a82dc22c24ddee5c1b4e3534cacfe56bc4258cd1c9756ed67b552","74fe487790a0d2fbcaf012c1d60b409fd065dad5480a769843c28dab070036c4","f2682bdaf3ee4bee58aa95e20aa60461cc96a1f1fbc20a04b93bdcd2e98bc880","d10ad305a820f0fc1db7f2bf7030ca149ea7b556ceacd0a32d593f08a7cc01ff","m2_final_review_aws_package","2026-08-13","accept","只授权此 PK 按冻结来源行执行 write_action；除 review_status 外，写入语义列必须与 source_path 中该 PK 完全一致。package_review、independent_signoff 与 freeze_binding_status 由本签字和三项冻结哈希闭合。rebase_binding=AWS-SIGNOFF-REBASE-GOOGLE-SOURCE-GATE-20260813;post_field_rebase_binding=AWS-SIGNOFF-POST-FIELD-CONTRACT-20260813"
"AWS-SIGN-0351","lifecycle_pk_write","append_then_promote_review_status","最小参考资料库/search-log.csv","search_id","SEARCH-M2W2-AWS-TRN3-INTERPOSER","审计/子代理交接/m2_staging/M2-W2-AWS-PACKAGE-FACTS-REMEDIATED/structured/search-log.csv","ccf3fd04881774519db36861549811c73fc9126e9e0d57bd660cbc867c5ab3c4","8a15366bb59f960e318491b4f4ccb01887accbefbdf316a535fc07c7f30decca","absent","","draft","reviewed","result_status=no_reliable_result","true","","","LCM-M2W2-AWS-PKG-0351","46fd41d8b19a82dc22c24ddee5c1b4e3534cacfe56bc4258cd1c9756ed67b552","74fe487790a0d2fbcaf012c1d60b409fd065dad5480a769843c28dab070036c4","f2682bdaf3ee4bee58aa95e20aa60461cc96a1f1fbc20a04b93bdcd2e98bc880","d10ad305a820f0fc1db7f2bf7030ca149ea7b556ceacd0a32d593f08a7cc01ff","m2_final_review_aws_package","2026-08-13","accept","只授权此 PK 按冻结来源行执行 write_action；除 review_status 外，写入语义列必须与 source_path 中该 PK 完全一致。package_review、independent_signoff 与 freeze_binding_status 由本签字和三项冻结哈希闭合。rebase_binding=AWS-SIGNOFF-REBASE-GOOGLE-SOURCE-GATE-20260813;post_field_rebase_binding=AWS-SIGNOFF-POST-FIELD-CONTRACT-20260813"
"AWS-SIGN-0352","lifecycle_pk_write","append_then_promote_review_status","最小参考资料库/search-log.csv","search_id","SEARCH-M2W2-AWS-TRN3-DIE-AREA","审计/子代理交接/m2_staging/M2-W2-AWS-PACKAGE-FACTS-REMEDIATED/structured/search-log.csv","ccf3fd04881774519db36861549811c73fc9126e9e0d57bd660cbc867c5ab3c4","8a15366bb59f960e318491b4f4ccb01887accbefbdf316a535fc07c7f30decca","absent","","draft","reviewed","result_status=no_reliable_result","true","","","LCM-M2W2-AWS-PKG-0352","46fd41d8b19a82dc22c24ddee5c1b4e3534cacfe56bc4258cd1c9756ed67b552","74fe487790a0d2fbcaf012c1d60b409fd065dad5480a769843c28dab070036c4","f2682bdaf3ee4bee58aa95e20aa60461cc96a1f1fbc20a04b93bdcd2e98bc880","d10ad305a820f0fc1db7f2bf7030ca149ea7b556ceacd0a32d593f08a7cc01ff","m2_final_review_aws_package","2026-08-13","accept","只授权此 PK 按冻结来源行执行 write_action；除 review_status 外，写入语义列必须与 source_path 中该 PK 完全一致。package_review、independent_signoff 与 freeze_binding_status 由本签字和三项冻结哈希闭合。rebase_binding=AWS-SIGNOFF-REBASE-GOOGLE-SOURCE-GATE-20260813;post_field_rebase_binding=AWS-SIGNOFF-POST-FIELD-CONTRACT-20260813"
"AWS-SIGN-0353","lifecycle_pk_write","append_then_promote_review_status","最小参考资料库/search-log.csv","search_id","SEARCH-M2W2-AWS-TRN3-TRANSISTORS","审计/子代理交接/m2_staging/M2-W2-AWS-PACKAGE-FACTS-REMEDIATED/structured/search-log.csv","ccf3fd04881774519db36861549811c73fc9126e9e0d57bd660cbc867c5ab3c4","8a15366bb59f960e318491b4f4ccb01887accbefbdf316a535fc07c7f30decca","absent","","draft","reviewed","result_status=no_reliable_result","true","","","LCM-M2W2-AWS-PKG-0353","46fd41d8b19a82dc22c24ddee5c1b4e3534cacfe56bc4258cd1c9756ed67b552","74fe487790a0d2fbcaf012c1d60b409fd065dad5480a769843c28dab070036c4","f2682bdaf3ee4bee58aa95e20aa60461cc96a1f1fbc20a04b93bdcd2e98bc880","d10ad305a820f0fc1db7f2bf7030ca149ea7b556ceacd0a32d593f08a7cc01ff","m2_final_review_aws_package","2026-08-13","accept","只授权此 PK 按冻结来源行执行 write_action；除 review_status 外，写入语义列必须与 source_path 中该 PK 完全一致。package_review、independent_signoff 与 freeze_binding_status 由本签字和三项冻结哈希闭合。rebase_binding=AWS-SIGNOFF-REBASE-GOOGLE-SOURCE-GATE-20260813;post_field_rebase_binding=AWS-SIGNOFF-POST-FIELD-CONTRACT-20260813"
"AWS-SIGN-0354","lifecycle_pk_write","append_then_promote_review_status","最小参考资料库/search-results.csv","search_result_id","SEARCH-M2W2-AWS-INF1-PACKAGE-1","审计/子代理交接/m2_staging/M2-W2-AWS-PACKAGE-FACTS-REMEDIATED/structured/search-results.csv","298a116507e7c80c0eca389770463cabe542011b1810bfc1f77f1508cb75c948","1bcab32728aba2505307c993bd45c2974acfce3a2e10190301e4f68621cedc70","absent","","draft","reviewed","","true","","","LCM-M2W2-AWS-PKG-0354","46fd41d8b19a82dc22c24ddee5c1b4e3534cacfe56bc4258cd1c9756ed67b552","74fe487790a0d2fbcaf012c1d60b409fd065dad5480a769843c28dab070036c4","f2682bdaf3ee4bee58aa95e20aa60461cc96a1f1fbc20a04b93bdcd2e98bc880","d10ad305a820f0fc1db7f2bf7030ca149ea7b556ceacd0a32d593f08a7cc01ff","m2_final_review_aws_package","2026-08-13","accept","只授权此 PK 按冻结来源行执行 write_action；除 review_status 外，写入语义列必须与 source_path 中该 PK 完全一致。package_review、independent_signoff 与 freeze_binding_status 由本签字和三项冻结哈希闭合。rebase_binding=AWS-SIGNOFF-REBASE-GOOGLE-SOURCE-GATE-20260813;post_field_rebase_binding=AWS-SIGNOFF-POST-FIELD-CONTRACT-20260813"
"AWS-SIGN-0355","lifecycle_pk_write","append_then_promote_review_status","最小参考资料库/search-results.csv","search_result_id","SEARCH-M2W2-AWS-INF1-PACKAGE-2","审计/子代理交接/m2_staging/M2-W2-AWS-PACKAGE-FACTS-REMEDIATED/structured/search-results.csv","298a116507e7c80c0eca389770463cabe542011b1810bfc1f77f1508cb75c948","1bcab32728aba2505307c993bd45c2974acfce3a2e10190301e4f68621cedc70","absent","","draft","reviewed","","true","","","LCM-M2W2-AWS-PKG-0355","46fd41d8b19a82dc22c24ddee5c1b4e3534cacfe56bc4258cd1c9756ed67b552","74fe487790a0d2fbcaf012c1d60b409fd065dad5480a769843c28dab070036c4","f2682bdaf3ee4bee58aa95e20aa60461cc96a1f1fbc20a04b93bdcd2e98bc880","d10ad305a820f0fc1db7f2bf7030ca149ea7b556ceacd0a32d593f08a7cc01ff","m2_final_review_aws_package","2026-08-13","accept","只授权此 PK 按冻结来源行执行 write_action；除 review_status 外，写入语义列必须与 source_path 中该 PK 完全一致。package_review、independent_signoff 与 freeze_binding_status 由本签字和三项冻结哈希闭合。rebase_binding=AWS-SIGNOFF-REBASE-GOOGLE-SOURCE-GATE-20260813;post_field_rebase_binding=AWS-SIGNOFF-POST-FIELD-CONTRACT-20260813"
"AWS-SIGN-0356","lifecycle_pk_write","append_then_promote_review_status","最小参考资料库/search-results.csv","search_result_id","SEARCH-M2W2-AWS-INF1-DIE-COUNT-1","审计/子代理交接/m2_staging/M2-W2-AWS-PACKAGE-FACTS-REMEDIATED/structured/search-results.csv","298a116507e7c80c0eca389770463cabe542011b1810bfc1f77f1508cb75c948","1bcab32728aba2505307c993bd45c2974acfce3a2e10190301e4f68621cedc70","absent","","draft","reviewed","","true","","","LCM-M2W2-AWS-PKG-0356","46fd41d8b19a82dc22c24ddee5c1b4e3534cacfe56bc4258cd1c9756ed67b552","74fe487790a0d2fbcaf012c1d60b409fd065dad5480a769843c28dab070036c4","f2682bdaf3ee4bee58aa95e20aa60461cc96a1f1fbc20a04b93bdcd2e98bc880","d10ad305a820f0fc1db7f2bf7030ca149ea7b556ceacd0a32d593f08a7cc01ff","m2_final_review_aws_package","2026-08-13","accept","只授权此 PK 按冻结来源行执行 write_action；除 review_status 外，写入语义列必须与 source_path 中该 PK 完全一致。package_review、independent_signoff 与 freeze_binding_status 由本签字和三项冻结哈希闭合。rebase_binding=AWS-SIGNOFF-REBASE-GOOGLE-SOURCE-GATE-20260813;post_field_rebase_binding=AWS-SIGNOFF-POST-FIELD-CONTRACT-20260813"
"AWS-SIGN-0357","lifecycle_pk_write","append_then_promote_review_status","最小参考资料库/search-results.csv","search_result_id","SEARCH-M2W2-AWS-INF1-DIE-COUNT-2","审计/子代理交接/m2_staging/M2-W2-AWS-PACKAGE-FACTS-REMEDIATED/structured/search-results.csv","298a116507e7c80c0eca389770463cabe542011b1810bfc1f77f1508cb75c948","1bcab32728aba2505307c993bd45c2974acfce3a2e10190301e4f68621cedc70","absent","","draft","reviewed","","true","","","LCM-M2W2-AWS-PKG-0357","46fd41d8b19a82dc22c24ddee5c1b4e3534cacfe56bc4258cd1c9756ed67b552","74fe487790a0d2fbcaf012c1d60b409fd065dad5480a769843c28dab070036c4","f2682bdaf3ee4bee58aa95e20aa60461cc96a1f1fbc20a04b93bdcd2e98bc880","d10ad305a820f0fc1db7f2bf7030ca149ea7b556ceacd0a32d593f08a7cc01ff","m2_final_review_aws_package","2026-08-13","accept","只授权此 PK 按冻结来源行执行 write_action；除 review_status 外，写入语义列必须与 source_path 中该 PK 完全一致。package_review、independent_signoff 与 freeze_binding_status 由本签字和三项冻结哈希闭合。rebase_binding=AWS-SIGNOFF-REBASE-GOOGLE-SOURCE-GATE-20260813;post_field_rebase_binding=AWS-SIGNOFF-POST-FIELD-CONTRACT-20260813"
"AWS-SIGN-0358","lifecycle_pk_write","append_then_promote_review_status","最小参考资料库/search-results.csv","search_result_id","SEARCH-M2W2-AWS-INF1-INTERPOSER-1","审计/子代理交接/m2_staging/M2-W2-AWS-PACKAGE-FACTS-REMEDIATED/structured/search-results.csv","298a116507e7c80c0eca389770463cabe542011b1810bfc1f77f1508cb75c948","1bcab32728aba2505307c993bd45c2974acfce3a2e10190301e4f68621cedc70","absent","","draft","reviewed","","true","","","LCM-M2W2-AWS-PKG-0358","46fd41d8b19a82dc22c24ddee5c1b4e3534cacfe56bc4258cd1c9756ed67b552","74fe487790a0d2fbcaf012c1d60b409fd065dad5480a769843c28dab070036c4","f2682bdaf3ee4bee58aa95e20aa60461cc96a1f1fbc20a04b93bdcd2e98bc880","d10ad305a820f0fc1db7f2bf7030ca149ea7b556ceacd0a32d593f08a7cc01ff","m2_final_review_aws_package","2026-08-13","accept","只授权此 PK 按冻结来源行执行 write_action；除 review_status 外，写入语义列必须与 source_path 中该 PK 完全一致。package_review、independent_signoff 与 freeze_binding_status 由本签字和三项冻结哈希闭合。rebase_binding=AWS-SIGNOFF-REBASE-GOOGLE-SOURCE-GATE-20260813;post_field_rebase_binding=AWS-SIGNOFF-POST-FIELD-CONTRACT-20260813"
"AWS-SIGN-0359","lifecycle_pk_write","append_then_promote_review_status","最小参考资料库/search-results.csv","search_result_id","SEARCH-M2W2-AWS-INF1-INTERPOSER-2","审计/子代理交接/m2_staging/M2-W2-AWS-PACKAGE-FACTS-REMEDIATED/structured/search-results.csv","298a116507e7c80c0eca389770463cabe542011b1810bfc1f77f1508cb75c948","1bcab32728aba2505307c993bd45c2974acfce3a2e10190301e4f68621cedc70","absent","","draft","reviewed","","true","","","LCM-M2W2-AWS-PKG-0359","46fd41d8b19a82dc22c24ddee5c1b4e3534cacfe56bc4258cd1c9756ed67b552","74fe487790a0d2fbcaf012c1d60b409fd065dad5480a769843c28dab070036c4","f2682bdaf3ee4bee58aa95e20aa60461cc96a1f1fbc20a04b93bdcd2e98bc880","d10ad305a820f0fc1db7f2bf7030ca149ea7b556ceacd0a32d593f08a7cc01ff","m2_final_review_aws_package","2026-08-13","accept","只授权此 PK 按冻结来源行执行 write_action；除 review_status 外，写入语义列必须与 source_path 中该 PK 完全一致。package_review、independent_signoff 与 freeze_binding_status 由本签字和三项冻结哈希闭合。rebase_binding=AWS-SIGNOFF-REBASE-GOOGLE-SOURCE-GATE-20260813;post_field_rebase_binding=AWS-SIGNOFF-POST-FIELD-CONTRACT-20260813"
"AWS-SIGN-0360","lifecycle_pk_write","append_then_promote_review_status","最小参考资料库/search-results.csv","search_result_id","SEARCH-M2W2-AWS-INF1-DIE-AREA-1","审计/子代理交接/m2_staging/M2-W2-AWS-PACKAGE-FACTS-REMEDIATED/structured/search-results.csv","298a116507e7c80c0eca389770463cabe542011b1810bfc1f77f1508cb75c948","1bcab32728aba2505307c993bd45c2974acfce3a2e10190301e4f68621cedc70","absent","","draft","reviewed","","true","","","LCM-M2W2-AWS-PKG-0360","46fd41d8b19a82dc22c24ddee5c1b4e3534cacfe56bc4258cd1c9756ed67b552","74fe487790a0d2fbcaf012c1d60b409fd065dad5480a769843c28dab070036c4","f2682bdaf3ee4bee58aa95e20aa60461cc96a1f1fbc20a04b93bdcd2e98bc880","d10ad305a820f0fc1db7f2bf7030ca149ea7b556ceacd0a32d593f08a7cc01ff","m2_final_review_aws_package","2026-08-13","accept","只授权此 PK 按冻结来源行执行 write_action；除 review_status 外，写入语义列必须与 source_path 中该 PK 完全一致。package_review、independent_signoff 与 freeze_binding_status 由本签字和三项冻结哈希闭合。rebase_binding=AWS-SIGNOFF-REBASE-GOOGLE-SOURCE-GATE-20260813;post_field_rebase_binding=AWS-SIGNOFF-POST-FIELD-CONTRACT-20260813"
"AWS-SIGN-0361","lifecycle_pk_write","append_then_promote_review_status","最小参考资料库/search-results.csv","search_result_id","SEARCH-M2W2-AWS-INF1-DIE-AREA-2","审计/子代理交接/m2_staging/M2-W2-AWS-PACKAGE-FACTS-REMEDIATED/structured/search-results.csv","298a116507e7c80c0eca389770463cabe542011b1810bfc1f77f1508cb75c948","1bcab32728aba2505307c993bd45c2974acfce3a2e10190301e4f68621cedc70","absent","","draft","reviewed","","true","","","LCM-M2W2-AWS-PKG-0361","46fd41d8b19a82dc22c24ddee5c1b4e3534cacfe56bc4258cd1c9756ed67b552","74fe487790a0d2fbcaf012c1d60b409fd065dad5480a769843c28dab070036c4","f2682bdaf3ee4bee58aa95e20aa60461cc96a1f1fbc20a04b93bdcd2e98bc880","d10ad305a820f0fc1db7f2bf7030ca149ea7b556ceacd0a32d593f08a7cc01ff","m2_final_review_aws_package","2026-08-13","accept","只授权此 PK 按冻结来源行执行 write_action；除 review_status 外，写入语义列必须与 source_path 中该 PK 完全一致。package_review、independent_signoff 与 freeze_binding_status 由本签字和三项冻结哈希闭合。rebase_binding=AWS-SIGNOFF-REBASE-GOOGLE-SOURCE-GATE-20260813;post_field_rebase_binding=AWS-SIGNOFF-POST-FIELD-CONTRACT-20260813"
"AWS-SIGN-0362","lifecycle_pk_write","append_then_promote_review_status","最小参考资料库/search-results.csv","search_result_id","SEARCH-M2W2-AWS-INF1-TRANSISTORS-1","审计/子代理交接/m2_staging/M2-W2-AWS-PACKAGE-FACTS-REMEDIATED/structured/search-results.csv","298a116507e7c80c0eca389770463cabe542011b1810bfc1f77f1508cb75c948","1bcab32728aba2505307c993bd45c2974acfce3a2e10190301e4f68621cedc70","absent","","draft","reviewed","","true","","","LCM-M2W2-AWS-PKG-0362","46fd41d8b19a82dc22c24ddee5c1b4e3534cacfe56bc4258cd1c9756ed67b552","74fe487790a0d2fbcaf012c1d60b409fd065dad5480a769843c28dab070036c4","f2682bdaf3ee4bee58aa95e20aa60461cc96a1f1fbc20a04b93bdcd2e98bc880","d10ad305a820f0fc1db7f2bf7030ca149ea7b556ceacd0a32d593f08a7cc01ff","m2_final_review_aws_package","2026-08-13","accept","只授权此 PK 按冻结来源行执行 write_action；除 review_status 外，写入语义列必须与 source_path 中该 PK 完全一致。package_review、independent_signoff 与 freeze_binding_status 由本签字和三项冻结哈希闭合。rebase_binding=AWS-SIGNOFF-REBASE-GOOGLE-SOURCE-GATE-20260813;post_field_rebase_binding=AWS-SIGNOFF-POST-FIELD-CONTRACT-20260813"
"AWS-SIGN-0363","lifecycle_pk_write","append_then_promote_review_status","最小参考资料库/search-results.csv","search_result_id","SEARCH-M2W2-AWS-INF1-TRANSISTORS-2","审计/子代理交接/m2_staging/M2-W2-AWS-PACKAGE-FACTS-REMEDIATED/structured/search-results.csv","298a116507e7c80c0eca389770463cabe542011b1810bfc1f77f1508cb75c948","1bcab32728aba2505307c993bd45c2974acfce3a2e10190301e4f68621cedc70","absent","","draft","reviewed","","true","","","LCM-M2W2-AWS-PKG-0363","46fd41d8b19a82dc22c24ddee5c1b4e3534cacfe56bc4258cd1c9756ed67b552","74fe487790a0d2fbcaf012c1d60b409fd065dad5480a769843c28dab070036c4","f2682bdaf3ee4bee58aa95e20aa60461cc96a1f1fbc20a04b93bdcd2e98bc880","d10ad305a820f0fc1db7f2bf7030ca149ea7b556ceacd0a32d593f08a7cc01ff","m2_final_review_aws_package","2026-08-13","accept","只授权此 PK 按冻结来源行执行 write_action；除 review_status 外，写入语义列必须与 source_path 中该 PK 完全一致。package_review、independent_signoff 与 freeze_binding_status 由本签字和三项冻结哈希闭合。rebase_binding=AWS-SIGNOFF-REBASE-GOOGLE-SOURCE-GATE-20260813;post_field_rebase_binding=AWS-SIGNOFF-POST-FIELD-CONTRACT-20260813"
"AWS-SIGN-0364","lifecycle_pk_write","append_then_promote_review_status","最小参考资料库/search-results.csv","search_result_id","SEARCH-M2W2-AWS-TRN1-PACKAGE-1","审计/子代理交接/m2_staging/M2-W2-AWS-PACKAGE-FACTS-REMEDIATED/structured/search-results.csv","298a116507e7c80c0eca389770463cabe542011b1810bfc1f77f1508cb75c948","1bcab32728aba2505307c993bd45c2974acfce3a2e10190301e4f68621cedc70","absent","","draft","reviewed","","true","","","LCM-M2W2-AWS-PKG-0364","46fd41d8b19a82dc22c24ddee5c1b4e3534cacfe56bc4258cd1c9756ed67b552","74fe487790a0d2fbcaf012c1d60b409fd065dad5480a769843c28dab070036c4","f2682bdaf3ee4bee58aa95e20aa60461cc96a1f1fbc20a04b93bdcd2e98bc880","d10ad305a820f0fc1db7f2bf7030ca149ea7b556ceacd0a32d593f08a7cc01ff","m2_final_review_aws_package","2026-08-13","accept","只授权此 PK 按冻结来源行执行 write_action；除 review_status 外，写入语义列必须与 source_path 中该 PK 完全一致。package_review、independent_signoff 与 freeze_binding_status 由本签字和三项冻结哈希闭合。rebase_binding=AWS-SIGNOFF-REBASE-GOOGLE-SOURCE-GATE-20260813;post_field_rebase_binding=AWS-SIGNOFF-POST-FIELD-CONTRACT-20260813"
"AWS-SIGN-0365","lifecycle_pk_write","append_then_promote_review_status","最小参考资料库/search-results.csv","search_result_id","SEARCH-M2W2-AWS-TRN1-PACKAGE-2","审计/子代理交接/m2_staging/M2-W2-AWS-PACKAGE-FACTS-REMEDIATED/structured/search-results.csv","298a116507e7c80c0eca389770463cabe542011b1810bfc1f77f1508cb75c948","1bcab32728aba2505307c993bd45c2974acfce3a2e10190301e4f68621cedc70","absent","","draft","reviewed","","true","","","LCM-M2W2-AWS-PKG-0365","46fd41d8b19a82dc22c24ddee5c1b4e3534cacfe56bc4258cd1c9756ed67b552","74fe487790a0d2fbcaf012c1d60b409fd065dad5480a769843c28dab070036c4","f2682bdaf3ee4bee58aa95e20aa60461cc96a1f1fbc20a04b93bdcd2e98bc880","d10ad305a820f0fc1db7f2bf7030ca149ea7b556ceacd0a32d593f08a7cc01ff","m2_final_review_aws_package","2026-08-13","accept","只授权此 PK 按冻结来源行执行 write_action；除 review_status 外，写入语义列必须与 source_path 中该 PK 完全一致。package_review、independent_signoff 与 freeze_binding_status 由本签字和三项冻结哈希闭合。rebase_binding=AWS-SIGNOFF-REBASE-GOOGLE-SOURCE-GATE-20260813;post_field_rebase_binding=AWS-SIGNOFF-POST-FIELD-CONTRACT-20260813"
"AWS-SIGN-0366","lifecycle_pk_write","append_then_promote_review_status","最小参考资料库/search-results.csv","search_result_id","SEARCH-M2W2-AWS-TRN1-DIE-COUNT-1","审计/子代理交接/m2_staging/M2-W2-AWS-PACKAGE-FACTS-REMEDIATED/structured/search-results.csv","298a116507e7c80c0eca389770463cabe542011b1810bfc1f77f1508cb75c948","1bcab32728aba2505307c993bd45c2974acfce3a2e10190301e4f68621cedc70","absent","","draft","reviewed","","true","","","LCM-M2W2-AWS-PKG-0366","46fd41d8b19a82dc22c24ddee5c1b4e3534cacfe56bc4258cd1c9756ed67b552","74fe487790a0d2fbcaf012c1d60b409fd065dad5480a769843c28dab070036c4","f2682bdaf3ee4bee58aa95e20aa60461cc96a1f1fbc20a04b93bdcd2e98bc880","d10ad305a820f0fc1db7f2bf7030ca149ea7b556ceacd0a32d593f08a7cc01ff","m2_final_review_aws_package","2026-08-13","accept","只授权此 PK 按冻结来源行执行 write_action；除 review_status 外，写入语义列必须与 source_path 中该 PK 完全一致。package_review、independent_signoff 与 freeze_binding_status 由本签字和三项冻结哈希闭合。rebase_binding=AWS-SIGNOFF-REBASE-GOOGLE-SOURCE-GATE-20260813;post_field_rebase_binding=AWS-SIGNOFF-POST-FIELD-CONTRACT-20260813"
"AWS-SIGN-0367","lifecycle_pk_write","append_then_promote_review_status","最小参考资料库/search-results.csv","search_result_id","SEARCH-M2W2-AWS-TRN1-DIE-COUNT-2","审计/子代理交接/m2_staging/M2-W2-AWS-PACKAGE-FACTS-REMEDIATED/structured/search-results.csv","298a116507e7c80c0eca389770463cabe542011b1810bfc1f77f1508cb75c948","1bcab32728aba2505307c993bd45c2974acfce3a2e10190301e4f68621cedc70","absent","","draft","reviewed","","true","","","LCM-M2W2-AWS-PKG-0367","46fd41d8b19a82dc22c24ddee5c1b4e3534cacfe56bc4258cd1c9756ed67b552","74fe487790a0d2fbcaf012c1d60b409fd065dad5480a769843c28dab070036c4","f2682bdaf3ee4bee58aa95e20aa60461cc96a1f1fbc20a04b93bdcd2e98bc880","d10ad305a820f0fc1db7f2bf7030ca149ea7b556ceacd0a32d593f08a7cc01ff","m2_final_review_aws_package","2026-08-13","accept","只授权此 PK 按冻结来源行执行 write_action；除 review_status 外，写入语义列必须与 source_path 中该 PK 完全一致。package_review、independent_signoff 与 freeze_binding_status 由本签字和三项冻结哈希闭合。rebase_binding=AWS-SIGNOFF-REBASE-GOOGLE-SOURCE-GATE-20260813;post_field_rebase_binding=AWS-SIGNOFF-POST-FIELD-CONTRACT-20260813"
"AWS-SIGN-0368","lifecycle_pk_write","append_then_promote_review_status","最小参考资料库/search-results.csv","search_result_id","SEARCH-M2W2-AWS-TRN1-INTERPOSER-1","审计/子代理交接/m2_staging/M2-W2-AWS-PACKAGE-FACTS-REMEDIATED/structured/search-results.csv","298a116507e7c80c0eca389770463cabe542011b1810bfc1f77f1508cb75c948","1bcab32728aba2505307c993bd45c2974acfce3a2e10190301e4f68621cedc70","absent","","draft","reviewed","","true","","","LCM-M2W2-AWS-PKG-0368","46fd41d8b19a82dc22c24ddee5c1b4e3534cacfe56bc4258cd1c9756ed67b552","74fe487790a0d2fbcaf012c1d60b409fd065dad5480a769843c28dab070036c4","f2682bdaf3ee4bee58aa95e20aa60461cc96a1f1fbc20a04b93bdcd2e98bc880","d10ad305a820f0fc1db7f2bf7030ca149ea7b556ceacd0a32d593f08a7cc01ff","m2_final_review_aws_package","2026-08-13","accept","只授权此 PK 按冻结来源行执行 write_action；除 review_status 外，写入语义列必须与 source_path 中该 PK 完全一致。package_review、independent_signoff 与 freeze_binding_status 由本签字和三项冻结哈希闭合。rebase_binding=AWS-SIGNOFF-REBASE-GOOGLE-SOURCE-GATE-20260813;post_field_rebase_binding=AWS-SIGNOFF-POST-FIELD-CONTRACT-20260813"
"AWS-SIGN-0369","lifecycle_pk_write","append_then_promote_review_status","最小参考资料库/search-results.csv","search_result_id","SEARCH-M2W2-AWS-TRN1-INTERPOSER-2","审计/子代理交接/m2_staging/M2-W2-AWS-PACKAGE-FACTS-REMEDIATED/structured/search-results.csv","298a116507e7c80c0eca389770463cabe542011b1810bfc1f77f1508cb75c948","1bcab32728aba2505307c993bd45c2974acfce3a2e10190301e4f68621cedc70","absent","","draft","reviewed","","true","","","LCM-M2W2-AWS-PKG-0369","46fd41d8b19a82dc22c24ddee5c1b4e3534cacfe56bc4258cd1c9756ed67b552","74fe487790a0d2fbcaf012c1d60b409fd065dad5480a769843c28dab070036c4","f2682bdaf3ee4bee58aa95e20aa60461cc96a1f1fbc20a04b93bdcd2e98bc880","d10ad305a820f0fc1db7f2bf7030ca149ea7b556ceacd0a32d593f08a7cc01ff","m2_final_review_aws_package","2026-08-13","accept","只授权此 PK 按冻结来源行执行 write_action；除 review_status 外，写入语义列必须与 source_path 中该 PK 完全一致。package_review、independent_signoff 与 freeze_binding_status 由本签字和三项冻结哈希闭合。rebase_binding=AWS-SIGNOFF-REBASE-GOOGLE-SOURCE-GATE-20260813;post_field_rebase_binding=AWS-SIGNOFF-POST-FIELD-CONTRACT-20260813"
"AWS-SIGN-0370","lifecycle_pk_write","append_then_promote_review_status","最小参考资料库/search-results.csv","search_result_id","SEARCH-M2W2-AWS-TRN1-DIE-AREA-1","审计/子代理交接/m2_staging/M2-W2-AWS-PACKAGE-FACTS-REMEDIATED/structured/search-results.csv","298a116507e7c80c0eca389770463cabe542011b1810bfc1f77f1508cb75c948","1bcab32728aba2505307c993bd45c2974acfce3a2e10190301e4f68621cedc70","absent","","draft","reviewed","","true","","","LCM-M2W2-AWS-PKG-0370","46fd41d8b19a82dc22c24ddee5c1b4e3534cacfe56bc4258cd1c9756ed67b552","74fe487790a0d2fbcaf012c1d60b409fd065dad5480a769843c28dab070036c4","f2682bdaf3ee4bee58aa95e20aa60461cc96a1f1fbc20a04b93bdcd2e98bc880","d10ad305a820f0fc1db7f2bf7030ca149ea7b556ceacd0a32d593f08a7cc01ff","m2_final_review_aws_package","2026-08-13","accept","只授权此 PK 按冻结来源行执行 write_action；除 review_status 外，写入语义列必须与 source_path 中该 PK 完全一致。package_review、independent_signoff 与 freeze_binding_status 由本签字和三项冻结哈希闭合。rebase_binding=AWS-SIGNOFF-REBASE-GOOGLE-SOURCE-GATE-20260813;post_field_rebase_binding=AWS-SIGNOFF-POST-FIELD-CONTRACT-20260813"
"AWS-SIGN-0371","lifecycle_pk_write","append_then_promote_review_status","最小参考资料库/search-results.csv","search_result_id","SEARCH-M2W2-AWS-TRN1-DIE-AREA-2","审计/子代理交接/m2_staging/M2-W2-AWS-PACKAGE-FACTS-REMEDIATED/structured/search-results.csv","298a116507e7c80c0eca389770463cabe542011b1810bfc1f77f1508cb75c948","1bcab32728aba2505307c993bd45c2974acfce3a2e10190301e4f68621cedc70","absent","","draft","reviewed","","true","","","LCM-M2W2-AWS-PKG-0371","46fd41d8b19a82dc22c24ddee5c1b4e3534cacfe56bc4258cd1c9756ed67b552","74fe487790a0d2fbcaf012c1d60b409fd065dad5480a769843c28dab070036c4","f2682bdaf3ee4bee58aa95e20aa60461cc96a1f1fbc20a04b93bdcd2e98bc880","d10ad305a820f0fc1db7f2bf7030ca149ea7b556ceacd0a32d593f08a7cc01ff","m2_final_review_aws_package","2026-08-13","accept","只授权此 PK 按冻结来源行执行 write_action；除 review_status 外，写入语义列必须与 source_path 中该 PK 完全一致。package_review、independent_signoff 与 freeze_binding_status 由本签字和三项冻结哈希闭合。rebase_binding=AWS-SIGNOFF-REBASE-GOOGLE-SOURCE-GATE-20260813;post_field_rebase_binding=AWS-SIGNOFF-POST-FIELD-CONTRACT-20260813"
"AWS-SIGN-0372","lifecycle_pk_write","append_then_promote_review_status","最小参考资料库/search-results.csv","search_result_id","SEARCH-M2W2-AWS-TRN1-TRANSISTORS-1","审计/子代理交接/m2_staging/M2-W2-AWS-PACKAGE-FACTS-REMEDIATED/structured/search-results.csv","298a116507e7c80c0eca389770463cabe542011b1810bfc1f77f1508cb75c948","1bcab32728aba2505307c993bd45c2974acfce3a2e10190301e4f68621cedc70","absent","","draft","reviewed","","true","","","LCM-M2W2-AWS-PKG-0372","46fd41d8b19a82dc22c24ddee5c1b4e3534cacfe56bc4258cd1c9756ed67b552","74fe487790a0d2fbcaf012c1d60b409fd065dad5480a769843c28dab070036c4","f2682bdaf3ee4bee58aa95e20aa60461cc96a1f1fbc20a04b93bdcd2e98bc880","d10ad305a820f0fc1db7f2bf7030ca149ea7b556ceacd0a32d593f08a7cc01ff","m2_final_review_aws_package","2026-08-13","accept","只授权此 PK 按冻结来源行执行 write_action；除 review_status 外，写入语义列必须与 source_path 中该 PK 完全一致。package_review、independent_signoff 与 freeze_binding_status 由本签字和三项冻结哈希闭合。rebase_binding=AWS-SIGNOFF-REBASE-GOOGLE-SOURCE-GATE-20260813;post_field_rebase_binding=AWS-SIGNOFF-POST-FIELD-CONTRACT-20260813"
"AWS-SIGN-0373","lifecycle_pk_write","append_then_promote_review_status","最小参考资料库/search-results.csv","search_result_id","SEARCH-M2W2-AWS-TRN1-TRANSISTORS-2","审计/子代理交接/m2_staging/M2-W2-AWS-PACKAGE-FACTS-REMEDIATED/structured/search-results.csv","298a116507e7c80c0eca389770463cabe542011b1810bfc1f77f1508cb75c948","1bcab32728aba2505307c993bd45c2974acfce3a2e10190301e4f68621cedc70","absent","","draft","reviewed","","true","","","LCM-M2W2-AWS-PKG-0373","46fd41d8b19a82dc22c24ddee5c1b4e3534cacfe56bc4258cd1c9756ed67b552","74fe487790a0d2fbcaf012c1d60b409fd065dad5480a769843c28dab070036c4","f2682bdaf3ee4bee58aa95e20aa60461cc96a1f1fbc20a04b93bdcd2e98bc880","d10ad305a820f0fc1db7f2bf7030ca149ea7b556ceacd0a32d593f08a7cc01ff","m2_final_review_aws_package","2026-08-13","accept","只授权此 PK 按冻结来源行执行 write_action；除 review_status 外，写入语义列必须与 source_path 中该 PK 完全一致。package_review、independent_signoff 与 freeze_binding_status 由本签字和三项冻结哈希闭合。rebase_binding=AWS-SIGNOFF-REBASE-GOOGLE-SOURCE-GATE-20260813;post_field_rebase_binding=AWS-SIGNOFF-POST-FIELD-CONTRACT-20260813"
"AWS-SIGN-0374","lifecycle_pk_write","append_then_promote_review_status","最小参考资料库/search-results.csv","search_result_id","SEARCH-M2W2-AWS-INF2-PACKAGE-1","审计/子代理交接/m2_staging/M2-W2-AWS-PACKAGE-FACTS-REMEDIATED/structured/search-results.csv","298a116507e7c80c0eca389770463cabe542011b1810bfc1f77f1508cb75c948","1bcab32728aba2505307c993bd45c2974acfce3a2e10190301e4f68621cedc70","absent","","draft","reviewed","","true","","","LCM-M2W2-AWS-PKG-0374","46fd41d8b19a82dc22c24ddee5c1b4e3534cacfe56bc4258cd1c9756ed67b552","74fe487790a0d2fbcaf012c1d60b409fd065dad5480a769843c28dab070036c4","f2682bdaf3ee4bee58aa95e20aa60461cc96a1f1fbc20a04b93bdcd2e98bc880","d10ad305a820f0fc1db7f2bf7030ca149ea7b556ceacd0a32d593f08a7cc01ff","m2_final_review_aws_package","2026-08-13","accept","只授权此 PK 按冻结来源行执行 write_action；除 review_status 外，写入语义列必须与 source_path 中该 PK 完全一致。package_review、independent_signoff 与 freeze_binding_status 由本签字和三项冻结哈希闭合。rebase_binding=AWS-SIGNOFF-REBASE-GOOGLE-SOURCE-GATE-20260813;post_field_rebase_binding=AWS-SIGNOFF-POST-FIELD-CONTRACT-20260813"
"AWS-SIGN-0375","lifecycle_pk_write","append_then_promote_review_status","最小参考资料库/search-results.csv","search_result_id","SEARCH-M2W2-AWS-INF2-PACKAGE-2","审计/子代理交接/m2_staging/M2-W2-AWS-PACKAGE-FACTS-REMEDIATED/structured/search-results.csv","298a116507e7c80c0eca389770463cabe542011b1810bfc1f77f1508cb75c948","1bcab32728aba2505307c993bd45c2974acfce3a2e10190301e4f68621cedc70","absent","","draft","reviewed","","true","","","LCM-M2W2-AWS-PKG-0375","46fd41d8b19a82dc22c24ddee5c1b4e3534cacfe56bc4258cd1c9756ed67b552","74fe487790a0d2fbcaf012c1d60b409fd065dad5480a769843c28dab070036c4","f2682bdaf3ee4bee58aa95e20aa60461cc96a1f1fbc20a04b93bdcd2e98bc880","d10ad305a820f0fc1db7f2bf7030ca149ea7b556ceacd0a32d593f08a7cc01ff","m2_final_review_aws_package","2026-08-13","accept","只授权此 PK 按冻结来源行执行 write_action；除 review_status 外，写入语义列必须与 source_path 中该 PK 完全一致。package_review、independent_signoff 与 freeze_binding_status 由本签字和三项冻结哈希闭合。rebase_binding=AWS-SIGNOFF-REBASE-GOOGLE-SOURCE-GATE-20260813;post_field_rebase_binding=AWS-SIGNOFF-POST-FIELD-CONTRACT-20260813"
"AWS-SIGN-0376","lifecycle_pk_write","append_then_promote_review_status","最小参考资料库/search-results.csv","search_result_id","SEARCH-M2W2-AWS-INF2-DIE-COUNT-1","审计/子代理交接/m2_staging/M2-W2-AWS-PACKAGE-FACTS-REMEDIATED/structured/search-results.csv","298a116507e7c80c0eca389770463cabe542011b1810bfc1f77f1508cb75c948","1bcab32728aba2505307c993bd45c2974acfce3a2e10190301e4f68621cedc70","absent","","draft","reviewed","","true","","","LCM-M2W2-AWS-PKG-0376","46fd41d8b19a82dc22c24ddee5c1b4e3534cacfe56bc4258cd1c9756ed67b552","74fe487790a0d2fbcaf012c1d60b409fd065dad5480a769843c28dab070036c4","f2682bdaf3ee4bee58aa95e20aa60461cc96a1f1fbc20a04b93bdcd2e98bc880","d10ad305a820f0fc1db7f2bf7030ca149ea7b556ceacd0a32d593f08a7cc01ff","m2_final_review_aws_package","2026-08-13","accept","只授权此 PK 按冻结来源行执行 write_action；除 review_status 外，写入语义列必须与 source_path 中该 PK 完全一致。package_review、independent_signoff 与 freeze_binding_status 由本签字和三项冻结哈希闭合。rebase_binding=AWS-SIGNOFF-REBASE-GOOGLE-SOURCE-GATE-20260813;post_field_rebase_binding=AWS-SIGNOFF-POST-FIELD-CONTRACT-20260813"
"AWS-SIGN-0377","lifecycle_pk_write","append_then_promote_review_status","最小参考资料库/search-results.csv","search_result_id","SEARCH-M2W2-AWS-INF2-DIE-COUNT-2","审计/子代理交接/m2_staging/M2-W2-AWS-PACKAGE-FACTS-REMEDIATED/structured/search-results.csv","298a116507e7c80c0eca389770463cabe542011b1810bfc1f77f1508cb75c948","1bcab32728aba2505307c993bd45c2974acfce3a2e10190301e4f68621cedc70","absent","","draft","reviewed","","true","","","LCM-M2W2-AWS-PKG-0377","46fd41d8b19a82dc22c24ddee5c1b4e3534cacfe56bc4258cd1c9756ed67b552","74fe487790a0d2fbcaf012c1d60b409fd065dad5480a769843c28dab070036c4","f2682bdaf3ee4bee58aa95e20aa60461cc96a1f1fbc20a04b93bdcd2e98bc880","d10ad305a820f0fc1db7f2bf7030ca149ea7b556ceacd0a32d593f08a7cc01ff","m2_final_review_aws_package","2026-08-13","accept","只授权此 PK 按冻结来源行执行 write_action；除 review_status 外，写入语义列必须与 source_path 中该 PK 完全一致。package_review、independent_signoff 与 freeze_binding_status 由本签字和三项冻结哈希闭合。rebase_binding=AWS-SIGNOFF-REBASE-GOOGLE-SOURCE-GATE-20260813;post_field_rebase_binding=AWS-SIGNOFF-POST-FIELD-CONTRACT-20260813"
"AWS-SIGN-0378","lifecycle_pk_write","append_then_promote_review_status","最小参考资料库/search-results.csv","search_result_id","SEARCH-M2W2-AWS-INF2-INTERPOSER-1","审计/子代理交接/m2_staging/M2-W2-AWS-PACKAGE-FACTS-REMEDIATED/structured/search-results.csv","298a116507e7c80c0eca389770463cabe542011b1810bfc1f77f1508cb75c948","1bcab32728aba2505307c993bd45c2974acfce3a2e10190301e4f68621cedc70","absent","","draft","reviewed","","true","","","LCM-M2W2-AWS-PKG-0378","46fd41d8b19a82dc22c24ddee5c1b4e3534cacfe56bc4258cd1c9756ed67b552","74fe487790a0d2fbcaf012c1d60b409fd065dad5480a769843c28dab070036c4","f2682bdaf3ee4bee58aa95e20aa60461cc96a1f1fbc20a04b93bdcd2e98bc880","d10ad305a820f0fc1db7f2bf7030ca149ea7b556ceacd0a32d593f08a7cc01ff","m2_final_review_aws_package","2026-08-13","accept","只授权此 PK 按冻结来源行执行 write_action；除 review_status 外，写入语义列必须与 source_path 中该 PK 完全一致。package_review、independent_signoff 与 freeze_binding_status 由本签字和三项冻结哈希闭合。rebase_binding=AWS-SIGNOFF-REBASE-GOOGLE-SOURCE-GATE-20260813;post_field_rebase_binding=AWS-SIGNOFF-POST-FIELD-CONTRACT-20260813"
"AWS-SIGN-0379","lifecycle_pk_write","append_then_promote_review_status","最小参考资料库/search-results.csv","search_result_id","SEARCH-M2W2-AWS-INF2-INTERPOSER-2","审计/子代理交接/m2_staging/M2-W2-AWS-PACKAGE-FACTS-REMEDIATED/structured/search-results.csv","298a116507e7c80c0eca389770463cabe542011b1810bfc1f77f1508cb75c948","1bcab32728aba2505307c993bd45c2974acfce3a2e10190301e4f68621cedc70","absent","","draft","reviewed","","true","","","LCM-M2W2-AWS-PKG-0379","46fd41d8b19a82dc22c24ddee5c1b4e3534cacfe56bc4258cd1c9756ed67b552","74fe487790a0d2fbcaf012c1d60b409fd065dad5480a769843c28dab070036c4","f2682bdaf3ee4bee58aa95e20aa60461cc96a1f1fbc20a04b93bdcd2e98bc880","d10ad305a820f0fc1db7f2bf7030ca149ea7b556ceacd0a32d593f08a7cc01ff","m2_final_review_aws_package","2026-08-13","accept","只授权此 PK 按冻结来源行执行 write_action；除 review_status 外，写入语义列必须与 source_path 中该 PK 完全一致。package_review、independent_signoff 与 freeze_binding_status 由本签字和三项冻结哈希闭合。rebase_binding=AWS-SIGNOFF-REBASE-GOOGLE-SOURCE-GATE-20260813;post_field_rebase_binding=AWS-SIGNOFF-POST-FIELD-CONTRACT-20260813"
"AWS-SIGN-0380","lifecycle_pk_write","append_then_promote_review_status","最小参考资料库/search-results.csv","search_result_id","SEARCH-M2W2-AWS-INF2-DIE-AREA-1","审计/子代理交接/m2_staging/M2-W2-AWS-PACKAGE-FACTS-REMEDIATED/structured/search-results.csv","298a116507e7c80c0eca389770463cabe542011b1810bfc1f77f1508cb75c948","1bcab32728aba2505307c993bd45c2974acfce3a2e10190301e4f68621cedc70","absent","","draft","reviewed","","true","","","LCM-M2W2-AWS-PKG-0380","46fd41d8b19a82dc22c24ddee5c1b4e3534cacfe56bc4258cd1c9756ed67b552","74fe487790a0d2fbcaf012c1d60b409fd065dad5480a769843c28dab070036c4","f2682bdaf3ee4bee58aa95e20aa60461cc96a1f1fbc20a04b93bdcd2e98bc880","d10ad305a820f0fc1db7f2bf7030ca149ea7b556ceacd0a32d593f08a7cc01ff","m2_final_review_aws_package","2026-08-13","accept","只授权此 PK 按冻结来源行执行 write_action；除 review_status 外，写入语义列必须与 source_path 中该 PK 完全一致。package_review、independent_signoff 与 freeze_binding_status 由本签字和三项冻结哈希闭合。rebase_binding=AWS-SIGNOFF-REBASE-GOOGLE-SOURCE-GATE-20260813;post_field_rebase_binding=AWS-SIGNOFF-POST-FIELD-CONTRACT-20260813"
"AWS-SIGN-0381","lifecycle_pk_write","append_then_promote_review_status","最小参考资料库/search-results.csv","search_result_id","SEARCH-M2W2-AWS-INF2-DIE-AREA-2","审计/子代理交接/m2_staging/M2-W2-AWS-PACKAGE-FACTS-REMEDIATED/structured/search-results.csv","298a116507e7c80c0eca389770463cabe542011b1810bfc1f77f1508cb75c948","1bcab32728aba2505307c993bd45c2974acfce3a2e10190301e4f68621cedc70","absent","","draft","reviewed","","true","","","LCM-M2W2-AWS-PKG-0381","46fd41d8b19a82dc22c24ddee5c1b4e3534cacfe56bc4258cd1c9756ed67b552","74fe487790a0d2fbcaf012c1d60b409fd065dad5480a769843c28dab070036c4","f2682bdaf3ee4bee58aa95e20aa60461cc96a1f1fbc20a04b93bdcd2e98bc880","d10ad305a820f0fc1db7f2bf7030ca149ea7b556ceacd0a32d593f08a7cc01ff","m2_final_review_aws_package","2026-08-13","accept","只授权此 PK 按冻结来源行执行 write_action；除 review_status 外，写入语义列必须与 source_path 中该 PK 完全一致。package_review、independent_signoff 与 freeze_binding_status 由本签字和三项冻结哈希闭合。rebase_binding=AWS-SIGNOFF-REBASE-GOOGLE-SOURCE-GATE-20260813;post_field_rebase_binding=AWS-SIGNOFF-POST-FIELD-CONTRACT-20260813"
"AWS-SIGN-0382","lifecycle_pk_write","append_then_promote_review_status","最小参考资料库/search-results.csv","search_result_id","SEARCH-M2W2-AWS-INF2-TRANSISTORS-1","审计/子代理交接/m2_staging/M2-W2-AWS-PACKAGE-FACTS-REMEDIATED/structured/search-results.csv","298a116507e7c80c0eca389770463cabe542011b1810bfc1f77f1508cb75c948","1bcab32728aba2505307c993bd45c2974acfce3a2e10190301e4f68621cedc70","absent","","draft","reviewed","","true","","","LCM-M2W2-AWS-PKG-0382","46fd41d8b19a82dc22c24ddee5c1b4e3534cacfe56bc4258cd1c9756ed67b552","74fe487790a0d2fbcaf012c1d60b409fd065dad5480a769843c28dab070036c4","f2682bdaf3ee4bee58aa95e20aa60461cc96a1f1fbc20a04b93bdcd2e98bc880","d10ad305a820f0fc1db7f2bf7030ca149ea7b556ceacd0a32d593f08a7cc01ff","m2_final_review_aws_package","2026-08-13","accept","只授权此 PK 按冻结来源行执行 write_action；除 review_status 外，写入语义列必须与 source_path 中该 PK 完全一致。package_review、independent_signoff 与 freeze_binding_status 由本签字和三项冻结哈希闭合。rebase_binding=AWS-SIGNOFF-REBASE-GOOGLE-SOURCE-GATE-20260813;post_field_rebase_binding=AWS-SIGNOFF-POST-FIELD-CONTRACT-20260813"
"AWS-SIGN-0383","lifecycle_pk_write","append_then_promote_review_status","最小参考资料库/search-results.csv","search_result_id","SEARCH-M2W2-AWS-INF2-TRANSISTORS-2","审计/子代理交接/m2_staging/M2-W2-AWS-PACKAGE-FACTS-REMEDIATED/structured/search-results.csv","298a116507e7c80c0eca389770463cabe542011b1810bfc1f77f1508cb75c948","1bcab32728aba2505307c993bd45c2974acfce3a2e10190301e4f68621cedc70","absent","","draft","reviewed","","true","","","LCM-M2W2-AWS-PKG-0383","46fd41d8b19a82dc22c24ddee5c1b4e3534cacfe56bc4258cd1c9756ed67b552","74fe487790a0d2fbcaf012c1d60b409fd065dad5480a769843c28dab070036c4","f2682bdaf3ee4bee58aa95e20aa60461cc96a1f1fbc20a04b93bdcd2e98bc880","d10ad305a820f0fc1db7f2bf7030ca149ea7b556ceacd0a32d593f08a7cc01ff","m2_final_review_aws_package","2026-08-13","accept","只授权此 PK 按冻结来源行执行 write_action；除 review_status 外，写入语义列必须与 source_path 中该 PK 完全一致。package_review、independent_signoff 与 freeze_binding_status 由本签字和三项冻结哈希闭合。rebase_binding=AWS-SIGNOFF-REBASE-GOOGLE-SOURCE-GATE-20260813;post_field_rebase_binding=AWS-SIGNOFF-POST-FIELD-CONTRACT-20260813"
"AWS-SIGN-0384","lifecycle_pk_write","append_then_promote_review_status","最小参考资料库/search-results.csv","search_result_id","SEARCH-M2W2-AWS-TRN3-PACKAGE-1","审计/子代理交接/m2_staging/M2-W2-AWS-PACKAGE-FACTS-REMEDIATED/structured/search-results.csv","298a116507e7c80c0eca389770463cabe542011b1810bfc1f77f1508cb75c948","1bcab32728aba2505307c993bd45c2974acfce3a2e10190301e4f68621cedc70","absent","","draft","reviewed","","true","","","LCM-M2W2-AWS-PKG-0384","46fd41d8b19a82dc22c24ddee5c1b4e3534cacfe56bc4258cd1c9756ed67b552","74fe487790a0d2fbcaf012c1d60b409fd065dad5480a769843c28dab070036c4","f2682bdaf3ee4bee58aa95e20aa60461cc96a1f1fbc20a04b93bdcd2e98bc880","d10ad305a820f0fc1db7f2bf7030ca149ea7b556ceacd0a32d593f08a7cc01ff","m2_final_review_aws_package","2026-08-13","accept","只授权此 PK 按冻结来源行执行 write_action；除 review_status 外，写入语义列必须与 source_path 中该 PK 完全一致。package_review、independent_signoff 与 freeze_binding_status 由本签字和三项冻结哈希闭合。rebase_binding=AWS-SIGNOFF-REBASE-GOOGLE-SOURCE-GATE-20260813;post_field_rebase_binding=AWS-SIGNOFF-POST-FIELD-CONTRACT-20260813"
"AWS-SIGN-0385","lifecycle_pk_write","append_then_promote_review_status","最小参考资料库/search-results.csv","search_result_id","SEARCH-M2W2-AWS-TRN3-PACKAGE-2","审计/子代理交接/m2_staging/M2-W2-AWS-PACKAGE-FACTS-REMEDIATED/structured/search-results.csv","298a116507e7c80c0eca389770463cabe542011b1810bfc1f77f1508cb75c948","1bcab32728aba2505307c993bd45c2974acfce3a2e10190301e4f68621cedc70","absent","","draft","reviewed","","true","","","LCM-M2W2-AWS-PKG-0385","46fd41d8b19a82dc22c24ddee5c1b4e3534cacfe56bc4258cd1c9756ed67b552","74fe487790a0d2fbcaf012c1d60b409fd065dad5480a769843c28dab070036c4","f2682bdaf3ee4bee58aa95e20aa60461cc96a1f1fbc20a04b93bdcd2e98bc880","d10ad305a820f0fc1db7f2bf7030ca149ea7b556ceacd0a32d593f08a7cc01ff","m2_final_review_aws_package","2026-08-13","accept","只授权此 PK 按冻结来源行执行 write_action；除 review_status 外，写入语义列必须与 source_path 中该 PK 完全一致。package_review、independent_signoff 与 freeze_binding_status 由本签字和三项冻结哈希闭合。rebase_binding=AWS-SIGNOFF-REBASE-GOOGLE-SOURCE-GATE-20260813;post_field_rebase_binding=AWS-SIGNOFF-POST-FIELD-CONTRACT-20260813"
"AWS-SIGN-0386","lifecycle_pk_write","append_then_promote_review_status","最小参考资料库/search-results.csv","search_result_id","SEARCH-M2W2-AWS-TRN3-PACKAGE-3","审计/子代理交接/m2_staging/M2-W2-AWS-PACKAGE-FACTS-REMEDIATED/structured/search-results.csv","298a116507e7c80c0eca389770463cabe542011b1810bfc1f77f1508cb75c948","1bcab32728aba2505307c993bd45c2974acfce3a2e10190301e4f68621cedc70","absent","","draft","reviewed","","true","","","LCM-M2W2-AWS-PKG-0386","46fd41d8b19a82dc22c24ddee5c1b4e3534cacfe56bc4258cd1c9756ed67b552","74fe487790a0d2fbcaf012c1d60b409fd065dad5480a769843c28dab070036c4","f2682bdaf3ee4bee58aa95e20aa60461cc96a1f1fbc20a04b93bdcd2e98bc880","d10ad305a820f0fc1db7f2bf7030ca149ea7b556ceacd0a32d593f08a7cc01ff","m2_final_review_aws_package","2026-08-13","accept","只授权此 PK 按冻结来源行执行 write_action；除 review_status 外，写入语义列必须与 source_path 中该 PK 完全一致。package_review、independent_signoff 与 freeze_binding_status 由本签字和三项冻结哈希闭合。rebase_binding=AWS-SIGNOFF-REBASE-GOOGLE-SOURCE-GATE-20260813;post_field_rebase_binding=AWS-SIGNOFF-POST-FIELD-CONTRACT-20260813"
"AWS-SIGN-0387","lifecycle_pk_write","append_then_promote_review_status","最小参考资料库/search-results.csv","search_result_id","SEARCH-M2W2-AWS-TRN3-PACKAGE-4","审计/子代理交接/m2_staging/M2-W2-AWS-PACKAGE-FACTS-REMEDIATED/structured/search-results.csv","298a116507e7c80c0eca389770463cabe542011b1810bfc1f77f1508cb75c948","1bcab32728aba2505307c993bd45c2974acfce3a2e10190301e4f68621cedc70","absent","","draft","reviewed","","true","","","LCM-M2W2-AWS-PKG-0387","46fd41d8b19a82dc22c24ddee5c1b4e3534cacfe56bc4258cd1c9756ed67b552","74fe487790a0d2fbcaf012c1d60b409fd065dad5480a769843c28dab070036c4","f2682bdaf3ee4bee58aa95e20aa60461cc96a1f1fbc20a04b93bdcd2e98bc880","d10ad305a820f0fc1db7f2bf7030ca149ea7b556ceacd0a32d593f08a7cc01ff","m2_final_review_aws_package","2026-08-13","accept","只授权此 PK 按冻结来源行执行 write_action；除 review_status 外，写入语义列必须与 source_path 中该 PK 完全一致。package_review、independent_signoff 与 freeze_binding_status 由本签字和三项冻结哈希闭合。rebase_binding=AWS-SIGNOFF-REBASE-GOOGLE-SOURCE-GATE-20260813;post_field_rebase_binding=AWS-SIGNOFF-POST-FIELD-CONTRACT-20260813"
"AWS-SIGN-0388","lifecycle_pk_write","append_then_promote_review_status","最小参考资料库/search-results.csv","search_result_id","SEARCH-M2W2-AWS-TRN3-DIE-COUNT-1","审计/子代理交接/m2_staging/M2-W2-AWS-PACKAGE-FACTS-REMEDIATED/structured/search-results.csv","298a116507e7c80c0eca389770463cabe542011b1810bfc1f77f1508cb75c948","1bcab32728aba2505307c993bd45c2974acfce3a2e10190301e4f68621cedc70","absent","","draft","reviewed","","true","","","LCM-M2W2-AWS-PKG-0388","46fd41d8b19a82dc22c24ddee5c1b4e3534cacfe56bc4258cd1c9756ed67b552","74fe487790a0d2fbcaf012c1d60b409fd065dad5480a769843c28dab070036c4","f2682bdaf3ee4bee58aa95e20aa60461cc96a1f1fbc20a04b93bdcd2e98bc880","d10ad305a820f0fc1db7f2bf7030ca149ea7b556ceacd0a32d593f08a7cc01ff","m2_final_review_aws_package","2026-08-13","accept","只授权此 PK 按冻结来源行执行 write_action；除 review_status 外，写入语义列必须与 source_path 中该 PK 完全一致。package_review、independent_signoff 与 freeze_binding_status 由本签字和三项冻结哈希闭合。rebase_binding=AWS-SIGNOFF-REBASE-GOOGLE-SOURCE-GATE-20260813;post_field_rebase_binding=AWS-SIGNOFF-POST-FIELD-CONTRACT-20260813"
"AWS-SIGN-0389","lifecycle_pk_write","append_then_promote_review_status","最小参考资料库/search-results.csv","search_result_id","SEARCH-M2W2-AWS-TRN3-DIE-COUNT-2","审计/子代理交接/m2_staging/M2-W2-AWS-PACKAGE-FACTS-REMEDIATED/structured/search-results.csv","298a116507e7c80c0eca389770463cabe542011b1810bfc1f77f1508cb75c948","1bcab32728aba2505307c993bd45c2974acfce3a2e10190301e4f68621cedc70","absent","","draft","reviewed","","true","","","LCM-M2W2-AWS-PKG-0389","46fd41d8b19a82dc22c24ddee5c1b4e3534cacfe56bc4258cd1c9756ed67b552","74fe487790a0d2fbcaf012c1d60b409fd065dad5480a769843c28dab070036c4","f2682bdaf3ee4bee58aa95e20aa60461cc96a1f1fbc20a04b93bdcd2e98bc880","d10ad305a820f0fc1db7f2bf7030ca149ea7b556ceacd0a32d593f08a7cc01ff","m2_final_review_aws_package","2026-08-13","accept","只授权此 PK 按冻结来源行执行 write_action；除 review_status 外，写入语义列必须与 source_path 中该 PK 完全一致。package_review、independent_signoff 与 freeze_binding_status 由本签字和三项冻结哈希闭合。rebase_binding=AWS-SIGNOFF-REBASE-GOOGLE-SOURCE-GATE-20260813;post_field_rebase_binding=AWS-SIGNOFF-POST-FIELD-CONTRACT-20260813"
"AWS-SIGN-0390","lifecycle_pk_write","append_then_promote_review_status","最小参考资料库/search-results.csv","search_result_id","SEARCH-M2W2-AWS-TRN3-DIE-COUNT-3","审计/子代理交接/m2_staging/M2-W2-AWS-PACKAGE-FACTS-REMEDIATED/structured/search-results.csv","298a116507e7c80c0eca389770463cabe542011b1810bfc1f77f1508cb75c948","1bcab32728aba2505307c993bd45c2974acfce3a2e10190301e4f68621cedc70","absent","","draft","reviewed","","true","","","LCM-M2W2-AWS-PKG-0390","46fd41d8b19a82dc22c24ddee5c1b4e3534cacfe56bc4258cd1c9756ed67b552","74fe487790a0d2fbcaf012c1d60b409fd065dad5480a769843c28dab070036c4","f2682bdaf3ee4bee58aa95e20aa60461cc96a1f1fbc20a04b93bdcd2e98bc880","d10ad305a820f0fc1db7f2bf7030ca149ea7b556ceacd0a32d593f08a7cc01ff","m2_final_review_aws_package","2026-08-13","accept","只授权此 PK 按冻结来源行执行 write_action；除 review_status 外，写入语义列必须与 source_path 中该 PK 完全一致。package_review、independent_signoff 与 freeze_binding_status 由本签字和三项冻结哈希闭合。rebase_binding=AWS-SIGNOFF-REBASE-GOOGLE-SOURCE-GATE-20260813;post_field_rebase_binding=AWS-SIGNOFF-POST-FIELD-CONTRACT-20260813"
"AWS-SIGN-0391","lifecycle_pk_write","append_then_promote_review_status","最小参考资料库/search-results.csv","search_result_id","SEARCH-M2W2-AWS-TRN3-DIE-COUNT-4","审计/子代理交接/m2_staging/M2-W2-AWS-PACKAGE-FACTS-REMEDIATED/structured/search-results.csv","298a116507e7c80c0eca389770463cabe542011b1810bfc1f77f1508cb75c948","1bcab32728aba2505307c993bd45c2974acfce3a2e10190301e4f68621cedc70","absent","","draft","reviewed","","true","","","LCM-M2W2-AWS-PKG-0391","46fd41d8b19a82dc22c24ddee5c1b4e3534cacfe56bc4258cd1c9756ed67b552","74fe487790a0d2fbcaf012c1d60b409fd065dad5480a769843c28dab070036c4","f2682bdaf3ee4bee58aa95e20aa60461cc96a1f1fbc20a04b93bdcd2e98bc880","d10ad305a820f0fc1db7f2bf7030ca149ea7b556ceacd0a32d593f08a7cc01ff","m2_final_review_aws_package","2026-08-13","accept","只授权此 PK 按冻结来源行执行 write_action；除 review_status 外，写入语义列必须与 source_path 中该 PK 完全一致。package_review、independent_signoff 与 freeze_binding_status 由本签字和三项冻结哈希闭合。rebase_binding=AWS-SIGNOFF-REBASE-GOOGLE-SOURCE-GATE-20260813;post_field_rebase_binding=AWS-SIGNOFF-POST-FIELD-CONTRACT-20260813"
"AWS-SIGN-0392","lifecycle_pk_write","append_then_promote_review_status","最小参考资料库/search-results.csv","search_result_id","SEARCH-M2W2-AWS-TRN3-INTERPOSER-1","审计/子代理交接/m2_staging/M2-W2-AWS-PACKAGE-FACTS-REMEDIATED/structured/search-results.csv","298a116507e7c80c0eca389770463cabe542011b1810bfc1f77f1508cb75c948","1bcab32728aba2505307c993bd45c2974acfce3a2e10190301e4f68621cedc70","absent","","draft","reviewed","","true","","","LCM-M2W2-AWS-PKG-0392","46fd41d8b19a82dc22c24ddee5c1b4e3534cacfe56bc4258cd1c9756ed67b552","74fe487790a0d2fbcaf012c1d60b409fd065dad5480a769843c28dab070036c4","f2682bdaf3ee4bee58aa95e20aa60461cc96a1f1fbc20a04b93bdcd2e98bc880","d10ad305a820f0fc1db7f2bf7030ca149ea7b556ceacd0a32d593f08a7cc01ff","m2_final_review_aws_package","2026-08-13","accept","只授权此 PK 按冻结来源行执行 write_action；除 review_status 外，写入语义列必须与 source_path 中该 PK 完全一致。package_review、independent_signoff 与 freeze_binding_status 由本签字和三项冻结哈希闭合。rebase_binding=AWS-SIGNOFF-REBASE-GOOGLE-SOURCE-GATE-20260813;post_field_rebase_binding=AWS-SIGNOFF-POST-FIELD-CONTRACT-20260813"
"AWS-SIGN-0393","lifecycle_pk_write","append_then_promote_review_status","最小参考资料库/search-results.csv","search_result_id","SEARCH-M2W2-AWS-TRN3-INTERPOSER-2","审计/子代理交接/m2_staging/M2-W2-AWS-PACKAGE-FACTS-REMEDIATED/structured/search-results.csv","298a116507e7c80c0eca389770463cabe542011b1810bfc1f77f1508cb75c948","1bcab32728aba2505307c993bd45c2974acfce3a2e10190301e4f68621cedc70","absent","","draft","reviewed","","true","","","LCM-M2W2-AWS-PKG-0393","46fd41d8b19a82dc22c24ddee5c1b4e3534cacfe56bc4258cd1c9756ed67b552","74fe487790a0d2fbcaf012c1d60b409fd065dad5480a769843c28dab070036c4","f2682bdaf3ee4bee58aa95e20aa60461cc96a1f1fbc20a04b93bdcd2e98bc880","d10ad305a820f0fc1db7f2bf7030ca149ea7b556ceacd0a32d593f08a7cc01ff","m2_final_review_aws_package","2026-08-13","accept","只授权此 PK 按冻结来源行执行 write_action；除 review_status 外，写入语义列必须与 source_path 中该 PK 完全一致。package_review、independent_signoff 与 freeze_binding_status 由本签字和三项冻结哈希闭合。rebase_binding=AWS-SIGNOFF-REBASE-GOOGLE-SOURCE-GATE-20260813;post_field_rebase_binding=AWS-SIGNOFF-POST-FIELD-CONTRACT-20260813"
"AWS-SIGN-0394","lifecycle_pk_write","append_then_promote_review_status","最小参考资料库/search-results.csv","search_result_id","SEARCH-M2W2-AWS-TRN3-INTERPOSER-3","审计/子代理交接/m2_staging/M2-W2-AWS-PACKAGE-FACTS-REMEDIATED/structured/search-results.csv","298a116507e7c80c0eca389770463cabe542011b1810bfc1f77f1508cb75c948","1bcab32728aba2505307c993bd45c2974acfce3a2e10190301e4f68621cedc70","absent","","draft","reviewed","","true","","","LCM-M2W2-AWS-PKG-0394","46fd41d8b19a82dc22c24ddee5c1b4e3534cacfe56bc4258cd1c9756ed67b552","74fe487790a0d2fbcaf012c1d60b409fd065dad5480a769843c28dab070036c4","f2682bdaf3ee4bee58aa95e20aa60461cc96a1f1fbc20a04b93bdcd2e98bc880","d10ad305a820f0fc1db7f2bf7030ca149ea7b556ceacd0a32d593f08a7cc01ff","m2_final_review_aws_package","2026-08-13","accept","只授权此 PK 按冻结来源行执行 write_action；除 review_status 外，写入语义列必须与 source_path 中该 PK 完全一致。package_review、independent_signoff 与 freeze_binding_status 由本签字和三项冻结哈希闭合。rebase_binding=AWS-SIGNOFF-REBASE-GOOGLE-SOURCE-GATE-20260813;post_field_rebase_binding=AWS-SIGNOFF-POST-FIELD-CONTRACT-20260813"
"AWS-SIGN-0395","lifecycle_pk_write","append_then_promote_review_status","最小参考资料库/search-results.csv","search_result_id","SEARCH-M2W2-AWS-TRN3-INTERPOSER-4","审计/子代理交接/m2_staging/M2-W2-AWS-PACKAGE-FACTS-REMEDIATED/structured/search-results.csv","298a116507e7c80c0eca389770463cabe542011b1810bfc1f77f1508cb75c948","1bcab32728aba2505307c993bd45c2974acfce3a2e10190301e4f68621cedc70","absent","","draft","reviewed","","true","","","LCM-M2W2-AWS-PKG-0395","46fd41d8b19a82dc22c24ddee5c1b4e3534cacfe56bc4258cd1c9756ed67b552","74fe487790a0d2fbcaf012c1d60b409fd065dad5480a769843c28dab070036c4","f2682bdaf3ee4bee58aa95e20aa60461cc96a1f1fbc20a04b93bdcd2e98bc880","d10ad305a820f0fc1db7f2bf7030ca149ea7b556ceacd0a32d593f08a7cc01ff","m2_final_review_aws_package","2026-08-13","accept","只授权此 PK 按冻结来源行执行 write_action；除 review_status 外，写入语义列必须与 source_path 中该 PK 完全一致。package_review、independent_signoff 与 freeze_binding_status 由本签字和三项冻结哈希闭合。rebase_binding=AWS-SIGNOFF-REBASE-GOOGLE-SOURCE-GATE-20260813;post_field_rebase_binding=AWS-SIGNOFF-POST-FIELD-CONTRACT-20260813"
"AWS-SIGN-0396","lifecycle_pk_write","append_then_promote_review_status","最小参考资料库/search-results.csv","search_result_id","SEARCH-M2W2-AWS-TRN3-DIE-AREA-1","审计/子代理交接/m2_staging/M2-W2-AWS-PACKAGE-FACTS-REMEDIATED/structured/search-results.csv","298a116507e7c80c0eca389770463cabe542011b1810bfc1f77f1508cb75c948","1bcab32728aba2505307c993bd45c2974acfce3a2e10190301e4f68621cedc70","absent","","draft","reviewed","","true","","","LCM-M2W2-AWS-PKG-0396","46fd41d8b19a82dc22c24ddee5c1b4e3534cacfe56bc4258cd1c9756ed67b552","74fe487790a0d2fbcaf012c1d60b409fd065dad5480a769843c28dab070036c4","f2682bdaf3ee4bee58aa95e20aa60461cc96a1f1fbc20a04b93bdcd2e98bc880","d10ad305a820f0fc1db7f2bf7030ca149ea7b556ceacd0a32d593f08a7cc01ff","m2_final_review_aws_package","2026-08-13","accept","只授权此 PK 按冻结来源行执行 write_action；除 review_status 外，写入语义列必须与 source_path 中该 PK 完全一致。package_review、independent_signoff 与 freeze_binding_status 由本签字和三项冻结哈希闭合。rebase_binding=AWS-SIGNOFF-REBASE-GOOGLE-SOURCE-GATE-20260813;post_field_rebase_binding=AWS-SIGNOFF-POST-FIELD-CONTRACT-20260813"
"AWS-SIGN-0397","lifecycle_pk_write","append_then_promote_review_status","最小参考资料库/search-results.csv","search_result_id","SEARCH-M2W2-AWS-TRN3-DIE-AREA-2","审计/子代理交接/m2_staging/M2-W2-AWS-PACKAGE-FACTS-REMEDIATED/structured/search-results.csv","298a116507e7c80c0eca389770463cabe542011b1810bfc1f77f1508cb75c948","1bcab32728aba2505307c993bd45c2974acfce3a2e10190301e4f68621cedc70","absent","","draft","reviewed","","true","","","LCM-M2W2-AWS-PKG-0397","46fd41d8b19a82dc22c24ddee5c1b4e3534cacfe56bc4258cd1c9756ed67b552","74fe487790a0d2fbcaf012c1d60b409fd065dad5480a769843c28dab070036c4","f2682bdaf3ee4bee58aa95e20aa60461cc96a1f1fbc20a04b93bdcd2e98bc880","d10ad305a820f0fc1db7f2bf7030ca149ea7b556ceacd0a32d593f08a7cc01ff","m2_final_review_aws_package","2026-08-13","accept","只授权此 PK 按冻结来源行执行 write_action；除 review_status 外，写入语义列必须与 source_path 中该 PK 完全一致。package_review、independent_signoff 与 freeze_binding_status 由本签字和三项冻结哈希闭合。rebase_binding=AWS-SIGNOFF-REBASE-GOOGLE-SOURCE-GATE-20260813;post_field_rebase_binding=AWS-SIGNOFF-POST-FIELD-CONTRACT-20260813"
"AWS-SIGN-0398","lifecycle_pk_write","append_then_promote_review_status","最小参考资料库/search-results.csv","search_result_id","SEARCH-M2W2-AWS-TRN3-DIE-AREA-3","审计/子代理交接/m2_staging/M2-W2-AWS-PACKAGE-FACTS-REMEDIATED/structured/search-results.csv","298a116507e7c80c0eca389770463cabe542011b1810bfc1f77f1508cb75c948","1bcab32728aba2505307c993bd45c2974acfce3a2e10190301e4f68621cedc70","absent","","draft","reviewed","","true","","","LCM-M2W2-AWS-PKG-0398","46fd41d8b19a82dc22c24ddee5c1b4e3534cacfe56bc4258cd1c9756ed67b552","74fe487790a0d2fbcaf012c1d60b409fd065dad5480a769843c28dab070036c4","f2682bdaf3ee4bee58aa95e20aa60461cc96a1f1fbc20a04b93bdcd2e98bc880","d10ad305a820f0fc1db7f2bf7030ca149ea7b556ceacd0a32d593f08a7cc01ff","m2_final_review_aws_package","2026-08-13","accept","只授权此 PK 按冻结来源行执行 write_action；除 review_status 外，写入语义列必须与 source_path 中该 PK 完全一致。package_review、independent_signoff 与 freeze_binding_status 由本签字和三项冻结哈希闭合。rebase_binding=AWS-SIGNOFF-REBASE-GOOGLE-SOURCE-GATE-20260813;post_field_rebase_binding=AWS-SIGNOFF-POST-FIELD-CONTRACT-20260813"
"AWS-SIGN-0399","lifecycle_pk_write","append_then_promote_review_status","最小参考资料库/search-results.csv","search_result_id","SEARCH-M2W2-AWS-TRN3-DIE-AREA-4","审计/子代理交接/m2_staging/M2-W2-AWS-PACKAGE-FACTS-REMEDIATED/structured/search-results.csv","298a116507e7c80c0eca389770463cabe542011b1810bfc1f77f1508cb75c948","1bcab32728aba2505307c993bd45c2974acfce3a2e10190301e4f68621cedc70","absent","","draft","reviewed","","true","","","LCM-M2W2-AWS-PKG-0399","46fd41d8b19a82dc22c24ddee5c1b4e3534cacfe56bc4258cd1c9756ed67b552","74fe487790a0d2fbcaf012c1d60b409fd065dad5480a769843c28dab070036c4","f2682bdaf3ee4bee58aa95e20aa60461cc96a1f1fbc20a04b93bdcd2e98bc880","d10ad305a820f0fc1db7f2bf7030ca149ea7b556ceacd0a32d593f08a7cc01ff","m2_final_review_aws_package","2026-08-13","accept","只授权此 PK 按冻结来源行执行 write_action；除 review_status 外，写入语义列必须与 source_path 中该 PK 完全一致。package_review、independent_signoff 与 freeze_binding_status 由本签字和三项冻结哈希闭合。rebase_binding=AWS-SIGNOFF-REBASE-GOOGLE-SOURCE-GATE-20260813;post_field_rebase_binding=AWS-SIGNOFF-POST-FIELD-CONTRACT-20260813"
"AWS-SIGN-0400","lifecycle_pk_write","append_then_promote_review_status","最小参考资料库/search-results.csv","search_result_id","SEARCH-M2W2-AWS-TRN3-TRANSISTORS-1","审计/子代理交接/m2_staging/M2-W2-AWS-PACKAGE-FACTS-REMEDIATED/structured/search-results.csv","298a116507e7c80c0eca389770463cabe542011b1810bfc1f77f1508cb75c948","1bcab32728aba2505307c993bd45c2974acfce3a2e10190301e4f68621cedc70","absent","","draft","reviewed","","true","","","LCM-M2W2-AWS-PKG-0400","46fd41d8b19a82dc22c24ddee5c1b4e3534cacfe56bc4258cd1c9756ed67b552","74fe487790a0d2fbcaf012c1d60b409fd065dad5480a769843c28dab070036c4","f2682bdaf3ee4bee58aa95e20aa60461cc96a1f1fbc20a04b93bdcd2e98bc880","d10ad305a820f0fc1db7f2bf7030ca149ea7b556ceacd0a32d593f08a7cc01ff","m2_final_review_aws_package","2026-08-13","accept","只授权此 PK 按冻结来源行执行 write_action；除 review_status 外，写入语义列必须与 source_path 中该 PK 完全一致。package_review、independent_signoff 与 freeze_binding_status 由本签字和三项冻结哈希闭合。rebase_binding=AWS-SIGNOFF-REBASE-GOOGLE-SOURCE-GATE-20260813;post_field_rebase_binding=AWS-SIGNOFF-POST-FIELD-CONTRACT-20260813"
"AWS-SIGN-0401","lifecycle_pk_write","append_then_promote_review_status","最小参考资料库/search-results.csv","search_result_id","SEARCH-M2W2-AWS-TRN3-TRANSISTORS-2","审计/子代理交接/m2_staging/M2-W2-AWS-PACKAGE-FACTS-REMEDIATED/structured/search-results.csv","298a116507e7c80c0eca389770463cabe542011b1810bfc1f77f1508cb75c948","1bcab32728aba2505307c993bd45c2974acfce3a2e10190301e4f68621cedc70","absent","","draft","reviewed","","true","","","LCM-M2W2-AWS-PKG-0401","46fd41d8b19a82dc22c24ddee5c1b4e3534cacfe56bc4258cd1c9756ed67b552","74fe487790a0d2fbcaf012c1d60b409fd065dad5480a769843c28dab070036c4","f2682bdaf3ee4bee58aa95e20aa60461cc96a1f1fbc20a04b93bdcd2e98bc880","d10ad305a820f0fc1db7f2bf7030ca149ea7b556ceacd0a32d593f08a7cc01ff","m2_final_review_aws_package","2026-08-13","accept","只授权此 PK 按冻结来源行执行 write_action；除 review_status 外，写入语义列必须与 source_path 中该 PK 完全一致。package_review、independent_signoff 与 freeze_binding_status 由本签字和三项冻结哈希闭合。rebase_binding=AWS-SIGNOFF-REBASE-GOOGLE-SOURCE-GATE-20260813;post_field_rebase_binding=AWS-SIGNOFF-POST-FIELD-CONTRACT-20260813"
"AWS-SIGN-0402","lifecycle_pk_write","append_then_promote_review_status","最小参考资料库/search-results.csv","search_result_id","SEARCH-M2W2-AWS-TRN3-TRANSISTORS-3","审计/子代理交接/m2_staging/M2-W2-AWS-PACKAGE-FACTS-REMEDIATED/structured/search-results.csv","298a116507e7c80c0eca389770463cabe542011b1810bfc1f77f1508cb75c948","1bcab32728aba2505307c993bd45c2974acfce3a2e10190301e4f68621cedc70","absent","","draft","reviewed","","true","","","LCM-M2W2-AWS-PKG-0402","46fd41d8b19a82dc22c24ddee5c1b4e3534cacfe56bc4258cd1c9756ed67b552","74fe487790a0d2fbcaf012c1d60b409fd065dad5480a769843c28dab070036c4","f2682bdaf3ee4bee58aa95e20aa60461cc96a1f1fbc20a04b93bdcd2e98bc880","d10ad305a820f0fc1db7f2bf7030ca149ea7b556ceacd0a32d593f08a7cc01ff","m2_final_review_aws_package","2026-08-13","accept","只授权此 PK 按冻结来源行执行 write_action；除 review_status 外，写入语义列必须与 source_path 中该 PK 完全一致。package_review、independent_signoff 与 freeze_binding_status 由本签字和三项冻结哈希闭合。rebase_binding=AWS-SIGNOFF-REBASE-GOOGLE-SOURCE-GATE-20260813;post_field_rebase_binding=AWS-SIGNOFF-POST-FIELD-CONTRACT-20260813"
"AWS-SIGN-0403","lifecycle_pk_write","append_then_promote_review_status","最小参考资料库/search-results.csv","search_result_id","SEARCH-M2W2-AWS-TRN3-TRANSISTORS-4","审计/子代理交接/m2_staging/M2-W2-AWS-PACKAGE-FACTS-REMEDIATED/structured/search-results.csv","298a116507e7c80c0eca389770463cabe542011b1810bfc1f77f1508cb75c948","1bcab32728aba2505307c993bd45c2974acfce3a2e10190301e4f68621cedc70","absent","","draft","reviewed","","true","","","LCM-M2W2-AWS-PKG-0403","46fd41d8b19a82dc22c24ddee5c1b4e3534cacfe56bc4258cd1c9756ed67b552","74fe487790a0d2fbcaf012c1d60b409fd065dad5480a769843c28dab070036c4","f2682bdaf3ee4bee58aa95e20aa60461cc96a1f1fbc20a04b93bdcd2e98bc880","d10ad305a820f0fc1db7f2bf7030ca149ea7b556ceacd0a32d593f08a7cc01ff","m2_final_review_aws_package","2026-08-13","accept","只授权此 PK 按冻结来源行执行 write_action；除 review_status 外，写入语义列必须与 source_path 中该 PK 完全一致。package_review、independent_signoff 与 freeze_binding_status 由本签字和三项冻结哈希闭合。rebase_binding=AWS-SIGNOFF-REBASE-GOOGLE-SOURCE-GATE-20260813;post_field_rebase_binding=AWS-SIGNOFF-POST-FIELD-CONTRACT-20260813"
"AWS-SIGN-0404","lifecycle_pk_write","append_then_promote_review_status","最小参考资料库/selection-members.csv","selection_member_id","SELMEM-M2W2-AWS-PKG-A01","审计/子代理交接/m2_staging/M2-W2-AWS-PACKAGE-FACTS-REMEDIATED/structured/selection-members.csv","762d714a2c2ce89df65cd6c0f3927979914c858770a0b0f5368f28a72c3f1266","b921192ac0cec96a5ebf1fd8c8d0ecc4951577804c2b1bea2976b1e4117bd620","absent","","draft","reviewed","selected_role=core_spec","true","","","LCM-M2W2-AWS-PKG-0404","46fd41d8b19a82dc22c24ddee5c1b4e3534cacfe56bc4258cd1c9756ed67b552","74fe487790a0d2fbcaf012c1d60b409fd065dad5480a769843c28dab070036c4","f2682bdaf3ee4bee58aa95e20aa60461cc96a1f1fbc20a04b93bdcd2e98bc880","d10ad305a820f0fc1db7f2bf7030ca149ea7b556ceacd0a32d593f08a7cc01ff","m2_final_review_aws_package","2026-08-13","accept","只授权此 PK 按冻结来源行执行 write_action；除 review_status 外，写入语义列必须与 source_path 中该 PK 完全一致。package_review、independent_signoff 与 freeze_binding_status 由本签字和三项冻结哈希闭合。rebase_binding=AWS-SIGNOFF-REBASE-GOOGLE-SOURCE-GATE-20260813;post_field_rebase_binding=AWS-SIGNOFF-POST-FIELD-CONTRACT-20260813"
"AWS-SIGN-0405","lifecycle_pk_write","append_then_promote_review_status","最小参考资料库/selection-members.csv","selection_member_id","SELMEM-M2W2-AWS-PKG-A02","审计/子代理交接/m2_staging/M2-W2-AWS-PACKAGE-FACTS-REMEDIATED/structured/selection-members.csv","762d714a2c2ce89df65cd6c0f3927979914c858770a0b0f5368f28a72c3f1266","b921192ac0cec96a5ebf1fd8c8d0ecc4951577804c2b1bea2976b1e4117bd620","absent","","draft","reviewed","selected_role=core_spec","true","","","LCM-M2W2-AWS-PKG-0405","46fd41d8b19a82dc22c24ddee5c1b4e3534cacfe56bc4258cd1c9756ed67b552","74fe487790a0d2fbcaf012c1d60b409fd065dad5480a769843c28dab070036c4","f2682bdaf3ee4bee58aa95e20aa60461cc96a1f1fbc20a04b93bdcd2e98bc880","d10ad305a820f0fc1db7f2bf7030ca149ea7b556ceacd0a32d593f08a7cc01ff","m2_final_review_aws_package","2026-08-13","accept","只授权此 PK 按冻结来源行执行 write_action；除 review_status 外，写入语义列必须与 source_path 中该 PK 完全一致。package_review、independent_signoff 与 freeze_binding_status 由本签字和三项冻结哈希闭合。rebase_binding=AWS-SIGNOFF-REBASE-GOOGLE-SOURCE-GATE-20260813;post_field_rebase_binding=AWS-SIGNOFF-POST-FIELD-CONTRACT-20260813"
"AWS-SIGN-0406","lifecycle_pk_write","append_then_promote_review_status","最小参考资料库/selection-members.csv","selection_member_id","SELMEM-M2W2-AWS-PKG-A03","审计/子代理交接/m2_staging/M2-W2-AWS-PACKAGE-FACTS-REMEDIATED/structured/selection-members.csv","762d714a2c2ce89df65cd6c0f3927979914c858770a0b0f5368f28a72c3f1266","b921192ac0cec96a5ebf1fd8c8d0ecc4951577804c2b1bea2976b1e4117bd620","absent","","draft","reviewed","selected_role=core_spec","true","","","LCM-M2W2-AWS-PKG-0406","46fd41d8b19a82dc22c24ddee5c1b4e3534cacfe56bc4258cd1c9756ed67b552","74fe487790a0d2fbcaf012c1d60b409fd065dad5480a769843c28dab070036c4","f2682bdaf3ee4bee58aa95e20aa60461cc96a1f1fbc20a04b93bdcd2e98bc880","d10ad305a820f0fc1db7f2bf7030ca149ea7b556ceacd0a32d593f08a7cc01ff","m2_final_review_aws_package","2026-08-13","accept","只授权此 PK 按冻结来源行执行 write_action；除 review_status 外，写入语义列必须与 source_path 中该 PK 完全一致。package_review、independent_signoff 与 freeze_binding_status 由本签字和三项冻结哈希闭合。rebase_binding=AWS-SIGNOFF-REBASE-GOOGLE-SOURCE-GATE-20260813;post_field_rebase_binding=AWS-SIGNOFF-POST-FIELD-CONTRACT-20260813"
"AWS-SIGN-0407","lifecycle_pk_write","append_then_promote_review_status","最小参考资料库/selection-members.csv","selection_member_id","SELMEM-M2W2-AWS-PKG-A04","审计/子代理交接/m2_staging/M2-W2-AWS-PACKAGE-FACTS-REMEDIATED/structured/selection-members.csv","762d714a2c2ce89df65cd6c0f3927979914c858770a0b0f5368f28a72c3f1266","b921192ac0cec96a5ebf1fd8c8d0ecc4951577804c2b1bea2976b1e4117bd620","absent","","draft","reviewed","selected_role=core_spec","true","","","LCM-M2W2-AWS-PKG-0407","46fd41d8b19a82dc22c24ddee5c1b4e3534cacfe56bc4258cd1c9756ed67b552","74fe487790a0d2fbcaf012c1d60b409fd065dad5480a769843c28dab070036c4","f2682bdaf3ee4bee58aa95e20aa60461cc96a1f1fbc20a04b93bdcd2e98bc880","d10ad305a820f0fc1db7f2bf7030ca149ea7b556ceacd0a32d593f08a7cc01ff","m2_final_review_aws_package","2026-08-13","accept","只授权此 PK 按冻结来源行执行 write_action；除 review_status 外，写入语义列必须与 source_path 中该 PK 完全一致。package_review、independent_signoff 与 freeze_binding_status 由本签字和三项冻结哈希闭合。rebase_binding=AWS-SIGNOFF-REBASE-GOOGLE-SOURCE-GATE-20260813;post_field_rebase_binding=AWS-SIGNOFF-POST-FIELD-CONTRACT-20260813"
"AWS-SIGN-0408","lifecycle_pk_write","append_then_promote_review_status","最小参考资料库/selection-members.csv","selection_member_id","SELMEM-M2W2-AWS-PKG-A05","审计/子代理交接/m2_staging/M2-W2-AWS-PACKAGE-FACTS-REMEDIATED/structured/selection-members.csv","762d714a2c2ce89df65cd6c0f3927979914c858770a0b0f5368f28a72c3f1266","b921192ac0cec96a5ebf1fd8c8d0ecc4951577804c2b1bea2976b1e4117bd620","absent","","draft","reviewed","selected_role=core_spec","true","","","LCM-M2W2-AWS-PKG-0408","46fd41d8b19a82dc22c24ddee5c1b4e3534cacfe56bc4258cd1c9756ed67b552","74fe487790a0d2fbcaf012c1d60b409fd065dad5480a769843c28dab070036c4","f2682bdaf3ee4bee58aa95e20aa60461cc96a1f1fbc20a04b93bdcd2e98bc880","d10ad305a820f0fc1db7f2bf7030ca149ea7b556ceacd0a32d593f08a7cc01ff","m2_final_review_aws_package","2026-08-13","accept","只授权此 PK 按冻结来源行执行 write_action；除 review_status 外，写入语义列必须与 source_path 中该 PK 完全一致。package_review、independent_signoff 与 freeze_binding_status 由本签字和三项冻结哈希闭合。rebase_binding=AWS-SIGNOFF-REBASE-GOOGLE-SOURCE-GATE-20260813;post_field_rebase_binding=AWS-SIGNOFF-POST-FIELD-CONTRACT-20260813"
"AWS-SIGN-0409","lifecycle_pk_write","append_then_promote_review_status","最小参考资料库/selection-members.csv","selection_member_id","SELMEM-M2W2-AWS-PKG-A06","审计/子代理交接/m2_staging/M2-W2-AWS-PACKAGE-FACTS-REMEDIATED/structured/selection-members.csv","762d714a2c2ce89df65cd6c0f3927979914c858770a0b0f5368f28a72c3f1266","b921192ac0cec96a5ebf1fd8c8d0ecc4951577804c2b1bea2976b1e4117bd620","absent","","draft","reviewed","selected_role=core_spec","true","","","LCM-M2W2-AWS-PKG-0409","46fd41d8b19a82dc22c24ddee5c1b4e3534cacfe56bc4258cd1c9756ed67b552","74fe487790a0d2fbcaf012c1d60b409fd065dad5480a769843c28dab070036c4","f2682bdaf3ee4bee58aa95e20aa60461cc96a1f1fbc20a04b93bdcd2e98bc880","d10ad305a820f0fc1db7f2bf7030ca149ea7b556ceacd0a32d593f08a7cc01ff","m2_final_review_aws_package","2026-08-13","accept","只授权此 PK 按冻结来源行执行 write_action；除 review_status 外，写入语义列必须与 source_path 中该 PK 完全一致。package_review、independent_signoff 与 freeze_binding_status 由本签字和三项冻结哈希闭合。rebase_binding=AWS-SIGNOFF-REBASE-GOOGLE-SOURCE-GATE-20260813;post_field_rebase_binding=AWS-SIGNOFF-POST-FIELD-CONTRACT-20260813"
"AWS-SIGN-0410","lifecycle_pk_write","append_then_promote_review_status","最小参考资料库/selection-members.csv","selection_member_id","SELMEM-M2W2-AWS-PKG-A07","审计/子代理交接/m2_staging/M2-W2-AWS-PACKAGE-FACTS-REMEDIATED/structured/selection-members.csv","762d714a2c2ce89df65cd6c0f3927979914c858770a0b0f5368f28a72c3f1266","b921192ac0cec96a5ebf1fd8c8d0ecc4951577804c2b1bea2976b1e4117bd620","absent","","draft","reviewed","selected_role=core_spec","true","","","LCM-M2W2-AWS-PKG-0410","46fd41d8b19a82dc22c24ddee5c1b4e3534cacfe56bc4258cd1c9756ed67b552","74fe487790a0d2fbcaf012c1d60b409fd065dad5480a769843c28dab070036c4","f2682bdaf3ee4bee58aa95e20aa60461cc96a1f1fbc20a04b93bdcd2e98bc880","d10ad305a820f0fc1db7f2bf7030ca149ea7b556ceacd0a32d593f08a7cc01ff","m2_final_review_aws_package","2026-08-13","accept","只授权此 PK 按冻结来源行执行 write_action；除 review_status 外，写入语义列必须与 source_path 中该 PK 完全一致。package_review、independent_signoff 与 freeze_binding_status 由本签字和三项冻结哈希闭合。rebase_binding=AWS-SIGNOFF-REBASE-GOOGLE-SOURCE-GATE-20260813;post_field_rebase_binding=AWS-SIGNOFF-POST-FIELD-CONTRACT-20260813"
"AWS-SIGN-0411","lifecycle_pk_write","append_then_promote_review_status","最小参考资料库/selection-members.csv","selection_member_id","SELMEM-M2W2-AWS-PKG-A08","审计/子代理交接/m2_staging/M2-W2-AWS-PACKAGE-FACTS-REMEDIATED/structured/selection-members.csv","762d714a2c2ce89df65cd6c0f3927979914c858770a0b0f5368f28a72c3f1266","b921192ac0cec96a5ebf1fd8c8d0ecc4951577804c2b1bea2976b1e4117bd620","absent","","draft","reviewed","selected_role=core_spec","true","","","LCM-M2W2-AWS-PKG-0411","46fd41d8b19a82dc22c24ddee5c1b4e3534cacfe56bc4258cd1c9756ed67b552","74fe487790a0d2fbcaf012c1d60b409fd065dad5480a769843c28dab070036c4","f2682bdaf3ee4bee58aa95e20aa60461cc96a1f1fbc20a04b93bdcd2e98bc880","d10ad305a820f0fc1db7f2bf7030ca149ea7b556ceacd0a32d593f08a7cc01ff","m2_final_review_aws_package","2026-08-13","accept","只授权此 PK 按冻结来源行执行 write_action；除 review_status 外，写入语义列必须与 source_path 中该 PK 完全一致。package_review、independent_signoff 与 freeze_binding_status 由本签字和三项冻结哈希闭合。rebase_binding=AWS-SIGNOFF-REBASE-GOOGLE-SOURCE-GATE-20260813;post_field_rebase_binding=AWS-SIGNOFF-POST-FIELD-CONTRACT-20260813"
"AWS-SIGN-0412","lifecycle_pk_write","append_then_promote_review_status","最小参考资料库/selection-runs.csv","selection_run_id","SELRUN-M2W2-AWS-PKG-20260813","审计/子代理交接/m2_staging/M2-W2-AWS-PACKAGE-FACTS-REMEDIATED/structured/selection-runs.csv","67f8ff425f08a70612a02d6bb29b1e1b5f443d5e5958443bb74f0f62b2dbaa9e","1c0b49aff25115cb358ad1d6dab32ed9de3b0814fa11342beb9b435ff48f9ba2","absent","","draft","reviewed","status=draft","true","","","LCM-M2W2-AWS-PKG-0412","46fd41d8b19a82dc22c24ddee5c1b4e3534cacfe56bc4258cd1c9756ed67b552","74fe487790a0d2fbcaf012c1d60b409fd065dad5480a769843c28dab070036c4","f2682bdaf3ee4bee58aa95e20aa60461cc96a1f1fbc20a04b93bdcd2e98bc880","d10ad305a820f0fc1db7f2bf7030ca149ea7b556ceacd0a32d593f08a7cc01ff","m2_final_review_aws_package","2026-08-13","accept","只授权此 PK 按冻结来源行执行 write_action；除 review_status 外，写入语义列必须与 source_path 中该 PK 完全一致。package_review、independent_signoff 与 freeze_binding_status 由本签字和三项冻结哈希闭合。rebase_binding=AWS-SIGNOFF-REBASE-GOOGLE-SOURCE-GATE-20260813;post_field_rebase_binding=AWS-SIGNOFF-POST-FIELD-CONTRACT-20260813"
"AWS-SIGN-0413","lifecycle_pk_write","append_then_promote_review_status","最小参考资料库/source-coverage.csv","coverage_id","COV-M2W2-AWS-PKG-A10-BY-A07","审计/子代理交接/m2_staging/M2-W2-AWS-PACKAGE-FACTS-REMEDIATED/structured/source-coverage.csv","81a24effa2a951bf47e2225bcf926128e91041468f8ebbdbe6b30f8c1580a041","68159e338aba9f2c63e159e27a822277e067290ff3f50da0a478cb9f5e8814ea","absent","","draft","reviewed","equivalence_status=fully_covered","true","","","LCM-M2W2-AWS-PKG-0413","46fd41d8b19a82dc22c24ddee5c1b4e3534cacfe56bc4258cd1c9756ed67b552","74fe487790a0d2fbcaf012c1d60b409fd065dad5480a769843c28dab070036c4","f2682bdaf3ee4bee58aa95e20aa60461cc96a1f1fbc20a04b93bdcd2e98bc880","d10ad305a820f0fc1db7f2bf7030ca149ea7b556ceacd0a32d593f08a7cc01ff","m2_final_review_aws_package","2026-08-13","accept","只授权此 PK 按冻结来源行执行 write_action；除 review_status 外，写入语义列必须与 source_path 中该 PK 完全一致。package_review、independent_signoff 与 freeze_binding_status 由本签字和三项冻结哈希闭合。rebase_binding=AWS-SIGNOFF-REBASE-GOOGLE-SOURCE-GATE-20260813;post_field_rebase_binding=AWS-SIGNOFF-POST-FIELD-CONTRACT-20260813"
"AWS-SIGN-0414","lifecycle_pk_write","append_then_promote_review_status","最小参考资料库/source-endpoints.csv","endpoint_id","END-M2W2-AWS-PKG-A01-LATEST-SNAP-20260813","审计/子代理交接/m2_staging/M2-W2-AWS-PACKAGE-FACTS-REMEDIATED/structured/source-endpoints.csv","6d18baeecf762def635fe170cff31829fab3d4d93780bb70e61863cf1af323c4","652c53647108701eddaf2e1f998417570f852acce78f2b8a2714497baff13035","absent","","draft","reviewed","","true","","","LCM-M2W2-AWS-PKG-0414","46fd41d8b19a82dc22c24ddee5c1b4e3534cacfe56bc4258cd1c9756ed67b552","74fe487790a0d2fbcaf012c1d60b409fd065dad5480a769843c28dab070036c4","f2682bdaf3ee4bee58aa95e20aa60461cc96a1f1fbc20a04b93bdcd2e98bc880","d10ad305a820f0fc1db7f2bf7030ca149ea7b556ceacd0a32d593f08a7cc01ff","m2_final_review_aws_package","2026-08-13","accept","只授权此 PK 按冻结来源行执行 write_action；除 review_status 外，写入语义列必须与 source_path 中该 PK 完全一致。package_review、independent_signoff 与 freeze_binding_status 由本签字和三项冻结哈希闭合。rebase_binding=AWS-SIGNOFF-REBASE-GOOGLE-SOURCE-GATE-20260813;post_field_rebase_binding=AWS-SIGNOFF-POST-FIELD-CONTRACT-20260813"
"AWS-SIGN-0415","lifecycle_pk_write","append_then_promote_review_status","最小参考资料库/source-endpoints.csv","endpoint_id","END-M2W2-AWS-PKG-A01-V2310-SNAP-20260813","审计/子代理交接/m2_staging/M2-W2-AWS-PACKAGE-FACTS-REMEDIATED/structured/source-endpoints.csv","6d18baeecf762def635fe170cff31829fab3d4d93780bb70e61863cf1af323c4","652c53647108701eddaf2e1f998417570f852acce78f2b8a2714497baff13035","absent","","draft","reviewed","","true","","","LCM-M2W2-AWS-PKG-0415","46fd41d8b19a82dc22c24ddee5c1b4e3534cacfe56bc4258cd1c9756ed67b552","74fe487790a0d2fbcaf012c1d60b409fd065dad5480a769843c28dab070036c4","f2682bdaf3ee4bee58aa95e20aa60461cc96a1f1fbc20a04b93bdcd2e98bc880","d10ad305a820f0fc1db7f2bf7030ca149ea7b556ceacd0a32d593f08a7cc01ff","m2_final_review_aws_package","2026-08-13","accept","只授权此 PK 按冻结来源行执行 write_action；除 review_status 外，写入语义列必须与 source_path 中该 PK 完全一致。package_review、independent_signoff 与 freeze_binding_status 由本签字和三项冻结哈希闭合。rebase_binding=AWS-SIGNOFF-REBASE-GOOGLE-SOURCE-GATE-20260813;post_field_rebase_binding=AWS-SIGNOFF-POST-FIELD-CONTRACT-20260813"
"AWS-SIGN-0416","lifecycle_pk_write","append_then_promote_review_status","最小参考资料库/source-endpoints.csv","endpoint_id","END-M2W2-AWS-PKG-A02-V291-SNAP-20260813","审计/子代理交接/m2_staging/M2-W2-AWS-PACKAGE-FACTS-REMEDIATED/structured/source-endpoints.csv","6d18baeecf762def635fe170cff31829fab3d4d93780bb70e61863cf1af323c4","652c53647108701eddaf2e1f998417570f852acce78f2b8a2714497baff13035","absent","","draft","reviewed","","true","","","LCM-M2W2-AWS-PKG-0416","46fd41d8b19a82dc22c24ddee5c1b4e3534cacfe56bc4258cd1c9756ed67b552","74fe487790a0d2fbcaf012c1d60b409fd065dad5480a769843c28dab070036c4","f2682bdaf3ee4bee58aa95e20aa60461cc96a1f1fbc20a04b93bdcd2e98bc880","d10ad305a820f0fc1db7f2bf7030ca149ea7b556ceacd0a32d593f08a7cc01ff","m2_final_review_aws_package","2026-08-13","accept","只授权此 PK 按冻结来源行执行 write_action；除 review_status 外，写入语义列必须与 source_path 中该 PK 完全一致。package_review、independent_signoff 与 freeze_binding_status 由本签字和三项冻结哈希闭合。rebase_binding=AWS-SIGNOFF-REBASE-GOOGLE-SOURCE-GATE-20260813;post_field_rebase_binding=AWS-SIGNOFF-POST-FIELD-CONTRACT-20260813"
"AWS-SIGN-0417","lifecycle_pk_write","append_then_promote_review_status","最小参考资料库/source-endpoints.csv","endpoint_id","END-M2W2-AWS-PKG-A03-V2261-SNAP-20260813","审计/子代理交接/m2_staging/M2-W2-AWS-PACKAGE-FACTS-REMEDIATED/structured/source-endpoints.csv","6d18baeecf762def635fe170cff31829fab3d4d93780bb70e61863cf1af323c4","652c53647108701eddaf2e1f998417570f852acce78f2b8a2714497baff13035","absent","","draft","reviewed","","true","","","LCM-M2W2-AWS-PKG-0417","46fd41d8b19a82dc22c24ddee5c1b4e3534cacfe56bc4258cd1c9756ed67b552","74fe487790a0d2fbcaf012c1d60b409fd065dad5480a769843c28dab070036c4","f2682bdaf3ee4bee58aa95e20aa60461cc96a1f1fbc20a04b93bdcd2e98bc880","d10ad305a820f0fc1db7f2bf7030ca149ea7b556ceacd0a32d593f08a7cc01ff","m2_final_review_aws_package","2026-08-13","accept","只授权此 PK 按冻结来源行执行 write_action；除 review_status 外，写入语义列必须与 source_path 中该 PK 完全一致。package_review、independent_signoff 与 freeze_binding_status 由本签字和三项冻结哈希闭合。rebase_binding=AWS-SIGNOFF-REBASE-GOOGLE-SOURCE-GATE-20260813;post_field_rebase_binding=AWS-SIGNOFF-POST-FIELD-CONTRACT-20260813"
"AWS-SIGN-0418","lifecycle_pk_write","append_then_promote_review_status","最小参考资料库/source-endpoints.csv","endpoint_id","END-M2W2-AWS-PKG-A04-V2291-SNAP-20260813","审计/子代理交接/m2_staging/M2-W2-AWS-PACKAGE-FACTS-REMEDIATED/structured/source-endpoints.csv","6d18baeecf762def635fe170cff31829fab3d4d93780bb70e61863cf1af323c4","652c53647108701eddaf2e1f998417570f852acce78f2b8a2714497baff13035","absent","","draft","reviewed","","true","","","LCM-M2W2-AWS-PKG-0418","46fd41d8b19a82dc22c24ddee5c1b4e3534cacfe56bc4258cd1c9756ed67b552","74fe487790a0d2fbcaf012c1d60b409fd065dad5480a769843c28dab070036c4","f2682bdaf3ee4bee58aa95e20aa60461cc96a1f1fbc20a04b93bdcd2e98bc880","d10ad305a820f0fc1db7f2bf7030ca149ea7b556ceacd0a32d593f08a7cc01ff","m2_final_review_aws_package","2026-08-13","accept","只授权此 PK 按冻结来源行执行 write_action；除 review_status 外，写入语义列必须与 source_path 中该 PK 完全一致。package_review、independent_signoff 与 freeze_binding_status 由本签字和三项冻结哈希闭合。rebase_binding=AWS-SIGNOFF-REBASE-GOOGLE-SOURCE-GATE-20260813;post_field_rebase_binding=AWS-SIGNOFF-POST-FIELD-CONTRACT-20260813"
"AWS-SIGN-0419","lifecycle_pk_write","append_then_promote_review_status","最小参考资料库/source-endpoints.csv","endpoint_id","END-M2W2-AWS-PKG-A05-V2291-SNAP-20260813","审计/子代理交接/m2_staging/M2-W2-AWS-PACKAGE-FACTS-REMEDIATED/structured/source-endpoints.csv","6d18baeecf762def635fe170cff31829fab3d4d93780bb70e61863cf1af323c4","652c53647108701eddaf2e1f998417570f852acce78f2b8a2714497baff13035","absent","","draft","reviewed","","true","","","LCM-M2W2-AWS-PKG-0419","46fd41d8b19a82dc22c24ddee5c1b4e3534cacfe56bc4258cd1c9756ed67b552","74fe487790a0d2fbcaf012c1d60b409fd065dad5480a769843c28dab070036c4","f2682bdaf3ee4bee58aa95e20aa60461cc96a1f1fbc20a04b93bdcd2e98bc880","d10ad305a820f0fc1db7f2bf7030ca149ea7b556ceacd0a32d593f08a7cc01ff","m2_final_review_aws_package","2026-08-13","accept","只授权此 PK 按冻结来源行执行 write_action；除 review_status 外，写入语义列必须与 source_path 中该 PK 完全一致。package_review、independent_signoff 与 freeze_binding_status 由本签字和三项冻结哈希闭合。rebase_binding=AWS-SIGNOFF-REBASE-GOOGLE-SOURCE-GATE-20260813;post_field_rebase_binding=AWS-SIGNOFF-POST-FIELD-CONTRACT-20260813"
"AWS-SIGN-0420","lifecycle_pk_write","append_then_promote_review_status","最小参考资料库/source-endpoints.csv","endpoint_id","END-M2W2-AWS-PKG-A06-V2281-SNAP-20260813","审计/子代理交接/m2_staging/M2-W2-AWS-PACKAGE-FACTS-REMEDIATED/structured/source-endpoints.csv","6d18baeecf762def635fe170cff31829fab3d4d93780bb70e61863cf1af323c4","652c53647108701eddaf2e1f998417570f852acce78f2b8a2714497baff13035","absent","","draft","reviewed","","true","","","LCM-M2W2-AWS-PKG-0420","46fd41d8b19a82dc22c24ddee5c1b4e3534cacfe56bc4258cd1c9756ed67b552","74fe487790a0d2fbcaf012c1d60b409fd065dad5480a769843c28dab070036c4","f2682bdaf3ee4bee58aa95e20aa60461cc96a1f1fbc20a04b93bdcd2e98bc880","d10ad305a820f0fc1db7f2bf7030ca149ea7b556ceacd0a32d593f08a7cc01ff","m2_final_review_aws_package","2026-08-13","accept","只授权此 PK 按冻结来源行执行 write_action；除 review_status 外，写入语义列必须与 source_path 中该 PK 完全一致。package_review、independent_signoff 与 freeze_binding_status 由本签字和三项冻结哈希闭合。rebase_binding=AWS-SIGNOFF-REBASE-GOOGLE-SOURCE-GATE-20260813;post_field_rebase_binding=AWS-SIGNOFF-POST-FIELD-CONTRACT-20260813"
"AWS-SIGN-0421","lifecycle_pk_write","append_then_promote_review_status","最小参考资料库/source-endpoints.csv","endpoint_id","END-M2W2-AWS-PKG-A07-LATEST-SNAP-20260813","审计/子代理交接/m2_staging/M2-W2-AWS-PACKAGE-FACTS-REMEDIATED/structured/source-endpoints.csv","6d18baeecf762def635fe170cff31829fab3d4d93780bb70e61863cf1af323c4","652c53647108701eddaf2e1f998417570f852acce78f2b8a2714497baff13035","absent","","draft","reviewed","","true","","","LCM-M2W2-AWS-PKG-0421","46fd41d8b19a82dc22c24ddee5c1b4e3534cacfe56bc4258cd1c9756ed67b552","74fe487790a0d2fbcaf012c1d60b409fd065dad5480a769843c28dab070036c4","f2682bdaf3ee4bee58aa95e20aa60461cc96a1f1fbc20a04b93bdcd2e98bc880","d10ad305a820f0fc1db7f2bf7030ca149ea7b556ceacd0a32d593f08a7cc01ff","m2_final_review_aws_package","2026-08-13","accept","只授权此 PK 按冻结来源行执行 write_action；除 review_status 外，写入语义列必须与 source_path 中该 PK 完全一致。package_review、independent_signoff 与 freeze_binding_status 由本签字和三项冻结哈希闭合。rebase_binding=AWS-SIGNOFF-REBASE-GOOGLE-SOURCE-GATE-20260813;post_field_rebase_binding=AWS-SIGNOFF-POST-FIELD-CONTRACT-20260813"
"AWS-SIGN-0422","lifecycle_pk_write","append_then_promote_review_status","最小参考资料库/source-endpoints.csv","endpoint_id","END-M2W2-AWS-PKG-A07-V2310-SNAP-20260813","审计/子代理交接/m2_staging/M2-W2-AWS-PACKAGE-FACTS-REMEDIATED/structured/source-endpoints.csv","6d18baeecf762def635fe170cff31829fab3d4d93780bb70e61863cf1af323c4","652c53647108701eddaf2e1f998417570f852acce78f2b8a2714497baff13035","absent","","draft","reviewed","","true","","","LCM-M2W2-AWS-PKG-0422","46fd41d8b19a82dc22c24ddee5c1b4e3534cacfe56bc4258cd1c9756ed67b552","74fe487790a0d2fbcaf012c1d60b409fd065dad5480a769843c28dab070036c4","f2682bdaf3ee4bee58aa95e20aa60461cc96a1f1fbc20a04b93bdcd2e98bc880","d10ad305a820f0fc1db7f2bf7030ca149ea7b556ceacd0a32d593f08a7cc01ff","m2_final_review_aws_package","2026-08-13","accept","只授权此 PK 按冻结来源行执行 write_action；除 review_status 外，写入语义列必须与 source_path 中该 PK 完全一致。package_review、independent_signoff 与 freeze_binding_status 由本签字和三项冻结哈希闭合。rebase_binding=AWS-SIGNOFF-REBASE-GOOGLE-SOURCE-GATE-20260813;post_field_rebase_binding=AWS-SIGNOFF-POST-FIELD-CONTRACT-20260813"
"AWS-SIGN-0423","lifecycle_pk_write","append_then_promote_review_status","最小参考资料库/source-endpoints.csv","endpoint_id","END-M2W2-AWS-PKG-A08-DATED-SNAP-20260813","审计/子代理交接/m2_staging/M2-W2-AWS-PACKAGE-FACTS-REMEDIATED/structured/source-endpoints.csv","6d18baeecf762def635fe170cff31829fab3d4d93780bb70e61863cf1af323c4","652c53647108701eddaf2e1f998417570f852acce78f2b8a2714497baff13035","absent","","draft","reviewed","","true","","","LCM-M2W2-AWS-PKG-0423","46fd41d8b19a82dc22c24ddee5c1b4e3534cacfe56bc4258cd1c9756ed67b552","74fe487790a0d2fbcaf012c1d60b409fd065dad5480a769843c28dab070036c4","f2682bdaf3ee4bee58aa95e20aa60461cc96a1f1fbc20a04b93bdcd2e98bc880","d10ad305a820f0fc1db7f2bf7030ca149ea7b556ceacd0a32d593f08a7cc01ff","m2_final_review_aws_package","2026-08-13","accept","只授权此 PK 按冻结来源行执行 write_action；除 review_status 外，写入语义列必须与 source_path 中该 PK 完全一致。package_review、independent_signoff 与 freeze_binding_status 由本签字和三项冻结哈希闭合。rebase_binding=AWS-SIGNOFF-REBASE-GOOGLE-SOURCE-GATE-20260813;post_field_rebase_binding=AWS-SIGNOFF-POST-FIELD-CONTRACT-20260813"
"AWS-SIGN-0424","lifecycle_pk_write","append_then_promote_review_status","最小参考资料库/source-endpoints.csv","endpoint_id","END-M2W2-AWS-PKG-A10-V2300-SNAP-20260813","审计/子代理交接/m2_staging/M2-W2-AWS-PACKAGE-FACTS-REMEDIATED/structured/source-endpoints.csv","6d18baeecf762def635fe170cff31829fab3d4d93780bb70e61863cf1af323c4","652c53647108701eddaf2e1f998417570f852acce78f2b8a2714497baff13035","absent","","draft","reviewed","","true","","","LCM-M2W2-AWS-PKG-0424","46fd41d8b19a82dc22c24ddee5c1b4e3534cacfe56bc4258cd1c9756ed67b552","74fe487790a0d2fbcaf012c1d60b409fd065dad5480a769843c28dab070036c4","f2682bdaf3ee4bee58aa95e20aa60461cc96a1f1fbc20a04b93bdcd2e98bc880","d10ad305a820f0fc1db7f2bf7030ca149ea7b556ceacd0a32d593f08a7cc01ff","m2_final_review_aws_package","2026-08-13","accept","只授权此 PK 按冻结来源行执行 write_action；除 review_status 外，写入语义列必须与 source_path 中该 PK 完全一致。package_review、independent_signoff 与 freeze_binding_status 由本签字和三项冻结哈希闭合。rebase_binding=AWS-SIGNOFF-REBASE-GOOGLE-SOURCE-GATE-20260813;post_field_rebase_binding=AWS-SIGNOFF-POST-FIELD-CONTRACT-20260813"
"AWS-SIGN-0425","lifecycle_pk_write","append_then_promote_review_status","最小参考资料库/source-selected-roles.csv","source_selected_role_id","SROLE-M2W2-AWS-PKG-A01-CORE","审计/子代理交接/m2_staging/M2-W2-AWS-PACKAGE-FACTS-REMEDIATED/structured/source-selected-roles.csv","1691b9268b12f21fd7905d0e203930cbabe6a6a4b7e80228f42101d044312b69","aea2ecd4cd1fcf45f63817ca7d69e94434baa53ed9c184a16c4ad098bfafa5f5","absent","","draft","reviewed","selected_role=core_spec","true","","","LCM-M2W2-AWS-PKG-0425","46fd41d8b19a82dc22c24ddee5c1b4e3534cacfe56bc4258cd1c9756ed67b552","74fe487790a0d2fbcaf012c1d60b409fd065dad5480a769843c28dab070036c4","f2682bdaf3ee4bee58aa95e20aa60461cc96a1f1fbc20a04b93bdcd2e98bc880","d10ad305a820f0fc1db7f2bf7030ca149ea7b556ceacd0a32d593f08a7cc01ff","m2_final_review_aws_package","2026-08-13","accept","只授权此 PK 按冻结来源行执行 write_action；除 review_status 外，写入语义列必须与 source_path 中该 PK 完全一致。package_review、independent_signoff 与 freeze_binding_status 由本签字和三项冻结哈希闭合。rebase_binding=AWS-SIGNOFF-REBASE-GOOGLE-SOURCE-GATE-20260813;post_field_rebase_binding=AWS-SIGNOFF-POST-FIELD-CONTRACT-20260813"
"AWS-SIGN-0426","lifecycle_pk_write","append_then_promote_review_status","最小参考资料库/source-selected-roles.csv","source_selected_role_id","SROLE-M2W2-AWS-PKG-A02-CORE","审计/子代理交接/m2_staging/M2-W2-AWS-PACKAGE-FACTS-REMEDIATED/structured/source-selected-roles.csv","1691b9268b12f21fd7905d0e203930cbabe6a6a4b7e80228f42101d044312b69","aea2ecd4cd1fcf45f63817ca7d69e94434baa53ed9c184a16c4ad098bfafa5f5","absent","","draft","reviewed","selected_role=core_spec","true","","","LCM-M2W2-AWS-PKG-0426","46fd41d8b19a82dc22c24ddee5c1b4e3534cacfe56bc4258cd1c9756ed67b552","74fe487790a0d2fbcaf012c1d60b409fd065dad5480a769843c28dab070036c4","f2682bdaf3ee4bee58aa95e20aa60461cc96a1f1fbc20a04b93bdcd2e98bc880","d10ad305a820f0fc1db7f2bf7030ca149ea7b556ceacd0a32d593f08a7cc01ff","m2_final_review_aws_package","2026-08-13","accept","只授权此 PK 按冻结来源行执行 write_action；除 review_status 外，写入语义列必须与 source_path 中该 PK 完全一致。package_review、independent_signoff 与 freeze_binding_status 由本签字和三项冻结哈希闭合。rebase_binding=AWS-SIGNOFF-REBASE-GOOGLE-SOURCE-GATE-20260813;post_field_rebase_binding=AWS-SIGNOFF-POST-FIELD-CONTRACT-20260813"
"AWS-SIGN-0427","lifecycle_pk_write","append_then_promote_review_status","最小参考资料库/source-selected-roles.csv","source_selected_role_id","SROLE-M2W2-AWS-PKG-A03-CORE","审计/子代理交接/m2_staging/M2-W2-AWS-PACKAGE-FACTS-REMEDIATED/structured/source-selected-roles.csv","1691b9268b12f21fd7905d0e203930cbabe6a6a4b7e80228f42101d044312b69","aea2ecd4cd1fcf45f63817ca7d69e94434baa53ed9c184a16c4ad098bfafa5f5","absent","","draft","reviewed","selected_role=core_spec","true","","","LCM-M2W2-AWS-PKG-0427","46fd41d8b19a82dc22c24ddee5c1b4e3534cacfe56bc4258cd1c9756ed67b552","74fe487790a0d2fbcaf012c1d60b409fd065dad5480a769843c28dab070036c4","f2682bdaf3ee4bee58aa95e20aa60461cc96a1f1fbc20a04b93bdcd2e98bc880","d10ad305a820f0fc1db7f2bf7030ca149ea7b556ceacd0a32d593f08a7cc01ff","m2_final_review_aws_package","2026-08-13","accept","只授权此 PK 按冻结来源行执行 write_action；除 review_status 外，写入语义列必须与 source_path 中该 PK 完全一致。package_review、independent_signoff 与 freeze_binding_status 由本签字和三项冻结哈希闭合。rebase_binding=AWS-SIGNOFF-REBASE-GOOGLE-SOURCE-GATE-20260813;post_field_rebase_binding=AWS-SIGNOFF-POST-FIELD-CONTRACT-20260813"
"AWS-SIGN-0428","lifecycle_pk_write","append_then_promote_review_status","最小参考资料库/source-selected-roles.csv","source_selected_role_id","SROLE-M2W2-AWS-PKG-A04-CORE","审计/子代理交接/m2_staging/M2-W2-AWS-PACKAGE-FACTS-REMEDIATED/structured/source-selected-roles.csv","1691b9268b12f21fd7905d0e203930cbabe6a6a4b7e80228f42101d044312b69","aea2ecd4cd1fcf45f63817ca7d69e94434baa53ed9c184a16c4ad098bfafa5f5","absent","","draft","reviewed","selected_role=core_spec","true","","","LCM-M2W2-AWS-PKG-0428","46fd41d8b19a82dc22c24ddee5c1b4e3534cacfe56bc4258cd1c9756ed67b552","74fe487790a0d2fbcaf012c1d60b409fd065dad5480a769843c28dab070036c4","f2682bdaf3ee4bee58aa95e20aa60461cc96a1f1fbc20a04b93bdcd2e98bc880","d10ad305a820f0fc1db7f2bf7030ca149ea7b556ceacd0a32d593f08a7cc01ff","m2_final_review_aws_package","2026-08-13","accept","只授权此 PK 按冻结来源行执行 write_action；除 review_status 外，写入语义列必须与 source_path 中该 PK 完全一致。package_review、independent_signoff 与 freeze_binding_status 由本签字和三项冻结哈希闭合。rebase_binding=AWS-SIGNOFF-REBASE-GOOGLE-SOURCE-GATE-20260813;post_field_rebase_binding=AWS-SIGNOFF-POST-FIELD-CONTRACT-20260813"
"AWS-SIGN-0429","lifecycle_pk_write","append_then_promote_review_status","最小参考资料库/source-selected-roles.csv","source_selected_role_id","SROLE-M2W2-AWS-PKG-A05-CORE","审计/子代理交接/m2_staging/M2-W2-AWS-PACKAGE-FACTS-REMEDIATED/structured/source-selected-roles.csv","1691b9268b12f21fd7905d0e203930cbabe6a6a4b7e80228f42101d044312b69","aea2ecd4cd1fcf45f63817ca7d69e94434baa53ed9c184a16c4ad098bfafa5f5","absent","","draft","reviewed","selected_role=core_spec","true","","","LCM-M2W2-AWS-PKG-0429","46fd41d8b19a82dc22c24ddee5c1b4e3534cacfe56bc4258cd1c9756ed67b552","74fe487790a0d2fbcaf012c1d60b409fd065dad5480a769843c28dab070036c4","f2682bdaf3ee4bee58aa95e20aa60461cc96a1f1fbc20a04b93bdcd2e98bc880","d10ad305a820f0fc1db7f2bf7030ca149ea7b556ceacd0a32d593f08a7cc01ff","m2_final_review_aws_package","2026-08-13","accept","只授权此 PK 按冻结来源行执行 write_action；除 review_status 外，写入语义列必须与 source_path 中该 PK 完全一致。package_review、independent_signoff 与 freeze_binding_status 由本签字和三项冻结哈希闭合。rebase_binding=AWS-SIGNOFF-REBASE-GOOGLE-SOURCE-GATE-20260813;post_field_rebase_binding=AWS-SIGNOFF-POST-FIELD-CONTRACT-20260813"
"AWS-SIGN-0430","lifecycle_pk_write","append_then_promote_review_status","最小参考资料库/source-selected-roles.csv","source_selected_role_id","SROLE-M2W2-AWS-PKG-A06-CORE","审计/子代理交接/m2_staging/M2-W2-AWS-PACKAGE-FACTS-REMEDIATED/structured/source-selected-roles.csv","1691b9268b12f21fd7905d0e203930cbabe6a6a4b7e80228f42101d044312b69","aea2ecd4cd1fcf45f63817ca7d69e94434baa53ed9c184a16c4ad098bfafa5f5","absent","","draft","reviewed","selected_role=core_spec","true","","","LCM-M2W2-AWS-PKG-0430","46fd41d8b19a82dc22c24ddee5c1b4e3534cacfe56bc4258cd1c9756ed67b552","74fe487790a0d2fbcaf012c1d60b409fd065dad5480a769843c28dab070036c4","f2682bdaf3ee4bee58aa95e20aa60461cc96a1f1fbc20a04b93bdcd2e98bc880","d10ad305a820f0fc1db7f2bf7030ca149ea7b556ceacd0a32d593f08a7cc01ff","m2_final_review_aws_package","2026-08-13","accept","只授权此 PK 按冻结来源行执行 write_action；除 review_status 外，写入语义列必须与 source_path 中该 PK 完全一致。package_review、independent_signoff 与 freeze_binding_status 由本签字和三项冻结哈希闭合。rebase_binding=AWS-SIGNOFF-REBASE-GOOGLE-SOURCE-GATE-20260813;post_field_rebase_binding=AWS-SIGNOFF-POST-FIELD-CONTRACT-20260813"
"AWS-SIGN-0431","lifecycle_pk_write","append_then_promote_review_status","最小参考资料库/source-selected-roles.csv","source_selected_role_id","SROLE-M2W2-AWS-PKG-A07-CORE","审计/子代理交接/m2_staging/M2-W2-AWS-PACKAGE-FACTS-REMEDIATED/structured/source-selected-roles.csv","1691b9268b12f21fd7905d0e203930cbabe6a6a4b7e80228f42101d044312b69","aea2ecd4cd1fcf45f63817ca7d69e94434baa53ed9c184a16c4ad098bfafa5f5","absent","","draft","reviewed","selected_role=core_spec","true","","","LCM-M2W2-AWS-PKG-0431","46fd41d8b19a82dc22c24ddee5c1b4e3534cacfe56bc4258cd1c9756ed67b552","74fe487790a0d2fbcaf012c1d60b409fd065dad5480a769843c28dab070036c4","f2682bdaf3ee4bee58aa95e20aa60461cc96a1f1fbc20a04b93bdcd2e98bc880","d10ad305a820f0fc1db7f2bf7030ca149ea7b556ceacd0a32d593f08a7cc01ff","m2_final_review_aws_package","2026-08-13","accept","只授权此 PK 按冻结来源行执行 write_action；除 review_status 外，写入语义列必须与 source_path 中该 PK 完全一致。package_review、independent_signoff 与 freeze_binding_status 由本签字和三项冻结哈希闭合。rebase_binding=AWS-SIGNOFF-REBASE-GOOGLE-SOURCE-GATE-20260813;post_field_rebase_binding=AWS-SIGNOFF-POST-FIELD-CONTRACT-20260813"
"AWS-SIGN-0432","lifecycle_pk_write","append_then_promote_review_status","最小参考资料库/source-selected-roles.csv","source_selected_role_id","SROLE-M2W2-AWS-PKG-A08-CORE","审计/子代理交接/m2_staging/M2-W2-AWS-PACKAGE-FACTS-REMEDIATED/structured/source-selected-roles.csv","1691b9268b12f21fd7905d0e203930cbabe6a6a4b7e80228f42101d044312b69","aea2ecd4cd1fcf45f63817ca7d69e94434baa53ed9c184a16c4ad098bfafa5f5","absent","","draft","reviewed","selected_role=core_spec","true","","","LCM-M2W2-AWS-PKG-0432","46fd41d8b19a82dc22c24ddee5c1b4e3534cacfe56bc4258cd1c9756ed67b552","74fe487790a0d2fbcaf012c1d60b409fd065dad5480a769843c28dab070036c4","f2682bdaf3ee4bee58aa95e20aa60461cc96a1f1fbc20a04b93bdcd2e98bc880","d10ad305a820f0fc1db7f2bf7030ca149ea7b556ceacd0a32d593f08a7cc01ff","m2_final_review_aws_package","2026-08-13","accept","只授权此 PK 按冻结来源行执行 write_action；除 review_status 外，写入语义列必须与 source_path 中该 PK 完全一致。package_review、independent_signoff 与 freeze_binding_status 由本签字和三项冻结哈希闭合。rebase_binding=AWS-SIGNOFF-REBASE-GOOGLE-SOURCE-GATE-20260813;post_field_rebase_binding=AWS-SIGNOFF-POST-FIELD-CONTRACT-20260813"
"AWS-SIGN-0433","lifecycle_pk_write","append_then_promote_review_status","最小参考资料库/source-selected-roles.csv","source_selected_role_id","SROLE-M2W2-AWS-PKG-A03-CONFLICT","审计/子代理交接/m2_staging/M2-W2-AWS-PACKAGE-FACTS-REMEDIATED/structured/source-selected-roles.csv","1691b9268b12f21fd7905d0e203930cbabe6a6a4b7e80228f42101d044312b69","aea2ecd4cd1fcf45f63817ca7d69e94434baa53ed9c184a16c4ad098bfafa5f5","absent","","draft","reviewed","selected_role=conflict_evidence","true","","","LCM-M2W2-AWS-PKG-0433","46fd41d8b19a82dc22c24ddee5c1b4e3534cacfe56bc4258cd1c9756ed67b552","74fe487790a0d2fbcaf012c1d60b409fd065dad5480a769843c28dab070036c4","f2682bdaf3ee4bee58aa95e20aa60461cc96a1f1fbc20a04b93bdcd2e98bc880","d10ad305a820f0fc1db7f2bf7030ca149ea7b556ceacd0a32d593f08a7cc01ff","m2_final_review_aws_package","2026-08-13","accept","只授权此 PK 按冻结来源行执行 write_action；除 review_status 外，写入语义列必须与 source_path 中该 PK 完全一致。package_review、independent_signoff 与 freeze_binding_status 由本签字和三项冻结哈希闭合。rebase_binding=AWS-SIGNOFF-REBASE-GOOGLE-SOURCE-GATE-20260813;post_field_rebase_binding=AWS-SIGNOFF-POST-FIELD-CONTRACT-20260813"
"AWS-SIGN-0434","lifecycle_pk_write","append_then_promote_review_status","最小参考资料库/source-selected-roles.csv","source_selected_role_id","SROLE-M2W2-AWS-PKG-A04-CONFLICT","审计/子代理交接/m2_staging/M2-W2-AWS-PACKAGE-FACTS-REMEDIATED/structured/source-selected-roles.csv","1691b9268b12f21fd7905d0e203930cbabe6a6a4b7e80228f42101d044312b69","aea2ecd4cd1fcf45f63817ca7d69e94434baa53ed9c184a16c4ad098bfafa5f5","absent","","draft","reviewed","selected_role=conflict_evidence","true","","","LCM-M2W2-AWS-PKG-0434","46fd41d8b19a82dc22c24ddee5c1b4e3534cacfe56bc4258cd1c9756ed67b552","74fe487790a0d2fbcaf012c1d60b409fd065dad5480a769843c28dab070036c4","f2682bdaf3ee4bee58aa95e20aa60461cc96a1f1fbc20a04b93bdcd2e98bc880","d10ad305a820f0fc1db7f2bf7030ca149ea7b556ceacd0a32d593f08a7cc01ff","m2_final_review_aws_package","2026-08-13","accept","只授权此 PK 按冻结来源行执行 write_action；除 review_status 外，写入语义列必须与 source_path 中该 PK 完全一致。package_review、independent_signoff 与 freeze_binding_status 由本签字和三项冻结哈希闭合。rebase_binding=AWS-SIGNOFF-REBASE-GOOGLE-SOURCE-GATE-20260813;post_field_rebase_binding=AWS-SIGNOFF-POST-FIELD-CONTRACT-20260813"
"AWS-SIGN-0435","lifecycle_pk_write","append_then_promote_review_status","最小参考资料库/source-selected-roles.csv","source_selected_role_id","SROLE-M2W2-AWS-PKG-A05-CONFLICT","审计/子代理交接/m2_staging/M2-W2-AWS-PACKAGE-FACTS-REMEDIATED/structured/source-selected-roles.csv","1691b9268b12f21fd7905d0e203930cbabe6a6a4b7e80228f42101d044312b69","aea2ecd4cd1fcf45f63817ca7d69e94434baa53ed9c184a16c4ad098bfafa5f5","absent","","draft","reviewed","selected_role=conflict_evidence","true","","","LCM-M2W2-AWS-PKG-0435","46fd41d8b19a82dc22c24ddee5c1b4e3534cacfe56bc4258cd1c9756ed67b552","74fe487790a0d2fbcaf012c1d60b409fd065dad5480a769843c28dab070036c4","f2682bdaf3ee4bee58aa95e20aa60461cc96a1f1fbc20a04b93bdcd2e98bc880","d10ad305a820f0fc1db7f2bf7030ca149ea7b556ceacd0a32d593f08a7cc01ff","m2_final_review_aws_package","2026-08-13","accept","只授权此 PK 按冻结来源行执行 write_action；除 review_status 外，写入语义列必须与 source_path 中该 PK 完全一致。package_review、independent_signoff 与 freeze_binding_status 由本签字和三项冻结哈希闭合。rebase_binding=AWS-SIGNOFF-REBASE-GOOGLE-SOURCE-GATE-20260813;post_field_rebase_binding=AWS-SIGNOFF-POST-FIELD-CONTRACT-20260813"
"AWS-SIGN-0436","lifecycle_pk_write","append_then_promote_review_status","最小参考资料库/source-selected-roles.csv","source_selected_role_id","SROLE-M2W2-AWS-PKG-A06-CONFLICT","审计/子代理交接/m2_staging/M2-W2-AWS-PACKAGE-FACTS-REMEDIATED/structured/source-selected-roles.csv","1691b9268b12f21fd7905d0e203930cbabe6a6a4b7e80228f42101d044312b69","aea2ecd4cd1fcf45f63817ca7d69e94434baa53ed9c184a16c4ad098bfafa5f5","absent","","draft","reviewed","selected_role=conflict_evidence","true","","","LCM-M2W2-AWS-PKG-0436","46fd41d8b19a82dc22c24ddee5c1b4e3534cacfe56bc4258cd1c9756ed67b552","74fe487790a0d2fbcaf012c1d60b409fd065dad5480a769843c28dab070036c4","f2682bdaf3ee4bee58aa95e20aa60461cc96a1f1fbc20a04b93bdcd2e98bc880","d10ad305a820f0fc1db7f2bf7030ca149ea7b556ceacd0a32d593f08a7cc01ff","m2_final_review_aws_package","2026-08-13","accept","只授权此 PK 按冻结来源行执行 write_action；除 review_status 外，写入语义列必须与 source_path 中该 PK 完全一致。package_review、independent_signoff 与 freeze_binding_status 由本签字和三项冻结哈希闭合。rebase_binding=AWS-SIGNOFF-REBASE-GOOGLE-SOURCE-GATE-20260813;post_field_rebase_binding=AWS-SIGNOFF-POST-FIELD-CONTRACT-20260813"
"AWS-SIGN-0437","lifecycle_pk_write","append_then_promote_review_status","最小参考资料库/source-selected-roles.csv","source_selected_role_id","SROLE-M2W2-AWS-PKG-A07-CONFLICT","审计/子代理交接/m2_staging/M2-W2-AWS-PACKAGE-FACTS-REMEDIATED/structured/source-selected-roles.csv","1691b9268b12f21fd7905d0e203930cbabe6a6a4b7e80228f42101d044312b69","aea2ecd4cd1fcf45f63817ca7d69e94434baa53ed9c184a16c4ad098bfafa5f5","absent","","draft","reviewed","selected_role=conflict_evidence","true","","","LCM-M2W2-AWS-PKG-0437","46fd41d8b19a82dc22c24ddee5c1b4e3534cacfe56bc4258cd1c9756ed67b552","74fe487790a0d2fbcaf012c1d60b409fd065dad5480a769843c28dab070036c4","f2682bdaf3ee4bee58aa95e20aa60461cc96a1f1fbc20a04b93bdcd2e98bc880","d10ad305a820f0fc1db7f2bf7030ca149ea7b556ceacd0a32d593f08a7cc01ff","m2_final_review_aws_package","2026-08-13","accept","只授权此 PK 按冻结来源行执行 write_action；除 review_status 外，写入语义列必须与 source_path 中该 PK 完全一致。package_review、independent_signoff 与 freeze_binding_status 由本签字和三项冻结哈希闭合。rebase_binding=AWS-SIGNOFF-REBASE-GOOGLE-SOURCE-GATE-20260813;post_field_rebase_binding=AWS-SIGNOFF-POST-FIELD-CONTRACT-20260813"
"AWS-SIGN-0438","lifecycle_pk_write","append_then_promote_review_status","最小参考资料库/source-selected-roles.csv","source_selected_role_id","SROLE-M2W2-AWS-PKG-A08-CONFLICT","审计/子代理交接/m2_staging/M2-W2-AWS-PACKAGE-FACTS-REMEDIATED/structured/source-selected-roles.csv","1691b9268b12f21fd7905d0e203930cbabe6a6a4b7e80228f42101d044312b69","aea2ecd4cd1fcf45f63817ca7d69e94434baa53ed9c184a16c4ad098bfafa5f5","absent","","draft","reviewed","selected_role=conflict_evidence","true","","","LCM-M2W2-AWS-PKG-0438","46fd41d8b19a82dc22c24ddee5c1b4e3534cacfe56bc4258cd1c9756ed67b552","74fe487790a0d2fbcaf012c1d60b409fd065dad5480a769843c28dab070036c4","f2682bdaf3ee4bee58aa95e20aa60461cc96a1f1fbc20a04b93bdcd2e98bc880","d10ad305a820f0fc1db7f2bf7030ca149ea7b556ceacd0a32d593f08a7cc01ff","m2_final_review_aws_package","2026-08-13","accept","只授权此 PK 按冻结来源行执行 write_action；除 review_status 外，写入语义列必须与 source_path 中该 PK 完全一致。package_review、independent_signoff 与 freeze_binding_status 由本签字和三项冻结哈希闭合。rebase_binding=AWS-SIGNOFF-REBASE-GOOGLE-SOURCE-GATE-20260813;post_field_rebase_binding=AWS-SIGNOFF-POST-FIELD-CONTRACT-20260813"
"AWS-SIGN-0439","lifecycle_pk_write","update_existing_then_promote_review_status","最小参考资料库/sources.csv","source_id","SRC-M2-GA-A01","审计/子代理交接/m2_staging/M2-W2-AWS-PACKAGE-FACTS-REMEDIATED/audit/source-updates.csv","b0c00a0965071232cd33c2434773c78c852b2163cf5b7925df979db33f486b30","eba3f8a3c4a49e526a42a2bb1b5db0cfbf3930edd211fb2158db3c6a8b6b6208","present","draft","draft","reviewed","source_status=current","true","","","LCM-M2W2-AWS-PKG-0439","46fd41d8b19a82dc22c24ddee5c1b4e3534cacfe56bc4258cd1c9756ed67b552","74fe487790a0d2fbcaf012c1d60b409fd065dad5480a769843c28dab070036c4","f2682bdaf3ee4bee58aa95e20aa60461cc96a1f1fbc20a04b93bdcd2e98bc880","d10ad305a820f0fc1db7f2bf7030ca149ea7b556ceacd0a32d593f08a7cc01ff","m2_final_review_aws_package","2026-08-13","accept","只授权此 PK 按冻结来源行执行 write_action；除 review_status 外，写入语义列必须与 source_path 中该 PK 完全一致。package_review、independent_signoff 与 freeze_binding_status 由本签字和三项冻结哈希闭合。rebase_binding=AWS-SIGNOFF-REBASE-GOOGLE-SOURCE-GATE-20260813;post_field_rebase_binding=AWS-SIGNOFF-POST-FIELD-CONTRACT-20260813"
"AWS-SIGN-0440","lifecycle_pk_write","update_existing_then_promote_review_status","最小参考资料库/sources.csv","source_id","SRC-M2-GA-A02","审计/子代理交接/m2_staging/M2-W2-AWS-PACKAGE-FACTS-REMEDIATED/audit/source-updates.csv","b0c00a0965071232cd33c2434773c78c852b2163cf5b7925df979db33f486b30","eba3f8a3c4a49e526a42a2bb1b5db0cfbf3930edd211fb2158db3c6a8b6b6208","present","draft","draft","reviewed","source_status=current","true","","","LCM-M2W2-AWS-PKG-0440","46fd41d8b19a82dc22c24ddee5c1b4e3534cacfe56bc4258cd1c9756ed67b552","74fe487790a0d2fbcaf012c1d60b409fd065dad5480a769843c28dab070036c4","f2682bdaf3ee4bee58aa95e20aa60461cc96a1f1fbc20a04b93bdcd2e98bc880","d10ad305a820f0fc1db7f2bf7030ca149ea7b556ceacd0a32d593f08a7cc01ff","m2_final_review_aws_package","2026-08-13","accept","只授权此 PK 按冻结来源行执行 write_action；除 review_status 外，写入语义列必须与 source_path 中该 PK 完全一致。package_review、independent_signoff 与 freeze_binding_status 由本签字和三项冻结哈希闭合。rebase_binding=AWS-SIGNOFF-REBASE-GOOGLE-SOURCE-GATE-20260813;post_field_rebase_binding=AWS-SIGNOFF-POST-FIELD-CONTRACT-20260813"
"AWS-SIGN-0441","lifecycle_pk_write","update_existing_then_promote_review_status","最小参考资料库/sources.csv","source_id","SRC-M2-GA-A03","审计/子代理交接/m2_staging/M2-W2-AWS-PACKAGE-FACTS-REMEDIATED/audit/source-updates.csv","b0c00a0965071232cd33c2434773c78c852b2163cf5b7925df979db33f486b30","eba3f8a3c4a49e526a42a2bb1b5db0cfbf3930edd211fb2158db3c6a8b6b6208","present","draft","draft","reviewed","source_status=current","true","","","LCM-M2W2-AWS-PKG-0441","46fd41d8b19a82dc22c24ddee5c1b4e3534cacfe56bc4258cd1c9756ed67b552","74fe487790a0d2fbcaf012c1d60b409fd065dad5480a769843c28dab070036c4","f2682bdaf3ee4bee58aa95e20aa60461cc96a1f1fbc20a04b93bdcd2e98bc880","d10ad305a820f0fc1db7f2bf7030ca149ea7b556ceacd0a32d593f08a7cc01ff","m2_final_review_aws_package","2026-08-13","accept","只授权此 PK 按冻结来源行执行 write_action；除 review_status 外，写入语义列必须与 source_path 中该 PK 完全一致。package_review、independent_signoff 与 freeze_binding_status 由本签字和三项冻结哈希闭合。rebase_binding=AWS-SIGNOFF-REBASE-GOOGLE-SOURCE-GATE-20260813;post_field_rebase_binding=AWS-SIGNOFF-POST-FIELD-CONTRACT-20260813"
"AWS-SIGN-0442","lifecycle_pk_write","update_existing_then_promote_review_status","最小参考资料库/sources.csv","source_id","SRC-M2-GA-A04","审计/子代理交接/m2_staging/M2-W2-AWS-PACKAGE-FACTS-REMEDIATED/audit/source-updates.csv","b0c00a0965071232cd33c2434773c78c852b2163cf5b7925df979db33f486b30","eba3f8a3c4a49e526a42a2bb1b5db0cfbf3930edd211fb2158db3c6a8b6b6208","present","draft","draft","reviewed","source_status=current","true","","","LCM-M2W2-AWS-PKG-0442","46fd41d8b19a82dc22c24ddee5c1b4e3534cacfe56bc4258cd1c9756ed67b552","74fe487790a0d2fbcaf012c1d60b409fd065dad5480a769843c28dab070036c4","f2682bdaf3ee4bee58aa95e20aa60461cc96a1f1fbc20a04b93bdcd2e98bc880","d10ad305a820f0fc1db7f2bf7030ca149ea7b556ceacd0a32d593f08a7cc01ff","m2_final_review_aws_package","2026-08-13","accept","只授权此 PK 按冻结来源行执行 write_action；除 review_status 外，写入语义列必须与 source_path 中该 PK 完全一致。package_review、independent_signoff 与 freeze_binding_status 由本签字和三项冻结哈希闭合。rebase_binding=AWS-SIGNOFF-REBASE-GOOGLE-SOURCE-GATE-20260813;post_field_rebase_binding=AWS-SIGNOFF-POST-FIELD-CONTRACT-20260813"
"AWS-SIGN-0443","lifecycle_pk_write","update_existing_then_promote_review_status","最小参考资料库/sources.csv","source_id","SRC-M2-GA-A05","审计/子代理交接/m2_staging/M2-W2-AWS-PACKAGE-FACTS-REMEDIATED/audit/source-updates.csv","b0c00a0965071232cd33c2434773c78c852b2163cf5b7925df979db33f486b30","eba3f8a3c4a49e526a42a2bb1b5db0cfbf3930edd211fb2158db3c6a8b6b6208","present","draft","draft","reviewed","source_status=current","true","","","LCM-M2W2-AWS-PKG-0443","46fd41d8b19a82dc22c24ddee5c1b4e3534cacfe56bc4258cd1c9756ed67b552","74fe487790a0d2fbcaf012c1d60b409fd065dad5480a769843c28dab070036c4","f2682bdaf3ee4bee58aa95e20aa60461cc96a1f1fbc20a04b93bdcd2e98bc880","d10ad305a820f0fc1db7f2bf7030ca149ea7b556ceacd0a32d593f08a7cc01ff","m2_final_review_aws_package","2026-08-13","accept","只授权此 PK 按冻结来源行执行 write_action；除 review_status 外，写入语义列必须与 source_path 中该 PK 完全一致。package_review、independent_signoff 与 freeze_binding_status 由本签字和三项冻结哈希闭合。rebase_binding=AWS-SIGNOFF-REBASE-GOOGLE-SOURCE-GATE-20260813;post_field_rebase_binding=AWS-SIGNOFF-POST-FIELD-CONTRACT-20260813"
"AWS-SIGN-0444","lifecycle_pk_write","update_existing_then_promote_review_status","最小参考资料库/sources.csv","source_id","SRC-M2-GA-A06","审计/子代理交接/m2_staging/M2-W2-AWS-PACKAGE-FACTS-REMEDIATED/audit/source-updates.csv","b0c00a0965071232cd33c2434773c78c852b2163cf5b7925df979db33f486b30","eba3f8a3c4a49e526a42a2bb1b5db0cfbf3930edd211fb2158db3c6a8b6b6208","present","draft","draft","reviewed","source_status=current","true","","","LCM-M2W2-AWS-PKG-0444","46fd41d8b19a82dc22c24ddee5c1b4e3534cacfe56bc4258cd1c9756ed67b552","74fe487790a0d2fbcaf012c1d60b409fd065dad5480a769843c28dab070036c4","f2682bdaf3ee4bee58aa95e20aa60461cc96a1f1fbc20a04b93bdcd2e98bc880","d10ad305a820f0fc1db7f2bf7030ca149ea7b556ceacd0a32d593f08a7cc01ff","m2_final_review_aws_package","2026-08-13","accept","只授权此 PK 按冻结来源行执行 write_action；除 review_status 外，写入语义列必须与 source_path 中该 PK 完全一致。package_review、independent_signoff 与 freeze_binding_status 由本签字和三项冻结哈希闭合。rebase_binding=AWS-SIGNOFF-REBASE-GOOGLE-SOURCE-GATE-20260813;post_field_rebase_binding=AWS-SIGNOFF-POST-FIELD-CONTRACT-20260813"
"AWS-SIGN-0445","lifecycle_pk_write","update_existing_then_promote_review_status","最小参考资料库/sources.csv","source_id","SRC-M2-GA-A07","审计/子代理交接/m2_staging/M2-W2-AWS-PACKAGE-FACTS-REMEDIATED/audit/source-updates.csv","b0c00a0965071232cd33c2434773c78c852b2163cf5b7925df979db33f486b30","eba3f8a3c4a49e526a42a2bb1b5db0cfbf3930edd211fb2158db3c6a8b6b6208","present","draft","draft","reviewed","source_status=current","true","","","LCM-M2W2-AWS-PKG-0445","46fd41d8b19a82dc22c24ddee5c1b4e3534cacfe56bc4258cd1c9756ed67b552","74fe487790a0d2fbcaf012c1d60b409fd065dad5480a769843c28dab070036c4","f2682bdaf3ee4bee58aa95e20aa60461cc96a1f1fbc20a04b93bdcd2e98bc880","d10ad305a820f0fc1db7f2bf7030ca149ea7b556ceacd0a32d593f08a7cc01ff","m2_final_review_aws_package","2026-08-13","accept","只授权此 PK 按冻结来源行执行 write_action；除 review_status 外，写入语义列必须与 source_path 中该 PK 完全一致。package_review、independent_signoff 与 freeze_binding_status 由本签字和三项冻结哈希闭合。rebase_binding=AWS-SIGNOFF-REBASE-GOOGLE-SOURCE-GATE-20260813;post_field_rebase_binding=AWS-SIGNOFF-POST-FIELD-CONTRACT-20260813"
"AWS-SIGN-0446","lifecycle_pk_write","update_existing_then_promote_review_status","最小参考资料库/sources.csv","source_id","SRC-M2-GA-A08","审计/子代理交接/m2_staging/M2-W2-AWS-PACKAGE-FACTS-REMEDIATED/audit/source-updates.csv","b0c00a0965071232cd33c2434773c78c852b2163cf5b7925df979db33f486b30","eba3f8a3c4a49e526a42a2bb1b5db0cfbf3930edd211fb2158db3c6a8b6b6208","present","draft","draft","reviewed","source_status=current","true","","","LCM-M2W2-AWS-PKG-0446","46fd41d8b19a82dc22c24ddee5c1b4e3534cacfe56bc4258cd1c9756ed67b552","74fe487790a0d2fbcaf012c1d60b409fd065dad5480a769843c28dab070036c4","f2682bdaf3ee4bee58aa95e20aa60461cc96a1f1fbc20a04b93bdcd2e98bc880","d10ad305a820f0fc1db7f2bf7030ca149ea7b556ceacd0a32d593f08a7cc01ff","m2_final_review_aws_package","2026-08-13","accept","只授权此 PK 按冻结来源行执行 write_action；除 review_status 外，写入语义列必须与 source_path 中该 PK 完全一致。package_review、independent_signoff 与 freeze_binding_status 由本签字和三项冻结哈希闭合。rebase_binding=AWS-SIGNOFF-REBASE-GOOGLE-SOURCE-GATE-20260813;post_field_rebase_binding=AWS-SIGNOFF-POST-FIELD-CONTRACT-20260813"
"AWS-SIGN-0447","lifecycle_pk_write","update_existing_then_promote_review_status","最小参考资料库/sources.csv","source_id","SRC-M2-GA-A10","审计/子代理交接/m2_staging/M2-W2-AWS-PACKAGE-FACTS-REMEDIATED/audit/source-updates.csv","b0c00a0965071232cd33c2434773c78c852b2163cf5b7925df979db33f486b30","eba3f8a3c4a49e526a42a2bb1b5db0cfbf3930edd211fb2158db3c6a8b6b6208","present","draft","draft","reviewed","source_status=current","true","","","LCM-M2W2-AWS-PKG-0447","46fd41d8b19a82dc22c24ddee5c1b4e3534cacfe56bc4258cd1c9756ed67b552","74fe487790a0d2fbcaf012c1d60b409fd065dad5480a769843c28dab070036c4","f2682bdaf3ee4bee58aa95e20aa60461cc96a1f1fbc20a04b93bdcd2e98bc880","d10ad305a820f0fc1db7f2bf7030ca149ea7b556ceacd0a32d593f08a7cc01ff","m2_final_review_aws_package","2026-08-13","accept","只授权此 PK 按冻结来源行执行 write_action；除 review_status 外，写入语义列必须与 source_path 中该 PK 完全一致。package_review、independent_signoff 与 freeze_binding_status 由本签字和三项冻结哈希闭合。rebase_binding=AWS-SIGNOFF-REBASE-GOOGLE-SOURCE-GATE-20260813;post_field_rebase_binding=AWS-SIGNOFF-POST-FIELD-CONTRACT-20260813"
"AWS-SIGN-0448","lifecycle_pk_write","update_existing_then_promote_review_status","最小参考资料库/source-endpoints.csv","endpoint_id","END-M2-GA-A01-PRIMARY","审计/子代理交接/m2_staging/M2-W2-AWS-PACKAGE-FACTS-REMEDIATED/audit/source-endpoint-updates.csv","b659b61bfa06e3dd35777f6996ee9dbb9c697dba42a22fbdd6ccae5a6b102f44","652c53647108701eddaf2e1f998417570f852acce78f2b8a2714497baff13035","present","draft","draft","reviewed","","true","","","LCM-M2W2-AWS-PKG-0448","46fd41d8b19a82dc22c24ddee5c1b4e3534cacfe56bc4258cd1c9756ed67b552","74fe487790a0d2fbcaf012c1d60b409fd065dad5480a769843c28dab070036c4","f2682bdaf3ee4bee58aa95e20aa60461cc96a1f1fbc20a04b93bdcd2e98bc880","d10ad305a820f0fc1db7f2bf7030ca149ea7b556ceacd0a32d593f08a7cc01ff","m2_final_review_aws_package","2026-08-13","accept","只授权此 PK 按冻结来源行执行 write_action；除 review_status 外，写入语义列必须与 source_path 中该 PK 完全一致。package_review、independent_signoff 与 freeze_binding_status 由本签字和三项冻结哈希闭合。rebase_binding=AWS-SIGNOFF-REBASE-GOOGLE-SOURCE-GATE-20260813;post_field_rebase_binding=AWS-SIGNOFF-POST-FIELD-CONTRACT-20260813"
"AWS-SIGN-0449","lifecycle_pk_write","update_existing_then_promote_review_status","最小参考资料库/source-endpoints.csv","endpoint_id","END-M2-GA-A02-PRIMARY","审计/子代理交接/m2_staging/M2-W2-AWS-PACKAGE-FACTS-REMEDIATED/audit/source-endpoint-updates.csv","b659b61bfa06e3dd35777f6996ee9dbb9c697dba42a22fbdd6ccae5a6b102f44","652c53647108701eddaf2e1f998417570f852acce78f2b8a2714497baff13035","present","draft","draft","reviewed","","true","","","LCM-M2W2-AWS-PKG-0449","46fd41d8b19a82dc22c24ddee5c1b4e3534cacfe56bc4258cd1c9756ed67b552","74fe487790a0d2fbcaf012c1d60b409fd065dad5480a769843c28dab070036c4","f2682bdaf3ee4bee58aa95e20aa60461cc96a1f1fbc20a04b93bdcd2e98bc880","d10ad305a820f0fc1db7f2bf7030ca149ea7b556ceacd0a32d593f08a7cc01ff","m2_final_review_aws_package","2026-08-13","accept","只授权此 PK 按冻结来源行执行 write_action；除 review_status 外，写入语义列必须与 source_path 中该 PK 完全一致。package_review、independent_signoff 与 freeze_binding_status 由本签字和三项冻结哈希闭合。rebase_binding=AWS-SIGNOFF-REBASE-GOOGLE-SOURCE-GATE-20260813;post_field_rebase_binding=AWS-SIGNOFF-POST-FIELD-CONTRACT-20260813"
"AWS-SIGN-0450","lifecycle_pk_write","update_existing_then_promote_review_status","最小参考资料库/source-endpoints.csv","endpoint_id","END-M2-GA-A03-PRIMARY","审计/子代理交接/m2_staging/M2-W2-AWS-PACKAGE-FACTS-REMEDIATED/audit/source-endpoint-updates.csv","b659b61bfa06e3dd35777f6996ee9dbb9c697dba42a22fbdd6ccae5a6b102f44","652c53647108701eddaf2e1f998417570f852acce78f2b8a2714497baff13035","present","draft","draft","reviewed","","true","","","LCM-M2W2-AWS-PKG-0450","46fd41d8b19a82dc22c24ddee5c1b4e3534cacfe56bc4258cd1c9756ed67b552","74fe487790a0d2fbcaf012c1d60b409fd065dad5480a769843c28dab070036c4","f2682bdaf3ee4bee58aa95e20aa60461cc96a1f1fbc20a04b93bdcd2e98bc880","d10ad305a820f0fc1db7f2bf7030ca149ea7b556ceacd0a32d593f08a7cc01ff","m2_final_review_aws_package","2026-08-13","accept","只授权此 PK 按冻结来源行执行 write_action；除 review_status 外，写入语义列必须与 source_path 中该 PK 完全一致。package_review、independent_signoff 与 freeze_binding_status 由本签字和三项冻结哈希闭合。rebase_binding=AWS-SIGNOFF-REBASE-GOOGLE-SOURCE-GATE-20260813;post_field_rebase_binding=AWS-SIGNOFF-POST-FIELD-CONTRACT-20260813"
"AWS-SIGN-0451","lifecycle_pk_write","update_existing_then_promote_review_status","最小参考资料库/source-endpoints.csv","endpoint_id","END-M2-GA-A04-PRIMARY","审计/子代理交接/m2_staging/M2-W2-AWS-PACKAGE-FACTS-REMEDIATED/audit/source-endpoint-updates.csv","b659b61bfa06e3dd35777f6996ee9dbb9c697dba42a22fbdd6ccae5a6b102f44","652c53647108701eddaf2e1f998417570f852acce78f2b8a2714497baff13035","present","draft","draft","reviewed","","true","","","LCM-M2W2-AWS-PKG-0451","46fd41d8b19a82dc22c24ddee5c1b4e3534cacfe56bc4258cd1c9756ed67b552","74fe487790a0d2fbcaf012c1d60b409fd065dad5480a769843c28dab070036c4","f2682bdaf3ee4bee58aa95e20aa60461cc96a1f1fbc20a04b93bdcd2e98bc880","d10ad305a820f0fc1db7f2bf7030ca149ea7b556ceacd0a32d593f08a7cc01ff","m2_final_review_aws_package","2026-08-13","accept","只授权此 PK 按冻结来源行执行 write_action；除 review_status 外，写入语义列必须与 source_path 中该 PK 完全一致。package_review、independent_signoff 与 freeze_binding_status 由本签字和三项冻结哈希闭合。rebase_binding=AWS-SIGNOFF-REBASE-GOOGLE-SOURCE-GATE-20260813;post_field_rebase_binding=AWS-SIGNOFF-POST-FIELD-CONTRACT-20260813"
"AWS-SIGN-0452","lifecycle_pk_write","update_existing_then_promote_review_status","最小参考资料库/source-endpoints.csv","endpoint_id","END-M2-GA-A05-PRIMARY","审计/子代理交接/m2_staging/M2-W2-AWS-PACKAGE-FACTS-REMEDIATED/audit/source-endpoint-updates.csv","b659b61bfa06e3dd35777f6996ee9dbb9c697dba42a22fbdd6ccae5a6b102f44","652c53647108701eddaf2e1f998417570f852acce78f2b8a2714497baff13035","present","draft","draft","reviewed","","true","","","LCM-M2W2-AWS-PKG-0452","46fd41d8b19a82dc22c24ddee5c1b4e3534cacfe56bc4258cd1c9756ed67b552","74fe487790a0d2fbcaf012c1d60b409fd065dad5480a769843c28dab070036c4","f2682bdaf3ee4bee58aa95e20aa60461cc96a1f1fbc20a04b93bdcd2e98bc880","d10ad305a820f0fc1db7f2bf7030ca149ea7b556ceacd0a32d593f08a7cc01ff","m2_final_review_aws_package","2026-08-13","accept","只授权此 PK 按冻结来源行执行 write_action；除 review_status 外，写入语义列必须与 source_path 中该 PK 完全一致。package_review、independent_signoff 与 freeze_binding_status 由本签字和三项冻结哈希闭合。rebase_binding=AWS-SIGNOFF-REBASE-GOOGLE-SOURCE-GATE-20260813;post_field_rebase_binding=AWS-SIGNOFF-POST-FIELD-CONTRACT-20260813"
"AWS-SIGN-0453","lifecycle_pk_write","update_existing_then_promote_review_status","最小参考资料库/source-endpoints.csv","endpoint_id","END-M2-GA-A06-PRIMARY","审计/子代理交接/m2_staging/M2-W2-AWS-PACKAGE-FACTS-REMEDIATED/audit/source-endpoint-updates.csv","b659b61bfa06e3dd35777f6996ee9dbb9c697dba42a22fbdd6ccae5a6b102f44","652c53647108701eddaf2e1f998417570f852acce78f2b8a2714497baff13035","present","draft","draft","reviewed","","true","","","LCM-M2W2-AWS-PKG-0453","46fd41d8b19a82dc22c24ddee5c1b4e3534cacfe56bc4258cd1c9756ed67b552","74fe487790a0d2fbcaf012c1d60b409fd065dad5480a769843c28dab070036c4","f2682bdaf3ee4bee58aa95e20aa60461cc96a1f1fbc20a04b93bdcd2e98bc880","d10ad305a820f0fc1db7f2bf7030ca149ea7b556ceacd0a32d593f08a7cc01ff","m2_final_review_aws_package","2026-08-13","accept","只授权此 PK 按冻结来源行执行 write_action；除 review_status 外，写入语义列必须与 source_path 中该 PK 完全一致。package_review、independent_signoff 与 freeze_binding_status 由本签字和三项冻结哈希闭合。rebase_binding=AWS-SIGNOFF-REBASE-GOOGLE-SOURCE-GATE-20260813;post_field_rebase_binding=AWS-SIGNOFF-POST-FIELD-CONTRACT-20260813"
"AWS-SIGN-0454","lifecycle_pk_write","update_existing_then_promote_review_status","最小参考资料库/source-endpoints.csv","endpoint_id","END-M2-GA-A07-PRIMARY","审计/子代理交接/m2_staging/M2-W2-AWS-PACKAGE-FACTS-REMEDIATED/audit/source-endpoint-updates.csv","b659b61bfa06e3dd35777f6996ee9dbb9c697dba42a22fbdd6ccae5a6b102f44","652c53647108701eddaf2e1f998417570f852acce78f2b8a2714497baff13035","present","draft","draft","reviewed","","true","","","LCM-M2W2-AWS-PKG-0454","46fd41d8b19a82dc22c24ddee5c1b4e3534cacfe56bc4258cd1c9756ed67b552","74fe487790a0d2fbcaf012c1d60b409fd065dad5480a769843c28dab070036c4","f2682bdaf3ee4bee58aa95e20aa60461cc96a1f1fbc20a04b93bdcd2e98bc880","d10ad305a820f0fc1db7f2bf7030ca149ea7b556ceacd0a32d593f08a7cc01ff","m2_final_review_aws_package","2026-08-13","accept","只授权此 PK 按冻结来源行执行 write_action；除 review_status 外，写入语义列必须与 source_path 中该 PK 完全一致。package_review、independent_signoff 与 freeze_binding_status 由本签字和三项冻结哈希闭合。rebase_binding=AWS-SIGNOFF-REBASE-GOOGLE-SOURCE-GATE-20260813;post_field_rebase_binding=AWS-SIGNOFF-POST-FIELD-CONTRACT-20260813"
"AWS-SIGN-0455","lifecycle_pk_write","update_existing_then_promote_review_status","最小参考资料库/source-endpoints.csv","endpoint_id","END-M2-GA-A08-PRIMARY","审计/子代理交接/m2_staging/M2-W2-AWS-PACKAGE-FACTS-REMEDIATED/audit/source-endpoint-updates.csv","b659b61bfa06e3dd35777f6996ee9dbb9c697dba42a22fbdd6ccae5a6b102f44","652c53647108701eddaf2e1f998417570f852acce78f2b8a2714497baff13035","present","draft","draft","reviewed","","true","","","LCM-M2W2-AWS-PKG-0455","46fd41d8b19a82dc22c24ddee5c1b4e3534cacfe56bc4258cd1c9756ed67b552","74fe487790a0d2fbcaf012c1d60b409fd065dad5480a769843c28dab070036c4","f2682bdaf3ee4bee58aa95e20aa60461cc96a1f1fbc20a04b93bdcd2e98bc880","d10ad305a820f0fc1db7f2bf7030ca149ea7b556ceacd0a32d593f08a7cc01ff","m2_final_review_aws_package","2026-08-13","accept","只授权此 PK 按冻结来源行执行 write_action；除 review_status 外，写入语义列必须与 source_path 中该 PK 完全一致。package_review、independent_signoff 与 freeze_binding_status 由本签字和三项冻结哈希闭合。rebase_binding=AWS-SIGNOFF-REBASE-GOOGLE-SOURCE-GATE-20260813;post_field_rebase_binding=AWS-SIGNOFF-POST-FIELD-CONTRACT-20260813"
"AWS-SIGN-0456","lifecycle_pk_write","update_existing_then_promote_review_status","最小参考资料库/source-endpoints.csv","endpoint_id","END-M2-GA-A10-PRIMARY","审计/子代理交接/m2_staging/M2-W2-AWS-PACKAGE-FACTS-REMEDIATED/audit/source-endpoint-updates.csv","b659b61bfa06e3dd35777f6996ee9dbb9c697dba42a22fbdd6ccae5a6b102f44","652c53647108701eddaf2e1f998417570f852acce78f2b8a2714497baff13035","present","draft","draft","reviewed","","true","","","LCM-M2W2-AWS-PKG-0456","46fd41d8b19a82dc22c24ddee5c1b4e3534cacfe56bc4258cd1c9756ed67b552","74fe487790a0d2fbcaf012c1d60b409fd065dad5480a769843c28dab070036c4","f2682bdaf3ee4bee58aa95e20aa60461cc96a1f1fbc20a04b93bdcd2e98bc880","d10ad305a820f0fc1db7f2bf7030ca149ea7b556ceacd0a32d593f08a7cc01ff","m2_final_review_aws_package","2026-08-13","accept","只授权此 PK 按冻结来源行执行 write_action；除 review_status 外，写入语义列必须与 source_path 中该 PK 完全一致。package_review、independent_signoff 与 freeze_binding_status 由本签字和三项冻结哈希闭合。rebase_binding=AWS-SIGNOFF-REBASE-GOOGLE-SOURCE-GATE-20260813;post_field_rebase_binding=AWS-SIGNOFF-POST-FIELD-CONTRACT-20260813"
"AWS-SIGN-0457","lifecycle_pk_write","update_existing_preserve_review_status","最小参考资料库/source-screening.csv","screening_id","SCREEN-M2-GA-A01","审计/子代理交接/m2_staging/M2-W2-AWS-PACKAGE-FACTS-REMEDIATED/audit/source-screening-updates.csv","d5a36ba5b6ef7f61785ef33779bc07ab454c173dbd7c699de733146c4697b875","104e8d4d06de4d26deec1066367434e494ee72e22eee3d1a49ffe0759da8c05b","present","reviewed","reviewed","reviewed","screening_status=selected","true","","","LCM-M2W2-AWS-PKG-0457","46fd41d8b19a82dc22c24ddee5c1b4e3534cacfe56bc4258cd1c9756ed67b552","74fe487790a0d2fbcaf012c1d60b409fd065dad5480a769843c28dab070036c4","f2682bdaf3ee4bee58aa95e20aa60461cc96a1f1fbc20a04b93bdcd2e98bc880","d10ad305a820f0fc1db7f2bf7030ca149ea7b556ceacd0a32d593f08a7cc01ff","m2_final_review_aws_package","2026-08-13","accept","只授权此 PK 按冻结来源行执行 write_action；除 review_status 外，写入语义列必须与 source_path 中该 PK 完全一致。package_review、independent_signoff 与 freeze_binding_status 由本签字和三项冻结哈希闭合。rebase_binding=AWS-SIGNOFF-REBASE-GOOGLE-SOURCE-GATE-20260813;post_field_rebase_binding=AWS-SIGNOFF-POST-FIELD-CONTRACT-20260813"
"AWS-SIGN-0458","no_write_guard","preserve_existing_no_write","数据/fields.csv","field_id","FIELD-PHY-CLOCK","审计/子代理交接/m2_staging/M2-W2-AWS-PACKAGE-FACTS-REMEDIATED/audit/field-contract-change-candidate.csv","bda20bcb9066e49f5fa49449c539b36910e81fe7776d61773338835625d71de6","1723cd5ef441ea12c53e785a4d2e2101f81ecdc5ce10872a02152cfb6539e2ee","present","approved","approved","approved","allowed_subject_kinds=object;component","true_already_satisfied_full_row_guard","","","FIELD-CONTRACT-AWS-ALREADY-SATISFIED-GUARD","46fd41d8b19a82dc22c24ddee5c1b4e3534cacfe56bc4258cd1c9756ed67b552","74fe487790a0d2fbcaf012c1d60b409fd065dad5480a769843c28dab070036c4","f2682bdaf3ee4bee58aa95e20aa60461cc96a1f1fbc20a04b93bdcd2e98bc880","d10ad305a820f0fc1db7f2bf7030ca149ea7b556ceacd0a32d593f08a7cc01ff","aws_post_field_rebase","2026-08-13","accept","字段主体合同正式迁移已先行把 allowed_subject_kinds 写成 object;component，并新增 allowed_requirement_target_kinds。本行撤销旧 exact_cell_write，改为当前 13 列 fields.csv 的整行 no_write_guard；禁止用 frozen staging 的 12 列 fields.csv 覆盖。rebase_binding=AWS-SIGNOFF-REBASE-GOOGLE-SOURCE-GATE-20260813;post_field_rebase_binding=AWS-SIGNOFF-POST-FIELD-CONTRACT-20260813"
"AWS-SIGN-0459","semantic_signoff","post_lifecycle_exact_semantic_update","最小参考资料库/selection-runs.csv","selection_run_id","SELRUN-M2W2-AWS-PKG-20260813","审计/子代理交接/m2_staging/M2-W2-AWS-PACKAGE-FACTS-REMEDIATED/structured/selection-runs.csv","67f8ff425f08a70612a02d6bb29b1e1b5f443d5e5958443bb74f0f62b2dbaa9e","1c0b49aff25115cb358ad1d6dab32ed9de3b0814fa11342beb9b435ff48f9ba2","absent","","review_status=reviewed;status=draft;reviewer=pending_independent_reviewer","reviewed","status=reviewed;reviewer=m2_final_review_aws_package;notes=按 57 条 package 实现候选及五组冲突执行逐来源反向移除。八个 source_id 各有不可替代事实；A10 的五条 package 事实均由 A07 覆盖，故不入本轮最小集。A01/A07 的 latest 与 v2.31.0 入口正文相同，各只计一个来源。最终独立复核已通过。","false_exact_three_field_signoff","","","SELRUN-M2W2-AWS-PKG-20260813-SEMANTIC-SIGNOFF","46fd41d8b19a82dc22c24ddee5c1b4e3534cacfe56bc4258cd1c9756ed67b552","74fe487790a0d2fbcaf012c1d60b409fd065dad5480a769843c28dab070036c4","f2682bdaf3ee4bee58aa95e20aa60461cc96a1f1fbc20a04b93bdcd2e98bc880","d10ad305a820f0fc1db7f2bf7030ca149ea7b556ceacd0a32d593f08a7cc01ff","m2_final_review_aws_package","2026-08-13","accept","生命周期行先把 review_status 设为 reviewed；随后只把业务 status 改为 reviewed、reviewer 改为 m2_final_review_aws_package，并把 notes 末句“等待独立复核。”替换为“最终独立复核已通过。”。其余列不变。八个 selection member 的 review_status 已分别由本清单对应的八条 lifecycle_pk_write 授权为 reviewed。rebase_binding=AWS-SIGNOFF-REBASE-GOOGLE-SOURCE-GATE-20260813;post_field_rebase_binding=AWS-SIGNOFF-POST-FIELD-CONTRACT-20260813"
"AWS-SIGN-0460","semantic_signoff","post_lifecycle_exact_semantic_update","数据/card-completeness.csv","card_completeness_id","COMPLETE-M2W2-AWS-INF1-EVIDENCE","审计/子代理交接/m2_staging/M2-W2-AWS-PACKAGE-FACTS-REMEDIATED/structured/card-completeness.csv","8da6b5bac7dee7c4ded02ee0bb2bcf881e01638e5d2dfb31a457917ba3eb5dc4","bc0c35e1dd5cc166cbfd65ea0f1fe5525c5340005e1005ab059e85061976f6cc","absent","","review_status=reviewed;completeness_status=needs_review;assessor=m2_w2_aws_package_facts","reviewed","completeness_status=complete;assessor=m2_final_review_aws_package;notes=11 个同日抓取件均已固定并登记正式 endpoint；A01 与 A07 的 latest 和 v2.31.0 正文等价，各只计一个 source_id；最终独立复核已通过。","false_exact_three_field_signoff","","","COMPLETE-M2W2-AWS-INF1-EVIDENCE-SEMANTIC-SIGNOFF","46fd41d8b19a82dc22c24ddee5c1b4e3534cacfe56bc4258cd1c9756ed67b552","74fe487790a0d2fbcaf012c1d60b409fd065dad5480a769843c28dab070036c4","f2682bdaf3ee4bee58aa95e20aa60461cc96a1f1fbc20a04b93bdcd2e98bc880","d10ad305a820f0fc1db7f2bf7030ca149ea7b556ceacd0a32d593f08a7cc01ff","m2_final_review_aws_package","2026-08-13","accept","生命周期行先把 review_status 设为 reviewed；随后只把 completeness_status 从 needs_review 改为 complete，把 assessor 从 m2_w2_aws_package_facts 改为 m2_final_review_aws_package，并把 notes 改为本行 semantic_status_after 给出的全文。其余列不变。lifecycle manifest 不改版：它仍只负责 review_status，三项业务收口由本独立签字单独授权。rebase_binding=AWS-SIGNOFF-REBASE-GOOGLE-SOURCE-GATE-20260813;post_field_rebase_binding=AWS-SIGNOFF-POST-FIELD-CONTRACT-20260813"
"AWS-SIGN-0461","semantic_signoff","post_lifecycle_exact_semantic_update","数据/card-completeness.csv","card_completeness_id","COMPLETE-M2W2-AWS-TRN1-EVIDENCE","审计/子代理交接/m2_staging/M2-W2-AWS-PACKAGE-FACTS-REMEDIATED/structured/card-completeness.csv","8da6b5bac7dee7c4ded02ee0bb2bcf881e01638e5d2dfb31a457917ba3eb5dc4","bc0c35e1dd5cc166cbfd65ea0f1fe5525c5340005e1005ab059e85061976f6cc","absent","","review_status=reviewed;completeness_status=needs_review;assessor=m2_w2_aws_package_facts","reviewed","completeness_status=complete;assessor=m2_final_review_aws_package;notes=11 个同日抓取件均已固定并登记正式 endpoint；A01 与 A07 的 latest 和 v2.31.0 正文等价，各只计一个 source_id；最终独立复核已通过。","false_exact_three_field_signoff","","","COMPLETE-M2W2-AWS-TRN1-EVIDENCE-SEMANTIC-SIGNOFF","46fd41d8b19a82dc22c24ddee5c1b4e3534cacfe56bc4258cd1c9756ed67b552","74fe487790a0d2fbcaf012c1d60b409fd065dad5480a769843c28dab070036c4","f2682bdaf3ee4bee58aa95e20aa60461cc96a1f1fbc20a04b93bdcd2e98bc880","d10ad305a820f0fc1db7f2bf7030ca149ea7b556ceacd0a32d593f08a7cc01ff","m2_final_review_aws_package","2026-08-13","accept","生命周期行先把 review_status 设为 reviewed；随后只把 completeness_status 从 needs_review 改为 complete，把 assessor 从 m2_w2_aws_package_facts 改为 m2_final_review_aws_package，并把 notes 改为本行 semantic_status_after 给出的全文。其余列不变。lifecycle manifest 不改版：它仍只负责 review_status，三项业务收口由本独立签字单独授权。rebase_binding=AWS-SIGNOFF-REBASE-GOOGLE-SOURCE-GATE-20260813;post_field_rebase_binding=AWS-SIGNOFF-POST-FIELD-CONTRACT-20260813"
"AWS-SIGN-0462","semantic_signoff","post_lifecycle_exact_semantic_update","数据/card-completeness.csv","card_completeness_id","COMPLETE-M2W2-AWS-INF2-EVIDENCE","审计/子代理交接/m2_staging/M2-W2-AWS-PACKAGE-FACTS-REMEDIATED/structured/card-completeness.csv","8da6b5bac7dee7c4ded02ee0bb2bcf881e01638e5d2dfb31a457917ba3eb5dc4","bc0c35e1dd5cc166cbfd65ea0f1fe5525c5340005e1005ab059e85061976f6cc","absent","","review_status=reviewed;completeness_status=needs_review;assessor=m2_w2_aws_package_facts","reviewed","completeness_status=complete;assessor=m2_final_review_aws_package;notes=11 个同日抓取件均已固定并登记正式 endpoint；A01 与 A07 的 latest 和 v2.31.0 正文等价，各只计一个 source_id；最终独立复核已通过。","false_exact_three_field_signoff","","","COMPLETE-M2W2-AWS-INF2-EVIDENCE-SEMANTIC-SIGNOFF","46fd41d8b19a82dc22c24ddee5c1b4e3534cacfe56bc4258cd1c9756ed67b552","74fe487790a0d2fbcaf012c1d60b409fd065dad5480a769843c28dab070036c4","f2682bdaf3ee4bee58aa95e20aa60461cc96a1f1fbc20a04b93bdcd2e98bc880","d10ad305a820f0fc1db7f2bf7030ca149ea7b556ceacd0a32d593f08a7cc01ff","m2_final_review_aws_package","2026-08-13","accept","生命周期行先把 review_status 设为 reviewed；随后只把 completeness_status 从 needs_review 改为 complete，把 assessor 从 m2_w2_aws_package_facts 改为 m2_final_review_aws_package，并把 notes 改为本行 semantic_status_after 给出的全文。其余列不变。lifecycle manifest 不改版：它仍只负责 review_status，三项业务收口由本独立签字单独授权。rebase_binding=AWS-SIGNOFF-REBASE-GOOGLE-SOURCE-GATE-20260813;post_field_rebase_binding=AWS-SIGNOFF-POST-FIELD-CONTRACT-20260813"
"AWS-SIGN-0463","semantic_signoff","post_lifecycle_exact_semantic_update","数据/card-completeness.csv","card_completeness_id","COMPLETE-M2W2-AWS-TRN3-EVIDENCE","审计/子代理交接/m2_staging/M2-W2-AWS-PACKAGE-FACTS-REMEDIATED/structured/card-completeness.csv","8da6b5bac7dee7c4ded02ee0bb2bcf881e01638e5d2dfb31a457917ba3eb5dc4","bc0c35e1dd5cc166cbfd65ea0f1fe5525c5340005e1005ab059e85061976f6cc","absent","","review_status=reviewed;completeness_status=needs_review;assessor=m2_w2_aws_package_facts","reviewed","completeness_status=complete;assessor=m2_final_review_aws_package;notes=11 个同日抓取件均已固定并登记正式 endpoint；A01 与 A07 的 latest 和 v2.31.0 正文等价，各只计一个 source_id；最终独立复核已通过。","false_exact_three_field_signoff","","","COMPLETE-M2W2-AWS-TRN3-EVIDENCE-SEMANTIC-SIGNOFF","46fd41d8b19a82dc22c24ddee5c1b4e3534cacfe56bc4258cd1c9756ed67b552","74fe487790a0d2fbcaf012c1d60b409fd065dad5480a769843c28dab070036c4","f2682bdaf3ee4bee58aa95e20aa60461cc96a1f1fbc20a04b93bdcd2e98bc880","d10ad305a820f0fc1db7f2bf7030ca149ea7b556ceacd0a32d593f08a7cc01ff","m2_final_review_aws_package","2026-08-13","accept","生命周期行先把 review_status 设为 reviewed；随后只把 completeness_status 从 needs_review 改为 complete，把 assessor 从 m2_w2_aws_package_facts 改为 m2_final_review_aws_package，并把 notes 改为本行 semantic_status_after 给出的全文。其余列不变。lifecycle manifest 不改版：它仍只负责 review_status，三项业务收口由本独立签字单独授权。rebase_binding=AWS-SIGNOFF-REBASE-GOOGLE-SOURCE-GATE-20260813;post_field_rebase_binding=AWS-SIGNOFF-POST-FIELD-CONTRACT-20260813"
"AWS-SIGN-0464","exact_file_copy","copy_bytes_if_target_absent","最小参考资料库/快照/AWS/PackageImplementations/2026-08-13/A01-inferentia-latest-2026-08-13.html","endpoint_id","END-M2W2-AWS-PKG-A01-LATEST-SNAP-20260813","审计/子代理交接/m2_staging/M2-W2-AWS-PACKAGE-FACTS-REMEDIATED/fixed-candidates/A01-inferentia-latest-2026-08-13.html","76c26100a0a84ab09b4ec722b522c079e0f171c6c0730a1d02e86f6f80d822a2","","absent","","","reviewed_endpoint_row_via_lifecycle","byte_size=233120;access_date=2026-08-13;snapshot_date=2026-08-13;http_status=200;mime_type=text/html","true","76c26100a0a84ab09b4ec722b522c079e0f171c6c0730a1d02e86f6f80d822a2","233120","END-M2W2-AWS-PKG-A01-LATEST-SNAP-20260813","46fd41d8b19a82dc22c24ddee5c1b4e3534cacfe56bc4258cd1c9756ed67b552","74fe487790a0d2fbcaf012c1d60b409fd065dad5480a769843c28dab070036c4","f2682bdaf3ee4bee58aa95e20aa60461cc96a1f1fbc20a04b93bdcd2e98bc880","d10ad305a820f0fc1db7f2bf7030ca149ea7b556ceacd0a32d593f08a7cc01ff","m2_final_review_aws_package","2026-08-13","accept","只允许逐字节复制到指定 local_path；目标存在时停止，不得覆盖；复制后必须复算 expected_output_sha256。rebase_binding=AWS-SIGNOFF-REBASE-GOOGLE-SOURCE-GATE-20260813;post_field_rebase_binding=AWS-SIGNOFF-POST-FIELD-CONTRACT-20260813"
"AWS-SIGN-0465","exact_file_copy","copy_bytes_if_target_absent","最小参考资料库/快照/AWS/PackageImplementations/2026-08-13/A01-inferentia-v2.31.0-2026-08-13.html","endpoint_id","END-M2W2-AWS-PKG-A01-V2310-SNAP-20260813","审计/子代理交接/m2_staging/M2-W2-AWS-PACKAGE-FACTS-REMEDIATED/fixed-candidates/A01-inferentia-v2.31.0-2026-08-13.html","8810e9d6ffa5aa84b6fd1a0a79dee9840d6972f9586dbc0c4fd5e49b3f6445ce","","absent","","","reviewed_endpoint_row_via_lifecycle","byte_size=215997;access_date=2026-08-13;snapshot_date=2026-08-13;http_status=200;mime_type=text/html","true","8810e9d6ffa5aa84b6fd1a0a79dee9840d6972f9586dbc0c4fd5e49b3f6445ce","215997","END-M2W2-AWS-PKG-A01-V2310-SNAP-20260813","46fd41d8b19a82dc22c24ddee5c1b4e3534cacfe56bc4258cd1c9756ed67b552","74fe487790a0d2fbcaf012c1d60b409fd065dad5480a769843c28dab070036c4","f2682bdaf3ee4bee58aa95e20aa60461cc96a1f1fbc20a04b93bdcd2e98bc880","d10ad305a820f0fc1db7f2bf7030ca149ea7b556ceacd0a32d593f08a7cc01ff","m2_final_review_aws_package","2026-08-13","accept","只允许逐字节复制到指定 local_path；目标存在时停止，不得覆盖；复制后必须复算 expected_output_sha256。rebase_binding=AWS-SIGNOFF-REBASE-GOOGLE-SOURCE-GATE-20260813;post_field_rebase_binding=AWS-SIGNOFF-POST-FIELD-CONTRACT-20260813"
"AWS-SIGN-0466","exact_file_copy","copy_bytes_if_target_absent","最小参考资料库/快照/AWS/PackageImplementations/2026-08-13/A02-neuroncore-v1-v2.9.1-2026-08-13.html","endpoint_id","END-M2W2-AWS-PKG-A02-V291-SNAP-20260813","审计/子代理交接/m2_staging/M2-W2-AWS-PACKAGE-FACTS-REMEDIATED/fixed-candidates/A02-neuroncore-v1-v2.9.1-2026-08-13.html","06d7b61ef030db81956e2f814c5266138bd317e3354951e2a2071601cdd745cd","","absent","","","reviewed_endpoint_row_via_lifecycle","byte_size=62202;access_date=2026-08-13;snapshot_date=2026-08-13;http_status=200;mime_type=text/html","true","06d7b61ef030db81956e2f814c5266138bd317e3354951e2a2071601cdd745cd","62202","END-M2W2-AWS-PKG-A02-V291-SNAP-20260813","46fd41d8b19a82dc22c24ddee5c1b4e3534cacfe56bc4258cd1c9756ed67b552","74fe487790a0d2fbcaf012c1d60b409fd065dad5480a769843c28dab070036c4","f2682bdaf3ee4bee58aa95e20aa60461cc96a1f1fbc20a04b93bdcd2e98bc880","d10ad305a820f0fc1db7f2bf7030ca149ea7b556ceacd0a32d593f08a7cc01ff","m2_final_review_aws_package","2026-08-13","accept","只允许逐字节复制到指定 local_path；目标存在时停止，不得覆盖；复制后必须复算 expected_output_sha256。rebase_binding=AWS-SIGNOFF-REBASE-GOOGLE-SOURCE-GATE-20260813;post_field_rebase_binding=AWS-SIGNOFF-POST-FIELD-CONTRACT-20260813"
"AWS-SIGN-0467","exact_file_copy","copy_bytes_if_target_absent","最小参考资料库/快照/AWS/PackageImplementations/2026-08-13/A03-trainium-v2.26.1-2026-08-13.html","endpoint_id","END-M2W2-AWS-PKG-A03-V2261-SNAP-20260813","审计/子代理交接/m2_staging/M2-W2-AWS-PACKAGE-FACTS-REMEDIATED/fixed-candidates/A03-trainium-v2.26.1-2026-08-13.html","6257908ff6d5febd52f974340d35e2f5dcfe2c1c14b9c4132dcb3dc3124c7079","","absent","","","reviewed_endpoint_row_via_lifecycle","byte_size=166258;access_date=2026-08-13;snapshot_date=2026-08-13;http_status=200;mime_type=text/html","true","6257908ff6d5febd52f974340d35e2f5dcfe2c1c14b9c4132dcb3dc3124c7079","166258","END-M2W2-AWS-PKG-A03-V2261-SNAP-20260813","46fd41d8b19a82dc22c24ddee5c1b4e3534cacfe56bc4258cd1c9756ed67b552","74fe487790a0d2fbcaf012c1d60b409fd065dad5480a769843c28dab070036c4","f2682bdaf3ee4bee58aa95e20aa60461cc96a1f1fbc20a04b93bdcd2e98bc880","d10ad305a820f0fc1db7f2bf7030ca149ea7b556ceacd0a32d593f08a7cc01ff","m2_final_review_aws_package","2026-08-13","accept","只允许逐字节复制到指定 local_path；目标存在时停止，不得覆盖；复制后必须复算 expected_output_sha256。rebase_binding=AWS-SIGNOFF-REBASE-GOOGLE-SOURCE-GATE-20260813;post_field_rebase_binding=AWS-SIGNOFF-POST-FIELD-CONTRACT-20260813"
"AWS-SIGN-0468","exact_file_copy","copy_bytes_if_target_absent","最小参考资料库/快照/AWS/PackageImplementations/2026-08-13/A04-inferentia2-v2.29.1-2026-08-13.html","endpoint_id","END-M2W2-AWS-PKG-A04-V2291-SNAP-20260813","审计/子代理交接/m2_staging/M2-W2-AWS-PACKAGE-FACTS-REMEDIATED/fixed-candidates/A04-inferentia2-v2.29.1-2026-08-13.html","cc1c79f5255f6cc851dab448098adc54fea713a626c205bba4a5a2b5ef2372dd","","absent","","","reviewed_endpoint_row_via_lifecycle","byte_size=203185;access_date=2026-08-13;snapshot_date=2026-08-13;http_status=200;mime_type=text/html","true","cc1c79f5255f6cc851dab448098adc54fea713a626c205bba4a5a2b5ef2372dd","203185","END-M2W2-AWS-PKG-A04-V2291-SNAP-20260813","46fd41d8b19a82dc22c24ddee5c1b4e3534cacfe56bc4258cd1c9756ed67b552","74fe487790a0d2fbcaf012c1d60b409fd065dad5480a769843c28dab070036c4","f2682bdaf3ee4bee58aa95e20aa60461cc96a1f1fbc20a04b93bdcd2e98bc880","d10ad305a820f0fc1db7f2bf7030ca149ea7b556ceacd0a32d593f08a7cc01ff","m2_final_review_aws_package","2026-08-13","accept","只允许逐字节复制到指定 local_path；目标存在时停止，不得覆盖；复制后必须复算 expected_output_sha256。rebase_binding=AWS-SIGNOFF-REBASE-GOOGLE-SOURCE-GATE-20260813;post_field_rebase_binding=AWS-SIGNOFF-POST-FIELD-CONTRACT-20260813"
"AWS-SIGN-0469","exact_file_copy","copy_bytes_if_target_absent","最小参考资料库/快照/AWS/PackageImplementations/2026-08-13/A05-trainium-inferentia2-nki-v2.29.1-2026-08-13.html","endpoint_id","END-M2W2-AWS-PKG-A05-V2291-SNAP-20260813","审计/子代理交接/m2_staging/M2-W2-AWS-PACKAGE-FACTS-REMEDIATED/fixed-candidates/A05-trainium-inferentia2-nki-v2.29.1-2026-08-13.html","4d2318ec97548a8cb970ec06fb0c2f167a97aa17e361bb89563d057cb36b50cf","","absent","","","reviewed_endpoint_row_via_lifecycle","byte_size=292064;access_date=2026-08-13;snapshot_date=2026-08-13;http_status=200;mime_type=text/html","true","4d2318ec97548a8cb970ec06fb0c2f167a97aa17e361bb89563d057cb36b50cf","292064","END-M2W2-AWS-PKG-A05-V2291-SNAP-20260813","46fd41d8b19a82dc22c24ddee5c1b4e3534cacfe56bc4258cd1c9756ed67b552","74fe487790a0d2fbcaf012c1d60b409fd065dad5480a769843c28dab070036c4","f2682bdaf3ee4bee58aa95e20aa60461cc96a1f1fbc20a04b93bdcd2e98bc880","d10ad305a820f0fc1db7f2bf7030ca149ea7b556ceacd0a32d593f08a7cc01ff","m2_final_review_aws_package","2026-08-13","accept","只允许逐字节复制到指定 local_path；目标存在时停止，不得覆盖；复制后必须复算 expected_output_sha256。rebase_binding=AWS-SIGNOFF-REBASE-GOOGLE-SOURCE-GATE-20260813;post_field_rebase_binding=AWS-SIGNOFF-POST-FIELD-CONTRACT-20260813"
"AWS-SIGN-0470","exact_file_copy","copy_bytes_if_target_absent","最小参考资料库/快照/AWS/PackageImplementations/2026-08-13/A06-trainium3-v2.28.1-2026-08-13.html","endpoint_id","END-M2W2-AWS-PKG-A06-V2281-SNAP-20260813","审计/子代理交接/m2_staging/M2-W2-AWS-PACKAGE-FACTS-REMEDIATED/fixed-candidates/A06-trainium3-v2.28.1-2026-08-13.html","2fad4aca914e1a10289f636a273464d5f5f86ad6c5cc830092dfabb0bf786dcb","","absent","","","reviewed_endpoint_row_via_lifecycle","byte_size=206604;access_date=2026-08-13;snapshot_date=2026-08-13;http_status=200;mime_type=text/html","true","2fad4aca914e1a10289f636a273464d5f5f86ad6c5cc830092dfabb0bf786dcb","206604","END-M2W2-AWS-PKG-A06-V2281-SNAP-20260813","46fd41d8b19a82dc22c24ddee5c1b4e3534cacfe56bc4258cd1c9756ed67b552","74fe487790a0d2fbcaf012c1d60b409fd065dad5480a769843c28dab070036c4","f2682bdaf3ee4bee58aa95e20aa60461cc96a1f1fbc20a04b93bdcd2e98bc880","d10ad305a820f0fc1db7f2bf7030ca149ea7b556ceacd0a32d593f08a7cc01ff","m2_final_review_aws_package","2026-08-13","accept","只允许逐字节复制到指定 local_path；目标存在时停止，不得覆盖；复制后必须复算 expected_output_sha256。rebase_binding=AWS-SIGNOFF-REBASE-GOOGLE-SOURCE-GATE-20260813;post_field_rebase_binding=AWS-SIGNOFF-POST-FIELD-CONTRACT-20260813"
"AWS-SIGN-0471","exact_file_copy","copy_bytes_if_target_absent","最小参考资料库/快照/AWS/PackageImplementations/2026-08-13/A07-trainium3-nki-latest-2026-08-13.html","endpoint_id","END-M2W2-AWS-PKG-A07-LATEST-SNAP-20260813","审计/子代理交接/m2_staging/M2-W2-AWS-PACKAGE-FACTS-REMEDIATED/fixed-candidates/A07-trainium3-nki-latest-2026-08-13.html","aa22cfcffd97e35e1d1c17a14480a1f5ace87f2adf7b5f46e26ba512d0ef209f","","absent","","","reviewed_endpoint_row_via_lifecycle","byte_size=268399;access_date=2026-08-13;snapshot_date=2026-08-13;http_status=200;mime_type=text/html","true","aa22cfcffd97e35e1d1c17a14480a1f5ace87f2adf7b5f46e26ba512d0ef209f","268399","END-M2W2-AWS-PKG-A07-LATEST-SNAP-20260813","46fd41d8b19a82dc22c24ddee5c1b4e3534cacfe56bc4258cd1c9756ed67b552","74fe487790a0d2fbcaf012c1d60b409fd065dad5480a769843c28dab070036c4","f2682bdaf3ee4bee58aa95e20aa60461cc96a1f1fbc20a04b93bdcd2e98bc880","d10ad305a820f0fc1db7f2bf7030ca149ea7b556ceacd0a32d593f08a7cc01ff","m2_final_review_aws_package","2026-08-13","accept","只允许逐字节复制到指定 local_path；目标存在时停止，不得覆盖；复制后必须复算 expected_output_sha256。rebase_binding=AWS-SIGNOFF-REBASE-GOOGLE-SOURCE-GATE-20260813;post_field_rebase_binding=AWS-SIGNOFF-POST-FIELD-CONTRACT-20260813"
"AWS-SIGN-0472","exact_file_copy","copy_bytes_if_target_absent","最小参考资料库/快照/AWS/PackageImplementations/2026-08-13/A07-trainium3-nki-v2.31.0-2026-08-13.html","endpoint_id","END-M2W2-AWS-PKG-A07-V2310-SNAP-20260813","审计/子代理交接/m2_staging/M2-W2-AWS-PACKAGE-FACTS-REMEDIATED/fixed-candidates/A07-trainium3-nki-v2.31.0-2026-08-13.html","4bb6e756d37069f83f36fca4144e494688a23396728b52338385a4ee8be6a2f2","","absent","","","reviewed_endpoint_row_via_lifecycle","byte_size=251687;access_date=2026-08-13;snapshot_date=2026-08-13;http_status=200;mime_type=text/html","true","4bb6e756d37069f83f36fca4144e494688a23396728b52338385a4ee8be6a2f2","251687","END-M2W2-AWS-PKG-A07-V2310-SNAP-20260813","46fd41d8b19a82dc22c24ddee5c1b4e3534cacfe56bc4258cd1c9756ed67b552","74fe487790a0d2fbcaf012c1d60b409fd065dad5480a769843c28dab070036c4","f2682bdaf3ee4bee58aa95e20aa60461cc96a1f1fbc20a04b93bdcd2e98bc880","d10ad305a820f0fc1db7f2bf7030ca149ea7b556ceacd0a32d593f08a7cc01ff","m2_final_review_aws_package","2026-08-13","accept","只允许逐字节复制到指定 local_path；目标存在时停止，不得覆盖；复制后必须复算 expected_output_sha256。rebase_binding=AWS-SIGNOFF-REBASE-GOOGLE-SOURCE-GATE-20260813;post_field_rebase_binding=AWS-SIGNOFF-POST-FIELD-CONTRACT-20260813"
"AWS-SIGN-0473","exact_file_copy","copy_bytes_if_target_absent","最小参考资料库/快照/AWS/PackageImplementations/2026-08-13/A08-trn3-ultraservers-2025-12-02-fetched-2026-08-13.html","endpoint_id","END-M2W2-AWS-PKG-A08-DATED-SNAP-20260813","审计/子代理交接/m2_staging/M2-W2-AWS-PACKAGE-FACTS-REMEDIATED/fixed-candidates/A08-trn3-ultraservers-2025-12-02-fetched-2026-08-13.html","d10e887199750363ffb679347c78d27012a2d63c2cc2bf2a49704d16aee449cb","","absent","","","reviewed_endpoint_row_via_lifecycle","byte_size=329595;access_date=2026-08-13;snapshot_date=2026-08-13;http_status=200;mime_type=text/html","true","d10e887199750363ffb679347c78d27012a2d63c2cc2bf2a49704d16aee449cb","329595","END-M2W2-AWS-PKG-A08-DATED-SNAP-20260813","46fd41d8b19a82dc22c24ddee5c1b4e3534cacfe56bc4258cd1c9756ed67b552","74fe487790a0d2fbcaf012c1d60b409fd065dad5480a769843c28dab070036c4","f2682bdaf3ee4bee58aa95e20aa60461cc96a1f1fbc20a04b93bdcd2e98bc880","d10ad305a820f0fc1db7f2bf7030ca149ea7b556ceacd0a32d593f08a7cc01ff","m2_final_review_aws_package","2026-08-13","accept","只允许逐字节复制到指定 local_path；目标存在时停止，不得覆盖；复制后必须复算 expected_output_sha256。rebase_binding=AWS-SIGNOFF-REBASE-GOOGLE-SOURCE-GATE-20260813;post_field_rebase_binding=AWS-SIGNOFF-POST-FIELD-CONTRACT-20260813"
"AWS-SIGN-0474","exact_file_copy","copy_bytes_if_target_absent","最小参考资料库/快照/AWS/PackageImplementations/2026-08-13/A10-neuroncore-v4-v2.30.0-2026-08-13.html","endpoint_id","END-M2W2-AWS-PKG-A10-V2300-SNAP-20260813","审计/子代理交接/m2_staging/M2-W2-AWS-PACKAGE-FACTS-REMEDIATED/fixed-candidates/A10-neuroncore-v4-v2.30.0-2026-08-13.html","2ab8e86e39a059e611cfca5bcdcc6b5c5b3acb8077e7006fd515d3543146a45a","","absent","","","reviewed_endpoint_row_via_lifecycle","byte_size=211890;access_date=2026-08-13;snapshot_date=2026-08-13;http_status=200;mime_type=text/html","true","2ab8e86e39a059e611cfca5bcdcc6b5c5b3acb8077e7006fd515d3543146a45a","211890","END-M2W2-AWS-PKG-A10-V2300-SNAP-20260813","46fd41d8b19a82dc22c24ddee5c1b4e3534cacfe56bc4258cd1c9756ed67b552","74fe487790a0d2fbcaf012c1d60b409fd065dad5480a769843c28dab070036c4","f2682bdaf3ee4bee58aa95e20aa60461cc96a1f1fbc20a04b93bdcd2e98bc880","d10ad305a820f0fc1db7f2bf7030ca149ea7b556ceacd0a32d593f08a7cc01ff","m2_final_review_aws_package","2026-08-13","accept","只允许逐字节复制到指定 local_path；目标存在时停止，不得覆盖；复制后必须复算 expected_output_sha256。rebase_binding=AWS-SIGNOFF-REBASE-GOOGLE-SOURCE-GATE-20260813;post_field_rebase_binding=AWS-SIGNOFF-POST-FIELD-CONTRACT-20260813"
"AWS-SIGN-0475","exact_finalized_card_write","copy_bytes_if_target_absent","资料卡/AWS/封装/AWS_Inferentia1_芯片实现资料卡.md","file_name","AWS_Inferentia1_芯片实现资料卡.md","审计/子代理交接/m2_final_review_aws_package_cards/AWS_Inferentia1_芯片实现资料卡.md","b056efebdfc9423c95b00605b2c62dd8ed9418198e02ff12c4c61438116c7704","","absent","","finalized_payload_status=accepted","accepted","payload already finalized: accepted;正式事实;实现事实;最小来源集;evidence=complete;正式入口;对象层级=package","true_exact_finalized_payload_copy","b056efebdfc9423c95b00605b2c62dd8ed9418198e02ff12c4c61438116c7704","7481","FINAL-CARD-AWS_Inferentia1_芯片实现资料卡.md","46fd41d8b19a82dc22c24ddee5c1b4e3534cacfe56bc4258cd1c9756ed67b552","74fe487790a0d2fbcaf012c1d60b409fd065dad5480a769843c28dab070036c4","f2682bdaf3ee4bee58aa95e20aa60461cc96a1f1fbc20a04b93bdcd2e98bc880","d10ad305a820f0fc1db7f2bf7030ca149ea7b556ceacd0a32d593f08a7cc01ff","m2_final_review_aws_package","2026-08-13","accept","只允许把 source_path 指定的已签最终字节复制到 target_path。目标已存在时停止，不得覆盖；复制后必须同时命中 expected_output_sha256 与 expected_output_bytes。不得在合并时重新执行字面替换或自行改写卡片。rebase_binding=AWS-SIGNOFF-REBASE-GOOGLE-SOURCE-GATE-20260813;post_field_rebase_binding=AWS-SIGNOFF-POST-FIELD-CONTRACT-20260813"
"AWS-SIGN-0476","exact_finalized_card_write","copy_bytes_if_target_absent","资料卡/AWS/封装/AWS_Inferentia2_芯片实现资料卡.md","file_name","AWS_Inferentia2_芯片实现资料卡.md","审计/子代理交接/m2_final_review_aws_package_cards/AWS_Inferentia2_芯片实现资料卡.md","c5f78d35d83a53512e252d12756c4b80bd5da78089a88c163189667f5ca0224d","","absent","","finalized_payload_status=accepted","accepted","payload already finalized: accepted;正式事实;实现事实;最小来源集;evidence=complete;正式入口;对象层级=package","true_exact_finalized_payload_copy","c5f78d35d83a53512e252d12756c4b80bd5da78089a88c163189667f5ca0224d","8795","FINAL-CARD-AWS_Inferentia2_芯片实现资料卡.md","46fd41d8b19a82dc22c24ddee5c1b4e3534cacfe56bc4258cd1c9756ed67b552","74fe487790a0d2fbcaf012c1d60b409fd065dad5480a769843c28dab070036c4","f2682bdaf3ee4bee58aa95e20aa60461cc96a1f1fbc20a04b93bdcd2e98bc880","d10ad305a820f0fc1db7f2bf7030ca149ea7b556ceacd0a32d593f08a7cc01ff","m2_final_review_aws_package","2026-08-13","accept","只允许把 source_path 指定的已签最终字节复制到 target_path。目标已存在时停止，不得覆盖；复制后必须同时命中 expected_output_sha256 与 expected_output_bytes。不得在合并时重新执行字面替换或自行改写卡片。rebase_binding=AWS-SIGNOFF-REBASE-GOOGLE-SOURCE-GATE-20260813;post_field_rebase_binding=AWS-SIGNOFF-POST-FIELD-CONTRACT-20260813"
"AWS-SIGN-0477","exact_finalized_card_write","copy_bytes_if_target_absent","资料卡/AWS/封装/AWS_Trainium1_芯片实现资料卡.md","file_name","AWS_Trainium1_芯片实现资料卡.md","审计/子代理交接/m2_final_review_aws_package_cards/AWS_Trainium1_芯片实现资料卡.md","6addea13a0251e1bc09eb6d545327abbac9cbffe2cee16ec810d72b6f23afc99","","absent","","finalized_payload_status=accepted","accepted","payload already finalized: accepted;正式事实;实现事实;最小来源集;evidence=complete;正式入口;对象层级=package","true_exact_finalized_payload_copy","6addea13a0251e1bc09eb6d545327abbac9cbffe2cee16ec810d72b6f23afc99","8749","FINAL-CARD-AWS_Trainium1_芯片实现资料卡.md","46fd41d8b19a82dc22c24ddee5c1b4e3534cacfe56bc4258cd1c9756ed67b552","74fe487790a0d2fbcaf012c1d60b409fd065dad5480a769843c28dab070036c4","f2682bdaf3ee4bee58aa95e20aa60461cc96a1f1fbc20a04b93bdcd2e98bc880","d10ad305a820f0fc1db7f2bf7030ca149ea7b556ceacd0a32d593f08a7cc01ff","m2_final_review_aws_package","2026-08-13","accept","只允许把 source_path 指定的已签最终字节复制到 target_path。目标已存在时停止，不得覆盖；复制后必须同时命中 expected_output_sha256 与 expected_output_bytes。不得在合并时重新执行字面替换或自行改写卡片。rebase_binding=AWS-SIGNOFF-REBASE-GOOGLE-SOURCE-GATE-20260813;post_field_rebase_binding=AWS-SIGNOFF-POST-FIELD-CONTRACT-20260813"
"AWS-SIGN-0478","exact_finalized_card_write","copy_bytes_if_target_absent","资料卡/AWS/封装/AWS_Trainium3_芯片实现资料卡.md","file_name","AWS_Trainium3_芯片实现资料卡.md","审计/子代理交接/m2_final_review_aws_package_cards/AWS_Trainium3_芯片实现资料卡.md","b3ad398adad27f99180371ccec74839575947d9f9d61c8a88c4c024dab53f898","","absent","","finalized_payload_status=accepted","accepted","payload already finalized: accepted;正式事实;实现事实;最小来源集;evidence=complete;正式入口;对象层级=package","true_exact_finalized_payload_copy","b3ad398adad27f99180371ccec74839575947d9f9d61c8a88c4c024dab53f898","16149","FINAL-CARD-AWS_Trainium3_芯片实现资料卡.md","46fd41d8b19a82dc22c24ddee5c1b4e3534cacfe56bc4258cd1c9756ed67b552","74fe487790a0d2fbcaf012c1d60b409fd065dad5480a769843c28dab070036c4","f2682bdaf3ee4bee58aa95e20aa60461cc96a1f1fbc20a04b93bdcd2e98bc880","d10ad305a820f0fc1db7f2bf7030ca149ea7b556ceacd0a32d593f08a7cc01ff","m2_final_review_aws_package","2026-08-13","accept","只允许把 source_path 指定的已签最终字节复制到 target_path。目标已存在时停止，不得覆盖；复制后必须同时命中 expected_output_sha256 与 expected_output_bytes。不得在合并时重新执行字面替换或自行改写卡片。rebase_binding=AWS-SIGNOFF-REBASE-GOOGLE-SOURCE-GATE-20260813;post_field_rebase_binding=AWS-SIGNOFF-POST-FIELD-CONTRACT-20260813"
"AWS-SIGN-0479","no_write_guard","preserve_existing_no_write","数据/objects.csv","object_id","OBJ-AWS-INFERENTIA1-CHIP","数据/objects.csv","54800b32b2ee08b45bf0b9ad0aa569b406133a1f74be26d5301ee5de750a1ec7","54800b32b2ee08b45bf0b9ad0aa569b406133a1f74be26d5301ee5de750a1ec7","present","needs_resolution","not_in_lifecycle_manifest","needs_resolution","all_columns_unchanged","true","","","GUARD-OBJ-AWS-INFERENTIA1-CHIP","46fd41d8b19a82dc22c24ddee5c1b4e3534cacfe56bc4258cd1c9756ed67b552","74fe487790a0d2fbcaf012c1d60b409fd065dad5480a769843c28dab070036c4","f2682bdaf3ee4bee58aa95e20aa60461cc96a1f1fbc20a04b93bdcd2e98bc880","d10ad305a820f0fc1db7f2bf7030ca149ea7b556ceacd0a32d593f08a7cc01ff","m2_final_review_aws_package","2026-08-13","accept","这是禁止写入的边界，不是变更授权。单器件事实边界成立，但 package 只是保守归属容器；裸片、芯粒、基板、外形和订货形态仍无一手证据，因此继续 needs_resolution。rebase_binding=AWS-SIGNOFF-REBASE-GOOGLE-SOURCE-GATE-20260813;post_field_rebase_binding=AWS-SIGNOFF-POST-FIELD-CONTRACT-20260813"
"AWS-SIGN-0480","no_write_guard","preserve_existing_no_write","数据/objects.csv","object_id","OBJ-AWS-TRAINIUM1-CHIP","数据/objects.csv","54800b32b2ee08b45bf0b9ad0aa569b406133a1f74be26d5301ee5de750a1ec7","54800b32b2ee08b45bf0b9ad0aa569b406133a1f74be26d5301ee5de750a1ec7","present","needs_resolution","not_in_lifecycle_manifest","needs_resolution","all_columns_unchanged","true","","","GUARD-OBJ-AWS-TRAINIUM1-CHIP","46fd41d8b19a82dc22c24ddee5c1b4e3534cacfe56bc4258cd1c9756ed67b552","74fe487790a0d2fbcaf012c1d60b409fd065dad5480a769843c28dab070036c4","f2682bdaf3ee4bee58aa95e20aa60461cc96a1f1fbc20a04b93bdcd2e98bc880","d10ad305a820f0fc1db7f2bf7030ca149ea7b556ceacd0a32d593f08a7cc01ff","m2_final_review_aws_package","2026-08-13","accept","这是禁止写入的边界，不是变更授权。单器件事实边界成立，但 package 只是保守归属容器；裸片、芯粒、基板、外形和订货形态仍无一手证据，因此继续 needs_resolution。rebase_binding=AWS-SIGNOFF-REBASE-GOOGLE-SOURCE-GATE-20260813;post_field_rebase_binding=AWS-SIGNOFF-POST-FIELD-CONTRACT-20260813"
"AWS-SIGN-0481","no_write_guard","preserve_existing_no_write","数据/objects.csv","object_id","OBJ-AWS-INFERENTIA2-CHIP","数据/objects.csv","54800b32b2ee08b45bf0b9ad0aa569b406133a1f74be26d5301ee5de750a1ec7","54800b32b2ee08b45bf0b9ad0aa569b406133a1f74be26d5301ee5de750a1ec7","present","needs_resolution","not_in_lifecycle_manifest","needs_resolution","all_columns_unchanged","true","","","GUARD-OBJ-AWS-INFERENTIA2-CHIP","46fd41d8b19a82dc22c24ddee5c1b4e3534cacfe56bc4258cd1c9756ed67b552","74fe487790a0d2fbcaf012c1d60b409fd065dad5480a769843c28dab070036c4","f2682bdaf3ee4bee58aa95e20aa60461cc96a1f1fbc20a04b93bdcd2e98bc880","d10ad305a820f0fc1db7f2bf7030ca149ea7b556ceacd0a32d593f08a7cc01ff","m2_final_review_aws_package","2026-08-13","accept","这是禁止写入的边界，不是变更授权。单器件事实边界成立，但 package 只是保守归属容器；裸片、芯粒、基板、外形和订货形态仍无一手证据，因此继续 needs_resolution。rebase_binding=AWS-SIGNOFF-REBASE-GOOGLE-SOURCE-GATE-20260813;post_field_rebase_binding=AWS-SIGNOFF-POST-FIELD-CONTRACT-20260813"
"AWS-SIGN-0482","no_write_guard","preserve_existing_no_write","数据/objects.csv","object_id","OBJ-AWS-TRAINIUM3-CHIP","数据/objects.csv","54800b32b2ee08b45bf0b9ad0aa569b406133a1f74be26d5301ee5de750a1ec7","54800b32b2ee08b45bf0b9ad0aa569b406133a1f74be26d5301ee5de750a1ec7","present","needs_resolution","not_in_lifecycle_manifest","needs_resolution","all_columns_unchanged","true","","","GUARD-OBJ-AWS-TRAINIUM3-CHIP","46fd41d8b19a82dc22c24ddee5c1b4e3534cacfe56bc4258cd1c9756ed67b552","74fe487790a0d2fbcaf012c1d60b409fd065dad5480a769843c28dab070036c4","f2682bdaf3ee4bee58aa95e20aa60461cc96a1f1fbc20a04b93bdcd2e98bc880","d10ad305a820f0fc1db7f2bf7030ca149ea7b556ceacd0a32d593f08a7cc01ff","m2_final_review_aws_package","2026-08-13","accept","这是禁止写入的边界，不是变更授权。单器件事实边界成立，但 package 只是保守归属容器；裸片、芯粒、基板、外形和订货形态仍无一手证据，因此继续 needs_resolution。rebase_binding=AWS-SIGNOFF-REBASE-GOOGLE-SOURCE-GATE-20260813;post_field_rebase_binding=AWS-SIGNOFF-POST-FIELD-CONTRACT-20260813"
"AWS-SIGN-0483","no_write_guard","preserve_existing_no_write","数据/object-relations.csv","object_relation_id","OREL-AWS-INFERENTIA1-IMPLEMENTS-ARCH","数据/object-relations.csv","9bbe32227f7022a5f9e4fe379d805e60780c15d6987e5b20e3b94ac3241fa353","9bbe32227f7022a5f9e4fe379d805e60780c15d6987e5b20e3b94ac3241fa353","present","needs_resolution","not_in_lifecycle_manifest","needs_resolution","all_columns_unchanged","true","","","GUARD-OREL-AWS-INFERENTIA1-IMPLEMENTS-ARCH","46fd41d8b19a82dc22c24ddee5c1b4e3534cacfe56bc4258cd1c9756ed67b552","74fe487790a0d2fbcaf012c1d60b409fd065dad5480a769843c28dab070036c4","f2682bdaf3ee4bee58aa95e20aa60461cc96a1f1fbc20a04b93bdcd2e98bc880","d10ad305a820f0fc1db7f2bf7030ca149ea7b556ceacd0a32d593f08a7cc01ff","m2_final_review_aws_package","2026-08-13","accept","这是禁止写入的边界，不是变更授权。关系方向可用于事实复用，但其主体仍是保守 package 容器；本包不把容器物理身份的不确定性静默升级为 reviewed。rebase_binding=AWS-SIGNOFF-REBASE-GOOGLE-SOURCE-GATE-20260813;post_field_rebase_binding=AWS-SIGNOFF-POST-FIELD-CONTRACT-20260813"
"AWS-SIGN-0484","no_write_guard","preserve_existing_no_write","数据/object-relations.csv","object_relation_id","OREL-AWS-TRAINIUM1-IMPLEMENTS-ARCH","数据/object-relations.csv","9bbe32227f7022a5f9e4fe379d805e60780c15d6987e5b20e3b94ac3241fa353","9bbe32227f7022a5f9e4fe379d805e60780c15d6987e5b20e3b94ac3241fa353","present","needs_resolution","not_in_lifecycle_manifest","needs_resolution","all_columns_unchanged","true","","","GUARD-OREL-AWS-TRAINIUM1-IMPLEMENTS-ARCH","46fd41d8b19a82dc22c24ddee5c1b4e3534cacfe56bc4258cd1c9756ed67b552","74fe487790a0d2fbcaf012c1d60b409fd065dad5480a769843c28dab070036c4","f2682bdaf3ee4bee58aa95e20aa60461cc96a1f1fbc20a04b93bdcd2e98bc880","d10ad305a820f0fc1db7f2bf7030ca149ea7b556ceacd0a32d593f08a7cc01ff","m2_final_review_aws_package","2026-08-13","accept","这是禁止写入的边界，不是变更授权。关系方向可用于事实复用，但其主体仍是保守 package 容器；本包不把容器物理身份的不确定性静默升级为 reviewed。rebase_binding=AWS-SIGNOFF-REBASE-GOOGLE-SOURCE-GATE-20260813;post_field_rebase_binding=AWS-SIGNOFF-POST-FIELD-CONTRACT-20260813"
"AWS-SIGN-0485","no_write_guard","preserve_existing_no_write","数据/object-relations.csv","object_relation_id","OREL-AWS-INFERENTIA2-IMPLEMENTS-ARCH","数据/object-relations.csv","9bbe32227f7022a5f9e4fe379d805e60780c15d6987e5b20e3b94ac3241fa353","9bbe32227f7022a5f9e4fe379d805e60780c15d6987e5b20e3b94ac3241fa353","present","needs_resolution","not_in_lifecycle_manifest","needs_resolution","all_columns_unchanged","true","","","GUARD-OREL-AWS-INFERENTIA2-IMPLEMENTS-ARCH","46fd41d8b19a82dc22c24ddee5c1b4e3534cacfe56bc4258cd1c9756ed67b552","74fe487790a0d2fbcaf012c1d60b409fd065dad5480a769843c28dab070036c4","f2682bdaf3ee4bee58aa95e20aa60461cc96a1f1fbc20a04b93bdcd2e98bc880","d10ad305a820f0fc1db7f2bf7030ca149ea7b556ceacd0a32d593f08a7cc01ff","m2_final_review_aws_package","2026-08-13","accept","这是禁止写入的边界，不是变更授权。关系方向可用于事实复用，但其主体仍是保守 package 容器；本包不把容器物理身份的不确定性静默升级为 reviewed。rebase_binding=AWS-SIGNOFF-REBASE-GOOGLE-SOURCE-GATE-20260813;post_field_rebase_binding=AWS-SIGNOFF-POST-FIELD-CONTRACT-20260813"
"AWS-SIGN-0486","no_write_guard","preserve_existing_no_write","数据/object-relations.csv","object_relation_id","OREL-AWS-TRAINIUM3-IMPLEMENTS-ARCH","数据/object-relations.csv","9bbe32227f7022a5f9e4fe379d805e60780c15d6987e5b20e3b94ac3241fa353","9bbe32227f7022a5f9e4fe379d805e60780c15d6987e5b20e3b94ac3241fa353","present","needs_resolution","not_in_lifecycle_manifest","needs_resolution","all_columns_unchanged","true","","","GUARD-OREL-AWS-TRAINIUM3-IMPLEMENTS-ARCH","46fd41d8b19a82dc22c24ddee5c1b4e3534cacfe56bc4258cd1c9756ed67b552","74fe487790a0d2fbcaf012c1d60b409fd065dad5480a769843c28dab070036c4","f2682bdaf3ee4bee58aa95e20aa60461cc96a1f1fbc20a04b93bdcd2e98bc880","d10ad305a820f0fc1db7f2bf7030ca149ea7b556ceacd0a32d593f08a7cc01ff","m2_final_review_aws_package","2026-08-13","accept","这是禁止写入的边界，不是变更授权。关系方向可用于事实复用，但其主体仍是保守 package 容器；本包不把容器物理身份的不确定性静默升级为 reviewed。rebase_binding=AWS-SIGNOFF-REBASE-GOOGLE-SOURCE-GATE-20260813;post_field_rebase_binding=AWS-SIGNOFF-POST-FIELD-CONTRACT-20260813"
