"assertion_id","fact_id","source_id","claim_role","assertion_mode","assertion_relation","raw_value_text","raw_value_number","raw_unit","source_locator","quoted_context","extraction_status","extractor","reviewer","review_date","assertion_fingerprint","review_status","notes"
"ASSERT-NVIDIA-H100-TENSOR-CORE-COUNT-NVIDIA-H100-ARCH-WHITEPAPER-V1-04","FACT-NVIDIA-H100-TENSOR-CORE-COUNT","SRC-NVIDIA-H100-ARCH-WHITEPAPER-V1-04","core_spec","direct_statement","supports","","528","count","p.39, Table 3","","source_checked","h100_pilot","","2026-08-12","FACT-NVIDIA-H100-TENSOR-CORE-COUNT|SRC-NVIDIA-H100-ARCH-WHITEPAPER-V1-04|supports|p.39, Table 3","draft","Official fixed v1.04 PDF acquired and hashed."
"ASSERT-NVIDIA-H100-GPC-COUNT-NVIDIA-H100-ARCH-WHITEPAPER-V1-04","FACT-NVIDIA-H100-GPC-COUNT","SRC-NVIDIA-H100-ARCH-WHITEPAPER-V1-04","core_spec","direct_statement","supports","","8","count","pp.18-20, Table 1","","source_checked","h100_pilot","","2026-08-12","FACT-NVIDIA-H100-GPC-COUNT|SRC-NVIDIA-H100-ARCH-WHITEPAPER-V1-04|supports|pp.18-20, Table 1","draft","Official fixed v1.04 PDF acquired and hashed."
"ASSERT-NVIDIA-H100-INT32-CORE-COUNT-NVIDIA-H100-ARCH-WHITEPAPER-V1-04","FACT-NVIDIA-H100-INT32-CORE-COUNT","SRC-NVIDIA-H100-ARCH-WHITEPAPER-V1-04","core_spec","direct_statement","supports","","8448","count","p.39, Table 3","","source_checked","h100_pilot","","2026-08-12","FACT-NVIDIA-H100-INT32-CORE-COUNT|SRC-NVIDIA-H100-ARCH-WHITEPAPER-V1-04|supports|p.39, Table 3","draft","Official fixed v1.04 PDF acquired and hashed."
"ASSERT-NVIDIA-H100-FP64-CORE-COUNT-NVIDIA-H100-ARCH-WHITEPAPER-V1-04","FACT-NVIDIA-H100-FP64-CORE-COUNT","SRC-NVIDIA-H100-ARCH-WHITEPAPER-V1-04","core_spec","direct_statement","supports","","8448","count","p.39, Table 3","","source_checked","h100_pilot","","2026-08-12","FACT-NVIDIA-H100-FP64-CORE-COUNT|SRC-NVIDIA-H100-ARCH-WHITEPAPER-V1-04|supports|p.39, Table 3","draft","Official fixed v1.04 PDF acquired and hashed."
"ASSERT-NVIDIA-H100-FP32-CORE-COUNT-NVIDIA-H100-ARCH-WHITEPAPER-V1-04","FACT-NVIDIA-H100-FP32-CORE-COUNT","SRC-NVIDIA-H100-ARCH-WHITEPAPER-V1-04","core_spec","direct_statement","supports","","16896","count","p.39, Table 3","","source_checked","h100_pilot","","2026-08-12","FACT-NVIDIA-H100-FP32-CORE-COUNT|SRC-NVIDIA-H100-ARCH-WHITEPAPER-V1-04|supports|p.39, Table 3","draft","Official fixed v1.04 PDF acquired and hashed."
"ASSERT-NVIDIA-H100-TPC-COUNT-NVIDIA-H100-ARCH-WHITEPAPER-V1-04","FACT-NVIDIA-H100-TPC-COUNT","SRC-NVIDIA-H100-ARCH-WHITEPAPER-V1-04","core_spec","direct_statement","supports","","66","count","pp.18-20, Table 1","","source_checked","h100_pilot","","2026-08-12","FACT-NVIDIA-H100-TPC-COUNT|SRC-NVIDIA-H100-ARCH-WHITEPAPER-V1-04|supports|pp.18-20, Table 1","draft","Official fixed v1.04 PDF acquired and hashed."
"ASSERT-NVIDIA-H100-SM-COUNT-NVIDIA-H100-ARCH-WHITEPAPER-V1-04","FACT-NVIDIA-H100-SM-COUNT","SRC-NVIDIA-H100-ARCH-WHITEPAPER-V1-04","core_spec","direct_statement","supports","","132","count","pp.18-20, Table 1","","source_checked","h100_pilot","","2026-08-12","FACT-NVIDIA-H100-SM-COUNT|SRC-NVIDIA-H100-ARCH-WHITEPAPER-V1-04|supports|pp.18-20, Table 1","draft","Official fixed v1.04 PDF acquired and hashed."
"ASSERT-NVIDIA-H100-FORM-FACTOR-NVIDIA-H100-ARCH-WHITEPAPER-V1-04","FACT-NVIDIA-H100-FORM-FACTOR","SRC-NVIDIA-H100-ARCH-WHITEPAPER-V1-04","core_spec","direct_statement","supports","SXM5 module with H100 GPU and HBM3","","","p.15","","source_checked","h100_pilot","","2026-08-12","FACT-NVIDIA-H100-FORM-FACTOR|SRC-NVIDIA-H100-ARCH-WHITEPAPER-V1-04|supports|p.15","draft","Official fixed v1.04 PDF acquired and hashed."
"ASSERT-NVIDIA-H100-PCIE-RATE-BIDIR-NVIDIA-H100-DATASHEET-20240924","FACT-NVIDIA-H100-PCIE-RATE-BIDIR","SRC-NVIDIA-H100-DATASHEET-20240924","core_spec","direct_statement","supports","","128","GB/s","p.2, PCIe","","source_checked","h100_pilot","","2026-08-12","FACT-NVIDIA-H100-PCIE-RATE-BIDIR|SRC-NVIDIA-H100-DATASHEET-20240924|supports|p.2, PCIe","draft",""
"ASSERT-NVIDIA-H100-NVLINK-RATE-BIDIR-DEVICE-NVIDIA-H100-DATASHEET-20240924","FACT-NVIDIA-H100-NVLINK-RATE-BIDIR-DEVICE","SRC-NVIDIA-H100-DATASHEET-20240924","core_spec","direct_statement","supports","","900","GB/s","p.2, NVLink","","source_checked","h100_pilot","","2026-08-12","FACT-NVIDIA-H100-NVLINK-RATE-BIDIR-DEVICE|SRC-NVIDIA-H100-DATASHEET-20240924|supports|p.2, NVLink","draft",""
"ASSERT-NVIDIA-H100-MIG-PARTITIONING-NVIDIA-H100-DATASHEET-20240924","FACT-NVIDIA-H100-MIG-PARTITIONING","SRC-NVIDIA-H100-DATASHEET-20240924","core_spec","direct_statement","supports","Up to 7 GPU instances, each with 10 GB memory","","","p.2, Multi-Instance GPU","","source_checked","h100_pilot","","2026-08-12","FACT-NVIDIA-H100-MIG-PARTITIONING|SRC-NVIDIA-H100-DATASHEET-20240924|supports|p.2, Multi-Instance GPU","draft",""
"ASSERT-NVIDIA-H100-NVJPG-COUNT-NVIDIA-H100-DATASHEET-20240924","FACT-NVIDIA-H100-NVJPG-COUNT","SRC-NVIDIA-H100-DATASHEET-20240924","core_spec","direct_statement","supports","","7","count","p.2, NVJPG","","source_checked","h100_pilot","","2026-08-12","FACT-NVIDIA-H100-NVJPG-COUNT|SRC-NVIDIA-H100-DATASHEET-20240924|supports|p.2, NVJPG","draft",""
"ASSERT-NVIDIA-H100-NVDEC-COUNT-NVIDIA-H100-DATASHEET-20240924","FACT-NVIDIA-H100-NVDEC-COUNT","SRC-NVIDIA-H100-DATASHEET-20240924","core_spec","direct_statement","supports","","7","count","p.2, NVDEC","","source_checked","h100_pilot","","2026-08-12","FACT-NVIDIA-H100-NVDEC-COUNT|SRC-NVIDIA-H100-DATASHEET-20240924|supports|p.2, NVDEC","draft",""
"ASSERT-NVIDIA-H100-MAX-TDP-NVIDIA-H100-DATASHEET-20240924","FACT-NVIDIA-H100-MAX-TDP","SRC-NVIDIA-H100-DATASHEET-20240924","core_spec","direct_statement","supports","","700","W","p.2, Max Thermal Design Power","","source_checked","h100_pilot","","2026-08-12","FACT-NVIDIA-H100-MAX-TDP|SRC-NVIDIA-H100-DATASHEET-20240924|supports|p.2, Max Thermal Design Power","draft",""
"ASSERT-NVIDIA-H100-HBM-BW-CURRENT-NVIDIA-H100-DATASHEET-20240924","FACT-NVIDIA-H100-HBM-BW-CURRENT","SRC-NVIDIA-H100-DATASHEET-20240924","core_spec","direct_statement","supports","","3.35","TB/s","p.2, GPU Memory Bandwidth","","source_checked","h100_pilot","","2026-08-12","FACT-NVIDIA-H100-HBM-BW-CURRENT|SRC-NVIDIA-H100-DATASHEET-20240924|supports|p.2, GPU Memory Bandwidth","draft",""
"ASSERT-NVIDIA-H100-FP8-DENSE-PEAK-NVIDIA-H100-ARCH-WHITEPAPER-V1-04","FACT-NVIDIA-H100-FP8-DENSE-PEAK","SRC-NVIDIA-H100-ARCH-WHITEPAPER-V1-04","core_spec","direct_statement","supports","","1978.9","TFLOP/s","p.39, Table 3","","source_checked","h100_pilot","","2026-08-12","FACT-NVIDIA-H100-FP8-DENSE-PEAK|SRC-NVIDIA-H100-ARCH-WHITEPAPER-V1-04|supports|p.39, Table 3","draft","Official fixed v1.04 PDF acquired and hashed."
"ASSERT-NVIDIA-H100-FP8-SPARSE-PEAK-NVIDIA-H100-ARCH-WHITEPAPER-V1-04","FACT-NVIDIA-H100-FP8-SPARSE-PEAK","SRC-NVIDIA-H100-ARCH-WHITEPAPER-V1-04","core_spec","direct_statement","supports","","3957.8","TFLOP/s","p.39, Table 3","","source_checked","h100_pilot","","2026-08-12","FACT-NVIDIA-H100-FP8-SPARSE-PEAK|SRC-NVIDIA-H100-ARCH-WHITEPAPER-V1-04|supports|p.39, Table 3","draft","Official fixed v1.04 PDF acquired and hashed."
"ASSERT-NVIDIA-H100-FP16-TENSOR-DENSE-PEAK-NVIDIA-H100-ARCH-WHITEPAPER-V1-04","FACT-NVIDIA-H100-FP16-TENSOR-DENSE-PEAK","SRC-NVIDIA-H100-ARCH-WHITEPAPER-V1-04","core_spec","direct_statement","supports","","989.4","TFLOP/s","p.39, Table 3","","source_checked","h100_pilot","","2026-08-12","FACT-NVIDIA-H100-FP16-TENSOR-DENSE-PEAK|SRC-NVIDIA-H100-ARCH-WHITEPAPER-V1-04|supports|p.39, Table 3","draft","Official fixed v1.04 PDF acquired and hashed."
"ASSERT-NVIDIA-H100-FP16-TENSOR-SPARSE-PEAK-NVIDIA-H100-ARCH-WHITEPAPER-V1-04","FACT-NVIDIA-H100-FP16-TENSOR-SPARSE-PEAK","SRC-NVIDIA-H100-ARCH-WHITEPAPER-V1-04","core_spec","direct_statement","supports","","1978.9","TFLOP/s","p.39, Table 3","","source_checked","h100_pilot","","2026-08-12","FACT-NVIDIA-H100-FP16-TENSOR-SPARSE-PEAK|SRC-NVIDIA-H100-ARCH-WHITEPAPER-V1-04|supports|p.39, Table 3","draft","Official fixed v1.04 PDF acquired and hashed."
"ASSERT-NVIDIA-H100-BF16-TENSOR-DENSE-PEAK-NVIDIA-H100-ARCH-WHITEPAPER-V1-04","FACT-NVIDIA-H100-BF16-TENSOR-DENSE-PEAK","SRC-NVIDIA-H100-ARCH-WHITEPAPER-V1-04","core_spec","direct_statement","supports","","989.4","TFLOP/s","p.39, Table 3","","source_checked","h100_pilot","","2026-08-12","FACT-NVIDIA-H100-BF16-TENSOR-DENSE-PEAK|SRC-NVIDIA-H100-ARCH-WHITEPAPER-V1-04|supports|p.39, Table 3","draft","Official fixed v1.04 PDF acquired and hashed."
"ASSERT-NVIDIA-H100-BF16-TENSOR-SPARSE-PEAK-NVIDIA-H100-ARCH-WHITEPAPER-V1-04","FACT-NVIDIA-H100-BF16-TENSOR-SPARSE-PEAK","SRC-NVIDIA-H100-ARCH-WHITEPAPER-V1-04","core_spec","direct_statement","supports","","1978.9","TFLOP/s","p.39, Table 3","","source_checked","h100_pilot","","2026-08-12","FACT-NVIDIA-H100-BF16-TENSOR-SPARSE-PEAK|SRC-NVIDIA-H100-ARCH-WHITEPAPER-V1-04|supports|p.39, Table 3","draft","Official fixed v1.04 PDF acquired and hashed."
"ASSERT-NVIDIA-H100-TF32-DENSE-PEAK-NVIDIA-H100-ARCH-WHITEPAPER-V1-04","FACT-NVIDIA-H100-TF32-DENSE-PEAK","SRC-NVIDIA-H100-ARCH-WHITEPAPER-V1-04","core_spec","direct_statement","supports","","494.7","TFLOP/s","p.39, Table 3","","source_checked","h100_pilot","","2026-08-12","FACT-NVIDIA-H100-TF32-DENSE-PEAK|SRC-NVIDIA-H100-ARCH-WHITEPAPER-V1-04|supports|p.39, Table 3","draft","Official fixed v1.04 PDF acquired and hashed."
"ASSERT-NVIDIA-H100-TF32-SPARSE-PEAK-NVIDIA-H100-ARCH-WHITEPAPER-V1-04","FACT-NVIDIA-H100-TF32-SPARSE-PEAK","SRC-NVIDIA-H100-ARCH-WHITEPAPER-V1-04","core_spec","direct_statement","supports","","989.4","TFLOP/s","p.39, Table 3","","source_checked","h100_pilot","","2026-08-12","FACT-NVIDIA-H100-TF32-SPARSE-PEAK|SRC-NVIDIA-H100-ARCH-WHITEPAPER-V1-04|supports|p.39, Table 3","draft","Official fixed v1.04 PDF acquired and hashed."
"ASSERT-NVIDIA-H100-FP64-TENSOR-DENSE-PEAK-NVIDIA-H100-ARCH-WHITEPAPER-V1-04","FACT-NVIDIA-H100-FP64-TENSOR-DENSE-PEAK","SRC-NVIDIA-H100-ARCH-WHITEPAPER-V1-04","core_spec","direct_statement","supports","","66.9","TFLOP/s","p.39, Table 3","","source_checked","h100_pilot","","2026-08-12","FACT-NVIDIA-H100-FP64-TENSOR-DENSE-PEAK|SRC-NVIDIA-H100-ARCH-WHITEPAPER-V1-04|supports|p.39, Table 3","draft","Official fixed v1.04 PDF acquired and hashed."
"ASSERT-NVIDIA-H100-INT8-DENSE-PEAK-NVIDIA-H100-ARCH-WHITEPAPER-V1-04","FACT-NVIDIA-H100-INT8-DENSE-PEAK","SRC-NVIDIA-H100-ARCH-WHITEPAPER-V1-04","core_spec","direct_statement","supports","","1978.9","TOPS","p.39, Table 3","","source_checked","h100_pilot","","2026-08-12","FACT-NVIDIA-H100-INT8-DENSE-PEAK|SRC-NVIDIA-H100-ARCH-WHITEPAPER-V1-04|supports|p.39, Table 3","draft","Official fixed v1.04 PDF acquired and hashed."
"ASSERT-NVIDIA-H100-INT8-SPARSE-PEAK-NVIDIA-H100-ARCH-WHITEPAPER-V1-04","FACT-NVIDIA-H100-INT8-SPARSE-PEAK","SRC-NVIDIA-H100-ARCH-WHITEPAPER-V1-04","core_spec","direct_statement","supports","","3957.8","TOPS","p.39, Table 3","","source_checked","h100_pilot","","2026-08-12","FACT-NVIDIA-H100-INT8-SPARSE-PEAK|SRC-NVIDIA-H100-ARCH-WHITEPAPER-V1-04|supports|p.39, Table 3","draft","Official fixed v1.04 PDF acquired and hashed."
"ASSERT-NVIDIA-H100-FP16-CUDA-DENSE-PEAK-NVIDIA-H100-ARCH-WHITEPAPER-V1-04","FACT-NVIDIA-H100-FP16-CUDA-DENSE-PEAK","SRC-NVIDIA-H100-ARCH-WHITEPAPER-V1-04","core_spec","direct_statement","supports","","133.8","TFLOP/s","p.39, Table 3","","source_checked","h100_pilot","","2026-08-12","FACT-NVIDIA-H100-FP16-CUDA-DENSE-PEAK|SRC-NVIDIA-H100-ARCH-WHITEPAPER-V1-04|supports|p.39, Table 3","draft","Official fixed v1.04 PDF acquired and hashed."
"ASSERT-NVIDIA-H100-BF16-CUDA-DENSE-PEAK-NVIDIA-H100-ARCH-WHITEPAPER-V1-04","FACT-NVIDIA-H100-BF16-CUDA-DENSE-PEAK","SRC-NVIDIA-H100-ARCH-WHITEPAPER-V1-04","core_spec","direct_statement","supports","","133.8","TFLOP/s","p.39, Table 3","","source_checked","h100_pilot","","2026-08-12","FACT-NVIDIA-H100-BF16-CUDA-DENSE-PEAK|SRC-NVIDIA-H100-ARCH-WHITEPAPER-V1-04|supports|p.39, Table 3","draft","Official fixed v1.04 PDF acquired and hashed."
"ASSERT-NVIDIA-H100-FP32-CUDA-DENSE-PEAK-NVIDIA-H100-ARCH-WHITEPAPER-V1-04","FACT-NVIDIA-H100-FP32-CUDA-DENSE-PEAK","SRC-NVIDIA-H100-ARCH-WHITEPAPER-V1-04","core_spec","direct_statement","supports","","66.9","TFLOP/s","p.39, Table 3","","source_checked","h100_pilot","","2026-08-12","FACT-NVIDIA-H100-FP32-CUDA-DENSE-PEAK|SRC-NVIDIA-H100-ARCH-WHITEPAPER-V1-04|supports|p.39, Table 3","draft","Official fixed v1.04 PDF acquired and hashed."
"ASSERT-NVIDIA-H100-FP64-CUDA-DENSE-PEAK-NVIDIA-H100-ARCH-WHITEPAPER-V1-04","FACT-NVIDIA-H100-FP64-CUDA-DENSE-PEAK","SRC-NVIDIA-H100-ARCH-WHITEPAPER-V1-04","core_spec","direct_statement","supports","","33.5","TFLOP/s","p.39, Table 3","","source_checked","h100_pilot","","2026-08-12","FACT-NVIDIA-H100-FP64-CUDA-DENSE-PEAK|SRC-NVIDIA-H100-ARCH-WHITEPAPER-V1-04|supports|p.39, Table 3","draft","Official fixed v1.04 PDF acquired and hashed."
"ASSERT-NVIDIA-H100-INT32-CUDA-DENSE-PEAK-NVIDIA-H100-ARCH-WHITEPAPER-V1-04","FACT-NVIDIA-H100-INT32-CUDA-DENSE-PEAK","SRC-NVIDIA-H100-ARCH-WHITEPAPER-V1-04","core_spec","direct_statement","supports","","33.5","TOPS","p.39, Table 3","","source_checked","h100_pilot","","2026-08-12","FACT-NVIDIA-H100-INT32-CUDA-DENSE-PEAK|SRC-NVIDIA-H100-ARCH-WHITEPAPER-V1-04|supports|p.39, Table 3","draft","Official fixed v1.04 PDF acquired and hashed."
"ASSERT-NVIDIA-H100-FP8-ACCUM-NVIDIA-H100-ARCH-WHITEPAPER-V1-04","FACT-NVIDIA-H100-FP8-ACCUM","SRC-NVIDIA-H100-ARCH-WHITEPAPER-V1-04","core_spec","direct_statement","supports","FP16 or FP32","","","pp.23-24 and p.39","","source_checked","h100_pilot","","2026-08-12","FACT-NVIDIA-H100-FP8-ACCUM|SRC-NVIDIA-H100-ARCH-WHITEPAPER-V1-04|supports|pp.23-24 and p.39","draft","Official fixed v1.04 PDF acquired and hashed."
"ASSERT-NVIDIA-H100-FP16-TENSOR-ACCUM-NVIDIA-H100-ARCH-WHITEPAPER-V1-04","FACT-NVIDIA-H100-FP16-TENSOR-ACCUM","SRC-NVIDIA-H100-ARCH-WHITEPAPER-V1-04","core_spec","direct_statement","supports","FP16 or FP32","","","p.20, Table 1; p.39, Table 3","","source_checked","h100_pilot","","2026-08-12","FACT-NVIDIA-H100-FP16-TENSOR-ACCUM|SRC-NVIDIA-H100-ARCH-WHITEPAPER-V1-04|supports|p.20, Table 1; p.39, Table 3","draft","Official fixed v1.04 PDF acquired and hashed."
"ASSERT-NVIDIA-H100-BF16-TENSOR-ACCUM-NVIDIA-H100-ARCH-WHITEPAPER-V1-04","FACT-NVIDIA-H100-BF16-TENSOR-ACCUM","SRC-NVIDIA-H100-ARCH-WHITEPAPER-V1-04","core_spec","direct_statement","supports","FP32","","","p.20, Table 1; p.39, Table 3","","source_checked","h100_pilot","","2026-08-12","FACT-NVIDIA-H100-BF16-TENSOR-ACCUM|SRC-NVIDIA-H100-ARCH-WHITEPAPER-V1-04|supports|p.20, Table 1; p.39, Table 3","draft","Official fixed v1.04 PDF acquired and hashed."
"ASSERT-NVIDIA-H100-PCIE-RATE-PERDIR-NVIDIA-H100-ARCH-WHITEPAPER-V1-04","FACT-NVIDIA-H100-PCIE-RATE-PERDIR","SRC-NVIDIA-H100-ARCH-WHITEPAPER-V1-04","architecture_mechanism","direct_statement","supports","","64","GB/s","pp.49-50","","source_checked","h100_pilot","","2026-08-12","FACT-NVIDIA-H100-PCIE-RATE-PERDIR|SRC-NVIDIA-H100-ARCH-WHITEPAPER-V1-04|supports|pp.49-50","draft","Official fixed v1.04 PDF acquired and hashed."
"ASSERT-NVIDIA-H100-HBM-CAPACITY-NVIDIA-H100-ARCH-WHITEPAPER-V1-04","FACT-NVIDIA-H100-HBM-CAPACITY","SRC-NVIDIA-H100-ARCH-WHITEPAPER-V1-04","architecture_mechanism","direct_statement","supports","","80","GB","pp.18, 36, 39-40","","source_checked","h100_pilot","","2026-08-12","FACT-NVIDIA-H100-HBM-CAPACITY|SRC-NVIDIA-H100-ARCH-WHITEPAPER-V1-04|supports|pp.18, 36, 39-40","draft","Official fixed v1.04 PDF acquired and hashed."
"ASSERT-NVIDIA-H100-L2-CAPACITY-NVIDIA-H100-ARCH-WHITEPAPER-V1-04","FACT-NVIDIA-H100-L2-CAPACITY","SRC-NVIDIA-H100-ARCH-WHITEPAPER-V1-04","architecture_mechanism","direct_statement","supports","","50","MB","pp.37, 39-40","","source_checked","h100_pilot","","2026-08-12","FACT-NVIDIA-H100-L2-CAPACITY|SRC-NVIDIA-H100-ARCH-WHITEPAPER-V1-04|supports|pp.37, 39-40","draft","Official fixed v1.04 PDF acquired and hashed."
"ASSERT-NVIDIA-H100-HBM-STACKS-NVIDIA-H100-ARCH-WHITEPAPER-V1-04","FACT-NVIDIA-H100-HBM-STACKS","SRC-NVIDIA-H100-ARCH-WHITEPAPER-V1-04","architecture_mechanism","direct_statement","supports","","5","count","pp.18, 39-40","","source_checked","h100_pilot","","2026-08-12","FACT-NVIDIA-H100-HBM-STACKS|SRC-NVIDIA-H100-ARCH-WHITEPAPER-V1-04|supports|pp.18, 39-40","draft","Official fixed v1.04 PDF acquired and hashed."
"ASSERT-NVIDIA-H100-NVLINK-LINK-COUNT-NVIDIA-H100-ARCH-WHITEPAPER-V1-04","FACT-NVIDIA-H100-NVLINK-LINK-COUNT","SRC-NVIDIA-H100-ARCH-WHITEPAPER-V1-04","architecture_mechanism","direct_statement","supports","","18","count","p.47","","source_checked","h100_pilot","","2026-08-12","FACT-NVIDIA-H100-NVLINK-LINK-COUNT|SRC-NVIDIA-H100-ARCH-WHITEPAPER-V1-04|supports|p.47","draft","Official fixed v1.04 PDF acquired and hashed."
"ASSERT-NVIDIA-H100-DPX-IMPL-LEVEL-NVIDIA-H100-ARCH-WHITEPAPER-V1-04","FACT-NVIDIA-H100-DPX-IMPL-LEVEL","SRC-NVIDIA-H100-ARCH-WHITEPAPER-V1-04","architecture_mechanism","direct_statement","supports","dedicated_instruction","","","p.27","","source_checked","h100_pilot","","2026-08-12","FACT-NVIDIA-H100-DPX-IMPL-LEVEL|SRC-NVIDIA-H100-ARCH-WHITEPAPER-V1-04|supports|p.27","draft","Official fixed v1.04 PDF acquired and hashed."
"ASSERT-NVIDIA-H100-L1SMEM-CAPACITY-PER-SM-NVIDIA-H100-ARCH-WHITEPAPER-V1-04","FACT-NVIDIA-H100-L1SMEM-CAPACITY-PER-SM","SRC-NVIDIA-H100-ARCH-WHITEPAPER-V1-04","architecture_mechanism","direct_statement","supports","","256","KB/SM","p.27 and pp.39-40","","source_checked","h100_pilot","","2026-08-12","FACT-NVIDIA-H100-L1SMEM-CAPACITY-PER-SM|SRC-NVIDIA-H100-ARCH-WHITEPAPER-V1-04|supports|p.27 and pp.39-40","draft","Official fixed v1.04 PDF acquired and hashed."
"ASSERT-NVIDIA-H100-TRANSFORMER-ENGINE-LEVEL-NVIDIA-H100-ARCH-WHITEPAPER-V1-04","FACT-NVIDIA-H100-TRANSFORMER-ENGINE-LEVEL","SRC-NVIDIA-H100-ARCH-WHITEPAPER-V1-04","architecture_mechanism","direct_statement","supports","configurable_engine","","","pp.44-46","","source_checked","h100_pilot","","2026-08-12","FACT-NVIDIA-H100-TRANSFORMER-ENGINE-LEVEL|SRC-NVIDIA-H100-ARCH-WHITEPAPER-V1-04|supports|pp.44-46","draft","Official fixed v1.04 PDF acquired and hashed."
"ASSERT-NVIDIA-H100-DPX-THROUGHPUT-16-NVIDIA-H100-ARCH-WHITEPAPER-V1-04","FACT-NVIDIA-H100-DPX-THROUGHPUT-16","SRC-NVIDIA-H100-ARCH-WHITEPAPER-V1-04","architecture_mechanism","direct_statement","supports","","128","operations/cycle/SM","p.27","","source_checked","h100_pilot","","2026-08-12","FACT-NVIDIA-H100-DPX-THROUGHPUT-16|SRC-NVIDIA-H100-ARCH-WHITEPAPER-V1-04|supports|p.27","draft","Official fixed v1.04 PDF acquired and hashed."
"ASSERT-NVIDIA-H100-L1SMEM-SHARED-MAX-NVIDIA-H100-ARCH-WHITEPAPER-V1-04","FACT-NVIDIA-H100-L1SMEM-SHARED-MAX","SRC-NVIDIA-H100-ARCH-WHITEPAPER-V1-04","architecture_mechanism","direct_statement","supports","","228","KB/SM","p.27 and pp.39-40","","source_checked","h100_pilot","","2026-08-12","FACT-NVIDIA-H100-L1SMEM-SHARED-MAX|SRC-NVIDIA-H100-ARCH-WHITEPAPER-V1-04|supports|p.27 and pp.39-40","draft","Official fixed v1.04 PDF acquired and hashed."
"ASSERT-NVIDIA-H100-TMA-DETAIL-NVIDIA-H100-ARCH-WHITEPAPER-V1-04","FACT-NVIDIA-H100-TMA-DETAIL","SRC-NVIDIA-H100-ARCH-WHITEPAPER-V1-04","architecture_mechanism","direct_statement","supports","Descriptor-driven asynchronous 1D-5D copies between global and shared memory, plus copies across a thread-block cluster shared-memory region","","","pp.32-35","","source_checked","h100_pilot","","2026-08-12","FACT-NVIDIA-H100-TMA-DETAIL|SRC-NVIDIA-H100-ARCH-WHITEPAPER-V1-04|supports|pp.32-35","draft","Official fixed v1.04 PDF acquired and hashed."
"ASSERT-NVIDIA-H100-HBM-INTERFACE-NVIDIA-H100-ARCH-WHITEPAPER-V1-04","FACT-NVIDIA-H100-HBM-INTERFACE","SRC-NVIDIA-H100-ARCH-WHITEPAPER-V1-04","architecture_mechanism","direct_statement","supports","","5120","bit","pp.39-40, Table 3","","source_checked","h100_pilot","","2026-08-12","FACT-NVIDIA-H100-HBM-INTERFACE|SRC-NVIDIA-H100-ARCH-WHITEPAPER-V1-04|supports|pp.39-40, Table 3","draft","Official fixed v1.04 PDF acquired and hashed."
"ASSERT-NVIDIA-H100-HBM-BW-WP104-NVIDIA-H100-ARCH-WHITEPAPER-V1-04","FACT-NVIDIA-H100-HBM-BW-WP104","SRC-NVIDIA-H100-ARCH-WHITEPAPER-V1-04","architecture_mechanism","direct_statement","supports","","3352","GB/s","pp.39-40, Table 3","","source_checked","h100_pilot","","2026-08-12","FACT-NVIDIA-H100-HBM-BW-WP104|SRC-NVIDIA-H100-ARCH-WHITEPAPER-V1-04|supports|pp.39-40, Table 3","draft","Official fixed v1.04 PDF acquired and hashed."
"ASSERT-NVIDIA-H100-REG-CAPACITY-PER-SM-NVIDIA-H100-ARCH-WHITEPAPER-V1-04","FACT-NVIDIA-H100-REG-CAPACITY-PER-SM","SRC-NVIDIA-H100-ARCH-WHITEPAPER-V1-04","architecture_mechanism","direct_statement","supports","65,536 32-bit registers/SM","","","pp.39-41, Tables 3-4","","source_checked","h100_pilot","","2026-08-12","FACT-NVIDIA-H100-REG-CAPACITY-PER-SM|SRC-NVIDIA-H100-ARCH-WHITEPAPER-V1-04|supports|pp.39-41, Tables 3-4","draft","Official fixed v1.04 PDF acquired and hashed."
"ASSERT-NVIDIA-H100-NVLINK-RATE-BIDIR-LINK-NVIDIA-H100-ARCH-WHITEPAPER-V1-04","FACT-NVIDIA-H100-NVLINK-RATE-BIDIR-LINK","SRC-NVIDIA-H100-ARCH-WHITEPAPER-V1-04","architecture_mechanism","direct_statement","supports","","50","GB/s","p.47","","source_checked","h100_pilot","","2026-08-12","FACT-NVIDIA-H100-NVLINK-RATE-BIDIR-LINK|SRC-NVIDIA-H100-ARCH-WHITEPAPER-V1-04|supports|p.47","draft","Official fixed v1.04 PDF acquired and hashed."
"ASSERT-NVIDIA-H100-NVLINK-RATE-PERDIR-NVIDIA-H100-ARCH-WHITEPAPER-V1-04","FACT-NVIDIA-H100-NVLINK-RATE-PERDIR","SRC-NVIDIA-H100-ARCH-WHITEPAPER-V1-04","architecture_mechanism","direct_statement","supports","","25","GB/s","p.47","","source_checked","h100_pilot","","2026-08-12","FACT-NVIDIA-H100-NVLINK-RATE-PERDIR|SRC-NVIDIA-H100-ARCH-WHITEPAPER-V1-04|supports|p.47","draft","Official fixed v1.04 PDF acquired and hashed."
"ASSERT-NVIDIA-H100-TRANSFORMER-ENGINE-DETAIL-NVIDIA-H100-ARCH-WHITEPAPER-V1-04","FACT-NVIDIA-H100-TRANSFORMER-ENGINE-DETAIL","SRC-NVIDIA-H100-ARCH-WHITEPAPER-V1-04","architecture_mechanism","direct_statement","supports","Selects FP8 or 16-bit computation using tensor statistics and scaling factors, with scaling and recasting","","","pp.44-46","","source_checked","h100_pilot","","2026-08-12","FACT-NVIDIA-H100-TRANSFORMER-ENGINE-DETAIL|SRC-NVIDIA-H100-ARCH-WHITEPAPER-V1-04|supports|pp.44-46","draft","Official fixed v1.04 PDF acquired and hashed."
"ASSERT-NVIDIA-H100-TMA-IMPL-LEVEL-NVIDIA-H100-ARCH-WHITEPAPER-V1-04","FACT-NVIDIA-H100-TMA-IMPL-LEVEL","SRC-NVIDIA-H100-ARCH-WHITEPAPER-V1-04","architecture_mechanism","direct_statement","supports","configurable_engine","","","pp.32-35","","source_checked","h100_pilot","","2026-08-12","FACT-NVIDIA-H100-TMA-IMPL-LEVEL|SRC-NVIDIA-H100-ARCH-WHITEPAPER-V1-04|supports|pp.32-35","draft","Official fixed v1.04 PDF acquired and hashed."
"ASSERT-NVIDIA-H100-PCIE-PROTOCOL-NVIDIA-H100-ARCH-WHITEPAPER-V1-04","FACT-NVIDIA-H100-PCIE-PROTOCOL","SRC-NVIDIA-H100-ARCH-WHITEPAPER-V1-04","architecture_mechanism","direct_statement","supports","PCIe 5.0 x16","","","pp.49-50","","source_checked","h100_pilot","","2026-08-12","FACT-NVIDIA-H100-PCIE-PROTOCOL|SRC-NVIDIA-H100-ARCH-WHITEPAPER-V1-04|supports|pp.49-50","draft","Official fixed v1.04 PDF acquired and hashed."
"ASSERT-NVIDIA-H100-NVLINK-PROTOCOL-NVIDIA-H100-ARCH-WHITEPAPER-V1-04","FACT-NVIDIA-H100-NVLINK-PROTOCOL","SRC-NVIDIA-H100-ARCH-WHITEPAPER-V1-04","architecture_mechanism","direct_statement","supports","NVLink 4","","","p.47","","source_checked","h100_pilot","","2026-08-12","FACT-NVIDIA-H100-NVLINK-PROTOCOL|SRC-NVIDIA-H100-ARCH-WHITEPAPER-V1-04|supports|p.47","draft","Official fixed v1.04 PDF acquired and hashed."
"ASSERT-NVIDIA-H100-REG-CAPACITY-PER-SM-NVIDIA-HOPPER-TUNING-GUIDE-13-3","FACT-NVIDIA-H100-REG-CAPACITY-PER-SM","SRC-NVIDIA-HOPPER-TUNING-GUIDE-13-3","architecture_mechanism","direct_statement","supports","65,536 32-bit registers/SM","","","p.9, section 1.4.1.1","","source_checked","h100_pilot","","2026-08-12","FACT-NVIDIA-H100-REG-CAPACITY-PER-SM|SRC-NVIDIA-HOPPER-TUNING-GUIDE-13-3|supports|p.9, section 1.4.1.1","draft",""
"ASSERT-NVIDIA-H100-DPX-THROUGHPUT-16-NVIDIA-HOPPER-TUNING-GUIDE-13-3","FACT-NVIDIA-H100-DPX-THROUGHPUT-16","SRC-NVIDIA-HOPPER-TUNING-GUIDE-13-3","architecture_mechanism","direct_statement","supports","","128","operations/cycle/SM","p.11, section 1.4.1.4","","source_checked","h100_pilot","","2026-08-12","FACT-NVIDIA-H100-DPX-THROUGHPUT-16|SRC-NVIDIA-HOPPER-TUNING-GUIDE-13-3|supports|p.11, section 1.4.1.4","draft",""
"ASSERT-NVIDIA-H100-TMA-DETAIL-NVIDIA-HOPPER-TUNING-GUIDE-13-3","FACT-NVIDIA-H100-TMA-DETAIL","SRC-NVIDIA-HOPPER-TUNING-GUIDE-13-3","architecture_mechanism","direct_statement","supports","Descriptor-driven asynchronous 1D-5D copies between global and shared memory, plus copies across a thread-block cluster shared-memory region","","","pp.9-10, section 1.4.1.2","","source_checked","h100_pilot","","2026-08-12","FACT-NVIDIA-H100-TMA-DETAIL|SRC-NVIDIA-HOPPER-TUNING-GUIDE-13-3|supports|pp.9-10, section 1.4.1.2","draft",""
"ASSERT-NVIDIA-H100-NVLINK-LINK-COUNT-NVIDIA-HOPPER-TUNING-GUIDE-13-3","FACT-NVIDIA-H100-NVLINK-LINK-COUNT","SRC-NVIDIA-HOPPER-TUNING-GUIDE-13-3","architecture_mechanism","direct_statement","supports","","18","count","p.12, section 1.4.5","","source_checked","h100_pilot","","2026-08-12","FACT-NVIDIA-H100-NVLINK-LINK-COUNT|SRC-NVIDIA-HOPPER-TUNING-GUIDE-13-3|supports|p.12, section 1.4.5","draft",""
"ASSERT-NVIDIA-H100-L1SMEM-SHARED-MAX-NVIDIA-HOPPER-TUNING-GUIDE-13-3","FACT-NVIDIA-H100-L1SMEM-SHARED-MAX","SRC-NVIDIA-HOPPER-TUNING-GUIDE-13-3","architecture_mechanism","direct_statement","supports","","228","KB/SM","pp.11-12, sections 1.4.3-1.4.4","","source_checked","h100_pilot","","2026-08-12","FACT-NVIDIA-H100-L1SMEM-SHARED-MAX|SRC-NVIDIA-HOPPER-TUNING-GUIDE-13-3|supports|pp.11-12, sections 1.4.3-1.4.4","draft",""
"ASSERT-NVIDIA-H100-L1SMEM-CAPACITY-PER-SM-NVIDIA-HOPPER-TUNING-GUIDE-13-3","FACT-NVIDIA-H100-L1SMEM-CAPACITY-PER-SM","SRC-NVIDIA-HOPPER-TUNING-GUIDE-13-3","architecture_mechanism","direct_statement","supports","","256","KB/SM","pp.11-12, sections 1.4.3-1.4.4","","source_checked","h100_pilot","","2026-08-12","FACT-NVIDIA-H100-L1SMEM-CAPACITY-PER-SM|SRC-NVIDIA-HOPPER-TUNING-GUIDE-13-3|supports|pp.11-12, sections 1.4.3-1.4.4","draft",""
"ASSERT-NVIDIA-H100-HBM-BW-LAUNCH-NVIDIA-H100-HOTCHIPS34-2022","FACT-NVIDIA-H100-HBM-BW-LAUNCH","SRC-NVIDIA-H100-HOTCHIPS34-2022","status_version","direct_statement","supports","","3","TB/s","p.6","80 GB HBM3, 3 TB/s; memory data rates not finalized","source_checked","h100_pilot","","2026-08-12","FACT-NVIDIA-H100-HBM-BW-LAUNCH|SRC-NVIDIA-H100-HOTCHIPS34-2022|supports|p.6","draft","Preliminary launch statement."
"ASSERT-NVIDIA-H100-HBM-BW-CURRENT-NVIDIA-H100-DATASHEET-20240924-SUPERSEDES","FACT-NVIDIA-H100-HBM-BW-CURRENT","SRC-NVIDIA-H100-DATASHEET-20240924","status_version","direct_statement","supersedes","","3.35","TB/s","p.2, GPU Memory Bandwidth","","source_checked","h100_pilot","","2026-08-12","FACT-NVIDIA-H100-HBM-BW-CURRENT|SRC-NVIDIA-H100-DATASHEET-20240924|supersedes|p.2, GPU Memory Bandwidth","draft","Current 3.35 TB/s supersedes the preliminary 3 TB/s statement for current card use."
"ASSERT-NVIDIA-GH100-PROCESS-NVIDIA-H100-ARCH-WHITEPAPER-V1-04","FACT-NVIDIA-GH100-PROCESS","SRC-NVIDIA-H100-ARCH-WHITEPAPER-V1-04","core_spec","direct_statement","supports","TSMC 4N","","","p.17; pp.39-40, Table 3","","source_checked","h100_structured_staging","","2026-08-12","FACT-NVIDIA-GH100-PROCESS|SRC-NVIDIA-H100-ARCH-WHITEPAPER-V1-04|supports|p.17; pp.39-40, Table 3","draft","Target is OBJ-NVIDIA-GH100-DIE, linked globally to the H100 SXM5 module by physically_contains."
"ASSERT-NVIDIA-GH100-TRANSISTORS-NVIDIA-H100-ARCH-WHITEPAPER-V1-04","FACT-NVIDIA-GH100-TRANSISTORS","SRC-NVIDIA-H100-ARCH-WHITEPAPER-V1-04","core_spec","direct_statement","supports","","80","billion transistors","p.17; pp.39-40, Table 3","","source_checked","h100_structured_staging","","2026-08-12","FACT-NVIDIA-GH100-TRANSISTORS|SRC-NVIDIA-H100-ARCH-WHITEPAPER-V1-04|supports|p.17; pp.39-40, Table 3","draft","Target is OBJ-NVIDIA-GH100-DIE, linked globally to the H100 SXM5 module by physically_contains."
"ASSERT-NVIDIA-GH100-DIE-AREA-NVIDIA-H100-ARCH-WHITEPAPER-V1-04","FACT-NVIDIA-GH100-DIE-AREA","SRC-NVIDIA-H100-ARCH-WHITEPAPER-V1-04","core_spec","direct_statement","supports","","814","mm2","pp.39-40, Table 3","","source_checked","h100_structured_staging","","2026-08-12","FACT-NVIDIA-GH100-DIE-AREA|SRC-NVIDIA-H100-ARCH-WHITEPAPER-V1-04|supports|pp.39-40, Table 3","draft","Target is OBJ-NVIDIA-GH100-DIE, linked globally to the H100 SXM5 module by physically_contains."
"ASSERT-NVIDIA-H100-DSM-DETAIL-NVIDIA-H100-ARCH-WHITEPAPER-V1-04","FACT-NVIDIA-H100-DSM-DETAIL","SRC-NVIDIA-H100-ARCH-WHITEPAPER-V1-04","architecture_mechanism","direct_statement","supports","Cluster blocks can access distributed shared memory; remote accesses support load, store and atomic operations; portable maximum 8 blocks, H100 nonportable option 16 blocks","","","pp.29-31","","source_checked","h100_pilot","","2026-08-12","FACT-NVIDIA-H100-DSM-DETAIL|SRC-NVIDIA-H100-ARCH-WHITEPAPER-V1-04|supports|pp.29-31","draft","Official fixed v1.04 PDF."
"ASSERT-NVIDIA-H100-DSM-DETAIL-NVIDIA-HOPPER-TUNING-GUIDE-13-3","FACT-NVIDIA-H100-DSM-DETAIL","SRC-NVIDIA-HOPPER-TUNING-GUIDE-13-3","architecture_mechanism","direct_statement","supports","Cluster blocks can access distributed shared memory; remote accesses support load, store and atomic operations; portable maximum 8 blocks, H100 nonportable option 16 blocks","","","pp.10-11, section 1.4.1.3","","source_checked","h100_pilot","","2026-08-12","FACT-NVIDIA-H100-DSM-DETAIL|SRC-NVIDIA-HOPPER-TUNING-GUIDE-13-3|supports|pp.10-11, section 1.4.1.3","draft","Fixed local copy is registered as END-NVIDIA-HOPPER-TUNING-GUIDE-LOCAL; source is retained but redundant for the current selected fact set."
"ASSERT-FACT-AWS-TRN2-NCV3-COUNT-S01","FACT-AWS-TRN2-NCV3-COUNT","SRC-AWS-TRN2-S01","core_spec","direct_statement","supports","","8","count","Trainium2 chip components","","source_checked","trainium2_pilot","","","AFP-ASSERT-FACT-AWS-TRN2-NCV3-COUNT-S01","draft","从试填草稿的证据定位结构化；未在本任务重新联网"
"ASSERT-FACT-AWS-TRN2-MAIN-DMA-COUNT-S01","FACT-AWS-TRN2-MAIN-DMA-COUNT","SRC-AWS-TRN2-S01","core_spec","direct_statement","supports","","128","count","Trainium2 chip components","","source_checked","trainium2_pilot","","","AFP-ASSERT-FACT-AWS-TRN2-MAIN-DMA-COUNT-S01","draft","从试填草稿的证据定位结构化；未在本任务重新联网"
"ASSERT-FACT-AWS-TRN2-GPSIMD-PROC-COUNT-S02","FACT-AWS-TRN2-GPSIMD-PROC-COUNT","SRC-AWS-TRN2-S02","architecture_mechanism","direct_statement","supports","","8","count","Gpsimd Engine","","source_checked","trainium2_pilot","","","AFP-ASSERT-FACT-AWS-TRN2-GPSIMD-PROC-COUNT-S02","draft","从试填草稿的证据定位结构化；未在本任务重新联网"
"ASSERT-FACT-AWS-TRN2-GPSIMD-ISSUE-WIDTH-S03","FACT-AWS-TRN2-GPSIMD-ISSUE-WIDTH","SRC-AWS-TRN2-S03","architecture_mechanism","direct_statement","supports","","512","bit","GPSIMD engine","","source_checked","trainium2_pilot","","","AFP-ASSERT-FACT-AWS-TRN2-GPSIMD-ISSUE-WIDTH-S03","draft","从试填草稿的证据定位结构化；未在本任务重新联网"
"ASSERT-FACT-AWS-TRN2-DGE-COUNT-S02","FACT-AWS-TRN2-DGE-COUNT","SRC-AWS-TRN2-S02","architecture_mechanism","direct_statement","supports","","2","count","Descriptor Generation Engine","","source_checked","trainium2_pilot","","","AFP-ASSERT-FACT-AWS-TRN2-DGE-COUNT-S02","draft","从试填草稿的证据定位结构化；未在本任务重新联网"
"ASSERT-FACT-AWS-TRN2-CCCORE-COUNT-16-S01","FACT-AWS-TRN2-CCCORE-COUNT-16","SRC-AWS-TRN2-S01","conflict_evidence","direct_statement","supports","","16","count","Collective communication","","source_checked","trainium2_pilot","","","AFP-ASSERT-FACT-AWS-TRN2-CCCORE-COUNT-16-S01","draft","从试填草稿的证据定位结构化；未在本任务重新联网"
"ASSERT-FACT-AWS-TRN2-CCCORE-COUNT-20-S02","FACT-AWS-TRN2-CCCORE-COUNT-20","SRC-AWS-TRN2-S02","conflict_evidence","direct_statement","supports","","20","count","Trainium2 Device Diagram","","source_checked","trainium2_pilot","","","AFP-ASSERT-FACT-AWS-TRN2-CCCORE-COUNT-20-S02","draft","从试填草稿的证据定位结构化；未在本任务重新联网"
"ASSERT-FACT-AWS-TRN2-TENSOR-ARRAY-SHAPE-S04","FACT-AWS-TRN2-TENSOR-ARRAY-SHAPE","SRC-AWS-TRN2-S04","architecture_mechanism","direct_statement","supports","128 x 128","","","Performance mode and Tiling mode","","source_checked","trainium2_pilot","","","AFP-ASSERT-FACT-AWS-TRN2-TENSOR-ARRAY-SHAPE-S04","draft","从试填草稿的证据定位结构化；未在本任务重新联网"
"ASSERT-FACT-AWS-TRN2-TENSOR-FP8-TILE-S04","FACT-AWS-TRN2-TENSOR-FP8-TILE","SRC-AWS-TRN2-S04","architecture_mechanism","direct_statement","supports","M=128, K=256, N=512","","","Tile size","","source_checked","trainium2_pilot","","","AFP-ASSERT-FACT-AWS-TRN2-TENSOR-FP8-TILE-S04","draft","从试填草稿的证据定位结构化；未在本任务重新联网"
"ASSERT-FACT-AWS-TRN2-TENSOR-EXECUTION-RATES-S02","FACT-AWS-TRN2-TENSOR-EXECUTION-RATES","SRC-AWS-TRN2-S02","architecture_mechanism","direct_statement","supports","4x128; 2x128; 5x128; 1x128 elements/cycle","","","Tensor Engine","","source_checked","trainium2_pilot","","","AFP-ASSERT-FACT-AWS-TRN2-TENSOR-EXECUTION-RATES-S02","draft","从试填草稿的证据定位结构化；未在本任务重新联网"
"ASSERT-FACT-AWS-TRN2-TENSOR-FP8-OPERAND-A-S04","FACT-AWS-TRN2-TENSOR-FP8-OPERAND-A","SRC-AWS-TRN2-S04","architecture_mechanism","direct_statement","supports","float8_e4m3 or float8_e5m2","","","Data types","","source_checked","trainium2_pilot","","","AFP-ASSERT-FACT-AWS-TRN2-TENSOR-FP8-OPERAND-A-S04","draft","从试填草稿的证据定位结构化；未在本任务重新联网"
"ASSERT-FACT-AWS-TRN2-TENSOR-FP8-OPERAND-B-S04","FACT-AWS-TRN2-TENSOR-FP8-OPERAND-B","SRC-AWS-TRN2-S04","architecture_mechanism","direct_statement","supports","float8_e4m3 or float8_e5m2","","","Data types","","source_checked","trainium2_pilot","","","AFP-ASSERT-FACT-AWS-TRN2-TENSOR-FP8-OPERAND-B-S04","draft","从试填草稿的证据定位结构化；未在本任务重新联网"
"ASSERT-FACT-AWS-TRN2-TENSOR-FP8-ACCUM-S04","FACT-AWS-TRN2-TENSOR-FP8-ACCUM","SRC-AWS-TRN2-S04","architecture_mechanism","direct_statement","supports","FP32","","","Data types","","source_checked","trainium2_pilot","","","AFP-ASSERT-FACT-AWS-TRN2-TENSOR-FP8-ACCUM-S04","draft","从试填草稿的证据定位结构化；未在本任务重新联网"
"ASSERT-FACT-AWS-TRN2-TENSOR-FP8-OUTPUT-S04","FACT-AWS-TRN2-TENSOR-FP8-OUTPUT","SRC-AWS-TRN2-S04","architecture_mechanism","direct_statement","supports","FP32","","","Data types and Memory types","","source_checked","trainium2_pilot","","","AFP-ASSERT-FACT-AWS-TRN2-TENSOR-FP8-OUTPUT-S04","draft","从试填草稿的证据定位结构化；未在本任务重新联网"
"ASSERT-FACT-AWS-TRN2-TENSOR-BF16-OPERAND-A-S04","FACT-AWS-TRN2-TENSOR-BF16-OPERAND-A","SRC-AWS-TRN2-S04","architecture_mechanism","direct_statement","supports","BF16","","","Data types","","source_checked","trainium2_pilot","","","AFP-ASSERT-FACT-AWS-TRN2-TENSOR-BF16-OPERAND-A-S04","draft","从试填草稿的证据定位结构化；未在本任务重新联网"
"ASSERT-FACT-AWS-TRN2-TENSOR-BF16-OPERAND-B-S04","FACT-AWS-TRN2-TENSOR-BF16-OPERAND-B","SRC-AWS-TRN2-S04","architecture_mechanism","direct_statement","supports","BF16","","","Data types","","source_checked","trainium2_pilot","","","AFP-ASSERT-FACT-AWS-TRN2-TENSOR-BF16-OPERAND-B-S04","draft","从试填草稿的证据定位结构化；未在本任务重新联网"
"ASSERT-FACT-AWS-TRN2-TENSOR-BF16-ACCUM-S04","FACT-AWS-TRN2-TENSOR-BF16-ACCUM","SRC-AWS-TRN2-S04","architecture_mechanism","direct_statement","supports","FP32","","","Data types","","source_checked","trainium2_pilot","","","AFP-ASSERT-FACT-AWS-TRN2-TENSOR-BF16-ACCUM-S04","draft","从试填草稿的证据定位结构化；未在本任务重新联网"
"ASSERT-FACT-AWS-TRN2-TENSOR-BF16-OUTPUT-S04","FACT-AWS-TRN2-TENSOR-BF16-OUTPUT","SRC-AWS-TRN2-S04","architecture_mechanism","direct_statement","supports","FP32","","","Data types and Memory types","","source_checked","trainium2_pilot","","","AFP-ASSERT-FACT-AWS-TRN2-TENSOR-BF16-OUTPUT-S04","draft","从试填草稿的证据定位结构化；未在本任务重新联网"
"ASSERT-FACT-AWS-TRN2-TENSOR-FP16-OPERAND-A-S04","FACT-AWS-TRN2-TENSOR-FP16-OPERAND-A","SRC-AWS-TRN2-S04","architecture_mechanism","direct_statement","supports","FP16","","","Data types","","source_checked","trainium2_pilot","","","AFP-ASSERT-FACT-AWS-TRN2-TENSOR-FP16-OPERAND-A-S04","draft","从试填草稿的证据定位结构化；未在本任务重新联网"
"ASSERT-FACT-AWS-TRN2-TENSOR-FP16-OPERAND-B-S04","FACT-AWS-TRN2-TENSOR-FP16-OPERAND-B","SRC-AWS-TRN2-S04","architecture_mechanism","direct_statement","supports","FP16","","","Data types","","source_checked","trainium2_pilot","","","AFP-ASSERT-FACT-AWS-TRN2-TENSOR-FP16-OPERAND-B-S04","draft","从试填草稿的证据定位结构化；未在本任务重新联网"
"ASSERT-FACT-AWS-TRN2-TENSOR-FP16-ACCUM-S04","FACT-AWS-TRN2-TENSOR-FP16-ACCUM","SRC-AWS-TRN2-S04","architecture_mechanism","direct_statement","supports","FP32","","","Data types","","source_checked","trainium2_pilot","","","AFP-ASSERT-FACT-AWS-TRN2-TENSOR-FP16-ACCUM-S04","draft","从试填草稿的证据定位结构化；未在本任务重新联网"
"ASSERT-FACT-AWS-TRN2-TENSOR-FP16-OUTPUT-S04","FACT-AWS-TRN2-TENSOR-FP16-OUTPUT","SRC-AWS-TRN2-S04","architecture_mechanism","direct_statement","supports","FP32","","","Data types and Memory types","","source_checked","trainium2_pilot","","","AFP-ASSERT-FACT-AWS-TRN2-TENSOR-FP16-OUTPUT-S04","draft","从试填草稿的证据定位结构化；未在本任务重新联网"
"ASSERT-FACT-AWS-TRN2-TENSOR-TF32-OPERAND-A-S04","FACT-AWS-TRN2-TENSOR-TF32-OPERAND-A","SRC-AWS-TRN2-S04","architecture_mechanism","direct_statement","supports","TF32","","","Data types","","source_checked","trainium2_pilot","","","AFP-ASSERT-FACT-AWS-TRN2-TENSOR-TF32-OPERAND-A-S04","draft","从试填草稿的证据定位结构化；未在本任务重新联网"
"ASSERT-FACT-AWS-TRN2-TENSOR-TF32-OPERAND-B-S04","FACT-AWS-TRN2-TENSOR-TF32-OPERAND-B","SRC-AWS-TRN2-S04","architecture_mechanism","direct_statement","supports","TF32","","","Data types","","source_checked","trainium2_pilot","","","AFP-ASSERT-FACT-AWS-TRN2-TENSOR-TF32-OPERAND-B-S04","draft","从试填草稿的证据定位结构化；未在本任务重新联网"
"ASSERT-FACT-AWS-TRN2-TENSOR-TF32-ACCUM-S04","FACT-AWS-TRN2-TENSOR-TF32-ACCUM","SRC-AWS-TRN2-S04","architecture_mechanism","direct_statement","supports","FP32","","","Data types","","source_checked","trainium2_pilot","","","AFP-ASSERT-FACT-AWS-TRN2-TENSOR-TF32-ACCUM-S04","draft","从试填草稿的证据定位结构化；未在本任务重新联网"
"ASSERT-FACT-AWS-TRN2-TENSOR-TF32-OUTPUT-S04","FACT-AWS-TRN2-TENSOR-TF32-OUTPUT","SRC-AWS-TRN2-S04","architecture_mechanism","direct_statement","supports","FP32","","","Data types and Memory types","","source_checked","trainium2_pilot","","","AFP-ASSERT-FACT-AWS-TRN2-TENSOR-TF32-OUTPUT-S04","draft","从试填草稿的证据定位结构化；未在本任务重新联网"
"ASSERT-FACT-AWS-TRN2-TENSOR-FP32-OPERAND-A-S04","FACT-AWS-TRN2-TENSOR-FP32-OPERAND-A","SRC-AWS-TRN2-S04","architecture_mechanism","direct_statement","supports","FP32","","","Data types","","source_checked","trainium2_pilot","","","AFP-ASSERT-FACT-AWS-TRN2-TENSOR-FP32-OPERAND-A-S04","draft","从试填草稿的证据定位结构化；未在本任务重新联网"
"ASSERT-FACT-AWS-TRN2-TENSOR-FP32-OPERAND-B-S04","FACT-AWS-TRN2-TENSOR-FP32-OPERAND-B","SRC-AWS-TRN2-S04","architecture_mechanism","direct_statement","supports","FP32","","","Data types","","source_checked","trainium2_pilot","","","AFP-ASSERT-FACT-AWS-TRN2-TENSOR-FP32-OPERAND-B-S04","draft","从试填草稿的证据定位结构化；未在本任务重新联网"
"ASSERT-FACT-AWS-TRN2-TENSOR-FP32-ACCUM-S04","FACT-AWS-TRN2-TENSOR-FP32-ACCUM","SRC-AWS-TRN2-S04","architecture_mechanism","direct_statement","supports","FP32","","","Data types","","source_checked","trainium2_pilot","","","AFP-ASSERT-FACT-AWS-TRN2-TENSOR-FP32-ACCUM-S04","draft","从试填草稿的证据定位结构化；未在本任务重新联网"
"ASSERT-FACT-AWS-TRN2-TENSOR-FP32-OUTPUT-S04","FACT-AWS-TRN2-TENSOR-FP32-OUTPUT","SRC-AWS-TRN2-S04","architecture_mechanism","direct_statement","supports","FP32","","","Data types and Memory types","","source_checked","trainium2_pilot","","","AFP-ASSERT-FACT-AWS-TRN2-TENSOR-FP32-OUTPUT-S04","draft","从试填草稿的证据定位结构化；未在本任务重新联网"
"ASSERT-FACT-AWS-TRN2-TENSOR-FP8-ROUNDING-S03","FACT-AWS-TRN2-TENSOR-FP8-ROUNDING","SRC-AWS-TRN2-S03","architecture_mechanism","direct_statement","supports","RNE and stochastic rounding","","","Tensor Engine","","source_checked","trainium2_pilot","","","AFP-ASSERT-FACT-AWS-TRN2-TENSOR-FP8-ROUNDING-S03","draft","从试填草稿的证据定位结构化；未在本任务重新联网"
"ASSERT-FACT-AWS-TRN2-TENSOR-FP8-SCALING-S03","FACT-AWS-TRN2-TENSOR-FP8-SCALING","SRC-AWS-TRN2-S03","architecture_mechanism","direct_statement","supports","configurable exponent bias","","","Tensor Engine","","source_checked","trainium2_pilot","","","AFP-ASSERT-FACT-AWS-TRN2-TENSOR-FP8-SCALING-S03","draft","从试填草稿的证据定位结构化；未在本任务重新联网"
"ASSERT-FACT-AWS-TRN2-SPARSITY-MODES-S03","FACT-AWS-TRN2-SPARSITY-MODES","SRC-AWS-TRN2-S03","architecture_mechanism","direct_statement","supports","4:16, 4:12, 4:8, 2:8, 2:4, 1:4, 1:2","","","Tensor Engine","","source_checked","trainium2_pilot","","","AFP-ASSERT-FACT-AWS-TRN2-SPARSITY-MODES-S03","draft","从试填草稿的证据定位结构化；未在本任务重新联网"
"ASSERT-FACT-AWS-TRN2-CHIP-FP8-DENSE-PUB-S01","FACT-AWS-TRN2-CHIP-FP8-DENSE-PUB","SRC-AWS-TRN2-S01","conflict_evidence","direct_statement","supports","","1299","TFLOPS","Trainium2 chip components / Compute","","source_checked","trainium2_pilot","","","AFP-ASSERT-FACT-AWS-TRN2-CHIP-FP8-DENSE-PUB-S01","draft","从试填草稿的证据定位结构化；未在本任务重新联网"
"ASSERT-FACT-AWS-TRN2-CORE-FP8-DENSE-PUB-S02","FACT-AWS-TRN2-CORE-FP8-DENSE-PUB","SRC-AWS-TRN2-S02","core_spec","direct_statement","supports","","158","TFLOPS","Table 11 / Tensor Engine","","source_checked","trainium2_pilot","","","AFP-ASSERT-FACT-AWS-TRN2-CORE-FP8-DENSE-PUB-S02","draft","从试填草稿的证据定位结构化；未在本任务重新联网"
"ASSERT-FACT-AWS-TRN2-CHIP-BF16-DENSE-PUB-S01","FACT-AWS-TRN2-CHIP-BF16-DENSE-PUB","SRC-AWS-TRN2-S01","conflict_evidence","direct_statement","supports","","667","TFLOPS","Trainium2 chip components / Compute","","source_checked","trainium2_pilot","","","AFP-ASSERT-FACT-AWS-TRN2-CHIP-BF16-DENSE-PUB-S01","draft","从试填草稿的证据定位结构化；未在本任务重新联网"
"ASSERT-FACT-AWS-TRN2-CORE-BF16-DENSE-PUB-S02","FACT-AWS-TRN2-CORE-BF16-DENSE-PUB","SRC-AWS-TRN2-S02","core_spec","direct_statement","supports","","79","TFLOPS","Table 11 / Tensor Engine","","source_checked","trainium2_pilot","","","AFP-ASSERT-FACT-AWS-TRN2-CORE-BF16-DENSE-PUB-S02","draft","从试填草稿的证据定位结构化；未在本任务重新联网"
"ASSERT-FACT-AWS-TRN2-CHIP-FP16-DENSE-PUB-S01","FACT-AWS-TRN2-CHIP-FP16-DENSE-PUB","SRC-AWS-TRN2-S01","conflict_evidence","direct_statement","supports","","667","TFLOPS","Trainium2 chip components / Compute","","source_checked","trainium2_pilot","","","AFP-ASSERT-FACT-AWS-TRN2-CHIP-FP16-DENSE-PUB-S01","draft","从试填草稿的证据定位结构化；未在本任务重新联网"
"ASSERT-FACT-AWS-TRN2-CORE-FP16-DENSE-PUB-S02","FACT-AWS-TRN2-CORE-FP16-DENSE-PUB","SRC-AWS-TRN2-S02","core_spec","direct_statement","supports","","79","TFLOPS","Table 11 / Tensor Engine","","source_checked","trainium2_pilot","","","AFP-ASSERT-FACT-AWS-TRN2-CORE-FP16-DENSE-PUB-S02","draft","从试填草稿的证据定位结构化；未在本任务重新联网"
"ASSERT-FACT-AWS-TRN2-CHIP-TF32-DENSE-PUB-S01","FACT-AWS-TRN2-CHIP-TF32-DENSE-PUB","SRC-AWS-TRN2-S01","conflict_evidence","direct_statement","supports","","667","TFLOPS","Trainium2 chip components / Compute","","source_checked","trainium2_pilot","","","AFP-ASSERT-FACT-AWS-TRN2-CHIP-TF32-DENSE-PUB-S01","draft","从试填草稿的证据定位结构化；未在本任务重新联网"
"ASSERT-FACT-AWS-TRN2-CORE-TF32-DENSE-PUB-S02","FACT-AWS-TRN2-CORE-TF32-DENSE-PUB","SRC-AWS-TRN2-S02","core_spec","direct_statement","supports","","79","TFLOPS","Table 11 / Tensor Engine","","source_checked","trainium2_pilot","","","AFP-ASSERT-FACT-AWS-TRN2-CORE-TF32-DENSE-PUB-S02","draft","从试填草稿的证据定位结构化；未在本任务重新联网"
"ASSERT-FACT-AWS-TRN2-CHIP-FP32-DENSE-PUB-S01","FACT-AWS-TRN2-CHIP-FP32-DENSE-PUB","SRC-AWS-TRN2-S01","conflict_evidence","direct_statement","supports","","181","TFLOPS","Trainium2 chip components / Compute","","source_checked","trainium2_pilot","","","AFP-ASSERT-FACT-AWS-TRN2-CHIP-FP32-DENSE-PUB-S01","draft","从试填草稿的证据定位结构化；未在本任务重新联网"
"ASSERT-FACT-AWS-TRN2-CORE-FP32-DENSE-PUB-S02","FACT-AWS-TRN2-CORE-FP32-DENSE-PUB","SRC-AWS-TRN2-S02","core_spec","direct_statement","supports","","20","TFLOPS","Table 11 / Tensor Engine","","source_checked","trainium2_pilot","","","AFP-ASSERT-FACT-AWS-TRN2-CORE-FP32-DENSE-PUB-S02","draft","从试填草稿的证据定位结构化；未在本任务重新联网"
"ASSERT-FACT-AWS-TRN2-CHIP-FP8-SPARSE-PUB-S01","FACT-AWS-TRN2-CHIP-FP8-SPARSE-PUB","SRC-AWS-TRN2-S01","conflict_evidence","direct_statement","supports","","2563","TFLOPS","Trainium2 chip components / Compute","","source_checked","trainium2_pilot","","","AFP-ASSERT-FACT-AWS-TRN2-CHIP-FP8-SPARSE-PUB-S01","draft","从试填草稿的证据定位结构化；未在本任务重新联网"
"ASSERT-FACT-AWS-TRN2-CORE-FP8-SPARSE-PUB-S02","FACT-AWS-TRN2-CORE-FP8-SPARSE-PUB","SRC-AWS-TRN2-S02","core_spec","direct_statement","supports","","316","TFLOPS","Table 11 / Tensor Engine","","source_checked","trainium2_pilot","","","AFP-ASSERT-FACT-AWS-TRN2-CORE-FP8-SPARSE-PUB-S02","draft","从试填草稿的证据定位结构化；未在本任务重新联网"
"ASSERT-FACT-AWS-TRN2-CHIP-FP8-SPARSE-HIST2024-S10","FACT-AWS-TRN2-CHIP-FP8-SPARSE-HIST2024","SRC-AWS-TRN2-S10","conflict_evidence","direct_statement","supports","","5.2","PFLOPS","launch post sparse compute claim","","source_checked","trainium2_pilot","","","AFP-ASSERT-FACT-AWS-TRN2-CHIP-FP8-SPARSE-HIST2024-S10","draft","从试填草稿的证据定位结构化；未在本任务重新联网"
"ASSERT-FACT-AWS-TRN2-CHIP-BF16-SPARSE-PUB-S01","FACT-AWS-TRN2-CHIP-BF16-SPARSE-PUB","SRC-AWS-TRN2-S01","conflict_evidence","direct_statement","supports","","2563","TFLOPS","Trainium2 chip components / Compute","","source_checked","trainium2_pilot","","","AFP-ASSERT-FACT-AWS-TRN2-CHIP-BF16-SPARSE-PUB-S01","draft","从试填草稿的证据定位结构化；未在本任务重新联网"
"ASSERT-FACT-AWS-TRN2-CORE-BF16-SPARSE-PUB-S02","FACT-AWS-TRN2-CORE-BF16-SPARSE-PUB","SRC-AWS-TRN2-S02","core_spec","direct_statement","supports","","316","TFLOPS","Table 11 / Tensor Engine","","source_checked","trainium2_pilot","","","AFP-ASSERT-FACT-AWS-TRN2-CORE-BF16-SPARSE-PUB-S02","draft","从试填草稿的证据定位结构化；未在本任务重新联网"
"ASSERT-FACT-AWS-TRN2-CHIP-BF16-SPARSE-HIST2024-S10","FACT-AWS-TRN2-CHIP-BF16-SPARSE-HIST2024","SRC-AWS-TRN2-S10","conflict_evidence","direct_statement","supports","","5.2","PFLOPS","launch post sparse compute claim","","source_checked","trainium2_pilot","","","AFP-ASSERT-FACT-AWS-TRN2-CHIP-BF16-SPARSE-HIST2024-S10","draft","从试填草稿的证据定位结构化；未在本任务重新联网"
"ASSERT-FACT-AWS-TRN2-CHIP-FP16-SPARSE-PUB-S01","FACT-AWS-TRN2-CHIP-FP16-SPARSE-PUB","SRC-AWS-TRN2-S01","conflict_evidence","direct_statement","supports","","2563","TFLOPS","Trainium2 chip components / Compute","","source_checked","trainium2_pilot","","","AFP-ASSERT-FACT-AWS-TRN2-CHIP-FP16-SPARSE-PUB-S01","draft","从试填草稿的证据定位结构化；未在本任务重新联网"
"ASSERT-FACT-AWS-TRN2-CORE-FP16-SPARSE-PUB-S02","FACT-AWS-TRN2-CORE-FP16-SPARSE-PUB","SRC-AWS-TRN2-S02","core_spec","direct_statement","supports","","316","TFLOPS","Table 11 / Tensor Engine","","source_checked","trainium2_pilot","","","AFP-ASSERT-FACT-AWS-TRN2-CORE-FP16-SPARSE-PUB-S02","draft","从试填草稿的证据定位结构化；未在本任务重新联网"
"ASSERT-FACT-AWS-TRN2-CHIP-FP16-SPARSE-HIST2024-S10","FACT-AWS-TRN2-CHIP-FP16-SPARSE-HIST2024","SRC-AWS-TRN2-S10","conflict_evidence","direct_statement","supports","","5.2","PFLOPS","launch post sparse compute claim","","source_checked","trainium2_pilot","","","AFP-ASSERT-FACT-AWS-TRN2-CHIP-FP16-SPARSE-HIST2024-S10","draft","从试填草稿的证据定位结构化；未在本任务重新联网"
"ASSERT-FACT-AWS-TRN2-CHIP-TF32-SPARSE-PUB-S01","FACT-AWS-TRN2-CHIP-TF32-SPARSE-PUB","SRC-AWS-TRN2-S01","conflict_evidence","direct_statement","supports","","2563","TFLOPS","Trainium2 chip components / Compute","","source_checked","trainium2_pilot","","","AFP-ASSERT-FACT-AWS-TRN2-CHIP-TF32-SPARSE-PUB-S01","draft","从试填草稿的证据定位结构化；未在本任务重新联网"
"ASSERT-FACT-AWS-TRN2-CORE-TF32-SPARSE-PUB-S02","FACT-AWS-TRN2-CORE-TF32-SPARSE-PUB","SRC-AWS-TRN2-S02","core_spec","direct_statement","supports","","316","TFLOPS","Table 11 / Tensor Engine","","source_checked","trainium2_pilot","","","AFP-ASSERT-FACT-AWS-TRN2-CORE-TF32-SPARSE-PUB-S02","draft","从试填草稿的证据定位结构化；未在本任务重新联网"
"ASSERT-FACT-AWS-TRN2-CHIP-TF32-SPARSE-HIST2024-S10","FACT-AWS-TRN2-CHIP-TF32-SPARSE-HIST2024","SRC-AWS-TRN2-S10","conflict_evidence","direct_statement","supports","","5.2","PFLOPS","launch post sparse compute claim","","source_checked","trainium2_pilot","","","AFP-ASSERT-FACT-AWS-TRN2-CHIP-TF32-SPARSE-HIST2024-S10","draft","从试填草稿的证据定位结构化；未在本任务重新联网"
"ASSERT-FACT-AWS-TRN2-VECTOR-FP32-CORE-S02","FACT-AWS-TRN2-VECTOR-FP32-CORE","SRC-AWS-TRN2-S02","core_spec","direct_statement","supports","","1.0","TFLOPS","Table 11 / Vector Engine","","source_checked","trainium2_pilot","","","AFP-ASSERT-FACT-AWS-TRN2-VECTOR-FP32-CORE-S02","draft","从试填草稿的证据定位结构化；未在本任务重新联网"
"ASSERT-FACT-AWS-TRN2-SCALAR-FP32-CORE-S02","FACT-AWS-TRN2-SCALAR-FP32-CORE","SRC-AWS-TRN2-S02","core_spec","direct_statement","supports","","1.2","TFLOPS","Table 11 / Scalar Engine","","source_checked","trainium2_pilot","","","AFP-ASSERT-FACT-AWS-TRN2-SCALAR-FP32-CORE-S02","draft","从试填草稿的证据定位结构化；未在本任务重新联网"
"ASSERT-FACT-AWS-TRN2-TENSOR-CLOCK-S02","FACT-AWS-TRN2-TENSOR-CLOCK","SRC-AWS-TRN2-S02","core_spec","direct_statement","supports","","2.4","GHz","Tensor Engine","","source_checked","trainium2_pilot","","","AFP-ASSERT-FACT-AWS-TRN2-TENSOR-CLOCK-S02","draft","从试填草稿的证据定位结构化；未在本任务重新联网"
"ASSERT-FACT-AWS-TRN2-VECTOR-CLOCK-S02","FACT-AWS-TRN2-VECTOR-CLOCK","SRC-AWS-TRN2-S02","core_spec","direct_statement","supports","","0.96","GHz","Vector Engine","","source_checked","trainium2_pilot","","","AFP-ASSERT-FACT-AWS-TRN2-VECTOR-CLOCK-S02","draft","从试填草稿的证据定位结构化；未在本任务重新联网"
"ASSERT-FACT-AWS-TRN2-SCALAR-CLOCK-S02","FACT-AWS-TRN2-SCALAR-CLOCK","SRC-AWS-TRN2-S02","core_spec","direct_statement","supports","","1.2","GHz","Scalar Engine","","source_checked","trainium2_pilot","","","AFP-ASSERT-FACT-AWS-TRN2-SCALAR-CLOCK-S02","draft","从试填草稿的证据定位结构化；未在本任务重新联网"
"ASSERT-FACT-AWS-TRN2-GPSIMD-CLOCK-S02","FACT-AWS-TRN2-GPSIMD-CLOCK","SRC-AWS-TRN2-S02","core_spec","direct_statement","supports","","1.2","GHz","Gpsimd Engine","","source_checked","trainium2_pilot","","","AFP-ASSERT-FACT-AWS-TRN2-GPSIMD-CLOCK-S02","draft","从试填草稿的证据定位结构化；未在本任务重新联网"
"ASSERT-FACT-AWS-TRN2-HBM-STACKS-S01","FACT-AWS-TRN2-HBM-STACKS","SRC-AWS-TRN2-S01","core_spec","direct_statement","supports","","4","count","Trainium2 chip components","","source_checked","trainium2_pilot","","","AFP-ASSERT-FACT-AWS-TRN2-HBM-STACKS-S01","draft","从试填草稿的证据定位结构化；未在本任务重新联网"
"ASSERT-FACT-AWS-TRN2-HBM-CAPACITY-S01","FACT-AWS-TRN2-HBM-CAPACITY","SRC-AWS-TRN2-S01","core_spec","direct_statement","supports","","96","GiB","Memory","","source_checked","trainium2_pilot","","","AFP-ASSERT-FACT-AWS-TRN2-HBM-CAPACITY-S01","draft","从试填草稿的证据定位结构化；未在本任务重新联网"
"ASSERT-FACT-AWS-TRN2-HBM-BANDWIDTH-S01","FACT-AWS-TRN2-HBM-BANDWIDTH","SRC-AWS-TRN2-S01","core_spec","direct_statement","supports","","2.9","TB/s","Memory","","source_checked","trainium2_pilot","","","AFP-ASSERT-FACT-AWS-TRN2-HBM-BANDWIDTH-S01","draft","从试填草稿的证据定位结构化；未在本任务重新联网"
"ASSERT-FACT-AWS-TRN2-HBM-BANKS-S05","FACT-AWS-TRN2-HBM-BANKS","SRC-AWS-TRN2-S05","architecture_mechanism","direct_statement","supports","","4","count","LNC=1/2","","source_checked","trainium2_pilot","","","AFP-ASSERT-FACT-AWS-TRN2-HBM-BANKS-S05","draft","从试填草稿的证据定位结构化；未在本任务重新联网"
"ASSERT-FACT-AWS-TRN2-HBM-SHARING-S05","FACT-AWS-TRN2-HBM-SHARING","SRC-AWS-TRN2-S05","architecture_mechanism","direct_statement","supports","two physical NCv3 cores per bank","","","LNC=1/2","","source_checked","trainium2_pilot","","","AFP-ASSERT-FACT-AWS-TRN2-HBM-SHARING-S05","draft","从试填草稿的证据定位结构化；未在本任务重新联网"
"ASSERT-FACT-AWS-TRN2-SBUF-CAPACITY-CORE-S02","FACT-AWS-TRN2-SBUF-CAPACITY-CORE","SRC-AWS-TRN2-S02","core_spec","direct_statement","supports","","28","MiB","On-chip SRAM","","source_checked","trainium2_pilot","","","AFP-ASSERT-FACT-AWS-TRN2-SBUF-CAPACITY-CORE-S02","draft","从试填草稿的证据定位结构化；未在本任务重新联网"
"ASSERT-FACT-AWS-TRN2-SBUF-PARTITIONS-S02","FACT-AWS-TRN2-SBUF-PARTITIONS","SRC-AWS-TRN2-S02","core_spec","direct_statement","supports","","128","count","On-chip SRAM","","source_checked","trainium2_pilot","","","AFP-ASSERT-FACT-AWS-TRN2-SBUF-PARTITIONS-S02","draft","从试填草稿的证据定位结构化；未在本任务重新联网"
"ASSERT-FACT-AWS-TRN2-SBUF-GRANULARITY-S02","FACT-AWS-TRN2-SBUF-GRANULARITY","SRC-AWS-TRN2-S02","core_spec","direct_statement","supports","","224","KiB","On-chip SRAM","","source_checked","trainium2_pilot","","","AFP-ASSERT-FACT-AWS-TRN2-SBUF-GRANULARITY-S02","draft","从试填草稿的证据定位结构化；未在本任务重新联网"
"ASSERT-FACT-AWS-TRN2-SBUF-MANAGEMENT-S02","FACT-AWS-TRN2-SBUF-MANAGEMENT","SRC-AWS-TRN2-S02","architecture_mechanism","direct_statement","supports","software-managed SRAM","","","Data Movement Updates","","source_checked","trainium2_pilot","","","AFP-ASSERT-FACT-AWS-TRN2-SBUF-MANAGEMENT-S02","draft","从试填草稿的证据定位结构化；未在本任务重新联网"
"ASSERT-FACT-AWS-TRN2-PSUM-CAPACITY-CORE-S02","FACT-AWS-TRN2-PSUM-CAPACITY-CORE","SRC-AWS-TRN2-S02","core_spec","direct_statement","supports","","2","MiB","On-chip SRAM","","source_checked","trainium2_pilot","","","AFP-ASSERT-FACT-AWS-TRN2-PSUM-CAPACITY-CORE-S02","draft","从试填草稿的证据定位结构化；未在本任务重新联网"
"ASSERT-FACT-AWS-TRN2-SBUF-CAPACITY-CHIP-AGG-S01","FACT-AWS-TRN2-SBUF-CAPACITY-CHIP-AGG","SRC-AWS-TRN2-S01","core_spec","direct_statement","supports","224 MiB","","","Memory","","source_checked","trainium2_pilot","","","AFP-ASSERT-FACT-AWS-TRN2-SBUF-CAPACITY-CHIP-AGG-S01","draft","从试填草稿的证据定位结构化；未在本任务重新联网"
"ASSERT-FACT-AWS-TRN2-MAIN-DMA-BW-S01","FACT-AWS-TRN2-MAIN-DMA-BW","SRC-AWS-TRN2-S01","core_spec","direct_statement","supports","","3.5","TB/s","Trainium2 chip components","","source_checked","trainium2_pilot","","","AFP-ASSERT-FACT-AWS-TRN2-MAIN-DMA-BW-S01","draft","从试填草稿的证据定位结构化；未在本任务重新联网"
"ASSERT-FACT-AWS-TRN2-GPSIMD-DMA-TOTAL-S02","FACT-AWS-TRN2-GPSIMD-DMA-TOTAL","SRC-AWS-TRN2-S02","core_spec","direct_statement","supports","","307","GB/s","Gpsimd Engine","","source_checked","trainium2_pilot","","","AFP-ASSERT-FACT-AWS-TRN2-GPSIMD-DMA-TOTAL-S02","draft","从试填草稿的证据定位结构化；未在本任务重新联网"
"ASSERT-FACT-AWS-TRN2-GPSIMD-DMA-READ-S02","FACT-AWS-TRN2-GPSIMD-DMA-READ","SRC-AWS-TRN2-S02","core_spec","direct_statement","supports","","153","GB/s","Gpsimd Engine","","source_checked","trainium2_pilot","","","AFP-ASSERT-FACT-AWS-TRN2-GPSIMD-DMA-READ-S02","draft","从试填草稿的证据定位结构化；未在本任务重新联网"
"ASSERT-FACT-AWS-TRN2-GPSIMD-DMA-WRITE-S02","FACT-AWS-TRN2-GPSIMD-DMA-WRITE","SRC-AWS-TRN2-S02","core_spec","direct_statement","supports","","153","GB/s","Gpsimd Engine","","source_checked","trainium2_pilot","","","AFP-ASSERT-FACT-AWS-TRN2-GPSIMD-DMA-WRITE-S02","draft","从试填草稿的证据定位结构化；未在本任务重新联网"
"ASSERT-FACT-AWS-TRN2-3XL-CHIP-QTY-S06","FACT-AWS-TRN2-3XL-CHIP-QTY","SRC-AWS-TRN2-S06","core_spec","direct_statement","supports","","1","count","Trn2 instance specifications / Trn2 UltraServer","","source_checked","trainium2_pilot","","","AFP-ASSERT-FACT-AWS-TRN2-3XL-CHIP-QTY-S06","draft","从试填草稿的证据定位结构化；未在本任务重新联网"
"ASSERT-FACT-AWS-TRN2-48XL-CHIP-QTY-S06","FACT-AWS-TRN2-48XL-CHIP-QTY","SRC-AWS-TRN2-S06","core_spec","direct_statement","supports","","16","count","Trn2 instance specifications / Trn2 UltraServer","","source_checked","trainium2_pilot","","","AFP-ASSERT-FACT-AWS-TRN2-48XL-CHIP-QTY-S06","draft","从试填草稿的证据定位结构化；未在本任务重新联网"
"ASSERT-FACT-AWS-TRN2U-48XL-CHIP-QTY-S06","FACT-AWS-TRN2U-48XL-CHIP-QTY","SRC-AWS-TRN2-S06","core_spec","direct_statement","supports","","16","count","Trn2 instance specifications / Trn2 UltraServer","","source_checked","trainium2_pilot","","","AFP-ASSERT-FACT-AWS-TRN2U-48XL-CHIP-QTY-S06","draft","从试填草稿的证据定位结构化；未在本任务重新联网"
"ASSERT-FACT-AWS-TRN2-ULTRA64-CHIP-QTY-S06","FACT-AWS-TRN2-ULTRA64-CHIP-QTY","SRC-AWS-TRN2-S06","core_spec","direct_statement","supports","","64","count","Trn2 instance specifications / Trn2 UltraServer","","source_checked","trainium2_pilot","","","AFP-ASSERT-FACT-AWS-TRN2-ULTRA64-CHIP-QTY-S06","draft","从试填草稿的证据定位结构化；未在本任务重新联网"
"ASSERT-FACT-AWS-TRN2-ULTRA64-INSTANCE-QTY-S06","FACT-AWS-TRN2-ULTRA64-INSTANCE-QTY","SRC-AWS-TRN2-S06","core_spec","direct_statement","supports","","4","count","Trn2 instance specifications / Trn2 UltraServer","","source_checked","trainium2_pilot","","","AFP-ASSERT-FACT-AWS-TRN2-ULTRA64-INSTANCE-QTY-S06","draft","从试填草稿的证据定位结构化；未在本任务重新联网"
"ASSERT-FACT-AWS-TRN2-3XL-MEM-CAP-S07","FACT-AWS-TRN2-3XL-MEM-CAP","SRC-AWS-TRN2-S07","conflict_evidence","direct_statement","supports","","96","GB","Product details / Trn2 instance specifications","","source_checked","trainium2_pilot","","","AFP-ASSERT-FACT-AWS-TRN2-3XL-MEM-CAP-S07","draft","从试填草稿的证据定位结构化；未在本任务重新联网"
"ASSERT-FACT-AWS-TRN2-48XL-MEM-CAP-S06","FACT-AWS-TRN2-48XL-MEM-CAP","SRC-AWS-TRN2-S06","conflict_evidence","direct_statement","supports","","1536","GiB","Product details / Trn2 instance specifications","","source_checked","trainium2_pilot","","","AFP-ASSERT-FACT-AWS-TRN2-48XL-MEM-CAP-S06","draft","从试填草稿的证据定位结构化；未在本任务重新联网"
"ASSERT-FACT-AWS-TRN2-TRN2U-48XL-MEM-CAP-S06","FACT-AWS-TRN2-TRN2U-48XL-MEM-CAP","SRC-AWS-TRN2-S06","core_spec","direct_statement","supports","","1536","GiB","Product details / Trn2 instance specifications","","source_checked","trainium2_pilot","","","AFP-ASSERT-FACT-AWS-TRN2-TRN2U-48XL-MEM-CAP-S06","draft","从试填草稿的证据定位结构化；未在本任务重新联网"
"ASSERT-FACT-AWS-TRN2-ULTRA64-MEM-CAP-S06","FACT-AWS-TRN2-ULTRA64-MEM-CAP","SRC-AWS-TRN2-S06","core_spec","direct_statement","supports","","6144","GiB","Product details / Trn2 instance specifications","","source_checked","trainium2_pilot","","","AFP-ASSERT-FACT-AWS-TRN2-ULTRA64-MEM-CAP-S06","draft","从试填草稿的证据定位结构化；未在本任务重新联网"
"ASSERT-FACT-AWS-TRN2-3XL-MEM-CAP-GENERIC-S15","FACT-AWS-TRN2-3XL-MEM-CAP-GENERIC","SRC-AWS-TRN2-S15","conflict_evidence","direct_statement","supports","","512","GiB","generic table / trn2.3xlarge accelerator memory","","source_checked","trainium2_pilot","","","AFP-ASSERT-FACT-AWS-TRN2-3XL-MEM-CAP-GENERIC-S15","draft","从试填草稿的证据定位结构化；未在本任务重新联网"
"ASSERT-FACT-AWS-TRN2-48XL-MEM-CAP-GENERIC-S15","FACT-AWS-TRN2-48XL-MEM-CAP-GENERIC","SRC-AWS-TRN2-S15","conflict_evidence","direct_statement","supports","","8192","GiB","generic table / trn2.48xlarge accelerator memory","","source_checked","trainium2_pilot","","","AFP-ASSERT-FACT-AWS-TRN2-48XL-MEM-CAP-GENERIC-S15","draft","从试填草稿的证据定位结构化；未在本任务重新联网"
"ASSERT-FACT-AWS-TRN2-48XL-MEM-BW-S06","FACT-AWS-TRN2-48XL-MEM-BW","SRC-AWS-TRN2-S06","core_spec","direct_statement","supports","","46.4","TB/s","Trn2 instance specifications","","source_checked","trainium2_pilot","","","AFP-ASSERT-FACT-AWS-TRN2-48XL-MEM-BW-S06","draft","从试填草稿的证据定位结构化；未在本任务重新联网"
"ASSERT-FACT-AWS-TRN2-TRN2U-48XL-MEM-BW-S06","FACT-AWS-TRN2-TRN2U-48XL-MEM-BW","SRC-AWS-TRN2-S06","core_spec","direct_statement","supports","","46.4","TB/s","Trn2 instance specifications","","source_checked","trainium2_pilot","","","AFP-ASSERT-FACT-AWS-TRN2-TRN2U-48XL-MEM-BW-S06","draft","从试填草稿的证据定位结构化；未在本任务重新联网"
"ASSERT-FACT-AWS-TRN2-ULTRA64-MEM-BW-S06","FACT-AWS-TRN2-ULTRA64-MEM-BW","SRC-AWS-TRN2-S06","core_spec","direct_statement","supports","","185.6","TB/s","Trn2 instance specifications","","source_checked","trainium2_pilot","","","AFP-ASSERT-FACT-AWS-TRN2-ULTRA64-MEM-BW-S06","draft","从试填草稿的证据定位结构化；未在本任务重新联网"
"ASSERT-FACT-AWS-TRN2-NEURONLINK-IF-COUNT-S01","FACT-AWS-TRN2-NEURONLINK-IF-COUNT","SRC-AWS-TRN2-S01","core_spec","direct_statement","supports","","4","count","Trainium2 chip components","","source_checked","trainium2_pilot","","","AFP-ASSERT-FACT-AWS-TRN2-NEURONLINK-IF-COUNT-S01","draft","从试填草稿的证据定位结构化；未在本任务重新联网"
"ASSERT-FACT-AWS-TRN2-NEURONLINK-AGG-BW-S01","FACT-AWS-TRN2-NEURONLINK-AGG-BW","SRC-AWS-TRN2-S01","core_spec","direct_statement","supports","","1.28","TB/s","Trainium2 chip components","","source_checked","trainium2_pilot","","","AFP-ASSERT-FACT-AWS-TRN2-NEURONLINK-AGG-BW-S01","draft","从试填草稿的证据定位结构化；未在本任务重新联网"
"ASSERT-FACT-AWS-TRN2-48XL-INTRA-BW-S06","FACT-AWS-TRN2-48XL-INTRA-BW","SRC-AWS-TRN2-S06","core_spec","direct_statement","supports","","1024","GB/s/chip","Trn2 instance specifications","","source_checked","trainium2_pilot","","","AFP-ASSERT-FACT-AWS-TRN2-48XL-INTRA-BW-S06","draft","从试填草稿的证据定位结构化；未在本任务重新联网"
"ASSERT-FACT-AWS-TRN2-TRN2U-48XL-INTRA-BW-S06","FACT-AWS-TRN2-TRN2U-48XL-INTRA-BW","SRC-AWS-TRN2-S06","core_spec","direct_statement","supports","","1024","GB/s/chip","Trn2 instance specifications","","source_checked","trainium2_pilot","","","AFP-ASSERT-FACT-AWS-TRN2-TRN2U-48XL-INTRA-BW-S06","draft","从试填草稿的证据定位结构化；未在本任务重新联网"
"ASSERT-FACT-AWS-TRN2-ULTRA64-INTER-BW-S06","FACT-AWS-TRN2-ULTRA64-INTER-BW","SRC-AWS-TRN2-S06","core_spec","direct_statement","supports","","256","GB/s/chip","Trn2 UltraServer specifications","","source_checked","trainium2_pilot","","","AFP-ASSERT-FACT-AWS-TRN2-ULTRA64-INTER-BW-S06","draft","从试填草稿的证据定位结构化；未在本任务重新联网"
"ASSERT-FACT-AWS-TRN2-3XL-EFA-RATE-S07","FACT-AWS-TRN2-3XL-EFA-RATE","SRC-AWS-TRN2-S07","core_spec","direct_statement","supports","","0.2","Tbps","Product details","","source_checked","trainium2_pilot","","","AFP-ASSERT-FACT-AWS-TRN2-3XL-EFA-RATE-S07","draft","从试填草稿的证据定位结构化；未在本任务重新联网"
"ASSERT-FACT-AWS-TRN2-48XL-EFA-RATE-S07","FACT-AWS-TRN2-48XL-EFA-RATE","SRC-AWS-TRN2-S07","core_spec","direct_statement","supports","","3.2","Tbps","Product details","","source_checked","trainium2_pilot","","","AFP-ASSERT-FACT-AWS-TRN2-48XL-EFA-RATE-S07","draft","从试填草稿的证据定位结构化；未在本任务重新联网"
"ASSERT-FACT-AWS-TRN2-TRN2U-48XL-EFA-RATE-S07","FACT-AWS-TRN2-TRN2U-48XL-EFA-RATE","SRC-AWS-TRN2-S07","core_spec","direct_statement","supports","","3.2","Tbps","Product details","","source_checked","trainium2_pilot","","","AFP-ASSERT-FACT-AWS-TRN2-TRN2U-48XL-EFA-RATE-S07","draft","从试填草稿的证据定位结构化；未在本任务重新联网"
"ASSERT-FACT-AWS-TRN2-ULTRA64-EFA-3P2-S06","FACT-AWS-TRN2-ULTRA64-EFA-3P2","SRC-AWS-TRN2-S06","conflict_evidence","direct_statement","supports","","3200","Gbps","Trn2 instance specifications","","source_checked","trainium2_pilot","","","AFP-ASSERT-FACT-AWS-TRN2-ULTRA64-EFA-3P2-S06","draft","从试填草稿的证据定位结构化；未在本任务重新联网"
"ASSERT-FACT-AWS-TRN2-ULTRA64-EFA-12P8-S07","FACT-AWS-TRN2-ULTRA64-EFA-12P8","SRC-AWS-TRN2-S07","conflict_evidence","direct_statement","supports","","12.8","Tbps","Benefits","","source_checked","trainium2_pilot","","","AFP-ASSERT-FACT-AWS-TRN2-ULTRA64-EFA-12P8-S07","draft","从试填草稿的证据定位结构化；未在本任务重新联网"
"ASSERT-FACT-AWS-TRN2-48XL-TOPO-TYPE-S06","FACT-AWS-TRN2-48XL-TOPO-TYPE","SRC-AWS-TRN2-S06","architecture_mechanism","direct_statement","supports","torus","","","trn2.48xlarge / trn2u.48xlarge","","source_checked","trainium2_pilot","","","AFP-ASSERT-FACT-AWS-TRN2-48XL-TOPO-TYPE-S06","draft","从试填草稿的证据定位结构化；未在本任务重新联网"
"ASSERT-FACT-AWS-TRN2-48XL-TOPO-DIMS-S06","FACT-AWS-TRN2-48XL-TOPO-DIMS","SRC-AWS-TRN2-S06","architecture_mechanism","direct_statement","supports","4x4","","","trn2.48xlarge / trn2u.48xlarge","","source_checked","trainium2_pilot","","","AFP-ASSERT-FACT-AWS-TRN2-48XL-TOPO-DIMS-S06","draft","从试填草稿的证据定位结构化；未在本任务重新联网"
"ASSERT-FACT-AWS-TRN2-48XL-TOPO-NODES-S06","FACT-AWS-TRN2-48XL-TOPO-NODES","SRC-AWS-TRN2-S06","architecture_mechanism","direct_statement","supports","","16","count","Trn2 instance specifications","","source_checked","trainium2_pilot","","","AFP-ASSERT-FACT-AWS-TRN2-48XL-TOPO-NODES-S06","draft","从试填草稿的证据定位结构化；未在本任务重新联网"
"ASSERT-FACT-AWS-TRN2-TRN2U-48XL-TOPO-TYPE-S06","FACT-AWS-TRN2-TRN2U-48XL-TOPO-TYPE","SRC-AWS-TRN2-S06","architecture_mechanism","direct_statement","supports","torus","","","trn2.48xlarge / trn2u.48xlarge","","source_checked","trainium2_pilot","","","AFP-ASSERT-FACT-AWS-TRN2-TRN2U-48XL-TOPO-TYPE-S06","draft","从试填草稿的证据定位结构化；未在本任务重新联网"
"ASSERT-FACT-AWS-TRN2-TRN2U-48XL-TOPO-DIMS-S06","FACT-AWS-TRN2-TRN2U-48XL-TOPO-DIMS","SRC-AWS-TRN2-S06","architecture_mechanism","direct_statement","supports","4x4","","","trn2.48xlarge / trn2u.48xlarge","","source_checked","trainium2_pilot","","","AFP-ASSERT-FACT-AWS-TRN2-TRN2U-48XL-TOPO-DIMS-S06","draft","从试填草稿的证据定位结构化；未在本任务重新联网"
"ASSERT-FACT-AWS-TRN2-TRN2U-48XL-TOPO-NODES-S06","FACT-AWS-TRN2-TRN2U-48XL-TOPO-NODES","SRC-AWS-TRN2-S06","architecture_mechanism","direct_statement","supports","","16","count","Trn2 instance specifications","","source_checked","trainium2_pilot","","","AFP-ASSERT-FACT-AWS-TRN2-TRN2U-48XL-TOPO-NODES-S06","draft","从试填草稿的证据定位结构化；未在本任务重新联网"
"ASSERT-FACT-AWS-TRN2-ULTRA64-TOPO-TYPE-S06","FACT-AWS-TRN2-ULTRA64-TOPO-TYPE","SRC-AWS-TRN2-S06","architecture_mechanism","direct_statement","supports","hybrid","","","Trn2 UltraServer","","source_checked","trainium2_pilot","","","AFP-ASSERT-FACT-AWS-TRN2-ULTRA64-TOPO-TYPE-S06","draft","从试填草稿的证据定位结构化；未在本任务重新联网"
"ASSERT-FACT-AWS-TRN2-ULTRA64-TOPO-DIMS-S06","FACT-AWS-TRN2-ULTRA64-TOPO-DIMS","SRC-AWS-TRN2-S06","architecture_mechanism","direct_statement","supports","four 4x4 torus groups plus rings","","","Trn2 UltraServer","","source_checked","trainium2_pilot","","","AFP-ASSERT-FACT-AWS-TRN2-ULTRA64-TOPO-DIMS-S06","draft","从试填草稿的证据定位结构化；未在本任务重新联网"
"ASSERT-FACT-AWS-TRN2-ULTRA64-TOPO-NODES-S06","FACT-AWS-TRN2-ULTRA64-TOPO-NODES","SRC-AWS-TRN2-S06","architecture_mechanism","direct_statement","supports","","64","count","Trn2 UltraServer specifications","","source_checked","trainium2_pilot","","","AFP-ASSERT-FACT-AWS-TRN2-ULTRA64-TOPO-NODES-S06","draft","从试填草稿的证据定位结构化；未在本任务重新联网"
"ASSERT-FACT-AWS-TRN2-48XL-STATUS-GA-S09","FACT-AWS-TRN2-48XL-STATUS-GA","SRC-AWS-TRN2-S09","status_version","direct_statement","supports","available","","","title and body","","source_checked","trainium2_pilot","","","AFP-ASSERT-FACT-AWS-TRN2-48XL-STATUS-GA-S09","draft","从试填草稿的证据定位结构化；未在本任务重新联网"
"ASSERT-FACT-AWS-TRN2-ULTRA64-STATUS-PREVIEW-2024-S09","FACT-AWS-TRN2-ULTRA64-STATUS-PREVIEW-2024","SRC-AWS-TRN2-S09","status_version","direct_statement","supports","preview","","","body","","source_checked","trainium2_pilot","","","AFP-ASSERT-FACT-AWS-TRN2-ULTRA64-STATUS-PREVIEW-2024-S09","draft","从试填草稿的证据定位结构化；未在本任务重新联网"
"ASSERT-FACT-AWS-TRN2-ULTRA64-STATUS-AVAILABLE-OBS-S07","FACT-AWS-TRN2-ULTRA64-STATUS-AVAILABLE-OBS","SRC-AWS-TRN2-S07","status_version","direct_statement","supports","available now","","","Why section","","source_checked","trainium2_pilot","","","AFP-ASSERT-FACT-AWS-TRN2-ULTRA64-STATUS-AVAILABLE-OBS-S07","draft","从试填草稿的证据定位结构化；未在本任务重新联网"
"ASSERT-FACT-AWS-TRN2-ULTRA64-STATUS-PREVIEW-OBS-S07","FACT-AWS-TRN2-ULTRA64-STATUS-PREVIEW-OBS","SRC-AWS-TRN2-S07","status_version","direct_statement","supports","available in preview","","","Benefits section","","source_checked","trainium2_pilot","","","AFP-ASSERT-FACT-AWS-TRN2-ULTRA64-STATUS-PREVIEW-OBS-S07","draft","从试填草稿的证据定位结构化；未在本任务重新联网"
"ASSERT-FACT-AWS-TRN2-CAP-SPARSE-MATMUL-LEVEL-S03","FACT-AWS-TRN2-CAP-SPARSE-MATMUL-LEVEL","SRC-AWS-TRN2-S03","architecture_mechanism","direct_statement","supports","configurable_engine","","","Tensor Engine","","source_checked","trainium2_pilot","","","AFP-ASSERT-FACT-AWS-TRN2-CAP-SPARSE-MATMUL-LEVEL-S03","draft","从试填草稿的证据定位结构化；未在本任务重新联网"
"ASSERT-FACT-AWS-TRN2-CAP-TENSOR-TRANSPOSE-LEVEL-S02","FACT-AWS-TRN2-CAP-TENSOR-TRANSPOSE-LEVEL","SRC-AWS-TRN2-S02","architecture_mechanism","direct_statement","supports","dedicated_instruction","","","Built-in Transpose Support","","source_checked","trainium2_pilot","","","AFP-ASSERT-FACT-AWS-TRN2-CAP-TENSOR-TRANSPOSE-LEVEL-S02","draft","从试填草稿的证据定位结构化；未在本任务重新联网"
"ASSERT-FACT-AWS-TRN2-CAP-DMA-TRANSPOSE-LEVEL-S02","FACT-AWS-TRN2-CAP-DMA-TRANSPOSE-LEVEL","SRC-AWS-TRN2-S02","architecture_mechanism","direct_statement","supports","configurable_engine","","","DMA Transpose","","source_checked","trainium2_pilot","","","AFP-ASSERT-FACT-AWS-TRN2-CAP-DMA-TRANSPOSE-LEVEL-S02","draft","从试填草稿的证据定位结构化；未在本任务重新联网"
"ASSERT-FACT-AWS-TRN2-CAP-VECTOR-REDUCTION-LEVEL-S02","FACT-AWS-TRN2-CAP-VECTOR-REDUCTION-LEVEL","SRC-AWS-TRN2-S02","architecture_mechanism","direct_statement","supports","general_compute_path","","","Vector Engine","","source_checked","trainium2_pilot","","","AFP-ASSERT-FACT-AWS-TRN2-CAP-VECTOR-REDUCTION-LEVEL-S02","draft","从试填草稿的证据定位结构化；未在本任务重新联网"
"ASSERT-FACT-AWS-TRN2-CAP-SCALAR-NONLINEAR-LEVEL-S02","FACT-AWS-TRN2-CAP-SCALAR-NONLINEAR-LEVEL","SRC-AWS-TRN2-S02","architecture_mechanism","direct_statement","supports","general_compute_path","","","Scalar Engine","","source_checked","trainium2_pilot","","","AFP-ASSERT-FACT-AWS-TRN2-CAP-SCALAR-NONLINEAR-LEVEL-S02","draft","从试填草稿的证据定位结构化；未在本任务重新联网"
"ASSERT-FACT-AWS-TRN2-CAP-GPSIMD-CUSTOM-LEVEL-S02","FACT-AWS-TRN2-CAP-GPSIMD-CUSTOM-LEVEL","SRC-AWS-TRN2-S02","architecture_mechanism","direct_statement","supports","general_compute_path","","","Gpsimd Engine","","source_checked","trainium2_pilot","","","AFP-ASSERT-FACT-AWS-TRN2-CAP-GPSIMD-CUSTOM-LEVEL-S02","draft","从试填草稿的证据定位结构化；未在本任务重新联网"
"ASSERT-FACT-AWS-TRN2-CAP-DGE-DESCRIPTOR-LEVEL-S02","FACT-AWS-TRN2-CAP-DGE-DESCRIPTOR-LEVEL","SRC-AWS-TRN2-S02","architecture_mechanism","direct_statement","supports","dedicated_physical_module","","","Descriptor Generation Engine","","source_checked","trainium2_pilot","","","AFP-ASSERT-FACT-AWS-TRN2-CAP-DGE-DESCRIPTOR-LEVEL-S02","draft","从试填草稿的证据定位结构化；未在本任务重新联网"
"ASSERT-FACT-AWS-TRN2-CAP-COLLECTIVE-HW-LEVEL-S01","FACT-AWS-TRN2-CAP-COLLECTIVE-HW-LEVEL","SRC-AWS-TRN2-S01","architecture_mechanism","direct_statement","supports","dedicated_physical_module","","","Collective communication","","source_checked","trainium2_pilot","","","AFP-ASSERT-FACT-AWS-TRN2-CAP-COLLECTIVE-HW-LEVEL-S01","draft","从试填草稿的证据定位结构化；未在本任务重新联网"
"ASSERT-FACT-AWS-TRN2-CAP-COLLECTIVE-NKI-LEVEL-S08","FACT-AWS-TRN2-CAP-COLLECTIVE-NKI-LEVEL","SRC-AWS-TRN2-S08","architecture_mechanism","direct_statement","supports","library_implementation","","","NKI Collectives","","source_checked","trainium2_pilot","","","AFP-ASSERT-FACT-AWS-TRN2-CAP-COLLECTIVE-NKI-LEVEL-S08","draft","从试填草稿的证据定位结构化；未在本任务重新联网"
"ASSERT-FACT-AWS-TRN2-CAP-TOPK-NKI-LEVEL-S13","FACT-AWS-TRN2-CAP-TOPK-NKI-LEVEL","SRC-AWS-TRN2-S13","architecture_mechanism","direct_statement","supports","library_implementation","","","Background / API Reference","","source_checked","trainium2_pilot","","","AFP-ASSERT-FACT-AWS-TRN2-CAP-TOPK-NKI-LEVEL-S13","draft","从试填草稿的证据定位结构化；未在本任务重新联网"
"ASSERT-FACT-AWS-TRN2-CAP-MOE-NKI-LEVEL-S12","FACT-AWS-TRN2-CAP-MOE-NKI-LEVEL","SRC-AWS-TRN2-S12","architecture_mechanism","direct_statement","supports","library_implementation","","","body","","source_checked","trainium2_pilot","","","AFP-ASSERT-FACT-AWS-TRN2-CAP-MOE-NKI-LEVEL-S12","draft","从试填草稿的证据定位结构化；未在本任务重新联网"
"ASSERT-FACT-AWS-TRN2-CAP-DMA-COMPRESS-LEVEL-S01","FACT-AWS-TRN2-CAP-DMA-COMPRESS-LEVEL","SRC-AWS-TRN2-S01","architecture_mechanism","direct_statement","supports","configurable_engine","","","Trainium2 chip components","","source_checked","trainium2_pilot","","","AFP-ASSERT-FACT-AWS-TRN2-CAP-DMA-COMPRESS-LEVEL-S01","draft","从试填草稿的证据定位结构化；未在本任务重新联网"
"ASSERT-FACT-AWS-TRN2-CAP-DMA-DECOMPRESS-LEVEL-S01","FACT-AWS-TRN2-CAP-DMA-DECOMPRESS-LEVEL","SRC-AWS-TRN2-S01","architecture_mechanism","direct_statement","supports","configurable_engine","","","Trainium2 chip components","","source_checked","trainium2_pilot","","","AFP-ASSERT-FACT-AWS-TRN2-CAP-DMA-DECOMPRESS-LEVEL-S01","draft","从试填草稿的证据定位结构化；未在本任务重新联网"
"ASSERT-FACT-AWS-TRN2-48XL-FP8-DENSE-S06","FACT-AWS-TRN2-48XL-FP8-DENSE","SRC-AWS-TRN2-S06","core_spec","direct_statement","supports","","20.8","PFLOPS","Trn2 instance specifications","","source_checked","trainium2_pilot","","","AFP-ASSERT-FACT-AWS-TRN2-48XL-FP8-DENSE-S06","draft","从试填草稿的证据定位结构化；未在本任务重新联网"
"ASSERT-FACT-AWS-TRN2-48XL-BF16-DENSE-S06","FACT-AWS-TRN2-48XL-BF16-DENSE","SRC-AWS-TRN2-S06","core_spec","direct_statement","supports","","10.7","PFLOPS","Trn2 instance specifications","","source_checked","trainium2_pilot","","","AFP-ASSERT-FACT-AWS-TRN2-48XL-BF16-DENSE-S06","draft","从试填草稿的证据定位结构化；未在本任务重新联网"
"ASSERT-FACT-AWS-TRN2-48XL-FP16-DENSE-S06","FACT-AWS-TRN2-48XL-FP16-DENSE","SRC-AWS-TRN2-S06","core_spec","direct_statement","supports","","10.7","PFLOPS","Trn2 instance specifications","","source_checked","trainium2_pilot","","","AFP-ASSERT-FACT-AWS-TRN2-48XL-FP16-DENSE-S06","draft","从试填草稿的证据定位结构化；未在本任务重新联网"
"ASSERT-FACT-AWS-TRN2-48XL-TF32-DENSE-S06","FACT-AWS-TRN2-48XL-TF32-DENSE","SRC-AWS-TRN2-S06","core_spec","direct_statement","supports","","10.7","PFLOPS","Trn2 instance specifications","","source_checked","trainium2_pilot","","","AFP-ASSERT-FACT-AWS-TRN2-48XL-TF32-DENSE-S06","draft","从试填草稿的证据定位结构化；未在本任务重新联网"
"ASSERT-FACT-AWS-TRN2-48XL-FP32-DENSE-S06","FACT-AWS-TRN2-48XL-FP32-DENSE","SRC-AWS-TRN2-S06","core_spec","direct_statement","supports","","2.9","PFLOPS","Trn2 instance specifications","","source_checked","trainium2_pilot","","","AFP-ASSERT-FACT-AWS-TRN2-48XL-FP32-DENSE-S06","draft","从试填草稿的证据定位结构化；未在本任务重新联网"
"ASSERT-FACT-AWS-TRN2-48XL-FP8-SPARSE-S06","FACT-AWS-TRN2-48XL-FP8-SPARSE","SRC-AWS-TRN2-S06","conflict_evidence","direct_statement","supports","","41","PFLOPS","Trn2 instance specifications","","source_checked","trainium2_pilot","","","AFP-ASSERT-FACT-AWS-TRN2-48XL-FP8-SPARSE-S06","draft","从试填草稿的证据定位结构化；未在本任务重新联网"
"ASSERT-FACT-AWS-TRN2-48XL-BF16-SPARSE-S06","FACT-AWS-TRN2-48XL-BF16-SPARSE","SRC-AWS-TRN2-S06","conflict_evidence","direct_statement","supports","","41","PFLOPS","Trn2 instance specifications","","source_checked","trainium2_pilot","","","AFP-ASSERT-FACT-AWS-TRN2-48XL-BF16-SPARSE-S06","draft","从试填草稿的证据定位结构化；未在本任务重新联网"
"ASSERT-FACT-AWS-TRN2-48XL-FP16-SPARSE-S06","FACT-AWS-TRN2-48XL-FP16-SPARSE","SRC-AWS-TRN2-S06","conflict_evidence","direct_statement","supports","","41","PFLOPS","Trn2 instance specifications","","source_checked","trainium2_pilot","","","AFP-ASSERT-FACT-AWS-TRN2-48XL-FP16-SPARSE-S06","draft","从试填草稿的证据定位结构化；未在本任务重新联网"
"ASSERT-FACT-AWS-TRN2-48XL-TF32-SPARSE-S06","FACT-AWS-TRN2-48XL-TF32-SPARSE","SRC-AWS-TRN2-S06","conflict_evidence","direct_statement","supports","","41","PFLOPS","Trn2 instance specifications","","source_checked","trainium2_pilot","","","AFP-ASSERT-FACT-AWS-TRN2-48XL-TF32-SPARSE-S06","draft","从试填草稿的证据定位结构化；未在本任务重新联网"
"ASSERT-FACT-AWS-TRN2-48XL-FP8-SPARSE-HIST2024-S10","FACT-AWS-TRN2-48XL-FP8-SPARSE-HIST2024","SRC-AWS-TRN2-S10","conflict_evidence","direct_statement","supports","","83.2","PFLOPS","launch post sparse instance compute","","source_checked","trainium2_pilot","","","AFP-ASSERT-FACT-AWS-TRN2-48XL-FP8-SPARSE-HIST2024-S10","draft","从试填草稿的证据定位结构化；未在本任务重新联网"
"ASSERT-FACT-AWS-TRN2-48XL-BF16-SPARSE-HIST2024-S10","FACT-AWS-TRN2-48XL-BF16-SPARSE-HIST2024","SRC-AWS-TRN2-S10","conflict_evidence","direct_statement","supports","","83.2","PFLOPS","launch post sparse instance compute","","source_checked","trainium2_pilot","","","AFP-ASSERT-FACT-AWS-TRN2-48XL-BF16-SPARSE-HIST2024-S10","draft","从试填草稿的证据定位结构化；未在本任务重新联网"
"ASSERT-FACT-AWS-TRN2-48XL-FP16-SPARSE-HIST2024-S10","FACT-AWS-TRN2-48XL-FP16-SPARSE-HIST2024","SRC-AWS-TRN2-S10","conflict_evidence","direct_statement","supports","","83.2","PFLOPS","launch post sparse instance compute","","source_checked","trainium2_pilot","","","AFP-ASSERT-FACT-AWS-TRN2-48XL-FP16-SPARSE-HIST2024-S10","draft","从试填草稿的证据定位结构化；未在本任务重新联网"
"ASSERT-FACT-AWS-TRN2-48XL-TF32-SPARSE-HIST2024-S10","FACT-AWS-TRN2-48XL-TF32-SPARSE-HIST2024","SRC-AWS-TRN2-S10","conflict_evidence","direct_statement","supports","","83.2","PFLOPS","launch post sparse instance compute","","source_checked","trainium2_pilot","","","AFP-ASSERT-FACT-AWS-TRN2-48XL-TF32-SPARSE-HIST2024-S10","draft","从试填草稿的证据定位结构化；未在本任务重新联网"
"ASSERT-FACT-AWS-TRN2-TRN2U-48XL-FP8-DENSE-S06","FACT-AWS-TRN2-TRN2U-48XL-FP8-DENSE","SRC-AWS-TRN2-S06","core_spec","direct_statement","supports","","20.8","PFLOPS","Trn2 instance specifications","","source_checked","trainium2_pilot","","","AFP-ASSERT-FACT-AWS-TRN2-TRN2U-48XL-FP8-DENSE-S06","draft","从试填草稿的证据定位结构化；未在本任务重新联网"
"ASSERT-FACT-AWS-TRN2-TRN2U-48XL-BF16-DENSE-S06","FACT-AWS-TRN2-TRN2U-48XL-BF16-DENSE","SRC-AWS-TRN2-S06","core_spec","direct_statement","supports","","10.7","PFLOPS","Trn2 instance specifications","","source_checked","trainium2_pilot","","","AFP-ASSERT-FACT-AWS-TRN2-TRN2U-48XL-BF16-DENSE-S06","draft","从试填草稿的证据定位结构化；未在本任务重新联网"
"ASSERT-FACT-AWS-TRN2-TRN2U-48XL-FP16-DENSE-S06","FACT-AWS-TRN2-TRN2U-48XL-FP16-DENSE","SRC-AWS-TRN2-S06","core_spec","direct_statement","supports","","10.7","PFLOPS","Trn2 instance specifications","","source_checked","trainium2_pilot","","","AFP-ASSERT-FACT-AWS-TRN2-TRN2U-48XL-FP16-DENSE-S06","draft","从试填草稿的证据定位结构化；未在本任务重新联网"
"ASSERT-FACT-AWS-TRN2-TRN2U-48XL-TF32-DENSE-S06","FACT-AWS-TRN2-TRN2U-48XL-TF32-DENSE","SRC-AWS-TRN2-S06","core_spec","direct_statement","supports","","10.7","PFLOPS","Trn2 instance specifications","","source_checked","trainium2_pilot","","","AFP-ASSERT-FACT-AWS-TRN2-TRN2U-48XL-TF32-DENSE-S06","draft","从试填草稿的证据定位结构化；未在本任务重新联网"
"ASSERT-FACT-AWS-TRN2-TRN2U-48XL-FP32-DENSE-S06","FACT-AWS-TRN2-TRN2U-48XL-FP32-DENSE","SRC-AWS-TRN2-S06","core_spec","direct_statement","supports","","2.9","PFLOPS","Trn2 instance specifications","","source_checked","trainium2_pilot","","","AFP-ASSERT-FACT-AWS-TRN2-TRN2U-48XL-FP32-DENSE-S06","draft","从试填草稿的证据定位结构化；未在本任务重新联网"
"ASSERT-FACT-AWS-TRN2-TRN2U-48XL-FP8-SPARSE-S06","FACT-AWS-TRN2-TRN2U-48XL-FP8-SPARSE","SRC-AWS-TRN2-S06","conflict_evidence","direct_statement","supports","","41","PFLOPS","Trn2 instance specifications","","source_checked","trainium2_pilot","","","AFP-ASSERT-FACT-AWS-TRN2-TRN2U-48XL-FP8-SPARSE-S06","draft","从试填草稿的证据定位结构化；未在本任务重新联网"
"ASSERT-FACT-AWS-TRN2-TRN2U-48XL-BF16-SPARSE-S06","FACT-AWS-TRN2-TRN2U-48XL-BF16-SPARSE","SRC-AWS-TRN2-S06","conflict_evidence","direct_statement","supports","","41","PFLOPS","Trn2 instance specifications","","source_checked","trainium2_pilot","","","AFP-ASSERT-FACT-AWS-TRN2-TRN2U-48XL-BF16-SPARSE-S06","draft","从试填草稿的证据定位结构化；未在本任务重新联网"
"ASSERT-FACT-AWS-TRN2-TRN2U-48XL-FP16-SPARSE-S06","FACT-AWS-TRN2-TRN2U-48XL-FP16-SPARSE","SRC-AWS-TRN2-S06","conflict_evidence","direct_statement","supports","","41","PFLOPS","Trn2 instance specifications","","source_checked","trainium2_pilot","","","AFP-ASSERT-FACT-AWS-TRN2-TRN2U-48XL-FP16-SPARSE-S06","draft","从试填草稿的证据定位结构化；未在本任务重新联网"
"ASSERT-FACT-AWS-TRN2-TRN2U-48XL-TF32-SPARSE-S06","FACT-AWS-TRN2-TRN2U-48XL-TF32-SPARSE","SRC-AWS-TRN2-S06","conflict_evidence","direct_statement","supports","","41","PFLOPS","Trn2 instance specifications","","source_checked","trainium2_pilot","","","AFP-ASSERT-FACT-AWS-TRN2-TRN2U-48XL-TF32-SPARSE-S06","draft","从试填草稿的证据定位结构化；未在本任务重新联网"
"ASSERT-FACT-AWS-TRN2-TRN2U-48XL-FP8-SPARSE-HIST2024-S10","FACT-AWS-TRN2-TRN2U-48XL-FP8-SPARSE-HIST2024","SRC-AWS-TRN2-S10","conflict_evidence","direct_statement","supports","","83.2","PFLOPS","launch post sparse instance compute","","source_checked","trainium2_pilot","","","AFP-ASSERT-FACT-AWS-TRN2-TRN2U-48XL-FP8-SPARSE-HIST2024-S10","draft","从试填草稿的证据定位结构化；未在本任务重新联网"
"ASSERT-FACT-AWS-TRN2-TRN2U-48XL-BF16-SPARSE-HIST2024-S10","FACT-AWS-TRN2-TRN2U-48XL-BF16-SPARSE-HIST2024","SRC-AWS-TRN2-S10","conflict_evidence","direct_statement","supports","","83.2","PFLOPS","launch post sparse instance compute","","source_checked","trainium2_pilot","","","AFP-ASSERT-FACT-AWS-TRN2-TRN2U-48XL-BF16-SPARSE-HIST2024-S10","draft","从试填草稿的证据定位结构化；未在本任务重新联网"
"ASSERT-FACT-AWS-TRN2-TRN2U-48XL-FP16-SPARSE-HIST2024-S10","FACT-AWS-TRN2-TRN2U-48XL-FP16-SPARSE-HIST2024","SRC-AWS-TRN2-S10","conflict_evidence","direct_statement","supports","","83.2","PFLOPS","launch post sparse instance compute","","source_checked","trainium2_pilot","","","AFP-ASSERT-FACT-AWS-TRN2-TRN2U-48XL-FP16-SPARSE-HIST2024-S10","draft","从试填草稿的证据定位结构化；未在本任务重新联网"
"ASSERT-FACT-AWS-TRN2-TRN2U-48XL-TF32-SPARSE-HIST2024-S10","FACT-AWS-TRN2-TRN2U-48XL-TF32-SPARSE-HIST2024","SRC-AWS-TRN2-S10","conflict_evidence","direct_statement","supports","","83.2","PFLOPS","launch post sparse instance compute","","source_checked","trainium2_pilot","","","AFP-ASSERT-FACT-AWS-TRN2-TRN2U-48XL-TF32-SPARSE-HIST2024-S10","draft","从试填草稿的证据定位结构化；未在本任务重新联网"
"ASSERT-FACT-AWS-TRN2-ULTRA64-FP8-DENSE-S06","FACT-AWS-TRN2-ULTRA64-FP8-DENSE","SRC-AWS-TRN2-S06","core_spec","direct_statement","supports","","83.2","PFLOPS","Trn2 instance specifications","","source_checked","trainium2_pilot","","","AFP-ASSERT-FACT-AWS-TRN2-ULTRA64-FP8-DENSE-S06","draft","从试填草稿的证据定位结构化；未在本任务重新联网"
"ASSERT-FACT-AWS-TRN2-ULTRA64-BF16-DENSE-S06","FACT-AWS-TRN2-ULTRA64-BF16-DENSE","SRC-AWS-TRN2-S06","core_spec","direct_statement","supports","","42.8","PFLOPS","Trn2 instance specifications","","source_checked","trainium2_pilot","","","AFP-ASSERT-FACT-AWS-TRN2-ULTRA64-BF16-DENSE-S06","draft","从试填草稿的证据定位结构化；未在本任务重新联网"
"ASSERT-FACT-AWS-TRN2-ULTRA64-FP16-DENSE-S06","FACT-AWS-TRN2-ULTRA64-FP16-DENSE","SRC-AWS-TRN2-S06","core_spec","direct_statement","supports","","42.8","PFLOPS","Trn2 instance specifications","","source_checked","trainium2_pilot","","","AFP-ASSERT-FACT-AWS-TRN2-ULTRA64-FP16-DENSE-S06","draft","从试填草稿的证据定位结构化；未在本任务重新联网"
"ASSERT-FACT-AWS-TRN2-ULTRA64-TF32-DENSE-S06","FACT-AWS-TRN2-ULTRA64-TF32-DENSE","SRC-AWS-TRN2-S06","core_spec","direct_statement","supports","","42.8","PFLOPS","Trn2 instance specifications","","source_checked","trainium2_pilot","","","AFP-ASSERT-FACT-AWS-TRN2-ULTRA64-TF32-DENSE-S06","draft","从试填草稿的证据定位结构化；未在本任务重新联网"
"ASSERT-FACT-AWS-TRN2-ULTRA64-FP32-DENSE-S06","FACT-AWS-TRN2-ULTRA64-FP32-DENSE","SRC-AWS-TRN2-S06","core_spec","direct_statement","supports","","11.6","PFLOPS","Trn2 instance specifications","","source_checked","trainium2_pilot","","","AFP-ASSERT-FACT-AWS-TRN2-ULTRA64-FP32-DENSE-S06","draft","从试填草稿的证据定位结构化；未在本任务重新联网"
"ASSERT-FACT-AWS-TRN2-ULTRA64-FP8-SPARSE-S06","FACT-AWS-TRN2-ULTRA64-FP8-SPARSE","SRC-AWS-TRN2-S06","conflict_evidence","direct_statement","supports","","164","PFLOPS","Trn2 instance specifications","","source_checked","trainium2_pilot","","","AFP-ASSERT-FACT-AWS-TRN2-ULTRA64-FP8-SPARSE-S06","draft","从试填草稿的证据定位结构化；未在本任务重新联网"
"ASSERT-FACT-AWS-TRN2-ULTRA64-BF16-SPARSE-S06","FACT-AWS-TRN2-ULTRA64-BF16-SPARSE","SRC-AWS-TRN2-S06","conflict_evidence","direct_statement","supports","","164","PFLOPS","Trn2 instance specifications","","source_checked","trainium2_pilot","","","AFP-ASSERT-FACT-AWS-TRN2-ULTRA64-BF16-SPARSE-S06","draft","从试填草稿的证据定位结构化；未在本任务重新联网"
"ASSERT-FACT-AWS-TRN2-ULTRA64-FP16-SPARSE-S06","FACT-AWS-TRN2-ULTRA64-FP16-SPARSE","SRC-AWS-TRN2-S06","conflict_evidence","direct_statement","supports","","164","PFLOPS","Trn2 instance specifications","","source_checked","trainium2_pilot","","","AFP-ASSERT-FACT-AWS-TRN2-ULTRA64-FP16-SPARSE-S06","draft","从试填草稿的证据定位结构化；未在本任务重新联网"
"ASSERT-FACT-AWS-TRN2-ULTRA64-TF32-SPARSE-S06","FACT-AWS-TRN2-ULTRA64-TF32-SPARSE","SRC-AWS-TRN2-S06","conflict_evidence","direct_statement","supports","","164","PFLOPS","Trn2 instance specifications","","source_checked","trainium2_pilot","","","AFP-ASSERT-FACT-AWS-TRN2-ULTRA64-TF32-SPARSE-S06","draft","从试填草稿的证据定位结构化；未在本任务重新联网"
"ASSERT-FACT-AWS-TRN2-ARCH-SW-RUNTIME-S14","FACT-AWS-TRN2-ARCH-SW-RUNTIME","SRC-AWS-TRN2-S14","status_version","direct_statement","supports","AWS Neuron SDK","","","title and body","","source_checked","trainium2_pilot","","","AFP-ASSERT-FACT-AWS-TRN2-ARCH-SW-RUNTIME-S14","draft","从试填草稿的证据定位结构化；未在本任务重新联网"
"ASSERT-FACT-AWS-TRN2-ARCH-SW-MODEL-S07","FACT-AWS-TRN2-ARCH-SW-MODEL","SRC-AWS-TRN2-S07","architecture_mechanism","direct_statement","supports","PyTorch, JAX, Hugging Face, NKI, NxD","","","Built for Developers","","source_checked","trainium2_pilot","","","AFP-ASSERT-FACT-AWS-TRN2-ARCH-SW-MODEL-S07","draft","从试填草稿的证据定位结构化；未在本任务重新联网"
"ASSERT-AWS-TRN2-ARCH-RELEASE-DATE-S11","FACT-AWS-TRN2-ARCH-RELEASE-DATE","SRC-AWS-TRN2-S11","status_version","direct_statement","supports","2023-11-28","","","page header date and Trainium2 announcement section","","independently_reviewed","trainium2_pilot","root","2026-08-12","FACT-AWS-TRN2-ARCH-RELEASE-DATE|SRC-AWS-TRN2-S11|2023-11-28","reviewed","总控从 2026-08-12 保存的 AWS 官方 HTML 快照复核日期和 Trainium2 正文。"
"ASSERT-CAMBRICON-MLU590-VENDOR-WAIC-2022","FACT-CAMBRICON-MLU590-VENDOR","SRC-2022-CAMBRICON-WAIC-MLU590","identity","direct_statement","supports","寒武纪","","","Page title, publisher and body; dated 2022-09-02","寒武纪","source_checked","mlu590_remediation","","2026-08-12","FACT-CAMBRICON-MLU590-VENDOR|SRC-2022-CAMBRICON-WAIC-MLU590|supports","draft",""
"ASSERT-CAMBRICON-MLU590-NAME-WAIC-2022","FACT-CAMBRICON-MLU590-OFFICIAL-NAME-2022","SRC-2022-CAMBRICON-WAIC-MLU590","identity","direct_statement","supports","思元590","","","Paragraph beginning 在演讲的最后; dated 2022-09-02","云端智能训练芯片思元590","source_checked","mlu590_remediation","","2026-08-12","FACT-CAMBRICON-MLU590-OFFICIAL-NAME-2022|SRC-2022-CAMBRICON-WAIC-MLU590|supports","draft","Does not support the MLU590 alias."
"ASSERT-CAMBRICON-MLU590-OBJECT-TYPE-WAIC-2022","FACT-CAMBRICON-MLU590-OBJECT-TYPE-2022","SRC-2022-CAMBRICON-WAIC-MLU590","identity","direct_statement","qualifies","云端智能训练芯片","","","Paragraph beginning 在演讲的最后; dated 2022-09-02","云端智能训练芯片思元590","source_checked","mlu590_remediation","","2026-08-12","FACT-CAMBRICON-MLU590-OBJECT-TYPE-2022|SRC-2022-CAMBRICON-WAIC-MLU590|qualifies","draft","The package normalization is curatorial; the source only says chip."
"ASSERT-CAMBRICON-MLU590-POSITIONING-WAIC-2022","FACT-CAMBRICON-MLU590-POSITIONING-2022","SRC-2022-CAMBRICON-WAIC-MLU590","identity","direct_statement","supports","全新一代云端智能训练芯片","","","Paragraph beginning 在演讲的最后; dated 2022-09-02","全新一代云端智能训练芯片思元590","source_checked","mlu590_remediation","","2026-08-12","FACT-CAMBRICON-MLU590-POSITIONING-2022|SRC-2022-CAMBRICON-WAIC-MLU590|supports","draft","Historical vendor positioning."
"ASSERT-CAMBRICON-MLU590-STATUS-WAIC-2022","FACT-CAMBRICON-MLU590-STATUS-2022","SRC-2022-CAMBRICON-WAIC-MLU590","status_version","direct_statement","qualifies","在研","","","Paragraph beginning 在演讲的最后; dated 2022-09-02","在研的三款“车云”新品","source_checked","mlu590_remediation","","2026-08-12","FACT-CAMBRICON-MLU590-STATUS-2022|SRC-2022-CAMBRICON-WAIC-MLU590|qualifies","draft","Normalized to announced only provisionally; no release or availability claim."
"ASSERT-CAMBRICON-MLUARCH05-NAME-WAIC-2022","FACT-CAMBRICON-MLUARCH05-OFFICIAL-NAME","SRC-2022-CAMBRICON-WAIC-MLU590","architecture_mechanism","direct_statement","supports","MLUarch05","","","Paragraph beginning 据介绍; dated 2022-09-02","思元590采用MLUarch05全新架构","source_checked","mlu590_remediation","","2026-08-12","FACT-CAMBRICON-MLUARCH05-OFFICIAL-NAME|SRC-2022-CAMBRICON-WAIC-MLU590|supports","draft","Does not assert equivalence with BANG v5.0, compute_50 or mtp_592."
"ASSERT-CAMBRICON-MLU590-MLUOPS-TARGET-67B3707F","FACT-CAMBRICON-MLU590-MLUOPS-BUILD-TARGET-67B3707F","SRC-CAMBRICON-MLU-OPS-COMMIT-67B3707F","architecture_mechanism","direct_statement","supports","--mlu590, Build for target product MLU590: __BANG_ARCH__ = 592","","","independent_build.sh lines 123-126 at commit 67b3707f9ce55718490534955903a007ae86f517","Build for target product MLU590","source_checked","mlu590_remediation","","2026-08-12","FACT-CAMBRICON-MLU590-MLUOPS-BUILD-TARGET-67B3707F|SRC-CAMBRICON-MLU-OPS-COMMIT-67B3707F|supports|independent_build.sh:123-126","draft","The adjacent NRAM, WRAM and SRAM macros are not physical-capacity assertions."
"ASSERT-AWS-TRN2-S14-NEURON-2-21-FIRST-SUPPORT","FACT-AWS-TRN2-ARCH-SW-RUNTIME","SRC-AWS-TRN2-S14","status_version","direct_statement","qualifies","AWS Neuron 2.21 adds support for Trainium2 and Trn2 instances","","","title and body; published 2024-12-23","","source_checked","root_postmerge_remediation","root","2026-08-12","AFP-AWS-TRN2-S14-NEURON-2-21-FIRST-SUPPORT","reviewed","保留 S14 的独有历史版本职责；不把版本发布日期误写成芯片供货日期。"
"ASRT-GROQ-LPU1-NAME","FACT-GROQ-LPU1-NAME","SRC-GROQ-TSP-ISCA2020","identity","direct_statement","supports","First-generation Groq Tensor Streaming Processor architecture","","","PDF p.12, Conclusion","Source directly states the recorded mechanism or configuration value.","source_checked","M2-GHC-ARCH","","2026-08-12","M2-GHC-ARCH|ASRT|FACT-GROQ-LPU1-NAME","draft","中文卡片使用释义；此行保留原文定位"
"ASRT-GROQ-LPU1-EXECUTION","FACT-GROQ-LPU1-EXECUTION","SRC-GROQ-TSP-ISCA2020","architecture_mechanism","direct_statement","supports","Statically scheduled, compiler-orchestrated spatial execution without caches or arbiters","","","PDF pp.1-3, architecture overview","Source directly states the recorded mechanism or configuration value.","source_checked","M2-GHC-ARCH","","2026-08-12","M2-GHC-ARCH|ASRT|FACT-GROQ-LPU1-EXECUTION","draft","中文卡片使用释义；此行保留原文定位"
"ASRT-GROQ-LPU1-MXM-INT8-OPERANDS","FACT-GROQ-LPU1-MXM-INT8-OPERANDS","SRC-GROQ-TSP-ISCA2020","architecture_mechanism","direct_statement","supports","INT8","","","PDF pp.9-10, Data Types and MXM","Source directly states the recorded mechanism or configuration value.","source_checked","M2-GHC-ARCH","","2026-08-12","M2-GHC-ARCH|ASRT|FACT-GROQ-LPU1-MXM-INT8-OPERANDS","draft","中文卡片使用释义；此行保留原文定位"
"ASRT-GROQ-LPU1-MXM-INT8-ACCUM","FACT-GROQ-LPU1-MXM-INT8-ACCUM","SRC-GROQ-TSP-ISCA2020","architecture_mechanism","direct_statement","supports","INT32","","","PDF pp.9-10, Data Types and MXM","Source directly states the recorded mechanism or configuration value.","source_checked","M2-GHC-ARCH","","2026-08-12","M2-GHC-ARCH|ASRT|FACT-GROQ-LPU1-MXM-INT8-ACCUM","draft","中文卡片使用释义；此行保留原文定位"
"ASRT-GROQ-LPU1-MXM-FP16-OPERANDS","FACT-GROQ-LPU1-MXM-FP16-OPERANDS","SRC-GROQ-TSP-ISCA2020","architecture_mechanism","direct_statement","supports","FP16","","","PDF pp.9-10, Data Types and MXM","Source directly states the recorded mechanism or configuration value.","source_checked","M2-GHC-ARCH","","2026-08-12","M2-GHC-ARCH|ASRT|FACT-GROQ-LPU1-MXM-FP16-OPERANDS","draft","中文卡片使用释义；此行保留原文定位"
"ASRT-GROQ-LPU1-MXM-FP16-ACCUM","FACT-GROQ-LPU1-MXM-FP16-ACCUM","SRC-GROQ-TSP-ISCA2020","architecture_mechanism","direct_statement","supports","FP32","","","PDF pp.9-10, Data Types and MXM","Source directly states the recorded mechanism or configuration value.","source_checked","M2-GHC-ARCH","","2026-08-12","M2-GHC-ARCH|ASRT|FACT-GROQ-LPU1-MXM-FP16-ACCUM","draft","中文卡片使用释义；此行保留原文定位"
"ASRT-GROQ-LPU1-SXM-FUNCTION","FACT-GROQ-LPU1-SXM-FUNCTION","SRC-GROQ-TSP-ISCA2020","architecture_mechanism","direct_statement","supports","Vector permutation, rotation, distribution and transformation","","","PDF pp.4, 9, SXM description","Source directly states the recorded mechanism or configuration value.","source_checked","M2-GHC-ARCH","","2026-08-12","M2-GHC-ARCH|ASRT|FACT-GROQ-LPU1-SXM-FUNCTION","draft","中文卡片使用释义；此行保留原文定位"
"ASRT-GROQ-LPU1-SW-MAPPING","FACT-GROQ-LPU1-SW-MAPPING","SRC-GROQ-TSP-ISCA2020","architecture_mechanism","direct_statement","supports","Compiler explicitly schedules instructions, data movement and functional slices","","","PDF pp.3-5, compiler scheduling","Source directly states the recorded mechanism or configuration value.","source_checked","M2-GHC-ARCH","","2026-08-12","M2-GHC-ARCH|ASRT|FACT-GROQ-LPU1-SW-MAPPING","draft","中文卡片使用释义；此行保留原文定位"
"ASRT-NVG3-NAME","FACT-NVG3-NAME","SRC-NVG3-ARCH-BLOG-2026-03-16","identity","direct_statement","supports","NVIDIA Groq 3 LPU architecture","","","Section First look at the architecture","Source directly states the recorded mechanism or configuration value.","source_checked","M2-GHC-ARCH","","2026-08-12","M2-GHC-ARCH|ASRT|FACT-NVG3-NAME","draft","中文卡片使用释义；此行保留原文定位"
"ASRT-NVG3-EXECUTION","FACT-NVG3-EXECUTION","SRC-NVG3-ARCH-BLOG-2026-03-16","architecture_mechanism","direct_statement","supports","Deterministic compiler-orchestrated spatial execution with explicit overlap of memory, compute and communication","","","Section Deterministic, compiler-orchestrated execution","Source directly states the recorded mechanism or configuration value.","source_checked","M2-GHC-ARCH","","2026-08-12","M2-GHC-ARCH|ASRT|FACT-NVG3-EXECUTION","draft","中文卡片使用释义；此行保留原文定位"
"ASRT-NVG3-INSTRUCTION-TILE","FACT-NVG3-INSTRUCTION-TILE","SRC-NVG3-ARCH-BLOG-2026-03-16","architecture_mechanism","direct_statement","supports","320-byte vectors for compute and communication","","","Section Tensor-first compute and explicit data movement","Source directly states the recorded mechanism or configuration value.","source_checked","M2-GHC-ARCH","","2026-08-12","M2-GHC-ARCH|ASRT|FACT-NVG3-INSTRUCTION-TILE","draft","中文卡片使用释义；此行保留原文定位"
"ASRT-NVG3-MXM-FUNCTION","FACT-NVG3-MXM-FUNCTION","SRC-NVG3-ARCH-BLOG-2026-03-16","architecture_mechanism","direct_statement","supports","Dense multiply-accumulate on fixed data types; exact types not stated","","","Section Tensor-first compute and explicit data movement","Source directly states the recorded mechanism or configuration value.","source_checked","M2-GHC-ARCH","","2026-08-12","M2-GHC-ARCH|ASRT|FACT-NVG3-MXM-FUNCTION","draft","中文卡片使用释义；此行保留原文定位"
"ASRT-NVG3-VXM-FUNCTION","FACT-NVG3-VXM-FUNCTION","SRC-NVG3-ARCH-BLOG-2026-03-16","architecture_mechanism","direct_statement","supports","Pointwise arithmetic, data conversion and activation functions","","","Section Tensor-first compute and explicit data movement","Source directly states the recorded mechanism or configuration value.","source_checked","M2-GHC-ARCH","","2026-08-12","M2-GHC-ARCH|ASRT|FACT-NVG3-VXM-FUNCTION","draft","中文卡片使用释义；此行保留原文定位"
"ASRT-NVG3-SXM-FUNCTION","FACT-NVG3-SXM-FUNCTION","SRC-NVG3-ARCH-BLOG-2026-03-16","architecture_mechanism","direct_statement","supports","Permutation, rotation, distribution and transposition of vectors","","","Section Tensor-first compute and explicit data movement","Source directly states the recorded mechanism or configuration value.","source_checked","M2-GHC-ARCH","","2026-08-12","M2-GHC-ARCH|ASRT|FACT-NVG3-SXM-FUNCTION","draft","中文卡片使用释义；此行保留原文定位"
"ASRT-NVG3-SRAM-MANAGEMENT","FACT-NVG3-SRAM-MANAGEMENT","SRC-NVG3-ARCH-BLOG-2026-03-16","architecture_mechanism","direct_statement","supports","Flat SRAM-first working storage managed by compiler and runtime, not a hardware-managed cache","","","Section MEM enables extreme on-chip memory bandwidth","Source directly states the recorded mechanism or configuration value.","source_checked","M2-GHC-ARCH","","2026-08-12","M2-GHC-ARCH|ASRT|FACT-NVG3-SRAM-MANAGEMENT","draft","中文卡片使用释义；此行保留原文定位"
"ASRT-NVG3-C2C-PROTOCOL","FACT-NVG3-C2C-PROTOCOL","SRC-NVG3-C2C-BLOG-2026-05-14","architecture_mechanism","direct_statement","supports","Plesiosynchronous near-synchronous protocol that compensates for clock drift","","","Section Hardware-driven plesiosynchronous timing","Source directly states the recorded mechanism or configuration value.","source_checked","M2-GHC-ARCH","","2026-08-12","M2-GHC-ARCH|ASRT|FACT-NVG3-C2C-PROTOCOL","draft","中文卡片使用释义；此行保留原文定位"
"ASRT-NVG3-C2C-ROUTING","FACT-NVG3-C2C-ROUTING","SRC-NVG3-C2C-BLOG-2026-05-14","architecture_mechanism","direct_statement","supports","Compiler schedules vectors, routes and arrival timing deterministically","","","Section Compiler-scheduled data movement","Source directly states the recorded mechanism or configuration value.","source_checked","M2-GHC-ARCH","","2026-08-12","M2-GHC-ARCH|ASRT|FACT-NVG3-C2C-ROUTING","draft","中文卡片使用释义；此行保留原文定位"
"ASRT-NVG3-SW-COMPILER","FACT-NVG3-SW-COMPILER","SRC-NVG3-ARCH-BLOG-2026-03-16","architecture_mechanism","direct_statement","supports","Compiler explicitly orchestrates data movement, compute, communication and cross-LPU routes","","","Section Deterministic, compiler-orchestrated execution","Source directly states the recorded mechanism or configuration value.","source_checked","M2-GHC-ARCH","","2026-08-12","M2-GHC-ARCH|ASRT|FACT-NVG3-SW-COMPILER","draft","中文卡片使用释义；此行保留原文定位"
"ASRT-HUAWEI-DV-NAME","FACT-HUAWEI-DV-NAME","SRC-HUAWEI-DAVINCI-HOTCHIPS31-2019","identity","direct_statement","supports","Da Vinci scalable AI Core architecture","","","PDF pp.1, 9, Da Vinci architecture","Source directly states the recorded mechanism or configuration value.","source_checked","M2-GHC-ARCH","","2026-08-12","M2-GHC-ARCH|ASRT|FACT-HUAWEI-DV-NAME","draft","中文卡片使用释义；此行保留原文定位"
"ASRT-HUAWEI-DV-EXECUTION","FACT-HUAWEI-DV-EXECUTION","SRC-HUAWEI-ASCEND-HPCA2021","architecture_mechanism","direct_statement","supports","Scalar control, SIMD vector processing, cube matrix processing and MTE data movement execute through separate queues","","","PDF pp.3-4, AI Core architecture","Source directly states the recorded mechanism or configuration value.","source_checked","M2-GHC-ARCH","","2026-08-12","M2-GHC-ARCH|ASRT|FACT-HUAWEI-DV-EXECUTION","draft","中文卡片使用释义；此行保留原文定位"
"ASRT-HUAWEI-DV-CONCURRENCY","FACT-HUAWEI-DV-CONCURRENCY","SRC-HUAWEI-ASCEND-HPCA2021","architecture_mechanism","direct_statement","supports","Cube, vector and MTE can operate in parallel with barriers for dependency control","","","PDF p.4, AI Core data path and MTE","Source directly states the recorded mechanism or configuration value.","source_checked","M2-GHC-ARCH","","2026-08-12","M2-GHC-ARCH|ASRT|FACT-HUAWEI-DV-CONCURRENCY","draft","中文卡片使用释义；此行保留原文定位"
"ASRT-HUAWEI-DV-CUBE-FP16-OPERAND-A","FACT-HUAWEI-DV-CUBE-FP16-OPERAND-A","SRC-HUAWEI-ASCEND-HPCA2021","architecture_mechanism","direct_statement","supports","FP16","","","PDF p.3, Cube Unit","Source directly states the recorded mechanism or configuration value.","source_checked","M2-GHC-ARCH","","2026-08-12","M2-GHC-ARCH|ASRT|FACT-HUAWEI-DV-CUBE-FP16-OPERAND-A","draft","中文卡片使用释义；此行保留原文定位"
"ASRT-HUAWEI-DV-CUBE-FP16-OPERAND-B","FACT-HUAWEI-DV-CUBE-FP16-OPERAND-B","SRC-HUAWEI-ASCEND-HPCA2021","architecture_mechanism","direct_statement","supports","FP16","","","PDF p.3, Cube Unit","Source directly states the recorded mechanism or configuration value.","source_checked","M2-GHC-ARCH","","2026-08-12","M2-GHC-ARCH|ASRT|FACT-HUAWEI-DV-CUBE-FP16-OPERAND-B","draft","中文卡片使用释义；此行保留原文定位"
"ASRT-HUAWEI-DV-CUBE-FP16-OUTPUT","FACT-HUAWEI-DV-CUBE-FP16-OUTPUT","SRC-HUAWEI-ASCEND-HPCA2021","architecture_mechanism","direct_statement","supports","FP32","","","PDF p.3, Cube Unit","Source directly states the recorded mechanism or configuration value.","source_checked","M2-GHC-ARCH","","2026-08-12","M2-GHC-ARCH|ASRT|FACT-HUAWEI-DV-CUBE-FP16-OUTPUT","draft","中文卡片使用释义；此行保留原文定位"
"ASRT-HUAWEI-DV-CUBE-INT8-OPERAND-A","FACT-HUAWEI-DV-CUBE-INT8-OPERAND-A","SRC-HUAWEI-ASCEND-HPCA2021","architecture_mechanism","direct_statement","supports","INT8","","","PDF p.3, Cube Unit","Source directly states the recorded mechanism or configuration value.","source_checked","M2-GHC-ARCH","","2026-08-12","M2-GHC-ARCH|ASRT|FACT-HUAWEI-DV-CUBE-INT8-OPERAND-A","draft","中文卡片使用释义；此行保留原文定位"
"ASRT-HUAWEI-DV-NUM-CONVERSION","FACT-HUAWEI-DV-NUM-CONVERSION","SRC-HUAWEI-ASCEND-HPCA2021","architecture_mechanism","direct_statement","supports","Conversions among INT32, FP16 and INT8 are supported in the vector path","","","PDF pp.3-4, Vector Unit","Source directly states the recorded mechanism or configuration value.","source_checked","M2-GHC-ARCH","","2026-08-12","M2-GHC-ARCH|ASRT|FACT-HUAWEI-DV-NUM-CONVERSION","draft","中文卡片使用释义；此行保留原文定位"
"ASRT-HUAWEI-DV-MTE-DMA","FACT-HUAWEI-DV-MTE-DMA","SRC-HUAWEI-ASCEND-HPCA2021","architecture_mechanism","direct_statement","supports","Transfers data from L1 to L0A/L0B/L0C and supports zero decompression, img2col and transpose","","","PDF p.4, AI Core data path and MTE","Source directly states the recorded mechanism or configuration value.","source_checked","M2-GHC-ARCH","","2026-08-12","M2-GHC-ARCH|ASRT|FACT-HUAWEI-DV-MTE-DMA","draft","中文卡片使用释义；此行保留原文定位"
"ASRT-HUAWEI-DV-MTE-DECOMP","FACT-HUAWEI-DV-MTE-DECOMP","SRC-HUAWEI-ASCEND-HPCA2021","architecture_mechanism","direct_statement","supports","Zero decompression in the Memory Transfer Engine","","","PDF p.4, AI Core data path and MTE","Source directly states the recorded mechanism or configuration value.","source_checked","M2-GHC-ARCH","","2026-08-12","M2-GHC-ARCH|ASRT|FACT-HUAWEI-DV-MTE-DECOMP","draft","中文卡片使用释义；此行保留原文定位"
"ASRT-HUAWEI-DV-MTE-RESHAPE","FACT-HUAWEI-DV-MTE-RESHAPE","SRC-HUAWEI-ASCEND-HPCA2021","architecture_mechanism","direct_statement","supports","Img2col and transpose in the Memory Transfer Engine","","","PDF p.4, AI Core data path and MTE","Source directly states the recorded mechanism or configuration value.","source_checked","M2-GHC-ARCH","","2026-08-12","M2-GHC-ARCH|ASRT|FACT-HUAWEI-DV-MTE-RESHAPE","draft","中文卡片使用释义；此行保留原文定位"
"ASRT-HUAWEI-DV-SW-PROGRAMMING","FACT-HUAWEI-DV-SW-PROGRAMMING","SRC-HUAWEI-ASCEND-HPCA2021","architecture_mechanism","direct_statement","supports","TBE, TIK and CCE-C interfaces map software to Da Vinci AI Core operations","","","PDF p.9, software stack","Source directly states the recorded mechanism or configuration value.","source_checked","M2-GHC-ARCH","","2026-08-12","M2-GHC-ARCH|ASRT|FACT-HUAWEI-DV-SW-PROGRAMMING","draft","中文卡片使用释义；此行保留原文定位"
"ASRT-GROQ-LPU1-VXM-FUNCTION","FACT-GROQ-LPU1-VXM-FUNCTION","SRC-GROQ-TSP-ISCA2020","architecture_mechanism","direct_statement","supports","Vector arithmetic is executed through a lane-local ALU mesh","","","PDF pp.4, 8, VXM description","Source directly states the recorded mechanism or configuration value.","source_checked","M2-GHC-ARCH","","2026-08-12","M2-GHC-ARCH|ASRT|FACT-GROQ-LPU1-VXM-FUNCTION","draft","中文卡片使用释义；此行保留原文定位"
"ASRT-GROQ-LPU1-MEM-MANAGEMENT","FACT-GROQ-LPU1-MEM-MANAGEMENT","SRC-GROQ-TSP-ISCA2020","architecture_mechanism","direct_statement","supports","Flat global SRAM is explicitly managed by compiler-scheduled data movement rather than a hardware-managed cache","","","PDF pp.1-3, 6, memory model","Source directly states the recorded mechanism or configuration value.","source_checked","M2-GHC-ARCH","","2026-08-12","M2-GHC-ARCH|ASRT|FACT-GROQ-LPU1-MEM-MANAGEMENT","draft","中文卡片使用释义；此行保留原文定位"
"ASRT-GROQ-LPU1-C2C-PROTOCOL","FACT-GROQ-LPU1-C2C-PROTOCOL","SRC-GROQ-TSP-ISCA2020","architecture_mechanism","direct_statement","supports","C2C send and receive instructions move architecture vectors between processors","","","PDF pp.4-5, C2C instructions","Source directly states the recorded mechanism or configuration value.","source_checked","M2-GHC-ARCH","","2026-08-12","M2-GHC-ARCH|ASRT|FACT-GROQ-LPU1-C2C-PROTOCOL","draft","中文卡片使用释义；此行保留原文定位"
"ASRT-GROQ-LPU1-VXM-FP16-SUPPORT","FACT-GROQ-LPU1-VXM-FP16-SUPPORT","SRC-GROQ-GROQCHIP-BRIEF-V1-7","architecture_mechanism","direct_statement","supports","FP16","","","PDF p.2, Technology Specifications / Numerics","Source directly states the recorded mechanism or configuration value.","source_checked","M2-GHC-ARCH","","2026-08-12","M2-GHC-ARCH|ASRT|FACT-GROQ-LPU1-VXM-FP16-SUPPORT","draft","中文卡片使用释义；此行保留原文定位"
"ASRT-GROQ-LPU1-VXM-FP32-SUPPORT","FACT-GROQ-LPU1-VXM-FP32-SUPPORT","SRC-GROQ-GROQCHIP-BRIEF-V1-7","architecture_mechanism","direct_statement","supports","FP32","","","PDF p.2, Technology Specifications / Numerics","Source directly states the recorded mechanism or configuration value.","source_checked","M2-GHC-ARCH","","2026-08-12","M2-GHC-ARCH|ASRT|FACT-GROQ-LPU1-VXM-FP32-SUPPORT","draft","中文卡片使用释义；此行保留原文定位"
