"target_table","operation","primary_key","rationale","dependency_group","risk_level","fragment_file"
"payload_files","insert","最小参考资料库/快照/NVIDIA/GA100/cuda-c-programming-guide-11.0.pdf","Copy the fixed staged payload to the stable formal snapshot path and verify sha256 and byte count before endpoint insertion.","01_payload","high","payload_copies.csv"
"payload_files","insert","最小参考资料库/快照/NVIDIA/GA100/mig-user-guide-610/concepts.html","Copy the fixed staged payload to the stable formal snapshot path and verify sha256 and byte count before endpoint insertion.","01_payload","high","payload_copies.csv"
"payload_files","insert","最小参考资料库/快照/NVIDIA/GA100/mig-user-guide-610/deployment-considerations.html","Copy the fixed staged payload to the stable formal snapshot path and verify sha256 and byte count before endpoint insertion.","01_payload","high","payload_copies.csv"
"payload_files","insert","最小参考资料库/快照/NVIDIA/GA100/mig-user-guide-610/getting-started-with-mig.html","Copy the fixed staged payload to the stable formal snapshot path and verify sha256 and byte count before endpoint insertion.","01_payload","high","payload_copies.csv"
"payload_files","insert","最小参考资料库/快照/NVIDIA/GA100/mig-user-guide-610/introduction.html","Copy the fixed staged payload to the stable formal snapshot path and verify sha256 and byte count before endpoint insertion.","01_payload","high","payload_copies.csv"
"payload_files","insert","最小参考资料库/快照/NVIDIA/GA100/mig-user-guide-610/supported-configurations.html","Copy the fixed staged payload to the stable formal snapshot path and verify sha256 and byte count before endpoint insertion.","01_payload","high","payload_copies.csv"
"payload_files","insert","最小参考资料库/快照/NVIDIA/GA100/mig-user-guide-610/supported-gpus.html","Copy the fixed staged payload to the stable formal snapshot path and verify sha256 and byte count before endpoint insertion.","01_payload","high","payload_copies.csv"
"payload_files","insert","最小参考资料库/快照/NVIDIA/GA100/mig-user-guide-610/supported-mig-profiles.html","Copy the fixed staged payload to the stable formal snapshot path and verify sha256 and byte count before endpoint insertion.","01_payload","high","payload_copies.csv"
"payload_files","insert","最小参考资料库/快照/NVIDIA/GA100/mig-user-guide-610/versions1.json","Copy the fixed staged payload to the stable formal snapshot path and verify sha256 and byte count before endpoint insertion.","01_payload","high","payload_copies.csv"
"payload_files","insert","最小参考资料库/快照/NVIDIA/GA100/mig-user-guide-610/virtualization.html","Copy the fixed staged payload to the stable formal snapshot path and verify sha256 and byte count before endpoint insertion.","01_payload","high","payload_copies.csv"
"payload_files","insert","最小参考资料库/快照/NVIDIA/GA100/nvidia-gpu-mem-error-mgmt-DA-09826-002_v001.pdf","Copy the fixed staged payload to the stable formal snapshot path and verify sha256 and byte count before endpoint insertion.","01_payload","high","payload_copies.csv"
"payload_files","insert","最小参考资料库/快照/NVIDIA/GA100/ptx-isa-7.0.pdf","Copy the fixed staged payload to the stable formal snapshot path and verify sha256 and byte count before endpoint insertion.","01_payload","high","payload_copies.csv"
"payload_files","insert","最小参考资料库/快照/NVIDIA/GA100/ptx-isa-7.2.pdf","Copy the fixed staged payload to the stable formal snapshot path and verify sha256 and byte count before endpoint insertion.","01_payload","high","payload_copies.csv"
"payload_files","insert","最小参考资料库/快照/NVIDIA/GA100/ras-r595-contained-uce-response.html","Copy the fixed staged payload to the stable formal snapshot path and verify sha256 and byte count before endpoint insertion.","01_payload","high","payload_copies.csv"
"payload_files","insert","最小参考资料库/快照/NVIDIA/GA100/ras-r595-dynamic-page-offlining.html","Copy the fixed staged payload to the stable formal snapshot path and verify sha256 and byte count before endpoint insertion.","01_payload","high","payload_copies.csv"
"payload_files","insert","最小参考资料库/快照/NVIDIA/GA100/ras-r595-error-containment.html","Copy the fixed staged payload to the stable formal snapshot path and verify sha256 and byte count before endpoint insertion.","01_payload","high","payload_copies.csv"
"payload_files","insert","最小参考资料库/快照/NVIDIA/GA100/ras-r595-gpu-memory-repair.html","Copy the fixed staged payload to the stable formal snapshot path and verify sha256 and byte count before endpoint insertion.","01_payload","high","payload_copies.csv"
"payload_files","insert","最小参考资料库/快照/NVIDIA/GA100/ras-r595-row-remapping.html","Copy the fixed staged payload to the stable formal snapshot path and verify sha256 and byte count before endpoint insertion.","01_payload","high","payload_copies.csv"
"payload_files","insert","最小参考资料库/快照/NVIDIA/GA100/ras-r595-supported-gpus.html","Copy the fixed staged payload to the stable formal snapshot path and verify sha256 and byte count before endpoint insertion.","01_payload","high","payload_copies.csv"
"最小参考资料库/source-families.csv","insert","SFAM-NVIDIA-A100-IEEE-MICRO-2021","Register one work-level family before its content versions.","02_source_registry","medium","source-families.csv"
"最小参考资料库/source-families.csv","insert","SFAM-NVIDIA-A100-ISSCC-2021","Register one work-level family before its content versions.","02_source_registry","medium","source-families.csv"
"最小参考资料库/source-families.csv","insert","SFAM-NVIDIA-A100-RANDOM-ACCESS-2024","Register one work-level family before its content versions.","02_source_registry","medium","source-families.csv"
"最小参考资料库/source-families.csv","insert","SFAM-NVIDIA-AMPERE-MICROBENCH-2022","Register one work-level family before its content versions.","02_source_registry","medium","source-families.csv"
"最小参考资料库/source-families.csv","insert","SFAM-NVIDIA-CUDA-C-PROGRAMMING-GUIDE","Register one work-level family before its content versions.","02_source_registry","medium","source-families.csv"
"最小参考资料库/source-families.csv","insert","SFAM-NVIDIA-GPU-MEMORY-ERROR-MGMT","Register one work-level family before its content versions.","02_source_registry","medium","source-families.csv"
"最小参考资料库/source-families.csv","insert","SFAM-NVIDIA-MIG-USER-GUIDE","Register one work-level family before its content versions.","02_source_registry","medium","source-families.csv"
"最小参考资料库/source-families.csv","insert","SFAM-NVIDIA-PTX-ISA","Register one work-level family before its content versions.","02_source_registry","medium","source-families.csv"
"最小参考资料库/sources.csv","insert","SRC-NVIDIA-A100-IEEE-MICRO-2021","Register a fixed content version once, independent of endpoint count.","02_source_registry","medium","sources.csv"
"最小参考资料库/sources.csv","insert","SRC-NVIDIA-A100-ISSCC-2021","Register a fixed content version once, independent of endpoint count.","02_source_registry","medium","sources.csv"
"最小参考资料库/sources.csv","insert","SRC-NVIDIA-A100-RANDOM-ACCESS-ARXIV-V1-2024","Register a fixed content version once, independent of endpoint count.","02_source_registry","medium","sources.csv"
"最小参考资料库/sources.csv","insert","SRC-NVIDIA-AMPERE-MICROBENCH-ARXIV-V1-2022","Register a fixed content version once, independent of endpoint count.","02_source_registry","medium","sources.csv"
"最小参考资料库/sources.csv","insert","SRC-NVIDIA-CUDA-C-PROGRAMMING-GUIDE-11-0","Register a fixed content version once, independent of endpoint count.","02_source_registry","medium","sources.csv"
"最小参考资料库/sources.csv","insert","SRC-NVIDIA-GPU-MEM-ERROR-MGMT-DA-09826-002-V001","Register a fixed content version once, independent of endpoint count.","02_source_registry","medium","sources.csv"
"最小参考资料库/sources.csv","insert","SRC-NVIDIA-GPU-MEM-ERROR-MGMT-R595","Register a fixed content version once, independent of endpoint count.","02_source_registry","medium","sources.csv"
"最小参考资料库/sources.csv","insert","SRC-NVIDIA-MIG-USER-GUIDE-610","Register a fixed content version once, independent of endpoint count.","02_source_registry","medium","sources.csv"
"最小参考资料库/sources.csv","insert","SRC-NVIDIA-PTX-ISA-7-0","Register a fixed content version once, independent of endpoint count.","02_source_registry","medium","sources.csv"
"最小参考资料库/sources.csv","insert","SRC-NVIDIA-PTX-ISA-7-2","Register a fixed content version once, independent of endpoint count.","02_source_registry","medium","sources.csv"
"最小参考资料库/source-endpoints.csv","insert","END-NVIDIA-A100-IEEE-MICRO-2021-DOI","Register an access endpoint under one source. Stable local paths depend on the payload-copy group.","03_endpoints","medium","source-endpoints.csv"
"最小参考资料库/source-endpoints.csv","insert","END-NVIDIA-A100-IEEE-MICRO-2021-LOCAL","Register an access endpoint under one source. Stable local paths depend on the payload-copy group.","03_endpoints","medium","source-endpoints.csv"
"最小参考资料库/source-endpoints.csv","insert","END-NVIDIA-A100-ISSCC-2021-DOI","Register an access endpoint under one source. Stable local paths depend on the payload-copy group.","03_endpoints","medium","source-endpoints.csv"
"最小参考资料库/source-endpoints.csv","insert","END-NVIDIA-A100-ISSCC-2021-LOCAL","Register an access endpoint under one source. Stable local paths depend on the payload-copy group.","03_endpoints","medium","source-endpoints.csv"
"最小参考资料库/source-endpoints.csv","insert","END-NVIDIA-A100-RANDOM-ACCESS-ARXIV-V1-ARXIV","Register an access endpoint under one source. Stable local paths depend on the payload-copy group.","03_endpoints","medium","source-endpoints.csv"
"最小参考资料库/source-endpoints.csv","insert","END-NVIDIA-A100-RANDOM-ACCESS-ARXIV-V1-LOCAL","Register an access endpoint under one source. Stable local paths depend on the payload-copy group.","03_endpoints","medium","source-endpoints.csv"
"最小参考资料库/source-endpoints.csv","insert","END-NVIDIA-AMPERE-MICROBENCH-ARXIV-V1-ARXIV","Register an access endpoint under one source. Stable local paths depend on the payload-copy group.","03_endpoints","medium","source-endpoints.csv"
"最小参考资料库/source-endpoints.csv","insert","END-NVIDIA-AMPERE-MICROBENCH-ARXIV-V1-LOCAL","Register an access endpoint under one source. Stable local paths depend on the payload-copy group.","03_endpoints","medium","source-endpoints.csv"
"最小参考资料库/source-endpoints.csv","insert","END-NVIDIA-CUDA-C-PROGRAMMING-GUIDE-11-0-LOCAL","Register an access endpoint under one source. Stable local paths depend on the payload-copy group.","03_endpoints","medium","source-endpoints.csv"
"最小参考资料库/source-endpoints.csv","insert","END-NVIDIA-GPU-MEM-ERROR-MGMT-DA-09826-002-V001-LOCAL","Register an access endpoint under one source. Stable local paths depend on the payload-copy group.","03_endpoints","medium","source-endpoints.csv"
"最小参考资料库/source-endpoints.csv","insert","END-NVIDIA-GPU-MEM-ERROR-MGMT-DA-09826-002-V001-PUBLISHER","Register an access endpoint under one source. Stable local paths depend on the payload-copy group.","03_endpoints","medium","source-endpoints.csv"
"最小参考资料库/source-endpoints.csv","insert","END-NVIDIA-GPU-MEM-ERROR-MGMT-R595-CONTAINED-UCE-RESPONSE","Register an access endpoint under one source. Stable local paths depend on the payload-copy group.","03_endpoints","medium","source-endpoints.csv"
"最小参考资料库/source-endpoints.csv","insert","END-NVIDIA-GPU-MEM-ERROR-MGMT-R595-CONTAINMENT","Register an access endpoint under one source. Stable local paths depend on the payload-copy group.","03_endpoints","medium","source-endpoints.csv"
"最小参考资料库/source-endpoints.csv","insert","END-NVIDIA-GPU-MEM-ERROR-MGMT-R595-DPO","Register an access endpoint under one source. Stable local paths depend on the payload-copy group.","03_endpoints","medium","source-endpoints.csv"
"最小参考资料库/source-endpoints.csv","insert","END-NVIDIA-GPU-MEM-ERROR-MGMT-R595-REPAIR","Register an access endpoint under one source. Stable local paths depend on the payload-copy group.","03_endpoints","medium","source-endpoints.csv"
"最小参考资料库/source-endpoints.csv","insert","END-NVIDIA-GPU-MEM-ERROR-MGMT-R595-ROW-REMAP","Register an access endpoint under one source. Stable local paths depend on the payload-copy group.","03_endpoints","medium","source-endpoints.csv"
"最小参考资料库/source-endpoints.csv","insert","END-NVIDIA-GPU-MEM-ERROR-MGMT-R595-SUPPORTED","Register an access endpoint under one source. Stable local paths depend on the payload-copy group.","03_endpoints","medium","source-endpoints.csv"
"最小参考资料库/source-endpoints.csv","insert","END-NVIDIA-MIG-USER-GUIDE-610-CONCEPTS","Register an access endpoint under one source. Stable local paths depend on the payload-copy group.","03_endpoints","medium","source-endpoints.csv"
"最小参考资料库/source-endpoints.csv","insert","END-NVIDIA-MIG-USER-GUIDE-610-DEPLOYMENT","Register an access endpoint under one source. Stable local paths depend on the payload-copy group.","03_endpoints","medium","source-endpoints.csv"
"最小参考资料库/source-endpoints.csv","insert","END-NVIDIA-MIG-USER-GUIDE-610-GETTING-STARTED","Register an access endpoint under one source. Stable local paths depend on the payload-copy group.","03_endpoints","medium","source-endpoints.csv"
"最小参考资料库/source-endpoints.csv","insert","END-NVIDIA-MIG-USER-GUIDE-610-INTRODUCTION","Register an access endpoint under one source. Stable local paths depend on the payload-copy group.","03_endpoints","medium","source-endpoints.csv"
"最小参考资料库/source-endpoints.csv","insert","END-NVIDIA-MIG-USER-GUIDE-610-PROFILES","Register an access endpoint under one source. Stable local paths depend on the payload-copy group.","03_endpoints","medium","source-endpoints.csv"
"最小参考资料库/source-endpoints.csv","insert","END-NVIDIA-MIG-USER-GUIDE-610-SUPPORTED-CONFIGURATIONS","Register an access endpoint under one source. Stable local paths depend on the payload-copy group.","03_endpoints","medium","source-endpoints.csv"
"最小参考资料库/source-endpoints.csv","insert","END-NVIDIA-MIG-USER-GUIDE-610-SUPPORTED-GPUS","Register an access endpoint under one source. Stable local paths depend on the payload-copy group.","03_endpoints","medium","source-endpoints.csv"
"最小参考资料库/source-endpoints.csv","insert","END-NVIDIA-MIG-USER-GUIDE-610-VERSION-METADATA","Register an access endpoint under one source. Stable local paths depend on the payload-copy group.","03_endpoints","medium","source-endpoints.csv"
"最小参考资料库/source-endpoints.csv","insert","END-NVIDIA-MIG-USER-GUIDE-610-VIRTUALIZATION","Register an access endpoint under one source. Stable local paths depend on the payload-copy group.","03_endpoints","medium","source-endpoints.csv"
"最小参考资料库/source-endpoints.csv","insert","END-NVIDIA-PTX-ISA-7-0-LOCAL","Register an access endpoint under one source. Stable local paths depend on the payload-copy group.","03_endpoints","medium","source-endpoints.csv"
"最小参考资料库/source-endpoints.csv","insert","END-NVIDIA-PTX-ISA-7-2-LOCAL","Register an access endpoint under one source. Stable local paths depend on the payload-copy group.","03_endpoints","medium","source-endpoints.csv"
"数据/condition-sets.csv","update","COND-M2NA-AMPERE-2OF4","Repair the existing sparse condition with datatype and software target.","04_conditions","high","condition-sets.csv"
"数据/condition-sets.csv","insert","COND-R1-GA100-AMPERE-BF16-SP24","Add a datatype-specific sparse instruction condition.","04_conditions","medium","condition-sets.csv"
"数据/condition-sets.csv","insert","COND-R1-GA100-AMPERE-CUDA110-SM80","Add the software-version and target condition for Ampere programming-model facts.","04_conditions","medium","condition-sets.csv"
"数据/condition-sets.csv","insert","COND-R1-GA100-AMPERE-INT4-PAIR48","Add a datatype-specific sparse instruction condition.","04_conditions","medium","condition-sets.csv"
"数据/condition-sets.csv","insert","COND-R1-GA100-AMPERE-INT8-SP24","Add a datatype-specific sparse instruction condition.","04_conditions","medium","condition-sets.csv"
"数据/condition-sets.csv","insert","COND-R1-GA100-AMPERE-TF32-SP12","Add a datatype-specific sparse instruction condition.","04_conditions","medium","condition-sets.csv"
"数据/condition-sets.csv","insert","COND-R1-GA100-FULL-DIE","Add an explicit implementation or RAS condition set.","04_conditions","medium","condition-sets.csv"
"数据/condition-sets.csv","insert","COND-R1-GA100-PER-SM-MEMORY","Add an explicit implementation or RAS condition set.","04_conditions","medium","condition-sets.csv"
"数据/condition-sets.csv","insert","COND-R1-GA100-RAS-CONTAINMENT","Add an explicit implementation or RAS condition set.","04_conditions","medium","condition-sets.csv"
"数据/condition-sets.csv","insert","COND-R1-GA100-RAS-DPO","Add an explicit implementation or RAS condition set.","04_conditions","medium","condition-sets.csv"
"数据/condition-sets.csv","insert","COND-R1-GA100-RAS-ROW-REMAP","Add an explicit implementation or RAS condition set.","04_conditions","medium","condition-sets.csv"
"数据/condition-sets.csv","insert","COND-R1-GA100-SM-FP16-DENSE","Add an explicit implementation or RAS condition set.","04_conditions","medium","condition-sets.csv"
"数据/condition-sets.csv","insert","COND-R1-GA100-SM-PROCESSING-BLOCK","Add an explicit implementation or RAS condition set.","04_conditions","medium","condition-sets.csv"
"数据/components.csv","insert","COMP-R1-GA100-FP32","Create a source-backed implementation component or explicit fixed-function block.","04_entity_graph","medium","components.csv"
"数据/components.csv","insert","COMP-R1-GA100-GPC","Create a source-backed implementation component or explicit fixed-function block.","04_entity_graph","medium","components.csv"
"数据/components.csv","insert","COMP-R1-GA100-L1SMEM","Create a source-backed implementation component or explicit fixed-function block.","04_entity_graph","medium","components.csv"
"数据/components.csv","insert","COMP-R1-GA100-L2","Create a source-backed implementation component or explicit fixed-function block.","04_entity_graph","medium","components.csv"
"数据/components.csv","insert","COMP-R1-GA100-MEMCTRL","Create a source-backed implementation component or explicit fixed-function block.","04_entity_graph","medium","components.csv"
"数据/components.csv","insert","COMP-R1-GA100-OFA","Create a source-backed implementation component or explicit fixed-function block.","04_entity_graph","medium","components.csv"
"数据/components.csv","insert","COMP-R1-GA100-REG","Create a source-backed implementation component or explicit fixed-function block.","04_entity_graph","medium","components.csv"
"数据/components.csv","insert","COMP-R1-GA100-SM","Create a source-backed implementation component or explicit fixed-function block.","04_entity_graph","medium","components.csv"
"数据/components.csv","insert","COMP-R1-GA100-TENSOR","Create a source-backed implementation component or explicit fixed-function block.","04_entity_graph","medium","components.csv"
"数据/components.csv","insert","COMP-R1-GA100-TPC","Create a source-backed implementation component or explicit fixed-function block.","04_entity_graph","medium","components.csv"
"数据/components.csv","insert","COMP-R1-GA100-VIDEO-DECODE","Create a source-backed implementation component or explicit fixed-function block.","04_entity_graph","medium","components.csv"
"数据/links.csv","insert","LINK-R1-GA100-PCIE4-X16","Create the real full-GA100 host-interface link required by the fact subject contract.","04_entity_graph","high","links.csv"
"数据/memory-levels.csv","insert","COMP-R1-GA100-L1SMEM","Classify a real GA100 memory component without importing product capacity.","04_entity_graph","medium","memory-levels.csv"
"数据/memory-levels.csv","insert","COMP-R1-GA100-L2","Classify a real GA100 memory component without importing product capacity.","04_entity_graph","medium","memory-levels.csv"
"数据/memory-levels.csv","insert","COMP-R1-GA100-REG","Classify a real GA100 memory component without importing product capacity.","04_entity_graph","medium","memory-levels.csv"
"数据/object-relations.csv","insert","OREL-NVIDIA-GA100-IMPLEMENTS-AMPERE","Connect GA100 to the already registered Ampere architecture without duplicating architecture facts.","04_entity_graph","high","object-relations.csv"
"数据/objects.csv","insert","OBJ-NVIDIA-GA100-DIE","Create the frozen full-die subject before subordinate entities.","04_entity_graph","high","objects.csv"
"数据/precision-paths.csv","update","PPATH-M2NA-AMPERE-TENSOR-INT8","Split INT8 from narrower integer and binary precision paths.","04_entity_graph","high","precision-paths.csv"
"数据/precision-paths.csv","insert","PPATH-R1-GA100-AMPERE-TENSOR-BINARY","Create a datatype-specific architecture precision path.","04_entity_graph","medium","precision-paths.csv"
"数据/precision-paths.csv","insert","PPATH-R1-GA100-AMPERE-TENSOR-INT4","Create a datatype-specific architecture precision path.","04_entity_graph","medium","precision-paths.csv"
"数据/precision-paths.csv","insert","PPATH-R1-GA100-TENSOR-FP16-DENSE","Create an implementation precision path for the full-design per-SM throughput statement.","04_entity_graph","medium","precision-paths.csv"
"数据/special-capabilities.csv","update","CAP-M2NA-AMPERE-SPARSE","Remove the misleading unconditional 2:4 capability label.","04_entity_graph","high","special-capabilities.csv"
"数据/special-capabilities.csv","insert","CAP-R1-GA100-AMPERE-WARP-REDUCE","Repair the capability inventory with the directly documented Ampere warp reduction instruction.","04_entity_graph","high","special-capabilities.csv"
"数据/special-capabilities.csv","insert","CAP-R1-GA100-GAP-ATTENTION-MOVE","Create a typed evidence target so one template mechanism receives one auditable gap decision.","04_entity_graph","high","special-capabilities.csv"
"数据/special-capabilities.csv","insert","CAP-R1-GA100-GAP-COLLECTIVE","Create a typed evidence target so one template mechanism receives one auditable gap decision.","04_entity_graph","high","special-capabilities.csv"
"数据/special-capabilities.csv","insert","CAP-R1-GA100-GAP-COMPRESSION","Create a typed evidence target so one template mechanism receives one auditable gap decision.","04_entity_graph","high","special-capabilities.csv"
"数据/special-capabilities.csv","insert","CAP-R1-GA100-GAP-DEQUANTIZE","Create a typed evidence target so one template mechanism receives one auditable gap decision.","04_entity_graph","high","special-capabilities.csv"
"数据/special-capabilities.csv","insert","CAP-R1-GA100-GAP-KV-CACHE","Create a typed evidence target so one template mechanism receives one auditable gap decision.","04_entity_graph","high","special-capabilities.csv"
"数据/special-capabilities.csv","insert","CAP-R1-GA100-GAP-MOE-DISPATCH","Create a typed evidence target so one template mechanism receives one auditable gap decision.","04_entity_graph","high","special-capabilities.csv"
"数据/special-capabilities.csv","insert","CAP-R1-GA100-GAP-MOE-ROUTE","Create a typed evidence target so one template mechanism receives one auditable gap decision.","04_entity_graph","high","special-capabilities.csv"
"数据/special-capabilities.csv","insert","CAP-R1-GA100-GAP-QUANTIZE","Create a typed evidence target so one template mechanism receives one auditable gap decision.","04_entity_graph","high","special-capabilities.csv"
"数据/special-capabilities.csv","insert","CAP-R1-GA100-GAP-SOFTMAX","Create a typed evidence target so one template mechanism receives one auditable gap decision.","04_entity_graph","high","special-capabilities.csv"
"数据/special-capabilities.csv","insert","CAP-R1-GA100-GAP-TOPK","Create a typed evidence target so one template mechanism receives one auditable gap decision.","04_entity_graph","high","special-capabilities.csv"
"数据/special-capabilities.csv","insert","CAP-R1-GA100-GAP-TRANSPOSE","Create a typed evidence target so one template mechanism receives one auditable gap decision.","04_entity_graph","high","special-capabilities.csv"
"数据/special-capabilities.csv","insert","CAP-R1-GA100-OFA","Create a directly published GA100 special capability.","04_entity_graph","medium","special-capabilities.csv"
"数据/special-capabilities.csv","insert","CAP-R1-GA100-VIDEO-DECODE","Create a directly published GA100 special capability.","04_entity_graph","medium","special-capabilities.csv"
"数据/facts.csv","update","FACT-M2NA-AMPERE-ASYNC-EXEC","Move async copy from execution-model to memory-movement semantics.","05_facts","high","facts.csv"
"数据/facts.csv","update","FACT-M2NA-AMPERE-CUDA-EXEC","Narrow the CUDA path and repair SIMT source layering.","05_facts","high","facts.csv"
"数据/facts.csv","update","FACT-M2NA-AMPERE-INT-A","Narrow the mixed integer fact to INT8.","05_facts","high","facts.csv"
"数据/facts.csv","update","FACT-M2NA-AMPERE-SM-EXEC","Repair SIMT directness with a two-source evidence chain.","05_facts","high","facts.csv"
"数据/facts.csv","update","FACT-M2NA-AMPERE-SPARSE-DETAIL","Correct the sparse metadata and selection direction.","05_facts","high","facts.csv"
"数据/facts.csv","update","FACT-M2NA-AMPERE-SPARSE-LEVEL","Remove unconditional 2:4 binding from the high-level sparse capability.","05_facts","high","facts.csv"
"数据/facts.csv","update","FACT-M2NA-AMPERE-SW","Bind programming-model support to official software versions and preserve the ISSCC caveat.","05_facts","high","facts.csv"
"数据/facts.csv","delete","FACT-M2NA-AMPERE-TENSOR-FORMATS","Wrong field and aggregate semantics. Replaced by datatype-specific precision-path facts.","05_facts","high",""
"数据/facts.csv","update","FACT-M2NA-AMPERE-TF32-A","Separate TF32 operand identity from FP32-to-TF32 conversion.","05_facts","high","facts.csv"
"数据/facts.csv","insert","FACT-R1-GA100-AMPERE-BARRIER-SCHED","Complete the datatype-specific Ampere precision or control contract.","05_facts","medium","facts.csv"
"数据/facts.csv","insert","FACT-R1-GA100-AMPERE-BF16-B","Complete the datatype-specific Ampere precision or control contract.","05_facts","medium","facts.csv"
"数据/facts.csv","insert","FACT-R1-GA100-AMPERE-BINARY-A","Complete the datatype-specific Ampere precision or control contract.","05_facts","medium","facts.csv"
"数据/facts.csv","insert","FACT-R1-GA100-AMPERE-BINARY-ACC","Complete the datatype-specific Ampere precision or control contract.","05_facts","medium","facts.csv"
"数据/facts.csv","insert","FACT-R1-GA100-AMPERE-BINARY-B","Complete the datatype-specific Ampere precision or control contract.","05_facts","medium","facts.csv"
"数据/facts.csv","insert","FACT-R1-GA100-AMPERE-FP64-ACC","Complete the datatype-specific Ampere precision or control contract.","05_facts","medium","facts.csv"
"数据/facts.csv","insert","FACT-R1-GA100-AMPERE-FP64-B","Complete the datatype-specific Ampere precision or control contract.","05_facts","medium","facts.csv"
"数据/facts.csv","insert","FACT-R1-GA100-AMPERE-INT4-A","Complete the datatype-specific Ampere precision or control contract.","05_facts","medium","facts.csv"
"数据/facts.csv","insert","FACT-R1-GA100-AMPERE-INT4-ACC","Complete the datatype-specific Ampere precision or control contract.","05_facts","medium","facts.csv"
"数据/facts.csv","insert","FACT-R1-GA100-AMPERE-INT4-B","Complete the datatype-specific Ampere precision or control contract.","05_facts","medium","facts.csv"
"数据/facts.csv","insert","FACT-R1-GA100-AMPERE-INT8-ACC","Complete the datatype-specific Ampere precision or control contract.","05_facts","medium","facts.csv"
"数据/facts.csv","insert","FACT-R1-GA100-AMPERE-INT8-B","Complete the datatype-specific Ampere precision or control contract.","05_facts","medium","facts.csv"
"数据/facts.csv","insert","FACT-R1-GA100-AMPERE-NVLINK-FAULT","Use the legal interconnect fault field for NVLink link-level behavior.","05_facts","medium","facts.csv"
"数据/facts.csv","insert","FACT-R1-GA100-AMPERE-REDUCE-DETAIL","Add the omitted real Ampere warp-reduction capability fact.","05_facts","medium","facts.csv"
"数据/facts.csv","insert","FACT-R1-GA100-AMPERE-REDUCE-LEVEL","Add the omitted real Ampere warp-reduction capability fact.","05_facts","medium","facts.csv"
"数据/facts.csv","insert","FACT-R1-GA100-AMPERE-REDUCE-LIMIT","Add the omitted real Ampere warp-reduction capability fact.","05_facts","medium","facts.csv"
"数据/facts.csv","insert","FACT-R1-GA100-AMPERE-SPARSE-BF16","Record one datatype-specific sparse contract.","05_facts","medium","facts.csv"
"数据/facts.csv","insert","FACT-R1-GA100-AMPERE-SPARSE-FP16","Record one datatype-specific sparse contract.","05_facts","medium","facts.csv"
"数据/facts.csv","insert","FACT-R1-GA100-AMPERE-SPARSE-INT4","Record one datatype-specific sparse contract.","05_facts","medium","facts.csv"
"数据/facts.csv","insert","FACT-R1-GA100-AMPERE-SPARSE-INT8","Record one datatype-specific sparse contract.","05_facts","medium","facts.csv"
"数据/facts.csv","insert","FACT-R1-GA100-AMPERE-SPARSE-TF32","Record one datatype-specific sparse contract.","05_facts","medium","facts.csv"
"数据/facts.csv","insert","FACT-R1-GA100-AMPERE-SW-MATURITY","Separate documented support maturity from programming-model identity.","05_facts","medium","facts.csv"
"数据/facts.csv","insert","FACT-R1-GA100-AMPERE-TF32-B","Complete the datatype-specific Ampere precision or control contract.","05_facts","medium","facts.csv"
"数据/facts.csv","insert","FACT-R1-GA100-AMPERE-TF32-CONVERSION","Complete the datatype-specific Ampere precision or control contract.","05_facts","medium","facts.csv"
"数据/facts.csv","insert","FACT-R1-GA100-AMPERE-TF32-OUTPUT","Complete the datatype-specific Ampere precision or control contract.","05_facts","medium","facts.csv"
"数据/facts.csv","insert","FACT-R1-GA100-COMP-COUNT-FP32","Record one full-design component count.","05_facts","medium","facts.csv"
"数据/facts.csv","insert","FACT-R1-GA100-COMP-COUNT-GPC","Record one full-design component count.","05_facts","medium","facts.csv"
"数据/facts.csv","insert","FACT-R1-GA100-COMP-COUNT-MEMCTRL","Record one full-design component count.","05_facts","medium","facts.csv"
"数据/facts.csv","insert","FACT-R1-GA100-COMP-COUNT-SM","Record one full-design component count.","05_facts","medium","facts.csv"
"数据/facts.csv","insert","FACT-R1-GA100-COMP-COUNT-TENSOR","Record one full-design component count.","05_facts","medium","facts.csv"
"数据/facts.csv","insert","FACT-R1-GA100-COMP-COUNT-TPC","Record one full-design component count.","05_facts","medium","facts.csv"
"数据/facts.csv","insert","FACT-R1-GA100-COMP-NAME-FP32","Record the source-native component identity.","05_facts","medium","facts.csv"
"数据/facts.csv","insert","FACT-R1-GA100-COMP-NAME-GPC","Record the source-native component identity.","05_facts","medium","facts.csv"
"数据/facts.csv","insert","FACT-R1-GA100-COMP-NAME-L1SMEM","Record the source-native component identity.","05_facts","medium","facts.csv"
"数据/facts.csv","insert","FACT-R1-GA100-COMP-NAME-L2","Record the source-native component identity.","05_facts","medium","facts.csv"
"数据/facts.csv","insert","FACT-R1-GA100-COMP-NAME-MEMCTRL","Record the source-native component identity.","05_facts","medium","facts.csv"
"数据/facts.csv","insert","FACT-R1-GA100-COMP-NAME-OFA","Record the source-native component identity.","05_facts","medium","facts.csv"
"数据/facts.csv","insert","FACT-R1-GA100-COMP-NAME-REG","Record the source-native component identity.","05_facts","medium","facts.csv"
"数据/facts.csv","insert","FACT-R1-GA100-COMP-NAME-SM","Record the source-native component identity.","05_facts","medium","facts.csv"
"数据/facts.csv","insert","FACT-R1-GA100-COMP-NAME-TENSOR","Record the source-native component identity.","05_facts","medium","facts.csv"
"数据/facts.csv","insert","FACT-R1-GA100-COMP-NAME-TPC","Record the source-native component identity.","05_facts","medium","facts.csv"
"数据/facts.csv","insert","FACT-R1-GA100-COMP-NAME-VIDEO-DECODE","Record the source-native component identity.","05_facts","medium","facts.csv"
"数据/facts.csv","insert","FACT-R1-GA100-FP16-A","Record the full-GA100 implementation precision or per-SM FMA contract.","05_facts","medium","facts.csv"
"数据/facts.csv","insert","FACT-R1-GA100-FP16-ACC","Record the full-GA100 implementation precision or per-SM FMA contract.","05_facts","medium","facts.csv"
"数据/facts.csv","insert","FACT-R1-GA100-FP16-B","Record the full-GA100 implementation precision or per-SM FMA contract.","05_facts","medium","facts.csv"
"数据/facts.csv","insert","FACT-R1-GA100-FP16-COUNT-RULE","Record the full-GA100 implementation precision or per-SM FMA contract.","05_facts","medium","facts.csv"
"数据/facts.csv","insert","FACT-R1-GA100-FP16-FMA-PER-SM","Record the full-GA100 implementation precision or per-SM FMA contract.","05_facts","medium","facts.csv"
"数据/facts.csv","insert","FACT-R1-GA100-ID-FAMILY","Add a direct GA100 identity or full-die physical fact.","05_facts","medium","facts.csv"
"数据/facts.csv","insert","FACT-R1-GA100-ID-NAME","Add a direct GA100 identity or full-die physical fact.","05_facts","medium","facts.csv"
"数据/facts.csv","insert","FACT-R1-GA100-ID-TYPE","Add a direct GA100 identity or full-die physical fact.","05_facts","medium","facts.csv"
"数据/facts.csv","insert","FACT-R1-GA100-ID-VENDOR","Add a direct GA100 identity or full-die physical fact.","05_facts","medium","facts.csv"
"数据/facts.csv","insert","FACT-R1-GA100-L1SMEM-CAPACITY-PER-SM","Record a directly published per-SM physical memory capacity without multiplying to the enabled A100 or full-die aggregate.","05_facts","medium","facts.csv"
"数据/facts.csv","insert","FACT-R1-GA100-OFA-DETAIL","Add a directly scoped GA100 fixed-function capability fact.","05_facts","medium","facts.csv"
"数据/facts.csv","insert","FACT-R1-GA100-OFA-LEVEL","Add a directly scoped GA100 fixed-function capability fact.","05_facts","medium","facts.csv"
"数据/facts.csv","insert","FACT-R1-GA100-PCIE-PROTOCOL","Record the direct full-GA100 host-interface protocol label.","05_facts","medium","facts.csv"
"数据/facts.csv","insert","FACT-R1-GA100-PHY-AREA","Add a direct GA100 identity or full-die physical fact.","05_facts","medium","facts.csv"
"数据/facts.csv","insert","FACT-R1-GA100-PHY-FOUNDRY","Add a direct GA100 identity or full-die physical fact.","05_facts","medium","facts.csv"
"数据/facts.csv","insert","FACT-R1-GA100-PHY-PROCESS","Add a direct GA100 identity or full-die physical fact.","05_facts","medium","facts.csv"
"数据/facts.csv","insert","FACT-R1-GA100-PHY-TRANSISTORS","Add a direct GA100 identity or full-die physical fact.","05_facts","medium","facts.csv"
"数据/facts.csv","insert","FACT-R1-GA100-RAS-CONTAINMENT","Record a conditioned GA100 reliability mechanism without inventing a link or software pseudo-subject.","05_facts","medium","facts.csv"
"数据/facts.csv","insert","FACT-R1-GA100-RAS-DETECTION","Record a conditioned GA100 reliability mechanism without inventing a link or software pseudo-subject.","05_facts","medium","facts.csv"
"数据/facts.csv","insert","FACT-R1-GA100-RAS-DPO","Record a conditioned GA100 reliability mechanism without inventing a link or software pseudo-subject.","05_facts","medium","facts.csv"
"数据/facts.csv","insert","FACT-R1-GA100-RAS-RECOVERY","Record a conditioned GA100 reliability mechanism without inventing a link or software pseudo-subject.","05_facts","medium","facts.csv"
"数据/facts.csv","insert","FACT-R1-GA100-RAS-ROW-REMAP","Record a conditioned GA100 reliability mechanism without inventing a link or software pseudo-subject.","05_facts","medium","facts.csv"
"数据/facts.csv","insert","FACT-R1-GA100-REG-AGGREGATION","Define the per-SM register-file instance and capacity-aggregation boundary.","05_facts","medium","facts.csv"
"数据/facts.csv","insert","FACT-R1-GA100-REG-CAPACITY-PER-SM","Record a directly published per-SM physical memory capacity without multiplying to the enabled A100 or full-die aggregate.","05_facts","medium","facts.csv"
"数据/facts.csv","insert","FACT-R1-GA100-REG-INSTANCE-COUNT-PER-SM","Define the per-SM register-file instance and capacity-aggregation boundary.","05_facts","medium","facts.csv"
"数据/facts.csv","insert","FACT-R1-GA100-SM-ISSUE","Record a diagram-bounded GA100 SM organization fact.","05_facts","medium","facts.csv"
"数据/facts.csv","insert","FACT-R1-GA100-SM-SHARED","Record a diagram-bounded GA100 SM organization fact.","05_facts","medium","facts.csv"
"数据/facts.csv","insert","FACT-R1-GA100-VIDEO-DETAIL","Add a directly scoped GA100 fixed-function capability fact.","05_facts","medium","facts.csv"
"数据/facts.csv","insert","FACT-R1-GA100-VIDEO-LEVEL","Add a directly scoped GA100 fixed-function capability fact.","05_facts","medium","facts.csv"
"数据/field-requirements.csv","update","REQ-M2NA-AVAIL-0001","Update the SIMT evidence-chain note.","06_requirements","high","field-requirements.csv"
"数据/field-requirements.csv","delete","REQ-M2NA-AVAIL-0003","Remove the requirement that only pointed to the wrong shared-resource format fact.","06_requirements","high",""
"数据/field-requirements.csv","update","REQ-M2NA-AVAIL-0004","Close the CUDA-path source-layering issue provisionally.","06_requirements","high","field-requirements.csv"
"数据/field-requirements.csv","update","REQ-M2NA-AVAIL-0005","Move the async-copy requirement to FIELD-MEM-DMA.","06_requirements","high","field-requirements.csv"
"数据/field-requirements.csv","update","REQ-M2NA-AVAIL-0013","Synchronize the repaired TF32 operand requirement.","06_requirements","high","field-requirements.csv"
"数据/field-requirements.csv","update","REQ-M2NA-AVAIL-0016","Synchronize the split INT8 requirement.","06_requirements","high","field-requirements.csv"
"数据/field-requirements.csv","update","REQ-M2NA-AVAIL-0017","Synchronize sparse capability scope.","06_requirements","high","field-requirements.csv"
"数据/field-requirements.csv","update","REQ-M2NA-AVAIL-0018","Synchronize corrected sparse detail.","06_requirements","high","field-requirements.csv"
"数据/field-requirements.csv","update","REQ-M2NA-AVAIL-0021","Synchronize software version and target conditions.","06_requirements","high","field-requirements.csv"
"数据/field-requirements.csv","update","REQ-M2NA-GAP-0006","Remove the unrelated CDNA residue and refresh the search date.","06_requirements","high","field-requirements.csv"
"数据/field-requirements.csv","update","REQ-M2NA-GAP-0059","Refresh the completed GA100 reuse-audit search date and return the modified row to draft lifecycle.","06_requirements","high","field-requirements.csv"
"数据/field-requirements.csv","update","REQ-M2NA-GAP-0060","Refresh the completed GA100 reuse-audit search date and return the modified row to draft lifecycle.","06_requirements","high","field-requirements.csv"
"数据/field-requirements.csv","update","REQ-M2NA-GAP-0061","Refresh the completed GA100 reuse-audit search date and return the modified row to draft lifecycle.","06_requirements","high","field-requirements.csv"
"数据/field-requirements.csv","update","REQ-M2NA-GAP-0062","Refresh the completed GA100 reuse-audit search date and return the modified row to draft lifecycle.","06_requirements","high","field-requirements.csv"
"数据/field-requirements.csv","update","REQ-M2NA-GAP-0063","Refresh the completed GA100 reuse-audit search date and return the modified row to draft lifecycle.","06_requirements","high","field-requirements.csv"
"数据/field-requirements.csv","update","REQ-M2NA-GAP-0109","Refresh the completed GA100 reuse-audit search date and return the modified row to draft lifecycle.","06_requirements","high","field-requirements.csv"
"数据/field-requirements.csv","update","REQ-M2NA-GAP-0110","Refresh the completed GA100 reuse-audit search date and return the modified row to draft lifecycle.","06_requirements","high","field-requirements.csv"
"数据/field-requirements.csv","update","REQ-M2NA-GAP-0111","Refresh the completed GA100 reuse-audit search date and return the modified row to draft lifecycle.","06_requirements","high","field-requirements.csv"
"数据/field-requirements.csv","update","REQ-M2NA-GAP-0112","Refresh the completed GA100 reuse-audit search date and return the modified row to draft lifecycle.","06_requirements","high","field-requirements.csv"
"数据/field-requirements.csv","update","REQ-M2NA-GAP-0113","Refresh the completed GA100 reuse-audit search date and return the modified row to draft lifecycle.","06_requirements","high","field-requirements.csv"
"数据/field-requirements.csv","update","REQ-M2NA-GAP-0114","Refresh the completed GA100 reuse-audit search date and return the modified row to draft lifecycle.","06_requirements","high","field-requirements.csv"
"数据/field-requirements.csv","update","REQ-M2NA-GAP-0163","Refresh the completed GA100 reuse-audit search date and return the modified row to draft lifecycle.","06_requirements","high","field-requirements.csv"
"数据/field-requirements.csv","update","REQ-M2NA-GAP-0164","Refresh the completed GA100 reuse-audit search date and return the modified row to draft lifecycle.","06_requirements","high","field-requirements.csv"
"数据/field-requirements.csv","insert","REQ-R1-GA100-AMPERE-BARRIER-SCHED","Add matching value-available requirement.","06_requirements","medium","field-requirements.csv"
"数据/field-requirements.csv","insert","REQ-R1-GA100-AMPERE-BF16-B","Add matching value-available requirement.","06_requirements","medium","field-requirements.csv"
"数据/field-requirements.csv","insert","REQ-R1-GA100-AMPERE-BINARY-A","Add matching value-available requirement.","06_requirements","medium","field-requirements.csv"
"数据/field-requirements.csv","insert","REQ-R1-GA100-AMPERE-BINARY-ACC","Add matching value-available requirement.","06_requirements","medium","field-requirements.csv"
"数据/field-requirements.csv","insert","REQ-R1-GA100-AMPERE-BINARY-B","Add matching value-available requirement.","06_requirements","medium","field-requirements.csv"
"数据/field-requirements.csv","insert","REQ-R1-GA100-AMPERE-FP64-ACC","Add matching value-available requirement.","06_requirements","medium","field-requirements.csv"
"数据/field-requirements.csv","insert","REQ-R1-GA100-AMPERE-FP64-B","Add matching value-available requirement.","06_requirements","medium","field-requirements.csv"
"数据/field-requirements.csv","insert","REQ-R1-GA100-AMPERE-INT4-A","Add matching value-available requirement.","06_requirements","medium","field-requirements.csv"
"数据/field-requirements.csv","insert","REQ-R1-GA100-AMPERE-INT4-ACC","Add matching value-available requirement.","06_requirements","medium","field-requirements.csv"
"数据/field-requirements.csv","insert","REQ-R1-GA100-AMPERE-INT4-B","Add matching value-available requirement.","06_requirements","medium","field-requirements.csv"
"数据/field-requirements.csv","insert","REQ-R1-GA100-AMPERE-INT8-ACC","Add matching value-available requirement.","06_requirements","medium","field-requirements.csv"
"数据/field-requirements.csv","insert","REQ-R1-GA100-AMPERE-INT8-B","Add matching value-available requirement.","06_requirements","medium","field-requirements.csv"
"数据/field-requirements.csv","insert","REQ-R1-GA100-AMPERE-NVLINK-FAULT","Add matching value-available requirement.","06_requirements","medium","field-requirements.csv"
"数据/field-requirements.csv","insert","REQ-R1-GA100-AMPERE-REDUCE-DETAIL","Add matching value-available requirement.","06_requirements","medium","field-requirements.csv"
"数据/field-requirements.csv","insert","REQ-R1-GA100-AMPERE-REDUCE-LEVEL","Add matching value-available requirement.","06_requirements","medium","field-requirements.csv"
"数据/field-requirements.csv","insert","REQ-R1-GA100-AMPERE-REDUCE-LIMIT","Add matching value-available requirement.","06_requirements","medium","field-requirements.csv"
"数据/field-requirements.csv","insert","REQ-R1-GA100-AMPERE-SPARSE-BF16","Add matching value-available requirement.","06_requirements","medium","field-requirements.csv"
"数据/field-requirements.csv","insert","REQ-R1-GA100-AMPERE-SPARSE-FP16","Add matching value-available requirement.","06_requirements","medium","field-requirements.csv"
"数据/field-requirements.csv","insert","REQ-R1-GA100-AMPERE-SPARSE-INT4","Add matching value-available requirement.","06_requirements","medium","field-requirements.csv"
"数据/field-requirements.csv","insert","REQ-R1-GA100-AMPERE-SPARSE-INT8","Add matching value-available requirement.","06_requirements","medium","field-requirements.csv"
"数据/field-requirements.csv","insert","REQ-R1-GA100-AMPERE-SPARSE-TF32","Add matching value-available requirement.","06_requirements","medium","field-requirements.csv"
"数据/field-requirements.csv","insert","REQ-R1-GA100-AMPERE-SW-MATURITY","Add matching value-available requirement.","06_requirements","medium","field-requirements.csv"
"数据/field-requirements.csv","insert","REQ-R1-GA100-AMPERE-TF32-B","Add matching value-available requirement.","06_requirements","medium","field-requirements.csv"
"数据/field-requirements.csv","insert","REQ-R1-GA100-AMPERE-TF32-CONVERSION","Add matching value-available requirement.","06_requirements","medium","field-requirements.csv"
"数据/field-requirements.csv","insert","REQ-R1-GA100-AMPERE-TF32-OUTPUT","Add matching value-available requirement.","06_requirements","medium","field-requirements.csv"
"数据/field-requirements.csv","insert","REQ-R1-GA100-BENCH-ENERGY","Register a field-specific gap or non-applicability decision.","06_requirements","medium","field-requirements.csv"
"数据/field-requirements.csv","insert","REQ-R1-GA100-BENCH-POWER","Register a field-specific gap or non-applicability decision.","06_requirements","medium","field-requirements.csv"
"数据/field-requirements.csv","insert","REQ-R1-GA100-BENCH-TPJ","Register a field-specific gap or non-applicability decision.","06_requirements","medium","field-requirements.csv"
"数据/field-requirements.csv","insert","REQ-R1-GA100-BENCH-UTIL","Register a field-specific gap or non-applicability decision.","06_requirements","medium","field-requirements.csv"
"数据/field-requirements.csv","insert","REQ-R1-GA100-CAP-GAP-ATTENTION-MOVE","Keep each template special mechanism as an independent auditable gap.","06_requirements","high","field-requirements.csv"
"数据/field-requirements.csv","insert","REQ-R1-GA100-CAP-GAP-COLLECTIVE","Keep each template special mechanism as an independent auditable gap.","06_requirements","high","field-requirements.csv"
"数据/field-requirements.csv","insert","REQ-R1-GA100-CAP-GAP-COMPRESSION","Keep each template special mechanism as an independent auditable gap.","06_requirements","high","field-requirements.csv"
"数据/field-requirements.csv","insert","REQ-R1-GA100-CAP-GAP-DEQUANTIZE","Keep each template special mechanism as an independent auditable gap.","06_requirements","high","field-requirements.csv"
"数据/field-requirements.csv","insert","REQ-R1-GA100-CAP-GAP-KV-CACHE","Keep each template special mechanism as an independent auditable gap.","06_requirements","high","field-requirements.csv"
"数据/field-requirements.csv","insert","REQ-R1-GA100-CAP-GAP-MOE-DISPATCH","Keep each template special mechanism as an independent auditable gap.","06_requirements","high","field-requirements.csv"
"数据/field-requirements.csv","insert","REQ-R1-GA100-CAP-GAP-MOE-ROUTE","Keep each template special mechanism as an independent auditable gap.","06_requirements","high","field-requirements.csv"
"数据/field-requirements.csv","insert","REQ-R1-GA100-CAP-GAP-QUANTIZE","Keep each template special mechanism as an independent auditable gap.","06_requirements","high","field-requirements.csv"
"数据/field-requirements.csv","insert","REQ-R1-GA100-CAP-GAP-SOFTMAX","Keep each template special mechanism as an independent auditable gap.","06_requirements","high","field-requirements.csv"
"数据/field-requirements.csv","insert","REQ-R1-GA100-CAP-GAP-TOPK","Keep each template special mechanism as an independent auditable gap.","06_requirements","high","field-requirements.csv"
"数据/field-requirements.csv","insert","REQ-R1-GA100-CAP-GAP-TRANSPOSE","Keep each template special mechanism as an independent auditable gap.","06_requirements","high","field-requirements.csv"
"数据/field-requirements.csv","insert","REQ-R1-GA100-COMP-COUNT-FP32","Add matching value-available requirement.","06_requirements","medium","field-requirements.csv"
"数据/field-requirements.csv","insert","REQ-R1-GA100-COMP-COUNT-GPC","Add matching value-available requirement.","06_requirements","medium","field-requirements.csv"
"数据/field-requirements.csv","insert","REQ-R1-GA100-COMP-COUNT-MEMCTRL","Add matching value-available requirement.","06_requirements","medium","field-requirements.csv"
"数据/field-requirements.csv","insert","REQ-R1-GA100-COMP-COUNT-SM","Add matching value-available requirement.","06_requirements","medium","field-requirements.csv"
"数据/field-requirements.csv","insert","REQ-R1-GA100-COMP-COUNT-TENSOR","Add matching value-available requirement.","06_requirements","medium","field-requirements.csv"
"数据/field-requirements.csv","insert","REQ-R1-GA100-COMP-COUNT-TPC","Add matching value-available requirement.","06_requirements","medium","field-requirements.csv"
"数据/field-requirements.csv","insert","REQ-R1-GA100-COMP-NAME-FP32","Add matching value-available requirement.","06_requirements","medium","field-requirements.csv"
"数据/field-requirements.csv","insert","REQ-R1-GA100-COMP-NAME-GPC","Add matching value-available requirement.","06_requirements","medium","field-requirements.csv"
"数据/field-requirements.csv","insert","REQ-R1-GA100-COMP-NAME-L1SMEM","Add matching value-available requirement.","06_requirements","medium","field-requirements.csv"
"数据/field-requirements.csv","insert","REQ-R1-GA100-COMP-NAME-L2","Add matching value-available requirement.","06_requirements","medium","field-requirements.csv"
"数据/field-requirements.csv","insert","REQ-R1-GA100-COMP-NAME-MEMCTRL","Add matching value-available requirement.","06_requirements","medium","field-requirements.csv"
"数据/field-requirements.csv","insert","REQ-R1-GA100-COMP-NAME-OFA","Add matching value-available requirement.","06_requirements","medium","field-requirements.csv"
"数据/field-requirements.csv","insert","REQ-R1-GA100-COMP-NAME-REG","Add matching value-available requirement.","06_requirements","medium","field-requirements.csv"
"数据/field-requirements.csv","insert","REQ-R1-GA100-COMP-NAME-SM","Add matching value-available requirement.","06_requirements","medium","field-requirements.csv"
"数据/field-requirements.csv","insert","REQ-R1-GA100-COMP-NAME-TENSOR","Add matching value-available requirement.","06_requirements","medium","field-requirements.csv"
"数据/field-requirements.csv","insert","REQ-R1-GA100-COMP-NAME-TPC","Add matching value-available requirement.","06_requirements","medium","field-requirements.csv"
"数据/field-requirements.csv","insert","REQ-R1-GA100-COMP-NAME-VIDEO-DECODE","Add matching value-available requirement.","06_requirements","medium","field-requirements.csv"
"数据/field-requirements.csv","insert","REQ-R1-GA100-COMP-VENDOR-TOPS","Register a field-specific gap or non-applicability decision.","06_requirements","medium","field-requirements.csv"
"数据/field-requirements.csv","insert","REQ-R1-GA100-ECON-PRICE","Register a field-specific gap or non-applicability decision.","06_requirements","medium","field-requirements.csv"
"数据/field-requirements.csv","insert","REQ-R1-GA100-FP16-A","Add matching value-available requirement.","06_requirements","medium","field-requirements.csv"
"数据/field-requirements.csv","insert","REQ-R1-GA100-FP16-ACC","Add matching value-available requirement.","06_requirements","medium","field-requirements.csv"
"数据/field-requirements.csv","insert","REQ-R1-GA100-FP16-B","Add matching value-available requirement.","06_requirements","medium","field-requirements.csv"
"数据/field-requirements.csv","insert","REQ-R1-GA100-FP16-COUNT-RULE","Add matching value-available requirement.","06_requirements","medium","field-requirements.csv"
"数据/field-requirements.csv","insert","REQ-R1-GA100-FP16-FMA-PER-SM","Add matching value-available requirement.","06_requirements","medium","field-requirements.csv"
"数据/field-requirements.csv","insert","REQ-R1-GA100-ID-ARCH","Represent architecture identity through the relationship target required by the contract.","06_requirements","high","field-requirements.csv"
"数据/field-requirements.csv","insert","REQ-R1-GA100-ID-AVAIL","Register a field-specific gap or non-applicability decision.","06_requirements","medium","field-requirements.csv"
"数据/field-requirements.csv","insert","REQ-R1-GA100-ID-DATA-CUTOFF","Register a field-specific gap or non-applicability decision.","06_requirements","high","field-requirements.csv"
"数据/field-requirements.csv","insert","REQ-R1-GA100-ID-FAMILY","Add matching value-available requirement.","06_requirements","medium","field-requirements.csv"
"数据/field-requirements.csv","insert","REQ-R1-GA100-ID-NAME","Add matching value-available requirement.","06_requirements","medium","field-requirements.csv"
"数据/field-requirements.csv","insert","REQ-R1-GA100-ID-STATUS","Register a field-specific gap or non-applicability decision.","06_requirements","high","field-requirements.csv"
"数据/field-requirements.csv","insert","REQ-R1-GA100-ID-TYPE","Add matching value-available requirement.","06_requirements","medium","field-requirements.csv"
"数据/field-requirements.csv","insert","REQ-R1-GA100-ID-VENDOR","Add matching value-available requirement.","06_requirements","medium","field-requirements.csv"
"数据/field-requirements.csv","insert","REQ-R1-GA100-L1SMEM-CAPACITY-PER-SM","Add matching value-available requirement.","06_requirements","medium","field-requirements.csv"
"数据/field-requirements.csv","insert","REQ-R1-GA100-OFA-DETAIL","Add matching value-available requirement.","06_requirements","medium","field-requirements.csv"
"数据/field-requirements.csv","insert","REQ-R1-GA100-OFA-LEVEL","Add matching value-available requirement.","06_requirements","medium","field-requirements.csv"
"数据/field-requirements.csv","insert","REQ-R1-GA100-OFA-THROUGHPUT","Record the missing conditioned OFA throughput separately from implementation existence.","06_requirements","medium","field-requirements.csv"
"数据/field-requirements.csv","insert","REQ-R1-GA100-PCIE-PROTOCOL","Add matching value-available requirement.","06_requirements","medium","field-requirements.csv"
"数据/field-requirements.csv","insert","REQ-R1-GA100-PHY-AREA","Add matching value-available requirement.","06_requirements","medium","field-requirements.csv"
"数据/field-requirements.csv","insert","REQ-R1-GA100-PHY-CLOCK","Register a field-specific gap or non-applicability decision.","06_requirements","medium","field-requirements.csv"
"数据/field-requirements.csv","insert","REQ-R1-GA100-PHY-COOLING","Register a field-specific gap or non-applicability decision.","06_requirements","medium","field-requirements.csv"
"数据/field-requirements.csv","insert","REQ-R1-GA100-PHY-DIE-COUNT","Register a field-specific gap or non-applicability decision.","06_requirements","high","field-requirements.csv"
"数据/field-requirements.csv","insert","REQ-R1-GA100-PHY-FORM-FACTOR","Register a field-specific gap or non-applicability decision.","06_requirements","medium","field-requirements.csv"
"数据/field-requirements.csv","insert","REQ-R1-GA100-PHY-FOUNDRY","Add matching value-available requirement.","06_requirements","medium","field-requirements.csv"
"数据/field-requirements.csv","insert","REQ-R1-GA100-PHY-HBM-INTERFACE","Register a field-specific gap or non-applicability decision.","06_requirements","medium","field-requirements.csv"
"数据/field-requirements.csv","insert","REQ-R1-GA100-PHY-HBM-STACKS","Register a field-specific gap or non-applicability decision.","06_requirements","medium","field-requirements.csv"
"数据/field-requirements.csv","insert","REQ-R1-GA100-PHY-INTERPOSER","Register a field-specific gap or non-applicability decision.","06_requirements","medium","field-requirements.csv"
"数据/field-requirements.csv","insert","REQ-R1-GA100-PHY-PACKAGE","Register a field-specific gap or non-applicability decision.","06_requirements","medium","field-requirements.csv"
"数据/field-requirements.csv","insert","REQ-R1-GA100-PHY-POWER","Register a field-specific gap or non-applicability decision.","06_requirements","medium","field-requirements.csv"
"数据/field-requirements.csv","insert","REQ-R1-GA100-PHY-PROCESS","Add matching value-available requirement.","06_requirements","medium","field-requirements.csv"
"数据/field-requirements.csv","insert","REQ-R1-GA100-PHY-TRANSISTORS","Add matching value-available requirement.","06_requirements","medium","field-requirements.csv"
"数据/field-requirements.csv","insert","REQ-R1-GA100-RAS-BIST","Register a field-specific gap or non-applicability decision.","06_requirements","medium","field-requirements.csv"
"数据/field-requirements.csv","insert","REQ-R1-GA100-RAS-CKPT","Register a field-specific gap or non-applicability decision.","06_requirements","medium","field-requirements.csv"
"数据/field-requirements.csv","insert","REQ-R1-GA100-RAS-CONTAINMENT","Add matching value-available requirement.","06_requirements","medium","field-requirements.csv"
"数据/field-requirements.csv","insert","REQ-R1-GA100-RAS-DETECTION","Add matching value-available requirement.","06_requirements","medium","field-requirements.csv"
"数据/field-requirements.csv","insert","REQ-R1-GA100-RAS-DPO","Add matching value-available requirement.","06_requirements","medium","field-requirements.csv"
"数据/field-requirements.csv","insert","REQ-R1-GA100-RAS-RECOVERY","Add matching value-available requirement.","06_requirements","medium","field-requirements.csv"
"数据/field-requirements.csv","insert","REQ-R1-GA100-RAS-ROW-REMAP","Add matching value-available requirement.","06_requirements","medium","field-requirements.csv"
"数据/field-requirements.csv","insert","REQ-R1-GA100-RAS-SDE","Register a field-specific gap or non-applicability decision.","06_requirements","medium","field-requirements.csv"
"数据/field-requirements.csv","insert","REQ-R1-GA100-REG-AGGREGATION","Add matching value-available requirement.","06_requirements","medium","field-requirements.csv"
"数据/field-requirements.csv","insert","REQ-R1-GA100-REG-CAPACITY-PER-SM","Add matching value-available requirement.","06_requirements","medium","field-requirements.csv"
"数据/field-requirements.csv","insert","REQ-R1-GA100-REG-INSTANCE-COUNT-PER-SM","Add matching value-available requirement.","06_requirements","medium","field-requirements.csv"
"数据/field-requirements.csv","insert","REQ-R1-GA100-REL-QUANTITY","Register a field-specific gap or non-applicability decision.","06_requirements","medium","field-requirements.csv"
"数据/field-requirements.csv","insert","REQ-R1-GA100-SM-ISSUE","Add matching value-available requirement.","06_requirements","medium","field-requirements.csv"
"数据/field-requirements.csv","insert","REQ-R1-GA100-SM-SHARED","Add matching value-available requirement.","06_requirements","medium","field-requirements.csv"
"数据/field-requirements.csv","insert","REQ-R1-GA100-VIDEO-DETAIL","Add matching value-available requirement.","06_requirements","medium","field-requirements.csv"
"数据/field-requirements.csv","insert","REQ-R1-GA100-VIDEO-LEVEL","Add matching value-available requirement.","06_requirements","medium","field-requirements.csv"
"最小参考资料库/fact-assertions.csv","update","ASSERT-M2NA-0001","Repair locator, raw value, or assertion relation for an existing Ampere fact.","07_evidence","high","fact-assertions.csv"
"最小参考资料库/fact-assertions.csv","delete","ASSERT-M2NA-0003","Remove the assertion attached to the deleted format-aggregate fact.","07_evidence","high",""
"最小参考资料库/fact-assertions.csv","update","ASSERT-M2NA-0004","Repair locator, raw value, or assertion relation for an existing Ampere fact.","07_evidence","high","fact-assertions.csv"
"最小参考资料库/fact-assertions.csv","update","ASSERT-M2NA-0005","Repair locator, raw value, or assertion relation for an existing Ampere fact.","07_evidence","high","fact-assertions.csv"
"最小参考资料库/fact-assertions.csv","update","ASSERT-M2NA-0008","Repair locator, raw value, or assertion relation for an existing Ampere fact.","07_evidence","high","fact-assertions.csv"
"最小参考资料库/fact-assertions.csv","update","ASSERT-M2NA-0009","Repair locator, raw value, or assertion relation for an existing Ampere fact.","07_evidence","high","fact-assertions.csv"
"最小参考资料库/fact-assertions.csv","update","ASSERT-M2NA-0010","Repair locator, raw value, or assertion relation for an existing Ampere fact.","07_evidence","high","fact-assertions.csv"
"最小参考资料库/fact-assertions.csv","update","ASSERT-M2NA-0011","Repair locator, raw value, or assertion relation for an existing Ampere fact.","07_evidence","high","fact-assertions.csv"
"最小参考资料库/fact-assertions.csv","update","ASSERT-M2NA-0012","Repair locator, raw value, or assertion relation for an existing Ampere fact.","07_evidence","high","fact-assertions.csv"
"最小参考资料库/fact-assertions.csv","update","ASSERT-M2NA-0013","Repair locator, raw value, or assertion relation for an existing Ampere fact.","07_evidence","high","fact-assertions.csv"
"最小参考资料库/fact-assertions.csv","update","ASSERT-M2NA-0014","Repair locator, raw value, or assertion relation for an existing Ampere fact.","07_evidence","high","fact-assertions.csv"
"最小参考资料库/fact-assertions.csv","update","ASSERT-M2NA-0015","Repair locator, raw value, or assertion relation for an existing Ampere fact.","07_evidence","high","fact-assertions.csv"
"最小参考资料库/fact-assertions.csv","update","ASSERT-M2NA-0016","Repair locator, raw value, or assertion relation for an existing Ampere fact.","07_evidence","high","fact-assertions.csv"
"最小参考资料库/fact-assertions.csv","update","ASSERT-M2NA-0017","Repair locator, raw value, or assertion relation for an existing Ampere fact.","07_evidence","high","fact-assertions.csv"
"最小参考资料库/fact-assertions.csv","update","ASSERT-M2NA-0018","Repair locator, raw value, or assertion relation for an existing Ampere fact.","07_evidence","high","fact-assertions.csv"
"最小参考资料库/fact-assertions.csv","update","ASSERT-M2NA-0021","Repair locator, raw value, or assertion relation for an existing Ampere fact.","07_evidence","high","fact-assertions.csv"
"最小参考资料库/fact-assertions.csv","insert","ASSERT-R1-GA100-AMPERE-ASYNC-PTX70","Complete the repaired multi-source Ampere evidence chain.","07_evidence","high","fact-assertions.csv"
"最小参考资料库/fact-assertions.csv","insert","ASSERT-R1-GA100-AMPERE-BARRIER-SCHED-01","Bind the fact to a fixed source and locator.","07_evidence","medium","fact-assertions.csv"
"最小参考资料库/fact-assertions.csv","insert","ASSERT-R1-GA100-AMPERE-BF16-B-01","Bind the fact to a fixed source and locator.","07_evidence","medium","fact-assertions.csv"
"最小参考资料库/fact-assertions.csv","insert","ASSERT-R1-GA100-AMPERE-BINARY-A-01","Bind the fact to a fixed source and locator.","07_evidence","medium","fact-assertions.csv"
"最小参考资料库/fact-assertions.csv","insert","ASSERT-R1-GA100-AMPERE-BINARY-ACC-01","Bind the fact to a fixed source and locator.","07_evidence","medium","fact-assertions.csv"
"最小参考资料库/fact-assertions.csv","insert","ASSERT-R1-GA100-AMPERE-BINARY-B-01","Bind the fact to a fixed source and locator.","07_evidence","medium","fact-assertions.csv"
"最小参考资料库/fact-assertions.csv","insert","ASSERT-R1-GA100-AMPERE-CUDA-SIMT-PTX70","Complete the repaired multi-source Ampere evidence chain.","07_evidence","high","fact-assertions.csv"
"最小参考资料库/fact-assertions.csv","insert","ASSERT-R1-GA100-AMPERE-FP64-ACC-01","Bind the fact to a fixed source and locator.","07_evidence","medium","fact-assertions.csv"
"最小参考资料库/fact-assertions.csv","insert","ASSERT-R1-GA100-AMPERE-FP64-B-01","Bind the fact to a fixed source and locator.","07_evidence","medium","fact-assertions.csv"
"最小参考资料库/fact-assertions.csv","insert","ASSERT-R1-GA100-AMPERE-INT4-A-01","Bind the fact to a fixed source and locator.","07_evidence","medium","fact-assertions.csv"
"最小参考资料库/fact-assertions.csv","insert","ASSERT-R1-GA100-AMPERE-INT4-ACC-01","Bind the fact to a fixed source and locator.","07_evidence","medium","fact-assertions.csv"
"最小参考资料库/fact-assertions.csv","insert","ASSERT-R1-GA100-AMPERE-INT4-B-01","Bind the fact to a fixed source and locator.","07_evidence","medium","fact-assertions.csv"
"最小参考资料库/fact-assertions.csv","insert","ASSERT-R1-GA100-AMPERE-INT8-ACC-01","Bind the fact to a fixed source and locator.","07_evidence","medium","fact-assertions.csv"
"最小参考资料库/fact-assertions.csv","insert","ASSERT-R1-GA100-AMPERE-INT8-B-01","Bind the fact to a fixed source and locator.","07_evidence","medium","fact-assertions.csv"
"最小参考资料库/fact-assertions.csv","insert","ASSERT-R1-GA100-AMPERE-NVLINK-FAULT-01","Bind the fact to a fixed source and locator.","07_evidence","medium","fact-assertions.csv"
"最小参考资料库/fact-assertions.csv","insert","ASSERT-R1-GA100-AMPERE-REDUCE-DETAIL-01","Bind the fact to a fixed source and locator.","07_evidence","medium","fact-assertions.csv"
"最小参考资料库/fact-assertions.csv","insert","ASSERT-R1-GA100-AMPERE-REDUCE-LEVEL-01","Bind the fact to a fixed source and locator.","07_evidence","medium","fact-assertions.csv"
"最小参考资料库/fact-assertions.csv","insert","ASSERT-R1-GA100-AMPERE-REDUCE-LIMIT-01","Bind the fact to a fixed source and locator.","07_evidence","medium","fact-assertions.csv"
"最小参考资料库/fact-assertions.csv","insert","ASSERT-R1-GA100-AMPERE-SM-SIMT-PTX70","Complete the repaired multi-source Ampere evidence chain.","07_evidence","high","fact-assertions.csv"
"最小参考资料库/fact-assertions.csv","insert","ASSERT-R1-GA100-AMPERE-SPARSE-BF16-01","Bind the fact to a fixed source and locator.","07_evidence","medium","fact-assertions.csv"
"最小参考资料库/fact-assertions.csv","insert","ASSERT-R1-GA100-AMPERE-SPARSE-FP16-01","Bind the fact to a fixed source and locator.","07_evidence","medium","fact-assertions.csv"
"最小参考资料库/fact-assertions.csv","insert","ASSERT-R1-GA100-AMPERE-SPARSE-INT4-01","Bind the fact to a fixed source and locator.","07_evidence","medium","fact-assertions.csv"
"最小参考资料库/fact-assertions.csv","insert","ASSERT-R1-GA100-AMPERE-SPARSE-INT8-01","Bind the fact to a fixed source and locator.","07_evidence","medium","fact-assertions.csv"
"最小参考资料库/fact-assertions.csv","insert","ASSERT-R1-GA100-AMPERE-SPARSE-METADATA-PTX72","Complete the repaired multi-source Ampere evidence chain.","07_evidence","high","fact-assertions.csv"
"最小参考资料库/fact-assertions.csv","insert","ASSERT-R1-GA100-AMPERE-SPARSE-TF32-01","Bind the fact to a fixed source and locator.","07_evidence","medium","fact-assertions.csv"
"最小参考资料库/fact-assertions.csv","insert","ASSERT-R1-GA100-AMPERE-SW-CUDAPG110","Complete the repaired multi-source Ampere evidence chain.","07_evidence","high","fact-assertions.csv"
"最小参考资料库/fact-assertions.csv","insert","ASSERT-R1-GA100-AMPERE-SW-ISSCC-CAVEAT","Complete the repaired multi-source Ampere evidence chain.","07_evidence","high","fact-assertions.csv"
"最小参考资料库/fact-assertions.csv","insert","ASSERT-R1-GA100-AMPERE-SW-MATURITY-01","Bind the fact to a fixed source and locator.","07_evidence","medium","fact-assertions.csv"
"最小参考资料库/fact-assertions.csv","insert","ASSERT-R1-GA100-AMPERE-SW-PTX70","Complete the repaired multi-source Ampere evidence chain.","07_evidence","high","fact-assertions.csv"
"最小参考资料库/fact-assertions.csv","insert","ASSERT-R1-GA100-AMPERE-TF32-B-01","Bind the fact to a fixed source and locator.","07_evidence","medium","fact-assertions.csv"
"最小参考资料库/fact-assertions.csv","insert","ASSERT-R1-GA100-AMPERE-TF32-CONVERSION-01","Bind the fact to a fixed source and locator.","07_evidence","medium","fact-assertions.csv"
"最小参考资料库/fact-assertions.csv","insert","ASSERT-R1-GA100-AMPERE-TF32-OUTPUT-01","Bind the fact to a fixed source and locator.","07_evidence","medium","fact-assertions.csv"
"最小参考资料库/fact-assertions.csv","insert","ASSERT-R1-GA100-COMP-COUNT-FP32-01","Bind the fact to a fixed source and locator.","07_evidence","medium","fact-assertions.csv"
"最小参考资料库/fact-assertions.csv","insert","ASSERT-R1-GA100-COMP-COUNT-GPC-01","Bind the fact to a fixed source and locator.","07_evidence","medium","fact-assertions.csv"
"最小参考资料库/fact-assertions.csv","insert","ASSERT-R1-GA100-COMP-COUNT-MEMCTRL-01","Bind the fact to a fixed source and locator.","07_evidence","medium","fact-assertions.csv"
"最小参考资料库/fact-assertions.csv","insert","ASSERT-R1-GA100-COMP-COUNT-SM-01","Bind the fact to a fixed source and locator.","07_evidence","medium","fact-assertions.csv"
"最小参考资料库/fact-assertions.csv","insert","ASSERT-R1-GA100-COMP-COUNT-TENSOR-01","Bind the fact to a fixed source and locator.","07_evidence","medium","fact-assertions.csv"
"最小参考资料库/fact-assertions.csv","insert","ASSERT-R1-GA100-COMP-COUNT-TPC-01","Bind the fact to a fixed source and locator.","07_evidence","medium","fact-assertions.csv"
"最小参考资料库/fact-assertions.csv","insert","ASSERT-R1-GA100-COMP-NAME-FP32-01","Bind the fact to a fixed source and locator.","07_evidence","medium","fact-assertions.csv"
"最小参考资料库/fact-assertions.csv","insert","ASSERT-R1-GA100-COMP-NAME-GPC-01","Bind the fact to a fixed source and locator.","07_evidence","medium","fact-assertions.csv"
"最小参考资料库/fact-assertions.csv","insert","ASSERT-R1-GA100-COMP-NAME-L1SMEM-01","Bind the fact to a fixed source and locator.","07_evidence","medium","fact-assertions.csv"
"最小参考资料库/fact-assertions.csv","insert","ASSERT-R1-GA100-COMP-NAME-L2-01","Bind the fact to a fixed source and locator.","07_evidence","medium","fact-assertions.csv"
"最小参考资料库/fact-assertions.csv","insert","ASSERT-R1-GA100-COMP-NAME-MEMCTRL-01","Bind the fact to a fixed source and locator.","07_evidence","medium","fact-assertions.csv"
"最小参考资料库/fact-assertions.csv","insert","ASSERT-R1-GA100-COMP-NAME-OFA-01","Bind the fact to a fixed source and locator.","07_evidence","medium","fact-assertions.csv"
"最小参考资料库/fact-assertions.csv","insert","ASSERT-R1-GA100-COMP-NAME-REG-01","Bind the fact to a fixed source and locator.","07_evidence","medium","fact-assertions.csv"
"最小参考资料库/fact-assertions.csv","insert","ASSERT-R1-GA100-COMP-NAME-SM-01","Bind the fact to a fixed source and locator.","07_evidence","medium","fact-assertions.csv"
"最小参考资料库/fact-assertions.csv","insert","ASSERT-R1-GA100-COMP-NAME-TENSOR-01","Bind the fact to a fixed source and locator.","07_evidence","medium","fact-assertions.csv"
"最小参考资料库/fact-assertions.csv","insert","ASSERT-R1-GA100-COMP-NAME-TPC-01","Bind the fact to a fixed source and locator.","07_evidence","medium","fact-assertions.csv"
"最小参考资料库/fact-assertions.csv","insert","ASSERT-R1-GA100-COMP-NAME-VIDEO-DECODE-01","Bind the fact to a fixed source and locator.","07_evidence","medium","fact-assertions.csv"
"最小参考资料库/fact-assertions.csv","insert","ASSERT-R1-GA100-FP16-A-01","Bind the fact to a fixed source and locator.","07_evidence","medium","fact-assertions.csv"
"最小参考资料库/fact-assertions.csv","insert","ASSERT-R1-GA100-FP16-ACC-01","Bind the fact to a fixed source and locator.","07_evidence","medium","fact-assertions.csv"
"最小参考资料库/fact-assertions.csv","insert","ASSERT-R1-GA100-FP16-B-01","Bind the fact to a fixed source and locator.","07_evidence","medium","fact-assertions.csv"
"最小参考资料库/fact-assertions.csv","insert","ASSERT-R1-GA100-FP16-COUNT-RULE-01","Bind the fact to a fixed source and locator.","07_evidence","medium","fact-assertions.csv"
"最小参考资料库/fact-assertions.csv","insert","ASSERT-R1-GA100-FP16-FMA-PER-SM-01","Bind the fact to a fixed source and locator.","07_evidence","medium","fact-assertions.csv"
"最小参考资料库/fact-assertions.csv","insert","ASSERT-R1-GA100-ID-FAMILY-01","Bind the fact to a fixed source and locator.","07_evidence","medium","fact-assertions.csv"
"最小参考资料库/fact-assertions.csv","insert","ASSERT-R1-GA100-ID-FAMILY-01-MIG","Corroborate GA100 identity through the fixed product-to-chip mapping.","07_evidence","medium","fact-assertions.csv"
"最小参考资料库/fact-assertions.csv","insert","ASSERT-R1-GA100-ID-NAME-01","Bind the fact to a fixed source and locator.","07_evidence","medium","fact-assertions.csv"
"最小参考资料库/fact-assertions.csv","insert","ASSERT-R1-GA100-ID-NAME-01-MIG","Corroborate GA100 identity through the fixed product-to-chip mapping.","07_evidence","medium","fact-assertions.csv"
"最小参考资料库/fact-assertions.csv","insert","ASSERT-R1-GA100-ID-TYPE-01","Bind the fact to a fixed source and locator.","07_evidence","medium","fact-assertions.csv"
"最小参考资料库/fact-assertions.csv","insert","ASSERT-R1-GA100-ID-VENDOR-01","Bind the fact to a fixed source and locator.","07_evidence","medium","fact-assertions.csv"
"最小参考资料库/fact-assertions.csv","insert","ASSERT-R1-GA100-L1SMEM-CAPACITY-PER-SM-01","Bind the fact to a fixed source and locator.","07_evidence","medium","fact-assertions.csv"
"最小参考资料库/fact-assertions.csv","insert","ASSERT-R1-GA100-OFA-DETAIL-01","Bind the fact to a fixed source and locator.","07_evidence","medium","fact-assertions.csv"
"最小参考资料库/fact-assertions.csv","insert","ASSERT-R1-GA100-OFA-LEVEL-01","Bind the fact to a fixed source and locator.","07_evidence","medium","fact-assertions.csv"
"最小参考资料库/fact-assertions.csv","insert","ASSERT-R1-GA100-PCIE-PROTOCOL-01","Bind the fact to a fixed source and locator.","07_evidence","medium","fact-assertions.csv"
"最小参考资料库/fact-assertions.csv","insert","ASSERT-R1-GA100-PHY-AREA-01","Bind the fact to a fixed source and locator.","07_evidence","medium","fact-assertions.csv"
"最小参考资料库/fact-assertions.csv","insert","ASSERT-R1-GA100-PHY-AREA-01-ISSCC","Add an independent fixed first-party implementation qualifier.","07_evidence","medium","fact-assertions.csv"
"最小参考资料库/fact-assertions.csv","insert","ASSERT-R1-GA100-PHY-FOUNDRY-01","Bind the fact to a fixed source and locator.","07_evidence","medium","fact-assertions.csv"
"最小参考资料库/fact-assertions.csv","insert","ASSERT-R1-GA100-PHY-PROCESS-01","Bind the fact to a fixed source and locator.","07_evidence","medium","fact-assertions.csv"
"最小参考资料库/fact-assertions.csv","insert","ASSERT-R1-GA100-PHY-PROCESS-01-ISSCC","Add an independent fixed first-party implementation qualifier.","07_evidence","medium","fact-assertions.csv"
"最小参考资料库/fact-assertions.csv","insert","ASSERT-R1-GA100-PHY-TRANSISTORS-01","Bind the fact to a fixed source and locator.","07_evidence","medium","fact-assertions.csv"
"最小参考资料库/fact-assertions.csv","insert","ASSERT-R1-GA100-PHY-TRANSISTORS-01-ISSCC-ROUNDED","Retain the rounded ISSCC number as a qualifier, not exact corroboration.","07_evidence","high","fact-assertions.csv"
"最小参考资料库/fact-assertions.csv","insert","ASSERT-R1-GA100-RAS-CONTAINMENT-01","Bind the fact to a fixed source and locator.","07_evidence","medium","fact-assertions.csv"
"最小参考资料库/fact-assertions.csv","insert","ASSERT-R1-GA100-RAS-DETECTION-01","Bind the fact to a fixed source and locator.","07_evidence","medium","fact-assertions.csv"
"最小参考资料库/fact-assertions.csv","insert","ASSERT-R1-GA100-RAS-DPO-01","Bind the fact to a fixed source and locator.","07_evidence","medium","fact-assertions.csv"
"最小参考资料库/fact-assertions.csv","insert","ASSERT-R1-GA100-RAS-RECOVERY-01","Bind the fact to a fixed source and locator.","07_evidence","medium","fact-assertions.csv"
"最小参考资料库/fact-assertions.csv","insert","ASSERT-R1-GA100-RAS-ROW-REMAP-01","Bind the fact to a fixed source and locator.","07_evidence","medium","fact-assertions.csv"
"最小参考资料库/fact-assertions.csv","insert","ASSERT-R1-GA100-REG-AGGREGATION-01","Bind the fact to a fixed source and locator.","07_evidence","medium","fact-assertions.csv"
"最小参考资料库/fact-assertions.csv","insert","ASSERT-R1-GA100-REG-CAPACITY-PER-SM-01","Bind the fact to a fixed source and locator.","07_evidence","medium","fact-assertions.csv"
"最小参考资料库/fact-assertions.csv","insert","ASSERT-R1-GA100-REG-INSTANCE-COUNT-PER-SM-01","Bind the fact to a fixed source and locator.","07_evidence","medium","fact-assertions.csv"
"最小参考资料库/fact-assertions.csv","insert","ASSERT-R1-GA100-SM-ISSUE-01","Bind the fact to a fixed source and locator.","07_evidence","medium","fact-assertions.csv"
"最小参考资料库/fact-assertions.csv","insert","ASSERT-R1-GA100-SM-SHARED-01","Bind the fact to a fixed source and locator.","07_evidence","medium","fact-assertions.csv"
"最小参考资料库/fact-assertions.csv","insert","ASSERT-R1-GA100-VIDEO-DETAIL-01","Bind the fact to a fixed source and locator.","07_evidence","medium","fact-assertions.csv"
"最小参考资料库/fact-assertions.csv","insert","ASSERT-R1-GA100-VIDEO-LEVEL-01","Bind the fact to a fixed source and locator.","07_evidence","medium","fact-assertions.csv"
"最小参考资料库/requirement-evidence.csv","insert","REQEVID-R1-GA100-COMP-VENDOR-TOPS","Attach source-backed object-boundary evidence to a non-applicable requirement.","07_evidence","medium","requirement-evidence.csv"
"最小参考资料库/requirement-evidence.csv","insert","REQEVID-R1-GA100-ECON-PRICE","Attach source-backed object-boundary evidence to a non-applicable requirement.","07_evidence","medium","requirement-evidence.csv"
"最小参考资料库/requirement-evidence.csv","insert","REQEVID-R1-GA100-PHY-COOLING","Attach source-backed object-boundary evidence to a non-applicable requirement.","07_evidence","medium","requirement-evidence.csv"
"最小参考资料库/requirement-evidence.csv","insert","REQEVID-R1-GA100-PHY-FORM-FACTOR","Attach source-backed object-boundary evidence to a non-applicable requirement.","07_evidence","medium","requirement-evidence.csv"
"最小参考资料库/requirement-evidence.csv","insert","REQEVID-R1-GA100-PHY-HBM-STACKS","Attach source-backed object-boundary evidence to a non-applicable requirement.","07_evidence","medium","requirement-evidence.csv"
"最小参考资料库/requirement-evidence.csv","insert","REQEVID-R1-GA100-PHY-INTERPOSER","Attach source-backed object-boundary evidence to a non-applicable requirement.","07_evidence","medium","requirement-evidence.csv"
"最小参考资料库/requirement-evidence.csv","insert","REQEVID-R1-GA100-PHY-PACKAGE","Attach source-backed object-boundary evidence to a non-applicable requirement.","07_evidence","medium","requirement-evidence.csv"
"最小参考资料库/requirement-evidence.csv","insert","REQEVID-R1-GA100-REL-QUANTITY","Attach source-backed object-boundary evidence to a non-applicable requirement.","07_evidence","medium","requirement-evidence.csv"
"最小参考资料库/search-log.csv","insert","SEARCH-M2NA-GAP-0006","Provide the mandatory search record for a not_found requirement.","07_evidence","medium","search-log.csv"
"最小参考资料库/search-log.csv","insert","SEARCH-M2NA-GAP-0059","Provide the mandatory search record for a not_found requirement.","07_evidence","medium","search-log.csv"
"最小参考资料库/search-log.csv","insert","SEARCH-M2NA-GAP-0060","Provide the mandatory search record for a not_found requirement.","07_evidence","medium","search-log.csv"
"最小参考资料库/search-log.csv","insert","SEARCH-M2NA-GAP-0061","Provide the mandatory search record for a not_found requirement.","07_evidence","medium","search-log.csv"
"最小参考资料库/search-log.csv","insert","SEARCH-M2NA-GAP-0062","Provide the mandatory search record for a not_found requirement.","07_evidence","medium","search-log.csv"
"最小参考资料库/search-log.csv","insert","SEARCH-M2NA-GAP-0063","Provide the mandatory search record for a not_found requirement.","07_evidence","medium","search-log.csv"
"最小参考资料库/search-log.csv","insert","SEARCH-M2NA-GAP-0109","Provide the mandatory search record for a not_found requirement.","07_evidence","medium","search-log.csv"
"最小参考资料库/search-log.csv","insert","SEARCH-M2NA-GAP-0110","Provide the mandatory search record for a not_found requirement.","07_evidence","medium","search-log.csv"
"最小参考资料库/search-log.csv","insert","SEARCH-M2NA-GAP-0111","Provide the mandatory search record for a not_found requirement.","07_evidence","medium","search-log.csv"
"最小参考资料库/search-log.csv","insert","SEARCH-M2NA-GAP-0112","Provide the mandatory search record for a not_found requirement.","07_evidence","medium","search-log.csv"
"最小参考资料库/search-log.csv","insert","SEARCH-M2NA-GAP-0113","Provide the mandatory search record for a not_found requirement.","07_evidence","medium","search-log.csv"
"最小参考资料库/search-log.csv","insert","SEARCH-M2NA-GAP-0114","Provide the mandatory search record for a not_found requirement.","07_evidence","medium","search-log.csv"
"最小参考资料库/search-log.csv","insert","SEARCH-M2NA-GAP-0163","Provide the mandatory search record for a not_found requirement.","07_evidence","medium","search-log.csv"
"最小参考资料库/search-log.csv","insert","SEARCH-M2NA-GAP-0164","Provide the mandatory search record for a not_found requirement.","07_evidence","medium","search-log.csv"
"最小参考资料库/search-log.csv","insert","SEARCH-R1-GA100-BENCH-ENERGY","Provide the mandatory search record for a not_found requirement.","07_evidence","medium","search-log.csv"
"最小参考资料库/search-log.csv","insert","SEARCH-R1-GA100-BENCH-POWER","Provide the mandatory search record for a not_found requirement.","07_evidence","medium","search-log.csv"
"最小参考资料库/search-log.csv","insert","SEARCH-R1-GA100-BENCH-TPJ","Provide the mandatory search record for a not_found requirement.","07_evidence","medium","search-log.csv"
"最小参考资料库/search-log.csv","insert","SEARCH-R1-GA100-BENCH-UTIL","Provide the mandatory search record for a not_found requirement.","07_evidence","medium","search-log.csv"
"最小参考资料库/search-log.csv","insert","SEARCH-R1-GA100-CAP-GAP-ATTENTION-MOVE","Provide the mandatory search record for a not_found requirement.","07_evidence","medium","search-log.csv"
"最小参考资料库/search-log.csv","insert","SEARCH-R1-GA100-CAP-GAP-COLLECTIVE","Provide the mandatory search record for a not_found requirement.","07_evidence","medium","search-log.csv"
"最小参考资料库/search-log.csv","insert","SEARCH-R1-GA100-CAP-GAP-DEQUANTIZE","Provide the mandatory search record for a not_found requirement.","07_evidence","medium","search-log.csv"
"最小参考资料库/search-log.csv","insert","SEARCH-R1-GA100-CAP-GAP-KV-CACHE","Provide the mandatory search record for a not_found requirement.","07_evidence","medium","search-log.csv"
"最小参考资料库/search-log.csv","insert","SEARCH-R1-GA100-CAP-GAP-MOE-DISPATCH","Provide the mandatory search record for a not_found requirement.","07_evidence","medium","search-log.csv"
"最小参考资料库/search-log.csv","insert","SEARCH-R1-GA100-CAP-GAP-MOE-ROUTE","Provide the mandatory search record for a not_found requirement.","07_evidence","medium","search-log.csv"
"最小参考资料库/search-log.csv","insert","SEARCH-R1-GA100-CAP-GAP-QUANTIZE","Provide the mandatory search record for a not_found requirement.","07_evidence","medium","search-log.csv"
"最小参考资料库/search-log.csv","insert","SEARCH-R1-GA100-CAP-GAP-SOFTMAX","Provide the mandatory search record for a not_found requirement.","07_evidence","medium","search-log.csv"
"最小参考资料库/search-log.csv","insert","SEARCH-R1-GA100-CAP-GAP-TOPK","Provide the mandatory search record for a not_found requirement.","07_evidence","medium","search-log.csv"
"最小参考资料库/search-log.csv","insert","SEARCH-R1-GA100-CAP-GAP-TRANSPOSE","Provide the mandatory search record for a not_found requirement.","07_evidence","medium","search-log.csv"
"最小参考资料库/search-log.csv","insert","SEARCH-R1-GA100-OFA-THROUGHPUT","Provide the mandatory search record for a not_found requirement.","07_evidence","medium","search-log.csv"
"最小参考资料库/search-log.csv","insert","SEARCH-R1-GA100-PHY-CLOCK","Provide the mandatory search record for a not_found requirement.","07_evidence","medium","search-log.csv"
"最小参考资料库/search-log.csv","insert","SEARCH-R1-GA100-PHY-POWER","Provide the mandatory search record for a not_found requirement.","07_evidence","medium","search-log.csv"
"最小参考资料库/search-log.csv","insert","SEARCH-R1-GA100-RAS-BIST","Provide the mandatory search record for a not_found requirement.","07_evidence","medium","search-log.csv"
"最小参考资料库/search-log.csv","insert","SEARCH-R1-GA100-RAS-SDE","Provide the mandatory search record for a not_found requirement.","07_evidence","medium","search-log.csv"
"最小参考资料库/search-results.csv","insert","SRESULT-M2NA-GAP-0006-1","Bind the gap search to checked sources without turning endpoints into sources.","07_evidence","medium","search-results.csv"
"最小参考资料库/search-results.csv","insert","SRESULT-M2NA-GAP-0006-2","Bind the gap search to checked sources without turning endpoints into sources.","07_evidence","medium","search-results.csv"
"最小参考资料库/search-results.csv","insert","SRESULT-M2NA-GAP-0059-1","Bind the gap search to checked sources without turning endpoints into sources.","07_evidence","medium","search-results.csv"
"最小参考资料库/search-results.csv","insert","SRESULT-M2NA-GAP-0059-2","Bind the gap search to checked sources without turning endpoints into sources.","07_evidence","medium","search-results.csv"
"最小参考资料库/search-results.csv","insert","SRESULT-M2NA-GAP-0060-1","Bind the gap search to checked sources without turning endpoints into sources.","07_evidence","medium","search-results.csv"
"最小参考资料库/search-results.csv","insert","SRESULT-M2NA-GAP-0060-2","Bind the gap search to checked sources without turning endpoints into sources.","07_evidence","medium","search-results.csv"
"最小参考资料库/search-results.csv","insert","SRESULT-M2NA-GAP-0061-1","Bind the gap search to checked sources without turning endpoints into sources.","07_evidence","medium","search-results.csv"
"最小参考资料库/search-results.csv","insert","SRESULT-M2NA-GAP-0061-2","Bind the gap search to checked sources without turning endpoints into sources.","07_evidence","medium","search-results.csv"
"最小参考资料库/search-results.csv","insert","SRESULT-M2NA-GAP-0062-1","Bind the gap search to checked sources without turning endpoints into sources.","07_evidence","medium","search-results.csv"
"最小参考资料库/search-results.csv","insert","SRESULT-M2NA-GAP-0062-2","Bind the gap search to checked sources without turning endpoints into sources.","07_evidence","medium","search-results.csv"
"最小参考资料库/search-results.csv","insert","SRESULT-M2NA-GAP-0063-1","Bind the gap search to checked sources without turning endpoints into sources.","07_evidence","medium","search-results.csv"
"最小参考资料库/search-results.csv","insert","SRESULT-M2NA-GAP-0063-2","Bind the gap search to checked sources without turning endpoints into sources.","07_evidence","medium","search-results.csv"
"最小参考资料库/search-results.csv","insert","SRESULT-M2NA-GAP-0109-1","Bind the gap search to checked sources without turning endpoints into sources.","07_evidence","medium","search-results.csv"
"最小参考资料库/search-results.csv","insert","SRESULT-M2NA-GAP-0109-2","Bind the gap search to checked sources without turning endpoints into sources.","07_evidence","medium","search-results.csv"
"最小参考资料库/search-results.csv","insert","SRESULT-M2NA-GAP-0110-1","Bind the gap search to checked sources without turning endpoints into sources.","07_evidence","medium","search-results.csv"
"最小参考资料库/search-results.csv","insert","SRESULT-M2NA-GAP-0110-2","Bind the gap search to checked sources without turning endpoints into sources.","07_evidence","medium","search-results.csv"
"最小参考资料库/search-results.csv","insert","SRESULT-M2NA-GAP-0111-1","Bind the gap search to checked sources without turning endpoints into sources.","07_evidence","medium","search-results.csv"
"最小参考资料库/search-results.csv","insert","SRESULT-M2NA-GAP-0111-2","Bind the gap search to checked sources without turning endpoints into sources.","07_evidence","medium","search-results.csv"
"最小参考资料库/search-results.csv","insert","SRESULT-M2NA-GAP-0112-1","Bind the gap search to checked sources without turning endpoints into sources.","07_evidence","medium","search-results.csv"
"最小参考资料库/search-results.csv","insert","SRESULT-M2NA-GAP-0112-2","Bind the gap search to checked sources without turning endpoints into sources.","07_evidence","medium","search-results.csv"
"最小参考资料库/search-results.csv","insert","SRESULT-M2NA-GAP-0113-1","Bind the gap search to checked sources without turning endpoints into sources.","07_evidence","medium","search-results.csv"
"最小参考资料库/search-results.csv","insert","SRESULT-M2NA-GAP-0113-2","Bind the gap search to checked sources without turning endpoints into sources.","07_evidence","medium","search-results.csv"
"最小参考资料库/search-results.csv","insert","SRESULT-M2NA-GAP-0114-1","Bind the gap search to checked sources without turning endpoints into sources.","07_evidence","medium","search-results.csv"
"最小参考资料库/search-results.csv","insert","SRESULT-M2NA-GAP-0114-2","Bind the gap search to checked sources without turning endpoints into sources.","07_evidence","medium","search-results.csv"
"最小参考资料库/search-results.csv","insert","SRESULT-M2NA-GAP-0163-1","Bind the gap search to checked sources without turning endpoints into sources.","07_evidence","medium","search-results.csv"
"最小参考资料库/search-results.csv","insert","SRESULT-M2NA-GAP-0163-2","Bind the gap search to checked sources without turning endpoints into sources.","07_evidence","medium","search-results.csv"
"最小参考资料库/search-results.csv","insert","SRESULT-M2NA-GAP-0164-1","Bind the gap search to checked sources without turning endpoints into sources.","07_evidence","medium","search-results.csv"
"最小参考资料库/search-results.csv","insert","SRESULT-M2NA-GAP-0164-2","Bind the gap search to checked sources without turning endpoints into sources.","07_evidence","medium","search-results.csv"
"最小参考资料库/search-results.csv","insert","SRESULT-R1-GA100-BENCH-ENERGY-1","Bind the gap search to checked sources without turning endpoints into sources.","07_evidence","medium","search-results.csv"
"最小参考资料库/search-results.csv","insert","SRESULT-R1-GA100-BENCH-ENERGY-2","Bind the gap search to checked sources without turning endpoints into sources.","07_evidence","medium","search-results.csv"
"最小参考资料库/search-results.csv","insert","SRESULT-R1-GA100-BENCH-POWER-1","Bind the gap search to checked sources without turning endpoints into sources.","07_evidence","medium","search-results.csv"
"最小参考资料库/search-results.csv","insert","SRESULT-R1-GA100-BENCH-POWER-2","Bind the gap search to checked sources without turning endpoints into sources.","07_evidence","medium","search-results.csv"
"最小参考资料库/search-results.csv","insert","SRESULT-R1-GA100-BENCH-TPJ-1","Bind the gap search to checked sources without turning endpoints into sources.","07_evidence","medium","search-results.csv"
"最小参考资料库/search-results.csv","insert","SRESULT-R1-GA100-BENCH-TPJ-2","Bind the gap search to checked sources without turning endpoints into sources.","07_evidence","medium","search-results.csv"
"最小参考资料库/search-results.csv","insert","SRESULT-R1-GA100-BENCH-UTIL-1","Bind the gap search to checked sources without turning endpoints into sources.","07_evidence","medium","search-results.csv"
"最小参考资料库/search-results.csv","insert","SRESULT-R1-GA100-BENCH-UTIL-2","Bind the gap search to checked sources without turning endpoints into sources.","07_evidence","medium","search-results.csv"
"最小参考资料库/search-results.csv","insert","SRESULT-R1-GA100-CAP-GAP-ATTENTION-MOVE-1","Bind the gap search to checked sources without turning endpoints into sources.","07_evidence","medium","search-results.csv"
"最小参考资料库/search-results.csv","insert","SRESULT-R1-GA100-CAP-GAP-ATTENTION-MOVE-2","Bind the gap search to checked sources without turning endpoints into sources.","07_evidence","medium","search-results.csv"
"最小参考资料库/search-results.csv","insert","SRESULT-R1-GA100-CAP-GAP-COLLECTIVE-1","Bind the gap search to checked sources without turning endpoints into sources.","07_evidence","medium","search-results.csv"
"最小参考资料库/search-results.csv","insert","SRESULT-R1-GA100-CAP-GAP-COLLECTIVE-2","Bind the gap search to checked sources without turning endpoints into sources.","07_evidence","medium","search-results.csv"
"最小参考资料库/search-results.csv","insert","SRESULT-R1-GA100-CAP-GAP-DEQUANTIZE-1","Bind the gap search to checked sources without turning endpoints into sources.","07_evidence","medium","search-results.csv"
"最小参考资料库/search-results.csv","insert","SRESULT-R1-GA100-CAP-GAP-DEQUANTIZE-2","Bind the gap search to checked sources without turning endpoints into sources.","07_evidence","medium","search-results.csv"
"最小参考资料库/search-results.csv","insert","SRESULT-R1-GA100-CAP-GAP-KV-CACHE-1","Bind the gap search to checked sources without turning endpoints into sources.","07_evidence","medium","search-results.csv"
"最小参考资料库/search-results.csv","insert","SRESULT-R1-GA100-CAP-GAP-KV-CACHE-2","Bind the gap search to checked sources without turning endpoints into sources.","07_evidence","medium","search-results.csv"
"最小参考资料库/search-results.csv","insert","SRESULT-R1-GA100-CAP-GAP-MOE-DISPATCH-1","Bind the gap search to checked sources without turning endpoints into sources.","07_evidence","medium","search-results.csv"
"最小参考资料库/search-results.csv","insert","SRESULT-R1-GA100-CAP-GAP-MOE-DISPATCH-2","Bind the gap search to checked sources without turning endpoints into sources.","07_evidence","medium","search-results.csv"
"最小参考资料库/search-results.csv","insert","SRESULT-R1-GA100-CAP-GAP-MOE-ROUTE-1","Bind the gap search to checked sources without turning endpoints into sources.","07_evidence","medium","search-results.csv"
"最小参考资料库/search-results.csv","insert","SRESULT-R1-GA100-CAP-GAP-MOE-ROUTE-2","Bind the gap search to checked sources without turning endpoints into sources.","07_evidence","medium","search-results.csv"
"最小参考资料库/search-results.csv","insert","SRESULT-R1-GA100-CAP-GAP-QUANTIZE-1","Bind the gap search to checked sources without turning endpoints into sources.","07_evidence","medium","search-results.csv"
"最小参考资料库/search-results.csv","insert","SRESULT-R1-GA100-CAP-GAP-QUANTIZE-2","Bind the gap search to checked sources without turning endpoints into sources.","07_evidence","medium","search-results.csv"
"最小参考资料库/search-results.csv","insert","SRESULT-R1-GA100-CAP-GAP-SOFTMAX-1","Bind the gap search to checked sources without turning endpoints into sources.","07_evidence","medium","search-results.csv"
"最小参考资料库/search-results.csv","insert","SRESULT-R1-GA100-CAP-GAP-SOFTMAX-2","Bind the gap search to checked sources without turning endpoints into sources.","07_evidence","medium","search-results.csv"
"最小参考资料库/search-results.csv","insert","SRESULT-R1-GA100-CAP-GAP-TOPK-1","Bind the gap search to checked sources without turning endpoints into sources.","07_evidence","medium","search-results.csv"
"最小参考资料库/search-results.csv","insert","SRESULT-R1-GA100-CAP-GAP-TOPK-2","Bind the gap search to checked sources without turning endpoints into sources.","07_evidence","medium","search-results.csv"
"最小参考资料库/search-results.csv","insert","SRESULT-R1-GA100-CAP-GAP-TRANSPOSE-1","Bind the gap search to checked sources without turning endpoints into sources.","07_evidence","medium","search-results.csv"
"最小参考资料库/search-results.csv","insert","SRESULT-R1-GA100-CAP-GAP-TRANSPOSE-2","Bind the gap search to checked sources without turning endpoints into sources.","07_evidence","medium","search-results.csv"
"最小参考资料库/search-results.csv","insert","SRESULT-R1-GA100-OFA-THROUGHPUT-1","Bind the gap search to checked sources without turning endpoints into sources.","07_evidence","medium","search-results.csv"
"最小参考资料库/search-results.csv","insert","SRESULT-R1-GA100-OFA-THROUGHPUT-2","Bind the gap search to checked sources without turning endpoints into sources.","07_evidence","medium","search-results.csv"
"最小参考资料库/search-results.csv","insert","SRESULT-R1-GA100-PHY-CLOCK-1","Bind the gap search to checked sources without turning endpoints into sources.","07_evidence","medium","search-results.csv"
"最小参考资料库/search-results.csv","insert","SRESULT-R1-GA100-PHY-CLOCK-2","Bind the gap search to checked sources without turning endpoints into sources.","07_evidence","medium","search-results.csv"
"最小参考资料库/search-results.csv","insert","SRESULT-R1-GA100-PHY-POWER-1","Bind the gap search to checked sources without turning endpoints into sources.","07_evidence","medium","search-results.csv"
"最小参考资料库/search-results.csv","insert","SRESULT-R1-GA100-PHY-POWER-2","Bind the gap search to checked sources without turning endpoints into sources.","07_evidence","medium","search-results.csv"
"最小参考资料库/search-results.csv","insert","SRESULT-R1-GA100-RAS-BIST-1","Bind the gap search to checked sources without turning endpoints into sources.","07_evidence","medium","search-results.csv"
"最小参考资料库/search-results.csv","insert","SRESULT-R1-GA100-RAS-BIST-2","Bind the gap search to checked sources without turning endpoints into sources.","07_evidence","medium","search-results.csv"
"最小参考资料库/search-results.csv","insert","SRESULT-R1-GA100-RAS-SDE-1","Bind the gap search to checked sources without turning endpoints into sources.","07_evidence","medium","search-results.csv"
"最小参考资料库/search-results.csv","insert","SRESULT-R1-GA100-RAS-SDE-2","Bind the gap search to checked sources without turning endpoints into sources.","07_evidence","medium","search-results.csv"
"最小参考资料库/selection-members.csv","insert","SELMEM-R1-GA100-M2NA-NVIDIA-AMPERE-WP-2020","Add one source-level minimum-set member.","08_selection","high","selection-members.csv"
"最小参考资料库/selection-members.csv","insert","SELMEM-R1-GA100-NVIDIA-CUDA-C-PROGRAMMING-GUIDE-11-0","Add one source-level minimum-set member.","08_selection","high","selection-members.csv"
"最小参考资料库/selection-members.csv","insert","SELMEM-R1-GA100-NVIDIA-GPU-MEM-ERROR-MGMT-DA-09826-002-V001","Add one source-level minimum-set member.","08_selection","high","selection-members.csv"
"最小参考资料库/selection-members.csv","insert","SELMEM-R1-GA100-NVIDIA-MIG-USER-GUIDE-610","Add one source-level minimum-set member.","08_selection","high","selection-members.csv"
"最小参考资料库/selection-members.csv","insert","SELMEM-R1-GA100-NVIDIA-PTX-ISA-7-0","Add one source-level minimum-set member.","08_selection","high","selection-members.csv"
"最小参考资料库/selection-members.csv","insert","SELMEM-R1-GA100-NVIDIA-PTX-ISA-7-2","Add one source-level minimum-set member.","08_selection","high","selection-members.csv"
"最小参考资料库/selection-runs.csv","insert","SELRUN-GA100-DIE-20260821-PROVISIONAL","Create a provisional source-level reverse-removal run after facts and evidence.","08_selection","high","selection-runs.csv"
"最小参考资料库/source-coverage.csv","insert","COV-R1-GA100-IEEE-BY-WP","Document why a registered lead is omitted from the minimum set.","08_selection","medium","source-coverage.csv"
"最小参考资料库/source-coverage.csv","insert","COV-R1-GA100-R595-BY-2023","Document why a registered lead is omitted from the minimum set.","08_selection","medium","source-coverage.csv"
"最小参考资料库/source-screening.csv","insert","SCREEN-R1-GA100-NVIDIA-A100-IEEE-MICRO-2021","Record one source-level screening decision.","08_selection","medium","source-screening.csv"
"最小参考资料库/source-screening.csv","insert","SCREEN-R1-GA100-NVIDIA-A100-ISSCC-2021","Record one source-level screening decision.","08_selection","medium","source-screening.csv"
"最小参考资料库/source-screening.csv","insert","SCREEN-R1-GA100-NVIDIA-A100-RANDOM-ACCESS-ARXIV-V1-2024","Record one source-level screening decision.","08_selection","medium","source-screening.csv"
"最小参考资料库/source-screening.csv","insert","SCREEN-R1-GA100-NVIDIA-AMPERE-MICROBENCH-ARXIV-V1-2022","Record one source-level screening decision.","08_selection","medium","source-screening.csv"
"最小参考资料库/source-screening.csv","insert","SCREEN-R1-GA100-NVIDIA-CUDA-C-PROGRAMMING-GUIDE-11-0","Record one source-level screening decision.","08_selection","medium","source-screening.csv"
"最小参考资料库/source-screening.csv","insert","SCREEN-R1-GA100-NVIDIA-GPU-MEM-ERROR-MGMT-DA-09826-002-V001","Record one source-level screening decision.","08_selection","medium","source-screening.csv"
"最小参考资料库/source-screening.csv","insert","SCREEN-R1-GA100-NVIDIA-GPU-MEM-ERROR-MGMT-R595","Record one source-level screening decision.","08_selection","medium","source-screening.csv"
"最小参考资料库/source-screening.csv","insert","SCREEN-R1-GA100-NVIDIA-MIG-USER-GUIDE-610","Record one source-level screening decision.","08_selection","medium","source-screening.csv"
"最小参考资料库/source-screening.csv","insert","SCREEN-R1-GA100-NVIDIA-PTX-ISA-7-0","Record one source-level screening decision.","08_selection","medium","source-screening.csv"
"最小参考资料库/source-screening.csv","insert","SCREEN-R1-GA100-NVIDIA-PTX-ISA-7-2","Record one source-level screening decision.","08_selection","medium","source-screening.csv"
"最小参考资料库/source-selected-roles.csv","insert","SROLE-R1-GA100-NVIDIA-AMPERE-WP-CORE","Add the GA100-specific role while preserving the existing source screening row.","08_selection","medium","source-selected-roles.csv"
"最小参考资料库/source-selected-roles.csv","insert","SROLE-R1-GA100-NVIDIA-CUDA-C-PROGRAMMING-GUIDE-11-0-ARCHITECTURE_MECHANISM","Attach a source-level role, not an endpoint-level role.","08_selection","medium","source-selected-roles.csv"
"最小参考资料库/source-selected-roles.csv","insert","SROLE-R1-GA100-NVIDIA-GPU-MEM-ERROR-MGMT-DA-09826-002-V001-CORE_SPEC","Attach a source-level role, not an endpoint-level role.","08_selection","medium","source-selected-roles.csv"
"最小参考资料库/source-selected-roles.csv","insert","SROLE-R1-GA100-NVIDIA-MIG-USER-GUIDE-610-IDENTITY","Attach a source-level role, not an endpoint-level role.","08_selection","medium","source-selected-roles.csv"
"最小参考资料库/source-selected-roles.csv","insert","SROLE-R1-GA100-NVIDIA-PTX-ISA-7-0-ARCHITECTURE_MECHANISM","Attach a source-level role, not an endpoint-level role.","08_selection","medium","source-selected-roles.csv"
"最小参考资料库/source-selected-roles.csv","insert","SROLE-R1-GA100-NVIDIA-PTX-ISA-7-2-ARCHITECTURE_MECHANISM","Attach a source-level role, not an endpoint-level role.","08_selection","medium","source-selected-roles.csv"
"数据/card-completeness.csv","insert","CARD-R1-GA100-BENCHMARK","Stage a domain-level completeness assessment after field decisions.","09_completeness","medium","card-completeness.csv"
"数据/card-completeness.csv","insert","CARD-R1-GA100-COMPUTE","Stage a domain-level completeness assessment after field decisions.","09_completeness","medium","card-completeness.csv"
"数据/card-completeness.csv","insert","CARD-R1-GA100-ECONOMICS","Stage a domain-level completeness assessment after field decisions.","09_completeness","medium","card-completeness.csv"
"数据/card-completeness.csv","insert","CARD-R1-GA100-EVIDENCE","Stage a domain-level completeness assessment after field decisions.","09_completeness","medium","card-completeness.csv"
"数据/card-completeness.csv","insert","CARD-R1-GA100-IDENTITY","Stage a domain-level completeness assessment after field decisions.","09_completeness","medium","card-completeness.csv"
"数据/card-completeness.csv","insert","CARD-R1-GA100-INTERCONNECT","Stage a domain-level completeness assessment after field decisions.","09_completeness","medium","card-completeness.csv"
"数据/card-completeness.csv","insert","CARD-R1-GA100-MEMORY","Stage a domain-level completeness assessment after field decisions.","09_completeness","medium","card-completeness.csv"
"数据/card-completeness.csv","insert","CARD-R1-GA100-NUMERICS","Stage a domain-level completeness assessment after field decisions.","09_completeness","medium","card-completeness.csv"
"数据/card-completeness.csv","insert","CARD-R1-GA100-PHYSICAL","Stage a domain-level completeness assessment after field decisions.","09_completeness","medium","card-completeness.csv"
"数据/card-completeness.csv","insert","CARD-R1-GA100-RELIABILITY","Stage a domain-level completeness assessment after field decisions.","09_completeness","medium","card-completeness.csv"
"数据/card-completeness.csv","insert","CARD-R1-GA100-SCHEDULING","Stage a domain-level completeness assessment after field decisions.","09_completeness","medium","card-completeness.csv"
"数据/card-completeness.csv","insert","CARD-R1-GA100-SOFTWARE","Stage a domain-level completeness assessment after field decisions.","09_completeness","medium","card-completeness.csv"
"数据/card-completeness.csv","insert","CARD-R1-GA100-SPECIAL-ENGINES","Stage a domain-level completeness assessment after field decisions.","09_completeness","medium","card-completeness.csv"

