"requirement_id","object_id","component_id","link_id","object_relation_id","precision_path_id","capability_id","topology_id","field_id","requirement_status","applicability_reason","search_status","last_searched_date","requirement_fingerprint","review_status","notes"
"REQ-NVIDIA-H100-AVAILABILITY","OBJ-NVIDIA-H100-SXM5-80GB","","","","","","","FIELD-ID-AVAILABILITY-DATE","pending_verification","Exact availability date and current supply status were not fixed in the pilot.","in_progress","2026-08-12","H100|REQ-NVIDIA-H100-AVAILABILITY","needs_resolution",""
"REQ-NVIDIA-H100-BF16-TENSOR-PHYSICAL-ACCUM","","","","","PPATH-NVIDIA-H100-BF16-TENSOR","","","FIELD-NUM-PHYSICAL-ACCUM","not_found","Selected first-party sources describe programmer-visible formats or peaks but do not provide a directly locatable physical accumulator-width statement for this path.","completed","2026-08-12","H100|REQ-NVIDIA-H100-BF16-TENSOR-PHYSICAL-ACCUM","reviewed","Do not infer physical accumulator width from the programmer-visible accumulation format."
"REQ-NVIDIA-H100-FP16-TENSOR-PHYSICAL-ACCUM","","","","","PPATH-NVIDIA-H100-FP16-TENSOR","","","FIELD-NUM-PHYSICAL-ACCUM","not_found","Selected first-party sources describe programmer-visible formats or peaks but do not provide a directly locatable physical accumulator-width statement for this path.","completed","2026-08-12","H100|REQ-NVIDIA-H100-FP16-TENSOR-PHYSICAL-ACCUM","reviewed","Do not infer physical accumulator width from the programmer-visible accumulation format."
"REQ-NVIDIA-H100-FP64-TENSOR-ACCUM","","","","","PPATH-NVIDIA-H100-FP64-TENSOR","","","FIELD-NUM-ACCUMULATION","not_found","Selected first-party sources did not provide a directly locatable accumulation-format statement for this path.","completed","2026-08-12","H100|REQ-NVIDIA-H100-FP64-TENSOR-ACCUM","reviewed","Search log candidate included in this staging."
"REQ-NVIDIA-H100-FP64-TENSOR-PHYSICAL-ACCUM","","","","","PPATH-NVIDIA-H100-FP64-TENSOR","","","FIELD-NUM-PHYSICAL-ACCUM","not_found","Selected first-party sources describe programmer-visible formats or peaks but do not provide a directly locatable physical accumulator-width statement for this path.","completed","2026-08-12","H100|REQ-NVIDIA-H100-FP64-TENSOR-PHYSICAL-ACCUM","reviewed","Do not infer physical accumulator width from the programmer-visible accumulation format."
"REQ-NVIDIA-H100-FP8-PHYSICAL-ACCUM","","","","","PPATH-NVIDIA-H100-FP8","","","FIELD-NUM-PHYSICAL-ACCUM","not_found","Selected first-party sources describe programmer-visible formats or peaks but do not provide a directly locatable physical accumulator-width statement for this path.","completed","2026-08-12","H100|REQ-NVIDIA-H100-FP8-PHYSICAL-ACCUM","reviewed","Do not infer physical accumulator width from the programmer-visible accumulation format."
"REQ-NVIDIA-H100-INT8-ACCUM","","","","","PPATH-NVIDIA-H100-INT8","","","FIELD-NUM-ACCUMULATION","not_found","Selected first-party sources did not provide a directly locatable accumulation-format statement for this path.","completed","2026-08-12","H100|REQ-NVIDIA-H100-INT8-ACCUM","reviewed","Search log candidate included in this staging."
"REQ-NVIDIA-H100-INT8-PHYSICAL-ACCUM","","","","","PPATH-NVIDIA-H100-INT8","","","FIELD-NUM-PHYSICAL-ACCUM","not_found","Selected first-party sources describe programmer-visible formats or peaks but do not provide a directly locatable physical accumulator-width statement for this path.","completed","2026-08-12","H100|REQ-NVIDIA-H100-INT8-PHYSICAL-ACCUM","reviewed","Do not infer physical accumulator width from the programmer-visible accumulation format."
"REQ-NVIDIA-H100-L1SMEM-BW","","COMP-NVIDIA-H100-L1-SMEM","","","","","","FIELD-MEM-READ-BW","not_found","No official combined L1/shared-memory bandwidth value was found.","completed","2026-08-12","H100|REQ-NVIDIA-H100-L1SMEM-BW","reviewed","Search log candidate included in this staging."
"REQ-NVIDIA-H100-L2-BW","","COMP-NVIDIA-H100-L2","","","","","","FIELD-MEM-READ-BW","not_found","No official L2 bandwidth value was found.","completed","2026-08-12","H100|REQ-NVIDIA-H100-L2-BW","reviewed","Search log candidate included in this staging."
"REQ-NVIDIA-H100-MOE-ROUTE","","","","","","CAP-NVIDIA-H100-MOE-ROUTING","","FIELD-CAP-IMPLEMENTATION-LEVEL","not_found","No dedicated MoE routing module was found; TMA, DPX and NVSwitch system functions are not substitutes.","completed","2026-08-12","H100|REQ-NVIDIA-H100-MOE-ROUTE","reviewed","Search log candidate included in this staging."
"REQ-NVIDIA-H100-NVLINK-PAYLOAD","","","LINK-NVIDIA-H100-NVLINK4","","","","","FIELD-INT-INJECTION-BW","not_found","No protocol-payload or sustained effective NVLink bandwidth was found for this object.","completed","2026-08-12","H100|REQ-NVIDIA-H100-NVLINK-PAYLOAD","reviewed","Search log candidate included in this staging."
"REQ-NVIDIA-H100-PCIE-PAYLOAD","","","LINK-NVIDIA-H100-PCIE5X16","","","","","FIELD-INT-INJECTION-BW","not_found","No protocol-payload or sustained effective PCIe bandwidth was found for this object.","completed","2026-08-12","H100|REQ-NVIDIA-H100-PCIE-PAYLOAD","reviewed","Search log candidate included in this staging."
"REQ-NVIDIA-H100-REG-BW","","COMP-NVIDIA-H100-REGISTER-FILE","","","","","","FIELD-MEM-READ-BW","not_found","No official register-file bandwidth value was found.","completed","2026-08-12","H100|REQ-NVIDIA-H100-REG-BW","reviewed","Search log candidate included in this staging."
"REQ-NVIDIA-H100-TF32-ACCUM","","","","","PPATH-NVIDIA-H100-TF32","","","FIELD-NUM-ACCUMULATION","not_found","Selected first-party sources did not provide a directly locatable accumulation-format statement for this path.","completed","2026-08-12","H100|REQ-NVIDIA-H100-TF32-ACCUM","reviewed","Search log candidate included in this staging."
"REQ-NVIDIA-H100-TF32-PHYSICAL-ACCUM","","","","","PPATH-NVIDIA-H100-TF32","","","FIELD-NUM-PHYSICAL-ACCUM","not_found","Selected first-party sources describe programmer-visible formats or peaks but do not provide a directly locatable physical accumulator-width statement for this path.","completed","2026-08-12","H100|REQ-NVIDIA-H100-TF32-PHYSICAL-ACCUM","reviewed","Do not infer physical accumulator width from the programmer-visible accumulation format."
"REQ-NVIDIA-H100-TOPK","","","","","","CAP-NVIDIA-H100-TOPK","","FIELD-CAP-IMPLEMENTATION-LEVEL","not_found","No general dedicated Top-K module was found; TMA reductions and DPX do not establish this capability.","completed","2026-08-12","H100|REQ-NVIDIA-H100-TOPK","reviewed","Search log candidate included in this staging."
"REQ-AWS-TRN2-0001","","CMP-AWS-TRN2-NCV3","","","","","","FIELD-COMP-UNIT-COUNT","value_available","Trainium2 试填资料卡明确覆盖的字段","completed","2026-08-12","RFP-AWS-TRN2-FACT-AWS-TRN2-NCV3-COUNT","reviewed","由已录事实生成的候选要求行"
"REQ-AWS-TRN2-0002","","CMP-AWS-TRN2-MAIN-DMA","","","","","","FIELD-COMP-UNIT-COUNT","value_available","Trainium2 试填资料卡明确覆盖的字段","completed","2026-08-12","RFP-AWS-TRN2-FACT-AWS-TRN2-MAIN-DMA-COUNT","reviewed","由已录事实生成的候选要求行"
"REQ-AWS-TRN2-0003","","CMP-AWS-TRN2-GPSIMD-PROCESSOR","","","","","","FIELD-COMP-UNIT-COUNT","value_available","Trainium2 试填资料卡明确覆盖的字段","completed","2026-08-12","RFP-AWS-TRN2-FACT-AWS-TRN2-GPSIMD-PROC-COUNT","reviewed","由已录事实生成的候选要求行"
"REQ-AWS-TRN2-0004","","CMP-AWS-TRN2-GPSIMD-PROCESSOR","","","","","","FIELD-COMP-ISSUE-WIDTH","value_available","Trainium2 试填资料卡明确覆盖的字段","completed","2026-08-12","RFP-AWS-TRN2-FACT-AWS-TRN2-GPSIMD-ISSUE-WIDTH","reviewed","由已录事实生成的候选要求行"
"REQ-AWS-TRN2-0005","","CMP-AWS-TRN2-DGE","","","","","","FIELD-COMP-UNIT-COUNT","value_available","Trainium2 试填资料卡明确覆盖的字段","completed","2026-08-12","RFP-AWS-TRN2-FACT-AWS-TRN2-DGE-COUNT","reviewed","由已录事实生成的候选要求行"
"REQ-AWS-TRN2-0006","","CMP-AWS-TRN2-CC-CORE","","","","","","FIELD-COMP-UNIT-COUNT","conflicting_unresolved","Trainium2 试填资料卡明确覆盖的字段","completed","2026-08-12","RFP-AWS-TRN2-FACT-AWS-TRN2-CCCORE-COUNT-16","needs_resolution","由已录事实生成的候选要求行"
"REQ-AWS-TRN2-0007","","CMP-AWS-TRN2-CC-CORE","","","","","","FIELD-COMP-UNIT-COUNT","conflicting_unresolved","Trainium2 试填资料卡明确覆盖的字段","completed","2026-08-12","RFP-AWS-TRN2-FACT-AWS-TRN2-CCCORE-COUNT-20","needs_resolution","由已录事实生成的候选要求行"
"REQ-AWS-TRN2-0008","","CMP-AWS-TRN2-TENSOR","","","","","","FIELD-COMP-ARRAY-SHAPE","value_available","Trainium2 试填资料卡明确覆盖的字段","completed","2026-08-12","RFP-AWS-TRN2-FACT-AWS-TRN2-TENSOR-ARRAY-SHAPE","reviewed","由已录事实生成的候选要求行"
"REQ-AWS-TRN2-0009","","","","","PP-AWS-TRN2-TENSOR-FP8","","","FIELD-COMP-INSTRUCTION-TILE","value_available","Trainium2 试填资料卡明确覆盖的字段","completed","2026-08-12","RFP-AWS-TRN2-FACT-AWS-TRN2-TENSOR-FP8-TILE","reviewed","由已录事实生成的候选要求行"
"REQ-AWS-TRN2-0010","","CMP-AWS-TRN2-TENSOR","","","","","","FIELD-COMP-EXECUTION","value_available","Trainium2 试填资料卡明确覆盖的字段","completed","2026-08-12","RFP-AWS-TRN2-FACT-AWS-TRN2-TENSOR-EXECUTION-RATES","reviewed","由已录事实生成的候选要求行"
"REQ-AWS-TRN2-0011","","","","","PP-AWS-TRN2-TENSOR-FP8","","","FIELD-NUM-OPERAND-A","value_available","Trainium2 试填资料卡明确覆盖的字段","completed","2026-08-12","RFP-AWS-TRN2-FACT-AWS-TRN2-TENSOR-FP8-OPERAND-A","reviewed","由已录事实生成的候选要求行"
"REQ-AWS-TRN2-0012","","","","","PP-AWS-TRN2-TENSOR-FP8","","","FIELD-NUM-OPERAND-B","value_available","Trainium2 试填资料卡明确覆盖的字段","completed","2026-08-12","RFP-AWS-TRN2-FACT-AWS-TRN2-TENSOR-FP8-OPERAND-B","reviewed","由已录事实生成的候选要求行"
"REQ-AWS-TRN2-0013","","","","","PP-AWS-TRN2-TENSOR-FP8","","","FIELD-NUM-ACCUMULATION","value_available","Trainium2 试填资料卡明确覆盖的字段","completed","2026-08-12","RFP-AWS-TRN2-FACT-AWS-TRN2-TENSOR-FP8-ACCUM","reviewed","由已录事实生成的候选要求行"
"REQ-AWS-TRN2-0014","","","","","PP-AWS-TRN2-TENSOR-FP8","","","FIELD-NUM-OUTPUT","value_available","Trainium2 试填资料卡明确覆盖的字段","completed","2026-08-12","RFP-AWS-TRN2-FACT-AWS-TRN2-TENSOR-FP8-OUTPUT","reviewed","由已录事实生成的候选要求行"
"REQ-AWS-TRN2-0015","","","","","PP-AWS-TRN2-TENSOR-BF16","","","FIELD-NUM-OPERAND-A","value_available","Trainium2 试填资料卡明确覆盖的字段","completed","2026-08-12","RFP-AWS-TRN2-FACT-AWS-TRN2-TENSOR-BF16-OPERAND-A","reviewed","由已录事实生成的候选要求行"
"REQ-AWS-TRN2-0016","","","","","PP-AWS-TRN2-TENSOR-BF16","","","FIELD-NUM-OPERAND-B","value_available","Trainium2 试填资料卡明确覆盖的字段","completed","2026-08-12","RFP-AWS-TRN2-FACT-AWS-TRN2-TENSOR-BF16-OPERAND-B","reviewed","由已录事实生成的候选要求行"
"REQ-AWS-TRN2-0017","","","","","PP-AWS-TRN2-TENSOR-BF16","","","FIELD-NUM-ACCUMULATION","value_available","Trainium2 试填资料卡明确覆盖的字段","completed","2026-08-12","RFP-AWS-TRN2-FACT-AWS-TRN2-TENSOR-BF16-ACCUM","reviewed","由已录事实生成的候选要求行"
"REQ-AWS-TRN2-0018","","","","","PP-AWS-TRN2-TENSOR-BF16","","","FIELD-NUM-OUTPUT","value_available","Trainium2 试填资料卡明确覆盖的字段","completed","2026-08-12","RFP-AWS-TRN2-FACT-AWS-TRN2-TENSOR-BF16-OUTPUT","reviewed","由已录事实生成的候选要求行"
"REQ-AWS-TRN2-0019","","","","","PP-AWS-TRN2-TENSOR-FP16","","","FIELD-NUM-OPERAND-A","value_available","Trainium2 试填资料卡明确覆盖的字段","completed","2026-08-12","RFP-AWS-TRN2-FACT-AWS-TRN2-TENSOR-FP16-OPERAND-A","reviewed","由已录事实生成的候选要求行"
"REQ-AWS-TRN2-0020","","","","","PP-AWS-TRN2-TENSOR-FP16","","","FIELD-NUM-OPERAND-B","value_available","Trainium2 试填资料卡明确覆盖的字段","completed","2026-08-12","RFP-AWS-TRN2-FACT-AWS-TRN2-TENSOR-FP16-OPERAND-B","reviewed","由已录事实生成的候选要求行"
"REQ-AWS-TRN2-0021","","","","","PP-AWS-TRN2-TENSOR-FP16","","","FIELD-NUM-ACCUMULATION","value_available","Trainium2 试填资料卡明确覆盖的字段","completed","2026-08-12","RFP-AWS-TRN2-FACT-AWS-TRN2-TENSOR-FP16-ACCUM","reviewed","由已录事实生成的候选要求行"
"REQ-AWS-TRN2-0022","","","","","PP-AWS-TRN2-TENSOR-FP16","","","FIELD-NUM-OUTPUT","value_available","Trainium2 试填资料卡明确覆盖的字段","completed","2026-08-12","RFP-AWS-TRN2-FACT-AWS-TRN2-TENSOR-FP16-OUTPUT","reviewed","由已录事实生成的候选要求行"
"REQ-AWS-TRN2-0023","","","","","PP-AWS-TRN2-TENSOR-TF32","","","FIELD-NUM-OPERAND-A","value_available","Trainium2 试填资料卡明确覆盖的字段","completed","2026-08-12","RFP-AWS-TRN2-FACT-AWS-TRN2-TENSOR-TF32-OPERAND-A","reviewed","由已录事实生成的候选要求行"
"REQ-AWS-TRN2-0024","","","","","PP-AWS-TRN2-TENSOR-TF32","","","FIELD-NUM-OPERAND-B","value_available","Trainium2 试填资料卡明确覆盖的字段","completed","2026-08-12","RFP-AWS-TRN2-FACT-AWS-TRN2-TENSOR-TF32-OPERAND-B","reviewed","由已录事实生成的候选要求行"
"REQ-AWS-TRN2-0025","","","","","PP-AWS-TRN2-TENSOR-TF32","","","FIELD-NUM-ACCUMULATION","value_available","Trainium2 试填资料卡明确覆盖的字段","completed","2026-08-12","RFP-AWS-TRN2-FACT-AWS-TRN2-TENSOR-TF32-ACCUM","reviewed","由已录事实生成的候选要求行"
"REQ-AWS-TRN2-0026","","","","","PP-AWS-TRN2-TENSOR-TF32","","","FIELD-NUM-OUTPUT","value_available","Trainium2 试填资料卡明确覆盖的字段","completed","2026-08-12","RFP-AWS-TRN2-FACT-AWS-TRN2-TENSOR-TF32-OUTPUT","reviewed","由已录事实生成的候选要求行"
"REQ-AWS-TRN2-0027","","","","","PP-AWS-TRN2-TENSOR-FP32","","","FIELD-NUM-OPERAND-A","value_available","Trainium2 试填资料卡明确覆盖的字段","completed","2026-08-12","RFP-AWS-TRN2-FACT-AWS-TRN2-TENSOR-FP32-OPERAND-A","reviewed","由已录事实生成的候选要求行"
"REQ-AWS-TRN2-0028","","","","","PP-AWS-TRN2-TENSOR-FP32","","","FIELD-NUM-OPERAND-B","value_available","Trainium2 试填资料卡明确覆盖的字段","completed","2026-08-12","RFP-AWS-TRN2-FACT-AWS-TRN2-TENSOR-FP32-OPERAND-B","reviewed","由已录事实生成的候选要求行"
"REQ-AWS-TRN2-0029","","","","","PP-AWS-TRN2-TENSOR-FP32","","","FIELD-NUM-ACCUMULATION","value_available","Trainium2 试填资料卡明确覆盖的字段","completed","2026-08-12","RFP-AWS-TRN2-FACT-AWS-TRN2-TENSOR-FP32-ACCUM","reviewed","由已录事实生成的候选要求行"
"REQ-AWS-TRN2-0030","","","","","PP-AWS-TRN2-TENSOR-FP32","","","FIELD-NUM-OUTPUT","value_available","Trainium2 试填资料卡明确覆盖的字段","completed","2026-08-12","RFP-AWS-TRN2-FACT-AWS-TRN2-TENSOR-FP32-OUTPUT","reviewed","由已录事实生成的候选要求行"
"REQ-AWS-TRN2-0031","","","","","PP-AWS-TRN2-TENSOR-FP8","","","FIELD-NUM-ROUNDING","value_available","Trainium2 试填资料卡明确覆盖的字段","completed","2026-08-12","RFP-AWS-TRN2-FACT-AWS-TRN2-TENSOR-FP8-ROUNDING","reviewed","由已录事实生成的候选要求行"
"REQ-AWS-TRN2-0032","","","","","PP-AWS-TRN2-TENSOR-FP8","","","FIELD-NUM-SCALING-MODE","value_available","Trainium2 试填资料卡明确覆盖的字段","completed","2026-08-12","RFP-AWS-TRN2-FACT-AWS-TRN2-TENSOR-FP8-SCALING","reviewed","由已录事实生成的候选要求行"
"REQ-AWS-TRN2-0033","","","","","PP-AWS-TRN2-TENSOR-FP8","","","FIELD-NUM-SPARSITY","value_available","Trainium2 试填资料卡明确覆盖的字段","completed","2026-08-12","RFP-AWS-TRN2-FACT-AWS-TRN2-SPARSITY-MODES","reviewed","由已录事实生成的候选要求行"
"REQ-AWS-TRN2-0034","","","","","PP-AWS-TRN2-TENSOR-FP8","","","FIELD-COMP-THROUGHPUT","conflicting_unresolved","Trainium2 试填资料卡明确覆盖的字段","completed","2026-08-12","RFP-AWS-TRN2-FACT-AWS-TRN2-CHIP-FP8-DENSE-PUB","needs_resolution","由已录事实生成的候选要求行"
"REQ-AWS-TRN2-0035","","","","","PP-AWS-TRN2-TENSOR-FP8","","","FIELD-COMP-THROUGHPUT","value_available","Trainium2 试填资料卡明确覆盖的字段","completed","2026-08-12","RFP-AWS-TRN2-FACT-AWS-TRN2-CORE-FP8-DENSE-PUB","reviewed","由已录事实生成的候选要求行"
"REQ-AWS-TRN2-0036","","","","","PP-AWS-TRN2-TENSOR-FP8","","","FIELD-COMP-THROUGHPUT","conflicting_unresolved","Trainium2 试填资料卡明确覆盖的字段","completed","2026-08-12","RFP-AWS-TRN2-FACT-AWS-TRN2-CHIP-FP8-DENSE-DER8","needs_resolution","由已录事实生成的候选要求行"
"REQ-AWS-TRN2-0037","","","","","PP-AWS-TRN2-TENSOR-BF16","","","FIELD-COMP-THROUGHPUT","conflicting_unresolved","Trainium2 试填资料卡明确覆盖的字段","completed","2026-08-12","RFP-AWS-TRN2-FACT-AWS-TRN2-CHIP-BF16-DENSE-PUB","needs_resolution","由已录事实生成的候选要求行"
"REQ-AWS-TRN2-0038","","","","","PP-AWS-TRN2-TENSOR-BF16","","","FIELD-COMP-THROUGHPUT","value_available","Trainium2 试填资料卡明确覆盖的字段","completed","2026-08-12","RFP-AWS-TRN2-FACT-AWS-TRN2-CORE-BF16-DENSE-PUB","reviewed","由已录事实生成的候选要求行"
"REQ-AWS-TRN2-0039","","","","","PP-AWS-TRN2-TENSOR-BF16","","","FIELD-COMP-THROUGHPUT","conflicting_unresolved","Trainium2 试填资料卡明确覆盖的字段","completed","2026-08-12","RFP-AWS-TRN2-FACT-AWS-TRN2-CHIP-BF16-DENSE-DER8","needs_resolution","由已录事实生成的候选要求行"
"REQ-AWS-TRN2-0040","","","","","PP-AWS-TRN2-TENSOR-FP16","","","FIELD-COMP-THROUGHPUT","conflicting_unresolved","Trainium2 试填资料卡明确覆盖的字段","completed","2026-08-12","RFP-AWS-TRN2-FACT-AWS-TRN2-CHIP-FP16-DENSE-PUB","needs_resolution","由已录事实生成的候选要求行"
"REQ-AWS-TRN2-0041","","","","","PP-AWS-TRN2-TENSOR-FP16","","","FIELD-COMP-THROUGHPUT","value_available","Trainium2 试填资料卡明确覆盖的字段","completed","2026-08-12","RFP-AWS-TRN2-FACT-AWS-TRN2-CORE-FP16-DENSE-PUB","reviewed","由已录事实生成的候选要求行"
"REQ-AWS-TRN2-0042","","","","","PP-AWS-TRN2-TENSOR-FP16","","","FIELD-COMP-THROUGHPUT","conflicting_unresolved","Trainium2 试填资料卡明确覆盖的字段","completed","2026-08-12","RFP-AWS-TRN2-FACT-AWS-TRN2-CHIP-FP16-DENSE-DER8","needs_resolution","由已录事实生成的候选要求行"
"REQ-AWS-TRN2-0043","","","","","PP-AWS-TRN2-TENSOR-TF32","","","FIELD-COMP-THROUGHPUT","conflicting_unresolved","Trainium2 试填资料卡明确覆盖的字段","completed","2026-08-12","RFP-AWS-TRN2-FACT-AWS-TRN2-CHIP-TF32-DENSE-PUB","needs_resolution","由已录事实生成的候选要求行"
"REQ-AWS-TRN2-0044","","","","","PP-AWS-TRN2-TENSOR-TF32","","","FIELD-COMP-THROUGHPUT","value_available","Trainium2 试填资料卡明确覆盖的字段","completed","2026-08-12","RFP-AWS-TRN2-FACT-AWS-TRN2-CORE-TF32-DENSE-PUB","reviewed","由已录事实生成的候选要求行"
"REQ-AWS-TRN2-0045","","","","","PP-AWS-TRN2-TENSOR-TF32","","","FIELD-COMP-THROUGHPUT","conflicting_unresolved","Trainium2 试填资料卡明确覆盖的字段","completed","2026-08-12","RFP-AWS-TRN2-FACT-AWS-TRN2-CHIP-TF32-DENSE-DER8","needs_resolution","由已录事实生成的候选要求行"
"REQ-AWS-TRN2-0046","","","","","PP-AWS-TRN2-TENSOR-FP32","","","FIELD-COMP-THROUGHPUT","conflicting_unresolved","Trainium2 试填资料卡明确覆盖的字段","completed","2026-08-12","RFP-AWS-TRN2-FACT-AWS-TRN2-CHIP-FP32-DENSE-PUB","needs_resolution","由已录事实生成的候选要求行"
"REQ-AWS-TRN2-0047","","","","","PP-AWS-TRN2-TENSOR-FP32","","","FIELD-COMP-THROUGHPUT","value_available","Trainium2 试填资料卡明确覆盖的字段","completed","2026-08-12","RFP-AWS-TRN2-FACT-AWS-TRN2-CORE-FP32-DENSE-PUB","reviewed","由已录事实生成的候选要求行"
"REQ-AWS-TRN2-0048","","","","","PP-AWS-TRN2-TENSOR-FP32","","","FIELD-COMP-THROUGHPUT","conflicting_unresolved","Trainium2 试填资料卡明确覆盖的字段","completed","2026-08-12","RFP-AWS-TRN2-FACT-AWS-TRN2-CHIP-FP32-DENSE-DER8","needs_resolution","由已录事实生成的候选要求行"
"REQ-AWS-TRN2-0049","","","","","PP-AWS-TRN2-TENSOR-FP8","","","FIELD-COMP-THROUGHPUT","conflicting_unresolved","Trainium2 试填资料卡明确覆盖的字段","completed","2026-08-12","RFP-AWS-TRN2-FACT-AWS-TRN2-CHIP-FP8-SPARSE-PUB","needs_resolution","由已录事实生成的候选要求行"
"REQ-AWS-TRN2-0050","","","","","PP-AWS-TRN2-TENSOR-FP8","","","FIELD-COMP-THROUGHPUT","value_available","Trainium2 试填资料卡明确覆盖的字段","completed","2026-08-12","RFP-AWS-TRN2-FACT-AWS-TRN2-CORE-FP8-SPARSE-PUB","reviewed","由已录事实生成的候选要求行"
"REQ-AWS-TRN2-0051","","","","","PP-AWS-TRN2-TENSOR-FP8","","","FIELD-COMP-THROUGHPUT","conflicting_unresolved","Trainium2 试填资料卡明确覆盖的字段","completed","2026-08-12","RFP-AWS-TRN2-FACT-AWS-TRN2-CHIP-FP8-SPARSE-DER8","needs_resolution","由已录事实生成的候选要求行"
"REQ-AWS-TRN2-0052","","","","","PP-AWS-TRN2-TENSOR-FP8","","","FIELD-COMP-THROUGHPUT","conflicting_unresolved","Trainium2 试填资料卡明确覆盖的字段","completed","2026-08-12","RFP-AWS-TRN2-FACT-AWS-TRN2-CHIP-FP8-SPARSE-HIST2024","needs_resolution","由已录事实生成的候选要求行"
"REQ-AWS-TRN2-0053","","","","","PP-AWS-TRN2-TENSOR-BF16","","","FIELD-COMP-THROUGHPUT","conflicting_unresolved","Trainium2 试填资料卡明确覆盖的字段","completed","2026-08-12","RFP-AWS-TRN2-FACT-AWS-TRN2-CHIP-BF16-SPARSE-PUB","needs_resolution","由已录事实生成的候选要求行"
"REQ-AWS-TRN2-0054","","","","","PP-AWS-TRN2-TENSOR-BF16","","","FIELD-COMP-THROUGHPUT","value_available","Trainium2 试填资料卡明确覆盖的字段","completed","2026-08-12","RFP-AWS-TRN2-FACT-AWS-TRN2-CORE-BF16-SPARSE-PUB","reviewed","由已录事实生成的候选要求行"
"REQ-AWS-TRN2-0055","","","","","PP-AWS-TRN2-TENSOR-BF16","","","FIELD-COMP-THROUGHPUT","conflicting_unresolved","Trainium2 试填资料卡明确覆盖的字段","completed","2026-08-12","RFP-AWS-TRN2-FACT-AWS-TRN2-CHIP-BF16-SPARSE-DER8","needs_resolution","由已录事实生成的候选要求行"
"REQ-AWS-TRN2-0056","","","","","PP-AWS-TRN2-TENSOR-BF16","","","FIELD-COMP-THROUGHPUT","conflicting_unresolved","Trainium2 试填资料卡明确覆盖的字段","completed","2026-08-12","RFP-AWS-TRN2-FACT-AWS-TRN2-CHIP-BF16-SPARSE-HIST2024","needs_resolution","由已录事实生成的候选要求行"
"REQ-AWS-TRN2-0057","","","","","PP-AWS-TRN2-TENSOR-FP16","","","FIELD-COMP-THROUGHPUT","conflicting_unresolved","Trainium2 试填资料卡明确覆盖的字段","completed","2026-08-12","RFP-AWS-TRN2-FACT-AWS-TRN2-CHIP-FP16-SPARSE-PUB","needs_resolution","由已录事实生成的候选要求行"
"REQ-AWS-TRN2-0058","","","","","PP-AWS-TRN2-TENSOR-FP16","","","FIELD-COMP-THROUGHPUT","value_available","Trainium2 试填资料卡明确覆盖的字段","completed","2026-08-12","RFP-AWS-TRN2-FACT-AWS-TRN2-CORE-FP16-SPARSE-PUB","reviewed","由已录事实生成的候选要求行"
"REQ-AWS-TRN2-0059","","","","","PP-AWS-TRN2-TENSOR-FP16","","","FIELD-COMP-THROUGHPUT","conflicting_unresolved","Trainium2 试填资料卡明确覆盖的字段","completed","2026-08-12","RFP-AWS-TRN2-FACT-AWS-TRN2-CHIP-FP16-SPARSE-DER8","needs_resolution","由已录事实生成的候选要求行"
"REQ-AWS-TRN2-0060","","","","","PP-AWS-TRN2-TENSOR-FP16","","","FIELD-COMP-THROUGHPUT","conflicting_unresolved","Trainium2 试填资料卡明确覆盖的字段","completed","2026-08-12","RFP-AWS-TRN2-FACT-AWS-TRN2-CHIP-FP16-SPARSE-HIST2024","needs_resolution","由已录事实生成的候选要求行"
"REQ-AWS-TRN2-0061","","","","","PP-AWS-TRN2-TENSOR-TF32","","","FIELD-COMP-THROUGHPUT","conflicting_unresolved","Trainium2 试填资料卡明确覆盖的字段","completed","2026-08-12","RFP-AWS-TRN2-FACT-AWS-TRN2-CHIP-TF32-SPARSE-PUB","needs_resolution","由已录事实生成的候选要求行"
"REQ-AWS-TRN2-0062","","","","","PP-AWS-TRN2-TENSOR-TF32","","","FIELD-COMP-THROUGHPUT","value_available","Trainium2 试填资料卡明确覆盖的字段","completed","2026-08-12","RFP-AWS-TRN2-FACT-AWS-TRN2-CORE-TF32-SPARSE-PUB","reviewed","由已录事实生成的候选要求行"
"REQ-AWS-TRN2-0063","","","","","PP-AWS-TRN2-TENSOR-TF32","","","FIELD-COMP-THROUGHPUT","conflicting_unresolved","Trainium2 试填资料卡明确覆盖的字段","completed","2026-08-12","RFP-AWS-TRN2-FACT-AWS-TRN2-CHIP-TF32-SPARSE-DER8","needs_resolution","由已录事实生成的候选要求行"
"REQ-AWS-TRN2-0064","","","","","PP-AWS-TRN2-TENSOR-TF32","","","FIELD-COMP-THROUGHPUT","conflicting_unresolved","Trainium2 试填资料卡明确覆盖的字段","completed","2026-08-12","RFP-AWS-TRN2-FACT-AWS-TRN2-CHIP-TF32-SPARSE-HIST2024","needs_resolution","由已录事实生成的候选要求行"
"REQ-AWS-TRN2-0065","","","","","PP-AWS-TRN2-VECTOR-FP32","","","FIELD-COMP-THROUGHPUT","value_available","Trainium2 试填资料卡明确覆盖的字段","completed","2026-08-12","RFP-AWS-TRN2-FACT-AWS-TRN2-VECTOR-FP32-CORE","reviewed","由已录事实生成的候选要求行"
"REQ-AWS-TRN2-0066","","","","","PP-AWS-TRN2-VECTOR-FP32","","","FIELD-COMP-THROUGHPUT","value_available","Trainium2 试填资料卡明确覆盖的字段","completed","2026-08-12","RFP-AWS-TRN2-FACT-AWS-TRN2-VECTOR-FP32-DER8","reviewed","由已录事实生成的候选要求行"
"REQ-AWS-TRN2-0067","","","","","PP-AWS-TRN2-SCALAR-FP32","","","FIELD-COMP-THROUGHPUT","value_available","Trainium2 试填资料卡明确覆盖的字段","completed","2026-08-12","RFP-AWS-TRN2-FACT-AWS-TRN2-SCALAR-FP32-CORE","reviewed","由已录事实生成的候选要求行"
"REQ-AWS-TRN2-0068","","","","","PP-AWS-TRN2-SCALAR-FP32","","","FIELD-COMP-THROUGHPUT","value_available","Trainium2 试填资料卡明确覆盖的字段","completed","2026-08-12","RFP-AWS-TRN2-FACT-AWS-TRN2-SCALAR-FP32-DER8","reviewed","由已录事实生成的候选要求行"
"REQ-AWS-TRN2-0069","","CMP-AWS-TRN2-TENSOR","","","","","","FIELD-PHY-CLOCK","value_available","Trainium2 试填资料卡明确覆盖的字段","completed","2026-08-12","RFP-AWS-TRN2-FACT-AWS-TRN2-TENSOR-CLOCK","reviewed","由已录事实生成的候选要求行"
"REQ-AWS-TRN2-0070","","CMP-AWS-TRN2-VECTOR","","","","","","FIELD-PHY-CLOCK","value_available","Trainium2 试填资料卡明确覆盖的字段","completed","2026-08-12","RFP-AWS-TRN2-FACT-AWS-TRN2-VECTOR-CLOCK","reviewed","由已录事实生成的候选要求行"
"REQ-AWS-TRN2-0071","","CMP-AWS-TRN2-SCALAR","","","","","","FIELD-PHY-CLOCK","value_available","Trainium2 试填资料卡明确覆盖的字段","completed","2026-08-12","RFP-AWS-TRN2-FACT-AWS-TRN2-SCALAR-CLOCK","reviewed","由已录事实生成的候选要求行"
"REQ-AWS-TRN2-0072","","CMP-AWS-TRN2-GPSIMD","","","","","","FIELD-PHY-CLOCK","value_available","Trainium2 试填资料卡明确覆盖的字段","completed","2026-08-12","RFP-AWS-TRN2-FACT-AWS-TRN2-GPSIMD-CLOCK","reviewed","由已录事实生成的候选要求行"
"REQ-AWS-TRN2-0073","","CMP-AWS-TRN2-HBM","","","","","","FIELD-MEM-INSTANCE-COUNT","value_available","Trainium2 试填资料卡明确覆盖的字段","completed","2026-08-12","RFP-AWS-TRN2-FACT-AWS-TRN2-HBM-STACKS","reviewed","由已录事实生成的候选要求行"
"REQ-AWS-TRN2-0074","","CMP-AWS-TRN2-HBM","","","","","","FIELD-MEM-CAPACITY","value_available","Trainium2 试填资料卡明确覆盖的字段","completed","2026-08-12","RFP-AWS-TRN2-FACT-AWS-TRN2-HBM-CAPACITY","reviewed","由已录事实生成的候选要求行"
"REQ-AWS-TRN2-0075","","CMP-AWS-TRN2-HBM","","","","","","FIELD-MEM-BIDIR-BW","value_available","Trainium2 试填资料卡明确覆盖的字段","completed","2026-08-12","RFP-AWS-TRN2-FACT-AWS-TRN2-HBM-BANDWIDTH","reviewed","由已录事实生成的候选要求行"
"REQ-AWS-TRN2-0076","","CMP-AWS-TRN2-HBM","","","","","","FIELD-MEM-BANKS","value_available","Trainium2 试填资料卡明确覆盖的字段","completed","2026-08-12","RFP-AWS-TRN2-FACT-AWS-TRN2-HBM-BANKS","reviewed","由已录事实生成的候选要求行"
"REQ-AWS-TRN2-0077","","CMP-AWS-TRN2-HBM","","","","","","FIELD-COMP-SHARED-RESOURCE","value_available","Trainium2 试填资料卡明确覆盖的字段","completed","2026-08-12","RFP-AWS-TRN2-FACT-AWS-TRN2-HBM-SHARING","reviewed","由已录事实生成的候选要求行"
"REQ-AWS-TRN2-0078","","CMP-AWS-TRN2-SBUF","","","","","","FIELD-MEM-CAPACITY","value_available","Trainium2 试填资料卡明确覆盖的字段","completed","2026-08-12","RFP-AWS-TRN2-FACT-AWS-TRN2-SBUF-CAPACITY-CORE","reviewed","由已录事实生成的候选要求行"
"REQ-AWS-TRN2-0079","","CMP-AWS-TRN2-SBUF","","","","","","FIELD-MEM-BANKS","value_available","Trainium2 试填资料卡明确覆盖的字段","completed","2026-08-12","RFP-AWS-TRN2-FACT-AWS-TRN2-SBUF-PARTITIONS","reviewed","由已录事实生成的候选要求行"
"REQ-AWS-TRN2-0080","","CMP-AWS-TRN2-SBUF","","","","","","FIELD-MEM-GRANULARITY","value_available","Trainium2 试填资料卡明确覆盖的字段","completed","2026-08-12","RFP-AWS-TRN2-FACT-AWS-TRN2-SBUF-GRANULARITY","reviewed","由已录事实生成的候选要求行"
"REQ-AWS-TRN2-0081","","CMP-AWS-TRN2-SBUF","","","","","","FIELD-MEM-MANAGEMENT","value_available","Trainium2 试填资料卡明确覆盖的字段","completed","2026-08-12","RFP-AWS-TRN2-FACT-AWS-TRN2-SBUF-MANAGEMENT","reviewed","由已录事实生成的候选要求行"
"REQ-AWS-TRN2-0082","","CMP-AWS-TRN2-PSUM","","","","","","FIELD-MEM-CAPACITY","value_available","Trainium2 试填资料卡明确覆盖的字段","completed","2026-08-12","RFP-AWS-TRN2-FACT-AWS-TRN2-PSUM-CAPACITY-CORE","reviewed","由已录事实生成的候选要求行"
"REQ-AWS-TRN2-0083","","CMP-AWS-TRN2-SBUF","","","","","","FIELD-COMP-SHARED-RESOURCE","value_available","Trainium2 试填资料卡明确覆盖的字段","completed","2026-08-12","RFP-AWS-TRN2-FACT-AWS-TRN2-SBUF-CAPACITY-CHIP-AGG","reviewed","由已录事实生成的候选要求行"
"REQ-AWS-TRN2-0084","","CMP-AWS-TRN2-MAIN-DMA","","","","","","FIELD-MEM-BIDIR-BW","value_available","Trainium2 试填资料卡明确覆盖的字段","completed","2026-08-12","RFP-AWS-TRN2-FACT-AWS-TRN2-MAIN-DMA-BW","reviewed","由已录事实生成的候选要求行"
"REQ-AWS-TRN2-0085","","CMP-AWS-TRN2-GPSIMD-DMA","","","","","","FIELD-MEM-BIDIR-BW","value_available","Trainium2 试填资料卡明确覆盖的字段","completed","2026-08-12","RFP-AWS-TRN2-FACT-AWS-TRN2-GPSIMD-DMA-TOTAL","reviewed","由已录事实生成的候选要求行"
"REQ-AWS-TRN2-0086","","CMP-AWS-TRN2-GPSIMD-DMA","","","","","","FIELD-MEM-READ-BW","value_available","Trainium2 试填资料卡明确覆盖的字段","completed","2026-08-12","RFP-AWS-TRN2-FACT-AWS-TRN2-GPSIMD-DMA-READ","reviewed","由已录事实生成的候选要求行"
"REQ-AWS-TRN2-0087","","CMP-AWS-TRN2-GPSIMD-DMA","","","","","","FIELD-MEM-WRITE-BW","value_available","Trainium2 试填资料卡明确覆盖的字段","completed","2026-08-12","RFP-AWS-TRN2-FACT-AWS-TRN2-GPSIMD-DMA-WRITE","reviewed","由已录事实生成的候选要求行"
"REQ-AWS-TRN2-0088","","","","OREL-AWS-TRN2-3XLARGE-CONTAINS-TRAINIUM2","","","","FIELD-REL-QUANTITY","value_available","Trainium2 试填资料卡明确覆盖的字段","completed","2026-08-12","RFP-AWS-TRN2-FACT-AWS-TRN2-3XL-CHIP-QTY","reviewed","由已录事实生成的候选要求行"
"REQ-AWS-TRN2-0089","","","","OREL-AWS-TRN2-48XLARGE-CONTAINS-TRAINIUM2","","","","FIELD-REL-QUANTITY","value_available","Trainium2 试填资料卡明确覆盖的字段","completed","2026-08-12","RFP-AWS-TRN2-FACT-AWS-TRN2-48XL-CHIP-QTY","reviewed","由已录事实生成的候选要求行"
"REQ-AWS-TRN2-0090","","","","OREL-AWS-TRN2U-48XLARGE-CONTAINS-TRAINIUM2","","","","FIELD-REL-QUANTITY","value_available","Trainium2 试填资料卡明确覆盖的字段","completed","2026-08-12","RFP-AWS-TRN2-FACT-AWS-TRN2U-48XL-CHIP-QTY","reviewed","由已录事实生成的候选要求行"
"REQ-AWS-TRN2-0091","","","","OREL-AWS-TRN2-ULTRASERVER-CONTAINS-TRAINIUM2","","","","FIELD-REL-QUANTITY","value_available","Trainium2 试填资料卡明确覆盖的字段","completed","2026-08-12","RFP-AWS-TRN2-FACT-AWS-TRN2-ULTRA64-CHIP-QTY","reviewed","由已录事实生成的候选要求行"
"REQ-AWS-TRN2-0092","","","","OREL-AWS-TRN2U-48XLARGE-DEPLOYED-IN-ULTRASERVER","","","","FIELD-REL-QUANTITY","value_available","Trainium2 试填资料卡明确覆盖的字段","completed","2026-08-12","RFP-AWS-TRN2-FACT-AWS-TRN2-ULTRA64-INSTANCE-QTY","reviewed","由已录事实生成的候选要求行"
"REQ-AWS-TRN2-0093","","CMP-AWS-TRN2-3XL-MEMORY","","","","","","FIELD-MEM-CAPACITY","conflicting_unresolved","Trainium2 试填资料卡明确覆盖的字段","completed","2026-08-12","RFP-AWS-TRN2-FACT-AWS-TRN2-3XL-MEM-CAP","needs_resolution","由已录事实生成的候选要求行"
"REQ-AWS-TRN2-0094","","CMP-AWS-TRN2-48XL-MEMORY","","","","","","FIELD-MEM-CAPACITY","conflicting_unresolved","Trainium2 试填资料卡明确覆盖的字段","completed","2026-08-12","RFP-AWS-TRN2-FACT-AWS-TRN2-48XL-MEM-CAP","needs_resolution","由已录事实生成的候选要求行"
"REQ-AWS-TRN2-0095","","CMP-AWS-TRN2U-48XL-MEMORY","","","","","","FIELD-MEM-CAPACITY","value_available","Trainium2 试填资料卡明确覆盖的字段","completed","2026-08-12","RFP-AWS-TRN2-FACT-AWS-TRN2-TRN2U-48XL-MEM-CAP","reviewed","由已录事实生成的候选要求行"
"REQ-AWS-TRN2-0096","","CMP-AWS-TRN2-ULTRA64-MEMORY","","","","","","FIELD-MEM-CAPACITY","value_available","Trainium2 试填资料卡明确覆盖的字段","completed","2026-08-12","RFP-AWS-TRN2-FACT-AWS-TRN2-ULTRA64-MEM-CAP","reviewed","由已录事实生成的候选要求行"
"REQ-AWS-TRN2-0097","","CMP-AWS-TRN2-3XL-MEMORY","","","","","","FIELD-MEM-CAPACITY","conflicting_unresolved","Trainium2 试填资料卡明确覆盖的字段","completed","2026-08-12","RFP-AWS-TRN2-FACT-AWS-TRN2-3XL-MEM-CAP-GENERIC","needs_resolution","由已录事实生成的候选要求行"
"REQ-AWS-TRN2-0098","","CMP-AWS-TRN2-48XL-MEMORY","","","","","","FIELD-MEM-CAPACITY","conflicting_unresolved","Trainium2 试填资料卡明确覆盖的字段","completed","2026-08-12","RFP-AWS-TRN2-FACT-AWS-TRN2-48XL-MEM-CAP-GENERIC","needs_resolution","由已录事实生成的候选要求行"
"REQ-AWS-TRN2-0099","","CMP-AWS-TRN2-48XL-MEMORY","","","","","","FIELD-MEM-BIDIR-BW","value_available","Trainium2 试填资料卡明确覆盖的字段","completed","2026-08-12","RFP-AWS-TRN2-FACT-AWS-TRN2-48XL-MEM-BW","reviewed","由已录事实生成的候选要求行"
"REQ-AWS-TRN2-0100","","CMP-AWS-TRN2U-48XL-MEMORY","","","","","","FIELD-MEM-BIDIR-BW","value_available","Trainium2 试填资料卡明确覆盖的字段","completed","2026-08-12","RFP-AWS-TRN2-FACT-AWS-TRN2-TRN2U-48XL-MEM-BW","reviewed","由已录事实生成的候选要求行"
"REQ-AWS-TRN2-0101","","CMP-AWS-TRN2-ULTRA64-MEMORY","","","","","","FIELD-MEM-BIDIR-BW","value_available","Trainium2 试填资料卡明确覆盖的字段","completed","2026-08-12","RFP-AWS-TRN2-FACT-AWS-TRN2-ULTRA64-MEM-BW","reviewed","由已录事实生成的候选要求行"
"REQ-AWS-TRN2-0102","","","LINK-AWS-TRN2-CHIP-NEURONLINKV3","","","","","FIELD-INT-PHYSICAL-LINK-COUNT","value_available","Trainium2 试填资料卡明确覆盖的字段","completed","2026-08-12","RFP-AWS-TRN2-FACT-AWS-TRN2-NEURONLINK-IF-COUNT","reviewed","由已录事实生成的候选要求行"
"REQ-AWS-TRN2-0103","","","LINK-AWS-TRN2-CHIP-NEURONLINKV3","","","","","FIELD-INT-AGGREGATE-BW","value_available","Trainium2 试填资料卡明确覆盖的字段","completed","2026-08-12","RFP-AWS-TRN2-FACT-AWS-TRN2-NEURONLINK-AGG-BW","reviewed","由已录事实生成的候选要求行"
"REQ-AWS-TRN2-0104","","","LINK-AWS-TRN2-48XL-INTRA","","","","","FIELD-INT-INJECTION-BW","value_available","Trainium2 试填资料卡明确覆盖的字段","completed","2026-08-12","RFP-AWS-TRN2-FACT-AWS-TRN2-48XL-INTRA-BW","reviewed","由已录事实生成的候选要求行"
"REQ-AWS-TRN2-0105","","","LINK-AWS-TRN2U-48XL-INTRA","","","","","FIELD-INT-INJECTION-BW","value_available","Trainium2 试填资料卡明确覆盖的字段","completed","2026-08-12","RFP-AWS-TRN2-FACT-AWS-TRN2-TRN2U-48XL-INTRA-BW","reviewed","由已录事实生成的候选要求行"
"REQ-AWS-TRN2-0106","","","LINK-AWS-TRN2-ULTRA64-INTER","","","","","FIELD-INT-INJECTION-BW","value_available","Trainium2 试填资料卡明确覆盖的字段","completed","2026-08-12","RFP-AWS-TRN2-FACT-AWS-TRN2-ULTRA64-INTER-BW","reviewed","由已录事实生成的候选要求行"
"REQ-AWS-TRN2-0107","","","LINK-AWS-TRN2-3XL-EFAV3","","","","","FIELD-INT-PER-LINK-RATE","value_available","Trainium2 试填资料卡明确覆盖的字段","completed","2026-08-12","RFP-AWS-TRN2-FACT-AWS-TRN2-3XL-EFA-RATE","reviewed","由已录事实生成的候选要求行"
"REQ-AWS-TRN2-0108","","","LINK-AWS-TRN2-48XL-EFAV3","","","","","FIELD-INT-PER-LINK-RATE","value_available","Trainium2 试填资料卡明确覆盖的字段","completed","2026-08-12","RFP-AWS-TRN2-FACT-AWS-TRN2-48XL-EFA-RATE","reviewed","由已录事实生成的候选要求行"
"REQ-AWS-TRN2-0109","","","LINK-AWS-TRN2U-48XL-EFAV3","","","","","FIELD-INT-PER-LINK-RATE","value_available","Trainium2 试填资料卡明确覆盖的字段","completed","2026-08-12","RFP-AWS-TRN2-FACT-AWS-TRN2-TRN2U-48XL-EFA-RATE","reviewed","由已录事实生成的候选要求行"
"REQ-AWS-TRN2-0110","","","LINK-AWS-TRN2-ULTRA64-EFAV3","","","","","FIELD-INT-PER-LINK-RATE","conflicting_unresolved","Trainium2 试填资料卡明确覆盖的字段","completed","2026-08-12","RFP-AWS-TRN2-FACT-AWS-TRN2-ULTRA64-EFA-3P2","needs_resolution","由已录事实生成的候选要求行"
"REQ-AWS-TRN2-0111","","","LINK-AWS-TRN2-ULTRA64-EFAV3","","","","","FIELD-INT-PER-LINK-RATE","conflicting_unresolved","Trainium2 试填资料卡明确覆盖的字段","completed","2026-08-12","RFP-AWS-TRN2-FACT-AWS-TRN2-ULTRA64-EFA-12P8","needs_resolution","由已录事实生成的候选要求行"
"REQ-AWS-TRN2-0112","","","","","","","TOPO-AWS-TRN2-48XL-TORUS","FIELD-INT-TOPOLOGY","value_available","Trainium2 试填资料卡明确覆盖的字段","completed","2026-08-12","RFP-AWS-TRN2-FACT-AWS-TRN2-48XL-TOPO-TYPE","reviewed","由已录事实生成的候选要求行"
"REQ-AWS-TRN2-0113","","","","","","","TOPO-AWS-TRN2-48XL-TORUS","FIELD-INT-TOPOLOGY-DIMENSIONS","value_available","Trainium2 试填资料卡明确覆盖的字段","completed","2026-08-12","RFP-AWS-TRN2-FACT-AWS-TRN2-48XL-TOPO-DIMS","reviewed","由已录事实生成的候选要求行"
"REQ-AWS-TRN2-0114","","","","","","","TOPO-AWS-TRN2-48XL-TORUS","FIELD-INT-TOPOLOGY-NODE-COUNT","value_available","Trainium2 试填资料卡明确覆盖的字段","completed","2026-08-12","RFP-AWS-TRN2-FACT-AWS-TRN2-48XL-TOPO-NODES","reviewed","由已录事实生成的候选要求行"
"REQ-AWS-TRN2-0115","","","","","","","TOPO-AWS-TRN2U-48XL-TORUS","FIELD-INT-TOPOLOGY","value_available","Trainium2 试填资料卡明确覆盖的字段","completed","2026-08-12","RFP-AWS-TRN2-FACT-AWS-TRN2-TRN2U-48XL-TOPO-TYPE","reviewed","由已录事实生成的候选要求行"
"REQ-AWS-TRN2-0116","","","","","","","TOPO-AWS-TRN2U-48XL-TORUS","FIELD-INT-TOPOLOGY-DIMENSIONS","value_available","Trainium2 试填资料卡明确覆盖的字段","completed","2026-08-12","RFP-AWS-TRN2-FACT-AWS-TRN2-TRN2U-48XL-TOPO-DIMS","reviewed","由已录事实生成的候选要求行"
"REQ-AWS-TRN2-0117","","","","","","","TOPO-AWS-TRN2U-48XL-TORUS","FIELD-INT-TOPOLOGY-NODE-COUNT","value_available","Trainium2 试填资料卡明确覆盖的字段","completed","2026-08-12","RFP-AWS-TRN2-FACT-AWS-TRN2-TRN2U-48XL-TOPO-NODES","reviewed","由已录事实生成的候选要求行"
"REQ-AWS-TRN2-0118","","","","","","","TOPO-AWS-TRN2-ULTRA64-TORUS-RING","FIELD-INT-TOPOLOGY","value_available","Trainium2 试填资料卡明确覆盖的字段","completed","2026-08-12","RFP-AWS-TRN2-FACT-AWS-TRN2-ULTRA64-TOPO-TYPE","reviewed","由已录事实生成的候选要求行"
"REQ-AWS-TRN2-0119","","","","","","","TOPO-AWS-TRN2-ULTRA64-TORUS-RING","FIELD-INT-TOPOLOGY-DIMENSIONS","value_available","Trainium2 试填资料卡明确覆盖的字段","completed","2026-08-12","RFP-AWS-TRN2-FACT-AWS-TRN2-ULTRA64-TOPO-DIMS","reviewed","由已录事实生成的候选要求行"
"REQ-AWS-TRN2-0120","","","","","","","TOPO-AWS-TRN2-ULTRA64-TORUS-RING","FIELD-INT-TOPOLOGY-NODE-COUNT","value_available","Trainium2 试填资料卡明确覆盖的字段","completed","2026-08-12","RFP-AWS-TRN2-FACT-AWS-TRN2-ULTRA64-TOPO-NODES","reviewed","由已录事实生成的候选要求行"
"REQ-AWS-TRN2-0121","OBJ-AWS-TRN2-48XLARGE","","","","","","","FIELD-ID-STATUS","value_available","Trainium2 试填资料卡明确覆盖的字段","completed","2026-08-12","RFP-AWS-TRN2-FACT-AWS-TRN2-48XL-STATUS-GA","reviewed","由已录事实生成的候选要求行"
"REQ-AWS-TRN2-0122","OBJ-AWS-TRN2-ULTRASERVER-64","","","","","","","FIELD-ID-STATUS","conflicting_unresolved","Trainium2 试填资料卡明确覆盖的字段","completed","2026-08-12","RFP-AWS-TRN2-FACT-AWS-TRN2-ULTRA64-STATUS-PREVIEW-2024","needs_resolution","由已录事实生成的候选要求行"
"REQ-AWS-TRN2-0123","OBJ-AWS-TRN2-ULTRASERVER-64","","","","","","","FIELD-ID-STATUS","conflicting_unresolved","Trainium2 试填资料卡明确覆盖的字段","completed","2026-08-12","RFP-AWS-TRN2-FACT-AWS-TRN2-ULTRA64-STATUS-AVAILABLE-OBS","needs_resolution","由已录事实生成的候选要求行"
"REQ-AWS-TRN2-0124","OBJ-AWS-TRN2-ULTRASERVER-64","","","","","","","FIELD-ID-STATUS","conflicting_unresolved","Trainium2 试填资料卡明确覆盖的字段","completed","2026-08-12","RFP-AWS-TRN2-FACT-AWS-TRN2-ULTRA64-STATUS-PREVIEW-OBS","needs_resolution","由已录事实生成的候选要求行"
"REQ-AWS-TRN2-0125","","","","","","CAP-AWS-TRN2-SPARSE-MATMUL","","FIELD-CAP-IMPLEMENTATION-LEVEL","value_available","Trainium2 试填资料卡明确覆盖的字段","completed","2026-08-12","RFP-AWS-TRN2-FACT-AWS-TRN2-CAP-SPARSE-MATMUL-LEVEL","reviewed","由已录事实生成的候选要求行"
"REQ-AWS-TRN2-0126","","","","","","CAP-AWS-TRN2-TENSOR-TRANSPOSE","","FIELD-CAP-IMPLEMENTATION-LEVEL","value_available","Trainium2 试填资料卡明确覆盖的字段","completed","2026-08-12","RFP-AWS-TRN2-FACT-AWS-TRN2-CAP-TENSOR-TRANSPOSE-LEVEL","reviewed","由已录事实生成的候选要求行"
"REQ-AWS-TRN2-0127","","","","","","CAP-AWS-TRN2-DMA-TRANSPOSE","","FIELD-CAP-IMPLEMENTATION-LEVEL","value_available","Trainium2 试填资料卡明确覆盖的字段","completed","2026-08-12","RFP-AWS-TRN2-FACT-AWS-TRN2-CAP-DMA-TRANSPOSE-LEVEL","reviewed","由已录事实生成的候选要求行"
"REQ-AWS-TRN2-0128","","","","","","CAP-AWS-TRN2-VECTOR-REDUCTION","","FIELD-CAP-IMPLEMENTATION-LEVEL","value_available","Trainium2 试填资料卡明确覆盖的字段","completed","2026-08-12","RFP-AWS-TRN2-FACT-AWS-TRN2-CAP-VECTOR-REDUCTION-LEVEL","reviewed","由已录事实生成的候选要求行"
"REQ-AWS-TRN2-0129","","","","","","CAP-AWS-TRN2-SCALAR-NONLINEAR","","FIELD-CAP-IMPLEMENTATION-LEVEL","value_available","Trainium2 试填资料卡明确覆盖的字段","completed","2026-08-12","RFP-AWS-TRN2-FACT-AWS-TRN2-CAP-SCALAR-NONLINEAR-LEVEL","reviewed","由已录事实生成的候选要求行"
"REQ-AWS-TRN2-0130","","","","","","CAP-AWS-TRN2-GPSIMD-CUSTOM","","FIELD-CAP-IMPLEMENTATION-LEVEL","value_available","Trainium2 试填资料卡明确覆盖的字段","completed","2026-08-12","RFP-AWS-TRN2-FACT-AWS-TRN2-CAP-GPSIMD-CUSTOM-LEVEL","reviewed","由已录事实生成的候选要求行"
"REQ-AWS-TRN2-0131","","","","","","CAP-AWS-TRN2-DGE-DESCRIPTOR","","FIELD-CAP-IMPLEMENTATION-LEVEL","value_available","Trainium2 试填资料卡明确覆盖的字段","completed","2026-08-12","RFP-AWS-TRN2-FACT-AWS-TRN2-CAP-DGE-DESCRIPTOR-LEVEL","reviewed","由已录事实生成的候选要求行"
"REQ-AWS-TRN2-0132","","","","","","CAP-AWS-TRN2-COLLECTIVE-HW","","FIELD-CAP-IMPLEMENTATION-LEVEL","value_available","Trainium2 试填资料卡明确覆盖的字段","completed","2026-08-12","RFP-AWS-TRN2-FACT-AWS-TRN2-CAP-COLLECTIVE-HW-LEVEL","reviewed","由已录事实生成的候选要求行"
"REQ-AWS-TRN2-0133","","","","","","CAP-AWS-TRN2-COLLECTIVE-NKI","","FIELD-CAP-IMPLEMENTATION-LEVEL","value_available","Trainium2 试填资料卡明确覆盖的字段","completed","2026-08-12","RFP-AWS-TRN2-FACT-AWS-TRN2-CAP-COLLECTIVE-NKI-LEVEL","reviewed","由已录事实生成的候选要求行"
"REQ-AWS-TRN2-0134","","","","","","CAP-AWS-TRN2-TOPK-NKI","","FIELD-CAP-IMPLEMENTATION-LEVEL","value_available","Trainium2 试填资料卡明确覆盖的字段","completed","2026-08-12","RFP-AWS-TRN2-FACT-AWS-TRN2-CAP-TOPK-NKI-LEVEL","reviewed","由已录事实生成的候选要求行"
"REQ-AWS-TRN2-0135","","","","","","CAP-AWS-TRN2-MOE-NKI","","FIELD-CAP-IMPLEMENTATION-LEVEL","value_available","Trainium2 试填资料卡明确覆盖的字段","completed","2026-08-12","RFP-AWS-TRN2-FACT-AWS-TRN2-CAP-MOE-NKI-LEVEL","reviewed","由已录事实生成的候选要求行"
"REQ-AWS-TRN2-0136","","","","","","CAP-AWS-TRN2-DMA-COMPRESS","","FIELD-CAP-IMPLEMENTATION-LEVEL","value_available","Trainium2 试填资料卡明确覆盖的字段","completed","2026-08-12","RFP-AWS-TRN2-FACT-AWS-TRN2-CAP-DMA-COMPRESS-LEVEL","reviewed","由已录事实生成的候选要求行"
"REQ-AWS-TRN2-0137","","","","","","CAP-AWS-TRN2-DMA-DECOMPRESS","","FIELD-CAP-IMPLEMENTATION-LEVEL","value_available","Trainium2 试填资料卡明确覆盖的字段","completed","2026-08-12","RFP-AWS-TRN2-FACT-AWS-TRN2-CAP-DMA-DECOMPRESS-LEVEL","reviewed","由已录事实生成的候选要求行"
"REQ-AWS-TRN2-0138","","","","","PP-AWS-TRN2-48XL-FP8","","","FIELD-COMP-THROUGHPUT","value_available","Trainium2 试填资料卡明确覆盖的字段","completed","2026-08-12","RFP-AWS-TRN2-FACT-AWS-TRN2-48XL-FP8-DENSE","reviewed","由已录事实生成的候选要求行"
"REQ-AWS-TRN2-0139","","","","","PP-AWS-TRN2-48XL-BF16","","","FIELD-COMP-THROUGHPUT","value_available","Trainium2 试填资料卡明确覆盖的字段","completed","2026-08-12","RFP-AWS-TRN2-FACT-AWS-TRN2-48XL-BF16-DENSE","reviewed","由已录事实生成的候选要求行"
"REQ-AWS-TRN2-0140","","","","","PP-AWS-TRN2-48XL-FP16","","","FIELD-COMP-THROUGHPUT","value_available","Trainium2 试填资料卡明确覆盖的字段","completed","2026-08-12","RFP-AWS-TRN2-FACT-AWS-TRN2-48XL-FP16-DENSE","reviewed","由已录事实生成的候选要求行"
"REQ-AWS-TRN2-0141","","","","","PP-AWS-TRN2-48XL-TF32","","","FIELD-COMP-THROUGHPUT","value_available","Trainium2 试填资料卡明确覆盖的字段","completed","2026-08-12","RFP-AWS-TRN2-FACT-AWS-TRN2-48XL-TF32-DENSE","reviewed","由已录事实生成的候选要求行"
"REQ-AWS-TRN2-0142","","","","","PP-AWS-TRN2-48XL-FP32","","","FIELD-COMP-THROUGHPUT","value_available","Trainium2 试填资料卡明确覆盖的字段","completed","2026-08-12","RFP-AWS-TRN2-FACT-AWS-TRN2-48XL-FP32-DENSE","reviewed","由已录事实生成的候选要求行"
"REQ-AWS-TRN2-0143","","","","","PP-AWS-TRN2-48XL-FP8","","","FIELD-COMP-THROUGHPUT","conflicting_unresolved","Trainium2 试填资料卡明确覆盖的字段","completed","2026-08-12","RFP-AWS-TRN2-FACT-AWS-TRN2-48XL-FP8-SPARSE","needs_resolution","由已录事实生成的候选要求行"
"REQ-AWS-TRN2-0144","","","","","PP-AWS-TRN2-48XL-BF16","","","FIELD-COMP-THROUGHPUT","conflicting_unresolved","Trainium2 试填资料卡明确覆盖的字段","completed","2026-08-12","RFP-AWS-TRN2-FACT-AWS-TRN2-48XL-BF16-SPARSE","needs_resolution","由已录事实生成的候选要求行"
"REQ-AWS-TRN2-0145","","","","","PP-AWS-TRN2-48XL-FP16","","","FIELD-COMP-THROUGHPUT","conflicting_unresolved","Trainium2 试填资料卡明确覆盖的字段","completed","2026-08-12","RFP-AWS-TRN2-FACT-AWS-TRN2-48XL-FP16-SPARSE","needs_resolution","由已录事实生成的候选要求行"
"REQ-AWS-TRN2-0146","","","","","PP-AWS-TRN2-48XL-TF32","","","FIELD-COMP-THROUGHPUT","conflicting_unresolved","Trainium2 试填资料卡明确覆盖的字段","completed","2026-08-12","RFP-AWS-TRN2-FACT-AWS-TRN2-48XL-TF32-SPARSE","needs_resolution","由已录事实生成的候选要求行"
"REQ-AWS-TRN2-0147","","","","","PP-AWS-TRN2-48XL-FP8","","","FIELD-COMP-THROUGHPUT","conflicting_unresolved","Trainium2 试填资料卡明确覆盖的字段","completed","2026-08-12","RFP-AWS-TRN2-FACT-AWS-TRN2-48XL-FP8-SPARSE-HIST2024","needs_resolution","由已录事实生成的候选要求行"
"REQ-AWS-TRN2-0148","","","","","PP-AWS-TRN2-48XL-BF16","","","FIELD-COMP-THROUGHPUT","conflicting_unresolved","Trainium2 试填资料卡明确覆盖的字段","completed","2026-08-12","RFP-AWS-TRN2-FACT-AWS-TRN2-48XL-BF16-SPARSE-HIST2024","needs_resolution","由已录事实生成的候选要求行"
"REQ-AWS-TRN2-0149","","","","","PP-AWS-TRN2-48XL-FP16","","","FIELD-COMP-THROUGHPUT","conflicting_unresolved","Trainium2 试填资料卡明确覆盖的字段","completed","2026-08-12","RFP-AWS-TRN2-FACT-AWS-TRN2-48XL-FP16-SPARSE-HIST2024","needs_resolution","由已录事实生成的候选要求行"
"REQ-AWS-TRN2-0150","","","","","PP-AWS-TRN2-48XL-TF32","","","FIELD-COMP-THROUGHPUT","conflicting_unresolved","Trainium2 试填资料卡明确覆盖的字段","completed","2026-08-12","RFP-AWS-TRN2-FACT-AWS-TRN2-48XL-TF32-SPARSE-HIST2024","needs_resolution","由已录事实生成的候选要求行"
"REQ-AWS-TRN2-0151","","","","","PP-AWS-TRN2U-48XL-FP8","","","FIELD-COMP-THROUGHPUT","value_available","Trainium2 试填资料卡明确覆盖的字段","completed","2026-08-12","RFP-AWS-TRN2-FACT-AWS-TRN2-TRN2U-48XL-FP8-DENSE","reviewed","由已录事实生成的候选要求行"
"REQ-AWS-TRN2-0152","","","","","PP-AWS-TRN2U-48XL-BF16","","","FIELD-COMP-THROUGHPUT","value_available","Trainium2 试填资料卡明确覆盖的字段","completed","2026-08-12","RFP-AWS-TRN2-FACT-AWS-TRN2-TRN2U-48XL-BF16-DENSE","reviewed","由已录事实生成的候选要求行"
"REQ-AWS-TRN2-0153","","","","","PP-AWS-TRN2U-48XL-FP16","","","FIELD-COMP-THROUGHPUT","value_available","Trainium2 试填资料卡明确覆盖的字段","completed","2026-08-12","RFP-AWS-TRN2-FACT-AWS-TRN2-TRN2U-48XL-FP16-DENSE","reviewed","由已录事实生成的候选要求行"
"REQ-AWS-TRN2-0154","","","","","PP-AWS-TRN2U-48XL-TF32","","","FIELD-COMP-THROUGHPUT","value_available","Trainium2 试填资料卡明确覆盖的字段","completed","2026-08-12","RFP-AWS-TRN2-FACT-AWS-TRN2-TRN2U-48XL-TF32-DENSE","reviewed","由已录事实生成的候选要求行"
"REQ-AWS-TRN2-0155","","","","","PP-AWS-TRN2U-48XL-FP32","","","FIELD-COMP-THROUGHPUT","value_available","Trainium2 试填资料卡明确覆盖的字段","completed","2026-08-12","RFP-AWS-TRN2-FACT-AWS-TRN2-TRN2U-48XL-FP32-DENSE","reviewed","由已录事实生成的候选要求行"
"REQ-AWS-TRN2-0156","","","","","PP-AWS-TRN2U-48XL-FP8","","","FIELD-COMP-THROUGHPUT","conflicting_unresolved","Trainium2 试填资料卡明确覆盖的字段","completed","2026-08-12","RFP-AWS-TRN2-FACT-AWS-TRN2-TRN2U-48XL-FP8-SPARSE","needs_resolution","由已录事实生成的候选要求行"
"REQ-AWS-TRN2-0157","","","","","PP-AWS-TRN2U-48XL-BF16","","","FIELD-COMP-THROUGHPUT","conflicting_unresolved","Trainium2 试填资料卡明确覆盖的字段","completed","2026-08-12","RFP-AWS-TRN2-FACT-AWS-TRN2-TRN2U-48XL-BF16-SPARSE","needs_resolution","由已录事实生成的候选要求行"
"REQ-AWS-TRN2-0158","","","","","PP-AWS-TRN2U-48XL-FP16","","","FIELD-COMP-THROUGHPUT","conflicting_unresolved","Trainium2 试填资料卡明确覆盖的字段","completed","2026-08-12","RFP-AWS-TRN2-FACT-AWS-TRN2-TRN2U-48XL-FP16-SPARSE","needs_resolution","由已录事实生成的候选要求行"
"REQ-AWS-TRN2-0159","","","","","PP-AWS-TRN2U-48XL-TF32","","","FIELD-COMP-THROUGHPUT","conflicting_unresolved","Trainium2 试填资料卡明确覆盖的字段","completed","2026-08-12","RFP-AWS-TRN2-FACT-AWS-TRN2-TRN2U-48XL-TF32-SPARSE","needs_resolution","由已录事实生成的候选要求行"
"REQ-AWS-TRN2-0160","","","","","PP-AWS-TRN2U-48XL-FP8","","","FIELD-COMP-THROUGHPUT","conflicting_unresolved","Trainium2 试填资料卡明确覆盖的字段","completed","2026-08-12","RFP-AWS-TRN2-FACT-AWS-TRN2-TRN2U-48XL-FP8-SPARSE-HIST2024","needs_resolution","由已录事实生成的候选要求行"
"REQ-AWS-TRN2-0161","","","","","PP-AWS-TRN2U-48XL-BF16","","","FIELD-COMP-THROUGHPUT","conflicting_unresolved","Trainium2 试填资料卡明确覆盖的字段","completed","2026-08-12","RFP-AWS-TRN2-FACT-AWS-TRN2-TRN2U-48XL-BF16-SPARSE-HIST2024","needs_resolution","由已录事实生成的候选要求行"
"REQ-AWS-TRN2-0162","","","","","PP-AWS-TRN2U-48XL-FP16","","","FIELD-COMP-THROUGHPUT","conflicting_unresolved","Trainium2 试填资料卡明确覆盖的字段","completed","2026-08-12","RFP-AWS-TRN2-FACT-AWS-TRN2-TRN2U-48XL-FP16-SPARSE-HIST2024","needs_resolution","由已录事实生成的候选要求行"
"REQ-AWS-TRN2-0163","","","","","PP-AWS-TRN2U-48XL-TF32","","","FIELD-COMP-THROUGHPUT","conflicting_unresolved","Trainium2 试填资料卡明确覆盖的字段","completed","2026-08-12","RFP-AWS-TRN2-FACT-AWS-TRN2-TRN2U-48XL-TF32-SPARSE-HIST2024","needs_resolution","由已录事实生成的候选要求行"
"REQ-AWS-TRN2-0164","","","","","PP-AWS-TRN2-ULTRA64-FP8","","","FIELD-COMP-THROUGHPUT","value_available","Trainium2 试填资料卡明确覆盖的字段","completed","2026-08-12","RFP-AWS-TRN2-FACT-AWS-TRN2-ULTRA64-FP8-DENSE","reviewed","由已录事实生成的候选要求行"
"REQ-AWS-TRN2-0165","","","","","PP-AWS-TRN2-ULTRA64-BF16","","","FIELD-COMP-THROUGHPUT","value_available","Trainium2 试填资料卡明确覆盖的字段","completed","2026-08-12","RFP-AWS-TRN2-FACT-AWS-TRN2-ULTRA64-BF16-DENSE","reviewed","由已录事实生成的候选要求行"
"REQ-AWS-TRN2-0166","","","","","PP-AWS-TRN2-ULTRA64-FP16","","","FIELD-COMP-THROUGHPUT","value_available","Trainium2 试填资料卡明确覆盖的字段","completed","2026-08-12","RFP-AWS-TRN2-FACT-AWS-TRN2-ULTRA64-FP16-DENSE","reviewed","由已录事实生成的候选要求行"
"REQ-AWS-TRN2-0167","","","","","PP-AWS-TRN2-ULTRA64-TF32","","","FIELD-COMP-THROUGHPUT","value_available","Trainium2 试填资料卡明确覆盖的字段","completed","2026-08-12","RFP-AWS-TRN2-FACT-AWS-TRN2-ULTRA64-TF32-DENSE","reviewed","由已录事实生成的候选要求行"
"REQ-AWS-TRN2-0168","","","","","PP-AWS-TRN2-ULTRA64-FP32","","","FIELD-COMP-THROUGHPUT","value_available","Trainium2 试填资料卡明确覆盖的字段","completed","2026-08-12","RFP-AWS-TRN2-FACT-AWS-TRN2-ULTRA64-FP32-DENSE","reviewed","由已录事实生成的候选要求行"
"REQ-AWS-TRN2-0169","","","","","PP-AWS-TRN2-ULTRA64-FP8","","","FIELD-COMP-THROUGHPUT","conflicting_unresolved","Trainium2 试填资料卡明确覆盖的字段","completed","2026-08-12","RFP-AWS-TRN2-FACT-AWS-TRN2-ULTRA64-FP8-SPARSE","needs_resolution","由已录事实生成的候选要求行"
"REQ-AWS-TRN2-0170","","","","","PP-AWS-TRN2-ULTRA64-BF16","","","FIELD-COMP-THROUGHPUT","conflicting_unresolved","Trainium2 试填资料卡明确覆盖的字段","completed","2026-08-12","RFP-AWS-TRN2-FACT-AWS-TRN2-ULTRA64-BF16-SPARSE","needs_resolution","由已录事实生成的候选要求行"
"REQ-AWS-TRN2-0171","","","","","PP-AWS-TRN2-ULTRA64-FP16","","","FIELD-COMP-THROUGHPUT","conflicting_unresolved","Trainium2 试填资料卡明确覆盖的字段","completed","2026-08-12","RFP-AWS-TRN2-FACT-AWS-TRN2-ULTRA64-FP16-SPARSE","needs_resolution","由已录事实生成的候选要求行"
"REQ-AWS-TRN2-0172","","","","","PP-AWS-TRN2-ULTRA64-TF32","","","FIELD-COMP-THROUGHPUT","conflicting_unresolved","Trainium2 试填资料卡明确覆盖的字段","completed","2026-08-12","RFP-AWS-TRN2-FACT-AWS-TRN2-ULTRA64-TF32-SPARSE","needs_resolution","由已录事实生成的候选要求行"
"REQ-AWS-TRN2-0173","OBJ-AWS-TRAINIUM2-ARCH","","","","","","","FIELD-SW-RUNTIME","value_available","Trainium2 试填资料卡明确覆盖的字段","completed","2026-08-12","RFP-AWS-TRN2-FACT-AWS-TRN2-ARCH-SW-RUNTIME","reviewed","由已录事实生成的候选要求行"
"REQ-AWS-TRN2-0174","OBJ-AWS-TRAINIUM2-ARCH","","","","","","","FIELD-SW-PROGRAMMING-MODEL","value_available","Trainium2 试填资料卡明确覆盖的字段","completed","2026-08-12","RFP-AWS-TRN2-FACT-AWS-TRN2-ARCH-SW-MODEL","reviewed","由已录事实生成的候选要求行"
"REQ-AWS-TRN2-0175","","","","","PP-AWS-TRN2-TENSOR-FP8","","","FIELD-DER-COMPUTE-BW-SPEC","value_available","Trainium2 试填资料卡明确覆盖的字段","completed","2026-08-12","RFP-AWS-TRN2-FACT-AWS-TRN2-DER-BALANCE-FP8","reviewed","由已录事实生成的候选要求行"
"REQ-AWS-TRN2-0176","","","","","PP-AWS-TRN2-TENSOR-BF16","","","FIELD-DER-COMPUTE-BW-SPEC","value_available","Trainium2 试填资料卡明确覆盖的字段","completed","2026-08-12","RFP-AWS-TRN2-FACT-AWS-TRN2-DER-BALANCE-BF16","reviewed","由已录事实生成的候选要求行"
"REQ-AWS-TRN2-0177","","","","","PP-AWS-TRN2-TENSOR-FP32","","","FIELD-DER-COMPUTE-BW-SPEC","value_available","Trainium2 试填资料卡明确覆盖的字段","completed","2026-08-12","RFP-AWS-TRN2-FACT-AWS-TRN2-DER-BALANCE-FP32","reviewed","由已录事实生成的候选要求行"
"REQ-AWS-TRN2-0178","","","","","PP-AWS-TRN2-TENSOR-FP8","","","FIELD-DER-COMPUTE-BW-SPEC","conflicting_unresolved","Trainium2 试填资料卡明确覆盖的字段","completed","2026-08-12","RFP-AWS-TRN2-FACT-AWS-TRN2-DER-BALANCE-FP8-SPARSE","needs_resolution","由已录事实生成的候选要求行"
"REQ-AWS-TRN2-0179","","CMP-AWS-TRN2-SBUF","","","","","","FIELD-MEM-BIDIR-BW","not_found","试填草稿明确未找到 SBUF 数值带宽","completed","2026-08-12","RFP-AWS-TRN2-MISSING-179","reviewed","试填草稿明确记录的缺口或待核状态"
"REQ-AWS-TRN2-0180","","CMP-AWS-TRN2-PSUM","","","","","","FIELD-MEM-BIDIR-BW","not_found","试填草稿明确未找到 PSUM 数值带宽","completed","2026-08-12","RFP-AWS-TRN2-MISSING-180","reviewed","试填草稿明确记录的缺口或待核状态"
"REQ-AWS-TRN2-0181","","CMP-AWS-TRN2-TENSOR","","","","","","FIELD-NUM-PHYSICAL-ACCUM","not_found","仅知 FP32 累加语义，物理累加器位宽未找到","completed","2026-08-12","RFP-AWS-TRN2-MISSING-181","reviewed","试填草稿明确记录的缺口或待核状态"
"REQ-AWS-TRN2-0182","","CMP-AWS-TRN2-TENSOR","","","","","","FIELD-NUM-PRODUCT","not_found","中间乘积位宽未找到","completed","2026-08-12","RFP-AWS-TRN2-MISSING-182","reviewed","试填草稿明确记录的缺口或待核状态"
"REQ-AWS-TRN2-0183","","","LINK-AWS-TRN2-CHIP-NEURONLINKV3","","","","","FIELD-INT-LATENCY","not_found","NeuronLink 延迟未找到","completed","2026-08-12","RFP-AWS-TRN2-MISSING-183","reviewed","试填草稿明确记录的缺口或待核状态"
"REQ-AWS-TRN2-0184","","","LINK-AWS-TRN2-CHIP-NEURONLINKV3","","","","","FIELD-INT-PER-LINK-RATE","not_found","不得用 1.28 TB/s 除以 4 推导每接口速率","completed","2026-08-12","RFP-AWS-TRN2-MISSING-184","reviewed","试填草稿明确记录的缺口或待核状态"
"REQ-AWS-TRN2-0185","","","","","","","TOPO-AWS-TRN2-48XL-TORUS","FIELD-INT-BISECTION-BW","not_found","对分带宽未找到","completed","2026-08-12","RFP-AWS-TRN2-MISSING-185","reviewed","试填草稿明确记录的缺口或待核状态"
"REQ-AWS-TRN2-0186","","","","","","CAP-AWS-TRN2-TOPK-NKI","","FIELD-CAP-IMPLEMENTATION-LEVEL","value_available","软件库实现已找到；专用硬件未找到","completed","2026-08-12","RFP-AWS-TRN2-MISSING-186","reviewed","试填草稿明确记录的缺口或待核状态"
"REQ-AWS-TRN2-0187","","","","","","CAP-AWS-TRN2-SORT-HW","","FIELD-CAP-IMPLEMENTATION-LEVEL","not_found","未找到 Trainium2 专用 sort 物理模块","completed","2026-08-12","RFP-AWS-TRN2-MISSING-187","reviewed","试填草稿明确记录的缺口或待核状态"
"REQ-AWS-TRN2-0188","","","","","","CAP-AWS-TRN2-SAMPLING-HW","","FIELD-CAP-IMPLEMENTATION-LEVEL","not_found","未找到 Trainium2 专用 sampling 物理模块","completed","2026-08-12","RFP-AWS-TRN2-MISSING-188","reviewed","试填草稿明确记录的缺口或待核状态"
"REQ-AWS-TRN2-0189","OBJ-AWS-TRAINIUM2-CHIP","","","","","","","FIELD-PHY-PROCESS","not_found","一手资料只写 advanced silicon processes，不足以形成定值","completed","2026-08-12","RFP-AWS-TRN2-MISSING-189","reviewed","试填草稿明确记录的缺口或待核状态"
"REQ-AWS-TRN2-0190","OBJ-AWS-TRAINIUM2-CHIP","","","","","","","FIELD-PHY-DIE-AREA","not_found","无一手定值","completed","2026-08-12","RFP-AWS-TRN2-MISSING-190","reviewed","试填草稿明确记录的缺口或待核状态"
"REQ-AWS-TRN2-0191","OBJ-AWS-TRAINIUM2-CHIP","","","","","","","FIELD-PHY-TRANSISTORS","not_found","无一手定值","completed","2026-08-12","RFP-AWS-TRN2-MISSING-191","reviewed","试填草稿明确记录的缺口或待核状态"
"REQ-AWS-TRN2-0192","OBJ-AWS-TRAINIUM2-CHIP","","","","","","","FIELD-PHY-POWER","not_found","云实例与芯片功耗均未公开","completed","2026-08-12","RFP-AWS-TRN2-MISSING-192","reviewed","试填草稿明确记录的缺口或待核状态"
"REQ-AWS-TRN2-0193","OBJ-AWS-TRAINIUM2-CHIP","","","","","","","FIELD-PHY-PACKAGE","not_found","不能由 4 个 HBM stack 猜测封装类型","completed","2026-08-12","RFP-AWS-TRN2-MISSING-193","reviewed","试填草稿明确记录的缺口或待核状态"
"REQ-AWS-TRN2-0194","OBJ-AWS-TRN2-3XLARGE","","","","","","","FIELD-ID-AVAILABILITY-DATE","pending_verification","首个固定可用日期未找到","completed","2026-08-12","RFP-AWS-TRN2-MISSING-194","draft","试填草稿明确记录的缺口或待核状态"
"REQ-AWS-TRN2-0195","OBJ-AWS-TRN2U-48XLARGE","","","","","","","FIELD-ID-AVAILABILITY-DATE","pending_verification","首个固定可用日期未找到","completed","2026-08-12","RFP-AWS-TRN2-MISSING-195","draft","试填草稿明确记录的缺口或待核状态"
"REQ-AWS-TRN2-0196","OBJ-AWS-TRN2-ULTRASERVER-64","","","","","","","FIELD-ID-STATUS","conflicting_unresolved","当前动态页同时出现 available now 与 preview","completed","2026-08-12","RFP-AWS-TRN2-MISSING-196","needs_resolution","试填草稿明确记录的缺口或待核状态"
"REQ-CAMBRICON-MLU590-NAME","OBJ-CAMBRICON-MLU590-CHIP","","","","","","","FIELD-ID-NAME","value_available","Official WAIC page directly names 思元590.","completed","2026-08-12","Cambricon|REQ-CAMBRICON-MLU590-NAME","reviewed","Do not treat MLU590 as a confirmed alias."
"REQ-CAMBRICON-MLU590-VENDOR","OBJ-CAMBRICON-MLU590-CHIP","","","","","","","FIELD-ID-VENDOR","value_available","Official Cambricon page and publisher identity.","completed","2026-08-12","Cambricon|REQ-CAMBRICON-MLU590-VENDOR","reviewed",""
"REQ-CAMBRICON-MLU590-OBJECT-TYPE","OBJ-CAMBRICON-MLU590-CHIP","","","","","","","FIELD-ID-OBJECT-TYPE","value_available","WAIC calls it a chip; package is a provisional project normalization.","completed","2026-08-12","Cambricon|REQ-CAMBRICON-MLU590-OBJECT-TYPE","reviewed",""
"REQ-CAMBRICON-MLU590-POSITIONING-2022","OBJ-CAMBRICON-MLU590-CHIP","","","","","","","FIELD-ID-VENDOR-POSITIONING","value_available","Dated WAIC page supplies the vendor wording.","completed","2026-08-12","Cambricon|REQ-CAMBRICON-MLU590-POSITIONING-2022","reviewed","Historical statement only."
"REQ-CAMBRICON-MLU590-STATUS-2022","OBJ-CAMBRICON-MLU590-CHIP","","","","","","","FIELD-ID-STATUS","value_available","Dated WAIC page says 在研.","completed","2026-08-12","Cambricon|REQ-CAMBRICON-MLU590-STATUS-2022","reviewed","The normalized announced value is provisional."
"REQ-CAMBRICON-MLU590-STATUS-CURRENT","OBJ-CAMBRICON-MLU590-CHIP","","","","","","","FIELD-ID-STATUS","pending_verification","No fixed first-party source establishes current ordering or availability.","in_progress","2026-08-12","Cambricon|REQ-CAMBRICON-MLU590-STATUS-CURRENT","draft","Separate from the 2022 historical status."
"REQ-CAMBRICON-MLU590-RELEASE-DATE","OBJ-CAMBRICON-MLU590-CHIP","","","","","","","FIELD-ID-RELEASE-DATE","pending_verification","The WAIC article is an in-development disclosure, not an explicit release notice.","in_progress","2026-08-12","Cambricon|REQ-CAMBRICON-MLU590-RELEASE-DATE","draft",""
"REQ-CAMBRICON-MLU590-AVAILABILITY-DATE","OBJ-CAMBRICON-MLU590-CHIP","","","","","","","FIELD-ID-AVAILABILITY-DATE","pending_verification","No first-party GA or first-shipment date has been fixed.","in_progress","2026-08-12","Cambricon|REQ-CAMBRICON-MLU590-AVAILABILITY-DATE","draft",""
"REQ-CAMBRICON-MLU590-ALIAS","OBJ-CAMBRICON-MLU590-CHIP","","","","","","","FIELD-ID-SKU","inaccessible_evidence","The versioned CNToolkit page may map the MLU590 software name, but its body is currently inaccessible.","blocked","2026-08-12","Cambricon|REQ-CAMBRICON-MLU590-ALIAS","reviewed","Search-index text is not accepted as source evidence."
"REQ-CAMBRICON-MLU590-ARCH-RELATION","","","","OREL-CAMBRICON-MLU590-IMPLEMENTS-ARCH","","","","FIELD-ID-ARCH","value_available","The formal implements_architecture relation projects this field; WAIC directly states that 思元590 uses MLUarch05.","completed","2026-08-12","Cambricon|REQ-CAMBRICON-MLU590-ARCH-RELATION","reviewed","No duplicate relation-valued fact is created."
"REQ-CAMBRICON-MLU590-PROCESS","OBJ-CAMBRICON-MLU590-CHIP","","","","","","","FIELD-PHY-PROCESS","not_found","Completed targeted first-party search found no MLU590 process label.","completed","2026-08-12","Cambricon|REQ-CAMBRICON-MLU590-PROCESS","reviewed","Do not copy MLU370 process data."
"REQ-CAMBRICON-MLU590-PACKAGE","OBJ-CAMBRICON-MLU590-CHIP","","","","","","","FIELD-PHY-PACKAGE","not_found","Completed targeted first-party search found no package or chiplet description for MLU590.","completed","2026-08-12","Cambricon|REQ-CAMBRICON-MLU590-PACKAGE","reviewed",""
"REQ-CAMBRICON-MLU590-CLOCK","OBJ-CAMBRICON-MLU590-CHIP","","","","","","","FIELD-PHY-CLOCK","not_found","Completed targeted first-party search found no clock value or power mode.","completed","2026-08-12","Cambricon|REQ-CAMBRICON-MLU590-CLOCK","reviewed",""
"REQ-CAMBRICON-MLU590-POWER","OBJ-CAMBRICON-MLU590-CHIP","","","","","","","FIELD-PHY-POWER","not_found","Completed targeted first-party search found no chip or package power value.","completed","2026-08-12","Cambricon|REQ-CAMBRICON-MLU590-POWER","reviewed","Board power must not be substituted."
"REQ-CAMBRICON-MLU590-BOARD-FORM-FACTOR","OBJ-CAMBRICON-MLU590-CHIP","","","","","","","FIELD-PHY-FORM-FACTOR","not_applicable","Board-card form factor belongs to the H8 or M9 card object, not the chip/package object.","completed","2026-08-12","Cambricon|REQ-CAMBRICON-MLU590-BOARD-FORM-FACTOR","reviewed","Chip package details remain a separate not_found requirement."
"REQ-CAMBRICON-MLU590-BOARD-COOLING","OBJ-CAMBRICON-MLU590-CHIP","","","","","","","FIELD-PHY-COOLING","not_applicable","Board or server cooling belongs to a card or system object, not this chip/package object.","completed","2026-08-12","Cambricon|REQ-CAMBRICON-MLU590-BOARD-COOLING","reviewed",""
"REQ-CAMBRICON-MLU590-AI-TOPS","OBJ-CAMBRICON-MLU590-CHIP","","","","","","","FIELD-COMP-VENDOR-AI-TOPS","not_found","No object-matched first-party total AI TOPS value with conditions was found.","completed","2026-08-12","Cambricon|REQ-CAMBRICON-MLU590-AI-TOPS","reviewed","Third-party numbers are excluded."
"REQ-CAMBRICON-MLU590-COMPUTE-THROUGHPUT","OBJ-CAMBRICON-MLU590-CHIP","","","","","","","FIELD-COMP-THROUGHPUT","not_found","No first-party matrix, vector or scalar peak with precision and counting rule was found.","completed","2026-08-12","Cambricon|REQ-CAMBRICON-MLU590-COMPUTE-THROUGHPUT","reviewed","A future source must be split by path."
"REQ-CAMBRICON-MLU590-COMPUTE-UNIT-COUNT","OBJ-CAMBRICON-MLU590-CHIP","","","","","","","FIELD-COMP-UNIT-COUNT","not_found","No MLU590 whole-chip core or cluster count was found in an accessible first-party source.","completed","2026-08-12","Cambricon|REQ-CAMBRICON-MLU590-COMPUTE-UNIT-COUNT","reviewed","Do not interpret mtp_592.{18} as a count."
"REQ-CAMBRICON-MLU590-ACCUMULATION","OBJ-CAMBRICON-MLU590-CHIP","","","","","","","FIELD-NUM-ACCUMULATION","not_found","No MLU590 programmer-visible accumulation path was found.","completed","2026-08-12","Cambricon|REQ-CAMBRICON-MLU590-ACCUMULATION","reviewed","CNNL operator support is not a hardware accumulation specification."
"REQ-CAMBRICON-MLU590-PHYSICAL-ACCUM","OBJ-CAMBRICON-MLU590-CHIP","","","","","","","FIELD-NUM-PHYSICAL-ACCUM","not_found","No physical accumulator width or semantics was found.","completed","2026-08-12","Cambricon|REQ-CAMBRICON-MLU590-PHYSICAL-ACCUM","reviewed",""
"REQ-CAMBRICON-MLU590-SPARSITY","OBJ-CAMBRICON-MLU590-CHIP","","","","","","","FIELD-NUM-SPARSITY","not_found","No MLU590 hardware sparsity mode and metadata condition was found.","completed","2026-08-12","Cambricon|REQ-CAMBRICON-MLU590-SPARSITY","reviewed",""
"REQ-CAMBRICON-MLU590-ONCHIP-CAPACITY","OBJ-CAMBRICON-MLU590-CHIP","","","","","","","FIELD-MEM-CAPACITY","inaccessible_evidence","CNToolkit 3.8.4 is known to contain raw NRAM, WRAM and SRAM target text, but its body is inaccessible and units and scope are unresolved.","blocked","2026-08-12","Cambricon|REQ-CAMBRICON-MLU590-ONCHIP-CAPACITY","reviewed","Preserve mtp_592.{18} only as unverified raw lead text."
"REQ-CAMBRICON-MLU590-OFFCHIP-CAPACITY","OBJ-CAMBRICON-MLU590-CHIP","","","","","","","FIELD-MEM-CAPACITY","not_found","The WAIC page gives only a relative larger-capacity statement with no absolute value or memory type.","completed","2026-08-12","Cambricon|REQ-CAMBRICON-MLU590-OFFCHIP-CAPACITY","reviewed","No HBM capacity fact is created."
"REQ-CAMBRICON-MLU590-MEM-READ-BW","OBJ-CAMBRICON-MLU590-CHIP","","","","","","","FIELD-MEM-READ-BW","not_found","No MLU590 memory-level read bandwidth with scope was found.","completed","2026-08-12","Cambricon|REQ-CAMBRICON-MLU590-MEM-READ-BW","reviewed","Relative higher-bandwidth wording is insufficient."
"REQ-CAMBRICON-MLU590-MEM-WRITE-BW","OBJ-CAMBRICON-MLU590-CHIP","","","","","","","FIELD-MEM-WRITE-BW","not_found","No MLU590 memory-level write bandwidth with scope was found.","completed","2026-08-12","Cambricon|REQ-CAMBRICON-MLU590-MEM-WRITE-BW","reviewed",""
"REQ-CAMBRICON-MLU590-MEM-DMA","OBJ-CAMBRICON-MLU590-CHIP","","","","","","","FIELD-MEM-DMA","not_found","The fixed MLU-OPS guide discusses generic and MLUv03 examples, not an MLU590-specific DMA mechanism.","completed","2026-08-12","Cambricon|REQ-CAMBRICON-MLU590-MEM-DMA","reviewed","Do not transfer MLUv03 pipeline facts."
"REQ-CAMBRICON-MLU590-INTERCONNECT-PROTOCOL","OBJ-CAMBRICON-MLU590-CHIP","","","","","","","FIELD-INT-PROTOCOL","not_found","No object-matched first-party chip or card interconnect protocol was found.","completed","2026-08-12","Cambricon|REQ-CAMBRICON-MLU590-INTERCONNECT-PROTOCOL","reviewed","The WAIC PCIe statement is relative only."
"REQ-CAMBRICON-MLU590-INTERCONNECT-BW","OBJ-CAMBRICON-MLU590-CHIP","","","","","","","FIELD-INT-AGGREGATE-BW","not_found","No directioned line, payload or sustained interconnect bandwidth was found.","completed","2026-08-12","Cambricon|REQ-CAMBRICON-MLU590-INTERCONNECT-BW","reviewed","System totals must not be divided down."
"REQ-CAMBRICON-MLU590-INTERCONNECT-TOPOLOGY","OBJ-CAMBRICON-MLU590-CHIP","","","","","","","FIELD-INT-TOPOLOGY","not_found","No MLU590 device or system topology was found in an accessible first-party source.","completed","2026-08-12","Cambricon|REQ-CAMBRICON-MLU590-INTERCONNECT-TOPOLOGY","reviewed",""
"REQ-CAMBRICON-MLU590-TOPK-SOFTWARE","","","","","","CAP-CAMBRICON-MLU590-TOPK","","FIELD-CAP-IMPLEMENTATION-DETAIL","inaccessible_evidence","CNNL 1.23.2 may contain MLU590-specific TopK library restrictions, but the page body is inaccessible.","blocked","2026-08-12","Cambricon|REQ-CAMBRICON-MLU590-TOPK-SOFTWARE","reviewed","No software assertion is created from search-index text."
"REQ-CAMBRICON-MLU590-TOPK-HARDWARE","","","","","","CAP-CAMBRICON-MLU590-TOPK","","FIELD-CAP-IMPLEMENTATION-LEVEL","not_found","No dedicated TopK module, instruction or configurable engine was found.","completed","2026-08-12","Cambricon|REQ-CAMBRICON-MLU590-TOPK-HARDWARE","reviewed","A library API would not establish hardware."
"REQ-CAMBRICON-MLU590-MOE-HARDWARE","","","","","","CAP-CAMBRICON-MLU590-MOE-ROUTING","","FIELD-CAP-IMPLEMENTATION-LEVEL","not_found","No dedicated MoE routing or dispatch hardware evidence was found.","completed","2026-08-12","Cambricon|REQ-CAMBRICON-MLU590-MOE-HARDWARE","reviewed",""
"REQ-CAMBRICON-MLU590-ATTENTION-HARDWARE","","","","","","CAP-CAMBRICON-MLU590-ATTENTION","","FIELD-CAP-IMPLEMENTATION-LEVEL","not_found","No MLU590-specific Attention hardware module or instruction evidence was found.","completed","2026-08-12","Cambricon|REQ-CAMBRICON-MLU590-ATTENTION-HARDWARE","reviewed",""
"REQ-CAMBRICON-MLU590-CUSTOM-OPERATOR","OBJ-CAMBRICON-MLU590-CHIP","","","","","","","FIELD-SW-CUSTOM-OPERATOR","value_available","Fixed first-party MLU-OPS commit directly names the --mlu590 build target.","completed","2026-08-12","Cambricon|REQ-CAMBRICON-MLU590-CUSTOM-OPERATOR","reviewed","Software target only."
"REQ-CAMBRICON-MLU590-OPERATOR-LIBRARY","OBJ-CAMBRICON-MLU590-CHIP","","","","","","","FIELD-SW-OPERATOR-LIBRARY","inaccessible_evidence","CNNL 1.23.2 is a known versioned operator-library source but is currently inaccessible.","blocked","2026-08-12","Cambricon|REQ-CAMBRICON-MLU590-OPERATOR-LIBRARY","reviewed","No version-support fact is created."
"REQ-CAMBRICON-MLU590-COMPILER","OBJ-CAMBRICON-MLU590-CHIP","","","","","","","FIELD-SW-COMPILER","inaccessible_evidence","CNToolkit 3.8.4 may provide the BANG, compute and mtp target mapping but is currently inaccessible.","blocked","2026-08-12","Cambricon|REQ-CAMBRICON-MLU590-COMPILER","reviewed","The MLU-OPS build flag does not establish a complete compiler binding."
"REQ-CAMBRICON-MLU590-H8-NAME","OBJ-CAMBRICON-MLU590-H8","","","","","","","FIELD-ID-NAME","inaccessible_evidence","CNToolkit 3.8.4 may contain the MLU590-H8/M9 board label but is currently inaccessible.","blocked","2026-08-12","Cambricon|REQ-CAMBRICON-MLU590-H8-NAME","reviewed","No H8 name fact is created."
"REQ-CAMBRICON-MLU590-H8-OBJECT-TYPE","OBJ-CAMBRICON-MLU590-H8","","","","","","","FIELD-ID-OBJECT-TYPE","inaccessible_evidence","The board-level mapping depends on inaccessible CNToolkit content.","blocked","2026-08-12","Cambricon|REQ-CAMBRICON-MLU590-H8-OBJECT-TYPE","reviewed","Formal object remains needs_resolution."
"REQ-CAMBRICON-MLU590-H8-FORM-FACTOR","OBJ-CAMBRICON-MLU590-H8","","","","","","","FIELD-PHY-FORM-FACTOR","pending_verification","No fixed H8 board manual has been obtained.","in_progress","2026-08-12","Cambricon|REQ-CAMBRICON-MLU590-H8-FORM-FACTOR","draft",""
"REQ-CAMBRICON-MLU590-H8-POWER","OBJ-CAMBRICON-MLU590-H8","","","","","","","FIELD-PHY-POWER","pending_verification","No fixed H8 board manual has been obtained.","in_progress","2026-08-12","Cambricon|REQ-CAMBRICON-MLU590-H8-POWER","draft",""
"REQ-CAMBRICON-MLU590-H8-COOLING","OBJ-CAMBRICON-MLU590-H8","","","","","","","FIELD-PHY-COOLING","pending_verification","No fixed H8 board manual has been obtained.","in_progress","2026-08-12","Cambricon|REQ-CAMBRICON-MLU590-H8-COOLING","draft",""
"REQ-CAMBRICON-MLU590-H8-STATUS","OBJ-CAMBRICON-MLU590-H8","","","","","","","FIELD-ID-STATUS","pending_verification","No first-party ordering or availability evidence for H8 has been fixed.","in_progress","2026-08-12","Cambricon|REQ-CAMBRICON-MLU590-H8-STATUS","draft",""
"REQ-CAMBRICON-MLU590-M9-NAME","OBJ-CAMBRICON-MLU590-M9","","","","","","","FIELD-ID-NAME","inaccessible_evidence","CNToolkit 3.8.4 may contain the MLU590-H8/M9 board label but is currently inaccessible.","blocked","2026-08-12","Cambricon|REQ-CAMBRICON-MLU590-M9-NAME","reviewed","No M9 name fact is created."
"REQ-CAMBRICON-MLU590-M9-OBJECT-TYPE","OBJ-CAMBRICON-MLU590-M9","","","","","","","FIELD-ID-OBJECT-TYPE","inaccessible_evidence","The board-level mapping depends on inaccessible CNToolkit content.","blocked","2026-08-12","Cambricon|REQ-CAMBRICON-MLU590-M9-OBJECT-TYPE","reviewed","Formal object remains needs_resolution."
"REQ-CAMBRICON-MLU590-M9-FORM-FACTOR","OBJ-CAMBRICON-MLU590-M9","","","","","","","FIELD-PHY-FORM-FACTOR","pending_verification","No fixed M9 board manual has been obtained.","in_progress","2026-08-12","Cambricon|REQ-CAMBRICON-MLU590-M9-FORM-FACTOR","draft",""
"REQ-CAMBRICON-MLU590-M9-POWER","OBJ-CAMBRICON-MLU590-M9","","","","","","","FIELD-PHY-POWER","pending_verification","No fixed M9 board manual has been obtained.","in_progress","2026-08-12","Cambricon|REQ-CAMBRICON-MLU590-M9-POWER","draft",""
"REQ-CAMBRICON-MLU590-M9-COOLING","OBJ-CAMBRICON-MLU590-M9","","","","","","","FIELD-PHY-COOLING","pending_verification","No fixed M9 board manual has been obtained.","in_progress","2026-08-12","Cambricon|REQ-CAMBRICON-MLU590-M9-COOLING","draft",""
"REQ-CAMBRICON-MLU590-M9-STATUS","OBJ-CAMBRICON-MLU590-M9","","","","","","","FIELD-ID-STATUS","pending_verification","A user log is not first-party ordering or availability evidence.","in_progress","2026-08-12","Cambricon|REQ-CAMBRICON-MLU590-M9-STATUS","draft",""
"REQ-NVIDIA-H100-FP16-CUDA-FREQUENCY","","","","","PPATH-NVIDIA-H100-FP16-CUDA","","","FIELD-PHY-CLOCK","not_found","Selected H100 first-party tables do not bind the FP16 non-Tensor path to an explicit peak frequency.","completed","2026-08-12","H100|REQ-NVIDIA-H100-FP16-CUDA-FREQUENCY","reviewed","独立复核补录频率缺口。"
"REQ-NVIDIA-H100-BF16-CUDA-FREQUENCY","","","","","PPATH-NVIDIA-H100-BF16-CUDA","","","FIELD-PHY-CLOCK","not_found","Selected H100 first-party tables do not bind the BF16 non-Tensor path to an explicit peak frequency.","completed","2026-08-12","H100|REQ-NVIDIA-H100-BF16-CUDA-FREQUENCY","reviewed","独立复核补录频率缺口。"
"REQ-NVIDIA-H100-INT32-CUDA-FREQUENCY","","","","","PPATH-NVIDIA-H100-INT32-CUDA","","","FIELD-PHY-CLOCK","not_found","Selected H100 first-party tables do not bind the INT32 non-Tensor path to an explicit peak frequency.","completed","2026-08-12","H100|REQ-NVIDIA-H100-INT32-CUDA-FREQUENCY","reviewed","独立复核补录频率缺口。"
"REQ-GROQ-LPU1-PROCESS","OBJ-GROQ-LPU1-ARCH","","","","","","","FIELD-PHY-PROCESS","not_applicable","architecture_generation 不承接具体 die/package/card 的固定实现规格；候选值已移入 implementation-object-backlog.csv。","completed","2026-08-12","M2-GHC-ARCH|REQ-GROQ-LPU1-PROCESS","reviewed","14 nm 属于首颗 ASIC"
"REQ-GROQ-LPU1-CLOCK","OBJ-GROQ-LPU1-ARCH","","","","","","","FIELD-PHY-CLOCK","not_applicable","architecture_generation 不承接具体 die/package/card 的固定实现规格；候选值已移入 implementation-object-backlog.csv。","completed","2026-08-12","M2-GHC-ARCH|REQ-GROQ-LPU1-CLOCK","reviewed","900 MHz 属于首颗 ASIC"
"REQ-GROQ-LPU1-TRANSISTORS","OBJ-GROQ-LPU1-ARCH","","","","","","","FIELD-PHY-TRANSISTORS","not_applicable","architecture_generation 不承接具体 die/package/card 的固定实现规格；候选值已移入 implementation-object-backlog.csv。","completed","2026-08-12","M2-GHC-ARCH|REQ-GROQ-LPU1-TRANSISTORS","reviewed","26.8B 属于首颗 ASIC"
"REQ-GROQ-LPU1-DIE-AREA","OBJ-GROQ-LPU1-ARCH","","","","","","","FIELD-PHY-DIE-AREA","not_applicable","architecture_generation 不承接具体 die/package/card 的固定实现规格；候选值已移入 implementation-object-backlog.csv。","completed","2026-08-12","M2-GHC-ARCH|REQ-GROQ-LPU1-DIE-AREA","reviewed","25×29 mm 只作实现线索"
"REQ-GROQ-LPU1-POWER","OBJ-GROQ-LPU1-ARCH","","","","","","","FIELD-PHY-POWER","not_applicable","architecture_generation 不承接具体 die/package/card 的固定实现规格；候选值已移入 implementation-object-backlog.csv。","completed","2026-08-12","M2-GHC-ARCH|REQ-GROQ-LPU1-POWER","reviewed","v1.7 功耗属于产品实现"
"REQ-GROQ-LPU1-TOTAL-THROUGHPUT","OBJ-GROQ-LPU1-ARCH","","","","","","","FIELD-COMP-THROUGHPUT","not_applicable","architecture_generation 不承接具体 die/package/card 的固定实现规格；候选值已移入 implementation-object-backlog.csv。","completed","2026-08-12","M2-GHC-ARCH|REQ-GROQ-LPU1-TOTAL-THROUGHPUT","reviewed","820 TeraOps/s 为首版实现口径"
"REQ-GROQ-LPU1-MXM-FP16-THROUGHPUT","","","","","PP-GROQ-LPU1-MXM-FP16","","","FIELD-COMP-THROUGHPUT","not_applicable","architecture_generation 不承接具体 die/package/card 的固定实现规格；候选值已移入 implementation-object-backlog.csv。","completed","2026-08-12","M2-GHC-ARCH|REQ-GROQ-LPU1-MXM-FP16-THROUGHPUT","reviewed","188 TFLOPs 为 v1.7 产品标签"
"REQ-GROQ-LPU1-MXM-INT8-THROUGHPUT","","","","","PP-GROQ-LPU1-MXM-INT8","","","FIELD-COMP-THROUGHPUT","not_applicable","architecture_generation 不承接具体 die/package/card 的固定实现规格；候选值已移入 implementation-object-backlog.csv。","completed","2026-08-12","M2-GHC-ARCH|REQ-GROQ-LPU1-MXM-INT8-THROUGHPUT","reviewed","750 TOPs 为 v1.7 产品标签"
"REQ-GROQ-LPU1-SRAM-CAPACITY","","CMP-GROQ-LPU1-MEM","","","","","","FIELD-MEM-CAPACITY","not_applicable","architecture_generation 不承接具体 die/package/card 的固定实现规格；候选值已移入 implementation-object-backlog.csv。","completed","2026-08-12","M2-GHC-ARCH|REQ-GROQ-LPU1-SRAM-CAPACITY","reviewed","220 MiB/230 MB 为不同实现修订值"
"REQ-GROQ-LPU1-SRAM-BW","","CMP-GROQ-LPU1-MEM","","","","","","FIELD-MEM-BIDIR-BW","not_applicable","architecture_generation 不承接具体 die/package/card 的固定实现规格；候选值已移入 implementation-object-backlog.csv。","completed","2026-08-12","M2-GHC-ARCH|REQ-GROQ-LPU1-SRAM-BW","reviewed","55 TiB/s/80 TB/s 为实现值"
"REQ-GROQ-LPU1-C2C-COUNT","","","LINK-GROQ-LPU1-C2C","","","","","FIELD-INT-LINK-COUNT","not_applicable","architecture_generation 不承接具体 die/package/card 的固定实现规格；候选值已移入 implementation-object-backlog.csv。","completed","2026-08-12","M2-GHC-ARCH|REQ-GROQ-LPU1-C2C-COUNT","reviewed","具体链路数量不属于代际抽象"
"REQ-GROQ-LPU1-C2C-RATE","","","LINK-GROQ-LPU1-C2C","","","","","FIELD-INT-PER-LINK-RATE","not_applicable","architecture_generation 不承接具体 die/package/card 的固定实现规格；候选值已移入 implementation-object-backlog.csv。","completed","2026-08-12","M2-GHC-ARCH|REQ-GROQ-LPU1-C2C-RATE","reviewed","具体线路速率不属于代际抽象"
"REQ-GROQ-LPU1-C2C-BW","","","LINK-GROQ-LPU1-C2C","","","","","FIELD-INT-AGGREGATE-BW","not_applicable","architecture_generation 不承接具体 die/package/card 的固定实现规格；候选值已移入 implementation-object-backlog.csv。","completed","2026-08-12","M2-GHC-ARCH|REQ-GROQ-LPU1-C2C-BW","reviewed","具体聚合带宽不属于代际抽象"
"REQ-GROQ-LPU1-FP16-PHYSICAL-ACCUM","","","","","PP-GROQ-LPU1-MXM-FP16","","","FIELD-NUM-PHYSICAL-ACCUM","not_found","","completed","2026-08-12","M2-GHC-ARCH|REQ-GROQ-LPU1-FP16-PHYSICAL-ACCUM","reviewed","程序员可见 FP32 accumulation 不等于物理累加器位宽"
"REQ-GROQ-LPU1-SCALING","","","","","PP-GROQ-LPU1-MXM-FP16","","","FIELD-NUM-SCALING-GRANULARITY","not_found","","completed","2026-08-12","M2-GHC-ARCH|REQ-GROQ-LPU1-SCALING","reviewed","TruePoint 未在本包来源中给出可无歧义缩放粒度"
"REQ-GROQ-LPU1-SUBNORMAL","","","","","PP-GROQ-LPU1-MXM-FP16","","","FIELD-NUM-SUBNORMAL","not_found","","completed","2026-08-12","M2-GHC-ARCH|REQ-GROQ-LPU1-SUBNORMAL","reviewed","未找到非规格数语义"
"REQ-GROQ-LPU1-TOPOLOGY","OBJ-GROQ-LPU1-ARCH","","","","","","","FIELD-INT-TOPOLOGY","inaccessible_evidence","","blocked","2026-08-12","M2-GHC-ARCH|REQ-GROQ-LPU1-TOPOLOGY","reviewed","ISCA 2022 scale-out 论文全文当前受远端挑战/522 限制"
"REQ-GROQ-LPU1-MOE-ROUTE","","","","","","CAP-GROQ-LPU1-MOE-ROUTE","","FIELD-CAP-IMPLEMENTATION-DETAIL","not_found","","completed","2026-08-12","M2-GHC-ARCH|REQ-GROQ-LPU1-MOE-ROUTE","reviewed","一手架构论文与产品简报未找到专用 MoE routing 模块"
"REQ-GROQ-LPU1-TOPK","","","","","","CAP-GROQ-LPU1-TOPK","","FIELD-CAP-IMPLEMENTATION-DETAIL","not_found","","completed","2026-08-12","M2-GHC-ARCH|REQ-GROQ-LPU1-TOPK","reviewed","一手架构论文与产品简报未找到专用 Top-K 模块"
"REQ-NVG3-PROCESS","OBJ-NVIDIA-GROQ3-ARCH","","","","","","","FIELD-PHY-PROCESS","not_applicable","architecture_generation 不承接具体 Groq 3 die/package/LPU 实现定值；per-LPU 数字已移入 implementation-object-backlog.csv。","completed","2026-08-12","M2-GHC-ARCH|REQ-NVG3-PROCESS","reviewed","需后续物理对象"
"REQ-NVG3-CLOCK","OBJ-NVIDIA-GROQ3-ARCH","","","","","","","FIELD-PHY-CLOCK","not_applicable","architecture_generation 不承接具体 Groq 3 die/package/LPU 实现定值；per-LPU 数字已移入 implementation-object-backlog.csv。","completed","2026-08-12","M2-GHC-ARCH|REQ-NVG3-CLOCK","reviewed","需后续物理对象"
"REQ-NVG3-TRANSISTORS","OBJ-NVIDIA-GROQ3-ARCH","","","","","","","FIELD-PHY-TRANSISTORS","not_applicable","architecture_generation 不承接具体 Groq 3 die/package/LPU 实现定值；per-LPU 数字已移入 implementation-object-backlog.csv。","completed","2026-08-12","M2-GHC-ARCH|REQ-NVG3-TRANSISTORS","reviewed","需后续物理对象"
"REQ-NVG3-DIE-AREA","OBJ-NVIDIA-GROQ3-ARCH","","","","","","","FIELD-PHY-DIE-AREA","not_applicable","architecture_generation 不承接具体 Groq 3 die/package/LPU 实现定值；per-LPU 数字已移入 implementation-object-backlog.csv。","completed","2026-08-12","M2-GHC-ARCH|REQ-NVG3-DIE-AREA","reviewed","需后续物理对象"
"REQ-NVG3-POWER","OBJ-NVIDIA-GROQ3-ARCH","","","","","","","FIELD-PHY-POWER","not_applicable","architecture_generation 不承接具体 Groq 3 die/package/LPU 实现定值；per-LPU 数字已移入 implementation-object-backlog.csv。","completed","2026-08-12","M2-GHC-ARCH|REQ-NVG3-POWER","reviewed","需后续物理对象"
"REQ-NVG3-MXM-THROUGHPUT","OBJ-NVIDIA-GROQ3-ARCH","","","","","","","FIELD-COMP-THROUGHPUT","not_applicable","architecture_generation 不承接具体 Groq 3 die/package/LPU 实现定值；per-LPU 数字已移入 implementation-object-backlog.csv。","completed","2026-08-12","M2-GHC-ARCH|REQ-NVG3-MXM-THROUGHPUT","reviewed","官方只有 tray/rack 聚合 FP8 标签，既不能建立单芯片精度路径，也不能投射为架构定值；按总控规则在架构 object 上提问，具体 MXM/VXM 范围保留在 requirement_id 与 notes"
"REQ-NVG3-SRAM-CAPACITY","","CMP-NVG3-MEM","","","","","","FIELD-MEM-CAPACITY","not_applicable","architecture_generation 不承接具体 Groq 3 die/package/LPU 实现定值；per-LPU 数字已移入 implementation-object-backlog.csv。","completed","2026-08-12","M2-GHC-ARCH|REQ-NVG3-SRAM-CAPACITY","reviewed","500 MB 为每 LPU 实现值"
"REQ-NVG3-SRAM-BW","","CMP-NVG3-MEM","","","","","","FIELD-MEM-BIDIR-BW","not_applicable","architecture_generation 不承接具体 Groq 3 die/package/LPU 实现定值；per-LPU 数字已移入 implementation-object-backlog.csv。","completed","2026-08-12","M2-GHC-ARCH|REQ-NVG3-SRAM-BW","reviewed","150 TB/s 为每 LPU 实现值"
"REQ-NVG3-C2C-COUNT","","","LINK-NVG3-C2C","","","","","FIELD-INT-LINK-COUNT","not_applicable","architecture_generation 不承接具体 Groq 3 die/package/LPU 实现定值；per-LPU 数字已移入 implementation-object-backlog.csv。","completed","2026-08-12","M2-GHC-ARCH|REQ-NVG3-C2C-COUNT","reviewed","96 为每 LPU 实现值"
"REQ-NVG3-C2C-RATE","","","LINK-NVG3-C2C","","","","","FIELD-INT-PER-LINK-RATE","not_applicable","architecture_generation 不承接具体 Groq 3 die/package/LPU 实现定值；per-LPU 数字已移入 implementation-object-backlog.csv。","completed","2026-08-12","M2-GHC-ARCH|REQ-NVG3-C2C-RATE","reviewed","112 Gbps 为具体线路值"
"REQ-NVG3-C2C-BW","","","LINK-NVG3-C2C","","","","","FIELD-INT-AGGREGATE-BW","not_applicable","architecture_generation 不承接具体 Groq 3 die/package/LPU 实现定值；per-LPU 数字已移入 implementation-object-backlog.csv。","completed","2026-08-12","M2-GHC-ARCH|REQ-NVG3-C2C-BW","reviewed","约 2.5 TB/s 为每 LPU 聚合实现值"
"REQ-NVG3-MXM-EXACT-FORMATS","OBJ-NVIDIA-GROQ3-ARCH","","","","","","","FIELD-NUM-OPERAND-A","not_found","","completed","2026-08-12","M2-GHC-ARCH|REQ-NVG3-MXM-EXACT-FORMATS","reviewed","官方仅写 fixed data types，没有枚举具体格式；按总控规则在架构 object 上提问，具体 MXM/VXM 范围保留在 requirement_id 与 notes"
"REQ-NVG3-MXM-ACCUM","OBJ-NVIDIA-GROQ3-ARCH","","","","","","","FIELD-NUM-ACCUMULATION","not_found","","completed","2026-08-12","M2-GHC-ARCH|REQ-NVG3-MXM-ACCUM","reviewed","未找到程序员可见累加格式；按总控规则在架构 object 上提问，具体 MXM/VXM 范围保留在 requirement_id 与 notes"
"REQ-NVG3-MXM-PHYSICAL-ACCUM","OBJ-NVIDIA-GROQ3-ARCH","","","","","","","FIELD-NUM-PHYSICAL-ACCUM","not_found","","completed","2026-08-12","M2-GHC-ARCH|REQ-NVG3-MXM-PHYSICAL-ACCUM","reviewed","未找到物理内部累加位宽；按总控规则在架构 object 上提问，具体 MXM/VXM 范围保留在 requirement_id 与 notes"
"REQ-NVG3-VXM-FORMATS","OBJ-NVIDIA-GROQ3-ARCH","","","","","","","FIELD-NUM-OPERAND-A","not_found","","completed","2026-08-12","M2-GHC-ARCH|REQ-NVG3-VXM-FORMATS","reviewed","未找到 VXM 精确数据格式；按总控规则在架构 object 上提问，具体 MXM/VXM 范围保留在 requirement_id 与 notes"
"REQ-NVG3-ROUNDING","OBJ-NVIDIA-GROQ3-ARCH","","","","","","","FIELD-NUM-ROUNDING","not_found","","completed","2026-08-12","M2-GHC-ARCH|REQ-NVG3-ROUNDING","reviewed","未找到舍入语义；按总控规则在架构 object 上提问，具体 MXM/VXM 范围保留在 requirement_id 与 notes"
"REQ-NVG3-SCALING","OBJ-NVIDIA-GROQ3-ARCH","","","","","","","FIELD-NUM-SCALING-GRANULARITY","not_found","","completed","2026-08-12","M2-GHC-ARCH|REQ-NVG3-SCALING","reviewed","未找到缩放粒度；按总控规则在架构 object 上提问，具体 MXM/VXM 范围保留在 requirement_id 与 notes"
"REQ-NVG3-TOPOLOGY-CLASS","","","","","","","TOPO-NVG3-HIGH-RADIX","FIELD-INT-TOPOLOGY-DIMENSIONS","pending_verification","","in_progress","2026-08-12","M2-GHC-ARCH|REQ-NVG3-TOPOLOGY-CLASS","draft","厂商直接表述 high-radix point-to-point；现有 topology_type 枚举无法无损映射，保留待核，不生成非法枚举事实"
"REQ-NVG3-MOE-ROUTE","","","","","","CAP-NVG3-MOE-ROUTE","","FIELD-CAP-IMPLEMENTATION-DETAIL","not_found","","completed","2026-08-12","M2-GHC-ARCH|REQ-NVG3-MOE-ROUTE","reviewed","FFN/MoE expert execution 是系统工作分配，不等于专用 routing 模块"
"REQ-NVG3-TOPK","","","","","","CAP-NVG3-TOPK","","FIELD-CAP-IMPLEMENTATION-DETAIL","not_found","","completed","2026-08-12","M2-GHC-ARCH|REQ-NVG3-TOPK","reviewed","未找到专用 Top-K 模块"
"REQ-HUAWEI-DV-PROCESS","OBJ-HUAWEI-DA-VINCI-INITIAL-ARCH","","","","","","","FIELD-PHY-PROCESS","not_applicable","Da Vinci 架构代际对象不承接具体 SoC/die 的固定物理实现参数。","completed","2026-08-12","M2-GHC-ARCH|REQ-HUAWEI-DV-PROCESS","reviewed","论文产品配置的制程不能投射到代际"
"REQ-HUAWEI-DV-CLOCK","OBJ-HUAWEI-DA-VINCI-INITIAL-ARCH","","","","","","","FIELD-PHY-CLOCK","not_applicable","Da Vinci 架构代际对象不承接具体 SoC/die 的固定物理实现参数。","completed","2026-08-12","M2-GHC-ARCH|REQ-HUAWEI-DV-CLOCK","reviewed","Ascend-Max 1 GHz 已移入实现待办"
"REQ-HUAWEI-DV-TRANSISTORS","OBJ-HUAWEI-DA-VINCI-INITIAL-ARCH","","","","","","","FIELD-PHY-TRANSISTORS","not_applicable","Da Vinci 架构代际对象不承接具体 SoC/die 的固定物理实现参数。","completed","2026-08-12","M2-GHC-ARCH|REQ-HUAWEI-DV-TRANSISTORS","reviewed","需物理对象"
"REQ-HUAWEI-DV-DIE-AREA","OBJ-HUAWEI-DA-VINCI-INITIAL-ARCH","","","","","","","FIELD-PHY-DIE-AREA","not_applicable","Da Vinci 架构代际对象不承接具体 SoC/die 的固定物理实现参数。","completed","2026-08-12","M2-GHC-ARCH|REQ-HUAWEI-DV-DIE-AREA","reviewed","需物理对象"
"REQ-HUAWEI-DV-POWER","OBJ-HUAWEI-DA-VINCI-INITIAL-ARCH","","","","","","","FIELD-PHY-POWER","not_applicable","Da Vinci 架构代际对象不承接具体 SoC/die 的固定物理实现参数。","completed","2026-08-12","M2-GHC-ARCH|REQ-HUAWEI-DV-POWER","reviewed","需物理对象"
"REQ-HUAWEI-DV-PHYSICAL-ACCUM","","","","","PP-HUAWEI-DV-CUBE-FP16","","","FIELD-NUM-PHYSICAL-ACCUM","not_found","","completed","2026-08-12","M2-GHC-ARCH|REQ-HUAWEI-DV-PHYSICAL-ACCUM","reviewed","FP32 destination 不等于物理内部累加宽度"
"REQ-HUAWEI-DV-ROUNDING","","","","","PP-HUAWEI-DV-CUBE-FP16","","","FIELD-NUM-ROUNDING","not_found","","completed","2026-08-12","M2-GHC-ARCH|REQ-HUAWEI-DV-ROUNDING","reviewed","两篇原始论文未给舍入语义"
"REQ-HUAWEI-DV-SCALING","","","","","PP-HUAWEI-DV-CUBE-INT8","","","FIELD-NUM-SCALING-GRANULARITY","not_found","","completed","2026-08-12","M2-GHC-ARCH|REQ-HUAWEI-DV-SCALING","reviewed","未给量化缩放粒度"
"REQ-HUAWEI-DV-SATURATION","","","","","PP-HUAWEI-DV-CUBE-INT8","","","FIELD-NUM-SATURATION","not_found","","completed","2026-08-12","M2-GHC-ARCH|REQ-HUAWEI-DV-SATURATION","reviewed","未给饱和/溢出语义"
"REQ-HUAWEI-DV-SUBNORMAL","","","","","PP-HUAWEI-DV-CUBE-FP16","","","FIELD-NUM-SUBNORMAL","not_found","","completed","2026-08-12","M2-GHC-ARCH|REQ-HUAWEI-DV-SUBNORMAL","reviewed","未给非规格数处理"
"REQ-HUAWEI-DV-INT8-OUTPUT","","","","","PP-HUAWEI-DV-CUBE-INT8","","","FIELD-NUM-OUTPUT","not_found","","completed","2026-08-12","M2-GHC-ARCH|REQ-HUAWEI-DV-INT8-OUTPUT","reviewed","原文明确 FP16 source→FP32 destination，但未明确 INT8 destination"
"REQ-HUAWEI-DV-SCALAR-THROUGHPUT","OBJ-HUAWEI-DA-VINCI-INITIAL-ARCH","","","","","","","FIELD-COMP-THROUGHPUT","not_found","","completed","2026-08-12","M2-GHC-ARCH|REQ-HUAWEI-DV-SCALAR-THROUGHPUT","reviewed","未找到标量峰值；按总控规则在架构 object 上提问，具体 scalar/vector 范围保留在 requirement_id"
"REQ-HUAWEI-DV-VECTOR-THROUGHPUT","OBJ-HUAWEI-DA-VINCI-INITIAL-ARCH","","","","","","","FIELD-COMP-THROUGHPUT","not_found","","completed","2026-08-12","M2-GHC-ARCH|REQ-HUAWEI-DV-VECTOR-THROUGHPUT","reviewed","未找到向量路径独立峰值；按总控规则在架构 object 上提问，具体 scalar/vector 范围保留在 requirement_id"
"REQ-HUAWEI-DV-INTERCONNECT-TOPOLOGY","OBJ-HUAWEI-DA-VINCI-INITIAL-ARCH","","","","","","","FIELD-INT-TOPOLOGY","not_applicable","SoC NoC 拓扑属于具体产品实现，不是 AI Core 架构代际固有拓扑。","completed","2026-08-12","M2-GHC-ARCH|REQ-HUAWEI-DV-INTERCONNECT-TOPOLOGY","reviewed","Ascend 910 4×6 mesh 不投射"
"REQ-HUAWEI-DV-INTERCONNECT-BW","OBJ-HUAWEI-DA-VINCI-INITIAL-ARCH","","","","","","","FIELD-INT-AGGREGATE-BW","not_applicable","SoC NoC 与 HBM 带宽属于具体产品实现。","completed","2026-08-12","M2-GHC-ARCH|REQ-HUAWEI-DV-INTERCONNECT-BW","reviewed","不使用 Ascend 910 聚合值"
"REQ-HUAWEI-DV-COMPUTE-BW-RATIO","OBJ-HUAWEI-DA-VINCI-INITIAL-ARCH","","","","","","","FIELD-DER-COMPUTE-BW-SPEC","not_applicable","只有 Ascend-Max 示例 core 的吞吐和端口带宽，不能形成 Da Vinci 代际通用存算比。","completed","2026-08-12","M2-GHC-ARCH|REQ-HUAWEI-DV-COMPUTE-BW-RATIO","reviewed","保留原始示例值，不生成架构通用派生事实"
"REQ-HUAWEI-DV-MOE-ROUTE","","","","","","CAP-HUAWEI-DV-MOE-ROUTE","","FIELD-CAP-IMPLEMENTATION-DETAIL","not_found","","completed","2026-08-12","M2-GHC-ARCH|REQ-HUAWEI-DV-MOE-ROUTE","reviewed","原始论文未找到专用 MoE routing"
"REQ-HUAWEI-DV-TOPK","","","","","","CAP-HUAWEI-DV-TOPK","","FIELD-CAP-IMPLEMENTATION-DETAIL","not_found","","completed","2026-08-12","M2-GHC-ARCH|REQ-HUAWEI-DV-TOPK","reviewed","原始论文未找到专用 Top-K"
"REQ-CAMBRICON-MLUARCH05-PROCESS","OBJ-CAMBRICON-MLU590-ARCH","","","","","","","FIELD-PHY-PROCESS","not_applicable","MLUarch05 architecture_generation 不承接思元590 die/package/card 的固定物理实现参数。","completed","2026-08-12","M2-GHC-ARCH|REQ-CAMBRICON-MLUARCH05-PROCESS","reviewed","需物理对象"
"REQ-CAMBRICON-MLUARCH05-CLOCK","OBJ-CAMBRICON-MLU590-ARCH","","","","","","","FIELD-PHY-CLOCK","not_applicable","MLUarch05 architecture_generation 不承接思元590 die/package/card 的固定物理实现参数。","completed","2026-08-12","M2-GHC-ARCH|REQ-CAMBRICON-MLUARCH05-CLOCK","reviewed","需物理对象"
"REQ-CAMBRICON-MLUARCH05-TRANSISTORS","OBJ-CAMBRICON-MLU590-ARCH","","","","","","","FIELD-PHY-TRANSISTORS","not_applicable","MLUarch05 architecture_generation 不承接思元590 die/package/card 的固定物理实现参数。","completed","2026-08-12","M2-GHC-ARCH|REQ-CAMBRICON-MLUARCH05-TRANSISTORS","reviewed","需物理对象"
"REQ-CAMBRICON-MLUARCH05-DIE-AREA","OBJ-CAMBRICON-MLU590-ARCH","","","","","","","FIELD-PHY-DIE-AREA","not_applicable","MLUarch05 architecture_generation 不承接思元590 die/package/card 的固定物理实现参数。","completed","2026-08-12","M2-GHC-ARCH|REQ-CAMBRICON-MLUARCH05-DIE-AREA","reviewed","需物理对象"
"REQ-CAMBRICON-MLUARCH05-POWER","OBJ-CAMBRICON-MLU590-ARCH","","","","","","","FIELD-PHY-POWER","not_applicable","MLUarch05 architecture_generation 不承接思元590 die/package/card 的固定物理实现参数。","completed","2026-08-12","M2-GHC-ARCH|REQ-CAMBRICON-MLUARCH05-POWER","reviewed","需物理对象"
"REQ-CAMBRICON-MLUARCH05-EXECUTION","OBJ-CAMBRICON-MLU590-ARCH","","","","","","","FIELD-COMP-EXECUTION","not_found","","completed","2026-08-12","M2-GHC-ARCH|REQ-CAMBRICON-MLUARCH05-EXECUTION","reviewed","可访问一手资料只给 MLUarch05 名称和软件构建目标，未给执行组织"
"REQ-CAMBRICON-MLUARCH05-MATRIX","OBJ-CAMBRICON-MLU590-ARCH","","","","","","","FIELD-COMP-ARRAY-SHAPE","not_found","","completed","2026-08-12","M2-GHC-ARCH|REQ-CAMBRICON-MLUARCH05-MATRIX","reviewed","未找到矩阵执行单元形态"
"REQ-CAMBRICON-MLUARCH05-MATRIX-THROUGHPUT","OBJ-CAMBRICON-MLU590-ARCH","","","","","","","FIELD-COMP-THROUGHPUT","not_found","","completed","2026-08-12","M2-GHC-ARCH|REQ-CAMBRICON-MLUARCH05-MATRIX-THROUGHPUT","reviewed","未找到架构级矩阵路径吞吐"
"REQ-CAMBRICON-MLUARCH05-VECTOR","OBJ-CAMBRICON-MLU590-ARCH","","","","","","","FIELD-COMP-INSTRUCTION-TILE","not_found","","completed","2026-08-12","M2-GHC-ARCH|REQ-CAMBRICON-MLUARCH05-VECTOR","reviewed","未找到向量路径宽度或组织"
"REQ-CAMBRICON-MLUARCH05-SCALAR","OBJ-CAMBRICON-MLU590-ARCH","","","","","","","FIELD-COMP-ISSUE-WIDTH","not_found","","completed","2026-08-12","M2-GHC-ARCH|REQ-CAMBRICON-MLUARCH05-SCALAR","reviewed","未找到标量路径组织"
"REQ-CAMBRICON-MLUARCH05-FORMATS","OBJ-CAMBRICON-MLU590-ARCH","","","","","","","FIELD-NUM-OPERAND-A","not_found","","completed","2026-08-12","M2-GHC-ARCH|REQ-CAMBRICON-MLUARCH05-FORMATS","reviewed","未找到物理架构可归属的数据格式列表"
"REQ-CAMBRICON-MLUARCH05-ACCUM","OBJ-CAMBRICON-MLU590-ARCH","","","","","","","FIELD-NUM-ACCUMULATION","not_found","","completed","2026-08-12","M2-GHC-ARCH|REQ-CAMBRICON-MLUARCH05-ACCUM","reviewed","未找到程序员可见累加格式"
"REQ-CAMBRICON-MLUARCH05-PHYSICAL-ACCUM","OBJ-CAMBRICON-MLU590-ARCH","","","","","","","FIELD-NUM-PHYSICAL-ACCUM","not_found","","completed","2026-08-12","M2-GHC-ARCH|REQ-CAMBRICON-MLUARCH05-PHYSICAL-ACCUM","reviewed","未找到物理累加位宽"
"REQ-CAMBRICON-MLUARCH05-MEM-HIERARCHY","OBJ-CAMBRICON-MLU590-ARCH","","","","","","","FIELD-MEM-NAME","not_found","","completed","2026-08-12","M2-GHC-ARCH|REQ-CAMBRICON-MLUARCH05-MEM-HIERARCHY","reviewed","未找到可核验存储层次"
"REQ-CAMBRICON-MLUARCH05-MEM-CAPACITY","OBJ-CAMBRICON-MLU590-ARCH","","","","","","","FIELD-MEM-CAPACITY","not_found","","completed","2026-08-12","M2-GHC-ARCH|REQ-CAMBRICON-MLUARCH05-MEM-CAPACITY","reviewed","未找到架构级容量"
"REQ-CAMBRICON-MLUARCH05-MEM-BW","OBJ-CAMBRICON-MLU590-ARCH","","","","","","","FIELD-MEM-BIDIR-BW","not_found","","completed","2026-08-12","M2-GHC-ARCH|REQ-CAMBRICON-MLUARCH05-MEM-BW","reviewed","未找到架构级各层带宽"
"REQ-CAMBRICON-MLUARCH05-INTERCONNECT","OBJ-CAMBRICON-MLU590-ARCH","","","","","","","FIELD-INT-TOPOLOGY","not_found","","completed","2026-08-12","M2-GHC-ARCH|REQ-CAMBRICON-MLUARCH05-INTERCONNECT","reviewed","未找到 MLUarch05 互联拓扑"
"REQ-CAMBRICON-MLUARCH05-INTERCONNECT-BW","OBJ-CAMBRICON-MLU590-ARCH","","","","","","","FIELD-INT-AGGREGATE-BW","not_found","","completed","2026-08-12","M2-GHC-ARCH|REQ-CAMBRICON-MLUARCH05-INTERCONNECT-BW","reviewed","未找到 MLUarch05 互联带宽"
"REQ-CAMBRICON-MLUARCH05-BANG-MAPPING","OBJ-CAMBRICON-MLU590-ARCH","","","","","","","FIELD-SW-PROGRAMMING-MODEL","inaccessible_evidence","","blocked","2026-08-12","M2-GHC-ARCH|REQ-CAMBRICON-MLUARCH05-BANG-MAPPING","reviewed","CNToolkit 3.8.4 正文远端 HTTP 401；BANG v5、compute_50、mtp_592 与 MLUarch05 的等价关系未证实，且不存在冲突组"
"REQ-CAMBRICON-MLUARCH05-MOE-ROUTE","","","","","","CAP-CAMBRICON-MLUARCH05-MOE-ROUTE","","FIELD-CAP-IMPLEMENTATION-DETAIL","not_found","","completed","2026-08-12","M2-GHC-ARCH|REQ-CAMBRICON-MLUARCH05-MOE-ROUTE","reviewed","可访问一手资料未找到专用 MoE routing"
"REQ-CAMBRICON-MLUARCH05-TOPK","","","","","","CAP-CAMBRICON-MLUARCH05-TOPK","","FIELD-CAP-IMPLEMENTATION-DETAIL","not_found","","completed","2026-08-12","M2-GHC-ARCH|REQ-CAMBRICON-MLUARCH05-TOPK","reviewed","可访问一手资料未找到专用 Top-K"
"REQ-GROQ-LPU1-ROUNDING-MODE","OBJ-GROQ-LPU1-ARCH","","","","","","","FIELD-NUM-ROUNDING","not_found","","completed","2026-08-12","M2-GHC-ARCH|REQ-GROQ-LPU1-ROUNDING-MODE","reviewed","ISCA 2020 只说明矩阵操作末尾进行一次舍入，没有给出 RNE、RTZ 等 rounding_mode"
"REQ-HUAWEI-DV-CUBE-FP16-ACCUM","","","","","PP-HUAWEI-DV-CUBE-FP16","","","FIELD-NUM-ACCUMULATION","not_found","","completed","2026-08-12","M2-GHC-ARCH|REQ-HUAWEI-DV-CUBE-FP16-ACCUM","reviewed","HPCA 2021 只直接说明 FP16 source 与 FP32 destination；destination 不等于程序员可见或物理累加格式"
"REQ-M2GA-GOOGLE_TPU_V3_ARCH-COMP-THROUGHPUT","OBJ-GOOGLE-TPU-V3-ARCH","","","","","","","FIELD-COMP-THROUGHPUT","not_applicable","architecture_generation 不承载具体芯片/云加速器的峰值、容量或带宽实现数值","completed","2026-08-12","RFP-GOOGLE_TPU_V3_ARCH-FIELD-COMP-THROUGHPUT","reviewed","数值候选保存在 deferred_implementation_facts.csv，待目标实现对象建立后迁移"
"REQ-M2GA-GOOGLE_TPU_V3_ARCH-MEM-CAPACITY","OBJ-GOOGLE-TPU-V3-ARCH","","","","","","","FIELD-MEM-CAPACITY","not_applicable","architecture_generation 不承载具体芯片/云加速器的峰值、容量或带宽实现数值","completed","2026-08-12","RFP-GOOGLE_TPU_V3_ARCH-FIELD-MEM-CAPACITY","reviewed","数值候选保存在 deferred_implementation_facts.csv，待目标实现对象建立后迁移"
"REQ-M2GA-GOOGLE_TPU_V3_ARCH-MEM-READ-BW","OBJ-GOOGLE-TPU-V3-ARCH","","","","","","","FIELD-MEM-READ-BW","not_applicable","architecture_generation 不承载具体芯片/云加速器的峰值、容量或带宽实现数值","completed","2026-08-12","RFP-GOOGLE_TPU_V3_ARCH-FIELD-MEM-READ-BW","reviewed","数值候选保存在 deferred_implementation_facts.csv，待目标实现对象建立后迁移"
"REQ-M2GA-GOOGLE_TPU_V3_ARCH-INT-AGGREGATE-BW","OBJ-GOOGLE-TPU-V3-ARCH","","","","","","","FIELD-INT-AGGREGATE-BW","not_applicable","architecture_generation 不承载具体芯片/云加速器的峰值、容量或带宽实现数值","completed","2026-08-12","RFP-GOOGLE_TPU_V3_ARCH-FIELD-INT-AGGREGATE-BW","reviewed","数值候选保存在 deferred_implementation_facts.csv，待目标实现对象建立后迁移"
"REQ-M2GA-GOOGLE_TPU_V4_ARCH-COMP-THROUGHPUT","OBJ-GOOGLE-TPU-V4-ARCH","","","","","","","FIELD-COMP-THROUGHPUT","not_applicable","architecture_generation 不承载具体芯片/云加速器的峰值、容量或带宽实现数值","completed","2026-08-12","RFP-GOOGLE_TPU_V4_ARCH-FIELD-COMP-THROUGHPUT","reviewed","数值候选保存在 deferred_implementation_facts.csv，待目标实现对象建立后迁移"
"REQ-M2GA-GOOGLE_TPU_V4_ARCH-MEM-CAPACITY","OBJ-GOOGLE-TPU-V4-ARCH","","","","","","","FIELD-MEM-CAPACITY","not_applicable","architecture_generation 不承载具体芯片/云加速器的峰值、容量或带宽实现数值","completed","2026-08-12","RFP-GOOGLE_TPU_V4_ARCH-FIELD-MEM-CAPACITY","reviewed","数值候选保存在 deferred_implementation_facts.csv，待目标实现对象建立后迁移"
"REQ-M2GA-GOOGLE_TPU_V4_ARCH-MEM-READ-BW","OBJ-GOOGLE-TPU-V4-ARCH","","","","","","","FIELD-MEM-READ-BW","not_applicable","architecture_generation 不承载具体芯片/云加速器的峰值、容量或带宽实现数值","completed","2026-08-12","RFP-GOOGLE_TPU_V4_ARCH-FIELD-MEM-READ-BW","reviewed","数值候选保存在 deferred_implementation_facts.csv，待目标实现对象建立后迁移"
"REQ-M2GA-GOOGLE_TPU_V4_ARCH-INT-AGGREGATE-BW","OBJ-GOOGLE-TPU-V4-ARCH","","","","","","","FIELD-INT-AGGREGATE-BW","not_applicable","architecture_generation 不承载具体芯片/云加速器的峰值、容量或带宽实现数值","completed","2026-08-12","RFP-GOOGLE_TPU_V4_ARCH-FIELD-INT-AGGREGATE-BW","reviewed","数值候选保存在 deferred_implementation_facts.csv，待目标实现对象建立后迁移"
"REQ-M2GA-GOOGLE_TPU_V5E_ARCH-COMP-THROUGHPUT","OBJ-GOOGLE-TPU-V5E-ARCH","","","","","","","FIELD-COMP-THROUGHPUT","not_applicable","architecture_generation 不承载具体芯片/云加速器的峰值、容量或带宽实现数值","completed","2026-08-12","RFP-GOOGLE_TPU_V5E_ARCH-FIELD-COMP-THROUGHPUT","reviewed","数值候选保存在 deferred_implementation_facts.csv，待目标实现对象建立后迁移"
"REQ-M2GA-GOOGLE_TPU_V5E_ARCH-MEM-CAPACITY","OBJ-GOOGLE-TPU-V5E-ARCH","","","","","","","FIELD-MEM-CAPACITY","not_applicable","architecture_generation 不承载具体芯片/云加速器的峰值、容量或带宽实现数值","completed","2026-08-12","RFP-GOOGLE_TPU_V5E_ARCH-FIELD-MEM-CAPACITY","reviewed","数值候选保存在 deferred_implementation_facts.csv，待目标实现对象建立后迁移"
"REQ-M2GA-GOOGLE_TPU_V5E_ARCH-MEM-READ-BW","OBJ-GOOGLE-TPU-V5E-ARCH","","","","","","","FIELD-MEM-READ-BW","not_applicable","architecture_generation 不承载具体芯片/云加速器的峰值、容量或带宽实现数值","completed","2026-08-12","RFP-GOOGLE_TPU_V5E_ARCH-FIELD-MEM-READ-BW","reviewed","数值候选保存在 deferred_implementation_facts.csv，待目标实现对象建立后迁移"
"REQ-M2GA-GOOGLE_TPU_V5E_ARCH-INT-AGGREGATE-BW","OBJ-GOOGLE-TPU-V5E-ARCH","","","","","","","FIELD-INT-AGGREGATE-BW","not_applicable","architecture_generation 不承载具体芯片/云加速器的峰值、容量或带宽实现数值","completed","2026-08-12","RFP-GOOGLE_TPU_V5E_ARCH-FIELD-INT-AGGREGATE-BW","reviewed","数值候选保存在 deferred_implementation_facts.csv，待目标实现对象建立后迁移"
"REQ-M2GA-GOOGLE_TPU_V5P_ARCH-COMP-THROUGHPUT","OBJ-GOOGLE-TPU-V5P-ARCH","","","","","","","FIELD-COMP-THROUGHPUT","not_applicable","architecture_generation 不承载具体芯片/云加速器的峰值、容量或带宽实现数值","completed","2026-08-12","RFP-GOOGLE_TPU_V5P_ARCH-FIELD-COMP-THROUGHPUT","reviewed","数值候选保存在 deferred_implementation_facts.csv，待目标实现对象建立后迁移"
"REQ-M2GA-GOOGLE_TPU_V5P_ARCH-MEM-CAPACITY","OBJ-GOOGLE-TPU-V5P-ARCH","","","","","","","FIELD-MEM-CAPACITY","not_applicable","architecture_generation 不承载具体芯片/云加速器的峰值、容量或带宽实现数值","completed","2026-08-12","RFP-GOOGLE_TPU_V5P_ARCH-FIELD-MEM-CAPACITY","reviewed","数值候选保存在 deferred_implementation_facts.csv，待目标实现对象建立后迁移"
"REQ-M2GA-GOOGLE_TPU_V5P_ARCH-MEM-READ-BW","OBJ-GOOGLE-TPU-V5P-ARCH","","","","","","","FIELD-MEM-READ-BW","not_applicable","architecture_generation 不承载具体芯片/云加速器的峰值、容量或带宽实现数值","completed","2026-08-12","RFP-GOOGLE_TPU_V5P_ARCH-FIELD-MEM-READ-BW","reviewed","数值候选保存在 deferred_implementation_facts.csv，待目标实现对象建立后迁移"
"REQ-M2GA-GOOGLE_TPU_V5P_ARCH-INT-AGGREGATE-BW","OBJ-GOOGLE-TPU-V5P-ARCH","","","","","","","FIELD-INT-AGGREGATE-BW","not_applicable","architecture_generation 不承载具体芯片/云加速器的峰值、容量或带宽实现数值","completed","2026-08-12","RFP-GOOGLE_TPU_V5P_ARCH-FIELD-INT-AGGREGATE-BW","reviewed","数值候选保存在 deferred_implementation_facts.csv，待目标实现对象建立后迁移"
"REQ-M2GA-GOOGLE_TPU_V6E_ARCH-COMP-THROUGHPUT","OBJ-GOOGLE-TPU-V6E-ARCH","","","","","","","FIELD-COMP-THROUGHPUT","not_applicable","architecture_generation 不承载具体芯片/云加速器的峰值、容量或带宽实现数值","completed","2026-08-12","RFP-GOOGLE_TPU_V6E_ARCH-FIELD-COMP-THROUGHPUT","reviewed","数值候选保存在 deferred_implementation_facts.csv，待目标实现对象建立后迁移"
"REQ-M2GA-GOOGLE_TPU_V6E_ARCH-MEM-CAPACITY","OBJ-GOOGLE-TPU-V6E-ARCH","","","","","","","FIELD-MEM-CAPACITY","not_applicable","architecture_generation 不承载具体芯片/云加速器的峰值、容量或带宽实现数值","completed","2026-08-12","RFP-GOOGLE_TPU_V6E_ARCH-FIELD-MEM-CAPACITY","reviewed","数值候选保存在 deferred_implementation_facts.csv，待目标实现对象建立后迁移"
"REQ-M2GA-GOOGLE_TPU_V6E_ARCH-MEM-READ-BW","OBJ-GOOGLE-TPU-V6E-ARCH","","","","","","","FIELD-MEM-READ-BW","not_applicable","architecture_generation 不承载具体芯片/云加速器的峰值、容量或带宽实现数值","completed","2026-08-12","RFP-GOOGLE_TPU_V6E_ARCH-FIELD-MEM-READ-BW","reviewed","数值候选保存在 deferred_implementation_facts.csv，待目标实现对象建立后迁移"
"REQ-M2GA-GOOGLE_TPU_V6E_ARCH-INT-AGGREGATE-BW","OBJ-GOOGLE-TPU-V6E-ARCH","","","","","","","FIELD-INT-AGGREGATE-BW","not_applicable","architecture_generation 不承载具体芯片/云加速器的峰值、容量或带宽实现数值","completed","2026-08-12","RFP-GOOGLE_TPU_V6E_ARCH-FIELD-INT-AGGREGATE-BW","reviewed","数值候选保存在 deferred_implementation_facts.csv，待目标实现对象建立后迁移"
"REQ-M2GA-GOOGLE_TPU7X_ARCH-COMP-THROUGHPUT","OBJ-GOOGLE-TPU7X-ARCH","","","","","","","FIELD-COMP-THROUGHPUT","not_applicable","architecture_generation 不承载具体芯片/云加速器的峰值、容量或带宽实现数值","completed","2026-08-12","RFP-GOOGLE_TPU7X_ARCH-FIELD-COMP-THROUGHPUT","reviewed","数值候选保存在 deferred_implementation_facts.csv，待目标实现对象建立后迁移"
"REQ-M2GA-GOOGLE_TPU7X_ARCH-MEM-CAPACITY","OBJ-GOOGLE-TPU7X-ARCH","","","","","","","FIELD-MEM-CAPACITY","not_applicable","architecture_generation 不承载具体芯片/云加速器的峰值、容量或带宽实现数值","completed","2026-08-12","RFP-GOOGLE_TPU7X_ARCH-FIELD-MEM-CAPACITY","reviewed","数值候选保存在 deferred_implementation_facts.csv，待目标实现对象建立后迁移"
"REQ-M2GA-GOOGLE_TPU7X_ARCH-MEM-READ-BW","OBJ-GOOGLE-TPU7X-ARCH","","","","","","","FIELD-MEM-READ-BW","not_applicable","architecture_generation 不承载具体芯片/云加速器的峰值、容量或带宽实现数值","completed","2026-08-12","RFP-GOOGLE_TPU7X_ARCH-FIELD-MEM-READ-BW","reviewed","数值候选保存在 deferred_implementation_facts.csv，待目标实现对象建立后迁移"
"REQ-M2GA-GOOGLE_TPU7X_ARCH-INT-AGGREGATE-BW","OBJ-GOOGLE-TPU7X-ARCH","","","","","","","FIELD-INT-AGGREGATE-BW","not_applicable","architecture_generation 不承载具体芯片/云加速器的峰值、容量或带宽实现数值","completed","2026-08-12","RFP-GOOGLE_TPU7X_ARCH-FIELD-INT-AGGREGATE-BW","reviewed","数值候选保存在 deferred_implementation_facts.csv，待目标实现对象建立后迁移"
"REQ-M2GA-GOOGLE_TPU_8T_ARCH-COMP-THROUGHPUT","OBJ-GOOGLE-TPU-8T-ARCH","","","","","","","FIELD-COMP-THROUGHPUT","not_applicable","architecture_generation 不承载具体芯片/云加速器的峰值、容量或带宽实现数值","completed","2026-08-12","RFP-GOOGLE_TPU_8T_ARCH-FIELD-COMP-THROUGHPUT","reviewed","数值候选保存在 deferred_implementation_facts.csv，待目标实现对象建立后迁移"
"REQ-M2GA-GOOGLE_TPU_8T_ARCH-MEM-CAPACITY","OBJ-GOOGLE-TPU-8T-ARCH","","","","","","","FIELD-MEM-CAPACITY","not_applicable","architecture_generation 不承载具体芯片/云加速器的峰值、容量或带宽实现数值","completed","2026-08-12","RFP-GOOGLE_TPU_8T_ARCH-FIELD-MEM-CAPACITY","reviewed","数值候选保存在 deferred_implementation_facts.csv，待目标实现对象建立后迁移"
"REQ-M2GA-GOOGLE_TPU_8T_ARCH-MEM-READ-BW","OBJ-GOOGLE-TPU-8T-ARCH","","","","","","","FIELD-MEM-READ-BW","not_applicable","architecture_generation 不承载具体芯片/云加速器的峰值、容量或带宽实现数值","completed","2026-08-12","RFP-GOOGLE_TPU_8T_ARCH-FIELD-MEM-READ-BW","reviewed","数值候选保存在 deferred_implementation_facts.csv，待目标实现对象建立后迁移"
"REQ-M2GA-GOOGLE_TPU_8T_ARCH-INT-AGGREGATE-BW","OBJ-GOOGLE-TPU-8T-ARCH","","","","","","","FIELD-INT-AGGREGATE-BW","not_applicable","architecture_generation 不承载具体芯片/云加速器的峰值、容量或带宽实现数值","completed","2026-08-12","RFP-GOOGLE_TPU_8T_ARCH-FIELD-INT-AGGREGATE-BW","reviewed","数值候选保存在 deferred_implementation_facts.csv，待目标实现对象建立后迁移"
"REQ-M2GA-GOOGLE_TPU_8I_ARCH-COMP-THROUGHPUT","OBJ-GOOGLE-TPU-8I-ARCH","","","","","","","FIELD-COMP-THROUGHPUT","not_applicable","architecture_generation 不承载具体芯片/云加速器的峰值、容量或带宽实现数值","completed","2026-08-12","RFP-GOOGLE_TPU_8I_ARCH-FIELD-COMP-THROUGHPUT","reviewed","数值候选保存在 deferred_implementation_facts.csv，待目标实现对象建立后迁移"
"REQ-M2GA-GOOGLE_TPU_8I_ARCH-MEM-CAPACITY","OBJ-GOOGLE-TPU-8I-ARCH","","","","","","","FIELD-MEM-CAPACITY","not_applicable","architecture_generation 不承载具体芯片/云加速器的峰值、容量或带宽实现数值","completed","2026-08-12","RFP-GOOGLE_TPU_8I_ARCH-FIELD-MEM-CAPACITY","reviewed","数值候选保存在 deferred_implementation_facts.csv，待目标实现对象建立后迁移"
"REQ-M2GA-GOOGLE_TPU_8I_ARCH-MEM-READ-BW","OBJ-GOOGLE-TPU-8I-ARCH","","","","","","","FIELD-MEM-READ-BW","not_applicable","architecture_generation 不承载具体芯片/云加速器的峰值、容量或带宽实现数值","completed","2026-08-12","RFP-GOOGLE_TPU_8I_ARCH-FIELD-MEM-READ-BW","reviewed","数值候选保存在 deferred_implementation_facts.csv，待目标实现对象建立后迁移"
"REQ-M2GA-GOOGLE_TPU_8I_ARCH-INT-AGGREGATE-BW","OBJ-GOOGLE-TPU-8I-ARCH","","","","","","","FIELD-INT-AGGREGATE-BW","not_applicable","architecture_generation 不承载具体芯片/云加速器的峰值、容量或带宽实现数值","completed","2026-08-12","RFP-GOOGLE_TPU_8I_ARCH-FIELD-INT-AGGREGATE-BW","reviewed","数值候选保存在 deferred_implementation_facts.csv，待目标实现对象建立后迁移"
"REQ-M2GA-AWS_INFERENTIA1_ARCH-COMP-THROUGHPUT","OBJ-AWS-INFERENTIA1-ARCH","","","","","","","FIELD-COMP-THROUGHPUT","not_applicable","architecture_generation 不承载具体芯片/云加速器的峰值、容量或带宽实现数值","completed","2026-08-12","RFP-AWS_INFERENTIA1_ARCH-FIELD-COMP-THROUGHPUT","reviewed","数值候选保存在 deferred_implementation_facts.csv，待目标实现对象建立后迁移"
"REQ-M2GA-AWS_INFERENTIA1_ARCH-MEM-CAPACITY","OBJ-AWS-INFERENTIA1-ARCH","","","","","","","FIELD-MEM-CAPACITY","not_applicable","architecture_generation 不承载具体芯片/云加速器的峰值、容量或带宽实现数值","completed","2026-08-12","RFP-AWS_INFERENTIA1_ARCH-FIELD-MEM-CAPACITY","reviewed","数值候选保存在 deferred_implementation_facts.csv，待目标实现对象建立后迁移"
"REQ-M2GA-AWS_INFERENTIA1_ARCH-MEM-READ-BW","OBJ-AWS-INFERENTIA1-ARCH","","","","","","","FIELD-MEM-READ-BW","not_applicable","architecture_generation 不承载具体芯片/云加速器的峰值、容量或带宽实现数值","completed","2026-08-12","RFP-AWS_INFERENTIA1_ARCH-FIELD-MEM-READ-BW","reviewed","数值候选保存在 deferred_implementation_facts.csv，待目标实现对象建立后迁移"
"REQ-M2GA-AWS_INFERENTIA1_ARCH-INT-AGGREGATE-BW","OBJ-AWS-INFERENTIA1-ARCH","","","","","","","FIELD-INT-AGGREGATE-BW","not_applicable","architecture_generation 不承载具体芯片/云加速器的峰值、容量或带宽实现数值","completed","2026-08-12","RFP-AWS_INFERENTIA1_ARCH-FIELD-INT-AGGREGATE-BW","reviewed","数值候选保存在 deferred_implementation_facts.csv，待目标实现对象建立后迁移"
"REQ-M2GA-AWS_TRAINIUM1_ARCH-COMP-THROUGHPUT","OBJ-AWS-TRAINIUM1-ARCH","","","","","","","FIELD-COMP-THROUGHPUT","not_applicable","architecture_generation 不承载具体芯片/云加速器的峰值、容量或带宽实现数值","completed","2026-08-12","RFP-AWS_TRAINIUM1_ARCH-FIELD-COMP-THROUGHPUT","reviewed","数值候选保存在 deferred_implementation_facts.csv，待目标实现对象建立后迁移"
"REQ-M2GA-AWS_TRAINIUM1_ARCH-MEM-CAPACITY","OBJ-AWS-TRAINIUM1-ARCH","","","","","","","FIELD-MEM-CAPACITY","not_applicable","architecture_generation 不承载具体芯片/云加速器的峰值、容量或带宽实现数值","completed","2026-08-12","RFP-AWS_TRAINIUM1_ARCH-FIELD-MEM-CAPACITY","reviewed","数值候选保存在 deferred_implementation_facts.csv，待目标实现对象建立后迁移"
"REQ-M2GA-AWS_TRAINIUM1_ARCH-MEM-READ-BW","OBJ-AWS-TRAINIUM1-ARCH","","","","","","","FIELD-MEM-READ-BW","not_applicable","architecture_generation 不承载具体芯片/云加速器的峰值、容量或带宽实现数值","completed","2026-08-12","RFP-AWS_TRAINIUM1_ARCH-FIELD-MEM-READ-BW","reviewed","数值候选保存在 deferred_implementation_facts.csv，待目标实现对象建立后迁移"
"REQ-M2GA-AWS_TRAINIUM1_ARCH-INT-AGGREGATE-BW","OBJ-AWS-TRAINIUM1-ARCH","","","","","","","FIELD-INT-AGGREGATE-BW","not_applicable","architecture_generation 不承载具体芯片/云加速器的峰值、容量或带宽实现数值","completed","2026-08-12","RFP-AWS_TRAINIUM1_ARCH-FIELD-INT-AGGREGATE-BW","reviewed","数值候选保存在 deferred_implementation_facts.csv，待目标实现对象建立后迁移"
"REQ-M2GA-AWS_INFERENTIA2_ARCH-COMP-THROUGHPUT","OBJ-AWS-INFERENTIA2-ARCH","","","","","","","FIELD-COMP-THROUGHPUT","not_applicable","architecture_generation 不承载具体芯片/云加速器的峰值、容量或带宽实现数值","completed","2026-08-12","RFP-AWS_INFERENTIA2_ARCH-FIELD-COMP-THROUGHPUT","reviewed","数值候选保存在 deferred_implementation_facts.csv，待目标实现对象建立后迁移"
"REQ-M2GA-AWS_INFERENTIA2_ARCH-MEM-CAPACITY","OBJ-AWS-INFERENTIA2-ARCH","","","","","","","FIELD-MEM-CAPACITY","not_applicable","architecture_generation 不承载具体芯片/云加速器的峰值、容量或带宽实现数值","completed","2026-08-12","RFP-AWS_INFERENTIA2_ARCH-FIELD-MEM-CAPACITY","reviewed","数值候选保存在 deferred_implementation_facts.csv，待目标实现对象建立后迁移"
"REQ-M2GA-AWS_INFERENTIA2_ARCH-MEM-READ-BW","OBJ-AWS-INFERENTIA2-ARCH","","","","","","","FIELD-MEM-READ-BW","not_applicable","architecture_generation 不承载具体芯片/云加速器的峰值、容量或带宽实现数值","completed","2026-08-12","RFP-AWS_INFERENTIA2_ARCH-FIELD-MEM-READ-BW","reviewed","数值候选保存在 deferred_implementation_facts.csv，待目标实现对象建立后迁移"
"REQ-M2GA-AWS_INFERENTIA2_ARCH-INT-AGGREGATE-BW","OBJ-AWS-INFERENTIA2-ARCH","","","","","","","FIELD-INT-AGGREGATE-BW","not_applicable","architecture_generation 不承载具体芯片/云加速器的峰值、容量或带宽实现数值","completed","2026-08-12","RFP-AWS_INFERENTIA2_ARCH-FIELD-INT-AGGREGATE-BW","reviewed","数值候选保存在 deferred_implementation_facts.csv，待目标实现对象建立后迁移"
"REQ-M2GA-AWS_TRAINIUM2_ARCH-COMP-THROUGHPUT","OBJ-AWS-TRAINIUM2-ARCH","","","","","","","FIELD-COMP-THROUGHPUT","not_applicable","architecture_generation 不承载具体芯片/云加速器的峰值、容量或带宽实现数值","completed","2026-08-12","RFP-AWS_TRAINIUM2_ARCH-FIELD-COMP-THROUGHPUT","reviewed","数值候选保存在 deferred_implementation_facts.csv，待目标实现对象建立后迁移"
"REQ-M2GA-AWS_TRAINIUM2_ARCH-MEM-CAPACITY","OBJ-AWS-TRAINIUM2-ARCH","","","","","","","FIELD-MEM-CAPACITY","not_applicable","architecture_generation 不承载具体芯片/云加速器的峰值、容量或带宽实现数值","completed","2026-08-12","RFP-AWS_TRAINIUM2_ARCH-FIELD-MEM-CAPACITY","reviewed","数值候选保存在 deferred_implementation_facts.csv，待目标实现对象建立后迁移"
"REQ-M2GA-AWS_TRAINIUM2_ARCH-MEM-READ-BW","OBJ-AWS-TRAINIUM2-ARCH","","","","","","","FIELD-MEM-READ-BW","not_applicable","architecture_generation 不承载具体芯片/云加速器的峰值、容量或带宽实现数值","completed","2026-08-12","RFP-AWS_TRAINIUM2_ARCH-FIELD-MEM-READ-BW","reviewed","数值候选保存在 deferred_implementation_facts.csv，待目标实现对象建立后迁移"
"REQ-M2GA-AWS_TRAINIUM2_ARCH-INT-AGGREGATE-BW","OBJ-AWS-TRAINIUM2-ARCH","","","","","","","FIELD-INT-AGGREGATE-BW","not_applicable","architecture_generation 不承载具体芯片/云加速器的峰值、容量或带宽实现数值","completed","2026-08-12","RFP-AWS_TRAINIUM2_ARCH-FIELD-INT-AGGREGATE-BW","reviewed","数值候选保存在 deferred_implementation_facts.csv，待目标实现对象建立后迁移"
"REQ-M2GA-AWS_TRAINIUM3_ARCH-COMP-THROUGHPUT","OBJ-AWS-TRAINIUM3-ARCH","","","","","","","FIELD-COMP-THROUGHPUT","not_applicable","architecture_generation 不承载具体芯片/云加速器的峰值、容量或带宽实现数值","completed","2026-08-12","RFP-AWS_TRAINIUM3_ARCH-FIELD-COMP-THROUGHPUT","reviewed","数值候选保存在 deferred_implementation_facts.csv，待目标实现对象建立后迁移"
"REQ-M2GA-AWS_TRAINIUM3_ARCH-MEM-CAPACITY","OBJ-AWS-TRAINIUM3-ARCH","","","","","","","FIELD-MEM-CAPACITY","not_applicable","architecture_generation 不承载具体芯片/云加速器的峰值、容量或带宽实现数值","completed","2026-08-12","RFP-AWS_TRAINIUM3_ARCH-FIELD-MEM-CAPACITY","reviewed","数值候选保存在 deferred_implementation_facts.csv，待目标实现对象建立后迁移"
"REQ-M2GA-AWS_TRAINIUM3_ARCH-MEM-READ-BW","OBJ-AWS-TRAINIUM3-ARCH","","","","","","","FIELD-MEM-READ-BW","not_applicable","architecture_generation 不承载具体芯片/云加速器的峰值、容量或带宽实现数值","completed","2026-08-12","RFP-AWS_TRAINIUM3_ARCH-FIELD-MEM-READ-BW","reviewed","数值候选保存在 deferred_implementation_facts.csv，待目标实现对象建立后迁移"
"REQ-M2GA-AWS_TRAINIUM3_ARCH-INT-AGGREGATE-BW","OBJ-AWS-TRAINIUM3-ARCH","","","","","","","FIELD-INT-AGGREGATE-BW","not_applicable","architecture_generation 不承载具体芯片/云加速器的峰值、容量或带宽实现数值","completed","2026-08-12","RFP-AWS_TRAINIUM3_ARCH-FIELD-INT-AGGREGATE-BW","reviewed","数值候选保存在 deferred_implementation_facts.csv，待目标实现对象建立后迁移"
"REQ-M2GA-AWS_TRAINIUM4_ARCH-COMP-THROUGHPUT","OBJ-AWS-TRAINIUM4-ARCH","","","","","","","FIELD-COMP-THROUGHPUT","not_applicable","architecture_generation 不承载具体芯片/云加速器的峰值、容量或带宽实现数值","completed","2026-08-12","RFP-AWS_TRAINIUM4_ARCH-FIELD-COMP-THROUGHPUT","reviewed","数值候选保存在 deferred_implementation_facts.csv，待目标实现对象建立后迁移"
"REQ-M2GA-AWS_TRAINIUM4_ARCH-MEM-CAPACITY","OBJ-AWS-TRAINIUM4-ARCH","","","","","","","FIELD-MEM-CAPACITY","not_applicable","architecture_generation 不承载具体芯片/云加速器的峰值、容量或带宽实现数值","completed","2026-08-12","RFP-AWS_TRAINIUM4_ARCH-FIELD-MEM-CAPACITY","reviewed","数值候选保存在 deferred_implementation_facts.csv，待目标实现对象建立后迁移"
"REQ-M2GA-AWS_TRAINIUM4_ARCH-MEM-READ-BW","OBJ-AWS-TRAINIUM4-ARCH","","","","","","","FIELD-MEM-READ-BW","not_applicable","architecture_generation 不承载具体芯片/云加速器的峰值、容量或带宽实现数值","completed","2026-08-12","RFP-AWS_TRAINIUM4_ARCH-FIELD-MEM-READ-BW","reviewed","数值候选保存在 deferred_implementation_facts.csv，待目标实现对象建立后迁移"
"REQ-M2GA-AWS_TRAINIUM4_ARCH-INT-AGGREGATE-BW","OBJ-AWS-TRAINIUM4-ARCH","","","","","","","FIELD-INT-AGGREGATE-BW","not_applicable","architecture_generation 不承载具体芯片/云加速器的峰值、容量或带宽实现数值","completed","2026-08-12","RFP-AWS_TRAINIUM4_ARCH-FIELD-INT-AGGREGATE-BW","reviewed","数值候选保存在 deferred_implementation_facts.csv，待目标实现对象建立后迁移"
"REQ-M2GA-G8T-ACC","","","","","PP-M2GA-G8T-FP4","","","FIELD-NUM-ACCUMULATION","not_found","一手披露只明确 native FP4，未给累加语义","completed","2026-08-12","RFP-M2GA-G8T-ACC","reviewed","计划检索后仍无一手定值"
"REQ-M2GA-G8I-ACC","","","","","PP-M2GA-G8I-FP4","","","FIELD-NUM-ACCUMULATION","not_found","一手披露未给 FP4 累加语义","completed","2026-08-12","RFP-M2GA-G8I-ACC","reviewed","计划检索后仍无一手定值"
"REQ-M2GA-TRN4-MICRO","OBJ-AWS-TRAINIUM4-ARCH","","","","","","","FIELD-COMP-EXECUTION","not_found","只有前瞻性相对指标，没有执行组织披露","completed","2026-08-12","RFP-M2GA-TRN4-MICRO","reviewed","计划检索后仍无一手定值"
"REQ-M2GA-GV3-MOE-HW","OBJ-GOOGLE-TPU-V3-ARCH","","","","","","","FIELD-CAP-IMPLEMENTATION-DETAIL","not_found","检索专用 MoE routing/router 物理模块；G01 的跨代 Top-K 叙述只作边界，不得据此判定专用 MoE router","completed","2026-08-12","RFP-M2GA-GV3-MOE-HW","reviewed","本轮一手资料未找到专用 MoE routing/router 证据；not_found 不表示厂商从未实现。G01 Top-K 原文没有逐代归属，未建立 capability、fact 或 assertion"
"REQ-M2GA-GV4-MOE-HW","OBJ-GOOGLE-TPU-V4-ARCH","","","","","","","FIELD-CAP-IMPLEMENTATION-DETAIL","not_found","检索专用 MoE routing/router 物理模块；G01 的跨代 Top-K 叙述只作边界，不得据此判定专用 MoE router","completed","2026-08-12","RFP-M2GA-GV4-MOE-HW","reviewed","本轮一手资料未找到专用 MoE routing/router 证据；not_found 不表示厂商从未实现。G01 Top-K 原文没有逐代归属，未建立 capability、fact 或 assertion"
"REQ-M2GA-GV5E-MOE-HW","OBJ-GOOGLE-TPU-V5E-ARCH","","","","","","","FIELD-CAP-IMPLEMENTATION-DETAIL","not_found","检索专用 MoE routing/router 物理模块；G01 的跨代 Top-K 叙述只作边界，不得据此判定专用 MoE router","completed","2026-08-12","RFP-M2GA-GV5E-MOE-HW","reviewed","本轮一手资料未找到专用 MoE routing/router 证据；not_found 不表示厂商从未实现。G01 Top-K 原文没有逐代归属，未建立 capability、fact 或 assertion"
"REQ-M2GA-GV5P-MOE-HW","OBJ-GOOGLE-TPU-V5P-ARCH","","","","","","","FIELD-CAP-IMPLEMENTATION-DETAIL","not_found","检索专用 MoE routing/router 物理模块；G01 的跨代 Top-K 叙述只作边界，不得据此判定专用 MoE router","completed","2026-08-12","RFP-M2GA-GV5P-MOE-HW","reviewed","本轮一手资料未找到专用 MoE routing/router 证据；not_found 不表示厂商从未实现。G01 Top-K 原文没有逐代归属，未建立 capability、fact 或 assertion"
"REQ-M2GA-GV6E-MOE-HW","OBJ-GOOGLE-TPU-V6E-ARCH","","","","","","","FIELD-CAP-IMPLEMENTATION-DETAIL","not_found","检索专用 MoE routing/router 物理模块；G01 的跨代 Top-K 叙述只作边界，不得据此判定专用 MoE router","completed","2026-08-12","RFP-M2GA-GV6E-MOE-HW","reviewed","本轮一手资料未找到专用 MoE routing/router 证据；not_found 不表示厂商从未实现。G01 Top-K 原文没有逐代归属，未建立 capability、fact 或 assertion"
"REQ-M2GA-G7X-MOE-HW","OBJ-GOOGLE-TPU7X-ARCH","","","","","","","FIELD-CAP-IMPLEMENTATION-DETAIL","not_found","检索专用 MoE routing/router 物理模块；G01 的跨代 Top-K 叙述只作边界，不得据此判定专用 MoE router","completed","2026-08-12","RFP-M2GA-G7X-MOE-HW","reviewed","本轮一手资料未找到专用 MoE routing/router 证据；not_found 不表示厂商从未实现。G01 Top-K 原文没有逐代归属，未建立 capability、fact 或 assertion"
"REQ-M2GA-AIF1-MOE-HW","OBJ-AWS-INFERENTIA1-ARCH","","","","","","","FIELD-CAP-IMPLEMENTATION-DETAIL","not_found","检索专用 MoE routing/router Top-K 物理模块；软件排序、collective 或 SparseCore 通用操作不能替代硬件模块证据","completed","2026-08-12","RFP-M2GA-AIF1-MOE-HW","reviewed","not_found 表示本轮适当一手来源未找到，不表示厂商从未实现"
"REQ-M2GA-ATRN1-MOE-HW","OBJ-AWS-TRAINIUM1-ARCH","","","","","","","FIELD-CAP-IMPLEMENTATION-DETAIL","not_found","检索专用 MoE routing/router Top-K 物理模块；软件排序、collective 或 SparseCore 通用操作不能替代硬件模块证据","completed","2026-08-12","RFP-M2GA-ATRN1-MOE-HW","reviewed","not_found 表示本轮适当一手来源未找到，不表示厂商从未实现"
"REQ-M2GA-AIF2-MOE-HW","OBJ-AWS-INFERENTIA2-ARCH","","","","","","","FIELD-CAP-IMPLEMENTATION-DETAIL","not_found","检索专用 MoE routing/router Top-K 物理模块；软件排序、collective 或 SparseCore 通用操作不能替代硬件模块证据","completed","2026-08-12","RFP-M2GA-AIF2-MOE-HW","reviewed","not_found 表示本轮适当一手来源未找到，不表示厂商从未实现"
"REQ-M2GA-ATRN3-MOE-HW","OBJ-AWS-TRAINIUM3-ARCH","","","","","","","FIELD-CAP-IMPLEMENTATION-DETAIL","not_found","检索专用 MoE routing/router Top-K 物理模块；软件排序、collective 或 SparseCore 通用操作不能替代硬件模块证据","completed","2026-08-12","RFP-M2GA-ATRN3-MOE-HW","reviewed","not_found 表示本轮适当一手来源未找到，不表示厂商从未实现"
"REQ-M2GA-G8T-LDE-DETAIL","OBJ-GOOGLE-TPU-8T-ARCH","","","","","","","FIELD-CAP-IMPLEMENTATION-DETAIL","not_found","LLM Decoder Engine 的存在有一手正证据；内部算子集合与架构细节在所选材料中未找到","completed","2026-08-12","RFP-M2GA-G8T-LDE-DETAIL","reviewed","不把未披露判断写进 direct fact；SEARCH-M2GA-G8T-LDE-DETAIL 记录检索"
"REQ-M2GA-G8I-FP4-ACCUM","OBJ-GOOGLE-TPU-8I-ARCH","","","","","","","FIELD-NUM-ACCUMULATION","not_found","TPU 8i FP4 计算有一手正证据；累加格式与完整输入/乘积/输出语义未找到","completed","2026-08-12","RFP-M2GA-G8I-FP4-ACCUM","reviewed","实现层峰值不进入本 architecture fact；SEARCH-M2GA-G8I-FP4-ACCUM 记录检索"
"REQ-M2GA-G8I-ICI-PROTOCOL-DETAIL","OBJ-GOOGLE-TPU-8I-ARCH","","","","","","","FIELD-INT-PROTOCOL","not_found","ICI 存在有一手正证据；方向、有效载荷口径与芯片级协议细节未找到","completed","2026-08-12","RFP-M2GA-G8I-ICI-PROTOCOL-DETAIL","reviewed","19.2 Tb/s 与 Boardfly 属实现/系统层；SEARCH-M2GA-G8I-ICI-PROTOCOL-DETAIL 记录检索"
"REQ-M2NA-AVAIL-0001","","COMP-M2NA-AMPERE-SM","","","","","","FIELD-COMP-EXECUTION","value_available","At least one staged atomic fact supplies this subject-field pair.","completed","2026-08-12","M2NA|component|COMP-M2NA-AMPERE-SM|FIELD-COMP-EXECUTION","reviewed","Supporting staged fact_id: FACT-M2NA-AMPERE-SM-EXEC"
"REQ-M2NA-AVAIL-0002","","COMP-M2NA-AMPERE-TENSOR","","","","","","FIELD-COMP-EXECUTION","value_available","At least one staged atomic fact supplies this subject-field pair.","completed","2026-08-12","M2NA|component|COMP-M2NA-AMPERE-TENSOR|FIELD-COMP-EXECUTION","reviewed","Supporting staged fact_id: FACT-M2NA-AMPERE-TENSOR-EXEC"
"REQ-M2NA-AVAIL-0003","","COMP-M2NA-AMPERE-TENSOR","","","","","","FIELD-COMP-SHARED-RESOURCE","value_available","At least one staged atomic fact supplies this subject-field pair.","completed","2026-08-12","M2NA|component|COMP-M2NA-AMPERE-TENSOR|FIELD-COMP-SHARED-RESOURCE","reviewed","Supporting staged fact_id: FACT-M2NA-AMPERE-TENSOR-FORMATS"
"REQ-M2NA-AVAIL-0004","","COMP-M2NA-AMPERE-CUDA","","","","","","FIELD-COMP-EXECUTION","value_available","At least one staged atomic fact supplies this subject-field pair.","completed","2026-08-12","M2NA|component|COMP-M2NA-AMPERE-CUDA|FIELD-COMP-EXECUTION","needs_resolution","Supporting staged fact_id: FACT-M2NA-AMPERE-CUDA-EXEC"
"REQ-M2NA-AVAIL-0005","","COMP-M2NA-AMPERE-ASYNC-COPY","","","","","","FIELD-COMP-EXECUTION","value_available","At least one staged atomic fact supplies this subject-field pair.","completed","2026-08-12","M2NA|component|COMP-M2NA-AMPERE-ASYNC-COPY|FIELD-COMP-EXECUTION","reviewed","Supporting staged fact_id: FACT-M2NA-AMPERE-ASYNC-EXEC"
"REQ-M2NA-AVAIL-0006","","COMP-M2NA-AMPERE-L1SMEM","","","","","","FIELD-MEM-MANAGEMENT","value_available","At least one staged atomic fact supplies this subject-field pair.","completed","2026-08-12","M2NA|component|COMP-M2NA-AMPERE-L1SMEM|FIELD-MEM-MANAGEMENT","reviewed","Supporting staged fact_id: FACT-M2NA-AMPERE-L1SMEM-MGMT"
"REQ-M2NA-AVAIL-0007","","COMP-M2NA-AMPERE-L1SMEM","","","","","","FIELD-MEM-LOCALITY-SCOPE","value_available","At least one staged atomic fact supplies this subject-field pair.","completed","2026-08-12","M2NA|component|COMP-M2NA-AMPERE-L1SMEM|FIELD-MEM-LOCALITY-SCOPE","reviewed","Supporting staged fact_id: FACT-M2NA-AMPERE-L1SMEM-SCOPE"
"REQ-M2NA-AVAIL-0008","","","","","PPATH-M2NA-AMPERE-TENSOR-FP16","","","FIELD-NUM-OPERAND-A","value_available","At least one staged atomic fact supplies this subject-field pair.","completed","2026-08-12","M2NA|precision_path|PPATH-M2NA-AMPERE-TENSOR-FP16|FIELD-NUM-OPERAND-A","reviewed","Supporting staged fact_id: FACT-M2NA-AMPERE-FP16-A"
"REQ-M2NA-AVAIL-0009","","","","","PPATH-M2NA-AMPERE-TENSOR-FP16","","","FIELD-NUM-OPERAND-B","value_available","At least one staged atomic fact supplies this subject-field pair.","completed","2026-08-12","M2NA|precision_path|PPATH-M2NA-AMPERE-TENSOR-FP16|FIELD-NUM-OPERAND-B","reviewed","Supporting staged fact_id: FACT-M2NA-AMPERE-FP16-B"
"REQ-M2NA-AVAIL-0010","","","","","PPATH-M2NA-AMPERE-TENSOR-FP16","","","FIELD-NUM-ACCUMULATION","value_available","At least one staged atomic fact supplies this subject-field pair.","completed","2026-08-12","M2NA|precision_path|PPATH-M2NA-AMPERE-TENSOR-FP16|FIELD-NUM-ACCUMULATION","reviewed","Supporting staged fact_id: FACT-M2NA-AMPERE-FP16-ACC"
"REQ-M2NA-AVAIL-0011","","","","","PPATH-M2NA-AMPERE-TENSOR-BF16","","","FIELD-NUM-OPERAND-A","value_available","At least one staged atomic fact supplies this subject-field pair.","completed","2026-08-12","M2NA|precision_path|PPATH-M2NA-AMPERE-TENSOR-BF16|FIELD-NUM-OPERAND-A","reviewed","Supporting staged fact_id: FACT-M2NA-AMPERE-BF16-A"
"REQ-M2NA-AVAIL-0012","","","","","PPATH-M2NA-AMPERE-TENSOR-BF16","","","FIELD-NUM-ACCUMULATION","value_available","At least one staged atomic fact supplies this subject-field pair.","completed","2026-08-12","M2NA|precision_path|PPATH-M2NA-AMPERE-TENSOR-BF16|FIELD-NUM-ACCUMULATION","reviewed","Supporting staged fact_id: FACT-M2NA-AMPERE-BF16-ACC"
"REQ-M2NA-AVAIL-0013","","","","","PPATH-M2NA-AMPERE-TENSOR-TF32","","","FIELD-NUM-OPERAND-A","value_available","At least one staged atomic fact supplies this subject-field pair.","completed","2026-08-12","M2NA|precision_path|PPATH-M2NA-AMPERE-TENSOR-TF32|FIELD-NUM-OPERAND-A","reviewed","Supporting staged fact_id: FACT-M2NA-AMPERE-TF32-A"
"REQ-M2NA-AVAIL-0014","","","","","PPATH-M2NA-AMPERE-TENSOR-TF32","","","FIELD-NUM-ACCUMULATION","value_available","At least one staged atomic fact supplies this subject-field pair.","completed","2026-08-12","M2NA|precision_path|PPATH-M2NA-AMPERE-TENSOR-TF32|FIELD-NUM-ACCUMULATION","reviewed","Supporting staged fact_id: FACT-M2NA-AMPERE-TF32-ACC"
"REQ-M2NA-AVAIL-0015","","","","","PPATH-M2NA-AMPERE-TENSOR-FP64","","","FIELD-NUM-OPERAND-A","value_available","At least one staged atomic fact supplies this subject-field pair.","completed","2026-08-12","M2NA|precision_path|PPATH-M2NA-AMPERE-TENSOR-FP64|FIELD-NUM-OPERAND-A","reviewed","Supporting staged fact_id: FACT-M2NA-AMPERE-FP64-A"
"REQ-M2NA-AVAIL-0016","","","","","PPATH-M2NA-AMPERE-TENSOR-INT8","","","FIELD-NUM-OPERAND-A","value_available","At least one staged atomic fact supplies this subject-field pair.","completed","2026-08-12","M2NA|precision_path|PPATH-M2NA-AMPERE-TENSOR-INT8|FIELD-NUM-OPERAND-A","reviewed","Supporting staged fact_id: FACT-M2NA-AMPERE-INT-A"
"REQ-M2NA-AVAIL-0017","","","","","","CAP-M2NA-AMPERE-SPARSE","","FIELD-CAP-IMPLEMENTATION-LEVEL","value_available","At least one staged atomic fact supplies this subject-field pair.","completed","2026-08-12","M2NA|capability|CAP-M2NA-AMPERE-SPARSE|FIELD-CAP-IMPLEMENTATION-LEVEL","reviewed","Supporting staged fact_id: FACT-M2NA-AMPERE-SPARSE-LEVEL"
"REQ-M2NA-AVAIL-0018","","","","","","CAP-M2NA-AMPERE-SPARSE","","FIELD-CAP-IMPLEMENTATION-DETAIL","value_available","At least one staged atomic fact supplies this subject-field pair.","completed","2026-08-12","M2NA|capability|CAP-M2NA-AMPERE-SPARSE|FIELD-CAP-IMPLEMENTATION-DETAIL","reviewed","Supporting staged fact_id: FACT-M2NA-AMPERE-SPARSE-DETAIL"
"REQ-M2NA-AVAIL-0019","","","","","","CAP-M2NA-AMPERE-ASYNC","","FIELD-CAP-IMPLEMENTATION-LEVEL","value_available","At least one staged atomic fact supplies this subject-field pair.","completed","2026-08-12","M2NA|capability|CAP-M2NA-AMPERE-ASYNC|FIELD-CAP-IMPLEMENTATION-LEVEL","reviewed","Supporting staged fact_id: FACT-M2NA-AMPERE-ASYNC-LEVEL"
"REQ-M2NA-AVAIL-0020","","","LINK-M2NA-AMPERE-NVLINK3","","","","","FIELD-INT-PROTOCOL","value_available","At least one staged atomic fact supplies this subject-field pair.","completed","2026-08-12","M2NA|link|LINK-M2NA-AMPERE-NVLINK3|FIELD-INT-PROTOCOL","reviewed","Supporting staged fact_id: FACT-M2NA-AMPERE-NVLINK-PROTOCOL"
"REQ-M2NA-AVAIL-0021","OBJ-NVIDIA-AMPERE-ARCH","","","","","","","FIELD-SW-PROGRAMMING-MODEL","value_available","At least one staged atomic fact supplies this subject-field pair.","completed","2026-08-12","M2NA|object|OBJ-NVIDIA-AMPERE-ARCH|FIELD-SW-PROGRAMMING-MODEL","reviewed","Supporting staged fact_id: FACT-M2NA-AMPERE-SW"
"REQ-M2NA-AVAIL-0022","","COMP-M2NA-ADA-SM","","","","","","FIELD-COMP-EXECUTION","value_available","At least one staged atomic fact supplies this subject-field pair.","completed","2026-08-12","M2NA|component|COMP-M2NA-ADA-SM|FIELD-COMP-EXECUTION","reviewed","Supporting staged fact_id: FACT-M2NA-ADA-SM-EXEC"
"REQ-M2NA-AVAIL-0023","","COMP-M2NA-ADA-TENSOR","","","","","","FIELD-COMP-EXECUTION","value_available","At least one staged atomic fact supplies this subject-field pair.","completed","2026-08-12","M2NA|component|COMP-M2NA-ADA-TENSOR|FIELD-COMP-EXECUTION","reviewed","Supporting staged fact_id: FACT-M2NA-ADA-TENSOR-EXEC"
"REQ-M2NA-AVAIL-0024","","COMP-M2NA-ADA-TENSOR","","","","","","FIELD-COMP-SHARED-RESOURCE","value_available","At least one staged atomic fact supplies this subject-field pair.","completed","2026-08-12","M2NA|component|COMP-M2NA-ADA-TENSOR|FIELD-COMP-SHARED-RESOURCE","reviewed","Supporting staged fact_id: FACT-M2NA-ADA-TENSOR-FORMATS"
"REQ-M2NA-AVAIL-0025","","COMP-M2NA-ADA-L1SMEM","","","","","","FIELD-MEM-MANAGEMENT","value_available","At least one staged atomic fact supplies this subject-field pair.","completed","2026-08-12","M2NA|component|COMP-M2NA-ADA-L1SMEM|FIELD-MEM-MANAGEMENT","reviewed","Supporting staged fact_id: FACT-M2NA-ADA-L1SMEM-MGMT"
"REQ-M2NA-AVAIL-0026","","COMP-M2NA-ADA-L1SMEM","","","","","","FIELD-MEM-LOCALITY-SCOPE","value_available","At least one staged atomic fact supplies this subject-field pair.","completed","2026-08-12","M2NA|component|COMP-M2NA-ADA-L1SMEM|FIELD-MEM-LOCALITY-SCOPE","reviewed","Supporting staged fact_id: FACT-M2NA-ADA-L1SMEM-SCOPE"
"REQ-M2NA-AVAIL-0027","","","","","PPATH-M2NA-ADA-TENSOR-FP8","","","FIELD-NUM-OPERAND-A","value_available","At least one staged atomic fact supplies this subject-field pair.","completed","2026-08-12","M2NA|precision_path|PPATH-M2NA-ADA-TENSOR-FP8|FIELD-NUM-OPERAND-A","reviewed","Supporting staged fact_id: FACT-M2NA-ADA-FP8-A"
"REQ-M2NA-AVAIL-0028","","","","","PPATH-M2NA-ADA-TENSOR-FP8","","","FIELD-NUM-ACCUMULATION","value_available","At least one staged atomic fact supplies this subject-field pair.","completed","2026-08-12","M2NA|precision_path|PPATH-M2NA-ADA-TENSOR-FP8|FIELD-NUM-ACCUMULATION","reviewed","Supporting staged fact_id: FACT-M2NA-ADA-FP8-ACC"
"REQ-M2NA-AVAIL-0029","","","","","PPATH-M2NA-ADA-TENSOR-FP16","","","FIELD-NUM-ACCUMULATION","value_available","At least one staged atomic fact supplies this subject-field pair.","completed","2026-08-12","M2NA|precision_path|PPATH-M2NA-ADA-TENSOR-FP16|FIELD-NUM-ACCUMULATION","reviewed","Supporting staged fact_id: FACT-M2NA-ADA-FP16-ACC"
"REQ-M2NA-AVAIL-0030","","","","","PPATH-M2NA-ADA-TENSOR-BF16","","","FIELD-NUM-ACCUMULATION","value_available","At least one staged atomic fact supplies this subject-field pair.","completed","2026-08-12","M2NA|precision_path|PPATH-M2NA-ADA-TENSOR-BF16|FIELD-NUM-ACCUMULATION","reviewed","Supporting staged fact_id: FACT-M2NA-ADA-BF16-ACC"
"REQ-M2NA-AVAIL-0031","","","","","PPATH-M2NA-ADA-TENSOR-TF32","","","FIELD-NUM-OPERAND-A","value_available","At least one staged atomic fact supplies this subject-field pair.","completed","2026-08-12","M2NA|precision_path|PPATH-M2NA-ADA-TENSOR-TF32|FIELD-NUM-OPERAND-A","reviewed","Supporting staged fact_id: FACT-M2NA-ADA-TF32-A"
"REQ-M2NA-AVAIL-0032","","","","","PPATH-M2NA-ADA-TENSOR-INT8","","","FIELD-NUM-OPERAND-A","value_available","At least one staged atomic fact supplies this subject-field pair.","completed","2026-08-12","M2NA|precision_path|PPATH-M2NA-ADA-TENSOR-INT8|FIELD-NUM-OPERAND-A","reviewed","Supporting staged fact_id: FACT-M2NA-ADA-INT-A"
"REQ-M2NA-AVAIL-0033","","","","","","CAP-M2NA-ADA-SPARSE","","FIELD-CAP-IMPLEMENTATION-LEVEL","value_available","At least one staged atomic fact supplies this subject-field pair.","completed","2026-08-12","M2NA|capability|CAP-M2NA-ADA-SPARSE|FIELD-CAP-IMPLEMENTATION-LEVEL","reviewed","Supporting staged fact_id: FACT-M2NA-ADA-SPARSE-LEVEL"
"REQ-M2NA-AVAIL-0034","OBJ-NVIDIA-ADA-LOVELACE-ARCH","","","","","","","FIELD-SW-PROGRAMMING-MODEL","not_found","The selected Ada architecture whitepaper does not make a directly locatable programming-model statement; CUDA Core naming is not sufficient evidence for this field.","completed","2026-08-12","M2NA|object|OBJ-NVIDIA-ADA-LOVELACE-ARCH|FIELD-SW-PROGRAMMING-MODEL","needs_resolution","Former supporting fact FACT-M2NA-ADA-SW was removed during assertion-evidence remediation. See SEARCH-M2NA-0126."
"REQ-M2NA-AVAIL-0035","","COMP-M2NA-BLACKWELL-TENSOR","","","","","","FIELD-COMP-EXECUTION","value_available","At least one staged atomic fact supplies this subject-field pair.","completed","2026-08-12","M2NA|component|COMP-M2NA-BLACKWELL-TENSOR|FIELD-COMP-EXECUTION","reviewed","Supporting staged fact_id: FACT-M2NA-BLACKWELL-TENSOR-EXEC"
"REQ-M2NA-AVAIL-0036","","COMP-M2NA-BLACKWELL-TENSOR","","","","","","FIELD-COMP-SHARED-RESOURCE","value_available","At least one staged atomic fact supplies this subject-field pair.","completed","2026-08-12","M2NA|component|COMP-M2NA-BLACKWELL-TENSOR|FIELD-COMP-SHARED-RESOURCE","reviewed","Supporting staged fact_id: FACT-M2NA-BLACKWELL-TENSOR-FORMATS"
"REQ-M2NA-AVAIL-0037","","","","","PPATH-M2NA-BLACKWELL-TENSOR-FP4","","","FIELD-NUM-OPERAND-A","value_available","At least one staged atomic fact supplies this subject-field pair.","completed","2026-08-12","M2NA|precision_path|PPATH-M2NA-BLACKWELL-TENSOR-FP4|FIELD-NUM-OPERAND-A","reviewed","Supporting staged fact_id: FACT-M2NA-BLACKWELL-FP4-A"
"REQ-M2NA-AVAIL-0038","","","","","PPATH-M2NA-BLACKWELL-TENSOR-FP4","","","FIELD-NUM-SCALING-MODE","value_available","At least one staged atomic fact supplies this subject-field pair.","completed","2026-08-12","M2NA|precision_path|PPATH-M2NA-BLACKWELL-TENSOR-FP4|FIELD-NUM-SCALING-MODE","reviewed","Supporting staged fact_id: FACT-M2NA-BLACKWELL-FP4-SCALE"
"REQ-M2NA-AVAIL-0039","","","","","PPATH-M2NA-BLACKWELL-TENSOR-FP4","","","FIELD-NUM-SCALING-GRANULARITY","value_available","At least one staged atomic fact supplies this subject-field pair.","completed","2026-08-12","M2NA|precision_path|PPATH-M2NA-BLACKWELL-TENSOR-FP4|FIELD-NUM-SCALING-GRANULARITY","reviewed","Supporting staged fact_id: FACT-M2NA-BLACKWELL-FP4-GRAN"
"REQ-M2NA-AVAIL-0040","","","","","PPATH-M2NA-BLACKWELL-TENSOR-FP6","","","FIELD-NUM-OPERAND-A","value_available","At least one staged atomic fact supplies this subject-field pair.","completed","2026-08-12","M2NA|precision_path|PPATH-M2NA-BLACKWELL-TENSOR-FP6|FIELD-NUM-OPERAND-A","reviewed","Supporting staged fact_id: FACT-M2NA-BLACKWELL-FP6-A"
"REQ-M2NA-AVAIL-0041","","","","","PPATH-M2NA-BLACKWELL-TENSOR-FP8","","","FIELD-NUM-OPERAND-A","value_available","At least one staged atomic fact supplies this subject-field pair.","completed","2026-08-12","M2NA|precision_path|PPATH-M2NA-BLACKWELL-TENSOR-FP8|FIELD-NUM-OPERAND-A","reviewed","Supporting staged fact_id: FACT-M2NA-BLACKWELL-FP8-A"
"REQ-M2NA-AVAIL-0042","","","","","PPATH-M2NA-BLACKWELL-TENSOR-FP16BF16","","","FIELD-NUM-OPERAND-A","value_available","At least one staged atomic fact supplies this subject-field pair.","completed","2026-08-12","M2NA|precision_path|PPATH-M2NA-BLACKWELL-TENSOR-FP16BF16|FIELD-NUM-OPERAND-A","reviewed","Supporting staged fact_id: FACT-M2NA-BLACKWELL-FP16-A"
"REQ-M2NA-AVAIL-0043","","","","","PPATH-M2NA-BLACKWELL-TENSOR-HIGH","","","FIELD-NUM-OPERAND-A","value_available","At least one staged atomic fact supplies this subject-field pair.","completed","2026-08-12","M2NA|precision_path|PPATH-M2NA-BLACKWELL-TENSOR-HIGH|FIELD-NUM-OPERAND-A","reviewed","Supporting staged fact_id: FACT-M2NA-BLACKWELL-HIGH-A"
"REQ-M2NA-AVAIL-0044","","","","","PPATH-M2NA-BLACKWELL-TENSOR-SPARSE","","","FIELD-NUM-SPARSITY","value_available","At least one staged atomic fact supplies this subject-field pair.","completed","2026-08-12","M2NA|precision_path|PPATH-M2NA-BLACKWELL-TENSOR-SPARSE|FIELD-NUM-SPARSITY","reviewed","Supporting staged fact_id: FACT-M2NA-BLACKWELL-SPARSE-MODE"
"REQ-M2NA-AVAIL-0045","","COMP-M2NA-BLACKWELL-TMEM","","","","","","FIELD-MEM-MANAGEMENT","value_available","At least one staged atomic fact supplies this subject-field pair.","completed","2026-08-12","M2NA|component|COMP-M2NA-BLACKWELL-TMEM|FIELD-MEM-MANAGEMENT","reviewed","Supporting staged fact_id: FACT-M2NA-BLACKWELL-TMEM-MGMT"
"REQ-M2NA-AVAIL-0046","","COMP-M2NA-BLACKWELL-TMEM","","","","","","FIELD-MEM-CAPACITY","value_available","At least one staged atomic fact supplies this subject-field pair.","completed","2026-08-12","M2NA|component|COMP-M2NA-BLACKWELL-TMEM|FIELD-MEM-CAPACITY","reviewed","Supporting staged fact_id: FACT-M2NA-BLACKWELL-TMEM-LOGICAL-SPACE. Direct canonical-unit normalization: 512 columns × 128 rows × 32 bit/cell ÷ 8 bit/byte = 262144 byte per CTA logical address space; this is not physical SRAM capacity."
"REQ-M2NA-AVAIL-0047","","COMP-M2NA-BLACKWELL-TMEM","","","","","","FIELD-MEM-GRANULARITY","value_available","At least one staged atomic fact supplies this subject-field pair.","completed","2026-08-12","M2NA|component|COMP-M2NA-BLACKWELL-TMEM|FIELD-MEM-GRANULARITY","reviewed","Supporting staged fact_id: FACT-M2NA-BLACKWELL-TMEM-GRAN"
"REQ-M2NA-AVAIL-0048","","COMP-M2NA-BLACKWELL-TMA","","","","","","FIELD-COMP-EXECUTION","value_available","At least one staged atomic fact supplies this subject-field pair.","completed","2026-08-12","M2NA|component|COMP-M2NA-BLACKWELL-TMA|FIELD-COMP-EXECUTION","reviewed","Supporting staged fact_id: FACT-M2NA-BLACKWELL-TMA-EXEC"
"REQ-M2NA-AVAIL-0049","","","LINK-M2NA-BLACKWELL-NVHBI","","","","","FIELD-INT-PROTOCOL","value_available","At least one staged atomic fact supplies this subject-field pair.","completed","2026-08-12","M2NA|link|LINK-M2NA-BLACKWELL-NVHBI|FIELD-INT-PROTOCOL","reviewed","Supporting staged fact_id: FACT-M2NA-BLACKWELL-NVHBI-PROTOCOL"
"REQ-M2NA-AVAIL-0050","","","LINK-M2NA-BLACKWELL-NVLINK5","","","","","FIELD-INT-PROTOCOL","value_available","At least one staged atomic fact supplies this subject-field pair.","completed","2026-08-12","M2NA|link|LINK-M2NA-BLACKWELL-NVLINK5|FIELD-INT-PROTOCOL","reviewed","Supporting staged fact_id: FACT-M2NA-BLACKWELL-NVLINK5-PROTOCOL"
"REQ-M2NA-AVAIL-0051","","","","","","CAP-M2NA-BLACKWELL-TE","","FIELD-CAP-IMPLEMENTATION-LEVEL","value_available","At least one staged atomic fact supplies this subject-field pair.","completed","2026-08-12","M2NA|capability|CAP-M2NA-BLACKWELL-TE|FIELD-CAP-IMPLEMENTATION-LEVEL","reviewed","Supporting staged fact_id: FACT-M2NA-BLACKWELL-TE-LEVEL"
"REQ-M2NA-AVAIL-0052","","","","","","CAP-M2NA-BLACKWELL-TE","","FIELD-CAP-IMPLEMENTATION-DETAIL","value_available","At least one staged atomic fact supplies this subject-field pair.","completed","2026-08-12","M2NA|capability|CAP-M2NA-BLACKWELL-TE|FIELD-CAP-IMPLEMENTATION-DETAIL","reviewed","Supporting staged fact_id: FACT-M2NA-BLACKWELL-TE-DETAIL"
"REQ-M2NA-AVAIL-0053","","","","","","CAP-M2NA-BLACKWELL-SPARSE","","FIELD-CAP-IMPLEMENTATION-LEVEL","value_available","At least one staged atomic fact supplies this subject-field pair.","completed","2026-08-12","M2NA|capability|CAP-M2NA-BLACKWELL-SPARSE|FIELD-CAP-IMPLEMENTATION-LEVEL","reviewed","Supporting staged fact_id: FACT-M2NA-BLACKWELL-SPARSE-LEVEL"
"REQ-M2NA-AVAIL-0054","","","","","","CAP-M2NA-BLACKWELL-TMA","","FIELD-CAP-IMPLEMENTATION-LEVEL","value_available","At least one staged atomic fact supplies this subject-field pair.","completed","2026-08-12","M2NA|capability|CAP-M2NA-BLACKWELL-TMA|FIELD-CAP-IMPLEMENTATION-LEVEL","reviewed","Supporting staged fact_id: FACT-M2NA-BLACKWELL-TMA-LEVEL"
"REQ-M2NA-AVAIL-0055","","","","","","CAP-M2NA-BLACKWELL-TMA","","FIELD-CAP-IMPLEMENTATION-DETAIL","value_available","At least one staged atomic fact supplies this subject-field pair.","completed","2026-08-12","M2NA|capability|CAP-M2NA-BLACKWELL-TMA|FIELD-CAP-IMPLEMENTATION-DETAIL","reviewed","Supporting staged fact_id: FACT-M2NA-BLACKWELL-TMA-DETAIL"
"REQ-M2NA-AVAIL-0056","OBJ-NVIDIA-BLACKWELL-ARCH","","","","","","","FIELD-RAS-CAPABILITY","value_available","At least one staged atomic fact supplies this subject-field pair.","completed","2026-08-12","M2NA|object|OBJ-NVIDIA-BLACKWELL-ARCH|FIELD-RAS-CAPABILITY","reviewed","Supporting staged fact_id: FACT-M2NA-BLACKWELL-RAS"
"REQ-M2NA-AVAIL-0057","OBJ-NVIDIA-BLACKWELL-ARCH","","","","","","","FIELD-SW-PROGRAMMING-MODEL","value_available","At least one staged atomic fact supplies this subject-field pair.","completed","2026-08-12","M2NA|object|OBJ-NVIDIA-BLACKWELL-ARCH|FIELD-SW-PROGRAMMING-MODEL","reviewed","Supporting staged fact_id: FACT-M2NA-BLACKWELL-SW"
"REQ-M2NA-AVAIL-0058","","COMP-M2NA-BLACKWELL-ULTRA-SFU","","","","","","FIELD-COMP-EXECUTION","value_available","At least one staged atomic fact supplies this subject-field pair.","completed","2026-08-12","M2NA|component|COMP-M2NA-BLACKWELL-ULTRA-SFU|FIELD-COMP-EXECUTION","reviewed","Supporting staged fact_id: FACT-M2NA-ULTRA-SFU-EXEC"
"REQ-M2NA-AVAIL-0059","","","","","PPATH-M2NA-BLACKWELL-ULTRA-EXP","","","FIELD-COMP-THROUGHPUT","value_available","At least one staged atomic fact supplies this subject-field pair.","completed","2026-08-12","M2NA|precision_path|PPATH-M2NA-BLACKWELL-ULTRA-EXP|FIELD-COMP-THROUGHPUT","reviewed","Supporting staged fact_id: FACT-M2NA-ULTRA-EXP-REL"
"REQ-M2NA-AVAIL-0060","","","","","","CAP-M2NA-BLACKWELL-ULTRA-SOFTMAX","","FIELD-CAP-IMPLEMENTATION-LEVEL","value_available","At least one staged atomic fact supplies this subject-field pair.","completed","2026-08-12","M2NA|capability|CAP-M2NA-BLACKWELL-ULTRA-SOFTMAX|FIELD-CAP-IMPLEMENTATION-LEVEL","reviewed","Supporting staged fact_id: FACT-M2NA-ULTRA-SOFTMAX-LEVEL"
"REQ-M2NA-AVAIL-0061","","","","","","CAP-M2NA-BLACKWELL-ULTRA-SOFTMAX","","FIELD-CAP-IMPLEMENTATION-DETAIL","value_available","At least one staged atomic fact supplies this subject-field pair.","completed","2026-08-12","M2NA|capability|CAP-M2NA-BLACKWELL-ULTRA-SOFTMAX|FIELD-CAP-IMPLEMENTATION-DETAIL","reviewed","Supporting staged fact_id: FACT-M2NA-ULTRA-SOFTMAX-DETAIL"
"REQ-M2NA-AVAIL-0062","","COMP-M2NA-RUBIN-TENSOR","","","","","","FIELD-COMP-EXECUTION","value_available","At least one staged atomic fact supplies this subject-field pair.","completed","2026-08-12","M2NA|component|COMP-M2NA-RUBIN-TENSOR|FIELD-COMP-EXECUTION","reviewed","Supporting staged fact_id: FACT-M2NA-RUBIN-TENSOR-EXEC"
"REQ-M2NA-AVAIL-0063","","","","","PPATH-M2NA-RUBIN-LUT3","","","FIELD-NUM-OPERAND-B","value_available","At least one staged atomic fact supplies this subject-field pair.","completed","2026-08-12","M2NA|precision_path|PPATH-M2NA-RUBIN-LUT3|FIELD-NUM-OPERAND-B","reviewed","Supporting staged fact_id: FACT-M2NA-RUBIN-LUT3-B"
"REQ-M2NA-AVAIL-0064","","","","","PPATH-M2NA-RUBIN-ACT-SPARSE","","","FIELD-NUM-SPARSITY","value_available","At least one staged atomic fact supplies this subject-field pair.","completed","2026-08-12","M2NA|precision_path|PPATH-M2NA-RUBIN-ACT-SPARSE|FIELD-NUM-SPARSITY","reviewed","Supporting staged fact_id: FACT-M2NA-RUBIN-SPARSE-MODE"
"REQ-M2NA-AVAIL-0065","","COMP-M2NA-RUBIN-TMA","","","","","","FIELD-COMP-EXECUTION","value_available","At least one staged atomic fact supplies this subject-field pair.","completed","2026-08-12","M2NA|component|COMP-M2NA-RUBIN-TMA|FIELD-COMP-EXECUTION","reviewed","Supporting staged fact_id: FACT-M2NA-RUBIN-TMA-EXEC"
"REQ-M2NA-AVAIL-0066","","COMP-M2NA-RUBIN-SFU","","","","","","FIELD-COMP-EXECUTION","value_available","At least one staged atomic fact supplies this subject-field pair.","completed","2026-08-12","M2NA|component|COMP-M2NA-RUBIN-SFU|FIELD-COMP-EXECUTION","reviewed","Supporting staged fact_id: FACT-M2NA-RUBIN-SFU-EXEC"
"REQ-M2NA-AVAIL-0067","","COMP-M2NA-RUBIN-COMPRESS","","","","","","FIELD-COMP-EXECUTION","value_available","At least one staged atomic fact supplies this subject-field pair.","completed","2026-08-12","M2NA|component|COMP-M2NA-RUBIN-COMPRESS|FIELD-COMP-EXECUTION","reviewed","Supporting staged fact_id: FACT-M2NA-RUBIN-COMPRESS-EXEC"
"REQ-M2NA-AVAIL-0069","","","LINK-M2NA-RUBIN-NVLINK","","","","","FIELD-INT-PROTOCOL","value_available","At least one staged atomic fact supplies this subject-field pair.","completed","2026-08-12","M2NA|link|LINK-M2NA-RUBIN-NVLINK|FIELD-INT-PROTOCOL","reviewed","Supporting staged fact_id: FACT-M2NA-RUBIN-NVLINK-PROTOCOL"
"REQ-M2NA-AVAIL-0070","","","","","","CAP-M2NA-RUBIN-TMA","","FIELD-CAP-IMPLEMENTATION-LEVEL","value_available","At least one staged atomic fact supplies this subject-field pair.","completed","2026-08-12","M2NA|capability|CAP-M2NA-RUBIN-TMA|FIELD-CAP-IMPLEMENTATION-LEVEL","reviewed","Supporting staged fact_id: FACT-M2NA-RUBIN-TMA-LEVEL"
"REQ-M2NA-AVAIL-0071","","","","","","CAP-M2NA-RUBIN-SPARSE","","FIELD-CAP-IMPLEMENTATION-LEVEL","value_available","At least one staged atomic fact supplies this subject-field pair.","completed","2026-08-12","M2NA|capability|CAP-M2NA-RUBIN-SPARSE|FIELD-CAP-IMPLEMENTATION-LEVEL","reviewed","Supporting staged fact_id: FACT-M2NA-RUBIN-SPARSE-LEVEL"
"REQ-M2NA-AVAIL-0072","","","","","","CAP-M2NA-RUBIN-COMPRESS","","FIELD-CAP-IMPLEMENTATION-LEVEL","value_available","At least one staged atomic fact supplies this subject-field pair.","completed","2026-08-12","M2NA|capability|CAP-M2NA-RUBIN-COMPRESS|FIELD-CAP-IMPLEMENTATION-LEVEL","needs_resolution","Supporting staged fact_id: FACT-M2NA-RUBIN-COMPRESS-LEVEL"
"REQ-M2NA-AVAIL-0073","OBJ-NVIDIA-RUBIN-ARCH","","","","","","","FIELD-SW-PROGRAMMING-MODEL","not_found","The fixed official Rubin architecture article does not state a CUDA or other programming-model mapping for this architecture-level object.","completed","2026-08-12","M2NA|object|OBJ-NVIDIA-RUBIN-ARCH|FIELD-SW-PROGRAMMING-MODEL","needs_resolution","Removed unsupported FACT-M2NA-RUBIN-SW; retain the field as a documented evidence gap."
"REQ-M2NA-AVAIL-0074","","COMP-M2NA-CDNA2-CU","","","","","","FIELD-COMP-EXECUTION","value_available","At least one staged atomic fact supplies this subject-field pair.","completed","2026-08-12","M2NA|component|COMP-M2NA-CDNA2-CU|FIELD-COMP-EXECUTION","reviewed","Supporting staged fact_id: FACT-M2NA-CDNA2-CU-EXEC"
"REQ-M2NA-AVAIL-0075","","COMP-M2NA-CDNA2-VECTOR","","","","","","FIELD-COMP-UNIT-COUNT","value_available","At least one staged atomic fact supplies this subject-field pair.","completed","2026-08-12","M2NA|component|COMP-M2NA-CDNA2-VECTOR|FIELD-COMP-UNIT-COUNT","reviewed","Supporting staged fact_id: FACT-M2NA-CDNA2-VECTOR-COUNT"
"REQ-M2NA-AVAIL-0076","","COMP-M2NA-CDNA2-VECTOR","","","","","","FIELD-COMP-ISSUE-WIDTH","value_available","At least one staged atomic fact supplies this subject-field pair.","completed","2026-08-12","M2NA|component|COMP-M2NA-CDNA2-VECTOR|FIELD-COMP-ISSUE-WIDTH","reviewed","Supporting staged fact_id: FACT-M2NA-CDNA2-VECTOR-WIDTH"
"REQ-M2NA-AVAIL-0077","","COMP-M2NA-CDNA2-VECTOR","","","","","","FIELD-COMP-EXECUTION","value_available","At least one staged atomic fact supplies this subject-field pair.","completed","2026-08-12","M2NA|component|COMP-M2NA-CDNA2-VECTOR|FIELD-COMP-EXECUTION","reviewed","Supporting staged fact_id: FACT-M2NA-CDNA2-VECTOR-EXEC"
"REQ-M2NA-AVAIL-0078","","COMP-M2NA-CDNA2-MATRIX","","","","","","FIELD-COMP-EXECUTION","value_available","At least one staged atomic fact supplies this subject-field pair.","completed","2026-08-12","M2NA|component|COMP-M2NA-CDNA2-MATRIX|FIELD-COMP-EXECUTION","reviewed","Supporting staged fact_id: FACT-M2NA-CDNA2-MATRIX-EXEC"
"REQ-M2NA-AVAIL-0079","","","","","PPATH-M2NA-CDNA2-VECTOR-FP64","","","FIELD-COMP-THROUGHPUT","value_available","At least one staged atomic fact supplies this subject-field pair.","completed","2026-08-12","M2NA|precision_path|PPATH-M2NA-CDNA2-VECTOR-FP64|FIELD-COMP-THROUGHPUT","reviewed","Supporting staged fact_id: FACT-M2NA-CDNA2-VFP64-THR"
"REQ-M2NA-AVAIL-0080","","","","","PPATH-M2NA-CDNA2-VECTOR-PACKED-FP32","","","FIELD-COMP-THROUGHPUT","value_available","At least one staged atomic fact supplies this subject-field pair.","completed","2026-08-12","M2NA|precision_path|PPATH-M2NA-CDNA2-VECTOR-PACKED-FP32|FIELD-COMP-THROUGHPUT","reviewed","Supporting staged fact_id: FACT-M2NA-CDNA2-PFP32-THR"
"REQ-M2NA-AVAIL-0081","","","","","PPATH-M2NA-CDNA2-MFMA-FP64","","","FIELD-COMP-INSTRUCTION-TILE","value_available","At least one staged atomic fact supplies this subject-field pair.","completed","2026-08-12","M2NA|precision_path|PPATH-M2NA-CDNA2-MFMA-FP64|FIELD-COMP-INSTRUCTION-TILE","reviewed","Supporting staged fact_id: FACT-M2NA-CDNA2-FP64-TILE"
"REQ-M2NA-AVAIL-0082","","","","","PPATH-M2NA-CDNA2-MFMA-FP64","","","FIELD-NUM-OPERAND-A","value_available","At least one staged atomic fact supplies this subject-field pair.","completed","2026-08-12","M2NA|precision_path|PPATH-M2NA-CDNA2-MFMA-FP64|FIELD-NUM-OPERAND-A","reviewed","Supporting staged fact_id: FACT-M2NA-CDNA2-FP64-A"
"REQ-M2NA-AVAIL-0083","","","","","PPATH-M2NA-CDNA2-MFMA-FP16","","","FIELD-NUM-OPERAND-A","value_available","At least one staged atomic fact supplies this subject-field pair.","completed","2026-08-12","M2NA|precision_path|PPATH-M2NA-CDNA2-MFMA-FP16|FIELD-NUM-OPERAND-A","reviewed","Supporting staged fact_id: FACT-M2NA-CDNA2-FP16-A"
"REQ-M2NA-AVAIL-0084","","","","","PPATH-M2NA-CDNA2-MFMA-FP16","","","FIELD-NUM-ACCUMULATION","value_available","At least one staged atomic fact supplies this subject-field pair.","completed","2026-08-12","M2NA|precision_path|PPATH-M2NA-CDNA2-MFMA-FP16|FIELD-NUM-ACCUMULATION","reviewed","Supporting staged fact_id: FACT-M2NA-CDNA2-FP16-ACC"
"REQ-M2NA-AVAIL-0085","","","","","PPATH-M2NA-CDNA2-MFMA-BF16","","","FIELD-NUM-OPERAND-A","value_available","At least one staged atomic fact supplies this subject-field pair.","completed","2026-08-12","M2NA|precision_path|PPATH-M2NA-CDNA2-MFMA-BF16|FIELD-NUM-OPERAND-A","reviewed","Supporting staged fact_id: FACT-M2NA-CDNA2-BF16-A"
"REQ-M2NA-AVAIL-0086","","","","","PPATH-M2NA-CDNA2-MFMA-BF16","","","FIELD-NUM-ACCUMULATION","value_available","At least one staged atomic fact supplies this subject-field pair.","completed","2026-08-12","M2NA|precision_path|PPATH-M2NA-CDNA2-MFMA-BF16|FIELD-NUM-ACCUMULATION","reviewed","Supporting staged fact_id: FACT-M2NA-CDNA2-BF16-ACC"
"REQ-M2NA-AVAIL-0087","","COMP-M2NA-CDNA2-LDS","","","","","","FIELD-MEM-MANAGEMENT","value_available","At least one staged atomic fact supplies this subject-field pair.","completed","2026-08-12","M2NA|component|COMP-M2NA-CDNA2-LDS|FIELD-MEM-MANAGEMENT","reviewed","Supporting staged fact_id: FACT-M2NA-CDNA2-LDS-MGMT"
"REQ-M2NA-AVAIL-0088","","COMP-M2NA-CDNA2-LDS","","","","","","FIELD-MEM-DMA","value_available","At least one staged atomic fact supplies this subject-field pair.","completed","2026-08-12","M2NA|component|COMP-M2NA-CDNA2-LDS|FIELD-MEM-DMA","reviewed","Supporting staged fact_id: FACT-M2NA-CDNA2-LDS-DMA"
"REQ-M2NA-AVAIL-0089","","","LINK-M2NA-CDNA2-IF-PKG","","","","","FIELD-INT-PROTOCOL","value_available","At least one staged atomic fact supplies this subject-field pair.","completed","2026-08-12","M2NA|link|LINK-M2NA-CDNA2-IF-PKG|FIELD-INT-PROTOCOL","reviewed","Supporting staged fact_id: FACT-M2NA-CDNA2-IF-PROTOCOL"
"REQ-M2NA-AVAIL-0090","OBJ-AMD-CDNA2-ARCH","","","","","","","FIELD-SW-PROGRAMMING-MODEL","value_available","At least one staged atomic fact supplies this subject-field pair.","completed","2026-08-12","M2NA|object|OBJ-AMD-CDNA2-ARCH|FIELD-SW-PROGRAMMING-MODEL","reviewed","Supporting staged fact_id: FACT-M2NA-CDNA2-SW"
"REQ-M2NA-AVAIL-0091","","COMP-M2NA-CDNA3-CU","","","","","","FIELD-COMP-EXECUTION","value_available","At least one staged atomic fact supplies this subject-field pair.","completed","2026-08-12","M2NA|component|COMP-M2NA-CDNA3-CU|FIELD-COMP-EXECUTION","reviewed","Supporting staged fact_id: FACT-M2NA-CDNA3-CU-EXEC"
"REQ-M2NA-AVAIL-0092","","COMP-M2NA-CDNA3-MATRIX","","","","","","FIELD-COMP-EXECUTION","value_available","At least one staged atomic fact supplies this subject-field pair.","completed","2026-08-12","M2NA|component|COMP-M2NA-CDNA3-MATRIX|FIELD-COMP-EXECUTION","reviewed","Supporting staged fact_id: FACT-M2NA-CDNA3-MATRIX-EXEC"
"REQ-M2NA-AVAIL-0093","","COMP-M2NA-CDNA3-MATRIX","","","","","","FIELD-COMP-SHARED-RESOURCE","value_available","At least one staged atomic fact supplies this subject-field pair.","completed","2026-08-12","M2NA|component|COMP-M2NA-CDNA3-MATRIX|FIELD-COMP-SHARED-RESOURCE","reviewed","Supporting staged fact_id: FACT-M2NA-CDNA3-MATRIX-FORMATS"
"REQ-M2NA-AVAIL-0094","","","","","PPATH-M2NA-CDNA3-MFMA-FP8","","","FIELD-NUM-OPERAND-A","value_available","At least one staged atomic fact supplies this subject-field pair.","completed","2026-08-12","M2NA|precision_path|PPATH-M2NA-CDNA3-MFMA-FP8|FIELD-NUM-OPERAND-A","reviewed","Supporting staged fact_id: FACT-M2NA-CDNA3-FP8-A"
"REQ-M2NA-AVAIL-0095","","","","","PPATH-M2NA-CDNA3-MFMA-FP8","","","FIELD-NUM-ACCUMULATION","value_available","At least one staged atomic fact supplies this subject-field pair.","completed","2026-08-12","M2NA|precision_path|PPATH-M2NA-CDNA3-MFMA-FP8|FIELD-NUM-ACCUMULATION","reviewed","Supporting staged fact_id: FACT-M2NA-CDNA3-FP8-ACC"
"REQ-M2NA-AVAIL-0096","","","","","PPATH-M2NA-CDNA3-MFMA-FP16BF16","","","FIELD-NUM-OPERAND-A","value_available","At least one staged atomic fact supplies this subject-field pair.","completed","2026-08-12","M2NA|precision_path|PPATH-M2NA-CDNA3-MFMA-FP16BF16|FIELD-NUM-OPERAND-A","reviewed","Supporting staged fact_id: FACT-M2NA-CDNA3-FP16-A"
"REQ-M2NA-AVAIL-0097","","","","","PPATH-M2NA-CDNA3-MFMA-FP16BF16","","","FIELD-NUM-ACCUMULATION","value_available","At least one staged atomic fact supplies this subject-field pair.","completed","2026-08-12","M2NA|precision_path|PPATH-M2NA-CDNA3-MFMA-FP16BF16|FIELD-NUM-ACCUMULATION","reviewed","Supporting staged fact_id: FACT-M2NA-CDNA3-FP16-ACC"
"REQ-M2NA-AVAIL-0098","","","","","PPATH-M2NA-CDNA3-MFMA-INT8","","","FIELD-NUM-OPERAND-A","value_available","At least one staged atomic fact supplies this subject-field pair.","completed","2026-08-12","M2NA|precision_path|PPATH-M2NA-CDNA3-MFMA-INT8|FIELD-NUM-OPERAND-A","reviewed","Supporting staged fact_id: FACT-M2NA-CDNA3-INT8-A"
"REQ-M2NA-AVAIL-0099","","","","","PPATH-M2NA-CDNA3-MFMA-INT8","","","FIELD-NUM-ACCUMULATION","value_available","At least one staged atomic fact supplies this subject-field pair.","completed","2026-08-12","M2NA|precision_path|PPATH-M2NA-CDNA3-MFMA-INT8|FIELD-NUM-ACCUMULATION","reviewed","Supporting staged fact_id: FACT-M2NA-CDNA3-INT8-ACC"
"REQ-M2NA-AVAIL-0100","","","","","PPATH-M2NA-CDNA3-MFMA-HIGH","","","FIELD-NUM-OPERAND-A","value_available","At least one staged atomic fact supplies this subject-field pair.","completed","2026-08-12","M2NA|precision_path|PPATH-M2NA-CDNA3-MFMA-HIGH|FIELD-NUM-OPERAND-A","reviewed","Supporting staged fact_id: FACT-M2NA-CDNA3-HIGH-A"
"REQ-M2NA-AVAIL-0101","","","","","PPATH-M2NA-CDNA3-SMFMAC","","","FIELD-NUM-SPARSITY","value_available","At least one staged atomic fact supplies this subject-field pair.","completed","2026-08-12","M2NA|precision_path|PPATH-M2NA-CDNA3-SMFMAC|FIELD-NUM-SPARSITY","reviewed","Supporting staged fact_id: FACT-M2NA-CDNA3-SPARSE-MODE"
"REQ-M2NA-AVAIL-0102","","","","","","CAP-M2NA-CDNA3-SPARSE","","FIELD-CAP-IMPLEMENTATION-LEVEL","value_available","At least one staged atomic fact supplies this subject-field pair.","completed","2026-08-12","M2NA|capability|CAP-M2NA-CDNA3-SPARSE|FIELD-CAP-IMPLEMENTATION-LEVEL","reviewed","Supporting staged fact_id: FACT-M2NA-CDNA3-SPARSE-LEVEL"
"REQ-M2NA-AVAIL-0103","","","","","","CAP-M2NA-CDNA3-SPARSE","","FIELD-CAP-IMPLEMENTATION-DETAIL","value_available","At least one staged atomic fact supplies this subject-field pair.","completed","2026-08-12","M2NA|capability|CAP-M2NA-CDNA3-SPARSE|FIELD-CAP-IMPLEMENTATION-DETAIL","reviewed","Supporting staged fact_id: FACT-M2NA-CDNA3-SPARSE-DETAIL"
"REQ-M2NA-AVAIL-0104","","COMP-M2NA-CDNA3-LDS","","","","","","FIELD-MEM-CAPACITY","value_available","At least one staged atomic fact supplies this subject-field pair.","completed","2026-08-12","M2NA|component|COMP-M2NA-CDNA3-LDS|FIELD-MEM-CAPACITY","reviewed","Supporting staged fact_id: FACT-M2NA-CDNA3-LDS-CAP"
"REQ-M2NA-AVAIL-0105","","COMP-M2NA-CDNA3-LDS","","","","","","FIELD-MEM-MANAGEMENT","value_available","At least one staged atomic fact supplies this subject-field pair.","completed","2026-08-12","M2NA|component|COMP-M2NA-CDNA3-LDS|FIELD-MEM-MANAGEMENT","reviewed","Supporting staged fact_id: FACT-M2NA-CDNA3-LDS-MGMT"
"REQ-M2NA-AVAIL-0106","","COMP-M2NA-CDNA3-L1","","","","","","FIELD-MEM-CAPACITY","value_available","At least one staged atomic fact supplies this subject-field pair.","completed","2026-08-12","M2NA|component|COMP-M2NA-CDNA3-L1|FIELD-MEM-CAPACITY","reviewed","Supporting staged fact_id: FACT-M2NA-CDNA3-L1-CAP"
"REQ-M2NA-AVAIL-0107","","COMP-M2NA-CDNA3-L1","","","","","","FIELD-MEM-GRANULARITY","value_available","At least one staged atomic fact supplies this subject-field pair.","completed","2026-08-12","M2NA|component|COMP-M2NA-CDNA3-L1|FIELD-MEM-GRANULARITY","reviewed","Supporting staged fact_id: FACT-M2NA-CDNA3-L1-GRAN"
"REQ-M2NA-AVAIL-0108","","COMP-M2NA-CDNA3-L1","","","","","","FIELD-MEM-MANAGEMENT","value_available","At least one staged atomic fact supplies this subject-field pair.","completed","2026-08-12","M2NA|component|COMP-M2NA-CDNA3-L1|FIELD-MEM-MANAGEMENT","reviewed","Supporting staged fact_id: FACT-M2NA-CDNA3-L1-MGMT"
"REQ-M2NA-AVAIL-0109","","COMP-M2NA-CDNA3-L2","","","","","","FIELD-MEM-CAPACITY","value_available","At least one staged atomic fact supplies this subject-field pair.","completed","2026-08-12","M2NA|component|COMP-M2NA-CDNA3-L2|FIELD-MEM-CAPACITY","reviewed","Supporting staged fact_id: FACT-M2NA-CDNA3-L2-CAP"
"REQ-M2NA-AVAIL-0110","","COMP-M2NA-CDNA3-L2","","","","","","FIELD-MEM-READ-TRANSFER-PER-CYCLE","value_available","At least one staged atomic fact supplies this subject-field pair.","completed","2026-08-12","M2NA|component|COMP-M2NA-CDNA3-L2|FIELD-MEM-READ-TRANSFER-PER-CYCLE","reviewed","Supporting staged fact_id: FACT-M2NA-CDNA3-L2-READ. The fact uses canonical byte/cycle; COND-M2NA-CDNA3-L2-XCD retains the per-XCD scope."
"REQ-M2NA-AVAIL-0111","","COMP-M2NA-CDNA3-L2","","","","","","FIELD-MEM-MANAGEMENT","value_available","At least one staged atomic fact supplies this subject-field pair.","completed","2026-08-12","M2NA|component|COMP-M2NA-CDNA3-L2|FIELD-MEM-MANAGEMENT","reviewed","Supporting staged fact_id: FACT-M2NA-CDNA3-L2-MGMT"
"REQ-M2NA-AVAIL-0112","","COMP-M2NA-CDNA3-ICACHE","","","","","","FIELD-MEM-MANAGEMENT","value_available","At least one staged atomic fact supplies this subject-field pair.","completed","2026-08-12","M2NA|component|COMP-M2NA-CDNA3-ICACHE|FIELD-MEM-MANAGEMENT","reviewed","Supporting staged fact_id: FACT-M2NA-CDNA3-ICACHE-MGMT"
"REQ-M2NA-AVAIL-0113","","COMP-M2NA-CDNA3-ICACHE","","","","","","FIELD-MEM-CONSISTENCY","value_available","At least one staged atomic fact supplies this subject-field pair.","completed","2026-08-12","M2NA|component|COMP-M2NA-CDNA3-ICACHE|FIELD-MEM-CONSISTENCY","reviewed","Supporting staged fact_id: FACT-M2NA-CDNA3-ICACHE-CONSISTENCY"
"REQ-M2NA-AVAIL-0114","","","LINK-M2NA-CDNA3-IF-PKG","","","","","FIELD-INT-PROTOCOL","value_available","At least one staged atomic fact supplies this subject-field pair.","completed","2026-08-12","M2NA|link|LINK-M2NA-CDNA3-IF-PKG|FIELD-INT-PROTOCOL","reviewed","Supporting staged fact_id: FACT-M2NA-CDNA3-IF-PROTOCOL"
"REQ-M2NA-AVAIL-0115","OBJ-AMD-CDNA3-ARCH","","","","","","","FIELD-SW-PROGRAMMING-MODEL","value_available","At least one staged atomic fact supplies this subject-field pair.","completed","2026-08-12","M2NA|object|OBJ-AMD-CDNA3-ARCH|FIELD-SW-PROGRAMMING-MODEL","reviewed","Supporting staged fact_id: FACT-M2NA-CDNA3-SW"
"REQ-M2NA-AVAIL-0116","","COMP-M2NA-CDNA4-CU","","","","","","FIELD-COMP-EXECUTION","value_available","At least one staged atomic fact supplies this subject-field pair.","completed","2026-08-12","M2NA|component|COMP-M2NA-CDNA4-CU|FIELD-COMP-EXECUTION","reviewed","Supporting staged fact_id: FACT-M2NA-CDNA4-CU-EXEC"
"REQ-M2NA-AVAIL-0117","","COMP-M2NA-CDNA4-MATRIX","","","","","","FIELD-COMP-EXECUTION","value_available","At least one staged atomic fact supplies this subject-field pair.","completed","2026-08-12","M2NA|component|COMP-M2NA-CDNA4-MATRIX|FIELD-COMP-EXECUTION","reviewed","Supporting staged fact_id: FACT-M2NA-CDNA4-MATRIX-EXEC"
"REQ-M2NA-AVAIL-0118","","","","","PPATH-M2NA-CDNA4-MX","","","FIELD-NUM-OPERAND-A","value_available","At least one staged atomic fact supplies this subject-field pair.","completed","2026-08-12","M2NA|precision_path|PPATH-M2NA-CDNA4-MX|FIELD-NUM-OPERAND-A","reviewed","Supporting staged fact_id: FACT-M2NA-CDNA4-MX-A"
"REQ-M2NA-AVAIL-0119","","","","","PPATH-M2NA-CDNA4-MX","","","FIELD-NUM-SCALING-MODE","value_available","At least one staged atomic fact supplies this subject-field pair.","completed","2026-08-12","M2NA|precision_path|PPATH-M2NA-CDNA4-MX|FIELD-NUM-SCALING-MODE","reviewed","Supporting staged fact_id: FACT-M2NA-CDNA4-MX-SCALE"
"REQ-M2NA-AVAIL-0120","","","","","PPATH-M2NA-CDNA4-MX","","","FIELD-NUM-SCALING-GRANULARITY","value_available","At least one staged atomic fact supplies this subject-field pair.","completed","2026-08-12","M2NA|precision_path|PPATH-M2NA-CDNA4-MX|FIELD-NUM-SCALING-GRANULARITY","reviewed","Supporting staged fact_id: FACT-M2NA-CDNA4-MX-GRAN"
"REQ-M2NA-AVAIL-0121","","","","","PPATH-M2NA-CDNA4-MFMA-FP8","","","FIELD-NUM-OPERAND-A","value_available","At least one staged atomic fact supplies this subject-field pair.","completed","2026-08-12","M2NA|precision_path|PPATH-M2NA-CDNA4-MFMA-FP8|FIELD-NUM-OPERAND-A","reviewed","Supporting staged fact_id: FACT-M2NA-CDNA4-FP8-A"
"REQ-M2NA-AVAIL-0122","","","","","PPATH-M2NA-CDNA4-MFMA-FP8","","","FIELD-NUM-ACCUMULATION","value_available","At least one staged atomic fact supplies this subject-field pair.","completed","2026-08-12","M2NA|precision_path|PPATH-M2NA-CDNA4-MFMA-FP8|FIELD-NUM-ACCUMULATION","reviewed","Supporting staged fact_id: FACT-M2NA-CDNA4-FP8-ACC"
"REQ-M2NA-AVAIL-0123","","","","","PPATH-M2NA-CDNA4-MFMA-FP16BF16","","","FIELD-NUM-OPERAND-A","value_available","At least one staged atomic fact supplies this subject-field pair.","completed","2026-08-12","M2NA|precision_path|PPATH-M2NA-CDNA4-MFMA-FP16BF16|FIELD-NUM-OPERAND-A","reviewed","Supporting staged fact_id: FACT-M2NA-CDNA4-FP16-A"
"REQ-M2NA-AVAIL-0124","","","","","PPATH-M2NA-CDNA4-MFMA-FP16BF16","","","FIELD-NUM-ACCUMULATION","value_available","At least one staged atomic fact supplies this subject-field pair.","completed","2026-08-12","M2NA|precision_path|PPATH-M2NA-CDNA4-MFMA-FP16BF16|FIELD-NUM-ACCUMULATION","reviewed","Supporting staged fact_id: FACT-M2NA-CDNA4-FP16-ACC"
"REQ-M2NA-AVAIL-0125","","","","","PPATH-M2NA-CDNA4-MFMA-INT8","","","FIELD-NUM-OPERAND-A","value_available","At least one staged atomic fact supplies this subject-field pair.","completed","2026-08-12","M2NA|precision_path|PPATH-M2NA-CDNA4-MFMA-INT8|FIELD-NUM-OPERAND-A","reviewed","Supporting staged fact_id: FACT-M2NA-CDNA4-INT8-A"
"REQ-M2NA-AVAIL-0126","","","","","PPATH-M2NA-CDNA4-MFMA-INT8","","","FIELD-NUM-ACCUMULATION","value_available","At least one staged atomic fact supplies this subject-field pair.","completed","2026-08-12","M2NA|precision_path|PPATH-M2NA-CDNA4-MFMA-INT8|FIELD-NUM-ACCUMULATION","reviewed","Supporting staged fact_id: FACT-M2NA-CDNA4-INT8-ACC"
"REQ-M2NA-AVAIL-0127","","","","","PPATH-M2NA-CDNA4-TF32-EMU","","","FIELD-NUM-CONVERSION","value_available","At least one staged atomic fact supplies this subject-field pair.","completed","2026-08-12","M2NA|precision_path|PPATH-M2NA-CDNA4-TF32-EMU|FIELD-NUM-CONVERSION","reviewed","Supporting staged fact_id: FACT-M2NA-CDNA4-TF32-CONV"
"REQ-M2NA-AVAIL-0128","","","","","PPATH-M2NA-CDNA4-MFMA-FP16BF16","","","FIELD-COMP-THROUGHPUT","value_available","At least one staged atomic fact supplies this subject-field pair.","completed","2026-08-12","M2NA|precision_path|PPATH-M2NA-CDNA4-MFMA-FP16BF16|FIELD-COMP-THROUGHPUT","reviewed","Supporting staged fact_id: FACT-M2NA-CDNA4-MFP16-THR"
"REQ-M2NA-AVAIL-0129","","","","","PPATH-M2NA-CDNA4-MFMA-FP32","","","FIELD-COMP-THROUGHPUT","value_available","At least one staged atomic fact supplies this subject-field pair.","completed","2026-08-12","M2NA|precision_path|PPATH-M2NA-CDNA4-MFMA-FP32|FIELD-COMP-THROUGHPUT","reviewed","Supporting staged fact_id: FACT-M2NA-CDNA4-MFP32-THR"
"REQ-M2NA-AVAIL-0130","","","","","PPATH-M2NA-CDNA4-MFMA-FP64","","","FIELD-COMP-THROUGHPUT","value_available","At least one staged atomic fact supplies this subject-field pair.","completed","2026-08-12","M2NA|precision_path|PPATH-M2NA-CDNA4-MFMA-FP64|FIELD-COMP-THROUGHPUT","reviewed","Supporting staged fact_id: FACT-M2NA-CDNA4-MFP64-THR"
"REQ-M2NA-AVAIL-0131","","","","","PPATH-M2NA-CDNA4-VECTOR-FP16","","","FIELD-COMP-THROUGHPUT","value_available","At least one staged atomic fact supplies this subject-field pair.","completed","2026-08-12","M2NA|precision_path|PPATH-M2NA-CDNA4-VECTOR-FP16|FIELD-COMP-THROUGHPUT","reviewed","Supporting staged fact_id: FACT-M2NA-CDNA4-VFP16-THR"
"REQ-M2NA-AVAIL-0132","","","","","PPATH-M2NA-CDNA4-VECTOR-FP32","","","FIELD-COMP-THROUGHPUT","value_available","At least one staged atomic fact supplies this subject-field pair.","completed","2026-08-12","M2NA|precision_path|PPATH-M2NA-CDNA4-VECTOR-FP32|FIELD-COMP-THROUGHPUT","reviewed","Supporting staged fact_id: FACT-M2NA-CDNA4-VFP32-THR"
"REQ-M2NA-AVAIL-0133","","","","","PPATH-M2NA-CDNA4-VECTOR-FP64","","","FIELD-COMP-THROUGHPUT","value_available","At least one staged atomic fact supplies this subject-field pair.","completed","2026-08-12","M2NA|precision_path|PPATH-M2NA-CDNA4-VECTOR-FP64|FIELD-COMP-THROUGHPUT","reviewed","Supporting staged fact_id: FACT-M2NA-CDNA4-VFP64-THR"
"REQ-M2NA-AVAIL-0134","","COMP-M2NA-CDNA4-TRANS","","","","","","FIELD-COMP-EXECUTION","value_available","At least one staged atomic fact supplies this subject-field pair.","completed","2026-08-12","M2NA|component|COMP-M2NA-CDNA4-TRANS|FIELD-COMP-EXECUTION","reviewed","Supporting staged fact_id: FACT-M2NA-CDNA4-TRANS-EXEC"
"REQ-M2NA-AVAIL-0135","","COMP-M2NA-CDNA4-CONVERT","","","","","","FIELD-COMP-EXECUTION","value_available","At least one staged atomic fact supplies this subject-field pair.","completed","2026-08-12","M2NA|component|COMP-M2NA-CDNA4-CONVERT|FIELD-COMP-EXECUTION","reviewed","Supporting staged fact_id: FACT-M2NA-CDNA4-CONVERT-EXEC"
"REQ-M2NA-AVAIL-0136","","COMP-M2NA-CDNA4-LDS","","","","","","FIELD-MEM-CAPACITY","value_available","At least one staged atomic fact supplies this subject-field pair.","completed","2026-08-12","M2NA|component|COMP-M2NA-CDNA4-LDS|FIELD-MEM-CAPACITY","reviewed","Supporting staged fact_id: FACT-M2NA-CDNA4-LDS-CAP"
"REQ-M2NA-AVAIL-0137","","COMP-M2NA-CDNA4-LDS","","","","","","FIELD-MEM-READ-TRANSFER-PER-CYCLE","value_available","At least one staged atomic fact supplies this subject-field pair.","completed","2026-08-12","M2NA|component|COMP-M2NA-CDNA4-LDS|FIELD-MEM-READ-TRANSFER-PER-CYCLE","reviewed","Supporting staged fact_id: FACT-M2NA-CDNA4-LDS-READ. The fact uses canonical byte/cycle; COND-M2NA-CDNA4-LDS-READ retains the per-CU scope."
"REQ-M2NA-AVAIL-0138","","COMP-M2NA-CDNA4-LDS","","","","","","FIELD-MEM-MANAGEMENT","value_available","At least one staged atomic fact supplies this subject-field pair.","completed","2026-08-12","M2NA|component|COMP-M2NA-CDNA4-LDS|FIELD-MEM-MANAGEMENT","reviewed","Supporting staged fact_id: FACT-M2NA-CDNA4-LDS-MGMT"
"REQ-M2NA-AVAIL-0139","","COMP-M2NA-CDNA4-LDS","","","","","","FIELD-MEM-DMA","value_available","At least one staged atomic fact supplies this subject-field pair.","completed","2026-08-12","M2NA|component|COMP-M2NA-CDNA4-LDS|FIELD-MEM-DMA","reviewed","Supporting staged fact_id: FACT-M2NA-CDNA4-LDS-DMA"
"REQ-M2NA-AVAIL-0140","","COMP-M2NA-CDNA4-L1","","","","","","FIELD-MEM-CAPACITY","value_available","At least one staged atomic fact supplies this subject-field pair.","completed","2026-08-12","M2NA|component|COMP-M2NA-CDNA4-L1|FIELD-MEM-CAPACITY","reviewed","Supporting staged fact_id: FACT-M2NA-CDNA4-L1-CAP"
"REQ-M2NA-AVAIL-0141","","COMP-M2NA-CDNA4-L1","","","","","","FIELD-MEM-GRANULARITY","value_available","At least one staged atomic fact supplies this subject-field pair.","completed","2026-08-12","M2NA|component|COMP-M2NA-CDNA4-L1|FIELD-MEM-GRANULARITY","reviewed","Supporting staged fact_id: FACT-M2NA-CDNA4-L1-GRAN"
"REQ-M2NA-AVAIL-0142","","COMP-M2NA-CDNA4-L1","","","","","","FIELD-MEM-MANAGEMENT","value_available","At least one staged atomic fact supplies this subject-field pair.","completed","2026-08-12","M2NA|component|COMP-M2NA-CDNA4-L1|FIELD-MEM-MANAGEMENT","reviewed","Supporting staged fact_id: FACT-M2NA-CDNA4-L1-MGMT"
"REQ-M2NA-AVAIL-0143","","COMP-M2NA-CDNA4-L2","","","","","","FIELD-MEM-CAPACITY","value_available","At least one staged atomic fact supplies this subject-field pair.","completed","2026-08-12","M2NA|component|COMP-M2NA-CDNA4-L2|FIELD-MEM-CAPACITY","reviewed","Supporting staged fact_id: FACT-M2NA-CDNA4-L2-CAP"
"REQ-M2NA-AVAIL-0144","","COMP-M2NA-CDNA4-L2","","","","","","FIELD-MEM-BANKS","not_found","The whitepaper states 16 parallel L2 channels and 16-way associativity; neither term is an L2 bank count.","completed","2026-08-12","M2NA|component|COMP-M2NA-CDNA4-L2|FIELD-MEM-BANKS","needs_resolution","Removed FACT-M2NA-CDNA4-L2-BANKS because it misclassified channel count as bank count; see SEARCH-M2NA-0128."
"REQ-M2NA-AVAIL-0145","","COMP-M2NA-CDNA4-L2","","","","","","FIELD-MEM-READ-TRANSFER-PER-CYCLE","value_available","At least one staged atomic fact supplies this subject-field pair.","completed","2026-08-12","M2NA|component|COMP-M2NA-CDNA4-L2|FIELD-MEM-READ-TRANSFER-PER-CYCLE","reviewed","Supporting staged fact_id: FACT-M2NA-CDNA4-L2-READ. The fact uses canonical byte/cycle; COND-M2NA-CDNA4-L2-READ retains the per-channel scope."
"REQ-M2NA-AVAIL-0146","","COMP-M2NA-CDNA4-L2","","","","","","FIELD-MEM-WRITE-TRANSFER-PER-CYCLE","value_available","At least one staged atomic fact supplies this subject-field pair.","completed","2026-08-12","M2NA|component|COMP-M2NA-CDNA4-L2|FIELD-MEM-WRITE-TRANSFER-PER-CYCLE","reviewed","Supporting staged fact_id: FACT-M2NA-CDNA4-L2-WRITE. The fact uses canonical byte/cycle; COND-M2NA-CDNA4-L2-WRITE retains the per-channel scope."
"REQ-M2NA-AVAIL-0147","","COMP-M2NA-CDNA4-L2","","","","","","FIELD-MEM-CONSISTENCY","value_available","At least one staged atomic fact supplies this subject-field pair.","completed","2026-08-12","M2NA|component|COMP-M2NA-CDNA4-L2|FIELD-MEM-CONSISTENCY","reviewed","Supporting staged fact_id: FACT-M2NA-CDNA4-L2-CONSISTENCY"
"REQ-M2NA-AVAIL-0148","","","","","","CAP-M2NA-CDNA4-SPARSE","","FIELD-CAP-IMPLEMENTATION-LEVEL","value_available","At least one staged atomic fact supplies this subject-field pair.","completed","2026-08-12","M2NA|capability|CAP-M2NA-CDNA4-SPARSE|FIELD-CAP-IMPLEMENTATION-LEVEL","reviewed","Supporting staged fact_id: FACT-M2NA-CDNA4-SPARSE-LEVEL"
"REQ-M2NA-AVAIL-0149","","","","","","CAP-M2NA-CDNA4-SOFTMAX","","FIELD-CAP-IMPLEMENTATION-LEVEL","value_available","At least one staged atomic fact supplies this subject-field pair.","completed","2026-08-12","M2NA|capability|CAP-M2NA-CDNA4-SOFTMAX|FIELD-CAP-IMPLEMENTATION-LEVEL","reviewed","Supporting staged fact_id: FACT-M2NA-CDNA4-SOFTMAX-LEVEL"
"REQ-M2NA-AVAIL-0150","","","","","","CAP-M2NA-CDNA4-SOFTMAX","","FIELD-CAP-IMPLEMENTATION-DETAIL","value_available","At least one staged atomic fact supplies this subject-field pair.","completed","2026-08-12","M2NA|capability|CAP-M2NA-CDNA4-SOFTMAX|FIELD-CAP-IMPLEMENTATION-DETAIL","reviewed","Supporting staged fact_id: FACT-M2NA-CDNA4-SOFTMAX-DETAIL"
"REQ-M2NA-AVAIL-0151","","","","","","CAP-M2NA-CDNA4-CONVERT","","FIELD-CAP-IMPLEMENTATION-LEVEL","value_available","At least one staged atomic fact supplies this subject-field pair.","completed","2026-08-12","M2NA|capability|CAP-M2NA-CDNA4-CONVERT|FIELD-CAP-IMPLEMENTATION-LEVEL","reviewed","Supporting staged fact_id: FACT-M2NA-CDNA4-CONVERT-LEVEL"
"REQ-M2NA-AVAIL-0152","","","LINK-M2NA-CDNA4-IF-PKG","","","","","FIELD-INT-PROTOCOL","value_available","At least one staged atomic fact supplies this subject-field pair.","completed","2026-08-12","M2NA|link|LINK-M2NA-CDNA4-IF-PKG|FIELD-INT-PROTOCOL","reviewed","Supporting staged fact_id: FACT-M2NA-CDNA4-IF-PROTOCOL"
"REQ-M2NA-AVAIL-0153","OBJ-AMD-CDNA4-ARCH","","","","","","","FIELD-SW-PROGRAMMING-MODEL","value_available","At least one staged atomic fact supplies this subject-field pair.","completed","2026-08-12","M2NA|object|OBJ-AMD-CDNA4-ARCH|FIELD-SW-PROGRAMMING-MODEL","reviewed","Supporting staged fact_id: FACT-M2NA-CDNA4-SW"
"REQ-M2NA-AVAIL-0154","","COMP-M2NA-CDNA5-WGP","","","","","","FIELD-COMP-EXECUTION","value_available","At least one staged atomic fact supplies this subject-field pair.","completed","2026-08-12","M2NA|component|COMP-M2NA-CDNA5-WGP|FIELD-COMP-EXECUTION","reviewed","Supporting staged fact_id: FACT-M2NA-CDNA5-WGP-EXEC"
"REQ-M2NA-AVAIL-0155","","COMP-M2NA-CDNA5-VECTOR","","","","","","FIELD-COMP-UNIT-COUNT","value_available","At least one staged atomic fact supplies this subject-field pair.","completed","2026-08-12","M2NA|component|COMP-M2NA-CDNA5-VECTOR|FIELD-COMP-UNIT-COUNT","reviewed","Supporting staged fact_id: FACT-M2NA-CDNA5-VECTOR-COUNT"
"REQ-M2NA-AVAIL-0156","","COMP-M2NA-CDNA5-VECTOR","","","","","","FIELD-COMP-ISSUE-WIDTH","value_available","At least one staged atomic fact supplies this subject-field pair.","completed","2026-08-12","M2NA|component|COMP-M2NA-CDNA5-VECTOR|FIELD-COMP-ISSUE-WIDTH","reviewed","Supporting staged fact_id: FACT-M2NA-CDNA5-VECTOR-WIDTH"
"REQ-M2NA-AVAIL-0157","","COMP-M2NA-CDNA5-SCALAR","","","","","","FIELD-COMP-UNIT-COUNT","value_available","At least one staged atomic fact supplies this subject-field pair.","completed","2026-08-12","M2NA|component|COMP-M2NA-CDNA5-SCALAR|FIELD-COMP-UNIT-COUNT","reviewed","Supporting staged fact_id: FACT-M2NA-CDNA5-SCALAR-COUNT"
"REQ-M2NA-AVAIL-0158","","COMP-M2NA-CDNA5-MATRIX","","","","","","FIELD-COMP-EXECUTION","value_available","At least one staged atomic fact supplies this subject-field pair.","completed","2026-08-12","M2NA|component|COMP-M2NA-CDNA5-MATRIX|FIELD-COMP-EXECUTION","reviewed","Supporting staged fact_id: FACT-M2NA-CDNA5-MATRIX-EXEC"
"REQ-M2NA-AVAIL-0159","","","","","PPATH-M2NA-CDNA5-WMMA-FP4","","","FIELD-NUM-OPERAND-A","value_available","At least one staged atomic fact supplies this subject-field pair.","completed","2026-08-12","M2NA|precision_path|PPATH-M2NA-CDNA5-WMMA-FP4|FIELD-NUM-OPERAND-A","reviewed","Supporting staged fact_id: FACT-M2NA-CDNA5-FP4-A"
"REQ-M2NA-AVAIL-0160","","","","","PPATH-M2NA-CDNA5-WMMA-FP4","","","FIELD-NUM-ACCUMULATION","value_available","At least one staged atomic fact supplies this subject-field pair.","completed","2026-08-12","M2NA|precision_path|PPATH-M2NA-CDNA5-WMMA-FP4|FIELD-NUM-ACCUMULATION","reviewed","Supporting staged fact_id: FACT-M2NA-CDNA5-FP4-ACC"
"REQ-M2NA-AVAIL-0161","","","","","PPATH-M2NA-CDNA5-WMMA-FP4","","","FIELD-NUM-SCALING-MODE","value_available","At least one staged atomic fact supplies this subject-field pair.","completed","2026-08-12","M2NA|precision_path|PPATH-M2NA-CDNA5-WMMA-FP4|FIELD-NUM-SCALING-MODE","reviewed","Supporting staged fact_id: FACT-M2NA-CDNA5-FP4-SCALE"
"REQ-M2NA-AVAIL-0162","","","","","PPATH-M2NA-CDNA5-WMMA-FP4","","","FIELD-NUM-SCALING-GRANULARITY","value_available","At least one staged atomic fact supplies this subject-field pair.","completed","2026-08-12","M2NA|precision_path|PPATH-M2NA-CDNA5-WMMA-FP4|FIELD-NUM-SCALING-GRANULARITY","reviewed","Supporting staged fact_id: FACT-M2NA-CDNA5-FP4-GRAN"
"REQ-M2NA-AVAIL-0163","","","","","PPATH-M2NA-CDNA5-WMMA-FP4","","","FIELD-NUM-ROUNDING","value_available","At least one staged atomic fact supplies this subject-field pair.","completed","2026-08-12","M2NA|precision_path|PPATH-M2NA-CDNA5-WMMA-FP4|FIELD-NUM-ROUNDING","reviewed","Supporting staged fact_id: FACT-M2NA-CDNA5-FP4-ROUND"
"REQ-M2NA-AVAIL-0164","","","","","PPATH-M2NA-CDNA5-WMMA-FP8-F32","","","FIELD-NUM-OPERAND-A","value_available","At least one staged atomic fact supplies this subject-field pair.","completed","2026-08-12","M2NA|precision_path|PPATH-M2NA-CDNA5-WMMA-FP8-F32|FIELD-NUM-OPERAND-A","reviewed","Supporting staged fact_id: FACT-M2NA-CDNA5-FP8-A"
"REQ-M2NA-AVAIL-0165","","","","","PPATH-M2NA-CDNA5-WMMA-FP8-F32","","","FIELD-NUM-ACCUMULATION","value_available","At least one staged atomic fact supplies this subject-field pair.","completed","2026-08-12","M2NA|precision_path|PPATH-M2NA-CDNA5-WMMA-FP8-F32|FIELD-NUM-ACCUMULATION","reviewed","Supporting staged fact_id: FACT-M2NA-CDNA5-FP8-ACC32"
"REQ-M2NA-AVAIL-0166","","","","","PPATH-M2NA-CDNA5-WMMA-FP8-F16","","","FIELD-NUM-ACCUMULATION","value_available","At least one staged atomic fact supplies this subject-field pair.","completed","2026-08-12","M2NA|precision_path|PPATH-M2NA-CDNA5-WMMA-FP8-F16|FIELD-NUM-ACCUMULATION","reviewed","Supporting staged fact_id: FACT-M2NA-CDNA5-FP8-ACC16"
"REQ-M2NA-AVAIL-0167","","","","","PPATH-M2NA-CDNA5-WMMA-INT8","","","FIELD-NUM-OPERAND-A","value_available","At least one staged atomic fact supplies this subject-field pair.","completed","2026-08-12","M2NA|precision_path|PPATH-M2NA-CDNA5-WMMA-INT8|FIELD-NUM-OPERAND-A","reviewed","Supporting staged fact_id: FACT-M2NA-CDNA5-INT8-A"
"REQ-M2NA-AVAIL-0168","","","","","PPATH-M2NA-CDNA5-WMMA-INT8","","","FIELD-NUM-ACCUMULATION","value_available","At least one staged atomic fact supplies this subject-field pair.","completed","2026-08-12","M2NA|precision_path|PPATH-M2NA-CDNA5-WMMA-INT8|FIELD-NUM-ACCUMULATION","reviewed","Supporting staged fact_id: FACT-M2NA-CDNA5-INT8-ACC"
"REQ-M2NA-AVAIL-0169","","","","","PPATH-M2NA-CDNA5-SWMMAC","","","FIELD-NUM-SPARSITY","value_available","At least one staged atomic fact supplies this subject-field pair.","completed","2026-08-12","M2NA|precision_path|PPATH-M2NA-CDNA5-SWMMAC|FIELD-NUM-SPARSITY","reviewed","Supporting staged fact_id: FACT-M2NA-CDNA5-SPARSE-MODE"
"REQ-M2NA-AVAIL-0170","","","","","","CAP-M2NA-CDNA5-SPARSE","","FIELD-CAP-IMPLEMENTATION-LEVEL","value_available","At least one staged atomic fact supplies this subject-field pair.","completed","2026-08-12","M2NA|capability|CAP-M2NA-CDNA5-SPARSE|FIELD-CAP-IMPLEMENTATION-LEVEL","reviewed","Supporting staged fact_id: FACT-M2NA-CDNA5-SPARSE-LEVEL"
"REQ-M2NA-AVAIL-0171","","","","","","CAP-M2NA-CDNA5-SPARSE","","FIELD-CAP-IMPLEMENTATION-DETAIL","value_available","At least one staged atomic fact supplies this subject-field pair.","completed","2026-08-12","M2NA|capability|CAP-M2NA-CDNA5-SPARSE|FIELD-CAP-IMPLEMENTATION-DETAIL","reviewed","Supporting staged fact_id: FACT-M2NA-CDNA5-SPARSE-DETAIL"
"REQ-M2NA-AVAIL-0172","","","","","PPATH-M2NA-CDNA5-VECTOR-BF16","","","FIELD-NUM-OPERAND-A","value_available","At least one staged atomic fact supplies this subject-field pair.","completed","2026-08-12","M2NA|precision_path|PPATH-M2NA-CDNA5-VECTOR-BF16|FIELD-NUM-OPERAND-A","reviewed","Supporting staged fact_id: FACT-M2NA-CDNA5-VBF16-A"
"REQ-M2NA-AVAIL-0173","","COMP-M2NA-CDNA5-TRANS","","","","","","FIELD-COMP-EXECUTION","value_available","At least one staged atomic fact supplies this subject-field pair.","completed","2026-08-12","M2NA|component|COMP-M2NA-CDNA5-TRANS|FIELD-COMP-EXECUTION","reviewed","Supporting staged fact_id: FACT-M2NA-CDNA5-TRANS-EXEC"
"REQ-M2NA-AVAIL-0174","","COMP-M2NA-CDNA5-TDM","","","","","","FIELD-COMP-EXECUTION","value_available","At least one staged atomic fact supplies this subject-field pair.","completed","2026-08-12","M2NA|component|COMP-M2NA-CDNA5-TDM|FIELD-COMP-EXECUTION","reviewed","Supporting staged fact_id: FACT-M2NA-CDNA5-TDM-EXEC"
"REQ-M2NA-AVAIL-0175","","COMP-M2NA-CDNA5-TDM","","","","","","FIELD-MEM-DMA","value_available","At least one staged atomic fact supplies this subject-field pair.","completed","2026-08-12","M2NA|component|COMP-M2NA-CDNA5-TDM|FIELD-MEM-DMA","reviewed","Supporting staged fact_id: FACT-M2NA-CDNA5-TDM-DMA"
"REQ-M2NA-AVAIL-0176","","COMP-M2NA-CDNA5-LDS","","","","","","FIELD-MEM-CAPACITY","value_available","At least one staged atomic fact supplies this subject-field pair.","completed","2026-08-12","M2NA|component|COMP-M2NA-CDNA5-LDS|FIELD-MEM-CAPACITY","reviewed","Supporting staged fact_id: FACT-M2NA-CDNA5-LDS-CAP"
"REQ-M2NA-AVAIL-0177","","COMP-M2NA-CDNA5-LDS","","","","","","FIELD-MEM-MANAGEMENT","value_available","At least one staged atomic fact supplies this subject-field pair.","completed","2026-08-12","M2NA|component|COMP-M2NA-CDNA5-LDS|FIELD-MEM-MANAGEMENT","reviewed","Supporting staged fact_id: FACT-M2NA-CDNA5-LDS-MGMT"
"REQ-M2NA-AVAIL-0178","","COMP-M2NA-CDNA5-VCACHE","","","","","","FIELD-MEM-CAPACITY","value_available","At least one staged atomic fact supplies this subject-field pair.","completed","2026-08-12","M2NA|component|COMP-M2NA-CDNA5-VCACHE|FIELD-MEM-CAPACITY","reviewed","Supporting staged fact_id: FACT-M2NA-CDNA5-VCACHE-CAP"
"REQ-M2NA-AVAIL-0179","","COMP-M2NA-CDNA5-VCACHE","","","","","","FIELD-MEM-MANAGEMENT","value_available","At least one staged atomic fact supplies this subject-field pair.","completed","2026-08-12","M2NA|component|COMP-M2NA-CDNA5-VCACHE|FIELD-MEM-MANAGEMENT","reviewed","Supporting staged fact_id: FACT-M2NA-CDNA5-VCACHE-MGMT"
"REQ-M2NA-AVAIL-0180","","COMP-M2NA-CDNA5-CCACHE","","","","","","FIELD-MEM-CAPACITY","value_available","At least one staged atomic fact supplies this subject-field pair.","completed","2026-08-12","M2NA|component|COMP-M2NA-CDNA5-CCACHE|FIELD-MEM-CAPACITY","reviewed","Supporting staged fact_id: FACT-M2NA-CDNA5-CCACHE-CAP"
"REQ-M2NA-AVAIL-0181","","COMP-M2NA-CDNA5-ICACHE","","","","","","FIELD-MEM-CAPACITY","value_available","At least one staged atomic fact supplies this subject-field pair.","completed","2026-08-12","M2NA|component|COMP-M2NA-CDNA5-ICACHE|FIELD-MEM-CAPACITY","reviewed","Supporting staged fact_id: FACT-M2NA-CDNA5-ICACHE-CAP"
"REQ-M2NA-AVAIL-0182","","","","","","CAP-M2NA-CDNA5-SOFTMAX","","FIELD-CAP-IMPLEMENTATION-LEVEL","value_available","At least one staged atomic fact supplies this subject-field pair.","completed","2026-08-12","M2NA|capability|CAP-M2NA-CDNA5-SOFTMAX|FIELD-CAP-IMPLEMENTATION-LEVEL","reviewed","Supporting staged fact_id: FACT-M2NA-CDNA5-SOFTMAX-LEVEL"
"REQ-M2NA-AVAIL-0183","","","","","","CAP-M2NA-CDNA5-TDM","","FIELD-CAP-IMPLEMENTATION-LEVEL","value_available","At least one staged atomic fact supplies this subject-field pair.","completed","2026-08-12","M2NA|capability|CAP-M2NA-CDNA5-TDM|FIELD-CAP-IMPLEMENTATION-LEVEL","reviewed","Supporting staged fact_id: FACT-M2NA-CDNA5-TDM-LEVEL"
"REQ-M2NA-AVAIL-0184","","","","","","CAP-M2NA-CDNA5-TDM","","FIELD-CAP-IMPLEMENTATION-DETAIL","value_available","At least one staged atomic fact supplies this subject-field pair.","completed","2026-08-12","M2NA|capability|CAP-M2NA-CDNA5-TDM|FIELD-CAP-IMPLEMENTATION-DETAIL","reviewed","Supporting staged fact_id: FACT-M2NA-CDNA5-TDM-DETAIL"
"REQ-M2NA-AVAIL-0185","","","LINK-M2NA-CDNA5-IF-PKG","","","","","FIELD-INT-PROTOCOL","value_available","At least one staged atomic fact supplies this subject-field pair.","completed","2026-08-12","M2NA|link|LINK-M2NA-CDNA5-IF-PKG|FIELD-INT-PROTOCOL","reviewed","Supporting staged fact_id: FACT-M2NA-CDNA5-IF-PROTOCOL"
"REQ-M2NA-AVAIL-0186","OBJ-AMD-CDNA5-ARCH","","","","","","","FIELD-SW-PROGRAMMING-MODEL","value_available","At least one staged atomic fact supplies this subject-field pair.","completed","2026-08-12","M2NA|object|OBJ-AMD-CDNA5-ARCH|FIELD-SW-PROGRAMMING-MODEL","reviewed","Supporting staged fact_id: FACT-M2NA-CDNA5-SW"
"REQ-M2NA-AVAIL-0187","OBJ-AMD-CDNA6-ARCH","","","","","","","FIELD-ID-NAME","value_available","At least one staged atomic fact supplies this subject-field pair.","completed","2026-08-12","M2NA|object|OBJ-AMD-CDNA6-ARCH|FIELD-ID-NAME","reviewed","Supporting staged fact_id: FACT-M2NA-CDNA6-NAME"
"REQ-M2NA-AVAIL-0188","OBJ-AMD-CDNA6-ARCH","","","","","","","FIELD-ID-STATUS","value_available","At least one staged atomic fact supplies this subject-field pair.","completed","2026-08-12","M2NA|object|OBJ-AMD-CDNA6-ARCH|FIELD-ID-STATUS","reviewed","Supporting staged fact_id: FACT-M2NA-CDNA6-STATUS"
"REQ-M2NA-AVAIL-0190","OBJ-AMD-CDNA4-ARCH","","","","","","","FIELD-DER-MATRIX-VECTOR","value_available","At least one staged atomic fact supplies this subject-field pair.","completed","2026-08-12","M2NA|object|OBJ-AMD-CDNA4-ARCH|FIELD-DER-MATRIX-VECTOR","reviewed","Supporting staged fact_id: FACT-M2NA-CDNA4-DER-FP16-MATRIX-VECTOR"
"REQ-M2NA-GAP-0001","OBJ-NVIDIA-AMPERE-ARCH","","","","","","","FIELD-COMP-VENDOR-AI-TOPS","not_applicable","A generation-level architecture does not have one implementation-independent total accelerator peak; totals belong to a die, package, module, card or system object.","completed","2026-08-12","M2NA|object|OBJ-NVIDIA-AMPERE-ARCH|FIELD-COMP-VENDOR-AI-TOPS","reviewed","Do not promote product aggregate TOPS/TFLOPS into the architecture object."
"REQ-M2NA-GAP-0002","OBJ-NVIDIA-AMPERE-ARCH","","","","","","","FIELD-PHY-PROCESS","not_applicable","Process, die count and package composition describe a physical implementation rather than the architecture-generation object.","completed","2026-08-12","M2NA|object|OBJ-NVIDIA-AMPERE-ARCH|FIELD-PHY-PROCESS","reviewed","Physical implementation values remain in later object packages or the implementation backlog."
"REQ-M2NA-GAP-0003","OBJ-NVIDIA-AMPERE-ARCH","","","","","","","FIELD-PHY-DIE-COUNT","not_applicable","Process, die count and package composition describe a physical implementation rather than the architecture-generation object.","completed","2026-08-12","M2NA|object|OBJ-NVIDIA-AMPERE-ARCH|FIELD-PHY-DIE-COUNT","reviewed","Physical implementation values remain in later object packages or the implementation backlog."
"REQ-M2NA-GAP-0004","OBJ-NVIDIA-AMPERE-ARCH","","","","","","","FIELD-PHY-PACKAGE","not_applicable","Process, die count and package composition describe a physical implementation rather than the architecture-generation object.","completed","2026-08-12","M2NA|object|OBJ-NVIDIA-AMPERE-ARCH|FIELD-PHY-PACKAGE","reviewed","Physical implementation values remain in later object packages or the implementation backlog."
"REQ-M2NA-GAP-0005","OBJ-NVIDIA-AMPERE-ARCH","","","","","","","FIELD-DER-COMPUTE-BW-SPEC","not_found","No same-precision, same-scope architecture compute and memory-bandwidth pair survived the object-boundary and condition checks.","completed","2026-08-12","M2NA|object|OBJ-NVIDIA-AMPERE-ARCH|FIELD-DER-COMPUTE-BW-SPEC","reviewed","Unknown is not zero; product totals and mismatched scopes were excluded."
"REQ-M2NA-GAP-0006","OBJ-NVIDIA-AMPERE-ARCH","","","","","","","FIELD-DER-MATRIX-VECTOR","not_found","No aligned matrix/vector throughput pair with compatible precision, scope and operation-count convention was found.","completed","2026-08-12","M2NA|object|OBJ-NVIDIA-AMPERE-ARCH|FIELD-DER-MATRIX-VECTOR","reviewed","CDNA 4 is populated by a separate derived fact and therefore is skipped by key de-duplication."
"REQ-M2NA-GAP-0007","OBJ-NVIDIA-ADA-LOVELACE-ARCH","","","","","","","FIELD-COMP-VENDOR-AI-TOPS","not_applicable","A generation-level architecture does not have one implementation-independent total accelerator peak; totals belong to a die, package, module, card or system object.","completed","2026-08-12","M2NA|object|OBJ-NVIDIA-ADA-LOVELACE-ARCH|FIELD-COMP-VENDOR-AI-TOPS","reviewed","Do not promote product aggregate TOPS/TFLOPS into the architecture object."
"REQ-M2NA-GAP-0008","OBJ-NVIDIA-ADA-LOVELACE-ARCH","","","","","","","FIELD-PHY-PROCESS","not_applicable","Process, die count and package composition describe a physical implementation rather than the architecture-generation object.","completed","2026-08-12","M2NA|object|OBJ-NVIDIA-ADA-LOVELACE-ARCH|FIELD-PHY-PROCESS","reviewed","Physical implementation values remain in later object packages or the implementation backlog."
"REQ-M2NA-GAP-0009","OBJ-NVIDIA-ADA-LOVELACE-ARCH","","","","","","","FIELD-PHY-DIE-COUNT","not_applicable","Process, die count and package composition describe a physical implementation rather than the architecture-generation object.","completed","2026-08-12","M2NA|object|OBJ-NVIDIA-ADA-LOVELACE-ARCH|FIELD-PHY-DIE-COUNT","reviewed","Physical implementation values remain in later object packages or the implementation backlog."
"REQ-M2NA-GAP-0010","OBJ-NVIDIA-ADA-LOVELACE-ARCH","","","","","","","FIELD-PHY-PACKAGE","not_applicable","Process, die count and package composition describe a physical implementation rather than the architecture-generation object.","completed","2026-08-12","M2NA|object|OBJ-NVIDIA-ADA-LOVELACE-ARCH|FIELD-PHY-PACKAGE","reviewed","Physical implementation values remain in later object packages or the implementation backlog."
"REQ-M2NA-GAP-0011","OBJ-NVIDIA-ADA-LOVELACE-ARCH","","","","","","","FIELD-DER-COMPUTE-BW-SPEC","not_found","No same-precision, same-scope architecture compute and memory-bandwidth pair survived the object-boundary and condition checks.","completed","2026-08-12","M2NA|object|OBJ-NVIDIA-ADA-LOVELACE-ARCH|FIELD-DER-COMPUTE-BW-SPEC","reviewed","Unknown is not zero; product totals and mismatched scopes were excluded."
"REQ-M2NA-GAP-0012","OBJ-NVIDIA-ADA-LOVELACE-ARCH","","","","","","","FIELD-DER-MATRIX-VECTOR","not_found","No aligned matrix/vector throughput pair with compatible precision, scope and operation-count convention was found.","completed","2026-08-12","M2NA|object|OBJ-NVIDIA-ADA-LOVELACE-ARCH|FIELD-DER-MATRIX-VECTOR","reviewed","CDNA 4 is populated by a separate derived fact and therefore is skipped by key de-duplication."
"REQ-M2NA-GAP-0013","OBJ-NVIDIA-BLACKWELL-ARCH","","","","","","","FIELD-COMP-VENDOR-AI-TOPS","not_applicable","A generation-level architecture does not have one implementation-independent total accelerator peak; totals belong to a die, package, module, card or system object.","completed","2026-08-12","M2NA|object|OBJ-NVIDIA-BLACKWELL-ARCH|FIELD-COMP-VENDOR-AI-TOPS","reviewed","Do not promote product aggregate TOPS/TFLOPS into the architecture object."
"REQ-M2NA-GAP-0014","OBJ-NVIDIA-BLACKWELL-ARCH","","","","","","","FIELD-PHY-PROCESS","not_applicable","Process, die count and package composition describe a physical implementation rather than the architecture-generation object.","completed","2026-08-12","M2NA|object|OBJ-NVIDIA-BLACKWELL-ARCH|FIELD-PHY-PROCESS","reviewed","Physical implementation values remain in later object packages or the implementation backlog."
"REQ-M2NA-GAP-0015","OBJ-NVIDIA-BLACKWELL-ARCH","","","","","","","FIELD-PHY-DIE-COUNT","not_applicable","Process, die count and package composition describe a physical implementation rather than the architecture-generation object.","completed","2026-08-12","M2NA|object|OBJ-NVIDIA-BLACKWELL-ARCH|FIELD-PHY-DIE-COUNT","reviewed","Physical implementation values remain in later object packages or the implementation backlog."
"REQ-M2NA-GAP-0016","OBJ-NVIDIA-BLACKWELL-ARCH","","","","","","","FIELD-PHY-PACKAGE","not_applicable","Process, die count and package composition describe a physical implementation rather than the architecture-generation object.","completed","2026-08-12","M2NA|object|OBJ-NVIDIA-BLACKWELL-ARCH|FIELD-PHY-PACKAGE","reviewed","Physical implementation values remain in later object packages or the implementation backlog."
"REQ-M2NA-GAP-0017","OBJ-NVIDIA-BLACKWELL-ARCH","","","","","","","FIELD-DER-COMPUTE-BW-SPEC","not_found","No same-precision, same-scope architecture compute and memory-bandwidth pair survived the object-boundary and condition checks.","completed","2026-08-12","M2NA|object|OBJ-NVIDIA-BLACKWELL-ARCH|FIELD-DER-COMPUTE-BW-SPEC","reviewed","Unknown is not zero; product totals and mismatched scopes were excluded."
"REQ-M2NA-GAP-0018","OBJ-NVIDIA-BLACKWELL-ARCH","","","","","","","FIELD-DER-MATRIX-VECTOR","not_found","No aligned matrix/vector throughput pair with compatible precision, scope and operation-count convention was found.","completed","2026-08-12","M2NA|object|OBJ-NVIDIA-BLACKWELL-ARCH|FIELD-DER-MATRIX-VECTOR","reviewed","CDNA 4 is populated by a separate derived fact and therefore is skipped by key de-duplication."
"REQ-M2NA-GAP-0019","OBJ-NVIDIA-BLACKWELL-ULTRA-ARCH","","","","","","","FIELD-COMP-VENDOR-AI-TOPS","not_applicable","A generation-level architecture does not have one implementation-independent total accelerator peak; totals belong to a die, package, module, card or system object.","completed","2026-08-12","M2NA|object|OBJ-NVIDIA-BLACKWELL-ULTRA-ARCH|FIELD-COMP-VENDOR-AI-TOPS","reviewed","Do not promote product aggregate TOPS/TFLOPS into the architecture object."
"REQ-M2NA-GAP-0020","OBJ-NVIDIA-BLACKWELL-ULTRA-ARCH","","","","","","","FIELD-PHY-PROCESS","not_applicable","Process, die count and package composition describe a physical implementation rather than the architecture-generation object.","completed","2026-08-12","M2NA|object|OBJ-NVIDIA-BLACKWELL-ULTRA-ARCH|FIELD-PHY-PROCESS","reviewed","Physical implementation values remain in later object packages or the implementation backlog."
"REQ-M2NA-GAP-0021","OBJ-NVIDIA-BLACKWELL-ULTRA-ARCH","","","","","","","FIELD-PHY-DIE-COUNT","not_applicable","Process, die count and package composition describe a physical implementation rather than the architecture-generation object.","completed","2026-08-12","M2NA|object|OBJ-NVIDIA-BLACKWELL-ULTRA-ARCH|FIELD-PHY-DIE-COUNT","reviewed","Physical implementation values remain in later object packages or the implementation backlog."
"REQ-M2NA-GAP-0022","OBJ-NVIDIA-BLACKWELL-ULTRA-ARCH","","","","","","","FIELD-PHY-PACKAGE","not_applicable","Process, die count and package composition describe a physical implementation rather than the architecture-generation object.","completed","2026-08-12","M2NA|object|OBJ-NVIDIA-BLACKWELL-ULTRA-ARCH|FIELD-PHY-PACKAGE","reviewed","Physical implementation values remain in later object packages or the implementation backlog."
"REQ-M2NA-GAP-0023","OBJ-NVIDIA-BLACKWELL-ULTRA-ARCH","","","","","","","FIELD-DER-COMPUTE-BW-SPEC","not_found","This delta-only card has no directly disclosed matching compute and memory-bandwidth pair, and no formal relation authorizes reuse from Blackwell.","completed","2026-08-12","M2NA|object|OBJ-NVIDIA-BLACKWELL-ULTRA-ARCH|FIELD-DER-COMPUTE-BW-SPEC","reviewed","Do not reuse Blackwell inputs without a formal object relation."
"REQ-M2NA-GAP-0024","OBJ-NVIDIA-BLACKWELL-ULTRA-ARCH","","","","","","","FIELD-DER-MATRIX-VECTOR","not_found","This delta-only card has no directly disclosed aligned matrix/vector throughput pair, and no formal relation authorizes reuse from Blackwell.","completed","2026-08-12","M2NA|object|OBJ-NVIDIA-BLACKWELL-ULTRA-ARCH|FIELD-DER-MATRIX-VECTOR","reviewed","No implicit inheritance from Blackwell."
"REQ-M2NA-GAP-0025","OBJ-NVIDIA-RUBIN-ARCH","","","","","","","FIELD-COMP-VENDOR-AI-TOPS","not_applicable","A generation-level architecture does not have one implementation-independent total accelerator peak; totals belong to a die, package, module, card or system object.","completed","2026-08-12","M2NA|object|OBJ-NVIDIA-RUBIN-ARCH|FIELD-COMP-VENDOR-AI-TOPS","reviewed","Do not promote product aggregate TOPS/TFLOPS into the architecture object."
"REQ-M2NA-GAP-0026","OBJ-NVIDIA-RUBIN-ARCH","","","","","","","FIELD-PHY-PROCESS","not_applicable","Process, die count and package composition describe a physical implementation rather than the architecture-generation object.","completed","2026-08-12","M2NA|object|OBJ-NVIDIA-RUBIN-ARCH|FIELD-PHY-PROCESS","reviewed","Physical implementation values remain in later object packages or the implementation backlog."
"REQ-M2NA-GAP-0027","OBJ-NVIDIA-RUBIN-ARCH","","","","","","","FIELD-PHY-DIE-COUNT","not_applicable","Process, die count and package composition describe a physical implementation rather than the architecture-generation object.","completed","2026-08-12","M2NA|object|OBJ-NVIDIA-RUBIN-ARCH|FIELD-PHY-DIE-COUNT","reviewed","Physical implementation values remain in later object packages or the implementation backlog."
"REQ-M2NA-GAP-0028","OBJ-NVIDIA-RUBIN-ARCH","","","","","","","FIELD-PHY-PACKAGE","not_applicable","Process, die count and package composition describe a physical implementation rather than the architecture-generation object.","completed","2026-08-12","M2NA|object|OBJ-NVIDIA-RUBIN-ARCH|FIELD-PHY-PACKAGE","reviewed","Physical implementation values remain in later object packages or the implementation backlog."
"REQ-M2NA-GAP-0029","OBJ-NVIDIA-RUBIN-ARCH","","","","","","","FIELD-DER-COMPUTE-BW-SPEC","pending_verification","A matching architecture-level compute peak and memory-bandwidth pair is not yet available in fixed official architecture documentation.","in_progress","2026-08-12","M2NA|object|OBJ-NVIDIA-RUBIN-ARCH|FIELD-DER-COMPUTE-BW-SPEC","needs_resolution","Observation-stage object; do not derive from product implementation announcements."
"REQ-M2NA-GAP-0030","OBJ-NVIDIA-RUBIN-ARCH","","","","","","","FIELD-DER-MATRIX-VECTOR","pending_verification","Aligned matrix and vector throughput values are not yet available in fixed official architecture documentation.","in_progress","2026-08-12","M2NA|object|OBJ-NVIDIA-RUBIN-ARCH|FIELD-DER-MATRIX-VECTOR","needs_resolution","Observation-stage object."
"REQ-M2NA-GAP-0031","OBJ-AMD-CDNA2-ARCH","","","","","","","FIELD-COMP-VENDOR-AI-TOPS","not_applicable","A generation-level architecture does not have one implementation-independent total accelerator peak; totals belong to a die, package, module, card or system object.","completed","2026-08-12","M2NA|object|OBJ-AMD-CDNA2-ARCH|FIELD-COMP-VENDOR-AI-TOPS","reviewed","Do not promote product aggregate TOPS/TFLOPS into the architecture object."
"REQ-M2NA-GAP-0032","OBJ-AMD-CDNA2-ARCH","","","","","","","FIELD-PHY-PROCESS","not_applicable","Process, die count and package composition describe a physical implementation rather than the architecture-generation object.","completed","2026-08-12","M2NA|object|OBJ-AMD-CDNA2-ARCH|FIELD-PHY-PROCESS","reviewed","Physical implementation values remain in later object packages or the implementation backlog."
"REQ-M2NA-GAP-0033","OBJ-AMD-CDNA2-ARCH","","","","","","","FIELD-PHY-DIE-COUNT","not_applicable","Process, die count and package composition describe a physical implementation rather than the architecture-generation object.","completed","2026-08-12","M2NA|object|OBJ-AMD-CDNA2-ARCH|FIELD-PHY-DIE-COUNT","reviewed","Physical implementation values remain in later object packages or the implementation backlog."
"REQ-M2NA-GAP-0034","OBJ-AMD-CDNA2-ARCH","","","","","","","FIELD-PHY-PACKAGE","not_applicable","Process, die count and package composition describe a physical implementation rather than the architecture-generation object.","completed","2026-08-12","M2NA|object|OBJ-AMD-CDNA2-ARCH|FIELD-PHY-PACKAGE","reviewed","Physical implementation values remain in later object packages or the implementation backlog."
"REQ-M2NA-GAP-0035","OBJ-AMD-CDNA2-ARCH","","","","","","","FIELD-DER-COMPUTE-BW-SPEC","not_found","No same-precision, same-scope architecture compute and memory-bandwidth pair survived the object-boundary and condition checks.","completed","2026-08-12","M2NA|object|OBJ-AMD-CDNA2-ARCH|FIELD-DER-COMPUTE-BW-SPEC","reviewed","Unknown is not zero; product totals and mismatched scopes were excluded."
"REQ-M2NA-GAP-0036","OBJ-AMD-CDNA2-ARCH","","","","","","","FIELD-DER-MATRIX-VECTOR","not_found","No aligned matrix/vector throughput pair with compatible precision, scope and operation-count convention was found.","completed","2026-08-12","M2NA|object|OBJ-AMD-CDNA2-ARCH|FIELD-DER-MATRIX-VECTOR","reviewed","CDNA 4 is populated by a separate derived fact and therefore is skipped by key de-duplication."
"REQ-M2NA-GAP-0037","OBJ-AMD-CDNA3-ARCH","","","","","","","FIELD-COMP-VENDOR-AI-TOPS","not_applicable","A generation-level architecture does not have one implementation-independent total accelerator peak; totals belong to a die, package, module, card or system object.","completed","2026-08-12","M2NA|object|OBJ-AMD-CDNA3-ARCH|FIELD-COMP-VENDOR-AI-TOPS","reviewed","Do not promote product aggregate TOPS/TFLOPS into the architecture object."
"REQ-M2NA-GAP-0038","OBJ-AMD-CDNA3-ARCH","","","","","","","FIELD-PHY-PROCESS","not_applicable","Process, die count and package composition describe a physical implementation rather than the architecture-generation object.","completed","2026-08-12","M2NA|object|OBJ-AMD-CDNA3-ARCH|FIELD-PHY-PROCESS","reviewed","Physical implementation values remain in later object packages or the implementation backlog."
"REQ-M2NA-GAP-0039","OBJ-AMD-CDNA3-ARCH","","","","","","","FIELD-PHY-DIE-COUNT","not_applicable","Process, die count and package composition describe a physical implementation rather than the architecture-generation object.","completed","2026-08-12","M2NA|object|OBJ-AMD-CDNA3-ARCH|FIELD-PHY-DIE-COUNT","reviewed","Physical implementation values remain in later object packages or the implementation backlog."
"REQ-M2NA-GAP-0040","OBJ-AMD-CDNA3-ARCH","","","","","","","FIELD-PHY-PACKAGE","not_applicable","Process, die count and package composition describe a physical implementation rather than the architecture-generation object.","completed","2026-08-12","M2NA|object|OBJ-AMD-CDNA3-ARCH|FIELD-PHY-PACKAGE","reviewed","Physical implementation values remain in later object packages or the implementation backlog."
"REQ-M2NA-GAP-0041","OBJ-AMD-CDNA3-ARCH","","","","","","","FIELD-DER-COMPUTE-BW-SPEC","not_found","No same-precision, same-scope architecture compute and memory-bandwidth pair survived the object-boundary and condition checks.","completed","2026-08-12","M2NA|object|OBJ-AMD-CDNA3-ARCH|FIELD-DER-COMPUTE-BW-SPEC","reviewed","Unknown is not zero; product totals and mismatched scopes were excluded."
"REQ-M2NA-GAP-0042","OBJ-AMD-CDNA3-ARCH","","","","","","","FIELD-DER-MATRIX-VECTOR","not_found","No aligned matrix/vector throughput pair with compatible precision, scope and operation-count convention was found.","completed","2026-08-12","M2NA|object|OBJ-AMD-CDNA3-ARCH|FIELD-DER-MATRIX-VECTOR","reviewed","CDNA 4 is populated by a separate derived fact and therefore is skipped by key de-duplication."
"REQ-M2NA-GAP-0043","OBJ-AMD-CDNA4-ARCH","","","","","","","FIELD-COMP-VENDOR-AI-TOPS","not_applicable","A generation-level architecture does not have one implementation-independent total accelerator peak; totals belong to a die, package, module, card or system object.","completed","2026-08-12","M2NA|object|OBJ-AMD-CDNA4-ARCH|FIELD-COMP-VENDOR-AI-TOPS","reviewed","Do not promote product aggregate TOPS/TFLOPS into the architecture object."
"REQ-M2NA-GAP-0044","OBJ-AMD-CDNA4-ARCH","","","","","","","FIELD-PHY-PROCESS","not_applicable","Process, die count and package composition describe a physical implementation rather than the architecture-generation object.","completed","2026-08-12","M2NA|object|OBJ-AMD-CDNA4-ARCH|FIELD-PHY-PROCESS","reviewed","Physical implementation values remain in later object packages or the implementation backlog."
"REQ-M2NA-GAP-0045","OBJ-AMD-CDNA4-ARCH","","","","","","","FIELD-PHY-DIE-COUNT","not_applicable","Process, die count and package composition describe a physical implementation rather than the architecture-generation object.","completed","2026-08-12","M2NA|object|OBJ-AMD-CDNA4-ARCH|FIELD-PHY-DIE-COUNT","reviewed","Physical implementation values remain in later object packages or the implementation backlog."
"REQ-M2NA-GAP-0046","OBJ-AMD-CDNA4-ARCH","","","","","","","FIELD-PHY-PACKAGE","not_applicable","Process, die count and package composition describe a physical implementation rather than the architecture-generation object.","completed","2026-08-12","M2NA|object|OBJ-AMD-CDNA4-ARCH|FIELD-PHY-PACKAGE","reviewed","Physical implementation values remain in later object packages or the implementation backlog."
"REQ-M2NA-GAP-0047","OBJ-AMD-CDNA5-ARCH","","","","","","","FIELD-COMP-VENDOR-AI-TOPS","not_applicable","A generation-level architecture does not have one implementation-independent total accelerator peak; totals belong to a die, package, module, card or system object.","completed","2026-08-12","M2NA|object|OBJ-AMD-CDNA5-ARCH|FIELD-COMP-VENDOR-AI-TOPS","reviewed","Do not promote product aggregate TOPS/TFLOPS into the architecture object."
"REQ-M2NA-GAP-0048","OBJ-AMD-CDNA5-ARCH","","","","","","","FIELD-PHY-PROCESS","not_applicable","Process, die count and package composition describe a physical implementation rather than the architecture-generation object.","completed","2026-08-12","M2NA|object|OBJ-AMD-CDNA5-ARCH|FIELD-PHY-PROCESS","reviewed","Physical implementation values remain in later object packages or the implementation backlog."
"REQ-M2NA-GAP-0049","OBJ-AMD-CDNA5-ARCH","","","","","","","FIELD-PHY-DIE-COUNT","not_applicable","Process, die count and package composition describe a physical implementation rather than the architecture-generation object.","completed","2026-08-12","M2NA|object|OBJ-AMD-CDNA5-ARCH|FIELD-PHY-DIE-COUNT","reviewed","Physical implementation values remain in later object packages or the implementation backlog."
"REQ-M2NA-GAP-0050","OBJ-AMD-CDNA5-ARCH","","","","","","","FIELD-PHY-PACKAGE","not_applicable","Process, die count and package composition describe a physical implementation rather than the architecture-generation object.","completed","2026-08-12","M2NA|object|OBJ-AMD-CDNA5-ARCH|FIELD-PHY-PACKAGE","reviewed","Physical implementation values remain in later object packages or the implementation backlog."
"REQ-M2NA-GAP-0051","OBJ-AMD-CDNA5-ARCH","","","","","","","FIELD-DER-COMPUTE-BW-SPEC","not_found","No same-precision, same-scope architecture compute and memory-bandwidth pair survived the object-boundary and condition checks.","completed","2026-08-12","M2NA|object|OBJ-AMD-CDNA5-ARCH|FIELD-DER-COMPUTE-BW-SPEC","reviewed","Unknown is not zero; product totals and mismatched scopes were excluded."
"REQ-M2NA-GAP-0052","OBJ-AMD-CDNA5-ARCH","","","","","","","FIELD-DER-MATRIX-VECTOR","not_found","No aligned matrix/vector throughput pair with compatible precision, scope and operation-count convention was found.","completed","2026-08-12","M2NA|object|OBJ-AMD-CDNA5-ARCH|FIELD-DER-MATRIX-VECTOR","reviewed","CDNA 4 is populated by a separate derived fact and therefore is skipped by key de-duplication."
"REQ-M2NA-GAP-0053","OBJ-AMD-CDNA6-ARCH","","","","","","","FIELD-COMP-VENDOR-AI-TOPS","not_applicable","A generation-level architecture does not have one implementation-independent total accelerator peak; totals belong to a die, package, module, card or system object.","completed","2026-08-12","M2NA|object|OBJ-AMD-CDNA6-ARCH|FIELD-COMP-VENDOR-AI-TOPS","reviewed","Do not promote product aggregate TOPS/TFLOPS into the architecture object."
"REQ-M2NA-GAP-0054","OBJ-AMD-CDNA6-ARCH","","","","","","","FIELD-PHY-PROCESS","not_applicable","Process, die count and package composition describe a physical implementation rather than the architecture-generation object.","completed","2026-08-12","M2NA|object|OBJ-AMD-CDNA6-ARCH|FIELD-PHY-PROCESS","reviewed","Physical implementation values remain in later object packages or the implementation backlog."
"REQ-M2NA-GAP-0055","OBJ-AMD-CDNA6-ARCH","","","","","","","FIELD-PHY-DIE-COUNT","not_applicable","Process, die count and package composition describe a physical implementation rather than the architecture-generation object.","completed","2026-08-12","M2NA|object|OBJ-AMD-CDNA6-ARCH|FIELD-PHY-DIE-COUNT","reviewed","Physical implementation values remain in later object packages or the implementation backlog."
"REQ-M2NA-GAP-0056","OBJ-AMD-CDNA6-ARCH","","","","","","","FIELD-PHY-PACKAGE","not_applicable","Process, die count and package composition describe a physical implementation rather than the architecture-generation object.","completed","2026-08-12","M2NA|object|OBJ-AMD-CDNA6-ARCH|FIELD-PHY-PACKAGE","reviewed","Physical implementation values remain in later object packages or the implementation backlog."
"REQ-M2NA-GAP-0057","OBJ-AMD-CDNA6-ARCH","","","","","","","FIELD-DER-COMPUTE-BW-SPEC","pending_verification","A matching architecture-level compute peak and memory-bandwidth pair is not yet available in fixed official architecture documentation.","in_progress","2026-08-12","M2NA|object|OBJ-AMD-CDNA6-ARCH|FIELD-DER-COMPUTE-BW-SPEC","needs_resolution","Observation-stage object; do not derive from product implementation announcements."
"REQ-M2NA-GAP-0058","OBJ-AMD-CDNA6-ARCH","","","","","","","FIELD-DER-MATRIX-VECTOR","pending_verification","Aligned matrix and vector throughput values are not yet available in fixed official architecture documentation.","in_progress","2026-08-12","M2NA|object|OBJ-AMD-CDNA6-ARCH|FIELD-DER-MATRIX-VECTOR","needs_resolution","Observation-stage object."
"REQ-M2NA-GAP-0059","","","","","PPATH-M2NA-AMPERE-TENSOR-FP16","","","FIELD-NUM-PHYSICAL-ACCUM","not_found","Selected official architecture and ISA sources expose programmer-visible accumulation formats but not the physical accumulator width.","completed","2026-08-12","M2NA|precision_path|PPATH-M2NA-AMPERE-TENSOR-FP16|FIELD-NUM-PHYSICAL-ACCUM","reviewed","Do not equate C/D format with hidden physical datapath width."
"REQ-M2NA-GAP-0060","","","","","PPATH-M2NA-AMPERE-TENSOR-BF16","","","FIELD-NUM-PHYSICAL-ACCUM","not_found","Selected official architecture and ISA sources expose programmer-visible accumulation formats but not the physical accumulator width.","completed","2026-08-12","M2NA|precision_path|PPATH-M2NA-AMPERE-TENSOR-BF16|FIELD-NUM-PHYSICAL-ACCUM","reviewed","Do not equate C/D format with hidden physical datapath width."
"REQ-M2NA-GAP-0061","","","","","PPATH-M2NA-AMPERE-TENSOR-TF32","","","FIELD-NUM-PHYSICAL-ACCUM","not_found","Selected official architecture and ISA sources expose programmer-visible accumulation formats but not the physical accumulator width.","completed","2026-08-12","M2NA|precision_path|PPATH-M2NA-AMPERE-TENSOR-TF32|FIELD-NUM-PHYSICAL-ACCUM","reviewed","Do not equate C/D format with hidden physical datapath width."
"REQ-M2NA-GAP-0062","","","","","PPATH-M2NA-AMPERE-TENSOR-FP64","","","FIELD-NUM-PHYSICAL-ACCUM","not_found","Selected official architecture and ISA sources expose programmer-visible accumulation formats but not the physical accumulator width.","completed","2026-08-12","M2NA|precision_path|PPATH-M2NA-AMPERE-TENSOR-FP64|FIELD-NUM-PHYSICAL-ACCUM","reviewed","Do not equate C/D format with hidden physical datapath width."
"REQ-M2NA-GAP-0063","","","","","PPATH-M2NA-AMPERE-TENSOR-INT8","","","FIELD-NUM-PHYSICAL-ACCUM","not_found","Selected official architecture and ISA sources expose programmer-visible accumulation formats but not the physical accumulator width.","completed","2026-08-12","M2NA|precision_path|PPATH-M2NA-AMPERE-TENSOR-INT8|FIELD-NUM-PHYSICAL-ACCUM","reviewed","Do not equate C/D format with hidden physical datapath width."
"REQ-M2NA-GAP-0064","","","","","PPATH-M2NA-AMPERE-CUDA-FP32","","","FIELD-NUM-PHYSICAL-ACCUM","not_applicable","This scalar or special-function path is not modeled as a matrix/vector accumulation path.","completed","2026-08-12","M2NA|precision_path|PPATH-M2NA-AMPERE-CUDA-FP32|FIELD-NUM-PHYSICAL-ACCUM","reviewed","Programmer-visible result format remains in the path facts where available."
"REQ-M2NA-GAP-0065","","","","","PPATH-M2NA-ADA-TENSOR-FP8","","","FIELD-NUM-PHYSICAL-ACCUM","not_found","Selected official architecture and ISA sources expose programmer-visible accumulation formats but not the physical accumulator width.","completed","2026-08-12","M2NA|precision_path|PPATH-M2NA-ADA-TENSOR-FP8|FIELD-NUM-PHYSICAL-ACCUM","reviewed","Do not equate C/D format with hidden physical datapath width."
"REQ-M2NA-GAP-0066","","","","","PPATH-M2NA-ADA-TENSOR-FP16","","","FIELD-NUM-PHYSICAL-ACCUM","not_found","Selected official architecture and ISA sources expose programmer-visible accumulation formats but not the physical accumulator width.","completed","2026-08-12","M2NA|precision_path|PPATH-M2NA-ADA-TENSOR-FP16|FIELD-NUM-PHYSICAL-ACCUM","reviewed","Do not equate C/D format with hidden physical datapath width."
"REQ-M2NA-GAP-0067","","","","","PPATH-M2NA-ADA-TENSOR-BF16","","","FIELD-NUM-PHYSICAL-ACCUM","not_found","Selected official architecture and ISA sources expose programmer-visible accumulation formats but not the physical accumulator width.","completed","2026-08-12","M2NA|precision_path|PPATH-M2NA-ADA-TENSOR-BF16|FIELD-NUM-PHYSICAL-ACCUM","reviewed","Do not equate C/D format with hidden physical datapath width."
"REQ-M2NA-GAP-0068","","","","","PPATH-M2NA-ADA-TENSOR-TF32","","","FIELD-NUM-PHYSICAL-ACCUM","not_found","Selected official architecture and ISA sources expose programmer-visible accumulation formats but not the physical accumulator width.","completed","2026-08-12","M2NA|precision_path|PPATH-M2NA-ADA-TENSOR-TF32|FIELD-NUM-PHYSICAL-ACCUM","reviewed","Do not equate C/D format with hidden physical datapath width."
"REQ-M2NA-GAP-0069","","","","","PPATH-M2NA-ADA-TENSOR-INT8","","","FIELD-NUM-PHYSICAL-ACCUM","not_found","Selected official architecture and ISA sources expose programmer-visible accumulation formats but not the physical accumulator width.","completed","2026-08-12","M2NA|precision_path|PPATH-M2NA-ADA-TENSOR-INT8|FIELD-NUM-PHYSICAL-ACCUM","reviewed","Do not equate C/D format with hidden physical datapath width."
"REQ-M2NA-GAP-0070","","","","","PPATH-M2NA-ADA-CUDA-FP32","","","FIELD-NUM-PHYSICAL-ACCUM","not_applicable","This scalar or special-function path is not modeled as a matrix/vector accumulation path.","completed","2026-08-12","M2NA|precision_path|PPATH-M2NA-ADA-CUDA-FP32|FIELD-NUM-PHYSICAL-ACCUM","reviewed","Programmer-visible result format remains in the path facts where available."
"REQ-M2NA-GAP-0071","","","","","PPATH-M2NA-BLACKWELL-TENSOR-FP4","","","FIELD-NUM-PHYSICAL-ACCUM","not_found","Selected official architecture and ISA sources expose programmer-visible accumulation formats but not the physical accumulator width.","completed","2026-08-12","M2NA|precision_path|PPATH-M2NA-BLACKWELL-TENSOR-FP4|FIELD-NUM-PHYSICAL-ACCUM","reviewed","Do not equate C/D format with hidden physical datapath width."
"REQ-M2NA-GAP-0072","","","","","PPATH-M2NA-BLACKWELL-TENSOR-FP6","","","FIELD-NUM-PHYSICAL-ACCUM","not_found","Selected official architecture and ISA sources expose programmer-visible accumulation formats but not the physical accumulator width.","completed","2026-08-12","M2NA|precision_path|PPATH-M2NA-BLACKWELL-TENSOR-FP6|FIELD-NUM-PHYSICAL-ACCUM","reviewed","Do not equate C/D format with hidden physical datapath width."
"REQ-M2NA-GAP-0073","","","","","PPATH-M2NA-BLACKWELL-TENSOR-FP8","","","FIELD-NUM-PHYSICAL-ACCUM","not_found","Selected official architecture and ISA sources expose programmer-visible accumulation formats but not the physical accumulator width.","completed","2026-08-12","M2NA|precision_path|PPATH-M2NA-BLACKWELL-TENSOR-FP8|FIELD-NUM-PHYSICAL-ACCUM","reviewed","Do not equate C/D format with hidden physical datapath width."
"REQ-M2NA-GAP-0074","","","","","PPATH-M2NA-BLACKWELL-TENSOR-FP16BF16","","","FIELD-NUM-PHYSICAL-ACCUM","not_found","Selected official architecture and ISA sources expose programmer-visible accumulation formats but not the physical accumulator width.","completed","2026-08-12","M2NA|precision_path|PPATH-M2NA-BLACKWELL-TENSOR-FP16BF16|FIELD-NUM-PHYSICAL-ACCUM","reviewed","Do not equate C/D format with hidden physical datapath width."
"REQ-M2NA-GAP-0075","","","","","PPATH-M2NA-BLACKWELL-TENSOR-HIGH","","","FIELD-NUM-PHYSICAL-ACCUM","not_found","Selected official architecture and ISA sources expose programmer-visible accumulation formats but not the physical accumulator width.","completed","2026-08-12","M2NA|precision_path|PPATH-M2NA-BLACKWELL-TENSOR-HIGH|FIELD-NUM-PHYSICAL-ACCUM","reviewed","Do not equate C/D format with hidden physical datapath width."
"REQ-M2NA-GAP-0076","","","","","PPATH-M2NA-BLACKWELL-TENSOR-SPARSE","","","FIELD-NUM-PHYSICAL-ACCUM","not_found","Selected official architecture and ISA sources expose programmer-visible accumulation formats but not the physical accumulator width.","completed","2026-08-12","M2NA|precision_path|PPATH-M2NA-BLACKWELL-TENSOR-SPARSE|FIELD-NUM-PHYSICAL-ACCUM","reviewed","Do not equate C/D format with hidden physical datapath width."
"REQ-M2NA-GAP-0077","","","","","PPATH-M2NA-BLACKWELL-CUDA","","","FIELD-NUM-PHYSICAL-ACCUM","not_applicable","This scalar or special-function path is not modeled as a matrix/vector accumulation path.","completed","2026-08-12","M2NA|precision_path|PPATH-M2NA-BLACKWELL-CUDA|FIELD-NUM-PHYSICAL-ACCUM","reviewed","Programmer-visible result format remains in the path facts where available."
"REQ-M2NA-GAP-0078","","","","","PPATH-M2NA-BLACKWELL-ULTRA-EXP","","","FIELD-NUM-PHYSICAL-ACCUM","not_applicable","This scalar or special-function path is not modeled as a matrix/vector accumulation path.","completed","2026-08-12","M2NA|precision_path|PPATH-M2NA-BLACKWELL-ULTRA-EXP|FIELD-NUM-PHYSICAL-ACCUM","reviewed","Programmer-visible result format remains in the path facts where available."
"REQ-M2NA-GAP-0079","","","","","PPATH-M2NA-RUBIN-LUT3","","","FIELD-NUM-PHYSICAL-ACCUM","pending_verification","The observation-stage Rubin article does not expose physical accumulator width.","in_progress","2026-08-12","M2NA|precision_path|PPATH-M2NA-RUBIN-LUT3|FIELD-NUM-PHYSICAL-ACCUM","needs_resolution","Await a fixed Rubin architecture/ISA source."
"REQ-M2NA-GAP-0080","","","","","PPATH-M2NA-RUBIN-ACT-SPARSE","","","FIELD-NUM-PHYSICAL-ACCUM","pending_verification","The observation-stage Rubin article does not expose physical accumulator width.","in_progress","2026-08-12","M2NA|precision_path|PPATH-M2NA-RUBIN-ACT-SPARSE|FIELD-NUM-PHYSICAL-ACCUM","needs_resolution","Await a fixed Rubin architecture/ISA source."
"REQ-M2NA-GAP-0081","","","","","PPATH-M2NA-RUBIN-EXP","","","FIELD-NUM-PHYSICAL-ACCUM","not_applicable","This scalar or special-function path is not modeled as a matrix/vector accumulation path.","completed","2026-08-12","M2NA|precision_path|PPATH-M2NA-RUBIN-EXP|FIELD-NUM-PHYSICAL-ACCUM","reviewed","Programmer-visible result format remains in the path facts where available."
"REQ-M2NA-GAP-0082","","","","","PPATH-M2NA-CDNA2-MFMA-FP64","","","FIELD-NUM-PHYSICAL-ACCUM","not_found","Selected official architecture and ISA sources expose programmer-visible accumulation formats but not the physical accumulator width.","completed","2026-08-12","M2NA|precision_path|PPATH-M2NA-CDNA2-MFMA-FP64|FIELD-NUM-PHYSICAL-ACCUM","reviewed","Do not equate C/D format with hidden physical datapath width."
"REQ-M2NA-GAP-0083","","","","","PPATH-M2NA-CDNA2-MFMA-FP16","","","FIELD-NUM-PHYSICAL-ACCUM","not_found","Selected official architecture and ISA sources expose programmer-visible accumulation formats but not the physical accumulator width.","completed","2026-08-12","M2NA|precision_path|PPATH-M2NA-CDNA2-MFMA-FP16|FIELD-NUM-PHYSICAL-ACCUM","reviewed","Do not equate C/D format with hidden physical datapath width."
"REQ-M2NA-GAP-0084","","","","","PPATH-M2NA-CDNA2-MFMA-BF16","","","FIELD-NUM-PHYSICAL-ACCUM","not_found","Selected official architecture and ISA sources expose programmer-visible accumulation formats but not the physical accumulator width.","completed","2026-08-12","M2NA|precision_path|PPATH-M2NA-CDNA2-MFMA-BF16|FIELD-NUM-PHYSICAL-ACCUM","reviewed","Do not equate C/D format with hidden physical datapath width."
"REQ-M2NA-GAP-0085","","","","","PPATH-M2NA-CDNA2-VECTOR-FP64","","","FIELD-NUM-PHYSICAL-ACCUM","not_found","Selected official architecture and ISA sources expose programmer-visible accumulation formats but not the physical accumulator width.","completed","2026-08-12","M2NA|precision_path|PPATH-M2NA-CDNA2-VECTOR-FP64|FIELD-NUM-PHYSICAL-ACCUM","reviewed","Do not equate C/D format with hidden physical datapath width."
"REQ-M2NA-GAP-0086","","","","","PPATH-M2NA-CDNA2-VECTOR-PACKED-FP32","","","FIELD-NUM-PHYSICAL-ACCUM","not_found","Selected official architecture and ISA sources expose programmer-visible accumulation formats but not the physical accumulator width.","completed","2026-08-12","M2NA|precision_path|PPATH-M2NA-CDNA2-VECTOR-PACKED-FP32|FIELD-NUM-PHYSICAL-ACCUM","reviewed","Do not equate C/D format with hidden physical datapath width."
"REQ-M2NA-GAP-0087","","","","","PPATH-M2NA-CDNA3-MFMA-FP8","","","FIELD-NUM-PHYSICAL-ACCUM","not_found","Selected official architecture and ISA sources expose programmer-visible accumulation formats but not the physical accumulator width.","completed","2026-08-12","M2NA|precision_path|PPATH-M2NA-CDNA3-MFMA-FP8|FIELD-NUM-PHYSICAL-ACCUM","reviewed","Do not equate C/D format with hidden physical datapath width."
"REQ-M2NA-GAP-0088","","","","","PPATH-M2NA-CDNA3-MFMA-FP16BF16","","","FIELD-NUM-PHYSICAL-ACCUM","not_found","Selected official architecture and ISA sources expose programmer-visible accumulation formats but not the physical accumulator width.","completed","2026-08-12","M2NA|precision_path|PPATH-M2NA-CDNA3-MFMA-FP16BF16|FIELD-NUM-PHYSICAL-ACCUM","reviewed","Do not equate C/D format with hidden physical datapath width."
"REQ-M2NA-GAP-0089","","","","","PPATH-M2NA-CDNA3-MFMA-INT8","","","FIELD-NUM-PHYSICAL-ACCUM","not_found","Selected official architecture and ISA sources expose programmer-visible accumulation formats but not the physical accumulator width.","completed","2026-08-12","M2NA|precision_path|PPATH-M2NA-CDNA3-MFMA-INT8|FIELD-NUM-PHYSICAL-ACCUM","reviewed","Do not equate C/D format with hidden physical datapath width."
"REQ-M2NA-GAP-0090","","","","","PPATH-M2NA-CDNA3-MFMA-HIGH","","","FIELD-NUM-PHYSICAL-ACCUM","not_found","Selected official architecture and ISA sources expose programmer-visible accumulation formats but not the physical accumulator width.","completed","2026-08-12","M2NA|precision_path|PPATH-M2NA-CDNA3-MFMA-HIGH|FIELD-NUM-PHYSICAL-ACCUM","reviewed","Do not equate C/D format with hidden physical datapath width."
"REQ-M2NA-GAP-0091","","","","","PPATH-M2NA-CDNA3-SMFMAC","","","FIELD-NUM-PHYSICAL-ACCUM","not_found","Selected official architecture and ISA sources expose programmer-visible accumulation formats but not the physical accumulator width.","completed","2026-08-12","M2NA|precision_path|PPATH-M2NA-CDNA3-SMFMAC|FIELD-NUM-PHYSICAL-ACCUM","reviewed","Do not equate C/D format with hidden physical datapath width."
"REQ-M2NA-GAP-0092","","","","","PPATH-M2NA-CDNA3-VECTOR","","","FIELD-NUM-PHYSICAL-ACCUM","not_found","Selected official architecture and ISA sources expose programmer-visible accumulation formats but not the physical accumulator width.","completed","2026-08-12","M2NA|precision_path|PPATH-M2NA-CDNA3-VECTOR|FIELD-NUM-PHYSICAL-ACCUM","reviewed","Do not equate C/D format with hidden physical datapath width."
"REQ-M2NA-GAP-0093","","","","","PPATH-M2NA-CDNA4-MX","","","FIELD-NUM-PHYSICAL-ACCUM","not_found","Selected official architecture and ISA sources expose programmer-visible accumulation formats but not the physical accumulator width.","completed","2026-08-12","M2NA|precision_path|PPATH-M2NA-CDNA4-MX|FIELD-NUM-PHYSICAL-ACCUM","reviewed","Do not equate C/D format with hidden physical datapath width."
"REQ-M2NA-GAP-0094","","","","","PPATH-M2NA-CDNA4-MFMA-FP8","","","FIELD-NUM-PHYSICAL-ACCUM","not_found","Selected official architecture and ISA sources expose programmer-visible accumulation formats but not the physical accumulator width.","completed","2026-08-12","M2NA|precision_path|PPATH-M2NA-CDNA4-MFMA-FP8|FIELD-NUM-PHYSICAL-ACCUM","reviewed","Do not equate C/D format with hidden physical datapath width."
"REQ-M2NA-GAP-0095","","","","","PPATH-M2NA-CDNA4-MFMA-FP16BF16","","","FIELD-NUM-PHYSICAL-ACCUM","not_found","Selected official architecture and ISA sources expose programmer-visible accumulation formats but not the physical accumulator width.","completed","2026-08-12","M2NA|precision_path|PPATH-M2NA-CDNA4-MFMA-FP16BF16|FIELD-NUM-PHYSICAL-ACCUM","reviewed","Do not equate C/D format with hidden physical datapath width."
"REQ-M2NA-GAP-0096","","","","","PPATH-M2NA-CDNA4-MFMA-INT8","","","FIELD-NUM-PHYSICAL-ACCUM","not_found","Selected official architecture and ISA sources expose programmer-visible accumulation formats but not the physical accumulator width.","completed","2026-08-12","M2NA|precision_path|PPATH-M2NA-CDNA4-MFMA-INT8|FIELD-NUM-PHYSICAL-ACCUM","reviewed","Do not equate C/D format with hidden physical datapath width."
"REQ-M2NA-GAP-0097","","","","","PPATH-M2NA-CDNA4-MFMA-FP32","","","FIELD-NUM-PHYSICAL-ACCUM","not_found","Selected official architecture and ISA sources expose programmer-visible accumulation formats but not the physical accumulator width.","completed","2026-08-12","M2NA|precision_path|PPATH-M2NA-CDNA4-MFMA-FP32|FIELD-NUM-PHYSICAL-ACCUM","reviewed","Do not equate C/D format with hidden physical datapath width."
"REQ-M2NA-GAP-0098","","","","","PPATH-M2NA-CDNA4-MFMA-FP64","","","FIELD-NUM-PHYSICAL-ACCUM","not_found","Selected official architecture and ISA sources expose programmer-visible accumulation formats but not the physical accumulator width.","completed","2026-08-12","M2NA|precision_path|PPATH-M2NA-CDNA4-MFMA-FP64|FIELD-NUM-PHYSICAL-ACCUM","reviewed","Do not equate C/D format with hidden physical datapath width."
"REQ-M2NA-GAP-0099","","","","","PPATH-M2NA-CDNA4-TF32-EMU","","","FIELD-NUM-PHYSICAL-ACCUM","not_found","Selected official architecture and ISA sources expose programmer-visible accumulation formats but not the physical accumulator width.","completed","2026-08-12","M2NA|precision_path|PPATH-M2NA-CDNA4-TF32-EMU|FIELD-NUM-PHYSICAL-ACCUM","reviewed","Do not equate C/D format with hidden physical datapath width."
"REQ-M2NA-GAP-0100","","","","","PPATH-M2NA-CDNA4-VECTOR-FP16","","","FIELD-NUM-PHYSICAL-ACCUM","not_found","Selected official architecture and ISA sources expose programmer-visible accumulation formats but not the physical accumulator width.","completed","2026-08-12","M2NA|precision_path|PPATH-M2NA-CDNA4-VECTOR-FP16|FIELD-NUM-PHYSICAL-ACCUM","reviewed","Do not equate C/D format with hidden physical datapath width."
"REQ-M2NA-GAP-0101","","","","","PPATH-M2NA-CDNA4-VECTOR-FP32","","","FIELD-NUM-PHYSICAL-ACCUM","not_found","Selected official architecture and ISA sources expose programmer-visible accumulation formats but not the physical accumulator width.","completed","2026-08-12","M2NA|precision_path|PPATH-M2NA-CDNA4-VECTOR-FP32|FIELD-NUM-PHYSICAL-ACCUM","reviewed","Do not equate C/D format with hidden physical datapath width."
"REQ-M2NA-GAP-0102","","","","","PPATH-M2NA-CDNA4-VECTOR-FP64","","","FIELD-NUM-PHYSICAL-ACCUM","not_found","Selected official architecture and ISA sources expose programmer-visible accumulation formats but not the physical accumulator width.","completed","2026-08-12","M2NA|precision_path|PPATH-M2NA-CDNA4-VECTOR-FP64|FIELD-NUM-PHYSICAL-ACCUM","reviewed","Do not equate C/D format with hidden physical datapath width."
"REQ-M2NA-GAP-0103","","","","","PPATH-M2NA-CDNA5-WMMA-FP4","","","FIELD-NUM-PHYSICAL-ACCUM","not_found","Selected official architecture and ISA sources expose programmer-visible accumulation formats but not the physical accumulator width.","completed","2026-08-12","M2NA|precision_path|PPATH-M2NA-CDNA5-WMMA-FP4|FIELD-NUM-PHYSICAL-ACCUM","reviewed","Do not equate C/D format with hidden physical datapath width."
"REQ-M2NA-GAP-0104","","","","","PPATH-M2NA-CDNA5-WMMA-FP8-F32","","","FIELD-NUM-PHYSICAL-ACCUM","not_found","Selected official architecture and ISA sources expose programmer-visible accumulation formats but not the physical accumulator width.","completed","2026-08-12","M2NA|precision_path|PPATH-M2NA-CDNA5-WMMA-FP8-F32|FIELD-NUM-PHYSICAL-ACCUM","reviewed","Do not equate C/D format with hidden physical datapath width."
"REQ-M2NA-GAP-0105","","","","","PPATH-M2NA-CDNA5-WMMA-FP8-F16","","","FIELD-NUM-PHYSICAL-ACCUM","not_found","Selected official architecture and ISA sources expose programmer-visible accumulation formats but not the physical accumulator width.","completed","2026-08-12","M2NA|precision_path|PPATH-M2NA-CDNA5-WMMA-FP8-F16|FIELD-NUM-PHYSICAL-ACCUM","reviewed","Do not equate C/D format with hidden physical datapath width."
"REQ-M2NA-GAP-0106","","","","","PPATH-M2NA-CDNA5-WMMA-INT8","","","FIELD-NUM-PHYSICAL-ACCUM","not_found","Selected official architecture and ISA sources expose programmer-visible accumulation formats but not the physical accumulator width.","completed","2026-08-12","M2NA|precision_path|PPATH-M2NA-CDNA5-WMMA-INT8|FIELD-NUM-PHYSICAL-ACCUM","reviewed","Do not equate C/D format with hidden physical datapath width."
"REQ-M2NA-GAP-0107","","","","","PPATH-M2NA-CDNA5-SWMMAC","","","FIELD-NUM-PHYSICAL-ACCUM","not_found","Selected official architecture and ISA sources expose programmer-visible accumulation formats but not the physical accumulator width.","completed","2026-08-12","M2NA|precision_path|PPATH-M2NA-CDNA5-SWMMAC|FIELD-NUM-PHYSICAL-ACCUM","reviewed","Do not equate C/D format with hidden physical datapath width."
"REQ-M2NA-GAP-0108","","","","","PPATH-M2NA-CDNA5-VECTOR-BF16","","","FIELD-NUM-PHYSICAL-ACCUM","not_found","Selected official architecture and ISA sources expose programmer-visible accumulation formats but not the physical accumulator width.","completed","2026-08-12","M2NA|precision_path|PPATH-M2NA-CDNA5-VECTOR-BF16|FIELD-NUM-PHYSICAL-ACCUM","reviewed","Do not equate C/D format with hidden physical datapath width."
"REQ-M2NA-GAP-0109","","COMP-M2NA-AMPERE-REG","","","","","","FIELD-MEM-READ-BW","not_found","Architecture source set was checked for an implementation-independent read-bandwidth value at this memory level.","completed","2026-08-12","M2NA|component|COMP-M2NA-AMPERE-REG|FIELD-MEM-READ-BW","reviewed","Existing value_available rows take precedence through key de-duplication."
"REQ-M2NA-GAP-0110","","COMP-M2NA-AMPERE-REG","","","","","","FIELD-MEM-WRITE-BW","not_found","Architecture source set was checked for an implementation-independent write-bandwidth value at this memory level.","completed","2026-08-12","M2NA|component|COMP-M2NA-AMPERE-REG|FIELD-MEM-WRITE-BW","reviewed","Existing value_available rows take precedence through key de-duplication."
"REQ-M2NA-GAP-0111","","COMP-M2NA-AMPERE-L1SMEM","","","","","","FIELD-MEM-READ-BW","not_found","Architecture source set was checked for an implementation-independent read-bandwidth value at this memory level.","completed","2026-08-12","M2NA|component|COMP-M2NA-AMPERE-L1SMEM|FIELD-MEM-READ-BW","reviewed","Existing value_available rows take precedence through key de-duplication."
"REQ-M2NA-GAP-0112","","COMP-M2NA-AMPERE-L1SMEM","","","","","","FIELD-MEM-WRITE-BW","not_found","Architecture source set was checked for an implementation-independent write-bandwidth value at this memory level.","completed","2026-08-12","M2NA|component|COMP-M2NA-AMPERE-L1SMEM|FIELD-MEM-WRITE-BW","reviewed","Existing value_available rows take precedence through key de-duplication."
"REQ-M2NA-GAP-0113","","COMP-M2NA-AMPERE-L2","","","","","","FIELD-MEM-READ-BW","not_found","Architecture source set was checked for an implementation-independent read-bandwidth value at this memory level.","completed","2026-08-12","M2NA|component|COMP-M2NA-AMPERE-L2|FIELD-MEM-READ-BW","reviewed","Existing value_available rows take precedence through key de-duplication."
"REQ-M2NA-GAP-0114","","COMP-M2NA-AMPERE-L2","","","","","","FIELD-MEM-WRITE-BW","not_found","Architecture source set was checked for an implementation-independent write-bandwidth value at this memory level.","completed","2026-08-12","M2NA|component|COMP-M2NA-AMPERE-L2|FIELD-MEM-WRITE-BW","reviewed","Existing value_available rows take precedence through key de-duplication."
"REQ-M2NA-GAP-0115","","COMP-M2NA-ADA-L1SMEM","","","","","","FIELD-MEM-READ-BW","not_found","Architecture source set was checked for an implementation-independent read-bandwidth value at this memory level.","completed","2026-08-12","M2NA|component|COMP-M2NA-ADA-L1SMEM|FIELD-MEM-READ-BW","reviewed","Existing value_available rows take precedence through key de-duplication."
"REQ-M2NA-GAP-0116","","COMP-M2NA-ADA-L1SMEM","","","","","","FIELD-MEM-WRITE-BW","not_found","Architecture source set was checked for an implementation-independent write-bandwidth value at this memory level.","completed","2026-08-12","M2NA|component|COMP-M2NA-ADA-L1SMEM|FIELD-MEM-WRITE-BW","reviewed","Existing value_available rows take precedence through key de-duplication."
"REQ-M2NA-GAP-0117","","COMP-M2NA-ADA-L2","","","","","","FIELD-MEM-READ-BW","not_found","Architecture source set was checked for an implementation-independent read-bandwidth value at this memory level.","completed","2026-08-12","M2NA|component|COMP-M2NA-ADA-L2|FIELD-MEM-READ-BW","reviewed","Existing value_available rows take precedence through key de-duplication."
"REQ-M2NA-GAP-0118","","COMP-M2NA-ADA-L2","","","","","","FIELD-MEM-WRITE-BW","not_found","Architecture source set was checked for an implementation-independent write-bandwidth value at this memory level.","completed","2026-08-12","M2NA|component|COMP-M2NA-ADA-L2|FIELD-MEM-WRITE-BW","reviewed","Existing value_available rows take precedence through key de-duplication."
"REQ-M2NA-GAP-0119","","COMP-M2NA-BLACKWELL-TMEM","","","","","","FIELD-MEM-READ-BW","not_found","Architecture source set was checked for an implementation-independent read-bandwidth value at this memory level.","completed","2026-08-12","M2NA|component|COMP-M2NA-BLACKWELL-TMEM|FIELD-MEM-READ-BW","reviewed","Existing value_available rows take precedence through key de-duplication."
"REQ-M2NA-GAP-0120","","COMP-M2NA-BLACKWELL-TMEM","","","","","","FIELD-MEM-WRITE-BW","not_found","Architecture source set was checked for an implementation-independent write-bandwidth value at this memory level.","completed","2026-08-12","M2NA|component|COMP-M2NA-BLACKWELL-TMEM|FIELD-MEM-WRITE-BW","reviewed","Existing value_available rows take precedence through key de-duplication."
"REQ-M2NA-GAP-0121","","COMP-M2NA-BLACKWELL-L1SMEM","","","","","","FIELD-MEM-READ-BW","not_found","Architecture source set was checked for an implementation-independent read-bandwidth value at this memory level.","completed","2026-08-12","M2NA|component|COMP-M2NA-BLACKWELL-L1SMEM|FIELD-MEM-READ-BW","reviewed","Existing value_available rows take precedence through key de-duplication."
"REQ-M2NA-GAP-0122","","COMP-M2NA-BLACKWELL-L1SMEM","","","","","","FIELD-MEM-WRITE-BW","not_found","Architecture source set was checked for an implementation-independent write-bandwidth value at this memory level.","completed","2026-08-12","M2NA|component|COMP-M2NA-BLACKWELL-L1SMEM|FIELD-MEM-WRITE-BW","reviewed","Existing value_available rows take precedence through key de-duplication."
"REQ-M2NA-GAP-0123","","COMP-M2NA-BLACKWELL-L2","","","","","","FIELD-MEM-READ-BW","not_found","Architecture source set was checked for an implementation-independent read-bandwidth value at this memory level.","completed","2026-08-12","M2NA|component|COMP-M2NA-BLACKWELL-L2|FIELD-MEM-READ-BW","reviewed","Existing value_available rows take precedence through key de-duplication."
"REQ-M2NA-GAP-0124","","COMP-M2NA-BLACKWELL-L2","","","","","","FIELD-MEM-WRITE-BW","not_found","Architecture source set was checked for an implementation-independent write-bandwidth value at this memory level.","completed","2026-08-12","M2NA|component|COMP-M2NA-BLACKWELL-L2|FIELD-MEM-WRITE-BW","reviewed","Existing value_available rows take precedence through key de-duplication."
"REQ-M2NA-GAP-0125","","COMP-M2NA-CDNA2-LDS","","","","","","FIELD-MEM-READ-BW","not_found","Architecture source set was checked for an implementation-independent read-bandwidth value at this memory level.","completed","2026-08-12","M2NA|component|COMP-M2NA-CDNA2-LDS|FIELD-MEM-READ-BW","reviewed","Existing value_available rows take precedence through key de-duplication."
"REQ-M2NA-GAP-0126","","COMP-M2NA-CDNA2-LDS","","","","","","FIELD-MEM-WRITE-BW","not_found","Architecture source set was checked for an implementation-independent write-bandwidth value at this memory level.","completed","2026-08-12","M2NA|component|COMP-M2NA-CDNA2-LDS|FIELD-MEM-WRITE-BW","reviewed","Existing value_available rows take precedence through key de-duplication."
"REQ-M2NA-GAP-0127","","COMP-M2NA-CDNA2-L1","","","","","","FIELD-MEM-READ-BW","not_found","Architecture source set was checked for an implementation-independent read-bandwidth value at this memory level.","completed","2026-08-12","M2NA|component|COMP-M2NA-CDNA2-L1|FIELD-MEM-READ-BW","reviewed","Existing value_available rows take precedence through key de-duplication."
"REQ-M2NA-GAP-0128","","COMP-M2NA-CDNA2-L1","","","","","","FIELD-MEM-WRITE-BW","not_found","Architecture source set was checked for an implementation-independent write-bandwidth value at this memory level.","completed","2026-08-12","M2NA|component|COMP-M2NA-CDNA2-L1|FIELD-MEM-WRITE-BW","reviewed","Existing value_available rows take precedence through key de-duplication."
"REQ-M2NA-GAP-0129","","COMP-M2NA-CDNA2-L2","","","","","","FIELD-MEM-READ-BW","not_found","Architecture source set was checked for an implementation-independent read-bandwidth value at this memory level.","completed","2026-08-12","M2NA|component|COMP-M2NA-CDNA2-L2|FIELD-MEM-READ-BW","reviewed","Existing value_available rows take precedence through key de-duplication."
"REQ-M2NA-GAP-0130","","COMP-M2NA-CDNA2-L2","","","","","","FIELD-MEM-WRITE-BW","not_found","Architecture source set was checked for an implementation-independent write-bandwidth value at this memory level.","completed","2026-08-12","M2NA|component|COMP-M2NA-CDNA2-L2|FIELD-MEM-WRITE-BW","reviewed","Existing value_available rows take precedence through key de-duplication."
"REQ-M2NA-GAP-0131","","COMP-M2NA-CDNA3-LDS","","","","","","FIELD-MEM-READ-BW","not_found","Architecture source set was checked for an implementation-independent read-bandwidth value at this memory level.","completed","2026-08-12","M2NA|component|COMP-M2NA-CDNA3-LDS|FIELD-MEM-READ-BW","reviewed","Existing value_available rows take precedence through key de-duplication."
"REQ-M2NA-GAP-0132","","COMP-M2NA-CDNA3-LDS","","","","","","FIELD-MEM-WRITE-BW","not_found","Architecture source set was checked for an implementation-independent write-bandwidth value at this memory level.","completed","2026-08-12","M2NA|component|COMP-M2NA-CDNA3-LDS|FIELD-MEM-WRITE-BW","reviewed","Existing value_available rows take precedence through key de-duplication."
"REQ-M2NA-GAP-0133","","COMP-M2NA-CDNA3-L1","","","","","","FIELD-MEM-READ-BW","not_found","Architecture source set was checked for an implementation-independent read-bandwidth value at this memory level.","completed","2026-08-12","M2NA|component|COMP-M2NA-CDNA3-L1|FIELD-MEM-READ-BW","reviewed","Existing value_available rows take precedence through key de-duplication."
"REQ-M2NA-GAP-0134","","COMP-M2NA-CDNA3-L1","","","","","","FIELD-MEM-WRITE-BW","not_found","Architecture source set was checked for an implementation-independent write-bandwidth value at this memory level.","completed","2026-08-12","M2NA|component|COMP-M2NA-CDNA3-L1|FIELD-MEM-WRITE-BW","reviewed","Existing value_available rows take precedence through key de-duplication."
"REQ-M2NA-GAP-0135","","COMP-M2NA-CDNA3-L2","","","","","","FIELD-MEM-WRITE-BW","not_found","Architecture source set was checked for an implementation-independent write-bandwidth value at this memory level.","completed","2026-08-12","M2NA|component|COMP-M2NA-CDNA3-L2|FIELD-MEM-WRITE-BW","reviewed","Existing value_available rows take precedence through key de-duplication."
"REQ-M2NA-GAP-0136","","COMP-M2NA-CDNA3-ICACHE","","","","","","FIELD-MEM-READ-BW","not_found","Architecture source set was checked for an implementation-independent read-bandwidth value at this memory level.","completed","2026-08-12","M2NA|component|COMP-M2NA-CDNA3-ICACHE|FIELD-MEM-READ-BW","reviewed","Existing value_available rows take precedence through key de-duplication."
"REQ-M2NA-GAP-0137","","COMP-M2NA-CDNA3-ICACHE","","","","","","FIELD-MEM-WRITE-BW","not_found","Architecture source set was checked for an implementation-independent write-bandwidth value at this memory level.","completed","2026-08-12","M2NA|component|COMP-M2NA-CDNA3-ICACHE|FIELD-MEM-WRITE-BW","reviewed","Existing value_available rows take precedence through key de-duplication."
"REQ-M2NA-GAP-0138","","COMP-M2NA-CDNA4-LDS","","","","","","FIELD-MEM-WRITE-BW","not_found","Architecture source set was checked for an implementation-independent write-bandwidth value at this memory level.","completed","2026-08-12","M2NA|component|COMP-M2NA-CDNA4-LDS|FIELD-MEM-WRITE-BW","reviewed","Existing value_available rows take precedence through key de-duplication."
"REQ-M2NA-GAP-0139","","COMP-M2NA-CDNA4-L1","","","","","","FIELD-MEM-READ-BW","not_found","Architecture source set was checked for an implementation-independent read-bandwidth value at this memory level.","completed","2026-08-12","M2NA|component|COMP-M2NA-CDNA4-L1|FIELD-MEM-READ-BW","reviewed","Existing value_available rows take precedence through key de-duplication."
"REQ-M2NA-GAP-0140","","COMP-M2NA-CDNA4-L1","","","","","","FIELD-MEM-WRITE-BW","not_found","Architecture source set was checked for an implementation-independent write-bandwidth value at this memory level.","completed","2026-08-12","M2NA|component|COMP-M2NA-CDNA4-L1|FIELD-MEM-WRITE-BW","reviewed","Existing value_available rows take precedence through key de-duplication."
"REQ-M2NA-GAP-0141","","COMP-M2NA-CDNA4-ICACHE","","","","","","FIELD-MEM-READ-BW","not_found","Architecture source set was checked for an implementation-independent read-bandwidth value at this memory level.","completed","2026-08-12","M2NA|component|COMP-M2NA-CDNA4-ICACHE|FIELD-MEM-READ-BW","reviewed","Existing value_available rows take precedence through key de-duplication."
"REQ-M2NA-GAP-0142","","COMP-M2NA-CDNA4-ICACHE","","","","","","FIELD-MEM-WRITE-BW","not_found","Architecture source set was checked for an implementation-independent write-bandwidth value at this memory level.","completed","2026-08-12","M2NA|component|COMP-M2NA-CDNA4-ICACHE|FIELD-MEM-WRITE-BW","reviewed","Existing value_available rows take precedence through key de-duplication."
"REQ-M2NA-GAP-0143","","COMP-M2NA-CDNA5-LDS","","","","","","FIELD-MEM-READ-BW","not_found","Architecture source set was checked for an implementation-independent read-bandwidth value at this memory level.","completed","2026-08-12","M2NA|component|COMP-M2NA-CDNA5-LDS|FIELD-MEM-READ-BW","reviewed","Existing value_available rows take precedence through key de-duplication."
"REQ-M2NA-GAP-0144","","COMP-M2NA-CDNA5-LDS","","","","","","FIELD-MEM-WRITE-BW","not_found","Architecture source set was checked for an implementation-independent write-bandwidth value at this memory level.","completed","2026-08-12","M2NA|component|COMP-M2NA-CDNA5-LDS|FIELD-MEM-WRITE-BW","reviewed","Existing value_available rows take precedence through key de-duplication."
"REQ-M2NA-GAP-0145","","COMP-M2NA-CDNA5-VCACHE","","","","","","FIELD-MEM-READ-BW","not_found","Architecture source set was checked for an implementation-independent read-bandwidth value at this memory level.","completed","2026-08-12","M2NA|component|COMP-M2NA-CDNA5-VCACHE|FIELD-MEM-READ-BW","reviewed","Existing value_available rows take precedence through key de-duplication."
"REQ-M2NA-GAP-0146","","COMP-M2NA-CDNA5-VCACHE","","","","","","FIELD-MEM-WRITE-BW","not_found","Architecture source set was checked for an implementation-independent write-bandwidth value at this memory level.","completed","2026-08-12","M2NA|component|COMP-M2NA-CDNA5-VCACHE|FIELD-MEM-WRITE-BW","reviewed","Existing value_available rows take precedence through key de-duplication."
"REQ-M2NA-GAP-0147","","COMP-M2NA-CDNA5-CCACHE","","","","","","FIELD-MEM-READ-BW","not_found","Architecture source set was checked for an implementation-independent read-bandwidth value at this memory level.","completed","2026-08-12","M2NA|component|COMP-M2NA-CDNA5-CCACHE|FIELD-MEM-READ-BW","reviewed","Existing value_available rows take precedence through key de-duplication."
"REQ-M2NA-GAP-0148","","COMP-M2NA-CDNA5-CCACHE","","","","","","FIELD-MEM-WRITE-BW","not_found","Architecture source set was checked for an implementation-independent write-bandwidth value at this memory level.","completed","2026-08-12","M2NA|component|COMP-M2NA-CDNA5-CCACHE|FIELD-MEM-WRITE-BW","reviewed","Existing value_available rows take precedence through key de-duplication."
"REQ-M2NA-GAP-0149","","COMP-M2NA-CDNA5-ICACHE","","","","","","FIELD-MEM-READ-BW","not_found","Architecture source set was checked for an implementation-independent read-bandwidth value at this memory level.","completed","2026-08-12","M2NA|component|COMP-M2NA-CDNA5-ICACHE|FIELD-MEM-READ-BW","reviewed","Existing value_available rows take precedence through key de-duplication."
"REQ-M2NA-GAP-0150","","COMP-M2NA-CDNA5-ICACHE","","","","","","FIELD-MEM-WRITE-BW","not_found","Architecture source set was checked for an implementation-independent write-bandwidth value at this memory level.","completed","2026-08-12","M2NA|component|COMP-M2NA-CDNA5-ICACHE|FIELD-MEM-WRITE-BW","reviewed","Existing value_available rows take precedence through key de-duplication."
"REQ-M2NA-GAP-0151","","","LINK-M2NA-AMPERE-NVLINK3","","","","","FIELD-INT-AGGREGATE-BW","not_applicable","The link record captures an architecture-level mechanism; published aggregate bandwidths in the checked sources are tied to a physical package, device or system implementation.","completed","2026-08-12","M2NA|link|LINK-M2NA-AMPERE-NVLINK3|FIELD-INT-AGGREGATE-BW","reviewed","Keep the protocol/mechanism definition; stage numeric implementation values separately."
"REQ-M2NA-GAP-0152","","","LINK-M2NA-BLACKWELL-NVHBI","","","","","FIELD-INT-AGGREGATE-BW","not_applicable","The link record captures an architecture-level mechanism; published aggregate bandwidths in the checked sources are tied to a physical package, device or system implementation.","completed","2026-08-12","M2NA|link|LINK-M2NA-BLACKWELL-NVHBI|FIELD-INT-AGGREGATE-BW","reviewed","Keep the protocol/mechanism definition; stage numeric implementation values separately."
"REQ-M2NA-GAP-0153","","","LINK-M2NA-BLACKWELL-NVLINK5","","","","","FIELD-INT-AGGREGATE-BW","not_applicable","The link record captures an architecture-level mechanism; published aggregate bandwidths in the checked sources are tied to a physical package, device or system implementation.","completed","2026-08-12","M2NA|link|LINK-M2NA-BLACKWELL-NVLINK5|FIELD-INT-AGGREGATE-BW","reviewed","Keep the protocol/mechanism definition; stage numeric implementation values separately."
"REQ-M2NA-GAP-0155","","","LINK-M2NA-RUBIN-NVLINK","","","","","FIELD-INT-AGGREGATE-BW","not_applicable","The link record captures an architecture-level mechanism; published aggregate bandwidths in the checked sources are tied to a physical package, device or system implementation.","completed","2026-08-12","M2NA|link|LINK-M2NA-RUBIN-NVLINK|FIELD-INT-AGGREGATE-BW","reviewed","Keep the protocol/mechanism definition; stage numeric implementation values separately."
"REQ-M2NA-GAP-0156","","","LINK-M2NA-CDNA2-IF-PKG","","","","","FIELD-INT-AGGREGATE-BW","not_applicable","The link record captures an architecture-level mechanism; published aggregate bandwidths in the checked sources are tied to a physical package, device or system implementation.","completed","2026-08-12","M2NA|link|LINK-M2NA-CDNA2-IF-PKG|FIELD-INT-AGGREGATE-BW","reviewed","Keep the protocol/mechanism definition; stage numeric implementation values separately."
"REQ-M2NA-GAP-0157","","","LINK-M2NA-CDNA2-IF-P2P","","","","","FIELD-INT-AGGREGATE-BW","not_applicable","The link record captures an architecture-level mechanism; published aggregate bandwidths in the checked sources are tied to a physical package, device or system implementation.","completed","2026-08-12","M2NA|link|LINK-M2NA-CDNA2-IF-P2P|FIELD-INT-AGGREGATE-BW","reviewed","Keep the protocol/mechanism definition; stage numeric implementation values separately."
"REQ-M2NA-GAP-0158","","","LINK-M2NA-CDNA3-IF-PKG","","","","","FIELD-INT-AGGREGATE-BW","not_applicable","The link record captures an architecture-level mechanism; published aggregate bandwidths in the checked sources are tied to a physical package, device or system implementation.","completed","2026-08-12","M2NA|link|LINK-M2NA-CDNA3-IF-PKG|FIELD-INT-AGGREGATE-BW","reviewed","Keep the protocol/mechanism definition; stage numeric implementation values separately."
"REQ-M2NA-GAP-0159","","","LINK-M2NA-CDNA3-IF-P2P","","","","","FIELD-INT-AGGREGATE-BW","not_applicable","The link record captures an architecture-level mechanism; published aggregate bandwidths in the checked sources are tied to a physical package, device or system implementation.","completed","2026-08-12","M2NA|link|LINK-M2NA-CDNA3-IF-P2P|FIELD-INT-AGGREGATE-BW","reviewed","Keep the protocol/mechanism definition; stage numeric implementation values separately."
"REQ-M2NA-GAP-0160","","","LINK-M2NA-CDNA4-IF-PKG","","","","","FIELD-INT-AGGREGATE-BW","not_applicable","The link record captures an architecture-level mechanism; published aggregate bandwidths in the checked sources are tied to a physical package, device or system implementation.","completed","2026-08-12","M2NA|link|LINK-M2NA-CDNA4-IF-PKG|FIELD-INT-AGGREGATE-BW","reviewed","Keep the protocol/mechanism definition; stage numeric implementation values separately."
"REQ-M2NA-GAP-0161","","","LINK-M2NA-CDNA4-IF-P2P","","","","","FIELD-INT-AGGREGATE-BW","not_applicable","The link record captures an architecture-level mechanism; published aggregate bandwidths in the checked sources are tied to a physical package, device or system implementation.","completed","2026-08-12","M2NA|link|LINK-M2NA-CDNA4-IF-P2P|FIELD-INT-AGGREGATE-BW","reviewed","Keep the protocol/mechanism definition; stage numeric implementation values separately."
"REQ-M2NA-GAP-0162","","","LINK-M2NA-CDNA5-IF-PKG","","","","","FIELD-INT-AGGREGATE-BW","not_applicable","The link record captures an architecture-level mechanism; published aggregate bandwidths in the checked sources are tied to a physical package, device or system implementation.","completed","2026-08-12","M2NA|link|LINK-M2NA-CDNA5-IF-PKG|FIELD-INT-AGGREGATE-BW","reviewed","Keep the protocol/mechanism definition; stage numeric implementation values separately."
"REQ-M2NA-GAP-0163","","","","","","CAP-M2NA-AMPERE-MOE","","FIELD-CAP-IMPLEMENTATION-LEVEL","not_found","Checked for a dedicated MoE-routing or top-k module/instruction rather than a software implementation on general compute.","completed","2026-08-12","M2NA|capability|CAP-M2NA-AMPERE-MOE|FIELD-CAP-IMPLEMENTATION-LEVEL","reviewed","No dedicated implementation is claimed unless a first-party source states it explicitly."
"REQ-M2NA-GAP-0164","","","","","","CAP-M2NA-AMPERE-TOPK","","FIELD-CAP-IMPLEMENTATION-LEVEL","not_found","Checked for a dedicated MoE-routing or top-k module/instruction rather than a software implementation on general compute.","completed","2026-08-12","M2NA|capability|CAP-M2NA-AMPERE-TOPK|FIELD-CAP-IMPLEMENTATION-LEVEL","reviewed","No dedicated implementation is claimed unless a first-party source states it explicitly."
"REQ-M2NA-GAP-0165","","","","","","CAP-M2NA-ADA-MOE","","FIELD-CAP-IMPLEMENTATION-LEVEL","not_found","Checked for a dedicated MoE-routing or top-k module/instruction rather than a software implementation on general compute.","completed","2026-08-12","M2NA|capability|CAP-M2NA-ADA-MOE|FIELD-CAP-IMPLEMENTATION-LEVEL","reviewed","No dedicated implementation is claimed unless a first-party source states it explicitly."
"REQ-M2NA-GAP-0166","","","","","","CAP-M2NA-ADA-TOPK","","FIELD-CAP-IMPLEMENTATION-LEVEL","not_found","Checked for a dedicated MoE-routing or top-k module/instruction rather than a software implementation on general compute.","completed","2026-08-12","M2NA|capability|CAP-M2NA-ADA-TOPK|FIELD-CAP-IMPLEMENTATION-LEVEL","reviewed","No dedicated implementation is claimed unless a first-party source states it explicitly."
"REQ-M2NA-GAP-0167","","","","","","CAP-M2NA-BLACKWELL-MOE","","FIELD-CAP-IMPLEMENTATION-LEVEL","not_found","Checked for a dedicated MoE-routing or top-k module/instruction rather than a software implementation on general compute.","completed","2026-08-12","M2NA|capability|CAP-M2NA-BLACKWELL-MOE|FIELD-CAP-IMPLEMENTATION-LEVEL","reviewed","No dedicated implementation is claimed unless a first-party source states it explicitly."
"REQ-M2NA-GAP-0168","","","","","","CAP-M2NA-BLACKWELL-TOPK","","FIELD-CAP-IMPLEMENTATION-LEVEL","not_found","Checked for a dedicated MoE-routing or top-k module/instruction rather than a software implementation on general compute.","completed","2026-08-12","M2NA|capability|CAP-M2NA-BLACKWELL-TOPK|FIELD-CAP-IMPLEMENTATION-LEVEL","reviewed","No dedicated implementation is claimed unless a first-party source states it explicitly."
"REQ-M2NA-GAP-0169","","","","","","CAP-M2NA-BLACKWELL-ULTRA-MOE","","FIELD-CAP-IMPLEMENTATION-LEVEL","not_found","Checked for a dedicated MoE-routing or top-k module/instruction rather than a software implementation on general compute.","completed","2026-08-12","M2NA|capability|CAP-M2NA-BLACKWELL-ULTRA-MOE|FIELD-CAP-IMPLEMENTATION-LEVEL","reviewed","No dedicated implementation is claimed unless a first-party source states it explicitly."
"REQ-M2NA-GAP-0170","","","","","","CAP-M2NA-BLACKWELL-ULTRA-TOPK","","FIELD-CAP-IMPLEMENTATION-LEVEL","not_found","Checked for a dedicated MoE-routing or top-k module/instruction rather than a software implementation on general compute.","completed","2026-08-12","M2NA|capability|CAP-M2NA-BLACKWELL-ULTRA-TOPK|FIELD-CAP-IMPLEMENTATION-LEVEL","reviewed","No dedicated implementation is claimed unless a first-party source states it explicitly."
"REQ-M2NA-GAP-0171","","","","","","CAP-M2NA-RUBIN-MOE","","FIELD-CAP-IMPLEMENTATION-LEVEL","pending_verification","Checked for a dedicated MoE-routing or top-k module/instruction rather than a software implementation on general compute.","in_progress","2026-08-12","M2NA|capability|CAP-M2NA-RUBIN-MOE|FIELD-CAP-IMPLEMENTATION-LEVEL","needs_resolution","No dedicated implementation is claimed unless a first-party source states it explicitly."
"REQ-M2NA-GAP-0172","","","","","","CAP-M2NA-RUBIN-TOPK","","FIELD-CAP-IMPLEMENTATION-LEVEL","pending_verification","Checked for a dedicated MoE-routing or top-k module/instruction rather than a software implementation on general compute.","in_progress","2026-08-12","M2NA|capability|CAP-M2NA-RUBIN-TOPK|FIELD-CAP-IMPLEMENTATION-LEVEL","needs_resolution","No dedicated implementation is claimed unless a first-party source states it explicitly."
"REQ-M2NA-GAP-0173","","","","","","CAP-M2NA-CDNA2-MOE","","FIELD-CAP-IMPLEMENTATION-LEVEL","not_found","Checked for a dedicated MoE-routing or top-k module/instruction rather than a software implementation on general compute.","completed","2026-08-12","M2NA|capability|CAP-M2NA-CDNA2-MOE|FIELD-CAP-IMPLEMENTATION-LEVEL","reviewed","No dedicated implementation is claimed unless a first-party source states it explicitly."
"REQ-M2NA-GAP-0174","","","","","","CAP-M2NA-CDNA2-TOPK","","FIELD-CAP-IMPLEMENTATION-LEVEL","not_found","Checked for a dedicated MoE-routing or top-k module/instruction rather than a software implementation on general compute.","completed","2026-08-12","M2NA|capability|CAP-M2NA-CDNA2-TOPK|FIELD-CAP-IMPLEMENTATION-LEVEL","reviewed","No dedicated implementation is claimed unless a first-party source states it explicitly."
"REQ-M2NA-GAP-0175","","","","","","CAP-M2NA-CDNA3-MOE","","FIELD-CAP-IMPLEMENTATION-LEVEL","not_found","Checked for a dedicated MoE-routing or top-k module/instruction rather than a software implementation on general compute.","completed","2026-08-12","M2NA|capability|CAP-M2NA-CDNA3-MOE|FIELD-CAP-IMPLEMENTATION-LEVEL","reviewed","No dedicated implementation is claimed unless a first-party source states it explicitly."
"REQ-M2NA-GAP-0176","","","","","","CAP-M2NA-CDNA3-TOPK","","FIELD-CAP-IMPLEMENTATION-LEVEL","not_found","Checked for a dedicated MoE-routing or top-k module/instruction rather than a software implementation on general compute.","completed","2026-08-12","M2NA|capability|CAP-M2NA-CDNA3-TOPK|FIELD-CAP-IMPLEMENTATION-LEVEL","reviewed","No dedicated implementation is claimed unless a first-party source states it explicitly."
"REQ-M2NA-GAP-0177","","","","","","CAP-M2NA-CDNA4-MOE","","FIELD-CAP-IMPLEMENTATION-LEVEL","not_found","Checked for a dedicated MoE-routing or top-k module/instruction rather than a software implementation on general compute.","completed","2026-08-12","M2NA|capability|CAP-M2NA-CDNA4-MOE|FIELD-CAP-IMPLEMENTATION-LEVEL","reviewed","No dedicated implementation is claimed unless a first-party source states it explicitly."
"REQ-M2NA-GAP-0178","","","","","","CAP-M2NA-CDNA4-TOPK","","FIELD-CAP-IMPLEMENTATION-LEVEL","not_found","Checked for a dedicated MoE-routing or top-k module/instruction rather than a software implementation on general compute.","completed","2026-08-12","M2NA|capability|CAP-M2NA-CDNA4-TOPK|FIELD-CAP-IMPLEMENTATION-LEVEL","reviewed","No dedicated implementation is claimed unless a first-party source states it explicitly."
"REQ-M2NA-GAP-0179","","","","","","CAP-M2NA-CDNA5-MOE","","FIELD-CAP-IMPLEMENTATION-LEVEL","not_found","Checked for a dedicated MoE-routing or top-k module/instruction rather than a software implementation on general compute.","completed","2026-08-12","M2NA|capability|CAP-M2NA-CDNA5-MOE|FIELD-CAP-IMPLEMENTATION-LEVEL","reviewed","No dedicated implementation is claimed unless a first-party source states it explicitly."
"REQ-M2NA-GAP-0180","","","","","","CAP-M2NA-CDNA5-TOPK","","FIELD-CAP-IMPLEMENTATION-LEVEL","not_found","Checked for a dedicated MoE-routing or top-k module/instruction rather than a software implementation on general compute.","completed","2026-08-12","M2NA|capability|CAP-M2NA-CDNA5-TOPK|FIELD-CAP-IMPLEMENTATION-LEVEL","reviewed","No dedicated implementation is claimed unless a first-party source states it explicitly."
"REQ-M2NA-GAP-0181","","","","","","CAP-M2NA-CDNA6-MOE","","FIELD-CAP-IMPLEMENTATION-LEVEL","pending_verification","Checked for a dedicated MoE-routing or top-k module/instruction rather than a software implementation on general compute.","in_progress","2026-08-12","M2NA|capability|CAP-M2NA-CDNA6-MOE|FIELD-CAP-IMPLEMENTATION-LEVEL","needs_resolution","No dedicated implementation is claimed unless a first-party source states it explicitly."
"REQ-M2NA-GAP-0182","","","","","","CAP-M2NA-CDNA6-TOPK","","FIELD-CAP-IMPLEMENTATION-LEVEL","pending_verification","Checked for a dedicated MoE-routing or top-k module/instruction rather than a software implementation on general compute.","in_progress","2026-08-12","M2NA|capability|CAP-M2NA-CDNA6-TOPK|FIELD-CAP-IMPLEMENTATION-LEVEL","needs_resolution","No dedicated implementation is claimed unless a first-party source states it explicitly."
