"signoff_row_id","target_path","pk_column","pk_value","source_path","source_sha256","source_bytes","source_review_status","authorized_review_status","semantic_status_column","semantic_status_before","semantic_status_after","signed_source_line_sha256","canonical_source_row_sha256","canonical_authorized_row_sha256","formal_premerge_sha256","formal_premerge_bytes"
"MI455X-SIGN-0001","数据/card-completeness.csv","card_completeness_id","COMPLETE-M2W3-AMD-MI455X-IDENTITY","审计/子代理交接/m2_staging/M2-W3-AMD-MI455X-MODULE/structured/card-completeness.csv","cc683484036e9aa42321b5ce09166da03c36cb9c8b52495c075ad2b7fa376523","2876","draft","reviewed","","","","ed1bc902263e368fe27c8eab851e1c3d119bb380ab6ef5d721cdfdf1e98e3d3d","bc0094dc5aca9658652be249cba51d65323406bb213a75d72acbc34cf69d6ee4","369651b00e0784f13433ba6bd12c2ceda94231790e43804a695c5ea66f2f6125","a046bf3d9c7c88d1204a2f12e24c1ea654aa9ddd85115b2089c50f2de21c738b","74967"
"MI455X-SIGN-0002","数据/card-completeness.csv","card_completeness_id","COMPLETE-M2W3-AMD-MI455X-PHYSICAL","审计/子代理交接/m2_staging/M2-W3-AMD-MI455X-MODULE/structured/card-completeness.csv","cc683484036e9aa42321b5ce09166da03c36cb9c8b52495c075ad2b7fa376523","2876","draft","reviewed","","","","81f75e8c83ad263319bb46e3e6c985bb3f9fb767aabbd4416252e12607d69b1e","16d9a3424d14677cfe0f1a88735c21b704bcb7400751a969b47747b05bdbe81f","ad992c41f0a535e043d9a4ce235ffcf8b2915175213bc16b6e7bf4928c17443f","a046bf3d9c7c88d1204a2f12e24c1ea654aa9ddd85115b2089c50f2de21c738b","74967"
"MI455X-SIGN-0003","数据/card-completeness.csv","card_completeness_id","COMPLETE-M2W3-AMD-MI455X-COMPUTE","审计/子代理交接/m2_staging/M2-W3-AMD-MI455X-MODULE/structured/card-completeness.csv","cc683484036e9aa42321b5ce09166da03c36cb9c8b52495c075ad2b7fa376523","2876","draft","reviewed","","","","2f5e8fa6a6ebb91c4e676cf1de801709723b0c9fbeaab2f0b4d9633e5ff37610","2fd477ddc5f0072e02a8a10eef2d61ae5482ea6cd19607d76cd106175ccf899c","86326314aea2a4dc0b8b3ede2f54a1b90f6cd4ea9729f89e1a0a217be3800af2","a046bf3d9c7c88d1204a2f12e24c1ea654aa9ddd85115b2089c50f2de21c738b","74967"
"MI455X-SIGN-0004","数据/card-completeness.csv","card_completeness_id","COMPLETE-M2W3-AMD-MI455X-NUMERICS","审计/子代理交接/m2_staging/M2-W3-AMD-MI455X-MODULE/structured/card-completeness.csv","cc683484036e9aa42321b5ce09166da03c36cb9c8b52495c075ad2b7fa376523","2876","draft","reviewed","","","","db5cf312a60fca5f2f0c7429ac9cbd88a836b2f41046782fa5a524b874e13c23","c86a03bc3396b53399a95a8c907092b50cb802e2235fe960791ed14dfa1ebfbd","721a36fd4891625f6ceaf7cb175cf2a95bf60c20368c0b2dd5e37d96f5e057c2","a046bf3d9c7c88d1204a2f12e24c1ea654aa9ddd85115b2089c50f2de21c738b","74967"
"MI455X-SIGN-0005","数据/card-completeness.csv","card_completeness_id","COMPLETE-M2W3-AMD-MI455X-MEMORY","审计/子代理交接/m2_staging/M2-W3-AMD-MI455X-MODULE/structured/card-completeness.csv","cc683484036e9aa42321b5ce09166da03c36cb9c8b52495c075ad2b7fa376523","2876","draft","reviewed","","","","d2310cfcdad95a3bc79c32b41f07897956a1f619f73309d95bc7cefe6810498b","b4e11ea85de20ea1f1f037d911b4ec7b0eadce782bb0b2e68f28e868c9d277de","dfc6ae41e6053111b2bdb940b9ec2fc865a919ce0f1fc46929087f6ea7ffa9c0","a046bf3d9c7c88d1204a2f12e24c1ea654aa9ddd85115b2089c50f2de21c738b","74967"
"MI455X-SIGN-0006","数据/card-completeness.csv","card_completeness_id","COMPLETE-M2W3-AMD-MI455X-INTERCONNECT","审计/子代理交接/m2_staging/M2-W3-AMD-MI455X-MODULE/structured/card-completeness.csv","cc683484036e9aa42321b5ce09166da03c36cb9c8b52495c075ad2b7fa376523","2876","draft","reviewed","","","","e5722c3ec9f5b744b438ca1db2cff9c3c4c7580a85fd81a20174b292837f5655","1e351020708e1ab7b1d15fe6b49af0c8616c63baaabc51e4a7967b5fe561fcb9","78e3795120b296a5fdf995d62e1c5adf8c8b46a847fde9294d85709895251356","a046bf3d9c7c88d1204a2f12e24c1ea654aa9ddd85115b2089c50f2de21c738b","74967"
"MI455X-SIGN-0007","数据/card-completeness.csv","card_completeness_id","COMPLETE-M2W3-AMD-MI455X-SPECIAL_ENGINES","审计/子代理交接/m2_staging/M2-W3-AMD-MI455X-MODULE/structured/card-completeness.csv","cc683484036e9aa42321b5ce09166da03c36cb9c8b52495c075ad2b7fa376523","2876","draft","reviewed","","","","fcd8de6da2e100a78aa444ca56e747e632151786365e18f474cc37f28438338b","2ecef18a7b666fb0cd3bbc4de4cdd0144a682e1da14e6d74586688121ca068b4","ab66eb633088c0d977e970f0fc57da19e7f8345ce0897abdb0836e24b00a1e62","a046bf3d9c7c88d1204a2f12e24c1ea654aa9ddd85115b2089c50f2de21c738b","74967"
"MI455X-SIGN-0008","数据/card-completeness.csv","card_completeness_id","COMPLETE-M2W3-AMD-MI455X-SOFTWARE","审计/子代理交接/m2_staging/M2-W3-AMD-MI455X-MODULE/structured/card-completeness.csv","cc683484036e9aa42321b5ce09166da03c36cb9c8b52495c075ad2b7fa376523","2876","draft","reviewed","","","","ed849df56275a31a6e894208a1646717dcf6bba418e9b41b1f5291b88b811cac","bf2be1d1f507afa3693e95c3a99fdd8043f8416cad1418d1d662ca2f1f047d91","0a86c8b1cdbb0080a15d683d2abeee7fe52a9990ddc60cb51930c2d5224ff459","a046bf3d9c7c88d1204a2f12e24c1ea654aa9ddd85115b2089c50f2de21c738b","74967"
"MI455X-SIGN-0009","数据/card-completeness.csv","card_completeness_id","COMPLETE-M2W3-AMD-MI455X-EVIDENCE","审计/子代理交接/m2_staging/M2-W3-AMD-MI455X-MODULE/structured/card-completeness.csv","cc683484036e9aa42321b5ce09166da03c36cb9c8b52495c075ad2b7fa376523","2876","draft","reviewed","","","","b34a5672898da343f8b4640a83394991db8816af7391e56153ca2396643b0863","b8d8ab1546c61c070ee66a4cf99f6f8ca5af06559059766376284c591dcefe2b","3eefac9218abdfc716988c127bf75507c2f61bf878628a8c46eff8892c21e8c8","a046bf3d9c7c88d1204a2f12e24c1ea654aa9ddd85115b2089c50f2de21c738b","74967"
"MI455X-SIGN-0010","数据/components.csv","component_id","COMP-M2W3-AMD-MI455X-WGP","审计/子代理交接/m2_staging/M2-W3-AMD-MI455X-MODULE/structured/components.csv","a95b02d9181f9fed3e6f3613eaa545ff5408093b279ea7340c4c0020c4f373af","1119","draft","reviewed","","","","d3544642da6da3ca7bf2efa0b23bf72a3eab4108689442d0474cc9310b059730","c26c9379f7461e026a4dedf508e442dc65973287385d89bc8e322d28063a689b","d48f77d4b6ce9fa7c18824d70e420631667f7c17825b454561ea575a5686d233","506243dd2d4f48b281197d5113133e6591f19d14c4c818e0ef140c5039088cd6","43819"
"MI455X-SIGN-0011","数据/components.csv","component_id","COMP-M2W3-AMD-MI455X-MATRIX","审计/子代理交接/m2_staging/M2-W3-AMD-MI455X-MODULE/structured/components.csv","a95b02d9181f9fed3e6f3613eaa545ff5408093b279ea7340c4c0020c4f373af","1119","draft","reviewed","","","","5edf4147f49416666a8e0efdd721a445f9a3b85a768baaad674eb673ba938ed7","5f33d238ad50f0dde06847b8173726a915dacdef8d2e2026fba954023cb90ad5","fc0ad69008e69973dd75617663cfaf9fe4199adb9961851734fedfcfa4333e84","506243dd2d4f48b281197d5113133e6591f19d14c4c818e0ef140c5039088cd6","43819"
"MI455X-SIGN-0012","数据/components.csv","component_id","COMP-M2W3-AMD-MI455X-VECTOR","审计/子代理交接/m2_staging/M2-W3-AMD-MI455X-MODULE/structured/components.csv","a95b02d9181f9fed3e6f3613eaa545ff5408093b279ea7340c4c0020c4f373af","1119","draft","reviewed","","","","9a1b20f83b7fa110c829100d19251546c71b3f4cc42470ce40e0a929af584498","86e62d98fe4559cb22891571c04ec985576b8109abc9dc122f710eeefea7697c","d7588fc43d9be3bb25e13e9ac82ae6b84c1fc293391eb6f5fadc26d88d43b5c7","506243dd2d4f48b281197d5113133e6591f19d14c4c818e0ef140c5039088cd6","43819"
"MI455X-SIGN-0013","数据/components.csv","component_id","COMP-M2W3-AMD-MI455X-HBM4","审计/子代理交接/m2_staging/M2-W3-AMD-MI455X-MODULE/structured/components.csv","a95b02d9181f9fed3e6f3613eaa545ff5408093b279ea7340c4c0020c4f373af","1119","draft","reviewed","","","","cadde067f48bca2e40887d674d7cd58aa9ee5374376e501bb8b469573da122b5","e9421fe8e367eed4df52fc1f2833657192a70c840f9ac05efb947f466acde930","5aae8647da8343b3dc4d277f312b0395549c7a7c17a281b4d4cfd3956e06ad26","506243dd2d4f48b281197d5113133e6591f19d14c4c818e0ef140c5039088cd6","43819"
"MI455X-SIGN-0014","数据/components.csv","component_id","COMP-M2W3-AMD-MI455X-L2","审计/子代理交接/m2_staging/M2-W3-AMD-MI455X-MODULE/structured/components.csv","a95b02d9181f9fed3e6f3613eaa545ff5408093b279ea7340c4c0020c4f373af","1119","draft","reviewed","","","","281bb6a8be9037551c27b4c1f5e96b10e69996e69923efd5a0e6852ac5eaa13e","b412db8cf8ee161c2f4524be2f862d2433cf416fb01630a1cbe2a60e0c9f17eb","73e767ffdcb973c0656863bede5f9d3a6936e159e19b6c9c9e604ddfb77622f0","506243dd2d4f48b281197d5113133e6591f19d14c4c818e0ef140c5039088cd6","43819"
"MI455X-SIGN-0015","数据/condition-sets.csv","condition_set_id","COND-M2W3-AMD-MI455X-XCD-COUNT","审计/子代理交接/m2_staging/M2-W3-AMD-MI455X-MODULE/structured/condition-sets.csv","144ce4b39ac757962cc917c1d5d071853d0a0a22be2fda626548806393b8ec5b","4103","draft","reviewed","","","","901f3be4bef27b6362b55f7d6dcc2dac52f1e8c7e6b3c7434ecca91631d30927","66abb023de37678b7b250bc7994d78c93e1c157df6c28c5d1a2eed920edded34","4d4d24fa9677ff548d9151746ca2106b7c1721ca22e161b94e9bc15f610f5bcf","c80a2e5e5cf98e90a2902c871ca64093d3e9f572a871eedfa1f806d304bd94c3","59126"
"MI455X-SIGN-0016","数据/condition-sets.csv","condition_set_id","COND-M2W3-AMD-MI455X-IOD-COUNT","审计/子代理交接/m2_staging/M2-W3-AMD-MI455X-MODULE/structured/condition-sets.csv","144ce4b39ac757962cc917c1d5d071853d0a0a22be2fda626548806393b8ec5b","4103","draft","reviewed","","","","1b177b12f3cf5ceb8d45783b4090fef50aaf42fc572842ec04bac060449621d0","7ec42f901f75e28880f6b6ac2b14b7dbdcadd453098acb8ba4a08dd460fe7abe","c552bc3e200b7a1e2558b33608389b16caf806bec7f1f0afadd9adb1965d5c4f","c80a2e5e5cf98e90a2902c871ca64093d3e9f572a871eedfa1f806d304bd94c3","59126"
"MI455X-SIGN-0017","数据/condition-sets.csv","condition_set_id","COND-M2W3-AMD-MI455X-PEAK-MATRIX-SPARSITY-UNSPEC","审计/子代理交接/m2_staging/M2-W3-AMD-MI455X-MODULE/structured/condition-sets.csv","144ce4b39ac757962cc917c1d5d071853d0a0a22be2fda626548806393b8ec5b","4103","draft","reviewed","","","","eb552128c28d183cfb1d900e57acdede17e129838a3d7eb99b2a26bf9fce181b","27a187ba60ad6ec7ac736968fa3cb5d200727866bc9d12d732fb3a294893c6ca","941ed63679ca01f579516f839f9a86e4faac2f146ffb76c3204e697341159e4b","c80a2e5e5cf98e90a2902c871ca64093d3e9f572a871eedfa1f806d304bd94c3","59126"
"MI455X-SIGN-0018","数据/condition-sets.csv","condition_set_id","COND-M2W3-AMD-MI455X-PEAK-MATRIX-BASE","审计/子代理交接/m2_staging/M2-W3-AMD-MI455X-MODULE/structured/condition-sets.csv","144ce4b39ac757962cc917c1d5d071853d0a0a22be2fda626548806393b8ec5b","4103","draft","reviewed","","","","919cee00451d0be345767ae561c963500b178b24737e7211494aac3b5a5a9c7c","691dc5cd57daae3188aee37c7d7b956c37f2cf3cbb084df710f4a285e2cf15da","2b923f053ef5bf2f6d13e1890cb1b89718ef1f0c8ebd26f827bb9e2a43c326f4","c80a2e5e5cf98e90a2902c871ca64093d3e9f572a871eedfa1f806d304bd94c3","59126"
"MI455X-SIGN-0019","数据/condition-sets.csv","condition_set_id","COND-M2W3-AMD-MI455X-PEAK-MATRIX-STRUCTURED","审计/子代理交接/m2_staging/M2-W3-AMD-MI455X-MODULE/structured/condition-sets.csv","144ce4b39ac757962cc917c1d5d071853d0a0a22be2fda626548806393b8ec5b","4103","draft","reviewed","","","","6e0fe3c3ef3b66fa53afd1def082b9717a0baab943aa6902cb5e1f834a49cabc","bb535810810f8685428391bd2d8b5010e1a8d15a67f8afd087ef5a90bbb50ab5","8c2e3986c3e37b4d84042ece72a56a02b838fca8a42888b1a628b42302b452f0","c80a2e5e5cf98e90a2902c871ca64093d3e9f572a871eedfa1f806d304bd94c3","59126"
"MI455X-SIGN-0020","数据/condition-sets.csv","condition_set_id","COND-M2W3-AMD-MI455X-PEAK-VECTOR","审计/子代理交接/m2_staging/M2-W3-AMD-MI455X-MODULE/structured/condition-sets.csv","144ce4b39ac757962cc917c1d5d071853d0a0a22be2fda626548806393b8ec5b","4103","draft","reviewed","","","","6cfab68473fc922fa7718d8db3f1f74d2cd6c247728afc3709207d65a8b305bf","1758837a15a350f0a8d57374d27d67233f9dff6845331576926eb49f8f4165eb","4379d5aaaa145a2af7fe0cc0ee3d089f5205479d6dc68e5beea0d57a4ce1a74d","c80a2e5e5cf98e90a2902c871ca64093d3e9f572a871eedfa1f806d304bd94c3","59126"
"MI455X-SIGN-0021","数据/condition-sets.csv","condition_set_id","COND-M2W3-AMD-MI455X-HBM4-PEAK-BW","审计/子代理交接/m2_staging/M2-W3-AMD-MI455X-MODULE/structured/condition-sets.csv","144ce4b39ac757962cc917c1d5d071853d0a0a22be2fda626548806393b8ec5b","4103","draft","reviewed","","","","4e05bd572a8cd9d4927eec87453d4d2db7c831a5a878c38c5a9ee0a15d0a904c","5431306ba8950914c3163053de4bab9d31c251def4b9fa3430f12aa7bb4bc15f","e45773a2534f31ac7f63d597feb541677437497f0790d8213378545e72e4020e","c80a2e5e5cf98e90a2902c871ca64093d3e9f572a871eedfa1f806d304bd94c3","59126"
"MI455X-SIGN-0022","数据/condition-sets.csv","condition_set_id","COND-M2W3-AMD-MI455X-CPU-GPU-BW","审计/子代理交接/m2_staging/M2-W3-AMD-MI455X-MODULE/structured/condition-sets.csv","144ce4b39ac757962cc917c1d5d071853d0a0a22be2fda626548806393b8ec5b","4103","draft","reviewed","","","","b7d754d8608ced997b1aed604acdb64501ccbecf460512defda965f8a26ec7c8","ac0d13b3b3919746060eaca3018f738b0ca03d6f4761327c641e0cb87723a5e5","2df71213156a71f84b4b97246b8997cb5402ac9fc36d7157e5617e16617830b3","c80a2e5e5cf98e90a2902c871ca64093d3e9f572a871eedfa1f806d304bd94c3","59126"
"MI455X-SIGN-0023","数据/condition-sets.csv","condition_set_id","COND-M2W3-AMD-MI455X-LINK-BIDIR-PEAK","审计/子代理交接/m2_staging/M2-W3-AMD-MI455X-MODULE/structured/condition-sets.csv","144ce4b39ac757962cc917c1d5d071853d0a0a22be2fda626548806393b8ec5b","4103","draft","reviewed","","","","302bc2069fac682bc32c59a2a1397f5c3c300faa9c2180649d7a8319ff3ff531","687ab4d1e5c2d8d47973858f3d60f28d51dd468d6eff6d87ec8a6edb424f7847","50e0daecabdb374355b9ae44064c9b19bdefe1b4bc926b50848a499718e1d7aa","c80a2e5e5cf98e90a2902c871ca64093d3e9f572a871eedfa1f806d304bd94c3","59126"
"MI455X-SIGN-0024","最小参考资料库/fact-assertions.csv","assertion_id","ASSERT-M2W3-AMD-MI455X-VENDOR-PRODUCT","审计/子代理交接/m2_staging/M2-W3-AMD-MI455X-MODULE/structured/fact-assertions.csv","657ddf52f1423b5b4a4c2eab7a0e4543470de61f99f0e800e7eb9085522c6273","24952","draft","reviewed","","","","91e8f05d3909423ecc24c67ad5675864640114511de05cfb1820736647c5c907","1deca0d42f121fb1a81aebefbfaf2f39052952f70a921c466629389dfd460552","5f673701695a1bf54103b31c7e53173c1f0bd9593cfad8ae62131303a408ae96","7066ed9c845dadb801047b9e4cbd2ea50f7af1c9f6d0836a9d5a5115d40fc92b","344531"
"MI455X-SIGN-0025","最小参考资料库/fact-assertions.csv","assertion_id","ASSERT-M2W3-AMD-MI455X-FAMILY-PRODUCT","审计/子代理交接/m2_staging/M2-W3-AMD-MI455X-MODULE/structured/fact-assertions.csv","657ddf52f1423b5b4a4c2eab7a0e4543470de61f99f0e800e7eb9085522c6273","24952","draft","reviewed","","","","4024ccda8a3f4ee63cd1e4ef6c5222b300c78d25f6174b57f05380ddae210475","3a9e03f436973e04d6b204942319fb1b0f7bc04b80afcf6791b357649fa8a988","ef5256bed5e909bd12ce54291e8bb70d07dcfdf5f3251f1f45607f4ae14d1ca5","7066ed9c845dadb801047b9e4cbd2ea50f7af1c9f6d0836a9d5a5115d40fc92b","344531"
"MI455X-SIGN-0026","最小参考资料库/fact-assertions.csv","assertion_id","ASSERT-M2W3-AMD-MI455X-NAME-PRODUCT","审计/子代理交接/m2_staging/M2-W3-AMD-MI455X-MODULE/structured/fact-assertions.csv","657ddf52f1423b5b4a4c2eab7a0e4543470de61f99f0e800e7eb9085522c6273","24952","draft","reviewed","","","","a09a52aaeafed0446f877ef5758df2fbf8753495743d436f6c8958857d6ee301","552f7af2e4959adc1d875840e7e301abe50cf5db9085c82614ce6b055eb72f59","c4f5545b73f2401a727d412d7f374a6e86259566c41a5fa397023f7efb90bcdc","7066ed9c845dadb801047b9e4cbd2ea50f7af1c9f6d0836a9d5a5115d40fc92b","344531"
"MI455X-SIGN-0027","最小参考资料库/fact-assertions.csv","assertion_id","ASSERT-M2W3-AMD-MI455X-SKU-PRODUCT","审计/子代理交接/m2_staging/M2-W3-AMD-MI455X-MODULE/structured/fact-assertions.csv","657ddf52f1423b5b4a4c2eab7a0e4543470de61f99f0e800e7eb9085522c6273","24952","draft","reviewed","","","","4fa64ff84b900281166d8baabf753a53c1899134730fbadb299da95268b8f19f","4c12f09c3c4af2ecaa3969abaf36dca19995fd13a00638a76ad4bbfe640733b3","8a31437cb3e9e5ac325a369f36f5b6f9fb5e2ebfc720d264817000bc33374f20","7066ed9c845dadb801047b9e4cbd2ea50f7af1c9f6d0836a9d5a5115d40fc92b","344531"
"MI455X-SIGN-0028","最小参考资料库/fact-assertions.csv","assertion_id","ASSERT-M2W3-AMD-MI455X-OBJECT-TYPE-BROCHURE","审计/子代理交接/m2_staging/M2-W3-AMD-MI455X-MODULE/structured/fact-assertions.csv","657ddf52f1423b5b4a4c2eab7a0e4543470de61f99f0e800e7eb9085522c6273","24952","draft","reviewed","","","","36164f696a87c2cc84d0ac895898faeb8e4ee95cd2c07ea5df219825ee4f7a51","815b024a40f9d05490d6057a028322771c83b2d0bc792756fb42b4bfcbee2ec3","9b3403da5e4529a9e6b464c57ee0aa8cd83b089b51c16c532ace6cfac62631e4","7066ed9c845dadb801047b9e4cbd2ea50f7af1c9f6d0836a9d5a5115d40fc92b","344531"
"MI455X-SIGN-0029","最小参考资料库/fact-assertions.csv","assertion_id","ASSERT-M2W3-AMD-MI455X-RELEASE-DATE-PRODUCT","审计/子代理交接/m2_staging/M2-W3-AMD-MI455X-MODULE/structured/fact-assertions.csv","657ddf52f1423b5b4a4c2eab7a0e4543470de61f99f0e800e7eb9085522c6273","24952","draft","reviewed","","","","c7ff09ff8df6a5b1b32bfc4da41030dd8bbe8f345cf5764397c8f20c946280af","6a22363658aa07f35d44b6327ab83a16dac83ad831abfe2a045bfee3e47a97aa","0fa7d6168e41bc6d107bfcec472010f81cf766e56f9d7829438a785272544725","7066ed9c845dadb801047b9e4cbd2ea50f7af1c9f6d0836a9d5a5115d40fc92b","344531"
"MI455X-SIGN-0030","最小参考资料库/fact-assertions.csv","assertion_id","ASSERT-M2W3-AMD-MI455X-STATUS-PRODUCT","审计/子代理交接/m2_staging/M2-W3-AMD-MI455X-MODULE/structured/fact-assertions.csv","657ddf52f1423b5b4a4c2eab7a0e4543470de61f99f0e800e7eb9085522c6273","24952","draft","reviewed","","","","8d89747073853b359dd9baa26e15d7b735f2742f7229fcd798f3450ea1aba8b7","6f98719dc5351773f8567026749a30ad40110e9f095a2a7f5e01708ee3396cea","0892a231a19d4278682c9271b657ceb6f1f61a53514c5491509bfe6cb26b080a","7066ed9c845dadb801047b9e4cbd2ea50f7af1c9f6d0836a9d5a5115d40fc92b","344531"
"MI455X-SIGN-0031","最小参考资料库/fact-assertions.csv","assertion_id","ASSERT-M2W3-AMD-MI455X-PROCESS-PRODUCT","审计/子代理交接/m2_staging/M2-W3-AMD-MI455X-MODULE/structured/fact-assertions.csv","657ddf52f1423b5b4a4c2eab7a0e4543470de61f99f0e800e7eb9085522c6273","24952","draft","reviewed","","","","d6eba376c976a1dfd78dba1073532549283b2dfc3905e3e2327e24392d13effe","6470a20ed2571b03e2048075994a5e85994d083bd666b6ea4bf8d99b0dc64bb6","7ac0f5dcbd50778ddfc6016373d1946d256f320274cc0023f61775005b323b4b","7066ed9c845dadb801047b9e4cbd2ea50f7af1c9f6d0836a9d5a5115d40fc92b","344531"
"MI455X-SIGN-0032","最小参考资料库/fact-assertions.csv","assertion_id","ASSERT-M2W3-AMD-MI455X-PACKAGE-MI400","审计/子代理交接/m2_staging/M2-W3-AMD-MI455X-MODULE/structured/fact-assertions.csv","657ddf52f1423b5b4a4c2eab7a0e4543470de61f99f0e800e7eb9085522c6273","24952","draft","reviewed","","","","ca6b6d9b37566d1a0fb002e8aea7284b4428ec940fac4fce3623e93693b02a98","5d7c1022f3483171d5cd40d8efb7a26c809b75dfbbfd16c8cd4662c649ecff91","58574c27c525b7aab849f60e38f58c0f890118313a60987138d23a44384147c3","7066ed9c845dadb801047b9e4cbd2ea50f7af1c9f6d0836a9d5a5115d40fc92b","344531"
"MI455X-SIGN-0033","最小参考资料库/fact-assertions.csv","assertion_id","ASSERT-M2W3-AMD-MI455X-XCD-COUNT-BROCHURE","审计/子代理交接/m2_staging/M2-W3-AMD-MI455X-MODULE/structured/fact-assertions.csv","657ddf52f1423b5b4a4c2eab7a0e4543470de61f99f0e800e7eb9085522c6273","24952","draft","reviewed","","","","adf21c5a9b4fc375f86133979005ca5120d61f09e4fa765eedffaa516c74e647","2849d22a1f3335e8910897bca5d5125ba6a1b091634d71dbdc1ef7de131eba30","8cc7f9ae5e1805830df48db04a0df33aecbb34dbf7a795a5fa38b6f04d6b066d","7066ed9c845dadb801047b9e4cbd2ea50f7af1c9f6d0836a9d5a5115d40fc92b","344531"
"MI455X-SIGN-0034","最小参考资料库/fact-assertions.csv","assertion_id","ASSERT-M2W3-AMD-MI455X-IOD-COUNT-BROCHURE","审计/子代理交接/m2_staging/M2-W3-AMD-MI455X-MODULE/structured/fact-assertions.csv","657ddf52f1423b5b4a4c2eab7a0e4543470de61f99f0e800e7eb9085522c6273","24952","draft","reviewed","","","","b0685c4d2dee0941202aac3205745a45a6423b0fa644521c22811497302f4183","4d6786fad923c19648e298282aedd145f40486f225c90f68b186e6c1cc90783f","0ae2e8a95e080125337d665ad43becb7f8161690563c133f83cfcc2adc594a71","7066ed9c845dadb801047b9e4cbd2ea50f7af1c9f6d0836a9d5a5115d40fc92b","344531"
"MI455X-SIGN-0035","最小参考资料库/fact-assertions.csv","assertion_id","ASSERT-M2W3-AMD-MI455X-TRANSISTORS-PRODUCT","审计/子代理交接/m2_staging/M2-W3-AMD-MI455X-MODULE/structured/fact-assertions.csv","657ddf52f1423b5b4a4c2eab7a0e4543470de61f99f0e800e7eb9085522c6273","24952","draft","reviewed","","","","3fe8661828d6aa5f0ada52fab18c7c8d7643847248a1d1c3ed63bb5b3188b91e","20c6e1f5efc9982a95151a56616160d4c5157f0cfffba5209ff5adbc87de56aa","daf21107027955850be4103cc7373a1ad3bb4e58f636da0e17e3d73cdfc809be","7066ed9c845dadb801047b9e4cbd2ea50f7af1c9f6d0836a9d5a5115d40fc92b","344531"
"MI455X-SIGN-0036","最小参考资料库/fact-assertions.csv","assertion_id","ASSERT-M2W3-AMD-MI455X-CLOCK-BROCHURE","审计/子代理交接/m2_staging/M2-W3-AMD-MI455X-MODULE/structured/fact-assertions.csv","657ddf52f1423b5b4a4c2eab7a0e4543470de61f99f0e800e7eb9085522c6273","24952","draft","reviewed","","","","93197368ec4d5f1ad923d6560754dbd2eda05af7fdcc765aabbf9fe7ece20e73","69bbfb6802fa0b85f483b5da39849b95d661a7008c8d3a438440547407c6fe2b","ee3b5cef1dfe06ef7986a0bdf1e058de505b9bf2b16c204e65ef8070d73ac164","7066ed9c845dadb801047b9e4cbd2ea50f7af1c9f6d0836a9d5a5115d40fc92b","344531"
"MI455X-SIGN-0037","最小参考资料库/fact-assertions.csv","assertion_id","ASSERT-M2W3-AMD-MI455X-FORM-FACTOR-BROCHURE","审计/子代理交接/m2_staging/M2-W3-AMD-MI455X-MODULE/structured/fact-assertions.csv","657ddf52f1423b5b4a4c2eab7a0e4543470de61f99f0e800e7eb9085522c6273","24952","draft","reviewed","","","","5f7d7c89b6b3fc762e8d9284de54bb041d48e35f62d8846630dbcdf0b084180e","a936eddd0c5b957fe605ad915687694b354a77d762cf3775470583e269e373b5","4958805f3edb7d2e8d1b98076b1ae813ee5613f9ed3c477881ecd36b8321959a","7066ed9c845dadb801047b9e4cbd2ea50f7af1c9f6d0836a9d5a5115d40fc92b","344531"
"MI455X-SIGN-0038","最小参考资料库/fact-assertions.csv","assertion_id","ASSERT-M2W3-AMD-MI455X-COOLING-BROCHURE","审计/子代理交接/m2_staging/M2-W3-AMD-MI455X-MODULE/structured/fact-assertions.csv","657ddf52f1423b5b4a4c2eab7a0e4543470de61f99f0e800e7eb9085522c6273","24952","draft","reviewed","","","","797d56a89c3eb686c68192ee6b51c5dcd528eeb15be462bdea23ab1c3b555dcb","556563f70ac72f40b8591bf0c5ee1ea639fe42faebf155910f5121b465046213","4e688e42b2a6fea2bfb7a78351261a199fe6302bd9affa7f9c5265d062f63c84","7066ed9c845dadb801047b9e4cbd2ea50f7af1c9f6d0836a9d5a5115d40fc92b","344531"
"MI455X-SIGN-0039","最小参考资料库/fact-assertions.csv","assertion_id","ASSERT-M2W3-AMD-MI455X-HBM-STACKS-PRODUCT","审计/子代理交接/m2_staging/M2-W3-AMD-MI455X-MODULE/structured/fact-assertions.csv","657ddf52f1423b5b4a4c2eab7a0e4543470de61f99f0e800e7eb9085522c6273","24952","draft","reviewed","","","","894d39cee7f7384348a68e4496f9e89b4da016f29d48ea7d39af648370d8b1fc","350d51395524ebe64fe8525ec39b459dc9d6694ab8d8924a00f7d37f03ee46a9","2e0d9b764419e5ca1b72a920620c4af0a683efe3d1c332d98ee29a4a43cbb16c","7066ed9c845dadb801047b9e4cbd2ea50f7af1c9f6d0836a9d5a5115d40fc92b","344531"
"MI455X-SIGN-0040","最小参考资料库/fact-assertions.csv","assertion_id","ASSERT-M2W3-AMD-MI455X-RAS-BROCHURE","审计/子代理交接/m2_staging/M2-W3-AMD-MI455X-MODULE/structured/fact-assertions.csv","657ddf52f1423b5b4a4c2eab7a0e4543470de61f99f0e800e7eb9085522c6273","24952","draft","reviewed","","","","36d14f137389b4487b51cd5ba52da5501b881361e9421acf8d31b1d01f3f67d4","896fc19329c774e2d20da646c4bdba5b4ff6058429a91656a043dfd71c80ad96","c20c219cedf3e9305f5122b7ea60a4b307fc5f4cbcd97362291a66aa77fb55aa","7066ed9c845dadb801047b9e4cbd2ea50f7af1c9f6d0836a9d5a5115d40fc92b","344531"
"MI455X-SIGN-0041","最小参考资料库/fact-assertions.csv","assertion_id","ASSERT-M2W3-AMD-MI455X-WGP-COUNT-PRODUCT","审计/子代理交接/m2_staging/M2-W3-AMD-MI455X-MODULE/structured/fact-assertions.csv","657ddf52f1423b5b4a4c2eab7a0e4543470de61f99f0e800e7eb9085522c6273","24952","draft","reviewed","","","","2a7e39d889b5726f76a264175c718ff07dfc262a03b23801fdf3be1c138f9e15","c7f12f81d1b6f44c6a3836adaf155a8efaa15fcf994d7dfc39278af6e25a4c09","4f5941b0e413d1413b1c50dc0e2a61ae3896f43d77e0809d4e6d6244d12b1bed","7066ed9c845dadb801047b9e4cbd2ea50f7af1c9f6d0836a9d5a5115d40fc92b","344531"
"MI455X-SIGN-0042","最小参考资料库/fact-assertions.csv","assertion_id","ASSERT-M2W3-AMD-MI455X-HBM4-CAPACITY-BROCHURE","审计/子代理交接/m2_staging/M2-W3-AMD-MI455X-MODULE/structured/fact-assertions.csv","657ddf52f1423b5b4a4c2eab7a0e4543470de61f99f0e800e7eb9085522c6273","24952","draft","reviewed","","","","33bbd3b3a40750a4109a0b93b68d52601cba3a624d47c0b0371bc562539d5bf8","0911a06201845531d6d525a6da05dd6e052c12ee98c284e1450c6caa715039a9","87b8555ac7404a7c474d02a72669b3b3799f2498735313eba221eff4930e9de9","7066ed9c845dadb801047b9e4cbd2ea50f7af1c9f6d0836a9d5a5115d40fc92b","344531"
"MI455X-SIGN-0043","最小参考资料库/fact-assertions.csv","assertion_id","ASSERT-M2W3-AMD-MI455X-L2-CAPACITY-PRODUCT","审计/子代理交接/m2_staging/M2-W3-AMD-MI455X-MODULE/structured/fact-assertions.csv","657ddf52f1423b5b4a4c2eab7a0e4543470de61f99f0e800e7eb9085522c6273","24952","draft","reviewed","","","","dc43a2d2d20c2a72cc065dd9fbbf4859f6fc9c13c2400f595ad06424315b5db5","791887f77000d9d79a3af081beaf6e1c5e99509c4794edd66c93460e19a07291","1e21e89a51175a572039d8fa3875ffb7ed6b1892c1aa68b3e224a6529b67261a","7066ed9c845dadb801047b9e4cbd2ea50f7af1c9f6d0836a9d5a5115d40fc92b","344531"
"MI455X-SIGN-0044","最小参考资料库/fact-assertions.csv","assertion_id","ASSERT-M2W3-AMD-MI455X-HBM4-BW-BROCHURE","审计/子代理交接/m2_staging/M2-W3-AMD-MI455X-MODULE/structured/fact-assertions.csv","657ddf52f1423b5b4a4c2eab7a0e4543470de61f99f0e800e7eb9085522c6273","24952","draft","reviewed","","","","a7db35dca841c9c92e6a28ab4d07aba42945ef56ab81d4938dedff527a89d096","6c5840b975d6bbfef3bd1fe3e65d207b1b58e387044867dd4cd1267205f58974","185f385db9a663ca8e56557f2b8babc3e9efe52b9041ebcbd0df9ea9e72cb6e6","7066ed9c845dadb801047b9e4cbd2ea50f7af1c9f6d0836a9d5a5115d40fc92b","344531"
"MI455X-SIGN-0045","最小参考资料库/fact-assertions.csv","assertion_id","ASSERT-M2W3-AMD-MI455X-MXFP4-PEAK-BROCHURE","审计/子代理交接/m2_staging/M2-W3-AMD-MI455X-MODULE/structured/fact-assertions.csv","657ddf52f1423b5b4a4c2eab7a0e4543470de61f99f0e800e7eb9085522c6273","24952","draft","reviewed","","","","fbaf47b83f26f51775d20cab8e9cf698fe907f12a937c2f4e911e3aaa617a172","ed0187782e7f2c92ca4b06eb5db71145df732f3a93e783e277850da1fae4fc34","0d862c00d6613ed744beb2166ab8e62d406993acae5939ac44e65ffc6e1e4d59","7066ed9c845dadb801047b9e4cbd2ea50f7af1c9f6d0836a9d5a5115d40fc92b","344531"
"MI455X-SIGN-0046","最小参考资料库/fact-assertions.csv","assertion_id","ASSERT-M2W3-AMD-MI455X-MXFP6-PEAK-BROCHURE","审计/子代理交接/m2_staging/M2-W3-AMD-MI455X-MODULE/structured/fact-assertions.csv","657ddf52f1423b5b4a4c2eab7a0e4543470de61f99f0e800e7eb9085522c6273","24952","draft","reviewed","","","","ba6cf6cd3721687b964b71d31c02e439e66833e7c2d6a53503abba075ec43633","5df53cb580f573193fa38d978a8529e85f9197be78303cd42e492533a83d5d84","e1d08f3310f47b09e21be48d1535ef1815548c3525ee4c4199586575141d1813","7066ed9c845dadb801047b9e4cbd2ea50f7af1c9f6d0836a9d5a5115d40fc92b","344531"
"MI455X-SIGN-0047","最小参考资料库/fact-assertions.csv","assertion_id","ASSERT-M2W3-AMD-MI455X-MXFP8-PEAK-BROCHURE","审计/子代理交接/m2_staging/M2-W3-AMD-MI455X-MODULE/structured/fact-assertions.csv","657ddf52f1423b5b4a4c2eab7a0e4543470de61f99f0e800e7eb9085522c6273","24952","draft","reviewed","","","","31f5f9fea082522d674f7eadd0b3f2aa5455ce7c303c9e2504dbee43f4e4c248","354823b016d061831d338e19a7ec47d02ae4aa17b74754b50bd0a0da920264f6","58bdc3780bb35574e568344f939cc6ebd96b80cff94837cfe2e5c71da047d6ff","7066ed9c845dadb801047b9e4cbd2ea50f7af1c9f6d0836a9d5a5115d40fc92b","344531"
"MI455X-SIGN-0048","最小参考资料库/fact-assertions.csv","assertion_id","ASSERT-M2W3-AMD-MI455X-FP8-PEAK-BROCHURE","审计/子代理交接/m2_staging/M2-W3-AMD-MI455X-MODULE/structured/fact-assertions.csv","657ddf52f1423b5b4a4c2eab7a0e4543470de61f99f0e800e7eb9085522c6273","24952","draft","reviewed","","","","774ab4aff508be7b0b545ddc325067c9a8ba06160fdd5081953416deda769a1a","68db61e6926e93743effb5650a9f22fb16ab3333d328a525480c42b379eb04da","8d27522fe7e6529e68f9d39321c2ca649608859fcccd0e04d6a766e2cbc706c5","7066ed9c845dadb801047b9e4cbd2ea50f7af1c9f6d0836a9d5a5115d40fc92b","344531"
"MI455X-SIGN-0049","最小参考资料库/fact-assertions.csv","assertion_id","ASSERT-M2W3-AMD-MI455X-FP16-VECTOR-PEAK-BROCHURE","审计/子代理交接/m2_staging/M2-W3-AMD-MI455X-MODULE/structured/fact-assertions.csv","657ddf52f1423b5b4a4c2eab7a0e4543470de61f99f0e800e7eb9085522c6273","24952","draft","reviewed","","","","845373e89b265fae195539bae7bd2ebd31cd4c69a885499e99b5efed826bd414","8402b153b02e7c19b42ed349ad65a1833406827f86f227ea83bf77530a0ff54a","0b4a7efdc6961eba8a2ceb9aaa78f768136e176946b3efb57b62753cd15c069d","7066ed9c845dadb801047b9e4cbd2ea50f7af1c9f6d0836a9d5a5115d40fc92b","344531"
"MI455X-SIGN-0050","最小参考资料库/fact-assertions.csv","assertion_id","ASSERT-M2W3-AMD-MI455X-FP16-MATRIX-BASE-PEAK-BROCHURE","审计/子代理交接/m2_staging/M2-W3-AMD-MI455X-MODULE/structured/fact-assertions.csv","657ddf52f1423b5b4a4c2eab7a0e4543470de61f99f0e800e7eb9085522c6273","24952","draft","reviewed","","","","60eeb6dc116d7ae162465311e07a96d3c840cca316a0e045bac82d734391f615","d35fc597ae853dd43807270f04a4c4f75048d300b715a686843d35ad46519066","633ff9440eb12a4acc1e1b130732796ad630f93601c1a40ae7d40b4ab333e614","7066ed9c845dadb801047b9e4cbd2ea50f7af1c9f6d0836a9d5a5115d40fc92b","344531"
"MI455X-SIGN-0051","最小参考资料库/fact-assertions.csv","assertion_id","ASSERT-M2W3-AMD-MI455X-FP16-MATRIX-SPARSE-PEAK-BROCHURE","审计/子代理交接/m2_staging/M2-W3-AMD-MI455X-MODULE/structured/fact-assertions.csv","657ddf52f1423b5b4a4c2eab7a0e4543470de61f99f0e800e7eb9085522c6273","24952","draft","reviewed","","","","55dac46c04c5c6269f052bf1f8bd264c12621ff2d8285f3a25165510875dac2c","c717b6889aa0f4cc65b8c8b69bd1cca074e77480be3dba79dbac4c1b3f9fc176","4372b7b89644fa4582d7fc8b9ba99e338322e8839225d76592e0acee750b8ea8","7066ed9c845dadb801047b9e4cbd2ea50f7af1c9f6d0836a9d5a5115d40fc92b","344531"
"MI455X-SIGN-0052","最小参考资料库/fact-assertions.csv","assertion_id","ASSERT-M2W3-AMD-MI455X-FP32-MATRIX-PEAK-BROCHURE","审计/子代理交接/m2_staging/M2-W3-AMD-MI455X-MODULE/structured/fact-assertions.csv","657ddf52f1423b5b4a4c2eab7a0e4543470de61f99f0e800e7eb9085522c6273","24952","draft","reviewed","","","","c81c80d134b901a609a0ab228b81b54a1946cfba59ee78278164e1f7d95f789b","429e8dde4c6fc6c5dad48f110a865602104ee1b28a03c5ffbedd58ba0b8e22e3","a84d5504860d5196219a3f12305e3a93a882931770075d1ca73d9614e4f168f1","7066ed9c845dadb801047b9e4cbd2ea50f7af1c9f6d0836a9d5a5115d40fc92b","344531"
"MI455X-SIGN-0053","最小参考资料库/fact-assertions.csv","assertion_id","ASSERT-M2W3-AMD-MI455X-FP32-VECTOR-PEAK-BROCHURE","审计/子代理交接/m2_staging/M2-W3-AMD-MI455X-MODULE/structured/fact-assertions.csv","657ddf52f1423b5b4a4c2eab7a0e4543470de61f99f0e800e7eb9085522c6273","24952","draft","reviewed","","","","9a86f724bf3247c0322c1adda0660bcca3966acda09cee80de9fb7fe66b69466","dd2e1ba95831ed2ed13ff53bb6d3d2b7315d4b496977589bcd9b68964d72f037","54a59cc419f1affecd492b2d4c9b28f5c73ba377cba77b704f231a1c747f05c6","7066ed9c845dadb801047b9e4cbd2ea50f7af1c9f6d0836a9d5a5115d40fc92b","344531"
"MI455X-SIGN-0054","最小参考资料库/fact-assertions.csv","assertion_id","ASSERT-M2W3-AMD-MI455X-FP64-MATRIX-PEAK-BROCHURE","审计/子代理交接/m2_staging/M2-W3-AMD-MI455X-MODULE/structured/fact-assertions.csv","657ddf52f1423b5b4a4c2eab7a0e4543470de61f99f0e800e7eb9085522c6273","24952","draft","reviewed","","","","e095bbdb41e49d65e5496c126aa01ae2311617ad9e376fa69b6766589135f801","4602bd83f8142bde6b1b7d217f7216e259139fa850f4f85ed1d279f7ce7205a6","8b93bb403a354473713765d6346aa8cd863c02264ce64f55ccca0f6a100f0310","7066ed9c845dadb801047b9e4cbd2ea50f7af1c9f6d0836a9d5a5115d40fc92b","344531"
"MI455X-SIGN-0055","最小参考资料库/fact-assertions.csv","assertion_id","ASSERT-M2W3-AMD-MI455X-FP64-VECTOR-PEAK-BROCHURE","审计/子代理交接/m2_staging/M2-W3-AMD-MI455X-MODULE/structured/fact-assertions.csv","657ddf52f1423b5b4a4c2eab7a0e4543470de61f99f0e800e7eb9085522c6273","24952","draft","reviewed","","","","b04db78fb511e3f3f7c1a6c5f87948b901433ce6fdab736375327198a08e4d92","10bae893f159c53144e3195ae9c82f7fdfab21f0f8e31b9173727555d034be00","67266d5700f0ff639d6aef31b3d7e6d9d1416ab2247b117eec13549a759d06d2","7066ed9c845dadb801047b9e4cbd2ea50f7af1c9f6d0836a9d5a5115d40fc92b","344531"
"MI455X-SIGN-0056","最小参考资料库/fact-assertions.csv","assertion_id","ASSERT-M2W3-AMD-MI455X-INT8-MATRIX-BASE-PEAK-BROCHURE","审计/子代理交接/m2_staging/M2-W3-AMD-MI455X-MODULE/structured/fact-assertions.csv","657ddf52f1423b5b4a4c2eab7a0e4543470de61f99f0e800e7eb9085522c6273","24952","draft","reviewed","","","","c4b98c4f874bb7619613b0d9b0e06600eeb0fefd2c312e36353cd02f897de501","b57f43eddc7e258fa23fad15bc4eb2da34f9300bfe032363196b4dc046222846","09a32fb3f0abc767f5c57423cef2cb106204f928737b8ef6c46ab9c06a42b48e","7066ed9c845dadb801047b9e4cbd2ea50f7af1c9f6d0836a9d5a5115d40fc92b","344531"
"MI455X-SIGN-0057","最小参考资料库/fact-assertions.csv","assertion_id","ASSERT-M2W3-AMD-MI455X-INT8-MATRIX-SPARSE-PEAK-BROCHURE","审计/子代理交接/m2_staging/M2-W3-AMD-MI455X-MODULE/structured/fact-assertions.csv","657ddf52f1423b5b4a4c2eab7a0e4543470de61f99f0e800e7eb9085522c6273","24952","draft","reviewed","","","","97a2b1912f3e4c77964fca101dc1ae13511ec77af6e24bd06ae25758f3c8fd59","d5c2ee8fa873d20eab7b2f05ae6dd5b5144af4a1b1b9d50cd852e7f1264835ad","3921cbbad5547e68b40506383feecdbbe33d4048cbb88e0d30be8aa7cf679205","7066ed9c845dadb801047b9e4cbd2ea50f7af1c9f6d0836a9d5a5115d40fc92b","344531"
"MI455X-SIGN-0058","最小参考资料库/fact-assertions.csv","assertion_id","ASSERT-M2W3-AMD-MI455X-BF16-MATRIX-BASE-PEAK-BROCHURE","审计/子代理交接/m2_staging/M2-W3-AMD-MI455X-MODULE/structured/fact-assertions.csv","657ddf52f1423b5b4a4c2eab7a0e4543470de61f99f0e800e7eb9085522c6273","24952","draft","reviewed","","","","4192e7f4f8a7c965d868f07de8ba850aef6c632e188d2b4a53240eec81a5741c","1c8bc60cfd7ec469ea7e46db1096a90b1a744d4d9617f82940adf7e1ed2c46b7","37d256319849fbbbcdd06a1c92feb64251a5ebbdf45a731e0636fe147fe31697","7066ed9c845dadb801047b9e4cbd2ea50f7af1c9f6d0836a9d5a5115d40fc92b","344531"
"MI455X-SIGN-0059","最小参考资料库/fact-assertions.csv","assertion_id","ASSERT-M2W3-AMD-MI455X-BF16-MATRIX-SPARSE-PEAK-BROCHURE","审计/子代理交接/m2_staging/M2-W3-AMD-MI455X-MODULE/structured/fact-assertions.csv","657ddf52f1423b5b4a4c2eab7a0e4543470de61f99f0e800e7eb9085522c6273","24952","draft","reviewed","","","","0632d52f9f7e54fab2bb67120e6a418323e94a60150ade2e703d228b1c44a4b3","be30a7b4e00f4e921da791e6fdb34f126dd6b1768388bf5e61d4f70c9e195d9f","383ace3d6b507c9984043df495a0feb32af3330f8204aba32c8ef997cd079ce1","7066ed9c845dadb801047b9e4cbd2ea50f7af1c9f6d0836a9d5a5115d40fc92b","344531"
"MI455X-SIGN-0060","最小参考资料库/fact-assertions.csv","assertion_id","ASSERT-M2W3-AMD-MI455X-CPU-GPU-BW-BROCHURE","审计/子代理交接/m2_staging/M2-W3-AMD-MI455X-MODULE/structured/fact-assertions.csv","657ddf52f1423b5b4a4c2eab7a0e4543470de61f99f0e800e7eb9085522c6273","24952","draft","reviewed","","","","c26203e976f5a885bfd35d0215a309ff84558b692313e8d590b6a9eedce65967","04f9fa0cf31956f7cf43933e2c5128c409da6e5473892689eb1c01e5b1c13604","3209657391504351fdf461de26cd057d261b7a08294bff375225f496572aa0b6","7066ed9c845dadb801047b9e4cbd2ea50f7af1c9f6d0836a9d5a5115d40fc92b","344531"
"MI455X-SIGN-0061","最小参考资料库/fact-assertions.csv","assertion_id","ASSERT-M2W3-AMD-MI455X-SCALEUP-BW-PRODUCT","审计/子代理交接/m2_staging/M2-W3-AMD-MI455X-MODULE/structured/fact-assertions.csv","657ddf52f1423b5b4a4c2eab7a0e4543470de61f99f0e800e7eb9085522c6273","24952","draft","reviewed","","","","063360ea9e2a0a041c36223e6e051f68343ab5ae5fd3f6067330d6d2439c93e2","c038ab276042ad146433881595a3a9a519ae73866e4b60d5f5940aaf36583bf5","f86a4b0a7510377ad83ca68f896691000586e3738266bcc9e96a835f478040e5","7066ed9c845dadb801047b9e4cbd2ea50f7af1c9f6d0836a9d5a5115d40fc92b","344531"
"MI455X-SIGN-0062","最小参考资料库/fact-assertions.csv","assertion_id","ASSERT-M2W3-AMD-MI455X-SCALEOUT-BW-PRODUCT","审计/子代理交接/m2_staging/M2-W3-AMD-MI455X-MODULE/structured/fact-assertions.csv","657ddf52f1423b5b4a4c2eab7a0e4543470de61f99f0e800e7eb9085522c6273","24952","draft","reviewed","","","","5a0af36e80b9d01d04e11a3261615869791261dabe9c888e56d7246cc968a9a4","5284669b341f615866e7091b1b5223f2e02dc1756fc634bf87ea9c5cc4711b5c","a09aee52cae0b7b9db4f7aff8456436a0c41f6939af6af8fb245208e705f19ab","7066ed9c845dadb801047b9e4cbd2ea50f7af1c9f6d0836a9d5a5115d40fc92b","344531"
"MI455X-SIGN-0063","最小参考资料库/fact-assertions.csv","assertion_id","ASSERT-M2W3-AMD-MI455X-FAMILY-BROCHURE","审计/子代理交接/m2_staging/M2-W3-AMD-MI455X-MODULE/structured/fact-assertions.csv","657ddf52f1423b5b4a4c2eab7a0e4543470de61f99f0e800e7eb9085522c6273","24952","draft","reviewed","","","","45d0ed7838958475254e2b718676d36d3dc7fb480c36439f76a2e47a647ccb4a","6241f1afa6ffad9e8c0bf51429e17feeb238233af49510a759cba3e6053f8b6c","a0ef37d826748020481162844f15eab8c92cc6abe90a3c5008828763782a7ceb","7066ed9c845dadb801047b9e4cbd2ea50f7af1c9f6d0836a9d5a5115d40fc92b","344531"
"MI455X-SIGN-0064","最小参考资料库/fact-assertions.csv","assertion_id","ASSERT-M2W3-AMD-MI455X-NAME-BROCHURE","审计/子代理交接/m2_staging/M2-W3-AMD-MI455X-MODULE/structured/fact-assertions.csv","657ddf52f1423b5b4a4c2eab7a0e4543470de61f99f0e800e7eb9085522c6273","24952","draft","reviewed","","","","74ca7f6bb1aaebeecdc0199af992bbe24150add40cd3551e24da6beab74f060f","d8870c7a4df33bfff0065f55c68a27aae0990f885f57f0686f1749037ac464ac","8f637cb01defa5f5238329b31e9eb06945fe21ecc6c0c77b34ea793a67c0eff1","7066ed9c845dadb801047b9e4cbd2ea50f7af1c9f6d0836a9d5a5115d40fc92b","344531"
"MI455X-SIGN-0065","最小参考资料库/fact-assertions.csv","assertion_id","ASSERT-M2W3-AMD-MI455X-SKU-BROCHURE","审计/子代理交接/m2_staging/M2-W3-AMD-MI455X-MODULE/structured/fact-assertions.csv","657ddf52f1423b5b4a4c2eab7a0e4543470de61f99f0e800e7eb9085522c6273","24952","draft","reviewed","","","","3f49f3401960d1a211528cce25fc602ac221b159be5af180358f686625b82396","3f86f4f24eac1a4150e82b04c1208cdb3621b4581c89956c6e4586b0a18db95a","571425d77189ed4d186feb736aa1633212abf9f88cd87ba613dc7911362fc5e9","7066ed9c845dadb801047b9e4cbd2ea50f7af1c9f6d0836a9d5a5115d40fc92b","344531"
"MI455X-SIGN-0066","最小参考资料库/fact-assertions.csv","assertion_id","ASSERT-M2W3-AMD-MI455X-PROCESS-BROCHURE","审计/子代理交接/m2_staging/M2-W3-AMD-MI455X-MODULE/structured/fact-assertions.csv","657ddf52f1423b5b4a4c2eab7a0e4543470de61f99f0e800e7eb9085522c6273","24952","draft","reviewed","","","","5a4710541235fc46dc1368e24d3459cf63dcf1189f55f59032d3294cd23d367a","2edfbe6f16a96d65269c1b2c8c6ba7082e06d406f512e3b06582e9827a7a5045","0e3de671b8b261687f39af87f155aef3869f0a285b11915a7d3767f3b991f967","7066ed9c845dadb801047b9e4cbd2ea50f7af1c9f6d0836a9d5a5115d40fc92b","344531"
"MI455X-SIGN-0067","最小参考资料库/fact-assertions.csv","assertion_id","ASSERT-M2W3-AMD-MI455X-CLOCK-PRODUCT","审计/子代理交接/m2_staging/M2-W3-AMD-MI455X-MODULE/structured/fact-assertions.csv","657ddf52f1423b5b4a4c2eab7a0e4543470de61f99f0e800e7eb9085522c6273","24952","draft","reviewed","","","","a848a19339f03d2ed45f543242bc77caee7fe62203dac698059810378b5fcef7","f47f0a05640358deb4f630339944ffc20564d0589d67751bdc36731971da3cd7","bd36d99a7b73fe429478f591e789763574a514b5a66130b473958d9855e6c35b","7066ed9c845dadb801047b9e4cbd2ea50f7af1c9f6d0836a9d5a5115d40fc92b","344531"
"MI455X-SIGN-0068","最小参考资料库/fact-assertions.csv","assertion_id","ASSERT-M2W3-AMD-MI455X-FORM-FACTOR-PRODUCT","审计/子代理交接/m2_staging/M2-W3-AMD-MI455X-MODULE/structured/fact-assertions.csv","657ddf52f1423b5b4a4c2eab7a0e4543470de61f99f0e800e7eb9085522c6273","24952","draft","reviewed","","","","24d0cd0535e47f76306e93afef8caa3222959b277c41893df5477f229c7dc9c0","527cb8d32e0a4e749d10fc2f6badec519a5c3fa820ea1628ead22414a52fb83e","e63122268f2e7ecbedd8aecaefddbbb32c7a37583034c1863b7ceaaa623041e4","7066ed9c845dadb801047b9e4cbd2ea50f7af1c9f6d0836a9d5a5115d40fc92b","344531"
"MI455X-SIGN-0069","最小参考资料库/fact-assertions.csv","assertion_id","ASSERT-M2W3-AMD-MI455X-COOLING-PRODUCT","审计/子代理交接/m2_staging/M2-W3-AMD-MI455X-MODULE/structured/fact-assertions.csv","657ddf52f1423b5b4a4c2eab7a0e4543470de61f99f0e800e7eb9085522c6273","24952","draft","reviewed","","","","3b9f0f0fb5231689778976771d1f64a76246847cd4a3fcf3fd27ab3e03558369","b3ea1413beac0e302bca096b9261342d90cfec08d248c2b0ddb585071ff1686b","2df0a42295b34ab8202b258dca6ac3dc49678529a5149aaec9eb85821531007a","7066ed9c845dadb801047b9e4cbd2ea50f7af1c9f6d0836a9d5a5115d40fc92b","344531"
"MI455X-SIGN-0070","最小参考资料库/fact-assertions.csv","assertion_id","ASSERT-M2W3-AMD-MI455X-HBM-STACKS-MI400","审计/子代理交接/m2_staging/M2-W3-AMD-MI455X-MODULE/structured/fact-assertions.csv","657ddf52f1423b5b4a4c2eab7a0e4543470de61f99f0e800e7eb9085522c6273","24952","draft","reviewed","","","","fca1ef2f6d55fb034bf4d63e184196fff1e5a07aa2f184d18b0b31a468bee099","fa8b94cec80b5c4eda0cec904faf8c2d9ffd203e4730afdb728ec0033b86d322","91001cebf4c4c1361e78c27ec425ad46b21c4871c0ebcc35a0ef90ace079f261","7066ed9c845dadb801047b9e4cbd2ea50f7af1c9f6d0836a9d5a5115d40fc92b","344531"
"MI455X-SIGN-0071","最小参考资料库/fact-assertions.csv","assertion_id","ASSERT-M2W3-AMD-MI455X-HBM4-CAPACITY-PRODUCT","审计/子代理交接/m2_staging/M2-W3-AMD-MI455X-MODULE/structured/fact-assertions.csv","657ddf52f1423b5b4a4c2eab7a0e4543470de61f99f0e800e7eb9085522c6273","24952","draft","reviewed","","","","e398eb8b80765e0ba672cb533a4aa17c5e275da07dc5af66a50991b07caffe3a","1bda034bd8d9546f2a524776ad228093167aeba2f14d4b41be223789f013eaba","52af0dabc9d71c943c16ec649d23e03f73e3f1a8563f0aa56c19fa3883ba89ff","7066ed9c845dadb801047b9e4cbd2ea50f7af1c9f6d0836a9d5a5115d40fc92b","344531"
"MI455X-SIGN-0072","最小参考资料库/fact-assertions.csv","assertion_id","ASSERT-M2W3-AMD-MI455X-HBM4-BW-PRODUCT","审计/子代理交接/m2_staging/M2-W3-AMD-MI455X-MODULE/structured/fact-assertions.csv","657ddf52f1423b5b4a4c2eab7a0e4543470de61f99f0e800e7eb9085522c6273","24952","draft","reviewed","","","","cfbe35ab5096e868e3bc8fce4e7bdb83241ccca1cd39b13c82e88506dfce2d6c","3210fd4a4057ba40aa1b3da48d99e8cc3bc57aacd1d9c314059a1bfd6c8e6ce2","0da6942a4c291802335ead37dfd058bec39c52c423e3fd2027c4c8d3de19a30e","7066ed9c845dadb801047b9e4cbd2ea50f7af1c9f6d0836a9d5a5115d40fc92b","344531"
"MI455X-SIGN-0073","最小参考资料库/fact-assertions.csv","assertion_id","ASSERT-M2W3-AMD-MI455X-MXFP4-PEAK-PRODUCT","审计/子代理交接/m2_staging/M2-W3-AMD-MI455X-MODULE/structured/fact-assertions.csv","657ddf52f1423b5b4a4c2eab7a0e4543470de61f99f0e800e7eb9085522c6273","24952","draft","reviewed","","","","e8a9ef37bd4504a4f3c261e67626cf79470a1bb292c128361b4df6db76b14528","cb9b3423110606cd177eb0d782cb7c83d5f4953f42c8f08628ea1964eadc89c8","e3ed9a35cf85dd62c0a42a238a8f78f68ce146d3507a9c60fb5b6d6a2828f064","7066ed9c845dadb801047b9e4cbd2ea50f7af1c9f6d0836a9d5a5115d40fc92b","344531"
"MI455X-SIGN-0074","最小参考资料库/fact-assertions.csv","assertion_id","ASSERT-M2W3-AMD-MI455X-MXFP8-PEAK-PRODUCT","审计/子代理交接/m2_staging/M2-W3-AMD-MI455X-MODULE/structured/fact-assertions.csv","657ddf52f1423b5b4a4c2eab7a0e4543470de61f99f0e800e7eb9085522c6273","24952","draft","reviewed","","","","2bea8b8a4854bc594afd66e9be3cf3d7d8f51737ccad013f4cf6b22b75c657a3","3cec68bc86f3a384cac61bb286b98cd4c27b86a152c62bb94b0512e641b24445","ebcb8511ffe75e454d495cd18e57d6f9602f83c53d148beee5122a43c89bf2fc","7066ed9c845dadb801047b9e4cbd2ea50f7af1c9f6d0836a9d5a5115d40fc92b","344531"
"MI455X-SIGN-0075","最小参考资料库/fact-assertions.csv","assertion_id","ASSERT-M2W3-AMD-MI455X-FP16-MATRIX-BASE-PEAK-PRODUCT","审计/子代理交接/m2_staging/M2-W3-AMD-MI455X-MODULE/structured/fact-assertions.csv","657ddf52f1423b5b4a4c2eab7a0e4543470de61f99f0e800e7eb9085522c6273","24952","draft","reviewed","","","","65b38e734a4bb93f14c4b01b1144cc1b5acc756bb6ec6fc6212bc3ca4d0c173a","5e68d5b7e90ccb983e5cf402451f3440a41ac8c11b47336a2284f48fea409858","09f8576e02e741f2940f77f0d9e6e70292b31ac111b8fb468535cd4c5cdff701","7066ed9c845dadb801047b9e4cbd2ea50f7af1c9f6d0836a9d5a5115d40fc92b","344531"
"MI455X-SIGN-0076","最小参考资料库/fact-assertions.csv","assertion_id","ASSERT-M2W3-AMD-MI455X-FP32-MATRIX-PEAK-PRODUCT","审计/子代理交接/m2_staging/M2-W3-AMD-MI455X-MODULE/structured/fact-assertions.csv","657ddf52f1423b5b4a4c2eab7a0e4543470de61f99f0e800e7eb9085522c6273","24952","draft","reviewed","","","","09e6b7250317d006f5d54c6a6529c4ea64630cbdfb54f2459f807e1deccad076","e776e13b9e247c4e09cbddbc33fedd82957897c96d1d8a0f8230f569adf108c4","812859dd9a04534ba47bf362506e32f1b59a085fde1cf049cea8eda1c5e386a2","7066ed9c845dadb801047b9e4cbd2ea50f7af1c9f6d0836a9d5a5115d40fc92b","344531"
"MI455X-SIGN-0077","数据/facts.csv","fact_id","FACT-M2W3-AMD-MI455X-VENDOR","审计/子代理交接/m2_staging/M2-W3-AMD-MI455X-MODULE/structured/facts.csv","f4b00f996a666f38e671c16d979512b9216ec809d513bb48fcbc0d06683d7579","18486","draft","reviewed","","","","ab42b4d43329bad052a41efce8c235e4ace3f4b4e3692c4e4d0ad3387cda429b","cb0532b38b081b9e84fc15a9d32b042aa0a3358a4d7662b3a8b942504d47dcc7","3908e72e7b27a1d59cd508416d881965c7d39629e52e07c0abac25c779ed41ff","7886e76bac608e8cfd0131a15d93922596bb5a0d8b16508a696c7d91877c50ea","277845"
"MI455X-SIGN-0078","数据/facts.csv","fact_id","FACT-M2W3-AMD-MI455X-FAMILY","审计/子代理交接/m2_staging/M2-W3-AMD-MI455X-MODULE/structured/facts.csv","f4b00f996a666f38e671c16d979512b9216ec809d513bb48fcbc0d06683d7579","18486","draft","reviewed","","","","28fd1c0d4e89797c4b56ab99b06199b7269496c55a1dacdbbdf43877a819ea7a","002fdb43b555688a6f35d8d697f5f5edbdcf833d62627671cec483d2a73cb963","4d618bcadeb71bc3a4cb87c45b745519d8f412b22570dd08aca09f37d1b9e8ab","7886e76bac608e8cfd0131a15d93922596bb5a0d8b16508a696c7d91877c50ea","277845"
"MI455X-SIGN-0079","数据/facts.csv","fact_id","FACT-M2W3-AMD-MI455X-NAME","审计/子代理交接/m2_staging/M2-W3-AMD-MI455X-MODULE/structured/facts.csv","f4b00f996a666f38e671c16d979512b9216ec809d513bb48fcbc0d06683d7579","18486","draft","reviewed","","","","dd73bff2dc9fa46aeab65e92bca9271292d866a127293f7250bce2650bce2397","eff24b4e68e1f302b3b6715081da3f28a76a6065cc3e8f3eadbb821b9c6dd312","d15b08335f1646b52754aa4ffa21d573b74878e4e91790fbecb6559ec04cdf9e","7886e76bac608e8cfd0131a15d93922596bb5a0d8b16508a696c7d91877c50ea","277845"
"MI455X-SIGN-0080","数据/facts.csv","fact_id","FACT-M2W3-AMD-MI455X-SKU","审计/子代理交接/m2_staging/M2-W3-AMD-MI455X-MODULE/structured/facts.csv","f4b00f996a666f38e671c16d979512b9216ec809d513bb48fcbc0d06683d7579","18486","draft","reviewed","","","","df7e86b9e498d115c3ec4624e54135c65f179349fc4b15f4362c8d2c78886013","fd98f15546263c3599ebb949af3e0a0d7383be45d6d00df6a74fb6328eff5970","b942adda98811d2f6bda16977480645f4f938906379bbae19a1a422747614d34","7886e76bac608e8cfd0131a15d93922596bb5a0d8b16508a696c7d91877c50ea","277845"
"MI455X-SIGN-0081","数据/facts.csv","fact_id","FACT-M2W3-AMD-MI455X-OBJECT-TYPE","审计/子代理交接/m2_staging/M2-W3-AMD-MI455X-MODULE/structured/facts.csv","f4b00f996a666f38e671c16d979512b9216ec809d513bb48fcbc0d06683d7579","18486","draft","reviewed","","","","3200fabc46190ab0056b279f9cd3c26ff09fbe77f1f145310dd653c2c2726043","b4ef3112206e728141258591234d75327fa89db794cf4135ff93af00dbb02e6c","7d8c263a799e870098d11a39f9847cd14737fab9b03fcfeae15ac28d1b56bb1d","7886e76bac608e8cfd0131a15d93922596bb5a0d8b16508a696c7d91877c50ea","277845"
"MI455X-SIGN-0082","数据/facts.csv","fact_id","FACT-M2W3-AMD-MI455X-RELEASE-DATE","审计/子代理交接/m2_staging/M2-W3-AMD-MI455X-MODULE/structured/facts.csv","f4b00f996a666f38e671c16d979512b9216ec809d513bb48fcbc0d06683d7579","18486","draft","reviewed","","","","26ddb60073a0478a7f2528245ef4e536ed638951dc0bb1fb38cdab91d7bbb79f","04196b7b6e1f762c8829c85c8b09af5d7772bde347f39f5a6910f55e5e301f48","8731a662fb95e1edf469731727ce4630ac6377377f33772263278aa57e712473","7886e76bac608e8cfd0131a15d93922596bb5a0d8b16508a696c7d91877c50ea","277845"
"MI455X-SIGN-0083","数据/facts.csv","fact_id","FACT-M2W3-AMD-MI455X-STATUS","审计/子代理交接/m2_staging/M2-W3-AMD-MI455X-MODULE/structured/facts.csv","f4b00f996a666f38e671c16d979512b9216ec809d513bb48fcbc0d06683d7579","18486","draft","reviewed","","","","1f1f4f4dd232ace79dada2d51dfed71d1754fb799c8fed0144c6755f32c09409","b1d4bdd46bf5de1e31fa67968deafca375d93884fdf496632a51a84b3f53f9e7","1d3e176acd94ebd8024693be40e11e14129a79b736b02d458bc54bdd3cd7ebf7","7886e76bac608e8cfd0131a15d93922596bb5a0d8b16508a696c7d91877c50ea","277845"
"MI455X-SIGN-0084","数据/facts.csv","fact_id","FACT-M2W3-AMD-MI455X-PROCESS","审计/子代理交接/m2_staging/M2-W3-AMD-MI455X-MODULE/structured/facts.csv","f4b00f996a666f38e671c16d979512b9216ec809d513bb48fcbc0d06683d7579","18486","draft","reviewed","","","","f2cb37daa98232244e971fa188587e678c56026d432e7f8575024e2c48cf4e13","fd426dfb7800242a7326b79d26f6aa79a912e0e1e372cdbe0046792716a745d0","03c6dd165c0e20f95f76a0fe2b11e6082ec80e18424a450d585b21cfee9abfef","7886e76bac608e8cfd0131a15d93922596bb5a0d8b16508a696c7d91877c50ea","277845"
"MI455X-SIGN-0085","数据/facts.csv","fact_id","FACT-M2W3-AMD-MI455X-PACKAGE","审计/子代理交接/m2_staging/M2-W3-AMD-MI455X-MODULE/structured/facts.csv","f4b00f996a666f38e671c16d979512b9216ec809d513bb48fcbc0d06683d7579","18486","draft","reviewed","","","","cbb31d3754fbee0589e3bcaad82195abb1beb8d2c3f294096fefd35fbe66d8b5","8b9580015287c029df19c94f60ea320c7b6436e4925b2dc233cdf36c4a505a38","ed8375867147d01311709e88208068361ba680565ad012a4bd2e3fe68828a1da","7886e76bac608e8cfd0131a15d93922596bb5a0d8b16508a696c7d91877c50ea","277845"
"MI455X-SIGN-0086","数据/facts.csv","fact_id","FACT-M2W3-AMD-MI455X-XCD-COUNT","审计/子代理交接/m2_staging/M2-W3-AMD-MI455X-MODULE/structured/facts.csv","f4b00f996a666f38e671c16d979512b9216ec809d513bb48fcbc0d06683d7579","18486","draft","reviewed","","","","4d249231f55e47c7e5bdf0ca35a094fec68b045a0bee1dfab2a8fadaf1462b12","4e6e4de6813a5d41e41bcc200184e9ecb071861ec9c5760a34c12426e034ba9e","a233fb44b2b3a5687f77ccef2ab97ad4895602afc09be32ece01a542a35d0ebc","7886e76bac608e8cfd0131a15d93922596bb5a0d8b16508a696c7d91877c50ea","277845"
"MI455X-SIGN-0087","数据/facts.csv","fact_id","FACT-M2W3-AMD-MI455X-IOD-COUNT","审计/子代理交接/m2_staging/M2-W3-AMD-MI455X-MODULE/structured/facts.csv","f4b00f996a666f38e671c16d979512b9216ec809d513bb48fcbc0d06683d7579","18486","draft","reviewed","","","","4a0b2a9a3c8b89d2b9d312c8273235888d71b0a8da132cde98ea2c0c04860366","4049b84ffebfad8f18484397245d2bc86c91ae8cb287ff7e31ea1a0728d4e3a9","99456be9188eb9f3762b83622f1b70d0a884d117f2a0c8276bae055e8662bdc2","7886e76bac608e8cfd0131a15d93922596bb5a0d8b16508a696c7d91877c50ea","277845"
"MI455X-SIGN-0088","数据/facts.csv","fact_id","FACT-M2W3-AMD-MI455X-TRANSISTORS","审计/子代理交接/m2_staging/M2-W3-AMD-MI455X-MODULE/structured/facts.csv","f4b00f996a666f38e671c16d979512b9216ec809d513bb48fcbc0d06683d7579","18486","draft","reviewed","","","","d2a1e90a8b814c94d9fb8e66e98a7b9ecc0416f173e441f0ab3b482e77860215","57d0c04b8cc41a152b128a2b89a0b7ae676d4c72b2ec61d89e829be3483019f7","693b83485335cac2928b4c21ef9cce5f06f81eeece4776497dd53c9fa7a31199","7886e76bac608e8cfd0131a15d93922596bb5a0d8b16508a696c7d91877c50ea","277845"
"MI455X-SIGN-0089","数据/facts.csv","fact_id","FACT-M2W3-AMD-MI455X-CLOCK","审计/子代理交接/m2_staging/M2-W3-AMD-MI455X-MODULE/structured/facts.csv","f4b00f996a666f38e671c16d979512b9216ec809d513bb48fcbc0d06683d7579","18486","draft","reviewed","","","","d751080b9ca8eac8246b10afc8823db2f13f2c1a7321809b2a36de541d70cb11","c07dcf809c742b045b1c568e9ad9c071ad17503c4f1d679788f159d10b5fbdf1","ca379bc8a2512ae9d697df9269962c4b701a8f24f18c9fd762a7e4b9d8db8459","7886e76bac608e8cfd0131a15d93922596bb5a0d8b16508a696c7d91877c50ea","277845"
"MI455X-SIGN-0090","数据/facts.csv","fact_id","FACT-M2W3-AMD-MI455X-FORM-FACTOR","审计/子代理交接/m2_staging/M2-W3-AMD-MI455X-MODULE/structured/facts.csv","f4b00f996a666f38e671c16d979512b9216ec809d513bb48fcbc0d06683d7579","18486","draft","reviewed","","","","2c59e2aacb20bda737de9d0ee4521d422d4af1063ad29189ab35e44f703e0e4c","20e02b9a53aa7e63c40ec224e679fb039493acb14510089d1f07a82a1a0b551a","9046a22de1380f093d37cb20f9798ce8943b8ba0bc51de280ca8ce646bd2de1f","7886e76bac608e8cfd0131a15d93922596bb5a0d8b16508a696c7d91877c50ea","277845"
"MI455X-SIGN-0091","数据/facts.csv","fact_id","FACT-M2W3-AMD-MI455X-COOLING","审计/子代理交接/m2_staging/M2-W3-AMD-MI455X-MODULE/structured/facts.csv","f4b00f996a666f38e671c16d979512b9216ec809d513bb48fcbc0d06683d7579","18486","draft","reviewed","","","","a7e8ababab4bc9baebd59a304056c969a1da833fd0e5ffbca1502780ffa4608a","421d7f4871d4b2ae5cb976ead01eb72b81d1198ac95819714ce307d17fdcee31","39844a3073d97d7be05e84bfff840c48ac960ce5fc7033b389bf1f90421b7c96","7886e76bac608e8cfd0131a15d93922596bb5a0d8b16508a696c7d91877c50ea","277845"
"MI455X-SIGN-0092","数据/facts.csv","fact_id","FACT-M2W3-AMD-MI455X-HBM-STACKS","审计/子代理交接/m2_staging/M2-W3-AMD-MI455X-MODULE/structured/facts.csv","f4b00f996a666f38e671c16d979512b9216ec809d513bb48fcbc0d06683d7579","18486","draft","reviewed","","","","f5926899a34cb317b05f4c4a063b109a3ae53db5a80c322e6baa29aced16b295","7ce5e2cc6affc2e1d417bc1386ce8fdc7658079bddece176f2dc8a51e3754fe9","ed0d670f92ef6d163a57c75bd53e30a4b0b861aed626671ca13395a82259a907","7886e76bac608e8cfd0131a15d93922596bb5a0d8b16508a696c7d91877c50ea","277845"
"MI455X-SIGN-0093","数据/facts.csv","fact_id","FACT-M2W3-AMD-MI455X-RAS","审计/子代理交接/m2_staging/M2-W3-AMD-MI455X-MODULE/structured/facts.csv","f4b00f996a666f38e671c16d979512b9216ec809d513bb48fcbc0d06683d7579","18486","draft","reviewed","","","","929d65779ab207ae8f2c528c08a775149c1575e4f9feecdfd66c0d4f23c469a0","f2b1489b2fcbba94d21537d93804a72df6dae0c98d7a3fdc5ec714701e872072","b11a526a37473423729e08cc000bf6612a45db8d591d3ba20681b1e1d251db4c","7886e76bac608e8cfd0131a15d93922596bb5a0d8b16508a696c7d91877c50ea","277845"
"MI455X-SIGN-0094","数据/facts.csv","fact_id","FACT-M2W3-AMD-MI455X-WGP-COUNT","审计/子代理交接/m2_staging/M2-W3-AMD-MI455X-MODULE/structured/facts.csv","f4b00f996a666f38e671c16d979512b9216ec809d513bb48fcbc0d06683d7579","18486","draft","reviewed","","","","de8bfb447efcb94d2d5de93a09114ff854611f1873d80e1e9456db9e3e30d099","df3f761e658a44fe95e18307ddfd0764c3f2228555873119c1aeee9931460ac9","5c207457cbf6ab122121be2d499e907ef75996a843db85cd116fd6428eab25b0","7886e76bac608e8cfd0131a15d93922596bb5a0d8b16508a696c7d91877c50ea","277845"
"MI455X-SIGN-0095","数据/facts.csv","fact_id","FACT-M2W3-AMD-MI455X-HBM4-CAPACITY","审计/子代理交接/m2_staging/M2-W3-AMD-MI455X-MODULE/structured/facts.csv","f4b00f996a666f38e671c16d979512b9216ec809d513bb48fcbc0d06683d7579","18486","draft","reviewed","","","","efcbec4d1c1da91215b22d183e31cae13202349786332113cb7ef490ec02db90","d323b4b5c3ed58bf2921c89c9c27cf90b9f46934042a64b26c1ef5be3cb92137","42e519ed730742dc61ffb0d99e67810ddfd4163809bbe27ff3d35446fb4c6fcb","7886e76bac608e8cfd0131a15d93922596bb5a0d8b16508a696c7d91877c50ea","277845"
"MI455X-SIGN-0096","数据/facts.csv","fact_id","FACT-M2W3-AMD-MI455X-L2-CAPACITY","审计/子代理交接/m2_staging/M2-W3-AMD-MI455X-MODULE/structured/facts.csv","f4b00f996a666f38e671c16d979512b9216ec809d513bb48fcbc0d06683d7579","18486","draft","reviewed","","","","083af55874e6cbf2779798b3f0d41db3b57f0a15f9213852bfceaefe41f8fe38","9f6783a28442dd76d5b360453728d2cc1f29171b17a90f9d7d0d836cb4ea3010","73552315e638902ef0244e019c5e506ac5123455962b0b04529e11a893cc4230","7886e76bac608e8cfd0131a15d93922596bb5a0d8b16508a696c7d91877c50ea","277845"
"MI455X-SIGN-0097","数据/facts.csv","fact_id","FACT-M2W3-AMD-MI455X-HBM4-BW","审计/子代理交接/m2_staging/M2-W3-AMD-MI455X-MODULE/structured/facts.csv","f4b00f996a666f38e671c16d979512b9216ec809d513bb48fcbc0d06683d7579","18486","draft","reviewed","","","","ac026322ea768404fd4ebcfd15009a766b9ca835edbd5b8432831c55239882b9","3d6e82b2185413b823362e7c31e3585cb3071e9ff8961e9b7f1117e9e2881ea7","c93bc1762830baa2ff1e0305d1a7f7bab79b83a38183ef2d8b4253d36681582a","7886e76bac608e8cfd0131a15d93922596bb5a0d8b16508a696c7d91877c50ea","277845"
"MI455X-SIGN-0098","数据/facts.csv","fact_id","FACT-M2W3-AMD-MI455X-MXFP4-PEAK","审计/子代理交接/m2_staging/M2-W3-AMD-MI455X-MODULE/structured/facts.csv","f4b00f996a666f38e671c16d979512b9216ec809d513bb48fcbc0d06683d7579","18486","draft","reviewed","","","","b8df3953002f4d88c0cc5bc5220584584acc3ca6a0794ccdf4e8093c0fd4fb1e","89378adc28fded2776931269ea400784ea25241e0da9c3021fd195976081e60e","53078379ca919350755b489168e1ebac61c14136bf999bbb3256ddbd28431963","7886e76bac608e8cfd0131a15d93922596bb5a0d8b16508a696c7d91877c50ea","277845"
"MI455X-SIGN-0099","数据/facts.csv","fact_id","FACT-M2W3-AMD-MI455X-MXFP6-PEAK","审计/子代理交接/m2_staging/M2-W3-AMD-MI455X-MODULE/structured/facts.csv","f4b00f996a666f38e671c16d979512b9216ec809d513bb48fcbc0d06683d7579","18486","draft","reviewed","","","","8569c0f545323f8761e895947233b2ac89ed76e416777c8c4aac07ed923a4d69","9a41e846788909b513a4755c3a20f63d749faac1fcdd2c578ee8175c9eb66067","d001aa3dc807d9af0180ca61fa6e009cef87f46f4e9ebb25238db0a29dd5a831","7886e76bac608e8cfd0131a15d93922596bb5a0d8b16508a696c7d91877c50ea","277845"
"MI455X-SIGN-0100","数据/facts.csv","fact_id","FACT-M2W3-AMD-MI455X-MXFP8-PEAK","审计/子代理交接/m2_staging/M2-W3-AMD-MI455X-MODULE/structured/facts.csv","f4b00f996a666f38e671c16d979512b9216ec809d513bb48fcbc0d06683d7579","18486","draft","reviewed","","","","a887b999c967ba76808aa522201e2db3cad3a5151eb5adb856a265a59930526e","3a09542ed78f9bf4c243279de2ca72422f4532704391aa141cd03b65283d7c3e","965b84f0dd36c363b387ffa2f8d89d2575f1105be7a8e7d073ce21e188768d88","7886e76bac608e8cfd0131a15d93922596bb5a0d8b16508a696c7d91877c50ea","277845"
"MI455X-SIGN-0101","数据/facts.csv","fact_id","FACT-M2W3-AMD-MI455X-FP8-PEAK","审计/子代理交接/m2_staging/M2-W3-AMD-MI455X-MODULE/structured/facts.csv","f4b00f996a666f38e671c16d979512b9216ec809d513bb48fcbc0d06683d7579","18486","draft","reviewed","","","","c9ec42edf478017386b02e1646d14fa04409d73a0d8750a2fcc2751a1c04d1a7","f34779dd311dde0d79f9dfb7a10bf6c5ae6fc33c04679affd4ae4996bdf9c3f5","540cd05f709aa047134ad430a500f6ef7781addab6c88e3d780c4bfe82bcb0f3","7886e76bac608e8cfd0131a15d93922596bb5a0d8b16508a696c7d91877c50ea","277845"
"MI455X-SIGN-0102","数据/facts.csv","fact_id","FACT-M2W3-AMD-MI455X-FP16-VECTOR-PEAK","审计/子代理交接/m2_staging/M2-W3-AMD-MI455X-MODULE/structured/facts.csv","f4b00f996a666f38e671c16d979512b9216ec809d513bb48fcbc0d06683d7579","18486","draft","reviewed","","","","62965f046f04166681274442489ddc50b4f19d174a5ae5e4708499c8a87338c1","a0beb5eb9f9cc7f28f170cd26f595982518e3c7abe44efbd94ebe88399c39131","691097e119c1d680e1b0091e85c5835628e5b3683fc77557734bca0d985066aa","7886e76bac608e8cfd0131a15d93922596bb5a0d8b16508a696c7d91877c50ea","277845"
"MI455X-SIGN-0103","数据/facts.csv","fact_id","FACT-M2W3-AMD-MI455X-FP16-MATRIX-BASE-PEAK","审计/子代理交接/m2_staging/M2-W3-AMD-MI455X-MODULE/structured/facts.csv","f4b00f996a666f38e671c16d979512b9216ec809d513bb48fcbc0d06683d7579","18486","draft","reviewed","","","","3204ee2ba980c3118ad2a444e0039170625420ed073933567a8442516a9743db","f99efa17563dd3df6f68134041c50ae965723371bbea5519a44295f5dcc968c6","5f6d90f9c9047b4499f57ea1e67a7a030ad0dad4dd7c5ebd467b7a74d596ea13","7886e76bac608e8cfd0131a15d93922596bb5a0d8b16508a696c7d91877c50ea","277845"
"MI455X-SIGN-0104","数据/facts.csv","fact_id","FACT-M2W3-AMD-MI455X-FP16-MATRIX-SPARSE-PEAK","审计/子代理交接/m2_staging/M2-W3-AMD-MI455X-MODULE/structured/facts.csv","f4b00f996a666f38e671c16d979512b9216ec809d513bb48fcbc0d06683d7579","18486","draft","reviewed","","","","7ffa7471b3951b50f990d6a891d874f3c8b05643dc7c92146f56b3c4437f0ff4","a4c5ec9d64850349107320e0a8d652be37ce81c5c691cf9a2f9f716fd870dd43","2cc28dfb7fa5def50571dbb913bbd97f6a04ae0ebd688fc7f76298e3f164082d","7886e76bac608e8cfd0131a15d93922596bb5a0d8b16508a696c7d91877c50ea","277845"
"MI455X-SIGN-0105","数据/facts.csv","fact_id","FACT-M2W3-AMD-MI455X-FP32-MATRIX-PEAK","审计/子代理交接/m2_staging/M2-W3-AMD-MI455X-MODULE/structured/facts.csv","f4b00f996a666f38e671c16d979512b9216ec809d513bb48fcbc0d06683d7579","18486","draft","reviewed","","","","94e0d7eb0de225f0fc541709e5ded8082e4f41bcd0ad226bc8862d70ef2b13db","401a38f37d2b8e6464fba0b301390edd8ef5657290310cebe2716d9bc7ba15f0","9250f31e4ee6152dd5a04da28c13e74a7cba7a42e8faecc012578fb4bc2e66ca","7886e76bac608e8cfd0131a15d93922596bb5a0d8b16508a696c7d91877c50ea","277845"
"MI455X-SIGN-0106","数据/facts.csv","fact_id","FACT-M2W3-AMD-MI455X-FP32-VECTOR-PEAK","审计/子代理交接/m2_staging/M2-W3-AMD-MI455X-MODULE/structured/facts.csv","f4b00f996a666f38e671c16d979512b9216ec809d513bb48fcbc0d06683d7579","18486","draft","reviewed","","","","f84c496df64cd5544ff7794b6564c289bdb1701447efbc2aae0e379d51d62f20","b9503310fde2dfdaed3b819018b83149d3c1142a7cbd55639939275996cbdb8e","961c5721c304fa982952ef47927c2577372067f085c548e59646dc0f13d9f7e7","7886e76bac608e8cfd0131a15d93922596bb5a0d8b16508a696c7d91877c50ea","277845"
"MI455X-SIGN-0107","数据/facts.csv","fact_id","FACT-M2W3-AMD-MI455X-FP64-MATRIX-PEAK","审计/子代理交接/m2_staging/M2-W3-AMD-MI455X-MODULE/structured/facts.csv","f4b00f996a666f38e671c16d979512b9216ec809d513bb48fcbc0d06683d7579","18486","draft","reviewed","","","","a5caee443f3653207e6cb51e02d540469609eb94212e84119c500c78586cf9bb","19b5434992e10309b62f18e93e25781bf6b0e8587cbba771cf6e64f0020713b6","42dd47df69a6f98145183f8770463f572f060567aef126abaf1a3c676f70920b","7886e76bac608e8cfd0131a15d93922596bb5a0d8b16508a696c7d91877c50ea","277845"
"MI455X-SIGN-0108","数据/facts.csv","fact_id","FACT-M2W3-AMD-MI455X-FP64-VECTOR-PEAK","审计/子代理交接/m2_staging/M2-W3-AMD-MI455X-MODULE/structured/facts.csv","f4b00f996a666f38e671c16d979512b9216ec809d513bb48fcbc0d06683d7579","18486","draft","reviewed","","","","4a25525156ba9060e9cfdbdfe285763537afba022cef39eb07d85f59451ce38d","2edf770a7f2a4bd95b1323c10815734a171fcdc02719053800763a7aa87c6232","f9628e56d3fd7a56a6f72fbda0974cd665fa988e1f61cfd0c475b3d4a85b093b","7886e76bac608e8cfd0131a15d93922596bb5a0d8b16508a696c7d91877c50ea","277845"
"MI455X-SIGN-0109","数据/facts.csv","fact_id","FACT-M2W3-AMD-MI455X-INT8-MATRIX-BASE-PEAK","审计/子代理交接/m2_staging/M2-W3-AMD-MI455X-MODULE/structured/facts.csv","f4b00f996a666f38e671c16d979512b9216ec809d513bb48fcbc0d06683d7579","18486","draft","reviewed","","","","559985b96b52e23833cf47f0e49139019bce2a740bf0f8c3cfbfea969e4a9345","06eea637fbfd342e8580b506cec0a73862d51a305c6b7e08054581962d252499","c2242fc5b4487b410af4243e6402624a9d1766f2d1280314d9785c151ec87817","7886e76bac608e8cfd0131a15d93922596bb5a0d8b16508a696c7d91877c50ea","277845"
"MI455X-SIGN-0110","数据/facts.csv","fact_id","FACT-M2W3-AMD-MI455X-INT8-MATRIX-SPARSE-PEAK","审计/子代理交接/m2_staging/M2-W3-AMD-MI455X-MODULE/structured/facts.csv","f4b00f996a666f38e671c16d979512b9216ec809d513bb48fcbc0d06683d7579","18486","draft","reviewed","","","","e60edd2a950f9ace650ac36380711d07368ba5a1be05c5d6c74bb4272993d748","ecfe798c785eed840d10d4a51b6d7f63f8da4632fa09da8d2c2699234813651b","13f6d1c744b1641911cb5f39e94646cc5a96afa25f0618cb44edde150cd333de","7886e76bac608e8cfd0131a15d93922596bb5a0d8b16508a696c7d91877c50ea","277845"
"MI455X-SIGN-0111","数据/facts.csv","fact_id","FACT-M2W3-AMD-MI455X-BF16-MATRIX-BASE-PEAK","审计/子代理交接/m2_staging/M2-W3-AMD-MI455X-MODULE/structured/facts.csv","f4b00f996a666f38e671c16d979512b9216ec809d513bb48fcbc0d06683d7579","18486","draft","reviewed","","","","4d6e288b0a0cecde0e2d4cd9c4715c5f2c91434d90d4973712d1a20460d5a1bd","a6361c7930d56d6a50a19188359d9749fef826da4b4191c1f0aab11efbdaeeb1","ed5a2bc85fd9199144fea575a8e725eed9cd0ee8bb38ab6df201999671713daa","7886e76bac608e8cfd0131a15d93922596bb5a0d8b16508a696c7d91877c50ea","277845"
"MI455X-SIGN-0112","数据/facts.csv","fact_id","FACT-M2W3-AMD-MI455X-BF16-MATRIX-SPARSE-PEAK","审计/子代理交接/m2_staging/M2-W3-AMD-MI455X-MODULE/structured/facts.csv","f4b00f996a666f38e671c16d979512b9216ec809d513bb48fcbc0d06683d7579","18486","draft","reviewed","","","","e082009769aa55312efc297fde005a5c5a2f7cc84363ea17191265b27e4bbc1f","5baedbd16243203388dc2d6f38bd99e6a1de62b7e56ed1a6e94b02774bf5b9cd","ba42d55a3eb3547207a1cd317426b21f1eb7904801e27794a5fe764d25d88760","7886e76bac608e8cfd0131a15d93922596bb5a0d8b16508a696c7d91877c50ea","277845"
"MI455X-SIGN-0113","数据/facts.csv","fact_id","FACT-M2W3-AMD-MI455X-CPU-GPU-BW","审计/子代理交接/m2_staging/M2-W3-AMD-MI455X-MODULE/structured/facts.csv","f4b00f996a666f38e671c16d979512b9216ec809d513bb48fcbc0d06683d7579","18486","draft","reviewed","","","","cbdff9aa01ee18c11d9577c15fe330509922b4ec78bfb7ff6bcc1dfa136987cf","f4ac34083c39f84cca046addae1af129694b3e53fdf549d8f93afd28b3f83f24","be4a43ed169872ec9aa4db02b925fa3b69908c652e0fd6c7d19ec7d9fcbb9047","7886e76bac608e8cfd0131a15d93922596bb5a0d8b16508a696c7d91877c50ea","277845"
"MI455X-SIGN-0114","数据/facts.csv","fact_id","FACT-M2W3-AMD-MI455X-SCALEUP-BW","审计/子代理交接/m2_staging/M2-W3-AMD-MI455X-MODULE/structured/facts.csv","f4b00f996a666f38e671c16d979512b9216ec809d513bb48fcbc0d06683d7579","18486","draft","reviewed","","","","2e478b33b19d7a8c2da51d7ef2737f249770ee2f2220d241ea85a8884dadea01","f1ee3d73283fb7a48c0425da2d62e01a56edbbe5094b7348aa6064333ff88c7f","62358a35336aa80fb7c74e2a6c483b825dd31f14f1db3bc7fc38292aa0d393fb","7886e76bac608e8cfd0131a15d93922596bb5a0d8b16508a696c7d91877c50ea","277845"
"MI455X-SIGN-0115","数据/facts.csv","fact_id","FACT-M2W3-AMD-MI455X-SCALEOUT-BW","审计/子代理交接/m2_staging/M2-W3-AMD-MI455X-MODULE/structured/facts.csv","f4b00f996a666f38e671c16d979512b9216ec809d513bb48fcbc0d06683d7579","18486","draft","reviewed","","","","efbace13e6fa91ff14009f404779afbc2b46b725ccdd21b3a893c6daceeefa6c","4c5f455f0f4bc6728767d0b120211bc5341426dba1343e1d937fbeb89976ba34","29f8ec10139bc280762950eb0e6b2531a964435349f02b9a217cb1adaa0b876b","7886e76bac608e8cfd0131a15d93922596bb5a0d8b16508a696c7d91877c50ea","277845"
"MI455X-SIGN-0116","数据/field-requirements.csv","requirement_id","REQ-M2W3-AMD-MI455X-VENDOR","审计/子代理交接/m2_staging/M2-W3-AMD-MI455X-MODULE/structured/field-requirements.csv","535c4fecfccd84a322f52466737a11ea2073596f1b5fbd86825ad3e8af525c5d","18572","draft","reviewed","","","","cc2114d15ead5a0195c6518504efd50ef28e58fc3102b17a96e958efa3eb76e5","436e07e0e48effd4a4108098d6f65698d5dfe90ef36e571b792696f683450965","a992efbe7f41cf70f4f96a9a7f0712640b128a946a8b0855f6837553e4ce832c","de19ee1e1a3beecdf3658d4c8b302e60d43eaaf9e58acfbd369388992eb9afb2","302574"
"MI455X-SIGN-0117","数据/field-requirements.csv","requirement_id","REQ-M2W3-AMD-MI455X-FAMILY","审计/子代理交接/m2_staging/M2-W3-AMD-MI455X-MODULE/structured/field-requirements.csv","535c4fecfccd84a322f52466737a11ea2073596f1b5fbd86825ad3e8af525c5d","18572","draft","reviewed","","","","b3fdcc002bb94977801dc38dca30aab254e3d83d0f9d05c423e837dd321681a7","be89205cacbc02032b8827db9a51d75c3aadee4e3796ed0f6685caa3ae6fc298","de7067881fcee0f7a7e40f5241a9937a7823a6fc95d687bfd1b7424742a7709d","de19ee1e1a3beecdf3658d4c8b302e60d43eaaf9e58acfbd369388992eb9afb2","302574"
"MI455X-SIGN-0118","数据/field-requirements.csv","requirement_id","REQ-M2W3-AMD-MI455X-NAME","审计/子代理交接/m2_staging/M2-W3-AMD-MI455X-MODULE/structured/field-requirements.csv","535c4fecfccd84a322f52466737a11ea2073596f1b5fbd86825ad3e8af525c5d","18572","draft","reviewed","","","","ba04d49db8f9de81ad182e95c4d70dc5dabf3d29974966040eb2026cccc0dd1c","5a12e732f054d13b7e6306b0a1423d8a43f43a7479055056582f6a3d010f7351","ac425ec38bb67cc97397a0ff5476c54160f63a21c9ca91afc775bf20a22390a5","de19ee1e1a3beecdf3658d4c8b302e60d43eaaf9e58acfbd369388992eb9afb2","302574"
"MI455X-SIGN-0119","数据/field-requirements.csv","requirement_id","REQ-M2W3-AMD-MI455X-SKU","审计/子代理交接/m2_staging/M2-W3-AMD-MI455X-MODULE/structured/field-requirements.csv","535c4fecfccd84a322f52466737a11ea2073596f1b5fbd86825ad3e8af525c5d","18572","draft","reviewed","","","","38ffda554a4442ff255df5bae4a0365030bb92f385acdc586047983c8cfef7bb","c17b45e4b68e2bf96479e9e02a6be2109465a82826f9a00d005fca295c25ae94","2bb3b5dff4b5e54f86216a3e6f109a297245e7df250f6d34288524b35e70bb64","de19ee1e1a3beecdf3658d4c8b302e60d43eaaf9e58acfbd369388992eb9afb2","302574"
"MI455X-SIGN-0120","数据/field-requirements.csv","requirement_id","REQ-M2W3-AMD-MI455X-OBJECT-TYPE","审计/子代理交接/m2_staging/M2-W3-AMD-MI455X-MODULE/structured/field-requirements.csv","535c4fecfccd84a322f52466737a11ea2073596f1b5fbd86825ad3e8af525c5d","18572","draft","reviewed","","","","8940e79208dfe630c5bade993ef24b774db52afd6c3beeb48fac0afefb04731c","15f33c6a62725d09b54268fbb5d4a4e91ac0b335585f0e72dbf7e800765a7999","d0be915a48c49a370fed6a377b619b783da1ddd24fae0b589ce819573c4a89c1","de19ee1e1a3beecdf3658d4c8b302e60d43eaaf9e58acfbd369388992eb9afb2","302574"
"MI455X-SIGN-0121","数据/field-requirements.csv","requirement_id","REQ-M2W3-AMD-MI455X-RELEASE-DATE","审计/子代理交接/m2_staging/M2-W3-AMD-MI455X-MODULE/structured/field-requirements.csv","535c4fecfccd84a322f52466737a11ea2073596f1b5fbd86825ad3e8af525c5d","18572","draft","reviewed","","","","ddff84be7e6a29ebce7eb96e9fb3b0c3237455baad6bd5cbf75b038130b37521","a7479eb2e3abe780e5eca4d5b1d975ae7cb3e965de5e21a79592fa540a622558","3fa7e4b159c91c681c63f229e97f6e9ae42eaf639eddaaf23879c6798f750ce8","de19ee1e1a3beecdf3658d4c8b302e60d43eaaf9e58acfbd369388992eb9afb2","302574"
"MI455X-SIGN-0122","数据/field-requirements.csv","requirement_id","REQ-M2W3-AMD-MI455X-PROCESS","审计/子代理交接/m2_staging/M2-W3-AMD-MI455X-MODULE/structured/field-requirements.csv","535c4fecfccd84a322f52466737a11ea2073596f1b5fbd86825ad3e8af525c5d","18572","draft","reviewed","","","","d875a1ee81e839a469f878852b62731818dc37141f8ed2637ac861f09bc46a1b","aeb8a0a89e1285ced37bb177f01c3f68431fe8253eb3dea754416daa174caba3","c92941ddb0495e7f8e44f3ad6cc7e95a0a06e9cf615bc93af3ba1267c70e392d","de19ee1e1a3beecdf3658d4c8b302e60d43eaaf9e58acfbd369388992eb9afb2","302574"
"MI455X-SIGN-0123","数据/field-requirements.csv","requirement_id","REQ-M2W3-AMD-MI455X-PACKAGE","审计/子代理交接/m2_staging/M2-W3-AMD-MI455X-MODULE/structured/field-requirements.csv","535c4fecfccd84a322f52466737a11ea2073596f1b5fbd86825ad3e8af525c5d","18572","draft","reviewed","","","","32dd8ed28800bfee2093c8d799b5d94c2680174c762769b26cdd40c57fb7afe5","62ecc639ce53a9d4a10e9e2ed65579401715e64ee2ad120c3af4ab686a45fe39","3405008436a54e65be8540a95ab03e3c84a2e72282ad93b38718c9f18bab0fe5","de19ee1e1a3beecdf3658d4c8b302e60d43eaaf9e58acfbd369388992eb9afb2","302574"
"MI455X-SIGN-0124","数据/field-requirements.csv","requirement_id","REQ-M2W3-AMD-MI455X-XCD-COUNT","审计/子代理交接/m2_staging/M2-W3-AMD-MI455X-MODULE/structured/field-requirements.csv","535c4fecfccd84a322f52466737a11ea2073596f1b5fbd86825ad3e8af525c5d","18572","draft","reviewed","","","","16da88f91f35c77b1c10811d3395a51fdc7d7afd18edd27ad1fb93d118aefb4c","e33bd2e1268ba9dcf87bbc53d6cd082439b60ab7b4e3469952227da0d9c8e57b","b8e2e10d3fa608d74c502697d93e290b4676ca90016d5e7ab86fd52a1fa36f6a","de19ee1e1a3beecdf3658d4c8b302e60d43eaaf9e58acfbd369388992eb9afb2","302574"
"MI455X-SIGN-0125","数据/field-requirements.csv","requirement_id","REQ-M2W3-AMD-MI455X-TRANSISTORS","审计/子代理交接/m2_staging/M2-W3-AMD-MI455X-MODULE/structured/field-requirements.csv","535c4fecfccd84a322f52466737a11ea2073596f1b5fbd86825ad3e8af525c5d","18572","draft","reviewed","","","","a2cbbc6fbe7a2deabbbd0dca7fdd8fb0d837b105d03f703f04f21cb7f9b49159","c297aa74563a179dce4c0c7f720493b45962b613b1d9a3a198631d425e853ddf","532cdd086c3ac7297cf1f7bbb977d26729b9691ef56fbe15a56631dda0d4cdb3","de19ee1e1a3beecdf3658d4c8b302e60d43eaaf9e58acfbd369388992eb9afb2","302574"
"MI455X-SIGN-0126","数据/field-requirements.csv","requirement_id","REQ-M2W3-AMD-MI455X-CLOCK","审计/子代理交接/m2_staging/M2-W3-AMD-MI455X-MODULE/structured/field-requirements.csv","535c4fecfccd84a322f52466737a11ea2073596f1b5fbd86825ad3e8af525c5d","18572","draft","reviewed","","","","45197ae9028f7eba69081483e59ba2ff859c1306be367478f589d1af3eb8b925","a95b01ca06a0a46cb8eb14a9e0c3e0c5fd4662e30eebb160c8b6d5a6d95898f0","6b12246c3ab58f2caaa8e385f9117762243ee7ad68730df0aa5fa187f0fe8e74","de19ee1e1a3beecdf3658d4c8b302e60d43eaaf9e58acfbd369388992eb9afb2","302574"
"MI455X-SIGN-0127","数据/field-requirements.csv","requirement_id","REQ-M2W3-AMD-MI455X-FORM-FACTOR","审计/子代理交接/m2_staging/M2-W3-AMD-MI455X-MODULE/structured/field-requirements.csv","535c4fecfccd84a322f52466737a11ea2073596f1b5fbd86825ad3e8af525c5d","18572","draft","reviewed","","","","e41515aa06f1af94af203bfbcaef057a87d46161e3c05d4dbebb0c31966c5556","ab44c9200f63c9f926e8a0f4e5071ebe4c9a1383dba0abcae9fe61731212d30c","d197e39f680c387db491ca19f333ee93ce4abd8cebdaf1f91bc016646a0f7012","de19ee1e1a3beecdf3658d4c8b302e60d43eaaf9e58acfbd369388992eb9afb2","302574"
"MI455X-SIGN-0128","数据/field-requirements.csv","requirement_id","REQ-M2W3-AMD-MI455X-COOLING","审计/子代理交接/m2_staging/M2-W3-AMD-MI455X-MODULE/structured/field-requirements.csv","535c4fecfccd84a322f52466737a11ea2073596f1b5fbd86825ad3e8af525c5d","18572","draft","reviewed","","","","b64a02d5ad96c02fdd83081caef7e467a3e30c1cc070378723ba424817bc81f9","536e47fe31ec360e9067ad6a2b51be194627d16ebc17e16211ade16d1483334d","8a85d04c819a8393de8c4dda02f75e74b6721cd98b97b71fd9a9865df8485b1b","de19ee1e1a3beecdf3658d4c8b302e60d43eaaf9e58acfbd369388992eb9afb2","302574"
"MI455X-SIGN-0129","数据/field-requirements.csv","requirement_id","REQ-M2W3-AMD-MI455X-HBM-STACKS","审计/子代理交接/m2_staging/M2-W3-AMD-MI455X-MODULE/structured/field-requirements.csv","535c4fecfccd84a322f52466737a11ea2073596f1b5fbd86825ad3e8af525c5d","18572","draft","reviewed","","","","bfdd56bb4b893bded04e76005ef16b49db735ef85a6ce15ef123642d293bbaeb","4b02f8d25f1722067113021ed50e0814f0b17cd8cb3496745432d131edc73b7f","b9ec4763ba7435d5800f0a4491f95d75a02a91e0b766b6702f85c54fec098707","de19ee1e1a3beecdf3658d4c8b302e60d43eaaf9e58acfbd369388992eb9afb2","302574"
"MI455X-SIGN-0130","数据/field-requirements.csv","requirement_id","REQ-M2W3-AMD-MI455X-RAS","审计/子代理交接/m2_staging/M2-W3-AMD-MI455X-MODULE/structured/field-requirements.csv","535c4fecfccd84a322f52466737a11ea2073596f1b5fbd86825ad3e8af525c5d","18572","draft","reviewed","","","","aaeaef8f1f0942b726699cbd6287ace06456a629fb599e7475484ad760359147","8caa4afbeeb4813d27899682f3f19ae3fded83f3bd5820de90d3f4b1d313c2ac","18f2b32a2e68c4ef03005ca00baa97ff8746405773ae3b902adb7b34b2ef6be6","de19ee1e1a3beecdf3658d4c8b302e60d43eaaf9e58acfbd369388992eb9afb2","302574"
"MI455X-SIGN-0131","数据/field-requirements.csv","requirement_id","REQ-M2W3-AMD-MI455X-WGP-COUNT","审计/子代理交接/m2_staging/M2-W3-AMD-MI455X-MODULE/structured/field-requirements.csv","535c4fecfccd84a322f52466737a11ea2073596f1b5fbd86825ad3e8af525c5d","18572","draft","reviewed","","","","6eaf6695bd4baaea679bfcd0c25fa2b0c3a3f9db9a91396e00f0b4a83f597306","942ae13bd640a3e8c431a025c9d5d382e79d7940d3b1160aab79bfa3a5618176","272686f8c517add9933119988fa18b65694584ee78a2c828e0d69ccc4ae488e6","de19ee1e1a3beecdf3658d4c8b302e60d43eaaf9e58acfbd369388992eb9afb2","302574"
"MI455X-SIGN-0132","数据/field-requirements.csv","requirement_id","REQ-M2W3-AMD-MI455X-HBM4-CAPACITY","审计/子代理交接/m2_staging/M2-W3-AMD-MI455X-MODULE/structured/field-requirements.csv","535c4fecfccd84a322f52466737a11ea2073596f1b5fbd86825ad3e8af525c5d","18572","draft","reviewed","","","","39221d62f17b5fcedd34cd1266e3071939161a77226f7e26f77d5e1ff6927a82","63ed0547698b4c90295c9cf63e25a3b089bd8afb41e225b9a685465e565183be","bf6bd6681aa00f0a235abf5b072c4479e250fb76b2be4b9e787b03b08a9f5d98","de19ee1e1a3beecdf3658d4c8b302e60d43eaaf9e58acfbd369388992eb9afb2","302574"
"MI455X-SIGN-0133","数据/field-requirements.csv","requirement_id","REQ-M2W3-AMD-MI455X-L2-CAPACITY","审计/子代理交接/m2_staging/M2-W3-AMD-MI455X-MODULE/structured/field-requirements.csv","535c4fecfccd84a322f52466737a11ea2073596f1b5fbd86825ad3e8af525c5d","18572","draft","reviewed","","","","48ca51c0ead39991935f9f738ea6e9794db8676fe8425d7db0428395812b8db3","a7a2ac358b595b95651f909cf27d63195ae94b00c25583ceacaa739f05f9d9da","df5c68fba257e44c2b0d4b61142d1d9f64c69025c88aed1ab9ef72919dac3e17","de19ee1e1a3beecdf3658d4c8b302e60d43eaaf9e58acfbd369388992eb9afb2","302574"
"MI455X-SIGN-0134","数据/field-requirements.csv","requirement_id","REQ-M2W3-AMD-MI455X-HBM4-BW","审计/子代理交接/m2_staging/M2-W3-AMD-MI455X-MODULE/structured/field-requirements.csv","535c4fecfccd84a322f52466737a11ea2073596f1b5fbd86825ad3e8af525c5d","18572","draft","reviewed","","","","28463d1061295230b6db2576744edeb2a006ebeac6a21d2f03347d72f084867b","4eb6a16b9cddeeb56bc3cc0952fd6cd4f984584efa159bd8ed8353abe2c9d291","f0224bcb6f145908a3b2c37a61343057600e5e6653df90f00ad409aada5ec6d3","de19ee1e1a3beecdf3658d4c8b302e60d43eaaf9e58acfbd369388992eb9afb2","302574"
"MI455X-SIGN-0135","数据/field-requirements.csv","requirement_id","REQ-M2W3-AMD-MI455X-MXFP4-PEAK","审计/子代理交接/m2_staging/M2-W3-AMD-MI455X-MODULE/structured/field-requirements.csv","535c4fecfccd84a322f52466737a11ea2073596f1b5fbd86825ad3e8af525c5d","18572","draft","reviewed","","","","f1f81619ed97c80e645f858041ce47ee97c47d4d8e115c9313d4c7aab7070510","fb3a3cf4ef315e0a8a5e8b0774d4b623055ab364ab76b5838bba37668ea7af63","cdeb89fe00ec18db3043e6e9bd4ef29774336be29c510fb110b26d8916cb98ca","de19ee1e1a3beecdf3658d4c8b302e60d43eaaf9e58acfbd369388992eb9afb2","302574"
"MI455X-SIGN-0136","数据/field-requirements.csv","requirement_id","REQ-M2W3-AMD-MI455X-MXFP6-PEAK","审计/子代理交接/m2_staging/M2-W3-AMD-MI455X-MODULE/structured/field-requirements.csv","535c4fecfccd84a322f52466737a11ea2073596f1b5fbd86825ad3e8af525c5d","18572","draft","reviewed","","","","2afcb410b90a8c8c5b59eedb9b6f15e2e0a19a26da4fd8b551d8c6ed284a66df","30eb0fa8e473fe127d6eb442764538f3caf59ab347b5fec2ba9da77f93bf0e6c","b256bfd020e97a75b67c9cb8ddc8f85273770d48fbb78262ec8a2a5b32a1885a","de19ee1e1a3beecdf3658d4c8b302e60d43eaaf9e58acfbd369388992eb9afb2","302574"
"MI455X-SIGN-0137","数据/field-requirements.csv","requirement_id","REQ-M2W3-AMD-MI455X-MXFP8-PEAK","审计/子代理交接/m2_staging/M2-W3-AMD-MI455X-MODULE/structured/field-requirements.csv","535c4fecfccd84a322f52466737a11ea2073596f1b5fbd86825ad3e8af525c5d","18572","draft","reviewed","","","","34cc4d06b33b0b1d5c7fa6f9c07f7586c9f4c320cddfe3a386b42bc3012601ea","ee82d681e4ce6cb87b05c161e06ebda3537850aa026d30c48c8874cc57e4b493","e80e421112efc2cda443805d1372c6b2998e448a9b433d89132a236b83ef6f3d","de19ee1e1a3beecdf3658d4c8b302e60d43eaaf9e58acfbd369388992eb9afb2","302574"
"MI455X-SIGN-0138","数据/field-requirements.csv","requirement_id","REQ-M2W3-AMD-MI455X-FP8-PEAK","审计/子代理交接/m2_staging/M2-W3-AMD-MI455X-MODULE/structured/field-requirements.csv","535c4fecfccd84a322f52466737a11ea2073596f1b5fbd86825ad3e8af525c5d","18572","draft","reviewed","","","","91cfb9988d1d3ae4d0fe1c4b4f54aea0bc3b4a47f2ad71e84d122722df5654a9","c970f11ae9947f5f64f00f6644ff80f5c73bed7b160b827fe6f27d8904bd3bfc","b2b8d737ec2c3e58d94b809af1b53002e7508094125321677cc551c7cef1bc58","de19ee1e1a3beecdf3658d4c8b302e60d43eaaf9e58acfbd369388992eb9afb2","302574"
"MI455X-SIGN-0139","数据/field-requirements.csv","requirement_id","REQ-M2W3-AMD-MI455X-FP16-VECTOR-PEAK","审计/子代理交接/m2_staging/M2-W3-AMD-MI455X-MODULE/structured/field-requirements.csv","535c4fecfccd84a322f52466737a11ea2073596f1b5fbd86825ad3e8af525c5d","18572","draft","reviewed","","","","37701dd8fdcb66b10117ad3a7cefb9275cd64834fe16b04a2adc4b4ad32d253c","744a2dfa36b5cf1be6630d132a9ccfec53c59d18608982e52f7ff6e03e687682","804d2b359411f5d436052235181bce63cb493fe70d38477240e58688b6174d9e","de19ee1e1a3beecdf3658d4c8b302e60d43eaaf9e58acfbd369388992eb9afb2","302574"
"MI455X-SIGN-0140","数据/field-requirements.csv","requirement_id","REQ-M2W3-AMD-MI455X-FP16-MATRIX-BASE-PEAK","审计/子代理交接/m2_staging/M2-W3-AMD-MI455X-MODULE/structured/field-requirements.csv","535c4fecfccd84a322f52466737a11ea2073596f1b5fbd86825ad3e8af525c5d","18572","draft","reviewed","","","","a51e827a419102a91c3144e8003f152383c98f2ae1f6781fb4a57ebb07bf1837","af56c437b8f42b54e569a4a0732a11deb0b40c7e73b5998fdb862933d8bae700","203fca7fb38d20c7724ba7e7ceb04ba9da813daa19e7e4b4751b4749cf704b90","de19ee1e1a3beecdf3658d4c8b302e60d43eaaf9e58acfbd369388992eb9afb2","302574"
"MI455X-SIGN-0141","数据/field-requirements.csv","requirement_id","REQ-M2W3-AMD-MI455X-FP32-MATRIX-PEAK","审计/子代理交接/m2_staging/M2-W3-AMD-MI455X-MODULE/structured/field-requirements.csv","535c4fecfccd84a322f52466737a11ea2073596f1b5fbd86825ad3e8af525c5d","18572","draft","reviewed","","","","9e0c64088206e47fcc77de9ca664bc701ac4163caa786e8859abd62d92c5a6ba","47066b5237929b6921d8113fa34da75c2f430b1c98a9ce00e3ab81abdbd2636f","02c59ace9b1b2b6bcb2fd10c886c92964b7a7ea51739733f1cee528ae154ce8f","de19ee1e1a3beecdf3658d4c8b302e60d43eaaf9e58acfbd369388992eb9afb2","302574"
"MI455X-SIGN-0142","数据/field-requirements.csv","requirement_id","REQ-M2W3-AMD-MI455X-FP32-VECTOR-PEAK","审计/子代理交接/m2_staging/M2-W3-AMD-MI455X-MODULE/structured/field-requirements.csv","535c4fecfccd84a322f52466737a11ea2073596f1b5fbd86825ad3e8af525c5d","18572","draft","reviewed","","","","89d60276b8b032ea548c5b20cf05c2fcbcd091ddf7989e5cb43f899365f617c0","84afac80825762a7a50b9a4bf7a896b3d7800d791e903f7114b89238c5465818","83d12a63423609c6b82f919943a343c60c0aeca8508c88c68f88ee43c52c8361","de19ee1e1a3beecdf3658d4c8b302e60d43eaaf9e58acfbd369388992eb9afb2","302574"
"MI455X-SIGN-0143","数据/field-requirements.csv","requirement_id","REQ-M2W3-AMD-MI455X-FP64-MATRIX-PEAK","审计/子代理交接/m2_staging/M2-W3-AMD-MI455X-MODULE/structured/field-requirements.csv","535c4fecfccd84a322f52466737a11ea2073596f1b5fbd86825ad3e8af525c5d","18572","draft","reviewed","","","","2457a30565aa7083606e25d13a3acb4b2b0302780d60657afc3f24986421687f","59c863a04bca3f896389d61f864a9ae0943c353c562f5a2217ec548848253670","fc79fa0ba11a99834d94d68c1a18c589509a10b89eecba7f1de90b0a5005c08a","de19ee1e1a3beecdf3658d4c8b302e60d43eaaf9e58acfbd369388992eb9afb2","302574"
"MI455X-SIGN-0144","数据/field-requirements.csv","requirement_id","REQ-M2W3-AMD-MI455X-FP64-VECTOR-PEAK","审计/子代理交接/m2_staging/M2-W3-AMD-MI455X-MODULE/structured/field-requirements.csv","535c4fecfccd84a322f52466737a11ea2073596f1b5fbd86825ad3e8af525c5d","18572","draft","reviewed","","","","1fa05208fc42049fe55b0a562a64e9c4f43da262b359f3c8562b34bab0b4cea9","f44045beb0657baadbdeb9f0b15fa127ba959cc44f336755c3b59663dfa3178f","2bfcea7df047f1a1729181f6424aba285916a47ac279569da8ba05bddd5bc599","de19ee1e1a3beecdf3658d4c8b302e60d43eaaf9e58acfbd369388992eb9afb2","302574"
"MI455X-SIGN-0145","数据/field-requirements.csv","requirement_id","REQ-M2W3-AMD-MI455X-INT8-MATRIX-BASE-PEAK","审计/子代理交接/m2_staging/M2-W3-AMD-MI455X-MODULE/structured/field-requirements.csv","535c4fecfccd84a322f52466737a11ea2073596f1b5fbd86825ad3e8af525c5d","18572","draft","reviewed","","","","e7dad25e959e4162aa84549d6b308daa611326db2458ac36aad37420697ab43c","36405817ff776b891cd96385bbd8bd62f168d9bd3c10ee7885967923e8a535b0","3a110c958ad20dd70b66e2571daddcdd5d9d647aa1713d19a493258e9822d78d","de19ee1e1a3beecdf3658d4c8b302e60d43eaaf9e58acfbd369388992eb9afb2","302574"
"MI455X-SIGN-0146","数据/field-requirements.csv","requirement_id","REQ-M2W3-AMD-MI455X-BF16-MATRIX-BASE-PEAK","审计/子代理交接/m2_staging/M2-W3-AMD-MI455X-MODULE/structured/field-requirements.csv","535c4fecfccd84a322f52466737a11ea2073596f1b5fbd86825ad3e8af525c5d","18572","draft","reviewed","","","","53b9ebd35f909faa350b3206768af39bff1873deb74c5b0defa0140beb21692c","ed7bebdd187c8958709b0dfe1af076f315daffd35f874c89748f5a7271d2b5bc","0846f872cdba5645e85cf18376029e0c09793e3ba37f3dec4720b6feba0e0bcb","de19ee1e1a3beecdf3658d4c8b302e60d43eaaf9e58acfbd369388992eb9afb2","302574"
"MI455X-SIGN-0147","数据/field-requirements.csv","requirement_id","REQ-M2W3-AMD-MI455X-CPU-GPU-BW","审计/子代理交接/m2_staging/M2-W3-AMD-MI455X-MODULE/structured/field-requirements.csv","535c4fecfccd84a322f52466737a11ea2073596f1b5fbd86825ad3e8af525c5d","18572","draft","reviewed","","","","2498f9e11c2c42b16f55e6b6617975689ae48ce7e7b9b9a08f6ed295d734d38c","125e3dc25571bb4085a26a54fcd1c79c94d343a0eb23e5613852334c020d01c3","b64fc4a89ac14a599b2d4bee44e11ce397fe32917db39245f524ac426e4b6746","de19ee1e1a3beecdf3658d4c8b302e60d43eaaf9e58acfbd369388992eb9afb2","302574"
"MI455X-SIGN-0148","数据/field-requirements.csv","requirement_id","REQ-M2W3-AMD-MI455X-SCALEUP-BW","审计/子代理交接/m2_staging/M2-W3-AMD-MI455X-MODULE/structured/field-requirements.csv","535c4fecfccd84a322f52466737a11ea2073596f1b5fbd86825ad3e8af525c5d","18572","draft","reviewed","","","","e9f7a3c0ec32131c4507fdcbaae44295355589fec52112c63be313c447747272","bf3d8ee065becee5f04d07dd1d8539970369966eaddfe8030d626f5315ca8b1a","42ebc309b669375c6bb62c284f086f8c023c715f9336f3a47d1608457c7cfc15","de19ee1e1a3beecdf3658d4c8b302e60d43eaaf9e58acfbd369388992eb9afb2","302574"
"MI455X-SIGN-0149","数据/field-requirements.csv","requirement_id","REQ-M2W3-AMD-MI455X-SCALEOUT-BW","审计/子代理交接/m2_staging/M2-W3-AMD-MI455X-MODULE/structured/field-requirements.csv","535c4fecfccd84a322f52466737a11ea2073596f1b5fbd86825ad3e8af525c5d","18572","draft","reviewed","","","","180ed6b997552a8e5255b9f45bbc171ef762cb4600fc78710a0b5ae8b79db84b","ce209bb862f0a15495ab6d6d54005427a4fb36e0f69056904adca2818b4b6728","f8c553d28d8b0ae3cb1af2d2fc55a8054c35600695f4a30ad90bf5cbf44eea80","de19ee1e1a3beecdf3658d4c8b302e60d43eaaf9e58acfbd369388992eb9afb2","302574"
"MI455X-SIGN-0150","数据/field-requirements.csv","requirement_id","REQ-M2W3-AMD-MI455X-ARCH-RELATION","审计/子代理交接/m2_staging/M2-W3-AMD-MI455X-MODULE/structured/field-requirements.csv","535c4fecfccd84a322f52466737a11ea2073596f1b5fbd86825ad3e8af525c5d","18572","draft","reviewed","","","","74de51d95dd8e23f97decac29e786fdf493a456b62395d25c69754b2d52f3c87","5c1c6e78cd1d3d1e631b997da9bc5d1522f05732201db1c8a9688185f31a577c","9359991306078119b16a8f4a6b49ef25e133ea5554f5c159429ebec2178acce5","de19ee1e1a3beecdf3658d4c8b302e60d43eaaf9e58acfbd369388992eb9afb2","302574"
"MI455X-SIGN-0151","数据/field-requirements.csv","requirement_id","REQ-M2W3-AMD-MI455X-STATUS","审计/子代理交接/m2_staging/M2-W3-AMD-MI455X-MODULE/structured/field-requirements.csv","535c4fecfccd84a322f52466737a11ea2073596f1b5fbd86825ad3e8af525c5d","18572","draft","reviewed","","","","7abbef1c6a7b0886ea6e323aa521d386b483f5dd2ccfd4eebd4b65d36cc0a470","900cf5fb38aedf38eb6612f36dd8dc1412d8e4279dd4b00a0762c366e1ded070","95df916d35cafe79ce1b43b6dcd5ffc49c1adbdc7982a967000aad19a067a1cf","de19ee1e1a3beecdf3658d4c8b302e60d43eaaf9e58acfbd369388992eb9afb2","302574"
"MI455X-SIGN-0152","数据/field-requirements.csv","requirement_id","REQ-M2W3-AMD-MI455X-AVAILABILITY","审计/子代理交接/m2_staging/M2-W3-AMD-MI455X-MODULE/structured/field-requirements.csv","535c4fecfccd84a322f52466737a11ea2073596f1b5fbd86825ad3e8af525c5d","18572","draft","reviewed","","","","2578ca3d2784e0bc0ad588babb93f5b91d75dc82c01841736b43f45e7cd61b3e","e62e0b5965ee61d8c9b9af109d91986d7ab764cd5112aed1ccbea926674b44f9","c2910f27edd93ba2e7035f40c33d99afb7039059ff70cf1e80ee912c9c0eb990","de19ee1e1a3beecdf3658d4c8b302e60d43eaaf9e58acfbd369388992eb9afb2","302574"
"MI455X-SIGN-0153","数据/field-requirements.csv","requirement_id","REQ-M2W3-AMD-MI455X-POWER","审计/子代理交接/m2_staging/M2-W3-AMD-MI455X-MODULE/structured/field-requirements.csv","535c4fecfccd84a322f52466737a11ea2073596f1b5fbd86825ad3e8af525c5d","18572","draft","reviewed","","","","b55421cb229c9d3b80b46d5005f199e146c527446188df6ecc568f1315aad0f3","3e65d833e1aaceec4c5951c2b5052adbd3b0bd860c2baba62088ee788e3b0f2f","d60df971b9309138c2006c4696c3b7b1d035c1dbc52a562c942362b7df0e6aa7","de19ee1e1a3beecdf3658d4c8b302e60d43eaaf9e58acfbd369388992eb9afb2","302574"
"MI455X-SIGN-0154","数据/field-requirements.csv","requirement_id","REQ-M2W3-AMD-MI455X-ACCUMULATION","审计/子代理交接/m2_staging/M2-W3-AMD-MI455X-MODULE/structured/field-requirements.csv","535c4fecfccd84a322f52466737a11ea2073596f1b5fbd86825ad3e8af525c5d","18572","draft","reviewed","","","","c1a24059f519ba6d7c63668e8e27d4d407fc90c6b700b87e4e5923f3afc3b6c8","234b4505b16ea75bc18430af77a2c7a5a9c18b83d7acb30c949641a059c7835c","ed6dcee6438100485d821915236ed725207012662b9e2d9bf660cae990b43698","de19ee1e1a3beecdf3658d4c8b302e60d43eaaf9e58acfbd369388992eb9afb2","302574"
"MI455X-SIGN-0155","数据/field-requirements.csv","requirement_id","REQ-M2W3-AMD-MI455X-PHYSICAL-ACCUM","审计/子代理交接/m2_staging/M2-W3-AMD-MI455X-MODULE/structured/field-requirements.csv","535c4fecfccd84a322f52466737a11ea2073596f1b5fbd86825ad3e8af525c5d","18572","draft","reviewed","","","","9619949c077a43d87f54044f077875b1cefd793c82ec181bf495a6f5026446bd","81e61ec8f3188844a3afc0ca9a86ee0112162367804d79ca3d1e61f58917dffb","52427fcbae686d6b3b8c5a8100ff6f1943a49e4f8cdcb62dae85b76b2d98f7a9","de19ee1e1a3beecdf3658d4c8b302e60d43eaaf9e58acfbd369388992eb9afb2","302574"
"MI455X-SIGN-0156","数据/field-requirements.csv","requirement_id","REQ-M2W3-AMD-MI455X-SPECIAL-IMPLEMENTATION","审计/子代理交接/m2_staging/M2-W3-AMD-MI455X-MODULE/structured/field-requirements.csv","535c4fecfccd84a322f52466737a11ea2073596f1b5fbd86825ad3e8af525c5d","18572","draft","reviewed","","","","b0a1a8a91b9499527606ce8b05f8eb259dc9ba20998167036fa2c1f8983d4a3b","feab9ffe15936085020ccef07445669f06c9e470ce8a62f517dc5878c4b63ec0","5848fb5afed367ef363ce5af64f81cf1686deea6811e98ea06293d40a2da39e6","de19ee1e1a3beecdf3658d4c8b302e60d43eaaf9e58acfbd369388992eb9afb2","302574"
"MI455X-SIGN-0157","数据/field-requirements.csv","requirement_id","REQ-M2W3-AMD-MI455X-HBM-INTERFACE","审计/子代理交接/m2_staging/M2-W3-AMD-MI455X-MODULE/structured/field-requirements.csv","535c4fecfccd84a322f52466737a11ea2073596f1b5fbd86825ad3e8af525c5d","18572","draft","reviewed","","","","5e7d74995dc1580fea9f023c4bea98e74348dd38a9c5d2738769824186980d1a","1d120d684f4673ea0f40cddac9c08fb2e073360457a405b374b913330ae3271b","e07394ddb5ee05b5a20d4706e3a87854841df9e6e09844f353909b1b126e5ff0","de19ee1e1a3beecdf3658d4c8b302e60d43eaaf9e58acfbd369388992eb9afb2","302574"
"MI455X-SIGN-0158","数据/field-requirements.csv","requirement_id","REQ-M2W3-AMD-MI455X-DIE-AREA","审计/子代理交接/m2_staging/M2-W3-AMD-MI455X-MODULE/structured/field-requirements.csv","535c4fecfccd84a322f52466737a11ea2073596f1b5fbd86825ad3e8af525c5d","18572","draft","reviewed","","","","ea19996d9a7954da0f3f9ca40d3d862f229671dc1875f4563c3420eaeb5ea6b5","ba8c2eb9555bd37fa52007b0714e90c77b1b376a9a70b4271e986cce44eabbd0","16b6beaeb609615945e68351a2f0d3bd4ab381064f1973a2f9252cbc8e5ae9e9","de19ee1e1a3beecdf3658d4c8b302e60d43eaaf9e58acfbd369388992eb9afb2","302574"
"MI455X-SIGN-0159","数据/field-requirements.csv","requirement_id","REQ-M2W3-AMD-MI455X-RUNTIME-VERSION","审计/子代理交接/m2_staging/M2-W3-AMD-MI455X-MODULE/structured/field-requirements.csv","535c4fecfccd84a322f52466737a11ea2073596f1b5fbd86825ad3e8af525c5d","18572","draft","reviewed","","","","66c1de5b8869e0fd34f8d803c26b2129d0b11acd260ec6efce2a4064ab7978fa","3df520ac73e50118aa3c6e590f47af485ff58663340e4e037b1ba29e4e381c29","6f181e0435a3dca51a61239a574b5010d3363a6efc1cfd50d170a8b7c4e52c25","de19ee1e1a3beecdf3658d4c8b302e60d43eaaf9e58acfbd369388992eb9afb2","302574"
"MI455X-SIGN-0160","数据/links.csv","link_id","LINK-M2W3-AMD-MI455X-CPU-GPU","审计/子代理交接/m2_staging/M2-W3-AMD-MI455X-MODULE/structured/links.csv","cf7ff2f8217b028c0a9462f17d1a0cdf1f548fd5a3d3043d479dac062329e325","822","draft","reviewed","","","","dcdd10e45fb682dd88420be8d340c8f13146c3dfbfda7d12c53030a86b71d700","518967eaa9fd254fbe1139cd4f17989802a381bba77c26873873fd296a7122b2","54a6d5d80d0517a200d21737e2cea12d8df6aa8e9012915323ee3f476c6c5640","71dc144abeae14c1607c75ef060f0305aa910e05823159ce4dca1b5105e9b51e","8129"
"MI455X-SIGN-0161","数据/links.csv","link_id","LINK-M2W3-AMD-MI455X-SCALEUP-UALOE","审计/子代理交接/m2_staging/M2-W3-AMD-MI455X-MODULE/structured/links.csv","cf7ff2f8217b028c0a9462f17d1a0cdf1f548fd5a3d3043d479dac062329e325","822","draft","reviewed","","","","d533921fdd224557810405be3b5f642b8c8fc0ce7aa4fb83c1be932852a64284","5c62864d0c3055a88f1ddffad88845bbd1d2407c7ab74c28f173301ea822dcd0","bd31774b8bd1950b606904179498f0d8a9165330608c67277acec92e337b739f","71dc144abeae14c1607c75ef060f0305aa910e05823159ce4dca1b5105e9b51e","8129"
"MI455X-SIGN-0162","数据/links.csv","link_id","LINK-M2W3-AMD-MI455X-SCALEOUT-UALINK","审计/子代理交接/m2_staging/M2-W3-AMD-MI455X-MODULE/structured/links.csv","cf7ff2f8217b028c0a9462f17d1a0cdf1f548fd5a3d3043d479dac062329e325","822","draft","reviewed","","","","2627762ee2c45da7d0820c7ffa5d2d40a518057330c3cf93410cc773420ceef3","ccadd2361cf050857573f74b881c4ef00d574ae27c9e6284b6bfc7fdb3931362","e2ba2e22f7683b1ba05709e21f53c398fbf21312a0af3bb326beb4810ce52162","71dc144abeae14c1607c75ef060f0305aa910e05823159ce4dca1b5105e9b51e","8129"
"MI455X-SIGN-0163","数据/memory-levels.csv","memory_level_id","COMP-M2W3-AMD-MI455X-HBM4","审计/子代理交接/m2_staging/M2-W3-AMD-MI455X-MODULE/structured/memory-levels.csv","fcdd36957d307865a0f68788bb624e81dff7504c3941068a49aec247a31fd6cd","368","draft","reviewed","","","","299db41b2d30d52e7ea5761bdce5e16d3944bfeec702f89d1a2196fb3891d216","783b8ad4d421ef5e549cbc521e50c93beec50c230c7564b905f99ddb4357791c","30828bbce361b697925e33ae0ec1ba9432e11e82cb7479bf1bba3c6d9e27e66e","e1e6f95da738de7ae3c673ebd66707e2ddf13c411afd72c6383fd375697398fa","11348"
"MI455X-SIGN-0164","数据/memory-levels.csv","memory_level_id","COMP-M2W3-AMD-MI455X-L2","审计/子代理交接/m2_staging/M2-W3-AMD-MI455X-MODULE/structured/memory-levels.csv","fcdd36957d307865a0f68788bb624e81dff7504c3941068a49aec247a31fd6cd","368","draft","reviewed","","","","5aced80297b72251a25ddbcb8dbe280cabfafd91ef5ecd9b317a194d03909371","4e122b45698bc09ebe6b9665eada085fbd8584120a92989a667266d00fb6e04f","95fedf28c4361435812d01abf41f0b322556a66141940969ecf7a72b2e8a0b51","e1e6f95da738de7ae3c673ebd66707e2ddf13c411afd72c6383fd375697398fa","11348"
"MI455X-SIGN-0165","数据/precision-paths.csv","precision_path_id","PPATH-M2W3-AMD-MI455X-OCP-MXFP4-MATRIX","审计/子代理交接/m2_staging/M2-W3-AMD-MI455X-MODULE/structured/precision-paths.csv","7148521511a56620086bce59f38d5e1313b07008a1f80b25d6eacf9b55ced6d1","2436","draft","reviewed","","","","f1fd20b6fb56aa3d20e14be23b44bb437e436b8de5cda91b4da1f9d1d52b000f","b943f6725a9ed957310a24db49eb584e9562d265d76fb657cbf41a08e4329abd","a9c1432c4231f7a5436ac0d6620c9abc9dd50b05482f58c4aaa84ae017dca93a","477cc547e061fd7fd2d418c38ee4c74eb56c17ec70df956666040fde04292431","23468"
"MI455X-SIGN-0166","数据/precision-paths.csv","precision_path_id","PPATH-M2W3-AMD-MI455X-OCP-MXFP6-MATRIX","审计/子代理交接/m2_staging/M2-W3-AMD-MI455X-MODULE/structured/precision-paths.csv","7148521511a56620086bce59f38d5e1313b07008a1f80b25d6eacf9b55ced6d1","2436","draft","reviewed","","","","d451174b0ae3c3a32bb539ff5987db888affa4a53d1c09d2884c55862897f9c1","d05bf8c5c415b571cec0ea9a8a3c3c7e157a93924bb619137e863cca776f4b84","3d264817bd9a0bf26c0711a536e4d49ab6681574fd3c378328f4f681edc4ded2","477cc547e061fd7fd2d418c38ee4c74eb56c17ec70df956666040fde04292431","23468"
"MI455X-SIGN-0167","数据/precision-paths.csv","precision_path_id","PPATH-M2W3-AMD-MI455X-OCP-MXFP8-MATRIX","审计/子代理交接/m2_staging/M2-W3-AMD-MI455X-MODULE/structured/precision-paths.csv","7148521511a56620086bce59f38d5e1313b07008a1f80b25d6eacf9b55ced6d1","2436","draft","reviewed","","","","b6f721dedf30b1fcfd5813b626e0530cf455a0b68f3cef015d59c52025e3f291","fd03f46b2de571d2d8a23ba0fa4177f589de1492e48d5b7ed25adc4a73d75cf7","8df8f0082688949956601c004452136d095bc37807770983871a6a3fccb0583c","477cc547e061fd7fd2d418c38ee4c74eb56c17ec70df956666040fde04292431","23468"
"MI455X-SIGN-0168","数据/precision-paths.csv","precision_path_id","PPATH-M2W3-AMD-MI455X-OCP-FP8-MATRIX","审计/子代理交接/m2_staging/M2-W3-AMD-MI455X-MODULE/structured/precision-paths.csv","7148521511a56620086bce59f38d5e1313b07008a1f80b25d6eacf9b55ced6d1","2436","draft","reviewed","","","","c09f6ff2294460854cb6a56686686913e0f1454bd581d83c6b7b829bbc736066","1f21a78e5acea71fd39fe0466e630851d9fa4879db91fc18e0ef438131a23362","2a8e6c78757e7c58f4de3db26edd50623d2268446236240239d383222db29561","477cc547e061fd7fd2d418c38ee4c74eb56c17ec70df956666040fde04292431","23468"
"MI455X-SIGN-0169","数据/precision-paths.csv","precision_path_id","PPATH-M2W3-AMD-MI455X-FP16-MATRIX","审计/子代理交接/m2_staging/M2-W3-AMD-MI455X-MODULE/structured/precision-paths.csv","7148521511a56620086bce59f38d5e1313b07008a1f80b25d6eacf9b55ced6d1","2436","draft","reviewed","","","","e04cb12b83a6485f562e87d6bdb92771a161371097841bb440070b3904e75182","3409afaf6fac57bfd0f6e3456c0dedca7bfe18604d72e5d572c9b2b7ae0a20a5","9410dc61d027418a6db90946ed55a1157a9467006b6cc615cd2815dc967d00c2","477cc547e061fd7fd2d418c38ee4c74eb56c17ec70df956666040fde04292431","23468"
"MI455X-SIGN-0170","数据/precision-paths.csv","precision_path_id","PPATH-M2W3-AMD-MI455X-FP16-VECTOR","审计/子代理交接/m2_staging/M2-W3-AMD-MI455X-MODULE/structured/precision-paths.csv","7148521511a56620086bce59f38d5e1313b07008a1f80b25d6eacf9b55ced6d1","2436","draft","reviewed","","","","652bd2212e2595d246393055fe4cb813cd16bee6f0201925b71aef7eb0ce0347","0498f99f84581f175d69e985e9840bedccf49f006a4998033ea520149846ed19","aab7511d9d2fd9914677dca77359e6038096e3779fc72ef8ec99c2123045858c","477cc547e061fd7fd2d418c38ee4c74eb56c17ec70df956666040fde04292431","23468"
"MI455X-SIGN-0171","数据/precision-paths.csv","precision_path_id","PPATH-M2W3-AMD-MI455X-FP32-MATRIX","审计/子代理交接/m2_staging/M2-W3-AMD-MI455X-MODULE/structured/precision-paths.csv","7148521511a56620086bce59f38d5e1313b07008a1f80b25d6eacf9b55ced6d1","2436","draft","reviewed","","","","6fef9daa5042ee13807c69dec92d7d9f3344e3eccee74f9ff9933a8e19345b69","d1df9035a87db26c0b076f3604a799041a4e4646d83742353d724cb343ff712d","6551347efda0e239a960e954187969eda504e91a94688c1113a2001870b3e31e","477cc547e061fd7fd2d418c38ee4c74eb56c17ec70df956666040fde04292431","23468"
"MI455X-SIGN-0172","数据/precision-paths.csv","precision_path_id","PPATH-M2W3-AMD-MI455X-FP32-VECTOR","审计/子代理交接/m2_staging/M2-W3-AMD-MI455X-MODULE/structured/precision-paths.csv","7148521511a56620086bce59f38d5e1313b07008a1f80b25d6eacf9b55ced6d1","2436","draft","reviewed","","","","fdd2cd9fd29f9cb8188fc56cea3b22060016bb21aa1e58204e918e2b33c20a1e","78b9b9d0aa2e38a37b6b0dddd2e6a43df9213d5f4b2942c56bf5377c3238fc2a","367cf6a2df0cfe643c8489b68ab281a08a98a07d3402f39093dbcb24422d84cc","477cc547e061fd7fd2d418c38ee4c74eb56c17ec70df956666040fde04292431","23468"
"MI455X-SIGN-0173","数据/precision-paths.csv","precision_path_id","PPATH-M2W3-AMD-MI455X-FP64-MATRIX","审计/子代理交接/m2_staging/M2-W3-AMD-MI455X-MODULE/structured/precision-paths.csv","7148521511a56620086bce59f38d5e1313b07008a1f80b25d6eacf9b55ced6d1","2436","draft","reviewed","","","","288986ac66cc207fa712afd69e2e927974c8874fafd5a4b6305844d10dedc532","4c6dc8540b9a64c47d4c299a575b5a5f48e4bd5f3f0c3faa08799abfd8bfb090","95d9baac16e643395b6c7a8f6e9390d12e499183b4c77cb33c158505acccecf0","477cc547e061fd7fd2d418c38ee4c74eb56c17ec70df956666040fde04292431","23468"
"MI455X-SIGN-0174","数据/precision-paths.csv","precision_path_id","PPATH-M2W3-AMD-MI455X-FP64-VECTOR","审计/子代理交接/m2_staging/M2-W3-AMD-MI455X-MODULE/structured/precision-paths.csv","7148521511a56620086bce59f38d5e1313b07008a1f80b25d6eacf9b55ced6d1","2436","draft","reviewed","","","","7a1e0b2fae9427cfc03a353c6ccd17fd5fac9725aeda232e613813ca71472525","1b2d87c539a005a74bff6c248bcb9eee7b9bddc156e3df34291632d396393b76","5cbf36e283fc45463ba105243ef91610c906c2deb5c4e7921e9887ee17b99749","477cc547e061fd7fd2d418c38ee4c74eb56c17ec70df956666040fde04292431","23468"
"MI455X-SIGN-0175","数据/precision-paths.csv","precision_path_id","PPATH-M2W3-AMD-MI455X-INT8-MATRIX","审计/子代理交接/m2_staging/M2-W3-AMD-MI455X-MODULE/structured/precision-paths.csv","7148521511a56620086bce59f38d5e1313b07008a1f80b25d6eacf9b55ced6d1","2436","draft","reviewed","","","","0fb7dbe6c1260f7a8b0c2f5693804f81e76b84e383a36de9f2c7ec7afcfe5aa9","fffe32bf8034a728f16f592d37b103bc3fdadab1fcd25f36e51a8acecab851f5","b10428ad79aca1bb1a87a61bed32a459afcdcce5ec909758b2307886dfc9d1f7","477cc547e061fd7fd2d418c38ee4c74eb56c17ec70df956666040fde04292431","23468"
"MI455X-SIGN-0176","数据/precision-paths.csv","precision_path_id","PPATH-M2W3-AMD-MI455X-BF16-MATRIX","审计/子代理交接/m2_staging/M2-W3-AMD-MI455X-MODULE/structured/precision-paths.csv","7148521511a56620086bce59f38d5e1313b07008a1f80b25d6eacf9b55ced6d1","2436","draft","reviewed","","","","e5a6907ab6cf66c843215b0e43fdcb3e39ad87009ece5499dade421b6181cf5b","3e883d3e212590e9dfd9c7fbb593efe31fbb218f7439a7b6f2945c2bc338eec0","6d20f3bbd6b5c6fd941e347f713919bc21bf2948aa4ba5dae200cdadae3be3f9","477cc547e061fd7fd2d418c38ee4c74eb56c17ec70df956666040fde04292431","23468"
"MI455X-SIGN-0177","最小参考资料库/search-log.csv","search_id","SEARCH-M2W3-AMD-MI455X-AVAILABILITY","审计/子代理交接/m2_staging/M2-W3-AMD-MI455X-MODULE/structured/search-log.csv","40428889c2fbe13d62473ec4b287ccee44ff0521a64636f445a3fae5083c955c","3997","draft","reviewed","","","","cb8a13043897c27855eadbfcb5af6040860893e3e1b0f5983b3dd32aa4e53f99","b5da71dbc524959b1e746ea4dc6cc5b50675fb1f706e7a216be4fc5467dc5551","d213e7be2b4ae69b2bf8d2ddfe1afc84d4eb7b0141aa3aa9e6bbe2969f49f761","f7c501584f0b685b26aaaa913a9fd975e4d94474a9fac38b95d74fe0513bc23d","114039"
"MI455X-SIGN-0178","最小参考资料库/search-log.csv","search_id","SEARCH-M2W3-AMD-MI455X-POWER","审计/子代理交接/m2_staging/M2-W3-AMD-MI455X-MODULE/structured/search-log.csv","40428889c2fbe13d62473ec4b287ccee44ff0521a64636f445a3fae5083c955c","3997","draft","reviewed","","","","0efce0a131cb4ca18c778f055aad118f2b7ce6b15e359e3fd97748afdd5417ff","fad8dd79ca3b9215f3578642b42aaf7ac97a6f077a98eaedecbab065b45ba1bf","6459246518c11888829e299ffb6cd8f47d4b77df6b91c697d09ce0232e716449","f7c501584f0b685b26aaaa913a9fd975e4d94474a9fac38b95d74fe0513bc23d","114039"
"MI455X-SIGN-0179","最小参考资料库/search-log.csv","search_id","SEARCH-M2W3-AMD-MI455X-ACCUMULATION","审计/子代理交接/m2_staging/M2-W3-AMD-MI455X-MODULE/structured/search-log.csv","40428889c2fbe13d62473ec4b287ccee44ff0521a64636f445a3fae5083c955c","3997","draft","reviewed","","","","7d0cd3ffb9a0ab7f8f8e746d0eb54bb0caf430210334324f13a7a0426106d9d8","41ad6c26820d14ba905b0bbce27b6d2644e5a45ed74f590c5e01f30742c53495","f32b26303d238590122f9fa9f1ff4cb4c07a31fee17f8616cb20322d2471a620","f7c501584f0b685b26aaaa913a9fd975e4d94474a9fac38b95d74fe0513bc23d","114039"
"MI455X-SIGN-0180","最小参考资料库/search-log.csv","search_id","SEARCH-M2W3-AMD-MI455X-PHYSICAL-ACCUM","审计/子代理交接/m2_staging/M2-W3-AMD-MI455X-MODULE/structured/search-log.csv","40428889c2fbe13d62473ec4b287ccee44ff0521a64636f445a3fae5083c955c","3997","draft","reviewed","","","","1a13875b5c9c63e7da2cbf6f841d8497ee4a557ddb53b97bf0b9f842c98366ee","525eed17471a5328c9b2d75c0b28edae0a9f82c9848c06cbaab6dbf448fe78f9","d27397ea60df1334c5091e828d12558a6a2a627c04e3741788cffeb0a89d1e51","f7c501584f0b685b26aaaa913a9fd975e4d94474a9fac38b95d74fe0513bc23d","114039"
"MI455X-SIGN-0181","最小参考资料库/search-log.csv","search_id","SEARCH-M2W3-AMD-MI455X-SPECIAL-IMPLEMENTATION","审计/子代理交接/m2_staging/M2-W3-AMD-MI455X-MODULE/structured/search-log.csv","40428889c2fbe13d62473ec4b287ccee44ff0521a64636f445a3fae5083c955c","3997","draft","reviewed","","","","e8d113784d819fc8e584df4254ebe22704f92c45b5530e43ffdd8ef48984fff1","faeef94e94d04cc0606d205a5af13354f1e42498bc0bd17c22f2ac113d044d46","4e892d7f8e83f0edd695f2981f76d114c1f1f1eee1f1380dee477f8742242337","f7c501584f0b685b26aaaa913a9fd975e4d94474a9fac38b95d74fe0513bc23d","114039"
"MI455X-SIGN-0182","最小参考资料库/search-log.csv","search_id","SEARCH-M2W3-AMD-MI455X-HBM-INTERFACE","审计/子代理交接/m2_staging/M2-W3-AMD-MI455X-MODULE/structured/search-log.csv","40428889c2fbe13d62473ec4b287ccee44ff0521a64636f445a3fae5083c955c","3997","draft","reviewed","","","","7b549b0d9f097f0879c7ffeba0342aee4fdcf85b6b3a13e47a7a0a67e0439080","541e051d9b758273cc99331af225ce72d25d705f4d648b87bb1341eb25989456","7cb7ce5959810b6f2033e6e57866032f7884d71b7020fe0d14c52992dad23819","f7c501584f0b685b26aaaa913a9fd975e4d94474a9fac38b95d74fe0513bc23d","114039"
"MI455X-SIGN-0183","最小参考资料库/search-log.csv","search_id","SEARCH-M2W3-AMD-MI455X-DIE-AREA","审计/子代理交接/m2_staging/M2-W3-AMD-MI455X-MODULE/structured/search-log.csv","40428889c2fbe13d62473ec4b287ccee44ff0521a64636f445a3fae5083c955c","3997","draft","reviewed","","","","43a1239cda0fe11d3cd365424605df03a75cec97819eeba3b4d8e23e793eeda6","330ec9d72572700a66ecec4ee04b4d773dbd13fb9f791a26696696f0cd7d4a79","1f3d4147eec5b0d57cf32bf5e031eb57a22fbe4dee88b66723035a402a27aebf","f7c501584f0b685b26aaaa913a9fd975e4d94474a9fac38b95d74fe0513bc23d","114039"
"MI455X-SIGN-0184","最小参考资料库/search-log.csv","search_id","SEARCH-M2W3-AMD-MI455X-RUNTIME-VERSION","审计/子代理交接/m2_staging/M2-W3-AMD-MI455X-MODULE/structured/search-log.csv","40428889c2fbe13d62473ec4b287ccee44ff0521a64636f445a3fae5083c955c","3997","draft","reviewed","","","","74c5fbdb8a851b75e97a324d6c2de482c584bd874de14be97a19ff467034bd58","d092ddf51d18226d35535c4d7fbe5dad0d06bf5992b1d3e6c7770aa096e4a9e9","50da44a4d693f14d0d08f33afb57e6a948fcf9f80611c0b294e5718e1e656278","f7c501584f0b685b26aaaa913a9fd975e4d94474a9fac38b95d74fe0513bc23d","114039"
"MI455X-SIGN-0185","最小参考资料库/search-results.csv","search_result_id","SRESULT-M2W3-AMD-MI455X-AVAILABILITY-PRODUCT","审计/子代理交接/m2_staging/M2-W3-AMD-MI455X-MODULE/structured/search-results.csv","5b18d025e6f10c36228b25219e4c91bd9ca6a3de7706ed1b8af49e3bbfd59c23","7203","draft","reviewed","","","","8ee0a03eacde22e5bb9f6c9e2b79a1eb513f47ae089433f72f7446f245cef279","e67e536d3b63cad4799ba22740c018da37c10805e58b8214296e171999fb086f","5f793582e295f06e93c07e43a8d0937e9fd4925612a1d49d9d1ee2ae35e1e8cd","92aec74a85406ffa96c826348ffe298dba702639ecdf956160bf655db48cc40f","77301"
"MI455X-SIGN-0186","最小参考资料库/search-results.csv","search_result_id","SRESULT-M2W3-AMD-MI455X-AVAILABILITY-BROCHURE","审计/子代理交接/m2_staging/M2-W3-AMD-MI455X-MODULE/structured/search-results.csv","5b18d025e6f10c36228b25219e4c91bd9ca6a3de7706ed1b8af49e3bbfd59c23","7203","draft","reviewed","","","","c991a3f2c1b6a6892e13f2a9fbcfc69e78b3bce10c0022eb91de3c5881b51dd0","d7a8ab0701ad335c1f7617e97ad43db40cb75d442c923c2d590819318c8af1b9","3ed75bfdb523e2c4448adbf3143e42f4109f38c7a7cac05e80e6dd44b817748c","92aec74a85406ffa96c826348ffe298dba702639ecdf956160bf655db48cc40f","77301"
"MI455X-SIGN-0187","最小参考资料库/search-results.csv","search_result_id","SRESULT-M2W3-AMD-MI455X-AVAILABILITY-MI400","审计/子代理交接/m2_staging/M2-W3-AMD-MI455X-MODULE/structured/search-results.csv","5b18d025e6f10c36228b25219e4c91bd9ca6a3de7706ed1b8af49e3bbfd59c23","7203","draft","reviewed","","","","677461164d321559b6eb9ed20e02a068024d3309048698fb20ca410ea8dcd15a","d734452865cf5ecd137a8bb5ae95dab1ee5df98993127de04d31a8540d5aac09","7fd038557b388b872de45d5edf12c4ec05f79182667d8a66e9d30519db8a095e","92aec74a85406ffa96c826348ffe298dba702639ecdf956160bf655db48cc40f","77301"
"MI455X-SIGN-0188","最小参考资料库/search-results.csv","search_result_id","SRESULT-M2W3-AMD-MI455X-AVAILABILITY-CDNA5","审计/子代理交接/m2_staging/M2-W3-AMD-MI455X-MODULE/structured/search-results.csv","5b18d025e6f10c36228b25219e4c91bd9ca6a3de7706ed1b8af49e3bbfd59c23","7203","draft","reviewed","","","","331af5816e7e0b25013c6fbc260ec7a36735c96ac7535ffd827d9f529e792517","c31d399472cb82ff49ca6573971176d60c4ed8ad8dab5b268bfc6d2d28ca0712","ef5b87f94f194bb0c416366bef0ce733f79ab120a7fe8625ba487ac177ced262","92aec74a85406ffa96c826348ffe298dba702639ecdf956160bf655db48cc40f","77301"
"MI455X-SIGN-0189","最小参考资料库/search-results.csv","search_result_id","SRESULT-M2W3-AMD-MI455X-POWER-PRODUCT","审计/子代理交接/m2_staging/M2-W3-AMD-MI455X-MODULE/structured/search-results.csv","5b18d025e6f10c36228b25219e4c91bd9ca6a3de7706ed1b8af49e3bbfd59c23","7203","draft","reviewed","","","","22ce7aed08b2a5f27e1da4a256eae07feeed7028a1510bca79bd63f97774293f","36f4ca9edd74223c1888a66664a0e32ba87460c91ce651ee56d7a2e44e7c8fa4","69a1cd5bc61f232c0f691a417cc949b54946db1c8bf4890a08196d6a1651c1e4","92aec74a85406ffa96c826348ffe298dba702639ecdf956160bf655db48cc40f","77301"
"MI455X-SIGN-0190","最小参考资料库/search-results.csv","search_result_id","SRESULT-M2W3-AMD-MI455X-POWER-BROCHURE","审计/子代理交接/m2_staging/M2-W3-AMD-MI455X-MODULE/structured/search-results.csv","5b18d025e6f10c36228b25219e4c91bd9ca6a3de7706ed1b8af49e3bbfd59c23","7203","draft","reviewed","","","","62dfe5cf645e64d0d3f76841ac8f8d7f481316cb72146391550fc4639d54ebdd","0997b8959b77237ab47f7fdd5ae40b5cf0fc93eeaf5859144fbeda23817230bb","708e60efddc2733eab0862c9a5f90f7b63e4e4cb19380a238f2a4d9503b453a6","92aec74a85406ffa96c826348ffe298dba702639ecdf956160bf655db48cc40f","77301"
"MI455X-SIGN-0191","最小参考资料库/search-results.csv","search_result_id","SRESULT-M2W3-AMD-MI455X-POWER-MI400","审计/子代理交接/m2_staging/M2-W3-AMD-MI455X-MODULE/structured/search-results.csv","5b18d025e6f10c36228b25219e4c91bd9ca6a3de7706ed1b8af49e3bbfd59c23","7203","draft","reviewed","","","","59185e373690546f0c07a1bfe9bbe0f08aad9f8b5a220cd616b4570f106dcfb8","30a5e45ce69a7e6639d74afa1b1c55688cef6545fececfdd3a72f19348d9621f","d816372460914cec4f94dadd15d6abfc42e546a591f01ac28bb56c004e3227b5","92aec74a85406ffa96c826348ffe298dba702639ecdf956160bf655db48cc40f","77301"
"MI455X-SIGN-0192","最小参考资料库/search-results.csv","search_result_id","SRESULT-M2W3-AMD-MI455X-POWER-CDNA5","审计/子代理交接/m2_staging/M2-W3-AMD-MI455X-MODULE/structured/search-results.csv","5b18d025e6f10c36228b25219e4c91bd9ca6a3de7706ed1b8af49e3bbfd59c23","7203","draft","reviewed","","","","7fa5299de3258f1cffe17de1c61d58622a94e61b740655d0a3e607f00e6bb8f1","aa96d1c771cc49379a685ed08e51309bc31a40ac7fd327e49e1641afe4600cdb","0f31d4458d6149a7330e5388eb4cece4ee7770c895989e24e69e13c5f2a17708","92aec74a85406ffa96c826348ffe298dba702639ecdf956160bf655db48cc40f","77301"
"MI455X-SIGN-0193","最小参考资料库/search-results.csv","search_result_id","SRESULT-M2W3-AMD-MI455X-ACCUMULATION-PRODUCT","审计/子代理交接/m2_staging/M2-W3-AMD-MI455X-MODULE/structured/search-results.csv","5b18d025e6f10c36228b25219e4c91bd9ca6a3de7706ed1b8af49e3bbfd59c23","7203","draft","reviewed","","","","dcca9e9b12d881cf7bedd306f3d27b5257ac981f3ac4f5d850e045626a50167a","c8aecc298c7f94619d204aa12c5cc93c08ca8f88c5ed5539e98f9f78386a75b5","eab387ff700135ecc3e171cd95bda73de9241e5d9d452a2b821963a737d4683d","92aec74a85406ffa96c826348ffe298dba702639ecdf956160bf655db48cc40f","77301"
"MI455X-SIGN-0194","最小参考资料库/search-results.csv","search_result_id","SRESULT-M2W3-AMD-MI455X-ACCUMULATION-BROCHURE","审计/子代理交接/m2_staging/M2-W3-AMD-MI455X-MODULE/structured/search-results.csv","5b18d025e6f10c36228b25219e4c91bd9ca6a3de7706ed1b8af49e3bbfd59c23","7203","draft","reviewed","","","","74fe3cff75b4b3cf0d6fa56c6244a57cd18ae96e50d18882bba1f568e7bb89cf","cc9c11e305ddc68d5eacd4a2c16d3f1bbd73fda27f2a3002edc020dfcf4ef901","3baf05018f34d491ebee31800bbbf8d71a797140a36a649b133fad4fbca0dcda","92aec74a85406ffa96c826348ffe298dba702639ecdf956160bf655db48cc40f","77301"
"MI455X-SIGN-0195","最小参考资料库/search-results.csv","search_result_id","SRESULT-M2W3-AMD-MI455X-ACCUMULATION-MI400","审计/子代理交接/m2_staging/M2-W3-AMD-MI455X-MODULE/structured/search-results.csv","5b18d025e6f10c36228b25219e4c91bd9ca6a3de7706ed1b8af49e3bbfd59c23","7203","draft","reviewed","","","","dc544410ef019ddc510954a3edcf9ff8d0a8ad776e263eec30ff1e83580c7264","121e839aeff787b2e432117003c87f2af89f7d4ad7b7b02111a77b27cbc7e632","580cc412b3d35ae39c04bb467952a69675b20a3305ff6a74f9d0dd01c7a97358","92aec74a85406ffa96c826348ffe298dba702639ecdf956160bf655db48cc40f","77301"
"MI455X-SIGN-0196","最小参考资料库/search-results.csv","search_result_id","SRESULT-M2W3-AMD-MI455X-ACCUMULATION-CDNA5","审计/子代理交接/m2_staging/M2-W3-AMD-MI455X-MODULE/structured/search-results.csv","5b18d025e6f10c36228b25219e4c91bd9ca6a3de7706ed1b8af49e3bbfd59c23","7203","draft","reviewed","","","","7a9b9cdcd2219872dc7b3bd85075929a961d54a424a269c45eb1d27a4b6169e5","444fec4c8540034381cd4285b1d38f5fa6532156ccdde1915fd1e63f9de02af5","1592350912e8af467fc359754703a0d4ed542872fffd5bb1ee8d4d30d5cd49c7","92aec74a85406ffa96c826348ffe298dba702639ecdf956160bf655db48cc40f","77301"
"MI455X-SIGN-0197","最小参考资料库/search-results.csv","search_result_id","SRESULT-M2W3-AMD-MI455X-PHYSICAL-ACCUM-PRODUCT","审计/子代理交接/m2_staging/M2-W3-AMD-MI455X-MODULE/structured/search-results.csv","5b18d025e6f10c36228b25219e4c91bd9ca6a3de7706ed1b8af49e3bbfd59c23","7203","draft","reviewed","","","","292c8df19c1330537db0ddd1ab38ac1af144fd9bed92b424c6f631caf4a6468d","0bf101b69351f8e1951c4eaee6ac9384ce6bc30c6f74e72517718b92cda79d7e","ba130e4cc7ed2c2d73248f99872bbb5cd3fcc198fdf73c4ea2973c0b06009587","92aec74a85406ffa96c826348ffe298dba702639ecdf956160bf655db48cc40f","77301"
"MI455X-SIGN-0198","最小参考资料库/search-results.csv","search_result_id","SRESULT-M2W3-AMD-MI455X-PHYSICAL-ACCUM-BROCHURE","审计/子代理交接/m2_staging/M2-W3-AMD-MI455X-MODULE/structured/search-results.csv","5b18d025e6f10c36228b25219e4c91bd9ca6a3de7706ed1b8af49e3bbfd59c23","7203","draft","reviewed","","","","c9ff78d2d4883f0c80580a6177095d535e3ae9929a48fc277854f6c66fe7a976","edf1dc835c4425c90cfba1c994f83d95e855485dfc2d858391ac5d032c6ed168","63b161a389e9b2c7b7a07f69dec75d88ebd133fa812d1d15092c8d96ceb1dd9f","92aec74a85406ffa96c826348ffe298dba702639ecdf956160bf655db48cc40f","77301"
"MI455X-SIGN-0199","最小参考资料库/search-results.csv","search_result_id","SRESULT-M2W3-AMD-MI455X-PHYSICAL-ACCUM-MI400","审计/子代理交接/m2_staging/M2-W3-AMD-MI455X-MODULE/structured/search-results.csv","5b18d025e6f10c36228b25219e4c91bd9ca6a3de7706ed1b8af49e3bbfd59c23","7203","draft","reviewed","","","","731ae891d205c2dd801166dca931ba8ecea109483525c846a5fc8e9ae2118632","13863e8294f903703af3612dff025ff7c67d25066bc3bb9e87e7dc6da6607489","f6fa9a7008da7ee05da4819524436835d00d24f9bf0194d79ecd2e84bbd33695","92aec74a85406ffa96c826348ffe298dba702639ecdf956160bf655db48cc40f","77301"
"MI455X-SIGN-0200","最小参考资料库/search-results.csv","search_result_id","SRESULT-M2W3-AMD-MI455X-PHYSICAL-ACCUM-CDNA5","审计/子代理交接/m2_staging/M2-W3-AMD-MI455X-MODULE/structured/search-results.csv","5b18d025e6f10c36228b25219e4c91bd9ca6a3de7706ed1b8af49e3bbfd59c23","7203","draft","reviewed","","","","33621984a8f44229d6d159721031f139ca212390ac15f6e48b13ceefce4498e9","a193c8b167ff727ad2e9cd6cbab57a81c23dbf33cae01617bff63dc522b7a052","91c94dabfe1207e959f9938ff7e6fd4e88aa3d21e97f203c69029459903ae291","92aec74a85406ffa96c826348ffe298dba702639ecdf956160bf655db48cc40f","77301"
"MI455X-SIGN-0201","最小参考资料库/search-results.csv","search_result_id","SRESULT-M2W3-AMD-MI455X-SPECIAL-IMPLEMENTATION-PRODUCT","审计/子代理交接/m2_staging/M2-W3-AMD-MI455X-MODULE/structured/search-results.csv","5b18d025e6f10c36228b25219e4c91bd9ca6a3de7706ed1b8af49e3bbfd59c23","7203","draft","reviewed","","","","179a10c8381069d2d8f33513682a3c073409c7500b004d09839c3127c85bfdc7","55ac857c46d3f0dcbc7f5bc798a56d576355bbb994502831efa5b18efe8f6ac3","dd0d0ff38e42db8cc3d2181627371a1ddf99ead714e3d523ffe391ab0663d4bd","92aec74a85406ffa96c826348ffe298dba702639ecdf956160bf655db48cc40f","77301"
"MI455X-SIGN-0202","最小参考资料库/search-results.csv","search_result_id","SRESULT-M2W3-AMD-MI455X-SPECIAL-IMPLEMENTATION-BROCHURE","审计/子代理交接/m2_staging/M2-W3-AMD-MI455X-MODULE/structured/search-results.csv","5b18d025e6f10c36228b25219e4c91bd9ca6a3de7706ed1b8af49e3bbfd59c23","7203","draft","reviewed","","","","b2e56aab582e99a61d40c97e47984e727d5fadc74cbedb2e736dc173caa9f107","efe03522f3d490e00608670fa79d979a7b73aa54f835ab2e0670c9b7e9129b6f","60c5cb27066d359380bfabd75806da45e0df63eb07d139a5060ea407febc85f9","92aec74a85406ffa96c826348ffe298dba702639ecdf956160bf655db48cc40f","77301"
"MI455X-SIGN-0203","最小参考资料库/search-results.csv","search_result_id","SRESULT-M2W3-AMD-MI455X-SPECIAL-IMPLEMENTATION-MI400","审计/子代理交接/m2_staging/M2-W3-AMD-MI455X-MODULE/structured/search-results.csv","5b18d025e6f10c36228b25219e4c91bd9ca6a3de7706ed1b8af49e3bbfd59c23","7203","draft","reviewed","","","","12b110e51ce4dfca9068445bc9eee67d6c2fad25b33389493dfd6583200d8370","fa9e7d3728410fc8e19aa308963db2bf00dc2a95402795ec5b220d78dd69e6a2","b7e163caa7a151c65aabae02e2a305690c605ebe0361ac9aa396ef7dcc2b6403","92aec74a85406ffa96c826348ffe298dba702639ecdf956160bf655db48cc40f","77301"
"MI455X-SIGN-0204","最小参考资料库/search-results.csv","search_result_id","SRESULT-M2W3-AMD-MI455X-SPECIAL-IMPLEMENTATION-CDNA5","审计/子代理交接/m2_staging/M2-W3-AMD-MI455X-MODULE/structured/search-results.csv","5b18d025e6f10c36228b25219e4c91bd9ca6a3de7706ed1b8af49e3bbfd59c23","7203","draft","reviewed","","","","2e2f1f156a1ef15718b1e66d5b548f11f53ffdd2d26a05a7f024ce7348640c6e","17cb522e1a1a9d75bbe8abbf7f952d6b3dd1c2c12878725e28f7cba19f953dcd","e1eef625443752b7e879a807d19c87bb72e6f32e9babce81eed5ce4f1b920836","92aec74a85406ffa96c826348ffe298dba702639ecdf956160bf655db48cc40f","77301"
"MI455X-SIGN-0205","最小参考资料库/search-results.csv","search_result_id","SRESULT-M2W3-AMD-MI455X-HBM-INTERFACE-PRODUCT","审计/子代理交接/m2_staging/M2-W3-AMD-MI455X-MODULE/structured/search-results.csv","5b18d025e6f10c36228b25219e4c91bd9ca6a3de7706ed1b8af49e3bbfd59c23","7203","draft","reviewed","","","","6720ea64c03c8b691a7e008227a8bfb6d273cdced1ec3e823f1c8fc3180e26cc","c7684902539282b52200e3745e79fda9b87058fa3190989a0e822fb9dd4f1b89","1554fe540a2517b9a7999ff8e7644907a33ae96fd3fb972fcd7581f99d33e17e","92aec74a85406ffa96c826348ffe298dba702639ecdf956160bf655db48cc40f","77301"
"MI455X-SIGN-0206","最小参考资料库/search-results.csv","search_result_id","SRESULT-M2W3-AMD-MI455X-HBM-INTERFACE-BROCHURE","审计/子代理交接/m2_staging/M2-W3-AMD-MI455X-MODULE/structured/search-results.csv","5b18d025e6f10c36228b25219e4c91bd9ca6a3de7706ed1b8af49e3bbfd59c23","7203","draft","reviewed","","","","840bb95b6aa501d3de2247194ed376f16c68bf37bf49be57893c4461c06b1ddd","6ab3675d4aa33b28ada940cae68c96504bf7e22e5e5d1061b59cdd2d47c35a07","4218512cbd58d2e538c10ad6ffb55b245132c49fc116bae573ac698718475aea","92aec74a85406ffa96c826348ffe298dba702639ecdf956160bf655db48cc40f","77301"
"MI455X-SIGN-0207","最小参考资料库/search-results.csv","search_result_id","SRESULT-M2W3-AMD-MI455X-HBM-INTERFACE-MI400","审计/子代理交接/m2_staging/M2-W3-AMD-MI455X-MODULE/structured/search-results.csv","5b18d025e6f10c36228b25219e4c91bd9ca6a3de7706ed1b8af49e3bbfd59c23","7203","draft","reviewed","","","","fb484eb8aca730808cf4ee6df668cd45f0bee6ff587da925c5a9c7791d19e709","6ad7e740de271fee09432f6e1e275f0b6b6ef879f8af748184efffd0972a3529","81393fb1dfadaac7182fb860c4a97651e48c93efdd867df648ea9d683ebf938e","92aec74a85406ffa96c826348ffe298dba702639ecdf956160bf655db48cc40f","77301"
"MI455X-SIGN-0208","最小参考资料库/search-results.csv","search_result_id","SRESULT-M2W3-AMD-MI455X-HBM-INTERFACE-CDNA5","审计/子代理交接/m2_staging/M2-W3-AMD-MI455X-MODULE/structured/search-results.csv","5b18d025e6f10c36228b25219e4c91bd9ca6a3de7706ed1b8af49e3bbfd59c23","7203","draft","reviewed","","","","d4e7426e3cfd4d0ccc6738c34c7f6f53c6605e47147702b1c469d39a46727ec7","0b5344a1175e3deef3f93d02d34c4ea0d2ebee07e22c3b8a84a2d35981d556ae","4ba4ddc3a7feea4d7d9cf847befdbdbb20a467b18d8488195891dd2a69d86587","92aec74a85406ffa96c826348ffe298dba702639ecdf956160bf655db48cc40f","77301"
"MI455X-SIGN-0209","最小参考资料库/search-results.csv","search_result_id","SRESULT-M2W3-AMD-MI455X-DIE-AREA-PRODUCT","审计/子代理交接/m2_staging/M2-W3-AMD-MI455X-MODULE/structured/search-results.csv","5b18d025e6f10c36228b25219e4c91bd9ca6a3de7706ed1b8af49e3bbfd59c23","7203","draft","reviewed","","","","5391eb12db031d0fdc1a4a739f1f21c228fd4a7f2aef57064f7724596bc5cb80","471c0e978860df2a8dd10a07ef90cacc3023fb7171d3b1261b93db06506beceb","73a317181c99656c13d0a34b62884b67fa40c313009ade1eb01e418a74cf1394","92aec74a85406ffa96c826348ffe298dba702639ecdf956160bf655db48cc40f","77301"
"MI455X-SIGN-0210","最小参考资料库/search-results.csv","search_result_id","SRESULT-M2W3-AMD-MI455X-DIE-AREA-BROCHURE","审计/子代理交接/m2_staging/M2-W3-AMD-MI455X-MODULE/structured/search-results.csv","5b18d025e6f10c36228b25219e4c91bd9ca6a3de7706ed1b8af49e3bbfd59c23","7203","draft","reviewed","","","","3a1f832f418abe1413e1cf1064d7332cdbe3d07b6bdf92527420c05b520a294f","548afd1264ccd0680c829efe3c6e923c4ed106445c041e8630017554972e6687","d5e7fae461e919ab4dfa3be16a477af01c16b14ba0f8e41ef275fb9080122178","92aec74a85406ffa96c826348ffe298dba702639ecdf956160bf655db48cc40f","77301"
"MI455X-SIGN-0211","最小参考资料库/search-results.csv","search_result_id","SRESULT-M2W3-AMD-MI455X-DIE-AREA-MI400","审计/子代理交接/m2_staging/M2-W3-AMD-MI455X-MODULE/structured/search-results.csv","5b18d025e6f10c36228b25219e4c91bd9ca6a3de7706ed1b8af49e3bbfd59c23","7203","draft","reviewed","","","","e154d0ea39e52560c2f6d02018281d421fc378a3554559af081df362196c09cb","8c0037564f3dde6d0a3da56e2a6f8b1d9d4472171a19b985a532487c199606f7","b6458eb741d4efdeccb508b4cbaf08d6a3648d55e2dd50602d00687542dd77f6","92aec74a85406ffa96c826348ffe298dba702639ecdf956160bf655db48cc40f","77301"
"MI455X-SIGN-0212","最小参考资料库/search-results.csv","search_result_id","SRESULT-M2W3-AMD-MI455X-DIE-AREA-CDNA5","审计/子代理交接/m2_staging/M2-W3-AMD-MI455X-MODULE/structured/search-results.csv","5b18d025e6f10c36228b25219e4c91bd9ca6a3de7706ed1b8af49e3bbfd59c23","7203","draft","reviewed","","","","4a9977d13d90c00000a15c5763cbaf85ef009942bf203be5dcbb4a06dc0fba23","e28bc1158ae8f44ed03125d3e61672f74a68da743f5f62b9758c3f51b2b9bf39","c813653cae16de9ef34cb219bbc09b646bef50c11ec31697a6693ee76d1efb53","92aec74a85406ffa96c826348ffe298dba702639ecdf956160bf655db48cc40f","77301"
"MI455X-SIGN-0213","最小参考资料库/search-results.csv","search_result_id","SRESULT-M2W3-AMD-MI455X-RUNTIME-VERSION-PRODUCT","审计/子代理交接/m2_staging/M2-W3-AMD-MI455X-MODULE/structured/search-results.csv","5b18d025e6f10c36228b25219e4c91bd9ca6a3de7706ed1b8af49e3bbfd59c23","7203","draft","reviewed","","","","959c6426c78abf4ce6e07882b51c10b84f3964c8592f5581251e65019e6197ef","9b448d900f47be6a8e6209e8579931f818caa8d310074c5e0958a16879046026","68b06c8237890614a0538062055c6306e0617f3f9eb46fc3536a9c7e102e1716","92aec74a85406ffa96c826348ffe298dba702639ecdf956160bf655db48cc40f","77301"
"MI455X-SIGN-0214","最小参考资料库/search-results.csv","search_result_id","SRESULT-M2W3-AMD-MI455X-RUNTIME-VERSION-BROCHURE","审计/子代理交接/m2_staging/M2-W3-AMD-MI455X-MODULE/structured/search-results.csv","5b18d025e6f10c36228b25219e4c91bd9ca6a3de7706ed1b8af49e3bbfd59c23","7203","draft","reviewed","","","","df4da7891196f00d30618bfc934bf474a637c78601eb40d388b3609cac8d8a2c","78ab23d02926a2660ba5468d5c4ac306ac26553fa17f712998913d8ae4a8b7fd","4c74a3d5e00383c639678eee03d220eeba6ffadd1f7ff26000a517641cbbb81c","92aec74a85406ffa96c826348ffe298dba702639ecdf956160bf655db48cc40f","77301"
"MI455X-SIGN-0215","最小参考资料库/search-results.csv","search_result_id","SRESULT-M2W3-AMD-MI455X-RUNTIME-VERSION-MI400","审计/子代理交接/m2_staging/M2-W3-AMD-MI455X-MODULE/structured/search-results.csv","5b18d025e6f10c36228b25219e4c91bd9ca6a3de7706ed1b8af49e3bbfd59c23","7203","draft","reviewed","","","","8333c6023f42a5c858a179f7dae2148de8eadc12a4ad8be4b59505c69a7fb3c9","e22b8d68a7cee439263094425cda2b35a7d3ad5185a0fc5ed05302d4d1c083ea","ce47c04f34db188fda5acc6dde60c6f006f2f3fd71ce4f95c0b9840677ab2576","92aec74a85406ffa96c826348ffe298dba702639ecdf956160bf655db48cc40f","77301"
"MI455X-SIGN-0216","最小参考资料库/search-results.csv","search_result_id","SRESULT-M2W3-AMD-MI455X-RUNTIME-VERSION-CDNA5","审计/子代理交接/m2_staging/M2-W3-AMD-MI455X-MODULE/structured/search-results.csv","5b18d025e6f10c36228b25219e4c91bd9ca6a3de7706ed1b8af49e3bbfd59c23","7203","draft","reviewed","","","","479080d12512f204b7eb708476ab722e2143493f38922b928ef6f635b2c4ee48","88acc5840cf5d8a3f69e24471ee81f7ff264e28a2f18397b4d555e1f881c0523","8030e977072e69c7b42a93d5a14eb901e50900f974ac5507bc484af0e55f9e62","92aec74a85406ffa96c826348ffe298dba702639ecdf956160bf655db48cc40f","77301"
"MI455X-SIGN-0217","最小参考资料库/selection-members.csv","selection_member_id","SELMEM-M2W3-AMD-MI455X-PRODUCT","审计/子代理交接/m2_staging/M2-W3-AMD-MI455X-MODULE/structured/selection-members.csv","e8743cebd99b893c5ea69710931caa27f9895bcffff408f4feea1c8dd5e555c7","1537","draft","reviewed","","","","a8ad5b653712bbea426f5ec93cff2be778a65f783eb2a27f268acdeb9a0ee48c","5096e8ed8bf47029bf02e48d80c5c853cdd934a1f1a3de24691b4cb2a65d001f","79b6c09f532e1dd70fa698d70c52523607dc86fe58ca78c83a07778b8d81602a","073cba4b5671f2273f75e99a355259444c7c28c2a2da4006b19535b3f030ce0b","39854"
"MI455X-SIGN-0218","最小参考资料库/selection-members.csv","selection_member_id","SELMEM-M2W3-AMD-MI455X-BROCHURE","审计/子代理交接/m2_staging/M2-W3-AMD-MI455X-MODULE/structured/selection-members.csv","e8743cebd99b893c5ea69710931caa27f9895bcffff408f4feea1c8dd5e555c7","1537","draft","reviewed","","","","834e815f82fe802ed08a595de364e590393ca7e9c45be34d116f63321318da55","2f4c1c80f7a885f328310c5ea71bbc5722430a0aa2d79376fd37af2813b669a2","b867f7a941ad46d1f7559ed83487b5a1f9cac5827322a143c38611dc135083dc","073cba4b5671f2273f75e99a355259444c7c28c2a2da4006b19535b3f030ce0b","39854"
"MI455X-SIGN-0219","最小参考资料库/selection-members.csv","selection_member_id","SELMEM-M2W3-AMD-MI400-MODULE-PHYSICAL","审计/子代理交接/m2_staging/M2-W3-AMD-MI455X-MODULE/structured/selection-members.csv","e8743cebd99b893c5ea69710931caa27f9895bcffff408f4feea1c8dd5e555c7","1537","draft","reviewed","","","","ed143837dcac3ecab28c1d431cd1a24d4af8e5c165b7ba7e6a0230f1bd62c7e5","25cc9e449ebcac3181383086d01dc0642db124a5eaed48a5e34fb0c5ba030c4f","5c3d491af02c34e7d06105993b40e44f5005ffc9be6422c6356d2438a651877c","073cba4b5671f2273f75e99a355259444c7c28c2a2da4006b19535b3f030ce0b","39854"
"MI455X-SIGN-0220","最小参考资料库/selection-members.csv","selection_member_id","SELMEM-M2W3-AMD-CDNA5-RELATION","审计/子代理交接/m2_staging/M2-W3-AMD-MI455X-MODULE/structured/selection-members.csv","e8743cebd99b893c5ea69710931caa27f9895bcffff408f4feea1c8dd5e555c7","1537","draft","reviewed","","","","81136d54ac9146eedeec4bb088d60c10a56469ef287ca34e61e9267d4aab37ef","5c3c2c86adeca1c8963210de55cf0761a7c4b175f1abde6b87537eb6650c4437","1a9a332ad13b7415830fbde3c9e7d22f5bab1728c9402686418c36c51135f9a3","073cba4b5671f2273f75e99a355259444c7c28c2a2da4006b19535b3f030ce0b","39854"
"MI455X-SIGN-0221","最小参考资料库/selection-runs.csv","selection_run_id","SELRUN-M2W3-AMD-MI455X-20260813","审计/子代理交接/m2_staging/M2-W3-AMD-MI455X-MODULE/structured/selection-runs.csv","842e60b2aa5554cd3c901616c591f318c34bcdcf11cd7e2c55f6d28f83e0cfa7","495","draft","reviewed","status","draft","reviewed","7764f693cd4d1f5666610b573bd91b881d4ecc6e5eb7f6b4f5c82a7481a0b1de","5536c7b53d9b49af79d9dc429b0f52c2538471ac348dc8e903ce584258453df8","0f5c99e812e6efc3944301397eb168c8ca69f0d2a144ff952828f306f79749c4","4397260840ab286e7d4274f963eb037eb70a2dfd951ac55d43fdd35aa85e7ee0","3281"
"MI455X-SIGN-0222","最小参考资料库/source-coverage.csv","coverage_id","COV-M2W3-AMD-MI455X-PRODUCT-BY-BROCHURE","审计/子代理交接/m2_staging/M2-W3-AMD-MI455X-MODULE/structured/source-coverage.csv","4433b0a721ce4deb1275e566a69ffd100db3db64af15102cc39f34fc9859d96d","1939","draft","reviewed","","","","179cfe0f3438f956e8c2b374836243cc7ddca49de0288c75b07c605c7c9b7171","a146cc4698ca950a10beba601f5441cee38b798b6a0195c4abe1f4c7ac2f437f","aa35a706326608223529d8aeff6452efe2c40960110b2bceec681bbab03a1149","88bf789e45a70271bab97a4f1d69034e675418bf340c82d01751d50f07e8ba21","7348"
"MI455X-SIGN-0223","最小参考资料库/source-coverage.csv","coverage_id","COV-M2W3-AMD-MI455X-BROCHURE-BY-PRODUCT","审计/子代理交接/m2_staging/M2-W3-AMD-MI455X-MODULE/structured/source-coverage.csv","4433b0a721ce4deb1275e566a69ffd100db3db64af15102cc39f34fc9859d96d","1939","draft","reviewed","","","","0e5eb99964b1d2cac83d9fd65b2aa4c56a210dc182cea2b8907f56b9a2942822","30a66475689b7ba08cc10628ae7fd3fdfcdf22c89d777ce209dd9fa5d6856137","21c1953155ce19124b2bb2f3d59fe637377df309eadd29040d9888caf85adaf0","88bf789e45a70271bab97a4f1d69034e675418bf340c82d01751d50f07e8ba21","7348"
"MI455X-SIGN-0224","最小参考资料库/source-coverage.csv","coverage_id","COV-M2W3-AMD-MI400-NOT-EQUIV-PRODUCT","审计/子代理交接/m2_staging/M2-W3-AMD-MI455X-MODULE/structured/source-coverage.csv","4433b0a721ce4deb1275e566a69ffd100db3db64af15102cc39f34fc9859d96d","1939","draft","reviewed","","","","e60aad7fa30c33d72d724897223c3cf85a40042e358acee4006ebc15852d8e03","342ead5356efe8c12acfbf1baf1b0482b05e80665f65bec2ea2508037254c25c","0993d8e7a8a645979b7d2849f94f67d1bb29de3ee7367ab2b670217251763ab8","88bf789e45a70271bab97a4f1d69034e675418bf340c82d01751d50f07e8ba21","7348"
"MI455X-SIGN-0225","最小参考资料库/source-coverage.csv","coverage_id","COV-M2W3-AMD-CDNA5-NOT-EQUIV-PRODUCT","审计/子代理交接/m2_staging/M2-W3-AMD-MI455X-MODULE/structured/source-coverage.csv","4433b0a721ce4deb1275e566a69ffd100db3db64af15102cc39f34fc9859d96d","1939","draft","reviewed","","","","b46875412ddcc89173066f33defe1d51602e2766358f89b3d7de7e7a76b1f4d8","5bb5781be919a7ea93100bb0d4af7ae29c25736cadc5162e7771c0d9bfcb5fc9","6bfb264c79479f62c5d9bda8d09101d168c489716cfc38d16673b16522f667dc","88bf789e45a70271bab97a4f1d69034e675418bf340c82d01751d50f07e8ba21","7348"
"MI455X-SIGN-0226","最小参考资料库/source-endpoints.csv","endpoint_id","END-M2W3-AMD-MI455X-PRODUCT-REMOTE","审计/子代理交接/m2_staging/M2-W3-AMD-MI455X-MODULE/structured/source-endpoints.csv","7dbc0104c20e50999d65e54a9b4c7124275519268496a596144f4aea8c7be426","1706","draft","reviewed","","","","fd695e6380ce909316278361164ba22d2a998f8e6eaf4afa0d73fa447eebc19c","210668791202dfe04feb30573764ac392138fec5d6bf5249d8e519a2fe5348c8","3a5ce1d61111bdea925f85be0026f8ae56862347d8221e21d7fd626386d09574","644a9dc2249c717c7e16121d5164184bd5dd9804b9be4983019bb1ad48bc9f6f","51203"
"MI455X-SIGN-0227","最小参考资料库/source-endpoints.csv","endpoint_id","END-M2W3-AMD-MI455X-PRODUCT-SNAPSHOT","审计/子代理交接/m2_staging/M2-W3-AMD-MI455X-MODULE/structured/source-endpoints.csv","7dbc0104c20e50999d65e54a9b4c7124275519268496a596144f4aea8c7be426","1706","draft","reviewed","local_path","审计/子代理交接/m2_staging/M2-W3-AMD-MI455X-MODULE/fixed-candidates/amd-instinct-mi455x-2026-08-13.html","最小参考资料库/快照/AMD/MI455X/2026-08-13/amd-instinct-mi455x-2026-08-13.html","62db75f9b18b9545fd90496b87810d62fd150c4098c695422ee6ccc7f0ad2713","c94a9425b0abf810ad24fdc0f5a8519592d77449ba56ac9612b0d8f98cef8777","faa5577ecb5506f00a3a1590b807277988e42f765e784ed75afb4f536ee84440","644a9dc2249c717c7e16121d5164184bd5dd9804b9be4983019bb1ad48bc9f6f","51203"
"MI455X-SIGN-0228","最小参考资料库/source-endpoints.csv","endpoint_id","END-M2W3-AMD-MI455X-BROCHURE-REMOTE","审计/子代理交接/m2_staging/M2-W3-AMD-MI455X-MODULE/structured/source-endpoints.csv","7dbc0104c20e50999d65e54a9b4c7124275519268496a596144f4aea8c7be426","1706","draft","reviewed","","","","bf84df0b2916d2c489e5d9a7b5cc88587d40fd9f07409ab2beae944bb1b272f1","5cbfffa335f83a3dea4fc718bd4a8e1938b4b1c3098c348014fdd3894e6cfc2f","6faacd5d70274d80658c762886b76753a4dded9df9b0b8e439c7b6675872920f","644a9dc2249c717c7e16121d5164184bd5dd9804b9be4983019bb1ad48bc9f6f","51203"
"MI455X-SIGN-0229","最小参考资料库/source-endpoints.csv","endpoint_id","END-M2W3-AMD-MI455X-BROCHURE-LOCAL","审计/子代理交接/m2_staging/M2-W3-AMD-MI455X-MODULE/structured/source-endpoints.csv","7dbc0104c20e50999d65e54a9b4c7124275519268496a596144f4aea8c7be426","1706","draft","reviewed","local_path","审计/子代理交接/m2_staging/M2-W3-AMD-MI455X-MODULE/fixed-candidates/amd-instinct-mi455x-brochure-2026-08-13.pdf","论文/AMD_Instinct/02_厂商产品资料/2026_AMD_Instinct_MI455X_GPU_Brochure.pdf","4ddacbadf3f3837fdb226413356157f340840bbcb350d84b32b824c7d369f9d7","c2e6ba37a497ac65903bbc56e8d67f4d5fab0dda349a9fdaaf5c658db1ee0cb6","c1a1ecc624b670884f28012b46bd6f379f0585bd919d2d0b5baf3b786c181a92","644a9dc2249c717c7e16121d5164184bd5dd9804b9be4983019bb1ad48bc9f6f","51203"
"MI455X-SIGN-0230","最小参考资料库/source-families.csv","source_family_id","SFAM-M2W3-AMD-MI455X-PRODUCT","审计/子代理交接/m2_staging/M2-W3-AMD-MI455X-MODULE/structured/source-families.csv","457220a96ce6b35d6da2eba3c5e54d70650f936cd43a3c4127e27f854472b2a6","595","draft","reviewed","","","","840c6d50cf57e359f2826f30a483e9250dd32a91252362d12bb74d5a2cff4e97","479455105ccd4bd93d55cbf0eb431db2edc97c49fa21859365b320c495ed95e7","ca31712447d04cdfdb4a853d75d06423ab12292140cf33c21a3a8b8599875252","358869eac543ca7769129a0525834a366fb3abb5c3fba858b556bb414ed0b061","14595"
"MI455X-SIGN-0231","最小参考资料库/source-families.csv","source_family_id","SFAM-M2W3-AMD-MI455X-BROCHURE","审计/子代理交接/m2_staging/M2-W3-AMD-MI455X-MODULE/structured/source-families.csv","457220a96ce6b35d6da2eba3c5e54d70650f936cd43a3c4127e27f854472b2a6","595","draft","reviewed","","","","436088ccf41b5d635ed7247e10aed46ff04936e0a8dd7f19e838777eecfc858f","b988316694b89b12554b7942715655c1d562a057915354c80735b76b26735f91","7f889bbf0c16fa6791d3d219aef2295a058e9d72d9e4a4aaf7d70f53a225157e","358869eac543ca7769129a0525834a366fb3abb5c3fba858b556bb414ed0b061","14595"
"MI455X-SIGN-0232","最小参考资料库/source-screening.csv","screening_id","SCREEN-M2W3-AMD-MI455X-PRODUCT","审计/子代理交接/m2_staging/M2-W3-AMD-MI455X-MODULE/structured/source-screening.csv","47f51d2d674ebde5db02d77595097a9fb2133b7d8a3ce767a1fb6834b8993db1","2142","draft","reviewed","","","","40b91d0a95b59f0ec18fa3bcb3f686404a4c5a42a7e8c51a1cb997b8c599267f","de1be86c3a712efb564e3ab190f15b8e373da4310a61d42fb8bd46f3f38aec5b","98e5204f624f32d4dae9104c54c17b7c85e9c8594b0807957c73086089f5b51f","b4d12751bc347739b415feb2349d56297920a0cd2deab9887cb0c7b5a9377823","30961"
"MI455X-SIGN-0233","最小参考资料库/source-screening.csv","screening_id","SCREEN-M2W3-AMD-MI455X-BROCHURE","审计/子代理交接/m2_staging/M2-W3-AMD-MI455X-MODULE/structured/source-screening.csv","47f51d2d674ebde5db02d77595097a9fb2133b7d8a3ce767a1fb6834b8993db1","2142","draft","reviewed","","","","b2c7a38302cf8c8b78bce339dd6e315c2195b23a425b87ef6ddd6664bc5d7eaa","220e341381f5be5741f0596b96eb108f27879645a03bb83071f87a36415305c5","b35b81fc576f8eb1ab19296d76f7b570d3e6fafb8949dec7b8eedde197c0ce4c","b4d12751bc347739b415feb2349d56297920a0cd2deab9887cb0c7b5a9377823","30961"
"MI455X-SIGN-0234","最小参考资料库/source-screening.csv","screening_id","SCREEN-M2W3-AMD-MI400-FOR-MI455X","审计/子代理交接/m2_staging/M2-W3-AMD-MI455X-MODULE/structured/source-screening.csv","47f51d2d674ebde5db02d77595097a9fb2133b7d8a3ce767a1fb6834b8993db1","2142","draft","reviewed","","","","f44d94ecaece8dd82d730e45a01d5164814170bc96917e3678d420349a9d1570","529e78d3f0ec3984004859d5db216803c7b3a5dd1a510b963da03bbd7916fe91","4140877e252d2fbb510536de2ce3540341ae7723d231b9b84688126d7c61b7a8","b4d12751bc347739b415feb2349d56297920a0cd2deab9887cb0c7b5a9377823","30961"
"MI455X-SIGN-0235","最小参考资料库/source-screening.csv","screening_id","SCREEN-M2W3-AMD-CDNA5-FOR-MI455X","审计/子代理交接/m2_staging/M2-W3-AMD-MI455X-MODULE/structured/source-screening.csv","47f51d2d674ebde5db02d77595097a9fb2133b7d8a3ce767a1fb6834b8993db1","2142","draft","reviewed","","","","b7f8aec9653bd9a16c96ff855404ddb804a703c8099bb64d4e4dc3d6cbb9f743","6446d84ac961a729362682feff3132a44da2f0a51ad76b89294bd16831beca75","e4a40c8145c0c5ab468e8c9a9820f8e86246881307e6cee2422c86056690ce88","b4d12751bc347739b415feb2349d56297920a0cd2deab9887cb0c7b5a9377823","30961"
"MI455X-SIGN-0236","最小参考资料库/source-selected-roles.csv","source_selected_role_id","SROLE-M2W3-AMD-MI455X-PRODUCT-IDENTITY","审计/子代理交接/m2_staging/M2-W3-AMD-MI455X-MODULE/structured/source-selected-roles.csv","f1408b1ffd25095f8841ac57d4038691cd78a28fee2def8abfe69bfb1753f00c","1356","draft","reviewed","","","","07a2a7d40a6ab712bf85f50168118d3dd37f00668facc8c13a4e794fc7c3017b","e50591f298bf89b03872d020e4ab9fa7a5006a03383543fe7b59e659cf2ea0fe","e4653208296509b684ab0b6f560146227a9ee8f8e0be127ebb4a146c73337a29","5974d3615274baf78482815586f0fed10da3639532b7e8ba681a16ac59af2c57","21670"
"MI455X-SIGN-0237","最小参考资料库/source-selected-roles.csv","source_selected_role_id","SROLE-M2W3-AMD-MI455X-PRODUCT-CORE","审计/子代理交接/m2_staging/M2-W3-AMD-MI455X-MODULE/structured/source-selected-roles.csv","f1408b1ffd25095f8841ac57d4038691cd78a28fee2def8abfe69bfb1753f00c","1356","draft","reviewed","","","","9e6a3965b63d36d5942cbfb0bbf3a481484f24661c03a50c137d8d173742a81f","61bb6c19e89ffa3da4737b9a437a703bac1ad447a664e5bb70ff784b0a3d7af1","a24f1179bf1ec1c203bac0cd4e01dceb130053a6efdc2392a4b5d5158d47e899","5974d3615274baf78482815586f0fed10da3639532b7e8ba681a16ac59af2c57","21670"
"MI455X-SIGN-0238","最小参考资料库/source-selected-roles.csv","source_selected_role_id","SROLE-M2W3-AMD-MI455X-BROCHURE-CORE","审计/子代理交接/m2_staging/M2-W3-AMD-MI455X-MODULE/structured/source-selected-roles.csv","f1408b1ffd25095f8841ac57d4038691cd78a28fee2def8abfe69bfb1753f00c","1356","draft","reviewed","","","","637aa072d613713fcb335868dbe237cf710e7caa8c738b199315e16fd6e03cb7","c92db0c678f3bdd34ed5a475a17e9d760ae8ee2bc9ac8185edd0acca74049233","acf9e9c896853535741d4694adb568becbc35c775e19e451725ecf78f309e0ac","5974d3615274baf78482815586f0fed10da3639532b7e8ba681a16ac59af2c57","21670"
"MI455X-SIGN-0239","最小参考资料库/source-selected-roles.csv","source_selected_role_id","SROLE-M2W3-AMD-MI400-MODULE-PHYSICAL","审计/子代理交接/m2_staging/M2-W3-AMD-MI455X-MODULE/structured/source-selected-roles.csv","f1408b1ffd25095f8841ac57d4038691cd78a28fee2def8abfe69bfb1753f00c","1356","draft","reviewed","","","","077d33c6993d21b06b2815df9b4fede98e4b192c332d8b424c81b940ac90586f","74af361859266233a3a2d5f62140536129d17ab7bba213fc139f163e0dc5bcc1","68bfc21e347f92c8081ccc257888e511c9b1d2cd958f5ac98cd1396b34fd36b2","5974d3615274baf78482815586f0fed10da3639532b7e8ba681a16ac59af2c57","21670"
"MI455X-SIGN-0240","最小参考资料库/source-selected-roles.csv","source_selected_role_id","SROLE-M2W3-AMD-CDNA5-RELATION","审计/子代理交接/m2_staging/M2-W3-AMD-MI455X-MODULE/structured/source-selected-roles.csv","f1408b1ffd25095f8841ac57d4038691cd78a28fee2def8abfe69bfb1753f00c","1356","draft","reviewed","","","","01069d246f55eb84dfa6bc0dc4b9b666ce15fb831886e39d888a1474a2fdd6d2","31d9f95f19f69c681d31d914910bbf92875872660476d463c8093ced69ca4df3","df22363643c913900110cc6beb1a7ed3e20aebaf0104f212cabf1fd364bca0e0","5974d3615274baf78482815586f0fed10da3639532b7e8ba681a16ac59af2c57","21670"
"MI455X-SIGN-0241","最小参考资料库/sources.csv","source_id","SRC-M2W3-AMD-MI455X-PRODUCT-20260813","审计/子代理交接/m2_staging/M2-W3-AMD-MI455X-MODULE/structured/sources.csv","9f6076064a6078ac08da4624857737e987de464fbcca84bbce9b80caee1175bf","1079","draft","reviewed","","","","bdc9292e915f581c3e4c9b9b3cda69fc804cd24914eb6094972334826d3f0b8a","fe8003543c69516f0cb0f17cdd50c038cf40367b7415869fa24108e8f49a6d2c","d241a2379e81f66ba1e2f7123f289309c3e3e33951c0a26a8867401a8ef589a4","43c72603ecf52b78aa0e737840190320accf567b0d3d769c1c8b64ce223a84fc","31741"
"MI455X-SIGN-0242","最小参考资料库/sources.csv","source_id","SRC-M2W3-AMD-MI455X-BROCHURE-202607","审计/子代理交接/m2_staging/M2-W3-AMD-MI455X-MODULE/structured/sources.csv","9f6076064a6078ac08da4624857737e987de464fbcca84bbce9b80caee1175bf","1079","draft","reviewed","","","","581deb452cb3cf24e23cae2ed9c6e4a69df49e0c368e63aefc427e22f0d05a20","5d0fd1e603a10e2606eb27c119e03c55e7a2b183459ca0083574e13a0c880275","9a30867f751127be4704e0f634895d63fdc1479512662a143598b99f1d8c5cb0","43c72603ecf52b78aa0e737840190320accf567b0d3d769c1c8b64ce223a84fc","31741"
