"manifest_row_id","table_path","pk_column","pk_value","batch_id","write_action","formal_premerge_presence","old_review_status","new_review_status","review_promotion_included","semantic_status_after","semantic_status_preserved","exclusion_reason","package_review","independent_signoff","freeze_binding_status","evidence_basis"
"LCM-M2W2-AWS-PKG-0001","数据/card-completeness.csv","card_completeness_id","COMPLETE-M2W2-AWS-INF1-IDENTITY","M2-W2-AWS-PACKAGE-FACTS-REMEDIATED","append_then_promote_review_status","absent","draft","reviewed","true","completeness_status=partial","true","","pending_independent_review","pending","pending_after_final_freeze","DEC-025 candidate generated from the actual nonempty structured rows in the remediated package."
"LCM-M2W2-AWS-PKG-0002","数据/card-completeness.csv","card_completeness_id","COMPLETE-M2W2-AWS-INF1-PHYSICAL","M2-W2-AWS-PACKAGE-FACTS-REMEDIATED","append_then_promote_review_status","absent","draft","reviewed","true","completeness_status=missing_public_data","true","","pending_independent_review","pending","pending_after_final_freeze","DEC-025 candidate generated from the actual nonempty structured rows in the remediated package."
"LCM-M2W2-AWS-PKG-0003","数据/card-completeness.csv","card_completeness_id","COMPLETE-M2W2-AWS-INF1-COMPUTE","M2-W2-AWS-PACKAGE-FACTS-REMEDIATED","append_then_promote_review_status","absent","draft","reviewed","true","completeness_status=partial","true","","pending_independent_review","pending","pending_after_final_freeze","DEC-025 candidate generated from the actual nonempty structured rows in the remediated package."
"LCM-M2W2-AWS-PKG-0004","数据/card-completeness.csv","card_completeness_id","COMPLETE-M2W2-AWS-INF1-NUMERICS","M2-W2-AWS-PACKAGE-FACTS-REMEDIATED","append_then_promote_review_status","absent","draft","reviewed","true","completeness_status=partial","true","","pending_independent_review","pending","pending_after_final_freeze","DEC-025 candidate generated from the actual nonempty structured rows in the remediated package."
"LCM-M2W2-AWS-PKG-0005","数据/card-completeness.csv","card_completeness_id","COMPLETE-M2W2-AWS-INF1-MEMORY","M2-W2-AWS-PACKAGE-FACTS-REMEDIATED","append_then_promote_review_status","absent","draft","reviewed","true","completeness_status=partial","true","","pending_independent_review","pending","pending_after_final_freeze","DEC-025 candidate generated from the actual nonempty structured rows in the remediated package."
"LCM-M2W2-AWS-PKG-0006","数据/card-completeness.csv","card_completeness_id","COMPLETE-M2W2-AWS-INF1-INTERCONNECT","M2-W2-AWS-PACKAGE-FACTS-REMEDIATED","append_then_promote_review_status","absent","draft","reviewed","true","completeness_status=missing_public_data","true","","pending_independent_review","pending","pending_after_final_freeze","DEC-025 candidate generated from the actual nonempty structured rows in the remediated package."
"LCM-M2W2-AWS-PKG-0007","数据/card-completeness.csv","card_completeness_id","COMPLETE-M2W2-AWS-INF1-SPECIAL_ENGINES","M2-W2-AWS-PACKAGE-FACTS-REMEDIATED","append_then_promote_review_status","absent","draft","reviewed","true","completeness_status=missing_public_data","true","","pending_independent_review","pending","pending_after_final_freeze","DEC-025 candidate generated from the actual nonempty structured rows in the remediated package."
"LCM-M2W2-AWS-PKG-0008","数据/card-completeness.csv","card_completeness_id","COMPLETE-M2W2-AWS-INF1-SOFTWARE","M2-W2-AWS-PACKAGE-FACTS-REMEDIATED","append_then_promote_review_status","absent","draft","reviewed","true","completeness_status=not_applicable","true","","pending_independent_review","pending","pending_after_final_freeze","DEC-025 candidate generated from the actual nonempty structured rows in the remediated package."
"LCM-M2W2-AWS-PKG-0009","数据/card-completeness.csv","card_completeness_id","COMPLETE-M2W2-AWS-INF1-EVIDENCE","M2-W2-AWS-PACKAGE-FACTS-REMEDIATED","append_then_promote_review_status","absent","draft","reviewed","true","completeness_status=needs_review","true","","pending_independent_review","pending","pending_after_final_freeze","DEC-025 candidate generated from the actual nonempty structured rows in the remediated package."
"LCM-M2W2-AWS-PKG-0010","数据/card-completeness.csv","card_completeness_id","COMPLETE-M2W2-AWS-TRN1-IDENTITY","M2-W2-AWS-PACKAGE-FACTS-REMEDIATED","append_then_promote_review_status","absent","draft","reviewed","true","completeness_status=partial","true","","pending_independent_review","pending","pending_after_final_freeze","DEC-025 candidate generated from the actual nonempty structured rows in the remediated package."
"LCM-M2W2-AWS-PKG-0011","数据/card-completeness.csv","card_completeness_id","COMPLETE-M2W2-AWS-TRN1-PHYSICAL","M2-W2-AWS-PACKAGE-FACTS-REMEDIATED","append_then_promote_review_status","absent","draft","reviewed","true","completeness_status=missing_public_data","true","","pending_independent_review","pending","pending_after_final_freeze","DEC-025 candidate generated from the actual nonempty structured rows in the remediated package."
"LCM-M2W2-AWS-PKG-0012","数据/card-completeness.csv","card_completeness_id","COMPLETE-M2W2-AWS-TRN1-COMPUTE","M2-W2-AWS-PACKAGE-FACTS-REMEDIATED","append_then_promote_review_status","absent","draft","reviewed","true","completeness_status=partial","true","","pending_independent_review","pending","pending_after_final_freeze","DEC-025 candidate generated from the actual nonempty structured rows in the remediated package."
"LCM-M2W2-AWS-PKG-0013","数据/card-completeness.csv","card_completeness_id","COMPLETE-M2W2-AWS-TRN1-NUMERICS","M2-W2-AWS-PACKAGE-FACTS-REMEDIATED","append_then_promote_review_status","absent","draft","reviewed","true","completeness_status=partial","true","","pending_independent_review","pending","pending_after_final_freeze","DEC-025 candidate generated from the actual nonempty structured rows in the remediated package."
"LCM-M2W2-AWS-PKG-0014","数据/card-completeness.csv","card_completeness_id","COMPLETE-M2W2-AWS-TRN1-MEMORY","M2-W2-AWS-PACKAGE-FACTS-REMEDIATED","append_then_promote_review_status","absent","draft","reviewed","true","completeness_status=partial","true","","pending_independent_review","pending","pending_after_final_freeze","DEC-025 candidate generated from the actual nonempty structured rows in the remediated package."
"LCM-M2W2-AWS-PKG-0015","数据/card-completeness.csv","card_completeness_id","COMPLETE-M2W2-AWS-TRN1-INTERCONNECT","M2-W2-AWS-PACKAGE-FACTS-REMEDIATED","append_then_promote_review_status","absent","draft","reviewed","true","completeness_status=partial","true","","pending_independent_review","pending","pending_after_final_freeze","DEC-025 candidate generated from the actual nonempty structured rows in the remediated package."
"LCM-M2W2-AWS-PKG-0016","数据/card-completeness.csv","card_completeness_id","COMPLETE-M2W2-AWS-TRN1-SPECIAL_ENGINES","M2-W2-AWS-PACKAGE-FACTS-REMEDIATED","append_then_promote_review_status","absent","draft","reviewed","true","completeness_status=partial","true","","pending_independent_review","pending","pending_after_final_freeze","DEC-025 candidate generated from the actual nonempty structured rows in the remediated package."
"LCM-M2W2-AWS-PKG-0017","数据/card-completeness.csv","card_completeness_id","COMPLETE-M2W2-AWS-TRN1-SOFTWARE","M2-W2-AWS-PACKAGE-FACTS-REMEDIATED","append_then_promote_review_status","absent","draft","reviewed","true","completeness_status=not_applicable","true","","pending_independent_review","pending","pending_after_final_freeze","DEC-025 candidate generated from the actual nonempty structured rows in the remediated package."
"LCM-M2W2-AWS-PKG-0018","数据/card-completeness.csv","card_completeness_id","COMPLETE-M2W2-AWS-TRN1-EVIDENCE","M2-W2-AWS-PACKAGE-FACTS-REMEDIATED","append_then_promote_review_status","absent","draft","reviewed","true","completeness_status=needs_review","true","","pending_independent_review","pending","pending_after_final_freeze","DEC-025 candidate generated from the actual nonempty structured rows in the remediated package."
"LCM-M2W2-AWS-PKG-0019","数据/card-completeness.csv","card_completeness_id","COMPLETE-M2W2-AWS-INF2-IDENTITY","M2-W2-AWS-PACKAGE-FACTS-REMEDIATED","append_then_promote_review_status","absent","draft","reviewed","true","completeness_status=partial","true","","pending_independent_review","pending","pending_after_final_freeze","DEC-025 candidate generated from the actual nonempty structured rows in the remediated package."
"LCM-M2W2-AWS-PKG-0020","数据/card-completeness.csv","card_completeness_id","COMPLETE-M2W2-AWS-INF2-PHYSICAL","M2-W2-AWS-PACKAGE-FACTS-REMEDIATED","append_then_promote_review_status","absent","draft","reviewed","true","completeness_status=missing_public_data","true","","pending_independent_review","pending","pending_after_final_freeze","DEC-025 candidate generated from the actual nonempty structured rows in the remediated package."
"LCM-M2W2-AWS-PKG-0021","数据/card-completeness.csv","card_completeness_id","COMPLETE-M2W2-AWS-INF2-COMPUTE","M2-W2-AWS-PACKAGE-FACTS-REMEDIATED","append_then_promote_review_status","absent","draft","reviewed","true","completeness_status=partial","true","","pending_independent_review","pending","pending_after_final_freeze","DEC-025 candidate generated from the actual nonempty structured rows in the remediated package."
"LCM-M2W2-AWS-PKG-0022","数据/card-completeness.csv","card_completeness_id","COMPLETE-M2W2-AWS-INF2-NUMERICS","M2-W2-AWS-PACKAGE-FACTS-REMEDIATED","append_then_promote_review_status","absent","draft","reviewed","true","completeness_status=partial","true","","pending_independent_review","pending","pending_after_final_freeze","DEC-025 candidate generated from the actual nonempty structured rows in the remediated package."
"LCM-M2W2-AWS-PKG-0023","数据/card-completeness.csv","card_completeness_id","COMPLETE-M2W2-AWS-INF2-MEMORY","M2-W2-AWS-PACKAGE-FACTS-REMEDIATED","append_then_promote_review_status","absent","draft","reviewed","true","completeness_status=partial","true","","pending_independent_review","pending","pending_after_final_freeze","DEC-025 candidate generated from the actual nonempty structured rows in the remediated package."
"LCM-M2W2-AWS-PKG-0024","数据/card-completeness.csv","card_completeness_id","COMPLETE-M2W2-AWS-INF2-INTERCONNECT","M2-W2-AWS-PACKAGE-FACTS-REMEDIATED","append_then_promote_review_status","absent","draft","reviewed","true","completeness_status=partial","true","","pending_independent_review","pending","pending_after_final_freeze","DEC-025 candidate generated from the actual nonempty structured rows in the remediated package."
"LCM-M2W2-AWS-PKG-0025","数据/card-completeness.csv","card_completeness_id","COMPLETE-M2W2-AWS-INF2-SPECIAL_ENGINES","M2-W2-AWS-PACKAGE-FACTS-REMEDIATED","append_then_promote_review_status","absent","draft","reviewed","true","completeness_status=partial","true","","pending_independent_review","pending","pending_after_final_freeze","DEC-025 candidate generated from the actual nonempty structured rows in the remediated package."
"LCM-M2W2-AWS-PKG-0026","数据/card-completeness.csv","card_completeness_id","COMPLETE-M2W2-AWS-INF2-SOFTWARE","M2-W2-AWS-PACKAGE-FACTS-REMEDIATED","append_then_promote_review_status","absent","draft","reviewed","true","completeness_status=not_applicable","true","","pending_independent_review","pending","pending_after_final_freeze","DEC-025 candidate generated from the actual nonempty structured rows in the remediated package."
"LCM-M2W2-AWS-PKG-0027","数据/card-completeness.csv","card_completeness_id","COMPLETE-M2W2-AWS-INF2-EVIDENCE","M2-W2-AWS-PACKAGE-FACTS-REMEDIATED","append_then_promote_review_status","absent","draft","reviewed","true","completeness_status=needs_review","true","","pending_independent_review","pending","pending_after_final_freeze","DEC-025 candidate generated from the actual nonempty structured rows in the remediated package."
"LCM-M2W2-AWS-PKG-0028","数据/card-completeness.csv","card_completeness_id","COMPLETE-M2W2-AWS-TRN3-IDENTITY","M2-W2-AWS-PACKAGE-FACTS-REMEDIATED","append_then_promote_review_status","absent","draft","reviewed","true","completeness_status=partial","true","","pending_independent_review","pending","pending_after_final_freeze","DEC-025 candidate generated from the actual nonempty structured rows in the remediated package."
"LCM-M2W2-AWS-PKG-0029","数据/card-completeness.csv","card_completeness_id","COMPLETE-M2W2-AWS-TRN3-PHYSICAL","M2-W2-AWS-PACKAGE-FACTS-REMEDIATED","append_then_promote_review_status","absent","draft","reviewed","true","completeness_status=partial","true","","pending_independent_review","pending","pending_after_final_freeze","DEC-025 candidate generated from the actual nonempty structured rows in the remediated package."
"LCM-M2W2-AWS-PKG-0030","数据/card-completeness.csv","card_completeness_id","COMPLETE-M2W2-AWS-TRN3-COMPUTE","M2-W2-AWS-PACKAGE-FACTS-REMEDIATED","append_then_promote_review_status","absent","draft","reviewed","true","completeness_status=partial","true","","pending_independent_review","pending","pending_after_final_freeze","DEC-025 candidate generated from the actual nonempty structured rows in the remediated package."
"LCM-M2W2-AWS-PKG-0031","数据/card-completeness.csv","card_completeness_id","COMPLETE-M2W2-AWS-TRN3-NUMERICS","M2-W2-AWS-PACKAGE-FACTS-REMEDIATED","append_then_promote_review_status","absent","draft","reviewed","true","completeness_status=partial","true","","pending_independent_review","pending","pending_after_final_freeze","DEC-025 candidate generated from the actual nonempty structured rows in the remediated package."
"LCM-M2W2-AWS-PKG-0032","数据/card-completeness.csv","card_completeness_id","COMPLETE-M2W2-AWS-TRN3-MEMORY","M2-W2-AWS-PACKAGE-FACTS-REMEDIATED","append_then_promote_review_status","absent","draft","reviewed","true","completeness_status=partial","true","","pending_independent_review","pending","pending_after_final_freeze","DEC-025 candidate generated from the actual nonempty structured rows in the remediated package."
"LCM-M2W2-AWS-PKG-0033","数据/card-completeness.csv","card_completeness_id","COMPLETE-M2W2-AWS-TRN3-INTERCONNECT","M2-W2-AWS-PACKAGE-FACTS-REMEDIATED","append_then_promote_review_status","absent","draft","reviewed","true","completeness_status=partial","true","","pending_independent_review","pending","pending_after_final_freeze","DEC-025 candidate generated from the actual nonempty structured rows in the remediated package."
"LCM-M2W2-AWS-PKG-0034","数据/card-completeness.csv","card_completeness_id","COMPLETE-M2W2-AWS-TRN3-SPECIAL_ENGINES","M2-W2-AWS-PACKAGE-FACTS-REMEDIATED","append_then_promote_review_status","absent","draft","reviewed","true","completeness_status=partial","true","","pending_independent_review","pending","pending_after_final_freeze","DEC-025 candidate generated from the actual nonempty structured rows in the remediated package."
"LCM-M2W2-AWS-PKG-0035","数据/card-completeness.csv","card_completeness_id","COMPLETE-M2W2-AWS-TRN3-SOFTWARE","M2-W2-AWS-PACKAGE-FACTS-REMEDIATED","append_then_promote_review_status","absent","draft","reviewed","true","completeness_status=not_applicable","true","","pending_independent_review","pending","pending_after_final_freeze","DEC-025 candidate generated from the actual nonempty structured rows in the remediated package."
"LCM-M2W2-AWS-PKG-0036","数据/card-completeness.csv","card_completeness_id","COMPLETE-M2W2-AWS-TRN3-EVIDENCE","M2-W2-AWS-PACKAGE-FACTS-REMEDIATED","append_then_promote_review_status","absent","draft","reviewed","true","completeness_status=needs_review","true","","pending_independent_review","pending","pending_after_final_freeze","DEC-025 candidate generated from the actual nonempty structured rows in the remediated package."
"LCM-M2W2-AWS-PKG-0037","数据/components.csv","component_id","CMP-M2W2-AWS-INF1-NCV1","M2-W2-AWS-PACKAGE-FACTS-REMEDIATED","append_then_promote_review_status","absent","draft","reviewed","true","","true","","pending_independent_review","pending","pending_after_final_freeze","DEC-025 candidate generated from the actual nonempty structured rows in the remediated package."
"LCM-M2W2-AWS-PKG-0038","数据/components.csv","component_id","CMP-M2W2-AWS-INF1-TENSOR","M2-W2-AWS-PACKAGE-FACTS-REMEDIATED","append_then_promote_review_status","absent","draft","reviewed","true","","true","","pending_independent_review","pending","pending_after_final_freeze","DEC-025 candidate generated from the actual nonempty structured rows in the remediated package."
"LCM-M2W2-AWS-PKG-0039","数据/components.csv","component_id","CMP-M2W2-AWS-INF1-VECTOR","M2-W2-AWS-PACKAGE-FACTS-REMEDIATED","append_then_promote_review_status","absent","draft","reviewed","true","","true","","pending_independent_review","pending","pending_after_final_freeze","DEC-025 candidate generated from the actual nonempty structured rows in the remediated package."
"LCM-M2W2-AWS-PKG-0040","数据/components.csv","component_id","CMP-M2W2-AWS-INF1-SCALAR","M2-W2-AWS-PACKAGE-FACTS-REMEDIATED","append_then_promote_review_status","absent","draft","reviewed","true","","true","","pending_independent_review","pending","pending_after_final_freeze","DEC-025 candidate generated from the actual nonempty structured rows in the remediated package."
"LCM-M2W2-AWS-PKG-0041","数据/components.csv","component_id","CMP-M2W2-AWS-INF1-CHIP-TENSOR","M2-W2-AWS-PACKAGE-FACTS-REMEDIATED","append_then_promote_review_status","absent","draft","reviewed","true","","true","","pending_independent_review","pending","pending_after_final_freeze","DEC-025 candidate generated from the actual nonempty structured rows in the remediated package."
"LCM-M2W2-AWS-PKG-0042","数据/components.csv","component_id","CMP-M2W2-AWS-INF1-DRAM","M2-W2-AWS-PACKAGE-FACTS-REMEDIATED","append_then_promote_review_status","absent","draft","reviewed","true","","true","","pending_independent_review","pending","pending_after_final_freeze","DEC-025 candidate generated from the actual nonempty structured rows in the remediated package."
"LCM-M2W2-AWS-PKG-0043","数据/components.csv","component_id","CMP-M2W2-AWS-TRN1-NCV2","M2-W2-AWS-PACKAGE-FACTS-REMEDIATED","append_then_promote_review_status","absent","draft","reviewed","true","","true","","pending_independent_review","pending","pending_after_final_freeze","DEC-025 candidate generated from the actual nonempty structured rows in the remediated package."
"LCM-M2W2-AWS-PKG-0044","数据/components.csv","component_id","CMP-M2W2-AWS-TRN1-CHIP-TENSOR","M2-W2-AWS-PACKAGE-FACTS-REMEDIATED","append_then_promote_review_status","absent","draft","reviewed","true","","true","","pending_independent_review","pending","pending_after_final_freeze","DEC-025 candidate generated from the actual nonempty structured rows in the remediated package."
"LCM-M2W2-AWS-PKG-0045","数据/components.csv","component_id","CMP-M2W2-AWS-TRN1-HBM","M2-W2-AWS-PACKAGE-FACTS-REMEDIATED","append_without_review_promotion","absent","needs_resolution","needs_resolution","false","","true","未决冲突链不进入本次 reviewed 晋级；正式追加时保持 needs_resolution，且不改变 resolution/evidence 等语义状态。","pending_independent_review","pending","pending_after_final_freeze","DEC-025 candidate generated from the actual nonempty structured rows in the remediated package."
"LCM-M2W2-AWS-PKG-0046","数据/components.csv","component_id","CMP-M2W2-AWS-TRN1-DMA","M2-W2-AWS-PACKAGE-FACTS-REMEDIATED","append_then_promote_review_status","absent","draft","reviewed","true","","true","","pending_independent_review","pending","pending_after_final_freeze","DEC-025 candidate generated from the actual nonempty structured rows in the remediated package."
"LCM-M2W2-AWS-PKG-0047","数据/components.csv","component_id","CMP-M2W2-AWS-INF2-NCV2","M2-W2-AWS-PACKAGE-FACTS-REMEDIATED","append_then_promote_review_status","absent","draft","reviewed","true","","true","","pending_independent_review","pending","pending_after_final_freeze","DEC-025 candidate generated from the actual nonempty structured rows in the remediated package."
"LCM-M2W2-AWS-PKG-0048","数据/components.csv","component_id","CMP-M2W2-AWS-INF2-CHIP-TENSOR","M2-W2-AWS-PACKAGE-FACTS-REMEDIATED","append_then_promote_review_status","absent","draft","reviewed","true","","true","","pending_independent_review","pending","pending_after_final_freeze","DEC-025 candidate generated from the actual nonempty structured rows in the remediated package."
"LCM-M2W2-AWS-PKG-0049","数据/components.csv","component_id","CMP-M2W2-AWS-INF2-HBM","M2-W2-AWS-PACKAGE-FACTS-REMEDIATED","append_without_review_promotion","absent","needs_resolution","needs_resolution","false","","true","未决冲突链不进入本次 reviewed 晋级；正式追加时保持 needs_resolution，且不改变 resolution/evidence 等语义状态。","pending_independent_review","pending","pending_after_final_freeze","DEC-025 candidate generated from the actual nonempty structured rows in the remediated package."
"LCM-M2W2-AWS-PKG-0050","数据/components.csv","component_id","CMP-M2W2-AWS-INF2-DMA","M2-W2-AWS-PACKAGE-FACTS-REMEDIATED","append_then_promote_review_status","absent","draft","reviewed","true","","true","","pending_independent_review","pending","pending_after_final_freeze","DEC-025 candidate generated from the actual nonempty structured rows in the remediated package."
"LCM-M2W2-AWS-PKG-0051","数据/components.csv","component_id","CMP-M2W2-AWS-TRN3-NCV4","M2-W2-AWS-PACKAGE-FACTS-REMEDIATED","append_then_promote_review_status","absent","draft","reviewed","true","","true","","pending_independent_review","pending","pending_after_final_freeze","DEC-025 candidate generated from the actual nonempty structured rows in the remediated package."
"LCM-M2W2-AWS-PKG-0052","数据/components.csv","component_id","CMP-M2W2-AWS-TRN3-TENSOR","M2-W2-AWS-PACKAGE-FACTS-REMEDIATED","append_then_promote_review_status","absent","draft","reviewed","true","","true","","pending_independent_review","pending","pending_after_final_freeze","DEC-025 candidate generated from the actual nonempty structured rows in the remediated package."
"LCM-M2W2-AWS-PKG-0053","数据/components.csv","component_id","CMP-M2W2-AWS-TRN3-VECTOR","M2-W2-AWS-PACKAGE-FACTS-REMEDIATED","append_then_promote_review_status","absent","draft","reviewed","true","","true","","pending_independent_review","pending","pending_after_final_freeze","DEC-025 candidate generated from the actual nonempty structured rows in the remediated package."
"LCM-M2W2-AWS-PKG-0054","数据/components.csv","component_id","CMP-M2W2-AWS-TRN3-SCALAR","M2-W2-AWS-PACKAGE-FACTS-REMEDIATED","append_then_promote_review_status","absent","draft","reviewed","true","","true","","pending_independent_review","pending","pending_after_final_freeze","DEC-025 candidate generated from the actual nonempty structured rows in the remediated package."
"LCM-M2W2-AWS-PKG-0055","数据/components.csv","component_id","CMP-M2W2-AWS-TRN3-CHIP-TENSOR","M2-W2-AWS-PACKAGE-FACTS-REMEDIATED","append_then_promote_review_status","absent","draft","reviewed","true","","true","","pending_independent_review","pending","pending_after_final_freeze","DEC-025 candidate generated from the actual nonempty structured rows in the remediated package."
"LCM-M2W2-AWS-PKG-0056","数据/components.csv","component_id","CMP-M2W2-AWS-TRN3-SBUF","M2-W2-AWS-PACKAGE-FACTS-REMEDIATED","append_then_promote_review_status","absent","draft","reviewed","true","","true","","pending_independent_review","pending","pending_after_final_freeze","DEC-025 candidate generated from the actual nonempty structured rows in the remediated package."
"LCM-M2W2-AWS-PKG-0057","数据/components.csv","component_id","CMP-M2W2-AWS-TRN3-PSUM","M2-W2-AWS-PACKAGE-FACTS-REMEDIATED","append_then_promote_review_status","absent","draft","reviewed","true","","true","","pending_independent_review","pending","pending_after_final_freeze","DEC-025 candidate generated from the actual nonempty structured rows in the remediated package."
"LCM-M2W2-AWS-PKG-0058","数据/components.csv","component_id","CMP-M2W2-AWS-TRN3-HBM","M2-W2-AWS-PACKAGE-FACTS-REMEDIATED","append_without_review_promotion","absent","needs_resolution","needs_resolution","false","","true","未决冲突链不进入本次 reviewed 晋级；正式追加时保持 needs_resolution，且不改变 resolution/evidence 等语义状态。","pending_independent_review","pending","pending_after_final_freeze","DEC-025 candidate generated from the actual nonempty structured rows in the remediated package."
"LCM-M2W2-AWS-PKG-0059","数据/components.csv","component_id","CMP-M2W2-AWS-TRN3-DMA","M2-W2-AWS-PACKAGE-FACTS-REMEDIATED","append_then_promote_review_status","absent","draft","reviewed","true","","true","","pending_independent_review","pending","pending_after_final_freeze","DEC-025 candidate generated from the actual nonempty structured rows in the remediated package."
"LCM-M2W2-AWS-PKG-0060","数据/components.csv","component_id","CMP-M2W2-AWS-TRN3-CC","M2-W2-AWS-PACKAGE-FACTS-REMEDIATED","append_without_review_promotion","absent","needs_resolution","needs_resolution","false","","true","未决冲突链不进入本次 reviewed 晋级；正式追加时保持 needs_resolution，且不改变 resolution/evidence 等语义状态。","pending_independent_review","pending","pending_after_final_freeze","DEC-025 candidate generated from the actual nonempty structured rows in the remediated package."
"LCM-M2W2-AWS-PKG-0061","数据/components.csv","component_id","CMP-M2W2-AWS-TRN1-CC","M2-W2-AWS-PACKAGE-FACTS-REMEDIATED","append_then_promote_review_status","absent","draft","reviewed","true","","true","","pending_independent_review","pending","pending_after_final_freeze","DEC-025 candidate generated from the actual nonempty structured rows in the remediated package."
"LCM-M2W2-AWS-PKG-0062","数据/components.csv","component_id","CMP-M2W2-AWS-INF2-CC","M2-W2-AWS-PACKAGE-FACTS-REMEDIATED","append_then_promote_review_status","absent","draft","reviewed","true","","true","","pending_independent_review","pending","pending_after_final_freeze","DEC-025 candidate generated from the actual nonempty structured rows in the remediated package."
"LCM-M2W2-AWS-PKG-0063","数据/components.csv","component_id","CMP-M2W2-AWS-TRN3-CHIP-COMPUTE","M2-W2-AWS-PACKAGE-FACTS-REMEDIATED","append_then_promote_review_status","absent","draft","reviewed","true","","true","","pending_independent_review","pending","pending_after_final_freeze","DEC-025 candidate generated from the actual nonempty structured rows in the remediated package."
"LCM-M2W2-AWS-PKG-0064","数据/condition-sets.csv","condition_set_id","COND-M2W2-AWS-INF1-CHIP-INT8","M2-W2-AWS-PACKAGE-FACTS-REMEDIATED","append_then_promote_review_status","absent","draft","reviewed","true","","true","","pending_independent_review","pending","pending_after_final_freeze","DEC-025 candidate generated from the actual nonempty structured rows in the remediated package."
"LCM-M2W2-AWS-PKG-0065","数据/condition-sets.csv","condition_set_id","COND-M2W2-AWS-INF1-CHIP-FP","M2-W2-AWS-PACKAGE-FACTS-REMEDIATED","append_then_promote_review_status","absent","draft","reviewed","true","","true","","pending_independent_review","pending","pending_after_final_freeze","DEC-025 candidate generated from the actual nonempty structured rows in the remediated package."
"LCM-M2W2-AWS-PKG-0066","数据/condition-sets.csv","condition_set_id","COND-M2W2-AWS-INF1-CORE-FP","M2-W2-AWS-PACKAGE-FACTS-REMEDIATED","append_then_promote_review_status","absent","draft","reviewed","true","","true","","pending_independent_review","pending","pending_after_final_freeze","DEC-025 candidate generated from the actual nonempty structured rows in the remediated package."
"LCM-M2W2-AWS-PKG-0067","数据/condition-sets.csv","condition_set_id","COND-M2W2-AWS-INF1-CORE-VECTOR","M2-W2-AWS-PACKAGE-FACTS-REMEDIATED","append_then_promote_review_status","absent","draft","reviewed","true","","true","","pending_independent_review","pending","pending_after_final_freeze","DEC-025 candidate generated from the actual nonempty structured rows in the remediated package."
"LCM-M2W2-AWS-PKG-0068","数据/condition-sets.csv","condition_set_id","COND-M2W2-AWS-INF1-CORE-SCALAR","M2-W2-AWS-PACKAGE-FACTS-REMEDIATED","append_then_promote_review_status","absent","draft","reviewed","true","","true","","pending_independent_review","pending","pending_after_final_freeze","DEC-025 candidate generated from the actual nonempty structured rows in the remediated package."
"LCM-M2W2-AWS-PKG-0069","数据/condition-sets.csv","condition_set_id","COND-M2W2-AWS-INF1-DEVICE-BW","M2-W2-AWS-PACKAGE-FACTS-REMEDIATED","append_then_promote_review_status","absent","draft","reviewed","true","","true","","pending_independent_review","pending","pending_after_final_freeze","DEC-025 candidate generated from the actual nonempty structured rows in the remediated package."
"LCM-M2W2-AWS-PKG-0070","数据/condition-sets.csv","condition_set_id","COND-M2W2-AWS-TRN1-CHIP-INT8","M2-W2-AWS-PACKAGE-FACTS-REMEDIATED","append_then_promote_review_status","absent","draft","reviewed","true","","true","","pending_independent_review","pending","pending_after_final_freeze","DEC-025 candidate generated from the actual nonempty structured rows in the remediated package."
"LCM-M2W2-AWS-PKG-0071","数据/condition-sets.csv","condition_set_id","COND-M2W2-AWS-TRN1-CHIP-MIXED","M2-W2-AWS-PACKAGE-FACTS-REMEDIATED","append_then_promote_review_status","absent","draft","reviewed","true","","true","","pending_independent_review","pending","pending_after_final_freeze","DEC-025 candidate generated from the actual nonempty structured rows in the remediated package."
"LCM-M2W2-AWS-PKG-0072","数据/condition-sets.csv","condition_set_id","COND-M2W2-AWS-TRN1-CHIP-FP32","M2-W2-AWS-PACKAGE-FACTS-REMEDIATED","append_then_promote_review_status","absent","draft","reviewed","true","","true","","pending_independent_review","pending","pending_after_final_freeze","DEC-025 candidate generated from the actual nonempty structured rows in the remediated package."
"LCM-M2W2-AWS-PKG-0073","数据/condition-sets.csv","condition_set_id","COND-M2W2-AWS-TRN1-DEVICE-BW","M2-W2-AWS-PACKAGE-FACTS-REMEDIATED","append_then_promote_review_status","absent","draft","reviewed","true","","true","","pending_independent_review","pending","pending_after_final_freeze","DEC-025 candidate generated from the actual nonempty structured rows in the remediated package."
"LCM-M2W2-AWS-PKG-0074","数据/condition-sets.csv","condition_set_id","COND-M2W2-AWS-TRN1-DMA-BW","M2-W2-AWS-PACKAGE-FACTS-REMEDIATED","append_then_promote_review_status","absent","draft","reviewed","true","","true","","pending_independent_review","pending","pending_after_final_freeze","DEC-025 candidate generated from the actual nonempty structured rows in the remediated package."
"LCM-M2W2-AWS-PKG-0075","数据/condition-sets.csv","condition_set_id","COND-M2W2-AWS-INF2-CHIP-INT8","M2-W2-AWS-PACKAGE-FACTS-REMEDIATED","append_then_promote_review_status","absent","draft","reviewed","true","","true","","pending_independent_review","pending","pending_after_final_freeze","DEC-025 candidate generated from the actual nonempty structured rows in the remediated package."
"LCM-M2W2-AWS-PKG-0076","数据/condition-sets.csv","condition_set_id","COND-M2W2-AWS-INF2-CHIP-MIXED","M2-W2-AWS-PACKAGE-FACTS-REMEDIATED","append_then_promote_review_status","absent","draft","reviewed","true","","true","","pending_independent_review","pending","pending_after_final_freeze","DEC-025 candidate generated from the actual nonempty structured rows in the remediated package."
"LCM-M2W2-AWS-PKG-0077","数据/condition-sets.csv","condition_set_id","COND-M2W2-AWS-INF2-CHIP-FP32","M2-W2-AWS-PACKAGE-FACTS-REMEDIATED","append_then_promote_review_status","absent","draft","reviewed","true","","true","","pending_independent_review","pending","pending_after_final_freeze","DEC-025 candidate generated from the actual nonempty structured rows in the remediated package."
"LCM-M2W2-AWS-PKG-0078","数据/condition-sets.csv","condition_set_id","COND-M2W2-AWS-INF2-DEVICE-BW","M2-W2-AWS-PACKAGE-FACTS-REMEDIATED","append_then_promote_review_status","absent","draft","reviewed","true","","true","","pending_independent_review","pending","pending_after_final_freeze","DEC-025 candidate generated from the actual nonempty structured rows in the remediated package."
"LCM-M2W2-AWS-PKG-0079","数据/condition-sets.csv","condition_set_id","COND-M2W2-AWS-INF2-DMA-BW","M2-W2-AWS-PACKAGE-FACTS-REMEDIATED","append_then_promote_review_status","absent","draft","reviewed","true","","true","","pending_independent_review","pending","pending_after_final_freeze","DEC-025 candidate generated from the actual nonempty structured rows in the remediated package."
"LCM-M2W2-AWS-PKG-0080","数据/condition-sets.csv","condition_set_id","COND-M2W2-AWS-TRN3-CHIP-MX","M2-W2-AWS-PACKAGE-FACTS-REMEDIATED","append_then_promote_review_status","absent","draft","reviewed","true","","true","","pending_independent_review","pending","pending_after_final_freeze","DEC-025 candidate generated from the actual nonempty structured rows in the remediated package."
"LCM-M2W2-AWS-PKG-0081","数据/condition-sets.csv","condition_set_id","COND-M2W2-AWS-TRN3-CHIP-MIXED","M2-W2-AWS-PACKAGE-FACTS-REMEDIATED","append_then_promote_review_status","absent","draft","reviewed","true","","true","","pending_independent_review","pending","pending_after_final_freeze","DEC-025 candidate generated from the actual nonempty structured rows in the remediated package."
"LCM-M2W2-AWS-PKG-0082","数据/condition-sets.csv","condition_set_id","COND-M2W2-AWS-TRN3-CHIP-SPARSE","M2-W2-AWS-PACKAGE-FACTS-REMEDIATED","append_then_promote_review_status","absent","draft","reviewed","true","","true","","pending_independent_review","pending","pending_after_final_freeze","DEC-025 candidate generated from the actual nonempty structured rows in the remediated package."
"LCM-M2W2-AWS-PKG-0083","数据/condition-sets.csv","condition_set_id","COND-M2W2-AWS-TRN3-CHIP-FP32","M2-W2-AWS-PACKAGE-FACTS-REMEDIATED","append_then_promote_review_status","absent","draft","reviewed","true","","true","","pending_independent_review","pending","pending_after_final_freeze","DEC-025 candidate generated from the actual nonempty structured rows in the remediated package."
"LCM-M2W2-AWS-PKG-0084","数据/condition-sets.csv","condition_set_id","COND-M2W2-AWS-TRN3-CORE-MX","M2-W2-AWS-PACKAGE-FACTS-REMEDIATED","append_then_promote_review_status","absent","draft","reviewed","true","","true","","pending_independent_review","pending","pending_after_final_freeze","DEC-025 candidate generated from the actual nonempty structured rows in the remediated package."
"LCM-M2W2-AWS-PKG-0085","数据/condition-sets.csv","condition_set_id","COND-M2W2-AWS-TRN3-CORE-MIXED","M2-W2-AWS-PACKAGE-FACTS-REMEDIATED","append_then_promote_review_status","absent","draft","reviewed","true","","true","","pending_independent_review","pending","pending_after_final_freeze","DEC-025 candidate generated from the actual nonempty structured rows in the remediated package."
"LCM-M2W2-AWS-PKG-0086","数据/condition-sets.csv","condition_set_id","COND-M2W2-AWS-TRN3-CORE-FP32","M2-W2-AWS-PACKAGE-FACTS-REMEDIATED","append_then_promote_review_status","absent","draft","reviewed","true","","true","","pending_independent_review","pending","pending_after_final_freeze","DEC-025 candidate generated from the actual nonempty structured rows in the remediated package."
"LCM-M2W2-AWS-PKG-0087","数据/condition-sets.csv","condition_set_id","COND-M2W2-AWS-TRN3-CORE-VECTOR","M2-W2-AWS-PACKAGE-FACTS-REMEDIATED","append_then_promote_review_status","absent","draft","reviewed","true","","true","","pending_independent_review","pending","pending_after_final_freeze","DEC-025 candidate generated from the actual nonempty structured rows in the remediated package."
"LCM-M2W2-AWS-PKG-0088","数据/condition-sets.csv","condition_set_id","COND-M2W2-AWS-TRN3-CORE-SCALAR","M2-W2-AWS-PACKAGE-FACTS-REMEDIATED","append_then_promote_review_status","absent","draft","reviewed","true","","true","","pending_independent_review","pending","pending_after_final_freeze","DEC-025 candidate generated from the actual nonempty structured rows in the remediated package."
"LCM-M2W2-AWS-PKG-0089","数据/condition-sets.csv","condition_set_id","COND-M2W2-AWS-TRN3-DEVICE-BW","M2-W2-AWS-PACKAGE-FACTS-REMEDIATED","append_then_promote_review_status","absent","draft","reviewed","true","","true","","pending_independent_review","pending","pending_after_final_freeze","DEC-025 candidate generated from the actual nonempty structured rows in the remediated package."
"LCM-M2W2-AWS-PKG-0090","数据/condition-sets.csv","condition_set_id","COND-M2W2-AWS-TRN3-DMA-BW","M2-W2-AWS-PACKAGE-FACTS-REMEDIATED","append_then_promote_review_status","absent","draft","reviewed","true","","true","","pending_independent_review","pending","pending_after_final_freeze","DEC-025 candidate generated from the actual nonempty structured rows in the remediated package."
"LCM-M2W2-AWS-PKG-0091","数据/condition-sets.csv","condition_set_id","COND-M2W2-AWS-TRN3-NEURONLINK-BW","M2-W2-AWS-PACKAGE-FACTS-REMEDIATED","append_then_promote_review_status","absent","draft","reviewed","true","","true","","pending_independent_review","pending","pending_after_final_freeze","DEC-025 candidate generated from the actual nonempty structured rows in the remediated package."
"LCM-M2W2-AWS-PKG-0092","数据/condition-sets.csv","condition_set_id","COND-M2W2-AWS-TRN3-CHIP-FP8-GENERIC","M2-W2-AWS-PACKAGE-FACTS-REMEDIATED","append_then_promote_review_status","absent","draft","reviewed","true","","true","","pending_independent_review","pending","pending_after_final_freeze","DEC-025 candidate generated from the actual nonempty structured rows in the remediated package."
"LCM-M2W2-AWS-PKG-0093","数据/facts.csv","fact_id","FACT-M2W2-AWS-INF1-NCV1-COUNT","M2-W2-AWS-PACKAGE-FACTS-REMEDIATED","append_then_promote_review_status","absent","draft","reviewed","true","resolution_state=provisional;evidence_state=single_source","true","","pending_independent_review","pending","pending_after_final_freeze","DEC-025 candidate generated from the actual nonempty structured rows in the remediated package."
"LCM-M2W2-AWS-PKG-0094","数据/facts.csv","fact_id","FACT-M2W2-AWS-INF1-CHIP-INT8-PEAK","M2-W2-AWS-PACKAGE-FACTS-REMEDIATED","append_then_promote_review_status","absent","draft","reviewed","true","resolution_state=provisional;evidence_state=single_source","true","","pending_independent_review","pending","pending_after_final_freeze","DEC-025 candidate generated from the actual nonempty structured rows in the remediated package."
"LCM-M2W2-AWS-PKG-0095","数据/facts.csv","fact_id","FACT-M2W2-AWS-INF1-CHIP-FP16BF16-PEAK","M2-W2-AWS-PACKAGE-FACTS-REMEDIATED","append_then_promote_review_status","absent","draft","reviewed","true","resolution_state=provisional;evidence_state=single_source","true","","pending_independent_review","pending","pending_after_final_freeze","DEC-025 candidate generated from the actual nonempty structured rows in the remediated package."
"LCM-M2W2-AWS-PKG-0096","数据/facts.csv","fact_id","FACT-M2W2-AWS-INF1-DRAM-CAPACITY","M2-W2-AWS-PACKAGE-FACTS-REMEDIATED","append_then_promote_review_status","absent","draft","reviewed","true","resolution_state=provisional;evidence_state=single_source","true","","pending_independent_review","pending","pending_after_final_freeze","DEC-025 candidate generated from the actual nonempty structured rows in the remediated package."
"LCM-M2W2-AWS-PKG-0097","数据/facts.csv","fact_id","FACT-M2W2-AWS-INF1-DRAM-BW","M2-W2-AWS-PACKAGE-FACTS-REMEDIATED","append_then_promote_review_status","absent","draft","reviewed","true","resolution_state=provisional;evidence_state=single_source","true","","pending_independent_review","pending","pending_after_final_freeze","DEC-025 candidate generated from the actual nonempty structured rows in the remediated package."
"LCM-M2W2-AWS-PKG-0098","数据/facts.csv","fact_id","FACT-M2W2-AWS-INF1-NCV1-TENSOR-FP16BF16","M2-W2-AWS-PACKAGE-FACTS-REMEDIATED","append_then_promote_review_status","absent","draft","reviewed","true","resolution_state=provisional;evidence_state=single_source","true","","pending_independent_review","pending","pending_after_final_freeze","DEC-025 candidate generated from the actual nonempty structured rows in the remediated package."
"LCM-M2W2-AWS-PKG-0099","数据/facts.csv","fact_id","FACT-M2W2-AWS-INF1-NCV1-VECTOR-OPS-CYCLE","M2-W2-AWS-PACKAGE-FACTS-REMEDIATED","append_then_promote_review_status","absent","draft","reviewed","true","resolution_state=provisional;evidence_state=single_source","true","","pending_independent_review","pending","pending_after_final_freeze","DEC-025 candidate generated from the actual nonempty structured rows in the remediated package."
"LCM-M2W2-AWS-PKG-0100","数据/facts.csv","fact_id","FACT-M2W2-AWS-INF1-NCV1-SCALAR-OPS-CYCLE","M2-W2-AWS-PACKAGE-FACTS-REMEDIATED","append_then_promote_review_status","absent","draft","reviewed","true","resolution_state=provisional;evidence_state=single_source","true","","pending_independent_review","pending","pending_after_final_freeze","DEC-025 candidate generated from the actual nonempty structured rows in the remediated package."
"LCM-M2W2-AWS-PKG-0101","数据/facts.csv","fact_id","FACT-M2W2-AWS-TRN1-NCV2-COUNT","M2-W2-AWS-PACKAGE-FACTS-REMEDIATED","append_then_promote_review_status","absent","draft","reviewed","true","resolution_state=provisional;evidence_state=corroborated","true","","pending_independent_review","pending","pending_after_final_freeze","DEC-025 candidate generated from the actual nonempty structured rows in the remediated package."
"LCM-M2W2-AWS-PKG-0102","数据/facts.csv","fact_id","FACT-M2W2-AWS-TRN1-CHIP-INT8-PEAK","M2-W2-AWS-PACKAGE-FACTS-REMEDIATED","append_then_promote_review_status","absent","draft","reviewed","true","resolution_state=provisional;evidence_state=single_source","true","","pending_independent_review","pending","pending_after_final_freeze","DEC-025 candidate generated from the actual nonempty structured rows in the remediated package."
"LCM-M2W2-AWS-PKG-0103","数据/facts.csv","fact_id","FACT-M2W2-AWS-TRN1-CHIP-MIXED-PEAK","M2-W2-AWS-PACKAGE-FACTS-REMEDIATED","append_then_promote_review_status","absent","draft","reviewed","true","resolution_state=provisional;evidence_state=single_source","true","","pending_independent_review","pending","pending_after_final_freeze","DEC-025 candidate generated from the actual nonempty structured rows in the remediated package."
"LCM-M2W2-AWS-PKG-0104","数据/facts.csv","fact_id","FACT-M2W2-AWS-TRN1-CHIP-FP32-PEAK","M2-W2-AWS-PACKAGE-FACTS-REMEDIATED","append_then_promote_review_status","absent","draft","reviewed","true","resolution_state=provisional;evidence_state=single_source","true","","pending_independent_review","pending","pending_after_final_freeze","DEC-025 candidate generated from the actual nonempty structured rows in the remediated package."
"LCM-M2W2-AWS-PKG-0105","数据/facts.csv","fact_id","FACT-M2W2-AWS-TRN1-HBM-CAPACITY","M2-W2-AWS-PACKAGE-FACTS-REMEDIATED","append_then_promote_review_status","absent","draft","reviewed","true","resolution_state=provisional;evidence_state=corroborated","true","","pending_independent_review","pending","pending_after_final_freeze","DEC-025 candidate generated from the actual nonempty structured rows in the remediated package."
"LCM-M2W2-AWS-PKG-0106","数据/facts.csv","fact_id","FACT-M2W2-AWS-TRN1-HBM-BW-GIB","M2-W2-AWS-PACKAGE-FACTS-REMEDIATED","append_without_review_promotion","absent","needs_resolution","needs_resolution","false","resolution_state=conflict_member;evidence_state=source_with_caveat","true","未决冲突链不进入本次 reviewed 晋级；正式追加时保持 needs_resolution，且不改变 resolution/evidence 等语义状态。","pending_independent_review","pending","pending_after_final_freeze","DEC-025 candidate generated from the actual nonempty structured rows in the remediated package."
"LCM-M2W2-AWS-PKG-0107","数据/facts.csv","fact_id","FACT-M2W2-AWS-TRN1-HBM-BW-GB","M2-W2-AWS-PACKAGE-FACTS-REMEDIATED","append_without_review_promotion","absent","needs_resolution","needs_resolution","false","resolution_state=conflict_member;evidence_state=source_with_caveat","true","未决冲突链不进入本次 reviewed 晋级；正式追加时保持 needs_resolution，且不改变 resolution/evidence 等语义状态。","pending_independent_review","pending","pending_after_final_freeze","DEC-025 candidate generated from the actual nonempty structured rows in the remediated package."
"LCM-M2W2-AWS-PKG-0108","数据/facts.csv","fact_id","FACT-M2W2-AWS-TRN1-DMA-BW","M2-W2-AWS-PACKAGE-FACTS-REMEDIATED","append_then_promote_review_status","absent","draft","reviewed","true","resolution_state=provisional;evidence_state=single_source","true","","pending_independent_review","pending","pending_after_final_freeze","DEC-025 candidate generated from the actual nonempty structured rows in the remediated package."
"LCM-M2W2-AWS-PKG-0109","数据/facts.csv","fact_id","FACT-M2W2-AWS-TRN1-DMA-COUNT","M2-W2-AWS-PACKAGE-FACTS-REMEDIATED","append_then_promote_review_status","absent","draft","reviewed","true","resolution_state=provisional;evidence_state=single_source","true","","pending_independent_review","pending","pending_after_final_freeze","DEC-025 candidate generated from the actual nonempty structured rows in the remediated package."
"LCM-M2W2-AWS-PKG-0110","数据/facts.csv","fact_id","FACT-M2W2-AWS-TRN1-CC-COUNT","M2-W2-AWS-PACKAGE-FACTS-REMEDIATED","append_then_promote_review_status","absent","draft","reviewed","true","resolution_state=provisional;evidence_state=single_source","true","","pending_independent_review","pending","pending_after_final_freeze","DEC-025 candidate generated from the actual nonempty structured rows in the remediated package."
"LCM-M2W2-AWS-PKG-0111","数据/facts.csv","fact_id","FACT-M2W2-AWS-TRN1-NEURONLINK-COUNT","M2-W2-AWS-PACKAGE-FACTS-REMEDIATED","append_then_promote_review_status","absent","draft","reviewed","true","resolution_state=provisional;evidence_state=single_source","true","","pending_independent_review","pending","pending_after_final_freeze","DEC-025 candidate generated from the actual nonempty structured rows in the remediated package."
"LCM-M2W2-AWS-PKG-0112","数据/facts.csv","fact_id","FACT-M2W2-AWS-INF2-NCV2-COUNT","M2-W2-AWS-PACKAGE-FACTS-REMEDIATED","append_then_promote_review_status","absent","draft","reviewed","true","resolution_state=provisional;evidence_state=corroborated","true","","pending_independent_review","pending","pending_after_final_freeze","DEC-025 candidate generated from the actual nonempty structured rows in the remediated package."
"LCM-M2W2-AWS-PKG-0113","数据/facts.csv","fact_id","FACT-M2W2-AWS-INF2-CHIP-INT8-PEAK","M2-W2-AWS-PACKAGE-FACTS-REMEDIATED","append_then_promote_review_status","absent","draft","reviewed","true","resolution_state=provisional;evidence_state=single_source","true","","pending_independent_review","pending","pending_after_final_freeze","DEC-025 candidate generated from the actual nonempty structured rows in the remediated package."
"LCM-M2W2-AWS-PKG-0114","数据/facts.csv","fact_id","FACT-M2W2-AWS-INF2-CHIP-MIXED-PEAK","M2-W2-AWS-PACKAGE-FACTS-REMEDIATED","append_then_promote_review_status","absent","draft","reviewed","true","resolution_state=provisional;evidence_state=single_source","true","","pending_independent_review","pending","pending_after_final_freeze","DEC-025 candidate generated from the actual nonempty structured rows in the remediated package."
"LCM-M2W2-AWS-PKG-0115","数据/facts.csv","fact_id","FACT-M2W2-AWS-INF2-CHIP-FP32-PEAK","M2-W2-AWS-PACKAGE-FACTS-REMEDIATED","append_then_promote_review_status","absent","draft","reviewed","true","resolution_state=provisional;evidence_state=single_source","true","","pending_independent_review","pending","pending_after_final_freeze","DEC-025 candidate generated from the actual nonempty structured rows in the remediated package."
"LCM-M2W2-AWS-PKG-0116","数据/facts.csv","fact_id","FACT-M2W2-AWS-INF2-HBM-CAPACITY","M2-W2-AWS-PACKAGE-FACTS-REMEDIATED","append_then_promote_review_status","absent","draft","reviewed","true","resolution_state=provisional;evidence_state=corroborated","true","","pending_independent_review","pending","pending_after_final_freeze","DEC-025 candidate generated from the actual nonempty structured rows in the remediated package."
"LCM-M2W2-AWS-PKG-0117","数据/facts.csv","fact_id","FACT-M2W2-AWS-INF2-HBM-BW-GIB","M2-W2-AWS-PACKAGE-FACTS-REMEDIATED","append_without_review_promotion","absent","needs_resolution","needs_resolution","false","resolution_state=conflict_member;evidence_state=source_with_caveat","true","未决冲突链不进入本次 reviewed 晋级；正式追加时保持 needs_resolution，且不改变 resolution/evidence 等语义状态。","pending_independent_review","pending","pending_after_final_freeze","DEC-025 candidate generated from the actual nonempty structured rows in the remediated package."
"LCM-M2W2-AWS-PKG-0118","数据/facts.csv","fact_id","FACT-M2W2-AWS-INF2-HBM-BW-GB","M2-W2-AWS-PACKAGE-FACTS-REMEDIATED","append_without_review_promotion","absent","needs_resolution","needs_resolution","false","resolution_state=conflict_member;evidence_state=source_with_caveat","true","未决冲突链不进入本次 reviewed 晋级；正式追加时保持 needs_resolution，且不改变 resolution/evidence 等语义状态。","pending_independent_review","pending","pending_after_final_freeze","DEC-025 candidate generated from the actual nonempty structured rows in the remediated package."
"LCM-M2W2-AWS-PKG-0119","数据/facts.csv","fact_id","FACT-M2W2-AWS-INF2-DMA-BW","M2-W2-AWS-PACKAGE-FACTS-REMEDIATED","append_then_promote_review_status","absent","draft","reviewed","true","resolution_state=provisional;evidence_state=single_source","true","","pending_independent_review","pending","pending_after_final_freeze","DEC-025 candidate generated from the actual nonempty structured rows in the remediated package."
"LCM-M2W2-AWS-PKG-0120","数据/facts.csv","fact_id","FACT-M2W2-AWS-INF2-DMA-COUNT","M2-W2-AWS-PACKAGE-FACTS-REMEDIATED","append_then_promote_review_status","absent","draft","reviewed","true","resolution_state=provisional;evidence_state=single_source","true","","pending_independent_review","pending","pending_after_final_freeze","DEC-025 candidate generated from the actual nonempty structured rows in the remediated package."
"LCM-M2W2-AWS-PKG-0121","数据/facts.csv","fact_id","FACT-M2W2-AWS-INF2-CC-COUNT","M2-W2-AWS-PACKAGE-FACTS-REMEDIATED","append_then_promote_review_status","absent","draft","reviewed","true","resolution_state=provisional;evidence_state=single_source","true","","pending_independent_review","pending","pending_after_final_freeze","DEC-025 candidate generated from the actual nonempty structured rows in the remediated package."
"LCM-M2W2-AWS-PKG-0122","数据/facts.csv","fact_id","FACT-M2W2-AWS-INF2-NEURONLINK-COUNT","M2-W2-AWS-PACKAGE-FACTS-REMEDIATED","append_then_promote_review_status","absent","draft","reviewed","true","resolution_state=provisional;evidence_state=single_source","true","","pending_independent_review","pending","pending_after_final_freeze","DEC-025 candidate generated from the actual nonempty structured rows in the remediated package."
"LCM-M2W2-AWS-PKG-0123","数据/facts.csv","fact_id","FACT-M2W2-AWS-TRN3-NCV4-COUNT","M2-W2-AWS-PACKAGE-FACTS-REMEDIATED","append_then_promote_review_status","absent","draft","reviewed","true","resolution_state=provisional;evidence_state=corroborated","true","","pending_independent_review","pending","pending_after_final_freeze","DEC-025 candidate generated from the actual nonempty structured rows in the remediated package."
"LCM-M2W2-AWS-PKG-0124","数据/facts.csv","fact_id","FACT-M2W2-AWS-TRN3-CHIP-MX-PEAK","M2-W2-AWS-PACKAGE-FACTS-REMEDIATED","append_then_promote_review_status","absent","draft","reviewed","true","resolution_state=provisional;evidence_state=single_source","true","","pending_independent_review","pending","pending_after_final_freeze","DEC-025 candidate generated from the actual nonempty structured rows in the remediated package."
"LCM-M2W2-AWS-PKG-0125","数据/facts.csv","fact_id","FACT-M2W2-AWS-TRN3-CHIP-MIXED-PEAK","M2-W2-AWS-PACKAGE-FACTS-REMEDIATED","append_then_promote_review_status","absent","draft","reviewed","true","resolution_state=provisional;evidence_state=single_source","true","","pending_independent_review","pending","pending_after_final_freeze","DEC-025 candidate generated from the actual nonempty structured rows in the remediated package."
"LCM-M2W2-AWS-PKG-0126","数据/facts.csv","fact_id","FACT-M2W2-AWS-TRN3-CHIP-SPARSE-PEAK","M2-W2-AWS-PACKAGE-FACTS-REMEDIATED","append_then_promote_review_status","absent","draft","reviewed","true","resolution_state=provisional;evidence_state=single_source","true","","pending_independent_review","pending","pending_after_final_freeze","DEC-025 candidate generated from the actual nonempty structured rows in the remediated package."
"LCM-M2W2-AWS-PKG-0127","数据/facts.csv","fact_id","FACT-M2W2-AWS-TRN3-CHIP-FP32-PEAK","M2-W2-AWS-PACKAGE-FACTS-REMEDIATED","append_then_promote_review_status","absent","draft","reviewed","true","resolution_state=provisional;evidence_state=single_source","true","","pending_independent_review","pending","pending_after_final_freeze","DEC-025 candidate generated from the actual nonempty structured rows in the remediated package."
"LCM-M2W2-AWS-PKG-0128","数据/facts.csv","fact_id","FACT-M2W2-AWS-TRN3-NCV4-TENSOR-MX","M2-W2-AWS-PACKAGE-FACTS-REMEDIATED","append_then_promote_review_status","absent","draft","reviewed","true","resolution_state=provisional;evidence_state=corroborated","true","","pending_independent_review","pending","pending_after_final_freeze","DEC-025 candidate generated from the actual nonempty structured rows in the remediated package."
"LCM-M2W2-AWS-PKG-0129","数据/facts.csv","fact_id","FACT-M2W2-AWS-TRN3-NCV4-TENSOR-MIXED","M2-W2-AWS-PACKAGE-FACTS-REMEDIATED","append_then_promote_review_status","absent","draft","reviewed","true","resolution_state=provisional;evidence_state=corroborated","true","","pending_independent_review","pending","pending_after_final_freeze","DEC-025 candidate generated from the actual nonempty structured rows in the remediated package."
"LCM-M2W2-AWS-PKG-0130","数据/facts.csv","fact_id","FACT-M2W2-AWS-TRN3-NCV4-TENSOR-FP32","M2-W2-AWS-PACKAGE-FACTS-REMEDIATED","append_then_promote_review_status","absent","draft","reviewed","true","resolution_state=provisional;evidence_state=corroborated","true","","pending_independent_review","pending","pending_after_final_freeze","DEC-025 candidate generated from the actual nonempty structured rows in the remediated package."
"LCM-M2W2-AWS-PKG-0131","数据/facts.csv","fact_id","FACT-M2W2-AWS-TRN3-NCV4-VECTOR-FP32","M2-W2-AWS-PACKAGE-FACTS-REMEDIATED","append_then_promote_review_status","absent","draft","reviewed","true","resolution_state=provisional;evidence_state=corroborated","true","","pending_independent_review","pending","pending_after_final_freeze","DEC-025 candidate generated from the actual nonempty structured rows in the remediated package."
"LCM-M2W2-AWS-PKG-0132","数据/facts.csv","fact_id","FACT-M2W2-AWS-TRN3-NCV4-SCALAR-FP32","M2-W2-AWS-PACKAGE-FACTS-REMEDIATED","append_then_promote_review_status","absent","draft","reviewed","true","resolution_state=provisional;evidence_state=corroborated","true","","pending_independent_review","pending","pending_after_final_freeze","DEC-025 candidate generated from the actual nonempty structured rows in the remediated package."
"LCM-M2W2-AWS-PKG-0133","数据/facts.csv","fact_id","FACT-M2W2-AWS-TRN3-NCV4-TENSOR-CLOCK","M2-W2-AWS-PACKAGE-FACTS-REMEDIATED","append_then_promote_review_status","absent","draft","reviewed","true","resolution_state=provisional;evidence_state=single_source","true","","pending_independent_review","pending","pending_after_final_freeze","DEC-025 candidate generated from the actual nonempty structured rows in the remediated package."
"LCM-M2W2-AWS-PKG-0134","数据/facts.csv","fact_id","FACT-M2W2-AWS-TRN3-SBUF-CAPACITY","M2-W2-AWS-PACKAGE-FACTS-REMEDIATED","append_then_promote_review_status","absent","draft","reviewed","true","resolution_state=provisional;evidence_state=single_source","true","","pending_independent_review","pending","pending_after_final_freeze","DEC-025 candidate generated from the actual nonempty structured rows in the remediated package."
"LCM-M2W2-AWS-PKG-0135","数据/facts.csv","fact_id","FACT-M2W2-AWS-TRN3-PSUM-CAPACITY","M2-W2-AWS-PACKAGE-FACTS-REMEDIATED","append_then_promote_review_status","absent","draft","reviewed","true","resolution_state=provisional;evidence_state=single_source","true","","pending_independent_review","pending","pending_after_final_freeze","DEC-025 candidate generated from the actual nonempty structured rows in the remediated package."
"LCM-M2W2-AWS-PKG-0136","数据/facts.csv","fact_id","FACT-M2W2-AWS-TRN3-HBM-CAPACITY-GIB","M2-W2-AWS-PACKAGE-FACTS-REMEDIATED","append_without_review_promotion","absent","needs_resolution","needs_resolution","false","resolution_state=conflict_member;evidence_state=source_with_caveat","true","未决冲突链不进入本次 reviewed 晋级；正式追加时保持 needs_resolution，且不改变 resolution/evidence 等语义状态。","pending_independent_review","pending","pending_after_final_freeze","DEC-025 candidate generated from the actual nonempty structured rows in the remediated package."
"LCM-M2W2-AWS-PKG-0137","数据/facts.csv","fact_id","FACT-M2W2-AWS-TRN3-HBM-CAPACITY-GB","M2-W2-AWS-PACKAGE-FACTS-REMEDIATED","append_without_review_promotion","absent","needs_resolution","needs_resolution","false","resolution_state=conflict_member;evidence_state=source_with_caveat","true","未决冲突链不进入本次 reviewed 晋级；正式追加时保持 needs_resolution，且不改变 resolution/evidence 等语义状态。","pending_independent_review","pending","pending_after_final_freeze","DEC-025 candidate generated from the actual nonempty structured rows in the remediated package."
"LCM-M2W2-AWS-PKG-0138","数据/facts.csv","fact_id","FACT-M2W2-AWS-TRN3-HBM-BW-49","M2-W2-AWS-PACKAGE-FACTS-REMEDIATED","append_without_review_promotion","absent","needs_resolution","needs_resolution","false","resolution_state=conflict_member;evidence_state=source_with_caveat","true","未决冲突链不进入本次 reviewed 晋级；正式追加时保持 needs_resolution，且不改变 resolution/evidence 等语义状态。","pending_independent_review","pending","pending_after_final_freeze","DEC-025 candidate generated from the actual nonempty structured rows in the remediated package."
"LCM-M2W2-AWS-PKG-0139","数据/facts.csv","fact_id","FACT-M2W2-AWS-TRN3-HBM-BW-47","M2-W2-AWS-PACKAGE-FACTS-REMEDIATED","append_without_review_promotion","absent","needs_resolution","needs_resolution","false","resolution_state=conflict_member;evidence_state=source_with_caveat","true","未决冲突链不进入本次 reviewed 晋级；正式追加时保持 needs_resolution，且不改变 resolution/evidence 等语义状态。","pending_independent_review","pending","pending_after_final_freeze","DEC-025 candidate generated from the actual nonempty structured rows in the remediated package."
"LCM-M2W2-AWS-PKG-0140","数据/facts.csv","fact_id","FACT-M2W2-AWS-TRN3-HBM-STACKS","M2-W2-AWS-PACKAGE-FACTS-REMEDIATED","append_then_promote_review_status","absent","draft","reviewed","true","resolution_state=provisional;evidence_state=single_source","true","","pending_independent_review","pending","pending_after_final_freeze","DEC-025 candidate generated from the actual nonempty structured rows in the remediated package."
"LCM-M2W2-AWS-PKG-0141","数据/facts.csv","fact_id","FACT-M2W2-AWS-TRN3-DMA-COUNT","M2-W2-AWS-PACKAGE-FACTS-REMEDIATED","append_then_promote_review_status","absent","draft","reviewed","true","resolution_state=provisional;evidence_state=single_source","true","","pending_independent_review","pending","pending_after_final_freeze","DEC-025 candidate generated from the actual nonempty structured rows in the remediated package."
"LCM-M2W2-AWS-PKG-0142","数据/facts.csv","fact_id","FACT-M2W2-AWS-TRN3-DMA-BW","M2-W2-AWS-PACKAGE-FACTS-REMEDIATED","append_then_promote_review_status","absent","draft","reviewed","true","resolution_state=provisional;evidence_state=single_source","true","","pending_independent_review","pending","pending_after_final_freeze","DEC-025 candidate generated from the actual nonempty structured rows in the remediated package."
"LCM-M2W2-AWS-PKG-0143","数据/facts.csv","fact_id","FACT-M2W2-AWS-TRN3-CC-COUNT-16","M2-W2-AWS-PACKAGE-FACTS-REMEDIATED","append_without_review_promotion","absent","needs_resolution","needs_resolution","false","resolution_state=conflict_member;evidence_state=source_with_caveat","true","未决冲突链不进入本次 reviewed 晋级；正式追加时保持 needs_resolution，且不改变 resolution/evidence 等语义状态。","pending_independent_review","pending","pending_after_final_freeze","DEC-025 candidate generated from the actual nonempty structured rows in the remediated package."
"LCM-M2W2-AWS-PKG-0144","数据/facts.csv","fact_id","FACT-M2W2-AWS-TRN3-CC-COUNT-20","M2-W2-AWS-PACKAGE-FACTS-REMEDIATED","append_without_review_promotion","absent","needs_resolution","needs_resolution","false","resolution_state=conflict_member;evidence_state=source_with_caveat","true","未决冲突链不进入本次 reviewed 晋级；正式追加时保持 needs_resolution，且不改变 resolution/evidence 等语义状态。","pending_independent_review","pending","pending_after_final_freeze","DEC-025 candidate generated from the actual nonempty structured rows in the remediated package."
"LCM-M2W2-AWS-PKG-0145","数据/facts.csv","fact_id","FACT-M2W2-AWS-TRN3-NEURONLINK-COUNT","M2-W2-AWS-PACKAGE-FACTS-REMEDIATED","append_then_promote_review_status","absent","draft","reviewed","true","resolution_state=provisional;evidence_state=single_source","true","","pending_independent_review","pending","pending_after_final_freeze","DEC-025 candidate generated from the actual nonempty structured rows in the remediated package."
"LCM-M2W2-AWS-PKG-0146","数据/facts.csv","fact_id","FACT-M2W2-AWS-TRN3-NEURONLINK-BW","M2-W2-AWS-PACKAGE-FACTS-REMEDIATED","append_then_promote_review_status","absent","draft","reviewed","true","resolution_state=provisional;evidence_state=single_source","true","","pending_independent_review","pending","pending_after_final_freeze","DEC-025 candidate generated from the actual nonempty structured rows in the remediated package."
"LCM-M2W2-AWS-PKG-0147","数据/facts.csv","fact_id","FACT-M2W2-AWS-TRN3-PROCESS","M2-W2-AWS-PACKAGE-FACTS-REMEDIATED","append_then_promote_review_status","absent","draft","reviewed","true","resolution_state=provisional;evidence_state=single_source","true","","pending_independent_review","pending","pending_after_final_freeze","DEC-025 candidate generated from the actual nonempty structured rows in the remediated package."
"LCM-M2W2-AWS-PKG-0148","数据/facts.csv","fact_id","FACT-M2W2-AWS-TRN3-HBM-TYPE","M2-W2-AWS-PACKAGE-FACTS-REMEDIATED","append_then_promote_review_status","absent","draft","reviewed","true","resolution_state=provisional;evidence_state=single_source","true","","pending_independent_review","pending","pending_after_final_freeze","DEC-025 candidate generated from the actual nonempty structured rows in the remediated package."
"LCM-M2W2-AWS-PKG-0149","数据/facts.csv","fact_id","FACT-M2W2-AWS-TRN3-CHIP-FP8-GENERIC","M2-W2-AWS-PACKAGE-FACTS-REMEDIATED","append_then_promote_review_status","absent","draft","reviewed","true","resolution_state=provisional;evidence_state=single_source","true","","pending_independent_review","pending","pending_after_final_freeze","DEC-025 candidate generated from the actual nonempty structured rows in the remediated package."
"LCM-M2W2-AWS-PKG-0150","数据/field-requirements.csv","requirement_id","REQ-M2W2-AWS-PKG-001","M2-W2-AWS-PACKAGE-FACTS-REMEDIATED","append_then_promote_review_status","absent","draft","reviewed","true","requirement_status=value_available;search_status=completed","true","","pending_independent_review","pending","pending_after_final_freeze","DEC-025 candidate generated from the actual nonempty structured rows in the remediated package."
"LCM-M2W2-AWS-PKG-0151","数据/field-requirements.csv","requirement_id","REQ-M2W2-AWS-PKG-002","M2-W2-AWS-PACKAGE-FACTS-REMEDIATED","append_then_promote_review_status","absent","draft","reviewed","true","requirement_status=value_available;search_status=completed","true","","pending_independent_review","pending","pending_after_final_freeze","DEC-025 candidate generated from the actual nonempty structured rows in the remediated package."
"LCM-M2W2-AWS-PKG-0152","数据/field-requirements.csv","requirement_id","REQ-M2W2-AWS-PKG-003","M2-W2-AWS-PACKAGE-FACTS-REMEDIATED","append_then_promote_review_status","absent","draft","reviewed","true","requirement_status=value_available;search_status=completed","true","","pending_independent_review","pending","pending_after_final_freeze","DEC-025 candidate generated from the actual nonempty structured rows in the remediated package."
"LCM-M2W2-AWS-PKG-0153","数据/field-requirements.csv","requirement_id","REQ-M2W2-AWS-PKG-004","M2-W2-AWS-PACKAGE-FACTS-REMEDIATED","append_then_promote_review_status","absent","draft","reviewed","true","requirement_status=value_available;search_status=completed","true","","pending_independent_review","pending","pending_after_final_freeze","DEC-025 candidate generated from the actual nonempty structured rows in the remediated package."
"LCM-M2W2-AWS-PKG-0154","数据/field-requirements.csv","requirement_id","REQ-M2W2-AWS-PKG-005","M2-W2-AWS-PACKAGE-FACTS-REMEDIATED","append_then_promote_review_status","absent","draft","reviewed","true","requirement_status=value_available;search_status=completed","true","","pending_independent_review","pending","pending_after_final_freeze","DEC-025 candidate generated from the actual nonempty structured rows in the remediated package."
"LCM-M2W2-AWS-PKG-0155","数据/field-requirements.csv","requirement_id","REQ-M2W2-AWS-PKG-006","M2-W2-AWS-PACKAGE-FACTS-REMEDIATED","append_then_promote_review_status","absent","draft","reviewed","true","requirement_status=value_available;search_status=completed","true","","pending_independent_review","pending","pending_after_final_freeze","DEC-025 candidate generated from the actual nonempty structured rows in the remediated package."
"LCM-M2W2-AWS-PKG-0156","数据/field-requirements.csv","requirement_id","REQ-M2W2-AWS-PKG-007","M2-W2-AWS-PACKAGE-FACTS-REMEDIATED","append_then_promote_review_status","absent","draft","reviewed","true","requirement_status=value_available;search_status=completed","true","","pending_independent_review","pending","pending_after_final_freeze","DEC-025 candidate generated from the actual nonempty structured rows in the remediated package."
"LCM-M2W2-AWS-PKG-0157","数据/field-requirements.csv","requirement_id","REQ-M2W2-AWS-PKG-008","M2-W2-AWS-PACKAGE-FACTS-REMEDIATED","append_then_promote_review_status","absent","draft","reviewed","true","requirement_status=value_available;search_status=completed","true","","pending_independent_review","pending","pending_after_final_freeze","DEC-025 candidate generated from the actual nonempty structured rows in the remediated package."
"LCM-M2W2-AWS-PKG-0158","数据/field-requirements.csv","requirement_id","REQ-M2W2-AWS-PKG-009","M2-W2-AWS-PACKAGE-FACTS-REMEDIATED","append_then_promote_review_status","absent","draft","reviewed","true","requirement_status=value_available;search_status=completed","true","","pending_independent_review","pending","pending_after_final_freeze","DEC-025 candidate generated from the actual nonempty structured rows in the remediated package."
"LCM-M2W2-AWS-PKG-0159","数据/field-requirements.csv","requirement_id","REQ-M2W2-AWS-PKG-010","M2-W2-AWS-PACKAGE-FACTS-REMEDIATED","append_then_promote_review_status","absent","draft","reviewed","true","requirement_status=value_available;search_status=completed","true","","pending_independent_review","pending","pending_after_final_freeze","DEC-025 candidate generated from the actual nonempty structured rows in the remediated package."
"LCM-M2W2-AWS-PKG-0160","数据/field-requirements.csv","requirement_id","REQ-M2W2-AWS-PKG-011","M2-W2-AWS-PACKAGE-FACTS-REMEDIATED","append_then_promote_review_status","absent","draft","reviewed","true","requirement_status=value_available;search_status=completed","true","","pending_independent_review","pending","pending_after_final_freeze","DEC-025 candidate generated from the actual nonempty structured rows in the remediated package."
"LCM-M2W2-AWS-PKG-0161","数据/field-requirements.csv","requirement_id","REQ-M2W2-AWS-PKG-012","M2-W2-AWS-PACKAGE-FACTS-REMEDIATED","append_then_promote_review_status","absent","draft","reviewed","true","requirement_status=value_available;search_status=completed","true","","pending_independent_review","pending","pending_after_final_freeze","DEC-025 candidate generated from the actual nonempty structured rows in the remediated package."
"LCM-M2W2-AWS-PKG-0162","数据/field-requirements.csv","requirement_id","REQ-M2W2-AWS-PKG-013","M2-W2-AWS-PACKAGE-FACTS-REMEDIATED","append_then_promote_review_status","absent","draft","reviewed","true","requirement_status=value_available;search_status=completed","true","","pending_independent_review","pending","pending_after_final_freeze","DEC-025 candidate generated from the actual nonempty structured rows in the remediated package."
"LCM-M2W2-AWS-PKG-0163","数据/field-requirements.csv","requirement_id","REQ-M2W2-AWS-PKG-014","M2-W2-AWS-PACKAGE-FACTS-REMEDIATED","append_without_review_promotion","absent","needs_resolution","needs_resolution","false","requirement_status=conflicting_unresolved;search_status=completed","true","未决冲突链不进入本次 reviewed 晋级；正式追加时保持 needs_resolution，且不改变 resolution/evidence 等语义状态。","pending_independent_review","pending","pending_after_final_freeze","DEC-025 candidate generated from the actual nonempty structured rows in the remediated package."
"LCM-M2W2-AWS-PKG-0164","数据/field-requirements.csv","requirement_id","REQ-M2W2-AWS-PKG-015","M2-W2-AWS-PACKAGE-FACTS-REMEDIATED","append_then_promote_review_status","absent","draft","reviewed","true","requirement_status=value_available;search_status=completed","true","","pending_independent_review","pending","pending_after_final_freeze","DEC-025 candidate generated from the actual nonempty structured rows in the remediated package."
"LCM-M2W2-AWS-PKG-0165","数据/field-requirements.csv","requirement_id","REQ-M2W2-AWS-PKG-016","M2-W2-AWS-PACKAGE-FACTS-REMEDIATED","append_then_promote_review_status","absent","draft","reviewed","true","requirement_status=value_available;search_status=completed","true","","pending_independent_review","pending","pending_after_final_freeze","DEC-025 candidate generated from the actual nonempty structured rows in the remediated package."
"LCM-M2W2-AWS-PKG-0166","数据/field-requirements.csv","requirement_id","REQ-M2W2-AWS-PKG-017","M2-W2-AWS-PACKAGE-FACTS-REMEDIATED","append_then_promote_review_status","absent","draft","reviewed","true","requirement_status=value_available;search_status=completed","true","","pending_independent_review","pending","pending_after_final_freeze","DEC-025 candidate generated from the actual nonempty structured rows in the remediated package."
"LCM-M2W2-AWS-PKG-0167","数据/field-requirements.csv","requirement_id","REQ-M2W2-AWS-PKG-018","M2-W2-AWS-PACKAGE-FACTS-REMEDIATED","append_then_promote_review_status","absent","draft","reviewed","true","requirement_status=value_available;search_status=completed","true","","pending_independent_review","pending","pending_after_final_freeze","DEC-025 candidate generated from the actual nonempty structured rows in the remediated package."
"LCM-M2W2-AWS-PKG-0168","数据/field-requirements.csv","requirement_id","REQ-M2W2-AWS-PKG-019","M2-W2-AWS-PACKAGE-FACTS-REMEDIATED","append_then_promote_review_status","absent","draft","reviewed","true","requirement_status=value_available;search_status=completed","true","","pending_independent_review","pending","pending_after_final_freeze","DEC-025 candidate generated from the actual nonempty structured rows in the remediated package."
"LCM-M2W2-AWS-PKG-0169","数据/field-requirements.csv","requirement_id","REQ-M2W2-AWS-PKG-020","M2-W2-AWS-PACKAGE-FACTS-REMEDIATED","append_then_promote_review_status","absent","draft","reviewed","true","requirement_status=value_available;search_status=completed","true","","pending_independent_review","pending","pending_after_final_freeze","DEC-025 candidate generated from the actual nonempty structured rows in the remediated package."
"LCM-M2W2-AWS-PKG-0170","数据/field-requirements.csv","requirement_id","REQ-M2W2-AWS-PKG-021","M2-W2-AWS-PACKAGE-FACTS-REMEDIATED","append_then_promote_review_status","absent","draft","reviewed","true","requirement_status=value_available;search_status=completed","true","","pending_independent_review","pending","pending_after_final_freeze","DEC-025 candidate generated from the actual nonempty structured rows in the remediated package."
"LCM-M2W2-AWS-PKG-0171","数据/field-requirements.csv","requirement_id","REQ-M2W2-AWS-PKG-022","M2-W2-AWS-PACKAGE-FACTS-REMEDIATED","append_then_promote_review_status","absent","draft","reviewed","true","requirement_status=value_available;search_status=completed","true","","pending_independent_review","pending","pending_after_final_freeze","DEC-025 candidate generated from the actual nonempty structured rows in the remediated package."
"LCM-M2W2-AWS-PKG-0172","数据/field-requirements.csv","requirement_id","REQ-M2W2-AWS-PKG-023","M2-W2-AWS-PACKAGE-FACTS-REMEDIATED","append_then_promote_review_status","absent","draft","reviewed","true","requirement_status=value_available;search_status=completed","true","","pending_independent_review","pending","pending_after_final_freeze","DEC-025 candidate generated from the actual nonempty structured rows in the remediated package."
"LCM-M2W2-AWS-PKG-0173","数据/field-requirements.csv","requirement_id","REQ-M2W2-AWS-PKG-024","M2-W2-AWS-PACKAGE-FACTS-REMEDIATED","append_without_review_promotion","absent","needs_resolution","needs_resolution","false","requirement_status=conflicting_unresolved;search_status=completed","true","未决冲突链不进入本次 reviewed 晋级；正式追加时保持 needs_resolution，且不改变 resolution/evidence 等语义状态。","pending_independent_review","pending","pending_after_final_freeze","DEC-025 candidate generated from the actual nonempty structured rows in the remediated package."
"LCM-M2W2-AWS-PKG-0174","数据/field-requirements.csv","requirement_id","REQ-M2W2-AWS-PKG-025","M2-W2-AWS-PACKAGE-FACTS-REMEDIATED","append_then_promote_review_status","absent","draft","reviewed","true","requirement_status=value_available;search_status=completed","true","","pending_independent_review","pending","pending_after_final_freeze","DEC-025 candidate generated from the actual nonempty structured rows in the remediated package."
"LCM-M2W2-AWS-PKG-0175","数据/field-requirements.csv","requirement_id","REQ-M2W2-AWS-PKG-026","M2-W2-AWS-PACKAGE-FACTS-REMEDIATED","append_then_promote_review_status","absent","draft","reviewed","true","requirement_status=value_available;search_status=completed","true","","pending_independent_review","pending","pending_after_final_freeze","DEC-025 candidate generated from the actual nonempty structured rows in the remediated package."
"LCM-M2W2-AWS-PKG-0176","数据/field-requirements.csv","requirement_id","REQ-M2W2-AWS-PKG-027","M2-W2-AWS-PACKAGE-FACTS-REMEDIATED","append_then_promote_review_status","absent","draft","reviewed","true","requirement_status=value_available;search_status=completed","true","","pending_independent_review","pending","pending_after_final_freeze","DEC-025 candidate generated from the actual nonempty structured rows in the remediated package."
"LCM-M2W2-AWS-PKG-0177","数据/field-requirements.csv","requirement_id","REQ-M2W2-AWS-PKG-028","M2-W2-AWS-PACKAGE-FACTS-REMEDIATED","append_then_promote_review_status","absent","draft","reviewed","true","requirement_status=value_available;search_status=completed","true","","pending_independent_review","pending","pending_after_final_freeze","DEC-025 candidate generated from the actual nonempty structured rows in the remediated package."
"LCM-M2W2-AWS-PKG-0178","数据/field-requirements.csv","requirement_id","REQ-M2W2-AWS-PKG-029","M2-W2-AWS-PACKAGE-FACTS-REMEDIATED","append_then_promote_review_status","absent","draft","reviewed","true","requirement_status=value_available;search_status=completed","true","","pending_independent_review","pending","pending_after_final_freeze","DEC-025 candidate generated from the actual nonempty structured rows in the remediated package."
"LCM-M2W2-AWS-PKG-0179","数据/field-requirements.csv","requirement_id","REQ-M2W2-AWS-PKG-030","M2-W2-AWS-PACKAGE-FACTS-REMEDIATED","append_then_promote_review_status","absent","draft","reviewed","true","requirement_status=value_available;search_status=completed","true","","pending_independent_review","pending","pending_after_final_freeze","DEC-025 candidate generated from the actual nonempty structured rows in the remediated package."
"LCM-M2W2-AWS-PKG-0180","数据/field-requirements.csv","requirement_id","REQ-M2W2-AWS-PKG-031","M2-W2-AWS-PACKAGE-FACTS-REMEDIATED","append_then_promote_review_status","absent","draft","reviewed","true","requirement_status=value_available;search_status=completed","true","","pending_independent_review","pending","pending_after_final_freeze","DEC-025 candidate generated from the actual nonempty structured rows in the remediated package."
"LCM-M2W2-AWS-PKG-0181","数据/field-requirements.csv","requirement_id","REQ-M2W2-AWS-PKG-032","M2-W2-AWS-PACKAGE-FACTS-REMEDIATED","append_then_promote_review_status","absent","draft","reviewed","true","requirement_status=value_available;search_status=completed","true","","pending_independent_review","pending","pending_after_final_freeze","DEC-025 candidate generated from the actual nonempty structured rows in the remediated package."
"LCM-M2W2-AWS-PKG-0182","数据/field-requirements.csv","requirement_id","REQ-M2W2-AWS-PKG-033","M2-W2-AWS-PACKAGE-FACTS-REMEDIATED","append_then_promote_review_status","absent","draft","reviewed","true","requirement_status=value_available;search_status=completed","true","","pending_independent_review","pending","pending_after_final_freeze","DEC-025 candidate generated from the actual nonempty structured rows in the remediated package."
"LCM-M2W2-AWS-PKG-0183","数据/field-requirements.csv","requirement_id","REQ-M2W2-AWS-PKG-034","M2-W2-AWS-PACKAGE-FACTS-REMEDIATED","append_then_promote_review_status","absent","draft","reviewed","true","requirement_status=value_available;search_status=completed","true","","pending_independent_review","pending","pending_after_final_freeze","DEC-025 candidate generated from the actual nonempty structured rows in the remediated package."
"LCM-M2W2-AWS-PKG-0184","数据/field-requirements.csv","requirement_id","REQ-M2W2-AWS-PKG-035","M2-W2-AWS-PACKAGE-FACTS-REMEDIATED","append_then_promote_review_status","absent","draft","reviewed","true","requirement_status=value_available;search_status=completed","true","","pending_independent_review","pending","pending_after_final_freeze","DEC-025 candidate generated from the actual nonempty structured rows in the remediated package."
"LCM-M2W2-AWS-PKG-0185","数据/field-requirements.csv","requirement_id","REQ-M2W2-AWS-PKG-036","M2-W2-AWS-PACKAGE-FACTS-REMEDIATED","append_then_promote_review_status","absent","draft","reviewed","true","requirement_status=value_available;search_status=completed","true","","pending_independent_review","pending","pending_after_final_freeze","DEC-025 candidate generated from the actual nonempty structured rows in the remediated package."
"LCM-M2W2-AWS-PKG-0186","数据/field-requirements.csv","requirement_id","REQ-M2W2-AWS-PKG-037","M2-W2-AWS-PACKAGE-FACTS-REMEDIATED","append_then_promote_review_status","absent","draft","reviewed","true","requirement_status=value_available;search_status=completed","true","","pending_independent_review","pending","pending_after_final_freeze","DEC-025 candidate generated from the actual nonempty structured rows in the remediated package."
"LCM-M2W2-AWS-PKG-0187","数据/field-requirements.csv","requirement_id","REQ-M2W2-AWS-PKG-038","M2-W2-AWS-PACKAGE-FACTS-REMEDIATED","append_then_promote_review_status","absent","draft","reviewed","true","requirement_status=value_available;search_status=completed","true","","pending_independent_review","pending","pending_after_final_freeze","DEC-025 candidate generated from the actual nonempty structured rows in the remediated package."
"LCM-M2W2-AWS-PKG-0188","数据/field-requirements.csv","requirement_id","REQ-M2W2-AWS-PKG-039","M2-W2-AWS-PACKAGE-FACTS-REMEDIATED","append_then_promote_review_status","absent","draft","reviewed","true","requirement_status=value_available;search_status=completed","true","","pending_independent_review","pending","pending_after_final_freeze","DEC-025 candidate generated from the actual nonempty structured rows in the remediated package."
"LCM-M2W2-AWS-PKG-0189","数据/field-requirements.csv","requirement_id","REQ-M2W2-AWS-PKG-040","M2-W2-AWS-PACKAGE-FACTS-REMEDIATED","append_then_promote_review_status","absent","draft","reviewed","true","requirement_status=value_available;search_status=completed","true","","pending_independent_review","pending","pending_after_final_freeze","DEC-025 candidate generated from the actual nonempty structured rows in the remediated package."
"LCM-M2W2-AWS-PKG-0190","数据/field-requirements.csv","requirement_id","REQ-M2W2-AWS-PKG-041","M2-W2-AWS-PACKAGE-FACTS-REMEDIATED","append_without_review_promotion","absent","needs_resolution","needs_resolution","false","requirement_status=conflicting_unresolved;search_status=completed","true","未决冲突链不进入本次 reviewed 晋级；正式追加时保持 needs_resolution，且不改变 resolution/evidence 等语义状态。","pending_independent_review","pending","pending_after_final_freeze","DEC-025 candidate generated from the actual nonempty structured rows in the remediated package."
"LCM-M2W2-AWS-PKG-0191","数据/field-requirements.csv","requirement_id","REQ-M2W2-AWS-PKG-042","M2-W2-AWS-PACKAGE-FACTS-REMEDIATED","append_without_review_promotion","absent","needs_resolution","needs_resolution","false","requirement_status=conflicting_unresolved;search_status=completed","true","未决冲突链不进入本次 reviewed 晋级；正式追加时保持 needs_resolution，且不改变 resolution/evidence 等语义状态。","pending_independent_review","pending","pending_after_final_freeze","DEC-025 candidate generated from the actual nonempty structured rows in the remediated package."
"LCM-M2W2-AWS-PKG-0192","数据/field-requirements.csv","requirement_id","REQ-M2W2-AWS-PKG-043","M2-W2-AWS-PACKAGE-FACTS-REMEDIATED","append_then_promote_review_status","absent","draft","reviewed","true","requirement_status=value_available;search_status=completed","true","","pending_independent_review","pending","pending_after_final_freeze","DEC-025 candidate generated from the actual nonempty structured rows in the remediated package."
"LCM-M2W2-AWS-PKG-0193","数据/field-requirements.csv","requirement_id","REQ-M2W2-AWS-PKG-044","M2-W2-AWS-PACKAGE-FACTS-REMEDIATED","append_then_promote_review_status","absent","draft","reviewed","true","requirement_status=value_available;search_status=completed","true","","pending_independent_review","pending","pending_after_final_freeze","DEC-025 candidate generated from the actual nonempty structured rows in the remediated package."
"LCM-M2W2-AWS-PKG-0194","数据/field-requirements.csv","requirement_id","REQ-M2W2-AWS-PKG-045","M2-W2-AWS-PACKAGE-FACTS-REMEDIATED","append_then_promote_review_status","absent","draft","reviewed","true","requirement_status=value_available;search_status=completed","true","","pending_independent_review","pending","pending_after_final_freeze","DEC-025 candidate generated from the actual nonempty structured rows in the remediated package."
"LCM-M2W2-AWS-PKG-0195","数据/field-requirements.csv","requirement_id","REQ-M2W2-AWS-PKG-046","M2-W2-AWS-PACKAGE-FACTS-REMEDIATED","append_without_review_promotion","absent","needs_resolution","needs_resolution","false","requirement_status=conflicting_unresolved;search_status=completed","true","未决冲突链不进入本次 reviewed 晋级；正式追加时保持 needs_resolution，且不改变 resolution/evidence 等语义状态。","pending_independent_review","pending","pending_after_final_freeze","DEC-025 candidate generated from the actual nonempty structured rows in the remediated package."
"LCM-M2W2-AWS-PKG-0196","数据/field-requirements.csv","requirement_id","REQ-M2W2-AWS-PKG-047","M2-W2-AWS-PACKAGE-FACTS-REMEDIATED","append_then_promote_review_status","absent","draft","reviewed","true","requirement_status=value_available;search_status=completed","true","","pending_independent_review","pending","pending_after_final_freeze","DEC-025 candidate generated from the actual nonempty structured rows in the remediated package."
"LCM-M2W2-AWS-PKG-0197","数据/field-requirements.csv","requirement_id","REQ-M2W2-AWS-PKG-048","M2-W2-AWS-PACKAGE-FACTS-REMEDIATED","append_then_promote_review_status","absent","draft","reviewed","true","requirement_status=value_available;search_status=completed","true","","pending_independent_review","pending","pending_after_final_freeze","DEC-025 candidate generated from the actual nonempty structured rows in the remediated package."
"LCM-M2W2-AWS-PKG-0198","数据/field-requirements.csv","requirement_id","REQ-M2W2-AWS-PKG-049","M2-W2-AWS-PACKAGE-FACTS-REMEDIATED","append_then_promote_review_status","absent","draft","reviewed","true","requirement_status=value_available;search_status=completed","true","","pending_independent_review","pending","pending_after_final_freeze","DEC-025 candidate generated from the actual nonempty structured rows in the remediated package."
"LCM-M2W2-AWS-PKG-0199","数据/field-requirements.csv","requirement_id","REQ-M2W2-AWS-PKG-050","M2-W2-AWS-PACKAGE-FACTS-REMEDIATED","append_then_promote_review_status","absent","draft","reviewed","true","requirement_status=value_available;search_status=completed","true","","pending_independent_review","pending","pending_after_final_freeze","DEC-025 candidate generated from the actual nonempty structured rows in the remediated package."
"LCM-M2W2-AWS-PKG-0200","数据/field-requirements.csv","requirement_id","REQ-M2W2-AWS-PKG-051","M2-W2-AWS-PACKAGE-FACTS-REMEDIATED","append_then_promote_review_status","absent","draft","reviewed","true","requirement_status=not_found;search_status=completed","true","","pending_independent_review","pending","pending_after_final_freeze","DEC-025 candidate generated from the actual nonempty structured rows in the remediated package."
"LCM-M2W2-AWS-PKG-0201","数据/field-requirements.csv","requirement_id","REQ-M2W2-AWS-PKG-052","M2-W2-AWS-PACKAGE-FACTS-REMEDIATED","append_then_promote_review_status","absent","draft","reviewed","true","requirement_status=not_found;search_status=completed","true","","pending_independent_review","pending","pending_after_final_freeze","DEC-025 candidate generated from the actual nonempty structured rows in the remediated package."
"LCM-M2W2-AWS-PKG-0202","数据/field-requirements.csv","requirement_id","REQ-M2W2-AWS-PKG-053","M2-W2-AWS-PACKAGE-FACTS-REMEDIATED","append_then_promote_review_status","absent","draft","reviewed","true","requirement_status=not_found;search_status=completed","true","","pending_independent_review","pending","pending_after_final_freeze","DEC-025 candidate generated from the actual nonempty structured rows in the remediated package."
"LCM-M2W2-AWS-PKG-0203","数据/field-requirements.csv","requirement_id","REQ-M2W2-AWS-PKG-054","M2-W2-AWS-PACKAGE-FACTS-REMEDIATED","append_then_promote_review_status","absent","draft","reviewed","true","requirement_status=not_found;search_status=completed","true","","pending_independent_review","pending","pending_after_final_freeze","DEC-025 candidate generated from the actual nonempty structured rows in the remediated package."
"LCM-M2W2-AWS-PKG-0204","数据/field-requirements.csv","requirement_id","REQ-M2W2-AWS-PKG-055","M2-W2-AWS-PACKAGE-FACTS-REMEDIATED","append_then_promote_review_status","absent","draft","reviewed","true","requirement_status=not_found;search_status=completed","true","","pending_independent_review","pending","pending_after_final_freeze","DEC-025 candidate generated from the actual nonempty structured rows in the remediated package."
"LCM-M2W2-AWS-PKG-0205","数据/field-requirements.csv","requirement_id","REQ-M2W2-AWS-PKG-056","M2-W2-AWS-PACKAGE-FACTS-REMEDIATED","append_then_promote_review_status","absent","draft","reviewed","true","requirement_status=not_found;search_status=completed","true","","pending_independent_review","pending","pending_after_final_freeze","DEC-025 candidate generated from the actual nonempty structured rows in the remediated package."
"LCM-M2W2-AWS-PKG-0206","数据/field-requirements.csv","requirement_id","REQ-M2W2-AWS-PKG-057","M2-W2-AWS-PACKAGE-FACTS-REMEDIATED","append_then_promote_review_status","absent","draft","reviewed","true","requirement_status=not_found;search_status=completed","true","","pending_independent_review","pending","pending_after_final_freeze","DEC-025 candidate generated from the actual nonempty structured rows in the remediated package."
"LCM-M2W2-AWS-PKG-0207","数据/field-requirements.csv","requirement_id","REQ-M2W2-AWS-PKG-058","M2-W2-AWS-PACKAGE-FACTS-REMEDIATED","append_then_promote_review_status","absent","draft","reviewed","true","requirement_status=not_found;search_status=completed","true","","pending_independent_review","pending","pending_after_final_freeze","DEC-025 candidate generated from the actual nonempty structured rows in the remediated package."
"LCM-M2W2-AWS-PKG-0208","数据/field-requirements.csv","requirement_id","REQ-M2W2-AWS-PKG-059","M2-W2-AWS-PACKAGE-FACTS-REMEDIATED","append_then_promote_review_status","absent","draft","reviewed","true","requirement_status=not_found;search_status=completed","true","","pending_independent_review","pending","pending_after_final_freeze","DEC-025 candidate generated from the actual nonempty structured rows in the remediated package."
"LCM-M2W2-AWS-PKG-0209","数据/field-requirements.csv","requirement_id","REQ-M2W2-AWS-PKG-060","M2-W2-AWS-PACKAGE-FACTS-REMEDIATED","append_then_promote_review_status","absent","draft","reviewed","true","requirement_status=not_found;search_status=completed","true","","pending_independent_review","pending","pending_after_final_freeze","DEC-025 candidate generated from the actual nonempty structured rows in the remediated package."
"LCM-M2W2-AWS-PKG-0210","数据/field-requirements.csv","requirement_id","REQ-M2W2-AWS-PKG-061","M2-W2-AWS-PACKAGE-FACTS-REMEDIATED","append_then_promote_review_status","absent","draft","reviewed","true","requirement_status=not_found;search_status=completed","true","","pending_independent_review","pending","pending_after_final_freeze","DEC-025 candidate generated from the actual nonempty structured rows in the remediated package."
"LCM-M2W2-AWS-PKG-0211","数据/field-requirements.csv","requirement_id","REQ-M2W2-AWS-PKG-062","M2-W2-AWS-PACKAGE-FACTS-REMEDIATED","append_then_promote_review_status","absent","draft","reviewed","true","requirement_status=not_found;search_status=completed","true","","pending_independent_review","pending","pending_after_final_freeze","DEC-025 candidate generated from the actual nonempty structured rows in the remediated package."
"LCM-M2W2-AWS-PKG-0212","数据/field-requirements.csv","requirement_id","REQ-M2W2-AWS-PKG-063","M2-W2-AWS-PACKAGE-FACTS-REMEDIATED","append_then_promote_review_status","absent","draft","reviewed","true","requirement_status=not_found;search_status=completed","true","","pending_independent_review","pending","pending_after_final_freeze","DEC-025 candidate generated from the actual nonempty structured rows in the remediated package."
"LCM-M2W2-AWS-PKG-0213","数据/field-requirements.csv","requirement_id","REQ-M2W2-AWS-PKG-064","M2-W2-AWS-PACKAGE-FACTS-REMEDIATED","append_then_promote_review_status","absent","draft","reviewed","true","requirement_status=not_found;search_status=completed","true","","pending_independent_review","pending","pending_after_final_freeze","DEC-025 candidate generated from the actual nonempty structured rows in the remediated package."
"LCM-M2W2-AWS-PKG-0214","数据/field-requirements.csv","requirement_id","REQ-M2W2-AWS-PKG-065","M2-W2-AWS-PACKAGE-FACTS-REMEDIATED","append_then_promote_review_status","absent","draft","reviewed","true","requirement_status=not_found;search_status=completed","true","","pending_independent_review","pending","pending_after_final_freeze","DEC-025 candidate generated from the actual nonempty structured rows in the remediated package."
"LCM-M2W2-AWS-PKG-0215","数据/field-requirements.csv","requirement_id","REQ-M2W2-AWS-PKG-066","M2-W2-AWS-PACKAGE-FACTS-REMEDIATED","append_then_promote_review_status","absent","draft","reviewed","true","requirement_status=not_found;search_status=completed","true","","pending_independent_review","pending","pending_after_final_freeze","DEC-025 candidate generated from the actual nonempty structured rows in the remediated package."
"LCM-M2W2-AWS-PKG-0216","数据/field-requirements.csv","requirement_id","REQ-M2W2-AWS-PKG-067","M2-W2-AWS-PACKAGE-FACTS-REMEDIATED","append_then_promote_review_status","absent","draft","reviewed","true","requirement_status=not_found;search_status=completed","true","","pending_independent_review","pending","pending_after_final_freeze","DEC-025 candidate generated from the actual nonempty structured rows in the remediated package."
"LCM-M2W2-AWS-PKG-0217","数据/field-requirements.csv","requirement_id","REQ-M2W2-AWS-PKG-068","M2-W2-AWS-PACKAGE-FACTS-REMEDIATED","append_then_promote_review_status","absent","draft","reviewed","true","requirement_status=not_found;search_status=completed","true","","pending_independent_review","pending","pending_after_final_freeze","DEC-025 candidate generated from the actual nonempty structured rows in the remediated package."
"LCM-M2W2-AWS-PKG-0218","数据/field-requirements.csv","requirement_id","REQ-M2W2-AWS-PKG-069","M2-W2-AWS-PACKAGE-FACTS-REMEDIATED","append_then_promote_review_status","absent","draft","reviewed","true","requirement_status=not_found;search_status=completed","true","","pending_independent_review","pending","pending_after_final_freeze","DEC-025 candidate generated from the actual nonempty structured rows in the remediated package."
"LCM-M2W2-AWS-PKG-0219","数据/field-requirements.csv","requirement_id","REQ-M2W2-AWS-PKG-070","M2-W2-AWS-PACKAGE-FACTS-REMEDIATED","append_then_promote_review_status","absent","draft","reviewed","true","requirement_status=not_found;search_status=completed","true","","pending_independent_review","pending","pending_after_final_freeze","DEC-025 candidate generated from the actual nonempty structured rows in the remediated package."
"LCM-M2W2-AWS-PKG-0220","数据/field-requirements.csv","requirement_id","REQ-M2W2-AWS-PKG-071","M2-W2-AWS-PACKAGE-FACTS-REMEDIATED","append_then_promote_review_status","absent","draft","reviewed","true","requirement_status=value_available;search_status=completed","true","","pending_independent_review","pending","pending_after_final_freeze","DEC-025 candidate generated from the actual nonempty structured rows in the remediated package."
"LCM-M2W2-AWS-PKG-0221","数据/links.csv","link_id","LINK-M2W2-AWS-TRN1-NEURONLINKV2","M2-W2-AWS-PACKAGE-FACTS-REMEDIATED","append_then_promote_review_status","absent","draft","reviewed","true","","true","","pending_independent_review","pending","pending_after_final_freeze","DEC-025 candidate generated from the actual nonempty structured rows in the remediated package."
"LCM-M2W2-AWS-PKG-0222","数据/links.csv","link_id","LINK-M2W2-AWS-INF2-NEURONLINKV2","M2-W2-AWS-PACKAGE-FACTS-REMEDIATED","append_then_promote_review_status","absent","draft","reviewed","true","","true","","pending_independent_review","pending","pending_after_final_freeze","DEC-025 candidate generated from the actual nonempty structured rows in the remediated package."
"LCM-M2W2-AWS-PKG-0223","数据/links.csv","link_id","LINK-M2W2-AWS-TRN3-NEURONLINKV4","M2-W2-AWS-PACKAGE-FACTS-REMEDIATED","append_then_promote_review_status","absent","draft","reviewed","true","","true","","pending_independent_review","pending","pending_after_final_freeze","DEC-025 candidate generated from the actual nonempty structured rows in the remediated package."
"LCM-M2W2-AWS-PKG-0224","数据/memory-levels.csv","memory_level_id","CMP-M2W2-AWS-INF1-DRAM","M2-W2-AWS-PACKAGE-FACTS-REMEDIATED","append_then_promote_review_status","absent","draft","reviewed","true","","true","","pending_independent_review","pending","pending_after_final_freeze","DEC-025 candidate generated from the actual nonempty structured rows in the remediated package."
"LCM-M2W2-AWS-PKG-0225","数据/memory-levels.csv","memory_level_id","CMP-M2W2-AWS-TRN1-HBM","M2-W2-AWS-PACKAGE-FACTS-REMEDIATED","append_without_review_promotion","absent","needs_resolution","needs_resolution","false","","true","未决冲突链不进入本次 reviewed 晋级；正式追加时保持 needs_resolution，且不改变 resolution/evidence 等语义状态。","pending_independent_review","pending","pending_after_final_freeze","DEC-025 candidate generated from the actual nonempty structured rows in the remediated package."
"LCM-M2W2-AWS-PKG-0226","数据/memory-levels.csv","memory_level_id","CMP-M2W2-AWS-INF2-HBM","M2-W2-AWS-PACKAGE-FACTS-REMEDIATED","append_without_review_promotion","absent","needs_resolution","needs_resolution","false","","true","未决冲突链不进入本次 reviewed 晋级；正式追加时保持 needs_resolution，且不改变 resolution/evidence 等语义状态。","pending_independent_review","pending","pending_after_final_freeze","DEC-025 candidate generated from the actual nonempty structured rows in the remediated package."
"LCM-M2W2-AWS-PKG-0227","数据/memory-levels.csv","memory_level_id","CMP-M2W2-AWS-TRN3-HBM","M2-W2-AWS-PACKAGE-FACTS-REMEDIATED","append_without_review_promotion","absent","needs_resolution","needs_resolution","false","","true","未决冲突链不进入本次 reviewed 晋级；正式追加时保持 needs_resolution，且不改变 resolution/evidence 等语义状态。","pending_independent_review","pending","pending_after_final_freeze","DEC-025 candidate generated from the actual nonempty structured rows in the remediated package."
"LCM-M2W2-AWS-PKG-0228","数据/memory-levels.csv","memory_level_id","CMP-M2W2-AWS-TRN3-SBUF","M2-W2-AWS-PACKAGE-FACTS-REMEDIATED","append_then_promote_review_status","absent","draft","reviewed","true","","true","","pending_independent_review","pending","pending_after_final_freeze","DEC-025 candidate generated from the actual nonempty structured rows in the remediated package."
"LCM-M2W2-AWS-PKG-0229","数据/memory-levels.csv","memory_level_id","CMP-M2W2-AWS-TRN3-PSUM","M2-W2-AWS-PACKAGE-FACTS-REMEDIATED","append_then_promote_review_status","absent","draft","reviewed","true","","true","","pending_independent_review","pending","pending_after_final_freeze","DEC-025 candidate generated from the actual nonempty structured rows in the remediated package."
"LCM-M2W2-AWS-PKG-0230","数据/precision-paths.csv","precision_path_id","PP-M2W2-AWS-INF1-CHIP-INT8","M2-W2-AWS-PACKAGE-FACTS-REMEDIATED","append_then_promote_review_status","absent","draft","reviewed","true","","true","","pending_independent_review","pending","pending_after_final_freeze","DEC-025 candidate generated from the actual nonempty structured rows in the remediated package."
"LCM-M2W2-AWS-PKG-0231","数据/precision-paths.csv","precision_path_id","PP-M2W2-AWS-INF1-CHIP-FP16BF16","M2-W2-AWS-PACKAGE-FACTS-REMEDIATED","append_then_promote_review_status","absent","draft","reviewed","true","","true","","pending_independent_review","pending","pending_after_final_freeze","DEC-025 candidate generated from the actual nonempty structured rows in the remediated package."
"LCM-M2W2-AWS-PKG-0232","数据/precision-paths.csv","precision_path_id","PP-M2W2-AWS-INF1-NCV1-FP16BF16","M2-W2-AWS-PACKAGE-FACTS-REMEDIATED","append_then_promote_review_status","absent","draft","reviewed","true","","true","","pending_independent_review","pending","pending_after_final_freeze","DEC-025 candidate generated from the actual nonempty structured rows in the remediated package."
"LCM-M2W2-AWS-PKG-0233","数据/precision-paths.csv","precision_path_id","PP-M2W2-AWS-TRN1-CHIP-INT8","M2-W2-AWS-PACKAGE-FACTS-REMEDIATED","append_then_promote_review_status","absent","draft","reviewed","true","","true","","pending_independent_review","pending","pending_after_final_freeze","DEC-025 candidate generated from the actual nonempty structured rows in the remediated package."
"LCM-M2W2-AWS-PKG-0234","数据/precision-paths.csv","precision_path_id","PP-M2W2-AWS-TRN1-CHIP-MIXED","M2-W2-AWS-PACKAGE-FACTS-REMEDIATED","append_then_promote_review_status","absent","draft","reviewed","true","","true","","pending_independent_review","pending","pending_after_final_freeze","DEC-025 candidate generated from the actual nonempty structured rows in the remediated package."
"LCM-M2W2-AWS-PKG-0235","数据/precision-paths.csv","precision_path_id","PP-M2W2-AWS-TRN1-CHIP-FP32","M2-W2-AWS-PACKAGE-FACTS-REMEDIATED","append_then_promote_review_status","absent","draft","reviewed","true","","true","","pending_independent_review","pending","pending_after_final_freeze","DEC-025 candidate generated from the actual nonempty structured rows in the remediated package."
"LCM-M2W2-AWS-PKG-0236","数据/precision-paths.csv","precision_path_id","PP-M2W2-AWS-INF2-CHIP-INT8","M2-W2-AWS-PACKAGE-FACTS-REMEDIATED","append_then_promote_review_status","absent","draft","reviewed","true","","true","","pending_independent_review","pending","pending_after_final_freeze","DEC-025 candidate generated from the actual nonempty structured rows in the remediated package."
"LCM-M2W2-AWS-PKG-0237","数据/precision-paths.csv","precision_path_id","PP-M2W2-AWS-INF2-CHIP-MIXED","M2-W2-AWS-PACKAGE-FACTS-REMEDIATED","append_then_promote_review_status","absent","draft","reviewed","true","","true","","pending_independent_review","pending","pending_after_final_freeze","DEC-025 candidate generated from the actual nonempty structured rows in the remediated package."
"LCM-M2W2-AWS-PKG-0238","数据/precision-paths.csv","precision_path_id","PP-M2W2-AWS-INF2-CHIP-FP32","M2-W2-AWS-PACKAGE-FACTS-REMEDIATED","append_then_promote_review_status","absent","draft","reviewed","true","","true","","pending_independent_review","pending","pending_after_final_freeze","DEC-025 candidate generated from the actual nonempty structured rows in the remediated package."
"LCM-M2W2-AWS-PKG-0239","数据/precision-paths.csv","precision_path_id","PP-M2W2-AWS-TRN3-CHIP-MX","M2-W2-AWS-PACKAGE-FACTS-REMEDIATED","append_then_promote_review_status","absent","draft","reviewed","true","","true","","pending_independent_review","pending","pending_after_final_freeze","DEC-025 candidate generated from the actual nonempty structured rows in the remediated package."
"LCM-M2W2-AWS-PKG-0240","数据/precision-paths.csv","precision_path_id","PP-M2W2-AWS-TRN3-CHIP-MIXED","M2-W2-AWS-PACKAGE-FACTS-REMEDIATED","append_then_promote_review_status","absent","draft","reviewed","true","","true","","pending_independent_review","pending","pending_after_final_freeze","DEC-025 candidate generated from the actual nonempty structured rows in the remediated package."
"LCM-M2W2-AWS-PKG-0241","数据/precision-paths.csv","precision_path_id","PP-M2W2-AWS-TRN3-CHIP-FP32","M2-W2-AWS-PACKAGE-FACTS-REMEDIATED","append_then_promote_review_status","absent","draft","reviewed","true","","true","","pending_independent_review","pending","pending_after_final_freeze","DEC-025 candidate generated from the actual nonempty structured rows in the remediated package."
"LCM-M2W2-AWS-PKG-0242","数据/precision-paths.csv","precision_path_id","PP-M2W2-AWS-TRN3-NCV4-MX","M2-W2-AWS-PACKAGE-FACTS-REMEDIATED","append_then_promote_review_status","absent","draft","reviewed","true","","true","","pending_independent_review","pending","pending_after_final_freeze","DEC-025 candidate generated from the actual nonempty structured rows in the remediated package."
"LCM-M2W2-AWS-PKG-0243","数据/precision-paths.csv","precision_path_id","PP-M2W2-AWS-TRN3-NCV4-MIXED","M2-W2-AWS-PACKAGE-FACTS-REMEDIATED","append_then_promote_review_status","absent","draft","reviewed","true","","true","","pending_independent_review","pending","pending_after_final_freeze","DEC-025 candidate generated from the actual nonempty structured rows in the remediated package."
"LCM-M2W2-AWS-PKG-0244","数据/precision-paths.csv","precision_path_id","PP-M2W2-AWS-TRN3-NCV4-FP32","M2-W2-AWS-PACKAGE-FACTS-REMEDIATED","append_then_promote_review_status","absent","draft","reviewed","true","","true","","pending_independent_review","pending","pending_after_final_freeze","DEC-025 candidate generated from the actual nonempty structured rows in the remediated package."
"LCM-M2W2-AWS-PKG-0245","数据/precision-paths.csv","precision_path_id","PP-M2W2-AWS-TRN3-NCV4-VECTOR-FP32","M2-W2-AWS-PACKAGE-FACTS-REMEDIATED","append_then_promote_review_status","absent","draft","reviewed","true","","true","","pending_independent_review","pending","pending_after_final_freeze","DEC-025 candidate generated from the actual nonempty structured rows in the remediated package."
"LCM-M2W2-AWS-PKG-0246","数据/precision-paths.csv","precision_path_id","PP-M2W2-AWS-TRN3-NCV4-SCALAR-FP32","M2-W2-AWS-PACKAGE-FACTS-REMEDIATED","append_then_promote_review_status","absent","draft","reviewed","true","","true","","pending_independent_review","pending","pending_after_final_freeze","DEC-025 candidate generated from the actual nonempty structured rows in the remediated package."
"LCM-M2W2-AWS-PKG-0247","数据/precision-paths.csv","precision_path_id","PP-M2W2-AWS-INF1-NCV1-VECTOR-GENERIC-FLOAT","M2-W2-AWS-PACKAGE-FACTS-REMEDIATED","append_then_promote_review_status","absent","draft","reviewed","true","","true","","pending_independent_review","pending","pending_after_final_freeze","DEC-025 candidate generated from the actual nonempty structured rows in the remediated package."
"LCM-M2W2-AWS-PKG-0248","数据/precision-paths.csv","precision_path_id","PP-M2W2-AWS-INF1-NCV1-SCALAR-GENERIC-FLOAT","M2-W2-AWS-PACKAGE-FACTS-REMEDIATED","append_then_promote_review_status","absent","draft","reviewed","true","","true","","pending_independent_review","pending","pending_after_final_freeze","DEC-025 candidate generated from the actual nonempty structured rows in the remediated package."
"LCM-M2W2-AWS-PKG-0249","数据/precision-paths.csv","precision_path_id","PP-M2W2-AWS-TRN3-CHIP-FP8-GENERIC","M2-W2-AWS-PACKAGE-FACTS-REMEDIATED","append_then_promote_review_status","absent","draft","reviewed","true","","true","","pending_independent_review","pending","pending_after_final_freeze","DEC-025 candidate generated from the actual nonempty structured rows in the remediated package."
"LCM-M2W2-AWS-PKG-0250","最小参考资料库/conflict-groups.csv","conflict_group_id","CONFLICT-M2W2-AWS-TRN1-HBM-BW","M2-W2-AWS-PACKAGE-FACTS-REMEDIATED","append_without_review_promotion","absent","needs_resolution","needs_resolution","false","resolution_status=unreviewed","true","未决冲突链不进入本次 reviewed 晋级；正式追加时保持 needs_resolution，且不改变 resolution/evidence 等语义状态。","pending_independent_review","pending","pending_after_final_freeze","DEC-025 candidate generated from the actual nonempty structured rows in the remediated package."
"LCM-M2W2-AWS-PKG-0251","最小参考资料库/conflict-groups.csv","conflict_group_id","CONFLICT-M2W2-AWS-INF2-HBM-BW","M2-W2-AWS-PACKAGE-FACTS-REMEDIATED","append_without_review_promotion","absent","needs_resolution","needs_resolution","false","resolution_status=unreviewed","true","未决冲突链不进入本次 reviewed 晋级；正式追加时保持 needs_resolution，且不改变 resolution/evidence 等语义状态。","pending_independent_review","pending","pending_after_final_freeze","DEC-025 candidate generated from the actual nonempty structured rows in the remediated package."
"LCM-M2W2-AWS-PKG-0252","最小参考资料库/conflict-groups.csv","conflict_group_id","CONFLICT-M2W2-AWS-TRN3-HBM-CAPACITY","M2-W2-AWS-PACKAGE-FACTS-REMEDIATED","append_without_review_promotion","absent","needs_resolution","needs_resolution","false","resolution_status=unreviewed","true","未决冲突链不进入本次 reviewed 晋级；正式追加时保持 needs_resolution，且不改变 resolution/evidence 等语义状态。","pending_independent_review","pending","pending_after_final_freeze","DEC-025 candidate generated from the actual nonempty structured rows in the remediated package."
"LCM-M2W2-AWS-PKG-0253","最小参考资料库/conflict-groups.csv","conflict_group_id","CONFLICT-M2W2-AWS-TRN3-HBM-BW","M2-W2-AWS-PACKAGE-FACTS-REMEDIATED","append_without_review_promotion","absent","needs_resolution","needs_resolution","false","resolution_status=unreviewed","true","未决冲突链不进入本次 reviewed 晋级；正式追加时保持 needs_resolution，且不改变 resolution/evidence 等语义状态。","pending_independent_review","pending","pending_after_final_freeze","DEC-025 candidate generated from the actual nonempty structured rows in the remediated package."
"LCM-M2W2-AWS-PKG-0254","最小参考资料库/conflict-groups.csv","conflict_group_id","CONFLICT-M2W2-AWS-TRN3-CC-COUNT","M2-W2-AWS-PACKAGE-FACTS-REMEDIATED","append_without_review_promotion","absent","needs_resolution","needs_resolution","false","resolution_status=unreviewed","true","未决冲突链不进入本次 reviewed 晋级；正式追加时保持 needs_resolution，且不改变 resolution/evidence 等语义状态。","pending_independent_review","pending","pending_after_final_freeze","DEC-025 candidate generated from the actual nonempty structured rows in the remediated package."
"LCM-M2W2-AWS-PKG-0255","最小参考资料库/conflict-members.csv","conflict_member_id","CONFLICT-M2W2-AWS-TRN1-HBM-BW-A","M2-W2-AWS-PACKAGE-FACTS-REMEDIATED","append_without_review_promotion","absent","needs_resolution","needs_resolution","false","","true","未决冲突链不进入本次 reviewed 晋级；正式追加时保持 needs_resolution，且不改变 resolution/evidence 等语义状态。","pending_independent_review","pending","pending_after_final_freeze","DEC-025 candidate generated from the actual nonempty structured rows in the remediated package."
"LCM-M2W2-AWS-PKG-0256","最小参考资料库/conflict-members.csv","conflict_member_id","CONFLICT-M2W2-AWS-TRN1-HBM-BW-B","M2-W2-AWS-PACKAGE-FACTS-REMEDIATED","append_without_review_promotion","absent","needs_resolution","needs_resolution","false","","true","未决冲突链不进入本次 reviewed 晋级；正式追加时保持 needs_resolution，且不改变 resolution/evidence 等语义状态。","pending_independent_review","pending","pending_after_final_freeze","DEC-025 candidate generated from the actual nonempty structured rows in the remediated package."
"LCM-M2W2-AWS-PKG-0257","最小参考资料库/conflict-members.csv","conflict_member_id","CONFLICT-M2W2-AWS-INF2-HBM-BW-A","M2-W2-AWS-PACKAGE-FACTS-REMEDIATED","append_without_review_promotion","absent","needs_resolution","needs_resolution","false","","true","未决冲突链不进入本次 reviewed 晋级；正式追加时保持 needs_resolution，且不改变 resolution/evidence 等语义状态。","pending_independent_review","pending","pending_after_final_freeze","DEC-025 candidate generated from the actual nonempty structured rows in the remediated package."
"LCM-M2W2-AWS-PKG-0258","最小参考资料库/conflict-members.csv","conflict_member_id","CONFLICT-M2W2-AWS-INF2-HBM-BW-B","M2-W2-AWS-PACKAGE-FACTS-REMEDIATED","append_without_review_promotion","absent","needs_resolution","needs_resolution","false","","true","未决冲突链不进入本次 reviewed 晋级；正式追加时保持 needs_resolution，且不改变 resolution/evidence 等语义状态。","pending_independent_review","pending","pending_after_final_freeze","DEC-025 candidate generated from the actual nonempty structured rows in the remediated package."
"LCM-M2W2-AWS-PKG-0259","最小参考资料库/conflict-members.csv","conflict_member_id","CONFLICT-M2W2-AWS-TRN3-HBM-CAPACITY-A","M2-W2-AWS-PACKAGE-FACTS-REMEDIATED","append_without_review_promotion","absent","needs_resolution","needs_resolution","false","","true","未决冲突链不进入本次 reviewed 晋级；正式追加时保持 needs_resolution，且不改变 resolution/evidence 等语义状态。","pending_independent_review","pending","pending_after_final_freeze","DEC-025 candidate generated from the actual nonempty structured rows in the remediated package."
"LCM-M2W2-AWS-PKG-0260","最小参考资料库/conflict-members.csv","conflict_member_id","CONFLICT-M2W2-AWS-TRN3-HBM-CAPACITY-B","M2-W2-AWS-PACKAGE-FACTS-REMEDIATED","append_without_review_promotion","absent","needs_resolution","needs_resolution","false","","true","未决冲突链不进入本次 reviewed 晋级；正式追加时保持 needs_resolution，且不改变 resolution/evidence 等语义状态。","pending_independent_review","pending","pending_after_final_freeze","DEC-025 candidate generated from the actual nonempty structured rows in the remediated package."
"LCM-M2W2-AWS-PKG-0261","最小参考资料库/conflict-members.csv","conflict_member_id","CONFLICT-M2W2-AWS-TRN3-HBM-BW-A","M2-W2-AWS-PACKAGE-FACTS-REMEDIATED","append_without_review_promotion","absent","needs_resolution","needs_resolution","false","","true","未决冲突链不进入本次 reviewed 晋级；正式追加时保持 needs_resolution，且不改变 resolution/evidence 等语义状态。","pending_independent_review","pending","pending_after_final_freeze","DEC-025 candidate generated from the actual nonempty structured rows in the remediated package."
"LCM-M2W2-AWS-PKG-0262","最小参考资料库/conflict-members.csv","conflict_member_id","CONFLICT-M2W2-AWS-TRN3-HBM-BW-B","M2-W2-AWS-PACKAGE-FACTS-REMEDIATED","append_without_review_promotion","absent","needs_resolution","needs_resolution","false","","true","未决冲突链不进入本次 reviewed 晋级；正式追加时保持 needs_resolution，且不改变 resolution/evidence 等语义状态。","pending_independent_review","pending","pending_after_final_freeze","DEC-025 candidate generated from the actual nonempty structured rows in the remediated package."
"LCM-M2W2-AWS-PKG-0263","最小参考资料库/conflict-members.csv","conflict_member_id","CONFLICT-M2W2-AWS-TRN3-CC-COUNT-A","M2-W2-AWS-PACKAGE-FACTS-REMEDIATED","append_without_review_promotion","absent","needs_resolution","needs_resolution","false","","true","未决冲突链不进入本次 reviewed 晋级；正式追加时保持 needs_resolution，且不改变 resolution/evidence 等语义状态。","pending_independent_review","pending","pending_after_final_freeze","DEC-025 candidate generated from the actual nonempty structured rows in the remediated package."
"LCM-M2W2-AWS-PKG-0264","最小参考资料库/conflict-members.csv","conflict_member_id","CONFLICT-M2W2-AWS-TRN3-CC-COUNT-B","M2-W2-AWS-PACKAGE-FACTS-REMEDIATED","append_without_review_promotion","absent","needs_resolution","needs_resolution","false","","true","未决冲突链不进入本次 reviewed 晋级；正式追加时保持 needs_resolution，且不改变 resolution/evidence 等语义状态。","pending_independent_review","pending","pending_after_final_freeze","DEC-025 candidate generated from the actual nonempty structured rows in the remediated package."
"LCM-M2W2-AWS-PKG-0265","最小参考资料库/fact-assertions.csv","assertion_id","ASRT-M2W2-AWS-INF1-NCV1-COUNT-A01-1","M2-W2-AWS-PACKAGE-FACTS-REMEDIATED","append_then_promote_review_status","absent","draft","reviewed","true","extraction_status=source_checked","true","","pending_independent_review","pending","pending_after_final_freeze","DEC-025 candidate generated from the actual nonempty structured rows in the remediated package."
"LCM-M2W2-AWS-PKG-0266","最小参考资料库/fact-assertions.csv","assertion_id","ASRT-M2W2-AWS-INF1-CHIP-INT8-PEAK-A01-1","M2-W2-AWS-PACKAGE-FACTS-REMEDIATED","append_then_promote_review_status","absent","draft","reviewed","true","extraction_status=source_checked","true","","pending_independent_review","pending","pending_after_final_freeze","DEC-025 candidate generated from the actual nonempty structured rows in the remediated package."
"LCM-M2W2-AWS-PKG-0267","最小参考资料库/fact-assertions.csv","assertion_id","ASRT-M2W2-AWS-INF1-CHIP-FP16BF16-PEAK-A01-1","M2-W2-AWS-PACKAGE-FACTS-REMEDIATED","append_then_promote_review_status","absent","draft","reviewed","true","extraction_status=source_checked","true","","pending_independent_review","pending","pending_after_final_freeze","DEC-025 candidate generated from the actual nonempty structured rows in the remediated package."
"LCM-M2W2-AWS-PKG-0268","最小参考资料库/fact-assertions.csv","assertion_id","ASRT-M2W2-AWS-INF1-DRAM-CAPACITY-A01-1","M2-W2-AWS-PACKAGE-FACTS-REMEDIATED","append_then_promote_review_status","absent","draft","reviewed","true","extraction_status=source_checked","true","","pending_independent_review","pending","pending_after_final_freeze","DEC-025 candidate generated from the actual nonempty structured rows in the remediated package."
"LCM-M2W2-AWS-PKG-0269","最小参考资料库/fact-assertions.csv","assertion_id","ASRT-M2W2-AWS-INF1-DRAM-BW-A01-1","M2-W2-AWS-PACKAGE-FACTS-REMEDIATED","append_then_promote_review_status","absent","draft","reviewed","true","extraction_status=source_checked","true","","pending_independent_review","pending","pending_after_final_freeze","DEC-025 candidate generated from the actual nonempty structured rows in the remediated package."
"LCM-M2W2-AWS-PKG-0270","最小参考资料库/fact-assertions.csv","assertion_id","ASRT-M2W2-AWS-INF1-NCV1-TENSOR-FP16BF16-A02-1","M2-W2-AWS-PACKAGE-FACTS-REMEDIATED","append_then_promote_review_status","absent","draft","reviewed","true","extraction_status=source_checked","true","","pending_independent_review","pending","pending_after_final_freeze","DEC-025 candidate generated from the actual nonempty structured rows in the remediated package."
"LCM-M2W2-AWS-PKG-0271","最小参考资料库/fact-assertions.csv","assertion_id","ASRT-M2W2-AWS-INF1-NCV1-VECTOR-OPS-CYCLE-A02-1","M2-W2-AWS-PACKAGE-FACTS-REMEDIATED","append_then_promote_review_status","absent","draft","reviewed","true","extraction_status=source_checked","true","","pending_independent_review","pending","pending_after_final_freeze","DEC-025 candidate generated from the actual nonempty structured rows in the remediated package."
"LCM-M2W2-AWS-PKG-0272","最小参考资料库/fact-assertions.csv","assertion_id","ASRT-M2W2-AWS-INF1-NCV1-SCALAR-OPS-CYCLE-A02-1","M2-W2-AWS-PACKAGE-FACTS-REMEDIATED","append_then_promote_review_status","absent","draft","reviewed","true","extraction_status=source_checked","true","","pending_independent_review","pending","pending_after_final_freeze","DEC-025 candidate generated from the actual nonempty structured rows in the remediated package."
"LCM-M2W2-AWS-PKG-0273","最小参考资料库/fact-assertions.csv","assertion_id","ASRT-M2W2-AWS-TRN1-NCV2-COUNT-A03-1","M2-W2-AWS-PACKAGE-FACTS-REMEDIATED","append_then_promote_review_status","absent","draft","reviewed","true","extraction_status=source_checked","true","","pending_independent_review","pending","pending_after_final_freeze","DEC-025 candidate generated from the actual nonempty structured rows in the remediated package."
"LCM-M2W2-AWS-PKG-0274","最小参考资料库/fact-assertions.csv","assertion_id","ASRT-M2W2-AWS-TRN1-NCV2-COUNT-A05-2","M2-W2-AWS-PACKAGE-FACTS-REMEDIATED","append_then_promote_review_status","absent","draft","reviewed","true","extraction_status=source_checked","true","","pending_independent_review","pending","pending_after_final_freeze","DEC-025 candidate generated from the actual nonempty structured rows in the remediated package."
"LCM-M2W2-AWS-PKG-0275","最小参考资料库/fact-assertions.csv","assertion_id","ASRT-M2W2-AWS-TRN1-CHIP-INT8-PEAK-A03-1","M2-W2-AWS-PACKAGE-FACTS-REMEDIATED","append_then_promote_review_status","absent","draft","reviewed","true","extraction_status=source_checked","true","","pending_independent_review","pending","pending_after_final_freeze","DEC-025 candidate generated from the actual nonempty structured rows in the remediated package."
"LCM-M2W2-AWS-PKG-0276","最小参考资料库/fact-assertions.csv","assertion_id","ASRT-M2W2-AWS-TRN1-CHIP-MIXED-PEAK-A03-1","M2-W2-AWS-PACKAGE-FACTS-REMEDIATED","append_then_promote_review_status","absent","draft","reviewed","true","extraction_status=source_checked","true","","pending_independent_review","pending","pending_after_final_freeze","DEC-025 candidate generated from the actual nonempty structured rows in the remediated package."
"LCM-M2W2-AWS-PKG-0277","最小参考资料库/fact-assertions.csv","assertion_id","ASRT-M2W2-AWS-TRN1-CHIP-FP32-PEAK-A03-1","M2-W2-AWS-PACKAGE-FACTS-REMEDIATED","append_then_promote_review_status","absent","draft","reviewed","true","extraction_status=source_checked","true","","pending_independent_review","pending","pending_after_final_freeze","DEC-025 candidate generated from the actual nonempty structured rows in the remediated package."
"LCM-M2W2-AWS-PKG-0278","最小参考资料库/fact-assertions.csv","assertion_id","ASRT-M2W2-AWS-TRN1-HBM-CAPACITY-A03-1","M2-W2-AWS-PACKAGE-FACTS-REMEDIATED","append_then_promote_review_status","absent","draft","reviewed","true","extraction_status=source_checked","true","","pending_independent_review","pending","pending_after_final_freeze","DEC-025 candidate generated from the actual nonempty structured rows in the remediated package."
"LCM-M2W2-AWS-PKG-0279","最小参考资料库/fact-assertions.csv","assertion_id","ASRT-M2W2-AWS-TRN1-HBM-CAPACITY-A05-2","M2-W2-AWS-PACKAGE-FACTS-REMEDIATED","append_then_promote_review_status","absent","draft","reviewed","true","extraction_status=source_checked","true","","pending_independent_review","pending","pending_after_final_freeze","DEC-025 candidate generated from the actual nonempty structured rows in the remediated package."
"LCM-M2W2-AWS-PKG-0280","最小参考资料库/fact-assertions.csv","assertion_id","ASRT-M2W2-AWS-TRN1-HBM-BW-GIB-A03-1","M2-W2-AWS-PACKAGE-FACTS-REMEDIATED","append_without_review_promotion","absent","needs_resolution","needs_resolution","false","extraction_status=source_checked","true","未决冲突链不进入本次 reviewed 晋级；正式追加时保持 needs_resolution，且不改变 resolution/evidence 等语义状态。","pending_independent_review","pending","pending_after_final_freeze","DEC-025 candidate generated from the actual nonempty structured rows in the remediated package."
"LCM-M2W2-AWS-PKG-0281","最小参考资料库/fact-assertions.csv","assertion_id","ASRT-M2W2-AWS-TRN1-HBM-BW-GB-A05-1","M2-W2-AWS-PACKAGE-FACTS-REMEDIATED","append_without_review_promotion","absent","needs_resolution","needs_resolution","false","extraction_status=source_checked","true","未决冲突链不进入本次 reviewed 晋级；正式追加时保持 needs_resolution，且不改变 resolution/evidence 等语义状态。","pending_independent_review","pending","pending_after_final_freeze","DEC-025 candidate generated from the actual nonempty structured rows in the remediated package."
"LCM-M2W2-AWS-PKG-0282","最小参考资料库/fact-assertions.csv","assertion_id","ASRT-M2W2-AWS-TRN1-DMA-BW-A03-1","M2-W2-AWS-PACKAGE-FACTS-REMEDIATED","append_then_promote_review_status","absent","draft","reviewed","true","extraction_status=source_checked","true","","pending_independent_review","pending","pending_after_final_freeze","DEC-025 candidate generated from the actual nonempty structured rows in the remediated package."
"LCM-M2W2-AWS-PKG-0283","最小参考资料库/fact-assertions.csv","assertion_id","ASRT-M2W2-AWS-TRN1-DMA-COUNT-A05-1","M2-W2-AWS-PACKAGE-FACTS-REMEDIATED","append_then_promote_review_status","absent","draft","reviewed","true","extraction_status=source_checked","true","","pending_independent_review","pending","pending_after_final_freeze","DEC-025 candidate generated from the actual nonempty structured rows in the remediated package."
"LCM-M2W2-AWS-PKG-0284","最小参考资料库/fact-assertions.csv","assertion_id","ASRT-M2W2-AWS-TRN1-CC-COUNT-A05-1","M2-W2-AWS-PACKAGE-FACTS-REMEDIATED","append_then_promote_review_status","absent","draft","reviewed","true","extraction_status=source_checked","true","","pending_independent_review","pending","pending_after_final_freeze","DEC-025 candidate generated from the actual nonempty structured rows in the remediated package."
"LCM-M2W2-AWS-PKG-0285","最小参考资料库/fact-assertions.csv","assertion_id","ASRT-M2W2-AWS-TRN1-NEURONLINK-COUNT-A05-1","M2-W2-AWS-PACKAGE-FACTS-REMEDIATED","append_then_promote_review_status","absent","draft","reviewed","true","extraction_status=source_checked","true","","pending_independent_review","pending","pending_after_final_freeze","DEC-025 candidate generated from the actual nonempty structured rows in the remediated package."
"LCM-M2W2-AWS-PKG-0286","最小参考资料库/fact-assertions.csv","assertion_id","ASRT-M2W2-AWS-INF2-NCV2-COUNT-A04-1","M2-W2-AWS-PACKAGE-FACTS-REMEDIATED","append_then_promote_review_status","absent","draft","reviewed","true","extraction_status=source_checked","true","","pending_independent_review","pending","pending_after_final_freeze","DEC-025 candidate generated from the actual nonempty structured rows in the remediated package."
"LCM-M2W2-AWS-PKG-0287","最小参考资料库/fact-assertions.csv","assertion_id","ASRT-M2W2-AWS-INF2-NCV2-COUNT-A05-2","M2-W2-AWS-PACKAGE-FACTS-REMEDIATED","append_then_promote_review_status","absent","draft","reviewed","true","extraction_status=source_checked","true","","pending_independent_review","pending","pending_after_final_freeze","DEC-025 candidate generated from the actual nonempty structured rows in the remediated package."
"LCM-M2W2-AWS-PKG-0288","最小参考资料库/fact-assertions.csv","assertion_id","ASRT-M2W2-AWS-INF2-CHIP-INT8-PEAK-A04-1","M2-W2-AWS-PACKAGE-FACTS-REMEDIATED","append_then_promote_review_status","absent","draft","reviewed","true","extraction_status=source_checked","true","","pending_independent_review","pending","pending_after_final_freeze","DEC-025 candidate generated from the actual nonempty structured rows in the remediated package."
"LCM-M2W2-AWS-PKG-0289","最小参考资料库/fact-assertions.csv","assertion_id","ASRT-M2W2-AWS-INF2-CHIP-MIXED-PEAK-A04-1","M2-W2-AWS-PACKAGE-FACTS-REMEDIATED","append_then_promote_review_status","absent","draft","reviewed","true","extraction_status=source_checked","true","","pending_independent_review","pending","pending_after_final_freeze","DEC-025 candidate generated from the actual nonempty structured rows in the remediated package."
"LCM-M2W2-AWS-PKG-0290","最小参考资料库/fact-assertions.csv","assertion_id","ASRT-M2W2-AWS-INF2-CHIP-FP32-PEAK-A04-1","M2-W2-AWS-PACKAGE-FACTS-REMEDIATED","append_then_promote_review_status","absent","draft","reviewed","true","extraction_status=source_checked","true","","pending_independent_review","pending","pending_after_final_freeze","DEC-025 candidate generated from the actual nonempty structured rows in the remediated package."
"LCM-M2W2-AWS-PKG-0291","最小参考资料库/fact-assertions.csv","assertion_id","ASRT-M2W2-AWS-INF2-HBM-CAPACITY-A04-1","M2-W2-AWS-PACKAGE-FACTS-REMEDIATED","append_then_promote_review_status","absent","draft","reviewed","true","extraction_status=source_checked","true","","pending_independent_review","pending","pending_after_final_freeze","DEC-025 candidate generated from the actual nonempty structured rows in the remediated package."
"LCM-M2W2-AWS-PKG-0292","最小参考资料库/fact-assertions.csv","assertion_id","ASRT-M2W2-AWS-INF2-HBM-CAPACITY-A05-2","M2-W2-AWS-PACKAGE-FACTS-REMEDIATED","append_then_promote_review_status","absent","draft","reviewed","true","extraction_status=source_checked","true","","pending_independent_review","pending","pending_after_final_freeze","DEC-025 candidate generated from the actual nonempty structured rows in the remediated package."
"LCM-M2W2-AWS-PKG-0293","最小参考资料库/fact-assertions.csv","assertion_id","ASRT-M2W2-AWS-INF2-HBM-BW-GIB-A04-1","M2-W2-AWS-PACKAGE-FACTS-REMEDIATED","append_without_review_promotion","absent","needs_resolution","needs_resolution","false","extraction_status=source_checked","true","未决冲突链不进入本次 reviewed 晋级；正式追加时保持 needs_resolution，且不改变 resolution/evidence 等语义状态。","pending_independent_review","pending","pending_after_final_freeze","DEC-025 candidate generated from the actual nonempty structured rows in the remediated package."
"LCM-M2W2-AWS-PKG-0294","最小参考资料库/fact-assertions.csv","assertion_id","ASRT-M2W2-AWS-INF2-HBM-BW-GB-A05-1","M2-W2-AWS-PACKAGE-FACTS-REMEDIATED","append_without_review_promotion","absent","needs_resolution","needs_resolution","false","extraction_status=source_checked","true","未决冲突链不进入本次 reviewed 晋级；正式追加时保持 needs_resolution，且不改变 resolution/evidence 等语义状态。","pending_independent_review","pending","pending_after_final_freeze","DEC-025 candidate generated from the actual nonempty structured rows in the remediated package."
"LCM-M2W2-AWS-PKG-0295","最小参考资料库/fact-assertions.csv","assertion_id","ASRT-M2W2-AWS-INF2-DMA-BW-A04-1","M2-W2-AWS-PACKAGE-FACTS-REMEDIATED","append_then_promote_review_status","absent","draft","reviewed","true","extraction_status=source_checked","true","","pending_independent_review","pending","pending_after_final_freeze","DEC-025 candidate generated from the actual nonempty structured rows in the remediated package."
"LCM-M2W2-AWS-PKG-0296","最小参考资料库/fact-assertions.csv","assertion_id","ASRT-M2W2-AWS-INF2-DMA-COUNT-A05-1","M2-W2-AWS-PACKAGE-FACTS-REMEDIATED","append_then_promote_review_status","absent","draft","reviewed","true","extraction_status=source_checked","true","","pending_independent_review","pending","pending_after_final_freeze","DEC-025 candidate generated from the actual nonempty structured rows in the remediated package."
"LCM-M2W2-AWS-PKG-0297","最小参考资料库/fact-assertions.csv","assertion_id","ASRT-M2W2-AWS-INF2-CC-COUNT-A05-1","M2-W2-AWS-PACKAGE-FACTS-REMEDIATED","append_then_promote_review_status","absent","draft","reviewed","true","extraction_status=source_checked","true","","pending_independent_review","pending","pending_after_final_freeze","DEC-025 candidate generated from the actual nonempty structured rows in the remediated package."
"LCM-M2W2-AWS-PKG-0298","最小参考资料库/fact-assertions.csv","assertion_id","ASRT-M2W2-AWS-INF2-NEURONLINK-COUNT-A05-1","M2-W2-AWS-PACKAGE-FACTS-REMEDIATED","append_then_promote_review_status","absent","draft","reviewed","true","extraction_status=source_checked","true","","pending_independent_review","pending","pending_after_final_freeze","DEC-025 candidate generated from the actual nonempty structured rows in the remediated package."
"LCM-M2W2-AWS-PKG-0299","最小参考资料库/fact-assertions.csv","assertion_id","ASRT-M2W2-AWS-TRN3-NCV4-COUNT-A06-1","M2-W2-AWS-PACKAGE-FACTS-REMEDIATED","append_then_promote_review_status","absent","draft","reviewed","true","extraction_status=source_checked","true","","pending_independent_review","pending","pending_after_final_freeze","DEC-025 candidate generated from the actual nonempty structured rows in the remediated package."
"LCM-M2W2-AWS-PKG-0300","最小参考资料库/fact-assertions.csv","assertion_id","ASRT-M2W2-AWS-TRN3-NCV4-COUNT-A07-2","M2-W2-AWS-PACKAGE-FACTS-REMEDIATED","append_then_promote_review_status","absent","draft","reviewed","true","extraction_status=source_checked","true","","pending_independent_review","pending","pending_after_final_freeze","DEC-025 candidate generated from the actual nonempty structured rows in the remediated package."
"LCM-M2W2-AWS-PKG-0301","最小参考资料库/fact-assertions.csv","assertion_id","ASRT-M2W2-AWS-TRN3-CHIP-MX-PEAK-A06-1","M2-W2-AWS-PACKAGE-FACTS-REMEDIATED","append_then_promote_review_status","absent","draft","reviewed","true","extraction_status=source_checked","true","","pending_independent_review","pending","pending_after_final_freeze","DEC-025 candidate generated from the actual nonempty structured rows in the remediated package."
"LCM-M2W2-AWS-PKG-0302","最小参考资料库/fact-assertions.csv","assertion_id","ASRT-M2W2-AWS-TRN3-CHIP-MIXED-PEAK-A06-1","M2-W2-AWS-PACKAGE-FACTS-REMEDIATED","append_then_promote_review_status","absent","draft","reviewed","true","extraction_status=source_checked","true","","pending_independent_review","pending","pending_after_final_freeze","DEC-025 candidate generated from the actual nonempty structured rows in the remediated package."
"LCM-M2W2-AWS-PKG-0303","最小参考资料库/fact-assertions.csv","assertion_id","ASRT-M2W2-AWS-TRN3-CHIP-SPARSE-PEAK-A06-1","M2-W2-AWS-PACKAGE-FACTS-REMEDIATED","append_then_promote_review_status","absent","draft","reviewed","true","extraction_status=source_checked","true","","pending_independent_review","pending","pending_after_final_freeze","DEC-025 candidate generated from the actual nonempty structured rows in the remediated package."
"LCM-M2W2-AWS-PKG-0304","最小参考资料库/fact-assertions.csv","assertion_id","ASRT-M2W2-AWS-TRN3-CHIP-FP32-PEAK-A06-1","M2-W2-AWS-PACKAGE-FACTS-REMEDIATED","append_then_promote_review_status","absent","draft","reviewed","true","extraction_status=source_checked","true","","pending_independent_review","pending","pending_after_final_freeze","DEC-025 candidate generated from the actual nonempty structured rows in the remediated package."
"LCM-M2W2-AWS-PKG-0305","最小参考资料库/fact-assertions.csv","assertion_id","ASRT-M2W2-AWS-TRN3-NCV4-TENSOR-MX-A07-1","M2-W2-AWS-PACKAGE-FACTS-REMEDIATED","append_then_promote_review_status","absent","draft","reviewed","true","extraction_status=source_checked","true","","pending_independent_review","pending","pending_after_final_freeze","DEC-025 candidate generated from the actual nonempty structured rows in the remediated package."
"LCM-M2W2-AWS-PKG-0306","最小参考资料库/fact-assertions.csv","assertion_id","ASRT-M2W2-AWS-TRN3-NCV4-TENSOR-MX-A10-2","M2-W2-AWS-PACKAGE-FACTS-REMEDIATED","append_then_promote_review_status","absent","draft","reviewed","true","extraction_status=source_checked","true","","pending_independent_review","pending","pending_after_final_freeze","DEC-025 candidate generated from the actual nonempty structured rows in the remediated package."
"LCM-M2W2-AWS-PKG-0307","最小参考资料库/fact-assertions.csv","assertion_id","ASRT-M2W2-AWS-TRN3-NCV4-TENSOR-MIXED-A07-1","M2-W2-AWS-PACKAGE-FACTS-REMEDIATED","append_then_promote_review_status","absent","draft","reviewed","true","extraction_status=source_checked","true","","pending_independent_review","pending","pending_after_final_freeze","DEC-025 candidate generated from the actual nonempty structured rows in the remediated package."
"LCM-M2W2-AWS-PKG-0308","最小参考资料库/fact-assertions.csv","assertion_id","ASRT-M2W2-AWS-TRN3-NCV4-TENSOR-MIXED-A10-2","M2-W2-AWS-PACKAGE-FACTS-REMEDIATED","append_then_promote_review_status","absent","draft","reviewed","true","extraction_status=source_checked","true","","pending_independent_review","pending","pending_after_final_freeze","DEC-025 candidate generated from the actual nonempty structured rows in the remediated package."
"LCM-M2W2-AWS-PKG-0309","最小参考资料库/fact-assertions.csv","assertion_id","ASRT-M2W2-AWS-TRN3-NCV4-TENSOR-FP32-A07-1","M2-W2-AWS-PACKAGE-FACTS-REMEDIATED","append_then_promote_review_status","absent","draft","reviewed","true","extraction_status=source_checked","true","","pending_independent_review","pending","pending_after_final_freeze","DEC-025 candidate generated from the actual nonempty structured rows in the remediated package."
"LCM-M2W2-AWS-PKG-0310","最小参考资料库/fact-assertions.csv","assertion_id","ASRT-M2W2-AWS-TRN3-NCV4-TENSOR-FP32-A10-2","M2-W2-AWS-PACKAGE-FACTS-REMEDIATED","append_then_promote_review_status","absent","draft","reviewed","true","extraction_status=source_checked","true","","pending_independent_review","pending","pending_after_final_freeze","DEC-025 candidate generated from the actual nonempty structured rows in the remediated package."
"LCM-M2W2-AWS-PKG-0311","最小参考资料库/fact-assertions.csv","assertion_id","ASRT-M2W2-AWS-TRN3-NCV4-VECTOR-FP32-A10-1","M2-W2-AWS-PACKAGE-FACTS-REMEDIATED","append_then_promote_review_status","absent","draft","reviewed","true","extraction_status=source_checked","true","","pending_independent_review","pending","pending_after_final_freeze","DEC-025 candidate generated from the actual nonempty structured rows in the remediated package."
"LCM-M2W2-AWS-PKG-0312","最小参考资料库/fact-assertions.csv","assertion_id","ASRT-M2W2-AWS-TRN3-NCV4-SCALAR-FP32-A10-1","M2-W2-AWS-PACKAGE-FACTS-REMEDIATED","append_then_promote_review_status","absent","draft","reviewed","true","extraction_status=source_checked","true","","pending_independent_review","pending","pending_after_final_freeze","DEC-025 candidate generated from the actual nonempty structured rows in the remediated package."
"LCM-M2W2-AWS-PKG-0313","最小参考资料库/fact-assertions.csv","assertion_id","ASRT-M2W2-AWS-TRN3-NCV4-TENSOR-CLOCK-A07-1","M2-W2-AWS-PACKAGE-FACTS-REMEDIATED","append_then_promote_review_status","absent","draft","reviewed","true","extraction_status=source_checked","true","","pending_independent_review","pending","pending_after_final_freeze","DEC-025 candidate generated from the actual nonempty structured rows in the remediated package."
"LCM-M2W2-AWS-PKG-0314","最小参考资料库/fact-assertions.csv","assertion_id","ASRT-M2W2-AWS-TRN3-SBUF-CAPACITY-A07-1","M2-W2-AWS-PACKAGE-FACTS-REMEDIATED","append_then_promote_review_status","absent","draft","reviewed","true","extraction_status=source_checked","true","","pending_independent_review","pending","pending_after_final_freeze","DEC-025 candidate generated from the actual nonempty structured rows in the remediated package."
"LCM-M2W2-AWS-PKG-0315","最小参考资料库/fact-assertions.csv","assertion_id","ASRT-M2W2-AWS-TRN3-PSUM-CAPACITY-A07-1","M2-W2-AWS-PACKAGE-FACTS-REMEDIATED","append_then_promote_review_status","absent","draft","reviewed","true","extraction_status=source_checked","true","","pending_independent_review","pending","pending_after_final_freeze","DEC-025 candidate generated from the actual nonempty structured rows in the remediated package."
"LCM-M2W2-AWS-PKG-0316","最小参考资料库/fact-assertions.csv","assertion_id","ASRT-M2W2-AWS-TRN3-HBM-CAPACITY-GIB-A06-1","M2-W2-AWS-PACKAGE-FACTS-REMEDIATED","append_without_review_promotion","absent","needs_resolution","needs_resolution","false","extraction_status=source_checked","true","未决冲突链不进入本次 reviewed 晋级；正式追加时保持 needs_resolution，且不改变 resolution/evidence 等语义状态。","pending_independent_review","pending","pending_after_final_freeze","DEC-025 candidate generated from the actual nonempty structured rows in the remediated package."
"LCM-M2W2-AWS-PKG-0317","最小参考资料库/fact-assertions.csv","assertion_id","ASRT-M2W2-AWS-TRN3-HBM-CAPACITY-GIB-A07-2","M2-W2-AWS-PACKAGE-FACTS-REMEDIATED","append_without_review_promotion","absent","needs_resolution","needs_resolution","false","extraction_status=source_checked","true","未决冲突链不进入本次 reviewed 晋级；正式追加时保持 needs_resolution，且不改变 resolution/evidence 等语义状态。","pending_independent_review","pending","pending_after_final_freeze","DEC-025 candidate generated from the actual nonempty structured rows in the remediated package."
"LCM-M2W2-AWS-PKG-0318","最小参考资料库/fact-assertions.csv","assertion_id","ASRT-M2W2-AWS-TRN3-HBM-CAPACITY-GB-A08-1","M2-W2-AWS-PACKAGE-FACTS-REMEDIATED","append_without_review_promotion","absent","needs_resolution","needs_resolution","false","extraction_status=source_checked","true","未决冲突链不进入本次 reviewed 晋级；正式追加时保持 needs_resolution，且不改变 resolution/evidence 等语义状态。","pending_independent_review","pending","pending_after_final_freeze","DEC-025 candidate generated from the actual nonempty structured rows in the remediated package."
"LCM-M2W2-AWS-PKG-0319","最小参考资料库/fact-assertions.csv","assertion_id","ASRT-M2W2-AWS-TRN3-HBM-BW-49-A06-1","M2-W2-AWS-PACKAGE-FACTS-REMEDIATED","append_without_review_promotion","absent","needs_resolution","needs_resolution","false","extraction_status=source_checked","true","未决冲突链不进入本次 reviewed 晋级；正式追加时保持 needs_resolution，且不改变 resolution/evidence 等语义状态。","pending_independent_review","pending","pending_after_final_freeze","DEC-025 candidate generated from the actual nonempty structured rows in the remediated package."
"LCM-M2W2-AWS-PKG-0320","最小参考资料库/fact-assertions.csv","assertion_id","ASRT-M2W2-AWS-TRN3-HBM-BW-49-A08-2","M2-W2-AWS-PACKAGE-FACTS-REMEDIATED","append_without_review_promotion","absent","needs_resolution","needs_resolution","false","extraction_status=source_checked","true","未决冲突链不进入本次 reviewed 晋级；正式追加时保持 needs_resolution，且不改变 resolution/evidence 等语义状态。","pending_independent_review","pending","pending_after_final_freeze","DEC-025 candidate generated from the actual nonempty structured rows in the remediated package."
"LCM-M2W2-AWS-PKG-0321","最小参考资料库/fact-assertions.csv","assertion_id","ASRT-M2W2-AWS-TRN3-HBM-BW-47-A07-1","M2-W2-AWS-PACKAGE-FACTS-REMEDIATED","append_without_review_promotion","absent","needs_resolution","needs_resolution","false","extraction_status=source_checked","true","未决冲突链不进入本次 reviewed 晋级；正式追加时保持 needs_resolution，且不改变 resolution/evidence 等语义状态。","pending_independent_review","pending","pending_after_final_freeze","DEC-025 candidate generated from the actual nonempty structured rows in the remediated package."
"LCM-M2W2-AWS-PKG-0322","最小参考资料库/fact-assertions.csv","assertion_id","ASRT-M2W2-AWS-TRN3-HBM-STACKS-A07-1","M2-W2-AWS-PACKAGE-FACTS-REMEDIATED","append_then_promote_review_status","absent","draft","reviewed","true","extraction_status=source_checked","true","","pending_independent_review","pending","pending_after_final_freeze","DEC-025 candidate generated from the actual nonempty structured rows in the remediated package."
"LCM-M2W2-AWS-PKG-0323","最小参考资料库/fact-assertions.csv","assertion_id","ASRT-M2W2-AWS-TRN3-DMA-COUNT-A07-1","M2-W2-AWS-PACKAGE-FACTS-REMEDIATED","append_then_promote_review_status","absent","draft","reviewed","true","extraction_status=source_checked","true","","pending_independent_review","pending","pending_after_final_freeze","DEC-025 candidate generated from the actual nonempty structured rows in the remediated package."
"LCM-M2W2-AWS-PKG-0324","最小参考资料库/fact-assertions.csv","assertion_id","ASRT-M2W2-AWS-TRN3-DMA-BW-A06-1","M2-W2-AWS-PACKAGE-FACTS-REMEDIATED","append_then_promote_review_status","absent","draft","reviewed","true","extraction_status=source_checked","true","","pending_independent_review","pending","pending_after_final_freeze","DEC-025 candidate generated from the actual nonempty structured rows in the remediated package."
"LCM-M2W2-AWS-PKG-0325","最小参考资料库/fact-assertions.csv","assertion_id","ASRT-M2W2-AWS-TRN3-CC-COUNT-16-A06-1","M2-W2-AWS-PACKAGE-FACTS-REMEDIATED","append_without_review_promotion","absent","needs_resolution","needs_resolution","false","extraction_status=source_checked","true","未决冲突链不进入本次 reviewed 晋级；正式追加时保持 needs_resolution，且不改变 resolution/evidence 等语义状态。","pending_independent_review","pending","pending_after_final_freeze","DEC-025 candidate generated from the actual nonempty structured rows in the remediated package."
"LCM-M2W2-AWS-PKG-0326","最小参考资料库/fact-assertions.csv","assertion_id","ASRT-M2W2-AWS-TRN3-CC-COUNT-20-A07-1","M2-W2-AWS-PACKAGE-FACTS-REMEDIATED","append_without_review_promotion","absent","needs_resolution","needs_resolution","false","extraction_status=source_checked","true","未决冲突链不进入本次 reviewed 晋级；正式追加时保持 needs_resolution，且不改变 resolution/evidence 等语义状态。","pending_independent_review","pending","pending_after_final_freeze","DEC-025 candidate generated from the actual nonempty structured rows in the remediated package."
"LCM-M2W2-AWS-PKG-0327","最小参考资料库/fact-assertions.csv","assertion_id","ASRT-M2W2-AWS-TRN3-NEURONLINK-COUNT-A07-1","M2-W2-AWS-PACKAGE-FACTS-REMEDIATED","append_then_promote_review_status","absent","draft","reviewed","true","extraction_status=source_checked","true","","pending_independent_review","pending","pending_after_final_freeze","DEC-025 candidate generated from the actual nonempty structured rows in the remediated package."
"LCM-M2W2-AWS-PKG-0328","最小参考资料库/fact-assertions.csv","assertion_id","ASRT-M2W2-AWS-TRN3-NEURONLINK-BW-A06-1","M2-W2-AWS-PACKAGE-FACTS-REMEDIATED","append_then_promote_review_status","absent","draft","reviewed","true","extraction_status=source_checked","true","","pending_independent_review","pending","pending_after_final_freeze","DEC-025 candidate generated from the actual nonempty structured rows in the remediated package."
"LCM-M2W2-AWS-PKG-0329","最小参考资料库/fact-assertions.csv","assertion_id","ASRT-M2W2-AWS-TRN3-PROCESS-A08-1","M2-W2-AWS-PACKAGE-FACTS-REMEDIATED","append_then_promote_review_status","absent","draft","reviewed","true","extraction_status=source_checked","true","","pending_independent_review","pending","pending_after_final_freeze","DEC-025 candidate generated from the actual nonempty structured rows in the remediated package."
"LCM-M2W2-AWS-PKG-0330","最小参考资料库/fact-assertions.csv","assertion_id","ASRT-M2W2-AWS-TRN3-HBM-TYPE-A08-1","M2-W2-AWS-PACKAGE-FACTS-REMEDIATED","append_then_promote_review_status","absent","draft","reviewed","true","extraction_status=source_checked","true","","pending_independent_review","pending","pending_after_final_freeze","DEC-025 candidate generated from the actual nonempty structured rows in the remediated package."
"LCM-M2W2-AWS-PKG-0331","最小参考资料库/fact-assertions.csv","assertion_id","ASRT-M2W2-AWS-TRN3-NCV4-VECTOR-FP32-A07-1","M2-W2-AWS-PACKAGE-FACTS-REMEDIATED","append_then_promote_review_status","absent","draft","reviewed","true","extraction_status=source_checked","true","","pending_independent_review","pending","pending_after_final_freeze","DEC-025 candidate generated from the actual nonempty structured rows in the remediated package."
"LCM-M2W2-AWS-PKG-0332","最小参考资料库/fact-assertions.csv","assertion_id","ASRT-M2W2-AWS-TRN3-NCV4-SCALAR-FP32-A07-1","M2-W2-AWS-PACKAGE-FACTS-REMEDIATED","append_then_promote_review_status","absent","draft","reviewed","true","extraction_status=source_checked","true","","pending_independent_review","pending","pending_after_final_freeze","DEC-025 candidate generated from the actual nonempty structured rows in the remediated package."
"LCM-M2W2-AWS-PKG-0333","最小参考资料库/fact-assertions.csv","assertion_id","ASRT-M2W2-AWS-TRN3-CHIP-FP8-GENERIC-A08-1","M2-W2-AWS-PACKAGE-FACTS-REMEDIATED","append_then_promote_review_status","absent","draft","reviewed","true","extraction_status=source_checked","true","","pending_independent_review","pending","pending_after_final_freeze","DEC-025 candidate generated from the actual nonempty structured rows in the remediated package."
"LCM-M2W2-AWS-PKG-0334","最小参考资料库/search-log.csv","search_id","SEARCH-M2W2-AWS-INF1-PACKAGE","M2-W2-AWS-PACKAGE-FACTS-REMEDIATED","append_then_promote_review_status","absent","draft","reviewed","true","result_status=no_reliable_result","true","","pending_independent_review","pending","pending_after_final_freeze","DEC-025 candidate generated from the actual nonempty structured rows in the remediated package."
"LCM-M2W2-AWS-PKG-0335","最小参考资料库/search-log.csv","search_id","SEARCH-M2W2-AWS-INF1-DIE-COUNT","M2-W2-AWS-PACKAGE-FACTS-REMEDIATED","append_then_promote_review_status","absent","draft","reviewed","true","result_status=no_reliable_result","true","","pending_independent_review","pending","pending_after_final_freeze","DEC-025 candidate generated from the actual nonempty structured rows in the remediated package."
"LCM-M2W2-AWS-PKG-0336","最小参考资料库/search-log.csv","search_id","SEARCH-M2W2-AWS-INF1-INTERPOSER","M2-W2-AWS-PACKAGE-FACTS-REMEDIATED","append_then_promote_review_status","absent","draft","reviewed","true","result_status=no_reliable_result","true","","pending_independent_review","pending","pending_after_final_freeze","DEC-025 candidate generated from the actual nonempty structured rows in the remediated package."
"LCM-M2W2-AWS-PKG-0337","最小参考资料库/search-log.csv","search_id","SEARCH-M2W2-AWS-INF1-DIE-AREA","M2-W2-AWS-PACKAGE-FACTS-REMEDIATED","append_then_promote_review_status","absent","draft","reviewed","true","result_status=no_reliable_result","true","","pending_independent_review","pending","pending_after_final_freeze","DEC-025 candidate generated from the actual nonempty structured rows in the remediated package."
"LCM-M2W2-AWS-PKG-0338","最小参考资料库/search-log.csv","search_id","SEARCH-M2W2-AWS-INF1-TRANSISTORS","M2-W2-AWS-PACKAGE-FACTS-REMEDIATED","append_then_promote_review_status","absent","draft","reviewed","true","result_status=no_reliable_result","true","","pending_independent_review","pending","pending_after_final_freeze","DEC-025 candidate generated from the actual nonempty structured rows in the remediated package."
"LCM-M2W2-AWS-PKG-0339","最小参考资料库/search-log.csv","search_id","SEARCH-M2W2-AWS-TRN1-PACKAGE","M2-W2-AWS-PACKAGE-FACTS-REMEDIATED","append_then_promote_review_status","absent","draft","reviewed","true","result_status=no_reliable_result","true","","pending_independent_review","pending","pending_after_final_freeze","DEC-025 candidate generated from the actual nonempty structured rows in the remediated package."
"LCM-M2W2-AWS-PKG-0340","最小参考资料库/search-log.csv","search_id","SEARCH-M2W2-AWS-TRN1-DIE-COUNT","M2-W2-AWS-PACKAGE-FACTS-REMEDIATED","append_then_promote_review_status","absent","draft","reviewed","true","result_status=no_reliable_result","true","","pending_independent_review","pending","pending_after_final_freeze","DEC-025 candidate generated from the actual nonempty structured rows in the remediated package."
"LCM-M2W2-AWS-PKG-0341","最小参考资料库/search-log.csv","search_id","SEARCH-M2W2-AWS-TRN1-INTERPOSER","M2-W2-AWS-PACKAGE-FACTS-REMEDIATED","append_then_promote_review_status","absent","draft","reviewed","true","result_status=no_reliable_result","true","","pending_independent_review","pending","pending_after_final_freeze","DEC-025 candidate generated from the actual nonempty structured rows in the remediated package."
"LCM-M2W2-AWS-PKG-0342","最小参考资料库/search-log.csv","search_id","SEARCH-M2W2-AWS-TRN1-DIE-AREA","M2-W2-AWS-PACKAGE-FACTS-REMEDIATED","append_then_promote_review_status","absent","draft","reviewed","true","result_status=no_reliable_result","true","","pending_independent_review","pending","pending_after_final_freeze","DEC-025 candidate generated from the actual nonempty structured rows in the remediated package."
"LCM-M2W2-AWS-PKG-0343","最小参考资料库/search-log.csv","search_id","SEARCH-M2W2-AWS-TRN1-TRANSISTORS","M2-W2-AWS-PACKAGE-FACTS-REMEDIATED","append_then_promote_review_status","absent","draft","reviewed","true","result_status=no_reliable_result","true","","pending_independent_review","pending","pending_after_final_freeze","DEC-025 candidate generated from the actual nonempty structured rows in the remediated package."
"LCM-M2W2-AWS-PKG-0344","最小参考资料库/search-log.csv","search_id","SEARCH-M2W2-AWS-INF2-PACKAGE","M2-W2-AWS-PACKAGE-FACTS-REMEDIATED","append_then_promote_review_status","absent","draft","reviewed","true","result_status=no_reliable_result","true","","pending_independent_review","pending","pending_after_final_freeze","DEC-025 candidate generated from the actual nonempty structured rows in the remediated package."
"LCM-M2W2-AWS-PKG-0345","最小参考资料库/search-log.csv","search_id","SEARCH-M2W2-AWS-INF2-DIE-COUNT","M2-W2-AWS-PACKAGE-FACTS-REMEDIATED","append_then_promote_review_status","absent","draft","reviewed","true","result_status=no_reliable_result","true","","pending_independent_review","pending","pending_after_final_freeze","DEC-025 candidate generated from the actual nonempty structured rows in the remediated package."
"LCM-M2W2-AWS-PKG-0346","最小参考资料库/search-log.csv","search_id","SEARCH-M2W2-AWS-INF2-INTERPOSER","M2-W2-AWS-PACKAGE-FACTS-REMEDIATED","append_then_promote_review_status","absent","draft","reviewed","true","result_status=no_reliable_result","true","","pending_independent_review","pending","pending_after_final_freeze","DEC-025 candidate generated from the actual nonempty structured rows in the remediated package."
"LCM-M2W2-AWS-PKG-0347","最小参考资料库/search-log.csv","search_id","SEARCH-M2W2-AWS-INF2-DIE-AREA","M2-W2-AWS-PACKAGE-FACTS-REMEDIATED","append_then_promote_review_status","absent","draft","reviewed","true","result_status=no_reliable_result","true","","pending_independent_review","pending","pending_after_final_freeze","DEC-025 candidate generated from the actual nonempty structured rows in the remediated package."
"LCM-M2W2-AWS-PKG-0348","最小参考资料库/search-log.csv","search_id","SEARCH-M2W2-AWS-INF2-TRANSISTORS","M2-W2-AWS-PACKAGE-FACTS-REMEDIATED","append_then_promote_review_status","absent","draft","reviewed","true","result_status=no_reliable_result","true","","pending_independent_review","pending","pending_after_final_freeze","DEC-025 candidate generated from the actual nonempty structured rows in the remediated package."
"LCM-M2W2-AWS-PKG-0349","最小参考资料库/search-log.csv","search_id","SEARCH-M2W2-AWS-TRN3-PACKAGE","M2-W2-AWS-PACKAGE-FACTS-REMEDIATED","append_then_promote_review_status","absent","draft","reviewed","true","result_status=no_reliable_result","true","","pending_independent_review","pending","pending_after_final_freeze","DEC-025 candidate generated from the actual nonempty structured rows in the remediated package."
"LCM-M2W2-AWS-PKG-0350","最小参考资料库/search-log.csv","search_id","SEARCH-M2W2-AWS-TRN3-DIE-COUNT","M2-W2-AWS-PACKAGE-FACTS-REMEDIATED","append_then_promote_review_status","absent","draft","reviewed","true","result_status=no_reliable_result","true","","pending_independent_review","pending","pending_after_final_freeze","DEC-025 candidate generated from the actual nonempty structured rows in the remediated package."
"LCM-M2W2-AWS-PKG-0351","最小参考资料库/search-log.csv","search_id","SEARCH-M2W2-AWS-TRN3-INTERPOSER","M2-W2-AWS-PACKAGE-FACTS-REMEDIATED","append_then_promote_review_status","absent","draft","reviewed","true","result_status=no_reliable_result","true","","pending_independent_review","pending","pending_after_final_freeze","DEC-025 candidate generated from the actual nonempty structured rows in the remediated package."
"LCM-M2W2-AWS-PKG-0352","最小参考资料库/search-log.csv","search_id","SEARCH-M2W2-AWS-TRN3-DIE-AREA","M2-W2-AWS-PACKAGE-FACTS-REMEDIATED","append_then_promote_review_status","absent","draft","reviewed","true","result_status=no_reliable_result","true","","pending_independent_review","pending","pending_after_final_freeze","DEC-025 candidate generated from the actual nonempty structured rows in the remediated package."
"LCM-M2W2-AWS-PKG-0353","最小参考资料库/search-log.csv","search_id","SEARCH-M2W2-AWS-TRN3-TRANSISTORS","M2-W2-AWS-PACKAGE-FACTS-REMEDIATED","append_then_promote_review_status","absent","draft","reviewed","true","result_status=no_reliable_result","true","","pending_independent_review","pending","pending_after_final_freeze","DEC-025 candidate generated from the actual nonempty structured rows in the remediated package."
"LCM-M2W2-AWS-PKG-0354","最小参考资料库/search-results.csv","search_result_id","SEARCH-M2W2-AWS-INF1-PACKAGE-1","M2-W2-AWS-PACKAGE-FACTS-REMEDIATED","append_then_promote_review_status","absent","draft","reviewed","true","","true","","pending_independent_review","pending","pending_after_final_freeze","DEC-025 candidate generated from the actual nonempty structured rows in the remediated package."
"LCM-M2W2-AWS-PKG-0355","最小参考资料库/search-results.csv","search_result_id","SEARCH-M2W2-AWS-INF1-PACKAGE-2","M2-W2-AWS-PACKAGE-FACTS-REMEDIATED","append_then_promote_review_status","absent","draft","reviewed","true","","true","","pending_independent_review","pending","pending_after_final_freeze","DEC-025 candidate generated from the actual nonempty structured rows in the remediated package."
"LCM-M2W2-AWS-PKG-0356","最小参考资料库/search-results.csv","search_result_id","SEARCH-M2W2-AWS-INF1-DIE-COUNT-1","M2-W2-AWS-PACKAGE-FACTS-REMEDIATED","append_then_promote_review_status","absent","draft","reviewed","true","","true","","pending_independent_review","pending","pending_after_final_freeze","DEC-025 candidate generated from the actual nonempty structured rows in the remediated package."
"LCM-M2W2-AWS-PKG-0357","最小参考资料库/search-results.csv","search_result_id","SEARCH-M2W2-AWS-INF1-DIE-COUNT-2","M2-W2-AWS-PACKAGE-FACTS-REMEDIATED","append_then_promote_review_status","absent","draft","reviewed","true","","true","","pending_independent_review","pending","pending_after_final_freeze","DEC-025 candidate generated from the actual nonempty structured rows in the remediated package."
"LCM-M2W2-AWS-PKG-0358","最小参考资料库/search-results.csv","search_result_id","SEARCH-M2W2-AWS-INF1-INTERPOSER-1","M2-W2-AWS-PACKAGE-FACTS-REMEDIATED","append_then_promote_review_status","absent","draft","reviewed","true","","true","","pending_independent_review","pending","pending_after_final_freeze","DEC-025 candidate generated from the actual nonempty structured rows in the remediated package."
"LCM-M2W2-AWS-PKG-0359","最小参考资料库/search-results.csv","search_result_id","SEARCH-M2W2-AWS-INF1-INTERPOSER-2","M2-W2-AWS-PACKAGE-FACTS-REMEDIATED","append_then_promote_review_status","absent","draft","reviewed","true","","true","","pending_independent_review","pending","pending_after_final_freeze","DEC-025 candidate generated from the actual nonempty structured rows in the remediated package."
"LCM-M2W2-AWS-PKG-0360","最小参考资料库/search-results.csv","search_result_id","SEARCH-M2W2-AWS-INF1-DIE-AREA-1","M2-W2-AWS-PACKAGE-FACTS-REMEDIATED","append_then_promote_review_status","absent","draft","reviewed","true","","true","","pending_independent_review","pending","pending_after_final_freeze","DEC-025 candidate generated from the actual nonempty structured rows in the remediated package."
"LCM-M2W2-AWS-PKG-0361","最小参考资料库/search-results.csv","search_result_id","SEARCH-M2W2-AWS-INF1-DIE-AREA-2","M2-W2-AWS-PACKAGE-FACTS-REMEDIATED","append_then_promote_review_status","absent","draft","reviewed","true","","true","","pending_independent_review","pending","pending_after_final_freeze","DEC-025 candidate generated from the actual nonempty structured rows in the remediated package."
"LCM-M2W2-AWS-PKG-0362","最小参考资料库/search-results.csv","search_result_id","SEARCH-M2W2-AWS-INF1-TRANSISTORS-1","M2-W2-AWS-PACKAGE-FACTS-REMEDIATED","append_then_promote_review_status","absent","draft","reviewed","true","","true","","pending_independent_review","pending","pending_after_final_freeze","DEC-025 candidate generated from the actual nonempty structured rows in the remediated package."
"LCM-M2W2-AWS-PKG-0363","最小参考资料库/search-results.csv","search_result_id","SEARCH-M2W2-AWS-INF1-TRANSISTORS-2","M2-W2-AWS-PACKAGE-FACTS-REMEDIATED","append_then_promote_review_status","absent","draft","reviewed","true","","true","","pending_independent_review","pending","pending_after_final_freeze","DEC-025 candidate generated from the actual nonempty structured rows in the remediated package."
"LCM-M2W2-AWS-PKG-0364","最小参考资料库/search-results.csv","search_result_id","SEARCH-M2W2-AWS-TRN1-PACKAGE-1","M2-W2-AWS-PACKAGE-FACTS-REMEDIATED","append_then_promote_review_status","absent","draft","reviewed","true","","true","","pending_independent_review","pending","pending_after_final_freeze","DEC-025 candidate generated from the actual nonempty structured rows in the remediated package."
"LCM-M2W2-AWS-PKG-0365","最小参考资料库/search-results.csv","search_result_id","SEARCH-M2W2-AWS-TRN1-PACKAGE-2","M2-W2-AWS-PACKAGE-FACTS-REMEDIATED","append_then_promote_review_status","absent","draft","reviewed","true","","true","","pending_independent_review","pending","pending_after_final_freeze","DEC-025 candidate generated from the actual nonempty structured rows in the remediated package."
"LCM-M2W2-AWS-PKG-0366","最小参考资料库/search-results.csv","search_result_id","SEARCH-M2W2-AWS-TRN1-DIE-COUNT-1","M2-W2-AWS-PACKAGE-FACTS-REMEDIATED","append_then_promote_review_status","absent","draft","reviewed","true","","true","","pending_independent_review","pending","pending_after_final_freeze","DEC-025 candidate generated from the actual nonempty structured rows in the remediated package."
"LCM-M2W2-AWS-PKG-0367","最小参考资料库/search-results.csv","search_result_id","SEARCH-M2W2-AWS-TRN1-DIE-COUNT-2","M2-W2-AWS-PACKAGE-FACTS-REMEDIATED","append_then_promote_review_status","absent","draft","reviewed","true","","true","","pending_independent_review","pending","pending_after_final_freeze","DEC-025 candidate generated from the actual nonempty structured rows in the remediated package."
"LCM-M2W2-AWS-PKG-0368","最小参考资料库/search-results.csv","search_result_id","SEARCH-M2W2-AWS-TRN1-INTERPOSER-1","M2-W2-AWS-PACKAGE-FACTS-REMEDIATED","append_then_promote_review_status","absent","draft","reviewed","true","","true","","pending_independent_review","pending","pending_after_final_freeze","DEC-025 candidate generated from the actual nonempty structured rows in the remediated package."
"LCM-M2W2-AWS-PKG-0369","最小参考资料库/search-results.csv","search_result_id","SEARCH-M2W2-AWS-TRN1-INTERPOSER-2","M2-W2-AWS-PACKAGE-FACTS-REMEDIATED","append_then_promote_review_status","absent","draft","reviewed","true","","true","","pending_independent_review","pending","pending_after_final_freeze","DEC-025 candidate generated from the actual nonempty structured rows in the remediated package."
"LCM-M2W2-AWS-PKG-0370","最小参考资料库/search-results.csv","search_result_id","SEARCH-M2W2-AWS-TRN1-DIE-AREA-1","M2-W2-AWS-PACKAGE-FACTS-REMEDIATED","append_then_promote_review_status","absent","draft","reviewed","true","","true","","pending_independent_review","pending","pending_after_final_freeze","DEC-025 candidate generated from the actual nonempty structured rows in the remediated package."
"LCM-M2W2-AWS-PKG-0371","最小参考资料库/search-results.csv","search_result_id","SEARCH-M2W2-AWS-TRN1-DIE-AREA-2","M2-W2-AWS-PACKAGE-FACTS-REMEDIATED","append_then_promote_review_status","absent","draft","reviewed","true","","true","","pending_independent_review","pending","pending_after_final_freeze","DEC-025 candidate generated from the actual nonempty structured rows in the remediated package."
"LCM-M2W2-AWS-PKG-0372","最小参考资料库/search-results.csv","search_result_id","SEARCH-M2W2-AWS-TRN1-TRANSISTORS-1","M2-W2-AWS-PACKAGE-FACTS-REMEDIATED","append_then_promote_review_status","absent","draft","reviewed","true","","true","","pending_independent_review","pending","pending_after_final_freeze","DEC-025 candidate generated from the actual nonempty structured rows in the remediated package."
"LCM-M2W2-AWS-PKG-0373","最小参考资料库/search-results.csv","search_result_id","SEARCH-M2W2-AWS-TRN1-TRANSISTORS-2","M2-W2-AWS-PACKAGE-FACTS-REMEDIATED","append_then_promote_review_status","absent","draft","reviewed","true","","true","","pending_independent_review","pending","pending_after_final_freeze","DEC-025 candidate generated from the actual nonempty structured rows in the remediated package."
"LCM-M2W2-AWS-PKG-0374","最小参考资料库/search-results.csv","search_result_id","SEARCH-M2W2-AWS-INF2-PACKAGE-1","M2-W2-AWS-PACKAGE-FACTS-REMEDIATED","append_then_promote_review_status","absent","draft","reviewed","true","","true","","pending_independent_review","pending","pending_after_final_freeze","DEC-025 candidate generated from the actual nonempty structured rows in the remediated package."
"LCM-M2W2-AWS-PKG-0375","最小参考资料库/search-results.csv","search_result_id","SEARCH-M2W2-AWS-INF2-PACKAGE-2","M2-W2-AWS-PACKAGE-FACTS-REMEDIATED","append_then_promote_review_status","absent","draft","reviewed","true","","true","","pending_independent_review","pending","pending_after_final_freeze","DEC-025 candidate generated from the actual nonempty structured rows in the remediated package."
"LCM-M2W2-AWS-PKG-0376","最小参考资料库/search-results.csv","search_result_id","SEARCH-M2W2-AWS-INF2-DIE-COUNT-1","M2-W2-AWS-PACKAGE-FACTS-REMEDIATED","append_then_promote_review_status","absent","draft","reviewed","true","","true","","pending_independent_review","pending","pending_after_final_freeze","DEC-025 candidate generated from the actual nonempty structured rows in the remediated package."
"LCM-M2W2-AWS-PKG-0377","最小参考资料库/search-results.csv","search_result_id","SEARCH-M2W2-AWS-INF2-DIE-COUNT-2","M2-W2-AWS-PACKAGE-FACTS-REMEDIATED","append_then_promote_review_status","absent","draft","reviewed","true","","true","","pending_independent_review","pending","pending_after_final_freeze","DEC-025 candidate generated from the actual nonempty structured rows in the remediated package."
"LCM-M2W2-AWS-PKG-0378","最小参考资料库/search-results.csv","search_result_id","SEARCH-M2W2-AWS-INF2-INTERPOSER-1","M2-W2-AWS-PACKAGE-FACTS-REMEDIATED","append_then_promote_review_status","absent","draft","reviewed","true","","true","","pending_independent_review","pending","pending_after_final_freeze","DEC-025 candidate generated from the actual nonempty structured rows in the remediated package."
"LCM-M2W2-AWS-PKG-0379","最小参考资料库/search-results.csv","search_result_id","SEARCH-M2W2-AWS-INF2-INTERPOSER-2","M2-W2-AWS-PACKAGE-FACTS-REMEDIATED","append_then_promote_review_status","absent","draft","reviewed","true","","true","","pending_independent_review","pending","pending_after_final_freeze","DEC-025 candidate generated from the actual nonempty structured rows in the remediated package."
"LCM-M2W2-AWS-PKG-0380","最小参考资料库/search-results.csv","search_result_id","SEARCH-M2W2-AWS-INF2-DIE-AREA-1","M2-W2-AWS-PACKAGE-FACTS-REMEDIATED","append_then_promote_review_status","absent","draft","reviewed","true","","true","","pending_independent_review","pending","pending_after_final_freeze","DEC-025 candidate generated from the actual nonempty structured rows in the remediated package."
"LCM-M2W2-AWS-PKG-0381","最小参考资料库/search-results.csv","search_result_id","SEARCH-M2W2-AWS-INF2-DIE-AREA-2","M2-W2-AWS-PACKAGE-FACTS-REMEDIATED","append_then_promote_review_status","absent","draft","reviewed","true","","true","","pending_independent_review","pending","pending_after_final_freeze","DEC-025 candidate generated from the actual nonempty structured rows in the remediated package."
"LCM-M2W2-AWS-PKG-0382","最小参考资料库/search-results.csv","search_result_id","SEARCH-M2W2-AWS-INF2-TRANSISTORS-1","M2-W2-AWS-PACKAGE-FACTS-REMEDIATED","append_then_promote_review_status","absent","draft","reviewed","true","","true","","pending_independent_review","pending","pending_after_final_freeze","DEC-025 candidate generated from the actual nonempty structured rows in the remediated package."
"LCM-M2W2-AWS-PKG-0383","最小参考资料库/search-results.csv","search_result_id","SEARCH-M2W2-AWS-INF2-TRANSISTORS-2","M2-W2-AWS-PACKAGE-FACTS-REMEDIATED","append_then_promote_review_status","absent","draft","reviewed","true","","true","","pending_independent_review","pending","pending_after_final_freeze","DEC-025 candidate generated from the actual nonempty structured rows in the remediated package."
"LCM-M2W2-AWS-PKG-0384","最小参考资料库/search-results.csv","search_result_id","SEARCH-M2W2-AWS-TRN3-PACKAGE-1","M2-W2-AWS-PACKAGE-FACTS-REMEDIATED","append_then_promote_review_status","absent","draft","reviewed","true","","true","","pending_independent_review","pending","pending_after_final_freeze","DEC-025 candidate generated from the actual nonempty structured rows in the remediated package."
"LCM-M2W2-AWS-PKG-0385","最小参考资料库/search-results.csv","search_result_id","SEARCH-M2W2-AWS-TRN3-PACKAGE-2","M2-W2-AWS-PACKAGE-FACTS-REMEDIATED","append_then_promote_review_status","absent","draft","reviewed","true","","true","","pending_independent_review","pending","pending_after_final_freeze","DEC-025 candidate generated from the actual nonempty structured rows in the remediated package."
"LCM-M2W2-AWS-PKG-0386","最小参考资料库/search-results.csv","search_result_id","SEARCH-M2W2-AWS-TRN3-PACKAGE-3","M2-W2-AWS-PACKAGE-FACTS-REMEDIATED","append_then_promote_review_status","absent","draft","reviewed","true","","true","","pending_independent_review","pending","pending_after_final_freeze","DEC-025 candidate generated from the actual nonempty structured rows in the remediated package."
"LCM-M2W2-AWS-PKG-0387","最小参考资料库/search-results.csv","search_result_id","SEARCH-M2W2-AWS-TRN3-PACKAGE-4","M2-W2-AWS-PACKAGE-FACTS-REMEDIATED","append_then_promote_review_status","absent","draft","reviewed","true","","true","","pending_independent_review","pending","pending_after_final_freeze","DEC-025 candidate generated from the actual nonempty structured rows in the remediated package."
"LCM-M2W2-AWS-PKG-0388","最小参考资料库/search-results.csv","search_result_id","SEARCH-M2W2-AWS-TRN3-DIE-COUNT-1","M2-W2-AWS-PACKAGE-FACTS-REMEDIATED","append_then_promote_review_status","absent","draft","reviewed","true","","true","","pending_independent_review","pending","pending_after_final_freeze","DEC-025 candidate generated from the actual nonempty structured rows in the remediated package."
"LCM-M2W2-AWS-PKG-0389","最小参考资料库/search-results.csv","search_result_id","SEARCH-M2W2-AWS-TRN3-DIE-COUNT-2","M2-W2-AWS-PACKAGE-FACTS-REMEDIATED","append_then_promote_review_status","absent","draft","reviewed","true","","true","","pending_independent_review","pending","pending_after_final_freeze","DEC-025 candidate generated from the actual nonempty structured rows in the remediated package."
"LCM-M2W2-AWS-PKG-0390","最小参考资料库/search-results.csv","search_result_id","SEARCH-M2W2-AWS-TRN3-DIE-COUNT-3","M2-W2-AWS-PACKAGE-FACTS-REMEDIATED","append_then_promote_review_status","absent","draft","reviewed","true","","true","","pending_independent_review","pending","pending_after_final_freeze","DEC-025 candidate generated from the actual nonempty structured rows in the remediated package."
"LCM-M2W2-AWS-PKG-0391","最小参考资料库/search-results.csv","search_result_id","SEARCH-M2W2-AWS-TRN3-DIE-COUNT-4","M2-W2-AWS-PACKAGE-FACTS-REMEDIATED","append_then_promote_review_status","absent","draft","reviewed","true","","true","","pending_independent_review","pending","pending_after_final_freeze","DEC-025 candidate generated from the actual nonempty structured rows in the remediated package."
"LCM-M2W2-AWS-PKG-0392","最小参考资料库/search-results.csv","search_result_id","SEARCH-M2W2-AWS-TRN3-INTERPOSER-1","M2-W2-AWS-PACKAGE-FACTS-REMEDIATED","append_then_promote_review_status","absent","draft","reviewed","true","","true","","pending_independent_review","pending","pending_after_final_freeze","DEC-025 candidate generated from the actual nonempty structured rows in the remediated package."
"LCM-M2W2-AWS-PKG-0393","最小参考资料库/search-results.csv","search_result_id","SEARCH-M2W2-AWS-TRN3-INTERPOSER-2","M2-W2-AWS-PACKAGE-FACTS-REMEDIATED","append_then_promote_review_status","absent","draft","reviewed","true","","true","","pending_independent_review","pending","pending_after_final_freeze","DEC-025 candidate generated from the actual nonempty structured rows in the remediated package."
"LCM-M2W2-AWS-PKG-0394","最小参考资料库/search-results.csv","search_result_id","SEARCH-M2W2-AWS-TRN3-INTERPOSER-3","M2-W2-AWS-PACKAGE-FACTS-REMEDIATED","append_then_promote_review_status","absent","draft","reviewed","true","","true","","pending_independent_review","pending","pending_after_final_freeze","DEC-025 candidate generated from the actual nonempty structured rows in the remediated package."
"LCM-M2W2-AWS-PKG-0395","最小参考资料库/search-results.csv","search_result_id","SEARCH-M2W2-AWS-TRN3-INTERPOSER-4","M2-W2-AWS-PACKAGE-FACTS-REMEDIATED","append_then_promote_review_status","absent","draft","reviewed","true","","true","","pending_independent_review","pending","pending_after_final_freeze","DEC-025 candidate generated from the actual nonempty structured rows in the remediated package."
"LCM-M2W2-AWS-PKG-0396","最小参考资料库/search-results.csv","search_result_id","SEARCH-M2W2-AWS-TRN3-DIE-AREA-1","M2-W2-AWS-PACKAGE-FACTS-REMEDIATED","append_then_promote_review_status","absent","draft","reviewed","true","","true","","pending_independent_review","pending","pending_after_final_freeze","DEC-025 candidate generated from the actual nonempty structured rows in the remediated package."
"LCM-M2W2-AWS-PKG-0397","最小参考资料库/search-results.csv","search_result_id","SEARCH-M2W2-AWS-TRN3-DIE-AREA-2","M2-W2-AWS-PACKAGE-FACTS-REMEDIATED","append_then_promote_review_status","absent","draft","reviewed","true","","true","","pending_independent_review","pending","pending_after_final_freeze","DEC-025 candidate generated from the actual nonempty structured rows in the remediated package."
"LCM-M2W2-AWS-PKG-0398","最小参考资料库/search-results.csv","search_result_id","SEARCH-M2W2-AWS-TRN3-DIE-AREA-3","M2-W2-AWS-PACKAGE-FACTS-REMEDIATED","append_then_promote_review_status","absent","draft","reviewed","true","","true","","pending_independent_review","pending","pending_after_final_freeze","DEC-025 candidate generated from the actual nonempty structured rows in the remediated package."
"LCM-M2W2-AWS-PKG-0399","最小参考资料库/search-results.csv","search_result_id","SEARCH-M2W2-AWS-TRN3-DIE-AREA-4","M2-W2-AWS-PACKAGE-FACTS-REMEDIATED","append_then_promote_review_status","absent","draft","reviewed","true","","true","","pending_independent_review","pending","pending_after_final_freeze","DEC-025 candidate generated from the actual nonempty structured rows in the remediated package."
"LCM-M2W2-AWS-PKG-0400","最小参考资料库/search-results.csv","search_result_id","SEARCH-M2W2-AWS-TRN3-TRANSISTORS-1","M2-W2-AWS-PACKAGE-FACTS-REMEDIATED","append_then_promote_review_status","absent","draft","reviewed","true","","true","","pending_independent_review","pending","pending_after_final_freeze","DEC-025 candidate generated from the actual nonempty structured rows in the remediated package."
"LCM-M2W2-AWS-PKG-0401","最小参考资料库/search-results.csv","search_result_id","SEARCH-M2W2-AWS-TRN3-TRANSISTORS-2","M2-W2-AWS-PACKAGE-FACTS-REMEDIATED","append_then_promote_review_status","absent","draft","reviewed","true","","true","","pending_independent_review","pending","pending_after_final_freeze","DEC-025 candidate generated from the actual nonempty structured rows in the remediated package."
"LCM-M2W2-AWS-PKG-0402","最小参考资料库/search-results.csv","search_result_id","SEARCH-M2W2-AWS-TRN3-TRANSISTORS-3","M2-W2-AWS-PACKAGE-FACTS-REMEDIATED","append_then_promote_review_status","absent","draft","reviewed","true","","true","","pending_independent_review","pending","pending_after_final_freeze","DEC-025 candidate generated from the actual nonempty structured rows in the remediated package."
"LCM-M2W2-AWS-PKG-0403","最小参考资料库/search-results.csv","search_result_id","SEARCH-M2W2-AWS-TRN3-TRANSISTORS-4","M2-W2-AWS-PACKAGE-FACTS-REMEDIATED","append_then_promote_review_status","absent","draft","reviewed","true","","true","","pending_independent_review","pending","pending_after_final_freeze","DEC-025 candidate generated from the actual nonempty structured rows in the remediated package."
"LCM-M2W2-AWS-PKG-0404","最小参考资料库/selection-members.csv","selection_member_id","SELMEM-M2W2-AWS-PKG-A01","M2-W2-AWS-PACKAGE-FACTS-REMEDIATED","append_then_promote_review_status","absent","draft","reviewed","true","selected_role=core_spec","true","","pending_independent_review","pending","pending_after_final_freeze","DEC-025 candidate generated from the actual nonempty structured rows in the remediated package."
"LCM-M2W2-AWS-PKG-0405","最小参考资料库/selection-members.csv","selection_member_id","SELMEM-M2W2-AWS-PKG-A02","M2-W2-AWS-PACKAGE-FACTS-REMEDIATED","append_then_promote_review_status","absent","draft","reviewed","true","selected_role=core_spec","true","","pending_independent_review","pending","pending_after_final_freeze","DEC-025 candidate generated from the actual nonempty structured rows in the remediated package."
"LCM-M2W2-AWS-PKG-0406","最小参考资料库/selection-members.csv","selection_member_id","SELMEM-M2W2-AWS-PKG-A03","M2-W2-AWS-PACKAGE-FACTS-REMEDIATED","append_then_promote_review_status","absent","draft","reviewed","true","selected_role=core_spec","true","","pending_independent_review","pending","pending_after_final_freeze","DEC-025 candidate generated from the actual nonempty structured rows in the remediated package."
"LCM-M2W2-AWS-PKG-0407","最小参考资料库/selection-members.csv","selection_member_id","SELMEM-M2W2-AWS-PKG-A04","M2-W2-AWS-PACKAGE-FACTS-REMEDIATED","append_then_promote_review_status","absent","draft","reviewed","true","selected_role=core_spec","true","","pending_independent_review","pending","pending_after_final_freeze","DEC-025 candidate generated from the actual nonempty structured rows in the remediated package."
"LCM-M2W2-AWS-PKG-0408","最小参考资料库/selection-members.csv","selection_member_id","SELMEM-M2W2-AWS-PKG-A05","M2-W2-AWS-PACKAGE-FACTS-REMEDIATED","append_then_promote_review_status","absent","draft","reviewed","true","selected_role=core_spec","true","","pending_independent_review","pending","pending_after_final_freeze","DEC-025 candidate generated from the actual nonempty structured rows in the remediated package."
"LCM-M2W2-AWS-PKG-0409","最小参考资料库/selection-members.csv","selection_member_id","SELMEM-M2W2-AWS-PKG-A06","M2-W2-AWS-PACKAGE-FACTS-REMEDIATED","append_then_promote_review_status","absent","draft","reviewed","true","selected_role=core_spec","true","","pending_independent_review","pending","pending_after_final_freeze","DEC-025 candidate generated from the actual nonempty structured rows in the remediated package."
"LCM-M2W2-AWS-PKG-0410","最小参考资料库/selection-members.csv","selection_member_id","SELMEM-M2W2-AWS-PKG-A07","M2-W2-AWS-PACKAGE-FACTS-REMEDIATED","append_then_promote_review_status","absent","draft","reviewed","true","selected_role=core_spec","true","","pending_independent_review","pending","pending_after_final_freeze","DEC-025 candidate generated from the actual nonempty structured rows in the remediated package."
"LCM-M2W2-AWS-PKG-0411","最小参考资料库/selection-members.csv","selection_member_id","SELMEM-M2W2-AWS-PKG-A08","M2-W2-AWS-PACKAGE-FACTS-REMEDIATED","append_then_promote_review_status","absent","draft","reviewed","true","selected_role=core_spec","true","","pending_independent_review","pending","pending_after_final_freeze","DEC-025 candidate generated from the actual nonempty structured rows in the remediated package."
"LCM-M2W2-AWS-PKG-0412","最小参考资料库/selection-runs.csv","selection_run_id","SELRUN-M2W2-AWS-PKG-20260813","M2-W2-AWS-PACKAGE-FACTS-REMEDIATED","append_then_promote_review_status","absent","draft","reviewed","true","status=draft","true","","pending_independent_review","pending","pending_after_final_freeze","DEC-025 candidate generated from the actual nonempty structured rows in the remediated package."
"LCM-M2W2-AWS-PKG-0413","最小参考资料库/source-coverage.csv","coverage_id","COV-M2W2-AWS-PKG-A10-BY-A07","M2-W2-AWS-PACKAGE-FACTS-REMEDIATED","append_then_promote_review_status","absent","draft","reviewed","true","equivalence_status=fully_covered","true","","pending_independent_review","pending","pending_after_final_freeze","DEC-025 candidate generated from the actual nonempty structured rows in the remediated package."
"LCM-M2W2-AWS-PKG-0414","最小参考资料库/source-endpoints.csv","endpoint_id","END-M2W2-AWS-PKG-A01-LATEST-SNAP-20260813","M2-W2-AWS-PACKAGE-FACTS-REMEDIATED","append_then_promote_review_status","absent","draft","reviewed","true","","true","","pending_independent_review","pending","pending_after_final_freeze","DEC-025 candidate generated from the actual nonempty structured rows in the remediated package."
"LCM-M2W2-AWS-PKG-0415","最小参考资料库/source-endpoints.csv","endpoint_id","END-M2W2-AWS-PKG-A01-V2310-SNAP-20260813","M2-W2-AWS-PACKAGE-FACTS-REMEDIATED","append_then_promote_review_status","absent","draft","reviewed","true","","true","","pending_independent_review","pending","pending_after_final_freeze","DEC-025 candidate generated from the actual nonempty structured rows in the remediated package."
"LCM-M2W2-AWS-PKG-0416","最小参考资料库/source-endpoints.csv","endpoint_id","END-M2W2-AWS-PKG-A02-V291-SNAP-20260813","M2-W2-AWS-PACKAGE-FACTS-REMEDIATED","append_then_promote_review_status","absent","draft","reviewed","true","","true","","pending_independent_review","pending","pending_after_final_freeze","DEC-025 candidate generated from the actual nonempty structured rows in the remediated package."
"LCM-M2W2-AWS-PKG-0417","最小参考资料库/source-endpoints.csv","endpoint_id","END-M2W2-AWS-PKG-A03-V2261-SNAP-20260813","M2-W2-AWS-PACKAGE-FACTS-REMEDIATED","append_then_promote_review_status","absent","draft","reviewed","true","","true","","pending_independent_review","pending","pending_after_final_freeze","DEC-025 candidate generated from the actual nonempty structured rows in the remediated package."
"LCM-M2W2-AWS-PKG-0418","最小参考资料库/source-endpoints.csv","endpoint_id","END-M2W2-AWS-PKG-A04-V2291-SNAP-20260813","M2-W2-AWS-PACKAGE-FACTS-REMEDIATED","append_then_promote_review_status","absent","draft","reviewed","true","","true","","pending_independent_review","pending","pending_after_final_freeze","DEC-025 candidate generated from the actual nonempty structured rows in the remediated package."
"LCM-M2W2-AWS-PKG-0419","最小参考资料库/source-endpoints.csv","endpoint_id","END-M2W2-AWS-PKG-A05-V2291-SNAP-20260813","M2-W2-AWS-PACKAGE-FACTS-REMEDIATED","append_then_promote_review_status","absent","draft","reviewed","true","","true","","pending_independent_review","pending","pending_after_final_freeze","DEC-025 candidate generated from the actual nonempty structured rows in the remediated package."
"LCM-M2W2-AWS-PKG-0420","最小参考资料库/source-endpoints.csv","endpoint_id","END-M2W2-AWS-PKG-A06-V2281-SNAP-20260813","M2-W2-AWS-PACKAGE-FACTS-REMEDIATED","append_then_promote_review_status","absent","draft","reviewed","true","","true","","pending_independent_review","pending","pending_after_final_freeze","DEC-025 candidate generated from the actual nonempty structured rows in the remediated package."
"LCM-M2W2-AWS-PKG-0421","最小参考资料库/source-endpoints.csv","endpoint_id","END-M2W2-AWS-PKG-A07-LATEST-SNAP-20260813","M2-W2-AWS-PACKAGE-FACTS-REMEDIATED","append_then_promote_review_status","absent","draft","reviewed","true","","true","","pending_independent_review","pending","pending_after_final_freeze","DEC-025 candidate generated from the actual nonempty structured rows in the remediated package."
"LCM-M2W2-AWS-PKG-0422","最小参考资料库/source-endpoints.csv","endpoint_id","END-M2W2-AWS-PKG-A07-V2310-SNAP-20260813","M2-W2-AWS-PACKAGE-FACTS-REMEDIATED","append_then_promote_review_status","absent","draft","reviewed","true","","true","","pending_independent_review","pending","pending_after_final_freeze","DEC-025 candidate generated from the actual nonempty structured rows in the remediated package."
"LCM-M2W2-AWS-PKG-0423","最小参考资料库/source-endpoints.csv","endpoint_id","END-M2W2-AWS-PKG-A08-DATED-SNAP-20260813","M2-W2-AWS-PACKAGE-FACTS-REMEDIATED","append_then_promote_review_status","absent","draft","reviewed","true","","true","","pending_independent_review","pending","pending_after_final_freeze","DEC-025 candidate generated from the actual nonempty structured rows in the remediated package."
"LCM-M2W2-AWS-PKG-0424","最小参考资料库/source-endpoints.csv","endpoint_id","END-M2W2-AWS-PKG-A10-V2300-SNAP-20260813","M2-W2-AWS-PACKAGE-FACTS-REMEDIATED","append_then_promote_review_status","absent","draft","reviewed","true","","true","","pending_independent_review","pending","pending_after_final_freeze","DEC-025 candidate generated from the actual nonempty structured rows in the remediated package."
"LCM-M2W2-AWS-PKG-0425","最小参考资料库/source-selected-roles.csv","source_selected_role_id","SROLE-M2W2-AWS-PKG-A01-CORE","M2-W2-AWS-PACKAGE-FACTS-REMEDIATED","append_then_promote_review_status","absent","draft","reviewed","true","selected_role=core_spec","true","","pending_independent_review","pending","pending_after_final_freeze","DEC-025 candidate generated from the actual nonempty structured rows in the remediated package."
"LCM-M2W2-AWS-PKG-0426","最小参考资料库/source-selected-roles.csv","source_selected_role_id","SROLE-M2W2-AWS-PKG-A02-CORE","M2-W2-AWS-PACKAGE-FACTS-REMEDIATED","append_then_promote_review_status","absent","draft","reviewed","true","selected_role=core_spec","true","","pending_independent_review","pending","pending_after_final_freeze","DEC-025 candidate generated from the actual nonempty structured rows in the remediated package."
"LCM-M2W2-AWS-PKG-0427","最小参考资料库/source-selected-roles.csv","source_selected_role_id","SROLE-M2W2-AWS-PKG-A03-CORE","M2-W2-AWS-PACKAGE-FACTS-REMEDIATED","append_then_promote_review_status","absent","draft","reviewed","true","selected_role=core_spec","true","","pending_independent_review","pending","pending_after_final_freeze","DEC-025 candidate generated from the actual nonempty structured rows in the remediated package."
"LCM-M2W2-AWS-PKG-0428","最小参考资料库/source-selected-roles.csv","source_selected_role_id","SROLE-M2W2-AWS-PKG-A04-CORE","M2-W2-AWS-PACKAGE-FACTS-REMEDIATED","append_then_promote_review_status","absent","draft","reviewed","true","selected_role=core_spec","true","","pending_independent_review","pending","pending_after_final_freeze","DEC-025 candidate generated from the actual nonempty structured rows in the remediated package."
"LCM-M2W2-AWS-PKG-0429","最小参考资料库/source-selected-roles.csv","source_selected_role_id","SROLE-M2W2-AWS-PKG-A05-CORE","M2-W2-AWS-PACKAGE-FACTS-REMEDIATED","append_then_promote_review_status","absent","draft","reviewed","true","selected_role=core_spec","true","","pending_independent_review","pending","pending_after_final_freeze","DEC-025 candidate generated from the actual nonempty structured rows in the remediated package."
"LCM-M2W2-AWS-PKG-0430","最小参考资料库/source-selected-roles.csv","source_selected_role_id","SROLE-M2W2-AWS-PKG-A06-CORE","M2-W2-AWS-PACKAGE-FACTS-REMEDIATED","append_then_promote_review_status","absent","draft","reviewed","true","selected_role=core_spec","true","","pending_independent_review","pending","pending_after_final_freeze","DEC-025 candidate generated from the actual nonempty structured rows in the remediated package."
"LCM-M2W2-AWS-PKG-0431","最小参考资料库/source-selected-roles.csv","source_selected_role_id","SROLE-M2W2-AWS-PKG-A07-CORE","M2-W2-AWS-PACKAGE-FACTS-REMEDIATED","append_then_promote_review_status","absent","draft","reviewed","true","selected_role=core_spec","true","","pending_independent_review","pending","pending_after_final_freeze","DEC-025 candidate generated from the actual nonempty structured rows in the remediated package."
"LCM-M2W2-AWS-PKG-0432","最小参考资料库/source-selected-roles.csv","source_selected_role_id","SROLE-M2W2-AWS-PKG-A08-CORE","M2-W2-AWS-PACKAGE-FACTS-REMEDIATED","append_then_promote_review_status","absent","draft","reviewed","true","selected_role=core_spec","true","","pending_independent_review","pending","pending_after_final_freeze","DEC-025 candidate generated from the actual nonempty structured rows in the remediated package."
"LCM-M2W2-AWS-PKG-0433","最小参考资料库/source-selected-roles.csv","source_selected_role_id","SROLE-M2W2-AWS-PKG-A03-CONFLICT","M2-W2-AWS-PACKAGE-FACTS-REMEDIATED","append_then_promote_review_status","absent","draft","reviewed","true","selected_role=conflict_evidence","true","","pending_independent_review","pending","pending_after_final_freeze","DEC-025 candidate generated from the actual nonempty structured rows in the remediated package."
"LCM-M2W2-AWS-PKG-0434","最小参考资料库/source-selected-roles.csv","source_selected_role_id","SROLE-M2W2-AWS-PKG-A04-CONFLICT","M2-W2-AWS-PACKAGE-FACTS-REMEDIATED","append_then_promote_review_status","absent","draft","reviewed","true","selected_role=conflict_evidence","true","","pending_independent_review","pending","pending_after_final_freeze","DEC-025 candidate generated from the actual nonempty structured rows in the remediated package."
"LCM-M2W2-AWS-PKG-0435","最小参考资料库/source-selected-roles.csv","source_selected_role_id","SROLE-M2W2-AWS-PKG-A05-CONFLICT","M2-W2-AWS-PACKAGE-FACTS-REMEDIATED","append_then_promote_review_status","absent","draft","reviewed","true","selected_role=conflict_evidence","true","","pending_independent_review","pending","pending_after_final_freeze","DEC-025 candidate generated from the actual nonempty structured rows in the remediated package."
"LCM-M2W2-AWS-PKG-0436","最小参考资料库/source-selected-roles.csv","source_selected_role_id","SROLE-M2W2-AWS-PKG-A06-CONFLICT","M2-W2-AWS-PACKAGE-FACTS-REMEDIATED","append_then_promote_review_status","absent","draft","reviewed","true","selected_role=conflict_evidence","true","","pending_independent_review","pending","pending_after_final_freeze","DEC-025 candidate generated from the actual nonempty structured rows in the remediated package."
"LCM-M2W2-AWS-PKG-0437","最小参考资料库/source-selected-roles.csv","source_selected_role_id","SROLE-M2W2-AWS-PKG-A07-CONFLICT","M2-W2-AWS-PACKAGE-FACTS-REMEDIATED","append_then_promote_review_status","absent","draft","reviewed","true","selected_role=conflict_evidence","true","","pending_independent_review","pending","pending_after_final_freeze","DEC-025 candidate generated from the actual nonempty structured rows in the remediated package."
"LCM-M2W2-AWS-PKG-0438","最小参考资料库/source-selected-roles.csv","source_selected_role_id","SROLE-M2W2-AWS-PKG-A08-CONFLICT","M2-W2-AWS-PACKAGE-FACTS-REMEDIATED","append_then_promote_review_status","absent","draft","reviewed","true","selected_role=conflict_evidence","true","","pending_independent_review","pending","pending_after_final_freeze","DEC-025 candidate generated from the actual nonempty structured rows in the remediated package."
"LCM-M2W2-AWS-PKG-0439","最小参考资料库/sources.csv","source_id","SRC-M2-GA-A01","M2-W2-AWS-PACKAGE-FACTS-REMEDIATED","update_existing_then_promote_review_status","present","draft","reviewed","true","source_status=current","true","","pending_independent_review","pending","pending_after_final_freeze","DEC-025 candidate generated from the actual audit overlay row and its current formal primary-key target."
"LCM-M2W2-AWS-PKG-0440","最小参考资料库/sources.csv","source_id","SRC-M2-GA-A02","M2-W2-AWS-PACKAGE-FACTS-REMEDIATED","update_existing_then_promote_review_status","present","draft","reviewed","true","source_status=current","true","","pending_independent_review","pending","pending_after_final_freeze","DEC-025 candidate generated from the actual audit overlay row and its current formal primary-key target."
"LCM-M2W2-AWS-PKG-0441","最小参考资料库/sources.csv","source_id","SRC-M2-GA-A03","M2-W2-AWS-PACKAGE-FACTS-REMEDIATED","update_existing_then_promote_review_status","present","draft","reviewed","true","source_status=current","true","","pending_independent_review","pending","pending_after_final_freeze","DEC-025 candidate generated from the actual audit overlay row and its current formal primary-key target."
"LCM-M2W2-AWS-PKG-0442","最小参考资料库/sources.csv","source_id","SRC-M2-GA-A04","M2-W2-AWS-PACKAGE-FACTS-REMEDIATED","update_existing_then_promote_review_status","present","draft","reviewed","true","source_status=current","true","","pending_independent_review","pending","pending_after_final_freeze","DEC-025 candidate generated from the actual audit overlay row and its current formal primary-key target."
"LCM-M2W2-AWS-PKG-0443","最小参考资料库/sources.csv","source_id","SRC-M2-GA-A05","M2-W2-AWS-PACKAGE-FACTS-REMEDIATED","update_existing_then_promote_review_status","present","draft","reviewed","true","source_status=current","true","","pending_independent_review","pending","pending_after_final_freeze","DEC-025 candidate generated from the actual audit overlay row and its current formal primary-key target."
"LCM-M2W2-AWS-PKG-0444","最小参考资料库/sources.csv","source_id","SRC-M2-GA-A06","M2-W2-AWS-PACKAGE-FACTS-REMEDIATED","update_existing_then_promote_review_status","present","draft","reviewed","true","source_status=current","true","","pending_independent_review","pending","pending_after_final_freeze","DEC-025 candidate generated from the actual audit overlay row and its current formal primary-key target."
"LCM-M2W2-AWS-PKG-0445","最小参考资料库/sources.csv","source_id","SRC-M2-GA-A07","M2-W2-AWS-PACKAGE-FACTS-REMEDIATED","update_existing_then_promote_review_status","present","draft","reviewed","true","source_status=current","true","","pending_independent_review","pending","pending_after_final_freeze","DEC-025 candidate generated from the actual audit overlay row and its current formal primary-key target."
"LCM-M2W2-AWS-PKG-0446","最小参考资料库/sources.csv","source_id","SRC-M2-GA-A08","M2-W2-AWS-PACKAGE-FACTS-REMEDIATED","update_existing_then_promote_review_status","present","draft","reviewed","true","source_status=current","true","","pending_independent_review","pending","pending_after_final_freeze","DEC-025 candidate generated from the actual audit overlay row and its current formal primary-key target."
"LCM-M2W2-AWS-PKG-0447","最小参考资料库/sources.csv","source_id","SRC-M2-GA-A10","M2-W2-AWS-PACKAGE-FACTS-REMEDIATED","update_existing_then_promote_review_status","present","draft","reviewed","true","source_status=current","true","","pending_independent_review","pending","pending_after_final_freeze","DEC-025 candidate generated from the actual audit overlay row and its current formal primary-key target."
"LCM-M2W2-AWS-PKG-0448","最小参考资料库/source-endpoints.csv","endpoint_id","END-M2-GA-A01-PRIMARY","M2-W2-AWS-PACKAGE-FACTS-REMEDIATED","update_existing_then_promote_review_status","present","draft","reviewed","true","","true","","pending_independent_review","pending","pending_after_final_freeze","DEC-025 candidate generated from the actual audit overlay row and its current formal primary-key target."
"LCM-M2W2-AWS-PKG-0449","最小参考资料库/source-endpoints.csv","endpoint_id","END-M2-GA-A02-PRIMARY","M2-W2-AWS-PACKAGE-FACTS-REMEDIATED","update_existing_then_promote_review_status","present","draft","reviewed","true","","true","","pending_independent_review","pending","pending_after_final_freeze","DEC-025 candidate generated from the actual audit overlay row and its current formal primary-key target."
"LCM-M2W2-AWS-PKG-0450","最小参考资料库/source-endpoints.csv","endpoint_id","END-M2-GA-A03-PRIMARY","M2-W2-AWS-PACKAGE-FACTS-REMEDIATED","update_existing_then_promote_review_status","present","draft","reviewed","true","","true","","pending_independent_review","pending","pending_after_final_freeze","DEC-025 candidate generated from the actual audit overlay row and its current formal primary-key target."
"LCM-M2W2-AWS-PKG-0451","最小参考资料库/source-endpoints.csv","endpoint_id","END-M2-GA-A04-PRIMARY","M2-W2-AWS-PACKAGE-FACTS-REMEDIATED","update_existing_then_promote_review_status","present","draft","reviewed","true","","true","","pending_independent_review","pending","pending_after_final_freeze","DEC-025 candidate generated from the actual audit overlay row and its current formal primary-key target."
"LCM-M2W2-AWS-PKG-0452","最小参考资料库/source-endpoints.csv","endpoint_id","END-M2-GA-A05-PRIMARY","M2-W2-AWS-PACKAGE-FACTS-REMEDIATED","update_existing_then_promote_review_status","present","draft","reviewed","true","","true","","pending_independent_review","pending","pending_after_final_freeze","DEC-025 candidate generated from the actual audit overlay row and its current formal primary-key target."
"LCM-M2W2-AWS-PKG-0453","最小参考资料库/source-endpoints.csv","endpoint_id","END-M2-GA-A06-PRIMARY","M2-W2-AWS-PACKAGE-FACTS-REMEDIATED","update_existing_then_promote_review_status","present","draft","reviewed","true","","true","","pending_independent_review","pending","pending_after_final_freeze","DEC-025 candidate generated from the actual audit overlay row and its current formal primary-key target."
"LCM-M2W2-AWS-PKG-0454","最小参考资料库/source-endpoints.csv","endpoint_id","END-M2-GA-A07-PRIMARY","M2-W2-AWS-PACKAGE-FACTS-REMEDIATED","update_existing_then_promote_review_status","present","draft","reviewed","true","","true","","pending_independent_review","pending","pending_after_final_freeze","DEC-025 candidate generated from the actual audit overlay row and its current formal primary-key target."
"LCM-M2W2-AWS-PKG-0455","最小参考资料库/source-endpoints.csv","endpoint_id","END-M2-GA-A08-PRIMARY","M2-W2-AWS-PACKAGE-FACTS-REMEDIATED","update_existing_then_promote_review_status","present","draft","reviewed","true","","true","","pending_independent_review","pending","pending_after_final_freeze","DEC-025 candidate generated from the actual audit overlay row and its current formal primary-key target."
"LCM-M2W2-AWS-PKG-0456","最小参考资料库/source-endpoints.csv","endpoint_id","END-M2-GA-A10-PRIMARY","M2-W2-AWS-PACKAGE-FACTS-REMEDIATED","update_existing_then_promote_review_status","present","draft","reviewed","true","","true","","pending_independent_review","pending","pending_after_final_freeze","DEC-025 candidate generated from the actual audit overlay row and its current formal primary-key target."
"LCM-M2W2-AWS-PKG-0457","最小参考资料库/source-screening.csv","screening_id","SCREEN-M2-GA-A01","M2-W2-AWS-PACKAGE-FACTS-REMEDIATED","update_existing_preserve_review_status","present","reviewed","reviewed","false","screening_status=selected","true","update_existing 只更新筛选语义，review_status 保持 reviewed；不发生生命周期倒退，也不需要晋级。","pending_independent_review","pending","pending_after_final_freeze","DEC-025 candidate generated from the actual audit overlay row and its current formal primary-key target."
