"fact_id","object_id","component_id","link_id","object_relation_id","precision_path_id","capability_id","topology_id","field_id","normalized_value_text","normalized_value_number","normalized_unit","condition_set_id","fact_kind","evidence_state","resolution_state","valid_from","valid_to","confidence","confidence_reason","fact_fingerprint","review_status","notes"
"FACT-NVIDIA-H100-FORM-FACTOR","OBJ-NVIDIA-H100-SXM5-80GB","","","","","","","FIELD-PHY-FORM-FACTOR","SXM5 module with H100 GPU and HBM3","","","COND-NONE","direct_statement","single_source","provisional","","","medium","Single selected first-party source candidate; pending parent review.","H100|FACT-NVIDIA-H100-FORM-FACTOR","draft",""
"FACT-NVIDIA-H100-GPC-COUNT","","COMP-NVIDIA-H100-GPC","","","","","","FIELD-COMP-UNIT-COUNT","","8","count","COND-NONE","direct_statement","single_source","provisional","","","medium","Object-level aggregate retained because GPC component rows are not created in this staging.","H100|FACT-NVIDIA-H100-GPC-COUNT","draft","Total enabled GPC count in the H100 SXM5 configuration."
"FACT-NVIDIA-H100-TPC-COUNT","","COMP-NVIDIA-H100-TPC","","","","","","FIELD-COMP-UNIT-COUNT","","66","count","COND-NONE","direct_statement","single_source","provisional","","","medium","Object-level aggregate retained because TPC component rows are not created in this staging.","H100|FACT-NVIDIA-H100-TPC-COUNT","draft","Total enabled TPC count in the H100 SXM5 configuration."
"FACT-NVIDIA-H100-SM-COUNT","","COMP-NVIDIA-H100-SM","","","","","","FIELD-COMP-UNIT-COUNT","","132","count","COND-NONE","direct_statement","single_source","provisional","","","medium","Object-level aggregate retained because SM component rows are not created in this staging.","H100|FACT-NVIDIA-H100-SM-COUNT","draft","Total enabled SM count in the H100 SXM5 configuration."
"FACT-NVIDIA-H100-FP32-CORE-COUNT","","COMP-NVIDIA-H100-CUDA-FP32","","","","","","FIELD-COMP-UNIT-COUNT","","16896","count","COND-NONE","direct_statement","single_source","provisional","","","medium","Single selected first-party source candidate; pending parent review.","H100|FACT-NVIDIA-H100-FP32-CORE-COUNT","draft",""
"FACT-NVIDIA-H100-FP64-CORE-COUNT","","COMP-NVIDIA-H100-CUDA-FP64","","","","","","FIELD-COMP-UNIT-COUNT","","8448","count","COND-NONE","direct_statement","single_source","provisional","","","medium","Single selected first-party source candidate; pending parent review.","H100|FACT-NVIDIA-H100-FP64-CORE-COUNT","draft",""
"FACT-NVIDIA-H100-INT32-CORE-COUNT","","COMP-NVIDIA-H100-CUDA-INT32","","","","","","FIELD-COMP-UNIT-COUNT","","8448","count","COND-NONE","direct_statement","single_source","provisional","","","medium","Single selected first-party source candidate; pending parent review.","H100|FACT-NVIDIA-H100-INT32-CORE-COUNT","draft",""
"FACT-NVIDIA-H100-TENSOR-CORE-COUNT","","COMP-NVIDIA-H100-TENSOR-CORE","","","","","","FIELD-COMP-UNIT-COUNT","","528","count","COND-NONE","direct_statement","single_source","provisional","","","medium","Single selected first-party source candidate; pending parent review.","H100|FACT-NVIDIA-H100-TENSOR-CORE-COUNT","draft",""
"FACT-NVIDIA-H100-MAX-TDP","OBJ-NVIDIA-H100-SXM5-80GB","","","","","","","FIELD-PHY-POWER","","700","W","COND-NONE","direct_statement","single_source","provisional","","","high","Current H100 datasheet product-level specification.","H100|FACT-NVIDIA-H100-MAX-TDP","draft","Configurable maximum TDP."
"FACT-NVIDIA-H100-MIG-PARTITIONING","OBJ-NVIDIA-H100-SXM5-80GB","","","","","","","FIELD-VIRT-PARTITIONING","Up to 7 GPU instances, each with 10 GB memory","","","COND-NONE","direct_statement","single_source","provisional","","","medium","Single selected first-party source candidate; pending parent review.","H100|FACT-NVIDIA-H100-MIG-PARTITIONING","draft",""
"FACT-NVIDIA-H100-FP8-DENSE-PEAK","","","","","PPATH-NVIDIA-H100-FP8","","","FIELD-COMP-THROUGHPUT","","1978.9","TFLOP/s","COND-NVIDIA-H100-FP8-DENSE","direct_statement","single_source","provisional","","","medium","Whitepaper v1.04 Table 3 candidate; official fixed PDF is now registered.","H100|FACT-NVIDIA-H100-FP8-DENSE-PEAK","draft",""
"FACT-NVIDIA-H100-FP8-SPARSE-PEAK","","","","","PPATH-NVIDIA-H100-FP8","","","FIELD-COMP-THROUGHPUT","","3957.8","TFLOP/s","COND-NVIDIA-H100-FP8-SPARSE","direct_statement","single_source","provisional","","","medium","Whitepaper v1.04 Table 3 candidate; official fixed PDF is now registered.","H100|FACT-NVIDIA-H100-FP8-SPARSE-PEAK","draft",""
"FACT-NVIDIA-H100-FP16-TENSOR-DENSE-PEAK","","","","","PPATH-NVIDIA-H100-FP16-TENSOR","","","FIELD-COMP-THROUGHPUT","","989.4","TFLOP/s","COND-NVIDIA-H100-FP16-TENSOR-DENSE","direct_statement","single_source","provisional","","","medium","Whitepaper v1.04 Table 3 candidate; official fixed PDF is now registered.","H100|FACT-NVIDIA-H100-FP16-TENSOR-DENSE-PEAK","draft",""
"FACT-NVIDIA-H100-FP16-TENSOR-SPARSE-PEAK","","","","","PPATH-NVIDIA-H100-FP16-TENSOR","","","FIELD-COMP-THROUGHPUT","","1978.9","TFLOP/s","COND-NVIDIA-H100-FP16-TENSOR-SPARSE","direct_statement","single_source","provisional","","","medium","Whitepaper v1.04 Table 3 candidate; official fixed PDF is now registered.","H100|FACT-NVIDIA-H100-FP16-TENSOR-SPARSE-PEAK","draft",""
"FACT-NVIDIA-H100-BF16-TENSOR-DENSE-PEAK","","","","","PPATH-NVIDIA-H100-BF16-TENSOR","","","FIELD-COMP-THROUGHPUT","","989.4","TFLOP/s","COND-NVIDIA-H100-BF16-TENSOR-DENSE","direct_statement","single_source","provisional","","","medium","Whitepaper v1.04 Table 3 candidate; official fixed PDF is now registered.","H100|FACT-NVIDIA-H100-BF16-TENSOR-DENSE-PEAK","draft",""
"FACT-NVIDIA-H100-BF16-TENSOR-SPARSE-PEAK","","","","","PPATH-NVIDIA-H100-BF16-TENSOR","","","FIELD-COMP-THROUGHPUT","","1978.9","TFLOP/s","COND-NVIDIA-H100-BF16-TENSOR-SPARSE","direct_statement","single_source","provisional","","","medium","Whitepaper v1.04 Table 3 candidate; official fixed PDF is now registered.","H100|FACT-NVIDIA-H100-BF16-TENSOR-SPARSE-PEAK","draft",""
"FACT-NVIDIA-H100-TF32-DENSE-PEAK","","","","","PPATH-NVIDIA-H100-TF32","","","FIELD-COMP-THROUGHPUT","","494.7","TFLOP/s","COND-NVIDIA-H100-TF32-DENSE","direct_statement","single_source","provisional","","","medium","Whitepaper v1.04 Table 3 candidate; official fixed PDF is now registered.","H100|FACT-NVIDIA-H100-TF32-DENSE-PEAK","draft",""
"FACT-NVIDIA-H100-TF32-SPARSE-PEAK","","","","","PPATH-NVIDIA-H100-TF32","","","FIELD-COMP-THROUGHPUT","","989.4","TFLOP/s","COND-NVIDIA-H100-TF32-SPARSE","direct_statement","single_source","provisional","","","medium","Whitepaper v1.04 Table 3 candidate; official fixed PDF is now registered.","H100|FACT-NVIDIA-H100-TF32-SPARSE-PEAK","draft",""
"FACT-NVIDIA-H100-FP64-TENSOR-DENSE-PEAK","","","","","PPATH-NVIDIA-H100-FP64-TENSOR","","","FIELD-COMP-THROUGHPUT","","66.9","TFLOP/s","COND-NVIDIA-H100-FP64-TENSOR-DENSE","direct_statement","single_source","provisional","","","medium","Whitepaper v1.04 Table 3 candidate; official fixed PDF is now registered.","H100|FACT-NVIDIA-H100-FP64-TENSOR-DENSE-PEAK","draft",""
"FACT-NVIDIA-H100-INT8-DENSE-PEAK","","","","","PPATH-NVIDIA-H100-INT8","","","FIELD-COMP-THROUGHPUT","","1978.9","TOPS","COND-NVIDIA-H100-INT8-DENSE","direct_statement","single_source","provisional","","","medium","Whitepaper v1.04 Table 3 candidate; official fixed PDF is now registered.","H100|FACT-NVIDIA-H100-INT8-DENSE-PEAK","draft",""
"FACT-NVIDIA-H100-INT8-SPARSE-PEAK","","","","","PPATH-NVIDIA-H100-INT8","","","FIELD-COMP-THROUGHPUT","","3957.8","TOPS","COND-NVIDIA-H100-INT8-SPARSE","direct_statement","single_source","provisional","","","medium","Whitepaper v1.04 Table 3 candidate; official fixed PDF is now registered.","H100|FACT-NVIDIA-H100-INT8-SPARSE-PEAK","draft",""
"FACT-NVIDIA-H100-FP16-CUDA-DENSE-PEAK","","","","","PPATH-NVIDIA-H100-FP16-CUDA","","","FIELD-COMP-THROUGHPUT","","133.8","TFLOP/s","COND-NVIDIA-H100-FP16-CUDA-DENSE","direct_statement","single_source","provisional","","","medium","Whitepaper v1.04 Table 3 candidate; official fixed PDF is now registered.","H100|FACT-NVIDIA-H100-FP16-CUDA-DENSE-PEAK","draft",""
"FACT-NVIDIA-H100-BF16-CUDA-DENSE-PEAK","","","","","PPATH-NVIDIA-H100-BF16-CUDA","","","FIELD-COMP-THROUGHPUT","","133.8","TFLOP/s","COND-NVIDIA-H100-BF16-CUDA-DENSE","direct_statement","single_source","provisional","","","medium","Whitepaper v1.04 Table 3 candidate; official fixed PDF is now registered.","H100|FACT-NVIDIA-H100-BF16-CUDA-DENSE-PEAK","draft",""
"FACT-NVIDIA-H100-FP32-CUDA-DENSE-PEAK","","","","","PPATH-NVIDIA-H100-FP32-CUDA","","","FIELD-COMP-THROUGHPUT","","66.9","TFLOP/s","COND-NVIDIA-H100-FP32-CUDA-DENSE","direct_statement","single_source","provisional","","","medium","Whitepaper v1.04 Table 3 candidate; official fixed PDF is now registered.","H100|FACT-NVIDIA-H100-FP32-CUDA-DENSE-PEAK","draft",""
"FACT-NVIDIA-H100-FP64-CUDA-DENSE-PEAK","","","","","PPATH-NVIDIA-H100-FP64-CUDA","","","FIELD-COMP-THROUGHPUT","","33.5","TFLOP/s","COND-NVIDIA-H100-FP64-CUDA-DENSE","direct_statement","single_source","provisional","","","medium","Whitepaper v1.04 Table 3 candidate; official fixed PDF is now registered.","H100|FACT-NVIDIA-H100-FP64-CUDA-DENSE-PEAK","draft",""
"FACT-NVIDIA-H100-INT32-CUDA-DENSE-PEAK","","","","","PPATH-NVIDIA-H100-INT32-CUDA","","","FIELD-COMP-THROUGHPUT","","33.5","TOPS","COND-NVIDIA-H100-INT32-CUDA-DENSE","direct_statement","single_source","provisional","","","medium","Whitepaper v1.04 Table 3 candidate; official fixed PDF is now registered.","H100|FACT-NVIDIA-H100-INT32-CUDA-DENSE-PEAK","draft",""
"FACT-NVIDIA-H100-FP8-ACCUM","","","","","PPATH-NVIDIA-H100-FP8","","","FIELD-NUM-ACCUMULATION","FP16 or FP32","","","COND-NVIDIA-H100-FP8-DENSE","direct_statement","single_source","provisional","","","medium","Whitepaper v1.04 candidate; official fixed PDF is now registered.","H100|FACT-NVIDIA-H100-FP8-ACCUM","draft",""
"FACT-NVIDIA-H100-FP16-TENSOR-ACCUM","","","","","PPATH-NVIDIA-H100-FP16-TENSOR","","","FIELD-NUM-ACCUMULATION","FP16 or FP32","","","COND-NVIDIA-H100-FP16-TENSOR-DENSE","direct_statement","single_source","provisional","","","medium","Whitepaper v1.04 candidate; official fixed PDF is now registered.","H100|FACT-NVIDIA-H100-FP16-TENSOR-ACCUM","draft",""
"FACT-NVIDIA-H100-BF16-TENSOR-ACCUM","","","","","PPATH-NVIDIA-H100-BF16-TENSOR","","","FIELD-NUM-ACCUMULATION","FP32","","","COND-NVIDIA-H100-BF16-TENSOR-DENSE","direct_statement","single_source","provisional","","","medium","Whitepaper v1.04 candidate; official fixed PDF is now registered.","H100|FACT-NVIDIA-H100-BF16-TENSOR-ACCUM","draft",""
"FACT-NVIDIA-H100-REG-CAPACITY-PER-SM","","COMP-NVIDIA-H100-REGISTER-FILE","","","","","","FIELD-MEM-CAPACITY","","262144","byte","COND-NONE","direct_statement","corroborated","provisional","","","medium","Single selected first-party source candidate; pending parent review.","H100|FACT-NVIDIA-H100-REG-CAPACITY-PER-SM","draft",""
"FACT-NVIDIA-H100-L1SMEM-CAPACITY-PER-SM","","COMP-NVIDIA-H100-L1-SMEM","","","","","","FIELD-MEM-CAPACITY","","262144","byte","COND-NONE","direct_statement","corroborated","provisional","","","medium","Single selected first-party source candidate; pending parent review.","H100|FACT-NVIDIA-H100-L1SMEM-CAPACITY-PER-SM","draft",""
"FACT-NVIDIA-H100-L1SMEM-SHARED-MAX","","COMP-NVIDIA-H100-L1-SMEM","","","","","","FIELD-MEM-CAPACITY","","233472","byte","COND-NONE","direct_statement","corroborated","provisional","","","medium","Whitepaper and Tuning Guide candidate; fixed copies still need registration.","H100|FACT-NVIDIA-H100-L1SMEM-SHARED-MAX","draft","Maximum shared-memory carveout per SM; do not add this to the combined 256 KB resource."
"FACT-NVIDIA-H100-L2-CAPACITY","","COMP-NVIDIA-H100-L2","","","","","","FIELD-MEM-CAPACITY","","50000000","byte","COND-NONE","direct_statement","single_source","provisional","","","medium","NVIDIA states 50 MB using decimal product notation.","H100|FACT-NVIDIA-H100-L2-CAPACITY","draft",""
"FACT-NVIDIA-H100-HBM-CAPACITY","","COMP-NVIDIA-H100-HBM3","","","","","","FIELD-MEM-CAPACITY","","80000000000","byte","COND-NONE","direct_statement","single_source","provisional","","","high","Current datasheet and whitepaper candidate.","H100|FACT-NVIDIA-H100-HBM-CAPACITY","draft",""
"FACT-NVIDIA-H100-HBM-STACKS","OBJ-NVIDIA-H100-SXM5-80GB","","","","","","","FIELD-PHY-HBM-STACKS","","5","count","COND-NONE","direct_statement","single_source","provisional","","","medium","Single selected first-party source candidate; pending parent review.","H100|FACT-NVIDIA-H100-HBM-STACKS","draft",""
"FACT-NVIDIA-H100-HBM-INTERFACE","OBJ-NVIDIA-H100-SXM5-80GB","","","","","","","FIELD-PHY-HBM-INTERFACE","","5120","bit","COND-NONE","direct_statement","single_source","provisional","","","medium","Single selected first-party source candidate; pending parent review.","H100|FACT-NVIDIA-H100-HBM-INTERFACE","draft",""
"FACT-NVIDIA-H100-HBM-BW-CURRENT","","COMP-NVIDIA-H100-HBM3","","","","","","FIELD-MEM-READ-BW","","3350000000000","byte/s","COND-NVIDIA-H100-HBM-CURRENT","direct_statement","single_source","provisional","2024-09-24","","high","Current H100 datasheet nameplate specification.","H100|FACT-NVIDIA-H100-HBM-BW-CURRENT","draft","Current value candidate; parent review is still required before acceptance."
"FACT-NVIDIA-H100-HBM-BW-WP104","","COMP-NVIDIA-H100-HBM3","","","","","","FIELD-MEM-READ-BW","","3352000000000","byte/s","COND-NVIDIA-H100-HBM-WP104","direct_statement","single_source","superseded","","","medium","Whitepaper Table 3 precise version; official fixed PDF is registered globally.","H100|FACT-NVIDIA-H100-HBM-BW-WP104","draft","Retained as a versioned source statement, not a current conflicting value."
"FACT-NVIDIA-H100-HBM-BW-LAUNCH","","COMP-NVIDIA-H100-HBM3","","","","","","FIELD-MEM-READ-BW","","3000000000000","byte/s","COND-NVIDIA-H100-HBM-LAUNCH","direct_statement","single_source","superseded","","","high","Fixed local Hot Chips slide includes explicit not-finalized caveat.","H100|FACT-NVIDIA-H100-HBM-BW-LAUNCH","draft","Historical preliminary specification only."
"FACT-NVIDIA-H100-NVLINK-PROTOCOL","","","LINK-NVIDIA-H100-NVLINK4","","","","","FIELD-INT-PROTOCOL","NVLink 4","","","COND-NONE","direct_statement","single_source","provisional","","","medium","Single selected first-party source candidate; pending parent review.","H100|FACT-NVIDIA-H100-NVLINK-PROTOCOL","draft",""
"FACT-NVIDIA-H100-NVLINK-LINK-COUNT","","","LINK-NVIDIA-H100-NVLINK4","","","","","FIELD-INT-PHYSICAL-LINK-COUNT","","18","count","COND-NONE","direct_statement","corroborated","provisional","","","medium","Single selected first-party source candidate; pending parent review.","H100|FACT-NVIDIA-H100-NVLINK-LINK-COUNT","draft",""
"FACT-NVIDIA-H100-NVLINK-RATE-PERDIR","","","LINK-NVIDIA-H100-NVLINK4","","","","","FIELD-INT-PER-LINK-RATE","","200000000000","bit/s","COND-NVIDIA-H100-NVLINK-PERDIR","direct_statement","single_source","provisional","","","medium","Single selected first-party source candidate; pending parent review.","H100|FACT-NVIDIA-H100-NVLINK-RATE-PERDIR","draft",""
"FACT-NVIDIA-H100-NVLINK-RATE-BIDIR-LINK","","","LINK-NVIDIA-H100-NVLINK4","","","","","FIELD-INT-AGGREGATE-BW","","50000000000","byte/s","COND-NVIDIA-H100-NVLINK-BIDIR-LINK","direct_statement","single_source","provisional","","","medium","Single selected first-party source candidate; pending parent review.","H100|FACT-NVIDIA-H100-NVLINK-RATE-BIDIR-LINK","draft",""
"FACT-NVIDIA-H100-NVLINK-RATE-BIDIR-DEVICE","","","LINK-NVIDIA-H100-NVLINK4","","","","","FIELD-INT-AGGREGATE-BW","","900000000000","byte/s","COND-NVIDIA-H100-NVLINK-DEVICE","direct_statement","single_source","provisional","","","medium","Single selected first-party source candidate; pending parent review.","H100|FACT-NVIDIA-H100-NVLINK-RATE-BIDIR-DEVICE","draft",""
"FACT-NVIDIA-H100-PCIE-PROTOCOL","","","LINK-NVIDIA-H100-PCIE5X16","","","","","FIELD-INT-PROTOCOL","PCIe 5.0 x16","","","COND-NONE","direct_statement","single_source","provisional","","","medium","Single selected first-party source candidate; pending parent review.","H100|FACT-NVIDIA-H100-PCIE-PROTOCOL","draft",""
"FACT-NVIDIA-H100-PCIE-RATE-PERDIR","","","LINK-NVIDIA-H100-PCIE5X16","","","","","FIELD-INT-AGGREGATE-BW","","64000000000","byte/s","COND-NVIDIA-H100-PCIE-PERDIR","direct_statement","single_source","provisional","","","medium","Single selected first-party source candidate; pending parent review.","H100|FACT-NVIDIA-H100-PCIE-RATE-PERDIR","draft",""
"FACT-NVIDIA-H100-PCIE-RATE-BIDIR","","","LINK-NVIDIA-H100-PCIE5X16","","","","","FIELD-INT-AGGREGATE-BW","","128000000000","byte/s","COND-NVIDIA-H100-PCIE-BIDIR","direct_statement","single_source","provisional","","","medium","Single selected first-party source candidate; pending parent review.","H100|FACT-NVIDIA-H100-PCIE-RATE-BIDIR","draft",""
"FACT-NVIDIA-H100-TMA-IMPL-LEVEL","","","","","","CAP-NVIDIA-H100-TMA","","FIELD-CAP-IMPLEMENTATION-LEVEL","configurable_engine","","","COND-NONE","direct_statement","single_source","provisional","","","medium","TMA is a named hardware data-movement mechanism, but configurable_engine versus dedicated_physical_module requires parent review.","H100|FACT-NVIDIA-H100-TMA-IMPL-LEVEL","needs_resolution",""
"FACT-NVIDIA-H100-TMA-DETAIL","","","","","","CAP-NVIDIA-H100-TMA","","FIELD-CAP-IMPLEMENTATION-DETAIL","Descriptor-driven asynchronous 1D-5D copies between global and shared memory, plus copies across a thread-block cluster shared-memory region","","","COND-NONE","direct_statement","corroborated","provisional","","","medium","Single selected first-party source candidate; pending parent review.","H100|FACT-NVIDIA-H100-TMA-DETAIL","draft",""
"FACT-NVIDIA-H100-DPX-IMPL-LEVEL","","","","","","CAP-NVIDIA-H100-DPX","","FIELD-CAP-IMPLEMENTATION-LEVEL","dedicated_instruction","","","COND-NONE","direct_statement","single_source","provisional","","","medium","Single selected first-party source candidate; pending parent review.","H100|FACT-NVIDIA-H100-DPX-IMPL-LEVEL","draft",""
"FACT-NVIDIA-H100-DPX-THROUGHPUT-16","","","","","","CAP-NVIDIA-H100-DPX","","FIELD-CAP-THROUGHPUT","","128","operations/cycle/SM","COND-NONE","direct_statement","corroborated","provisional","","","medium","Single selected first-party source candidate; pending parent review.","H100|FACT-NVIDIA-H100-DPX-THROUGHPUT-16","draft",""
"FACT-NVIDIA-H100-TRANSFORMER-ENGINE-LEVEL","","","","","","CAP-NVIDIA-H100-TRANSFORMER-ENGINE","","FIELD-CAP-IMPLEMENTATION-LEVEL","configurable_engine","","","COND-NONE","direct_statement","single_source","provisional","","","medium","Source describes software plus custom Hopper Tensor Core technology; parent should review whether configurable_engine is the least misleading enum.","H100|FACT-NVIDIA-H100-TRANSFORMER-ENGINE-LEVEL","needs_resolution",""
"FACT-NVIDIA-H100-TRANSFORMER-ENGINE-DETAIL","","","","","","CAP-NVIDIA-H100-TRANSFORMER-ENGINE","","FIELD-CAP-IMPLEMENTATION-DETAIL","Selects FP8 or 16-bit computation using tensor statistics and scaling factors, with scaling and recasting","","","COND-NONE","direct_statement","single_source","provisional","","","medium","Single selected first-party source candidate; pending parent review.","H100|FACT-NVIDIA-H100-TRANSFORMER-ENGINE-DETAIL","draft",""
"FACT-NVIDIA-H100-NVDEC-COUNT","","COMP-NVIDIA-H100-NVDEC","","","","","","FIELD-COMP-UNIT-COUNT","","7","count","COND-NONE","direct_statement","single_source","provisional","","","medium","Single selected first-party source candidate; pending parent review.","H100|FACT-NVIDIA-H100-NVDEC-COUNT","draft",""
"FACT-NVIDIA-H100-NVJPG-COUNT","","COMP-NVIDIA-H100-NVJPG","","","","","","FIELD-COMP-UNIT-COUNT","","7","count","COND-NONE","direct_statement","single_source","provisional","","","medium","Single selected first-party source candidate; pending parent review.","H100|FACT-NVIDIA-H100-NVJPG-COUNT","draft",""
"FACT-NVIDIA-H100-DER-COMPUTE-BW-FP64-TENSOR","OBJ-NVIDIA-H100-SXM5-80GB","","","","","","","FIELD-DER-COMPUTE-BW-SPEC","","19.97","FLOP/byte","COND-NVIDIA-H100-DER-FP64-TENSOR-CURRENT-HBM","derived","corroborated","provisional","2024-09-24","","high","Direct arithmetic from a dense theoretical compute peak and current 3.35 TB/s HBM nameplate bandwidth.","H100|DER-COMPUTE-BW|FP64-TENSOR|current-3.35TBps","draft","Numerator precision path: PPATH-NVIDIA-H100-FP64-TENSOR"
"FACT-NVIDIA-H100-DER-COMPUTE-BW-TF32","OBJ-NVIDIA-H100-SXM5-80GB","","","","","","","FIELD-DER-COMPUTE-BW-SPEC","","147.67","FLOP/byte","COND-NVIDIA-H100-DER-TF32-CURRENT-HBM","derived","corroborated","provisional","2024-09-24","","high","Direct arithmetic from a dense theoretical compute peak and current 3.35 TB/s HBM nameplate bandwidth.","H100|DER-COMPUTE-BW|TF32|current-3.35TBps","draft","Numerator precision path: PPATH-NVIDIA-H100-TF32"
"FACT-NVIDIA-H100-DER-COMPUTE-BW-FP64-CUDA","OBJ-NVIDIA-H100-SXM5-80GB","","","","","","","FIELD-DER-COMPUTE-BW-SPEC","","10.00","FLOP/byte","COND-NVIDIA-H100-DER-FP64-CUDA-CURRENT-HBM","derived","corroborated","provisional","2024-09-24","","high","Direct arithmetic from a dense theoretical compute peak and current 3.35 TB/s HBM nameplate bandwidth.","H100|DER-COMPUTE-BW|FP64-CUDA|current-3.35TBps","draft","Numerator precision path: PPATH-NVIDIA-H100-FP64-CUDA"
"FACT-NVIDIA-H100-DER-COMPUTE-BW-FP16-TENSOR","OBJ-NVIDIA-H100-SXM5-80GB","","","","","","","FIELD-DER-COMPUTE-BW-SPEC","","295.34","FLOP/byte","COND-NVIDIA-H100-DER-FP16-TENSOR-CURRENT-HBM","derived","corroborated","provisional","2024-09-24","","high","Direct arithmetic from a dense theoretical compute peak and current 3.35 TB/s HBM nameplate bandwidth.","H100|DER-COMPUTE-BW|FP16-TENSOR|current-3.35TBps","draft","Numerator precision path: PPATH-NVIDIA-H100-FP16-TENSOR"
"FACT-NVIDIA-H100-DER-COMPUTE-BW-BF16-TENSOR","OBJ-NVIDIA-H100-SXM5-80GB","","","","","","","FIELD-DER-COMPUTE-BW-SPEC","","295.34","FLOP/byte","COND-NVIDIA-H100-DER-BF16-TENSOR-CURRENT-HBM","derived","corroborated","provisional","2024-09-24","","high","Direct arithmetic from a dense theoretical compute peak and current 3.35 TB/s HBM nameplate bandwidth.","H100|DER-COMPUTE-BW|BF16-TENSOR|current-3.35TBps","draft","Numerator precision path: PPATH-NVIDIA-H100-BF16-TENSOR"
"FACT-NVIDIA-H100-DER-COMPUTE-BW-FP32-CUDA","OBJ-NVIDIA-H100-SXM5-80GB","","","","","","","FIELD-DER-COMPUTE-BW-SPEC","","19.97","FLOP/byte","COND-NVIDIA-H100-DER-FP32-CUDA-CURRENT-HBM","derived","corroborated","provisional","2024-09-24","","high","Direct arithmetic from a dense theoretical compute peak and current 3.35 TB/s HBM nameplate bandwidth.","H100|DER-COMPUTE-BW|FP32-CUDA|current-3.35TBps","draft","Numerator precision path: PPATH-NVIDIA-H100-FP32-CUDA"
"FACT-NVIDIA-H100-DER-COMPUTE-BW-FP8","OBJ-NVIDIA-H100-SXM5-80GB","","","","","","","FIELD-DER-COMPUTE-BW-SPEC","","590.72","FLOP/byte","COND-NVIDIA-H100-DER-FP8-CURRENT-HBM","derived","corroborated","provisional","2024-09-24","","high","Direct arithmetic from a dense theoretical compute peak and current 3.35 TB/s HBM nameplate bandwidth.","H100|DER-COMPUTE-BW|FP8|current-3.35TBps","draft","Numerator precision path: PPATH-NVIDIA-H100-FP8"
"FACT-NVIDIA-GH100-PROCESS","OBJ-NVIDIA-GH100-DIE","","","","","","","FIELD-PHY-PROCESS","TSMC 4N","","","COND-NONE","direct_statement","single_source","provisional","","","high","Official NVIDIA H100 architecture whitepaper v1.04 fixed PDF.","GH100|FACT-NVIDIA-GH100-PROCESS","draft","GH100 die fact; not an H100 SXM5 module dimension."
"FACT-NVIDIA-GH100-TRANSISTORS","OBJ-NVIDIA-GH100-DIE","","","","","","","FIELD-PHY-TRANSISTORS","","80000000000","count","COND-NONE","direct_statement","single_source","provisional","","","high","Official NVIDIA H100 architecture whitepaper v1.04 fixed PDF.","GH100|FACT-NVIDIA-GH100-TRANSISTORS","draft","GH100 die fact; vendor states 80 billion transistors."
"FACT-NVIDIA-GH100-DIE-AREA","OBJ-NVIDIA-GH100-DIE","","","","","","","FIELD-PHY-DIE-AREA","","814","mm2","COND-NONE","direct_statement","single_source","provisional","","","high","Official NVIDIA H100 architecture whitepaper v1.04 fixed PDF.","GH100|FACT-NVIDIA-GH100-DIE-AREA","draft","GH100 die area; not the SXM5 module area."
"FACT-NVIDIA-H100-DSM-DETAIL","","","","","","CAP-NVIDIA-H100-DSM","","FIELD-CAP-IMPLEMENTATION-DETAIL","Thread blocks in a cluster can synchronize and access distributed shared memory; remote shared memory supports load, store and atomic operations; portable cluster size is up to 8 blocks and H100 can select a nonportable 16-block cluster","","","COND-NONE","direct_statement","corroborated","provisional","","","high","Corroborated by the official H100 architecture whitepaper and CUDA Hopper Tuning Guide.","H100|FACT-NVIDIA-H100-DSM-DETAIL","draft","DSM means Distributed Shared Memory. This is a cluster/shared-memory mechanism, not a dedicated MoE or Top-K unit."
"FACT-AWS-TRN2-NCV3-COUNT","","CMP-AWS-TRN2-NCV3","","","","","","FIELD-COMP-UNIT-COUNT","","8","count","COND-NONE","direct_statement","single_source","provisional","","","high","基于试填草稿已定位的一手 AWS 来源；尚待总控独立复核","FFP-FACT-AWS-TRN2-NCV3-COUNT","draft","每个 Trainium2 芯片的 NCv3 数量"
"FACT-AWS-TRN2-MAIN-DMA-COUNT","","CMP-AWS-TRN2-MAIN-DMA","","","","","","FIELD-COMP-UNIT-COUNT","","128","count","COND-NONE","direct_statement","single_source","provisional","","","high","基于试填草稿已定位的一手 AWS 来源；尚待总控独立复核","FFP-FACT-AWS-TRN2-MAIN-DMA-COUNT","draft","单芯片主 DMA engine 数量"
"FACT-AWS-TRN2-GPSIMD-PROC-COUNT","","CMP-AWS-TRN2-GPSIMD-PROCESSOR","","","","","","FIELD-COMP-UNIT-COUNT","","8","count","COND-NONE","direct_statement","single_source","provisional","","","high","基于试填草稿已定位的一手 AWS 来源；尚待总控独立复核","FFP-FACT-AWS-TRN2-GPSIMD-PROC-COUNT","draft","每个 GPSIMD 内的可编程处理器数量"
"FACT-AWS-TRN2-GPSIMD-ISSUE-WIDTH","","CMP-AWS-TRN2-GPSIMD-PROCESSOR","","","","","","FIELD-COMP-ISSUE-WIDTH","","512","bit","COND-NONE","direct_statement","single_source","provisional","","","high","基于试填草稿已定位的一手 AWS 来源；尚待总控独立复核","FFP-FACT-AWS-TRN2-GPSIMD-ISSUE-WIDTH","draft","每个 GPSIMD processor 的 SIMD 宽度"
"FACT-AWS-TRN2-DGE-COUNT","","CMP-AWS-TRN2-DGE","","","","","","FIELD-COMP-UNIT-COUNT","","2","count","COND-NONE","direct_statement","single_source","provisional","","","high","基于试填草稿已定位的一手 AWS 来源；尚待总控独立复核","FFP-FACT-AWS-TRN2-DGE-COUNT","draft","每个 NCv3 的 DGE 数量"
"FACT-AWS-TRN2-CCCORE-COUNT-16","","CMP-AWS-TRN2-CC-CORE","","","","","","FIELD-COMP-UNIT-COUNT","","16","count","COND-NONE","direct_statement","source_with_caveat","conflict_member","","","medium","基于试填草稿已定位的一手 AWS 来源；尚待总控独立复核","FFP-FACT-AWS-TRN2-CCCORE-COUNT-16","needs_resolution","S1 报告 16，与 S2 的 20 冲突"
"FACT-AWS-TRN2-CCCORE-COUNT-20","","CMP-AWS-TRN2-CC-CORE","","","","","","FIELD-COMP-UNIT-COUNT","","20","count","COND-NONE","direct_statement","source_with_caveat","conflict_member","","","medium","基于试填草稿已定位的一手 AWS 来源；尚待总控独立复核","FFP-FACT-AWS-TRN2-CCCORE-COUNT-20","needs_resolution","S2 报告 20，与 S1 的 16 冲突"
"FACT-AWS-TRN2-TENSOR-ARRAY-SHAPE","","CMP-AWS-TRN2-TENSOR","","","","","","FIELD-COMP-ARRAY-SHAPE","128x128 physical systolic processing-element array","","","COND-NONE","direct_statement","single_source","provisional","","","high","基于试填草稿已定位的一手 AWS 来源；尚待总控独立复核","FFP-FACT-AWS-TRN2-TENSOR-ARRAY-SHAPE","draft","FP8 double-row 的 256x128 是接口收缩形态，不改变物理阵列"
"FACT-AWS-TRN2-TENSOR-FP8-TILE","","","","","PP-AWS-TRN2-TENSOR-FP8","","","FIELD-COMP-INSTRUCTION-TILE","Maximum documented double-row example: M=128, K=256, N=512","","","COND-AWS-TRN2-CORE-FP8-DENSE-PUB","direct_statement","single_source","provisional","","","high","基于试填草稿已定位的一手 AWS 来源；尚待总控独立复核","FFP-FACT-AWS-TRN2-TENSOR-FP8-TILE","draft","只适用于 FP8 double-row 示例；不可与列切片、稀疏或转置模式并用"
"FACT-AWS-TRN2-TENSOR-EXECUTION-RATES","","CMP-AWS-TRN2-TENSOR","","","","","","FIELD-COMP-EXECUTION","Dense FP8 input 4x128 elements/cycle; BF16/FP16 input 2x128; structured-sparse input 5x128; output 1x128","","","COND-NONE","direct_statement","single_source","provisional","","","medium","基于试填草稿已定位的一手 AWS 来源；尚待总控独立复核","FFP-FACT-AWS-TRN2-TENSOR-EXECUTION-RATES","draft","不同格式和稀疏条件合并为一条原文机制说明，不作为吞吐相加依据"
"FACT-AWS-TRN2-TENSOR-FP8-OPERAND-A","","","","","PP-AWS-TRN2-TENSOR-FP8","","","FIELD-NUM-OPERAND-A","float8_e4m3 or float8_e5m2","","","COND-AWS-TRN2-CORE-FP8-DENSE-PUB","direct_statement","single_source","provisional","","","high","基于试填草稿已定位的一手 AWS 来源；尚待总控独立复核","FFP-FACT-AWS-TRN2-TENSOR-FP8-OPERAND-A","draft","Tensor matrix operand A format"
"FACT-AWS-TRN2-TENSOR-FP8-OPERAND-B","","","","","PP-AWS-TRN2-TENSOR-FP8","","","FIELD-NUM-OPERAND-B","float8_e4m3 or float8_e5m2","","","COND-AWS-TRN2-CORE-FP8-DENSE-PUB","direct_statement","single_source","provisional","","","high","基于试填草稿已定位的一手 AWS 来源；尚待总控独立复核","FFP-FACT-AWS-TRN2-TENSOR-FP8-OPERAND-B","draft","Tensor matrix operand B format；混合输入另受 TF32/FP32 配对约束"
"FACT-AWS-TRN2-TENSOR-FP8-ACCUM","","","","","PP-AWS-TRN2-TENSOR-FP8","","","FIELD-NUM-ACCUMULATION","FP32 internal accumulation semantics","","","COND-AWS-TRN2-CORE-FP8-DENSE-PUB","direct_statement","single_source","provisional","","","high","基于试填草稿已定位的一手 AWS 来源；尚待总控独立复核","FFP-FACT-AWS-TRN2-TENSOR-FP8-ACCUM","draft","不等同于公开了物理累加器位宽"
"FACT-AWS-TRN2-TENSOR-FP8-OUTPUT","","","","","PP-AWS-TRN2-TENSOR-FP8","","","FIELD-NUM-OUTPUT","FP32 PSUM destination tile","","","COND-AWS-TRN2-CORE-FP8-DENSE-PUB","direct_statement","single_source","provisional","","","high","基于试填草稿已定位的一手 AWS 来源；尚待总控独立复核","FFP-FACT-AWS-TRN2-TENSOR-FP8-OUTPUT","draft","NCv3 PSUM 目标 tile 格式"
"FACT-AWS-TRN2-TENSOR-BF16-OPERAND-A","","","","","PP-AWS-TRN2-TENSOR-BF16","","","FIELD-NUM-OPERAND-A","BF16","","","COND-AWS-TRN2-CORE-BF16-DENSE-PUB","direct_statement","single_source","provisional","","","high","基于试填草稿已定位的一手 AWS 来源；尚待总控独立复核","FFP-FACT-AWS-TRN2-TENSOR-BF16-OPERAND-A","draft","Tensor matrix operand A format"
"FACT-AWS-TRN2-TENSOR-BF16-OPERAND-B","","","","","PP-AWS-TRN2-TENSOR-BF16","","","FIELD-NUM-OPERAND-B","BF16","","","COND-AWS-TRN2-CORE-BF16-DENSE-PUB","direct_statement","single_source","provisional","","","high","基于试填草稿已定位的一手 AWS 来源；尚待总控独立复核","FFP-FACT-AWS-TRN2-TENSOR-BF16-OPERAND-B","draft","Tensor matrix operand B format；混合输入另受 TF32/FP32 配对约束"
"FACT-AWS-TRN2-TENSOR-BF16-ACCUM","","","","","PP-AWS-TRN2-TENSOR-BF16","","","FIELD-NUM-ACCUMULATION","FP32 internal accumulation semantics","","","COND-AWS-TRN2-CORE-BF16-DENSE-PUB","direct_statement","single_source","provisional","","","high","基于试填草稿已定位的一手 AWS 来源；尚待总控独立复核","FFP-FACT-AWS-TRN2-TENSOR-BF16-ACCUM","draft","不等同于公开了物理累加器位宽"
"FACT-AWS-TRN2-TENSOR-BF16-OUTPUT","","","","","PP-AWS-TRN2-TENSOR-BF16","","","FIELD-NUM-OUTPUT","FP32 PSUM destination tile","","","COND-AWS-TRN2-CORE-BF16-DENSE-PUB","direct_statement","single_source","provisional","","","high","基于试填草稿已定位的一手 AWS 来源；尚待总控独立复核","FFP-FACT-AWS-TRN2-TENSOR-BF16-OUTPUT","draft","NCv3 PSUM 目标 tile 格式"
"FACT-AWS-TRN2-TENSOR-FP16-OPERAND-A","","","","","PP-AWS-TRN2-TENSOR-FP16","","","FIELD-NUM-OPERAND-A","FP16","","","COND-AWS-TRN2-CORE-FP16-DENSE-PUB","direct_statement","single_source","provisional","","","high","基于试填草稿已定位的一手 AWS 来源；尚待总控独立复核","FFP-FACT-AWS-TRN2-TENSOR-FP16-OPERAND-A","draft","Tensor matrix operand A format"
"FACT-AWS-TRN2-TENSOR-FP16-OPERAND-B","","","","","PP-AWS-TRN2-TENSOR-FP16","","","FIELD-NUM-OPERAND-B","FP16","","","COND-AWS-TRN2-CORE-FP16-DENSE-PUB","direct_statement","single_source","provisional","","","high","基于试填草稿已定位的一手 AWS 来源；尚待总控独立复核","FFP-FACT-AWS-TRN2-TENSOR-FP16-OPERAND-B","draft","Tensor matrix operand B format；混合输入另受 TF32/FP32 配对约束"
"FACT-AWS-TRN2-TENSOR-FP16-ACCUM","","","","","PP-AWS-TRN2-TENSOR-FP16","","","FIELD-NUM-ACCUMULATION","FP32 internal accumulation semantics","","","COND-AWS-TRN2-CORE-FP16-DENSE-PUB","direct_statement","single_source","provisional","","","high","基于试填草稿已定位的一手 AWS 来源；尚待总控独立复核","FFP-FACT-AWS-TRN2-TENSOR-FP16-ACCUM","draft","不等同于公开了物理累加器位宽"
"FACT-AWS-TRN2-TENSOR-FP16-OUTPUT","","","","","PP-AWS-TRN2-TENSOR-FP16","","","FIELD-NUM-OUTPUT","FP32 PSUM destination tile","","","COND-AWS-TRN2-CORE-FP16-DENSE-PUB","direct_statement","single_source","provisional","","","high","基于试填草稿已定位的一手 AWS 来源；尚待总控独立复核","FFP-FACT-AWS-TRN2-TENSOR-FP16-OUTPUT","draft","NCv3 PSUM 目标 tile 格式"
"FACT-AWS-TRN2-TENSOR-TF32-OPERAND-A","","","","","PP-AWS-TRN2-TENSOR-TF32","","","FIELD-NUM-OPERAND-A","TF32","","","COND-AWS-TRN2-CORE-TF32-DENSE-PUB","direct_statement","single_source","provisional","","","high","基于试填草稿已定位的一手 AWS 来源；尚待总控独立复核","FFP-FACT-AWS-TRN2-TENSOR-TF32-OPERAND-A","draft","Tensor matrix operand A format"
"FACT-AWS-TRN2-TENSOR-TF32-OPERAND-B","","","","","PP-AWS-TRN2-TENSOR-TF32","","","FIELD-NUM-OPERAND-B","TF32","","","COND-AWS-TRN2-CORE-TF32-DENSE-PUB","direct_statement","single_source","provisional","","","high","基于试填草稿已定位的一手 AWS 来源；尚待总控独立复核","FFP-FACT-AWS-TRN2-TENSOR-TF32-OPERAND-B","draft","Tensor matrix operand B format；混合输入另受 TF32/FP32 配对约束"
"FACT-AWS-TRN2-TENSOR-TF32-ACCUM","","","","","PP-AWS-TRN2-TENSOR-TF32","","","FIELD-NUM-ACCUMULATION","FP32 internal accumulation semantics","","","COND-AWS-TRN2-CORE-TF32-DENSE-PUB","direct_statement","single_source","provisional","","","high","基于试填草稿已定位的一手 AWS 来源；尚待总控独立复核","FFP-FACT-AWS-TRN2-TENSOR-TF32-ACCUM","draft","不等同于公开了物理累加器位宽"
"FACT-AWS-TRN2-TENSOR-TF32-OUTPUT","","","","","PP-AWS-TRN2-TENSOR-TF32","","","FIELD-NUM-OUTPUT","FP32 PSUM destination tile","","","COND-AWS-TRN2-CORE-TF32-DENSE-PUB","direct_statement","single_source","provisional","","","high","基于试填草稿已定位的一手 AWS 来源；尚待总控独立复核","FFP-FACT-AWS-TRN2-TENSOR-TF32-OUTPUT","draft","NCv3 PSUM 目标 tile 格式"
"FACT-AWS-TRN2-TENSOR-FP32-OPERAND-A","","","","","PP-AWS-TRN2-TENSOR-FP32","","","FIELD-NUM-OPERAND-A","FP32","","","COND-AWS-TRN2-CORE-FP32-DENSE-PUB","direct_statement","single_source","provisional","","","high","基于试填草稿已定位的一手 AWS 来源；尚待总控独立复核","FFP-FACT-AWS-TRN2-TENSOR-FP32-OPERAND-A","draft","Tensor matrix operand A format"
"FACT-AWS-TRN2-TENSOR-FP32-OPERAND-B","","","","","PP-AWS-TRN2-TENSOR-FP32","","","FIELD-NUM-OPERAND-B","FP32","","","COND-AWS-TRN2-CORE-FP32-DENSE-PUB","direct_statement","single_source","provisional","","","high","基于试填草稿已定位的一手 AWS 来源；尚待总控独立复核","FFP-FACT-AWS-TRN2-TENSOR-FP32-OPERAND-B","draft","Tensor matrix operand B format；混合输入另受 TF32/FP32 配对约束"
"FACT-AWS-TRN2-TENSOR-FP32-ACCUM","","","","","PP-AWS-TRN2-TENSOR-FP32","","","FIELD-NUM-ACCUMULATION","FP32 internal accumulation semantics","","","COND-AWS-TRN2-CORE-FP32-DENSE-PUB","direct_statement","single_source","provisional","","","high","基于试填草稿已定位的一手 AWS 来源；尚待总控独立复核","FFP-FACT-AWS-TRN2-TENSOR-FP32-ACCUM","draft","不等同于公开了物理累加器位宽"
"FACT-AWS-TRN2-TENSOR-FP32-OUTPUT","","","","","PP-AWS-TRN2-TENSOR-FP32","","","FIELD-NUM-OUTPUT","FP32 PSUM destination tile","","","COND-AWS-TRN2-CORE-FP32-DENSE-PUB","direct_statement","single_source","provisional","","","high","基于试填草稿已定位的一手 AWS 来源；尚待总控独立复核","FFP-FACT-AWS-TRN2-TENSOR-FP32-OUTPUT","draft","NCv3 PSUM 目标 tile 格式"
"FACT-AWS-TRN2-TENSOR-FP8-ROUNDING","","","","","PP-AWS-TRN2-TENSOR-FP8","","","FIELD-NUM-ROUNDING","Round Nearest Even (RNE) and stochastic rounding are supported","","","COND-AWS-TRN2-CORE-FP8-DENSE-PUB","direct_statement","single_source","provisional","","","medium","基于试填草稿已定位的一手 AWS 来源；尚待总控独立复核","FFP-FACT-AWS-TRN2-TENSOR-FP8-ROUNDING","draft","试填草稿未把每种舍入模式限定到单一算子"
"FACT-AWS-TRN2-TENSOR-FP8-SCALING","","","","","PP-AWS-TRN2-TENSOR-FP8","","","FIELD-NUM-SCALING-MODE","cFP8 supports configurable exponent bias","","","COND-AWS-TRN2-CORE-FP8-DENSE-PUB","direct_statement","single_source","provisional","","","medium","基于试填草稿已定位的一手 AWS 来源；尚待总控独立复核","FFP-FACT-AWS-TRN2-TENSOR-FP8-SCALING","draft","不扩展为未公开的缩放粒度"
"FACT-AWS-TRN2-SPARSITY-MODES","","","","","PP-AWS-TRN2-TENSOR-FP8","","","FIELD-NUM-SPARSITY","structured_sparse","","","COND-AWS-TRN2-CORE-FP8-SPARSE-PUB","direct_statement","single_source","provisional","","","high","基于试填草稿已定位的一手 AWS 来源；尚待总控独立复核","FFP-FACT-AWS-TRN2-SPARSITY-MODES","draft","支持 4:16、4:12、4:8、2:8、2:4、1:4、1:2"
"FACT-AWS-TRN2-CHIP-FP8-DENSE-PUB","","","","","PP-AWS-TRN2-CHIP-TENSOR-FP8","","","FIELD-COMP-THROUGHPUT","","1299000000000000","FLOP/s","COND-AWS-TRN2-CHIP-FP8-DENSE-PUB","direct_statement","source_with_caveat","conflict_member","","","medium","基于试填草稿已定位的一手 AWS 来源；尚待总控独立复核","FFP-FACT-AWS-TRN2-CHIP-FP8-DENSE-PUB","needs_resolution","S1 单芯片聚合峰值；与 8 倍单核值不一致"
"FACT-AWS-TRN2-CORE-FP8-DENSE-PUB","","","","","PP-AWS-TRN2-TENSOR-FP8","","","FIELD-COMP-THROUGHPUT","","158000000000000","FLOP/s","COND-AWS-TRN2-CORE-FP8-DENSE-PUB","direct_statement","single_source","provisional","","","high","基于试填草稿已定位的一手 AWS 来源；尚待总控独立复核","FFP-FACT-AWS-TRN2-CORE-FP8-DENSE-PUB","draft","每个 NCv3 公开峰值"
"FACT-AWS-TRN2-CHIP-FP8-DENSE-DER8","","","","","PP-AWS-TRN2-CHIP-TENSOR-FP8","","","FIELD-COMP-THROUGHPUT","","1264000000000000","FLOP/s","COND-AWS-TRN2-CHIP-FP8-DENSE-DER8","derived","single_source","provisional","","","medium","基于试填草稿已定位的一手 AWS 来源；尚待总控独立复核","FFP-FACT-AWS-TRN2-CHIP-FP8-DENSE-DER8","needs_resolution","8×每 NCv3 公开值；不覆盖 S1 芯片表；aggregation_validity=unresolved；不得视为 AWS 芯片直接规格。"
"FACT-AWS-TRN2-CHIP-BF16-DENSE-PUB","","","","","PP-AWS-TRN2-CHIP-TENSOR-BF16","","","FIELD-COMP-THROUGHPUT","","667000000000000","FLOP/s","COND-AWS-TRN2-CHIP-BF16-DENSE-PUB","direct_statement","source_with_caveat","conflict_member","","","medium","基于试填草稿已定位的一手 AWS 来源；尚待总控独立复核","FFP-FACT-AWS-TRN2-CHIP-BF16-DENSE-PUB","needs_resolution","S1 单芯片聚合峰值；与 8 倍单核值不一致"
"FACT-AWS-TRN2-CORE-BF16-DENSE-PUB","","","","","PP-AWS-TRN2-TENSOR-BF16","","","FIELD-COMP-THROUGHPUT","","79000000000000","FLOP/s","COND-AWS-TRN2-CORE-BF16-DENSE-PUB","direct_statement","single_source","provisional","","","high","基于试填草稿已定位的一手 AWS 来源；尚待总控独立复核","FFP-FACT-AWS-TRN2-CORE-BF16-DENSE-PUB","draft","每个 NCv3 公开峰值"
"FACT-AWS-TRN2-CHIP-BF16-DENSE-DER8","","","","","PP-AWS-TRN2-CHIP-TENSOR-BF16","","","FIELD-COMP-THROUGHPUT","","632000000000000","FLOP/s","COND-AWS-TRN2-CHIP-BF16-DENSE-DER8","derived","single_source","provisional","","","medium","基于试填草稿已定位的一手 AWS 来源；尚待总控独立复核","FFP-FACT-AWS-TRN2-CHIP-BF16-DENSE-DER8","needs_resolution","8×每 NCv3 公开值；不覆盖 S1 芯片表；aggregation_validity=unresolved；不得视为 AWS 芯片直接规格。"
"FACT-AWS-TRN2-CHIP-FP16-DENSE-PUB","","","","","PP-AWS-TRN2-CHIP-TENSOR-FP16","","","FIELD-COMP-THROUGHPUT","","667000000000000","FLOP/s","COND-AWS-TRN2-CHIP-FP16-DENSE-PUB","direct_statement","source_with_caveat","conflict_member","","","medium","基于试填草稿已定位的一手 AWS 来源；尚待总控独立复核","FFP-FACT-AWS-TRN2-CHIP-FP16-DENSE-PUB","needs_resolution","S1 单芯片聚合峰值；与 8 倍单核值不一致"
"FACT-AWS-TRN2-CORE-FP16-DENSE-PUB","","","","","PP-AWS-TRN2-TENSOR-FP16","","","FIELD-COMP-THROUGHPUT","","79000000000000","FLOP/s","COND-AWS-TRN2-CORE-FP16-DENSE-PUB","direct_statement","single_source","provisional","","","high","基于试填草稿已定位的一手 AWS 来源；尚待总控独立复核","FFP-FACT-AWS-TRN2-CORE-FP16-DENSE-PUB","draft","每个 NCv3 公开峰值"
"FACT-AWS-TRN2-CHIP-FP16-DENSE-DER8","","","","","PP-AWS-TRN2-CHIP-TENSOR-FP16","","","FIELD-COMP-THROUGHPUT","","632000000000000","FLOP/s","COND-AWS-TRN2-CHIP-FP16-DENSE-DER8","derived","single_source","provisional","","","medium","基于试填草稿已定位的一手 AWS 来源；尚待总控独立复核","FFP-FACT-AWS-TRN2-CHIP-FP16-DENSE-DER8","needs_resolution","8×每 NCv3 公开值；不覆盖 S1 芯片表；aggregation_validity=unresolved；不得视为 AWS 芯片直接规格。"
"FACT-AWS-TRN2-CHIP-TF32-DENSE-PUB","","","","","PP-AWS-TRN2-CHIP-TENSOR-TF32","","","FIELD-COMP-THROUGHPUT","","667000000000000","FLOP/s","COND-AWS-TRN2-CHIP-TF32-DENSE-PUB","direct_statement","source_with_caveat","conflict_member","","","medium","基于试填草稿已定位的一手 AWS 来源；尚待总控独立复核","FFP-FACT-AWS-TRN2-CHIP-TF32-DENSE-PUB","needs_resolution","S1 单芯片聚合峰值；与 8 倍单核值不一致"
"FACT-AWS-TRN2-CORE-TF32-DENSE-PUB","","","","","PP-AWS-TRN2-TENSOR-TF32","","","FIELD-COMP-THROUGHPUT","","79000000000000","FLOP/s","COND-AWS-TRN2-CORE-TF32-DENSE-PUB","direct_statement","single_source","provisional","","","high","基于试填草稿已定位的一手 AWS 来源；尚待总控独立复核","FFP-FACT-AWS-TRN2-CORE-TF32-DENSE-PUB","draft","每个 NCv3 公开峰值"
"FACT-AWS-TRN2-CHIP-TF32-DENSE-DER8","","","","","PP-AWS-TRN2-CHIP-TENSOR-TF32","","","FIELD-COMP-THROUGHPUT","","632000000000000","FLOP/s","COND-AWS-TRN2-CHIP-TF32-DENSE-DER8","derived","single_source","provisional","","","medium","基于试填草稿已定位的一手 AWS 来源；尚待总控独立复核","FFP-FACT-AWS-TRN2-CHIP-TF32-DENSE-DER8","needs_resolution","8×每 NCv3 公开值；不覆盖 S1 芯片表；aggregation_validity=unresolved；不得视为 AWS 芯片直接规格。"
"FACT-AWS-TRN2-CHIP-FP32-DENSE-PUB","","","","","PP-AWS-TRN2-TENSOR-FP32","","","FIELD-COMP-THROUGHPUT","","181000000000000","FLOP/s","COND-AWS-TRN2-CHIP-FP32-DENSE-PUB","direct_statement","source_with_caveat","conflict_member","","","medium","基于试填草稿已定位的一手 AWS 来源；尚待总控独立复核","FFP-FACT-AWS-TRN2-CHIP-FP32-DENSE-PUB","needs_resolution","S1 单芯片聚合峰值；与 8 倍单核值不一致"
"FACT-AWS-TRN2-CORE-FP32-DENSE-PUB","","","","","PP-AWS-TRN2-TENSOR-FP32","","","FIELD-COMP-THROUGHPUT","","20000000000000","FLOP/s","COND-AWS-TRN2-CORE-FP32-DENSE-PUB","direct_statement","single_source","provisional","","","high","基于试填草稿已定位的一手 AWS 来源；尚待总控独立复核","FFP-FACT-AWS-TRN2-CORE-FP32-DENSE-PUB","draft","每个 NCv3 公开峰值"
"FACT-AWS-TRN2-CHIP-FP32-DENSE-DER8","","","","","PP-AWS-TRN2-TENSOR-FP32","","","FIELD-COMP-THROUGHPUT","","160000000000000","FLOP/s","COND-AWS-TRN2-CHIP-FP32-DENSE-DER8","derived","single_source","provisional","","","medium","基于试填草稿已定位的一手 AWS 来源；尚待总控独立复核","FFP-FACT-AWS-TRN2-CHIP-FP32-DENSE-DER8","needs_resolution","8×每 NCv3 公开值；不覆盖 S1 芯片表；aggregation_validity=unresolved；不得视为 AWS 芯片直接规格。"
"FACT-AWS-TRN2-CHIP-FP8-SPARSE-PUB","","","","","PP-AWS-TRN2-CHIP-TENSOR-FP8","","","FIELD-COMP-THROUGHPUT","","2563000000000000","FLOP/s","COND-AWS-TRN2-CHIP-FP8-SPARSE-PUB","direct_statement","source_with_caveat","conflict_member","","","medium","基于试填草稿已定位的一手 AWS 来源；尚待总控独立复核","FFP-FACT-AWS-TRN2-CHIP-FP8-SPARSE-PUB","needs_resolution","S1 当前稀疏峰值；与单核乘算及历史发布值冲突"
"FACT-AWS-TRN2-CORE-FP8-SPARSE-PUB","","","","","PP-AWS-TRN2-TENSOR-FP8","","","FIELD-COMP-THROUGHPUT","","316000000000000","FLOP/s","COND-AWS-TRN2-CORE-FP8-SPARSE-PUB","direct_statement","single_source","provisional","","","high","基于试填草稿已定位的一手 AWS 来源；尚待总控独立复核","FFP-FACT-AWS-TRN2-CORE-FP8-SPARSE-PUB","draft","每个 NCv3 结构化稀疏峰值"
"FACT-AWS-TRN2-CHIP-FP8-SPARSE-DER8","","","","","PP-AWS-TRN2-CHIP-TENSOR-FP8","","","FIELD-COMP-THROUGHPUT","","2528000000000000","FLOP/s","COND-AWS-TRN2-CHIP-FP8-SPARSE-DER8","derived","single_source","provisional","","","medium","基于试填草稿已定位的一手 AWS 来源；尚待总控独立复核","FFP-FACT-AWS-TRN2-CHIP-FP8-SPARSE-DER8","needs_resolution","8×316 TFLOPS；不覆盖 S1 芯片表；aggregation_validity=unresolved；不得视为 AWS 芯片直接规格。"
"FACT-AWS-TRN2-CHIP-FP8-SPARSE-HIST2024","","","","","PP-AWS-TRN2-CHIP-TENSOR-FP8","","","FIELD-COMP-THROUGHPUT","","5200000000000000","FLOP/s","COND-AWS-TRN2-CHIP-FP8-SPARSE-HIST2024","direct_statement","source_with_caveat","conflict_member","","","medium","基于试填草稿已定位的一手 AWS 来源；尚待总控独立复核","FFP-FACT-AWS-TRN2-CHIP-FP8-SPARSE-HIST2024","needs_resolution","S10 2024-12-03 历史发布值；与当前架构页冲突"
"FACT-AWS-TRN2-CHIP-BF16-SPARSE-PUB","","","","","PP-AWS-TRN2-CHIP-TENSOR-BF16","","","FIELD-COMP-THROUGHPUT","","2563000000000000","FLOP/s","COND-AWS-TRN2-CHIP-BF16-SPARSE-PUB","direct_statement","source_with_caveat","conflict_member","","","medium","基于试填草稿已定位的一手 AWS 来源；尚待总控独立复核","FFP-FACT-AWS-TRN2-CHIP-BF16-SPARSE-PUB","needs_resolution","S1 当前稀疏峰值；与单核乘算及历史发布值冲突"
"FACT-AWS-TRN2-CORE-BF16-SPARSE-PUB","","","","","PP-AWS-TRN2-TENSOR-BF16","","","FIELD-COMP-THROUGHPUT","","316000000000000","FLOP/s","COND-AWS-TRN2-CORE-BF16-SPARSE-PUB","direct_statement","single_source","provisional","","","high","基于试填草稿已定位的一手 AWS 来源；尚待总控独立复核","FFP-FACT-AWS-TRN2-CORE-BF16-SPARSE-PUB","draft","每个 NCv3 结构化稀疏峰值"
"FACT-AWS-TRN2-CHIP-BF16-SPARSE-DER8","","","","","PP-AWS-TRN2-CHIP-TENSOR-BF16","","","FIELD-COMP-THROUGHPUT","","2528000000000000","FLOP/s","COND-AWS-TRN2-CHIP-BF16-SPARSE-DER8","derived","single_source","provisional","","","medium","基于试填草稿已定位的一手 AWS 来源；尚待总控独立复核","FFP-FACT-AWS-TRN2-CHIP-BF16-SPARSE-DER8","needs_resolution","8×316 TFLOPS；不覆盖 S1 芯片表；aggregation_validity=unresolved；不得视为 AWS 芯片直接规格。"
"FACT-AWS-TRN2-CHIP-BF16-SPARSE-HIST2024","","","","","PP-AWS-TRN2-CHIP-TENSOR-BF16","","","FIELD-COMP-THROUGHPUT","","5200000000000000","FLOP/s","COND-AWS-TRN2-CHIP-BF16-SPARSE-HIST2024","direct_statement","source_with_caveat","conflict_member","","","medium","基于试填草稿已定位的一手 AWS 来源；尚待总控独立复核","FFP-FACT-AWS-TRN2-CHIP-BF16-SPARSE-HIST2024","needs_resolution","S10 2024-12-03 历史发布值；与当前架构页冲突"
"FACT-AWS-TRN2-CHIP-FP16-SPARSE-PUB","","","","","PP-AWS-TRN2-CHIP-TENSOR-FP16","","","FIELD-COMP-THROUGHPUT","","2563000000000000","FLOP/s","COND-AWS-TRN2-CHIP-FP16-SPARSE-PUB","direct_statement","source_with_caveat","conflict_member","","","medium","基于试填草稿已定位的一手 AWS 来源；尚待总控独立复核","FFP-FACT-AWS-TRN2-CHIP-FP16-SPARSE-PUB","needs_resolution","S1 当前稀疏峰值；与单核乘算及历史发布值冲突"
"FACT-AWS-TRN2-CORE-FP16-SPARSE-PUB","","","","","PP-AWS-TRN2-TENSOR-FP16","","","FIELD-COMP-THROUGHPUT","","316000000000000","FLOP/s","COND-AWS-TRN2-CORE-FP16-SPARSE-PUB","direct_statement","single_source","provisional","","","high","基于试填草稿已定位的一手 AWS 来源；尚待总控独立复核","FFP-FACT-AWS-TRN2-CORE-FP16-SPARSE-PUB","draft","每个 NCv3 结构化稀疏峰值"
"FACT-AWS-TRN2-CHIP-FP16-SPARSE-DER8","","","","","PP-AWS-TRN2-CHIP-TENSOR-FP16","","","FIELD-COMP-THROUGHPUT","","2528000000000000","FLOP/s","COND-AWS-TRN2-CHIP-FP16-SPARSE-DER8","derived","single_source","provisional","","","medium","基于试填草稿已定位的一手 AWS 来源；尚待总控独立复核","FFP-FACT-AWS-TRN2-CHIP-FP16-SPARSE-DER8","needs_resolution","8×316 TFLOPS；不覆盖 S1 芯片表；aggregation_validity=unresolved；不得视为 AWS 芯片直接规格。"
"FACT-AWS-TRN2-CHIP-FP16-SPARSE-HIST2024","","","","","PP-AWS-TRN2-CHIP-TENSOR-FP16","","","FIELD-COMP-THROUGHPUT","","5200000000000000","FLOP/s","COND-AWS-TRN2-CHIP-FP16-SPARSE-HIST2024","direct_statement","source_with_caveat","conflict_member","","","medium","基于试填草稿已定位的一手 AWS 来源；尚待总控独立复核","FFP-FACT-AWS-TRN2-CHIP-FP16-SPARSE-HIST2024","needs_resolution","S10 2024-12-03 历史发布值；与当前架构页冲突"
"FACT-AWS-TRN2-CHIP-TF32-SPARSE-PUB","","","","","PP-AWS-TRN2-CHIP-TENSOR-TF32","","","FIELD-COMP-THROUGHPUT","","2563000000000000","FLOP/s","COND-AWS-TRN2-CHIP-TF32-SPARSE-PUB","direct_statement","source_with_caveat","conflict_member","","","medium","基于试填草稿已定位的一手 AWS 来源；尚待总控独立复核","FFP-FACT-AWS-TRN2-CHIP-TF32-SPARSE-PUB","needs_resolution","S1 当前稀疏峰值；与单核乘算及历史发布值冲突"
"FACT-AWS-TRN2-CORE-TF32-SPARSE-PUB","","","","","PP-AWS-TRN2-TENSOR-TF32","","","FIELD-COMP-THROUGHPUT","","316000000000000","FLOP/s","COND-AWS-TRN2-CORE-TF32-SPARSE-PUB","direct_statement","single_source","provisional","","","high","基于试填草稿已定位的一手 AWS 来源；尚待总控独立复核","FFP-FACT-AWS-TRN2-CORE-TF32-SPARSE-PUB","draft","每个 NCv3 结构化稀疏峰值"
"FACT-AWS-TRN2-CHIP-TF32-SPARSE-DER8","","","","","PP-AWS-TRN2-CHIP-TENSOR-TF32","","","FIELD-COMP-THROUGHPUT","","2528000000000000","FLOP/s","COND-AWS-TRN2-CHIP-TF32-SPARSE-DER8","derived","single_source","provisional","","","medium","基于试填草稿已定位的一手 AWS 来源；尚待总控独立复核","FFP-FACT-AWS-TRN2-CHIP-TF32-SPARSE-DER8","needs_resolution","8×316 TFLOPS；不覆盖 S1 芯片表；aggregation_validity=unresolved；不得视为 AWS 芯片直接规格。"
"FACT-AWS-TRN2-CHIP-TF32-SPARSE-HIST2024","","","","","PP-AWS-TRN2-CHIP-TENSOR-TF32","","","FIELD-COMP-THROUGHPUT","","5200000000000000","FLOP/s","COND-AWS-TRN2-CHIP-TF32-SPARSE-HIST2024","direct_statement","source_with_caveat","conflict_member","","","medium","基于试填草稿已定位的一手 AWS 来源；尚待总控独立复核","FFP-FACT-AWS-TRN2-CHIP-TF32-SPARSE-HIST2024","needs_resolution","S10 2024-12-03 历史发布值；与当前架构页冲突"
"FACT-AWS-TRN2-VECTOR-FP32-CORE","","","","","PP-AWS-TRN2-VECTOR-FP32","","","FIELD-COMP-THROUGHPUT","","1000000000000","FLOP/s","COND-AWS-TRN2-VECTOR-FP32-CORE","direct_statement","single_source","provisional","","","high","基于试填草稿已定位的一手 AWS 来源；尚待总控独立复核","FFP-FACT-AWS-TRN2-VECTOR-FP32-CORE","draft","每个 NCv3 Vector Engine FP32 峰值"
"FACT-AWS-TRN2-VECTOR-FP32-DER8","","","","","PP-AWS-TRN2-VECTOR-FP32","","","FIELD-COMP-THROUGHPUT","","8000000000000","FLOP/s","COND-AWS-TRN2-VECTOR-FP32-DER8","derived","single_source","provisional","","","medium","基于试填草稿已定位的一手 AWS 来源；尚待总控独立复核","FFP-FACT-AWS-TRN2-VECTOR-FP32-DER8","draft","8 核简单乘算；AWS 未单列芯片并发峰值；aggregation_validity=unresolved；不得视为 AWS 芯片直接规格。"
"FACT-AWS-TRN2-SCALAR-FP32-CORE","","","","","PP-AWS-TRN2-SCALAR-FP32","","","FIELD-COMP-THROUGHPUT","","1200000000000","FLOP/s","COND-AWS-TRN2-SCALAR-FP32-CORE","direct_statement","single_source","provisional","","","high","基于试填草稿已定位的一手 AWS 来源；尚待总控独立复核","FFP-FACT-AWS-TRN2-SCALAR-FP32-CORE","draft","每个 NCv3 Scalar Engine FP32 峰值"
"FACT-AWS-TRN2-SCALAR-FP32-DER8","","","","","PP-AWS-TRN2-SCALAR-FP32","","","FIELD-COMP-THROUGHPUT","","9600000000000","FLOP/s","COND-AWS-TRN2-SCALAR-FP32-DER8","derived","single_source","provisional","","","medium","基于试填草稿已定位的一手 AWS 来源；尚待总控独立复核","FFP-FACT-AWS-TRN2-SCALAR-FP32-DER8","draft","8 核简单乘算；AWS 未单列芯片并发峰值；aggregation_validity=unresolved；不得视为 AWS 芯片直接规格。"
"FACT-AWS-TRN2-TENSOR-CLOCK","","CMP-AWS-TRN2-TENSOR","","","","","","FIELD-PHY-CLOCK","","2400000000","Hz","COND-NONE","direct_statement","single_source","provisional","","","high","基于试填草稿已定位的一手 AWS 来源；尚待总控独立复核","FFP-FACT-AWS-TRN2-TENSOR-CLOCK","draft","组件公开工作频率"
"FACT-AWS-TRN2-VECTOR-CLOCK","","CMP-AWS-TRN2-VECTOR","","","","","","FIELD-PHY-CLOCK","","960000000","Hz","COND-NONE","direct_statement","single_source","provisional","","","high","基于试填草稿已定位的一手 AWS 来源；尚待总控独立复核","FFP-FACT-AWS-TRN2-VECTOR-CLOCK","draft","组件公开工作频率"
"FACT-AWS-TRN2-SCALAR-CLOCK","","CMP-AWS-TRN2-SCALAR","","","","","","FIELD-PHY-CLOCK","","1200000000","Hz","COND-NONE","direct_statement","single_source","provisional","","","high","基于试填草稿已定位的一手 AWS 来源；尚待总控独立复核","FFP-FACT-AWS-TRN2-SCALAR-CLOCK","draft","组件公开工作频率"
"FACT-AWS-TRN2-GPSIMD-CLOCK","","CMP-AWS-TRN2-GPSIMD","","","","","","FIELD-PHY-CLOCK","","1200000000","Hz","COND-NONE","direct_statement","single_source","provisional","","","high","基于试填草稿已定位的一手 AWS 来源；尚待总控独立复核","FFP-FACT-AWS-TRN2-GPSIMD-CLOCK","draft","组件公开工作频率"
"FACT-AWS-TRN2-HBM-STACKS","","CMP-AWS-TRN2-HBM","","","","","","FIELD-MEM-INSTANCE-COUNT","","4","count","COND-NONE","direct_statement","single_source","provisional","","","high","基于试填草稿已定位的一手 AWS 来源；尚待总控独立复核","FFP-FACT-AWS-TRN2-HBM-STACKS","draft","每芯片 HBM stack 数"
"FACT-AWS-TRN2-HBM-CAPACITY","","CMP-AWS-TRN2-HBM","","","","","","FIELD-MEM-CAPACITY","","103079215104","byte","COND-AWS-TRN2-BW-CHIP","direct_statement","single_source","provisional","","","high","基于试填草稿已定位的一手 AWS 来源；尚待总控独立复核","FFP-FACT-AWS-TRN2-HBM-CAPACITY","draft","96 GiB"
"FACT-AWS-TRN2-HBM-BANDWIDTH","","CMP-AWS-TRN2-HBM","","","","","","FIELD-MEM-BIDIR-BW","","2900000000000","byte/s","COND-AWS-TRN2-BW-CHIP","direct_statement","single_source","provisional","","","high","基于试填草稿已定位的一手 AWS 来源；尚待总控独立复核","FFP-FACT-AWS-TRN2-HBM-BANDWIDTH","draft","S2 以 3 TB/s 四舍五入；方向未说明"
"FACT-AWS-TRN2-HBM-BANKS","","CMP-AWS-TRN2-HBM","","","","","","FIELD-MEM-BANKS","","4","count","COND-NONE","direct_statement","single_source","provisional","","","high","基于试填草稿已定位的一手 AWS 来源；尚待总控独立复核","FFP-FACT-AWS-TRN2-HBM-BANKS","draft","4 个 24 GB bank"
"FACT-AWS-TRN2-HBM-SHARING","","CMP-AWS-TRN2-HBM","","","","","","FIELD-COMP-SHARED-RESOURCE","Each 24 GB HBM bank is shared by two physical NCv3 cores","","","COND-NONE","direct_statement","single_source","provisional","","","high","基于试填草稿已定位的一手 AWS 来源；尚待总控独立复核","FFP-FACT-AWS-TRN2-HBM-SHARING","draft","LNC 映射说明"
"FACT-AWS-TRN2-SBUF-CAPACITY-CORE","","CMP-AWS-TRN2-SBUF","","","","","","FIELD-MEM-CAPACITY","","29360128","byte","COND-AWS-TRN2-BW-PER-COMP","direct_statement","single_source","provisional","","","high","基于试填草稿已定位的一手 AWS 来源；尚待总控独立复核","FFP-FACT-AWS-TRN2-SBUF-CAPACITY-CORE","draft","每 NCv3 28 MiB"
"FACT-AWS-TRN2-SBUF-PARTITIONS","","CMP-AWS-TRN2-SBUF","","","","","","FIELD-MEM-BANKS","","128","count","COND-NONE","direct_statement","single_source","provisional","","","high","基于试填草稿已定位的一手 AWS 来源；尚待总控独立复核","FFP-FACT-AWS-TRN2-SBUF-PARTITIONS","draft","每核 128 个 224 KiB partition"
"FACT-AWS-TRN2-SBUF-GRANULARITY","","CMP-AWS-TRN2-SBUF","","","","","","FIELD-MEM-GRANULARITY","","229376","byte","COND-NONE","direct_statement","single_source","provisional","","","high","基于试填草稿已定位的一手 AWS 来源；尚待总控独立复核","FFP-FACT-AWS-TRN2-SBUF-GRANULARITY","draft","每 partition 224 KiB"
"FACT-AWS-TRN2-SBUF-MANAGEMENT","","CMP-AWS-TRN2-SBUF","","","","","","FIELD-MEM-MANAGEMENT","software_scratchpad","","","COND-NONE","direct_statement","single_source","provisional","","","high","基于试填草稿已定位的一手 AWS 来源；尚待总控独立复核","FFP-FACT-AWS-TRN2-SBUF-MANAGEMENT","draft","不是硬件管理 cache"
"FACT-AWS-TRN2-PSUM-CAPACITY-CORE","","CMP-AWS-TRN2-PSUM","","","","","","FIELD-MEM-CAPACITY","","2097152","byte","COND-AWS-TRN2-BW-PER-COMP","direct_statement","single_source","provisional","","","high","基于试填草稿已定位的一手 AWS 来源；尚待总控独立复核","FFP-FACT-AWS-TRN2-PSUM-CAPACITY-CORE","draft","每 NCv3 2 MiB"
"FACT-AWS-TRN2-SBUF-CAPACITY-CHIP-AGG","","CMP-AWS-TRN2-SBUF","","","","","","FIELD-COMP-SHARED-RESOURCE","224 MiB aggregate across 8 private NCv3 SBUF stores; not a unified shared cache","","","COND-NONE","direct_statement","single_source","provisional","","","high","基于试填草稿已定位的一手 AWS 来源；尚待总控独立复核","FFP-FACT-AWS-TRN2-SBUF-CAPACITY-CHIP-AGG","draft","保持私有范围语义"
"FACT-AWS-TRN2-MAIN-DMA-BW","","CMP-AWS-TRN2-MAIN-DMA","","","","","","FIELD-MEM-BIDIR-BW","","3500000000000","byte/s","COND-AWS-TRN2-BW-CHIP","direct_statement","single_source","provisional","","","high","基于试填草稿已定位的一手 AWS 来源；尚待总控独立复核","FFP-FACT-AWS-TRN2-MAIN-DMA-BW","draft","芯片聚合，方向口径未公开"
"FACT-AWS-TRN2-GPSIMD-DMA-TOTAL","","CMP-AWS-TRN2-GPSIMD-DMA","","","","","","FIELD-MEM-BIDIR-BW","","307000000000","byte/s","COND-AWS-TRN2-BW-GPSIMD-TOTAL","direct_statement","single_source","provisional","","","high","基于试填草稿已定位的一手 AWS 来源；尚待总控独立复核","FFP-FACT-AWS-TRN2-GPSIMD-DMA-TOTAL","draft","每 NCv3 的 8 个 GPSIMD 处理器合计"
"FACT-AWS-TRN2-GPSIMD-DMA-READ","","CMP-AWS-TRN2-GPSIMD-DMA","","","","","","FIELD-MEM-READ-BW","","153000000000","byte/s","COND-AWS-TRN2-BW-GPSIMD-READ","direct_statement","single_source","provisional","","","high","基于试填草稿已定位的一手 AWS 来源；尚待总控独立复核","FFP-FACT-AWS-TRN2-GPSIMD-DMA-READ","draft","每 NCv3"
"FACT-AWS-TRN2-GPSIMD-DMA-WRITE","","CMP-AWS-TRN2-GPSIMD-DMA","","","","","","FIELD-MEM-WRITE-BW","","153000000000","byte/s","COND-AWS-TRN2-BW-GPSIMD-WRITE","direct_statement","single_source","provisional","","","high","基于试填草稿已定位的一手 AWS 来源；尚待总控独立复核","FFP-FACT-AWS-TRN2-GPSIMD-DMA-WRITE","draft","每 NCv3"
"FACT-AWS-TRN2-3XL-CHIP-QTY","","","","OREL-AWS-TRN2-3XLARGE-CONTAINS-TRAINIUM2","","","","FIELD-REL-QUANTITY","","1","count","COND-NONE","direct_statement","single_source","provisional","","","high","基于试填草稿已定位的一手 AWS 来源；尚待总控独立复核","FFP-FACT-AWS-TRN2-3XL-CHIP-QTY","draft","对象组成数量"
"FACT-AWS-TRN2-48XL-CHIP-QTY","","","","OREL-AWS-TRN2-48XLARGE-CONTAINS-TRAINIUM2","","","","FIELD-REL-QUANTITY","","16","count","COND-NONE","direct_statement","single_source","provisional","","","high","基于试填草稿已定位的一手 AWS 来源；尚待总控独立复核","FFP-FACT-AWS-TRN2-48XL-CHIP-QTY","draft","对象组成数量"
"FACT-AWS-TRN2U-48XL-CHIP-QTY","","","","OREL-AWS-TRN2U-48XLARGE-CONTAINS-TRAINIUM2","","","","FIELD-REL-QUANTITY","","16","count","COND-NONE","direct_statement","single_source","provisional","","","high","基于试填草稿已定位的一手 AWS 来源；尚待总控独立复核","FFP-FACT-AWS-TRN2U-48XL-CHIP-QTY","draft","对象组成数量"
"FACT-AWS-TRN2-ULTRA64-CHIP-QTY","","","","OREL-AWS-TRN2-ULTRASERVER-CONTAINS-TRAINIUM2","","","","FIELD-REL-QUANTITY","","64","count","COND-NONE","direct_statement","single_source","provisional","","","high","基于试填草稿已定位的一手 AWS 来源；尚待总控独立复核","FFP-FACT-AWS-TRN2-ULTRA64-CHIP-QTY","draft","对象组成数量"
"FACT-AWS-TRN2-ULTRA64-INSTANCE-QTY","","","","OREL-AWS-TRN2U-48XLARGE-DEPLOYED-IN-ULTRASERVER","","","","FIELD-REL-QUANTITY","","4","count","COND-NONE","direct_statement","single_source","provisional","","","high","基于试填草稿已定位的一手 AWS 来源；尚待总控独立复核","FFP-FACT-AWS-TRN2-ULTRA64-INSTANCE-QTY","draft","对象组成数量"
"FACT-AWS-TRN2-3XL-MEM-CAP","","CMP-AWS-TRN2-3XL-MEMORY","","","","","","FIELD-MEM-CAPACITY","","96000000000","byte","COND-AWS-TRN2-BW-INSTANCE","direct_statement","source_with_caveat","conflict_member","","","medium","基于试填草稿已定位的一手 AWS 来源；尚待总控独立复核","FFP-FACT-AWS-TRN2-3XL-MEM-CAP","needs_resolution","对象级设备内存；原文单位为 GB，按十进制换算为 byte"
"FACT-AWS-TRN2-48XL-MEM-CAP","","CMP-AWS-TRN2-48XL-MEMORY","","","","","","FIELD-MEM-CAPACITY","","1649267441664","byte","COND-AWS-TRN2-BW-INSTANCE","direct_statement","source_with_caveat","conflict_member","","","medium","基于试填草稿已定位的一手 AWS 来源；尚待总控独立复核","FFP-FACT-AWS-TRN2-48XL-MEM-CAP","needs_resolution","对象级设备内存"
"FACT-AWS-TRN2-TRN2U-48XL-MEM-CAP","","CMP-AWS-TRN2U-48XL-MEMORY","","","","","","FIELD-MEM-CAPACITY","","1649267441664","byte","COND-AWS-TRN2-BW-INSTANCE","direct_statement","single_source","provisional","","","high","基于试填草稿已定位的一手 AWS 来源；尚待总控独立复核","FFP-FACT-AWS-TRN2-TRN2U-48XL-MEM-CAP","draft","对象级设备内存"
"FACT-AWS-TRN2-ULTRA64-MEM-CAP","","CMP-AWS-TRN2-ULTRA64-MEMORY","","","","","","FIELD-MEM-CAPACITY","","6597069766656","byte","COND-AWS-TRN2-BW-SYSTEM","direct_statement","single_source","provisional","","","high","基于试填草稿已定位的一手 AWS 来源；尚待总控独立复核","FFP-FACT-AWS-TRN2-ULTRA64-MEM-CAP","draft","对象级设备内存"
"FACT-AWS-TRN2-3XL-MEM-CAP-GENERIC","","CMP-AWS-TRN2-3XL-MEMORY","","","","","","FIELD-MEM-CAPACITY","","549755813888","byte","COND-AWS-TRN2-BW-INSTANCE","direct_statement","source_with_caveat","conflict_member","","","low","基于试填草稿已定位的一手 AWS 来源；尚待总控独立复核","FFP-FACT-AWS-TRN2-3XL-MEM-CAP-GENERIC","needs_resolution","EC2 通用表称 512 GiB；候选来源被 rejected_unreliable"
"FACT-AWS-TRN2-48XL-MEM-CAP-GENERIC","","CMP-AWS-TRN2-48XL-MEMORY","","","","","","FIELD-MEM-CAPACITY","","8796093022208","byte","COND-AWS-TRN2-BW-INSTANCE","direct_statement","source_with_caveat","conflict_member","","","low","基于试填草稿已定位的一手 AWS 来源；尚待总控独立复核","FFP-FACT-AWS-TRN2-48XL-MEM-CAP-GENERIC","needs_resolution","EC2 通用表称 8192 GiB；候选来源被 rejected_unreliable"
"FACT-AWS-TRN2-48XL-MEM-BW","","CMP-AWS-TRN2-48XL-MEMORY","","","","","","FIELD-MEM-BIDIR-BW","","46400000000000","byte/s","COND-AWS-TRN2-BW-INSTANCE","direct_statement","single_source","provisional","","","high","基于试填草稿已定位的一手 AWS 来源；尚待总控独立复核","FFP-FACT-AWS-TRN2-48XL-MEM-BW","draft","对象级聚合设备内存带宽"
"FACT-AWS-TRN2-TRN2U-48XL-MEM-BW","","CMP-AWS-TRN2U-48XL-MEMORY","","","","","","FIELD-MEM-BIDIR-BW","","46400000000000","byte/s","COND-AWS-TRN2-BW-INSTANCE","direct_statement","single_source","provisional","","","high","基于试填草稿已定位的一手 AWS 来源；尚待总控独立复核","FFP-FACT-AWS-TRN2-TRN2U-48XL-MEM-BW","draft","对象级聚合设备内存带宽"
"FACT-AWS-TRN2-ULTRA64-MEM-BW","","CMP-AWS-TRN2-ULTRA64-MEMORY","","","","","","FIELD-MEM-BIDIR-BW","","185600000000000","byte/s","COND-AWS-TRN2-BW-SYSTEM","direct_statement","single_source","provisional","","","high","基于试填草稿已定位的一手 AWS 来源；尚待总控独立复核","FFP-FACT-AWS-TRN2-ULTRA64-MEM-BW","draft","对象级聚合设备内存带宽"
"FACT-AWS-TRN2-NEURONLINK-IF-COUNT","","","LINK-AWS-TRN2-CHIP-NEURONLINKV3","","","","","FIELD-INT-PHYSICAL-LINK-COUNT","","4","count","COND-NONE","direct_statement","single_source","provisional","","","high","基于试填草稿已定位的一手 AWS 来源；尚待总控独立复核","FFP-FACT-AWS-TRN2-NEURONLINK-IF-COUNT","draft","称为 4 个接口；不等同 lane 数"
"FACT-AWS-TRN2-NEURONLINK-AGG-BW","","","LINK-AWS-TRN2-CHIP-NEURONLINKV3","","","","","FIELD-INT-AGGREGATE-BW","","1280000000000","byte/s","COND-AWS-TRN2-BW-CHIP","direct_statement","single_source","provisional","","","medium","基于试填草稿已定位的一手 AWS 来源；尚待总控独立复核","FFP-FACT-AWS-TRN2-NEURONLINK-AGG-BW","draft","方向、线路/有效载荷口径未说明"
"FACT-AWS-TRN2-48XL-INTRA-BW","","","LINK-AWS-TRN2-48XL-INTRA","","","","","FIELD-INT-INJECTION-BW","","1024000000000","byte/s","COND-AWS-TRN2-BW-INSTANCE","direct_statement","single_source","provisional","","","medium","基于试填草稿已定位的一手 AWS 来源；尚待总控独立复核","FFP-FACT-AWS-TRN2-48XL-INTRA-BW","draft","每芯片实例内 NeuronLink-v3；方向口径未说明"
"FACT-AWS-TRN2-TRN2U-48XL-INTRA-BW","","","LINK-AWS-TRN2U-48XL-INTRA","","","","","FIELD-INT-INJECTION-BW","","1024000000000","byte/s","COND-AWS-TRN2-BW-INSTANCE","direct_statement","single_source","provisional","","","medium","基于试填草稿已定位的一手 AWS 来源；尚待总控独立复核","FFP-FACT-AWS-TRN2-TRN2U-48XL-INTRA-BW","draft","每芯片实例内 NeuronLink-v3；方向口径未说明"
"FACT-AWS-TRN2-ULTRA64-INTER-BW","","","LINK-AWS-TRN2-ULTRA64-INTER","","","","","FIELD-INT-INJECTION-BW","","256000000000","byte/s","COND-AWS-TRN2-BW-SYSTEM","direct_statement","single_source","provisional","","","medium","基于试填草稿已定位的一手 AWS 来源；尚待总控独立复核","FFP-FACT-AWS-TRN2-ULTRA64-INTER-BW","draft","每芯片实例间带宽；方向口径未说明"
"FACT-AWS-TRN2-3XL-EFA-RATE","","","LINK-AWS-TRN2-3XL-EFAV3","","","","","FIELD-INT-PER-LINK-RATE","","200000000000","bit/s","COND-AWS-TRN2-BW-INSTANCE","direct_statement","single_source","provisional","","","high","基于试填草稿已定位的一手 AWS 来源；尚待总控独立复核","FFP-FACT-AWS-TRN2-3XL-EFA-RATE","draft","实例级 EFAv3 名称速率"
"FACT-AWS-TRN2-48XL-EFA-RATE","","","LINK-AWS-TRN2-48XL-EFAV3","","","","","FIELD-INT-PER-LINK-RATE","","3200000000000","bit/s","COND-AWS-TRN2-BW-INSTANCE","direct_statement","single_source","provisional","","","high","基于试填草稿已定位的一手 AWS 来源；尚待总控独立复核","FFP-FACT-AWS-TRN2-48XL-EFA-RATE","draft","实例级 EFAv3 名称速率"
"FACT-AWS-TRN2-TRN2U-48XL-EFA-RATE","","","LINK-AWS-TRN2U-48XL-EFAV3","","","","","FIELD-INT-PER-LINK-RATE","","3200000000000","bit/s","COND-AWS-TRN2-BW-INSTANCE","direct_statement","single_source","provisional","","","high","基于试填草稿已定位的一手 AWS 来源；尚待总控独立复核","FFP-FACT-AWS-TRN2-TRN2U-48XL-EFA-RATE","draft","实例级 EFAv3 名称速率"
"FACT-AWS-TRN2-ULTRA64-EFA-3P2","","","LINK-AWS-TRN2-ULTRA64-EFAV3","","","","","FIELD-INT-PER-LINK-RATE","","3200000000000","bit/s","COND-AWS-TRN2-BW-SYSTEM-SCOPE-UNRESOLVED","direct_statement","source_with_caveat","conflict_member","","","medium","基于试填草稿已定位的一手 AWS 来源；尚待总控独立复核","FFP-FACT-AWS-TRN2-ULTRA64-EFA-3P2","needs_resolution","S6 报告 3200 Gbps，未注明聚合范围"
"FACT-AWS-TRN2-ULTRA64-EFA-12P8","","","LINK-AWS-TRN2-ULTRA64-EFAV3","","","","","FIELD-INT-PER-LINK-RATE","","12800000000000","bit/s","COND-AWS-TRN2-BW-SYSTEM","direct_statement","source_with_caveat","conflict_member","","","medium","基于试填草稿已定位的一手 AWS 来源；尚待总控独立复核","FFP-FACT-AWS-TRN2-ULTRA64-EFA-12P8","needs_resolution","S7 报告 UltraServer 总量 12.8 Tbps"
"FACT-AWS-TRN2-48XL-TOPO-TYPE","","","","","","","TOPO-AWS-TRN2-48XL-TORUS","FIELD-INT-TOPOLOGY","torus","","","COND-NONE","direct_statement","single_source","provisional","","","high","基于试填草稿已定位的一手 AWS 来源；尚待总控独立复核","FFP-FACT-AWS-TRN2-48XL-TOPO-TYPE","draft","二维环面"
"FACT-AWS-TRN2-48XL-TOPO-DIMS","","","","","","","TOPO-AWS-TRN2-48XL-TORUS","FIELD-INT-TOPOLOGY-DIMENSIONS","4x4 two-dimensional torus","","","COND-NONE","direct_statement","single_source","provisional","","","high","基于试填草稿已定位的一手 AWS 来源；尚待总控独立复核","FFP-FACT-AWS-TRN2-48XL-TOPO-DIMS","draft","16 节点"
"FACT-AWS-TRN2-48XL-TOPO-NODES","","","","","","","TOPO-AWS-TRN2-48XL-TORUS","FIELD-INT-TOPOLOGY-NODE-COUNT","","16","count","COND-NONE","direct_statement","single_source","provisional","","","high","基于试填草稿已定位的一手 AWS 来源；尚待总控独立复核","FFP-FACT-AWS-TRN2-48XL-TOPO-NODES","draft","每实例 16 芯片"
"FACT-AWS-TRN2-TRN2U-48XL-TOPO-TYPE","","","","","","","TOPO-AWS-TRN2U-48XL-TORUS","FIELD-INT-TOPOLOGY","torus","","","COND-NONE","direct_statement","single_source","provisional","","","high","基于试填草稿已定位的一手 AWS 来源；尚待总控独立复核","FFP-FACT-AWS-TRN2-TRN2U-48XL-TOPO-TYPE","draft","二维环面"
"FACT-AWS-TRN2-TRN2U-48XL-TOPO-DIMS","","","","","","","TOPO-AWS-TRN2U-48XL-TORUS","FIELD-INT-TOPOLOGY-DIMENSIONS","4x4 two-dimensional torus","","","COND-NONE","direct_statement","single_source","provisional","","","high","基于试填草稿已定位的一手 AWS 来源；尚待总控独立复核","FFP-FACT-AWS-TRN2-TRN2U-48XL-TOPO-DIMS","draft","16 节点"
"FACT-AWS-TRN2-TRN2U-48XL-TOPO-NODES","","","","","","","TOPO-AWS-TRN2U-48XL-TORUS","FIELD-INT-TOPOLOGY-NODE-COUNT","","16","count","COND-NONE","direct_statement","single_source","provisional","","","high","基于试填草稿已定位的一手 AWS 来源；尚待总控独立复核","FFP-FACT-AWS-TRN2-TRN2U-48XL-TOPO-NODES","draft","每实例 16 芯片"
"FACT-AWS-TRN2-ULTRA64-TOPO-TYPE","","","","","","","TOPO-AWS-TRN2-ULTRA64-TORUS-RING","FIELD-INT-TOPOLOGY","hybrid","","","COND-NONE","direct_statement","single_source","provisional","","","high","基于试填草稿已定位的一手 AWS 来源；尚待总控独立复核","FFP-FACT-AWS-TRN2-ULTRA64-TOPO-TYPE","draft","实例内 torus 加同坐标跨实例 ring"
"FACT-AWS-TRN2-ULTRA64-TOPO-DIMS","","","","","","","TOPO-AWS-TRN2-ULTRA64-TORUS-RING","FIELD-INT-TOPOLOGY-DIMENSIONS","four 4x4 torus groups; same XY coordinate chips connected in four-node rings","","","COND-NONE","direct_statement","single_source","provisional","","","high","基于试填草稿已定位的一手 AWS 来源；尚待总控独立复核","FFP-FACT-AWS-TRN2-ULTRA64-TOPO-DIMS","draft","不推导额外带宽分解"
"FACT-AWS-TRN2-ULTRA64-TOPO-NODES","","","","","","","TOPO-AWS-TRN2-ULTRA64-TORUS-RING","FIELD-INT-TOPOLOGY-NODE-COUNT","","64","count","COND-NONE","direct_statement","single_source","provisional","","","high","基于试填草稿已定位的一手 AWS 来源；尚待总控独立复核","FFP-FACT-AWS-TRN2-ULTRA64-TOPO-NODES","draft","系统内 64 个 Trainium2 芯片"
"FACT-AWS-TRN2-48XL-STATUS-GA","OBJ-AWS-TRN2-48XLARGE","","","","","","","FIELD-ID-STATUS","available","","","COND-AWS-TRN2-STATUS-2024-12-03","direct_statement","single_source","provisional","2024-12-03","","high","基于试填草稿已定位的一手 AWS 来源；尚待总控独立复核","FFP-FACT-AWS-TRN2-48XL-STATUS-GA","draft","2024-12-03 正式可用"
"FACT-AWS-TRN2-ULTRA64-STATUS-PREVIEW-2024","OBJ-AWS-TRN2-ULTRASERVER-64","","","","","","","FIELD-ID-STATUS","announced","","","COND-AWS-TRN2-STATUS-2024-12-03","direct_statement","source_with_caveat","conflict_member","2024-12-03","","high","基于试填草稿已定位的一手 AWS 来源；尚待总控独立复核","FFP-FACT-AWS-TRN2-ULTRA64-STATUS-PREVIEW-2024","needs_resolution","用正式枚举 announced 承载 preview 历史状态；原文保留在断言"
"FACT-AWS-TRN2-ULTRA64-STATUS-AVAILABLE-OBS","OBJ-AWS-TRN2-ULTRASERVER-64","","","","","","","FIELD-ID-STATUS","available","","","COND-AWS-TRN2-STATUS-OBS-2026-08-12","direct_statement","source_with_caveat","conflict_member","2026-08-12","","low","基于试填草稿已定位的一手 AWS 来源；尚待总控独立复核","FFP-FACT-AWS-TRN2-ULTRA64-STATUS-AVAILABLE-OBS","needs_resolution","动态页一处写 available now"
"FACT-AWS-TRN2-ULTRA64-STATUS-PREVIEW-OBS","OBJ-AWS-TRN2-ULTRASERVER-64","","","","","","","FIELD-ID-STATUS","announced","","","COND-AWS-TRN2-STATUS-OBS-2026-08-12","direct_statement","source_with_caveat","conflict_member","2026-08-12","","low","基于试填草稿已定位的一手 AWS 来源；尚待总控独立复核","FFP-FACT-AWS-TRN2-ULTRA64-STATUS-PREVIEW-OBS","needs_resolution","动态页另一处写 available in preview"
"FACT-AWS-TRN2-CAP-SPARSE-MATMUL-LEVEL","","","","","","CAP-AWS-TRN2-SPARSE-MATMUL","","FIELD-CAP-IMPLEMENTATION-LEVEL","configurable_engine","","","COND-NONE","direct_statement","single_source","provisional","","","high","基于试填草稿已定位的一手 AWS 来源；尚待总控独立复核","FFP-FACT-AWS-TRN2-CAP-SPARSE-MATMUL-LEVEL","draft","Tensor Engine supports M:N structured sparsity"
"FACT-AWS-TRN2-CAP-TENSOR-TRANSPOSE-LEVEL","","","","","","CAP-AWS-TRN2-TENSOR-TRANSPOSE","","FIELD-CAP-IMPLEMENTATION-LEVEL","dedicated_instruction","","","COND-NONE","direct_statement","single_source","provisional","","","high","基于试填草稿已定位的一手 AWS 来源；尚待总控独立复核","FFP-FACT-AWS-TRN2-CAP-TENSOR-TRANSPOSE-LEVEL","draft","Built-in Tensor Engine transpose mode"
"FACT-AWS-TRN2-CAP-DMA-TRANSPOSE-LEVEL","","","","","","CAP-AWS-TRN2-DMA-TRANSPOSE","","FIELD-CAP-IMPLEMENTATION-LEVEL","configurable_engine","","","COND-NONE","direct_statement","single_source","provisional","","","high","基于试填草稿已定位的一手 AWS 来源；尚待总控独立复核","FFP-FACT-AWS-TRN2-CAP-DMA-TRANSPOSE-LEVEL","draft","Bit-accurate DMA transpose"
"FACT-AWS-TRN2-CAP-VECTOR-REDUCTION-LEVEL","","","","","","CAP-AWS-TRN2-VECTOR-REDUCTION","","FIELD-CAP-IMPLEMENTATION-LEVEL","general_compute_path","","","COND-NONE","direct_statement","single_source","provisional","","","high","基于试填草稿已定位的一手 AWS 来源；尚待总控独立复核","FFP-FACT-AWS-TRN2-CAP-VECTOR-REDUCTION-LEVEL","draft","Vector reduction and elementwise path"
"FACT-AWS-TRN2-CAP-SCALAR-NONLINEAR-LEVEL","","","","","","CAP-AWS-TRN2-SCALAR-NONLINEAR","","FIELD-CAP-IMPLEMENTATION-LEVEL","general_compute_path","","","COND-NONE","direct_statement","single_source","provisional","","","high","基于试填草稿已定位的一手 AWS 来源；尚待总控独立复核","FFP-FACT-AWS-TRN2-CAP-SCALAR-NONLINEAR-LEVEL","draft","Scalar nonlinear functions"
"FACT-AWS-TRN2-CAP-GPSIMD-CUSTOM-LEVEL","","","","","","CAP-AWS-TRN2-GPSIMD-CUSTOM","","FIELD-CAP-IMPLEMENTATION-LEVEL","general_compute_path","","","COND-NONE","direct_statement","single_source","provisional","","","high","基于试填草稿已定位的一手 AWS 来源；尚待总控独立复核","FFP-FACT-AWS-TRN2-CAP-GPSIMD-CUSTOM-LEVEL","draft","GPSIMD C/C++ custom operators"
"FACT-AWS-TRN2-CAP-DGE-DESCRIPTOR-LEVEL","","","","","","CAP-AWS-TRN2-DGE-DESCRIPTOR","","FIELD-CAP-IMPLEMENTATION-LEVEL","dedicated_physical_module","","","COND-NONE","direct_statement","single_source","provisional","","","high","基于试填草稿已定位的一手 AWS 来源；尚待总控独立复核","FFP-FACT-AWS-TRN2-CAP-DGE-DESCRIPTOR-LEVEL","draft","DGE hardware descriptor generation"
"FACT-AWS-TRN2-CAP-COLLECTIVE-HW-LEVEL","","","","","","CAP-AWS-TRN2-COLLECTIVE-HW","","FIELD-CAP-IMPLEMENTATION-LEVEL","dedicated_physical_module","","","COND-NONE","direct_statement","single_source","provisional","","","high","基于试填草稿已定位的一手 AWS 来源；尚待总控独立复核","FFP-FACT-AWS-TRN2-CAP-COLLECTIVE-HW-LEVEL","draft","CC-Core collective path"
"FACT-AWS-TRN2-CAP-COLLECTIVE-NKI-LEVEL","","","","","","CAP-AWS-TRN2-COLLECTIVE-NKI","","FIELD-CAP-IMPLEMENTATION-LEVEL","library_implementation","","","COND-NONE","direct_statement","single_source","provisional","","","high","基于试填草稿已定位的一手 AWS 来源；尚待总控独立复核","FFP-FACT-AWS-TRN2-CAP-COLLECTIVE-NKI-LEVEL","draft","NKI collective APIs"
"FACT-AWS-TRN2-CAP-TOPK-NKI-LEVEL","","","","","","CAP-AWS-TRN2-TOPK-NKI","","FIELD-CAP-IMPLEMENTATION-LEVEL","library_implementation","","","COND-NONE","direct_statement","single_source","provisional","","","high","基于试填草稿已定位的一手 AWS 来源；尚待总控独立复核","FFP-FACT-AWS-TRN2-CAP-TOPK-NKI-LEVEL","draft","Experimental Router Top-K library kernel"
"FACT-AWS-TRN2-CAP-MOE-NKI-LEVEL","","","","","","CAP-AWS-TRN2-MOE-NKI","","FIELD-CAP-IMPLEMENTATION-LEVEL","library_implementation","","","COND-NONE","direct_statement","single_source","provisional","","","high","基于试填草稿已定位的一手 AWS 来源；尚待总控独立复核","FFP-FACT-AWS-TRN2-CAP-MOE-NKI-LEVEL","draft","Experimental MoE software kernels"
"FACT-AWS-TRN2-CAP-DMA-COMPRESS-LEVEL","","","","","","CAP-AWS-TRN2-DMA-COMPRESS","","FIELD-CAP-IMPLEMENTATION-LEVEL","configurable_engine","","","COND-NONE","direct_statement","single_source","provisional","","","high","基于试填草稿已定位的一手 AWS 来源；尚待总控独立复核","FFP-FACT-AWS-TRN2-CAP-DMA-COMPRESS-LEVEL","draft","Inline compression"
"FACT-AWS-TRN2-CAP-DMA-DECOMPRESS-LEVEL","","","","","","CAP-AWS-TRN2-DMA-DECOMPRESS","","FIELD-CAP-IMPLEMENTATION-LEVEL","configurable_engine","","","COND-NONE","direct_statement","single_source","provisional","","","high","基于试填草稿已定位的一手 AWS 来源；尚待总控独立复核","FFP-FACT-AWS-TRN2-CAP-DMA-DECOMPRESS-LEVEL","draft","Inline decompression"
"FACT-AWS-TRN2-48XL-FP8-DENSE","","","","","PP-AWS-TRN2-48XL-FP8","","","FIELD-COMP-THROUGHPUT","","20800000000000000","FLOP/s","COND-AWS-TRN2-48XL-FP8-DENSE","direct_statement","single_source","provisional","","","high","基于试填草稿已定位的一手 AWS 来源；尚待总控独立复核","FFP-FACT-AWS-TRN2-48XL-FP8-DENSE","draft","对象级聚合峰值"
"FACT-AWS-TRN2-48XL-BF16-DENSE","","","","","PP-AWS-TRN2-48XL-BF16","","","FIELD-COMP-THROUGHPUT","","10700000000000000","FLOP/s","COND-AWS-TRN2-48XL-BF16-DENSE","direct_statement","single_source","provisional","","","high","基于试填草稿已定位的一手 AWS 来源；尚待总控独立复核","FFP-FACT-AWS-TRN2-48XL-BF16-DENSE","draft","对象级聚合峰值"
"FACT-AWS-TRN2-48XL-FP16-DENSE","","","","","PP-AWS-TRN2-48XL-FP16","","","FIELD-COMP-THROUGHPUT","","10700000000000000","FLOP/s","COND-AWS-TRN2-48XL-FP16-DENSE","direct_statement","single_source","provisional","","","high","基于试填草稿已定位的一手 AWS 来源；尚待总控独立复核","FFP-FACT-AWS-TRN2-48XL-FP16-DENSE","draft","对象级聚合峰值"
"FACT-AWS-TRN2-48XL-TF32-DENSE","","","","","PP-AWS-TRN2-48XL-TF32","","","FIELD-COMP-THROUGHPUT","","10700000000000000","FLOP/s","COND-AWS-TRN2-48XL-TF32-DENSE","direct_statement","single_source","provisional","","","high","基于试填草稿已定位的一手 AWS 来源；尚待总控独立复核","FFP-FACT-AWS-TRN2-48XL-TF32-DENSE","draft","对象级聚合峰值"
"FACT-AWS-TRN2-48XL-FP32-DENSE","","","","","PP-AWS-TRN2-48XL-FP32","","","FIELD-COMP-THROUGHPUT","","2900000000000000","FLOP/s","COND-AWS-TRN2-48XL-FP32-DENSE","direct_statement","single_source","provisional","","","high","基于试填草稿已定位的一手 AWS 来源；尚待总控独立复核","FFP-FACT-AWS-TRN2-48XL-FP32-DENSE","draft","对象级聚合峰值"
"FACT-AWS-TRN2-48XL-FP8-SPARSE","","","","","PP-AWS-TRN2-48XL-FP8","","","FIELD-COMP-THROUGHPUT","","41000000000000000","FLOP/s","COND-AWS-TRN2-48XL-FP8-SPARSE","direct_statement","source_with_caveat","conflict_member","","","medium","基于试填草稿已定位的一手 AWS 来源；尚待总控独立复核","FFP-FACT-AWS-TRN2-48XL-FP8-SPARSE","needs_resolution","当前架构页稀疏聚合值；与 2024 历史发布值冲突"
"FACT-AWS-TRN2-48XL-BF16-SPARSE","","","","","PP-AWS-TRN2-48XL-BF16","","","FIELD-COMP-THROUGHPUT","","41000000000000000","FLOP/s","COND-AWS-TRN2-48XL-BF16-SPARSE","direct_statement","source_with_caveat","conflict_member","","","medium","基于试填草稿已定位的一手 AWS 来源；尚待总控独立复核","FFP-FACT-AWS-TRN2-48XL-BF16-SPARSE","needs_resolution","当前架构页稀疏聚合值；与 2024 历史发布值冲突"
"FACT-AWS-TRN2-48XL-FP16-SPARSE","","","","","PP-AWS-TRN2-48XL-FP16","","","FIELD-COMP-THROUGHPUT","","41000000000000000","FLOP/s","COND-AWS-TRN2-48XL-FP16-SPARSE","direct_statement","source_with_caveat","conflict_member","","","medium","基于试填草稿已定位的一手 AWS 来源；尚待总控独立复核","FFP-FACT-AWS-TRN2-48XL-FP16-SPARSE","needs_resolution","当前架构页稀疏聚合值；与 2024 历史发布值冲突"
"FACT-AWS-TRN2-48XL-TF32-SPARSE","","","","","PP-AWS-TRN2-48XL-TF32","","","FIELD-COMP-THROUGHPUT","","41000000000000000","FLOP/s","COND-AWS-TRN2-48XL-TF32-SPARSE","direct_statement","source_with_caveat","conflict_member","","","medium","基于试填草稿已定位的一手 AWS 来源；尚待总控独立复核","FFP-FACT-AWS-TRN2-48XL-TF32-SPARSE","needs_resolution","当前架构页稀疏聚合值；与 2024 历史发布值冲突"
"FACT-AWS-TRN2-48XL-FP8-SPARSE-HIST2024","","","","","PP-AWS-TRN2-48XL-FP8","","","FIELD-COMP-THROUGHPUT","","83200000000000000","FLOP/s","COND-AWS-TRN2-48XL-FP8-SPARSE-HIST2024","direct_statement","source_with_caveat","conflict_member","","","medium","基于试填草稿已定位的一手 AWS 来源；尚待总控独立复核","FFP-FACT-AWS-TRN2-48XL-FP8-SPARSE-HIST2024","needs_resolution","2024-12-03 历史发布博客实例稀疏值"
"FACT-AWS-TRN2-48XL-BF16-SPARSE-HIST2024","","","","","PP-AWS-TRN2-48XL-BF16","","","FIELD-COMP-THROUGHPUT","","83200000000000000","FLOP/s","COND-AWS-TRN2-48XL-BF16-SPARSE-HIST2024","direct_statement","source_with_caveat","conflict_member","","","medium","基于试填草稿已定位的一手 AWS 来源；尚待总控独立复核","FFP-FACT-AWS-TRN2-48XL-BF16-SPARSE-HIST2024","needs_resolution","2024-12-03 历史发布博客实例稀疏值"
"FACT-AWS-TRN2-48XL-FP16-SPARSE-HIST2024","","","","","PP-AWS-TRN2-48XL-FP16","","","FIELD-COMP-THROUGHPUT","","83200000000000000","FLOP/s","COND-AWS-TRN2-48XL-FP16-SPARSE-HIST2024","direct_statement","source_with_caveat","conflict_member","","","medium","基于试填草稿已定位的一手 AWS 来源；尚待总控独立复核","FFP-FACT-AWS-TRN2-48XL-FP16-SPARSE-HIST2024","needs_resolution","2024-12-03 历史发布博客实例稀疏值"
"FACT-AWS-TRN2-48XL-TF32-SPARSE-HIST2024","","","","","PP-AWS-TRN2-48XL-TF32","","","FIELD-COMP-THROUGHPUT","","83200000000000000","FLOP/s","COND-AWS-TRN2-48XL-TF32-SPARSE-HIST2024","direct_statement","source_with_caveat","conflict_member","","","medium","基于试填草稿已定位的一手 AWS 来源；尚待总控独立复核","FFP-FACT-AWS-TRN2-48XL-TF32-SPARSE-HIST2024","needs_resolution","2024-12-03 历史发布博客实例稀疏值"
"FACT-AWS-TRN2-TRN2U-48XL-FP8-DENSE","","","","","PP-AWS-TRN2U-48XL-FP8","","","FIELD-COMP-THROUGHPUT","","20800000000000000","FLOP/s","COND-AWS-TRN2-TRN2U-48XL-FP8-DENSE","direct_statement","single_source","provisional","","","high","基于试填草稿已定位的一手 AWS 来源；尚待总控独立复核","FFP-FACT-AWS-TRN2-TRN2U-48XL-FP8-DENSE","draft","对象级聚合峰值"
"FACT-AWS-TRN2-TRN2U-48XL-BF16-DENSE","","","","","PP-AWS-TRN2U-48XL-BF16","","","FIELD-COMP-THROUGHPUT","","10700000000000000","FLOP/s","COND-AWS-TRN2-TRN2U-48XL-BF16-DENSE","direct_statement","single_source","provisional","","","high","基于试填草稿已定位的一手 AWS 来源；尚待总控独立复核","FFP-FACT-AWS-TRN2-TRN2U-48XL-BF16-DENSE","draft","对象级聚合峰值"
"FACT-AWS-TRN2-TRN2U-48XL-FP16-DENSE","","","","","PP-AWS-TRN2U-48XL-FP16","","","FIELD-COMP-THROUGHPUT","","10700000000000000","FLOP/s","COND-AWS-TRN2-TRN2U-48XL-FP16-DENSE","direct_statement","single_source","provisional","","","high","基于试填草稿已定位的一手 AWS 来源；尚待总控独立复核","FFP-FACT-AWS-TRN2-TRN2U-48XL-FP16-DENSE","draft","对象级聚合峰值"
"FACT-AWS-TRN2-TRN2U-48XL-TF32-DENSE","","","","","PP-AWS-TRN2U-48XL-TF32","","","FIELD-COMP-THROUGHPUT","","10700000000000000","FLOP/s","COND-AWS-TRN2-TRN2U-48XL-TF32-DENSE","direct_statement","single_source","provisional","","","high","基于试填草稿已定位的一手 AWS 来源；尚待总控独立复核","FFP-FACT-AWS-TRN2-TRN2U-48XL-TF32-DENSE","draft","对象级聚合峰值"
"FACT-AWS-TRN2-TRN2U-48XL-FP32-DENSE","","","","","PP-AWS-TRN2U-48XL-FP32","","","FIELD-COMP-THROUGHPUT","","2900000000000000","FLOP/s","COND-AWS-TRN2-TRN2U-48XL-FP32-DENSE","direct_statement","single_source","provisional","","","high","基于试填草稿已定位的一手 AWS 来源；尚待总控独立复核","FFP-FACT-AWS-TRN2-TRN2U-48XL-FP32-DENSE","draft","对象级聚合峰值"
"FACT-AWS-TRN2-TRN2U-48XL-FP8-SPARSE","","","","","PP-AWS-TRN2U-48XL-FP8","","","FIELD-COMP-THROUGHPUT","","41000000000000000","FLOP/s","COND-AWS-TRN2-TRN2U-48XL-FP8-SPARSE","direct_statement","source_with_caveat","conflict_member","","","medium","基于试填草稿已定位的一手 AWS 来源；尚待总控独立复核","FFP-FACT-AWS-TRN2-TRN2U-48XL-FP8-SPARSE","needs_resolution","当前架构页稀疏聚合值；与 2024 历史发布值冲突"
"FACT-AWS-TRN2-TRN2U-48XL-BF16-SPARSE","","","","","PP-AWS-TRN2U-48XL-BF16","","","FIELD-COMP-THROUGHPUT","","41000000000000000","FLOP/s","COND-AWS-TRN2-TRN2U-48XL-BF16-SPARSE","direct_statement","source_with_caveat","conflict_member","","","medium","基于试填草稿已定位的一手 AWS 来源；尚待总控独立复核","FFP-FACT-AWS-TRN2-TRN2U-48XL-BF16-SPARSE","needs_resolution","当前架构页稀疏聚合值；与 2024 历史发布值冲突"
"FACT-AWS-TRN2-TRN2U-48XL-FP16-SPARSE","","","","","PP-AWS-TRN2U-48XL-FP16","","","FIELD-COMP-THROUGHPUT","","41000000000000000","FLOP/s","COND-AWS-TRN2-TRN2U-48XL-FP16-SPARSE","direct_statement","source_with_caveat","conflict_member","","","medium","基于试填草稿已定位的一手 AWS 来源；尚待总控独立复核","FFP-FACT-AWS-TRN2-TRN2U-48XL-FP16-SPARSE","needs_resolution","当前架构页稀疏聚合值；与 2024 历史发布值冲突"
"FACT-AWS-TRN2-TRN2U-48XL-TF32-SPARSE","","","","","PP-AWS-TRN2U-48XL-TF32","","","FIELD-COMP-THROUGHPUT","","41000000000000000","FLOP/s","COND-AWS-TRN2-TRN2U-48XL-TF32-SPARSE","direct_statement","source_with_caveat","conflict_member","","","medium","基于试填草稿已定位的一手 AWS 来源；尚待总控独立复核","FFP-FACT-AWS-TRN2-TRN2U-48XL-TF32-SPARSE","needs_resolution","当前架构页稀疏聚合值；与 2024 历史发布值冲突"
"FACT-AWS-TRN2-TRN2U-48XL-FP8-SPARSE-HIST2024","","","","","PP-AWS-TRN2U-48XL-FP8","","","FIELD-COMP-THROUGHPUT","","83200000000000000","FLOP/s","COND-AWS-TRN2-TRN2U-48XL-FP8-SPARSE-HIST2024","direct_statement","source_with_caveat","conflict_member","","","medium","基于试填草稿已定位的一手 AWS 来源；尚待总控独立复核","FFP-FACT-AWS-TRN2-TRN2U-48XL-FP8-SPARSE-HIST2024","needs_resolution","2024-12-03 历史发布博客实例稀疏值"
"FACT-AWS-TRN2-TRN2U-48XL-BF16-SPARSE-HIST2024","","","","","PP-AWS-TRN2U-48XL-BF16","","","FIELD-COMP-THROUGHPUT","","83200000000000000","FLOP/s","COND-AWS-TRN2-TRN2U-48XL-BF16-SPARSE-HIST2024","direct_statement","source_with_caveat","conflict_member","","","medium","基于试填草稿已定位的一手 AWS 来源；尚待总控独立复核","FFP-FACT-AWS-TRN2-TRN2U-48XL-BF16-SPARSE-HIST2024","needs_resolution","2024-12-03 历史发布博客实例稀疏值"
"FACT-AWS-TRN2-TRN2U-48XL-FP16-SPARSE-HIST2024","","","","","PP-AWS-TRN2U-48XL-FP16","","","FIELD-COMP-THROUGHPUT","","83200000000000000","FLOP/s","COND-AWS-TRN2-TRN2U-48XL-FP16-SPARSE-HIST2024","direct_statement","source_with_caveat","conflict_member","","","medium","基于试填草稿已定位的一手 AWS 来源；尚待总控独立复核","FFP-FACT-AWS-TRN2-TRN2U-48XL-FP16-SPARSE-HIST2024","needs_resolution","2024-12-03 历史发布博客实例稀疏值"
"FACT-AWS-TRN2-TRN2U-48XL-TF32-SPARSE-HIST2024","","","","","PP-AWS-TRN2U-48XL-TF32","","","FIELD-COMP-THROUGHPUT","","83200000000000000","FLOP/s","COND-AWS-TRN2-TRN2U-48XL-TF32-SPARSE-HIST2024","direct_statement","source_with_caveat","conflict_member","","","medium","基于试填草稿已定位的一手 AWS 来源；尚待总控独立复核","FFP-FACT-AWS-TRN2-TRN2U-48XL-TF32-SPARSE-HIST2024","needs_resolution","2024-12-03 历史发布博客实例稀疏值"
"FACT-AWS-TRN2-ULTRA64-FP8-DENSE","","","","","PP-AWS-TRN2-ULTRA64-FP8","","","FIELD-COMP-THROUGHPUT","","83200000000000000","FLOP/s","COND-AWS-TRN2-ULTRA64-FP8-DENSE","direct_statement","single_source","provisional","","","high","基于试填草稿已定位的一手 AWS 来源；尚待总控独立复核","FFP-FACT-AWS-TRN2-ULTRA64-FP8-DENSE","draft","对象级聚合峰值"
"FACT-AWS-TRN2-ULTRA64-BF16-DENSE","","","","","PP-AWS-TRN2-ULTRA64-BF16","","","FIELD-COMP-THROUGHPUT","","42800000000000000","FLOP/s","COND-AWS-TRN2-ULTRA64-BF16-DENSE","direct_statement","single_source","provisional","","","high","基于试填草稿已定位的一手 AWS 来源；尚待总控独立复核","FFP-FACT-AWS-TRN2-ULTRA64-BF16-DENSE","draft","对象级聚合峰值"
"FACT-AWS-TRN2-ULTRA64-FP16-DENSE","","","","","PP-AWS-TRN2-ULTRA64-FP16","","","FIELD-COMP-THROUGHPUT","","42800000000000000","FLOP/s","COND-AWS-TRN2-ULTRA64-FP16-DENSE","direct_statement","single_source","provisional","","","high","基于试填草稿已定位的一手 AWS 来源；尚待总控独立复核","FFP-FACT-AWS-TRN2-ULTRA64-FP16-DENSE","draft","对象级聚合峰值"
"FACT-AWS-TRN2-ULTRA64-TF32-DENSE","","","","","PP-AWS-TRN2-ULTRA64-TF32","","","FIELD-COMP-THROUGHPUT","","42800000000000000","FLOP/s","COND-AWS-TRN2-ULTRA64-TF32-DENSE","direct_statement","single_source","provisional","","","high","基于试填草稿已定位的一手 AWS 来源；尚待总控独立复核","FFP-FACT-AWS-TRN2-ULTRA64-TF32-DENSE","draft","对象级聚合峰值"
"FACT-AWS-TRN2-ULTRA64-FP32-DENSE","","","","","PP-AWS-TRN2-ULTRA64-FP32","","","FIELD-COMP-THROUGHPUT","","11600000000000000","FLOP/s","COND-AWS-TRN2-ULTRA64-FP32-DENSE","direct_statement","single_source","provisional","","","high","基于试填草稿已定位的一手 AWS 来源；尚待总控独立复核","FFP-FACT-AWS-TRN2-ULTRA64-FP32-DENSE","draft","对象级聚合峰值"
"FACT-AWS-TRN2-ULTRA64-FP8-SPARSE","","","","","PP-AWS-TRN2-ULTRA64-FP8","","","FIELD-COMP-THROUGHPUT","","164000000000000000","FLOP/s","COND-AWS-TRN2-ULTRA64-FP8-SPARSE","direct_statement","source_with_caveat","conflict_member","","","medium","基于试填草稿已定位的一手 AWS 来源；尚待总控独立复核","FFP-FACT-AWS-TRN2-ULTRA64-FP8-SPARSE","needs_resolution","当前架构页稀疏聚合值；与 2024 历史发布值冲突"
"FACT-AWS-TRN2-ULTRA64-BF16-SPARSE","","","","","PP-AWS-TRN2-ULTRA64-BF16","","","FIELD-COMP-THROUGHPUT","","164000000000000000","FLOP/s","COND-AWS-TRN2-ULTRA64-BF16-SPARSE","direct_statement","source_with_caveat","conflict_member","","","medium","基于试填草稿已定位的一手 AWS 来源；尚待总控独立复核","FFP-FACT-AWS-TRN2-ULTRA64-BF16-SPARSE","needs_resolution","当前架构页稀疏聚合值；与 2024 历史发布值冲突"
"FACT-AWS-TRN2-ULTRA64-FP16-SPARSE","","","","","PP-AWS-TRN2-ULTRA64-FP16","","","FIELD-COMP-THROUGHPUT","","164000000000000000","FLOP/s","COND-AWS-TRN2-ULTRA64-FP16-SPARSE","direct_statement","source_with_caveat","conflict_member","","","medium","基于试填草稿已定位的一手 AWS 来源；尚待总控独立复核","FFP-FACT-AWS-TRN2-ULTRA64-FP16-SPARSE","needs_resolution","当前架构页稀疏聚合值；与 2024 历史发布值冲突"
"FACT-AWS-TRN2-ULTRA64-TF32-SPARSE","","","","","PP-AWS-TRN2-ULTRA64-TF32","","","FIELD-COMP-THROUGHPUT","","164000000000000000","FLOP/s","COND-AWS-TRN2-ULTRA64-TF32-SPARSE","direct_statement","source_with_caveat","conflict_member","","","medium","基于试填草稿已定位的一手 AWS 来源；尚待总控独立复核","FFP-FACT-AWS-TRN2-ULTRA64-TF32-SPARSE","needs_resolution","当前架构页稀疏聚合值；与 2024 历史发布值冲突"
"FACT-AWS-TRN2-ARCH-SW-RUNTIME","OBJ-AWS-TRAINIUM2-ARCH","","","","","","","FIELD-SW-RUNTIME","AWS Neuron SDK","","","COND-NONE","direct_statement","single_source","provisional","","","high","基于试填草稿已定位的一手 AWS 来源；尚待总控独立复核","FFP-FACT-AWS-TRN2-ARCH-SW-RUNTIME","draft","正式软件栈"
"FACT-AWS-TRN2-ARCH-SW-MODEL","OBJ-AWS-TRAINIUM2-ARCH","","","","","","","FIELD-SW-PROGRAMMING-MODEL","PyTorch; JAX; Hugging Face; PyTorch Lightning; NeMo; OpenXLA; NKI; NxD Training; NxD Inference","","","COND-NONE","direct_statement","single_source","provisional","","","high","基于试填草稿已定位的一手 AWS 来源；尚待总控独立复核","FFP-FACT-AWS-TRN2-ARCH-SW-MODEL","draft","试填草稿列出的公开框架与接口；此字段为文本清单，不是 FK"
"FACT-AWS-TRN2-DER-BALANCE-FP8","","","","","PP-AWS-TRN2-CHIP-TENSOR-FP8","","","FIELD-DER-COMPUTE-BW-SPEC","","447.9","FLOP/byte","COND-AWS-TRN2-DERIVED-BALANCE","derived","single_source","provisional","","","medium","由试填草稿中的峰值算力和 2.9 TB/s HBM 带宽公开值机械计算","FFP-FACT-AWS-TRN2-DER-BALANCE-FP8","draft","峰值机器平衡点，不代表持续性能"
"FACT-AWS-TRN2-DER-BALANCE-BF16","","","","","PP-AWS-TRN2-CHIP-TENSOR-BF16","","","FIELD-DER-COMPUTE-BW-SPEC","","230.0","FLOP/byte","COND-AWS-TRN2-DERIVED-BALANCE","derived","single_source","provisional","","","medium","由试填草稿中的峰值算力和 2.9 TB/s HBM 带宽公开值机械计算","FFP-FACT-AWS-TRN2-DER-BALANCE-BF16","draft","峰值机器平衡点，不代表持续性能"
"FACT-AWS-TRN2-DER-BALANCE-FP32","","","","","PP-AWS-TRN2-CHIP-TENSOR-FP32","","","FIELD-DER-COMPUTE-BW-SPEC","","62.4","FLOP/byte","COND-AWS-TRN2-DERIVED-BALANCE","derived","single_source","provisional","","","medium","由试填草稿中的峰值算力和 2.9 TB/s HBM 带宽公开值机械计算","FFP-FACT-AWS-TRN2-DER-BALANCE-FP32","draft","峰值机器平衡点，不代表持续性能"
"FACT-AWS-TRN2-DER-BALANCE-FP8-SPARSE","","","","","PP-AWS-TRN2-CHIP-TENSOR-FP8","","","FIELD-DER-COMPUTE-BW-SPEC","","883.8","FLOP/byte","COND-AWS-TRN2-DERIVED-BALANCE","derived","single_source","conflict_member","","","medium","由试填草稿中的峰值算力和 2.9 TB/s HBM 带宽公开值机械计算","FFP-FACT-AWS-TRN2-DER-BALANCE-FP8-SPARSE","needs_resolution","峰值机器平衡点，不代表持续性能"
"FACT-AWS-TRN2-ARCH-RELEASE-DATE","OBJ-AWS-TRAINIUM2-ARCH","","","","","","","FIELD-ID-RELEASE-DATE","2023-11-28","","","COND-NONE","direct_statement","single_source","accepted","2023-11-28","","high","Amazon 官方发布记录标题日期与正文同页确认 Trainium2 公布。","AWS-TRAINIUM2-ARCH|FIELD-ID-RELEASE-DATE|2023-11-28","reviewed","架构/产品首次正式公布日期，不代替具体云实例可用日期。"
"FACT-CAMBRICON-MLU590-VENDOR","OBJ-CAMBRICON-MLU590-CHIP","","","","","","","FIELD-ID-VENDOR","寒武纪","","","COND-CAMBRICON-MLU590-WAIC-2022","direct_statement","single_source","accepted","2022-09-02","","high","The official Cambricon page identifies the organization and product.","OBJ-CAMBRICON-MLU590-CHIP|FIELD-ID-VENDOR|寒武纪","draft",""
"FACT-CAMBRICON-MLU590-OFFICIAL-NAME-2022","OBJ-CAMBRICON-MLU590-CHIP","","","","","","","FIELD-ID-NAME","思元590","","","COND-CAMBRICON-MLU590-WAIC-2022","direct_statement","single_source","accepted","2022-09-02","","high","The official WAIC page directly names 思元590.","OBJ-CAMBRICON-MLU590-CHIP|FIELD-ID-NAME|思元590|2022-09-02","draft","The MLU590 alias is not asserted here."
"FACT-CAMBRICON-MLU590-OBJECT-TYPE-2022","OBJ-CAMBRICON-MLU590-CHIP","","","","","","","FIELD-ID-OBJECT-TYPE","package","","","COND-CAMBRICON-MLU590-WAIC-2022","direct_statement","source_with_caveat","provisional","2022-09-02","","medium","The source calls it a chip; mapping that marketed object to the project object_type package is curatorial.","OBJ-CAMBRICON-MLU590-CHIP|FIELD-ID-OBJECT-TYPE|package|2022-09-02","draft","Do not infer board, server or die-level properties from this mapping."
"FACT-CAMBRICON-MLU590-POSITIONING-2022","OBJ-CAMBRICON-MLU590-CHIP","","","","","","","FIELD-ID-VENDOR-POSITIONING","全新一代云端智能训练芯片","","","COND-CAMBRICON-MLU590-WAIC-2022","direct_statement","single_source","accepted","2022-09-02","2022-09-02","high","The phrase is the vendor positioning used on the dated WAIC page.","OBJ-CAMBRICON-MLU590-CHIP|FIELD-ID-VENDOR-POSITIONING|全新一代云端智能训练芯片|2022-09-02","draft","Historical vendor wording, not a cross-product architecture conclusion."
"FACT-CAMBRICON-MLU590-STATUS-2022","OBJ-CAMBRICON-MLU590-CHIP","","","","","","","FIELD-ID-STATUS","announced","","","COND-CAMBRICON-MLU590-WAIC-2022","direct_statement","source_with_caveat","provisional","2022-09-02","2022-09-02","medium","The source says 在研; announced is the nearest available controlled status and must retain the raw wording.","OBJ-CAMBRICON-MLU590-CHIP|FIELD-ID-STATUS|announced|2022-09-02","draft","Does not establish release, GA, shipment or current availability."
"FACT-CAMBRICON-MLUARCH05-OFFICIAL-NAME","OBJ-CAMBRICON-MLU590-ARCH","","","","","","","FIELD-ID-NAME","MLUarch05","","","COND-CAMBRICON-MLU590-WAIC-2022","direct_statement","single_source","accepted","2022-09-02","","high","The official WAIC page directly names the architecture.","OBJ-CAMBRICON-MLU590-ARCH|FIELD-ID-NAME|MLUarch05","draft","No equivalence with BANG v5.0, compute_50 or mtp_592 is asserted."
"FACT-CAMBRICON-MLU590-MLUOPS-BUILD-TARGET-67B3707F","OBJ-CAMBRICON-MLU590-CHIP","","","","","","","FIELD-SW-CUSTOM-OPERATOR","MLU-OPS build target --mlu590 (__BANG_ARCH__=592)","","","COND-CAMBRICON-MLU590-MLUOPS-67B3707F","direct_statement","single_source","accepted","2026-08-07","","high","The fixed first-party build script directly names the MLU590 target and macro.","OBJ-CAMBRICON-MLU590-CHIP|FIELD-SW-CUSTOM-OPERATOR|--mlu590|67b3707f9ce55718490534955903a007ae86f517","draft","Software-target fact only. The script macros are not physical-memory facts."
"FACT-NVIDIA-H100-REG-POOLING-MODE","","COMP-NVIDIA-H100-REGISTER-FILE","","","","","","FIELD-MEM-POOLING-MODE","distributed_not_pooled","","","COND-NONE","derived","corroborated","accepted","","","high","由每 SM 寄存器容量事实与 SM 分布范围直接投影；不是统一共享池。","H100|FACT-NVIDIA-H100-REG-POOLING-MODE","reviewed","结构性质派生；不可把 132×每 SM 容量解释为统一可寻址池。"
"FACT-GROQ-LPU1-NAME","OBJ-GROQ-LPU1-ARCH","","","","","","","FIELD-ID-NAME","First-generation Groq Tensor Streaming Processor architecture","","","COND-NONE","direct_statement","single_source","provisional","","","high","固定一手原始来源；待总控复核。","M2-GHC-ARCH|FACT-GROQ-LPU1-NAME","draft","ISCA 2020 结论明确 first-generation"
"FACT-GROQ-LPU1-EXECUTION","","CMP-GROQ-LPU1-TSP","","","","","","FIELD-COMP-EXECUTION","Statically scheduled, compiler-orchestrated spatial execution without caches or arbiters","","","COND-NONE","direct_statement","single_source","provisional","","","high","固定一手原始来源；待总控复核。","M2-GHC-ARCH|FACT-GROQ-LPU1-EXECUTION","draft","执行模型属于代际根组件；no cache 不表示没有存储层级"
"FACT-GROQ-LPU1-MXM-INT8-OPERANDS","","","","","PP-GROQ-LPU1-MXM-INT8","","","FIELD-NUM-OPERAND-A","INT8","","","COND-NONE","direct_statement","single_source","provisional","","","high","固定一手原始来源；待总控复核。","M2-GHC-ARCH|FACT-GROQ-LPU1-MXM-INT8-OPERANDS","draft","A/B 都为 INT8"
"FACT-GROQ-LPU1-MXM-INT8-ACCUM","","","","","PP-GROQ-LPU1-MXM-INT8","","","FIELD-NUM-ACCUMULATION","INT32","","","COND-NONE","direct_statement","single_source","provisional","","","high","固定一手原始来源；待总控复核。","M2-GHC-ARCH|FACT-GROQ-LPU1-MXM-INT8-ACCUM","draft","程序员可见累加/输出语义"
"FACT-GROQ-LPU1-MXM-FP16-OPERANDS","","","","","PP-GROQ-LPU1-MXM-FP16","","","FIELD-NUM-OPERAND-A","FP16","","","COND-NONE","direct_statement","single_source","provisional","","","high","固定一手原始来源；待总控复核。","M2-GHC-ARCH|FACT-GROQ-LPU1-MXM-FP16-OPERANDS","draft","A/B 都为 FP16"
"FACT-GROQ-LPU1-MXM-FP16-ACCUM","","","","","PP-GROQ-LPU1-MXM-FP16","","","FIELD-NUM-ACCUMULATION","FP32","","","COND-NONE","direct_statement","single_source","provisional","","","high","固定一手原始来源；待总控复核。","M2-GHC-ARCH|FACT-GROQ-LPU1-MXM-FP16-ACCUM","draft","程序员可见累加/输出语义"
"FACT-GROQ-LPU1-SXM-FUNCTION","","CMP-GROQ-LPU1-SXM","","","","","","FIELD-COMP-EXECUTION","Vector permutation, rotation, distribution and transformation","","","COND-NONE","direct_statement","single_source","provisional","","","high","固定一手原始来源；待总控复核。","M2-GHC-ARCH|FACT-GROQ-LPU1-SXM-FUNCTION","draft","数据重排路径"
"FACT-GROQ-LPU1-SW-MAPPING","OBJ-GROQ-LPU1-ARCH","","","","","","","FIELD-SW-COMPILER","Compiler explicitly schedules instructions, data movement and functional slices","","","COND-NONE","direct_statement","single_source","provisional","","","high","固定一手原始来源；待总控复核。","M2-GHC-ARCH|FACT-GROQ-LPU1-SW-MAPPING","draft","编译器承担调度和放置"
"FACT-NVG3-NAME","OBJ-NVIDIA-GROQ3-ARCH","","","","","","","FIELD-ID-NAME","NVIDIA Groq 3 LPU architecture","","","COND-NONE","direct_statement","single_source","provisional","2026-03-16","","high","固定 NVIDIA 一手网页快照；待总控复核。","M2-GHC-ARCH|FACT-NVG3-NAME","draft","与第一代 Groq TSP/LPU 严格隔离"
"FACT-NVG3-EXECUTION","","CMP-NVG3-LPU","","","","","","FIELD-COMP-EXECUTION","Deterministic compiler-orchestrated spatial execution with explicit overlap of memory, compute and communication","","","COND-NONE","direct_statement","single_source","provisional","2026-03-16","","high","固定 NVIDIA 一手网页快照；待总控复核。","M2-GHC-ARCH|FACT-NVG3-EXECUTION","draft","执行模型属于 Groq 3 LPU 根组件"
"FACT-NVG3-INSTRUCTION-TILE","","","","","PP-NVG3-320B-VECTOR","","","FIELD-COMP-INSTRUCTION-TILE","320-byte vectors for compute and communication","","","COND-NONE","direct_statement","single_source","provisional","2026-03-16","","high","固定 NVIDIA 一手网页快照；待总控复核。","M2-GHC-ARCH|FACT-NVG3-INSTRUCTION-TILE","draft","结构化目标使用 VXM 的架构向量路径；原始断言保留计算和通信均以 320-byte vector 为粒度"
"FACT-NVG3-MXM-FUNCTION","","CMP-NVG3-MXM","","","","","","FIELD-COMP-EXECUTION","Dense multiply-accumulate on fixed data types; exact types not stated","","","COND-NONE","direct_statement","single_source","provisional","2026-03-16","","high","固定 NVIDIA 一手网页快照；待总控复核。","M2-GHC-ARCH|FACT-NVG3-MXM-FUNCTION","draft","精确格式另记 not_public/pending"
"FACT-NVG3-VXM-FUNCTION","","CMP-NVG3-VXM","","","","","","FIELD-COMP-EXECUTION","Pointwise arithmetic, data conversion and activation functions","","","COND-NONE","direct_statement","single_source","provisional","2026-03-16","","high","固定 NVIDIA 一手网页快照；待总控复核。","M2-GHC-ARCH|FACT-NVG3-VXM-FUNCTION","draft","向量路径机制"
"FACT-NVG3-SXM-FUNCTION","","CMP-NVG3-SXM","","","","","","FIELD-COMP-EXECUTION","Permutation, rotation, distribution and transposition of vectors","","","COND-NONE","direct_statement","single_source","provisional","2026-03-16","","high","固定 NVIDIA 一手网页快照；待总控复核。","M2-GHC-ARCH|FACT-NVG3-SXM-FUNCTION","draft","数据重排路径"
"FACT-NVG3-SRAM-MANAGEMENT","","CMP-NVG3-MEM","","","","","","FIELD-MEM-MANAGEMENT","compiler_managed","","","COND-NONE","direct_statement","single_source","provisional","2026-03-16","","high","固定 NVIDIA 一手网页快照；待总控复核。","M2-GHC-ARCH|FACT-NVG3-SRAM-MANAGEMENT","draft","原始断言保留 SRAM-first、编译器与运行时显式放置及非硬件 cache 细节"
"FACT-NVG3-C2C-PROTOCOL","","","LINK-NVG3-C2C","","","","","FIELD-INT-PROTOCOL","Plesiosynchronous near-synchronous protocol that compensates for clock drift","","","COND-NONE","direct_statement","single_source","provisional","2026-03-16","","high","固定 NVIDIA 一手网页快照；待总控复核。","M2-GHC-ARCH|FACT-NVG3-C2C-PROTOCOL","draft","每 LPU 保有自身时钟"
"FACT-NVG3-C2C-ROUTING","","","","","","","TOPO-NVG3-HIGH-RADIX","FIELD-INT-TOPOLOGY-ROUTING","Compiler schedules vectors, routes and arrival timing deterministically","","","COND-NONE","direct_statement","single_source","provisional","2026-03-16","","high","固定 NVIDIA 一手网页快照；待总控复核。","M2-GHC-ARCH|FACT-NVG3-C2C-ROUTING","draft","编译期路由机制"
"FACT-NVG3-SW-COMPILER","OBJ-NVIDIA-GROQ3-ARCH","","","","","","","FIELD-SW-COMPILER","Compiler explicitly orchestrates data movement, compute, communication and cross-LPU routes","","","COND-NONE","direct_statement","single_source","provisional","2026-03-16","","high","固定 NVIDIA 一手网页快照；待总控复核。","M2-GHC-ARCH|FACT-NVG3-SW-COMPILER","draft","物理硬件边界内的软件映射"
"FACT-HUAWEI-DV-NAME","OBJ-HUAWEI-DA-VINCI-INITIAL-ARCH","","","","","","","FIELD-ID-NAME","Da Vinci scalable AI Core architecture","","","COND-NONE","direct_statement","single_source","provisional","","","high","华为原始架构论文固定 PDF；待总控复核对象代际边界。","M2-GHC-ARCH|FACT-HUAWEI-DV-NAME","draft","只覆盖 2019 原始论文及 2021 论文明确共享的核心机制"
"FACT-HUAWEI-DV-EXECUTION","","CMP-HUAWEI-DV-CORE","","","","","","FIELD-COMP-EXECUTION","Scalar control, SIMD vector processing, cube matrix processing and MTE data movement execute through separate queues","","","COND-NONE","direct_statement","single_source","provisional","","","high","华为原始架构论文固定 PDF；待总控复核对象代际边界。","M2-GHC-ARCH|FACT-HUAWEI-DV-EXECUTION","draft","AI Core 共享执行机制；不包含具体 SoC 的 NoC、LLC 或 HBM 参数"
"FACT-HUAWEI-DV-CONCURRENCY","","CMP-HUAWEI-DV-CORE","","","","","","FIELD-COMP-CONCURRENCY","Cube, vector and MTE can operate in parallel with barriers for dependency control","","","COND-NONE","direct_statement","single_source","provisional","","","high","华为原始架构论文固定 PDF；待总控复核对象代际边界。","M2-GHC-ARCH|FACT-HUAWEI-DV-CONCURRENCY","draft","HPCA 2021 核心机制"
"FACT-HUAWEI-DV-CUBE-FP16-OPERAND-A","","","","","PP-HUAWEI-DV-CUBE-FP16","","","FIELD-NUM-OPERAND-A","FP16","","","COND-NONE","direct_statement","single_source","provisional","","","high","华为原始架构论文固定 PDF；待总控复核对象代际边界。","M2-GHC-ARCH|FACT-HUAWEI-DV-CUBE-FP16-OPERAND-A","draft","源操作数"
"FACT-HUAWEI-DV-CUBE-FP16-OPERAND-B","","","","","PP-HUAWEI-DV-CUBE-FP16","","","FIELD-NUM-OPERAND-B","FP16","","","COND-NONE","direct_statement","single_source","provisional","","","high","华为原始架构论文固定 PDF；待总控复核对象代际边界。","M2-GHC-ARCH|FACT-HUAWEI-DV-CUBE-FP16-OPERAND-B","draft","权重操作数"
"FACT-HUAWEI-DV-CUBE-FP16-OUTPUT","","","","","PP-HUAWEI-DV-CUBE-FP16","","","FIELD-NUM-OUTPUT","FP32","","","COND-NONE","direct_statement","single_source","provisional","","","high","华为原始架构论文固定 PDF；待总控复核对象代际边界。","M2-GHC-ARCH|FACT-HUAWEI-DV-CUBE-FP16-OUTPUT","draft","HPCA 明确 FP16 source with FP32 destination"
"FACT-HUAWEI-DV-CUBE-INT8-OPERAND-A","","","","","PP-HUAWEI-DV-CUBE-INT8","","","FIELD-NUM-OPERAND-A","INT8","","","COND-NONE","direct_statement","single_source","provisional","","","high","华为原始架构论文固定 PDF；待总控复核对象代际边界。","M2-GHC-ARCH|FACT-HUAWEI-DV-CUBE-INT8-OPERAND-A","draft","INT8 cube 路径"
"FACT-HUAWEI-DV-NUM-CONVERSION","","","","","PP-HUAWEI-DV-VECTOR-CONVERSION","","","FIELD-NUM-CONVERSION","Conversions among INT32, FP16 and INT8 are supported in the vector path","","","COND-NONE","direct_statement","single_source","provisional","","","high","华为原始架构论文固定 PDF；待总控复核对象代际边界。","M2-GHC-ARCH|FACT-HUAWEI-DV-NUM-CONVERSION","draft","格式转换路径；不推断缩放粒度或舍入语义"
"FACT-HUAWEI-DV-MTE-DMA","","CMP-HUAWEI-DV-MTE","","","","","","FIELD-MEM-DMA","Transfers data from L1 to L0A/L0B/L0C and supports zero decompression, img2col and transpose","","","COND-NONE","direct_statement","single_source","provisional","","","high","华为原始架构论文固定 PDF；待总控复核对象代际边界。","M2-GHC-ARCH|FACT-HUAWEI-DV-MTE-DMA","draft","MTE 数据搬运路径"
"FACT-HUAWEI-DV-MTE-DECOMP","","","","","","CAP-HUAWEI-DV-MTE-DECOMP","","FIELD-CAP-IMPLEMENTATION-DETAIL","Zero decompression in the Memory Transfer Engine","","","COND-NONE","direct_statement","single_source","provisional","","","high","华为原始架构论文固定 PDF；待总控复核对象代际边界。","M2-GHC-ARCH|FACT-HUAWEI-DV-MTE-DECOMP","draft","专用 MTE 能力"
"FACT-HUAWEI-DV-MTE-RESHAPE","","","","","","CAP-HUAWEI-DV-MTE-RESHAPE","","FIELD-CAP-IMPLEMENTATION-DETAIL","Img2col and transpose in the Memory Transfer Engine","","","COND-NONE","direct_statement","single_source","provisional","","","high","华为原始架构论文固定 PDF；待总控复核对象代际边界。","M2-GHC-ARCH|FACT-HUAWEI-DV-MTE-RESHAPE","draft","专用数据重排能力"
"FACT-HUAWEI-DV-SW-PROGRAMMING","OBJ-HUAWEI-DA-VINCI-INITIAL-ARCH","","","","","","","FIELD-SW-PROGRAMMING-MODEL","TBE, TIK and CCE-C interfaces map software to Da Vinci AI Core operations","","","COND-NONE","direct_statement","single_source","provisional","","","high","华为原始架构论文固定 PDF；待总控复核对象代际边界。","M2-GHC-ARCH|FACT-HUAWEI-DV-SW-PROGRAMMING","draft","记录编程接口，不等同物理模块"
"FACT-GROQ-LPU1-VXM-FUNCTION","","CMP-GROQ-LPU1-VXM","","","","","","FIELD-COMP-EXECUTION","Vector arithmetic is executed through a lane-local ALU mesh","","","COND-NONE","direct_statement","single_source","provisional","","","high","固定一手架构来源；只保留代际机制。","M2-GHC-ARCH|FACT-GROQ-LPU1-VXM-FUNCTION","draft","不保留具体 pipeline depth 或 ALU 数量"
"FACT-GROQ-LPU1-MEM-MANAGEMENT","","CMP-GROQ-LPU1-MEM","","","","","","FIELD-MEM-MANAGEMENT","compiler_managed","","","COND-NONE","direct_statement","single_source","provisional","","","high","固定一手架构来源；只保留代际机制。","M2-GHC-ARCH|FACT-GROQ-LPU1-MEM-MANAGEMENT","draft","原始断言保留扁平全局 SRAM 和显式搬运细节；容量与带宽在实现待办"
"FACT-GROQ-LPU1-C2C-PROTOCOL","","","LINK-GROQ-LPU1-C2C","","","","","FIELD-INT-PROTOCOL","C2C send and receive instructions move architecture vectors between processors","","","COND-NONE","direct_statement","single_source","provisional","","","high","固定一手架构来源；只保留代际机制。","M2-GHC-ARCH|FACT-GROQ-LPU1-C2C-PROTOCOL","draft","链路数和线路速率移至实现对象待办"
"FACT-GROQ-LPU1-VXM-FP16-SUPPORT","","","","","PP-GROQ-LPU1-VXM-FP16","","","FIELD-NUM-OPERAND-A","FP16","","","COND-NONE","direct_statement","single_source","provisional","","","high","固定一手架构来源；只保留代际机制。","M2-GHC-ARCH|FACT-GROQ-LPU1-VXM-FP16-SUPPORT","draft","v1.7 程序员可见格式"
"FACT-GROQ-LPU1-VXM-FP32-SUPPORT","","","","","PP-GROQ-LPU1-VXM-FP32","","","FIELD-NUM-OPERAND-A","FP32","","","COND-NONE","direct_statement","single_source","provisional","","","high","固定一手架构来源；只保留代际机制。","M2-GHC-ARCH|FACT-GROQ-LPU1-VXM-FP32-SUPPORT","draft","v1.7 程序员可见格式"
"FACT-M2GA-GV3-NAME","OBJ-GOOGLE-TPU-V3-ARCH","","","","","","","FIELD-ID-NAME","Google TPU v3 architecture","","","COND-NONE","direct_statement","single_source","provisional","","","high","一手固定、版本化或带截止日的官方来源；待总控复核","FFP-FACT-M2GA-GV3-NAME","draft",""
"FACT-M2GA-GV4-NAME","OBJ-GOOGLE-TPU-V4-ARCH","","","","","","","FIELD-ID-NAME","Google TPU v4 architecture","","","COND-NONE","direct_statement","single_source","provisional","","","high","一手固定、版本化或带截止日的官方来源；待总控复核","FFP-FACT-M2GA-GV4-NAME","draft",""
"FACT-M2GA-GV5E-NAME","OBJ-GOOGLE-TPU-V5E-ARCH","","","","","","","FIELD-ID-NAME","Google TPU v5e architecture","","","COND-NONE","direct_statement","single_source","provisional","","","high","一手固定、版本化或带截止日的官方来源；待总控复核","FFP-FACT-M2GA-GV5E-NAME","draft",""
"FACT-M2GA-GV5P-NAME","OBJ-GOOGLE-TPU-V5P-ARCH","","","","","","","FIELD-ID-NAME","Google TPU v5p architecture","","","COND-NONE","direct_statement","single_source","provisional","","","high","一手固定、版本化或带截止日的官方来源；待总控复核","FFP-FACT-M2GA-GV5P-NAME","draft",""
"FACT-M2GA-GV6E-NAME","OBJ-GOOGLE-TPU-V6E-ARCH","","","","","","","FIELD-ID-NAME","Google TPU v6e (Trillium) architecture","","","COND-NONE","direct_statement","single_source","provisional","","","high","一手固定、版本化或带截止日的官方来源；待总控复核","FFP-FACT-M2GA-GV6E-NAME","draft",""
"FACT-M2GA-G7X-NAME","OBJ-GOOGLE-TPU7X-ARCH","","","","","","","FIELD-ID-NAME","Google TPU7x (Ironwood) architecture","","","COND-NONE","direct_statement","single_source","provisional","","","high","一手固定、版本化或带截止日的官方来源；待总控复核","FFP-FACT-M2GA-G7X-NAME","draft",""
"FACT-M2GA-G8T-NAME","OBJ-GOOGLE-TPU-8T-ARCH","","","","","","","FIELD-ID-NAME","Google TPU 8t architecture","","","COND-NONE","direct_statement","single_source","provisional","","","high","一手固定、版本化或带截止日的官方来源；待总控复核","FFP-FACT-M2GA-G8T-NAME","draft",""
"FACT-M2GA-G8I-NAME","OBJ-GOOGLE-TPU-8I-ARCH","","","","","","","FIELD-ID-NAME","Google TPU 8i architecture","","","COND-NONE","direct_statement","single_source","provisional","","","high","一手固定、版本化或带截止日的官方来源；待总控复核","FFP-FACT-M2GA-G8I-NAME","draft",""
"FACT-M2GA-AIF1-NAME","OBJ-AWS-INFERENTIA1-ARCH","","","","","","","FIELD-ID-NAME","AWS Inferentia architecture","","","COND-NONE","direct_statement","single_source","provisional","","","high","一手固定、版本化或带截止日的官方来源；待总控复核","FFP-FACT-M2GA-AIF1-NAME","draft",""
"FACT-M2GA-ATRN1-NAME","OBJ-AWS-TRAINIUM1-ARCH","","","","","","","FIELD-ID-NAME","AWS Trainium architecture","","","COND-NONE","direct_statement","single_source","provisional","","","high","一手固定、版本化或带截止日的官方来源；待总控复核","FFP-FACT-M2GA-ATRN1-NAME","draft",""
"FACT-M2GA-AIF2-NAME","OBJ-AWS-INFERENTIA2-ARCH","","","","","","","FIELD-ID-NAME","AWS Inferentia2 architecture","","","COND-NONE","direct_statement","single_source","provisional","","","high","一手固定、版本化或带截止日的官方来源；待总控复核","FFP-FACT-M2GA-AIF2-NAME","draft",""
"FACT-M2GA-ATRN3-NAME","OBJ-AWS-TRAINIUM3-ARCH","","","","","","","FIELD-ID-NAME","AWS Trainium3 architecture","","","COND-NONE","direct_statement","single_source","provisional","","","high","一手固定、版本化或带截止日的官方来源；待总控复核","FFP-FACT-M2GA-ATRN3-NAME","draft",""
"FACT-M2GA-ATRN4-NAME","OBJ-AWS-TRAINIUM4-ARCH","","","","","","","FIELD-ID-NAME","AWS Trainium4 generation","","","COND-NONE","direct_statement","single_source","provisional","","","high","一手固定、版本化或带截止日的官方来源；待总控复核","FFP-FACT-M2GA-ATRN4-NAME","draft","A09 只确认 Trainium4 名称和预计交付时间，不扩写未发布的架构细节"
"FACT-M2GA-GV3-EXEC","","CMP-M2GA-GV3-TC","","","","","","FIELD-COMP-EXECUTION","VLIW-controlled scalar, vector and matrix paths with compiler-scheduled data movement","","","COND-NONE","direct_statement","single_source","provisional","","","high","一手固定、版本化或带截止日的官方来源；待总控复核","FFP-FACT-M2GA-GV3-EXEC","draft",""
"FACT-M2GA-GV3-ARRAY","","CMP-M2GA-GV3-MXU","","","","","","FIELD-COMP-ARRAY-SHAPE","128×128 systolic MXU","","","COND-NONE","direct_statement","single_source","provisional","","","high","一手固定、版本化或带截止日的官方来源；待总控复核","FFP-FACT-M2GA-GV3-ARRAY","draft",""
"FACT-M2GA-GV3-MEM-MGMT","","CMP-M2GA-GV3-VMEM","","","","","","FIELD-MEM-MANAGEMENT","software_scratchpad","","","COND-NONE","direct_statement","single_source","provisional","","","high","一手固定、版本化或带截止日的官方来源；待总控复核","FFP-FACT-M2GA-GV3-MEM-MGMT","draft","枚举规范化；来源描述：software/compiler-managed scratchpad; not a hardware-managed data cache"
"FACT-M2GA-GV3-DMA","","CMP-M2GA-GV3-DMA","","","","","","FIELD-MEM-DMA","asynchronous software/compiler-scheduled transfers between device memory and on-chip scratchpad","","","COND-NONE","direct_statement","single_source","provisional","","","high","一手固定、版本化或带截止日的官方来源；待总控复核","FFP-FACT-M2GA-GV3-DMA","draft","字段只允许 component；证据支持该代架构的软件调度 DMA，具体数量与吞吐不在架构层登记"
"FACT-M2GA-GV3-SW","OBJ-GOOGLE-TPU-V3-ARCH","","","","","","","FIELD-SW-COMPILER","XLA is the software-stack constant across TPU generations from v2 to Ironwood","","","COND-NONE","direct_statement","single_source","provisional","","","high","一手固定、版本化或带截止日的官方来源；待总控复核","FFP-FACT-M2GA-GV3-SW","draft","G01 p.5 直接支持跨代 XLA；Pallas 只作为当前软件栈描述，不逐代绑定；Mosaic 未由该来源支持"
"FACT-M2GA-GV4-EXEC","","CMP-M2GA-GV4-TC","","","","","","FIELD-COMP-EXECUTION","VLIW-controlled scalar, vector and matrix paths with asynchronous DMA","","","COND-NONE","direct_statement","single_source","provisional","","","high","一手固定、版本化或带截止日的官方来源；待总控复核","FFP-FACT-M2GA-GV4-EXEC","draft",""
"FACT-M2GA-GV4-ARRAY","","CMP-M2GA-GV4-MXU","","","","","","FIELD-COMP-ARRAY-SHAPE","128×128 systolic MXU","","","COND-NONE","direct_statement","single_source","provisional","","","high","一手固定、版本化或带截止日的官方来源；待总控复核","FFP-FACT-M2GA-GV4-ARRAY","draft",""
"FACT-M2GA-GV4-MEM-MGMT","","CMP-M2GA-GV4-VMEM","","","","","","FIELD-MEM-MANAGEMENT","software_scratchpad","","","COND-NONE","direct_statement","single_source","provisional","","","high","一手固定、版本化或带截止日的官方来源；待总控复核","FFP-FACT-M2GA-GV4-MEM-MGMT","draft","枚举规范化；来源描述：software/compiler-managed scratchpad; not a hardware-managed data cache"
"FACT-M2GA-GV4-DMA","","CMP-M2GA-GV4-DMA","","","","","","FIELD-MEM-DMA","asynchronous software/compiler-scheduled transfers between device memory and on-chip scratchpad","","","COND-NONE","direct_statement","single_source","provisional","","","high","一手固定、版本化或带截止日的官方来源；待总控复核","FFP-FACT-M2GA-GV4-DMA","draft","字段只允许 component；证据支持该代架构的软件调度 DMA，具体数量与吞吐不在架构层登记"
"FACT-M2GA-GV4-SW","OBJ-GOOGLE-TPU-V4-ARCH","","","","","","","FIELD-SW-COMPILER","XLA is the software-stack constant across TPU generations from v2 to Ironwood","","","COND-NONE","direct_statement","single_source","provisional","","","high","一手固定、版本化或带截止日的官方来源；待总控复核","FFP-FACT-M2GA-GV4-SW","draft","G01 p.5 直接支持跨代 XLA；Pallas 只作为当前软件栈描述，不逐代绑定；Mosaic 未由该来源支持"
"FACT-M2GA-GV5E-EXEC","","CMP-M2GA-GV5E-TC","","","","","","FIELD-COMP-EXECUTION","TensorCore combines MXU, VPU and scalar/control paths","","","COND-NONE","direct_statement","single_source","provisional","","","high","一手固定、版本化或带截止日的官方来源；待总控复核","FFP-FACT-M2GA-GV5E-EXEC","draft",""
"FACT-M2GA-GV5E-ARRAY","","CMP-M2GA-GV5E-MXU","","","","","","FIELD-COMP-ARRAY-SHAPE","128×128 systolic MXU","","","COND-NONE","direct_statement","single_source","provisional","","","high","一手固定、版本化或带截止日的官方来源；待总控复核","FFP-FACT-M2GA-GV5E-ARRAY","draft",""
"FACT-M2GA-GV5P-EXEC","","CMP-M2GA-GV5P-TC","","","","","","FIELD-COMP-EXECUTION","VLIW-controlled scalar, vector and matrix paths with asynchronous DMA","","","COND-NONE","direct_statement","single_source","provisional","","","high","一手固定、版本化或带截止日的官方来源；待总控复核","FFP-FACT-M2GA-GV5P-EXEC","draft",""
"FACT-M2GA-GV5P-ARRAY","","CMP-M2GA-GV5P-MXU","","","","","","FIELD-COMP-ARRAY-SHAPE","128×128 systolic MXU","","","COND-NONE","direct_statement","single_source","provisional","","","high","一手固定、版本化或带截止日的官方来源；待总控复核","FFP-FACT-M2GA-GV5P-ARRAY","draft",""
"FACT-M2GA-GV5P-MEM-MGMT","","CMP-M2GA-GV5P-VMEM","","","","","","FIELD-MEM-MANAGEMENT","software_scratchpad","","","COND-NONE","direct_statement","single_source","provisional","","","high","一手固定、版本化或带截止日的官方来源；待总控复核","FFP-FACT-M2GA-GV5P-MEM-MGMT","draft","枚举规范化；来源描述：software/compiler-managed scratchpad; not a hardware-managed data cache"
"FACT-M2GA-GV5P-DMA","","CMP-M2GA-GV5P-DMA","","","","","","FIELD-MEM-DMA","asynchronous software/compiler-scheduled transfers between device memory and on-chip scratchpad","","","COND-NONE","direct_statement","single_source","provisional","","","high","一手固定、版本化或带截止日的官方来源；待总控复核","FFP-FACT-M2GA-GV5P-DMA","draft","字段只允许 component；证据支持该代架构的软件调度 DMA，具体数量与吞吐不在架构层登记"
"FACT-M2GA-GV5P-SW","OBJ-GOOGLE-TPU-V5P-ARCH","","","","","","","FIELD-SW-COMPILER","XLA is the software-stack constant across TPU generations from v2 to Ironwood","","","COND-NONE","direct_statement","single_source","provisional","","","high","一手固定、版本化或带截止日的官方来源；待总控复核","FFP-FACT-M2GA-GV5P-SW","draft","G01 p.5 直接支持跨代 XLA；Pallas 只作为当前软件栈描述，不逐代绑定；Mosaic 未由该来源支持"
"FACT-M2GA-GV6E-EXEC","","CMP-M2GA-GV6E-TC","","","","","","FIELD-COMP-EXECUTION","TensorCore combines MXU, VPU and scalar/control paths","","","COND-NONE","direct_statement","single_source","provisional","","","high","一手固定、版本化或带截止日的官方来源；待总控复核","FFP-FACT-M2GA-GV6E-EXEC","draft",""
"FACT-M2GA-GV6E-ARRAY","","CMP-M2GA-GV6E-MXU","","","","","","FIELD-COMP-ARRAY-SHAPE","256×256 systolic MXU","","","COND-NONE","direct_statement","single_source","provisional","","","high","一手固定、版本化或带截止日的官方来源；待总控复核","FFP-FACT-M2GA-GV6E-ARRAY","draft",""
"FACT-M2GA-G7X-EXEC","","CMP-M2GA-G7X-TC","","","","","","FIELD-COMP-EXECUTION","VLIW-controlled scalar, vector and matrix paths with asynchronous DMA","","","COND-NONE","direct_statement","single_source","provisional","","","high","一手固定、版本化或带截止日的官方来源；待总控复核","FFP-FACT-M2GA-G7X-EXEC","draft",""
"FACT-M2GA-G7X-ARRAY","","CMP-M2GA-G7X-MXU","","","","","","FIELD-COMP-ARRAY-SHAPE","separate 256×256 BF16 and 512×512 FP8 MXU paths","","","COND-NONE","direct_statement","single_source","provisional","","","high","一手固定、版本化或带截止日的官方来源；待总控复核","FFP-FACT-M2GA-G7X-ARRAY","draft",""
"FACT-M2GA-G7X-MEM-MGMT","","CMP-M2GA-G7X-VMEM","","","","","","FIELD-MEM-MANAGEMENT","software_scratchpad","","","COND-NONE","direct_statement","single_source","provisional","","","high","一手固定、版本化或带截止日的官方来源；待总控复核","FFP-FACT-M2GA-G7X-MEM-MGMT","draft","枚举规范化；来源描述：software/compiler-managed scratchpad; not a hardware-managed data cache"
"FACT-M2GA-G7X-DMA","","CMP-M2GA-G7X-DMA","","","","","","FIELD-MEM-DMA","asynchronous software/compiler-scheduled transfers between device memory and on-chip scratchpad","","","COND-NONE","direct_statement","single_source","provisional","","","high","一手固定、版本化或带截止日的官方来源；待总控复核","FFP-FACT-M2GA-G7X-DMA","draft","字段只允许 component；证据支持该代架构的软件调度 DMA，具体数量与吞吐不在架构层登记"
"FACT-M2GA-G7X-SW","OBJ-GOOGLE-TPU7X-ARCH","","","","","","","FIELD-SW-COMPILER","XLA is the software-stack constant across TPU generations from v2 to Ironwood","","","COND-NONE","direct_statement","single_source","provisional","","","high","一手固定、版本化或带截止日的官方来源；待总控复核","FFP-FACT-M2GA-G7X-SW","draft","G01 p.5 直接支持跨代 XLA；Pallas 只作为当前软件栈描述，不逐代绑定；Mosaic 未由该来源支持"
"FACT-M2GA-GV3-BF16-IN","","","","","PP-M2GA-GV3-BF16","","","FIELD-NUM-OPERAND-A","BF16 matrix operands","","","COND-NONE","direct_statement","single_source","provisional","","","high","一手固定、版本化或带截止日的官方来源；待总控复核","FFP-FACT-M2GA-GV3-BF16-IN","draft",""
"FACT-M2GA-GV3-BF16-ACC","","","","","PP-M2GA-GV3-BF16","","","FIELD-NUM-ACCUMULATION","FP32 accumulation semantics","","","COND-NONE","direct_statement","single_source","provisional","","","high","一手固定、版本化或带截止日的官方来源；待总控复核","FFP-FACT-M2GA-GV3-BF16-ACC","draft","物理累加器位宽未公开"
"FACT-M2GA-GV4-BF16-IN","","","","","PP-M2GA-GV4-BF16","","","FIELD-NUM-OPERAND-A","BF16 matrix operands","","","COND-NONE","direct_statement","single_source","provisional","","","high","一手固定、版本化或带截止日的官方来源；待总控复核","FFP-FACT-M2GA-GV4-BF16-IN","draft",""
"FACT-M2GA-GV4-BF16-ACC","","","","","PP-M2GA-GV4-BF16","","","FIELD-NUM-ACCUMULATION","FP32 accumulation semantics","","","COND-NONE","direct_statement","single_source","provisional","","","high","一手固定、版本化或带截止日的官方来源；待总控复核","FFP-FACT-M2GA-GV4-BF16-ACC","draft","物理累加器位宽未公开"
"FACT-M2GA-GV5E-BF16-IN","","","","","PP-M2GA-GV5E-BF16","","","FIELD-NUM-OPERAND-A","BF16 matrix operands","","","COND-NONE","direct_statement","single_source","provisional","","","high","一手固定、版本化或带截止日的官方来源；待总控复核","FFP-FACT-M2GA-GV5E-BF16-IN","draft",""
"FACT-M2GA-GV5E-BF16-ACC","","","","","PP-M2GA-GV5E-BF16","","","FIELD-NUM-ACCUMULATION","FP32 accumulation semantics","","","COND-NONE","direct_statement","single_source","provisional","","","high","一手固定、版本化或带截止日的官方来源；待总控复核","FFP-FACT-M2GA-GV5E-BF16-ACC","draft","物理累加器位宽未公开"
"FACT-M2GA-GV5P-BF16-IN","","","","","PP-M2GA-GV5P-BF16","","","FIELD-NUM-OPERAND-A","BF16 matrix operands","","","COND-NONE","direct_statement","single_source","provisional","","","high","一手固定、版本化或带截止日的官方来源；待总控复核","FFP-FACT-M2GA-GV5P-BF16-IN","draft",""
"FACT-M2GA-GV5P-BF16-ACC","","","","","PP-M2GA-GV5P-BF16","","","FIELD-NUM-ACCUMULATION","FP32 accumulation semantics","","","COND-NONE","direct_statement","single_source","provisional","","","high","一手固定、版本化或带截止日的官方来源；待总控复核","FFP-FACT-M2GA-GV5P-BF16-ACC","draft","物理累加器位宽未公开"
"FACT-M2GA-GV6E-BF16-IN","","","","","PP-M2GA-GV6E-BF16","","","FIELD-NUM-OPERAND-A","BF16 matrix operands","","","COND-NONE","direct_statement","single_source","provisional","","","high","一手固定、版本化或带截止日的官方来源；待总控复核","FFP-FACT-M2GA-GV6E-BF16-IN","draft",""
"FACT-M2GA-GV6E-BF16-ACC","","","","","PP-M2GA-GV6E-BF16","","","FIELD-NUM-ACCUMULATION","FP32 accumulation semantics","","","COND-NONE","direct_statement","single_source","provisional","","","high","一手固定、版本化或带截止日的官方来源；待总控复核","FFP-FACT-M2GA-GV6E-BF16-ACC","draft","物理累加器位宽未公开"
"FACT-M2GA-G7X-BF16-IN","","","","","PP-M2GA-G7X-BF16","","","FIELD-NUM-OPERAND-A","BF16 matrix operands","","","COND-NONE","direct_statement","single_source","provisional","","","high","一手固定、版本化或带截止日的官方来源；待总控复核","FFP-FACT-M2GA-G7X-BF16-IN","draft",""
"FACT-M2GA-G7X-BF16-ACC","","","","","PP-M2GA-G7X-BF16","","","FIELD-NUM-ACCUMULATION","FP32 accumulation semantics","","","COND-NONE","direct_statement","single_source","provisional","","","high","一手固定、版本化或带截止日的官方来源；待总控复核","FFP-FACT-M2GA-G7X-BF16-ACC","draft","物理累加器位宽未公开"
"FACT-M2GA-GV3-SPARSE","","","","","","CAP-M2GA-GV3-SPARSE","","FIELD-CAP-IMPLEMENTATION-DETAIL","SparseCore is a tiled processor with programmable vector units and local Sparse Vector Memory","","","COND-NONE","direct_statement","single_source","provisional","","","high","一手固定、版本化或带截止日的官方来源；待总控复核","FFP-FACT-M2GA-GV3-SPARSE","draft","由 G01 SparseCore 段落规范化，不将 Sparse Vector Memory 擅自改称 compiler-managed scratchpad"
"FACT-M2GA-GV4-SPARSE","","","","","","CAP-M2GA-GV4-SPARSE","","FIELD-CAP-IMPLEMENTATION-DETAIL","SparseCore is a tiled processor with programmable vector units and local Sparse Vector Memory","","","COND-NONE","direct_statement","single_source","provisional","","","high","一手固定、版本化或带截止日的官方来源；待总控复核","FFP-FACT-M2GA-GV4-SPARSE","draft","由 G01 SparseCore 段落规范化，不将 Sparse Vector Memory 擅自改称 compiler-managed scratchpad"
"FACT-M2GA-GV5P-SPARSE","","","","","","CAP-M2GA-GV5P-SPARSE","","FIELD-CAP-IMPLEMENTATION-DETAIL","SparseCore is a tiled processor with programmable vector units and local Sparse Vector Memory","","","COND-NONE","direct_statement","single_source","provisional","","","high","一手固定、版本化或带截止日的官方来源；待总控复核","FFP-FACT-M2GA-GV5P-SPARSE","draft","由 G01 SparseCore 段落规范化，不将 Sparse Vector Memory 擅自改称 compiler-managed scratchpad"
"FACT-M2GA-G7X-SPARSE","","","","","","CAP-M2GA-G7X-SPARSE","","FIELD-CAP-IMPLEMENTATION-DETAIL","SparseCore is a tiled processor with programmable vector units and local Sparse Vector Memory","","","COND-NONE","direct_statement","single_source","provisional","","","high","一手固定、版本化或带截止日的官方来源；待总控复核","FFP-FACT-M2GA-G7X-SPARSE","draft","由 G01 SparseCore 段落规范化，不将 Sparse Vector Memory 擅自改称 compiler-managed scratchpad"
"FACT-M2GA-GV6E-SPARSE","","","","","","CAP-M2GA-GV6E-SPARSE","","FIELD-CAP-IMPLEMENTATION-DETAIL","SparseCore combines tiled local-memory processing, dynamic execution, vector processing, and centralized control","","","COND-NONE","direct_statement","single_source","provisional","","","high","一手固定、版本化或带截止日的官方来源；待总控复核","FFP-FACT-M2GA-GV6E-SPARSE","draft","G15 规格表把 Trillium 列为覆盖对象；原值不再附加来源未声明的管理方式"
"FACT-M2GA-GV4-SORT","","","","","","CAP-M2GA-GV4-SORT","","FIELD-CAP-IMPLEMENTATION-DETAIL","SparseCore includes specialized cross-lane operations for sorting, filtering, and prefix sums","","","COND-NONE","direct_statement","single_source","provisional","","","high","一手固定、版本化或带截止日的官方来源；待总控复核","FFP-FACT-M2GA-GV4-SORT","draft","G15 的规格表明确覆盖 TPU v4、TPU v5p 与 Trillium；只保留页面直接列出的跨通道操作"
"FACT-M2GA-GV5P-SORT","","","","","","CAP-M2GA-GV5P-SORT","","FIELD-CAP-IMPLEMENTATION-DETAIL","SparseCore includes specialized cross-lane operations for sorting, filtering, and prefix sums","","","COND-NONE","direct_statement","single_source","provisional","","","high","一手固定、版本化或带截止日的官方来源；待总控复核","FFP-FACT-M2GA-GV5P-SORT","draft","G15 的规格表明确覆盖 TPU v4、TPU v5p 与 Trillium；只保留页面直接列出的跨通道操作"
"FACT-M2GA-GV6E-SORT","","","","","","CAP-M2GA-GV6E-SORT","","FIELD-CAP-IMPLEMENTATION-DETAIL","SparseCore includes specialized cross-lane operations for sorting, filtering, and prefix sums","","","COND-NONE","direct_statement","single_source","provisional","","","high","一手固定、版本化或带截止日的官方来源；待总控复核","FFP-FACT-M2GA-GV6E-SORT","draft","G15 的规格表明确覆盖 TPU v4、TPU v5p 与 Trillium；只保留页面直接列出的跨通道操作"
"FACT-M2GA-G8T-FP4","","","","","PP-M2GA-G8T-FP4","","","FIELD-NUM-OPERAND-A","TPU 8t introduces native FP4","","","COND-NONE","direct_statement","single_source","provisional","","","high","一手固定、版本化或带截止日的官方来源；待总控复核","FFP-FACT-M2GA-G8T-FP4","draft","只保留 G13 的直接陈述；完整输入、乘积、累加和输出语义由 requirement 跟踪"
"FACT-M2GA-G8T-SPARSE","","","","","","CAP-M2GA-G8T-SPARSE","","FIELD-CAP-IMPLEMENTATION-DETAIL","Dedicated SparseCore offloads embedding operations","","","COND-NONE","direct_statement","single_source","provisional","","","high","一手固定、版本化或带截止日的官方来源；待总控复核","FFP-FACT-M2GA-G8T-SPARSE","draft",""
"FACT-M2GA-G8T-ALLGATHER","","","","","","CAP-M2GA-G8T-ALLGATHER","","FIELD-CAP-IMPLEMENTATION-DETAIL","SparseCore offloads data-dependent all-gather","","","COND-NONE","direct_statement","single_source","provisional","","","high","一手固定、版本化或带截止日的官方来源；待总控复核","FFP-FACT-M2GA-G8T-ALLGATHER","draft",""
"FACT-M2GA-G8T-LDE","","","","","","CAP-M2GA-G8T-LDE","","FIELD-CAP-IMPLEMENTATION-DETAIL","TPU 8t includes an LLM Decoder Engine","","","COND-NONE","direct_statement","single_source","provisional","","","high","一手固定、版本化或带截止日的官方来源；待总控复核","FFP-FACT-M2GA-G8T-LDE","draft","只登记来源直接支持的正事实；未披露的内部细节、精度语义或方向/载荷口径由 field requirement 追踪"
"FACT-M2GA-G8T-TPUDIRECT","","","","","","CAP-M2GA-G8T-TPUDIRECT","","FIELD-CAP-IMPLEMENTATION-DETAIL","Direct HBM-to-NIC and managed-storage paths bypass host CPU/DRAM","","","COND-NONE","direct_statement","single_source","provisional","","","high","一手固定、版本化或带截止日的官方来源；待总控复核","FFP-FACT-M2GA-G8T-TPUDIRECT","draft",""
"FACT-M2GA-G8T-SW","OBJ-GOOGLE-TPU-8T-ARCH","","","","","","","FIELD-SW-PROGRAMMING-MODEL","JAX, XLA, Pallas/Mosaic, Keras and preview native PyTorch support at announcement","","","COND-NONE","direct_statement","single_source","provisional","","","high","一手固定、版本化或带截止日的官方来源；待总控复核","FFP-FACT-M2GA-G8T-SW","draft",""
"FACT-M2GA-G8I-FP4","","","","","PP-M2GA-G8I-FP4","","","FIELD-NUM-OPERAND-A","TPU 8i supports FP4 compute","","","COND-NONE","direct_statement","single_source","provisional","","","high","一手固定、版本化或带截止日的官方来源；待总控复核","FFP-FACT-M2GA-G8I-FP4","draft","只登记来源直接支持的正事实；未披露的内部细节、精度语义或方向/载荷口径由 field requirement 追踪"
"FACT-M2GA-G8I-CAE","","","","","","CAP-M2GA-G8I-CAE","","FIELD-CAP-IMPLEMENTATION-DETAIL","Dedicated CAE performs aggregation, reduction and synchronization offload","","","COND-NONE","direct_statement","single_source","provisional","","","high","一手固定、版本化或带截止日的官方来源；待总控复核","FFP-FACT-M2GA-G8I-CAE","draft",""
"FACT-M2GA-G8I-ICI","","","LINK-M2GA-G8I-ICI","","","","","FIELD-INT-PROTOCOL","TPU 8i uses ICI for chip-to-chip communication","","","COND-NONE","direct_statement","single_source","provisional","","","high","一手固定、版本化或带截止日的官方来源；待总控复核","FFP-FACT-M2GA-G8I-ICI","draft","只登记来源直接支持的正事实；未披露的内部细节、精度语义或方向/载荷口径由 field requirement 追踪"
"FACT-M2GA-G8I-SW","OBJ-GOOGLE-TPU-8I-ARCH","","","","","","","FIELD-SW-PROGRAMMING-MODEL","JAX, XLA, Pallas/Mosaic, Keras and preview native PyTorch support at announcement","","","COND-NONE","direct_statement","single_source","provisional","","","high","一手固定、版本化或带截止日的官方来源；待总控复核","FFP-FACT-M2GA-G8I-SW","draft",""
"FACT-M2GA-AIF1-EXEC","","CMP-M2GA-AIF1-NC","","","","","","FIELD-COMP-EXECUTION","Independent heterogeneous core with Tensor, Vector and Scalar engines plus software-managed SRAM","","","COND-NONE","direct_statement","single_source","provisional","","","high","一手固定、版本化或带截止日的官方来源；待总控复核","FFP-FACT-M2GA-AIF1-EXEC","draft",""
"FACT-M2GA-AIF1-TENSOR","","CMP-M2GA-AIF1-TENSOR","","","","","","FIELD-COMP-EXECUTION","Power-optimized systolic-array Tensor Engine","","","COND-NONE","direct_statement","single_source","provisional","","","high","一手固定、版本化或带截止日的官方来源；待总控复核","FFP-FACT-M2GA-AIF1-TENSOR","draft",""
"FACT-M2GA-AIF1-VECTOR","","CMP-M2GA-AIF1-VECTOR","","","","","","FIELD-COMP-EXECUTION","Vector Engine executes activation and vector operations with a wide floating-point path","","","COND-NONE","direct_statement","single_source","provisional","","","high","一手固定、版本化或带截止日的官方来源；待总控复核","FFP-FACT-M2GA-AIF1-VECTOR","draft",""
"FACT-M2GA-AIF1-SCALAR","","CMP-M2GA-AIF1-SCALAR","","","","","","FIELD-COMP-EXECUTION","Scalar Engine handles scalar computation and control-oriented work","","","COND-NONE","direct_statement","single_source","provisional","","","high","一手固定、版本化或带截止日的官方来源；待总控复核","FFP-FACT-M2GA-AIF1-SCALAR","draft",""
"FACT-M2GA-AIF1-FP-IN","","","","","PP-M2GA-AIF1-FP16BF16","","","FIELD-NUM-OPERAND-A","FP16 or BF16 input","","","COND-NONE","direct_statement","single_source","provisional","","","high","一手固定、版本化或带截止日的官方来源；待总控复核","FFP-FACT-M2GA-AIF1-FP-IN","draft",""
"FACT-M2GA-AIF1-FP-OUT","","","","","PP-M2GA-AIF1-FP16BF16","","","FIELD-NUM-OUTPUT","FP32 result path","","","COND-NONE","direct_statement","single_source","provisional","","","high","一手固定、版本化或带截止日的官方来源；待总控复核","FFP-FACT-M2GA-AIF1-FP-OUT","draft","内部累加器物理位宽未单独公开"
"FACT-M2GA-AIF1-I8-IN","","","","","PP-M2GA-AIF1-INT8","","","FIELD-NUM-OPERAND-A","INT8 input","","","COND-NONE","direct_statement","single_source","provisional","","","high","一手固定、版本化或带截止日的官方来源；待总控复核","FFP-FACT-M2GA-AIF1-I8-IN","draft",""
"FACT-M2GA-AIF1-I8-OUT","","","","","PP-M2GA-AIF1-INT8","","","FIELD-NUM-OUTPUT","INT32 result path","","","COND-NONE","direct_statement","single_source","provisional","","","high","一手固定、版本化或带截止日的官方来源；待总控复核","FFP-FACT-M2GA-AIF1-I8-OUT","draft",""
"FACT-M2GA-AIF1-MEM","","CMP-M2GA-AIF1-SBUF","","","","","","FIELD-MEM-MANAGEMENT","software_scratchpad","","","COND-NONE","direct_statement","single_source","provisional","","","high","一手固定、版本化或带截止日的官方来源；待总控复核","FFP-FACT-M2GA-AIF1-MEM","draft","枚举规范化；来源描述：software-managed on-core SRAM used as an explicitly scheduled scratchpad"
"FACT-M2GA-ATRN1-EXEC","","CMP-M2GA-ATRN1-NC","","","","","","FIELD-COMP-EXECUTION","Four independently sequenced asynchronous compute engines—Tensor, Vector, Scalar and GpSimd—coordinate through the Sync Engine","","","COND-NONE","direct_statement","single_source","provisional","","","high","一手固定、版本化或带截止日的官方来源；待总控复核","FFP-FACT-M2GA-ATRN1-EXEC","draft",""
"FACT-M2GA-ATRN1-TENSOR-SHAPE","","CMP-M2GA-ATRN1-TENSOR","","","","","","FIELD-COMP-ARRAY-SHAPE","128×128 processing-element systolic array","","","COND-NONE","direct_statement","single_source","provisional","","","high","一手固定、版本化或带截止日的官方来源；待总控复核","FFP-FACT-M2GA-ATRN1-TENSOR-SHAPE","draft",""
"FACT-M2GA-ATRN1-VECTOR","","CMP-M2GA-ATRN1-VECTOR","","","","","","FIELD-COMP-EXECUTION","Vector Engine handles elementwise, activation and reduction-oriented vector operations","","","COND-NONE","direct_statement","single_source","provisional","","","high","一手固定、版本化或带截止日的官方来源；待总控复核","FFP-FACT-M2GA-ATRN1-VECTOR","draft",""
"FACT-M2GA-ATRN1-SCALAR","","CMP-M2GA-ATRN1-SCALAR","","","","","","FIELD-COMP-EXECUTION","Scalar Engine provides scalar and control-oriented arithmetic","","","COND-NONE","direct_statement","single_source","provisional","","","high","一手固定、版本化或带截止日的官方来源；待总控复核","FFP-FACT-M2GA-ATRN1-SCALAR","draft",""
"FACT-M2GA-ATRN1-GPSIMD","","CMP-M2GA-ATRN1-GPSIMD","","","","","","FIELD-COMP-EXECUTION","Programmable GpSimd path supplies general-purpose SIMD operations not covered by fixed Tensor/Vector instructions","","","COND-NONE","direct_statement","single_source","provisional","","","high","一手固定、版本化或带截止日的官方来源；待总控复核","FFP-FACT-M2GA-ATRN1-GPSIMD","draft",""
"FACT-M2GA-ATRN1-FP-IN","","","","","PP-M2GA-ATRN1-BF16FP16","","","FIELD-NUM-OPERAND-A","BF16 or FP16 operands","","","COND-NONE","direct_statement","single_source","provisional","","","high","一手固定、版本化或带截止日的官方来源；待总控复核","FFP-FACT-M2GA-ATRN1-FP-IN","draft",""
"FACT-M2GA-ATRN1-FP-ACC","","","","","PP-M2GA-ATRN1-BF16FP16","","","FIELD-NUM-ACCUMULATION","FP32 accumulation semantics","","","COND-NONE","direct_statement","single_source","provisional","","","high","一手固定、版本化或带截止日的官方来源；待总控复核","FFP-FACT-M2GA-ATRN1-FP-ACC","draft","物理累加器位宽未公开"
"FACT-M2GA-ATRN1-CFP8","","","","","PP-M2GA-ATRN1-CFP8TF32","","","FIELD-NUM-OPERAND-A","cFP8 or TF32 Tensor Engine operands","","","COND-NONE","direct_statement","single_source","provisional","","","high","一手固定、版本化或带截止日的官方来源；待总控复核","FFP-FACT-M2GA-ATRN1-CFP8","draft",""
"FACT-M2GA-ATRN1-SBUF","","CMP-M2GA-ATRN1-SBUF","","","","","","FIELD-MEM-MANAGEMENT","software_scratchpad","","","COND-NONE","direct_statement","single_source","provisional","","","high","一手固定、版本化或带截止日的官方来源；待总控复核","FFP-FACT-M2GA-ATRN1-SBUF","draft","枚举规范化；来源描述：software-managed SBUF scratchpad shared by the core engines"
"FACT-M2GA-ATRN1-PSUM","","CMP-M2GA-ATRN1-PSUM","","","","","","FIELD-MEM-READ-WRITE-MODEL","shared_read_write","","","COND-NONE","direct_statement","single_source","provisional","","","high","一手固定、版本化或带截止日的官方来源；待总控复核","FFP-FACT-M2GA-ATRN1-PSUM","draft","枚举规范化；PSUM 由计算引擎与 DMA 共享访问，未据此推定端口数或双工方式；来源描述：PSUM is the Tensor Engine accumulator/result store and participates in explicit data movement"
"FACT-M2GA-ATRN1-DMA","","CMP-M2GA-ATRN1-DMA","","","","","","FIELD-MEM-DMA","On-chip DMA engines move data between HBM and local SBUF and can run in parallel with computation","","","COND-NONE","direct_statement","single_source","provisional","","","high","一手固定、版本化或带截止日的官方来源；待总控复核","FFP-FACT-M2GA-ATRN1-DMA","draft","A05 支持 HBM↔SBUF DMA；内联压缩/解压由各产品页 A03/A04 单独支撑，不并入本事实"
"FACT-M2GA-ATRN1-COMPRESS","","","","","","CAP-M2GA-ATRN1-COMPRESS","","FIELD-CAP-IMPLEMENTATION-DETAIL","Inline compression in the DMA path","","","COND-NONE","direct_statement","single_source","provisional","","","high","一手固定、版本化或带截止日的官方来源；待总控复核","FFP-FACT-M2GA-ATRN1-COMPRESS","draft",""
"FACT-M2GA-ATRN1-DECOMPRESS","","","","","","CAP-M2GA-ATRN1-DECOMPRESS","","FIELD-CAP-IMPLEMENTATION-DETAIL","Inline decompression in the DMA path","","","COND-NONE","direct_statement","single_source","provisional","","","high","一手固定、版本化或带截止日的官方来源；待总控复核","FFP-FACT-M2GA-ATRN1-DECOMPRESS","draft",""
"FACT-M2GA-ATRN1-COLL","","","","","","CAP-M2GA-ATRN1-COLLECTIVE","","FIELD-CAP-IMPLEMENTATION-DETAIL","The device includes dedicated CC-Cores for collective communication","","","COND-NONE","direct_statement","single_source","provisional","","","high","一手固定、版本化或带截止日的官方来源；待总控复核","FFP-FACT-M2GA-ATRN1-COLL","draft","仅记录 A05 设备清单直接支持的 CC-Core 正事实，不推定其与 NeuronLink-v2 的内部编排关系"
"FACT-M2GA-ATRN1-NL","","","LINK-M2GA-ATRN1-NL","","","","","FIELD-INT-PROTOCOL","NeuronLink-v2 for device-to-device collective communication","","","COND-NONE","direct_statement","single_source","provisional","","","high","一手固定、版本化或带截止日的官方来源；待总控复核","FFP-FACT-M2GA-ATRN1-NL","draft","来源只将 NeuronLink-v2 与 device-to-device collective communication 直接绑定；CC-Core 另有独立事实，不推断二者集成关系；接口数量仅留在逐来源原文与 deferred implementation 记录，不进入 architecture normalized value"
"FACT-M2GA-ATRN1-SW","OBJ-AWS-TRAINIUM1-ARCH","","","","","","","FIELD-SW-CUSTOM-OPERATOR","NKI kernels are compiled by the Neuron Compiler, which inserts engine synchronization from kernel data dependencies","","","COND-NONE","direct_statement","single_source","provisional","","","high","一手固定、版本化或带截止日的官方来源；待总控复核","FFP-FACT-M2GA-ATRN1-SW","draft","由 NKI 架构指南的编译与同步原文规范化，不扩写为未被该页直接陈述的软件栈范围"
"FACT-M2GA-AIF2-EXEC","","CMP-M2GA-AIF2-NC","","","","","","FIELD-COMP-EXECUTION","Four independently sequenced asynchronous compute engines—Tensor, Vector, Scalar and GpSimd—coordinate through the Sync Engine","","","COND-NONE","direct_statement","single_source","provisional","","","high","一手固定、版本化或带截止日的官方来源；待总控复核","FFP-FACT-M2GA-AIF2-EXEC","draft",""
"FACT-M2GA-AIF2-TENSOR-SHAPE","","CMP-M2GA-AIF2-TENSOR","","","","","","FIELD-COMP-ARRAY-SHAPE","128×128 processing-element systolic array","","","COND-NONE","direct_statement","single_source","provisional","","","high","一手固定、版本化或带截止日的官方来源；待总控复核","FFP-FACT-M2GA-AIF2-TENSOR-SHAPE","draft",""
"FACT-M2GA-AIF2-VECTOR","","CMP-M2GA-AIF2-VECTOR","","","","","","FIELD-COMP-EXECUTION","Vector Engine handles elementwise, activation and reduction-oriented vector operations","","","COND-NONE","direct_statement","single_source","provisional","","","high","一手固定、版本化或带截止日的官方来源；待总控复核","FFP-FACT-M2GA-AIF2-VECTOR","draft",""
"FACT-M2GA-AIF2-SCALAR","","CMP-M2GA-AIF2-SCALAR","","","","","","FIELD-COMP-EXECUTION","Scalar Engine provides scalar and control-oriented arithmetic","","","COND-NONE","direct_statement","single_source","provisional","","","high","一手固定、版本化或带截止日的官方来源；待总控复核","FFP-FACT-M2GA-AIF2-SCALAR","draft",""
"FACT-M2GA-AIF2-GPSIMD","","CMP-M2GA-AIF2-GPSIMD","","","","","","FIELD-COMP-EXECUTION","Programmable GpSimd path supplies general-purpose SIMD operations not covered by fixed Tensor/Vector instructions","","","COND-NONE","direct_statement","single_source","provisional","","","high","一手固定、版本化或带截止日的官方来源；待总控复核","FFP-FACT-M2GA-AIF2-GPSIMD","draft",""
"FACT-M2GA-AIF2-FP-IN","","","","","PP-M2GA-AIF2-BF16FP16","","","FIELD-NUM-OPERAND-A","BF16 or FP16 operands","","","COND-NONE","direct_statement","single_source","provisional","","","high","一手固定、版本化或带截止日的官方来源；待总控复核","FFP-FACT-M2GA-AIF2-FP-IN","draft",""
"FACT-M2GA-AIF2-FP-ACC","","","","","PP-M2GA-AIF2-BF16FP16","","","FIELD-NUM-ACCUMULATION","FP32 accumulation semantics","","","COND-NONE","direct_statement","single_source","provisional","","","high","一手固定、版本化或带截止日的官方来源；待总控复核","FFP-FACT-M2GA-AIF2-FP-ACC","draft","物理累加器位宽未公开"
"FACT-M2GA-AIF2-CFP8","","","","","PP-M2GA-AIF2-CFP8TF32","","","FIELD-NUM-OPERAND-A","cFP8 or TF32 Tensor Engine operands","","","COND-NONE","direct_statement","single_source","provisional","","","high","一手固定、版本化或带截止日的官方来源；待总控复核","FFP-FACT-M2GA-AIF2-CFP8","draft",""
"FACT-M2GA-AIF2-SBUF","","CMP-M2GA-AIF2-SBUF","","","","","","FIELD-MEM-MANAGEMENT","software_scratchpad","","","COND-NONE","direct_statement","single_source","provisional","","","high","一手固定、版本化或带截止日的官方来源；待总控复核","FFP-FACT-M2GA-AIF2-SBUF","draft","枚举规范化；来源描述：software-managed SBUF scratchpad shared by the core engines"
"FACT-M2GA-AIF2-PSUM","","CMP-M2GA-AIF2-PSUM","","","","","","FIELD-MEM-READ-WRITE-MODEL","shared_read_write","","","COND-NONE","direct_statement","single_source","provisional","","","high","一手固定、版本化或带截止日的官方来源；待总控复核","FFP-FACT-M2GA-AIF2-PSUM","draft","枚举规范化；PSUM 由计算引擎与 DMA 共享访问，未据此推定端口数或双工方式；来源描述：PSUM is the Tensor Engine accumulator/result store and participates in explicit data movement"
"FACT-M2GA-AIF2-DMA","","CMP-M2GA-AIF2-DMA","","","","","","FIELD-MEM-DMA","On-chip DMA engines move data between HBM and local SBUF and can run in parallel with computation","","","COND-NONE","direct_statement","single_source","provisional","","","high","一手固定、版本化或带截止日的官方来源；待总控复核","FFP-FACT-M2GA-AIF2-DMA","draft","A05 支持 HBM↔SBUF DMA；内联压缩/解压由各产品页 A03/A04 单独支撑，不并入本事实"
"FACT-M2GA-AIF2-COMPRESS","","","","","","CAP-M2GA-AIF2-COMPRESS","","FIELD-CAP-IMPLEMENTATION-DETAIL","Inline compression in the DMA path","","","COND-NONE","direct_statement","single_source","provisional","","","high","一手固定、版本化或带截止日的官方来源；待总控复核","FFP-FACT-M2GA-AIF2-COMPRESS","draft",""
"FACT-M2GA-AIF2-DECOMPRESS","","","","","","CAP-M2GA-AIF2-DECOMPRESS","","FIELD-CAP-IMPLEMENTATION-DETAIL","Inline decompression in the DMA path","","","COND-NONE","direct_statement","single_source","provisional","","","high","一手固定、版本化或带截止日的官方来源；待总控复核","FFP-FACT-M2GA-AIF2-DECOMPRESS","draft",""
"FACT-M2GA-AIF2-COLL","","","","","","CAP-M2GA-AIF2-COLLECTIVE","","FIELD-CAP-IMPLEMENTATION-DETAIL","The device includes dedicated CC-Cores for collective communication","","","COND-NONE","direct_statement","single_source","provisional","","","high","一手固定、版本化或带截止日的官方来源；待总控复核","FFP-FACT-M2GA-AIF2-COLL","draft","仅记录 A05 设备清单直接支持的 CC-Core 正事实，不推定其与 NeuronLink-v2 的内部编排关系"
"FACT-M2GA-AIF2-NL","","","LINK-M2GA-AIF2-NL","","","","","FIELD-INT-PROTOCOL","NeuronLink-v2 for device-to-device collective communication","","","COND-NONE","direct_statement","single_source","provisional","","","high","一手固定、版本化或带截止日的官方来源；待总控复核","FFP-FACT-M2GA-AIF2-NL","draft","来源只将 NeuronLink-v2 与 device-to-device collective communication 直接绑定；CC-Core 另有独立事实，不推断二者集成关系；接口数量仅留在逐来源原文与 deferred implementation 记录，不进入 architecture normalized value"
"FACT-M2GA-AIF2-SW","OBJ-AWS-INFERENTIA2-ARCH","","","","","","","FIELD-SW-CUSTOM-OPERATOR","NKI kernels are compiled by the Neuron Compiler, which inserts engine synchronization from kernel data dependencies","","","COND-NONE","direct_statement","single_source","provisional","","","high","一手固定、版本化或带截止日的官方来源；待总控复核","FFP-FACT-M2GA-AIF2-SW","draft","由 NKI 架构指南的编译与同步原文规范化，不扩写为未被该页直接陈述的软件栈范围"
"FACT-M2GA-ATRN3-STATUS","OBJ-AWS-TRAINIUM3-ARCH","","","","","","","FIELD-ID-STATUS","cloud_available","","","COND-NONE","direct_statement","single_source","provisional","","","high","一手固定、版本化或带截止日的官方来源；待总控复核","FFP-FACT-M2GA-ATRN3-STATUS","draft","枚举规范化；时间/可用性限定：generally available by the 2025-12-02 announcement"
"FACT-M2GA-ATRN3-EXEC","","CMP-M2GA-ATRN3-NC","","","","","","FIELD-COMP-EXECUTION","Independently sequenced Tensor, Vector, Scalar and GpSimd engines coordinate through a retained Sync Engine","","","COND-NONE","direct_statement","single_source","provisional","","","high","一手固定、版本化或带截止日的官方来源；待总控复核","FFP-FACT-M2GA-ATRN3-EXEC","draft",""
"FACT-M2GA-ATRN3-TENSOR-SHAPE","","CMP-M2GA-ATRN3-TENSOR","","","","","","FIELD-COMP-ARRAY-SHAPE","physical 128×128 PE array; MX mode exposes an effective 512×128 contraction interface","","","COND-NONE","direct_statement","single_source","provisional","","","high","一手固定、版本化或带截止日的官方来源；待总控复核","FFP-FACT-M2GA-ATRN3-TENSOR-SHAPE","draft",""
"FACT-M2GA-ATRN3-TENSOR-IO","","CMP-M2GA-ATRN3-TENSOR","","","","","","FIELD-COMP-EXECUTION","MX path uses a wider input interface than conventional dense and structured-sparse paths; result path is one 128-element vector","","","COND-NONE","direct_statement","single_source","provisional","","","high","一手固定、版本化或带截止日的官方来源；待总控复核","FFP-FACT-M2GA-ATRN3-TENSOR-IO","draft","频率和每周期绝对接口宽度移入实现层候选"
"FACT-M2GA-ATRN3-VECTOR","","CMP-M2GA-ATRN3-VECTOR","","","","","","FIELD-COMP-EXECUTION","Vector path width depends on element format; BF16/FP16/FP8 use the wider mode","","","COND-NONE","direct_statement","single_source","provisional","","","high","一手固定、版本化或带截止日的官方来源；待总控复核","FFP-FACT-M2GA-ATRN3-VECTOR","draft",""
"FACT-M2GA-ATRN3-SCALAR","","CMP-M2GA-ATRN3-SCALAR","","","","","","FIELD-COMP-EXECUTION","Scalar path width depends on element format; BF16/FP16/FP8 use the wider mode","","","COND-NONE","direct_statement","single_source","provisional","","","high","一手固定、版本化或带截止日的官方来源；待总控复核","FFP-FACT-M2GA-ATRN3-SCALAR","draft",""
"FACT-M2GA-ATRN3-MX-IN","","","","","PP-M2GA-ATRN3-MX","","","FIELD-NUM-OPERAND-A","MXFP8 or MXFP4; mixed MXFP8×MXFP4 is supported","","","COND-NONE","direct_statement","single_source","provisional","","","high","一手固定、版本化或带截止日的官方来源；待总控复核","FFP-FACT-M2GA-ATRN3-MX-IN","draft",""
"FACT-M2GA-ATRN3-MX-PRODUCT","","","","","PP-M2GA-ATRN3-MX","","","FIELD-NUM-PRODUCT","MXFP4 values are converted to MXFP8 before Tensor Engine computation","","","COND-NONE","direct_statement","single_source","provisional","","","high","一手固定、版本化或带截止日的官方来源；待总控复核","FFP-FACT-M2GA-ATRN3-MX-PRODUCT","draft",""
"FACT-M2GA-ATRN3-MX-ACC","","","","","PP-M2GA-ATRN3-MX","","","FIELD-NUM-ACCUMULATION","FP32 internal accumulation semantics","","","COND-NONE","direct_statement","single_source","provisional","","","high","一手固定、版本化或带截止日的官方来源；待总控复核","FFP-FACT-M2GA-ATRN3-MX-ACC","draft","物理累加器位宽未公开"
"FACT-M2GA-ATRN3-MX-OUT","","","","","PP-M2GA-ATRN3-MX","","","FIELD-NUM-OUTPUT","FP32 or BF16 result storage path","","","COND-NONE","direct_statement","single_source","provisional","","","high","一手固定、版本化或带截止日的官方来源；待总控复核","FFP-FACT-M2GA-ATRN3-MX-OUT","draft",""
"FACT-M2GA-ATRN3-BF16-ACC","","","","","PP-M2GA-ATRN3-BF16","","","FIELD-NUM-ACCUMULATION","FP32 internal accumulation with optional immediate BF16 downcast before PSUM write","","","COND-NONE","direct_statement","single_source","provisional","","","high","一手固定、版本化或带截止日的官方来源；待总控复核","FFP-FACT-M2GA-ATRN3-BF16-ACC","draft",""
"FACT-M2GA-ATRN3-BF16-ROUND","","","","","PP-M2GA-ATRN3-BF16","","","FIELD-NUM-ROUNDING","rne","","","COND-M2GA-ATRN3-ROUND-RNE","direct_statement","single_source","provisional","","","high","一手固定、版本化或带截止日的官方来源；待总控复核","FFP-FACT-M2GA-ATRN3-BF16-ROUND","draft","FP32→BF16 PSUM 写回可选舍入之一；与 stochastic 拆成两条条件化事实"
"FACT-M2GA-ATRN3-SBUF","","CMP-M2GA-ATRN3-SBUF","","","","","","FIELD-MEM-MANAGEMENT","software_scratchpad","","","COND-NONE","direct_statement","single_source","provisional","","","high","一手固定、版本化或带截止日的官方来源；待总控复核","FFP-FACT-M2GA-ATRN3-SBUF","draft","枚举规范化；来源描述：Software-managed SBUF scratchpad shared by all four compute-engine classes"
"FACT-M2GA-ATRN3-PSUM","","CMP-M2GA-ATRN3-PSUM","","","","","","FIELD-MEM-READ-WRITE-MODEL","shared_read_write","","","COND-NONE","direct_statement","single_source","provisional","","","high","一手固定、版本化或带截止日的官方来源；待总控复核","FFP-FACT-M2GA-ATRN3-PSUM","draft","枚举规范化；PSUM 由计算引擎与 DMA 共享访问，未据此推定端口数或双工方式；来源描述：PSUM holds accumulation/results and supports explicit engine and DMA access"
"FACT-M2GA-ATRN3-DMA","","CMP-M2GA-ATRN3-DMA","","","","","","FIELD-MEM-DMA","Asynchronous DMA supports traffic shaping and data movement between device memory and on-core stores","","","COND-NONE","direct_statement","single_source","provisional","","","high","一手固定、版本化或带截止日的官方来源；待总控复核","FFP-FACT-M2GA-ATRN3-DMA","draft",""
"FACT-M2GA-ATRN3-SPARSE","","","","","","CAP-M2GA-ATRN3-SPARSE","","FIELD-CAP-IMPLEMENTATION-DETAIL","Structured patterns: 4:16, 4:12, 4:8, 2:8, 2:4, 1:4 and 1:2","","","COND-NONE","direct_statement","single_source","provisional","","","high","一手固定、版本化或带截止日的官方来源；待总控复核","FFP-FACT-M2GA-ATRN3-SPARSE","draft","稀疏能力的具体支持模式；FIELD-NUM-SPARSITY 只允许 precision_path，因此改用 capability 文本字段"
"FACT-M2GA-ATRN3-COLL","","","","","","CAP-M2GA-ATRN3-COLLECTIVE","","FIELD-CAP-IMPLEMENTATION-DETAIL","Trainium3 includes dedicated CC-Cores for collective communication","","","COND-NONE","direct_statement","single_source","provisional","","","high","一手固定、版本化或带截止日的官方来源；待总控复核","FFP-FACT-M2GA-ATRN3-COLL","draft","仅记录 A07 设备清单直接支持的正事实；NeuronLink-v4 另有独立事实"
"FACT-M2GA-ATRN3-NEARMEM","","","","","","CAP-M2GA-ATRN3-NEARMEM","","FIELD-CAP-IMPLEMENTATION-DETAIL","DMA-driven BF16/FP32 SBUF read-add-write performs an accumulation while preserving the normal copy path","","","COND-NONE","direct_statement","single_source","provisional","","","high","一手固定、版本化或带截止日的官方来源；待总控复核","FFP-FACT-M2GA-ATRN3-NEARMEM","draft",""
"FACT-M2GA-ATRN3-BGTRANSPOSE","","","","","","CAP-M2GA-ATRN3-BGTRANSPOSE","","FIELD-CAP-IMPLEMENTATION-DETAIL","Hardware-selected background transpose can overlap matrix multiply or another transpose","","","COND-NONE","direct_statement","single_source","provisional","","","high","一手固定、版本化或带截止日的官方来源；待总控复核","FFP-FACT-M2GA-ATRN3-BGTRANSPOSE","draft",""
"FACT-M2GA-ATRN3-INDIRECT","","","","","","CAP-M2GA-ATRN3-INDIRECT","","FIELD-CAP-IMPLEMENTATION-DETAIL","All four compute-engine classes support indirect SBUF/PSUM gather-scatter addressing","","","COND-NONE","direct_statement","single_source","provisional","","","high","一手固定、版本化或带截止日的官方来源；待总控复核","FFP-FACT-M2GA-ATRN3-INDIRECT","draft",""
"FACT-M2GA-ATRN3-NL","","","LINK-M2GA-ATRN3-NL","","","","","FIELD-INT-PROTOCOL","NeuronLink-v4 for device-to-device collective communication","","","COND-NONE","direct_statement","single_source","provisional","","","high","一手固定、版本化或带截止日的官方来源；待总控复核","FFP-FACT-M2GA-ATRN3-NL","draft","来源只将 NeuronLink-v4 与 device-to-device collective communication 直接绑定；CC-Core 另有独立事实，不推断二者集成关系；接口数量仅留在逐来源原文与 deferred implementation 记录，不进入 architecture normalized value"
"FACT-M2GA-ATRN3-SW","OBJ-AWS-TRAINIUM3-ARCH","","","","","","","FIELD-SW-CUSTOM-OPERATOR","NKI exposes NCv4 MX data types and the nc_matmul_mx API to programmers","","","COND-NONE","direct_statement","single_source","provisional","","","high","一手固定、版本化或带截止日的官方来源；待总控复核","FFP-FACT-M2GA-ATRN3-SW","draft","仅记录 A07 直接给出的 NKI 编程接口，不把无 nki.isa 支持的数据搬运功能写成已暴露接口"
"FACT-M2GA-G8T-STATUS","OBJ-GOOGLE-TPU-8T-ARCH","","","","","","","FIELD-ID-STATUS","announced","","","COND-NONE","direct_statement","single_source","provisional","","","high","一手固定、版本化或带截止日的官方来源；待总控复核","FFP-FACT-M2GA-G8T-STATUS","draft","枚举规范化；时间/可用性限定：announced; availability pending at the 2026-08-12 cutoff"
"FACT-M2GA-G8I-STATUS","OBJ-GOOGLE-TPU-8I-ARCH","","","","","","","FIELD-ID-STATUS","announced","","","COND-NONE","direct_statement","single_source","provisional","","","high","一手固定、版本化或带截止日的官方来源；待总控复核","FFP-FACT-M2GA-G8I-STATUS","draft","枚举规范化；时间/可用性限定：announced; availability pending at the 2026-08-12 cutoff"
"FACT-M2GA-ATRN4-STATUS","OBJ-AWS-TRAINIUM4-ARCH","","","","","","","FIELD-ID-STATUS","announced","","","COND-NONE","direct_statement","single_source","provisional","","","high","一手固定、版本化或带截止日的官方来源；待总控复核","FFP-FACT-M2GA-ATRN4-STATUS","draft","不将相对 Trainium3 的倍数推导为绝对规格枚举规范化；时间/可用性限定：forward-looking announcement; expected delivery in 2027"
"FACT-M2GA-GV4-CMEM-MGMT","","CMP-M2GA-GV4-CMEM","","","","","","FIELD-MEM-MANAGEMENT","software_scratchpad","","","COND-NONE","direct_statement","single_source","provisional","","","high","一手固定、版本化或带截止日的官方来源；待总控复核","FFP-FACT-M2GA-GV4-CMEM-MGMT","draft","枚举规范化；G03 原文明确称 CMEM 为 on-chip scratchpad，未进一步声称由编译器管理"
"FACT-M2GA-GV3-ICI-MECH","","","LINK-M2GA-GV3-ICI","","","","","FIELD-INT-PROTOCOL","Inter-Chip Interconnect (ICI) connects TPU chips","","","COND-NONE","direct_statement","single_source","provisional","","","high","一手固定、版本化或带截止日的官方来源；待总控复核","FFP-FACT-M2GA-GV3-ICI-MECH","draft","只保留来源直接支持的正事实；具体拓扑、带宽和配置边界另由 requirement 或实现层记录"
"FACT-M2GA-GV4-ICI-MECH","","","LINK-M2GA-GV4-ICI","","","","","FIELD-INT-PROTOCOL","Inter-Chip Interconnect (ICI) connects TPU chips","","","COND-NONE","direct_statement","single_source","provisional","","","high","一手固定、版本化或带截止日的官方来源；待总控复核","FFP-FACT-M2GA-GV4-ICI-MECH","draft","只保留来源直接支持的正事实；具体拓扑、带宽和配置边界另由 requirement 或实现层记录"
"FACT-M2GA-GV5E-ICI-MECH","","","LINK-M2GA-GV5E-ICI","","","","","FIELD-INT-PROTOCOL","Inter-Chip Interconnect (ICI) connects TPU chips","","","COND-NONE","direct_statement","single_source","provisional","","","high","一手固定、版本化或带截止日的官方来源；待总控复核","FFP-FACT-M2GA-GV5E-ICI-MECH","draft","只保留来源直接支持的正事实；具体拓扑、带宽和配置边界另由 requirement 或实现层记录"
"FACT-M2GA-GV5P-ICI-MECH","","","LINK-M2GA-GV5P-ICI","","","","","FIELD-INT-PROTOCOL","Inter-Chip Interconnect (ICI) connects TPU chips","","","COND-NONE","direct_statement","single_source","provisional","","","high","一手固定、版本化或带截止日的官方来源；待总控复核","FFP-FACT-M2GA-GV5P-ICI-MECH","draft","只保留来源直接支持的正事实；具体拓扑、带宽和配置边界另由 requirement 或实现层记录"
"FACT-M2GA-GV6E-ICI-MECH","","","LINK-M2GA-GV6E-ICI","","","","","FIELD-INT-PROTOCOL","Inter-Chip Interconnect (ICI) connects TPU chips","","","COND-NONE","direct_statement","single_source","provisional","","","high","一手固定、版本化或带截止日的官方来源；待总控复核","FFP-FACT-M2GA-GV6E-ICI-MECH","draft","只保留来源直接支持的正事实；具体拓扑、带宽和配置边界另由 requirement 或实现层记录"
"FACT-M2GA-G7X-ICI-MECH","","","LINK-M2GA-G7X-ICI","","","","","FIELD-INT-PROTOCOL","Inter-Chip Interconnect (ICI) connects TPU chips","","","COND-NONE","direct_statement","single_source","provisional","","","high","一手固定、版本化或带截止日的官方来源；待总控复核","FFP-FACT-M2GA-G7X-ICI-MECH","draft","只保留来源直接支持的正事实；具体拓扑、带宽和配置边界另由 requirement 或实现层记录"
"FACT-M2GA-ATRN3-BF16-ROUND-STOCHASTIC","","","","","PP-M2GA-ATRN3-BF16","","","FIELD-NUM-ROUNDING","stochastic","","","COND-M2GA-ATRN3-ROUND-STOCHASTIC","direct_statement","single_source","provisional","","","high","一手固定、版本化或带截止日的官方来源；待总控复核","FFP-FACT-M2GA-ATRN3-BF16-ROUND-STOCHASTIC","draft","FP32→BF16 PSUM 写回可选舍入之一；与 rne 拆成两条条件化事实"
"FACT-M2NA-AMPERE-SM-EXEC","","COMP-M2NA-AMPERE-SM","","","","","","FIELD-COMP-EXECUTION","SIMT Streaming Multiprocessor with separate CUDA ALU, Tensor Core, load-store, special-function and control resources.","","","COND-NONE","direct_statement","single_source","provisional","","","high","Direct first-party architecture statement.","component|COMP-M2NA-AMPERE-SM|FIELD-COMP-EXECUTION|SIMT Streaming Multiprocessor with separate CUDA ALU, Tensor Core, load-store, special-function and control resources.|||COND-NONE","draft",""
"FACT-M2NA-AMPERE-TENSOR-EXEC","","COMP-M2NA-AMPERE-TENSOR","","","","","","FIELD-COMP-EXECUTION","Third-generation Tensor Core matrix fused-multiply-add path.","","","COND-NONE","direct_statement","single_source","provisional","","","high","Direct first-party architecture statement.","component|COMP-M2NA-AMPERE-TENSOR|FIELD-COMP-EXECUTION|Third-generation Tensor Core matrix fused-multiply-add path.|||COND-NONE","draft",""
"FACT-M2NA-AMPERE-TENSOR-FORMATS","","COMP-M2NA-AMPERE-TENSOR","","","","","","FIELD-COMP-SHARED-RESOURCE","FP16, BF16, TF32, IEEE FP64, INT8, INT4 and binary matrix formats.","","","COND-NONE","direct_statement","single_source","provisional","","","high","Direct first-party architecture statement.","component|COMP-M2NA-AMPERE-TENSOR|FIELD-COMP-SHARED-RESOURCE|FP16, BF16, TF32, IEEE FP64, INT8, INT4 and binary matrix formats.|||COND-NONE","draft",""
"FACT-M2NA-AMPERE-CUDA-EXEC","","COMP-M2NA-AMPERE-CUDA","","","","","","FIELD-COMP-EXECUTION","Per-thread SIMT FP32 and integer ALU execution path.","","","COND-NONE","direct_statement","single_source","provisional","","","high","Direct first-party architecture statement.","component|COMP-M2NA-AMPERE-CUDA|FIELD-COMP-EXECUTION|Per-thread SIMT FP32 and integer ALU execution path.|||COND-NONE","needs_resolution","Schema labels CUDA lanes scalar. Do not compare with AMD vector aggregates without an explicit mapping."
"FACT-M2NA-AMPERE-ASYNC-EXEC","","COMP-M2NA-AMPERE-ASYNC-COPY","","","","","","FIELD-COMP-EXECUTION","Asynchronous global-memory to shared-memory copy without register-file staging, paired with asynchronous barriers.","","","COND-NONE","direct_statement","single_source","provisional","","","high","Direct first-party architecture statement.","component|COMP-M2NA-AMPERE-ASYNC-COPY|FIELD-COMP-EXECUTION|Asynchronous global-memory to shared-memory copy without register-file staging, paired with asynchronous barriers.|||COND-NONE","draft",""
"FACT-M2NA-AMPERE-L1SMEM-MGMT","","COMP-M2NA-AMPERE-L1SMEM","","","","","","FIELD-MEM-MANAGEMENT","mixed","","","COND-NONE","direct_statement","single_source","provisional","","","high","Direct first-party architecture statement.","component|COMP-M2NA-AMPERE-L1SMEM|FIELD-MEM-MANAGEMENT|mixed|||COND-NONE","draft",""
"FACT-M2NA-AMPERE-L1SMEM-SCOPE","","COMP-M2NA-AMPERE-L1SMEM","","","","","","FIELD-MEM-LOCALITY-SCOPE","core","","","COND-NONE","direct_statement","single_source","provisional","","","high","Direct first-party architecture statement.","component|COMP-M2NA-AMPERE-L1SMEM|FIELD-MEM-LOCALITY-SCOPE|core|||COND-NONE","draft",""
"FACT-M2NA-AMPERE-FP16-A","","","","","PPATH-M2NA-AMPERE-TENSOR-FP16","","","FIELD-NUM-OPERAND-A","FP16","","","COND-NONE","direct_statement","single_source","provisional","","","high","Direct first-party architecture statement.","precision_path|PPATH-M2NA-AMPERE-TENSOR-FP16|FIELD-NUM-OPERAND-A|FP16|||COND-NONE","draft",""
"FACT-M2NA-AMPERE-FP16-B","","","","","PPATH-M2NA-AMPERE-TENSOR-FP16","","","FIELD-NUM-OPERAND-B","FP16","","","COND-NONE","direct_statement","single_source","provisional","","","high","Direct first-party architecture statement.","precision_path|PPATH-M2NA-AMPERE-TENSOR-FP16|FIELD-NUM-OPERAND-B|FP16|||COND-NONE","draft",""
"FACT-M2NA-AMPERE-FP16-ACC","","","","","PPATH-M2NA-AMPERE-TENSOR-FP16","","","FIELD-NUM-ACCUMULATION","FP32","","","COND-NONE","direct_statement","single_source","provisional","","","high","Direct first-party architecture statement.","precision_path|PPATH-M2NA-AMPERE-TENSOR-FP16|FIELD-NUM-ACCUMULATION|FP32|||COND-NONE","draft",""
"FACT-M2NA-AMPERE-BF16-A","","","","","PPATH-M2NA-AMPERE-TENSOR-BF16","","","FIELD-NUM-OPERAND-A","BF16","","","COND-NONE","direct_statement","single_source","provisional","","","high","Direct first-party architecture statement.","precision_path|PPATH-M2NA-AMPERE-TENSOR-BF16|FIELD-NUM-OPERAND-A|BF16|||COND-NONE","draft",""
"FACT-M2NA-AMPERE-BF16-ACC","","","","","PPATH-M2NA-AMPERE-TENSOR-BF16","","","FIELD-NUM-ACCUMULATION","FP32","","","COND-NONE","direct_statement","single_source","provisional","","","high","Direct first-party architecture statement.","precision_path|PPATH-M2NA-AMPERE-TENSOR-BF16|FIELD-NUM-ACCUMULATION|FP32|||COND-NONE","draft",""
"FACT-M2NA-AMPERE-TF32-A","","","","","PPATH-M2NA-AMPERE-TENSOR-TF32","","","FIELD-NUM-OPERAND-A","TF32 derived from FP32 input","","","COND-NONE","direct_statement","single_source","provisional","","","high","Direct first-party architecture statement.","precision_path|PPATH-M2NA-AMPERE-TENSOR-TF32|FIELD-NUM-OPERAND-A|TF32 derived from FP32 input|||COND-NONE","draft",""
"FACT-M2NA-AMPERE-TF32-ACC","","","","","PPATH-M2NA-AMPERE-TENSOR-TF32","","","FIELD-NUM-ACCUMULATION","FP32","","","COND-NONE","direct_statement","single_source","provisional","","","high","Direct first-party architecture statement.","precision_path|PPATH-M2NA-AMPERE-TENSOR-TF32|FIELD-NUM-ACCUMULATION|FP32|||COND-NONE","draft",""
"FACT-M2NA-AMPERE-FP64-A","","","","","PPATH-M2NA-AMPERE-TENSOR-FP64","","","FIELD-NUM-OPERAND-A","IEEE FP64","","","COND-NONE","direct_statement","single_source","provisional","","","high","Direct first-party architecture statement.","precision_path|PPATH-M2NA-AMPERE-TENSOR-FP64|FIELD-NUM-OPERAND-A|IEEE FP64|||COND-NONE","draft",""
"FACT-M2NA-AMPERE-INT-A","","","","","PPATH-M2NA-AMPERE-TENSOR-INT8","","","FIELD-NUM-OPERAND-A","INT8, INT4 or binary depending on instruction mode","","","COND-NONE","direct_statement","single_source","provisional","","","high","Direct first-party architecture statement.","precision_path|PPATH-M2NA-AMPERE-TENSOR-INT8|FIELD-NUM-OPERAND-A|INT8, INT4 or binary depending on instruction mode|||COND-NONE","draft",""
"FACT-M2NA-AMPERE-SPARSE-LEVEL","","","","","","CAP-M2NA-AMPERE-SPARSE","","FIELD-CAP-IMPLEMENTATION-LEVEL","dedicated_instruction","","","COND-M2NA-AMPERE-2OF4","direct_statement","single_source","provisional","","","high","Direct first-party architecture statement.","capability|CAP-M2NA-AMPERE-SPARSE|FIELD-CAP-IMPLEMENTATION-LEVEL|dedicated_instruction|||COND-M2NA-AMPERE-2OF4","draft",""
"FACT-M2NA-AMPERE-SPARSE-DETAIL","","","","","","CAP-M2NA-AMPERE-SPARSE","","FIELD-CAP-IMPLEMENTATION-DETAIL","Hardware selects two nonzero values from each group of four and skips multiplication by the structured zeros.","","","COND-M2NA-AMPERE-2OF4","direct_statement","single_source","provisional","","","high","Direct first-party architecture statement.","capability|CAP-M2NA-AMPERE-SPARSE|FIELD-CAP-IMPLEMENTATION-DETAIL|Hardware selects two nonzero values from each group of four and skips multiplication by the structured zeros.|||COND-M2NA-AMPERE-2OF4","draft",""
"FACT-M2NA-AMPERE-ASYNC-LEVEL","","","","","","CAP-M2NA-AMPERE-ASYNC","","FIELD-CAP-IMPLEMENTATION-LEVEL","dedicated_instruction","","","COND-NONE","direct_statement","single_source","provisional","","","high","Direct first-party architecture statement.","capability|CAP-M2NA-AMPERE-ASYNC|FIELD-CAP-IMPLEMENTATION-LEVEL|dedicated_instruction|||COND-NONE","draft",""
"FACT-M2NA-AMPERE-NVLINK-PROTOCOL","","","LINK-M2NA-AMPERE-NVLINK3","","","","","FIELD-INT-PROTOCOL","Third-generation NVLink","","","COND-NONE","direct_statement","single_source","provisional","","","high","Direct first-party architecture statement.","link|LINK-M2NA-AMPERE-NVLINK3|FIELD-INT-PROTOCOL|Third-generation NVLink|||COND-NONE","draft",""
"FACT-M2NA-AMPERE-SW","OBJ-NVIDIA-AMPERE-ARCH","","","","","","","FIELD-SW-PROGRAMMING-MODEL","CUDA exposes Ampere asynchronous-copy and barrier capabilities.","","","COND-NONE","direct_statement","single_source","provisional","","","high","Direct first-party architecture statement.","object|OBJ-NVIDIA-AMPERE-ARCH|FIELD-SW-PROGRAMMING-MODEL|CUDA exposes Ampere asynchronous-copy and barrier capabilities.|||COND-NONE","draft","Narrowed to the CUDA exposure explicitly described by the source; the prior compiler/library/runtime summary was broader than the located passage."
"FACT-M2NA-ADA-SM-EXEC","","COMP-M2NA-ADA-SM","","","","","","FIELD-COMP-EXECUTION","SIMT Streaming Multiprocessor with CUDA ALU, Tensor Core and special-function paths.","","","COND-NONE","direct_statement","single_source","provisional","","","high","Direct first-party architecture statement.","component|COMP-M2NA-ADA-SM|FIELD-COMP-EXECUTION|SIMT Streaming Multiprocessor with CUDA ALU, Tensor Core and special-function paths.|||COND-NONE","draft",""
"FACT-M2NA-ADA-TENSOR-EXEC","","COMP-M2NA-ADA-TENSOR","","","","","","FIELD-COMP-EXECUTION","Fourth-generation Tensor Core with FP8 support.","","","COND-NONE","direct_statement","single_source","provisional","","","high","Direct first-party architecture statement.","component|COMP-M2NA-ADA-TENSOR|FIELD-COMP-EXECUTION|Fourth-generation Tensor Core with FP8 support.|||COND-NONE","draft",""
"FACT-M2NA-ADA-TENSOR-FORMATS","","COMP-M2NA-ADA-TENSOR","","","","","","FIELD-COMP-SHARED-RESOURCE","FP8, FP16, BF16, TF32, INT8 and INT4 matrix formats.","","","COND-NONE","direct_statement","single_source","provisional","","","high","Direct first-party architecture statement.","component|COMP-M2NA-ADA-TENSOR|FIELD-COMP-SHARED-RESOURCE|FP8, FP16, BF16, TF32, INT8 and INT4 matrix formats.|||COND-NONE","draft",""
"FACT-M2NA-ADA-L1SMEM-MGMT","","COMP-M2NA-ADA-L1SMEM","","","","","","FIELD-MEM-MANAGEMENT","mixed","","","COND-NONE","direct_statement","single_source","provisional","","","high","Direct first-party architecture statement.","component|COMP-M2NA-ADA-L1SMEM|FIELD-MEM-MANAGEMENT|mixed|||COND-NONE","draft",""
"FACT-M2NA-ADA-L1SMEM-SCOPE","","COMP-M2NA-ADA-L1SMEM","","","","","","FIELD-MEM-LOCALITY-SCOPE","core","","","COND-NONE","direct_statement","single_source","provisional","","","high","Direct first-party architecture statement.","component|COMP-M2NA-ADA-L1SMEM|FIELD-MEM-LOCALITY-SCOPE|core|||COND-NONE","draft",""
"FACT-M2NA-ADA-FP8-A","","","","","PPATH-M2NA-ADA-TENSOR-FP8","","","FIELD-NUM-OPERAND-A","FP8","","","COND-NONE","direct_statement","single_source","provisional","","","high","Direct first-party architecture statement.","precision_path|PPATH-M2NA-ADA-TENSOR-FP8|FIELD-NUM-OPERAND-A|FP8|||COND-NONE","draft",""
"FACT-M2NA-ADA-FP8-ACC","","","","","PPATH-M2NA-ADA-TENSOR-FP8","","","FIELD-NUM-ACCUMULATION","FP16 or FP32","","","COND-NONE","direct_statement","single_source","provisional","","","high","Direct first-party architecture statement.","precision_path|PPATH-M2NA-ADA-TENSOR-FP8|FIELD-NUM-ACCUMULATION|FP16 or FP32|||COND-NONE","draft",""
"FACT-M2NA-ADA-FP16-ACC","","","","","PPATH-M2NA-ADA-TENSOR-FP16","","","FIELD-NUM-ACCUMULATION","FP16 or FP32","","","COND-NONE","direct_statement","single_source","provisional","","","high","Direct first-party architecture statement.","precision_path|PPATH-M2NA-ADA-TENSOR-FP16|FIELD-NUM-ACCUMULATION|FP16 or FP32|||COND-NONE","draft",""
"FACT-M2NA-ADA-BF16-ACC","","","","","PPATH-M2NA-ADA-TENSOR-BF16","","","FIELD-NUM-ACCUMULATION","FP32","","","COND-NONE","direct_statement","single_source","provisional","","","high","Direct first-party architecture statement.","precision_path|PPATH-M2NA-ADA-TENSOR-BF16|FIELD-NUM-ACCUMULATION|FP32|||COND-NONE","draft",""
"FACT-M2NA-ADA-TF32-A","","","","","PPATH-M2NA-ADA-TENSOR-TF32","","","FIELD-NUM-OPERAND-A","TF32","","","COND-NONE","direct_statement","single_source","provisional","","","high","Direct first-party architecture statement.","precision_path|PPATH-M2NA-ADA-TENSOR-TF32|FIELD-NUM-OPERAND-A|TF32|||COND-NONE","draft",""
"FACT-M2NA-ADA-INT-A","","","","","PPATH-M2NA-ADA-TENSOR-INT8","","","FIELD-NUM-OPERAND-A","INT8 or INT4","","","COND-NONE","direct_statement","single_source","provisional","","","high","Direct first-party architecture statement.","precision_path|PPATH-M2NA-ADA-TENSOR-INT8|FIELD-NUM-OPERAND-A|INT8 or INT4|||COND-NONE","draft",""
"FACT-M2NA-ADA-SPARSE-LEVEL","","","","","","CAP-M2NA-ADA-SPARSE","","FIELD-CAP-IMPLEMENTATION-LEVEL","dedicated_instruction","","","COND-NONE","direct_statement","single_source","provisional","","","high","Direct first-party architecture statement.","capability|CAP-M2NA-ADA-SPARSE|FIELD-CAP-IMPLEMENTATION-LEVEL|dedicated_instruction|||COND-NONE","draft",""
"FACT-M2NA-BLACKWELL-TENSOR-EXEC","","COMP-M2NA-BLACKWELL-TENSOR","","","","","","FIELD-COMP-EXECUTION","Fifth-generation Tensor Core matrix path with micro-tensor scaling and structured-sparse instruction forms.","","","COND-NONE","direct_statement","single_source","provisional","","","high","Direct first-party architecture statement.","component|COMP-M2NA-BLACKWELL-TENSOR|FIELD-COMP-EXECUTION|Fifth-generation Tensor Core matrix path with micro-tensor scaling and structured-sparse instruction forms.|||COND-NONE","draft",""
"FACT-M2NA-BLACKWELL-TENSOR-FORMATS","","COMP-M2NA-BLACKWELL-TENSOR","","","","","","FIELD-COMP-SHARED-RESOURCE","FP64, FP32, TF32, FP16, BF16, FP8, INT8, FP6 and FP4.","","","COND-NONE","direct_statement","single_source","provisional","","","high","Direct first-party architecture statement.","component|COMP-M2NA-BLACKWELL-TENSOR|FIELD-COMP-SHARED-RESOURCE|FP64, FP32, TF32, FP16, BF16, FP8, INT8, FP6 and FP4.|||COND-NONE","draft",""
"FACT-M2NA-BLACKWELL-FP4-A","","","","","PPATH-M2NA-BLACKWELL-TENSOR-FP4","","","FIELD-NUM-OPERAND-A","FP4","","","COND-NONE","direct_statement","single_source","provisional","","","high","Direct first-party architecture statement.","precision_path|PPATH-M2NA-BLACKWELL-TENSOR-FP4|FIELD-NUM-OPERAND-A|FP4|||COND-NONE","draft",""
"FACT-M2NA-BLACKWELL-FP4-SCALE","","","","","PPATH-M2NA-BLACKWELL-TENSOR-FP4","","","FIELD-NUM-SCALING-MODE","per_block","","","COND-NONE","direct_statement","single_source","provisional","","","high","Direct first-party architecture statement.","precision_path|PPATH-M2NA-BLACKWELL-TENSOR-FP4|FIELD-NUM-SCALING-MODE|per_block|||COND-NONE","draft",""
"FACT-M2NA-BLACKWELL-FP4-GRAN","","","","","PPATH-M2NA-BLACKWELL-TENSOR-FP4","","","FIELD-NUM-SCALING-GRANULARITY","Micro-tensor block with scale factors on fixed vectors. Exact instruction granularity depends on PTX form.","","","COND-NONE","direct_statement","single_source","provisional","","","high","Direct first-party architecture statement.","precision_path|PPATH-M2NA-BLACKWELL-TENSOR-FP4|FIELD-NUM-SCALING-GRANULARITY|Micro-tensor block with scale factors on fixed vectors. Exact instruction granularity depends on PTX form.|||COND-NONE","draft",""
"FACT-M2NA-BLACKWELL-FP6-A","","","","","PPATH-M2NA-BLACKWELL-TENSOR-FP6","","","FIELD-NUM-OPERAND-A","FP6","","","COND-NONE","direct_statement","single_source","provisional","","","high","Direct first-party architecture statement.","precision_path|PPATH-M2NA-BLACKWELL-TENSOR-FP6|FIELD-NUM-OPERAND-A|FP6|||COND-NONE","draft",""
"FACT-M2NA-BLACKWELL-FP8-A","","","","","PPATH-M2NA-BLACKWELL-TENSOR-FP8","","","FIELD-NUM-OPERAND-A","FP8","","","COND-NONE","direct_statement","single_source","provisional","","","high","Direct first-party architecture statement.","precision_path|PPATH-M2NA-BLACKWELL-TENSOR-FP8|FIELD-NUM-OPERAND-A|FP8|||COND-NONE","draft",""
"FACT-M2NA-BLACKWELL-FP16-A","","","","","PPATH-M2NA-BLACKWELL-TENSOR-FP16BF16","","","FIELD-NUM-OPERAND-A","FP16 or BF16","","","COND-NONE","direct_statement","single_source","provisional","","","high","Direct first-party architecture statement.","precision_path|PPATH-M2NA-BLACKWELL-TENSOR-FP16BF16|FIELD-NUM-OPERAND-A|FP16 or BF16|||COND-NONE","draft",""
"FACT-M2NA-BLACKWELL-HIGH-A","","","","","PPATH-M2NA-BLACKWELL-TENSOR-HIGH","","","FIELD-NUM-OPERAND-A","TF32, FP32 or FP64","","","COND-NONE","direct_statement","single_source","provisional","","","high","Direct first-party architecture statement.","precision_path|PPATH-M2NA-BLACKWELL-TENSOR-HIGH|FIELD-NUM-OPERAND-A|TF32, FP32 or FP64|||COND-NONE","draft",""
"FACT-M2NA-BLACKWELL-SPARSE-MODE","","","","","PPATH-M2NA-BLACKWELL-TENSOR-SPARSE","","","FIELD-NUM-SPARSITY","structured_sparse","","","COND-M2NA-BLACKWELL-SPARSE","direct_statement","single_source","provisional","","","high","Direct first-party architecture statement.","precision_path|PPATH-M2NA-BLACKWELL-TENSOR-SPARSE|FIELD-NUM-SPARSITY|structured_sparse|||COND-M2NA-BLACKWELL-SPARSE","draft",""
"FACT-M2NA-BLACKWELL-TMEM-MGMT","","COMP-M2NA-BLACKWELL-TMEM","","","","","","FIELD-MEM-MANAGEMENT","software_scratchpad","","","COND-NONE","direct_statement","single_source","provisional","","","high","Direct first-party architecture statement.","component|COMP-M2NA-BLACKWELL-TMEM|FIELD-MEM-MANAGEMENT|software_scratchpad|||COND-NONE","draft",""
"FACT-M2NA-BLACKWELL-TMEM-LOGICAL-SPACE","","COMP-M2NA-BLACKWELL-TMEM","","","","","","FIELD-MEM-CAPACITY","","262144","byte","COND-M2NA-BLACKWELL-TMEM-CC100","direct_statement","single_source","provisional","","","high","Exact canonical-unit normalization of a direct PTX programming-model statement; the value is per-CTA logical address space, not physical SRAM capacity.","component|COMP-M2NA-BLACKWELL-TMEM|FIELD-MEM-CAPACITY||262144|byte|COND-M2NA-BLACKWELL-TMEM-CC100","draft","Direct normalization, not a derived performance metric: 512 columns × 128 rows × 32 bit/cell ÷ 8 bit/byte = 262144 byte per CTA logical address space. Do not aggregate as physical or GPU-wide capacity."
"FACT-M2NA-BLACKWELL-TMEM-GRAN","","COMP-M2NA-BLACKWELL-TMEM","","","","","","FIELD-MEM-GRANULARITY","","4","byte","COND-NONE","direct_statement","single_source","provisional","","","high","Direct first-party architecture statement.","component|COMP-M2NA-BLACKWELL-TMEM|FIELD-MEM-GRANULARITY||4|byte|COND-NONE","draft",""
"FACT-M2NA-BLACKWELL-TMA-EXEC","","COMP-M2NA-BLACKWELL-TMA","","","","","","FIELD-COMP-EXECUTION","Tensor-map-driven asynchronous tensor copy among global and shared state spaces, supporting one to five dimensions.","","","COND-NONE","direct_statement","single_source","provisional","","","high","Direct first-party architecture statement.","component|COMP-M2NA-BLACKWELL-TMA|FIELD-COMP-EXECUTION|Tensor-map-driven asynchronous tensor copy among global and shared state spaces, supporting one to five dimensions.|||COND-NONE","draft","Removed the conflation with tcgen05.cp, which is a separate shared-to-Tensor-Memory copy instruction."
"FACT-M2NA-BLACKWELL-NVHBI-PROTOCOL","","","LINK-M2NA-BLACKWELL-NVHBI","","","","","FIELD-INT-PROTOCOL","NV-HBI coherent die-to-die interface mechanism.","","","COND-NONE","direct_statement","single_source","provisional","","","high","Direct first-party architecture statement.","link|LINK-M2NA-BLACKWELL-NVHBI|FIELD-INT-PROTOCOL|NV-HBI coherent die-to-die interface mechanism.|||COND-NONE","draft",""
"FACT-M2NA-BLACKWELL-NVLINK5-PROTOCOL","","","LINK-M2NA-BLACKWELL-NVLINK5","","","","","FIELD-INT-PROTOCOL","Fifth-generation NVLink","","","COND-NONE","direct_statement","single_source","provisional","","","high","Direct first-party architecture statement.","link|LINK-M2NA-BLACKWELL-NVLINK5|FIELD-INT-PROTOCOL|Fifth-generation NVLink|||COND-NONE","draft",""
"FACT-M2NA-BLACKWELL-TE-LEVEL","","","","","","CAP-M2NA-BLACKWELL-TE","","FIELD-CAP-IMPLEMENTATION-LEVEL","configurable_engine","","","COND-NONE","direct_statement","single_source","provisional","","","high","Direct first-party architecture statement.","capability|CAP-M2NA-BLACKWELL-TE|FIELD-CAP-IMPLEMENTATION-LEVEL|configurable_engine|||COND-NONE","draft",""
"FACT-M2NA-BLACKWELL-TE-DETAIL","","","","","","CAP-M2NA-BLACKWELL-TE","","FIELD-CAP-IMPLEMENTATION-DETAIL","Second-generation Transformer Engine combines Tensor Core hardware, micro-tensor scaling and software format management.","","","COND-NONE","direct_statement","single_source","provisional","","","high","Direct first-party architecture statement.","capability|CAP-M2NA-BLACKWELL-TE|FIELD-CAP-IMPLEMENTATION-DETAIL|Second-generation Transformer Engine combines Tensor Core hardware, micro-tensor scaling and software format management.|||COND-NONE","draft",""
"FACT-M2NA-BLACKWELL-SPARSE-LEVEL","","","","","","CAP-M2NA-BLACKWELL-SPARSE","","FIELD-CAP-IMPLEMENTATION-LEVEL","dedicated_instruction","","","COND-M2NA-BLACKWELL-SPARSE","direct_statement","single_source","provisional","","","high","Direct first-party architecture statement.","capability|CAP-M2NA-BLACKWELL-SPARSE|FIELD-CAP-IMPLEMENTATION-LEVEL|dedicated_instruction|||COND-M2NA-BLACKWELL-SPARSE","draft",""
"FACT-M2NA-BLACKWELL-TMA-LEVEL","","","","","","CAP-M2NA-BLACKWELL-TMA","","FIELD-CAP-IMPLEMENTATION-LEVEL","configurable_engine","","","COND-NONE","direct_statement","single_source","provisional","","","high","Direct first-party architecture statement.","capability|CAP-M2NA-BLACKWELL-TMA|FIELD-CAP-IMPLEMENTATION-LEVEL|configurable_engine|||COND-NONE","draft",""
"FACT-M2NA-BLACKWELL-TMA-DETAIL","","","","","","CAP-M2NA-BLACKWELL-TMA","","FIELD-CAP-IMPLEMENTATION-DETAIL","Descriptor-driven tensor mover used by tiled kernels.","","","COND-NONE","direct_statement","single_source","provisional","","","high","Direct first-party architecture statement.","capability|CAP-M2NA-BLACKWELL-TMA|FIELD-CAP-IMPLEMENTATION-DETAIL|Descriptor-driven tensor mover used by tiled kernels.|||COND-NONE","draft","Unsupported exclusion language removed during independent-review remediation; this fact now records only the positively stated mechanism."
"FACT-M2NA-BLACKWELL-RAS","OBJ-NVIDIA-BLACKWELL-ARCH","","","","","","","FIELD-RAS-CAPABILITY","Dedicated RAS engine plus internal error detection and containment mechanisms described at architecture level.","","","COND-NONE","direct_statement","single_source","provisional","","","high","Direct first-party architecture statement.","object|OBJ-NVIDIA-BLACKWELL-ARCH|FIELD-RAS-CAPABILITY|Dedicated RAS engine plus internal error detection and containment mechanisms described at architecture level.|||COND-NONE","draft",""
"FACT-M2NA-BLACKWELL-SW","OBJ-NVIDIA-BLACKWELL-ARCH","","","","","","","FIELD-SW-PROGRAMMING-MODEL","PTX exposes fifth-generation TensorCore and Tensor Memory instructions.","","","COND-NONE","direct_statement","single_source","provisional","","","high","Direct first-party architecture statement.","object|OBJ-NVIDIA-BLACKWELL-ARCH|FIELD-SW-PROGRAMMING-MODEL|PTX exposes fifth-generation TensorCore and Tensor Memory instructions.|||COND-NONE","draft","Removed CUDA, compiler and library claims not stated by the selected PTX ISA source."
"FACT-M2NA-ULTRA-SFU-EXEC","","COMP-M2NA-BLACKWELL-ULTRA-SFU","","","","","","FIELD-COMP-EXECUTION","MUFU.EX2 exponential instruction path used inside optimized softmax kernels.","","","COND-NONE","direct_statement","single_source","provisional","","","high","Direct first-party architecture statement.","component|COMP-M2NA-BLACKWELL-ULTRA-SFU|FIELD-COMP-EXECUTION|MUFU.EX2 exponential instruction path used inside optimized softmax kernels.|||COND-NONE","draft",""
"FACT-M2NA-ULTRA-EXP-REL","","","","","PPATH-M2NA-BLACKWELL-ULTRA-EXP","","","FIELD-COMP-THROUGHPUT","","2","ratio","COND-M2NA-ULTRA-EXP-REL","direct_statement","single_source","provisional","","","high","Direct first-party architecture statement.","precision_path|PPATH-M2NA-BLACKWELL-ULTRA-EXP|FIELD-COMP-THROUGHPUT||2|ratio|COND-M2NA-ULTRA-EXP-REL","draft",""
"FACT-M2NA-ULTRA-SOFTMAX-LEVEL","","","","","","CAP-M2NA-BLACKWELL-ULTRA-SOFTMAX","","FIELD-CAP-IMPLEMENTATION-LEVEL","dedicated_instruction","","","COND-NONE","direct_statement","single_source","provisional","","","high","Direct first-party architecture statement.","capability|CAP-M2NA-BLACKWELL-ULTRA-SOFTMAX|FIELD-CAP-IMPLEMENTATION-LEVEL|dedicated_instruction|||COND-NONE","draft",""
"FACT-M2NA-ULTRA-SOFTMAX-DETAIL","","","","","","CAP-M2NA-BLACKWELL-ULTRA-SOFTMAX","","FIELD-CAP-IMPLEMENTATION-DETAIL","MUFU.EX2 accelerates the exponential stage used by softmax.","","","COND-NONE","direct_statement","single_source","provisional","","","high","Direct first-party architecture statement.","capability|CAP-M2NA-BLACKWELL-ULTRA-SOFTMAX|FIELD-CAP-IMPLEMENTATION-DETAIL|MUFU.EX2 accelerates the exponential stage used by softmax.|||COND-NONE","draft","Unsupported exclusion language removed during independent-review remediation; this fact now records only the positively stated mechanism."
"FACT-M2NA-RUBIN-TENSOR-EXEC","","COMP-M2NA-RUBIN-TENSOR","","","","","","FIELD-COMP-EXECUTION","Third-generation Transformer Engine with doubled Tensor Core K-dimension throughput per clock and a 3-bit LUT matrix-B mode.","","","COND-NONE","direct_statement","single_source","provisional","","","medium","Direct first-party architecture statement.","component|COMP-M2NA-RUBIN-TENSOR|FIELD-COMP-EXECUTION|Third-generation Transformer Engine with doubled Tensor Core K-dimension throughput per clock and a 3-bit LUT matrix-B mode.|||COND-NONE","draft",""
"FACT-M2NA-RUBIN-LUT3-B","","","","","PPATH-M2NA-RUBIN-LUT3","","","FIELD-NUM-OPERAND-B","3-bit LUT-encoded matrix B","","","COND-NONE","direct_statement","single_source","provisional","","","medium","Direct first-party architecture statement.","precision_path|PPATH-M2NA-RUBIN-LUT3|FIELD-NUM-OPERAND-B|3-bit LUT-encoded matrix B|||COND-NONE","draft",""
"FACT-M2NA-RUBIN-SPARSE-MODE","","","","","PPATH-M2NA-RUBIN-ACT-SPARSE","","","FIELD-NUM-SPARSITY","structured_sparse","","","COND-NONE","direct_statement","single_source","provisional","","","medium","Direct first-party architecture statement.","precision_path|PPATH-M2NA-RUBIN-ACT-SPARSE|FIELD-NUM-SPARSITY|structured_sparse|||COND-NONE","draft","The fixed snapshot explicitly calls the compressed form structured 2:4 sparse."
"FACT-M2NA-RUBIN-TMA-EXEC","","COMP-M2NA-RUBIN-TMA","","","","","","FIELD-COMP-EXECUTION","Inline descriptor pointer and stride overrides update tensor transfers without rebuilding full descriptors.","","","COND-NONE","direct_statement","single_source","provisional","","","medium","Direct first-party architecture statement.","component|COMP-M2NA-RUBIN-TMA|FIELD-COMP-EXECUTION|Inline descriptor pointer and stride overrides update tensor transfers without rebuilding full descriptors.|||COND-NONE","draft",""
"FACT-M2NA-RUBIN-SFU-EXEC","","COMP-M2NA-RUBIN-SFU","","","","","","FIELD-COMP-EXECUTION","Exponential throughput is stated as 2 times for FP32 and 4 times for FP16 and BF16 relative to Blackwell.","","","COND-M2NA-RUBIN-EXP-REL","direct_statement","single_source","provisional","","","medium","Direct first-party architecture statement.","component|COMP-M2NA-RUBIN-SFU|FIELD-COMP-EXECUTION|Exponential throughput is stated as 2 times for FP32 and 4 times for FP16 and BF16 relative to Blackwell.|||COND-M2NA-RUBIN-EXP-REL","draft",""
"FACT-M2NA-RUBIN-COMPRESS-EXEC","","COMP-M2NA-RUBIN-COMPRESS","","","","","","FIELD-COMP-EXECUTION","Activation sparse compression generates nonzero values and metadata for later sparse MMA.","","","COND-NONE","direct_statement","single_source","provisional","","","medium","Direct first-party architecture statement.","component|COMP-M2NA-RUBIN-COMPRESS|FIELD-COMP-EXECUTION|Activation sparse compression generates nonzero values and metadata for later sparse MMA.|||COND-NONE","draft","Removed the unsupported hardware qualifier and preserved the source-described data flow."
"FACT-M2NA-RUBIN-NVLINK-PROTOCOL","","","LINK-M2NA-RUBIN-NVLINK","","","","","FIELD-INT-PROTOCOL","Counted writes let the receiving GPU track device-initiated NVLink transfer completion more efficiently.","","","COND-NONE","direct_statement","single_source","provisional","","","medium","Direct first-party architecture statement.","link|LINK-M2NA-RUBIN-NVLINK|FIELD-INT-PROTOCOL|Counted writes let the receiving GPU track device-initiated NVLink transfer completion more efficiently.|||COND-NONE","draft","Removed unsupported programmed-count and dependent-consumer details."
"FACT-M2NA-RUBIN-TMA-LEVEL","","","","","","CAP-M2NA-RUBIN-TMA","","FIELD-CAP-IMPLEMENTATION-LEVEL","configurable_engine","","","COND-NONE","direct_statement","single_source","provisional","","","medium","Direct first-party architecture statement.","capability|CAP-M2NA-RUBIN-TMA|FIELD-CAP-IMPLEMENTATION-LEVEL|configurable_engine|||COND-NONE","draft",""
"FACT-M2NA-RUBIN-SPARSE-LEVEL","","","","","","CAP-M2NA-RUBIN-SPARSE","","FIELD-CAP-IMPLEMENTATION-LEVEL","dedicated_instruction","","","COND-NONE","direct_statement","single_source","provisional","","","medium","Direct first-party architecture statement.","capability|CAP-M2NA-RUBIN-SPARSE|FIELD-CAP-IMPLEMENTATION-LEVEL|dedicated_instruction|||COND-NONE","draft",""
"FACT-M2NA-RUBIN-COMPRESS-LEVEL","","","","","","CAP-M2NA-RUBIN-COMPRESS","","FIELD-CAP-IMPLEMENTATION-LEVEL","configurable_engine","","","COND-NONE","direct_statement","single_source","provisional","","","low","Official article establishes hardware support but not the physical block boundary.","capability|CAP-M2NA-RUBIN-COMPRESS|FIELD-CAP-IMPLEMENTATION-LEVEL|configurable_engine|||COND-NONE","needs_resolution",""
"FACT-M2NA-CDNA2-CU-EXEC","","COMP-M2NA-CDNA2-CU","","","","","","FIELD-COMP-EXECUTION","Wave64 Compute Unit with scalar, vector, matrix and memory paths.","","","COND-NONE","direct_statement","single_source","provisional","","","high","Direct first-party architecture statement.","component|COMP-M2NA-CDNA2-CU|FIELD-COMP-EXECUTION|Wave64 Compute Unit with scalar, vector, matrix and memory paths.|||COND-NONE","draft",""
"FACT-M2NA-CDNA2-VECTOR-COUNT","","COMP-M2NA-CDNA2-VECTOR","","","","","","FIELD-COMP-UNIT-COUNT","","4","count","COND-M2NA-CDNA2-CU","direct_statement","single_source","provisional","","","high","Direct first-party architecture statement.","component|COMP-M2NA-CDNA2-VECTOR|FIELD-COMP-UNIT-COUNT||4|count|COND-M2NA-CDNA2-CU","draft",""
"FACT-M2NA-CDNA2-VECTOR-WIDTH","","COMP-M2NA-CDNA2-VECTOR","","","","","","FIELD-COMP-ISSUE-WIDTH","","16","lane","COND-M2NA-CDNA2-CU","direct_statement","single_source","provisional","","","high","Direct first-party architecture statement.","component|COMP-M2NA-CDNA2-VECTOR|FIELD-COMP-ISSUE-WIDTH||16|lane|COND-M2NA-CDNA2-CU","draft",""
"FACT-M2NA-CDNA2-VECTOR-EXEC","","COMP-M2NA-CDNA2-VECTOR","","","","","","FIELD-COMP-EXECUTION","Four 16-wide SIMD units execute a Wave64, with FP64 vector rate equal to FP32.","","","COND-NONE","direct_statement","single_source","provisional","","","high","Direct first-party architecture statement.","component|COMP-M2NA-CDNA2-VECTOR|FIELD-COMP-EXECUTION|Four 16-wide SIMD units execute a Wave64, with FP64 vector rate equal to FP32.|||COND-NONE","draft",""
"FACT-M2NA-CDNA2-MATRIX-EXEC","","COMP-M2NA-CDNA2-MATRIX","","","","","","FIELD-COMP-EXECUTION","Wave-wide MFMA matrix operations, including native FP64 matrix fused multiply-add.","","","COND-NONE","direct_statement","single_source","provisional","","","high","Direct first-party architecture statement.","component|COMP-M2NA-CDNA2-MATRIX|FIELD-COMP-EXECUTION|Wave-wide MFMA matrix operations, including native FP64 matrix fused multiply-add.|||COND-NONE","draft",""
"FACT-M2NA-CDNA2-VFP64-THR","","","","","PPATH-M2NA-CDNA2-VECTOR-FP64","","","FIELD-COMP-THROUGHPUT","","64","FMA/cycle/CU","COND-M2NA-CDNA2-VECTOR-FP64","direct_statement","single_source","provisional","","","high","Direct first-party architecture statement.","precision_path|PPATH-M2NA-CDNA2-VECTOR-FP64|FIELD-COMP-THROUGHPUT||64|FMA/cycle/CU|COND-M2NA-CDNA2-VECTOR-FP64","draft",""
"FACT-M2NA-CDNA2-PFP32-THR","","","","","PPATH-M2NA-CDNA2-VECTOR-PACKED-FP32","","","FIELD-COMP-THROUGHPUT","","128","FMA/cycle/CU","COND-M2NA-CDNA2-PACKED-FP32","direct_statement","single_source","provisional","","","high","Direct first-party architecture statement.","precision_path|PPATH-M2NA-CDNA2-VECTOR-PACKED-FP32|FIELD-COMP-THROUGHPUT||128|FMA/cycle/CU|COND-M2NA-CDNA2-PACKED-FP32","draft",""
"FACT-M2NA-CDNA2-FP64-TILE","","","","","PPATH-M2NA-CDNA2-MFMA-FP64","","","FIELD-COMP-INSTRUCTION-TILE","16x16x4 and 4x4x4 wave-wide FP64 matrix forms.","","","COND-NONE","direct_statement","single_source","provisional","","","high","Direct first-party architecture statement.","precision_path|PPATH-M2NA-CDNA2-MFMA-FP64|FIELD-COMP-INSTRUCTION-TILE|16x16x4 and 4x4x4 wave-wide FP64 matrix forms.|||COND-NONE","draft",""
"FACT-M2NA-CDNA2-FP64-A","","","","","PPATH-M2NA-CDNA2-MFMA-FP64","","","FIELD-NUM-OPERAND-A","FP64","","","COND-NONE","direct_statement","single_source","provisional","","","high","Direct first-party architecture statement.","precision_path|PPATH-M2NA-CDNA2-MFMA-FP64|FIELD-NUM-OPERAND-A|FP64|||COND-NONE","draft",""
"FACT-M2NA-CDNA2-FP16-A","","","","","PPATH-M2NA-CDNA2-MFMA-FP16","","","FIELD-NUM-OPERAND-A","FP16","","","COND-NONE","direct_statement","single_source","provisional","","","high","Direct first-party architecture statement.","precision_path|PPATH-M2NA-CDNA2-MFMA-FP16|FIELD-NUM-OPERAND-A|FP16|||COND-NONE","draft",""
"FACT-M2NA-CDNA2-FP16-ACC","","","","","PPATH-M2NA-CDNA2-MFMA-FP16","","","FIELD-NUM-ACCUMULATION","FP32 C and D in the selected MFMA forms","","","COND-NONE","direct_statement","single_source","provisional","","","high","Direct first-party architecture statement.","precision_path|PPATH-M2NA-CDNA2-MFMA-FP16|FIELD-NUM-ACCUMULATION|FP32 C and D in the selected MFMA forms|||COND-NONE","draft",""
"FACT-M2NA-CDNA2-BF16-A","","","","","PPATH-M2NA-CDNA2-MFMA-BF16","","","FIELD-NUM-OPERAND-A","BF16","","","COND-NONE","direct_statement","single_source","provisional","","","high","Direct first-party architecture statement.","precision_path|PPATH-M2NA-CDNA2-MFMA-BF16|FIELD-NUM-OPERAND-A|BF16|||COND-NONE","draft",""
"FACT-M2NA-CDNA2-BF16-ACC","","","","","PPATH-M2NA-CDNA2-MFMA-BF16","","","FIELD-NUM-ACCUMULATION","FP32 C and D in the selected MFMA forms","","","COND-NONE","direct_statement","single_source","provisional","","","high","Direct first-party architecture statement.","precision_path|PPATH-M2NA-CDNA2-MFMA-BF16|FIELD-NUM-ACCUMULATION|FP32 C and D in the selected MFMA forms|||COND-NONE","draft",""
"FACT-M2NA-CDNA2-LDS-MGMT","","COMP-M2NA-CDNA2-LDS","","","","","","FIELD-MEM-MANAGEMENT","software_scratchpad","","","COND-NONE","direct_statement","single_source","provisional","","","high","Direct first-party architecture statement.","component|COMP-M2NA-CDNA2-LDS|FIELD-MEM-MANAGEMENT|software_scratchpad|||COND-NONE","draft",""
"FACT-M2NA-CDNA2-LDS-DMA","","COMP-M2NA-CDNA2-LDS","","","","","","FIELD-MEM-DMA","Supports FP64 atomic operations in LDS.","","","COND-NONE","direct_statement","single_source","provisional","","","high","Direct first-party architecture statement.","component|COMP-M2NA-CDNA2-LDS|FIELD-MEM-DMA|Supports FP64 atomic operations in LDS.|||COND-NONE","draft",""
"FACT-M2NA-CDNA2-IF-PROTOCOL","","","LINK-M2NA-CDNA2-IF-PKG","","","","","FIELD-INT-PROTOCOL","AMD Infinity Fabric with coherent package connectivity.","","","COND-NONE","direct_statement","single_source","provisional","","","high","Direct first-party architecture statement.","link|LINK-M2NA-CDNA2-IF-PKG|FIELD-INT-PROTOCOL|AMD Infinity Fabric with coherent package connectivity.|||COND-NONE","draft",""
"FACT-M2NA-CDNA2-SW","OBJ-AMD-CDNA2-ARCH","","","","","","","FIELD-SW-PROGRAMMING-MODEL","ROCm with HIP, compilers, runtimes and libraries.","","","COND-NONE","direct_statement","single_source","provisional","","","high","Direct first-party architecture statement.","object|OBJ-AMD-CDNA2-ARCH|FIELD-SW-PROGRAMMING-MODEL|ROCm with HIP, compilers, runtimes and libraries.|||COND-NONE","draft",""
"FACT-M2NA-CDNA3-CU-EXEC","","COMP-M2NA-CDNA3-CU","","","","","","FIELD-COMP-EXECUTION","Compute Unit containing scalar, vector, matrix, load-store, L1 and LDS paths.","","","COND-NONE","direct_statement","single_source","provisional","","","high","Direct first-party architecture statement.","component|COMP-M2NA-CDNA3-CU|FIELD-COMP-EXECUTION|Compute Unit containing scalar, vector, matrix, load-store, L1 and LDS paths.|||COND-NONE","draft",""
"FACT-M2NA-CDNA3-MATRIX-EXEC","","COMP-M2NA-CDNA3-MATRIX","","","","","","FIELD-COMP-EXECUTION","Matrix Core execution with 4:2 structured-sparse support.","","","COND-NONE","direct_statement","single_source","provisional","","","high","Direct first-party architecture statement.","component|COMP-M2NA-CDNA3-MATRIX|FIELD-COMP-EXECUTION|Matrix Core execution with 4:2 structured-sparse support.|||COND-NONE","draft","Narrowed to the terms and mechanism directly stated by the CDNA 3 whitepaper."
"FACT-M2NA-CDNA3-MATRIX-FORMATS","","COMP-M2NA-CDNA3-MATRIX","","","","","","FIELD-COMP-SHARED-RESOURCE","FP64, FP32, TF32, FP16, BF16, FP8 and INT8 matrix formats.","","","COND-NONE","direct_statement","single_source","provisional","","","high","Direct first-party architecture statement.","component|COMP-M2NA-CDNA3-MATRIX|FIELD-COMP-SHARED-RESOURCE|FP64, FP32, TF32, FP16, BF16, FP8 and INT8 matrix formats.|||COND-NONE","draft",""
"FACT-M2NA-CDNA3-FP8-A","","","","","PPATH-M2NA-CDNA3-MFMA-FP8","","","FIELD-NUM-OPERAND-A","FP8 E4M3 or BF8 E5M2","","","COND-NONE","direct_statement","single_source","provisional","","","high","Direct first-party architecture statement.","precision_path|PPATH-M2NA-CDNA3-MFMA-FP8|FIELD-NUM-OPERAND-A|FP8 E4M3 or BF8 E5M2|||COND-NONE","draft",""
"FACT-M2NA-CDNA3-FP8-ACC","","","","","PPATH-M2NA-CDNA3-MFMA-FP8","","","FIELD-NUM-ACCUMULATION","FP32 C and D","","","COND-NONE","direct_statement","single_source","provisional","","","high","Direct first-party architecture statement.","precision_path|PPATH-M2NA-CDNA3-MFMA-FP8|FIELD-NUM-ACCUMULATION|FP32 C and D|||COND-NONE","draft",""
"FACT-M2NA-CDNA3-FP16-A","","","","","PPATH-M2NA-CDNA3-MFMA-FP16BF16","","","FIELD-NUM-OPERAND-A","FP16 or BF16","","","COND-NONE","direct_statement","single_source","provisional","","","high","Direct first-party architecture statement.","precision_path|PPATH-M2NA-CDNA3-MFMA-FP16BF16|FIELD-NUM-OPERAND-A|FP16 or BF16|||COND-NONE","draft",""
"FACT-M2NA-CDNA3-FP16-ACC","","","","","PPATH-M2NA-CDNA3-MFMA-FP16BF16","","","FIELD-NUM-ACCUMULATION","FP32 C and D","","","COND-NONE","direct_statement","single_source","provisional","","","high","Direct first-party architecture statement.","precision_path|PPATH-M2NA-CDNA3-MFMA-FP16BF16|FIELD-NUM-ACCUMULATION|FP32 C and D|||COND-NONE","draft",""
"FACT-M2NA-CDNA3-INT8-A","","","","","PPATH-M2NA-CDNA3-MFMA-INT8","","","FIELD-NUM-OPERAND-A","INT8","","","COND-NONE","direct_statement","single_source","provisional","","","high","Direct first-party architecture statement.","precision_path|PPATH-M2NA-CDNA3-MFMA-INT8|FIELD-NUM-OPERAND-A|INT8|||COND-NONE","draft",""
"FACT-M2NA-CDNA3-INT8-ACC","","","","","PPATH-M2NA-CDNA3-MFMA-INT8","","","FIELD-NUM-ACCUMULATION","INT32 C and D","","","COND-NONE","direct_statement","single_source","provisional","","","high","Direct first-party architecture statement.","precision_path|PPATH-M2NA-CDNA3-MFMA-INT8|FIELD-NUM-ACCUMULATION|INT32 C and D|||COND-NONE","draft",""
"FACT-M2NA-CDNA3-HIGH-A","","","","","PPATH-M2NA-CDNA3-MFMA-HIGH","","","FIELD-NUM-OPERAND-A","FP64, FP32 or TF32","","","COND-NONE","direct_statement","single_source","provisional","","","high","Direct first-party architecture statement.","precision_path|PPATH-M2NA-CDNA3-MFMA-HIGH|FIELD-NUM-OPERAND-A|FP64, FP32 or TF32|||COND-NONE","draft",""
"FACT-M2NA-CDNA3-SPARSE-MODE","","","","","PPATH-M2NA-CDNA3-SMFMAC","","","FIELD-NUM-SPARSITY","structured_sparse","","","COND-M2NA-CDNA3-SPARSE","direct_statement","single_source","provisional","","","high","Direct first-party architecture statement.","precision_path|PPATH-M2NA-CDNA3-SMFMAC|FIELD-NUM-SPARSITY|structured_sparse|||COND-M2NA-CDNA3-SPARSE","draft",""
"FACT-M2NA-CDNA3-SPARSE-LEVEL","","","","","","CAP-M2NA-CDNA3-SPARSE","","FIELD-CAP-IMPLEMENTATION-LEVEL","dedicated_instruction","","","COND-M2NA-CDNA3-SPARSE","direct_statement","single_source","provisional","","","high","Direct first-party architecture statement.","capability|CAP-M2NA-CDNA3-SPARSE|FIELD-CAP-IMPLEMENTATION-LEVEL|dedicated_instruction|||COND-M2NA-CDNA3-SPARSE","draft",""
"FACT-M2NA-CDNA3-SPARSE-DETAIL","","","","","","CAP-M2NA-CDNA3-SPARSE","","FIELD-CAP-IMPLEMENTATION-DETAIL","At least two input values in each group of four are zero; compact non-zero data plus location metadata can double matrix throughput.","","","COND-M2NA-CDNA3-SPARSE","direct_statement","single_source","provisional","","","high","Direct first-party architecture statement.","capability|CAP-M2NA-CDNA3-SPARSE|FIELD-CAP-IMPLEMENTATION-DETAIL|At least two input values in each group of four are zero; compact non-zero data plus location metadata can double matrix throughput.|||COND-M2NA-CDNA3-SPARSE","draft","Corrected the lower bound from exactly two zeros to the source wording at least two."
"FACT-M2NA-CDNA3-LDS-CAP","","COMP-M2NA-CDNA3-LDS","","","","","","FIELD-MEM-CAPACITY","","65536","byte","COND-M2NA-CDNA3-LDS-CU","direct_statement","single_source","provisional","","","high","Direct first-party architecture statement.","component|COMP-M2NA-CDNA3-LDS|FIELD-MEM-CAPACITY||65536|byte|COND-M2NA-CDNA3-LDS-CU","draft",""
"FACT-M2NA-CDNA3-LDS-MGMT","","COMP-M2NA-CDNA3-LDS","","","","","","FIELD-MEM-MANAGEMENT","software_scratchpad","","","COND-M2NA-CDNA3-LDS-CU","direct_statement","single_source","provisional","","","high","Direct first-party architecture statement.","component|COMP-M2NA-CDNA3-LDS|FIELD-MEM-MANAGEMENT|software_scratchpad|||COND-M2NA-CDNA3-LDS-CU","draft",""
"FACT-M2NA-CDNA3-L1-CAP","","COMP-M2NA-CDNA3-L1","","","","","","FIELD-MEM-CAPACITY","","32768","byte","COND-M2NA-CDNA3-L1-CU","direct_statement","single_source","provisional","","","high","Direct first-party architecture statement.","component|COMP-M2NA-CDNA3-L1|FIELD-MEM-CAPACITY||32768|byte|COND-M2NA-CDNA3-L1-CU","draft",""
"FACT-M2NA-CDNA3-L1-GRAN","","COMP-M2NA-CDNA3-L1","","","","","","FIELD-MEM-GRANULARITY","","128","byte","COND-M2NA-CDNA3-L1-CU","direct_statement","single_source","provisional","","","high","Direct first-party architecture statement.","component|COMP-M2NA-CDNA3-L1|FIELD-MEM-GRANULARITY||128|byte|COND-M2NA-CDNA3-L1-CU","draft",""
"FACT-M2NA-CDNA3-L1-MGMT","","COMP-M2NA-CDNA3-L1","","","","","","FIELD-MEM-MANAGEMENT","hardware_cache","","","COND-M2NA-CDNA3-L1-CU","direct_statement","single_source","provisional","","","high","Direct first-party architecture statement.","component|COMP-M2NA-CDNA3-L1|FIELD-MEM-MANAGEMENT|hardware_cache|||COND-M2NA-CDNA3-L1-CU","draft",""
"FACT-M2NA-CDNA3-L2-CAP","","COMP-M2NA-CDNA3-L2","","","","","","FIELD-MEM-CAPACITY","","4194304","byte","COND-M2NA-CDNA3-L2-XCD","direct_statement","single_source","provisional","","","high","Direct first-party architecture statement.","component|COMP-M2NA-CDNA3-L2|FIELD-MEM-CAPACITY||4194304|byte|COND-M2NA-CDNA3-L2-XCD","draft",""
"FACT-M2NA-CDNA3-L2-READ","","COMP-M2NA-CDNA3-L2","","","","","","FIELD-MEM-READ-TRANSFER-PER-CYCLE","","2048","byte/cycle","COND-M2NA-CDNA3-L2-XCD","direct_statement","single_source","provisional","","","high","Direct first-party architecture statement.","component|COMP-M2NA-CDNA3-L2|FIELD-MEM-READ-TRANSFER-PER-CYCLE||2048|byte/cycle|COND-M2NA-CDNA3-L2-XCD","draft","Canonical unit is byte/cycle; COND-M2NA-CDNA3-L2-XCD retains the per-XCD scope stated by the source."
"FACT-M2NA-CDNA3-L2-MGMT","","COMP-M2NA-CDNA3-L2","","","","","","FIELD-MEM-MANAGEMENT","hardware_cache","","","COND-M2NA-CDNA3-L2-XCD","direct_statement","single_source","provisional","","","high","Direct first-party architecture statement.","component|COMP-M2NA-CDNA3-L2|FIELD-MEM-MANAGEMENT|hardware_cache|||COND-M2NA-CDNA3-L2-XCD","draft",""
"FACT-M2NA-CDNA3-ICACHE-MGMT","","COMP-M2NA-CDNA3-ICACHE","","","","","","FIELD-MEM-MANAGEMENT","hardware_cache","","","COND-NONE","direct_statement","single_source","provisional","","","high","Direct first-party architecture statement.","component|COMP-M2NA-CDNA3-ICACHE|FIELD-MEM-MANAGEMENT|hardware_cache|||COND-NONE","draft",""
"FACT-M2NA-CDNA3-ICACHE-CONSISTENCY","","COMP-M2NA-CDNA3-ICACHE","","","","","","FIELD-MEM-CONSISTENCY","Memory-side cache and snoop-filter role. It does not hold dirty evictions from lower-level L2 caches.","","","COND-NONE","direct_statement","single_source","provisional","","","high","Direct first-party architecture statement.","component|COMP-M2NA-CDNA3-ICACHE|FIELD-MEM-CONSISTENCY|Memory-side cache and snoop-filter role. It does not hold dirty evictions from lower-level L2 caches.|||COND-NONE","draft",""
"FACT-M2NA-CDNA3-IF-PROTOCOL","","","LINK-M2NA-CDNA3-IF-PKG","","","","","FIELD-INT-PROTOCOL","AMD Infinity Fabric technology","","","COND-NONE","direct_statement","single_source","provisional","","","high","Direct first-party architecture statement.","link|LINK-M2NA-CDNA3-IF-PKG|FIELD-INT-PROTOCOL|AMD Infinity Fabric technology|||COND-NONE","draft","Removed the unsupported fourth-generation qualifier; the selected whitepaper identifies AMD Infinity Fabric without that generation label."
"FACT-M2NA-CDNA3-SW","OBJ-AMD-CDNA3-ARCH","","","","","","","FIELD-SW-PROGRAMMING-MODEL","ROCm and HIP","","","COND-NONE","direct_statement","single_source","provisional","","","high","Direct first-party architecture statement.","object|OBJ-AMD-CDNA3-ARCH|FIELD-SW-PROGRAMMING-MODEL|ROCm and HIP|||COND-NONE","draft",""
"FACT-M2NA-CDNA4-CU-EXEC","","COMP-M2NA-CDNA4-CU","","","","","","FIELD-COMP-EXECUTION","Compute Unit with scalar, vector, matrix, transcendental, conversion, LDS and L1 paths.","","","COND-NONE","direct_statement","single_source","provisional","","","high","Direct first-party architecture statement.","component|COMP-M2NA-CDNA4-CU|FIELD-COMP-EXECUTION|Compute Unit with scalar, vector, matrix, transcendental, conversion, LDS and L1 paths.|||COND-NONE","draft",""
"FACT-M2NA-CDNA4-MATRIX-EXEC","","COMP-M2NA-CDNA4-MATRIX","","","","","","FIELD-COMP-EXECUTION","Matrix Core with native OCP microscaling formats and sparse matrix throughput modes.","","","COND-NONE","direct_statement","single_source","provisional","","","high","Direct first-party architecture statement.","component|COMP-M2NA-CDNA4-MATRIX|FIELD-COMP-EXECUTION|Matrix Core with native OCP microscaling formats and sparse matrix throughput modes.|||COND-NONE","draft",""
"FACT-M2NA-CDNA4-MX-A","","","","","PPATH-M2NA-CDNA4-MX","","","FIELD-NUM-OPERAND-A","MXFP8, MXFP6 or MXFP4","","","COND-NONE","direct_statement","single_source","provisional","","","high","Direct first-party architecture statement.","precision_path|PPATH-M2NA-CDNA4-MX|FIELD-NUM-OPERAND-A|MXFP8, MXFP6 or MXFP4|||COND-NONE","draft",""
"FACT-M2NA-CDNA4-MX-SCALE","","","","","PPATH-M2NA-CDNA4-MX","","","FIELD-NUM-SCALING-MODE","per_block","","","COND-NONE","direct_statement","single_source","provisional","","","high","Direct first-party architecture statement.","precision_path|PPATH-M2NA-CDNA4-MX|FIELD-NUM-SCALING-MODE|per_block|||COND-NONE","draft",""
"FACT-M2NA-CDNA4-MX-GRAN","","","","","PPATH-M2NA-CDNA4-MX","","","FIELD-NUM-SCALING-GRANULARITY","A block of values, typically 32, shares one scale factor.","","","COND-NONE","direct_statement","single_source","provisional","","","high","Direct first-party architecture statement.","precision_path|PPATH-M2NA-CDNA4-MX|FIELD-NUM-SCALING-GRANULARITY|A block of values, typically 32, shares one scale factor.|||COND-NONE","draft",""
"FACT-M2NA-CDNA4-FP8-A","","","","","PPATH-M2NA-CDNA4-MFMA-FP8","","","FIELD-NUM-OPERAND-A","OCP FP8 E5M2 or E4M3","","","COND-NONE","direct_statement","single_source","provisional","","","high","Direct first-party architecture statement.","precision_path|PPATH-M2NA-CDNA4-MFMA-FP8|FIELD-NUM-OPERAND-A|OCP FP8 E5M2 or E4M3|||COND-NONE","draft",""
"FACT-M2NA-CDNA4-FP8-ACC","","","","","PPATH-M2NA-CDNA4-MFMA-FP8","","","FIELD-NUM-ACCUMULATION","FP32 C and D in selected dense and sparse MFMA forms","","","COND-NONE","direct_statement","single_source","provisional","","","high","Direct first-party architecture statement.","precision_path|PPATH-M2NA-CDNA4-MFMA-FP8|FIELD-NUM-ACCUMULATION|FP32 C and D in selected dense and sparse MFMA forms|||COND-NONE","draft",""
"FACT-M2NA-CDNA4-FP16-A","","","","","PPATH-M2NA-CDNA4-MFMA-FP16BF16","","","FIELD-NUM-OPERAND-A","FP16 or BF16","","","COND-NONE","direct_statement","single_source","provisional","","","high","Direct first-party architecture statement.","precision_path|PPATH-M2NA-CDNA4-MFMA-FP16BF16|FIELD-NUM-OPERAND-A|FP16 or BF16|||COND-NONE","draft",""
"FACT-M2NA-CDNA4-FP16-ACC","","","","","PPATH-M2NA-CDNA4-MFMA-FP16BF16","","","FIELD-NUM-ACCUMULATION","FP32 C and D in selected MFMA forms","","","COND-NONE","direct_statement","single_source","provisional","","","high","Direct first-party architecture statement.","precision_path|PPATH-M2NA-CDNA4-MFMA-FP16BF16|FIELD-NUM-ACCUMULATION|FP32 C and D in selected MFMA forms|||COND-NONE","draft",""
"FACT-M2NA-CDNA4-INT8-A","","","","","PPATH-M2NA-CDNA4-MFMA-INT8","","","FIELD-NUM-OPERAND-A","INT8","","","COND-NONE","direct_statement","single_source","provisional","","","high","Direct first-party architecture statement.","precision_path|PPATH-M2NA-CDNA4-MFMA-INT8|FIELD-NUM-OPERAND-A|INT8|||COND-NONE","draft",""
"FACT-M2NA-CDNA4-INT8-ACC","","","","","PPATH-M2NA-CDNA4-MFMA-INT8","","","FIELD-NUM-ACCUMULATION","INT32 C and D","","","COND-NONE","direct_statement","single_source","provisional","","","high","Direct first-party architecture statement.","precision_path|PPATH-M2NA-CDNA4-MFMA-INT8|FIELD-NUM-ACCUMULATION|INT32 C and D|||COND-NONE","draft",""
"FACT-M2NA-CDNA4-TF32-CONV","","","","","PPATH-M2NA-CDNA4-TF32-EMU","","","FIELD-NUM-CONVERSION","TF32 hardware path was removed. TF32 is supported by software emulation using BF16.","","","COND-NONE","direct_statement","single_source","provisional","","","high","Direct first-party architecture statement.","precision_path|PPATH-M2NA-CDNA4-TF32-EMU|FIELD-NUM-CONVERSION|TF32 hardware path was removed. TF32 is supported by software emulation using BF16.|||COND-NONE","draft",""
"FACT-M2NA-CDNA4-MFP16-THR","","","","","PPATH-M2NA-CDNA4-MFMA-FP16BF16","","","FIELD-COMP-THROUGHPUT","","4096","FLOP/cycle/CU","COND-M2NA-CDNA4-MATRIX-FP16","direct_statement","single_source","provisional","","","high","Direct first-party architecture statement.","precision_path|PPATH-M2NA-CDNA4-MFMA-FP16BF16|FIELD-COMP-THROUGHPUT||4096|FLOP/cycle/CU|COND-M2NA-CDNA4-MATRIX-FP16","draft","MI355X / CDNA 4 column in PDF p.8 Table 1; dense FP16 matrix throughput per CU per clock."
"FACT-M2NA-CDNA4-MFP32-THR","","","","","PPATH-M2NA-CDNA4-MFMA-FP32","","","FIELD-COMP-THROUGHPUT","","256","FLOP/cycle/CU","COND-M2NA-CDNA4-MATRIX-FP32","direct_statement","single_source","provisional","","","high","Direct first-party architecture statement.","precision_path|PPATH-M2NA-CDNA4-MFMA-FP32|FIELD-COMP-THROUGHPUT||256|FLOP/cycle/CU|COND-M2NA-CDNA4-MATRIX-FP32","draft",""
"FACT-M2NA-CDNA4-MFP64-THR","","","","","PPATH-M2NA-CDNA4-MFMA-FP64","","","FIELD-COMP-THROUGHPUT","","128","FLOP/cycle/CU","COND-M2NA-CDNA4-MATRIX-FP64","direct_statement","single_source","provisional","","","high","Direct first-party architecture statement.","precision_path|PPATH-M2NA-CDNA4-MFMA-FP64|FIELD-COMP-THROUGHPUT||128|FLOP/cycle/CU|COND-M2NA-CDNA4-MATRIX-FP64","draft",""
"FACT-M2NA-CDNA4-VFP16-THR","","","","","PPATH-M2NA-CDNA4-VECTOR-FP16","","","FIELD-COMP-THROUGHPUT","","256","FLOP/cycle/CU","COND-M2NA-CDNA4-VECTOR-FP16","direct_statement","single_source","provisional","","","high","Direct first-party architecture statement.","precision_path|PPATH-M2NA-CDNA4-VECTOR-FP16|FIELD-COMP-THROUGHPUT||256|FLOP/cycle/CU|COND-M2NA-CDNA4-VECTOR-FP16","draft",""
"FACT-M2NA-CDNA4-VFP32-THR","","","","","PPATH-M2NA-CDNA4-VECTOR-FP32","","","FIELD-COMP-THROUGHPUT","","256","FLOP/cycle/CU","COND-M2NA-CDNA4-VECTOR-FP32","direct_statement","single_source","provisional","","","high","Direct first-party architecture statement.","precision_path|PPATH-M2NA-CDNA4-VECTOR-FP32|FIELD-COMP-THROUGHPUT||256|FLOP/cycle/CU|COND-M2NA-CDNA4-VECTOR-FP32","draft",""
"FACT-M2NA-CDNA4-VFP64-THR","","","","","PPATH-M2NA-CDNA4-VECTOR-FP64","","","FIELD-COMP-THROUGHPUT","","128","FLOP/cycle/CU","COND-M2NA-CDNA4-VECTOR-FP64","direct_statement","single_source","provisional","","","high","Direct first-party architecture statement.","precision_path|PPATH-M2NA-CDNA4-VECTOR-FP64|FIELD-COMP-THROUGHPUT||128|FLOP/cycle/CU|COND-M2NA-CDNA4-VECTOR-FP64","draft",""
"FACT-M2NA-CDNA4-TRANS-EXEC","","COMP-M2NA-CDNA4-TRANS","","","","","","FIELD-COMP-EXECUTION","The transcendental rate is twice the prior generation to aid attention acceleration; the source discusses softmax as the common transformer activation.","","","COND-M2NA-CDNA4-TRANS-REL","direct_statement","single_source","provisional","","","high","Direct first-party architecture statement.","component|COMP-M2NA-CDNA4-TRANS|FIELD-COMP-EXECUTION|The transcendental rate is twice the prior generation to aid attention acceleration; the source discusses softmax as the common transformer activation.|||COND-M2NA-CDNA4-TRANS-REL","draft",""
"FACT-M2NA-CDNA4-CONVERT-EXEC","","COMP-M2NA-CDNA4-CONVERT","","","","","","FIELD-COMP-EXECUTION","Dedicated instructions convert newly supported low-precision formats.","","","COND-NONE","direct_statement","single_source","provisional","","","high","Direct first-party architecture statement.","component|COMP-M2NA-CDNA4-CONVERT|FIELD-COMP-EXECUTION|Dedicated instructions convert newly supported low-precision formats.|||COND-NONE","draft",""
"FACT-M2NA-CDNA4-LDS-CAP","","COMP-M2NA-CDNA4-LDS","","","","","","FIELD-MEM-CAPACITY","","163840","byte","COND-M2NA-CDNA4-LDS-READ","direct_statement","single_source","provisional","","","high","Direct first-party architecture statement.","component|COMP-M2NA-CDNA4-LDS|FIELD-MEM-CAPACITY||163840|byte|COND-M2NA-CDNA4-LDS-READ","draft",""
"FACT-M2NA-CDNA4-LDS-READ","","COMP-M2NA-CDNA4-LDS","","","","","","FIELD-MEM-READ-TRANSFER-PER-CYCLE","","256","byte/cycle","COND-M2NA-CDNA4-LDS-READ","direct_statement","single_source","provisional","","","high","Direct first-party architecture statement.","component|COMP-M2NA-CDNA4-LDS|FIELD-MEM-READ-TRANSFER-PER-CYCLE||256|byte/cycle|COND-M2NA-CDNA4-LDS-READ","draft","Canonical unit is byte/cycle; COND-M2NA-CDNA4-LDS-READ retains the per-CU scope stated by the source and component context."
"FACT-M2NA-CDNA4-LDS-MGMT","","COMP-M2NA-CDNA4-LDS","","","","","","FIELD-MEM-MANAGEMENT","software_scratchpad","","","COND-M2NA-CDNA4-LDS-READ","direct_statement","single_source","provisional","","","high","Direct first-party architecture statement.","component|COMP-M2NA-CDNA4-LDS|FIELD-MEM-MANAGEMENT|software_scratchpad|||COND-M2NA-CDNA4-LDS-READ","draft",""
"FACT-M2NA-CDNA4-LDS-DMA","","COMP-M2NA-CDNA4-LDS","","","","","","FIELD-MEM-DMA","Direct loads from the L1 data cache to LDS reduce register staging.","","","COND-NONE","direct_statement","single_source","provisional","","","high","Direct first-party architecture statement.","component|COMP-M2NA-CDNA4-LDS|FIELD-MEM-DMA|Direct loads from the L1 data cache to LDS reduce register staging.|||COND-NONE","draft",""
"FACT-M2NA-CDNA4-L1-CAP","","COMP-M2NA-CDNA4-L1","","","","","","FIELD-MEM-CAPACITY","","32768","byte","COND-M2NA-CDNA4-L1-CU","direct_statement","single_source","provisional","","","high","Direct first-party architecture statement.","component|COMP-M2NA-CDNA4-L1|FIELD-MEM-CAPACITY||32768|byte|COND-M2NA-CDNA4-L1-CU","draft",""
"FACT-M2NA-CDNA4-L1-GRAN","","COMP-M2NA-CDNA4-L1","","","","","","FIELD-MEM-GRANULARITY","","128","byte","COND-M2NA-CDNA4-L1-CU","direct_statement","single_source","provisional","","","high","Direct first-party architecture statement.","component|COMP-M2NA-CDNA4-L1|FIELD-MEM-GRANULARITY||128|byte|COND-M2NA-CDNA4-L1-CU","draft",""
"FACT-M2NA-CDNA4-L1-MGMT","","COMP-M2NA-CDNA4-L1","","","","","","FIELD-MEM-MANAGEMENT","hardware_cache","","","COND-M2NA-CDNA4-L1-CU","direct_statement","single_source","provisional","","","high","Direct first-party architecture statement.","component|COMP-M2NA-CDNA4-L1|FIELD-MEM-MANAGEMENT|hardware_cache|||COND-M2NA-CDNA4-L1-CU","draft",""
"FACT-M2NA-CDNA4-L2-CAP","","COMP-M2NA-CDNA4-L2","","","","","","FIELD-MEM-CAPACITY","","4194304","byte","COND-M2NA-CDNA4-L2-XCD","direct_statement","single_source","provisional","","","high","Direct first-party architecture statement.","component|COMP-M2NA-CDNA4-L2|FIELD-MEM-CAPACITY||4194304|byte|COND-M2NA-CDNA4-L2-XCD","draft",""
"FACT-M2NA-CDNA4-L2-READ","","COMP-M2NA-CDNA4-L2","","","","","","FIELD-MEM-READ-TRANSFER-PER-CYCLE","","128","byte/cycle","COND-M2NA-CDNA4-L2-READ","direct_statement","single_source","provisional","","","high","Direct first-party architecture statement.","component|COMP-M2NA-CDNA4-L2|FIELD-MEM-READ-TRANSFER-PER-CYCLE||128|byte/cycle|COND-M2NA-CDNA4-L2-READ","draft","Canonical unit is byte/cycle; COND-M2NA-CDNA4-L2-READ retains the per-channel scope across the 16 L2 channels."
"FACT-M2NA-CDNA4-L2-WRITE","","COMP-M2NA-CDNA4-L2","","","","","","FIELD-MEM-WRITE-TRANSFER-PER-CYCLE","","64","byte/cycle","COND-M2NA-CDNA4-L2-WRITE","direct_statement","single_source","provisional","","","high","Direct first-party architecture statement.","component|COMP-M2NA-CDNA4-L2|FIELD-MEM-WRITE-TRANSFER-PER-CYCLE||64|byte/cycle|COND-M2NA-CDNA4-L2-WRITE","draft","Canonical unit is byte/cycle; COND-M2NA-CDNA4-L2-WRITE retains the per-channel scope across the 16 L2 channels."
"FACT-M2NA-CDNA4-L2-CONSISTENCY","","COMP-M2NA-CDNA4-L2","","","","","","FIELD-MEM-CONSISTENCY","Fully coherent, writeback and write-allocate L2 shared by the CUs in one XCD.","","","COND-NONE","direct_statement","single_source","provisional","","","high","Direct first-party architecture statement.","component|COMP-M2NA-CDNA4-L2|FIELD-MEM-CONSISTENCY|Fully coherent, writeback and write-allocate L2 shared by the CUs in one XCD.|||COND-NONE","draft",""
"FACT-M2NA-CDNA4-SPARSE-LEVEL","","","","","","CAP-M2NA-CDNA4-SPARSE","","FIELD-CAP-IMPLEMENTATION-LEVEL","dedicated_instruction","","","COND-NONE","direct_statement","single_source","provisional","","","high","Direct first-party architecture statement.","capability|CAP-M2NA-CDNA4-SPARSE|FIELD-CAP-IMPLEMENTATION-LEVEL|dedicated_instruction|||COND-NONE","draft",""
"FACT-M2NA-CDNA4-SOFTMAX-LEVEL","","","","","","CAP-M2NA-CDNA4-SOFTMAX","","FIELD-CAP-IMPLEMENTATION-LEVEL","general_compute_path","","","COND-M2NA-CDNA4-TRANS-REL","direct_statement","single_source","provisional","","","high","Direct first-party architecture statement.","capability|CAP-M2NA-CDNA4-SOFTMAX|FIELD-CAP-IMPLEMENTATION-LEVEL|general_compute_path|||COND-M2NA-CDNA4-TRANS-REL","draft",""
"FACT-M2NA-CDNA4-SOFTMAX-DETAIL","","","","","","CAP-M2NA-CDNA4-SOFTMAX","","FIELD-CAP-IMPLEMENTATION-DETAIL","The transcendental-rate increase supports activation and softmax work.","","","COND-M2NA-CDNA4-TRANS-REL","direct_statement","single_source","provisional","","","high","Direct first-party architecture statement.","capability|CAP-M2NA-CDNA4-SOFTMAX|FIELD-CAP-IMPLEMENTATION-DETAIL|The transcendental-rate increase supports activation and softmax work.|||COND-M2NA-CDNA4-TRANS-REL","draft","Unsupported exclusion language removed during independent-review remediation; this fact now records only the positively stated mechanism."
"FACT-M2NA-CDNA4-CONVERT-LEVEL","","","","","","CAP-M2NA-CDNA4-CONVERT","","FIELD-CAP-IMPLEMENTATION-LEVEL","dedicated_instruction","","","COND-NONE","direct_statement","single_source","provisional","","","high","Direct first-party architecture statement.","capability|CAP-M2NA-CDNA4-CONVERT|FIELD-CAP-IMPLEMENTATION-LEVEL|dedicated_instruction|||COND-NONE","draft",""
"FACT-M2NA-CDNA4-IF-PROTOCOL","","","LINK-M2NA-CDNA4-IF-PKG","","","","","FIELD-INT-PROTOCOL","AMD Infinity Fabric ties the XCDs to IOD-resident shared memory resources.","","","COND-NONE","direct_statement","single_source","provisional","","","high","Direct first-party architecture statement.","link|LINK-M2NA-CDNA4-IF-PKG|FIELD-INT-PROTOCOL|AMD Infinity Fabric ties the XCDs to IOD-resident shared memory resources.|||COND-NONE","draft",""
"FACT-M2NA-CDNA4-SW","OBJ-AMD-CDNA4-ARCH","","","","","","","FIELD-SW-PROGRAMMING-MODEL","ROCm ecosystem with framework, distributed-training, serving and custom-kernel support.","","","COND-NONE","direct_statement","single_source","provisional","","","high","Direct first-party architecture statement.","object|OBJ-AMD-CDNA4-ARCH|FIELD-SW-PROGRAMMING-MODEL|ROCm ecosystem with framework, distributed-training, serving and custom-kernel support.|||COND-NONE","draft",""
"FACT-M2NA-CDNA5-WGP-EXEC","","COMP-M2NA-CDNA5-WGP","","","","","","FIELD-COMP-EXECUTION","Wave32 Work Group Processor containing four 32-thread SIMD units and four scalar units sharing a constant cache.","","","COND-NONE","direct_statement","single_source","provisional","","","high","Direct first-party architecture statement.","component|COMP-M2NA-CDNA5-WGP|FIELD-COMP-EXECUTION|Wave32 Work Group Processor containing four 32-thread SIMD units and four scalar units sharing a constant cache.|||COND-NONE","draft",""
"FACT-M2NA-CDNA5-VECTOR-COUNT","","COMP-M2NA-CDNA5-VECTOR","","","","","","FIELD-COMP-UNIT-COUNT","","4","count","COND-M2NA-CDNA5-WGP","direct_statement","single_source","provisional","","","high","Direct first-party architecture statement.","component|COMP-M2NA-CDNA5-VECTOR|FIELD-COMP-UNIT-COUNT||4|count|COND-M2NA-CDNA5-WGP","draft",""
"FACT-M2NA-CDNA5-VECTOR-WIDTH","","COMP-M2NA-CDNA5-VECTOR","","","","","","FIELD-COMP-ISSUE-WIDTH","","32","thread/cycle","COND-M2NA-CDNA5-WGP","direct_statement","single_source","provisional","","","high","Direct first-party architecture statement.","component|COMP-M2NA-CDNA5-VECTOR|FIELD-COMP-ISSUE-WIDTH||32|thread/cycle|COND-M2NA-CDNA5-WGP","draft",""
"FACT-M2NA-CDNA5-SCALAR-COUNT","","COMP-M2NA-CDNA5-SCALAR","","","","","","FIELD-COMP-UNIT-COUNT","","4","count","COND-M2NA-CDNA5-WGP","direct_statement","single_source","provisional","","","high","Direct first-party architecture statement.","component|COMP-M2NA-CDNA5-SCALAR|FIELD-COMP-UNIT-COUNT||4|count|COND-M2NA-CDNA5-WGP","draft",""
"FACT-M2NA-CDNA5-MATRIX-EXEC","","COMP-M2NA-CDNA5-MATRIX","","","","","","FIELD-COMP-EXECUTION","Wave32 WMMA and 2:4 sparse SWMMAC matrix paths.","","","COND-NONE","direct_statement","single_source","provisional","","","high","Direct first-party architecture statement.","component|COMP-M2NA-CDNA5-MATRIX|FIELD-COMP-EXECUTION|Wave32 WMMA and 2:4 sparse SWMMAC matrix paths.|||COND-NONE","draft",""
"FACT-M2NA-CDNA5-FP4-A","","","","","PPATH-M2NA-CDNA5-WMMA-FP4","","","FIELD-NUM-OPERAND-A","FP4","","","COND-NONE","direct_statement","single_source","provisional","","","high","Direct first-party architecture statement.","precision_path|PPATH-M2NA-CDNA5-WMMA-FP4|FIELD-NUM-OPERAND-A|FP4|||COND-NONE","draft",""
"FACT-M2NA-CDNA5-FP4-ACC","","","","","PPATH-M2NA-CDNA5-WMMA-FP4","","","FIELD-NUM-ACCUMULATION","FP32 C and D","","","COND-NONE","direct_statement","single_source","provisional","","","high","Direct first-party architecture statement.","precision_path|PPATH-M2NA-CDNA5-WMMA-FP4|FIELD-NUM-ACCUMULATION|FP32 C and D|||COND-NONE","draft",""
"FACT-M2NA-CDNA5-FP4-SCALE","","","","","PPATH-M2NA-CDNA5-WMMA-FP4","","","FIELD-NUM-SCALING-MODE","per_block","","","COND-NONE","direct_statement","single_source","provisional","","","high","Direct first-party architecture statement.","precision_path|PPATH-M2NA-CDNA5-WMMA-FP4|FIELD-NUM-SCALING-MODE|per_block|||COND-NONE","draft",""
"FACT-M2NA-CDNA5-FP4-GRAN","","","","","PPATH-M2NA-CDNA5-WMMA-FP4","","","FIELD-NUM-SCALING-GRANULARITY","Blocks sharing a common scale factor may be 16 or 32 elements in size.","","","COND-NONE","direct_statement","single_source","provisional","","","high","Direct first-party architecture statement.","precision_path|PPATH-M2NA-CDNA5-WMMA-FP4|FIELD-NUM-SCALING-GRANULARITY|Blocks sharing a common scale factor may be 16 or 32 elements in size.|||COND-NONE","draft",""
"FACT-M2NA-CDNA5-FP4-ROUND","","","","","PPATH-M2NA-CDNA5-WMMA-FP4","","","FIELD-NUM-ROUNDING","rne","","","COND-NONE","direct_statement","single_source","provisional","","","high","Direct first-party architecture statement.","precision_path|PPATH-M2NA-CDNA5-WMMA-FP4|FIELD-NUM-ROUNDING|rne|||COND-NONE","draft",""
"FACT-M2NA-CDNA5-FP8-A","","","","","PPATH-M2NA-CDNA5-WMMA-FP8-F32","","","FIELD-NUM-OPERAND-A","FP8 or BF8","","","COND-NONE","direct_statement","single_source","provisional","","","high","Direct first-party architecture statement.","precision_path|PPATH-M2NA-CDNA5-WMMA-FP8-F32|FIELD-NUM-OPERAND-A|FP8 or BF8|||COND-NONE","draft",""
"FACT-M2NA-CDNA5-FP8-ACC32","","","","","PPATH-M2NA-CDNA5-WMMA-FP8-F32","","","FIELD-NUM-ACCUMULATION","FP32 C and D","","","COND-NONE","direct_statement","single_source","provisional","","","high","Direct first-party architecture statement.","precision_path|PPATH-M2NA-CDNA5-WMMA-FP8-F32|FIELD-NUM-ACCUMULATION|FP32 C and D|||COND-NONE","draft",""
"FACT-M2NA-CDNA5-FP8-ACC16","","","","","PPATH-M2NA-CDNA5-WMMA-FP8-F16","","","FIELD-NUM-ACCUMULATION","FP16 C and D","","","COND-NONE","direct_statement","single_source","provisional","","","high","Direct first-party architecture statement.","precision_path|PPATH-M2NA-CDNA5-WMMA-FP8-F16|FIELD-NUM-ACCUMULATION|FP16 C and D|||COND-NONE","draft",""
"FACT-M2NA-CDNA5-INT8-A","","","","","PPATH-M2NA-CDNA5-WMMA-INT8","","","FIELD-NUM-OPERAND-A","Signed or unsigned INT8","","","COND-NONE","direct_statement","single_source","provisional","","","high","Direct first-party architecture statement.","precision_path|PPATH-M2NA-CDNA5-WMMA-INT8|FIELD-NUM-OPERAND-A|Signed or unsigned INT8|||COND-NONE","draft",""
"FACT-M2NA-CDNA5-INT8-ACC","","","","","PPATH-M2NA-CDNA5-WMMA-INT8","","","FIELD-NUM-ACCUMULATION","Signed INT32 C and D","","","COND-NONE","direct_statement","single_source","provisional","","","high","Direct first-party architecture statement.","precision_path|PPATH-M2NA-CDNA5-WMMA-INT8|FIELD-NUM-ACCUMULATION|Signed INT32 C and D|||COND-NONE","draft",""
"FACT-M2NA-CDNA5-SPARSE-MODE","","","","","PPATH-M2NA-CDNA5-SWMMAC","","","FIELD-NUM-SPARSITY","structured_sparse","","","COND-M2NA-CDNA5-SPARSE","direct_statement","single_source","provisional","","","high","Direct first-party architecture statement.","precision_path|PPATH-M2NA-CDNA5-SWMMAC|FIELD-NUM-SPARSITY|structured_sparse|||COND-M2NA-CDNA5-SPARSE","draft",""
"FACT-M2NA-CDNA5-SPARSE-LEVEL","","","","","","CAP-M2NA-CDNA5-SPARSE","","FIELD-CAP-IMPLEMENTATION-LEVEL","dedicated_instruction","","","COND-M2NA-CDNA5-SPARSE","direct_statement","single_source","provisional","","","high","Direct first-party architecture statement.","capability|CAP-M2NA-CDNA5-SPARSE|FIELD-CAP-IMPLEMENTATION-LEVEL|dedicated_instruction|||COND-M2NA-CDNA5-SPARSE","draft",""
"FACT-M2NA-CDNA5-SPARSE-DETAIL","","","","","","CAP-M2NA-CDNA5-SPARSE","","FIELD-CAP-IMPLEMENTATION-DETAIL","SWMMAC uses a sparse A matrix where two of every four K-axis elements are zero, and indexes identify the zero positions.","","","COND-M2NA-CDNA5-SPARSE","direct_statement","single_source","provisional","","","high","Direct first-party architecture statement.","capability|CAP-M2NA-CDNA5-SPARSE|FIELD-CAP-IMPLEMENTATION-DETAIL|SWMMAC uses a sparse A matrix where two of every four K-axis elements are zero, and indexes identify the zero positions.|||COND-M2NA-CDNA5-SPARSE","draft","Corrected to preserve the source direction: sparse indexes determine which elements are zero."
"FACT-M2NA-CDNA5-VBF16-A","","","","","PPATH-M2NA-CDNA5-VECTOR-BF16","","","FIELD-NUM-OPERAND-A","BF16","","","COND-NONE","direct_statement","single_source","provisional","","","high","Direct first-party architecture statement.","precision_path|PPATH-M2NA-CDNA5-VECTOR-BF16|FIELD-NUM-OPERAND-A|BF16|||COND-NONE","draft",""
"FACT-M2NA-CDNA5-TRANS-EXEC","","COMP-M2NA-CDNA5-TRANS","","","","","","FIELD-COMP-EXECUTION","New tanh operation plus twice the throughput for existing transcendental operations relative to MI355X.","","","COND-M2NA-CDNA5-TRANS-REL","direct_statement","single_source","provisional","","","high","Direct first-party architecture statement.","component|COMP-M2NA-CDNA5-TRANS|FIELD-COMP-EXECUTION|New tanh operation plus twice the throughput for existing transcendental operations relative to MI355X.|||COND-M2NA-CDNA5-TRANS-REL","draft",""
"FACT-M2NA-CDNA5-TDM-EXEC","","COMP-M2NA-CDNA5-TDM","","","","","","FIELD-COMP-EXECUTION","Per-WGP asynchronous Tensor Data Mover understands up to five-dimensional tiles and executes descriptor-based transfers.","","","COND-NONE","direct_statement","single_source","provisional","","","high","Direct first-party architecture statement.","component|COMP-M2NA-CDNA5-TDM|FIELD-COMP-EXECUTION|Per-WGP asynchronous Tensor Data Mover understands up to five-dimensional tiles and executes descriptor-based transfers.|||COND-NONE","draft",""
"FACT-M2NA-CDNA5-TDM-DMA","","COMP-M2NA-CDNA5-TDM","","","","","","FIELD-MEM-DMA","Supports multicast and direct transfers between DRAM and LDS without register staging.","","","COND-NONE","direct_statement","single_source","provisional","","","high","Direct first-party architecture statement.","component|COMP-M2NA-CDNA5-TDM|FIELD-MEM-DMA|Supports multicast and direct transfers between DRAM and LDS without register staging.|||COND-NONE","draft",""
"FACT-M2NA-CDNA5-LDS-CAP","","COMP-M2NA-CDNA5-LDS","","","","","","FIELD-MEM-CAPACITY","","327680","byte","COND-M2NA-CDNA5-WGP","direct_statement","single_source","provisional","","","high","Direct first-party architecture statement.","component|COMP-M2NA-CDNA5-LDS|FIELD-MEM-CAPACITY||327680|byte|COND-M2NA-CDNA5-WGP","draft",""
"FACT-M2NA-CDNA5-LDS-MGMT","","COMP-M2NA-CDNA5-LDS","","","","","","FIELD-MEM-MANAGEMENT","software_scratchpad","","","COND-M2NA-CDNA5-WGP","direct_statement","single_source","provisional","","","high","Direct first-party architecture statement.","component|COMP-M2NA-CDNA5-LDS|FIELD-MEM-MANAGEMENT|software_scratchpad|||COND-M2NA-CDNA5-WGP","draft",""
"FACT-M2NA-CDNA5-VCACHE-CAP","","COMP-M2NA-CDNA5-VCACHE","","","","","","FIELD-MEM-CAPACITY","","65536","byte","COND-M2NA-CDNA5-WGP","direct_statement","single_source","provisional","","","high","Direct first-party architecture statement.","component|COMP-M2NA-CDNA5-VCACHE|FIELD-MEM-CAPACITY||65536|byte|COND-M2NA-CDNA5-WGP","draft",""
"FACT-M2NA-CDNA5-VCACHE-MGMT","","COMP-M2NA-CDNA5-VCACHE","","","","","","FIELD-MEM-MANAGEMENT","hardware_cache","","","COND-M2NA-CDNA5-WGP","direct_statement","single_source","provisional","","","high","Direct first-party architecture statement.","component|COMP-M2NA-CDNA5-VCACHE|FIELD-MEM-MANAGEMENT|hardware_cache|||COND-M2NA-CDNA5-WGP","draft",""
"FACT-M2NA-CDNA5-CCACHE-CAP","","COMP-M2NA-CDNA5-CCACHE","","","","","","FIELD-MEM-CAPACITY","","16384","byte","COND-M2NA-CDNA5-WGP","direct_statement","single_source","provisional","","","high","Direct first-party architecture statement.","component|COMP-M2NA-CDNA5-CCACHE|FIELD-MEM-CAPACITY||16384|byte|COND-M2NA-CDNA5-WGP","draft",""
"FACT-M2NA-CDNA5-ICACHE-CAP","","COMP-M2NA-CDNA5-ICACHE","","","","","","FIELD-MEM-CAPACITY","","65536","byte","COND-M2NA-CDNA5-WGP","direct_statement","single_source","provisional","","","high","Direct first-party architecture statement.","component|COMP-M2NA-CDNA5-ICACHE|FIELD-MEM-CAPACITY||65536|byte|COND-M2NA-CDNA5-WGP","draft",""
"FACT-M2NA-CDNA5-SOFTMAX-LEVEL","","","","","","CAP-M2NA-CDNA5-SOFTMAX","","FIELD-CAP-IMPLEMENTATION-LEVEL","general_compute_path","","","COND-M2NA-CDNA5-TRANS-REL","direct_statement","single_source","provisional","","","high","Direct first-party architecture statement.","capability|CAP-M2NA-CDNA5-SOFTMAX|FIELD-CAP-IMPLEMENTATION-LEVEL|general_compute_path|||COND-M2NA-CDNA5-TRANS-REL","draft",""
"FACT-M2NA-CDNA5-TDM-LEVEL","","","","","","CAP-M2NA-CDNA5-TDM","","FIELD-CAP-IMPLEMENTATION-LEVEL","configurable_engine","","","COND-NONE","direct_statement","single_source","provisional","","","high","Direct first-party architecture statement.","capability|CAP-M2NA-CDNA5-TDM|FIELD-CAP-IMPLEMENTATION-LEVEL|configurable_engine|||COND-NONE","draft",""
"FACT-M2NA-CDNA5-TDM-DETAIL","","","","","","CAP-M2NA-CDNA5-TDM","","FIELD-CAP-IMPLEMENTATION-DETAIL","Descriptor-defined asynchronous tensor transfers support up to five dimensions, bounds checking and multicast.","","","COND-NONE","direct_statement","single_source","provisional","","","high","Direct first-party architecture statement.","capability|CAP-M2NA-CDNA5-TDM|FIELD-CAP-IMPLEMENTATION-DETAIL|Descriptor-defined asynchronous tensor transfers support up to five dimensions, bounds checking and multicast.|||COND-NONE","draft","Unsupported exclusion language removed during independent-review remediation; this fact now records only the positively stated mechanism."
"FACT-M2NA-CDNA5-IF-PROTOCOL","","","LINK-M2NA-CDNA5-IF-PKG","","","","","FIELD-INT-PROTOCOL","AMD Infinity Fabric for coherent on-package communication among specialized dies.","","","COND-NONE","direct_statement","single_source","provisional","","","high","Direct first-party architecture statement.","link|LINK-M2NA-CDNA5-IF-PKG|FIELD-INT-PROTOCOL|AMD Infinity Fabric for coherent on-package communication among specialized dies.|||COND-NONE","draft",""
"FACT-M2NA-CDNA5-SW","OBJ-AMD-CDNA5-ARCH","","","","","","","FIELD-SW-PROGRAMMING-MODEL","ROCm open AI software stack with optimized compilers, runtimes, communication libraries, AI frameworks and developer tools.","","","COND-NONE","direct_statement","single_source","provisional","","","high","Direct first-party architecture statement.","object|OBJ-AMD-CDNA5-ARCH|FIELD-SW-PROGRAMMING-MODEL|ROCm open AI software stack with optimized compilers, runtimes, communication libraries, AI frameworks and developer tools.|||COND-NONE","draft",""
"FACT-M2NA-CDNA6-NAME","OBJ-AMD-CDNA6-ARCH","","","","","","","FIELD-ID-NAME","AMD CDNA 6 architecture","","","COND-NONE","direct_statement","single_source","provisional","","","medium","Official roadmap announcement. Microarchitecture is not yet disclosed.","object|OBJ-AMD-CDNA6-ARCH|FIELD-ID-NAME|AMD CDNA 6 architecture|||COND-NONE","draft",""
"FACT-M2NA-CDNA6-STATUS","OBJ-AMD-CDNA6-ARCH","","","","","","","FIELD-ID-STATUS","announced","","","COND-NONE","direct_statement","single_source","provisional","","","medium","Announcement status fixed at cutoff. Product planning is not availability.","object|OBJ-AMD-CDNA6-ARCH|FIELD-ID-STATUS|announced|||COND-NONE","draft",""
"FACT-M2NA-CDNA4-DER-FP16-MATRIX-VECTOR","OBJ-AMD-CDNA4-ARCH","","","","","","","FIELD-DER-MATRIX-VECTOR","","16","ratio","COND-M2NA-CDNA4-DER-MATRIX-VECTOR-FP16","derived","single_source","provisional","","","high","Both direct inputs are stated in the same official table with aligned precision, scope, cycle basis and operation-count convention.","object|OBJ-AMD-CDNA4-ARCH|FIELD-DER-MATRIX-VECTOR||16|ratio|COND-M2NA-CDNA4-DER-MATRIX-VECTOR-FP16","draft","4096 FP16 matrix FLOP/cycle/CU divided by 256 FP16 vector FLOP/cycle/CU."
